Wavelength (nm),Sum,Na I (2.7e-02),Na II (9.7e-01),Na III (9.7e-16)
200.11,4.892e-27,,,4.892e-27
200.16,1.267e-26,,,1.267e-26
200.21,2.901e-26,,,2.901e-26
200.26,5.874e-26,,,5.874e-26
200.31,1.051e-25,,,1.051e-25
200.36,1.662e-25,,,1.662e-25
200.41,2.321e-25,,,2.321e-25
200.46,2.865e-25,,,2.865e-25
200.51,3.123e-25,,,3.123e-25
200.56,3.009e-25,,,3.009e-25
200.61,2.561e-25,,,2.561e-25
200.66,1.928e-25,,,1.928e-25
200.72,1.169e-25,,,1.169e-25
200.77,6.788e-26,,,6.788e-26
200.82,3.566e-26,,,3.566e-26
200.87,1.778e-26,,,1.778e-26
200.92,9.639e-27,,,9.639e-27
200.97,7.200e-27,,,7.200e-27
201.02,7.751e-27,,,7.751e-27
201.07,9.606e-27,,,9.606e-27
201.12,1.157e-26,,,1.157e-26
201.17,1.270e-26,,,1.270e-26
201.22,1.248e-26,,,1.248e-26
201.27,1.090e-26,,,1.090e-26
201.32,8.451e-27,,,8.451e-27
201.37,5.830e-27,,,5.830e-27
201.42,3.600e-27,,,3.600e-27
201.47,2.021e-27,,,2.021e-27
201.52,1.075e-27,,,1.075e-27
201.57,5.917e-28,,,5.917e-28
201.62,3.820e-28,,,3.820e-28
201.67,3.008e-28,,,3.008e-28
201.72,2.633e-28,,,2.633e-28
201.77,2.345e-28,,,2.345e-28
201.82,2.141e-28,,,2.141e-28
201.87,2.215e-28,,,2.215e-28
201.92,2.832e-28,,,2.832e-28
201.97,4.217e-28,,,4.217e-28
202.02,6.448e-28,,,6.448e-28
202.07,9.355e-28,,,9.355e-28
202.12,1.247e-27,,,1.247e-27
202.17,1.512e-27,,,1.512e-27
202.22,1.659e-27,,,1.659e-27
202.27,1.645e-27,,,1.645e-27
202.32,1.475e-27,,,1.475e-27
202.37,1.202e-27,,,1.202e-27
202.42,9.137e-28,,,9.137e-28
202.47,7.095e-28,,,7.095e-28
202.52,6.897e-28,,,6.897e-28
202.57,9.500e-28,,,9.500e-28
202.62,1.566e-27,,,1.566e-27
202.67,2.555e-27,,,2.555e-27
202.72,3.826e-27,,,3.826e-27
202.77,5.164e-27,,,5.164e-27
202.82,6.297e-27,,,6.297e-27
202.87,7.009e-27,,,7.009e-27
202.92,7.246e-27,,,7.246e-27
202.97,7.101e-27,,,7.101e-27
203.02,6.711e-27,,,6.711e-27
203.07,6.152e-27,,,6.152e-27
203.12,5.423e-27,,,5.423e-27
203.17,4.522e-27,,,4.522e-27
203.22,3.525e-27,,,3.525e-27
203.27,2.595e-27,,,2.595e-27
203.32,1.910e-27,,,1.910e-27
203.37,1.586e-27,,,1.586e-27
203.42,1.628e-27,,,1.628e-27
203.47,1.938e-27,,,1.938e-27
203.52,2.348e-27,,,2.348e-27
203.57,2.688e-27,,,2.688e-27
203.62,2.836e-27,,,2.836e-27
203.67,2.757e-27,,,2.757e-27
203.72,2.494e-27,,,2.494e-27
203.77,2.140e-27,,,2.140e-27
203.82,1.815e-27,,,1.815e-27
203.87,1.653e-27,,,1.653e-27
203.92,1.804e-27,,,1.804e-27
203.97,2.431e-27,,,2.431e-27
204.02,3.675e-27,,,3.675e-27
204.07,5.608e-27,,,5.608e-27
204.12,8.160e-27,,,8.160e-27
204.17,1.106e-26,,,1.106e-26
204.22,1.382e-26,,,1.382e-26
204.27,1.584e-26,,,1.584e-26
204.32,1.658e-26,,,1.658e-26
204.37,1.586e-26,,,1.586e-26
204.42,1.390e-26,,,1.390e-26
204.47,1.123e-26,,,1.123e-26
204.52,8.445e-27,,,8.445e-27
204.57,5.996e-27,,,5.996e-27
204.62,4.082e-27,,,4.082e-27
204.67,2.722e-27,,,2.722e-27
204.72,1.835e-27,,,1.835e-27
204.77,1.305e-27,,,1.305e-27
204.82,1.013e-27,,,1.013e-27
204.87,8.547e-28,,,8.547e-28
204.92,7.612e-28,,,7.612e-28
204.97,6.999e-28,,,6.999e-28
205.02,6.646e-28,,,6.646e-28
205.07,6.548e-28,,,6.548e-28
205.12,6.612e-28,,,6.612e-28
205.17,6.690e-28,,,6.690e-28
205.22,6.713e-28,,,6.713e-28
205.27,6.783e-28,,,6.783e-28
205.32,7.106e-28,,,7.106e-28
205.37,7.805e-28,,,7.805e-28
205.42,8.750e-28,,,8.750e-28
205.47,9.566e-28,,,9.566e-28
205.52,9.848e-28,,,9.848e-28
205.57,9.429e-28,,,9.429e-28
205.62,8.526e-28,,,8.526e-28
205.67,7.647e-28,,,7.647e-28
205.72,7.340e-28,,,7.340e-28
205.77,7.940e-28,,,7.940e-28
205.82,9.439e-28,,,9.439e-28
205.87,1.150e-27,,,1.150e-27
205.92,1.359e-27,,,1.359e-27
205.97,1.514e-27,,,1.514e-27
206.02,1.572e-27,,,1.572e-27
206.07,1.528e-27,,,1.528e-27
206.12,1.416e-27,,,1.416e-27
206.17,1.315e-27,,,1.315e-27
206.22,1.348e-27,,,1.348e-27
206.27,1.711e-27,,,1.711e-27
206.32,2.698e-27,,,2.698e-27
206.37,4.694e-27,,,4.694e-27
206.42,8.058e-27,,,8.058e-27
206.47,1.287e-26,,,1.287e-26
206.52,1.863e-26,,,1.863e-26
206.57,2.421e-26,,,2.421e-26
206.62,2.812e-26,,,2.812e-26
206.67,2.911e-26,,,2.911e-26
206.72,2.685e-26,,,2.685e-26
206.77,2.206e-26,,,2.206e-26
206.82,1.614e-26,,,1.614e-26
206.87,1.055e-26,,,1.055e-26
206.92,6.209e-27,,,6.209e-27
206.97,3.416e-27,,,3.416e-27
207.02,1.977e-27,,,1.977e-27
207.07,1.500e-27,,,1.500e-27
207.12,1.587e-27,,,1.587e-27
207.17,1.906e-27,,,1.906e-27
207.22,2.208e-27,,,2.208e-27
207.27,2.324e-27,,,2.324e-27
207.32,2.189e-27,,,2.189e-27
207.37,1.838e-27,,,1.838e-27
207.42,1.374e-27,,,1.374e-27
207.47,9.141e-28,,,9.141e-28
207.52,5.414e-28,,,5.414e-28
207.57,2.855e-28,,,2.855e-28
207.62,1.340e-28,,,1.340e-28
207.67,5.596e-29,,,5.596e-29
207.72,2.081e-29,,,2.081e-29
207.77,6.887e-30,,,6.887e-30
207.82,2.029e-30,,,2.029e-30
207.87,5.321e-31,,,5.321e-31
207.92,1.242e-31,,,1.242e-31
207.97,2.581e-32,,,2.581e-32
208.02,4.774e-33,,,4.774e-33
208.07,7.860e-34,,,7.860e-34
208.12,1.152e-34,,,1.152e-34
208.17,1.502e-35,,,1.502e-35
208.22,1.745e-36,,,1.745e-36
208.27,1.803e-37,,,1.803e-37
208.32,1.660e-38,,,1.660e-38
208.37,1.525e-39,,,1.525e-39
208.42,2.074e-39,,,2.074e-39
208.47,2.090e-38,,,2.090e-38
208.52,1.971e-37,,,1.971e-37
208.57,1.660e-36,,,1.660e-36
208.62,1.247e-35,,,1.247e-35
208.67,8.363e-35,,,8.363e-35
208.72,5.003e-34,,,5.003e-34
208.77,2.671e-33,,,2.671e-33
208.82,1.272e-32,,,1.272e-32
208.87,5.408e-32,,,5.408e-32
208.92,2.051e-31,,,2.051e-31
208.97,6.943e-31,,,6.943e-31
209.02,2.097e-30,,,2.097e-30
209.07,5.650e-30,,,5.650e-30
209.12,1.359e-29,,,1.359e-29
209.17,2.915e-29,,,2.915e-29
209.22,5.581e-29,,,5.581e-29
209.27,9.535e-29,,,9.535e-29
209.32,1.454e-28,,,1.454e-28
209.37,1.979e-28,,,1.979e-28
209.42,2.409e-28,,,2.409e-28
209.47,2.630e-28,,,2.630e-28
209.52,2.602e-28,,,2.602e-28
209.57,2.402e-28,,,2.402e-28
209.62,2.216e-28,,,2.216e-28
209.67,2.291e-28,,,2.291e-28
209.72,2.847e-28,,,2.847e-28
209.77,4.002e-28,,,4.002e-28
209.82,5.713e-28,,,5.713e-28
209.87,7.800e-28,,,7.800e-28
209.92,1.006e-27,,,1.006e-27
209.97,1.240e-27,,,1.240e-27
210.02,1.499e-27,,,1.499e-27
210.07,1.809e-27,,,1.809e-27
210.12,2.175e-27,,,2.175e-27
210.17,2.554e-27,,,2.554e-27
210.22,2.847e-27,,,2.847e-27
210.27,2.944e-27,,,2.944e-27
210.32,2.778e-27,,,2.778e-27
210.37,2.371e-27,,,2.371e-27
210.42,1.820e-27,,,1.820e-27
210.47,1.254e-27,,,1.254e-27
210.52,7.753e-28,,,7.753e-28
210.57,4.306e-28,,,4.306e-28
210.62,2.156e-28,,,2.156e-28
210.67,9.862e-29,,,9.862e-29
210.72,4.293e-29,,,4.293e-29
210.77,2.013e-29,,,2.013e-29
210.82,1.267e-29,,,1.267e-29
210.87,1.143e-29,,,1.143e-29
210.92,1.240e-29,,,1.240e-29
210.97,1.432e-29,,,1.432e-29
211.02,1.732e-29,,,1.732e-29
211.07,2.207e-29,,,2.207e-29
211.12,2.952e-29,,,2.952e-29
211.17,4.162e-29,,,4.162e-29
211.22,6.366e-29,,,6.366e-29
211.27,1.081e-28,,,1.081e-28
211.32,1.978e-28,,,1.978e-28
211.37,3.653e-28,,,3.653e-28
211.42,6.423e-28,,,6.423e-28
211.47,1.039e-27,,,1.039e-27
211.52,1.523e-27,,,1.523e-27
211.57,2.006e-27,,,2.006e-27
211.62,2.368e-27,,,2.368e-27
211.67,2.502e-27,,,2.502e-27
211.72,2.366e-27,,,2.366e-27
211.77,2.002e-27,,,2.002e-27
211.82,1.517e-27,,,1.517e-27
211.87,1.029e-27,,,1.029e-27
211.92,6.273e-28,,,6.273e-28
211.97,3.457e-28,,,3.457e-28
212.02,1.753e-28,,,1.753e-28
212.07,8.606e-29,,,8.606e-29
212.12,4.703e-29,,,4.703e-29
212.17,3.767e-29,,,3.767e-29
212.22,5.024e-29,,,5.024e-29
212.27,8.850e-29,,,8.850e-29
212.32,1.654e-28,,,1.654e-28
212.37,2.991e-28,,,2.991e-28
212.42,5.052e-28,,,5.052e-28
212.47,7.842e-28,,,7.842e-28
212.52,1.109e-27,,,1.109e-27
212.57,1.422e-27,,,1.422e-27
212.62,1.646e-27,,,1.646e-27
212.67,1.719e-27,,,1.719e-27
212.72,1.618e-27,,,1.618e-27
212.77,1.371e-27,,,1.371e-27
212.82,1.047e-27,,,1.047e-27
212.87,7.214e-28,,,7.214e-28
212.92,4.483e-28,,,4.483e-28
212.97,2.516e-28,,,2.516e-28
213.02,1.277e-28,,,1.277e-28
213.07,5.861e-29,,,5.861e-29
213.12,2.436e-29,,,2.436e-29
213.17,9.177e-30,,,9.177e-30
213.22,3.139e-30,,,3.139e-30
213.27,1.011e-30,,,1.011e-30
213.32,4.964e-31,,,4.964e-31
213.37,1.164e-30,,,1.164e-30
213.42,4.800e-30,,,4.800e-30
213.47,1.876e-29,,,1.876e-29
213.52,6.593e-29,,,6.593e-29
213.57,2.078e-28,,,2.078e-28
213.62,5.877e-28,,,5.877e-28
213.67,1.490e-27,,,1.490e-27
213.72,3.390e-27,,,3.390e-27
213.77,6.916e-27,,,6.916e-27
213.82,1.266e-26,,,1.266e-26
213.87,2.079e-26,,,2.079e-26
213.92,3.064e-26,,,3.064e-26
213.97,4.060e-26,,,4.060e-26
214.02,4.844e-26,,,4.844e-26
214.07,5.232e-26,,,5.232e-26
214.12,5.169e-26,,,5.169e-26
214.17,4.774e-26,,,4.774e-26
214.22,4.276e-26,,,4.276e-26
214.27,3.898e-26,,,3.898e-26
214.32,3.743e-26,,,3.743e-26
214.37,3.750e-26,,,3.750e-26
214.42,3.753e-26,,,3.753e-26
214.47,3.586e-26,,,3.586e-26
214.52,3.177e-26,,,3.177e-26
214.57,2.574e-26,,,2.574e-26
214.62,1.902e-26,,,1.902e-26
214.67,1.294e-26,,,1.294e-26
214.72,8.312e-27,,,8.312e-27
214.77,5.303e-27,,,5.303e-27
214.82,3.589e-27,,,3.589e-27
214.87,2.691e-27,,,2.691e-27
214.92,2.207e-27,,,2.207e-27
214.97,1.902e-27,,,1.902e-27
215.02,1.682e-27,,,1.682e-27
215.07,1.516e-27,,,1.516e-27
215.12,1.381e-27,,,1.381e-27
215.17,1.243e-27,,,1.243e-27
215.22,1.074e-27,,,1.074e-27
215.27,8.689e-28,,,8.689e-28
215.32,6.458e-28,,,6.458e-28
215.37,4.365e-28,,,4.365e-28
215.42,2.667e-28,,,2.667e-28
215.47,1.471e-28,,,1.471e-28
215.52,7.378e-29,,,7.378e-29
215.57,3.499e-29,,,3.499e-29
215.62,1.830e-29,,,1.830e-29
215.67,1.421e-29,,,1.421e-29
215.72,1.676e-29,,,1.676e-29
215.77,2.236e-29,,,2.236e-29
215.82,2.871e-29,,,2.871e-29
215.87,3.434e-29,,,3.434e-29
215.92,3.902e-29,,,3.902e-29
215.97,4.418e-29,,,4.418e-29
216.02,5.279e-29,,,5.279e-29
216.07,6.829e-29,,,6.829e-29
216.12,9.248e-29,,,9.248e-29
216.17,1.235e-28,,,1.235e-28
216.22,1.555e-28,,,1.555e-28
216.27,1.796e-28,,,1.796e-28
216.32,1.882e-28,,,1.882e-28
216.37,1.780e-28,,,1.780e-28
216.42,1.516e-28,,,1.516e-28
216.47,1.166e-28,,,1.166e-28
216.52,8.162e-29,,,8.162e-29
216.57,5.402e-29,,,5.402e-29
216.62,3.791e-29,,,3.791e-29
216.67,3.469e-29,,,3.469e-29
216.72,4.385e-29,,,4.385e-29
216.77,6.334e-29,,,6.334e-29
216.82,8.934e-29,,,8.934e-29
216.87,1.163e-28,,,1.163e-28
216.92,1.381e-28,,,1.381e-28
216.97,1.515e-28,,,1.515e-28
217.02,1.591e-28,,,1.591e-28
217.07,1.720e-28,,,1.720e-28
217.12,2.090e-28,,,2.090e-28
217.17,2.911e-28,,,2.911e-28
217.22,4.326e-28,,,4.326e-28
217.27,6.303e-28,,,6.303e-28
217.32,8.561e-28,,,8.561e-28
217.37,1.061e-27,,,1.061e-27
217.42,1.188e-27,,,1.188e-27
217.47,1.199e-27,,,1.199e-27
217.52,1.090e-27,,,1.090e-27
217.57,8.931e-28,,,8.931e-28
217.62,6.626e-28,,,6.626e-28
217.67,4.590e-28,,,4.590e-28
217.72,3.429e-28,,,3.429e-28
217.77,3.973e-28,,,3.973e-28
217.82,7.826e-28,,,7.826e-28
217.87,1.813e-27,,,1.813e-27
217.92,4.013e-27,,,4.013e-27
217.97,8.086e-27,,,8.086e-27
218.02,1.470e-26,,,1.470e-26
218.07,2.407e-26,,,2.407e-26
218.12,3.549e-26,,,3.549e-26
218.17,4.712e-26,,,4.712e-26
218.22,5.632e-26,,,5.632e-26
218.27,6.062e-26,,,6.062e-26
218.32,5.875e-26,,,5.875e-26
218.37,5.126e-26,,,5.126e-26
218.42,4.029e-26,,,4.029e-26
218.47,2.851e-26,,,2.851e-26
218.52,1.818e-26,,,1.818e-26
218.57,1.044e-26,,,1.044e-26
218.62,5.409e-27,,,5.409e-27
218.67,2.532e-27,,,2.532e-27
218.72,1.078e-27,,,1.078e-27
218.77,4.279e-28,,,4.279e-28
218.82,1.738e-28,,,1.738e-28
218.87,9.113e-29,,,9.113e-29
218.92,7.287e-29,,,7.287e-29
218.97,7.330e-29,,,7.330e-29
219.02,7.437e-29,,,7.437e-29
219.07,7.014e-29,,,7.014e-29
219.12,6.051e-29,,,6.051e-29
219.17,4.834e-29,,,4.834e-29
219.22,3.770e-29,,,3.770e-29
219.27,3.240e-29,,,3.240e-29
219.32,3.522e-29,,,3.522e-29
219.37,4.728e-29,,,4.728e-29
219.42,6.767e-29,,,6.767e-29
219.47,9.339e-29,,,9.339e-29
219.52,1.211e-28,,,1.211e-28
219.57,1.545e-28,,,1.545e-28
219.62,2.259e-28,,,2.259e-28
219.67,4.567e-28,,,4.567e-28
219.72,1.207e-27,,,1.207e-27
219.77,3.393e-27,,,3.393e-27
219.82,9.054e-27,,,9.054e-27
219.87,2.209e-26,,,2.209e-26
219.92,4.878e-26,,,4.878e-26
219.97,9.727e-26,,,9.727e-26
220.02,1.750e-25,,,1.750e-25
220.07,2.840e-25,,,2.840e-25
220.12,4.158e-25,,,4.158e-25
220.17,5.492e-25,,,5.492e-25
220.22,6.544e-25,,,6.544e-25
220.27,7.033e-25,,,7.033e-25
220.32,6.819e-25,,,6.819e-25
220.37,5.964e-25,,,5.964e-25
220.42,4.706e-25,,,4.706e-25
220.47,3.350e-25,,,3.350e-25
220.52,2.151e-25,,,2.151e-25
220.57,1.247e-25,,,1.247e-25
220.62,6.524e-26,,,6.524e-26
220.67,3.090e-26,,,3.090e-26
220.72,1.333e-26,,,1.333e-26
220.77,5.351e-27,,,5.351e-27
220.82,2.151e-27,,,2.151e-27
220.87,1.124e-27,,,1.124e-27
220.92,1.206e-27,,,1.206e-27
220.97,2.321e-27,,,2.321e-27
221.02,5.097e-27,,,5.097e-27
221.07,1.072e-26,,,1.072e-26
221.12,2.068e-26,,,2.068e-26
221.17,3.616e-26,,,3.616e-26
221.22,5.718e-26,,,5.718e-26
221.27,8.168e-26,,,8.168e-26
221.32,1.054e-25,,,1.054e-25
221.37,1.228e-25,,,1.228e-25
221.42,1.292e-25,,,1.292e-25
221.47,1.228e-25,,,1.228e-25
221.52,1.054e-25,,,1.054e-25
221.57,8.166e-26,,,8.166e-26
221.62,5.715e-26,,,5.715e-26
221.67,3.613e-26,,,3.613e-26
221.72,2.062e-26,,,2.062e-26
221.77,1.064e-26,,,1.064e-26
221.82,4.962e-27,,,4.962e-27
221.87,2.115e-27,,,2.115e-27
221.92,9.045e-28,,,9.045e-28
221.97,6.737e-28,,,6.737e-28
222.02,1.410e-27,,,1.410e-27
222.07,4.002e-27,,,4.002e-27
222.12,1.081e-26,,,1.081e-26
222.17,2.652e-26,,,2.652e-26
222.22,5.885e-26,,,5.885e-26
222.27,1.181e-25,,,1.181e-25
222.32,2.143e-25,,,2.143e-25
222.37,3.517e-25,,,3.517e-25
222.42,5.227e-25,,,5.227e-25
222.47,7.050e-25,,,7.050e-25
222.52,8.672e-25,,,8.672e-25
222.57,9.847e-25,,,9.847e-25
222.62,1.059e-24,,,1.059e-24
222.67,1.130e-24,,,1.130e-24
222.72,1.274e-24,,,1.274e-24
222.77,1.571e-24,,,1.571e-24
222.82,2.070e-24,,,2.070e-24
222.87,2.743e-24,,,2.743e-24
222.92,3.479e-24,,,3.479e-24
222.97,4.103e-24,,,4.103e-24
223.02,4.446e-24,,,4.446e-24
223.07,4.409e-24,,,4.409e-24
223.12,4.003e-24,,,4.003e-24
223.17,3.337e-24,,,3.337e-24
223.22,2.564e-24,,,2.564e-24
223.27,1.826e-24,,,1.826e-24
223.32,1.211e-24,,,1.211e-24
223.37,7.518e-25,,,7.518e-25
223.42,4.395e-25,,,4.395e-25
223.47,2.458e-25,,,2.458e-25
223.52,1.405e-25,,,1.405e-25
223.57,1.003e-25,,,1.003e-25
223.62,1.120e-25,,,1.120e-25
223.67,1.693e-25,,,1.693e-25
223.72,2.683e-25,,,2.683e-25
223.77,3.993e-25,,,3.993e-25
223.82,5.425e-25,,,5.425e-25
223.87,6.685e-25,,,6.685e-25
223.92,7.459e-25,,,7.459e-25
223.97,7.534e-25,,,7.534e-25
224.02,6.891e-25,,,6.891e-25
224.07,5.715e-25,,,5.715e-25
224.12,4.321e-25,,,4.321e-25
224.17,3.045e-25,,,3.045e-25
224.22,2.166e-25,,,2.166e-25
224.27,1.893e-25,,,1.893e-25
224.32,2.403e-25,,,2.403e-25
224.37,3.858e-25,,,3.858e-25
224.42,6.356e-25,,,6.356e-25
224.47,9.816e-25,,,9.816e-25
224.52,1.385e-24,,,1.385e-24
224.57,1.774e-24,,,1.774e-24
224.62,2.059e-24,,,2.059e-24
224.67,2.169e-24,,,2.169e-24
224.72,2.078e-24,,,2.078e-24
224.77,1.820e-24,,,1.820e-24
224.82,1.480e-24,,,1.480e-24
224.87,1.155e-24,,,1.155e-24
224.92,9.191e-25,,,9.191e-25
224.97,8.019e-25,,,8.019e-25
225.02,7.864e-25,,,7.864e-25
225.07,8.235e-25,,,8.235e-25
225.12,8.558e-25,,,8.558e-25
225.17,8.400e-25,,,8.400e-25
225.22,7.601e-25,,,7.601e-25
225.27,6.275e-25,,,6.275e-25
225.32,4.706e-25,,,4.706e-25
225.37,3.201e-25,,,3.201e-25
225.42,1.974e-25,,,1.974e-25
225.47,1.103e-25,,,1.103e-25
225.52,5.583e-26,,,5.583e-26
225.57,2.561e-26,,,2.561e-26
225.62,1.065e-26,,,1.065e-26
225.67,4.010e-27,,,4.010e-27
225.72,1.368e-27,,,1.368e-27
225.77,4.231e-28,,,4.231e-28
225.82,1.185e-28,,,1.185e-28
225.87,3.009e-29,,,3.009e-29
225.92,6.920e-30,,,6.920e-30
225.97,1.442e-30,,,1.442e-30
226.02,2.723e-31,,,2.723e-31
226.07,4.659e-32,,,4.659e-32
226.12,7.222e-33,,,7.222e-33
226.17,1.014e-33,,,1.014e-33
226.22,1.291e-34,,,1.291e-34
226.27,1.489e-35,,,1.489e-35
226.32,1.555e-36,,,1.555e-36
226.37,1.472e-37,,,1.472e-37
226.42,1.263e-38,,,1.263e-38
226.47,1.045e-39,,,1.045e-39
226.52,9.201e-40,,,9.201e-40
226.57,1.031e-38,,,1.031e-38
226.62,1.135e-37,,,1.135e-37
226.67,1.134e-36,,,1.134e-36
226.72,1.029e-35,,,1.029e-35
226.77,8.484e-35,,,8.484e-35
226.82,6.351e-34,,,6.351e-34
226.87,4.318e-33,,,4.318e-33
226.92,2.666e-32,,,2.666e-32
226.97,1.495e-31,,,1.495e-31
227.02,7.613e-31,,,7.613e-31
227.07,3.521e-30,,,3.521e-30
227.12,1.479e-29,,,1.479e-29
227.17,5.641e-29,,,5.641e-29
227.22,1.954e-28,,,1.954e-28
227.27,6.149e-28,,,6.149e-28
227.32,1.757e-27,,,1.757e-27
227.37,4.559e-27,,,4.559e-27
227.42,1.074e-26,,,1.074e-26
227.47,2.300e-26,,,2.300e-26
227.52,4.470e-26,,,4.470e-26
227.57,7.891e-26,,,7.891e-26
227.62,1.265e-25,,,1.265e-25
227.67,1.842e-25,,,1.842e-25
227.72,2.436e-25,,,2.436e-25
227.77,2.926e-25,,,2.926e-25
227.82,3.191e-25,,,3.191e-25
227.87,3.162e-25,,,3.162e-25
227.92,2.845e-25,,,2.845e-25
227.97,2.327e-25,,,2.327e-25
228.02,1.731e-25,,,1.731e-25
228.07,1.179e-25,,,1.179e-25
228.12,7.488e-26,,,7.488e-26
228.17,4.768e-26,,,4.768e-26
228.22,3.635e-26,,,3.635e-26
228.27,3.943e-26,,,3.943e-26
228.32,5.489e-26,,,5.489e-26
228.37,7.989e-26,,,7.989e-26
228.42,1.101e-25,,,1.101e-25
228.47,1.393e-25,,,1.393e-25
228.52,1.607e-25,,,1.607e-25
228.57,1.685e-25,,,1.685e-25
228.62,1.606e-25,,,1.606e-25
228.67,1.391e-25,,,1.391e-25
228.72,1.095e-25,,,1.095e-25
228.77,7.836e-26,,,7.836e-26
228.82,5.094e-26,,,5.094e-26
228.87,3.009e-26,,,3.009e-26
228.92,1.615e-26,,,1.615e-26
228.97,7.880e-27,,,7.880e-27
229.02,3.493e-27,,,3.493e-27
229.07,1.407e-27,,,1.407e-27
229.12,5.151e-28,,,5.151e-28
229.17,1.714e-28,,,1.714e-28
229.22,5.180e-29,,,5.180e-29
229.27,1.423e-29,,,1.423e-29
229.32,3.552e-30,,,3.552e-30
229.37,8.058e-31,,,8.058e-31
229.42,1.661e-31,,,1.661e-31
229.47,3.112e-32,,,3.112e-32
229.52,5.297e-33,,,5.297e-33
229.57,8.194e-34,,,8.194e-34
229.62,1.152e-34,,,1.152e-34
229.67,1.472e-35,,,1.472e-35
229.72,1.727e-36,,,1.727e-36
229.77,3.728e-37,,,3.728e-37
229.82,1.860e-36,,,1.860e-36
229.87,1.605e-35,,,1.605e-35
229.92,1.273e-34,,,1.273e-34
229.97,9.192e-34,,,9.192e-34
230.02,6.044e-33,,,6.044e-33
230.07,3.619e-32,,,3.619e-32
230.12,1.973e-31,,,1.973e-31
230.17,9.796e-31,,,9.796e-31
230.22,4.428e-30,,,4.428e-30
230.27,1.823e-29,,,1.823e-29
230.32,6.832e-29,,,6.832e-29
230.37,2.331e-28,,,2.331e-28
230.42,7.245e-28,,,7.245e-28
230.47,2.050e-27,,,2.050e-27
230.52,5.281e-27,,,5.281e-27
230.57,1.239e-26,,,1.239e-26
230.62,2.647e-26,,,2.647e-26
230.67,5.148e-26,,,5.148e-26
230.72,9.117e-26,,,9.117e-26
230.77,1.470e-25,,,1.470e-25
230.82,2.159e-25,,,2.159e-25
230.87,2.887e-25,,,2.887e-25
230.92,3.514e-25,,,3.514e-25
230.97,3.896e-25,,,3.896e-25
231.02,3.933e-25,,,3.933e-25
231.07,3.615e-25,,,3.615e-25
231.12,3.025e-25,,,3.025e-25
231.17,2.305e-25,,,2.305e-25
231.22,1.600e-25,,,1.600e-25
231.27,1.011e-25,,,1.011e-25
231.32,5.815e-26,,,5.815e-26
231.37,3.046e-26,,,3.046e-26
231.42,1.453e-26,,,1.453e-26
231.47,6.311e-27,,,6.311e-27
231.52,2.496e-27,,,2.496e-27
231.58,7.245e-28,,,7.245e-28
231.63,2.331e-28,,,2.331e-28
231.68,6.832e-29,,,6.832e-29
231.73,1.823e-29,,,1.823e-29
231.78,4.428e-30,,,4.428e-30
231.83,9.796e-31,,,9.796e-31
231.88,1.973e-31,,,1.973e-31
231.93,3.619e-32,,,3.619e-32
231.98,6.044e-33,,,6.044e-33
232.03,9.192e-34,,,9.192e-34
232.08,1.273e-34,,,1.273e-34
232.13,1.605e-35,,,1.605e-35
232.18,1.842e-36,,,1.842e-36
232.23,1.926e-37,,,1.926e-37
232.28,1.833e-38,,,1.833e-38
232.33,1.589e-39,,,1.589e-39
232.38,1.254e-40,,,1.254e-40
237.28,3.145e-41,,,3.145e-41
237.33,3.639e-40,,,3.639e-40
237.38,3.856e-39,,,3.856e-39
237.43,3.743e-38,,,3.743e-38
237.48,3.328e-37,,,3.328e-37
237.53,2.710e-36,,,2.710e-36
237.58,2.022e-35,,,2.022e-35
237.63,1.382e-34,,,1.382e-34
237.68,8.648e-34,,,8.648e-34
237.73,4.958e-33,,,4.958e-33
237.78,2.604e-32,,,2.604e-32
237.83,1.253e-31,,,1.253e-31
237.88,5.520e-31,,,5.520e-31
237.93,2.228e-30,,,2.228e-30
237.98,8.236e-30,,,8.236e-30
238.03,2.789e-29,,,2.789e-29
238.08,8.652e-29,,,8.652e-29
238.13,2.458e-28,,,2.458e-28
238.18,6.398e-28,,,6.398e-28
238.23,1.525e-27,,,1.525e-27
238.28,3.331e-27,,,3.331e-27
238.33,6.662e-27,,,6.662e-27
238.38,1.221e-26,,,1.221e-26
238.43,2.049e-26,,,2.049e-26
238.48,3.149e-26,,,3.149e-26
238.53,4.434e-26,,,4.434e-26
238.58,5.719e-26,,,5.719e-26
238.63,6.757e-26,,,6.757e-26
238.68,7.313e-26,,,7.313e-26
238.73,7.251e-26,,,7.251e-26
238.78,6.589e-26,,,6.589e-26
238.83,5.494e-26,,,5.494e-26
238.88,4.223e-26,,,4.223e-26
238.93,3.035e-26,,,3.035e-26
238.98,2.129e-26,,,2.129e-26
239.03,1.620e-26,,,1.620e-26
239.08,1.546e-26,,,1.546e-26
239.13,1.884e-26,,,1.884e-26
239.18,2.561e-26,,,2.561e-26
239.23,3.449e-26,,,3.449e-26
239.28,4.366e-26,,,4.366e-26
239.33,5.107e-26,,,5.107e-26
239.38,5.490e-26,,,5.490e-26
239.43,5.413e-26,,,5.413e-26
239.48,4.894e-26,,,4.894e-26
239.53,4.057e-26,,,4.057e-26
239.58,3.083e-26,,,3.083e-26
239.63,2.147e-26,,,2.147e-26
239.68,1.371e-26,,,1.371e-26
239.73,8.026e-27,,,8.026e-27
239.78,4.306e-27,,,4.306e-27
239.83,2.119e-27,,,2.119e-27
239.88,9.607e-28,,,9.607e-28
239.93,4.164e-28,,,4.164e-28
239.98,2.233e-28,,,2.233e-28
240.03,2.808e-28,,,2.808e-28
240.08,6.671e-28,,,6.671e-28
240.13,1.701e-27,,,1.701e-27
240.18,4.058e-27,,,4.058e-27
240.23,8.900e-27,,,8.900e-27
240.28,1.791e-26,,,1.791e-26
240.33,3.306e-26,,,3.306e-26
240.38,5.597e-26,,,5.597e-26
240.43,8.693e-26,,,8.693e-26
240.48,1.238e-25,,,1.238e-25
240.53,1.619e-25,,,1.619e-25
240.58,1.940e-25,,,1.940e-25
240.63,2.134e-25,,,2.134e-25
240.68,2.152e-25,,,2.152e-25
240.73,1.991e-25,,,1.991e-25
240.78,1.690e-25,,,1.690e-25
240.83,1.316e-25,,,1.316e-25
240.88,9.395e-26,,,9.395e-26
240.93,6.155e-26,,,6.155e-26
240.98,3.698e-26,,,3.698e-26
241.03,2.038e-26,,,2.038e-26
241.08,1.031e-26,,,1.031e-26
241.13,4.780e-27,,,4.780e-27
241.18,2.033e-27,,,2.033e-27
241.23,7.935e-28,,,7.935e-28
241.28,2.840e-28,,,2.840e-28
241.33,9.327e-29,,,9.327e-29
241.38,2.809e-29,,,2.809e-29
241.43,7.761e-30,,,7.761e-30
241.48,1.967e-30,,,1.967e-30
241.53,4.572e-31,,,4.572e-31
241.58,9.750e-32,,,9.750e-32
241.63,1.907e-32,,,1.907e-32
241.68,3.422e-33,,,3.422e-33
241.73,5.632e-34,,,5.632e-34
241.78,8.503e-35,,,8.503e-35
241.83,1.178e-35,,,1.178e-35
241.88,1.496e-36,,,1.496e-36
241.93,1.743e-37,,,1.743e-37
241.98,1.863e-38,,,1.863e-38
242.03,1.827e-39,,,1.827e-39
242.08,1.643e-40,,,1.643e-40
242.13,1.355e-41,,,1.355e-41
244.43,9.215e-41,,,9.215e-41
244.48,1.056e-39,,,1.056e-39
244.53,1.114e-38,,,1.114e-38
244.58,1.082e-37,,,1.082e-37
244.63,9.674e-37,,,9.674e-37
244.68,7.964e-36,,,7.964e-36
244.73,6.036e-35,,,6.036e-35
244.78,4.212e-34,,,4.212e-34
244.83,2.706e-33,,,2.706e-33
244.88,1.600e-32,,,1.600e-32
244.93,8.714e-32,,,8.714e-32
244.98,4.368e-31,,,4.368e-31
245.03,2.016e-30,,,2.016e-30
245.08,8.566e-30,,,8.566e-30
245.13,3.351e-29,,,3.351e-29
245.18,1.207e-28,,,1.207e-28
245.23,4.002e-28,,,4.002e-28
245.28,1.222e-27,,,1.222e-27
245.33,3.434e-27,,,3.434e-27
245.38,8.885e-27,,,8.885e-27
245.43,2.116e-26,,,2.116e-26
245.48,4.642e-26,,,4.642e-26
245.53,9.373e-26,,,9.373e-26
245.58,1.742e-25,,,1.742e-25
245.63,2.982e-25,,,2.982e-25
245.68,4.699e-25,,,4.699e-25
245.73,6.816e-25,,,6.816e-25
245.78,9.103e-25,,,9.103e-25
245.83,1.119e-24,,,1.119e-24
245.88,1.267e-24,,,1.267e-24
245.93,1.321e-24,,,1.321e-24
245.98,1.267e-24,,,1.267e-24
246.03,1.119e-24,,,1.119e-24
246.08,9.103e-25,,,9.103e-25
246.13,6.816e-25,,,6.816e-25
246.18,4.700e-25,,,4.700e-25
246.23,2.987e-25,,,2.987e-25
246.28,1.756e-25,,,1.756e-25
246.33,9.719e-26,,,9.719e-26
246.38,5.476e-26,,,5.476e-26
246.43,3.965e-26,,,3.965e-26
246.48,4.663e-26,,,4.663e-26
246.53,7.442e-26,,,7.442e-26
246.58,1.242e-25,,,1.242e-25
246.63,1.967e-25,,,1.967e-25
246.68,2.888e-25,,,2.888e-25
246.73,3.912e-25,,,3.912e-25
246.78,4.884e-25,,,4.884e-25
246.83,5.623e-25,,,5.623e-25
246.88,5.979e-25,,,5.979e-25
246.93,5.892e-25,,,5.892e-25
246.98,5.432e-25,,,5.432e-25
247.03,4.788e-25,,,4.788e-25
247.08,4.224e-25,,,4.224e-25
247.13,4.005e-25,,,4.005e-25
247.18,4.328e-25,,,4.328e-25
247.23,5.256e-25,,,5.256e-25
247.28,6.689e-25,,,6.689e-25
247.33,8.363e-25,,,8.363e-25
247.38,9.906e-25,,,9.906e-25
247.43,1.094e-24,,,1.094e-24
247.48,1.118e-24,,,1.118e-24
247.53,1.054e-24,,,1.054e-24
247.58,9.174e-25,,,9.174e-25
247.63,7.358e-25,,,7.358e-25
247.68,5.439e-25,,,5.439e-25
247.73,3.706e-25,,,3.706e-25
247.78,2.327e-25,,,2.327e-25
247.83,4.254e-19,,4.254e-19,1.347e-25
247.88,4.420e-18,,4.420e-18,7.181e-26
247.93,4.237e-17,,4.237e-17,3.530e-26
247.98,3.748e-16,,3.748e-16,1.599e-26
248.03,3.059e-15,,3.059e-15,6.674e-27
248.08,2.304e-14,,2.304e-14,2.568e-27
248.13,1.601e-13,,1.601e-13,9.105e-28
248.18,1.027e-12,,1.027e-12,2.975e-28
248.23,6.074e-12,,6.074e-12,8.960e-29
248.28,3.316e-11,,3.316e-11,2.487e-29
248.33,1.670e-10,,1.670e-10,6.360e-30
248.38,7.763e-10,,7.763e-10,1.499e-30
248.43,3.329e-9,,3.329e-9,3.258e-31
248.48,1.317e-8,,1.317e-8,6.532e-32
248.53,4.810e-8,,4.810e-8,1.276e-32
248.58,1.621e-7,,1.621e-7,6.592e-33
248.63,5.038e-7,,5.038e-7,2.664e-32
248.68,1.445e-6,,1.445e-6,1.407e-31
248.73,3.825e-6,,3.825e-6,6.938e-31
248.78,9.341e-6,,9.341e-6,3.158e-30
248.83,2.105e-5,,2.105e-5,1.327e-29
248.88,4.377e-5,,4.377e-5,5.146e-29
248.93,8.397e-5,,8.397e-5,1.842e-28
248.98,1.486e-4,,1.486e-4,6.083e-28
249.03,2.428e-4,,2.428e-4,1.854e-27
249.08,3.660e-4,,3.660e-4,5.217e-27
249.13,5.089e-4,,5.089e-4,1.355e-26
249.18,6.531e-4,,6.531e-4,3.247e-26
249.23,7.733e-4,,7.733e-4,7.183e-26
249.28,8.448e-4,,8.448e-4,1.466e-25
249.33,8.516e-4,,8.516e-4,2.763e-25
249.38,7.921e-4,,7.921e-4,4.805e-25
249.43,6.799e-4,,6.799e-4,7.712e-25
249.48,5.384e-4,,5.384e-4,1.142e-24
249.53,3.934e-4,,3.934e-4,1.562e-24
249.58,2.653e-4,,2.653e-4,1.971e-24
249.63,1.650e-4,,1.650e-4,2.295e-24
249.68,9.474e-5,,9.474e-5,2.467e-24
249.73,5.018e-5,,5.018e-5,2.447e-24
249.78,2.453e-5,,2.453e-5,2.241e-24
249.83,1.106e-5,,1.106e-5,1.893e-24
249.88,4.603e-6,,4.603e-6,1.477e-24
249.93,1.770e-6,,1.770e-6,1.063e-24
249.98,6.358e-7,,6.358e-7,7.061e-25
250.03,2.312e-7,,2.312e-7,4.329e-25
250.08,1.281e-7,,1.281e-7,2.450e-25
250.13,1.702e-7,,1.702e-7,1.280e-25
250.18,3.304e-7,,3.304e-7,6.169e-26
250.23,6.424e-7,,6.424e-7,2.747e-26
250.28,1.165e-6,,1.165e-6,1.138e-26
250.33,1.955e-6,,1.955e-6,4.617e-27
250.38,3.028e-6,,3.028e-6,2.509e-27
250.43,4.333e-6,,4.333e-6,3.219e-27
250.48,5.725e-6,,5.725e-6,6.961e-27
250.53,6.985e-6,,6.985e-6,1.572e-26
250.58,7.871e-6,,7.871e-6,3.334e-26
250.63,8.191e-6,,8.191e-6,6.543e-26
250.68,7.871e-6,,7.871e-6,1.186e-25
250.73,6.985e-6,,6.985e-6,1.987e-25
250.78,5.726e-6,,5.726e-6,3.074e-25
250.83,4.336e-6,,4.336e-6,4.393e-25
250.88,3.038e-6,,3.038e-6,5.800e-25
250.93,1.981e-6,,1.981e-6,7.072e-25
250.98,1.233e-6,,1.233e-6,7.966e-25
251.03,8.016e-7,,8.016e-7,8.288e-25
251.08,6.764e-7,,6.764e-7,7.966e-25
251.13,8.608e-7,,8.608e-7,7.072e-25
251.18,1.388e-6,,1.388e-6,5.800e-25
251.23,2.306e-6,,2.306e-6,4.393e-25
251.28,3.643e-6,,3.643e-6,3.074e-25
251.33,5.354e-6,,5.354e-6,1.987e-25
251.38,7.283e-6,,7.283e-6,1.186e-25
251.43,9.158e-6,,9.158e-6,6.542e-26
251.48,1.064e-5,,1.064e-5,3.333e-26
251.53,1.143e-5,,1.143e-5,1.568e-26
251.58,1.134e-5,,1.134e-5,6.818e-27
251.63,1.039e-5,,1.039e-5,2.737e-27
251.68,8.803e-6,,8.803e-6,1.015e-27
251.73,6.890e-6,,6.890e-6,3.478e-28
251.78,4.984e-6,,4.984e-6,1.101e-28
251.83,3.331e-6,,3.331e-6,3.218e-29
251.88,2.057e-6,,2.057e-6,8.690e-30
251.93,1.174e-6,,1.174e-6,2.170e-30
251.98,6.188e-7,,6.188e-7,5.124e-31
252.03,3.015e-7,,3.015e-7,1.698e-31
252.08,1.357e-7,,1.357e-7,3.076e-31
252.13,5.646e-8,,5.646e-8,1.201e-30
252.18,2.170e-8,,2.170e-8,4.623e-30
252.23,7.724e-9,,7.724e-9,1.651e-29
252.28,2.595e-9,,2.595e-9,5.454e-29
252.33,1.011e-9,,1.011e-9,1.666e-28
252.38,1.058e-9,,1.058e-9,4.708e-28
252.43,2.753e-9,,2.753e-9,1.230e-27
252.48,7.990e-9,,7.990e-9,2.974e-27
252.53,2.183e-8,,2.183e-8,6.647e-27
252.58,5.523e-8,,5.523e-8,1.374e-26
252.63,1.293e-7,,1.293e-7,2.628e-26
252.68,2.798e-7,,2.798e-7,4.647e-26
252.73,5.604e-7,,5.604e-7,7.601e-26
252.78,1.038e-6,,1.038e-6,1.150e-25
252.83,1.778e-6,,1.778e-6,1.609e-25
252.88,2.817e-6,,2.817e-6,2.082e-25
252.93,4.129e-6,,4.129e-6,2.491e-25
252.98,5.598e-6,,5.598e-6,2.758e-25
253.03,7.019e-6,,7.019e-6,2.823e-25
253.08,8.141e-6,,8.141e-6,2.673e-25
253.13,8.733e-6,,8.733e-6,2.340e-25
253.18,8.665e-6,,8.665e-6,1.896e-25
253.23,7.953e-6,,7.953e-6,1.420e-25
253.28,6.751e-6,,6.751e-6,9.836e-26
253.33,5.300e-6,,5.300e-6,6.302e-26
253.38,3.849e-6,,3.849e-6,3.735e-26
253.43,2.586e-6,,2.586e-6,2.047e-26
253.48,1.607e-6,,1.607e-6,1.038e-26
253.53,9.233e-7,,9.233e-7,4.885e-27
253.58,4.908e-7,,4.908e-7,2.173e-27
253.63,2.413e-7,,2.413e-7,1.027e-27
253.68,1.097e-7,,1.097e-7,7.912e-28
253.73,4.615e-8,,4.615e-8,1.270e-27
253.78,1.796e-8,,1.796e-8,2.651e-27
253.83,6.462e-9,,6.462e-9,5.466e-27
253.88,2.151e-9,,2.151e-9,1.053e-26
253.93,6.622e-10,,6.622e-10,1.880e-26
253.98,1.886e-10,,1.886e-10,3.108e-26
254.03,4.966e-11,,4.966e-11,4.756e-26
254.08,1.210e-11,,1.210e-11,6.735e-26
254.13,2.726e-12,,2.726e-12,8.829e-26
254.18,5.682e-13,,5.682e-13,1.071e-25
254.23,1.095e-13,,1.095e-13,1.203e-25
254.28,1.953e-14,,1.953e-14,1.250e-25
254.33,3.222e-15,,3.222e-15,1.203e-25
254.38,4.915e-16,,4.915e-16,1.071e-25
254.43,6.935e-17,,6.935e-17,8.829e-26
254.48,9.050e-18,,9.050e-18,6.736e-26
254.53,1.093e-18,,1.093e-18,4.758e-26
254.58,1.220e-19,,1.220e-19,3.116e-26
254.63,1.260e-20,,1.260e-20,1.904e-26
254.68,1.203e-21,,1.203e-21,1.120e-26
254.73,7.269e-27,,,7.269e-27
254.78,7.132e-27,,,7.132e-27
254.83,1.158e-26,,,1.158e-26
254.88,2.273e-26,,,2.273e-26
254.93,4.421e-26,,,4.421e-26
254.98,8.075e-26,,,8.075e-26
255.03,1.370e-25,,,1.370e-25
255.08,2.153e-25,,,2.153e-25
255.13,3.135e-25,,,3.135e-25
255.18,4.228e-25,,,4.228e-25
255.23,5.280e-25,,,5.280e-25
255.28,6.109e-25,,,6.109e-25
255.33,6.545e-25,,,6.545e-25
255.38,6.495e-25,,,6.495e-25
255.43,5.970e-25,,,5.970e-25
255.48,5.082e-25,,,5.082e-25
255.53,4.007e-25,,,4.007e-25
255.58,2.927e-25,,,2.927e-25
255.63,1.982e-25,,,1.982e-25
255.68,1.249e-25,,,1.249e-25
255.73,7.441e-26,,,7.441e-26
255.78,4.463e-26,,,4.463e-26
255.83,3.254e-26,,,3.254e-26
255.88,3.629e-26,,,3.629e-26
255.93,5.614e-26,,,5.614e-26
255.98,9.415e-26,,,9.415e-26
256.03,1.525e-25,,,1.525e-25
256.08,2.311e-25,,,2.311e-25
256.13,3.253e-25,,,3.253e-25
256.18,4.245e-25,,,4.245e-25
256.23,5.134e-25,,,5.134e-25
256.28,5.755e-25,,,5.755e-25
256.33,5.978e-25,,,5.978e-25
256.38,5.755e-25,,,5.755e-25
256.43,5.134e-25,,,5.134e-25
256.48,4.245e-25,,,4.245e-25
256.53,3.252e-25,,,3.252e-25
256.58,2.309e-25,,,2.309e-25
256.63,1.519e-25,,,1.519e-25
256.68,9.265e-26,,,9.265e-26
256.73,5.236e-26,,,5.236e-26
256.78,2.742e-26,,,2.742e-26
256.83,1.331e-26,,,1.331e-26
256.88,5.986e-27,,,5.986e-27
256.93,2.495e-27,,,2.495e-27
256.98,9.637e-28,,,9.637e-28
257.03,3.450e-28,,,3.450e-28
257.08,4.851e-21,,4.851e-21,1.144e-28
257.13,4.742e-20,,4.742e-20,3.518e-29
257.18,4.302e-19,,4.302e-19,1.002e-29
257.23,3.621e-18,,3.621e-18,2.646e-30
257.28,2.829e-17,,2.829e-17,6.475e-31
257.33,2.051e-16,,2.051e-16,1.468e-31
257.38,1.379e-15,,1.379e-15,3.085e-32
257.43,8.611e-15,,8.611e-15,6.009e-33
257.48,4.988e-14,,4.988e-14,1.084e-33
257.53,2.681e-13,,2.681e-13,1.814e-34
257.58,1.338e-12,,1.338e-12,2.811e-35
257.63,6.192e-12,,6.192e-12,4.037e-36
257.68,2.660e-11,,2.660e-11,5.374e-37
257.73,1.060e-10,,1.060e-10,6.629e-38
257.78,3.922e-10,,3.922e-10,7.578e-39
257.83,1.346e-9,,1.346e-9,8.029e-40
257.88,4.289e-9,,4.289e-9,7.882e-41
257.93,1.268e-8,,1.268e-8,
257.98,3.478e-8,,3.478e-8,
258.03,8.854e-8,,8.854e-8,
258.08,2.092e-7,,2.092e-7,
258.13,4.585e-7,,4.585e-7,
258.18,9.327e-7,,9.327e-7,
258.23,1.761e-6,,1.761e-6,
258.28,3.084e-6,,3.084e-6,
258.33,5.014e-6,,5.014e-6,
258.38,7.564e-6,,7.564e-6,
258.43,1.059e-5,,1.059e-5,
258.48,1.375e-5,,1.375e-5,
258.53,1.658e-5,,1.658e-5,
258.58,1.855e-5,,1.855e-5,
258.63,1.925e-5,,1.925e-5,
258.68,1.855e-5,,1.855e-5,
258.73,1.658e-5,,1.658e-5,
258.78,1.376e-5,,1.376e-5,
258.83,1.060e-5,,1.060e-5,
258.88,7.605e-6,,7.605e-6,
258.93,5.114e-6,,5.114e-6,
258.98,3.309e-6,,3.309e-6,
259.03,2.228e-6,,2.228e-6,
259.08,1.838e-6,,1.838e-6,
259.13,2.086e-6,,2.086e-6,
259.18,2.926e-6,,2.926e-6,
259.23,4.299e-6,,4.299e-6,
259.28,6.093e-6,,6.093e-6,
259.33,8.106e-6,,8.106e-6,
259.38,1.004e-5,,1.004e-5,
259.43,1.156e-5,,1.156e-5,
259.48,1.236e-5,,1.236e-5,
259.53,1.227e-5,,1.227e-5,
259.58,1.130e-5,,1.130e-5,
259.63,9.672e-6,,9.672e-6,
259.68,7.683e-6,,7.683e-6,
259.73,5.667e-6,,5.667e-6,
259.78,3.880e-6,,3.880e-6,
259.83,2.467e-6,,2.467e-6,
259.88,1.456e-6,,1.456e-6,
259.93,7.980e-7,,7.980e-7,
259.98,4.060e-7,,4.060e-7,
260.03,1.918e-7,,1.918e-7,
260.08,8.412e-8,,8.412e-8,
260.13,3.427e-8,,3.427e-8,
260.18,1.300e-8,,1.300e-8,
260.23,4.770e-9,,4.770e-9,
260.28,2.353e-9,,2.353e-9,
260.33,3.591e-9,,3.591e-9,
260.38,1.066e-8,,1.066e-8,
260.43,3.284e-8,,3.284e-8,
260.48,9.498e-8,,9.498e-8,
260.53,2.555e-7,,2.555e-7,
260.58,6.386e-7,,6.386e-7,
260.63,1.484e-6,,1.484e-6,
260.68,3.203e-6,,3.203e-6,
260.73,6.426e-6,,6.426e-6,
260.78,1.198e-5,,1.198e-5,
260.83,2.076e-5,,2.076e-5,
260.88,3.343e-5,,3.343e-5,
260.93,5.003e-5,,5.003e-5,
260.98,6.958e-5,,6.958e-5,
261.03,8.993e-5,,8.993e-5,
261.08,1.080e-4,,1.080e-4,
261.13,1.206e-4,,1.206e-4,
261.18,1.251e-4,,1.251e-4,
261.23,1.206e-4,,1.206e-4,
261.28,1.080e-4,,1.080e-4,
261.33,8.993e-5,,8.993e-5,
261.38,6.958e-5,,6.958e-5,
261.43,5.003e-5,,5.003e-5,
261.48,3.343e-5,,3.343e-5,
261.53,2.076e-5,,2.076e-5,
261.58,1.198e-5,,1.198e-5,
261.63,6.426e-6,,6.426e-6,
261.68,3.203e-6,,3.203e-6,
261.73,1.484e-6,,1.484e-6,
261.78,6.386e-7,,6.386e-7,
261.83,2.555e-7,,2.555e-7,
261.88,9.497e-8,,9.497e-8,
261.93,3.281e-8,,3.281e-8,
261.98,1.053e-8,,1.053e-8,
262.03,3.143e-9,,3.143e-9,
262.08,8.716e-10,,8.716e-10,
262.13,2.246e-10,,2.246e-10,
262.18,5.378e-11,,5.378e-11,
262.23,1.197e-11,,1.197e-11,
262.28,2.476e-12,,2.476e-12,
262.33,4.758e-13,,4.758e-13,
262.38,8.500e-14,,8.500e-14,
262.44,9.766e-15,,9.766e-15,
262.49,1.485e-15,,1.485e-15,
262.54,2.097e-16,,2.097e-16,
262.59,2.754e-17,,2.754e-17,
262.64,3.360e-18,,3.360e-18,
262.69,3.810e-19,,3.810e-19,
262.74,4.015e-20,,4.015e-20,
264.49,1.247e-20,,1.247e-20,
264.54,1.170e-19,,1.170e-19,
264.59,1.022e-18,,1.022e-18,
264.64,8.324e-18,,8.324e-18,
264.69,6.316e-17,,6.316e-17,
264.74,4.466e-16,,4.466e-16,
264.79,2.943e-15,,2.943e-15,
264.84,1.807e-14,,1.807e-14,
264.89,1.034e-13,,1.034e-13,
264.94,5.510e-13,,5.510e-13,
264.99,2.737e-12,,2.737e-12,
265.04,1.267e-11,,1.267e-11,
265.09,5.464e-11,,5.464e-11,
265.14,2.196e-10,,2.196e-10,
265.19,8.225e-10,,8.225e-10,
265.24,2.870e-9,,2.870e-9,
265.29,9.333e-9,,9.333e-9,
265.34,2.828e-8,,2.828e-8,
265.39,7.986e-8,,7.986e-8,
265.44,2.101e-7,,2.101e-7,
265.49,5.151e-7,,5.151e-7,
265.54,1.177e-6,,1.177e-6,
265.59,2.505e-6,,2.505e-6,
265.64,4.969e-6,,4.969e-6,
265.69,9.185e-6,,9.185e-6,
265.74,1.582e-5,,1.582e-5,
265.79,2.539e-5,,2.539e-5,
265.84,3.798e-5,,3.798e-5,
265.89,5.292e-5,,5.292e-5,
265.94,6.872e-5,,6.872e-5,
265.99,8.316e-5,,8.316e-5,
266.04,9.376e-5,,9.376e-5,
266.09,9.851e-5,,9.851e-5,
266.14,9.645e-5,,9.645e-5,
266.19,8.799e-5,,8.799e-5,
266.24,7.480e-5,,7.480e-5,
266.29,5.925e-5,,5.925e-5,
266.34,4.374e-5,,4.374e-5,
266.39,3.010e-5,,3.010e-5,
266.44,1.932e-5,,1.932e-5,
266.49,1.164e-5,,1.164e-5,
266.54,6.716e-6,,6.716e-6,
266.59,4.053e-6,,4.053e-6,
266.64,3.216e-6,,3.216e-6,
266.69,4.037e-6,,4.037e-6,
266.74,6.660e-6,,6.660e-6,
266.79,1.149e-5,,1.149e-5,
266.84,1.900e-5,,1.900e-5,
266.89,2.949e-5,,2.949e-5,
266.94,4.273e-5,,4.273e-5,
266.99,5.774e-5,,5.774e-5,
267.04,7.276e-5,,7.276e-5,
267.09,8.549e-5,,8.549e-5,
267.14,9.368e-5,,9.368e-5,
267.19,9.577e-5,,9.577e-5,
267.24,9.142e-5,,9.142e-5,
267.29,8.165e-5,,8.165e-5,
267.34,6.857e-5,,6.857e-5,
267.39,5.474e-5,,5.474e-5,
267.44,4.256e-5,,4.256e-5,
267.49,3.369e-5,,3.369e-5,
267.54,2.883e-5,,2.883e-5,
267.59,2.773e-5,,2.773e-5,
267.64,2.941e-5,,2.941e-5,
267.69,3.245e-5,,3.245e-5,
267.74,3.537e-5,,3.537e-5,
267.79,3.693e-5,,3.693e-5,
267.84,3.637e-5,,3.637e-5,
267.89,3.356e-5,,3.356e-5,
267.94,2.895e-5,,2.895e-5,
267.99,2.331e-5,,2.331e-5,
268.04,1.751e-5,,1.751e-5,
268.09,1.227e-5,,1.227e-5,
268.14,8.020e-6,,8.020e-6,
268.19,4.889e-6,,4.889e-6,
268.24,2.779e-6,,2.779e-6,
268.29,1.474e-6,,1.474e-6,
268.34,7.289e-7,,7.289e-7,
268.39,3.362e-7,,3.362e-7,
268.44,1.446e-7,,1.446e-7,
268.49,5.802e-8,,5.802e-8,
268.54,2.171e-8,,2.171e-8,
268.59,7.578e-9,,7.578e-9,
268.64,2.466e-9,,2.466e-9,
268.69,7.488e-10,,7.488e-10,
268.74,2.120e-10,,2.120e-10,
268.79,5.598e-11,,5.598e-11,
268.84,1.379e-11,,1.379e-11,
268.89,3.167e-12,,3.167e-12,
268.94,6.785e-13,,6.785e-13,
268.99,1.356e-13,,1.356e-13,
269.04,2.526e-14,,2.526e-14,
269.09,4.391e-15,,4.391e-15,
269.14,7.118e-16,,7.118e-16,
269.19,1.076e-16,,1.076e-16,
269.24,1.517e-17,,1.517e-17,
269.29,1.995e-18,,1.995e-18,
269.34,2.447e-19,,2.447e-19,
269.39,2.800e-20,,2.800e-20,
269.44,2.987e-21,,2.987e-21,
272.39,4.884e-47,,,4.884e-47
272.44,4.195e-46,,,4.195e-46
272.49,3.372e-45,,,3.372e-45
272.54,2.536e-44,,,2.536e-44
272.59,1.784e-43,,,1.784e-43
272.64,1.174e-42,,,1.174e-42
272.69,7.230e-42,,,7.230e-42
272.74,4.166e-41,,,4.166e-41
272.79,2.245e-40,,,2.245e-40
272.84,1.132e-39,,,1.132e-39
272.89,5.343e-39,,,5.343e-39
272.94,2.358e-38,,,2.358e-38
272.99,9.740e-38,,,9.740e-38
273.04,3.763e-37,,,3.763e-37
273.09,1.360e-36,,,1.360e-36
273.14,4.601e-36,,,4.601e-36
273.19,1.456e-35,,,1.456e-35
273.24,4.310e-35,,,4.310e-35
273.29,1.194e-34,,,1.194e-34
273.34,3.093e-34,,,3.093e-34
273.39,7.500e-34,,,7.500e-34
273.44,1.701e-33,,,1.701e-33
273.49,3.610e-33,,,3.610e-33
273.54,7.167e-33,,,7.167e-33
273.59,1.331e-32,,,1.331e-32
273.64,2.314e-32,,,2.314e-32
273.69,3.762e-32,,,3.762e-32
273.74,5.722e-32,,,5.722e-32
273.79,8.144e-32,,,8.144e-32
273.84,1.084e-31,,,1.084e-31
273.89,1.351e-31,,,1.351e-31
273.94,1.574e-31,,,1.574e-31
273.99,1.717e-31,,,1.717e-31
274.04,1.751e-31,,,1.751e-31
274.09,1.672e-31,,,1.672e-31
274.14,1.493e-31,,,1.493e-31
274.19,1.247e-31,,,1.247e-31
274.24,9.747e-32,,,9.747e-32
274.29,7.128e-32,,,7.128e-32
274.34,4.877e-32,,,4.877e-32
274.39,3.122e-32,,,3.122e-32
274.44,1.870e-32,,,1.870e-32
274.49,1.048e-32,,,1.048e-32
274.54,5.491e-33,,,5.491e-33
274.59,2.693e-33,,,2.693e-33
274.64,1.236e-33,,,1.236e-33
274.69,5.305e-34,,,5.305e-34
274.74,2.131e-34,,,2.131e-34
274.79,8.006e-35,,,8.006e-35
274.84,2.815e-35,,,2.815e-35
274.89,9.257e-36,,,9.257e-36
274.94,2.849e-36,,,2.849e-36
274.99,8.202e-37,,,8.202e-37
275.04,2.209e-37,,,2.209e-37
275.09,5.567e-38,,,5.567e-38
275.14,1.313e-38,,,1.313e-38
275.19,2.895e-39,,,2.895e-39
275.24,5.975e-40,,,5.975e-40
275.29,1.154e-40,,,1.154e-40
275.34,2.084e-41,,,2.084e-41
275.39,3.522e-42,,,3.522e-42
275.44,5.570e-43,,,5.570e-43
275.49,8.240e-44,,,8.240e-44
275.54,1.140e-44,,,1.140e-44
275.59,1.477e-45,,,1.477e-45
275.64,1.789e-46,,,1.789e-46
275.69,2.028e-47,,,2.028e-47
279.19,2.532e-21,,2.532e-21,
279.24,8.736e-20,,8.736e-20,
279.29,7.220e-19,,7.220e-19,
279.34,5.610e-18,,5.610e-18,
279.39,4.098e-17,,4.098e-17,
279.44,2.814e-16,,2.814e-16,
279.49,1.816e-15,,1.816e-15,
279.54,1.102e-14,,1.102e-14,
279.59,6.282e-14,,6.282e-14,
279.64,3.366e-13,,3.366e-13,
279.69,1.694e-12,,1.694e-12,
279.74,8.014e-12,,8.014e-12,
279.79,3.561e-11,,3.561e-11,
279.84,1.487e-10,,1.487e-10,
279.89,5.829e-10,,5.829e-10,
279.94,2.147e-9,,2.147e-9,
279.99,7.427e-9,,7.427e-9,
280.04,2.413e-8,,2.413e-8,
280.09,7.364e-8,,7.364e-8,
280.14,2.110e-7,,2.110e-7,
280.19,5.678e-7,,5.678e-7,
280.24,1.435e-6,,1.435e-6,
280.29,3.404e-6,,3.404e-6,
280.34,7.583e-6,,7.583e-6,
280.39,1.586e-5,,1.586e-5,
280.44,3.115e-5,,3.115e-5,
280.49,5.743e-5,,5.743e-5,
280.54,9.942e-5,,9.942e-5,
280.59,1.616e-4,,1.616e-4,
280.64,2.465e-4,,2.465e-4,
280.69,3.531e-4,,3.531e-4,
280.74,4.748e-4,,4.748e-4,
280.79,5.994e-4,,5.994e-4,
280.84,7.103e-4,,7.103e-4,
280.89,7.901e-4,,7.901e-4,
280.94,8.250e-4,,8.250e-4,
280.99,8.087e-4,,8.087e-4,
281.04,7.441e-4,,7.441e-4,
281.09,6.428e-4,,6.428e-4,
281.14,5.211e-4,,5.211e-4,
281.19,3.966e-4,,3.966e-4,
281.24,2.834e-4,,2.834e-4,
281.29,1.900e-4,,1.900e-4,
281.34,1.196e-4,,1.196e-4,
281.39,7.067e-5,,7.067e-5,
281.44,3.919e-5,,3.919e-5,
281.49,2.040e-5,,2.040e-5,
281.54,9.970e-6,,9.970e-6,
281.59,4.573e-6,,4.573e-6,
281.64,1.969e-6,,1.969e-6,1.390e-45
281.69,7.957e-7,,7.957e-7,1.133e-44
281.74,3.018e-7,,3.018e-7,8.686e-44
281.79,1.075e-7,,1.075e-7,6.254e-43
281.84,3.591e-8,,3.591e-8,4.231e-42
281.89,1.127e-8,,1.127e-8,2.690e-41
281.94,3.331e-9,,3.331e-9,1.607e-40
281.99,9.679e-10,,9.679e-10,9.017e-40
282.04,4.108e-10,,4.108e-10,4.755e-39
282.09,6.071e-10,,6.071e-10,2.357e-38
282.14,1.651e-9,,1.651e-9,1.097e-37
282.19,4.591e-9,,4.591e-9,4.800e-37
282.24,1.208e-8,,1.208e-8,1.973e-36
282.29,2.986e-8,,2.986e-8,7.623e-36
282.34,6.938e-8,,6.938e-8,2.767e-35
282.39,1.514e-7,,1.514e-7,9.435e-35
282.44,3.104e-7,,3.104e-7,3.023e-34
282.49,5.980e-7,,5.980e-7,9.104e-34
282.54,1.082e-6,,1.082e-6,2.576e-33
282.59,1.840e-6,,1.840e-6,6.847e-33
282.64,2.939e-6,,2.939e-6,1.710e-32
282.69,4.410e-6,,4.410e-6,4.014e-32
282.74,6.216e-6,,6.216e-6,8.853e-32
282.79,8.233e-6,,8.233e-6,1.834e-31
282.84,1.024e-5,,1.024e-5,3.572e-31
282.89,1.197e-5,,1.197e-5,6.535e-31
282.94,1.315e-5,,1.315e-5,1.123e-30
282.99,1.357e-5,,1.357e-5,1.815e-30
283.04,1.315e-5,,1.315e-5,2.754e-30
283.09,1.198e-5,,1.198e-5,3.928e-30
283.14,1.026e-5,,1.026e-5,5.263e-30
283.19,8.266e-6,,8.266e-6,6.627e-30
283.24,6.310e-6,,6.310e-6,7.841e-30
283.29,4.664e-6,,4.664e-6,8.716e-30
283.34,3.600e-6,,3.600e-6,9.105e-30
283.39,3.479e-6,,3.479e-6,8.936e-30
283.44,4.957e-6,,4.957e-6,8.241e-30
283.49,9.321e-6,,9.321e-6,7.141e-30
283.54,1.898e-5,,1.898e-5,5.815e-30
283.59,3.806e-5,,3.806e-5,4.449e-30
283.64,7.302e-5,,7.302e-5,3.198e-30
283.69,1.329e-4,,1.329e-4,2.160e-30
283.74,2.287e-4,,2.287e-4,1.371e-30
283.79,3.715e-4,,3.715e-4,8.177e-31
283.84,5.695e-4,,5.695e-4,4.582e-31
283.89,8.227e-4,,8.227e-4,2.413e-31
283.94,1.120e-3,,1.120e-3,1.194e-31
283.99,1.435e-3,,1.435e-3,5.549e-32
284.04,1.730e-3,,1.730e-3,2.424e-32
284.09,1.963e-3,,1.963e-3,9.949e-33
284.14,2.096e-3,,2.096e-3,3.837e-33
284.19,2.105e-3,,2.105e-3,1.390e-33
284.24,1.987e-3,,1.987e-3,4.734e-34
284.29,1.764e-3,,1.764e-3,1.515e-34
284.34,1.473e-3,,1.473e-3,4.553e-35
284.39,1.156e-3,,1.156e-3,1.286e-35
284.44,8.531e-4,,8.531e-4,3.414e-36
284.49,5.917e-4,,5.917e-4,8.513e-37
284.54,3.859e-4,,3.859e-4,1.995e-37
284.59,2.365e-4,,2.365e-4,4.393e-38
284.64,1.363e-4,,1.363e-4,9.088e-39
284.69,7.382e-5,,7.382e-5,1.767e-39
284.74,3.759e-5,,3.759e-5,3.227e-40
284.79,1.799e-5,,1.799e-5,5.539e-41
284.84,8.098e-6,,8.098e-6,8.933e-42
284.89,3.435e-6,,3.435e-6,1.354e-42
284.94,1.391e-6,,1.391e-6,1.927e-43
284.99,5.813e-7,,5.813e-7,2.579e-44
285.04,3.414e-7,,3.414e-7,3.242e-45
285.09,4.040e-7,,4.040e-7,3.845e-45
285.14,7.145e-7,,7.145e-7,3.054e-44
285.19,1.349e-6,,1.349e-6,2.283e-43
285.24,2.494e-6,,2.494e-6,1.606e-42
285.29,4.462e-6,,4.462e-6,1.064e-41
285.34,7.743e-6,,7.743e-6,6.626e-41
285.39,1.306e-5,,1.306e-5,3.884e-40
285.44,2.142e-5,,2.142e-5,2.143e-39
285.49,3.411e-5,,3.411e-5,1.113e-38
285.54,5.257e-5,,5.257e-5,5.436e-38
285.59,7.809e-5,,7.809e-5,2.499e-37
285.64,1.113e-4,,1.113e-4,1.081e-36
285.69,1.514e-4,,1.514e-4,4.401e-36
285.74,1.961e-4,,1.961e-4,1.686e-35
285.79,2.408e-4,,2.408e-4,6.079e-35
285.84,2.799e-4,,2.799e-4,2.063e-34
285.89,3.075e-4,,3.075e-4,6.585e-34
285.94,3.186e-4,,3.186e-4,1.978e-33
285.99,3.113e-4,,3.113e-4,5.593e-33
286.04,2.865e-4,,2.865e-4,1.488e-32
286.09,2.483e-4,,2.483e-4,3.725e-32
286.14,2.026e-4,,2.026e-4,8.777e-32
286.19,1.556e-4,,1.556e-4,1.946e-31
286.24,1.124e-4,,1.124e-4,4.060e-31
286.29,7.651e-5,,7.651e-5,7.970e-31
286.34,4.908e-5,,4.908e-5,1.472e-30
286.39,2.990e-5,,2.990e-5,2.560e-30
286.44,1.779e-5,,1.779e-5,4.188e-30
286.49,1.139e-5,,1.139e-5,6.448e-30
286.54,9.762e-6,,9.762e-6,9.342e-30
286.59,1.265e-5,,1.265e-5,1.274e-29
286.64,2.065e-5,,2.065e-5,1.634e-29
286.69,3.507e-5,,3.507e-5,1.973e-29
286.74,5.758e-5,,5.758e-5,2.242e-29
286.79,8.955e-5,,8.955e-5,2.397e-29
286.84,1.313e-4,,1.313e-4,2.411e-29
286.89,1.813e-4,,1.813e-4,2.283e-29
286.94,2.357e-4,,2.357e-4,2.034e-29
286.99,2.886e-4,,2.886e-4,1.705e-29
287.04,3.326e-4,,3.326e-4,1.345e-29
287.09,3.610e-4,,3.610e-4,9.988e-30
287.14,3.690e-4,,3.690e-4,6.979e-30
287.19,3.554e-4,,3.554e-4,4.588e-30
287.24,3.225e-4,,3.225e-4,2.839e-30
287.29,2.759e-4,,2.759e-4,1.653e-30
287.34,2.230e-4,,2.230e-4,9.055e-31
287.39,1.709e-4,,1.709e-4,4.669e-31
287.44,1.259e-4,,1.259e-4,2.265e-31
287.49,9.257e-5,,9.257e-5,1.034e-31
287.54,7.430e-5,,7.430e-5,4.443e-32
287.59,7.406e-5,,7.406e-5,1.796e-32
287.64,9.521e-5,,9.521e-5,6.835e-33
287.69,1.417e-4,,1.417e-4,2.447e-33
287.74,2.174e-4,,2.174e-4,8.245e-34
287.79,3.244e-4,,3.244e-4,2.614e-34
287.84,4.605e-4,,4.605e-4,7.800e-35
287.89,6.176e-4,,6.176e-4,2.190e-35
287.94,7.808e-4,,7.808e-4,5.786e-36
287.99,9.298e-4,,9.298e-4,1.439e-36
288.04,1.043e-3,,1.043e-3,3.366e-37
288.09,1.101e-3,,1.101e-3,7.411e-38
288.14,1.096e-3,,1.096e-3,1.535e-38
288.19,1.028e-3,,1.028e-3,2.994e-39
288.24,9.086e-4,,9.086e-4,5.493e-40
288.29,7.588e-4,,7.588e-4,9.484e-41
288.34,5.999e-4,,5.999e-4,1.541e-41
288.39,4.511e-4,,4.511e-4,2.356e-42
288.44,3.252e-4,,3.252e-4,3.390e-43
288.49,2.276e-4,,2.276e-4,4.590e-44
288.54,1.576e-4,,1.576e-4,5.848e-45
288.59,1.105e-4,,1.105e-4,
288.64,7.982e-5,,7.982e-5,
288.69,5.982e-5,,5.982e-5,
288.74,4.597e-5,,4.597e-5,
288.79,3.551e-5,,3.551e-5,
288.84,2.703e-5,,2.703e-5,
288.89,2.007e-5,,2.007e-5,
288.94,1.458e-5,,1.458e-5,
288.99,1.062e-5,,1.062e-5,
289.04,8.174e-6,,8.174e-6,
289.09,7.095e-6,,7.095e-6,
289.14,7.131e-6,,7.131e-6,
289.19,7.951e-6,,7.951e-6,
289.24,9.182e-6,,9.182e-6,
289.29,1.046e-5,,1.046e-5,
289.34,1.146e-5,,1.146e-5,
289.39,1.197e-5,,1.197e-5,
289.44,1.192e-5,,1.192e-5,
289.49,1.144e-5,,1.144e-5,
289.54,1.083e-5,,1.083e-5,
289.59,1.056e-5,,1.056e-5,
289.64,1.125e-5,,1.125e-5,
289.69,1.366e-5,,1.366e-5,
289.74,1.866e-5,,1.866e-5,
289.79,2.736e-5,,2.736e-5,
289.84,4.129e-5,,4.129e-5,
289.89,6.273e-5,,6.273e-5,
289.94,9.518e-5,,9.518e-5,
289.99,1.437e-4,,1.437e-4,
290.04,2.150e-4,,2.150e-4,
290.09,3.166e-4,,3.166e-4,
290.14,4.548e-4,,4.548e-4,
290.19,6.319e-4,,6.319e-4,
290.24,8.431e-4,,8.431e-4,
290.29,1.074e-3,,1.074e-3,
290.34,1.300e-3,,1.300e-3,
290.39,1.492e-3,,1.492e-3,
290.44,1.620e-3,,1.620e-3,
290.49,1.661e-3,,1.661e-3,
290.54,1.608e-3,,1.608e-3,
290.59,1.469e-3,,1.469e-3,
290.64,1.265e-3,,1.265e-3,
290.69,1.028e-3,,1.028e-3,
290.74,7.866e-4,,7.866e-4,
290.79,5.677e-4,,5.677e-4,
290.84,3.862e-4,,3.862e-4,
290.89,2.479e-4,,2.479e-4,
290.94,1.505e-4,,1.505e-4,
290.99,8.743e-5,,8.743e-5,
291.04,5.105e-5,,5.105e-5,
291.09,3.504e-5,,3.504e-5,
291.14,3.617e-5,,3.617e-5,
291.19,5.499e-5,,5.499e-5,
291.24,9.606e-5,,9.606e-5,
291.29,1.673e-4,,1.673e-4,
291.34,2.785e-4,,2.785e-4,
291.39,4.390e-4,,4.390e-4,
291.44,6.538e-4,,6.538e-4,
291.49,9.200e-4,,9.200e-4,
291.54,1.224e-3,,1.224e-3,
291.59,1.541e-3,,1.541e-3,
291.64,1.840e-3,,1.840e-3,
291.69,2.086e-3,,2.086e-3,
291.74,2.254e-3,,2.254e-3,
291.79,2.330e-3,,2.330e-3,
291.84,2.315e-3,,2.315e-3,
291.89,2.224e-3,,2.224e-3,
291.94,2.079e-3,,2.079e-3,
291.99,1.903e-3,,1.903e-3,
292.04,1.714e-3,,1.714e-3,
292.09,1.522e-3,,1.522e-3,
292.14,1.332e-3,,1.332e-3,
292.19,1.148e-3,,1.148e-3,
292.24,9.708e-4,,9.708e-4,
292.29,8.032e-4,,8.032e-4,
292.34,6.485e-4,,6.485e-4,
292.39,5.101e-4,,5.101e-4,
292.44,3.902e-4,,3.902e-4,
292.49,2.900e-4,,2.900e-4,
292.54,2.092e-4,,2.092e-4,
292.59,1.464e-4,,1.464e-4,
292.64,9.968e-5,,9.968e-5,
292.69,6.670e-5,,6.670e-5,
292.74,4.498e-5,,4.498e-5,
292.79,3.207e-5,,3.207e-5,
292.84,2.569e-5,,2.569e-5,
292.89,2.381e-5,,2.381e-5,
292.94,2.468e-5,,2.468e-5,
292.99,2.692e-5,,2.692e-5,
293.04,2.946e-5,,2.946e-5,
293.09,3.165e-5,,3.165e-5,
293.14,3.316e-5,,3.316e-5,
293.19,3.400e-5,,3.400e-5,
293.24,3.439e-5,,3.439e-5,
293.3,3.483e-5,,3.483e-5,
293.35,3.566e-5,,3.566e-5,
293.4,3.733e-5,,3.733e-5,
293.45,4.006e-5,,4.006e-5,
293.5,4.389e-5,,4.389e-5,
293.55,4.855e-5,,4.855e-5,
293.6,5.349e-5,,5.349e-5,
293.65,5.790e-5,,5.790e-5,
293.7,6.087e-5,,6.087e-5,
293.75,6.160e-5,,6.160e-5,
293.8,5.965e-5,,5.965e-5,
293.85,5.501e-5,,5.501e-5,
293.9,4.821e-5,,4.821e-5,
293.95,4.012e-5,,4.012e-5,
294,3.175e-5,,3.175e-5,
294.05,2.408e-5,,2.408e-5,
294.1,1.783e-5,,1.783e-5,
294.15,1.344e-5,,1.344e-5,
294.2,1.105e-5,,1.105e-5,
294.25,1.060e-5,,1.060e-5,
294.3,1.191e-5,,1.191e-5,
294.35,1.469e-5,,1.469e-5,
294.4,1.869e-5,,1.869e-5,
294.45,2.371e-5,,2.371e-5,
294.5,2.977e-5,,2.977e-5,
294.55,3.720e-5,,3.720e-5,
294.6,4.684e-5,,4.684e-5,
294.65,6.003e-5,,6.003e-5,
294.7,7.852e-5,,7.852e-5,
294.75,1.041e-4,,1.041e-4,
294.8,1.379e-4,,1.379e-4,
294.85,1.797e-4,,1.797e-4,
294.9,2.274e-4,,2.274e-4,
294.95,2.767e-4,,2.767e-4,
295,3.215e-4,,3.215e-4,
295.05,3.553e-4,,3.553e-4,
295.1,3.724e-4,,3.724e-4,
295.15,3.697e-4,,3.697e-4,
295.2,3.472e-4,,3.472e-4,
295.25,3.083e-4,,3.083e-4,
295.3,2.588e-4,,2.588e-4,
295.35,2.054e-4,,2.054e-4,
295.4,1.541e-4,,1.541e-4,
295.45,1.096e-4,,1.096e-4,
295.5,7.403e-5,,7.403e-5,
295.55,4.802e-5,,4.802e-5,
295.6,3.065e-5,,3.065e-5,
295.65,2.032e-5,,2.032e-5,
295.7,1.525e-5,,1.525e-5,
295.75,1.377e-5,,1.377e-5,
295.8,1.451e-5,,1.451e-5,
295.85,1.634e-5,,1.634e-5,
295.9,1.839e-5,,1.839e-5,
295.95,1.999e-5,,1.999e-5,
296,2.070e-5,,2.070e-5,
296.05,2.031e-5,,2.031e-5,
296.1,1.885e-5,,1.885e-5,
296.15,1.653e-5,,1.653e-5,
296.2,1.369e-5,,1.369e-5,
296.25,1.071e-5,,1.071e-5,
296.3,7.921e-6,,7.921e-6,
296.35,5.540e-6,,5.540e-6,
296.4,3.677e-6,,3.677e-6,
296.45,2.341e-6,,2.341e-6,
296.5,1.480e-6,,1.480e-6,
296.55,1.025e-6,,1.025e-6,
296.6,9.225e-7,,9.225e-7,
296.65,1.173e-6,,1.173e-6,
296.7,1.869e-6,,1.869e-6,
296.75,3.257e-6,,3.257e-6,
296.8,5.841e-6,,5.841e-6,
296.85,1.054e-5,,1.054e-5,
296.9,1.891e-5,,1.891e-5,
296.95,3.331e-5,,3.331e-5,
297,5.703e-5,,5.703e-5,
297.05,9.411e-5,,9.411e-5,
297.1,1.487e-4,,1.487e-4,
297.15,2.239e-4,,2.239e-4,
297.2,3.205e-4,,3.205e-4,
297.25,4.351e-4,,4.351e-4,
297.3,5.599e-4,,5.599e-4,
297.35,6.825e-4,,6.825e-4,
297.4,7.878e-4,,7.878e-4,
297.45,8.617e-4,,8.617e-4,
297.5,8.935e-4,,8.935e-4,
297.55,8.799e-4,,8.799e-4,
297.6,8.247e-4,,8.247e-4,
297.65,7.388e-4,,7.388e-4,
297.7,6.363e-4,,6.363e-4,
297.75,5.321e-4,,5.321e-4,
297.8,4.380e-4,,4.380e-4,
297.85,3.616e-4,,3.616e-4,
297.9,3.066e-4,,3.066e-4,
297.95,2.731e-4,,2.731e-4,
298,2.601e-4,,2.601e-4,
298.05,2.661e-4,,2.661e-4,
298.1,2.894e-4,,2.894e-4,
298.15,3.275e-4,,3.275e-4,
298.2,3.765e-4,,3.765e-4,
298.25,4.299e-4,,4.299e-4,
298.3,4.795e-4,,4.795e-4,
298.35,5.161e-4,,5.161e-4,
298.4,5.321e-4,,5.321e-4,
298.45,5.227e-4,,5.227e-4,
298.5,4.878e-4,,4.878e-4,
298.55,4.316e-4,,4.316e-4,
298.6,3.617e-4,,3.617e-4,
298.65,2.869e-4,,2.869e-4,
298.7,2.152e-4,,2.152e-4,
298.75,1.527e-4,,1.527e-4,
298.8,1.025e-4,,1.025e-4,
298.85,6.502e-5,,6.502e-5,
298.9,3.900e-5,,3.900e-5,
298.95,2.212e-5,,2.212e-5,
299,1.186e-5,,1.186e-5,
299.05,6.012e-6,,6.012e-6,
299.1,2.881e-6,,2.881e-6,
299.15,1.306e-6,,1.306e-6,
299.2,5.592e-7,,5.592e-7,
299.25,2.265e-7,,2.265e-7,
299.3,8.671e-8,,8.671e-8,
299.35,3.139e-8,,3.139e-8,
299.4,1.077e-8,,1.077e-8,
299.45,3.582e-9,,3.582e-9,
299.5,1.375e-9,,1.375e-9,
299.55,1.162e-9,,1.162e-9,
299.6,2.311e-9,,2.311e-9,
299.65,5.553e-9,,5.553e-9,
299.7,1.315e-8,,1.315e-8,
299.75,2.996e-8,,2.996e-8,
299.8,6.579e-8,,6.579e-8,
299.85,1.398e-7,,1.398e-7,
299.9,2.885e-7,,2.885e-7,
299.95,5.801e-7,,5.801e-7,
300,1.138e-6,,1.138e-6,
300.05,2.178e-6,,2.178e-6,
300.1,4.059e-6,,4.059e-6,
300.15,7.341e-6,,7.341e-6,
300.2,1.283e-5,,1.283e-5,
300.25,2.159e-5,,2.159e-5,
300.3,3.483e-5,,3.483e-5,
300.35,5.370e-5,,5.370e-5,
300.4,7.896e-5,,7.896e-5,
300.45,1.105e-4,,1.105e-4,
300.5,1.468e-4,,1.468e-4,
300.55,1.852e-4,,1.852e-4,
300.6,2.216e-4,,2.216e-4,
300.65,2.513e-4,,2.513e-4,
300.7,2.701e-4,,2.701e-4,
300.75,2.750e-4,,2.750e-4,
300.8,2.652e-4,,2.652e-4,
300.85,2.422e-4,,2.422e-4,
300.9,2.097e-4,,2.097e-4,
300.95,1.720e-4,,1.720e-4,
301,1.337e-4,,1.337e-4,
301.05,9.874e-5,,9.874e-5,
301.1,6.938e-5,,6.938e-5,
301.15,4.667e-5,,4.667e-5,
301.2,3.044e-5,,3.044e-5,
301.25,1.974e-5,,1.974e-5,
301.3,1.332e-5,,1.332e-5,
301.35,9.874e-6,,9.874e-6,
301.4,8.295e-6,,8.295e-6,
301.45,7.707e-6,,7.707e-6,
301.5,7.497e-6,,7.497e-6,
301.55,7.282e-6,,7.282e-6,
301.6,6.866e-6,,6.866e-6,
301.65,6.198e-6,,6.198e-6,
301.7,5.322e-6,,5.322e-6,
301.75,4.335e-6,,4.335e-6,
301.8,3.345e-6,,3.345e-6,
301.85,2.444e-6,,2.444e-6,
301.9,1.691e-6,,1.691e-6,
301.95,1.108e-6,,1.108e-6,
302,6.885e-7,,6.885e-7,
302.05,4.089e-7,,4.089e-7,
302.1,2.396e-7,,2.396e-7,
302.15,1.554e-7,,1.554e-7,
302.2,1.429e-7,,1.429e-7,
302.25,2.058e-7,,2.058e-7,
302.3,3.685e-7,,3.685e-7,
302.35,6.792e-7,,6.792e-7,
302.4,1.210e-6,,1.210e-6,
302.45,2.049e-6,,2.049e-6,
302.5,3.292e-6,,3.292e-6,
302.55,5.007e-6,,5.007e-6,
302.6,7.214e-6,,7.214e-6,
302.65,9.842e-6,,9.842e-6,
302.7,1.272e-5,,1.272e-5,
302.75,1.556e-5,,1.556e-5,
302.8,1.803e-5,,1.803e-5,
302.85,1.980e-5,,1.980e-5,
302.9,2.061e-5,,2.061e-5,
302.95,2.038e-5,,2.038e-5,
303,1.921e-5,,1.921e-5,
303.05,1.742e-5,,1.742e-5,
303.1,1.549e-5,,1.549e-5,
303.15,1.402e-5,,1.402e-5,
303.2,1.366e-5,,1.366e-5,
303.25,1.503e-5,,1.503e-5,
303.3,1.866e-5,,1.866e-5,
303.35,2.487e-5,,2.487e-5,
303.4,3.367e-5,,3.367e-5,
303.45,4.468e-5,,4.468e-5,
303.5,5.700e-5,,5.700e-5,
303.55,6.933e-5,,6.933e-5,
303.6,8.009e-5,,8.009e-5,
303.65,8.775e-5,,8.775e-5,
303.7,9.112e-5,,9.112e-5,
303.75,8.964e-5,,8.964e-5,
303.8,8.354e-5,,8.354e-5,
303.85,7.376e-5,,7.376e-5,
303.9,6.170e-5,,6.170e-5,
303.95,4.893e-5,,4.893e-5,
304,3.681e-5,,3.681e-5,
304.05,2.634e-5,,2.634e-5,
304.1,1.804e-5,,1.804e-5,
304.15,1.200e-5,,1.200e-5,
304.2,8.003e-6,,8.003e-6,
304.25,5.675e-6,,5.675e-6,
304.3,4.597e-6,,4.597e-6,
304.35,4.384e-6,,4.384e-6,
304.4,4.731e-6,,4.731e-6,
304.45,5.433e-6,,5.433e-6,
304.5,6.387e-6,,6.387e-6,
304.55,7.597e-6,,7.597e-6,
304.6,9.167e-6,,9.167e-6,
304.65,1.130e-5,,1.130e-5,
304.7,1.427e-5,,1.427e-5,
304.75,1.847e-5,,1.847e-5,
304.8,2.447e-5,,2.447e-5,
304.85,3.314e-5,,3.314e-5,
304.9,4.594e-5,,4.594e-5,
304.95,6.524e-5,,6.524e-5,
305,9.469e-5,,9.469e-5,
305.05,1.396e-4,,1.396e-4,
305.1,2.068e-4,,2.068e-4,
305.15,3.043e-4,,3.043e-4,
305.2,4.398e-4,,4.398e-4,
305.25,6.191e-4,,6.191e-4,
305.3,8.427e-4,,8.427e-4,
305.35,1.104e-3,,1.104e-3,
305.4,1.385e-3,,1.385e-3,
305.45,1.662e-3,,1.662e-3,
305.5,1.903e-3,,1.903e-3,
305.55,2.075e-3,,2.075e-3,
305.6,2.154e-3,,2.154e-3,
305.65,2.126e-3,,2.126e-3,
305.7,1.994e-3,,1.994e-3,
305.75,1.777e-3,,1.777e-3,
305.8,1.504e-3,,1.504e-3,
305.85,1.211e-3,,1.211e-3,
305.9,9.267e-4,,9.267e-4,
305.95,6.757e-4,,6.757e-4,
306,4.705e-4,,4.705e-4,
306.05,3.142e-4,,3.142e-4,
306.1,2.027e-4,,2.027e-4,
306.15,1.276e-4,,1.276e-4,
306.2,7.965e-5,,7.965e-5,
306.25,5.026e-5,,5.026e-5,
306.3,3.278e-5,,3.278e-5,
306.35,2.256e-5,,2.256e-5,
306.4,1.664e-5,,1.664e-5,
306.45,1.323e-5,,1.323e-5,
306.5,1.129e-5,,1.129e-5,
306.55,1.016e-5,,1.016e-5,
306.6,9.440e-6,,9.440e-6,
306.65,8.867e-6,,8.867e-6,
306.7,8.304e-6,,8.304e-6,
306.75,7.748e-6,,7.748e-6,
306.8,7.335e-6,,7.335e-6,
306.85,7.334e-6,,7.334e-6,
306.9,8.141e-6,,8.141e-6,
306.95,1.028e-5,,1.028e-5,
307,1.439e-5,,1.439e-5,
307.05,2.131e-5,,2.131e-5,
307.1,3.211e-5,,3.211e-5,
307.15,4.835e-5,,4.835e-5,
307.2,7.230e-5,,7.230e-5,
307.25,1.074e-4,,1.074e-4,
307.3,1.584e-4,,1.584e-4,
307.35,2.314e-4,,2.314e-4,
307.4,3.336e-4,,3.336e-4,
307.45,4.710e-4,,4.710e-4,
307.5,6.469e-4,,6.469e-4,
307.55,8.587e-4,,8.587e-4,
307.6,1.096e-3,,1.096e-3,
307.65,1.340e-3,,1.340e-3,
307.7,1.565e-3,,1.565e-3,
307.75,1.742e-3,,1.742e-3,
307.8,1.847e-3,,1.847e-3,
307.85,1.864e-3,,1.864e-3,
307.9,1.788e-3,,1.788e-3,
307.95,1.632e-3,,1.632e-3,
308,1.418e-3,,1.418e-3,
308.05,1.171e-3,,1.171e-3,
308.1,9.214e-4,,9.214e-4,
308.15,6.904e-4,,6.904e-4,
308.2,4.931e-4,,4.931e-4,
308.25,3.361e-4,,3.361e-4,
308.3,2.189e-4,,2.189e-4,
308.35,1.370e-4,,1.370e-4,
308.4,8.374e-5,,8.374e-5,
308.45,5.325e-5,,5.325e-5,
308.5,4.187e-5,,4.187e-5,
308.55,4.977e-5,,4.977e-5,
308.6,8.243e-5,,8.243e-5,
308.65,1.521e-4,,1.521e-4,
308.7,2.789e-4,,2.789e-4,
308.75,4.911e-4,,4.911e-4,
308.8,8.231e-4,,8.231e-4,
308.85,1.310e-3,,1.310e-3,
308.9,1.980e-3,,1.980e-3,
308.95,2.840e-3,,2.840e-3,
309,3.866e-3,,3.866e-3,
309.05,4.995e-3,,4.995e-3,
309.1,6.125e-3,,6.125e-3,
309.15,7.127e-3,,7.127e-3,
309.2,7.871e-3,,7.871e-3,
309.25,8.251e-3,,8.251e-3,
309.3,8.208e-3,,8.208e-3,
309.35,7.749e-3,,7.749e-3,
309.4,6.943e-3,,6.943e-3,
309.45,5.905e-3,,5.905e-3,
309.5,4.766e-3,,4.766e-3,
309.55,3.650e-3,,3.650e-3,
309.6,2.654e-3,,2.654e-3,
309.65,1.831e-3,,1.831e-3,
309.7,1.199e-3,,1.199e-3,
309.75,7.451e-4,,7.451e-4,
309.8,4.395e-4,,4.395e-4,
309.85,2.461e-4,,2.461e-4,
309.9,1.309e-4,,1.309e-4,
309.95,6.621e-5,,6.621e-5,
310,3.205e-5,,3.205e-5,
310.05,1.512e-5,,1.512e-5,
310.1,7.346e-6,,7.346e-6,
310.15,4.153e-6,,4.153e-6,
310.2,3.124e-6,,3.124e-6,
310.25,3.041e-6,,3.041e-6,
310.3,3.307e-6,,3.307e-6,
310.35,3.626e-6,,3.626e-6,
310.4,3.847e-6,,3.847e-6,
310.45,3.898e-6,,3.898e-6,
310.5,3.756e-6,,3.756e-6,
310.55,3.439e-6,,3.439e-6,
310.6,2.989e-6,,2.989e-6,
310.65,2.467e-6,,2.467e-6,
310.7,1.933e-6,,1.933e-6,
310.75,1.438e-6,,1.438e-6,
310.8,1.016e-6,,1.016e-6,
310.85,6.813e-7,,6.813e-7,
310.9,4.338e-7,,4.338e-7,
310.95,2.623e-7,,2.623e-7,
311,1.505e-7,,1.505e-7,
311.05,8.204e-8,,8.204e-8,
311.1,4.245e-8,,4.245e-8,
311.15,2.086e-8,,2.086e-8,
311.2,9.733e-9,,9.733e-9,
311.25,4.328e-9,,4.328e-9,
311.3,1.879e-9,,1.879e-9,
311.35,9.355e-10,,9.355e-10,
311.4,9.069e-10,,9.069e-10,
311.45,1.889e-9,,1.889e-9,
311.5,4.846e-9,,4.846e-9,
311.55,1.230e-8,,1.230e-8,
311.6,2.983e-8,,2.983e-8,
311.65,6.879e-8,,6.879e-8,
311.7,1.508e-7,,1.508e-7,
311.75,3.144e-7,,3.144e-7,
311.8,6.237e-7,,6.237e-7,
311.85,1.178e-6,,1.178e-6,
311.9,2.123e-6,,2.123e-6,
311.95,3.659e-6,,3.659e-6,
312,6.055e-6,,6.055e-6,
312.05,9.676e-6,,9.676e-6,
312.1,1.506e-5,,1.506e-5,
312.15,2.310e-5,,2.310e-5,
312.2,3.533e-5,,3.533e-5,
312.25,5.446e-5,,5.446e-5,
312.3,8.506e-5,,8.506e-5,
312.35,1.343e-4,,1.343e-4,
312.4,2.122e-4,,2.122e-4,
312.45,3.317e-4,,3.317e-4,
312.5,5.069e-4,,5.069e-4,
312.55,7.502e-4,,7.502e-4,
312.6,1.068e-3,,1.068e-3,
312.65,1.456e-3,,1.456e-3,
312.7,1.895e-3,,1.895e-3,
312.75,2.351e-3,,2.351e-3,
312.8,2.777e-3,,2.777e-3,
312.85,3.121e-3,,3.121e-3,
312.9,3.339e-3,,3.339e-3,
312.95,3.402e-3,,3.402e-3,
313,3.305e-3,,3.305e-3,
313.05,3.069e-3,,3.069e-3,
313.1,2.738e-3,,2.738e-3,
313.15,2.367e-3,,2.367e-3,
313.2,2.008e-3,,2.008e-3,
313.25,1.705e-3,,1.705e-3,
313.3,1.481e-3,,1.481e-3,
313.35,1.340e-3,,1.340e-3,
313.4,1.267e-3,,1.267e-3,
313.45,1.236e-3,,1.236e-3,
313.5,1.218e-3,,1.218e-3,
313.55,1.188e-3,,1.188e-3,
313.6,1.129e-3,,1.129e-3,
313.65,1.035e-3,,1.035e-3,
313.7,9.098e-4,,9.098e-4,
313.75,7.648e-4,,7.648e-4,
313.8,6.138e-4,,6.138e-4,
313.85,4.702e-4,,4.702e-4,
313.9,3.439e-4,,3.439e-4,
313.95,2.405e-4,,2.405e-4,
314,1.610e-4,,1.610e-4,
314.05,1.038e-4,,1.038e-4,
314.1,6.537e-5,,6.537e-5,
314.15,4.164e-5,,4.164e-5,
314.2,2.926e-5,,2.926e-5,
314.25,2.591e-5,,2.591e-5,
314.3,3.063e-5,,3.063e-5,
314.35,4.389e-5,,4.389e-5,
314.4,6.741e-5,,6.741e-5,
314.45,1.039e-4,,1.039e-4,
314.5,1.565e-4,,1.565e-4,
314.55,2.275e-4,,2.275e-4,
314.6,3.178e-4,,3.178e-4,
314.65,4.251e-4,,4.251e-4,
314.7,5.434e-4,,5.434e-4,
314.75,6.627e-4,,6.627e-4,
314.8,7.703e-4,,7.703e-4,
314.85,8.529e-4,,8.529e-4,
314.9,8.990e-4,,8.990e-4,
314.95,9.018e-4,,9.018e-4,
315,8.606e-4,,8.606e-4,
315.05,7.813e-4,,7.813e-4,
315.1,6.746e-4,,6.746e-4,
315.15,5.539e-4,,5.539e-4,
315.2,4.325e-4,,4.325e-4,
315.25,3.212e-4,,3.212e-4,
315.3,2.268e-4,,2.268e-4,
315.35,1.523e-4,,1.523e-4,
315.4,9.721e-5,,9.721e-5,
315.45,5.902e-5,,5.902e-5,
315.5,3.409e-5,,3.409e-5,
315.55,1.876e-5,,1.876e-5,
315.6,9.893e-6,,9.893e-6,
315.65,5.127e-6,,5.127e-6,
315.7,2.854e-6,,2.854e-6,
315.75,2.104e-6,,2.104e-6,
315.8,2.383e-6,,2.383e-6,
315.85,3.513e-6,,3.513e-6,
315.9,5.511e-6,,5.511e-6,
315.95,8.475e-6,,8.475e-6,
316,1.249e-5,,1.249e-5,
316.05,1.755e-5,,1.755e-5,
316.1,2.348e-5,,2.348e-5,
316.15,2.990e-5,,2.990e-5,
316.2,3.624e-5,,3.624e-5,
316.25,4.182e-5,,4.182e-5,
316.3,4.597e-5,,4.597e-5,
316.35,4.815e-5,,4.815e-5,
316.4,4.808e-5,,4.808e-5,
316.45,4.582e-5,,4.582e-5,
316.5,4.173e-5,,4.173e-5,
316.55,3.640e-5,,3.640e-5,
316.6,3.047e-5,,3.047e-5,
316.65,2.457e-5,,2.457e-5,
316.7,1.918e-5,,1.918e-5,
316.75,1.457e-5,,1.457e-5,
316.8,1.085e-5,,1.085e-5,
316.85,8.008e-6,,8.008e-6,
316.9,5.951e-6,,5.951e-6,
316.95,4.578e-6,,4.578e-6,
317,3.805e-6,,3.805e-6,
317.05,3.578e-6,,3.578e-6,
317.1,3.867e-6,,3.867e-6,
317.15,4.647e-6,,4.647e-6,
317.2,5.873e-6,,5.873e-6,
317.25,7.465e-6,,7.465e-6,
317.3,9.295e-6,,9.295e-6,
317.35,1.120e-5,,1.120e-5,
317.4,1.299e-5,,1.299e-5,
317.45,1.451e-5,,1.451e-5,
317.5,1.563e-5,,1.563e-5,
317.55,1.631e-5,,1.631e-5,
317.6,1.657e-5,,1.657e-5,
317.65,1.647e-5,,1.647e-5,
317.7,1.612e-5,,1.612e-5,
317.75,1.558e-5,,1.558e-5,
317.8,1.491e-5,,1.491e-5,
317.85,1.410e-5,,1.410e-5,
317.9,1.313e-5,,1.313e-5,
317.95,1.199e-5,,1.199e-5,
318,1.070e-5,,1.070e-5,
318.05,9.365e-6,,9.365e-6,
318.1,8.200e-6,,8.200e-6,
318.15,7.566e-6,,7.566e-6,
318.2,8.072e-6,,8.072e-6,
318.25,1.072e-5,,1.072e-5,
318.3,1.709e-5,,1.709e-5,
318.35,2.961e-5,,2.961e-5,
318.4,5.174e-5,,5.174e-5,
318.45,8.800e-5,,8.800e-5,
318.5,1.437e-4,,1.437e-4,
318.55,2.239e-4,,2.239e-4,
318.6,3.328e-4,,3.328e-4,
318.65,4.710e-4,,4.710e-4,
318.7,6.349e-4,,6.349e-4,
318.75,8.150e-4,,8.150e-4,
318.8,9.962e-4,,9.962e-4,
318.85,1.159e-3,,1.159e-3,
318.9,1.285e-3,,1.285e-3,
318.95,1.355e-3,,1.355e-3,
319,1.361e-3,,1.361e-3,
319.05,1.302e-3,,1.302e-3,
319.1,1.186e-3,,1.186e-3,
319.15,1.028e-3,,1.028e-3,
319.2,8.485e-4,,8.485e-4,
319.25,6.668e-4,,6.668e-4,
319.3,4.989e-4,,4.989e-4,
319.35,3.554e-4,,3.554e-4,
319.4,2.410e-4,,2.410e-4,
319.45,1.556e-4,,1.556e-4,
319.5,9.567e-5,,9.567e-5,
319.55,5.599e-5,,5.599e-5,
319.6,3.120e-5,,3.120e-5,
319.65,1.655e-5,,1.655e-5,
319.7,8.359e-6,,8.359e-6,
319.75,4.019e-6,,4.019e-6,
319.8,1.840e-6,,1.840e-6,
319.85,8.019e-7,,8.019e-7,
319.9,3.328e-7,,3.328e-7,
319.95,1.316e-7,,1.316e-7,
320,5.012e-8,,5.012e-8,
320.05,1.990e-8,,1.990e-8,
320.1,1.271e-8,,1.271e-8,
320.15,2.126e-8,,2.126e-8,
320.2,5.375e-8,,5.375e-8,
320.25,1.396e-7,,1.396e-7,
320.3,3.484e-7,,3.484e-7,
320.35,8.293e-7,,8.293e-7,
320.4,1.881e-6,,1.881e-6,
320.45,4.064e-6,,4.064e-6,
320.5,8.367e-6,,8.367e-6,
320.55,1.641e-5,,1.641e-5,
320.6,3.066e-5,,3.066e-5,
320.65,5.458e-5,,5.458e-5,
320.7,9.256e-5,,9.256e-5,
320.75,1.495e-4,,1.495e-4,
320.8,2.302e-4,,2.302e-4,
320.85,3.375e-4,,3.375e-4,
320.9,4.716e-4,,4.716e-4,
320.95,6.277e-4,,6.277e-4,
321,7.960e-4,,7.960e-4,
321.05,9.616e-4,,9.616e-4,
321.1,1.107e-3,,1.107e-3,
321.15,1.214e-3,,1.214e-3,
321.2,1.268e-3,,1.268e-3,
321.25,1.263e-3,,1.263e-3,
321.3,1.198e-3,,1.198e-3,
321.35,1.083e-3,,1.083e-3,
321.4,9.339e-4,,9.339e-4,
321.45,7.674e-4,,7.674e-4,
321.5,6.015e-4,,6.015e-4,
321.55,4.499e-4,,4.499e-4,
321.6,3.214e-4,,3.214e-4,
321.65,2.196e-4,,2.196e-4,
321.7,1.437e-4,,1.437e-4,
321.75,9.025e-5,,9.025e-5,
321.8,5.461e-5,,5.461e-5,
321.85,3.197e-5,,3.197e-5,
321.9,1.823e-5,,1.823e-5,
321.95,1.022e-5,,1.022e-5,
322,5.741e-6,,5.741e-6,
322.05,3.357e-6,,3.357e-6,
322.1,2.210e-6,,2.210e-6,
322.15,1.809e-6,,1.809e-6,
322.2,1.887e-6,,1.887e-6,
322.25,2.296e-6,,2.296e-6,
322.3,2.940e-6,,2.940e-6,
322.35,3.735e-6,,3.735e-6,
322.4,4.594e-6,,4.594e-6,
322.45,5.416e-6,,5.416e-6,
322.5,6.099e-6,,6.099e-6,
322.55,6.552e-6,,6.552e-6,
322.6,6.712e-6,,6.712e-6,
322.65,6.558e-6,,6.558e-6,
322.7,6.112e-6,,6.112e-6,
322.75,5.443e-6,,5.443e-6,
322.8,4.646e-6,,4.646e-6,
322.85,3.827e-6,,3.827e-6,
322.9,3.091e-6,,3.091e-6,
322.95,2.523e-6,,2.523e-6,
323,2.188e-6,,2.188e-6,
323.05,2.122e-6,,2.122e-6,
323.1,2.338e-6,,2.338e-6,
323.15,2.820e-6,,2.820e-6,
323.2,3.526e-6,,3.526e-6,
323.25,4.385e-6,,4.385e-6,
323.3,5.304e-6,,5.304e-6,
323.35,6.169e-6,,6.169e-6,
323.4,6.866e-6,,6.866e-6,
323.45,7.298e-6,,7.298e-6,
323.5,7.399e-6,,7.399e-6,
323.55,7.154e-6,,7.154e-6,
323.6,6.596e-6,,6.596e-6,
323.65,5.797e-6,,5.797e-6,
323.7,4.858e-6,,4.858e-6,
323.75,3.881e-6,,3.881e-6,
323.8,2.955e-6,,2.955e-6,
323.85,2.146e-6,,2.146e-6,
323.9,1.485e-6,,1.485e-6,
323.95,9.801e-7,,9.801e-7,
324,6.166e-7,,6.166e-7,
324.05,3.698e-7,,3.698e-7,
324.1,2.114e-7,,2.114e-7,
324.15,1.153e-7,,1.153e-7,
324.21,5.225e-8,,5.225e-8,
324.26,2.564e-8,,2.564e-8,
324.31,1.199e-8,,1.199e-8,
324.36,5.349e-9,,5.349e-9,
324.41,2.275e-9,,2.275e-9,
324.46,9.237e-10,,9.237e-10,
324.51,3.626e-10,,3.626e-10,
324.56,1.522e-10,,1.522e-10,
324.61,1.121e-10,,1.121e-10,
324.66,2.133e-10,,2.133e-10,
324.71,5.708e-10,,5.708e-10,
324.76,1.545e-9,,1.545e-9,
324.81,4.018e-9,,4.018e-9,
324.86,9.974e-9,,9.974e-9,
324.91,2.363e-8,,2.363e-8,
324.96,5.339e-8,,5.339e-8,
325.01,1.151e-7,,1.151e-7,
325.06,2.368e-7,,2.368e-7,
325.11,4.647e-7,,4.647e-7,
325.16,8.701e-7,,8.701e-7,
325.21,1.555e-6,,1.555e-6,
325.26,2.650e-6,,2.650e-6,
325.31,4.312e-6,,4.312e-6,
325.36,6.694e-6,,6.694e-6,
325.41,9.918e-6,,9.918e-6,
325.46,1.403e-5,,1.403e-5,
325.51,1.893e-5,,1.893e-5,
325.56,2.440e-5,,2.440e-5,
325.61,3.002e-5,,3.002e-5,
325.66,3.528e-5,,3.528e-5,
325.71,3.961e-5,,3.961e-5,
325.76,4.249e-5,,4.249e-5,
325.81,4.356e-5,,4.356e-5,
325.86,4.271e-5,,4.271e-5,
325.91,4.006e-5,,4.006e-5,
325.96,3.597e-5,,3.597e-5,
326.01,3.093e-5,,3.093e-5,
326.06,2.549e-5,,2.549e-5,
326.11,2.015e-5,,2.015e-5,
326.16,1.529e-5,,1.529e-5,
326.21,1.115e-5,,1.115e-5,
326.26,7.816e-6,,7.816e-6,
326.31,5.273e-6,,5.273e-6,
326.36,3.427e-6,,3.427e-6,
326.41,2.147e-6,,2.147e-6,
326.46,1.298e-6,,1.298e-6,
326.51,7.589e-7,,7.589e-7,
326.56,4.340e-7,,4.340e-7,
326.61,2.520e-7,,2.520e-7,
326.66,1.670e-7,,1.670e-7,
326.71,1.541e-7,,1.541e-7,
326.76,2.072e-7,,2.072e-7,
326.81,3.356e-7,,3.356e-7,
326.86,5.618e-7,,5.618e-7,
326.91,9.180e-7,,9.180e-7,
326.96,1.440e-6,,1.440e-6,
327.01,2.160e-6,,2.160e-6,
327.06,3.093e-6,,3.093e-6,
327.11,4.227e-6,,4.227e-6,
327.16,5.514e-6,,5.514e-6,
327.21,6.865e-6,,6.865e-6,
327.26,8.159e-6,,8.159e-6,
327.31,9.254e-6,,9.254e-6,
327.36,1.002e-5,,1.002e-5,
327.41,1.036e-5,,1.036e-5,
327.46,1.023e-5,,1.023e-5,
327.51,9.685e-6,,9.685e-6,
327.56,8.834e-6,,8.834e-6,
327.61,7.905e-6,,7.905e-6,
327.66,7.249e-6,,7.249e-6,
327.71,7.417e-6,,7.417e-6,
327.76,9.300e-6,,9.300e-6,
327.81,1.435e-5,,1.435e-5,
327.86,2.488e-5,,2.488e-5,
327.91,4.442e-5,,4.442e-5,
327.96,7.796e-5,,7.796e-5,
328.01,1.320e-4,,1.320e-4,
328.06,2.143e-4,,2.143e-4,
328.11,3.325e-4,,3.325e-4,
328.16,4.929e-4,,4.929e-4,
328.21,6.975e-4,,6.975e-4,
328.26,9.425e-4,8.942e-9,9.425e-4,
328.31,1.216e-3,5.683e-8,1.216e-3,
328.36,1.498e-3,3.270e-7,1.498e-3,
328.41,1.763e-3,1.797e-6,1.761e-3,
328.46,1.987e-3,9.439e-6,1.978e-3,
328.51,2.167e-3,4.735e-5,2.120e-3,
328.56,2.396e-3,2.270e-4,2.169e-3,
328.61,3.159e-3,1.039e-3,2.120e-3,
328.66,6.525e-3,4.547e-3,1.978e-3,
328.71,2.077e-2,1.901e-2,1.761e-3,
328.76,7.740e-2,7.590e-2,1.498e-3,
328.81,2.908e-1,2.896e-1,1.216e-3,
328.86,1.057e+0,1.056e+0,9.425e-4,
328.91,3.677e+0,3.676e+0,6.975e-4,
328.96,1.223e+1,1.223e+1,4.928e-4,
329.01,3.889e+1,3.889e+1,3.324e-4,
329.06,1.182e+2,1.182e+2,2.141e-4,
329.11,3.430e+2,3.430e+2,1.316e-4,
329.16,9.511e+2,9.511e+2,7.728e-5,
329.21,2.521e+3,2.521e+3,4.331e-5,
329.26,6.382e+3,6.382e+3,2.318e-5,
329.31,1.544e+4,1.544e+4,1.184e-5,
329.36,3.570e+4,3.570e+4,5.776e-6,
329.41,7.888e+4,7.888e+4,2.690e-6,
329.46,1.665e+5,1.665e+5,1.196e-6,
329.51,3.359e+5,3.359e+5,5.087e-7,
329.56,6.476e+5,6.476e+5,2.084e-7,
329.61,1.193e+6,1.193e+6,8.566e-8,
329.66,2.100e+6,2.100e+6,4.276e-8,
329.71,3.534e+6,3.534e+6,3.853e-8,
329.76,5.682e+6,5.682e+6,6.021e-8,
329.81,8.731e+6,8.731e+6,1.103e-7,
329.86,1.282e+7,1.282e+7,2.010e-7,
329.91,1.800e+7,1.800e+7,3.525e-7,
329.96,2.414e+7,2.414e+7,5.911e-7,
330.01,3.095e+7,3.095e+7,9.471e-7,
330.06,3.792e+7,3.792e+7,1.450e-6,
330.11,4.441e+7,4.441e+7,2.120e-6,
330.16,4.971e+7,4.971e+7,2.961e-6,
330.21,5.319e+7,5.319e+7,3.951e-6,
330.26,5.439e+7,5.439e+7,5.035e-6,
330.31,5.316e+7,5.316e+7,6.131e-6,
330.36,4.967e+7,4.967e+7,7.130e-6,
330.41,4.436e+7,4.436e+7,7.922e-6,
330.46,3.787e+7,3.787e+7,8.408e-6,
330.51,3.090e+7,3.090e+7,8.524e-6,
330.56,2.410e+7,2.410e+7,8.255e-6,
330.61,1.797e+7,1.797e+7,7.637e-6,
330.66,1.281e+7,1.281e+7,6.749e-6,
330.71,8.724e+6,8.724e+6,5.698e-6,
330.76,5.681e+6,5.681e+6,4.595e-6,
330.81,3.537e+6,3.537e+6,3.541e-6,
330.86,2.105e+6,2.105e+6,2.608e-6,
330.91,1.197e+6,1.197e+6,1.838e-6,
330.96,6.510e+5,6.510e+5,1.245e-6,
331.01,3.384e+5,3.384e+5,8.222e-7,
331.06,1.682e+5,1.682e+5,5.505e-7,
331.11,7.987e+4,7.987e+4,4.117e-7,
331.16,3.627e+4,3.627e+4,3.939e-7,
331.21,1.574e+4,1.574e+4,4.967e-7,
331.26,6.531e+3,6.531e+3,7.318e-7,
331.31,2.590e+3,2.590e+3,1.120e-6,
331.36,9.820e+2,9.820e+2,1.687e-6,
331.41,3.558e+2,3.558e+2,2.450e-6,
331.46,1.233e+2,1.233e+2,3.408e-6,
331.51,4.081e+1,4.081e+1,4.536e-6,
331.56,1.292e+1,1.292e+1,5.769e-6,
331.61,3.908e+0,3.908e+0,7.013e-6,
331.66,1.130e+0,1.130e+0,8.147e-6,
331.71,3.123e-1,3.123e-1,9.044e-6,
331.76,8.251e-2,8.250e-2,9.595e-6,
331.81,2.084e-2,2.083e-2,9.727e-6,
331.86,5.036e-3,5.027e-3,9.425e-6,
331.91,1.168e-3,1.159e-3,8.731e-6,
331.96,2.633e-4,2.556e-4,7.735e-6,
332.01,6.041e-5,5.385e-5,6.562e-6,
332.06,1.619e-5,1.084e-5,5.346e-6,
332.11,6.299e-6,2.086e-6,4.212e-6,
332.16,3.642e-6,3.837e-7,3.258e-6,
332.21,2.620e-6,6.744e-8,2.553e-6,
332.26,2.144e-6,9.265e-9,2.135e-6,
332.31,2.018e-6,,2.018e-6,
332.36,2.195e-6,,2.195e-6,
332.41,2.641e-6,,2.641e-6,
332.46,3.312e-6,,3.312e-6,
332.51,4.143e-6,,4.143e-6,
332.56,5.050e-6,,5.050e-6,
332.61,5.933e-6,,5.933e-6,
332.66,6.685e-6,,6.685e-6,
332.71,7.211e-6,,7.211e-6,
332.76,7.439e-6,,7.439e-6,
332.81,7.338e-6,,7.338e-6,
332.86,6.919e-6,,6.919e-6,
332.91,6.237e-6,,6.237e-6,
332.96,5.373e-6,,5.373e-6,
333.01,4.425e-6,,4.425e-6,
333.06,3.483e-6,,3.483e-6,
333.11,2.621e-6,,2.621e-6,
333.16,1.885e-6,,1.885e-6,
333.21,1.296e-6,,1.296e-6,
333.26,8.514e-7,,8.514e-7,
333.31,5.348e-7,,5.348e-7,
333.36,3.211e-7,,3.211e-7,
333.41,1.842e-7,,1.842e-7,
333.46,1.011e-7,,1.011e-7,
333.51,5.299e-8,,5.299e-8,
333.56,2.655e-8,,2.655e-8,
333.61,1.272e-8,,1.272e-8,
333.66,5.824e-9,,5.824e-9,
333.71,2.549e-9,,2.549e-9,
333.76,1.066e-9,,1.066e-9,
333.81,4.264e-10,,4.264e-10,
333.86,1.630e-10,,1.630e-10,
333.91,5.955e-11,,5.955e-11,
333.96,2.080e-11,,2.080e-11,
334.01,6.942e-12,,6.942e-12,
334.06,2.215e-12,,2.215e-12,
334.11,6.755e-13,,6.755e-13,
334.16,1.969e-13,,1.969e-13,
334.21,5.487e-14,,5.487e-14,
334.26,1.461e-14,,1.461e-14,
334.31,3.720e-15,,3.720e-15,
334.36,9.053e-16,,9.053e-16,
334.41,2.106e-16,,2.106e-16,
334.46,4.682e-17,,4.682e-17,
334.51,9.949e-18,,9.949e-18,
334.56,2.021e-18,,2.021e-18,
334.61,3.924e-19,,3.924e-19,
334.66,7.283e-20,,7.283e-20,
334.71,1.292e-20,,1.292e-20,
334.76,2.191e-21,,2.191e-21,
340.66,3.784e-22,3.784e-22,,
340.71,2.176e-21,2.176e-21,,
340.76,1.199e-20,1.199e-20,,
340.81,6.335e-20,6.335e-20,,
340.86,3.207e-19,3.207e-19,,
340.91,1.555e-18,1.555e-18,,
340.96,7.231e-18,7.231e-18,,
341.01,3.221e-17,3.221e-17,,
341.06,1.375e-16,1.375e-16,,
341.11,5.627e-16,5.627e-16,,
341.16,2.206e-15,2.206e-15,,
341.21,8.290e-15,8.290e-15,,
341.26,2.985e-14,2.985e-14,,
341.31,1.030e-13,1.030e-13,,
341.36,3.407e-13,3.407e-13,,
341.41,1.080e-12,1.080e-12,,
341.46,3.279e-12,3.279e-12,,
341.51,9.545e-12,9.545e-12,,
341.56,2.662e-11,2.662e-11,,
341.61,7.117e-11,7.117e-11,,
341.66,1.823e-10,1.823e-10,,
341.71,4.476e-10,4.476e-10,,
341.76,1.053e-9,1.053e-9,,
341.81,2.374e-9,2.374e-9,,
341.86,5.130e-9,5.130e-9,,
341.91,1.062e-8,1.062e-8,,
341.96,2.108e-8,2.108e-8,,
342.01,4.008e-8,4.008e-8,,
342.06,7.305e-8,7.305e-8,,
342.11,1.276e-7,1.276e-7,,
342.16,2.135e-7,2.135e-7,,
342.21,3.425e-7,3.425e-7,,
342.26,5.264e-7,5.264e-7,,
342.31,7.755e-7,7.755e-7,,
342.36,1.095e-6,1.095e-6,,
342.41,1.481e-6,1.481e-6,,
342.46,1.920e-6,1.920e-6,,
342.51,2.386e-6,2.386e-6,,
342.56,2.840e-6,2.840e-6,,
342.61,3.241e-6,3.241e-6,,
342.66,3.544e-6,3.544e-6,,
342.71,3.714e-6,3.714e-6,,
342.76,3.730e-6,3.730e-6,,
342.81,3.590e-6,3.590e-6,,
342.86,3.311e-6,3.311e-6,,
342.91,2.926e-6,2.926e-6,,
342.96,2.479e-6,2.479e-6,,
343.01,2.012e-6,2.012e-6,,
343.06,1.565e-6,1.565e-6,,
343.11,1.167e-6,1.167e-6,,
343.16,8.337e-7,8.337e-7,,
343.21,5.708e-7,5.708e-7,,
343.26,3.745e-7,3.745e-7,,
343.31,2.355e-7,2.355e-7,,
343.36,1.419e-7,1.419e-7,,
343.41,8.195e-8,8.195e-8,,
343.46,4.535e-8,4.535e-8,,
343.51,2.405e-8,2.405e-8,,
343.56,1.222e-8,1.222e-8,,
343.61,5.954e-9,5.954e-9,,
343.66,2.779e-9,2.779e-9,,
343.71,1.243e-9,1.243e-9,,
343.76,5.329e-10,5.329e-10,,
343.81,2.189e-10,2.189e-10,,
343.86,8.620e-11,8.620e-11,,
343.91,3.252e-11,3.252e-11,,
343.96,1.176e-11,1.176e-11,,
344.01,4.074e-12,4.074e-12,,
344.06,1.353e-12,1.353e-12,,
344.11,4.306e-13,4.306e-13,,
344.16,1.313e-13,1.313e-13,,
344.21,3.837e-14,3.837e-14,,
344.26,1.075e-14,1.075e-14,,
344.31,2.885e-15,2.885e-15,,
344.36,7.420e-16,7.420e-16,,
344.41,1.829e-16,1.829e-16,,
344.46,4.321e-17,4.321e-17,,
344.51,9.782e-18,9.782e-18,,
344.56,2.122e-18,2.122e-18,,
344.61,4.412e-19,4.412e-19,,
344.66,8.792e-20,8.792e-20,,
344.71,1.679e-20,1.679e-20,,
344.76,3.072e-21,3.072e-21,,
344.81,5.387e-22,5.387e-22,,
346.81,2.116e-21,2.116e-21,,
346.86,1.145e-20,1.145e-20,,
346.91,5.944e-20,5.944e-20,,
346.96,2.962e-19,2.962e-19,,
347.01,1.417e-18,1.417e-18,,
347.06,6.503e-18,6.503e-18,,
347.11,2.865e-17,2.865e-17,,
347.16,1.211e-16,1.211e-16,,
347.21,4.916e-16,4.916e-16,,
347.26,1.915e-15,1.915e-15,,
347.31,7.157e-15,7.157e-15,,
347.36,2.568e-14,2.568e-14,,
347.41,8.841e-14,8.841e-14,,
347.46,2.921e-13,2.921e-13,,
347.51,9.266e-13,9.266e-13,,
347.56,2.821e-12,2.821e-12,,
347.61,8.240e-12,8.240e-12,,
347.66,2.310e-11,2.310e-11,,
347.71,6.218e-11,6.218e-11,,
347.76,1.606e-10,1.606e-10,,
347.81,3.981e-10,3.981e-10,,
347.86,9.470e-10,9.470e-10,,
347.91,2.162e-9,2.162e-9,,
347.96,4.739e-9,4.739e-9,,
348.01,9.967e-9,9.967e-9,,
348.06,2.012e-8,2.012e-8,,
348.11,3.898e-8,3.898e-8,,
348.16,7.248e-8,7.248e-8,,
348.21,1.293e-7,1.293e-7,,
348.26,2.215e-7,2.215e-7,,
348.31,3.642e-7,3.642e-7,,
348.36,5.745e-7,5.745e-7,,
348.41,8.699e-7,8.699e-7,,
348.46,1.264e-6,1.264e-6,,
348.51,1.763e-6,1.763e-6,,
348.56,2.360e-6,2.360e-6,,
348.61,3.032e-6,3.032e-6,,
348.66,3.739e-6,3.739e-6,,
348.71,4.425e-6,4.425e-6,,
348.76,5.026e-6,5.026e-6,,
348.81,5.479e-6,5.479e-6,,
348.86,5.732e-6,5.732e-6,,
348.91,5.756e-6,5.756e-6,,
348.96,5.547e-6,5.547e-6,,
349.01,5.130e-6,5.130e-6,,
349.06,4.554e-6,4.554e-6,,
349.11,3.880e-6,3.880e-6,,
349.16,3.173e-6,3.173e-6,,
349.21,2.491e-6,2.491e-6,,
349.26,1.879e-6,1.879e-6,,
349.31,1.363e-6,1.363e-6,,
349.36,9.552e-7,9.552e-7,,
349.41,6.558e-7,6.558e-7,,
349.46,4.571e-7,4.571e-7,,
349.51,3.508e-7,3.508e-7,,
349.56,3.316e-7,3.316e-7,,
349.61,4.008e-7,4.008e-7,,
349.66,5.669e-7,5.669e-7,,
349.71,8.448e-7,8.448e-7,,
349.76,1.252e-6,1.252e-6,,
349.81,1.803e-6,1.803e-6,,
349.86,2.503e-6,2.503e-6,,
349.91,3.341e-6,3.341e-6,,
349.96,4.283e-6,4.283e-6,,
350.01,5.272e-6,5.272e-6,,
350.06,6.232e-6,6.232e-6,,
350.11,7.072e-6,7.072e-6,,
350.16,7.706e-6,7.706e-6,,
350.21,8.065e-6,8.065e-6,,
350.26,8.108e-6,8.108e-6,,
350.31,7.835e-6,7.835e-6,,
350.36,7.286e-6,7.286e-6,,
350.41,6.536e-6,6.536e-6,,
350.46,5.681e-6,5.681e-6,,
350.51,4.826e-6,4.826e-6,,
350.56,4.066e-6,4.066e-6,,
350.61,3.479e-6,3.479e-6,,
350.66,3.114e-6,3.114e-6,,
350.71,2.989e-6,2.989e-6,,
350.76,3.095e-6,3.095e-6,,
350.81,3.391e-6,3.391e-6,,
350.86,3.818e-6,3.818e-6,,
350.91,4.301e-6,4.301e-6,,
350.96,4.758e-6,4.758e-6,,
351.01,5.117e-6,5.117e-6,,
351.06,5.317e-6,5.317e-6,,
351.11,5.321e-6,5.321e-6,,
351.16,5.123e-6,5.123e-6,1.562e-19,
351.21,4.739e-6,4.739e-6,8.572e-19,
351.26,4.211e-6,4.211e-6,4.519e-18,
351.31,3.594e-6,3.594e-6,2.288e-17,
351.36,2.946e-6,2.946e-6,1.114e-16,
351.41,2.319e-6,2.319e-6,5.205e-16,
351.46,1.753e-6,1.753e-6,2.338e-15,
351.51,1.272e-6,1.272e-6,1.009e-14,
351.56,8.867e-7,8.867e-7,4.181e-14,
351.61,5.934e-7,5.934e-7,1.665e-13,
351.66,3.814e-7,3.814e-7,6.372e-13,
351.71,2.354e-7,2.354e-7,2.342e-12,
351.76,1.395e-7,1.395e-7,8.272e-12,
351.81,7.939e-8,7.936e-8,2.807e-11,
351.86,4.346e-8,4.336e-8,9.149e-11,
351.91,2.304e-8,2.275e-8,2.865e-10,
351.96,1.233e-8,1.146e-8,8.621e-10,
352.01,8.038e-9,5.546e-9,2.492e-9,
352.06,9.498e-9,2.577e-9,6.921e-9,
352.11,1.962e-8,1.149e-9,1.847e-8,
352.16,4.783e-8,4.924e-10,4.733e-8,
352.21,1.168e-7,2.025e-10,1.166e-7,
352.26,2.759e-7,8.000e-11,2.758e-7,
352.31,6.270e-7,3.035e-11,6.269e-7,
352.36,1.369e-6,1.105e-11,1.369e-6,
352.41,2.873e-6,3.865e-12,2.873e-6,
352.46,5.791e-6,1.298e-12,5.791e-6,
352.51,1.121e-5,4.186e-13,1.121e-5,
352.56,2.086e-5,1.296e-13,2.086e-5,
352.61,3.729e-5,3.855e-14,3.729e-5,
352.66,6.405e-5,1.101e-14,6.405e-5,
352.71,1.057e-4,3.018e-15,1.057e-4,
352.76,1.675e-4,7.946e-16,1.675e-4,
352.81,2.551e-4,2.009e-16,2.551e-4,
352.86,3.732e-4,4.877e-17,3.732e-4,
352.91,5.245e-4,1.137e-17,5.245e-4,
352.96,7.084e-4,2.545e-18,7.084e-4,
353.01,9.190e-4,5.471e-19,9.190e-4,
353.06,1.146e-3,1.129e-19,1.146e-3,
353.11,1.372e-3,2.238e-20,1.372e-3,
353.16,1.578e-3,4.260e-21,1.578e-3,
353.21,1.744e-3,7.785e-22,1.744e-3,
353.26,1.853e-3,,1.853e-3,
353.31,1.890e-3,,1.890e-3,
353.36,1.853e-3,,1.853e-3,
353.41,1.744e-3,,1.744e-3,
353.46,1.578e-3,,1.578e-3,
353.51,1.372e-3,,1.372e-3,
353.56,1.146e-3,,1.146e-3,
353.61,9.190e-4,,9.190e-4,
353.66,7.084e-4,,7.084e-4,
353.71,5.245e-4,,5.245e-4,
353.76,3.732e-4,,3.732e-4,
353.81,2.551e-4,,2.551e-4,
353.86,1.675e-4,,1.675e-4,
353.91,1.057e-4,,1.057e-4,
353.96,6.405e-5,,6.405e-5,
354.01,3.729e-5,,3.729e-5,
354.06,2.086e-5,,2.086e-5,
354.11,1.121e-5,,1.121e-5,
354.16,5.791e-6,,5.791e-6,
354.21,2.873e-6,,2.873e-6,
354.26,1.369e-6,,1.369e-6,
354.31,6.269e-7,,6.269e-7,
354.36,2.758e-7,,2.758e-7,
354.41,1.166e-7,,1.166e-7,
354.46,4.733e-8,,4.733e-8,
354.51,1.847e-8,,1.847e-8,
354.56,6.921e-9,,6.921e-9,
354.61,2.492e-9,,2.492e-9,
354.66,8.621e-10,,8.621e-10,
354.71,2.865e-10,,2.865e-10,
354.76,9.149e-11,,9.149e-11,
354.81,2.807e-11,,2.807e-11,
354.86,8.272e-12,,8.272e-12,
354.91,2.342e-12,,2.342e-12,
354.96,6.372e-13,,6.372e-13,
355.01,1.665e-13,,1.665e-13,
355.07,3.156e-14,,3.156e-14,
355.12,7.554e-15,,7.554e-15,
355.17,1.737e-15,,1.737e-15,
355.22,3.836e-16,,3.836e-16,
355.27,8.141e-17,,8.141e-17,
355.32,1.660e-17,,1.660e-17,
355.37,3.251e-18,,3.251e-18,
355.42,6.118e-19,,6.118e-19,
360.92,6.196e-20,,6.196e-20,
360.97,3.249e-19,,3.249e-19,
361.02,1.640e-18,,1.640e-18,
361.07,7.973e-18,,7.973e-18,
361.12,3.731e-17,,3.731e-17,
361.17,1.681e-16,,1.681e-16,
361.22,7.294e-16,,7.294e-16,
361.27,3.046e-15,,3.046e-15,
361.32,1.225e-14,,1.225e-14,
361.37,4.743e-14,,4.743e-14,
361.42,1.768e-13,,1.768e-13,
361.47,6.345e-13,,6.345e-13,
361.52,2.193e-12,,2.193e-12,
361.57,7.294e-12,,7.294e-12,
361.62,2.336e-11,,2.336e-11,
361.67,7.205e-11,,7.205e-11,
361.72,2.139e-10,,2.139e-10,
361.77,6.115e-10,,6.115e-10,
361.82,1.683e-9,,1.683e-9,
361.87,4.460e-9,,4.460e-9,
361.92,1.138e-8,,1.138e-8,
361.97,2.795e-8,,2.795e-8,
362.02,6.610e-8,,6.610e-8,
362.07,1.505e-7,,1.505e-7,
362.12,3.299e-7,,3.299e-7,
362.17,6.964e-7,,6.964e-7,
362.22,1.415e-6,,1.415e-6,
362.27,2.769e-6,,2.769e-6,
362.32,5.216e-6,,5.216e-6,
362.37,9.459e-6,,9.459e-6,
362.42,1.652e-5,,1.652e-5,
362.47,2.777e-5,,2.777e-5,
362.52,4.494e-5,,4.494e-5,
362.57,7.004e-5,,7.004e-5,
362.62,1.051e-4,,1.051e-4,
362.67,1.518e-4,,1.518e-4,
362.72,2.111e-4,,2.111e-4,
362.77,2.827e-4,,2.827e-4,
362.82,3.645e-4,,3.645e-4,
362.87,4.524e-4,,4.524e-4,
362.92,5.407e-4,,5.407e-4,
362.97,6.222e-4,,6.222e-4,
363.02,6.892e-4,,6.892e-4,
363.07,7.351e-4,,7.351e-4,
363.12,7.549e-4,,7.549e-4,
363.17,7.463e-4,,7.463e-4,
363.22,7.104e-4,,7.104e-4,
363.27,6.511e-4,,6.511e-4,
363.32,5.745e-4,,5.745e-4,
363.37,4.881e-4,,4.881e-4,
363.42,3.992e-4,,3.992e-4,
363.47,3.144e-4,,3.144e-4,
363.52,2.384e-4,,2.384e-4,
363.57,1.740e-4,,1.740e-4,
363.62,1.223e-4,,1.223e-4,
363.67,8.276e-5,,8.276e-5,
363.72,5.392e-5,,5.392e-5,
363.77,3.382e-5,,3.382e-5,
363.82,2.042e-5,,2.042e-5,
363.87,1.188e-5,,1.188e-5,
363.92,6.648e-6,,6.648e-6,
363.97,3.583e-6,,3.583e-6,
364.02,1.859e-6,,1.859e-6,
364.07,9.290e-7,,9.290e-7,
364.12,4.469e-7,,4.469e-7,
364.17,2.070e-7,,2.070e-7,
364.22,9.228e-8,,9.228e-8,
364.27,3.962e-8,,3.962e-8,
364.32,1.638e-8,,1.638e-8,
364.37,6.517e-9,,6.517e-9,
364.42,2.497e-9,,2.497e-9,
364.47,9.210e-10,,9.210e-10,
364.52,3.271e-10,,3.271e-10,
364.57,1.119e-10,,1.119e-10,
364.62,3.683e-11,,3.683e-11,
364.67,1.167e-11,,1.167e-11,
364.72,3.562e-12,,3.562e-12,
364.77,1.047e-12,,1.047e-12,
364.82,2.961e-13,,2.961e-13,
364.87,8.065e-14,,8.065e-14,
364.92,2.115e-14,,2.115e-14,
364.97,5.340e-15,,5.340e-15,
365.02,1.298e-15,,1.298e-15,
365.07,3.038e-16,,3.038e-16,
365.12,6.845e-17,,6.845e-17,
365.17,1.485e-17,,1.485e-17,
365.22,3.102e-18,,3.102e-18,
365.27,6.237e-19,,6.237e-19,
365.32,1.208e-19,,1.208e-19,
382.47,3.546e-22,3.546e-22,,
382.52,1.682e-21,1.682e-21,,
382.57,7.712e-21,7.712e-21,,
382.62,3.419e-20,3.419e-20,,
382.67,1.465e-19,1.465e-19,,
382.72,6.072e-19,6.072e-19,,
382.77,2.433e-18,2.433e-18,,
382.82,9.422e-18,9.422e-18,,
382.87,3.528e-17,3.528e-17,,
382.92,1.277e-16,1.277e-16,,
382.97,4.470e-16,4.470e-16,,
383.02,1.513e-15,1.513e-15,,
383.07,4.949e-15,4.949e-15,,
383.12,1.565e-14,1.565e-14,,
383.17,4.786e-14,4.786e-14,,
383.22,1.415e-13,1.415e-13,,
383.27,4.044e-13,4.044e-13,,
383.32,1.117e-12,1.117e-12,,
383.37,2.985e-12,2.985e-12,,
383.42,7.710e-12,7.710e-12,,
383.47,1.925e-11,1.925e-11,,
383.52,4.647e-11,4.647e-11,,
383.57,1.085e-10,1.085e-10,,
383.62,2.448e-10,2.448e-10,,
383.67,5.339e-10,5.339e-10,,
383.72,1.126e-9,1.126e-9,,
383.77,2.296e-9,2.296e-9,,
383.82,4.527e-9,4.527e-9,,
383.87,8.627e-9,8.627e-9,,
383.92,1.590e-8,1.590e-8,,
383.97,2.832e-8,2.832e-8,,
384.02,4.877e-8,4.877e-8,,
384.07,8.121e-8,8.121e-8,,
384.12,1.307e-7,1.307e-7,,
384.17,2.035e-7,2.035e-7,,
384.22,3.062e-7,3.062e-7,,
384.27,4.454e-7,4.454e-7,,
384.32,6.264e-7,6.264e-7,,
384.37,8.517e-7,8.517e-7,,
384.42,1.120e-6,1.120e-6,,
384.47,1.423e-6,1.423e-6,,
384.52,1.749e-6,1.749e-6,,
384.57,2.077e-6,2.077e-6,,
384.62,2.386e-6,2.386e-6,,
384.67,2.649e-6,2.649e-6,,
384.72,2.843e-6,2.843e-6,,
384.77,2.951e-6,2.951e-6,,
384.82,2.961e-6,2.961e-6,,
384.87,2.872e-6,2.872e-6,,
384.92,2.694e-6,2.694e-6,,
384.97,2.443e-6,2.443e-6,,
385.02,2.141e-6,2.141e-6,,
385.07,1.815e-6,1.815e-6,,
385.12,1.487e-6,1.487e-6,,
385.17,1.178e-6,1.178e-6,,
385.22,9.021e-7,9.021e-7,,
385.27,6.681e-7,6.681e-7,,
385.32,4.785e-7,4.785e-7,,
385.37,3.318e-7,3.318e-7,,
385.42,2.233e-7,2.233e-7,,
385.47,1.473e-7,1.473e-7,,
385.52,9.771e-8,9.771e-8,,
385.57,7.001e-8,7.001e-8,,
385.62,6.149e-8,6.149e-8,,
385.67,7.220e-8,7.220e-8,,
385.72,1.054e-7,1.054e-7,,
385.77,1.679e-7,1.679e-7,,
385.82,2.706e-7,2.706e-7,,
385.87,4.280e-7,4.280e-7,,
385.93,7.140e-7,7.140e-7,,
385.98,1.056e-6,1.056e-6,,
386.03,1.510e-6,1.510e-6,,
386.08,2.089e-6,2.089e-6,,
386.13,2.794e-6,2.794e-6,,
386.18,3.616e-6,3.616e-6,,
386.23,4.525e-6,4.525e-6,,
386.28,5.475e-6,5.475e-6,,
386.33,6.408e-6,6.408e-6,,
386.38,7.253e-6,7.253e-6,,
386.43,7.938e-6,7.938e-6,,
386.48,8.403e-6,8.403e-6,,
386.53,8.602e-6,8.602e-6,,
386.58,8.516e-6,8.516e-6,,
386.63,8.154e-6,8.154e-6,,
386.68,7.550e-6,7.550e-6,,
386.73,6.760e-6,6.760e-6,,
386.78,5.854e-6,5.854e-6,,
386.83,4.903e-6,4.903e-6,,
386.88,3.971e-6,3.971e-6,,
386.93,3.111e-6,3.111e-6,,
386.98,2.358e-6,2.358e-6,,
387.03,1.731e-6,1.731e-6,,
387.08,1.233e-6,1.233e-6,,
387.13,8.579e-7,8.579e-7,,
387.18,5.950e-7,5.950e-7,,
387.23,4.319e-7,4.319e-7,,
387.28,3.612e-7,3.612e-7,,
387.33,3.837e-7,3.837e-7,,
387.38,5.116e-7,5.116e-7,,
387.43,7.707e-7,7.707e-7,,
387.48,1.201e-6,1.201e-6,,
387.53,1.857e-6,1.857e-6,,
387.58,2.800e-6,2.800e-6,,
387.63,4.098e-6,4.098e-6,,
387.68,5.808e-6,5.808e-6,,
387.73,7.968e-6,7.968e-6,,
387.78,1.058e-5,1.058e-5,,
387.83,1.359e-5,1.359e-5,,
387.88,1.691e-5,1.691e-5,,
387.93,2.036e-5,2.036e-5,,
387.98,2.373e-5,2.373e-5,,
388.03,2.679e-5,2.679e-5,,
388.08,2.931e-5,2.931e-5,,
388.13,3.107e-5,3.107e-5,,
388.18,3.194e-5,3.194e-5,,
388.23,3.187e-5,3.187e-5,,
388.28,3.087e-5,3.087e-5,,
388.33,2.908e-5,2.908e-5,,
388.38,2.665e-5,2.665e-5,,
388.43,2.380e-5,2.380e-5,,
388.48,2.075e-5,2.075e-5,,
388.53,1.768e-5,1.768e-5,,
388.58,1.476e-5,1.476e-5,,
388.63,1.207e-5,1.207e-5,,
388.68,9.704e-6,9.704e-6,,
388.73,7.667e-6,7.667e-6,,
388.78,5.959e-6,5.959e-6,,
388.83,4.556e-6,4.556e-6,,
388.88,3.425e-6,3.425e-6,,
388.93,2.530e-6,2.530e-6,,
388.98,1.835e-6,1.835e-6,,
389.03,1.308e-6,1.308e-6,,
389.08,9.203e-7,9.203e-7,,
389.13,6.471e-7,6.471e-7,,
389.18,4.699e-7,4.699e-7,,
389.23,3.758e-7,3.758e-7,,
389.28,3.576e-7,3.576e-7,,
389.33,4.145e-7,4.145e-7,,
389.38,5.516e-7,5.516e-7,,
389.43,7.782e-7,7.782e-7,,
389.48,1.106e-6,1.106e-6,,
389.53,1.546e-6,1.546e-6,,
389.58,2.105e-6,2.105e-6,,
389.63,2.779e-6,2.779e-6,,
389.68,3.554e-6,3.554e-6,,
389.73,4.399e-6,4.399e-6,,
389.78,5.270e-6,5.270e-6,,
389.83,6.110e-6,6.110e-6,,
389.88,6.855e-6,6.855e-6,,
389.93,7.442e-6,7.442e-6,,
389.98,7.818e-6,7.818e-6,,
390.03,7.947e-6,7.947e-6,,
390.08,7.818e-6,7.818e-6,,
390.13,7.442e-6,7.442e-6,,
390.18,6.855e-6,6.855e-6,,
390.23,6.110e-6,6.110e-6,,
390.28,5.270e-6,5.270e-6,,
390.33,4.398e-6,4.398e-6,,
390.38,3.552e-6,3.552e-6,,
390.43,2.776e-6,2.776e-6,,
390.48,2.100e-6,2.100e-6,,
390.53,1.537e-6,1.537e-6,,
390.58,1.089e-6,1.089e-6,,
390.63,7.468e-7,7.468e-7,,
390.68,4.971e-7,4.971e-7,,
390.73,3.227e-7,3.227e-7,,
390.78,2.078e-7,2.078e-7,,
390.83,1.391e-7,1.391e-7,,
390.88,1.072e-7,1.072e-7,,
390.93,1.076e-7,1.076e-7,,
390.98,1.405e-7,1.405e-7,,
391.03,2.115e-7,2.115e-7,,
391.08,3.313e-7,3.313e-7,,
391.13,5.148e-7,5.148e-7,,
391.18,7.808e-7,7.808e-7,,
391.23,1.149e-6,1.149e-6,,
391.28,1.638e-6,1.638e-6,,
391.33,2.261e-6,2.261e-6,,
391.38,3.022e-6,3.022e-6,,
391.43,3.909e-6,3.909e-6,,
391.48,4.895e-6,4.895e-6,,
391.53,5.934e-6,5.934e-6,,
391.58,6.963e-6,6.963e-6,,
391.63,7.912e-6,7.912e-6,,
391.68,8.706e-6,8.706e-6,,
391.73,9.280e-6,9.280e-6,,
391.78,9.586e-6,9.586e-6,,
391.83,9.605e-6,9.605e-6,,
391.88,9.348e-6,9.348e-6,,
391.93,8.856e-6,8.856e-6,,
391.98,8.194e-6,8.194e-6,,
392.03,7.443e-6,7.443e-6,,
392.08,6.689e-6,6.689e-6,,
392.13,6.010e-6,6.010e-6,,
392.18,5.463e-6,5.463e-6,,
392.23,5.085e-6,5.085e-6,,
392.28,4.883e-6,4.883e-6,,
392.33,4.840e-6,4.840e-6,,
392.38,4.919e-6,4.919e-6,,
392.43,5.069e-6,5.069e-6,,
392.48,5.238e-6,5.238e-6,,
392.53,5.376e-6,5.376e-6,,
392.58,5.444e-6,5.444e-6,,
392.63,5.421e-6,5.421e-6,,
392.68,5.298e-6,5.298e-6,,
392.73,5.084e-6,5.084e-6,,
392.78,4.795e-6,4.795e-6,,
392.83,4.455e-6,4.455e-6,,
392.88,4.087e-6,4.087e-6,,
392.93,3.710e-6,3.710e-6,,
392.98,3.337e-6,3.337e-6,,
393.03,2.978e-6,2.978e-6,,
393.08,2.635e-6,2.635e-6,,
393.13,2.308e-6,2.308e-6,,
393.18,1.998e-6,1.998e-6,,
393.23,1.705e-6,1.705e-6,,
393.28,1.429e-6,1.429e-6,,
393.33,1.176e-6,1.176e-6,,
393.38,9.478e-7,9.478e-7,,
393.43,7.496e-7,7.496e-7,,
393.48,5.847e-7,5.847e-7,,
393.53,4.556e-7,4.556e-7,,
393.58,3.636e-7,3.636e-7,,
393.63,3.090e-7,3.090e-7,,
393.68,2.917e-7,2.917e-7,,
393.73,3.108e-7,3.108e-7,,
393.78,3.648e-7,3.648e-7,,
393.83,4.516e-7,4.516e-7,,
393.88,5.675e-7,5.675e-7,,
393.93,7.073e-7,7.073e-7,,
393.98,8.634e-7,8.634e-7,,
394.03,1.026e-6,1.026e-6,,
394.08,1.183e-6,1.183e-6,,
394.13,1.323e-6,1.323e-6,,
394.18,1.433e-6,1.433e-6,,
394.23,1.504e-6,1.504e-6,,
394.28,1.528e-6,1.528e-6,,
394.33,1.504e-6,1.504e-6,,
394.38,1.433e-6,1.433e-6,,
394.43,1.322e-6,1.322e-6,,
394.48,1.181e-6,1.181e-6,,
394.53,1.022e-6,1.022e-6,,
394.58,8.564e-7,8.564e-7,,
394.63,6.948e-7,6.948e-7,,
394.68,5.459e-7,5.459e-7,,
394.73,4.153e-7,4.153e-7,,
394.78,3.060e-7,3.060e-7,,
394.83,2.183e-7,2.183e-7,,
394.88,1.508e-7,1.508e-7,,
394.93,1.009e-7,1.009e-7,,
394.98,6.534e-8,6.534e-8,,
395.03,4.099e-8,4.099e-8,,
395.08,2.490e-8,2.490e-8,,
395.13,1.465e-8,1.465e-8,,
395.18,8.342e-9,8.342e-9,,
395.23,4.601e-9,4.601e-9,,
395.28,2.457e-9,2.457e-9,,
395.33,1.271e-9,1.271e-9,,
395.38,6.365e-10,6.365e-10,,
395.43,3.087e-10,3.087e-10,,
395.48,1.450e-10,1.450e-10,,
395.53,6.592e-11,6.592e-11,,
395.58,2.903e-11,2.903e-11,,
395.63,1.238e-11,1.238e-11,,
395.68,5.112e-12,5.112e-12,,
395.73,2.044e-12,2.044e-12,,
395.78,7.915e-13,7.915e-13,,
395.83,2.968e-13,2.968e-13,,
395.88,1.077e-13,1.077e-13,,
395.93,3.788e-14,3.788e-14,,
395.98,1.290e-14,1.290e-14,,
396.03,4.252e-15,4.252e-15,,
396.08,1.357e-15,1.357e-15,,
396.13,4.197e-16,4.197e-16,,
396.18,1.256e-16,1.256e-16,,
396.23,3.642e-17,3.642e-17,,
396.28,1.022e-17,1.022e-17,,
396.33,2.779e-18,2.779e-18,,
396.38,7.315e-19,7.315e-19,,
396.43,1.864e-19,1.864e-19,,
396.48,4.602e-20,4.602e-20,,
396.53,1.100e-20,1.100e-20,,
396.58,2.546e-21,2.546e-21,,
396.63,5.705e-22,5.705e-22,,
408.88,5.071e-22,,5.071e-22,
408.93,2.176e-21,,2.176e-21,
408.98,9.067e-21,,9.067e-21,
409.03,3.668e-20,,3.668e-20,
409.08,1.440e-19,,1.440e-19,
409.13,5.493e-19,,5.493e-19,
409.18,2.033e-18,,2.033e-18,
409.23,7.309e-18,,7.309e-18,
409.28,2.551e-17,,2.551e-17,
409.33,8.642e-17,,8.642e-17,
409.38,2.843e-16,,2.843e-16,
409.43,9.079e-16,,9.079e-16,
409.48,2.815e-15,,2.815e-15,
409.53,8.474e-15,,8.474e-15,
409.58,2.477e-14,,2.477e-14,
409.63,7.028e-14,,7.028e-14,
409.68,1.936e-13,,1.936e-13,
409.73,5.180e-13,,5.180e-13,
409.78,1.345e-12,,1.345e-12,
409.83,3.392e-12,,3.392e-12,
409.88,8.302e-12,,8.302e-12,
409.93,1.973e-11,,1.973e-11,
409.98,4.553e-11,,4.553e-11,
410.03,1.020e-10,,1.020e-10,
410.08,2.219e-10,,2.219e-10,
410.13,4.685e-10,,4.685e-10,
410.18,9.606e-10,,9.606e-10,
410.23,1.912e-9,,1.912e-9,
410.28,3.696e-9,,3.696e-9,
410.33,6.934e-9,,6.934e-9,
410.38,1.263e-8,,1.263e-8,
410.43,2.234e-8,,2.234e-8,
410.48,3.837e-8,,3.837e-8,
410.53,6.397e-8,,6.397e-8,
410.58,1.035e-7,,1.035e-7,
410.63,1.627e-7,,1.627e-7,
410.68,2.483e-7,,2.483e-7,
410.73,3.678e-7,,3.678e-7,
410.78,5.290e-7,,5.290e-7,
410.83,7.387e-7,,7.387e-7,
410.88,1.001e-6,,1.001e-6,
410.93,1.318e-6,,1.318e-6,
410.98,1.684e-6,,1.684e-6,
411.03,2.090e-6,,2.090e-6,
411.08,2.518e-6,,2.518e-6,
411.13,2.945e-6,,2.945e-6,
411.18,3.345e-6,,3.345e-6,
411.23,3.689e-6,,3.689e-6,
411.28,3.950e-6,,3.950e-6,
411.33,4.110e-6,,4.110e-6,
411.38,4.154e-6,,4.154e-6,
411.43,4.083e-6,,4.083e-6,
411.48,3.905e-6,,3.905e-6,
411.53,3.641e-6,,3.641e-6,
411.58,3.320e-6,,3.320e-6,
411.63,2.975e-6,,2.975e-6,
411.68,2.638e-6,,2.638e-6,
411.73,2.342e-6,,2.342e-6,
411.78,2.112e-6,,2.112e-6,
411.83,1.966e-6,,1.966e-6,
411.88,1.910e-6,,1.910e-6,
411.93,1.943e-6,,1.943e-6,
411.98,2.054e-6,,2.054e-6,
412.03,2.224e-6,,2.224e-6,
412.08,2.428e-6,,2.428e-6,
412.13,2.638e-6,,2.638e-6,
412.18,2.826e-6,,2.826e-6,
412.23,2.967e-6,,2.967e-6,
412.28,3.042e-6,,3.042e-6,
412.33,3.037e-6,,3.037e-6,
412.38,2.951e-6,,2.951e-6,
412.43,2.786e-6,,2.786e-6,
412.48,2.556e-6,,2.556e-6,
412.53,2.278e-6,,2.278e-6,
412.58,1.972e-6,,1.972e-6,
412.63,1.657e-6,,1.657e-6,
412.68,1.353e-6,,1.353e-6,
412.73,1.072e-6,,1.072e-6,
412.78,8.253e-7,,8.253e-7,
412.83,6.168e-7,,6.168e-7,
412.88,4.476e-7,,4.476e-7,
412.93,3.154e-7,,3.154e-7,
412.98,2.158e-7,,2.158e-7,
413.03,1.434e-7,,1.434e-7,
413.08,9.252e-8,,9.252e-8,
413.13,5.796e-8,,5.796e-8,
413.18,3.526e-8,,3.526e-8,
413.23,2.083e-8,,2.083e-8,
413.28,1.195e-8,,1.195e-8,
413.33,6.653e-9,,6.653e-9,
413.38,3.598e-9,,3.598e-9,
413.43,1.889e-9,,1.889e-9,
413.48,9.634e-10,,9.634e-10,
413.53,4.770e-10,,4.770e-10,
413.58,2.293e-10,,2.293e-10,
413.63,1.071e-10,,1.071e-10,
413.68,4.853e-11,,4.853e-11,
413.73,2.136e-11,,2.136e-11,
413.78,9.130e-12,,9.130e-12,
413.83,3.789e-12,,3.789e-12,
413.88,1.527e-12,,1.527e-12,
413.93,5.975e-13,,5.975e-13,
413.98,2.270e-13,,2.270e-13,
414.03,8.377e-14,,8.377e-14,
414.08,3.001e-14,,3.001e-14,
414.13,1.044e-14,,1.044e-14,
414.18,3.527e-15,,3.527e-15,
414.23,1.157e-15,,1.157e-15,
414.28,3.684e-16,,3.684e-16,
414.33,1.139e-16,,1.139e-16,
414.38,3.422e-17,,3.422e-17,
414.43,9.977e-18,,9.977e-18,
414.48,2.825e-18,,2.825e-18,
414.53,7.767e-19,,7.767e-19,
414.58,2.074e-19,,2.074e-19,
414.63,5.376e-20,,5.376e-20,
414.68,1.353e-20,,1.353e-20,
414.73,3.307e-21,,3.307e-21,
414.78,7.850e-22,,7.850e-22,
415.18,1.632e-21,1.632e-21,,
415.23,6.705e-21,6.705e-21,,
415.28,2.677e-20,2.677e-20,,
415.33,1.038e-19,1.038e-19,,
415.38,3.915e-19,3.915e-19,,
415.43,1.434e-18,1.434e-18,,
415.48,5.106e-18,5.106e-18,,
415.53,1.766e-17,1.766e-17,,
415.58,5.937e-17,5.937e-17,,
415.63,1.940e-16,1.940e-16,,
415.68,6.157e-16,6.157e-16,,
415.73,1.899e-15,1.899e-15,,
415.78,5.692e-15,5.692e-15,,
415.83,1.658e-14,1.658e-14,,
415.88,4.693e-14,4.693e-14,,
415.93,1.291e-13,1.291e-13,,
415.98,3.450e-13,3.450e-13,,
416.03,8.961e-13,8.961e-13,,
416.08,2.262e-12,2.262e-12,,
416.13,5.547e-12,5.547e-12,,
416.18,1.322e-11,1.322e-11,,
416.23,3.061e-11,3.061e-11,,
416.28,6.889e-11,6.889e-11,,
416.33,1.507e-10,1.507e-10,,
416.38,3.202e-10,3.202e-10,,
416.43,6.612e-10,6.612e-10,,
416.48,1.327e-9,1.327e-9,,
416.53,2.587e-9,2.587e-9,,
416.58,4.903e-9,4.903e-9,,
416.63,9.027e-9,9.027e-9,,
416.68,1.615e-8,1.615e-8,,
416.73,2.809e-8,2.809e-8,,
416.78,4.746e-8,4.746e-8,,
416.84,8.575e-8,8.575e-8,,
416.89,1.360e-7,1.360e-7,,
416.94,2.097e-7,2.097e-7,,
416.99,3.141e-7,3.141e-7,,
417.04,4.573e-7,4.573e-7,,
417.09,6.469e-7,6.469e-7,,
417.14,8.892e-7,8.892e-7,,
417.19,1.188e-6,1.188e-6,,
417.24,1.542e-6,1.542e-6,,
417.29,1.945e-6,1.945e-6,,
417.34,2.384e-6,2.384e-6,,
417.39,2.841e-6,2.841e-6,,
417.44,3.289e-6,3.289e-6,,
417.49,3.703e-6,3.703e-6,,
417.54,4.052e-6,4.052e-6,,
417.59,4.313e-6,4.313e-6,,
417.64,4.468e-6,4.468e-6,,
417.69,4.508e-6,4.508e-6,,
417.74,4.437e-6,4.437e-6,,
417.79,4.270e-6,4.270e-6,,
417.84,4.033e-6,4.033e-6,,
417.89,3.761e-6,3.761e-6,,
417.94,3.489e-6,3.489e-6,,
417.99,3.255e-6,3.255e-6,,
418.04,3.090e-6,3.090e-6,,
418.09,3.017e-6,3.017e-6,,
418.14,3.047e-6,3.047e-6,,
418.19,3.178e-6,3.178e-6,,
418.24,3.396e-6,3.396e-6,,
418.29,3.674e-6,3.674e-6,,
418.34,3.979e-6,3.979e-6,,
418.39,4.273e-6,4.273e-6,,
418.44,4.517e-6,4.517e-6,,
418.49,4.680e-6,4.680e-6,,
418.54,4.737e-6,4.737e-6,,
418.59,4.673e-6,4.673e-6,,
418.64,4.490e-6,4.490e-6,,
418.69,4.197e-6,4.197e-6,,
418.74,3.816e-6,3.816e-6,,
418.79,3.373e-6,3.373e-6,,
418.84,2.898e-6,2.898e-6,,
418.89,2.421e-6,2.421e-6,,
418.94,1.965e-6,1.965e-6,,
418.99,1.550e-6,1.550e-6,,
419.04,1.189e-6,1.189e-6,,
419.09,8.861e-7,8.861e-7,,
419.14,6.418e-7,6.418e-7,,
419.19,4.519e-7,4.519e-7,,
419.24,3.093e-7,3.093e-7,,
419.29,2.060e-7,2.060e-7,,
419.34,1.337e-7,1.337e-7,,
419.39,8.509e-8,8.509e-8,,
419.44,5.402e-8,5.402e-8,,
419.49,3.578e-8,3.578e-8,,
419.54,2.711e-8,2.711e-8,,
419.59,2.613e-8,2.613e-8,,
419.64,3.218e-8,3.218e-8,,
419.69,4.565e-8,4.565e-8,,
419.74,6.786e-8,6.786e-8,,
419.79,1.008e-7,1.008e-7,,
419.84,1.470e-7,1.470e-7,,
419.89,2.089e-7,2.089e-7,,
419.94,2.891e-7,2.891e-7,,
419.99,3.889e-7,3.889e-7,,
420.04,5.088e-7,5.088e-7,,
420.09,6.470e-7,6.470e-7,,
420.14,7.999e-7,7.999e-7,,
420.19,9.613e-7,9.613e-7,,
420.24,1.123e-6,1.123e-6,,
420.29,1.275e-6,1.275e-6,,
420.34,1.408e-6,1.408e-6,,
420.39,1.511e-6,1.511e-6,,
420.44,1.577e-6,1.577e-6,,
420.49,1.599e-6,1.599e-6,,
420.54,1.577e-6,1.577e-6,,
420.59,1.511e-6,1.511e-6,,
420.64,1.408e-6,1.408e-6,,
420.69,1.275e-6,1.275e-6,,
420.74,1.123e-6,1.123e-6,,
420.79,9.613e-7,9.613e-7,,
420.84,7.999e-7,7.999e-7,,
420.89,6.470e-7,6.470e-7,,
420.94,5.088e-7,5.088e-7,,
420.99,3.889e-7,3.889e-7,,
421.04,2.890e-7,2.890e-7,,
421.09,2.088e-7,2.088e-7,,
421.14,1.466e-7,1.466e-7,,
421.19,1.001e-7,1.001e-7,,
421.24,6.641e-8,6.641e-8,,
421.29,4.284e-8,4.284e-8,,
421.34,2.687e-8,2.687e-8,,
421.39,1.638e-8,1.638e-8,,
421.44,9.708e-9,9.708e-9,,
421.49,5.593e-9,5.593e-9,,
421.54,3.132e-9,3.132e-9,,
421.59,1.705e-9,1.705e-9,,
421.64,9.025e-10,9.025e-10,,
421.69,4.644e-10,4.644e-10,,
421.74,2.322e-10,2.322e-10,,
421.79,1.129e-10,1.129e-10,,
421.84,5.337e-11,5.337e-11,,
421.89,2.452e-11,2.452e-11,,
421.94,1.095e-11,1.095e-11,,
421.99,4.756e-12,4.756e-12,,
422.04,2.008e-12,2.008e-12,,
422.09,8.237e-13,8.237e-13,,
422.14,3.286e-13,3.286e-13,,
422.19,1.274e-13,1.274e-13,,
422.24,4.803e-14,4.803e-14,,
422.29,1.760e-14,1.760e-14,,
422.34,6.270e-15,6.270e-15,,
422.39,2.171e-15,2.171e-15,,
422.44,7.309e-16,7.309e-16,,
422.49,2.392e-16,2.392e-16,,
422.54,7.609e-17,7.609e-17,,
422.59,2.353e-17,2.353e-17,,
422.64,7.074e-18,7.074e-18,,
422.69,2.067e-18,2.067e-18,,
422.74,5.874e-19,5.874e-19,,
422.79,1.622e-19,1.622e-19,,
422.84,4.355e-20,4.355e-20,,
422.89,1.137e-20,1.137e-20,,
422.94,2.884e-21,2.884e-21,,
422.99,7.113e-22,7.113e-22,,
429.84,2.707e-10,2.707e-10,,
429.89,1.084e-9,1.084e-9,,
429.94,4.227e-9,4.227e-9,,
429.99,1.605e-8,1.605e-8,,
430.04,5.931e-8,5.931e-8,,
430.09,2.134e-7,2.134e-7,,
430.14,7.479e-7,7.479e-7,,
430.19,2.551e-6,2.551e-6,,
430.24,8.474e-6,8.474e-6,,
430.29,2.740e-5,2.740e-5,,
430.34,8.628e-5,8.628e-5,,
430.39,2.645e-4,2.645e-4,,
430.44,7.893e-4,7.893e-4,,
430.49,2.294e-3,2.294e-3,,
430.54,6.489e-3,6.489e-3,,
430.59,1.787e-2,1.787e-2,,
430.64,4.794e-2,4.794e-2,,
430.69,1.252e-1,1.252e-1,,
430.74,3.182e-1,3.182e-1,,
430.79,7.876e-1,7.876e-1,,
430.84,1.898e+0,1.898e+0,,
430.89,4.453e+0,4.453e+0,,
430.94,1.017e+1,1.017e+1,,
430.99,2.263e+1,2.263e+1,,
431.04,4.900e+1,4.900e+1,,
431.09,1.033e+2,1.033e+2,,
431.14,2.121e+2,2.121e+2,,
431.19,4.238e+2,4.238e+2,,
431.24,8.246e+2,8.246e+2,,
431.29,1.562e+3,1.562e+3,,
431.34,2.882e+3,2.882e+3,,
431.39,5.175e+3,5.175e+3,,
431.44,9.049e+3,9.049e+3,,
431.49,1.540e+4,1.540e+4,,
431.54,2.553e+4,2.553e+4,,
431.59,4.120e+4,4.120e+4,,
431.64,6.474e+4,6.474e+4,,
431.69,9.903e+4,9.903e+4,,
431.74,1.475e+5,1.475e+5,,
431.79,2.139e+5,2.139e+5,8.106e-22,
431.84,3.019e+5,3.019e+5,3.206e-21,
431.89,4.150e+5,4.150e+5,1.235e-20,
431.94,5.554e+5,5.554e+5,4.633e-20,
431.99,7.237e+5,7.237e+5,1.693e-19,
432.04,9.182e+5,9.182e+5,6.022e-19,
432.09,1.134e+6,1.134e+6,2.086e-18,
432.14,1.364e+6,1.364e+6,7.040e-18,
432.19,1.597e+6,1.597e+6,2.313e-17,
432.24,1.820e+6,1.820e+6,7.402e-17,
432.29,2.020e+6,2.020e+6,2.307e-16,
432.34,2.183e+6,2.183e+6,7.001e-16,
432.39,2.297e+6,2.297e+6,2.069e-15,
432.44,2.353e+6,2.353e+6,5.955e-15,
432.49,2.347e+6,2.347e+6,1.669e-14,
432.54,2.279e+6,2.279e+6,4.556e-14,
432.59,2.154e+6,2.154e+6,1.211e-13,
432.64,1.983e+6,1.983e+6,3.135e-13,
432.69,1.777e+6,1.777e+6,7.904e-13,
432.74,1.551e+6,1.551e+6,1.941e-12,
432.79,1.317e+6,1.317e+6,4.640e-12,
432.84,1.090e+6,1.090e+6,1.080e-11,
432.89,8.774e+5,8.774e+5,2.450e-11,
432.94,6.879e+5,6.879e+5,5.410e-11,
432.99,5.251e+5,5.251e+5,1.163e-10,
433.04,3.903e+5,3.903e+5,2.436e-10,
433.09,2.824e+5,2.824e+5,4.969e-10,
433.14,1.990e+5,1.990e+5,9.870e-10,
433.19,1.365e+5,1.365e+5,1.909e-9,
433.24,9.115e+4,9.115e+4,3.596e-9,
433.29,5.927e+4,5.927e+4,6.597e-9,
433.34,3.752e+4,3.752e+4,1.179e-8,
433.39,2.313e+4,2.313e+4,2.050e-8,
433.44,1.388e+4,1.388e+4,3.474e-8,
433.49,8.109e+3,8.109e+3,5.732e-8,
433.54,4.613e+3,4.613e+3,9.210e-8,
433.59,2.555e+3,2.555e+3,1.441e-7,
433.64,1.378e+3,1.378e+3,2.196e-7,
433.69,7.234e+2,7.234e+2,3.259e-7,
433.74,3.698e+2,3.698e+2,4.711e-7,
433.79,1.840e+2,1.840e+2,6.630e-7,
433.84,8.918e+1,8.918e+1,9.087e-7,
433.89,4.207e+1,4.207e+1,1.213e-6,
433.94,1.933e+1,1.933e+1,1.577e-6,
433.99,8.643e+0,8.643e+0,1.996e-6,
434.04,3.763e+0,3.763e+0,2.461e-6,
434.09,1.595e+0,1.595e+0,2.954e-6,
434.14,6.585e-1,6.585e-1,3.454e-6,
434.19,2.646e-1,2.646e-1,3.933e-6,
434.24,1.035e-1,1.035e-1,4.361e-6,
434.29,3.944e-2,3.944e-2,4.710e-6,
434.34,1.463e-2,1.463e-2,4.953e-6,
434.39,5.287e-3,5.282e-3,5.072e-6,
434.44,1.862e-3,1.857e-3,5.059e-6,
434.49,6.406e-4,6.357e-4,4.914e-6,
434.54,2.165e-4,2.118e-4,4.648e-6,
434.59,7.302e-5,6.874e-5,4.281e-6,
434.64,2.556e-5,2.172e-5,3.841e-6,
434.69,1.003e-5,6.680e-6,3.355e-6,
434.74,4.855e-6,2.000e-6,2.854e-6,
434.79,2.948e-6,5.833e-7,2.365e-6,
434.84,2.074e-6,1.656e-7,1.908e-6,
434.89,1.545e-6,4.576e-8,1.499e-6,
434.94,1.160e-6,1.231e-8,1.147e-6,
434.99,8.582e-7,3.226e-9,8.550e-7,
435.04,6.213e-7,8.230e-10,6.205e-7,
435.09,4.385e-7,,4.385e-7,
435.14,3.018e-7,,3.018e-7,
435.19,2.023e-7,,2.023e-7,
435.24,1.321e-7,,1.321e-7,
435.29,8.395e-8,,8.395e-8,
435.34,5.199e-8,,5.199e-8,
435.39,3.138e-8,,3.138e-8,
435.44,1.850e-8,,1.850e-8,
435.49,1.074e-8,,1.074e-8,
435.54,6.315e-9,,6.315e-9,
435.59,4.082e-9,,4.082e-9,
435.64,3.418e-9,,3.418e-9,
435.69,4.118e-9,,4.118e-9,
435.74,6.365e-9,,6.365e-9,
435.79,1.074e-8,,1.074e-8,
435.84,1.831e-8,,1.831e-8,
435.89,3.071e-8,,3.071e-8,
435.94,5.034e-8,,5.034e-8,
435.99,8.043e-8,,8.043e-8,
436.04,1.252e-7,,1.252e-7,
436.09,1.899e-7,,1.899e-7,
436.14,2.806e-7,,2.806e-7,
436.19,4.039e-7,,4.039e-7,
436.24,5.663e-7,,5.663e-7,
436.29,7.735e-7,,7.735e-7,
436.34,1.029e-6,2.605e-10,1.029e-6,
436.39,1.335e-6,1.022e-9,1.334e-6,
436.44,1.688e-6,3.909e-9,1.684e-6,
436.49,2.086e-6,1.457e-8,2.071e-6,
436.54,2.535e-6,5.288e-8,2.482e-6,
436.59,3.084e-6,1.871e-7,2.897e-6,
436.64,3.938e-6,6.449e-7,3.294e-6,
436.69,5.815e-6,2.167e-6,3.648e-6,
436.74,1.103e-5,7.092e-6,3.936e-6,
436.79,2.676e-5,2.262e-5,4.137e-6,
436.84,7.453e-5,7.029e-5,4.235e-6,
436.89,2.171e-4,2.128e-4,4.224e-6,
436.94,6.321e-4,6.280e-4,4.104e-6,
436.99,1.810e-3,1.806e-3,3.885e-6,
437.04,5.062e-3,5.059e-3,3.582e-6,
437.09,1.381e-2,1.381e-2,3.217e-6,
437.14,3.674e-2,3.674e-2,2.814e-6,
437.19,9.522e-2,9.522e-2,2.399e-6,
437.24,2.405e-1,2.405e-1,1.992e-6,
437.29,5.920e-1,5.920e-1,1.611e-6,
437.34,1.420e+0,1.420e+0,1.269e-6,
437.39,3.319e+0,3.319e+0,9.741e-7,
437.44,7.560e+0,7.560e+0,7.283e-7,
437.49,1.678e+1,1.678e+1,5.304e-7,
437.54,3.630e+1,3.630e+1,3.763e-7,
437.59,7.654e+1,7.654e+1,2.601e-7,
437.64,1.573e+2,1.573e+2,1.751e-7,
437.69,3.150e+2,3.150e+2,1.148e-7,
437.74,6.148e+2,6.148e+2,7.338e-8,
437.79,1.170e+3,1.170e+3,4.567e-8,
437.84,2.170e+3,2.170e+3,2.769e-8,
437.89,3.924e+3,3.924e+3,1.635e-8,
437.94,6.920e+3,6.920e+3,9.408e-9,
437.99,1.190e+4,1.190e+4,5.273e-9,
438.04,1.995e+4,1.995e+4,2.879e-9,
438.09,3.263e+4,3.263e+4,1.531e-9,
438.14,5.206e+4,5.206e+4,7.933e-10,
438.19,8.106e+4,8.106e+4,4.004e-10,
438.24,1.232e+5,1.232e+5,1.968e-10,
438.29,1.827e+5,1.827e+5,9.427e-11,
438.34,2.647e+5,2.647e+5,4.398e-11,
438.39,3.746e+5,3.746e+5,1.999e-11,
438.44,5.180e+5,5.180e+5,8.850e-12,
438.49,7.003e+5,7.003e+5,3.817e-12,
438.54,9.259e+5,9.259e+5,1.604e-12,
438.59,1.198e+6,1.198e+6,6.563e-13,
438.64,1.517e+6,1.517e+6,2.616e-13,
438.69,1.882e+6,1.882e+6,1.016e-13,
438.74,2.288e+6,2.288e+6,3.844e-14,
438.79,2.726e+6,2.726e+6,1.417e-14,
438.84,3.186e+6,3.186e+6,5.087e-15,
438.89,3.653e+6,3.653e+6,1.779e-15,
438.94,4.109e+6,4.109e+6,6.061e-16,
438.99,4.537e+6,4.537e+6,2.011e-16,
439.04,4.918e+6,4.918e+6,6.503e-17,
439.09,5.231e+6,5.231e+6,2.048e-17,
439.14,5.461e+6,5.461e+6,6.283e-18,
439.19,5.594e+6,5.594e+6,1.878e-18,
439.24,5.620e+6,5.620e+6,5.467e-19,
439.29,5.536e+6,5.536e+6,1.550e-19,
439.34,5.344e+6,5.344e+6,4.283e-20,
439.39,5.053e+6,5.053e+6,1.153e-20,
439.44,4.679e+6,4.679e+6,3.022e-21,
439.49,4.239e+6,4.239e+6,7.718e-22,
439.54,3.758e+6,3.758e+6,,
439.59,3.256e+6,3.256e+6,,
439.64,2.758e+6,2.758e+6,,
439.69,2.282e+6,2.282e+6,,
439.74,1.845e+6,1.845e+6,,
439.79,1.456e+6,1.456e+6,,
439.84,1.121e+6,1.121e+6,,
439.89,8.427e+5,8.427e+5,,
439.94,6.180e+5,6.180e+5,,
439.99,4.421e+5,4.421e+5,,
440.04,3.084e+5,3.084e+5,,
440.09,2.099e+5,2.099e+5,,
440.14,1.392e+5,1.392e+5,,
440.19,9.005e+4,9.005e+4,,
440.24,5.678e+4,5.678e+4,,
440.29,3.491e+4,3.491e+4,,
440.34,2.092e+4,2.092e+4,,
440.39,1.222e+4,1.222e+4,,
440.44,6.954e+3,6.954e+3,,
440.49,3.858e+3,3.858e+3,,
440.54,2.086e+3,2.086e+3,,
440.59,1.099e+3,1.099e+3,,
440.64,5.645e+2,5.645e+2,,
440.69,2.825e+2,2.825e+2,,
440.74,1.378e+2,1.378e+2,,
440.79,6.548e+1,6.548e+1,,
440.84,3.033e+1,3.033e+1,,
440.89,1.369e+1,1.369e+1,,
440.94,6.020e+0,6.020e+0,,
440.99,2.580e+0,2.580e+0,,
441.04,1.078e+0,1.078e+0,,
441.09,4.385e-1,4.385e-1,,
441.14,1.739e-1,1.739e-1,,
441.19,6.720e-2,6.720e-2,,
441.24,2.530e-2,2.530e-2,,
441.29,9.285e-3,9.285e-3,,
441.34,3.320e-3,3.320e-3,,
441.39,1.157e-3,1.157e-3,,
441.44,3.927e-4,3.927e-4,,
441.49,1.299e-4,1.299e-4,,
441.54,4.188e-5,4.188e-5,,
441.59,1.316e-5,1.316e-5,,
441.64,4.027e-6,4.027e-6,,
441.69,1.201e-6,1.201e-6,,
441.74,3.491e-7,3.491e-7,,
441.79,9.892e-8,9.892e-8,,
441.84,2.742e-8,2.742e-8,,
441.89,7.608e-9,7.608e-9,,
441.94,2.455e-9,2.455e-9,,
441.99,1.504e-9,1.504e-9,,
442.04,1.881e-9,1.881e-9,,
442.09,3.404e-9,3.404e-9,,
442.14,6.004e-9,6.004e-9,,
442.19,1.032e-8,1.032e-8,,
442.24,1.731e-8,1.731e-8,,
442.29,2.829e-8,2.829e-8,,
442.34,4.507e-8,4.507e-8,,
442.39,7.000e-8,7.000e-8,,
442.44,1.060e-7,1.060e-7,,
442.49,1.564e-7,1.564e-7,,
442.54,2.251e-7,2.251e-7,,
442.59,3.158e-7,3.158e-7,,
442.64,4.319e-7,4.319e-7,,
442.69,5.758e-7,5.758e-7,,
442.74,7.484e-7,7.484e-7,,
442.79,9.483e-7,9.483e-7,,
442.84,1.171e-6,1.171e-6,,
442.89,1.410e-6,1.410e-6,,
442.94,1.656e-6,1.656e-6,,
442.99,1.895e-6,1.895e-6,,
443.04,2.114e-6,2.114e-6,,
443.09,2.299e-6,2.299e-6,,
443.14,2.438e-6,2.438e-6,,
443.19,2.520e-6,2.520e-6,,
443.24,2.539e-6,2.539e-6,,
443.29,2.494e-6,2.494e-6,,
443.34,2.389e-6,2.389e-6,,
443.39,2.230e-6,2.230e-6,,
443.44,2.030e-6,2.030e-6,,
443.49,1.801e-6,1.801e-6,,
443.54,1.558e-6,1.558e-6,,
443.59,1.313e-6,1.313e-6,,
443.64,1.080e-6,1.080e-6,,
443.69,8.652e-7,8.652e-7,,
443.74,6.760e-7,6.760e-7,,
443.79,5.148e-7,5.148e-7,,
443.84,3.822e-7,3.822e-7,,
443.89,2.767e-7,2.767e-7,,
443.94,1.952e-7,1.952e-7,,
443.99,1.343e-7,1.343e-7,,
444.04,9.005e-8,9.005e-8,,
444.09,5.887e-8,5.887e-8,,
444.14,3.752e-8,3.752e-8,,
444.19,2.331e-8,2.331e-8,,
444.24,1.412e-8,1.412e-8,,
444.29,8.337e-9,8.337e-9,,
444.34,4.799e-9,4.799e-9,,
444.39,2.693e-9,2.693e-9,,
444.44,1.473e-9,1.473e-9,,
444.49,7.858e-10,7.858e-10,,
444.54,4.085e-10,4.085e-10,,
444.59,2.071e-10,2.071e-10,,
444.64,1.023e-10,1.023e-10,,
444.69,4.928e-11,4.928e-11,,
444.74,2.314e-11,2.314e-11,,
444.79,1.059e-11,1.059e-11,,
444.84,4.728e-12,4.728e-12,,
444.89,2.057e-12,2.057e-12,,
444.94,8.725e-13,8.725e-13,,
444.99,3.608e-13,3.608e-13,,
445.04,1.454e-13,1.454e-13,,
445.09,5.714e-14,5.714e-14,,
445.14,2.189e-14,2.189e-14,,
445.19,8.175e-15,8.175e-15,,
445.24,2.976e-15,2.976e-15,,
445.29,1.056e-15,1.056e-15,,
445.34,3.655e-16,3.655e-16,,
445.39,1.233e-16,1.233e-16,,
445.44,4.054e-17,4.054e-17,,
445.49,1.300e-17,1.300e-17,,
445.54,4.062e-18,4.062e-18,,
445.59,1.237e-18,1.237e-18,,
445.64,3.675e-19,3.675e-19,,
445.69,1.064e-19,1.064e-19,,
445.74,3.004e-20,3.004e-20,,
445.79,8.265e-21,8.265e-21,,
445.84,2.217e-21,2.217e-21,,
445.89,5.798e-22,5.798e-22,,
446.74,1.052e-9,1.052e-9,,
446.79,3.917e-9,3.917e-9,,
446.84,1.422e-8,1.422e-8,,
446.89,5.040e-8,5.040e-8,,
446.94,1.742e-7,1.742e-7,,
446.99,5.874e-7,5.874e-7,,
447.04,1.933e-6,1.933e-6,,
447.09,6.203e-6,6.203e-6,,
447.14,1.942e-5,1.942e-5,,
447.19,5.931e-5,5.931e-5,,
447.24,1.767e-4,1.767e-4,,
447.29,5.137e-4,5.137e-4,,
447.34,1.457e-3,1.457e-3,,
447.39,4.030e-3,4.030e-3,,
447.44,1.088e-2,1.088e-2,,
447.49,2.864e-2,2.864e-2,,
447.54,7.357e-2,7.357e-2,,
447.59,1.844e-1,1.844e-1,,
447.64,4.508e-1,4.508e-1,,
447.7,1.276e+0,1.276e+0,,
447.75,2.954e+0,2.954e+0,,
447.8,6.673e+0,6.673e+0,,
447.85,1.471e+1,1.471e+1,,
447.9,3.163e+1,3.163e+1,,
447.95,6.638e+1,6.638e+1,,
448,1.359e+2,1.359e+2,,
448.05,2.715e+2,2.715e+2,,
448.1,5.292e+2,5.292e+2,,
448.15,1.007e+3,1.007e+3,,
448.2,1.869e+3,1.869e+3,,
448.25,3.386e+3,3.386e+3,,
448.3,5.988e+3,5.988e+3,,
448.35,1.034e+4,1.034e+4,,
448.4,1.742e+4,1.742e+4,,
448.45,2.865e+4,2.865e+4,,
448.5,4.603e+4,4.603e+4,,
448.55,7.222e+4,7.222e+4,,
448.6,1.107e+5,1.107e+5,,
448.65,1.657e+5,1.657e+5,,
448.7,2.425e+5,2.425e+5,,
448.75,3.470e+5,3.470e+5,,
448.8,4.854e+5,4.854e+5,,
448.85,6.642e+5,6.642e+5,,
448.9,8.895e+5,8.895e+5,,
448.95,1.166e+6,1.166e+6,,
449,1.498e+6,1.498e+6,,
449.05,1.885e+6,1.885e+6,,
449.1,2.325e+6,2.325e+6,,
449.15,2.814e+6,2.814e+6,,
449.2,3.343e+6,3.343e+6,,
449.25,3.898e+6,3.898e+6,,
449.3,4.465e+6,4.465e+6,,
449.35,5.025e+6,5.025e+6,,
449.4,5.558e+6,5.558e+6,,
449.45,6.042e+6,6.042e+6,,
449.5,6.455e+6,6.455e+6,,
449.55,6.778e+6,6.778e+6,,
449.6,6.994e+6,6.994e+6,,
449.65,7.088e+6,7.088e+6,,
449.7,7.054e+6,7.054e+6,,
449.75,6.890e+6,6.890e+6,,
449.8,6.603e+6,6.603e+6,,
449.85,6.204e+6,6.204e+6,,
449.9,5.714e+6,5.714e+6,,
449.95,5.154e+6,5.154e+6,,
450,4.553e+6,4.553e+6,,
450.05,3.936e+6,3.936e+6,,
450.1,3.329e+6,3.329e+6,,
450.15,2.754e+6,2.754e+6,,
450.2,2.227e+6,2.227e+6,,
450.25,1.760e+6,1.760e+6,,
450.3,1.359e+6,1.359e+6,,
450.35,1.025e+6,1.025e+6,,
450.4,7.555e+5,7.555e+5,,
450.45,5.437e+5,5.437e+5,,
450.5,3.820e+5,3.820e+5,,
450.55,2.620e+5,2.620e+5,,
450.6,1.754e+5,1.754e+5,,
450.65,1.146e+5,1.146e+5,,
450.7,7.312e+4,7.312e+4,,
450.75,4.552e+4,4.552e+4,,
450.8,2.765e+4,2.765e+4,,
450.85,1.639e+4,1.639e+4,,
450.9,9.482e+3,9.482e+3,,
450.95,5.352e+3,5.352e+3,,
451,2.948e+3,2.948e+3,,
451.05,1.584e+3,1.584e+3,,
451.1,8.305e+2,8.305e+2,,
451.15,4.248e+2,4.248e+2,,
451.2,2.120e+2,2.120e+2,,
451.25,1.032e+2,1.032e+2,,
451.3,4.905e+1,4.905e+1,,
451.35,2.273e+1,2.273e+1,,
451.4,1.028e+1,1.028e+1,,
451.45,4.536e+0,4.536e+0,,
451.5,1.952e+0,1.952e+0,,
451.55,8.198e-1,8.198e-1,,
451.6,3.358e-1,3.358e-1,,
451.65,1.342e-1,1.342e-1,,
451.7,5.234e-2,5.234e-2,,
451.75,1.991e-2,1.991e-2,,
451.8,7.390e-3,7.390e-3,,
451.85,2.676e-3,2.676e-3,,
451.9,9.451e-4,9.451e-4,,
451.95,3.257e-4,3.257e-4,,
452,1.095e-4,1.095e-4,,
452.05,3.591e-5,3.591e-5,,
452.1,1.149e-5,1.149e-5,,
452.15,3.587e-6,3.587e-6,,
452.2,1.093e-6,1.093e-6,,
452.25,3.246e-7,3.246e-7,,
452.3,9.410e-8,9.410e-8,,
452.35,2.661e-8,2.661e-8,,
452.4,7.341e-9,7.341e-9,,
452.45,1.976e-9,1.976e-9,,
463.7,1.910e-9,1.910e-9,,
463.75,6.775e-9,6.775e-9,,
463.8,2.348e-8,2.348e-8,,
463.85,7.956e-8,7.956e-8,,
463.9,2.634e-7,2.634e-7,,
463.95,8.521e-7,8.521e-7,,
464,2.694e-6,2.694e-6,,
464.05,8.327e-6,8.327e-6,,
464.1,2.515e-5,2.515e-5,,
464.15,7.422e-5,7.422e-5,,
464.2,2.141e-4,2.141e-4,,
464.25,6.035e-4,6.035e-4,,
464.3,1.663e-3,1.663e-3,,
464.35,4.476e-3,4.476e-3,,
464.4,1.178e-2,1.178e-2,,
464.45,3.029e-2,3.029e-2,,
464.5,7.612e-2,7.612e-2,,
464.55,1.870e-1,1.870e-1,,
464.6,4.488e-1,4.488e-1,,
464.65,1.053e+0,1.053e+0,,
464.7,2.414e+0,2.414e+0,,
464.75,5.410e+0,5.410e+0,,
464.8,1.185e+1,1.185e+1,,
464.85,2.536e+1,2.536e+1,,
464.9,5.306e+1,5.306e+1,,
464.95,1.085e+2,1.085e+2,,
465,2.168e+2,2.168e+2,,
465.05,4.236e+2,4.236e+2,,
465.1,8.089e+2,8.089e+2,,
465.15,1.510e+3,1.510e+3,,
465.2,2.755e+3,2.755e+3,,
465.25,4.915e+3,4.915e+3,,
465.3,8.571e+3,8.571e+3,,
465.35,1.461e+4,1.461e+4,,
465.4,2.437e+4,2.437e+4,,
465.45,3.972e+4,3.972e+4,,
465.5,6.334e+4,6.334e+4,,
465.55,9.879e+4,9.879e+4,,
465.6,1.507e+5,1.507e+5,,
465.65,2.250e+5,2.250e+5,,
465.7,3.288e+5,3.288e+5,,
465.75,4.703e+5,4.703e+5,,
465.8,6.586e+5,6.586e+5,,
465.85,9.033e+5,9.033e+5,,
465.9,1.214e+6,1.214e+6,,
465.95,1.599e+6,1.599e+6,,
466,2.066e+6,2.066e+6,,
466.05,2.618e+6,2.618e+6,,
466.1,3.256e+6,3.256e+6,,
466.15,3.977e+6,3.977e+6,,
466.2,4.772e+6,4.772e+6,,
466.25,5.629e+6,5.629e+6,,
466.3,6.530e+6,6.530e+6,,
466.35,7.454e+6,7.454e+6,,
466.4,8.373e+6,8.373e+6,,
466.45,9.261e+6,9.261e+6,,
466.5,1.008e+7,1.008e+7,,
466.55,1.082e+7,1.082e+7,,
466.6,1.142e+7,1.142e+7,,
466.65,1.187e+7,1.187e+7,,
466.7,1.215e+7,1.215e+7,,
466.75,1.224e+7,1.224e+7,,
466.8,1.212e+7,1.212e+7,,
466.85,1.180e+7,1.180e+7,,
466.9,1.129e+7,1.129e+7,,
466.95,1.060e+7,1.060e+7,,
467,9.780e+6,9.780e+6,,
467.05,8.849e+6,8.849e+6,,
467.1,7.852e+6,7.852e+6,,
467.15,6.830e+6,6.830e+6,,
467.2,5.821e+6,5.821e+6,,
467.25,4.860e+6,4.860e+6,,
467.3,3.973e+6,3.973e+6,,
467.35,3.180e+6,3.180e+6,,
467.4,2.491e+6,2.491e+6,,
467.45,1.909e+6,1.909e+6,,
467.5,1.432e+6,1.432e+6,,
467.55,1.050e+6,1.050e+6,,
467.6,7.535e+5,7.535e+5,,
467.65,5.286e+5,5.286e+5,,
467.7,3.627e+5,3.627e+5,,
467.75,2.433e+5,2.433e+5,,
467.8,1.595e+5,1.595e+5,,
467.85,1.023e+5,1.023e+5,,
467.9,6.412e+4,6.412e+4,,
467.95,3.929e+4,3.929e+4,,
468,2.353e+4,2.353e+4,,
468.05,1.378e+4,1.378e+4,,
468.1,7.884e+3,7.884e+3,,
468.15,4.410e+3,4.410e+3,,
468.2,2.411e+3,2.411e+3,,
468.25,1.288e+3,1.288e+3,,
468.3,6.728e+2,6.728e+2,,
468.35,3.434e+2,3.434e+2,,
468.4,1.713e+2,1.713e+2,,
468.45,8.355e+1,8.355e+1,,
468.5,3.981e+1,3.981e+1,,
468.55,1.854e+1,1.854e+1,,
468.6,8.442e+0,8.442e+0,,
468.65,3.756e+0,3.756e+0,,
468.7,1.633e+0,1.633e+0,,
468.75,6.940e-1,6.940e-1,,
468.8,2.882e-1,2.882e-1,,
468.85,1.170e-1,1.170e-1,,
468.9,4.641e-2,4.641e-2,,
468.95,1.800e-2,1.800e-2,,
469,6.819e-3,6.819e-3,,
469.05,2.525e-3,2.525e-3,,
469.1,9.140e-4,9.140e-4,,
469.15,3.233e-4,3.233e-4,,
469.2,1.118e-4,1.118e-4,,
469.25,3.776e-5,3.776e-5,,
469.3,1.247e-5,1.247e-5,,
469.35,4.024e-6,4.024e-6,,
469.4,1.269e-6,1.269e-6,,
469.45,3.912e-7,3.912e-7,,
469.5,1.179e-7,1.179e-7,,
469.55,3.470e-8,3.470e-8,,
469.6,9.985e-9,9.985e-9,,
469.65,2.808e-9,2.808e-9,,
494.86,2.241e-9,2.241e-9,,
494.91,7.414e-9,7.414e-9,,
494.96,2.403e-8,2.403e-8,,
495.01,7.635e-8,7.635e-8,,
495.06,2.377e-7,2.377e-7,,
495.11,7.253e-7,7.253e-7,,
495.16,2.169e-6,2.169e-6,,
495.21,6.356e-6,6.356e-6,,
495.26,1.826e-5,1.826e-5,,
495.31,5.139e-5,5.139e-5,,
495.36,1.418e-4,1.418e-4,,
495.41,3.833e-4,3.833e-4,,
495.46,1.015e-3,1.015e-3,,
495.51,2.637e-3,2.637e-3,,
495.56,6.710e-3,6.710e-3,,
495.61,1.674e-2,1.674e-2,,
495.66,4.090e-2,4.090e-2,,
495.71,9.798e-2,9.798e-2,,
495.76,2.300e-1,2.300e-1,,
495.81,5.293e-1,5.293e-1,,
495.86,1.193e+0,1.193e+0,,
495.91,2.637e+0,2.637e+0,,
495.96,5.712e+0,5.712e+0,,
496.01,1.212e+1,1.212e+1,,
496.06,2.522e+1,2.522e+1,,
496.11,5.143e+1,5.143e+1,,
496.16,1.028e+2,1.028e+2,,
496.21,2.013e+2,2.013e+2,,
496.26,3.864e+2,3.864e+2,,
496.31,7.270e+2,7.270e+2,,
496.36,1.341e+3,1.341e+3,,
496.41,2.424e+3,2.424e+3,,
496.46,4.294e+3,4.294e+3,,
496.51,7.458e+3,7.458e+3,,
496.56,1.270e+4,1.270e+4,,
496.61,2.119e+4,2.119e+4,,
496.66,3.467e+4,3.467e+4,,
496.71,5.562e+4,5.562e+4,,
496.76,8.748e+4,8.748e+4,,
496.81,1.349e+5,1.349e+5,,
496.86,2.041e+5,2.041e+5,,
496.91,3.027e+5,3.027e+5,,
496.96,4.405e+5,4.405e+5,,
497.01,6.290e+5,6.290e+5,,
497.06,8.811e+5,8.811e+5,,
497.11,1.212e+6,1.212e+6,,
497.16,1.635e+6,1.635e+6,,
497.21,2.168e+6,2.168e+6,,
497.26,2.823e+6,2.823e+6,,
497.31,3.612e+6,3.612e+6,,
497.36,4.543e+6,4.543e+6,,
497.41,5.620e+6,5.620e+6,,
497.46,6.840e+6,6.840e+6,,
497.51,8.196e+6,8.196e+6,,
497.56,9.671e+6,9.671e+6,,
497.61,1.124e+7,1.124e+7,,
497.66,1.289e+7,1.289e+7,,
497.71,1.457e+7,1.457e+7,,
497.76,1.625e+7,1.625e+7,,
497.81,1.789e+7,1.789e+7,,
497.86,1.945e+7,1.945e+7,,
497.91,2.087e+7,2.087e+7,,
497.96,2.211e+7,2.211e+7,,
498.01,2.314e+7,2.314e+7,,
498.06,2.390e+7,2.390e+7,,
498.11,2.436e+7,2.436e+7,,
498.16,2.449e+7,2.449e+7,,
498.21,2.428e+7,2.428e+7,,
498.26,2.373e+7,2.373e+7,,
498.31,2.285e+7,2.285e+7,,
498.36,2.166e+7,2.166e+7,,
498.41,2.021e+7,2.021e+7,,
498.46,1.855e+7,1.855e+7,,
498.51,1.674e+7,1.674e+7,,
498.56,1.485e+7,1.485e+7,,
498.61,1.294e+7,1.294e+7,,
498.66,1.108e+7,1.108e+7,,
498.71,9.311e+6,9.311e+6,,
498.76,7.683e+6,7.683e+6,,
498.81,6.221e+6,6.221e+6,,
498.86,4.943e+6,4.943e+6,,
498.91,3.853e+6,3.853e+6,,
498.96,2.946e+6,2.946e+6,,
499.01,2.209e+6,2.209e+6,,
499.06,1.624e+6,1.624e+6,,
499.11,1.171e+6,1.171e+6,,
499.16,8.281e+5,8.281e+5,,
499.21,5.740e+5,5.740e+5,,
499.26,3.901e+5,3.901e+5,,
499.31,2.599e+5,2.599e+5,,
499.36,1.697e+5,1.697e+5,,
499.41,1.086e+5,1.086e+5,,
499.46,6.817e+4,6.817e+4,,
499.51,4.193e+4,4.193e+4,,
499.56,2.528e+4,2.528e+4,,
499.61,1.494e+4,1.494e+4,,
499.66,8.651e+3,8.651e+3,,
499.71,4.911e+3,4.911e+3,,
499.76,2.732e+3,2.732e+3,,
499.81,1.490e+3,1.490e+3,,
499.86,7.963e+2,7.963e+2,,
499.91,4.171e+2,4.171e+2,,
499.96,2.142e+2,2.142e+2,,
500.01,1.078e+2,1.078e+2,,
500.06,5.314e+1,5.314e+1,,
500.11,2.568e+1,2.568e+1,,
500.16,1.217e+1,1.217e+1,,
500.21,5.648e+0,5.648e+0,,
500.26,2.570e+0,2.570e+0,,
500.31,1.146e+0,1.146e+0,,
500.36,5.008e-1,5.008e-1,,
500.41,2.145e-1,2.145e-1,,
500.46,9.006e-2,9.006e-2,,
500.51,3.705e-2,3.705e-2,,
500.56,1.494e-2,1.494e-2,,
500.61,5.904e-3,5.904e-3,,
500.66,2.287e-3,2.287e-3,,
500.71,8.681e-4,8.681e-4,,
500.76,3.229e-4,3.229e-4,,
500.81,1.177e-4,1.177e-4,,
500.86,4.208e-5,4.208e-5,,
500.91,1.474e-5,1.474e-5,,
500.96,5.058e-6,5.058e-6,,
501.01,1.701e-6,1.701e-6,,
501.06,5.609e-7,5.609e-7,,
501.11,1.812e-7,1.812e-7,,
501.16,5.739e-8,5.739e-8,,
501.21,1.781e-8,1.781e-8,,
501.26,5.418e-9,5.418e-9,,
504.06,8.748e-22,8.748e-22,,
504.11,2.847e-21,2.847e-21,,
504.16,9.090e-21,9.090e-21,,
504.21,2.846e-20,2.846e-20,,
504.26,8.738e-20,8.738e-20,,
504.31,2.631e-19,2.631e-19,,
504.36,7.771e-19,7.771e-19,,
504.41,2.251e-18,2.251e-18,,
504.46,6.394e-18,6.394e-18,,
504.51,1.781e-17,1.781e-17,,
504.56,4.867e-17,4.867e-17,,
504.61,1.304e-16,1.304e-16,,
504.66,3.428e-16,3.428e-16,,
504.71,8.836e-16,8.836e-16,,
504.76,2.234e-15,2.234e-15,,
504.81,5.538e-15,5.538e-15,,
504.86,1.346e-14,1.346e-14,,
504.91,3.211e-14,3.211e-14,,
504.96,7.510e-14,7.510e-14,,
505.01,1.723e-13,1.723e-13,,
505.06,3.875e-13,3.875e-13,,
505.11,8.549e-13,8.549e-13,,
505.16,1.850e-12,1.850e-12,,
505.21,3.926e-12,3.926e-12,,
505.26,8.170e-12,8.170e-12,,
505.31,1.668e-11,1.668e-11,,
505.36,3.339e-11,3.339e-11,,
505.41,6.555e-11,6.555e-11,,
505.46,1.262e-10,1.262e-10,,
505.51,2.384e-10,2.384e-10,,
505.56,4.415e-10,4.415e-10,,
505.61,8.019e-10,8.019e-10,,
505.66,1.429e-9,1.429e-9,,
505.71,2.496e-9,2.496e-9,,
505.76,4.277e-9,4.277e-9,,
505.81,7.187e-9,7.187e-9,,
505.86,1.185e-8,1.185e-8,,
505.91,1.915e-8,1.915e-8,,
505.96,3.036e-8,3.036e-8,,
506.01,4.720e-8,4.720e-8,,
506.06,7.197e-8,7.197e-8,,
506.11,1.076e-7,1.076e-7,,
506.16,1.579e-7,1.579e-7,,
506.21,2.271e-7,2.271e-7,,
506.26,3.203e-7,3.203e-7,,
506.31,4.432e-7,4.432e-7,,
506.36,6.014e-7,6.014e-7,,
506.41,8.004e-7,8.004e-7,,
506.46,1.045e-6,1.045e-6,,
506.51,1.337e-6,1.337e-6,,
506.56,1.679e-6,1.679e-6,,
506.61,2.067e-6,2.067e-6,,
506.66,2.496e-6,2.496e-6,,
506.71,2.956e-6,2.956e-6,,
506.76,3.434e-6,3.434e-6,,
506.81,3.911e-6,3.911e-6,,
506.86,4.370e-6,4.370e-6,,
506.91,4.788e-6,4.788e-6,,
506.96,5.145e-6,5.145e-6,,
507.01,5.422e-6,5.422e-6,,
507.06,5.604e-6,5.604e-6,,
507.11,5.681e-6,5.681e-6,,
507.16,5.648e-6,5.648e-6,,
507.21,5.507e-6,5.507e-6,,
507.26,5.266e-6,5.266e-6,,
507.31,4.939e-6,4.939e-6,,
507.36,4.543e-6,4.543e-6,,
507.41,4.098e-6,4.098e-6,,
507.46,3.626e-6,3.626e-6,,
507.51,3.146e-6,3.146e-6,,
507.56,2.677e-6,2.677e-6,,
507.61,2.234e-6,2.234e-6,,
507.66,1.829e-6,1.829e-6,,
507.71,1.468e-6,1.468e-6,,
507.76,1.156e-6,1.156e-6,,
507.81,8.925e-7,8.925e-7,,
507.86,6.759e-7,6.759e-7,,
507.91,5.020e-7,5.020e-7,,
507.96,3.656e-7,3.656e-7,,
508.01,2.612e-7,2.612e-7,,
508.06,1.830e-7,1.830e-7,,
508.11,1.257e-7,1.257e-7,,
508.16,8.474e-8,8.474e-8,,
508.21,5.600e-8,5.600e-8,,
508.26,3.630e-8,3.630e-8,,
508.31,2.308e-8,2.308e-8,,
508.36,1.439e-8,1.439e-8,,
508.41,8.798e-9,8.798e-9,,
508.46,5.276e-9,5.276e-9,,
508.51,3.103e-9,3.103e-9,,
508.56,1.790e-9,1.790e-9,,
508.61,1.013e-9,1.013e-9,,
508.66,5.618e-10,5.618e-10,,
508.71,3.057e-10,3.057e-10,,
508.76,1.631e-10,1.631e-10,,
508.81,8.539e-11,8.539e-11,,
508.86,4.383e-11,4.383e-11,,
508.91,2.207e-11,2.207e-11,,
508.96,1.089e-11,1.089e-11,,
509.01,5.275e-12,5.275e-12,,
509.06,2.505e-12,2.505e-12,,
509.11,1.167e-12,1.167e-12,,
509.16,5.330e-13,5.330e-13,,
509.21,2.388e-13,2.388e-13,,
509.26,1.049e-13,1.049e-13,,
509.31,4.521e-14,4.521e-14,,
509.36,1.911e-14,1.911e-14,,
509.42,6.625e-15,6.625e-15,,
509.47,2.683e-15,2.683e-15,,
509.52,1.065e-15,1.065e-15,,
509.57,4.149e-16,4.149e-16,,
509.62,1.585e-16,1.585e-16,,
509.67,5.937e-17,5.937e-17,,
509.72,2.181e-17,2.181e-17,,
509.77,7.860e-18,7.860e-18,,
509.82,2.778e-18,2.778e-18,,
509.87,9.627e-19,9.627e-19,,
509.92,3.273e-19,3.273e-19,,
509.97,1.091e-19,1.091e-19,,
510.02,3.567e-20,3.567e-20,,
510.07,1.144e-20,1.144e-20,,
510.12,3.597e-21,3.597e-21,,
510.17,1.109e-21,1.109e-21,,
512.22,3.513e-10,3.513e-10,,
512.27,1.127e-9,1.127e-9,,
512.32,3.546e-9,3.546e-9,,
512.37,1.095e-8,1.095e-8,,
512.42,3.320e-8,3.320e-8,,
512.47,9.875e-8,9.875e-8,,
512.52,2.882e-7,2.882e-7,,
512.57,8.257e-7,8.257e-7,,
512.62,2.321e-6,2.321e-6,,
512.67,6.404e-6,6.404e-6,,
512.72,1.734e-5,1.734e-5,,
512.77,4.606e-5,4.606e-5,,
512.82,1.201e-4,1.201e-4,,
512.87,3.073e-4,3.073e-4,,
512.92,7.715e-4,7.715e-4,,
512.97,1.901e-3,1.901e-3,,
513.02,4.597e-3,4.597e-3,,
513.07,1.091e-2,1.091e-2,,
513.12,2.540e-2,2.540e-2,,
513.17,5.806e-2,5.806e-2,,
513.22,1.302e-1,1.302e-1,,
513.27,2.866e-1,2.866e-1,,
513.32,6.189e-1,6.189e-1,,
513.37,1.312e+0,1.312e+0,,
513.42,2.729e+0,2.729e+0,,
513.47,5.570e+0,5.570e+0,,
513.52,1.116e+1,1.116e+1,,
513.57,2.193e+1,2.193e+1,,
513.62,4.231e+1,4.231e+1,,
513.67,8.010e+1,8.010e+1,,
513.72,1.488e+2,1.488e+2,,
513.77,2.713e+2,2.713e+2,,
513.82,4.854e+2,4.854e+2,,
513.87,8.523e+2,8.523e+2,,
513.92,1.469e+3,1.469e+3,,
513.97,2.483e+3,2.483e+3,,
514.02,4.120e+3,4.120e+3,,
514.07,6.710e+3,6.710e+3,,
514.12,1.072e+4,1.072e+4,,
514.17,1.682e+4,1.682e+4,,
514.22,2.588e+4,2.588e+4,,
514.27,3.909e+4,3.909e+4,,
514.32,5.793e+4,5.793e+4,,
514.37,8.426e+4,8.426e+4,,
514.42,1.203e+5,1.203e+5,,
514.47,1.685e+5,1.685e+5,,
514.52,2.316e+5,2.316e+5,,
514.57,3.124e+5,3.124e+5,,
514.62,4.136e+5,4.136e+5,,
514.67,5.373e+5,5.373e+5,,
514.72,6.850e+5,6.850e+5,,
514.77,8.570e+5,8.570e+5,,
514.82,1.052e+6,1.052e+6,,
514.87,1.268e+6,1.268e+6,,
514.92,1.499e+6,1.499e+6,,
514.97,1.739e+6,1.739e+6,,
515.02,1.981e+6,1.981e+6,,
515.07,2.213e+6,2.213e+6,,
515.12,2.427e+6,2.427e+6,,
515.17,2.612e+6,2.612e+6,,
515.22,2.759e+6,2.759e+6,,
515.27,2.859e+6,2.859e+6,,
515.32,2.908e+6,2.908e+6,,
515.37,2.903e+6,2.903e+6,,
515.42,2.843e+6,2.843e+6,,
515.47,2.733e+6,2.733e+6,,
515.52,2.578e+6,2.578e+6,,
515.57,2.387e+6,2.387e+6,,
515.62,2.168e+6,2.168e+6,,
515.67,1.933e+6,1.933e+6,,
515.72,1.691e+6,1.691e+6,,
515.77,1.452e+6,1.452e+6,,
515.82,1.223e+6,1.223e+6,,
515.87,1.011e+6,1.011e+6,,
515.92,8.207e+5,8.207e+5,,
515.97,6.535e+5,6.535e+5,,
516.02,5.107e+5,5.107e+5,,
516.07,3.916e+5,3.916e+5,,
516.12,2.947e+5,2.947e+5,,
516.17,2.176e+5,2.176e+5,,
516.22,1.577e+5,1.577e+5,,
516.27,1.122e+5,1.122e+5,,
516.32,7.830e+4,7.830e+4,,
516.37,5.363e+4,5.363e+4,,
516.42,3.605e+4,3.605e+4,,
516.47,2.378e+4,2.378e+4,,
516.52,1.539e+4,1.539e+4,,
516.57,9.778e+3,9.778e+3,,
516.62,6.096e+3,6.096e+3,,
516.67,3.729e+3,3.729e+3,,
516.72,2.239e+3,2.239e+3,,
516.77,1.319e+3,1.319e+3,,
516.82,7.627e+2,7.627e+2,,
516.87,4.327e+2,4.327e+2,,
516.92,2.410e+2,2.410e+2,,
516.97,1.317e+2,1.317e+2,,
517.02,7.060e+1,7.060e+1,,
517.07,3.715e+1,3.715e+1,,
517.12,1.919e+1,1.919e+1,,
517.17,9.724e+0,9.724e+0,,
517.22,4.836e+0,4.836e+0,,
517.27,2.360e+0,2.360e+0,,
517.32,1.131e+0,1.131e+0,,
517.37,5.314e-1,5.314e-1,,
517.42,2.451e-1,2.451e-1,,
517.47,1.109e-1,1.109e-1,,
517.52,4.928e-2,4.928e-2,,
517.57,2.148e-2,2.148e-2,,
517.62,9.191e-3,9.191e-3,,
517.67,3.859e-3,3.859e-3,,
517.72,1.590e-3,1.590e-3,,
517.77,6.427e-4,6.427e-4,,
517.82,2.550e-4,2.550e-4,,
517.87,9.929e-5,9.929e-5,,
517.92,3.794e-5,3.794e-5,,
517.97,1.423e-5,1.423e-5,,
518.02,5.235e-6,5.235e-6,,
518.07,1.891e-6,1.891e-6,,
518.12,6.700e-7,6.700e-7,,
518.17,2.330e-7,2.330e-7,,
518.22,7.952e-8,7.952e-8,,
518.27,2.663e-8,2.663e-8,,
518.32,8.754e-9,8.754e-9,,
518.37,2.824e-9,2.824e-9,,
518.42,8.938e-10,8.938e-10,,
518.47,9.511e-15,9.511e-15,,
518.52,4.035e-15,4.035e-15,,
518.57,1.680e-15,1.680e-15,,
518.62,6.864e-16,6.864e-16,,
518.67,2.752e-16,2.752e-16,,
518.72,1.083e-16,1.083e-16,,
518.77,4.184e-17,4.184e-17,,
518.82,1.586e-17,1.586e-17,,
518.87,5.900e-18,5.900e-18,,
518.92,2.154e-18,2.154e-18,,
518.97,7.718e-19,7.718e-19,,
519.02,2.714e-19,2.714e-19,,
519.07,9.366e-20,9.366e-20,,
519.12,3.172e-20,3.172e-20,,
519.17,1.054e-20,1.054e-20,,
519.22,3.440e-21,3.440e-21,,
519.27,1.101e-21,1.101e-21,,
519.32,3.460e-22,3.460e-22,,
558.68,2.515e-22,2.515e-22,,
558.73,7.295e-22,7.295e-22,,
558.78,2.083e-21,2.083e-21,,
558.83,5.856e-21,5.856e-21,,
558.88,1.620e-20,1.620e-20,,
558.93,4.412e-20,4.412e-20,,
558.98,1.183e-19,1.183e-19,,
559.03,3.120e-19,3.120e-19,,
559.08,8.104e-19,8.104e-19,,
559.13,2.071e-18,2.071e-18,,
559.18,5.212e-18,5.212e-18,,
559.23,1.291e-17,1.291e-17,,
559.28,3.147e-17,3.147e-17,,
559.33,7.550e-17,7.550e-17,,
559.38,1.783e-16,1.783e-16,,
559.43,4.145e-16,4.145e-16,,
559.48,9.484e-16,9.484e-16,,
559.53,2.136e-15,2.136e-15,,
559.58,4.735e-15,4.735e-15,,
559.63,1.033e-14,1.033e-14,,
559.68,2.219e-14,2.219e-14,,
559.73,4.692e-14,4.692e-14,,
559.78,9.762e-14,9.762e-14,,
559.83,2.000e-13,2.000e-13,,
559.88,4.031e-13,4.031e-13,,
559.93,7.999e-13,7.999e-13,,
559.98,1.562e-12,1.562e-12,,
560.03,3.004e-12,3.004e-12,,
560.08,5.684e-12,5.684e-12,,
560.13,1.059e-11,1.059e-11,,
560.18,1.941e-11,1.941e-11,,
560.23,3.503e-11,3.503e-11,,
560.28,6.222e-11,6.222e-11,,
560.33,1.088e-10,1.088e-10,,
560.38,1.872e-10,1.872e-10,,
560.43,3.171e-10,3.171e-10,,
560.48,5.287e-10,5.287e-10,,
560.53,8.677e-10,8.677e-10,,
560.58,1.402e-9,1.402e-9,,
560.63,2.229e-9,2.229e-9,,
560.68,3.488e-9,3.488e-9,,
560.73,5.373e-9,5.373e-9,,
560.78,8.146e-9,8.146e-9,,
560.83,1.216e-8,1.216e-8,,
560.88,1.786e-8,1.786e-8,,
560.93,2.583e-8,2.583e-8,,
560.98,3.676e-8,3.676e-8,,
561.03,5.149e-8,5.149e-8,,
561.08,7.100e-8,7.100e-8,,
561.13,9.636e-8,9.636e-8,,
561.18,1.287e-7,1.287e-7,,
561.23,1.693e-7,1.693e-7,,
561.28,2.191e-7,2.191e-7,,
561.33,2.791e-7,2.791e-7,,
561.38,3.500e-7,3.500e-7,,
561.43,4.320e-7,4.320e-7,,
561.48,5.249e-7,5.249e-7,,
561.53,6.277e-7,6.277e-7,,
561.58,7.388e-7,7.388e-7,,
561.63,8.560e-7,8.560e-7,,
561.68,9.761e-7,9.761e-7,,
561.73,1.096e-6,1.096e-6,,
561.78,1.211e-6,1.211e-6,,
561.83,1.316e-6,1.316e-6,,
561.88,1.409e-6,1.409e-6,,
561.93,1.485e-6,1.485e-6,,
561.98,1.540e-6,1.540e-6,,
562.03,1.572e-6,1.572e-6,,
562.08,1.579e-6,1.579e-6,,
562.13,1.562e-6,1.562e-6,,
562.18,1.520e-6,1.520e-6,,
562.23,1.457e-6,1.457e-6,,
562.28,1.374e-6,1.374e-6,,
562.33,1.275e-6,1.275e-6,,
562.38,1.165e-6,1.165e-6,,
562.43,1.048e-6,1.048e-6,,
562.48,9.279e-7,9.279e-7,,
562.53,8.086e-7,8.086e-7,,
562.58,6.935e-7,6.935e-7,,
562.63,5.855e-7,5.855e-7,,
562.68,4.865e-7,4.865e-7,,
562.73,3.979e-7,3.979e-7,,
562.78,3.203e-7,3.203e-7,,
562.83,2.538e-7,2.538e-7,,
562.88,1.980e-7,1.980e-7,,
562.93,1.520e-7,1.520e-7,,
562.98,1.149e-7,1.149e-7,,
563.03,8.544e-8,8.544e-8,,
563.08,6.256e-8,6.256e-8,,
563.13,4.508e-8,4.508e-8,,
563.18,3.198e-8,3.198e-8,,
563.23,2.233e-8,2.233e-8,,
563.28,1.534e-8,1.534e-8,,
563.33,1.038e-8,1.038e-8,,
563.38,6.910e-9,6.910e-9,,
563.43,4.529e-9,4.529e-9,,
563.48,2.921e-9,2.921e-9,,
563.53,1.855e-9,1.855e-9,,
563.58,1.159e-9,1.159e-9,,
563.63,7.131e-10,7.131e-10,,
563.68,4.318e-10,4.318e-10,,
563.73,2.573e-10,2.573e-10,,
563.78,1.510e-10,1.510e-10,,
563.83,8.716e-11,8.716e-11,,
563.88,4.954e-11,4.954e-11,,
563.93,2.771e-11,2.771e-11,,
563.98,1.526e-11,1.526e-11,,
564.03,8.271e-12,8.271e-12,,
564.08,4.413e-12,4.413e-12,,
564.13,2.317e-12,2.317e-12,,
564.18,1.198e-12,1.198e-12,,
564.23,6.093e-13,6.093e-13,,
564.28,3.051e-13,3.051e-13,,
564.33,1.504e-13,1.504e-13,,
564.38,7.296e-14,7.296e-14,,
564.43,3.484e-14,3.484e-14,,
564.48,1.638e-14,1.638e-14,,
564.53,7.577e-15,7.577e-15,,
564.58,3.450e-15,3.450e-15,,
564.63,1.547e-15,1.547e-15,,
564.68,6.824e-16,6.824e-16,,
564.73,2.963e-16,2.963e-16,,
564.78,1.267e-16,1.267e-16,,
564.83,4.022e-9,4.022e-9,,
564.88,1.155e-8,1.155e-8,,
564.93,3.263e-8,3.263e-8,,
564.98,9.080e-8,9.080e-8,,
565.03,2.488e-7,2.488e-7,,
565.08,6.713e-7,6.713e-7,,
565.13,1.783e-6,1.783e-6,,
565.18,4.664e-6,4.664e-6,,
565.23,1.201e-5,1.201e-5,,
565.28,3.046e-5,3.046e-5,,
565.33,7.607e-5,7.607e-5,,
565.38,1.870e-4,1.870e-4,,
565.43,4.528e-4,4.528e-4,,
565.48,1.079e-3,1.079e-3,,
565.53,2.533e-3,2.533e-3,,
565.58,5.854e-3,5.854e-3,,
565.63,1.332e-2,1.332e-2,,
565.68,2.984e-2,2.984e-2,,
565.73,6.584e-2,6.584e-2,,
565.78,1.430e-1,1.430e-1,,
565.83,3.059e-1,3.059e-1,,
565.88,6.442e-1,6.442e-1,,
565.93,1.336e+0,1.336e+0,,
565.98,2.728e+0,2.728e+0,,
566.03,5.484e+0,5.484e+0,,
566.08,1.086e+1,1.086e+1,,
566.13,2.116e+1,2.116e+1,,
566.18,4.061e+1,4.061e+1,,
566.23,7.675e+1,7.675e+1,,
566.28,1.428e+2,1.428e+2,,
566.33,2.617e+2,2.617e+2,,
566.38,4.721e+2,4.721e+2,,
566.43,8.387e+2,8.387e+2,,
566.48,1.467e+3,1.467e+3,,
566.53,2.527e+3,2.527e+3,,
566.58,4.286e+3,4.286e+3,,
566.63,7.159e+3,7.159e+3,,
566.68,1.177e+4,1.177e+4,,
566.73,1.907e+4,1.907e+4,,
566.78,3.041e+4,3.041e+4,,
566.83,4.776e+4,4.776e+4,,
566.88,7.388e+4,7.388e+4,,
566.93,1.125e+5,1.125e+5,,
566.98,1.688e+5,1.688e+5,,
567.03,2.494e+5,2.494e+5,,
567.08,3.629e+5,3.629e+5,,
567.13,5.202e+5,5.202e+5,,
567.18,7.346e+5,7.346e+5,,
567.23,1.022e+6,1.022e+6,,
567.28,1.400e+6,1.400e+6,,
567.33,1.891e+6,1.891e+6,,
567.38,2.517e+6,2.517e+6,,
567.43,3.301e+6,3.301e+6,,
567.48,4.269e+6,4.269e+6,,
567.53,5.442e+6,5.442e+6,,
567.58,6.843e+6,6.843e+6,,
567.63,8.488e+6,8.488e+6,,
567.68,1.039e+7,1.039e+7,,
567.73,1.255e+7,1.255e+7,,
567.78,1.498e+7,1.498e+7,,
567.83,1.765e+7,1.765e+7,,
567.88,2.056e+7,2.056e+7,,
567.93,2.368e+7,2.368e+7,,
567.98,2.698e+7,2.698e+7,,
568.03,3.043e+7,3.043e+7,,
568.08,3.398e+7,3.398e+7,,
568.13,3.759e+7,3.759e+7,,
568.18,4.122e+7,4.122e+7,,
568.23,4.481e+7,4.481e+7,,
568.28,4.832e+7,4.832e+7,,
568.33,5.168e+7,5.168e+7,,
568.38,5.484e+7,5.484e+7,,
568.43,5.772e+7,5.772e+7,,
568.48,6.027e+7,6.027e+7,,
568.53,6.240e+7,6.240e+7,,
568.58,6.404e+7,6.404e+7,,
568.63,6.513e+7,6.513e+7,,
568.68,6.561e+7,6.561e+7,,
568.73,6.543e+7,6.543e+7,,
568.78,6.457e+7,6.457e+7,,
568.83,6.302e+7,6.302e+7,,
568.88,6.080e+7,6.080e+7,,
568.93,5.797e+7,5.797e+7,,
568.98,5.458e+7,5.458e+7,,
569.03,5.074e+7,5.074e+7,,
569.08,4.655e+7,4.655e+7,,
569.13,4.214e+7,4.214e+7,,
569.18,3.763e+7,3.763e+7,,
569.23,3.313e+7,3.313e+7,,
569.28,2.876e+7,2.876e+7,,
569.33,2.461e+7,2.461e+7,,
569.38,2.076e+7,2.076e+7,,
569.43,1.725e+7,1.725e+7,,
569.48,1.413e+7,1.413e+7,,
569.53,1.140e+7,1.140e+7,,
569.58,9.058e+6,9.058e+6,,
569.63,7.091e+6,7.091e+6,,
569.68,5.468e+6,5.468e+6,,
569.73,4.153e+6,4.153e+6,,
569.78,3.107e+6,3.107e+6,,
569.83,2.289e+6,2.289e+6,,
569.88,1.661e+6,1.661e+6,,
569.93,1.187e+6,1.187e+6,,
569.98,8.352e+5,8.352e+5,,
570.03,5.787e+5,5.787e+5,,
570.08,3.949e+5,3.949e+5,,
570.13,2.654e+5,2.654e+5,,
570.18,1.756e+5,1.756e+5,,
570.23,1.144e+5,1.144e+5,,
570.28,7.342e+4,7.342e+4,,
570.33,4.639e+4,4.639e+4,,
570.38,2.886e+4,2.886e+4,,
570.43,1.768e+4,1.768e+4,,
570.48,1.067e+4,1.067e+4,,
570.53,6.336e+3,6.336e+3,,
570.58,3.706e+3,3.706e+3,,
570.63,2.134e+3,2.134e+3,,
570.68,1.210e+3,1.210e+3,,
570.73,6.759e+2,6.759e+2,,
570.78,3.717e+2,3.717e+2,,
570.83,2.012e+2,2.012e+2,,
570.88,1.073e+2,1.073e+2,,
570.93,5.632e+1,5.632e+1,,
570.98,2.911e+1,2.911e+1,,
571.03,1.482e+1,1.482e+1,,
571.08,7.427e+0,7.427e+0,,
571.13,3.665e+0,3.665e+0,,
571.19,1.539e+0,1.539e+0,,
571.24,7.340e-1,7.340e-1,,
571.29,3.448e-1,3.448e-1,,
571.34,1.594e-1,1.594e-1,,
571.39,7.261e-2,7.261e-2,,
571.44,3.256e-2,3.256e-2,,
571.49,1.438e-2,1.438e-2,,
571.54,6.251e-3,6.251e-3,,
571.59,2.676e-3,2.676e-3,,
571.64,1.128e-3,1.128e-3,,
571.69,4.682e-4,4.682e-4,,
571.74,1.914e-4,1.914e-4,,
571.79,7.701e-5,7.701e-5,,
571.84,3.052e-5,3.052e-5,,
571.89,1.191e-5,1.191e-5,,
571.94,4.575e-6,4.575e-6,,
571.99,1.731e-6,1.731e-6,,
572.04,6.448e-7,6.448e-7,,
572.09,2.365e-7,2.365e-7,,
572.14,8.543e-8,8.543e-8,,
572.19,3.038e-8,3.038e-8,,
572.24,1.064e-8,1.064e-8,,
585.44,1.827e-7,1.827e-7,,
585.49,5.060e-7,5.060e-7,,
585.54,1.382e-6,1.382e-6,,
585.59,3.719e-6,3.719e-6,,
585.64,9.868e-6,9.868e-6,,
585.69,2.581e-5,2.581e-5,,
585.74,6.652e-5,6.652e-5,,
585.79,1.690e-4,1.690e-4,,
585.84,4.233e-4,4.233e-4,,
585.89,1.045e-3,1.045e-3,,
585.94,2.543e-3,2.543e-3,,
585.99,6.099e-3,6.099e-3,,
586.04,1.442e-2,1.442e-2,,
586.09,3.361e-2,3.361e-2,,
586.14,7.719e-2,7.719e-2,,
586.19,1.748e-1,1.748e-1,,
586.24,3.901e-1,3.901e-1,,
586.29,8.581e-1,8.581e-1,,
586.34,1.861e+0,1.861e+0,,
586.39,3.977e+0,3.977e+0,,
586.44,8.378e+0,8.378e+0,,
586.49,1.740e+1,1.740e+1,,
586.54,3.561e+1,3.561e+1,,
586.59,7.185e+1,7.185e+1,,
586.64,1.429e+2,1.429e+2,,
586.69,2.801e+2,2.801e+2,,
586.74,5.412e+2,5.412e+2,,
586.79,1.031e+3,1.031e+3,,
586.84,1.935e+3,1.935e+3,,
586.89,3.581e+3,3.581e+3,,
586.94,6.532e+3,6.532e+3,,
586.99,1.174e+4,1.174e+4,,
587.04,2.081e+4,2.081e+4,,
587.09,3.635e+4,3.635e+4,,
587.14,6.260e+4,6.260e+4,,
587.19,1.062e+5,1.062e+5,,
587.24,1.777e+5,1.777e+5,,
587.29,2.931e+5,2.931e+5,,
587.34,4.765e+5,4.765e+5,,
587.39,7.634e+5,7.634e+5,,
587.44,1.206e+6,1.206e+6,,
587.49,1.877e+6,1.877e+6,,
587.54,2.881e+6,2.881e+6,,
587.59,4.357e+6,4.357e+6,,
587.64,6.497e+6,6.497e+6,,
587.69,9.550e+6,9.550e+6,,
587.74,1.384e+7,1.384e+7,,
587.79,1.976e+7,1.976e+7,,
587.84,2.783e+7,2.783e+7,,
587.89,3.862e+7,3.862e+7,,
587.94,5.284e+7,5.284e+7,,
587.99,7.128e+7,7.128e+7,,
588.04,9.478e+7,9.478e+7,,
588.09,1.243e+8,1.243e+8,,
588.14,1.606e+8,1.606e+8,,
588.19,2.047e+8,2.047e+8,,
588.24,2.572e+8,2.572e+8,,
588.29,3.187e+8,3.187e+8,,
588.34,3.895e+8,3.895e+8,,
588.39,4.694e+8,4.694e+8,,
588.44,5.579e+8,5.579e+8,,
588.49,6.541e+8,6.541e+8,,
588.54,7.567e+8,7.567e+8,,
588.59,8.636e+8,8.636e+8,,
588.64,9.727e+8,9.727e+8,,
588.69,1.081e+9,1.081e+9,,
588.74,1.187e+9,1.187e+9,,
588.79,1.287e+9,1.287e+9,,
588.84,1.378e+9,1.378e+9,,
588.89,1.458e+9,1.458e+9,,
588.94,1.525e+9,1.525e+9,,
588.99,1.578e+9,1.578e+9,,
589.04,1.615e+9,1.615e+9,,
589.09,1.636e+9,1.636e+9,,
589.14,1.641e+9,1.641e+9,,
589.19,1.630e+9,1.630e+9,,
589.24,1.606e+9,1.606e+9,,
589.29,1.568e+9,1.568e+9,,
589.34,1.519e+9,1.519e+9,,
589.39,1.461e+9,1.461e+9,,
589.44,1.394e+9,1.394e+9,,
589.49,1.321e+9,1.321e+9,,
589.54,1.242e+9,1.242e+9,,
589.59,1.160e+9,1.160e+9,,
589.64,1.075e+9,1.075e+9,,
589.69,9.893e+8,9.893e+8,,
589.74,9.031e+8,9.031e+8,,
589.79,8.176e+8,8.176e+8,,
589.84,7.338e+8,7.338e+8,,
589.89,6.526e+8,6.526e+8,,
589.94,5.749e+8,5.749e+8,,
589.99,5.013e+8,5.013e+8,,
590.04,4.326e+8,4.326e+8,,
590.09,3.692e+8,3.692e+8,,
590.14,3.116e+8,3.116e+8,,
590.19,2.599e+8,2.599e+8,,
590.24,2.142e+8,2.142e+8,,
590.29,1.743e+8,1.743e+8,,
590.34,1.401e+8,1.401e+8,,
590.39,1.111e+8,1.111e+8,,
590.44,8.703e+7,8.703e+7,,
590.49,6.725e+7,6.725e+7,,
590.54,5.127e+7,5.127e+7,,
590.59,3.856e+7,3.856e+7,,
590.64,2.861e+7,2.861e+7,,
590.69,2.093e+7,2.093e+7,,
590.74,1.510e+7,1.510e+7,,
590.79,1.075e+7,1.075e+7,,
590.84,7.540e+6,7.540e+6,,
590.89,5.217e+6,5.217e+6,,
590.94,3.559e+6,3.559e+6,,
590.99,2.393e+6,2.393e+6,,
591.04,1.587e+6,1.587e+6,,
591.09,1.037e+6,1.037e+6,,
591.14,6.685e+5,6.685e+5,,
591.19,4.247e+5,4.247e+5,,
591.24,2.660e+5,2.660e+5,,
591.29,1.642e+5,1.642e+5,,
591.34,9.994e+4,9.994e+4,,
591.39,5.996e+4,5.996e+4,,
591.44,3.546e+4,3.546e+4,,
591.49,2.067e+4,2.067e+4,,
591.54,1.188e+4,1.188e+4,,
591.59,6.730e+3,6.730e+3,,
591.64,3.758e+3,3.758e+3,,
591.69,2.069e+3,2.069e+3,,
591.74,1.122e+3,1.122e+3,,
591.79,6.003e+2,6.003e+2,,
591.84,3.165e+2,3.165e+2,,
591.89,1.645e+2,1.645e+2,,
591.94,8.426e+1,8.426e+1,,
591.99,4.255e+1,4.255e+1,,
592.04,2.118e+1,2.118e+1,,
592.09,1.039e+1,1.039e+1,,
592.14,5.026e+0,5.026e+0,,
592.19,2.396e+0,2.396e+0,,
592.24,1.126e+0,1.126e+0,,
592.29,5.216e-1,5.216e-1,,
592.34,2.382e-1,2.382e-1,,
592.39,1.072e-1,1.072e-1,,
592.44,4.756e-2,4.756e-2,,
592.49,2.080e-2,2.080e-2,,
592.54,8.967e-3,8.967e-3,,
592.59,3.810e-3,3.810e-3,,
592.64,1.596e-3,1.596e-3,,
592.69,6.590e-4,6.590e-4,,
592.74,2.682e-4,2.682e-4,,
592.79,1.076e-4,1.076e-4,,
592.84,4.255e-5,4.255e-5,,
592.89,1.658e-5,1.658e-5,,
592.94,6.372e-6,6.372e-6,,
592.99,2.413e-6,2.413e-6,,
593.04,9.010e-7,9.010e-7,,
593.09,3.316e-7,3.316e-7,,
593.14,1.203e-7,1.203e-7,,