obs_wl_vac(nm),unc_obs_wl,ritz_wl_vac(nm),unc_ritz_wl,intens,Aki(s^-1),Acc,Ei(cm-1),Ek(cm-1),conf_i,term_i,J_i,conf_k,term_k,J_k,Type,tp_ref,line_ref,
"=""180.5341""","=""0.0002""","=""180.5338""","=""0.0003""","=""10a""","=""""",,"=""0.000""","=""55391.297""","=""3d10.4s""","=""2S""","=""1/2""","=""3d10.5d""","=""2D""","=""5/2""",E2,"=""""","=""L4958""",
"=""180.5454""","=""0.0007""","=""180.54561""","=""0.00023""","=""5a""","=""""",,"=""0.000""","=""55387.667""","=""3d10.4s""","=""2S""","=""1/2""","=""3d10.5d""","=""2D""","=""3/2""",E2,"=""""","=""L4958""",
"=""181.7265""","=""0.0002""","=""181.72645""","=""0.00007""","=""7000a""","=""""",,"=""0.000""","=""55027.762""","=""3d10.4s""","=""2S""","=""1/2""","=""3d10.6p""","=""2P*""","=""1/2""",,"=""""","=""L4958""",
"=""182.5349""","=""0.0002""","=""182.53483""","=""0.00010""","=""8000a""","=""""",,"=""0.000""","=""54784.065""","=""3d10.4s""","=""2S""","=""1/2""","=""3d10.6p""","=""2P*""","=""3/2""",,"=""""","=""L4958""",
"=""197.813""","=""0.002""","=""197.8118""","=""0.0012""","=""2a""","=""""",,"=""11202.618""","=""61755.71""","=""3d9.4s2""","=""2D""","=""5/2""","=""3d10.16p""","=""2P*""","=""3/2""",,"=""""","=""L4958""",
"=""198.165""","=""0.002""","=""198.1640""","=""0.0012""","=""3a""","=""""",,"=""11202.618""","=""61665.86""","=""3d9.4s2""","=""2D""","=""5/2""","=""3d10.15p""","=""2P*""","=""3/2""",,"=""""","=""L4958""",
"=""198.6112""","=""0.0007""","=""198.6104""","=""0.0009""","=""4a""","=""""",,"=""11202.618""","=""61552.44""","=""3d9.4s2""","=""2D""","=""5/2""","=""3d10.14p""","=""2P*""","=""3/2""",,"=""""","=""L4958""",
"=""199.1876""","=""0.0010""","=""199.1868""","=""0.0010""","=""6a""","=""""",,"=""11202.618""","=""61406.75""","=""3d9.4s2""","=""2D""","=""5/2""","=""3d10.13p""","=""2P*""","=""3/2""",,"=""""","=""L4958""",
"=""199.950""","=""0.002""","=""199.9500""","=""0.0003""","=""10a,bl""","=""""",,"=""11202.618""","=""61215.13""","=""3d9.4s2""","=""2D""","=""5/2""","=""3d10.12p""","=""2P*""","=""3/2""",,"=""""","=""L4958""",
obs_wl_air(nm),unc_obs_wl,ritz_wl_air(nm),unc_ritz_wl,intens,Aki(s^-1),Acc,Ei(cm-1),Ek(cm-1),conf_i,term_i,J_i,conf_k,term_k,J_k,Type,tp_ref,line_ref,
"=""200.1672""","=""0.0002""","=""200.16723""","=""0.00008""","=""12a""","=""""",,"=""0.000""","=""49942.051""","=""3d10.4s""","=""2S""","=""1/2""","=""3d10.4d""","=""2D""","=""5/2""",E2,"=""""","=""L4958""",
"=""200.1947""","=""0.0002""","=""200.19472""","=""0.00008""","=""6a""","=""""",,"=""0.000""","=""49935.195""","=""3d10.4s""","=""2S""","=""1/2""","=""3d10.4d""","=""2D""","=""3/2""",E2,"=""""","=""L4958""",
"=""200.9252""","=""0.0002""","=""200.92510""","=""0.00020""","=""12a""","=""""",,"=""11202.618""","=""60956.32""","=""3d9.4s2""","=""2D""","=""5/2""","=""3d10.11p""","=""2P*""","=""3/2""",,"=""""","=""L4958""",
"=""202.3947""","=""0.0002""","=""202.39473""","=""0.00016""","=""12a""","=""""",,"=""11202.618""","=""60595.10""","=""3d9.4s2""","=""2D""","=""5/2""","=""3d10.10p""","=""2P*""","=""3/2""",,"=""""","=""L4958""",
"=""202.4002""","=""0.0002""","=""202.40019""","=""0.00020""","=""6a""","=""""",,"=""11202.618""","=""60593.77""","=""3d9.4s2""","=""2D""","=""5/2""","=""3d10.8f""","=""2F*""","=""5/2""",,"=""""","=""L4958""",
"=""202.4327""","=""0.0008""","=""202.43252""","=""0.00021""","=""3000a,bl""","=""9.8e+06""",B,"=""0.000""","=""49383.264""","=""3d10.4s""","=""2S""","=""1/2""","=""3d10.5p""","=""2P*""","=""1/2""",,"=""T7574""","=""L4958""",
"=""202.4338""","=""0.0002""","=""202.43383""","=""0.00007""","=""7000a""","=""9.8e+06""",B,"=""0.000""","=""49382.945""","=""3d10.4s""","=""2S""","=""1/2""","=""3d10.5p""","=""2P*""","=""3/2""",,"=""T7574""","=""L4958""",
"=""204.5692""","=""0.0004""","=""204.56914""","=""0.00021""","=""15a""","=""""",,"=""11202.618""","=""60070.17""","=""3d9.4s2""","=""2D""","=""5/2""","=""3d10.9p""","=""2P*""","=""3/2""",,"=""""","=""L4958""",
"=""205.768""","=""0.002""","=""205.7683""","=""0.0006""","=""2a""","=""""",,"=""13245.443""","=""61828.24""","=""3d9.4s2""","=""2D""","=""3/2""","=""3d10.17p""","=""2P*""","=""1/2,3/2""",,"=""""","=""L4958""",
"=""206.076""","=""0.002""","=""206.0758""","=""0.0009""","=""2a*""","=""""",,"=""13245.443""","=""61755.76""","=""3d9.4s2""","=""2D""","=""3/2""","=""3d10.16p""","=""2P*""","=""1/2""",,"=""""","=""L4958""",
"=""206.076""","=""0.002""","=""206.0760""","=""0.0008""","=""2a*""","=""""",,"=""13245.443""","=""61755.71""","=""3d9.4s2""","=""2D""","=""3/2""","=""3d10.16p""","=""2P*""","=""3/2""",,"=""""","=""L4958""",
"=""206.458""","=""0.002""","=""206.4583""","=""0.0009""","=""2a*""","=""""",,"=""13245.443""","=""61665.90""","=""3d9.4s2""","=""2D""","=""3/2""","=""3d10.15p""","=""2P*""","=""1/2""",,"=""""","=""L4958""",
"=""206.458""","=""0.002""","=""206.4585""","=""0.0009""","=""2a*""","=""""",,"=""13245.443""","=""61665.86""","=""3d9.4s2""","=""2D""","=""3/2""","=""3d10.15p""","=""2P*""","=""3/2""",,"=""""","=""L4958""",
"=""206.8321""","=""0.0017""","=""206.8315""","=""0.0007""","=""5""","=""""",,"=""30783.697""","=""79116.79""","=""3d10.4p""","=""2P*""","=""3/2""","=""3d9.4s.(3D).5d""","=""4F""","=""5/2""",,"=""""","=""L772""",
"=""206.941""","=""0.002""","=""206.9422""","=""0.0013""","=""3a*""","=""""",,"=""13245.443""","=""61552.70""","=""3d9.4s2""","=""2D""","=""3/2""","=""3d10.14p""","=""2P*""","=""1/2""",,"=""""","=""L4958""",
"=""206.941""","=""0.002""","=""206.9433""","=""0.0021""","=""3a*""","=""""",,"=""13245.443""","=""61552.44""","=""3d9.4s2""","=""2D""","=""3/2""","=""3d10.14p""","=""2P*""","=""3/2""",,"=""""","=""L4958""",
"=""207.566""","=""0.002""","=""207.5662""","=""0.0004""","=""5a""","=""""",,"=""13245.443""","=""61407.49""","=""3d9.4s2""","=""2D""","=""3/2""","=""3d10.13p""","=""2P*""","=""1/2""",,"=""""","=""L4958""",
"=""207.9534""","=""0.0004""","=""207.95343""","=""0.00022""","=""15a""","=""""",,"=""11202.618""","=""59274.99""","=""3d9.4s2""","=""2D""","=""5/2""","=""3d10.8p""","=""2P*""","=""3/2""",,"=""""","=""L4958""",
"=""208.3911""","=""0.0004""","=""208.3911""","=""0.0003""","=""6a""","=""""",,"=""13245.443""","=""61216.86""","=""3d9.4s2""","=""2D""","=""3/2""","=""3d10.12p""","=""2P*""","=""1/2""",,"=""""","=""L4958""",
"=""209.5161""","=""0.0004""","=""209.5159""","=""0.0004""","=""8a""","=""""",,"=""13245.443""","=""60959.37""","=""3d9.4s2""","=""2D""","=""3/2""","=""3d10.11p""","=""2P*""","=""1/2""",,"=""""","=""L4958""",
"=""209.529""","=""0.002""","=""209.52925""","=""0.00022""","=""3a""","=""""",,"=""13245.443""","=""60956.32""","=""3d9.4s2""","=""2D""","=""3/2""","=""3d10.11p""","=""2P*""","=""3/2""",,"=""""","=""L4958""",
"=""210.5112""","=""0.0004""","=""210.5115""","=""0.0004""","=""10a""","=""""",,"=""11202.618""","=""58690.91""","=""3d9.4s2""","=""2D""","=""5/2""","=""3d9.(2D).4s.4p.(1P*)""","=""2D*""","=""3/2""",,"=""""","=""L4958""",
"=""211.1006""","=""0.0004""","=""211.1007""","=""0.0003""","=""10a""","=""""",,"=""13245.443""","=""60601.19""","=""3d9.4s2""","=""2D""","=""3/2""","=""3d10.10p""","=""2P*""","=""1/2""",,"=""""","=""L4958""",
"=""211.1280""","=""0.0007""","=""211.12789""","=""0.00022""","=""4a""","=""""",,"=""13245.443""","=""60595.10""","=""3d9.4s2""","=""2D""","=""3/2""","=""3d10.10p""","=""2P*""","=""3/2""",,"=""""","=""L4958""",
"=""211.326""","=""0.006""","=""211.3238""","=""0.0022""","=""2h""","=""""",,"=""30535.324""","=""77841.10""","=""3d10.4p""","=""2P*""","=""1/2""","=""3d9.4s.(3D).5d""","=""4P""","=""3/2""",,"=""""","=""L772""",
"=""212.435""","=""0.006""","=""212.439""","=""0.004""","=""5h""","=""""",,"=""30783.697""","=""77841.10""","=""3d10.4p""","=""2P*""","=""3/2""","=""3d9.4s.(3D).5d""","=""4P""","=""3/2""",,"=""""","=""L772""",
"=""213.0762""","=""0.0021""","=""213.0762""","=""0.0004""","=""50r""","=""""",,"=""11202.618""","=""58119.37""","=""3d9.4s2""","=""2D""","=""5/2""","=""3d9.(2D).4s.4p.(1P*)""","=""2F*""","=""5/2""",,"=""""","=""L772""",
"=""213.4283""","=""0.0004""","=""213.4282""","=""0.0003""","=""10a""","=""""",,"=""13245.443""","=""60084.83""","=""3d9.4s2""","=""2D""","=""3/2""","=""3d10.9p""","=""2P*""","=""1/2""",,"=""""","=""L4958""",
"=""213.4952""","=""0.0004""","=""213.4950""","=""0.0003""","=""7a""","=""""",,"=""13245.443""","=""60070.17""","=""3d9.4s2""","=""2D""","=""3/2""","=""3d10.9p""","=""2P*""","=""3/2""",,"=""""","=""L4958""",
"=""213.8546""","=""0.0004""","=""213.8549""","=""0.0003""","=""20a""","=""""",,"=""11202.618""","=""57948.568""","=""3d9.4s2""","=""2D""","=""5/2""","=""3d10.7p""","=""2P*""","=""3/2""",,"=""""","=""L4958""",
"=""214.037""","=""0.006""","=""214.021""","=""0.018""","=""1""","=""""",,"=""11202.618""","=""57912.353""","=""3d9.4s2""","=""2D""","=""5/2""","=""3d10.5f""","=""2F*""","=""7/2""",,"=""""","=""L772""",
"=""214.0533""","=""0.0004""","=""214.0538""","=""0.0006""","=""10a""","=""""",,"=""11202.618""","=""57905.117""","=""3d9.4s2""","=""2D""","=""5/2""","=""3d10.5f""","=""2F*""","=""5/2""",,"=""""","=""L4958""",
"=""216.5093""","=""0.0021""","=""216.50934""","=""0.00014""","=""1300r""","=""5.5e+07""",C+,"=""0.000""","=""46172.89""","=""3d10.4s""","=""2S""","=""1/2""","=""3d9.(2D).4s.4p.(3P*)""","=""*""","=""3/2""",,"=""T7574""","=""L772""",
"=""216.9586""","=""0.0004""","=""216.9587""","=""0.0003""","=""20a""","=""""",,"=""13245.443""","=""59322.72""","=""3d9.4s2""","=""2D""","=""3/2""","=""3d10.8p""","=""2P*""","=""1/2""",,"=""""","=""L4958""",
"=""217.1835""","=""0.0004""","=""217.1837""","=""0.0003""","=""15a""","=""""",,"=""13245.443""","=""59274.99""","=""3d9.4s2""","=""2D""","=""3/2""","=""3d10.8p""","=""2P*""","=""3/2""",,"=""""","=""L4958""",
"=""217.8944""","=""0.0021""","=""217.8949""","=""0.0004""","=""1600r""","=""9.1e+07""",C+,"=""0.000""","=""45879.32""","=""3d10.4s""","=""2S""","=""1/2""","=""3d9.(2D).4s.4p.(3P*)""","=""2P*""","=""3/2""",,"=""T7574""","=""L772""",
"=""218.1720""","=""0.0021""","=""218.1725""","=""0.0008""","=""1700r""","=""9.9e+07""",C+,"=""0.000""","=""45820.94""","=""3d10.4s""","=""2S""","=""1/2""","=""3d9.(2D).4s.4p.(3P*)""","=""2P*""","=""1/2""",,"=""T7574""","=""L772""",
"=""219.9583""","=""0.0021""","=""219.9592""","=""0.0010""","=""1700r""","=""""",,"=""11202.618""","=""56651.41""","=""3d9.4s2""","=""2D""","=""5/2""","=""3d9.(2D).4s.4p.(1P*)""","=""2D*""","=""5/2""",,"=""""","=""L772""",
"=""219.9752""","=""0.0021""","=""219.9753""","=""0.0003""","=""1300r""","=""""",,"=""13245.443""","=""58690.91""","=""3d9.4s2""","=""2D""","=""3/2""","=""3d9.(2D).4s.4p.(1P*)""","=""2D*""","=""3/2""",,"=""""","=""L772""",
"=""221.4581""","=""0.0021""","=""221.4591""","=""0.0010""","=""1600r""","=""""",,"=""11202.618""","=""56343.62""","=""3d9.4s2""","=""2D""","=""5/2""","=""3d9.(2D).4s.4p.(1P*)""","=""2P*""","=""3/2""",,"=""""","=""L772""",
"=""221.5654""","=""0.0021""","=""221.5660""","=""0.0005""","=""1000r""","=""""",,"=""13245.443""","=""58364.66""","=""3d9.4s2""","=""2D""","=""3/2""","=""3d9.(2D).4s.4p.(1P*)""","=""2P*""","=""1/2""",,"=""""","=""L772""",
"=""222.5697""","=""0.0021""","=""222.5702""","=""0.0006""","=""2100r""","=""4.4e+07""",C+,"=""0.000""","=""44915.68""","=""3d10.4s""","=""2S""","=""1/2""","=""3d9.(2D).4s.4p.(3P*)""","=""4D*""","=""1/2""",,"=""T7574""","=""L772""",
"=""222.7775""","=""0.0021""","=""222.7773""","=""0.0004""","=""1600r""","=""""",,"=""13245.443""","=""58119.37""","=""3d9.4s2""","=""2D""","=""3/2""","=""3d9.(2D).4s.4p.(1P*)""","=""2F*""","=""5/2""",,"=""""","=""L772""",
"=""223.0084""","=""0.0021""","=""223.0092""","=""0.0007""","=""2500r""","=""""",,"=""11202.618""","=""56029.89""","=""3d9.4s2""","=""2D""","=""5/2""","=""3d9.(2D).4s.4p.(1P*)""","=""2F*""","=""7/2""",,"=""""","=""L772""",
"=""223.6278""","=""0.0021""","=""223.6286""","=""0.0009""","=""900r""","=""""",,"=""13245.443""","=""57948.568""","=""3d9.4s2""","=""2D""","=""3/2""","=""3d10.7p""","=""2P*""","=""3/2""",,"=""""","=""L772""",
"=""223.8454""","=""0.0021""","=""223.8462""","=""0.0007""","=""1100r""","=""""",,"=""13245.443""","=""57905.117""","=""3d9.4s2""","=""2D""","=""3/2""","=""3d10.5f""","=""2F*""","=""5/2""",,"=""""","=""L772""",
"=""224.4265""","=""0.0021""","=""224.4267""","=""0.0003""","=""2300r""","=""1.85e+06""",C+,"=""0.000""","=""44544.16""","=""3d10.4s""","=""2S""","=""1/2""","=""3d9.(2D).4s.4p.(3P*)""","=""4D*""","=""3/2""",,"=""T7574""","=""L772""",
"=""224.7503""","=""0.0017""","=""224.7514""","=""0.0011""","=""2""","=""""",,"=""30783.697""","=""75263.50""","=""3d10.4p""","=""2P*""","=""3/2""","=""3d9.4s.(1D).4d""","=""2P""","=""3/2""",,"=""""","=""L772""",
"=""225.5286""","=""0.0017""","=""225.533""","=""0.004""","=""0""","=""""",,"=""30783.697""","=""75109.47""","=""3d10.4p""","=""2P*""","=""3/2""","=""3d9.4s.(1D).4d""","=""2P""","=""1/2""",,"=""""","=""L772""",
"=""226.0528""","=""0.0021""","=""226.0529""","=""0.0004""","=""1300r""","=""""",,"=""11202.618""","=""55426.3543""","=""3d9.4s2""","=""2D""","=""5/2""","=""3d10.4f""","=""2F*""","=""7/2""",,"=""""","=""L772""",
"=""226.3084""","=""0.0004""","=""226.3085""","=""0.0003""","=""10a""","=""""",,"=""13245.443""","=""57419.24""","=""3d9.4s2""","=""2D""","=""3/2""","=""3d10.7p""","=""2P*""","=""1/2""",,"=""""","=""L4958""",
"=""229.3845""","=""0.0004""","=""229.3847""","=""0.0003""","=""50a""","=""""",,"=""11202.618""","=""54784.065""","=""3d9.4s2""","=""2D""","=""5/2""","=""3d10.6p""","=""2P*""","=""3/2""",,"=""""","=""L4958""",
"=""230.3117""","=""0.0004""","=""230.3122""","=""0.0005""","=""10a""","=""""",,"=""13245.443""","=""56651.41""","=""3d9.4s2""","=""2D""","=""3/2""","=""3d9.(2D).4s.4p.(1P*)""","=""2D*""","=""5/2""",,"=""""","=""L4958""",
"=""231.9563""","=""0.0004""","=""231.9571""","=""0.0009""","=""6a""","=""""",,"=""13245.443""","=""56343.62""","=""3d9.4s2""","=""2D""","=""3/2""","=""3d9.(2D).4s.4p.(1P*)""","=""2P*""","=""3/2""",,"=""""","=""L4958""",
"=""234.8352""","=""0.0017""","=""234.8376""","=""0.0022""","=""2""","=""""",,"=""30535.324""","=""73104.90""","=""3d10.4p""","=""2P*""","=""1/2""","=""3d9.4s.(3D).4d""","=""4D""","=""3/2""",,"=""""","=""L772""",
"=""236.3199""","=""0.0004""","=""236.31997""","=""0.00017""","=""15a""","=""7.e+04""",E,"=""0.000""","=""42302.58""","=""3d10.4s""","=""2S""","=""1/2""","=""3d9.(2D).4s.4p.(3P*)""","=""4F*""","=""3/2""",,"=""T7574""","=""L4958""",
"=""239.2630""","=""0.0004""","=""239.26279""","=""0.00023""","=""15a""","=""""",,"=""13245.443""","=""55027.762""","=""3d9.4s2""","=""2D""","=""3/2""","=""3d10.6p""","=""2P*""","=""1/2""",,"=""""","=""L4958""",
"=""240.4864""","=""0.0021""","=""240.4869""","=""0.0006""","=""2h""","=""""",,"=""30535.324""","=""72104.99""","=""3d10.4p""","=""2P*""","=""1/2""","=""3d9.4s.(3D).4d""","=""2D""","=""3/2""",,"=""""","=""L772""",
"=""240.6665""","=""0.0009""","=""240.66660""","=""0.00014""","=""1500""","=""""",,"=""13245.443""","=""54784.065""","=""3d9.4s2""","=""2D""","=""3/2""","=""3d10.6p""","=""2P*""","=""3/2""",,"=""""","=""L772""",
"=""241.5197""","=""0.0017""","=""241.5194""","=""0.0004""","=""5""","=""""",,"=""30535.324""","=""71927.28""","=""3d10.4p""","=""2P*""","=""1/2""","=""3d9.4s.(3D).4d""","=""4P""","=""3/2""",,"=""""","=""L772""",
"=""241.6605""","=""0.0017""","=""241.6605""","=""0.0006""","=""5""","=""""",,"=""30783.697""","=""72151.49""","=""3d10.4p""","=""2P*""","=""3/2""","=""3d9.4s.(3D).4d""","=""2P""","=""1/2""",,"=""""","=""L772""",
"=""242.0606""","=""0.0021""","=""242.0601""","=""0.0018""","=""1h""","=""""",,"=""39018.69""","=""80318.2""","=""3d9.(2D).4s.4p.(3P*)""","=""4P*""","=""5/2""","=""3d9.4s.(3D).8s""","=""4D""","=""7/2""",,"=""""","=""L772""",
"=""244.1637""","=""0.0004""","=""244.1633""","=""0.0004""","=""45a""","=""2.01e+06""",B,"=""0.000""","=""40943.78""","=""3d10.4s""","=""2S""","=""1/2""","=""3d9.(2D).4s.4p.(3P*)""","=""4P*""","=""1/2""",,"=""T7574""","=""L4958""",
"=""245.774""","=""0.006""","=""245.773""","=""0.004""","=""5h""","=""""",,"=""39018.69""","=""79694.4""","=""3d9.(2D).4s.4p.(3P*)""","=""4P*""","=""5/2""","=""3d9.4s.(3D).6d""","=""4D""","=""7/2""",,"=""""","=""L772""",
"=""245.888""","=""0.006""","=""245.887""","=""0.004""","=""5h""","=""""",,"=""39018.69""","=""79675.4""","=""3d9.(2D).4s.4p.(3P*)""","=""4P*""","=""5/2""","=""3d9.4s.(3D).6d""","=""4P""","=""5/2""",,"=""""","=""L772""",
"=""246.093""","=""0.006""","=""246.096""","=""0.005""","=""5h""","=""""",,"=""39018.69""","=""79640.9""","=""3d9.(2D).4s.4p.(3P*)""","=""4P*""","=""5/2""","=""3d9.4s.(3D).6d""","=""4S""","=""3/2""",,"=""""","=""L772""",
"=""247.083""","=""0.006""","=""247.082""","=""0.006""","=""0h""","=""""",,"=""40114.01""","=""80574.1""","=""3d9.(2D).4s.4p.(3P*)""","=""4P*""","=""3/2""","=""3d9.4s.(3D).6d""","=""2F""","=""5/2""",,"=""""","=""L772""",
"=""247.4818""","=""0.0017""","=""247.4838""","=""0.0018""","=""5""","=""""",,"=""30783.697""","=""71178.18""","=""3d10.4p""","=""2P*""","=""3/2""","=""3d9.4s.(3D).4d""","=""4P""","=""5/2""",,"=""""","=""L772""",
"=""247.9564""","=""0.0017""","=""247.953""","=""0.003""","=""1""","=""""",,"=""30535.324""","=""70853.37""","=""3d10.4p""","=""2P*""","=""1/2""","=""3d9.4s.(3D).4d""","=""2P""","=""3/2""",,"=""""","=""L772c156""",
"=""247.9754""","=""0.0009""","=""247.9748""","=""0.0006""","=""10""","=""""",,"=""30783.697""","=""71098.20""","=""3d10.4p""","=""2P*""","=""3/2""","=""3d9.4s.(3D).4d""","=""2D""","=""5/2""",,"=""""","=""L772""",
"=""249.2146""","=""0.0021""","=""249.21428""","=""0.00019""","=""2000r""","=""2.79e+06""",B,"=""0.000""","=""40114.01""","=""3d10.4s""","=""2S""","=""1/2""","=""3d9.(2D).4s.4p.(3P*)""","=""4P*""","=""3/2""",,"=""T7574""","=""L772""",
"=""249.489""","=""0.006""","=""249.4901""","=""0.0008""","=""10""","=""""",,"=""30783.697""","=""70853.37""","=""3d10.4p""","=""2P*""","=""3/2""","=""3d9.4s.(3D).4d""","=""2P""","=""3/2""",,"=""""","=""L772""",
"=""253.667""","=""0.006""","=""253.673""","=""0.006""","=""2h""","=""""",,"=""40909.16""","=""80318.2""","=""3d9.(2D).4s.4p.(3P*)""","=""4F*""","=""9/2""","=""3d9.4s.(3D).8s""","=""4D""","=""7/2""",,"=""""","=""L772""",
"=""253.686""","=""0.006""","=""253.691""","=""0.005""","=""2h""","=""""",,"=""41153.47""","=""80559.7""","=""3d9.(2D).4s.4p.(3P*)""","=""4F*""","=""7/2""","=""3d9.4s.(3D).6d""","=""4F""","=""7/2""",,"=""""","=""L772""",
"=""254.038""","=""0.006""","=""254.040""","=""0.005""","=""5h""","=""""",,"=""41153.47""","=""80505.6""","=""3d9.(2D).4s.4p.(3P*)""","=""4F*""","=""7/2""","=""3d9.4s.(3D).6d""","=""4G""","=""9/2""",,"=""""","=""L772""",
"=""254.748""","=""0.006""","=""254.7494""","=""0.0016""","=""10h""","=""""",,"=""39018.69""","=""78261.18""","=""3d9.(2D).4s.4p.(3P*)""","=""4P*""","=""5/2""","=""3d9.4s.(3D).7s""","=""4D""","=""7/2""",,"=""""","=""L772""",
"=""255.256""","=""0.006""","=""255.2552""","=""0.0020""","=""1h""","=""""",,"=""41153.47""","=""80318.2""","=""3d9.(2D).4s.4p.(3P*)""","=""4F*""","=""7/2""","=""3d9.4s.(3D).8s""","=""4D""","=""7/2""",,"=""""","=""L772""",
"=""255.329""","=""0.006""","=""255.326""","=""0.003""","=""2h""","=""""",,"=""40114.01""","=""79267.93""","=""3d9.(2D).4s.4p.(3P*)""","=""4P*""","=""3/2""","=""3d9.4s.(3D).7s""","=""2D""","=""5/2""",,"=""""","=""L772""",
"=""256.3167""","=""0.0021""","=""256.3151""","=""0.0020""","=""10h""","=""""",,"=""40114.01""","=""79116.79""","=""3d9.(2D).4s.4p.(3P*)""","=""4P*""","=""3/2""","=""3d9.4s.(3D).5d""","=""4F""","=""5/2""",,"=""""","=""L772""",
"=""256.3553""","=""0.0021""","=""256.3546""","=""0.0020""","=""3h""","=""""",,"=""41562.93""","=""80559.7""","=""3d9.(2D).4s.4p.(3P*)""","=""4F*""","=""5/2""","=""3d9.4s.(3D).6d""","=""4F""","=""7/2""",,"=""""","=""L772""",
"=""256.3955""","=""0.0021""","=""256.3948""","=""0.0020""","=""3h""","=""""",,"=""41562.93""","=""80553.6""","=""3d9.(2D).4s.4p.(3P*)""","=""4F*""","=""5/2""","=""3d9.4s.(3D).6d""","=""2G""","=""7/2""",,"=""""","=""L772""",
"=""256.7330""","=""0.0021""","=""256.7326""","=""0.0009""","=""2h""","=""""",,"=""40114.01""","=""79053.38""","=""3d9.(2D).4s.4p.(3P*)""","=""4P*""","=""3/2""","=""3d9.4s.(3D).5d""","=""4G""","=""5/2""",,"=""""","=""L772""",
"=""256.9888""","=""0.0021""","=""256.9881""","=""0.0013""","=""10h""","=""""",,"=""39018.69""","=""77919.35""","=""3d9.(2D).4s.4p.(3P*)""","=""4P*""","=""5/2""","=""3d9.4s.(3D).5d""","=""4F""","=""7/2""",,"=""""","=""L772""",
"=""257.0800""","=""0.0021""","=""257.0804""","=""0.0007""","=""10h""","=""""",,"=""39018.69""","=""77905.37""","=""3d9.(2D).4s.4p.(3P*)""","=""4P*""","=""5/2""","=""3d9.4s.(3D).5d""","=""4D""","=""5/2""",,"=""""","=""L772""",
"=""257.712""","=""0.006""","=""257.718""","=""0.007""","=""2h""","=""""",,"=""40909.16""","=""79699.6""","=""3d9.(2D).4s.4p.(3P*)""","=""4F*""","=""9/2""","=""3d9.4s.(3D).6d""","=""4F""","=""9/2""",,"=""""","=""L772""",
"=""257.929""","=""0.006""","=""257.929""","=""0.006""","=""20h""","=""""",,"=""40909.16""","=""79667.9""","=""3d9.(2D).4s.4p.(3P*)""","=""4F*""","=""9/2""","=""3d9.4s.(3D).6d""","=""4G""","=""11/2""",,"=""""","=""L772""",
"=""258.057""","=""0.006""","=""258.0577""","=""0.0005""","=""5h""","=""""",,"=""11202.618""","=""49942.051""","=""3d9.4s2""","=""2D""","=""5/2""","=""3d10.4d""","=""2D""","=""5/2""",M1,"=""""","=""L772""",
"=""259.365""","=""0.006""","=""259.352""","=""0.013""","=""2h""","=""""",,"=""41153.47""","=""79699.6""","=""3d9.(2D).4s.4p.(3P*)""","=""4F*""","=""7/2""","=""3d9.4s.(3D).6d""","=""4F""","=""9/2""",,"=""""","=""L772""",
"=""259.514""","=""0.006""","=""259.515""","=""0.005""","=""0h""","=""""",,"=""41153.47""","=""79675.4""","=""3d9.(2D).4s.4p.(3P*)""","=""4F*""","=""7/2""","=""3d9.4s.(3D).6d""","=""4P""","=""5/2""",,"=""""","=""L772""",
"=""260.526""","=""0.006""","=""260.5256""","=""0.0012""","=""3h""","=""""",,"=""40114.01""","=""78486.49""","=""3d9.(2D).4s.4p.(3P*)""","=""4P*""","=""3/2""","=""3d9.4s.(3D).7s""","=""4D""","=""5/2""",,"=""""","=""L772""",
"=""260.931""","=""0.006""","=""260.922""","=""0.009""","=""0h""","=""""",,"=""40943.78""","=""79257.95""","=""3d9.(2D).4s.4p.(3P*)""","=""4P*""","=""1/2""","=""3d9.4s.(3D).7s""","=""4D""","=""3/2""",,"=""""","=""L772""",
"=""261.130""","=""0.006""","=""261.128""","=""0.003""","=""0h""","=""""",,"=""42302.58""","=""80586.5""","=""3d9.(2D).4s.4p.(3P*)""","=""4F*""","=""3/2""","=""3d9.4s.(3D).6d""","=""2D""","=""3/2""",,"=""""","=""L772""",
"=""261.8366""","=""0.0021""","=""261.8368""","=""0.0005""","=""2500r""","=""3.07e+07""",C,"=""11202.618""","=""49382.945""","=""3d9.4s2""","=""2D""","=""5/2""","=""3d10.5p""","=""2P*""","=""3/2""",,"=""T1343""","=""L772""",
"=""262.2875""","=""0.0021""","=""262.2894""","=""0.0021""","=""5h""","=""""",,"=""41153.47""","=""79267.93""","=""3d9.(2D).4s.4p.(3P*)""","=""4F*""","=""7/2""","=""3d9.4s.(3D).7s""","=""2D""","=""5/2""",,"=""""","=""L772""",
"=""262.6678""","=""0.0021""","=""262.6669""","=""0.0011""","=""10h""","=""""",,"=""40943.78""","=""79003.46""","=""3d9.(2D).4s.4p.(3P*)""","=""4P*""","=""1/2""","=""3d9.4s.(3D).5d""","=""4D""","=""3/2""",,"=""""","=""L772""",
"=""262.7365""","=""0.0021""","=""262.7376""","=""0.0015""","=""20h""","=""""",,"=""39018.69""","=""77068.13""","=""3d9.(2D).4s.4p.(3P*)""","=""4P*""","=""5/2""","=""3d9.4s.(3D).5d""","=""4D""","=""7/2""",,"=""""","=""L772""",
"=""262.8860""","=""0.0021""","=""262.884""","=""0.003""","=""1h""","=""""",,"=""42302.58""","=""80330.87""","=""3d9.(2D).4s.4p.(3P*)""","=""4F*""","=""3/2""","=""3d9.4s.(3D).7s""","=""4D""","=""1/2""",,"=""""","=""L772""",
"=""263.0004""","=""0.0021""","=""262.9992""","=""0.0016""","=""20h""","=""""",,"=""39018.69""","=""77030.29""","=""3d9.(2D).4s.4p.(3P*)""","=""4P*""","=""5/2""","=""3d9.4s.(3D).5d""","=""4P""","=""5/2""",,"=""""","=""L772""",
"=""263.4933""","=""0.0021""","=""263.4934""","=""0.0021""","=""30h""","=""""",,"=""39018.69""","=""76959.0""","=""3d9.(2D).4s.4p.(3P*)""","=""4P*""","=""5/2""","=""3d9.4s.(3D).5d""","=""4S""","=""3/2""",,"=""""","=""L772""",
"=""264.1550""","=""0.0021""","=""264.1547""","=""0.0008""","=""5h""","=""""",,"=""40114.01""","=""77959.34""","=""3d9.(2D).4s.4p.(3P*)""","=""4P*""","=""3/2""","=""3d9.4s.(3D).5d""","=""2F""","=""5/2""",,"=""""","=""L772""",
"=""264.3834""","=""0.0021""","=""264.3831""","=""0.0015""","=""1h""","=""""",,"=""39018.69""","=""76831.32""","=""3d9.(2D).4s.4p.(3P*)""","=""4P*""","=""5/2""","=""3d9.4s.(3D).5d""","=""2P""","=""3/2""",,"=""""","=""L772""",
"=""264.5303""","=""0.0021""","=""264.5320""","=""0.0021""","=""20h""","=""""",,"=""40114.01""","=""77905.37""","=""3d9.(2D).4s.4p.(3P*)""","=""4P*""","=""3/2""","=""3d9.4s.(3D).5d""","=""4D""","=""5/2""",,"=""""","=""L772""",
"=""264.6194""","=""0.0021""","=""264.622""","=""0.003""","=""1h""","=""""",,"=""43514.01""","=""81292.53""","=""3d9.(2D).4s.4p.(3P*)""","=""4D*""","=""7/2""","=""3d9.4s.(1D).5d""","=""2D""","=""5/2""",,"=""""","=""L772""",
"=""264.9840""","=""0.0021""","=""264.9826""","=""0.0018""","=""30h""","=""""",,"=""40114.01""","=""77841.10""","=""3d9.(2D).4s.4p.(3P*)""","=""4P*""","=""3/2""","=""3d9.4s.(3D).5d""","=""4P""","=""3/2""",,"=""""","=""L772""",
"=""265.1440""","=""0.0021""","=""265.138""","=""0.006""","=""1h""","=""""",,"=""41562.93""","=""79267.93""","=""3d9.(2D).4s.4p.(3P*)""","=""4F*""","=""5/2""","=""3d9.4s.(3D).7s""","=""2D""","=""5/2""",,"=""""","=""L772""",
"=""265.1693""","=""0.0021""","=""265.168""","=""0.003""","=""10h""","=""""",,"=""40114.01""","=""77814.7""","=""3d9.(2D).4s.4p.(3P*)""","=""4P*""","=""3/2""","=""3d9.4s.(3D).5d""","=""4P""","=""1/2""",,"=""""","=""L772""",
"=""265.2065""","=""0.0021""","=""265.2081""","=""0.0018""","=""2h""","=""""",,"=""41562.93""","=""79257.95""","=""3d9.(2D).4s.4p.(3P*)""","=""4F*""","=""5/2""","=""3d9.4s.(3D).7s""","=""4D""","=""3/2""",,"=""""","=""L772""",
"=""266.659""","=""0.006""","=""266.655""","=""0.004""","=""2h""","=""""",,"=""41562.93""","=""79053.38""","=""3d9.(2D).4s.4p.(3P*)""","=""4F*""","=""5/2""","=""3d9.4s.(3D).5d""","=""4G""","=""5/2""",,"=""""","=""L772""",
"=""267.1204""","=""0.0021""","=""267.1197""","=""0.0021""","=""20h""","=""""",,"=""41562.93""","=""78988.2""","=""3d9.(2D).4s.4p.(3P*)""","=""4F*""","=""5/2""","=""3d9.4s.(3D).5d""","=""4G""","=""7/2""",,"=""""","=""L772""",
"=""267.6428""","=""0.0009""","=""267.6436""","=""0.0011""","=""20""","=""""",,"=""40909.16""","=""78261.18""","=""3d9.(2D).4s.4p.(3P*)""","=""4F*""","=""9/2""","=""3d9.4s.(3D).7s""","=""4D""","=""7/2""",,"=""""","=""L772""",
"=""267.919""","=""0.006""","=""267.9190""","=""0.0009""","=""0""","=""""",,"=""39018.69""","=""76332.32""","=""3d9.(2D).4s.4p.(3P*)""","=""4P*""","=""5/2""","=""3d9.4s.(3D).6s""","=""2D""","=""3/2""",,"=""""","=""L772""",
"=""268.768""","=""0.006""","=""268.764""","=""0.004""","=""1h""","=""""",,"=""41153.47""","=""78349.76""","=""3d9.(2D).4s.4p.(3P*)""","=""4F*""","=""7/2""","=""3d9.4s.(1D).6s""","=""2D""","=""5/2""",,"=""""","=""L772""",
"=""269.4080""","=""0.0021""","=""269.4058""","=""0.0022""","=""5h""","=""""",,"=""41153.47""","=""78261.18""","=""3d9.(2D).4s.4p.(3P*)""","=""4F*""","=""7/2""","=""3d9.4s.(3D).7s""","=""4D""","=""7/2""",,"=""""","=""L772""",
"=""270.265""","=""0.006""","=""270.2637""","=""0.0022""","=""10h*""","=""""",,"=""40909.16""","=""77899.09""","=""3d9.(2D).4s.4p.(3P*)""","=""4F*""","=""9/2""","=""3d9.4s.(3D).5d""","=""2G""","=""7/2""",,"=""""","=""L772""",
"=""270.265""","=""0.006""","=""270.265""","=""0.003""","=""10h*""","=""""",,"=""40943.78""","=""77933.5""","=""3d9.(2D).4s.4p.(3P*)""","=""4P*""","=""1/2""","=""3d9.4s.(3D).5d""","=""2D""","=""3/2""",,"=""""","=""L772""",
"=""270.409""","=""0.006""","=""270.4102""","=""0.0022""","=""1h""","=""""",,"=""44406.32""","=""81376.21""","=""3d9.(2D).4s.4p.(3P*)""","=""4D*""","=""5/2""","=""3d9.4s.(1D).5d""","=""2F""","=""7/2""",,"=""""","=""L772""",
"=""270.518""","=""0.006""","=""270.5164""","=""0.0018""","=""2h""","=""""",,"=""42302.58""","=""79257.95""","=""3d9.(2D).4s.4p.(3P*)""","=""4F*""","=""3/2""","=""3d9.4s.(3D).7s""","=""4D""","=""3/2""",,"=""""","=""L772""",
"=""270.750""","=""0.006""","=""270.7495""","=""0.0012""","=""0h""","=""""",,"=""41562.93""","=""78486.49""","=""3d9.(2D).4s.4p.(3P*)""","=""4F*""","=""5/2""","=""3d9.4s.(3D).7s""","=""4D""","=""5/2""",,"=""""","=""L772""",
"=""271.400""","=""0.006""","=""271.397""","=""0.003""","=""2h""","=""""",,"=""40114.01""","=""76949.44""","=""3d9.(2D).4s.4p.(3P*)""","=""4P*""","=""3/2""","=""3d9.4s.(3D).5d""","=""2D""","=""5/2""",,"=""""","=""L772""",
"=""271.454""","=""0.006""","=""271.457""","=""0.004""","=""2h""","=""""",,"=""43726.24""","=""80553.6""","=""3d9.(2D).4s.4p.(3P*)""","=""2F*""","=""5/2""","=""3d9.4s.(3D).6d""","=""2G""","=""7/2""",,"=""""","=""L772""",
"=""271.535""","=""0.006""","=""271.5362""","=""0.0022""","=""5h""","=""""",,"=""42302.58""","=""79119.17""","=""3d9.(2D).4s.4p.(3P*)""","=""4F*""","=""3/2""","=""3d9.4s.(3D).5d""","=""4F""","=""3/2""",,"=""""","=""L772""",
"=""271.5543""","=""0.0021""","=""271.5538""","=""0.0013""","=""20h""","=""""",,"=""42302.58""","=""79116.79""","=""3d9.(2D).4s.4p.(3P*)""","=""4F*""","=""3/2""","=""3d9.4s.(3D).5d""","=""4F""","=""5/2""",,"=""""","=""L772""",
"=""271.8847""","=""0.0021""","=""271.8828""","=""0.0022""","=""2h""","=""""",,"=""44544.16""","=""81313.82""","=""3d9.(2D).4s.4p.(3P*)""","=""4D*""","=""3/2""","=""3d9.4s.(1D).5d""","=""2D""","=""3/2""",,"=""""","=""L772""",
"=""271.9097""","=""0.0021""","=""271.9108""","=""0.0012""","=""15h""","=""""",,"=""41153.47""","=""77919.35""","=""3d9.(2D).4s.4p.(3P*)""","=""4F*""","=""7/2""","=""3d9.4s.(3D).5d""","=""4F""","=""7/2""",,"=""""","=""L772""",
"=""272.0199""","=""0.0021""","=""272.0223""","=""0.0022""","=""15h""","=""""",,"=""42302.58""","=""79053.38""","=""3d9.(2D).4s.4p.(3P*)""","=""4F*""","=""3/2""","=""3d9.4s.(3D).5d""","=""4G""","=""5/2""",,"=""""","=""L772""",
"=""272.062""","=""0.006""","=""272.0607""","=""0.0022""","=""2h""","=""""",,"=""41153.47""","=""77899.09""","=""3d9.(2D).4s.4p.(3P*)""","=""4F*""","=""7/2""","=""3d9.4s.(3D).5d""","=""2G""","=""7/2""",,"=""""","=""L772""",
"=""272.175""","=""0.006""","=""272.175""","=""0.006""","=""1h""","=""""",,"=""43726.24""","=""80456.4""","=""3d9.(2D).4s.4p.(3P*)""","=""2F*""","=""5/2""","=""3d9.4s.(3D).7s""","=""2D""","=""3/2""",,"=""""","=""L772""",
"=""272.2702""","=""0.0021""","=""272.2705""","=""0.0016""","=""5h""","=""""",,"=""40114.01""","=""76831.32""","=""3d9.(2D).4s.4p.(3P*)""","=""4P*""","=""3/2""","=""3d9.4s.(3D).5d""","=""2P""","=""3/2""",,"=""""","=""L772""",
"=""272.3953""","=""0.0009""","=""272.3954""","=""0.0007""","=""30""","=""""",,"=""41153.47""","=""77853.94""","=""3d9.(2D).4s.4p.(3P*)""","=""4F*""","=""7/2""","=""3d9.4s.(3D).5d""","=""4G""","=""9/2""",,"=""""","=""L772""",
"=""273.4858""","=""0.0009""","=""273.4858""","=""0.0004""","=""10""","=""""",,"=""39018.69""","=""75572.84""","=""3d9.(2D).4s.4p.(3P*)""","=""4P*""","=""5/2""","=""3d9.4s.(1D).4d""","=""2F""","=""7/2""",,"=""""","=""L772""",
"=""273.7608""","=""0.0021""","=""273.7603""","=""0.0010""","=""2h""","=""""",,"=""39018.69""","=""75536.19""","=""3d9.(2D).4s.4p.(3P*)""","=""4P*""","=""5/2""","=""3d9.4s.(1D).4d""","=""2F""","=""5/2""",,"=""""","=""L772""",
"=""274.435""","=""0.006""","=""274.4331""","=""0.0023""","=""1h""","=""""",,"=""39018.69""","=""75446.67""","=""3d9.(2D).4s.4p.(3P*)""","=""4P*""","=""5/2""","=""3d9.4s.(1D).4d""","=""2D""","=""5/2""",,"=""""","=""L772""",
"=""274.5452""","=""0.0021""","=""274.5464""","=""0.0017""","=""20h""","=""""",,"=""44963.26""","=""81376.21""","=""3d9.(2D).4s.4p.(3P*)""","=""2F*""","=""7/2""","=""3d9.4s.(1D).5d""","=""2F""","=""7/2""",,"=""""","=""L772""",
"=""274.6713""","=""0.0021""","=""274.6711""","=""0.0009""","=""20h""","=""""",,"=""41562.93""","=""77959.34""","=""3d9.(2D).4s.4p.(3P*)""","=""4F*""","=""5/2""","=""3d9.4s.(3D).5d""","=""2F""","=""5/2""",,"=""""","=""L772""",
"=""274.860""","=""0.006""","=""274.866""","=""0.007""","=""1h""","=""""",,"=""41562.93""","=""77933.5""","=""3d9.(2D).4s.4p.(3P*)""","=""4F*""","=""5/2""","=""3d9.4s.(3D).5d""","=""2D""","=""3/2""",,"=""""","=""L772""",
"=""274.939""","=""0.006""","=""274.954""","=""0.015""","=""1h""","=""""",,"=""30783.697""","=""67142.68""","=""3d10.4p""","=""2P*""","=""3/2""","=""3d9.4s.(1D).5s""","=""2D""","=""5/2""",,"=""""","=""L772""",
"=""274.9734""","=""0.0021""","=""274.9733""","=""0.0008""","=""2h""","=""""",,"=""41562.93""","=""77919.35""","=""3d9.(2D).4s.4p.(3P*)""","=""4F*""","=""5/2""","=""3d9.4s.(3D).5d""","=""4F""","=""7/2""",,"=""""","=""L772""",
"=""275.0786""","=""0.0021""","=""275.0791""","=""0.0009""","=""5h""","=""""",,"=""41562.93""","=""77905.37""","=""3d9.(2D).4s.4p.(3P*)""","=""4F*""","=""5/2""","=""3d9.4s.(3D).5d""","=""4D""","=""5/2""",,"=""""","=""L772""",
"=""275.129""","=""0.006""","=""275.127""","=""0.003""","=""10h""","=""""",,"=""41562.93""","=""77899.09""","=""3d9.(2D).4s.4p.(3P*)""","=""4F*""","=""5/2""","=""3d9.4s.(3D).5d""","=""2G""","=""7/2""",,"=""""","=""L772""",
"=""275.1810""","=""0.0021""","=""275.1788""","=""0.0023""","=""10h""","=""""",,"=""44963.26""","=""81292.53""","=""3d9.(2D).4s.4p.(3P*)""","=""2F*""","=""7/2""","=""3d9.4s.(1D).5d""","=""2D""","=""5/2""",,"=""""","=""L772""",
"=""275.569""","=""0.006""","=""275.566""","=""0.003""","=""5h""","=""""",,"=""41562.93""","=""77841.10""","=""3d9.(2D).4s.4p.(3P*)""","=""4F*""","=""5/2""","=""3d9.4s.(3D).5d""","=""4P""","=""3/2""",,"=""""","=""L772""",
"=""275.8221""","=""0.0017""","=""275.8201""","=""0.0023""","=""1""","=""""",,"=""39018.69""","=""75263.50""","=""3d9.(2D).4s.4p.(3P*)""","=""4P*""","=""5/2""","=""3d9.4s.(1D).4d""","=""2P""","=""3/2""",,"=""""","=""L772""",
"=""276.025""","=""0.006""","=""276.022""","=""0.003""","=""2h""","=""""",,"=""40114.01""","=""76332.32""","=""3d9.(2D).4s.4p.(3P*)""","=""4P*""","=""3/2""","=""3d9.4s.(3D).6s""","=""2D""","=""3/2""",,"=""""","=""L772""",
"=""276.258""","=""0.006""","=""276.256""","=""0.003""","=""1h*""","=""""",,"=""39018.69""","=""75206.3""","=""3d9.(2D).4s.4p.(3P*)""","=""4P*""","=""5/2""","=""3d9.4s.(1D).4d""","=""2G""","=""7/2""",,"=""""","=""L772""",
"=""276.258""","=""0.006""","=""276.271""","=""0.015""","=""1h*""","=""""",,"=""43514.01""","=""79699.6""","=""3d9.(2D).4s.4p.(3P*)""","=""4D*""","=""7/2""","=""3d9.4s.(3D).6d""","=""4F""","=""9/2""",,"=""""","=""L772""",
"=""276.309""","=""0.006""","=""276.311""","=""0.006""","=""1h*""","=""""",,"=""43514.01""","=""79694.4""","=""3d9.(2D).4s.4p.(3P*)""","=""4D*""","=""7/2""","=""3d9.4s.(3D).6d""","=""4D""","=""7/2""",,"=""""","=""L772""",
"=""276.309""","=""0.006""","=""276.313""","=""0.005""","=""1h*""","=""""",,"=""44406.32""","=""80586.5""","=""3d9.(2D).4s.4p.(3P*)""","=""4D*""","=""5/2""","=""3d9.4s.(3D).6d""","=""2D""","=""3/2""",,"=""""","=""L772""",
"=""276.3809""","=""0.0021""","=""276.3804""","=""0.0011""","=""15h""","=""""",,"=""40909.16""","=""77080.49""","=""3d9.(2D).4s.4p.(3P*)""","=""4F*""","=""9/2""","=""3d9.4s.(3D).5d""","=""4F""","=""9/2""",,"=""""","=""L772""",
"=""276.4762""","=""0.0021""","=""276.4749""","=""0.0016""","=""5h""","=""""",,"=""40909.16""","=""77068.13""","=""3d9.(2D).4s.4p.(3P*)""","=""4F*""","=""9/2""","=""3d9.4s.(3D).5d""","=""4D""","=""7/2""",,"=""""","=""L772""",
"=""276.5300""","=""0.0017""","=""276.5317""","=""0.0018""","=""1""","=""""",,"=""39018.69""","=""75170.23""","=""3d9.(2D).4s.4p.(3P*)""","=""4P*""","=""5/2""","=""3d9.4s.(3D).6s""","=""2D""","=""5/2""",,"=""""","=""L772""",
"=""276.6371""","=""0.0021""","=""276.63669""","=""0.00023""","=""2500r*""","=""""",,"=""13245.443""","=""49383.264""","=""3d9.4s2""","=""2D""","=""3/2""","=""3d10.5p""","=""2P*""","=""1/2""",,"=""""","=""L772""",
"=""276.6371""","=""0.0021""","=""276.6391""","=""0.0023""","=""2500r*""","=""9.6e+06""",C+,"=""13245.443""","=""49382.945""","=""3d9.4s2""","=""2D""","=""3/2""","=""3d10.5p""","=""2P*""","=""3/2""",,"=""T1343""","=""L772""",
"=""276.8878""","=""0.0021""","=""276.8879""","=""0.0023""","=""125h""","=""""",,"=""40909.16""","=""77014.2""","=""3d9.(2D).4s.4p.(3P*)""","=""4F*""","=""9/2""","=""3d9.4s.(3D).5d""","=""4G""","=""11/2""",,"=""""","=""L772""",
"=""277.370""","=""0.006""","=""277.370""","=""0.004""","=""1h""","=""""",,"=""44544.16""","=""80586.5""","=""3d9.(2D).4s.4p.(3P*)""","=""4D*""","=""3/2""","=""3d9.4s.(3D).6d""","=""2D""","=""3/2""",,"=""""","=""L772""",
"=""277.45""","=""0.03""","=""277.465""","=""0.018""","=""4h""","=""""",,"=""44544.16""","=""80574.1""","=""3d9.(2D).4s.4p.(3P*)""","=""4D*""","=""3/2""","=""3d9.4s.(3D).6d""","=""2F""","=""5/2""",,"=""""","=""L772""",
"=""278.0828""","=""0.0017""","=""278.079""","=""0.004""","=""1""","=""""",,"=""40114.01""","=""76064.42""","=""3d9.(2D).4s.4p.(3P*)""","=""4P*""","=""3/2""","=""3d9.4s.(3D).6s""","=""4D""","=""1/2""",,"=""""","=""L772""",
"=""278.2592""","=""0.0021""","=""278.2599""","=""0.0013""","=""20h""","=""""",,"=""41153.47""","=""77080.49""","=""3d9.(2D).4s.4p.(3P*)""","=""4F*""","=""7/2""","=""3d9.4s.(3D).5d""","=""4F""","=""9/2""",,"=""""","=""L772""",
"=""278.3551""","=""0.0021""","=""278.3557""","=""0.0011""","=""20h""","=""""",,"=""41153.47""","=""77068.13""","=""3d9.(2D).4s.4p.(3P*)""","=""4F*""","=""7/2""","=""3d9.4s.(3D).5d""","=""4D""","=""7/2""",,"=""""","=""L772""",
"=""278.6496""","=""0.0021""","=""278.6493""","=""0.0009""","=""10h""","=""""",,"=""41153.47""","=""77030.29""","=""3d9.(2D).4s.4p.(3P*)""","=""4F*""","=""7/2""","=""3d9.4s.(3D).5d""","=""4P""","=""5/2""",,"=""""","=""L772""",
"=""279.1951""","=""0.0021""","=""279.1945""","=""0.0011""","=""5h""","=""""",,"=""41153.47""","=""76960.23""","=""3d9.(2D).4s.4p.(3P*)""","=""4F*""","=""7/2""","=""3d9.4s.(3D).5d""","=""2F""","=""7/2""",,"=""""","=""L772""",
"=""279.3485""","=""0.0021""","=""279.351""","=""0.003""","=""2h""","=""""",,"=""44544.16""","=""80330.87""","=""3d9.(2D).4s.4p.(3P*)""","=""4D*""","=""3/2""","=""3d9.4s.(3D).7s""","=""4D""","=""1/2""",,"=""""","=""L772""",
"=""279.6045""","=""0.0021""","=""279.607""","=""0.003""","=""1h""","=""""",,"=""43514.01""","=""79267.93""","=""3d9.(2D).4s.4p.(3P*)""","=""4D*""","=""7/2""","=""3d9.4s.(3D).7s""","=""2D""","=""5/2""",,"=""""","=""L772""",
"=""280.2556""","=""0.0021""","=""280.2568""","=""0.0024""","=""10h""","=""""",,"=""41153.47""","=""76824.52""","=""3d9.(2D).4s.4p.(3P*)""","=""4F*""","=""7/2""","=""3d9.4s.(3D).5d""","=""2G""","=""9/2""",,"=""""","=""L772""",
"=""280.3686""","=""0.0021""","=""280.3691""","=""0.0010""","=""10h""","=""""",,"=""42302.58""","=""77959.34""","=""3d9.(2D).4s.4p.(3P*)""","=""4F*""","=""3/2""","=""3d9.4s.(3D).5d""","=""2F""","=""5/2""",,"=""""","=""L772""",
"=""280.571""","=""0.006""","=""280.572""","=""0.003""","=""5h""","=""""",,"=""42302.58""","=""77933.5""","=""3d9.(2D).4s.4p.(3P*)""","=""4F*""","=""3/2""","=""3d9.4s.(3D).5d""","=""2D""","=""3/2""",,"=""""","=""L772""",
"=""280.978""","=""0.006""","=""280.982""","=""0.006""","=""1h""","=""""",,"=""44963.26""","=""80542.3""","=""3d9.(2D).4s.4p.(3P*)""","=""2F*""","=""7/2""","=""3d9.4s.(3D).6d""","=""4D""","=""5/2""",,"=""""","=""L772""",
"=""281.274""","=""0.006""","=""281.272""","=""0.006""","=""2h*""","=""""",,"=""44963.26""","=""80505.6""","=""3d9.(2D).4s.4p.(3P*)""","=""2F*""","=""7/2""","=""3d9.4s.(3D).6d""","=""4G""","=""9/2""",,"=""""","=""L772""",
"=""281.274""","=""0.006""","=""281.277""","=""0.003""","=""2h*""","=""""",,"=""43726.24""","=""79267.93""","=""3d9.(2D).4s.4p.(3P*)""","=""2F*""","=""5/2""","=""3d9.4s.(3D).7s""","=""2D""","=""5/2""",,"=""""","=""L772""",
"=""281.3558""","=""0.0021""","=""281.3559""","=""0.0013""","=""2h""","=""""",,"=""43726.24""","=""79257.95""","=""3d9.(2D).4s.4p.(3P*)""","=""2F*""","=""5/2""","=""3d9.4s.(3D).7s""","=""4D""","=""3/2""",,"=""""","=""L772""",
"=""281.571""","=""0.006""","=""281.566""","=""0.005""","=""1h""","=""""",,"=""41562.93""","=""77068.13""","=""3d9.(2D).4s.4p.(3P*)""","=""4F*""","=""5/2""","=""3d9.4s.(3D).5d""","=""4D""","=""7/2""",,"=""""","=""L772""",
"=""281.747""","=""0.006""","=""281.742""","=""0.006""","=""1h""","=""""",,"=""45879.32""","=""81362.3""","=""3d9.(2D).4s.4p.(3P*)""","=""2P*""","=""3/2""","=""3d9.4s.(1D).5d""","=""2F""","=""5/2""",,"=""""","=""L772""",
"=""281.868""","=""0.006""","=""281.8664""","=""0.0016""","=""4h""","=""""",,"=""41562.93""","=""77030.29""","=""3d9.(2D).4s.4p.(3P*)""","=""4F*""","=""5/2""","=""3d9.4s.(3D).5d""","=""4P""","=""5/2""",,"=""""","=""L772""",
"=""282.123""","=""0.006""","=""282.128""","=""0.005""","=""1h""","=""""",,"=""45879.32""","=""81313.82""","=""3d9.(2D).4s.4p.(3P*)""","=""2P*""","=""3/2""","=""3d9.4s.(1D).5d""","=""2D""","=""3/2""",,"=""""","=""L772""",
"=""282.286""","=""0.006""","=""282.282""","=""0.005""","=""0h""","=""""",,"=""44915.68""","=""80330.87""","=""3d9.(2D).4s.4p.(3P*)""","=""4D*""","=""1/2""","=""3d9.4s.(3D).7s""","=""4D""","=""1/2""",,"=""""","=""L772""",
"=""282.4370""","=""0.0021""","=""282.4368""","=""0.0003""","=""1250r""","=""7.8e+06""",C+,"=""11202.618""","=""46598.35""","=""3d9.4s2""","=""2D""","=""5/2""","=""3d9.(2D).4s.4p.(3P*)""","=""2D*""","=""5/2""",,"=""T1343""","=""L772""",
"=""282.942""","=""0.006""","=""282.9410""","=""0.0015""","=""5h""","=""""",,"=""40114.01""","=""75446.67""","=""3d9.(2D).4s.4p.(3P*)""","=""4P*""","=""3/2""","=""3d9.4s.(1D).4d""","=""2D""","=""5/2""",,"=""""","=""L772""",
"=""282.988""","=""0.006""","=""282.985""","=""0.003""","=""1h*""","=""""",,"=""43726.24""","=""79053.38""","=""3d9.(2D).4s.4p.(3P*)""","=""2F*""","=""5/2""","=""3d9.4s.(3D).5d""","=""4G""","=""5/2""",,"=""""","=""L772""",
"=""282.988""","=""0.006""","=""282.993""","=""0.005""","=""1h*""","=""""",,"=""40114.01""","=""75440.18""","=""3d9.(2D).4s.4p.(3P*)""","=""4P*""","=""3/2""","=""3d9.4s.(1D).4d""","=""2D""","=""3/2""",,"=""""","=""L772""",
"=""283.249""","=""0.006""","=""283.2477""","=""0.0018""","=""5h""","=""""",,"=""39018.69""","=""74313.10""","=""3d9.(2D).4s.4p.(3P*)""","=""4P*""","=""5/2""","=""3d9.4s.(3D).6s""","=""4D""","=""5/2""",,"=""""","=""L772""",
"=""283.430""","=""0.006""","=""283.426""","=""0.005""","=""2h""","=""""",,"=""40114.01""","=""75386.2""","=""3d9.(2D).4s.4p.(3P*)""","=""4P*""","=""3/2""","=""3d9.4s.(1D).4d""","=""2S""","=""1/2""",,"=""""","=""L772""",
"=""283.734""","=""0.006""","=""283.729""","=""0.006""","=""1h""","=""""",,"=""44406.32""","=""79640.9""","=""3d9.(2D).4s.4p.(3P*)""","=""4D*""","=""5/2""","=""3d9.4s.(3D).6d""","=""4S""","=""3/2""",,"=""""","=""L772""",
"=""284.092""","=""0.006""","=""284.093""","=""0.003""","=""10h""","=""""",,"=""46172.89""","=""81362.3""","=""3d9.(2D).4s.4p.(3P*)""","=""*""","=""3/2""","=""3d9.4s.(1D).5d""","=""2F""","=""5/2""",,"=""""","=""L772""",
"=""284.4160""","=""0.0009""","=""284.4155""","=""0.0006""","=""15""","=""""",,"=""40114.01""","=""75263.50""","=""3d9.(2D).4s.4p.(3P*)""","=""4P*""","=""3/2""","=""3d9.4s.(1D).4d""","=""2P""","=""3/2""",,"=""""","=""L772""",
"=""284.4842""","=""0.0021""","=""284.4848""","=""0.0013""","=""10h""","=""""",,"=""46172.89""","=""81313.82""","=""3d9.(2D).4s.4p.(3P*)""","=""*""","=""3/2""","=""3d9.4s.(1D).5d""","=""2D""","=""3/2""",,"=""""","=""L772""",
"=""284.6478""","=""0.0009""","=""284.6492""","=""0.0015""","=""15""","=""""",,"=""40943.78""","=""76064.42""","=""3d9.(2D).4s.4p.(3P*)""","=""4P*""","=""1/2""","=""3d9.4s.(3D).6s""","=""4D""","=""1/2""",,"=""""","=""L772""",
"=""285.1743""","=""0.0021""","=""285.1723""","=""0.0019""","=""15h""","=""""",,"=""40114.01""","=""75170.23""","=""3d9.(2D).4s.4p.(3P*)""","=""4P*""","=""3/2""","=""3d9.4s.(3D).6s""","=""2D""","=""5/2""",,"=""""","=""L772""",
"=""285.6660""","=""0.0021""","=""285.6674""","=""0.0013""","=""2h""","=""""",,"=""40114.01""","=""75109.47""","=""3d9.(2D).4s.4p.(3P*)""","=""4P*""","=""3/2""","=""3d9.4s.(1D).4d""","=""2P""","=""1/2""",,"=""""","=""L772""",
"=""285.8225""","=""0.0021""","=""285.8234""","=""0.0014""","=""50h""","=""""",,"=""39018.69""","=""73995.05""","=""3d9.(2D).4s.4p.(3P*)""","=""4P*""","=""5/2""","=""3d9.4s.(3D).6s""","=""4D""","=""7/2""",,"=""""","=""L772""",
"=""285.8734""","=""0.0009""","=""285.8732""","=""0.0003""","=""200""","=""""",,"=""11202.618""","=""46172.89""","=""3d9.4s2""","=""2D""","=""5/2""","=""3d9.(2D).4s.4p.(3P*)""","=""*""","=""3/2""",,"=""""","=""L772""",
"=""286.207""","=""0.006""","=""286.2059""","=""0.0016""","=""5h""","=""""",,"=""40114.01""","=""75043.63""","=""3d9.(2D).4s.4p.(3P*)""","=""4P*""","=""3/2""","=""3d9.4s.(3D).6s""","=""4D""","=""3/2""",,"=""""","=""L772""",
"=""286.7633""","=""0.0021""","=""286.7643""","=""0.0014""","=""1h""","=""""",,"=""44406.32""","=""79267.93""","=""3d9.(2D).4s.4p.(3P*)""","=""4D*""","=""5/2""","=""3d9.4s.(3D).7s""","=""2D""","=""5/2""",,"=""""","=""L772""",
"=""286.8470""","=""0.0021""","=""286.8463""","=""0.0016""","=""10h*""","=""""",,"=""43726.24""","=""78577.89""","=""3d9.(2D).4s.4p.(3P*)""","=""2F*""","=""5/2""","=""3d9.4s.(1D).6s""","=""2D""","=""3/2""",,"=""""","=""L772""",
"=""286.8470""","=""0.0021""","=""286.8464""","=""0.0014""","=""10h*""","=""""",,"=""44406.32""","=""79257.95""","=""3d9.(2D).4s.4p.(3P*)""","=""4D*""","=""5/2""","=""3d9.4s.(3D).7s""","=""4D""","=""3/2""",,"=""""","=""L772""",
"=""286.980""","=""0.006""","=""286.977""","=""0.003""","=""2h""","=""""",,"=""43514.01""","=""78349.76""","=""3d9.(2D).4s.4p.(3P*)""","=""4D*""","=""7/2""","=""3d9.4s.(1D).6s""","=""2D""","=""5/2""",,"=""""","=""L772""",
"=""287.4560""","=""0.0021""","=""287.4549""","=""0.0020""","=""20h""","=""""",,"=""46598.35""","=""81376.21""","=""3d9.(2D).4s.4p.(3P*)""","=""2D*""","=""5/2""","=""3d9.4s.(1D).5d""","=""2F""","=""7/2""",,"=""""","=""L772""",
"=""287.5240""","=""0.0021""","=""287.5249""","=""0.0014""","=""2h""","=""""",,"=""41562.93""","=""76332.32""","=""3d9.(2D).4s.4p.(3P*)""","=""4F*""","=""5/2""","=""3d9.4s.(3D).6s""","=""2D""","=""3/2""",,"=""""","=""L772""",
"=""287.567""","=""0.006""","=""287.570""","=""0.004""","=""10h""","=""""",,"=""46598.35""","=""81362.3""","=""3d9.(2D).4s.4p.(3P*)""","=""2D*""","=""5/2""","=""3d9.4s.(1D).5d""","=""2F""","=""5/2""",,"=""""","=""L772""",
"=""287.6025""","=""0.0021""","=""287.6005""","=""0.0025""","=""2h""","=""""",,"=""43726.24""","=""78486.49""","=""3d9.(2D).4s.4p.(3P*)""","=""2F*""","=""5/2""","=""3d9.4s.(3D).7s""","=""4D""","=""5/2""",,"=""""","=""L772""",
"=""287.7101""","=""0.0017""","=""287.7088""","=""0.0016""","=""5""","=""""",,"=""43514.01""","=""78261.18""","=""3d9.(2D).4s.4p.(3P*)""","=""4D*""","=""7/2""","=""3d9.4s.(3D).7s""","=""4D""","=""7/2""",,"=""""","=""L772""",
"=""287.886""","=""0.006""","=""287.891""","=""0.007""","=""5h*""","=""""",,"=""44915.68""","=""79640.9""","=""3d9.(2D).4s.4p.(3P*)""","=""4D*""","=""1/2""","=""3d9.4s.(3D).6d""","=""4S""","=""3/2""",,"=""""","=""L772""",
"=""287.886""","=""0.006""","=""287.896""","=""0.010""","=""5h*""","=""""",,"=""30535.324""","=""65259.93""","=""3d10.4p""","=""2P*""","=""1/2""","=""3d9.4s.(3D).5s""","=""2D""","=""3/2""",,"=""""","=""L772""",
"=""287.9743""","=""0.0021""","=""287.972""","=""0.003""","=""2h""","=""""",,"=""46598.35""","=""81313.82""","=""3d9.(2D).4s.4p.(3P*)""","=""2D*""","=""5/2""","=""3d9.4s.(1D).5d""","=""2D""","=""3/2""",,"=""""","=""L772""",
"=""288.2934""","=""0.0009""","=""288.29350""","=""0.00025""","=""1500""","=""""",,"=""11202.618""","=""45879.32""","=""3d9.4s2""","=""2D""","=""5/2""","=""3d9.(2D).4s.4p.(3P*)""","=""2P*""","=""3/2""",,"=""""","=""L772""",
"=""288.5408""","=""0.0021""","=""288.5402""","=""0.0011""","=""5h*""","=""""",,"=""44406.32""","=""79053.38""","=""3d9.(2D).4s.4p.(3P*)""","=""4D*""","=""5/2""","=""3d9.4s.(3D).5d""","=""4G""","=""5/2""",,"=""""","=""L772""",
"=""288.5408""","=""0.0021""","=""288.5418""","=""0.0017""","=""5h*""","=""""",,"=""42302.58""","=""76949.44""","=""3d9.(2D).4s.4p.(3P*)""","=""4F*""","=""3/2""","=""3d9.4s.(3D).5d""","=""2D""","=""5/2""",,"=""""","=""L772""",
"=""289.084""","=""0.006""","=""289.084""","=""0.003""","=""50h""","=""""",,"=""44406.32""","=""78988.2""","=""3d9.(2D).4s.4p.(3P*)""","=""4D*""","=""5/2""","=""3d9.4s.(3D).5d""","=""4G""","=""7/2""",,"=""""","=""L772""",
"=""289.164""","=""0.006""","=""289.161""","=""0.003""","=""30h""","=""""",,"=""44544.16""","=""79116.79""","=""3d9.(2D).4s.4p.(3P*)""","=""4D*""","=""3/2""","=""3d9.4s.(3D).5d""","=""4F""","=""5/2""",,"=""""","=""L772""",
"=""289.683""","=""0.006""","=""289.693""","=""0.010""","=""0h""","=""""",,"=""44544.16""","=""79053.38""","=""3d9.(2D).4s.4p.(3P*)""","=""4D*""","=""3/2""","=""3d9.4s.(3D).5d""","=""4G""","=""5/2""",,"=""""","=""L772""",
"=""289.805""","=""0.006""","=""289.800""","=""0.004""","=""0h""","=""""",,"=""40943.78""","=""75440.18""","=""3d9.(2D).4s.4p.(3P*)""","=""4P*""","=""1/2""","=""3d9.4s.(1D).4d""","=""2D""","=""3/2""",,"=""""","=""L772""",
"=""289.963""","=""0.006""","=""289.970""","=""0.008""","=""1h""","=""""",,"=""30783.697""","=""65259.93""","=""3d10.4p""","=""2P*""","=""3/2""","=""3d9.4s.(3D).5s""","=""2D""","=""3/2""",,"=""""","=""L772""",
"=""290.118""","=""0.006""","=""290.112""","=""0.006""","=""1h""","=""""",,"=""44544.16""","=""79003.46""","=""3d9.(2D).4s.4p.(3P*)""","=""4D*""","=""3/2""","=""3d9.4s.(3D).5d""","=""4D""","=""3/2""",,"=""""","=""L772""",
"=""290.446""","=""0.006""","=""290.449""","=""0.003""","=""0h""","=""""",,"=""41153.47""","=""75572.84""","=""3d9.(2D).4s.4p.(3P*)""","=""4F*""","=""7/2""","=""3d9.4s.(1D).4d""","=""2F""","=""7/2""",,"=""""","=""L772""",
"=""290.5662""","=""0.0021""","=""290.5674""","=""0.0016""","=""5h""","=""""",,"=""43514.01""","=""77919.35""","=""3d9.(2D).4s.4p.(3P*)""","=""4D*""","=""7/2""","=""3d9.4s.(3D).5d""","=""4F""","=""7/2""",,"=""""","=""L772""",
"=""291.1215""","=""0.0021""","=""291.1209""","=""0.0008""","=""30h""","=""""",,"=""43514.01""","=""77853.94""","=""3d9.(2D).4s.4p.(3P*)""","=""4D*""","=""7/2""","=""3d9.4s.(3D).5d""","=""4G""","=""9/2""",,"=""""","=""L772""",
"=""291.2916""","=""0.0017""","=""291.2924""","=""0.0009""","=""2""","=""""",,"=""40943.78""","=""75263.50""","=""3d9.(2D).4s.4p.(3P*)""","=""4P*""","=""1/2""","=""3d9.4s.(1D).4d""","=""2P""","=""3/2""",,"=""""","=""L772""",
"=""292.0296""","=""0.0021""","=""292.0295""","=""0.0010""","=""10h""","=""""",,"=""43726.24""","=""77959.34""","=""3d9.(2D).4s.4p.(3P*)""","=""2F*""","=""5/2""","=""3d9.4s.(3D).5d""","=""2F""","=""5/2""",,"=""""","=""L772""",
"=""292.2830""","=""0.0021""","=""292.2823""","=""0.0016""","=""10h""","=""""",,"=""44915.68""","=""79119.17""","=""3d9.(2D).4s.4p.(3P*)""","=""4D*""","=""1/2""","=""3d9.4s.(3D).5d""","=""4F""","=""3/2""",,"=""""","=""L772""",
"=""292.3212""","=""0.0021""","=""292.3199""","=""0.0018""","=""20h""","=""""",,"=""40114.01""","=""74313.10""","=""3d9.(2D).4s.4p.(3P*)""","=""4P*""","=""3/2""","=""3d9.4s.(3D).6s""","=""4D""","=""5/2""",,"=""""","=""L772""",
"=""292.3704""","=""0.0021""","=""292.3710""","=""0.0011""","=""80h""","=""""",,"=""43726.24""","=""77919.35""","=""3d9.(2D).4s.4p.(3P*)""","=""2F*""","=""5/2""","=""3d9.4s.(3D).5d""","=""4F""","=""7/2""",,"=""""","=""L772""",
"=""292.4882""","=""0.0021""","=""292.491""","=""0.003""","=""10h""","=""""",,"=""43726.24""","=""77905.37""","=""3d9.(2D).4s.4p.(3P*)""","=""2F*""","=""5/2""","=""3d9.4s.(3D).5d""","=""4D""","=""5/2""",,"=""""","=""L772""",
"=""292.5439""","=""0.0021""","=""292.5444""","=""0.0020""","=""30h""","=""""",,"=""43726.24""","=""77899.09""","=""3d9.(2D).4s.4p.(3P*)""","=""2F*""","=""5/2""","=""3d9.4s.(3D).5d""","=""2G""","=""7/2""",,"=""""","=""L772""",
"=""292.6057""","=""0.0009""","=""292.6057""","=""0.0006""","=""10""","=""""",,"=""40943.78""","=""75109.47""","=""3d9.(2D).4s.4p.(3P*)""","=""4P*""","=""1/2""","=""3d9.4s.(1D).4d""","=""2P""","=""1/2""",,"=""""","=""L772""",
"=""293.0416""","=""0.0021""","=""293.0417""","=""0.0014""","=""5h""","=""""",,"=""43726.24""","=""77841.10""","=""3d9.(2D).4s.4p.(3P*)""","=""2F*""","=""5/2""","=""3d9.4s.(3D).5d""","=""4P""","=""3/2""",,"=""""","=""L772""",
"=""293.1699""","=""0.0021""","=""293.1707""","=""0.0015""","=""10h""","=""""",,"=""40943.78""","=""75043.63""","=""3d9.(2D).4s.4p.(3P*)""","=""4P*""","=""1/2""","=""3d9.4s.(3D).6s""","=""4D""","=""3/2""",,"=""""","=""L772""",
"=""293.3060""","=""0.0009""","=""293.3066""","=""0.0008""","=""20""","=""""",,"=""39018.69""","=""73102.74""","=""3d9.(2D).4s.4p.(3P*)""","=""4P*""","=""5/2""","=""3d9.4s.(3D).4d""","=""4G""","=""7/2""",,"=""""","=""L772""",
"=""293.7766""","=""0.0021""","=""293.775""","=""0.003""","=""2h""","=""""",,"=""42302.58""","=""76332.32""","=""3d9.(2D).4s.4p.(3P*)""","=""4F*""","=""3/2""","=""3d9.4s.(3D).6s""","=""2D""","=""3/2""",,"=""""","=""L772""",
"=""293.8868""","=""0.0021""","=""293.8868""","=""0.0004""","=""15h""","=""""",,"=""41153.47""","=""75170.23""","=""3d9.(2D).4s.4p.(3P*)""","=""4F*""","=""7/2""","=""3d9.4s.(3D).6s""","=""2D""","=""5/2""",,"=""""","=""L772""",
"=""293.9453""","=""0.0017""","=""293.9460""","=""0.0008""","=""2""","=""""",,"=""41562.93""","=""75572.84""","=""3d9.(2D).4s.4p.(3P*)""","=""4F*""","=""5/2""","=""3d9.4s.(1D).4d""","=""2F""","=""7/2""",,"=""""","=""L772""",
"=""294.244""","=""0.006""","=""294.263""","=""0.019""","=""0h""","=""""",,"=""41562.93""","=""75536.19""","=""3d9.(2D).4s.4p.(3P*)""","=""4F*""","=""5/2""","=""3d9.4s.(1D).4d""","=""2F""","=""5/2""",,"=""""","=""L772""",
"=""294.523""","=""0.006""","=""294.517""","=""0.008""","=""3h*""","=""""",,"=""46598.35""","=""80542.3""","=""3d9.(2D).4s.4p.(3P*)""","=""2D*""","=""5/2""","=""3d9.4s.(3D).6d""","=""4D""","=""5/2""",,"=""""","=""L772""",
"=""294.523""","=""0.006""","=""294.5216""","=""0.0021""","=""3h*""","=""""",,"=""44406.32""","=""78349.76""","=""3d9.(2D).4s.4p.(3P*)""","=""4D*""","=""5/2""","=""3d9.4s.(1D).6s""","=""2D""","=""5/2""",,"=""""","=""L772""",
"=""295.0407""","=""0.0021""","=""295.0406""","=""0.0009""","=""1h""","=""""",,"=""41562.93""","=""75446.67""","=""3d9.(2D).4s.4p.(3P*)""","=""4F*""","=""5/2""","=""3d9.4s.(1D).4d""","=""2D""","=""5/2""",,"=""""","=""L772""",
"=""295.121""","=""0.006""","=""295.126""","=""0.005""","=""5h""","=""""",,"=""30783.697""","=""64657.62""","=""3d10.4p""","=""2P*""","=""3/2""","=""3d9.4s.(3D).5s""","=""2D""","=""5/2""",,"=""""","=""L772""",
"=""296.1165""","=""0.0021""","=""296.1164""","=""0.0003""","=""2500r""","=""3.76e+06""",C+,"=""11202.618""","=""44963.26""","=""3d9.4s2""","=""2D""","=""5/2""","=""3d9.(2D).4s.4p.(3P*)""","=""2F*""","=""7/2""",,"=""T1343""","=""L772""",
"=""296.980""","=""0.006""","=""296.982""","=""0.003""","=""0h""","=""""",,"=""44915.68""","=""78577.89""","=""3d9.(2D).4s.4p.(3P*)""","=""4D*""","=""1/2""","=""3d9.4s.(1D).6s""","=""2D""","=""3/2""",,"=""""","=""L772""",
"=""297.150""","=""0.006""","=""297.149""","=""0.003""","=""1h""","=""""",,"=""41562.93""","=""75206.3""","=""3d9.(2D).4s.4p.(3P*)""","=""4F*""","=""5/2""","=""3d9.4s.(1D).4d""","=""2G""","=""7/2""",,"=""""","=""L772""",
"=""297.4675""","=""0.0009""","=""297.4676""","=""0.0004""","=""10""","=""""",,"=""41562.93""","=""75170.23""","=""3d9.(2D).4s.4p.(3P*)""","=""4F*""","=""5/2""","=""3d9.4s.(3D).6s""","=""2D""","=""5/2""",,"=""""","=""L772""",
"=""297.8295""","=""0.0021""","=""297.8293""","=""0.0013""","=""30h""","=""""",,"=""43514.01""","=""77080.49""","=""3d9.(2D).4s.4p.(3P*)""","=""4D*""","=""7/2""","=""3d9.4s.(3D).5d""","=""4F""","=""9/2""",,"=""""","=""L772""",
"=""297.9380""","=""0.0021""","=""297.9390""","=""0.0016""","=""25h""","=""""",,"=""43514.01""","=""77068.13""","=""3d9.(2D).4s.4p.(3P*)""","=""4D*""","=""7/2""","=""3d9.4s.(3D).5d""","=""4D""","=""7/2""",,"=""""","=""L772""",
"=""298.2123""","=""0.0021""","=""298.2136""","=""0.0020""","=""3h""","=""""",,"=""44963.26""","=""78486.49""","=""3d9.(2D).4s.4p.(3P*)""","=""2F*""","=""7/2""","=""3d9.4s.(3D).7s""","=""4D""","=""5/2""",,"=""""","=""L772""",
"=""298.2765""","=""0.0021""","=""298.2754""","=""0.0015""","=""8h""","=""""",,"=""43514.01""","=""77030.29""","=""3d9.(2D).4s.4p.(3P*)""","=""4D*""","=""7/2""","=""3d9.4s.(3D).5d""","=""4P""","=""5/2""",,"=""""","=""L772""",
"=""298.3038""","=""0.0021""","=""298.3044""","=""0.0011""","=""3h""","=""""",,"=""44406.32""","=""77919.35""","=""3d9.(2D).4s.4p.(3P*)""","=""4D*""","=""5/2""","=""3d9.4s.(3D).5d""","=""4F""","=""7/2""",,"=""""","=""L772""",
"=""298.4267""","=""0.0021""","=""298.429""","=""0.003""","=""5h""","=""""",,"=""44406.32""","=""77905.37""","=""3d9.(2D).4s.4p.(3P*)""","=""4D*""","=""5/2""","=""3d9.4s.(3D).5d""","=""4D""","=""5/2""",,"=""""","=""L772""",
"=""298.5926""","=""0.0021""","=""298.5924""","=""0.0013""","=""10h""","=""""",,"=""41562.93""","=""75043.63""","=""3d9.(2D).4s.4p.(3P*)""","=""4F*""","=""5/2""","=""3d9.4s.(3D).6s""","=""4D""","=""3/2""",,"=""""","=""L772""",
"=""298.9010""","=""0.0021""","=""298.9003""","=""0.0013""","=""2h""","=""""",,"=""43514.01""","=""76960.23""","=""3d9.(2D).4s.4p.(3P*)""","=""4D*""","=""7/2""","=""3d9.4s.(3D).5d""","=""2F""","=""7/2""",,"=""""","=""L772""",
"=""299.0002""","=""0.0021""","=""298.997""","=""0.004""","=""1h*""","=""""",,"=""43514.01""","=""76949.44""","=""3d9.(2D).4s.4p.(3P*)""","=""4D*""","=""7/2""","=""3d9.4s.(3D).5d""","=""2D""","=""5/2""",,"=""""","=""L772""",
"=""299.0002""","=""0.0021""","=""299.003""","=""0.003""","=""1h*""","=""""",,"=""44406.32""","=""77841.10""","=""3d9.(2D).4s.4p.(3P*)""","=""4D*""","=""5/2""","=""3d9.4s.(3D).5d""","=""4P""","=""3/2""",,"=""""","=""L772""",
"=""299.1780""","=""0.0021""","=""299.1779""","=""0.0011""","=""15h""","=""""",,"=""44544.16""","=""77959.34""","=""3d9.(2D).4s.4p.(3P*)""","=""4D*""","=""3/2""","=""3d9.4s.(3D).5d""","=""2F""","=""5/2""",,"=""""","=""L772""",
"=""299.413""","=""0.006""","=""299.409""","=""0.005""","=""5h*""","=""""",,"=""44544.16""","=""77933.5""","=""3d9.(2D).4s.4p.(3P*)""","=""4D*""","=""3/2""","=""3d9.4s.(3D).5d""","=""2D""","=""3/2""",,"=""""","=""L772""",
"=""299.413""","=""0.006""","=""299.416""","=""0.003""","=""5h*""","=""""",,"=""45879.32""","=""79267.93""","=""3d9.(2D).4s.4p.(3P*)""","=""2P*""","=""3/2""","=""3d9.4s.(3D).7s""","=""2D""","=""5/2""",,"=""""","=""L772""",
"=""299.7364""","=""0.0009""","=""299.7365""","=""0.0003""","=""2000""","=""""",,"=""13245.443""","=""46598.35""","=""3d9.4s2""","=""2D""","=""3/2""","=""3d9.(2D).4s.4p.(3P*)""","=""2D*""","=""5/2""",,"=""""","=""L772""",
"=""299.8384""","=""0.0009""","=""299.8387""","=""0.0004""","=""150""","=""""",,"=""11202.618""","=""44544.16""","=""3d9.4s2""","=""2D""","=""5/2""","=""3d9.(2D).4s.4p.(3P*)""","=""4D*""","=""3/2""",,"=""""","=""L772""",
"=""300.124""","=""0.006""","=""300.118""","=""0.006""","=""5h""","=""""",,"=""43514.01""","=""76824.52""","=""3d9.(2D).4s.4p.(3P*)""","=""4D*""","=""7/2""","=""3d9.4s.(3D).5d""","=""2G""","=""9/2""",,"=""""","=""L772""",
"=""300.1774""","=""0.0021""","=""300.1763""","=""0.0015""","=""2h""","=""""",,"=""43726.24""","=""77030.29""","=""3d9.(2D).4s.4p.(3P*)""","=""2F*""","=""5/2""","=""3d9.4s.(3D).5d""","=""4P""","=""5/2""",,"=""""","=""L772""",
"=""300.2281""","=""0.0021""","=""300.2287""","=""0.0016""","=""10h""","=""""",,"=""45820.94""","=""79119.17""","=""3d9.(2D).4s.4p.(3P*)""","=""2P*""","=""1/2""","=""3d9.4s.(3D).5d""","=""4F""","=""3/2""",,"=""""","=""L772""",
"=""300.473""","=""0.006""","=""300.479""","=""0.006""","=""1h""","=""""",,"=""44544.16""","=""77814.7""","=""3d9.(2D).4s.4p.(3P*)""","=""4D*""","=""3/2""","=""3d9.4s.(3D).5d""","=""4P""","=""1/2""",,"=""""","=""L772""",
"=""300.780""","=""0.006""","=""300.778""","=""0.003""","=""1h""","=""""",,"=""45879.32""","=""79116.79""","=""3d9.(2D).4s.4p.(3P*)""","=""2P*""","=""3/2""","=""3d9.4s.(3D).5d""","=""4F""","=""5/2""",,"=""""","=""L772""",
"=""300.812""","=""0.006""","=""300.809""","=""0.003""","=""5h*""","=""""",,"=""43726.24""","=""76960.23""","=""3d9.(2D).4s.4p.(3P*)""","=""2F*""","=""5/2""","=""3d9.4s.(3D).5d""","=""2F""","=""7/2""",,"=""""","=""L772""",
"=""300.812""","=""0.006""","=""300.8125""","=""0.0012""","=""5h*""","=""""",,"=""42302.58""","=""75536.19""","=""3d9.(2D).4s.4p.(3P*)""","=""4F*""","=""3/2""","=""3d9.4s.(1D).4d""","=""2F""","=""5/2""",,"=""""","=""L772""",
"=""301.0838""","=""0.0009""","=""301.0835""","=""0.0004""","=""2000""","=""""",,"=""11202.618""","=""44406.32""","=""3d9.4s2""","=""2D""","=""5/2""","=""3d9.(2D).4s.4p.(3P*)""","=""4D*""","=""5/2""",,"=""""","=""L772""",
"=""301.2005""","=""0.0009""","=""301.2019""","=""0.0015""","=""250""","=""""",,"=""40114.01""","=""73304.66""","=""3d9.(2D).4s.4p.(3P*)""","=""4P*""","=""3/2""","=""3d9.4s.(3D).4d""","=""4F""","=""5/2""",,"=""""","=""L772""",
"=""301.2775""","=""0.0021""","=""301.2757""","=""0.0022""","=""1h""","=""""",,"=""45820.94""","=""79003.46""","=""3d9.(2D).4s.4p.(3P*)""","=""2P*""","=""1/2""","=""3d9.4s.(3D).5d""","=""4D""","=""3/2""",,"=""""","=""L772""",
"=""301.3510""","=""0.0021""","=""301.3525""","=""0.0019""","=""2h""","=""""",,"=""45879.32""","=""79053.38""","=""3d9.(2D).4s.4p.(3P*)""","=""2P*""","=""3/2""","=""3d9.4s.(3D).5d""","=""4G""","=""5/2""",,"=""""","=""L772""",
"=""301.4848""","=""0.0021""","=""301.4837""","=""0.0014""","=""30h""","=""""",,"=""41153.47""","=""74313.10""","=""3d9.(2D).4s.4p.(3P*)""","=""4F*""","=""7/2""","=""3d9.4s.(3D).6s""","=""4D""","=""5/2""",,"=""""","=""L772""",
"=""301.624""","=""0.006""","=""301.6250""","=""0.0014""","=""0h""","=""""",,"=""42302.58""","=""75446.67""","=""3d9.(2D).4s.4p.(3P*)""","=""4F*""","=""3/2""","=""3d9.4s.(1D).4d""","=""2D""","=""5/2""",,"=""""","=""L772""",
"=""301.809""","=""0.006""","=""301.807""","=""0.003""","=""2h""","=""""",,"=""45879.32""","=""79003.46""","=""3d9.(2D).4s.4p.(3P*)""","=""2P*""","=""3/2""","=""3d9.4s.(3D).5d""","=""4D""","=""3/2""",,"=""""","=""L772""",
"=""302.1544""","=""0.0021""","=""302.1556""","=""0.0016""","=""300h""","=""""",,"=""40909.16""","=""73995.05""","=""3d9.(2D).4s.4p.(3P*)""","=""4F*""","=""9/2""","=""3d9.4s.(3D).6s""","=""4D""","=""7/2""",,"=""""","=""L772""",
"=""302.2608""","=""0.0021""","=""302.2606""","=""0.0004""","=""300h""","=""""",,"=""39018.69""","=""72093.09""","=""3d9.(2D).4s.4p.(3P*)""","=""4P*""","=""5/2""","=""3d9.4s.(3D).4d""","=""4F""","=""7/2""",,"=""""","=""L772""",
"=""""","=""""","=""302.490""","=""0.009""","=""m""","=""""",,"=""30535.324""","=""63584.65""","=""3d10.4p""","=""2P*""","=""1/2""","=""3d9.4s.(3D).5s""","=""4D""","=""3/2""",,"=""""","=""L772""",
"=""302.4994""","=""0.0021""","=""302.4994""","=""0.0004""","=""100h""","=""""",,"=""39018.69""","=""72066.98""","=""3d9.(2D).4s.4p.(3P*)""","=""4P*""","=""5/2""","=""3d9.4s.(3D).4d""","=""4D""","=""5/2""",,"=""""","=""L772""",
"=""302.782""","=""0.006""","=""302.779""","=""0.006""","=""5h""","=""""",,"=""44915.68""","=""77933.5""","=""3d9.(2D).4s.4p.(3P*)""","=""4D*""","=""1/2""","=""3d9.4s.(3D).5d""","=""2D""","=""3/2""",,"=""""","=""L772""",
"=""302.960""","=""0.006""","=""302.9593""","=""0.0006""","=""2""","=""""",,"=""39018.69""","=""72016.82""","=""3d9.(2D).4s.4p.(3P*)""","=""4P*""","=""5/2""","=""3d9.4s.(3D).4d""","=""2G""","=""7/2""",,"=""""","=""L772""",
"=""303.0258""","=""0.0021""","=""303.0258""","=""0.0006""","=""10h""","=""""",,"=""40114.01""","=""73104.90""","=""3d9.(2D).4s.4p.(3P*)""","=""4P*""","=""3/2""","=""3d9.4s.(3D).4d""","=""4D""","=""3/2""",,"=""""","=""L772""",
"=""303.3480""","=""0.0021""","=""303.346""","=""0.003""","=""2h""","=""""",,"=""44963.26""","=""77919.35""","=""3d9.(2D).4s.4p.(3P*)""","=""2F*""","=""7/2""","=""3d9.4s.(3D).5d""","=""4F""","=""7/2""",,"=""""","=""L772""",
"=""303.4555""","=""0.0021""","=""303.458""","=""0.003""","=""3h""","=""""",,"=""46172.89""","=""79116.79""","=""3d9.(2D).4s.4p.(3P*)""","=""*""","=""3/2""","=""3d9.4s.(3D).5d""","=""4F""","=""5/2""",,"=""""","=""L772""",
"=""303.6101""","=""0.0009""","=""303.6096""","=""0.0006""","=""2500""","=""""",,"=""13245.443""","=""46172.89""","=""3d9.4s2""","=""2D""","=""3/2""","=""3d9.(2D).4s.4p.(3P*)""","=""*""","=""3/2""",,"=""""","=""L772""",
"=""303.9488""","=""0.0021""","=""303.9490""","=""0.0009""","=""10h""","=""""",,"=""44963.26""","=""77853.94""","=""3d9.(2D).4s.4p.(3P*)""","=""2F*""","=""7/2""","=""3d9.4s.(3D).5d""","=""4G""","=""9/2""",,"=""""","=""L772""",
"=""304.0467""","=""0.0021""","=""304.043""","=""0.004""","=""1h""","=""""",,"=""46172.89""","=""79053.38""","=""3d9.(2D).4s.4p.(3P*)""","=""*""","=""3/2""","=""3d9.4s.(3D).5d""","=""4G""","=""5/2""",,"=""""","=""L772""",
"=""304.162""","=""0.006""","=""304.1620""","=""0.0007""","=""0h""","=""""",,"=""42302.58""","=""75170.23""","=""3d9.(2D).4s.4p.(3P*)""","=""4F*""","=""3/2""","=""3d9.4s.(3D).6s""","=""2D""","=""5/2""",,"=""""","=""L772""",
"=""304.4028""","=""0.0021""","=""304.4035""","=""0.0011""","=""20h""","=""""",,"=""41153.47""","=""73995.05""","=""3d9.(2D).4s.4p.(3P*)""","=""4F*""","=""7/2""","=""3d9.4s.(3D).6s""","=""4D""","=""7/2""",,"=""""","=""L772""",
"=""304.5025""","=""0.0021""","=""304.506""","=""0.004""","=""1h""","=""""",,"=""46172.89""","=""79003.46""","=""3d9.(2D).4s.4p.(3P*)""","=""*""","=""3/2""","=""3d9.4s.(3D).5d""","=""4D""","=""3/2""",,"=""""","=""L772""",
"=""304.7795""","=""0.0021""","=""304.7805""","=""0.0011""","=""1h""","=""""",,"=""30783.697""","=""63584.65""","=""3d10.4p""","=""2P*""","=""3/2""","=""3d9.4s.(3D).5s""","=""4D""","=""3/2""",,"=""""","=""L772""",
"=""305.1901""","=""0.0021""","=""305.1900""","=""0.0017""","=""2h""","=""""",,"=""45820.94""","=""78577.89""","=""3d9.(2D).4s.4p.(3P*)""","=""2P*""","=""1/2""","=""3d9.4s.(1D).6s""","=""2D""","=""3/2""",,"=""""","=""L772""",
"=""305.2554""","=""0.0021""","=""305.253""","=""0.003""","=""15h""","=""""",,"=""41562.93""","=""74313.10""","=""3d9.(2D).4s.4p.(3P*)""","=""4F*""","=""5/2""","=""3d9.4s.(3D).6s""","=""4D""","=""5/2""",,"=""""","=""L772""",
"=""305.338""","=""0.006""","=""305.3382""","=""0.0015""","=""10h""","=""""",,"=""42302.58""","=""75043.63""","=""3d9.(2D).4s.4p.(3P*)""","=""4F*""","=""3/2""","=""3d9.4s.(3D).6s""","=""4D""","=""3/2""",,"=""""","=""L772""",
"=""305.736""","=""0.006""","=""305.7349""","=""0.0023""","=""8h""","=""""",,"=""45879.32""","=""78577.89""","=""3d9.(2D).4s.4p.(3P*)""","=""2P*""","=""3/2""","=""3d9.4s.(1D).6s""","=""2D""","=""3/2""",,"=""""","=""L772""",
"=""306.084""","=""0.006""","=""306.079""","=""0.005""","=""2h""","=""""",,"=""44406.32""","=""77068.13""","=""3d9.(2D).4s.4p.(3P*)""","=""4D*""","=""5/2""","=""3d9.4s.(3D).5d""","=""4D""","=""7/2""",,"=""""","=""L772""",
"=""306.3411""","=""0.0009""","=""306.3410""","=""0.0003""","=""2500""","=""1.55e+06""",C+,"=""13245.443""","=""45879.32""","=""3d9.4s2""","=""2D""","=""3/2""","=""3d9.(2D).4s.4p.(3P*)""","=""2P*""","=""3/2""",,"=""T1343""","=""L772""",
"=""306.6011""","=""0.0021""","=""306.6022""","=""0.0016""","=""3h""","=""""",,"=""43726.24""","=""76332.32""","=""3d9.(2D).4s.4p.(3P*)""","=""2F*""","=""5/2""","=""3d9.4s.(3D).6s""","=""2D""","=""3/2""",,"=""""","=""L772""",
"=""306.8906""","=""0.0009""","=""306.8900""","=""0.0007""","=""15""","=""""",,"=""13245.443""","=""45820.94""","=""3d9.4s2""","=""2D""","=""3/2""","=""3d9.(2D).4s.4p.(3P*)""","=""2P*""","=""1/2""",,"=""""","=""L772""",
"=""307.097""","=""0.006""","=""307.094""","=""0.004""","=""5h""","=""""",,"=""44406.32""","=""76960.23""","=""3d9.(2D).4s.4p.(3P*)""","=""4D*""","=""5/2""","=""3d9.4s.(3D).5d""","=""2F""","=""7/2""",,"=""""","=""L772""",
"=""307.196""","=""0.006""","=""307.1954""","=""0.0014""","=""2h""","=""""",,"=""44406.32""","=""76949.44""","=""3d9.(2D).4s.4p.(3P*)""","=""4D*""","=""5/2""","=""3d9.4s.(3D).5d""","=""2D""","=""5/2""",,"=""""","=""L772""",
"=""307.3798""","=""0.0009""","=""307.3795""","=""0.0004""","=""1400""","=""""",,"=""11202.618""","=""43726.24""","=""3d9.4s2""","=""2D""","=""5/2""","=""3d9.(2D).4s.4p.(3P*)""","=""2F*""","=""5/2""",,"=""""","=""L772""",
"=""308.253""","=""0.006""","=""308.247""","=""0.006""","=""Ih""","=""""",,"=""41562.93""","=""73995.05""","=""3d9.(2D).4s.4p.(3P*)""","=""4F*""","=""5/2""","=""3d9.4s.(3D).6s""","=""4D""","=""7/2""",,"=""""","=""L772""",
"=""308.496""","=""0.006""","=""308.502""","=""0.006""","=""2h*""","=""""",,"=""44544.16""","=""76949.44""","=""3d9.(2D).4s.4p.(3P*)""","=""4D*""","=""3/2""","=""3d9.4s.(3D).5d""","=""2D""","=""5/2""",,"=""""","=""L772""",
"=""308.496""","=""0.006""","=""308.504""","=""0.008""","=""2h*""","=""""",,"=""46598.35""","=""79003.46""","=""3d9.(2D).4s.4p.(3P*)""","=""2D*""","=""5/2""","=""3d9.4s.(3D).5d""","=""4D""","=""3/2""",,"=""""","=""L772""",
"=""308.496""","=""0.006""","=""308.505""","=""0.009""","=""2h*""","=""""",,"=""46172.89""","=""78577.89""","=""3d9.(2D).4s.4p.(3P*)""","=""*""","=""3/2""","=""3d9.4s.(1D).6s""","=""2D""","=""3/2""",,"=""""","=""L772""",
"=""308.647""","=""0.006""","=""308.649""","=""0.004""","=""2h""","=""""",,"=""46598.35""","=""78988.2""","=""3d9.(2D).4s.4p.(3P*)""","=""2D*""","=""5/2""","=""3d9.4s.(3D).5d""","=""4G""","=""7/2""",,"=""""","=""L772""",
"=""308.8132""","=""0.0009""","=""308.8125""","=""0.0009""","=""125""","=""""",,"=""40943.78""","=""73316.49""","=""3d9.(2D).4s.4p.(3P*)""","=""4P*""","=""1/2""","=""3d9.4s.(3D).4d""","=""4F""","=""3/2""",,"=""""","=""L772""",
"=""309.3989""","=""0.0009""","=""309.3986""","=""0.0004""","=""1500""","=""""",,"=""11202.618""","=""43514.01""","=""3d9.4s2""","=""2D""","=""5/2""","=""3d9.(2D).4s.4p.(3P*)""","=""4D*""","=""7/2""",,"=""""","=""L772""",
"=""309.9928""","=""0.0009""","=""309.9920""","=""0.0010""","=""1250""","=""""",,"=""39018.69""","=""71268.23""","=""3d9.(2D).4s.4p.(3P*)""","=""4P*""","=""5/2""","=""3d9.4s.(3D).4d""","=""4D""","=""7/2""",,"=""""","=""L772""",
"=""310.6912""","=""0.0021""","=""310.6921""","=""0.0020""","=""1h""","=""""",,"=""46172.89""","=""78349.76""","=""3d9.(2D).4s.4p.(3P*)""","=""*""","=""3/2""","=""3d9.4s.(1D).6s""","=""2D""","=""5/2""",,"=""""","=""L772""",
"=""310.8452""","=""0.0009""","=""310.8443""","=""0.0012""","=""600""","=""""",,"=""40943.78""","=""73104.90""","=""3d9.(2D).4s.4p.(3P*)""","=""4P*""","=""1/2""","=""3d9.4s.(3D).4d""","=""4D""","=""3/2""",,"=""""","=""L772""",
"=""310.8605""","=""0.0009""","=""310.8600""","=""0.0006""","=""2000""","=""""",,"=""39018.69""","=""71178.18""","=""3d9.(2D).4s.4p.(3P*)""","=""4P*""","=""5/2""","=""3d9.4s.(3D).4d""","=""4P""","=""5/2""",,"=""""","=""L772""",
"=""311.3482""","=""0.0009""","=""311.3476""","=""0.0007""","=""50""","=""""",,"=""39018.69""","=""71127.82""","=""3d9.(2D).4s.4p.(3P*)""","=""4P*""","=""5/2""","=""3d9.4s.(3D).4d""","=""2F""","=""7/2""",,"=""""","=""L772""",
"=""311.6348""","=""0.0009""","=""311.6351""","=""0.0005""","=""400""","=""""",,"=""39018.69""","=""71098.20""","=""3d9.(2D).4s.4p.(3P*)""","=""4P*""","=""5/2""","=""3d9.4s.(3D).4d""","=""2D""","=""5/2""",,"=""""","=""L772""",
"=""311.8355""","=""0.0017""","=""311.8361""","=""0.0008""","=""5""","=""""",,"=""43514.01""","=""75572.84""","=""3d9.(2D).4s.4p.(3P*)""","=""4D*""","=""7/2""","=""3d9.4s.(1D).4d""","=""2F""","=""7/2""",,"=""""","=""L772""",
"=""312.0435""","=""0.0021""","=""312.0439""","=""0.0012""","=""50h""","=""""",,"=""40114.01""","=""72151.49""","=""3d9.(2D).4s.4p.(3P*)""","=""4P*""","=""3/2""","=""3d9.4s.(3D).4d""","=""2P""","=""1/2""",,"=""""","=""L772""",
"=""312.193""","=""0.006""","=""312.1930""","=""0.0010""","=""0h""","=""""",,"=""43514.01""","=""75536.19""","=""3d9.(2D).4s.4p.(3P*)""","=""4D*""","=""7/2""","=""3d9.4s.(1D).4d""","=""2F""","=""5/2""",,"=""""","=""L772""",
"=""312.300""","=""0.006""","=""312.307""","=""0.007""","=""1h""","=""""",,"=""42302.58""","=""74313.10""","=""3d9.(2D).4s.4p.(3P*)""","=""4F*""","=""3/2""","=""3d9.4s.(3D).6s""","=""4D""","=""5/2""",,"=""""","=""L772""",
"=""312.4373""","=""0.0021""","=""312.4390""","=""0.0021""","=""1h""","=""""",,"=""44963.26""","=""76960.23""","=""3d9.(2D).4s.4p.(3P*)""","=""2F*""","=""7/2""","=""3d9.4s.(3D).5d""","=""2F""","=""7/2""",,"=""""","=""L772""",
"=""312.6109""","=""0.0021""","=""312.6104""","=""0.0006""","=""1400h""","=""""",,"=""39018.69""","=""70998.12""","=""3d9.(2D).4s.4p.(3P*)""","=""4P*""","=""5/2""","=""3d9.4s.(3D).4d""","=""4S""","=""3/2""",,"=""""","=""L772""",
"=""312.8701""","=""0.0021""","=""312.8693""","=""0.0010""","=""650h""","=""""",,"=""40114.01""","=""72066.98""","=""3d9.(2D).4s.4p.(3P*)""","=""4P*""","=""3/2""","=""3d9.4s.(3D).4d""","=""4D""","=""5/2""",,"=""""","=""L772""",
"=""313.133""","=""0.006""","=""313.1336""","=""0.0016""","=""5h""","=""""",,"=""44406.32""","=""76332.32""","=""3d9.(2D).4s.4p.(3P*)""","=""4D*""","=""5/2""","=""3d9.4s.(3D).6s""","=""2D""","=""3/2""",,"=""""","=""L772""",
"=""313.501""","=""0.006""","=""313.505""","=""0.005""","=""1h""","=""""",,"=""46598.35""","=""78486.49""","=""3d9.(2D).4s.4p.(3P*)""","=""2D*""","=""5/2""","=""3d9.4s.(3D).7s""","=""4D""","=""5/2""",,"=""""","=""L772""",
"=""313.772""","=""0.006""","=""313.770""","=""0.003""","=""5h""","=""""",,"=""44963.26""","=""76824.52""","=""3d9.(2D).4s.4p.(3P*)""","=""2F*""","=""7/2""","=""3d9.4s.(3D).5d""","=""2G""","=""9/2""",,"=""""","=""L772""",
"=""313.917""","=""0.006""","=""313.914""","=""0.003""","=""0""","=""""",,"=""43726.24""","=""75572.84""","=""3d9.(2D).4s.4p.(3P*)""","=""2F*""","=""5/2""","=""3d9.4s.(1D).4d""","=""2F""","=""7/2""",,"=""""","=""L772""",
"=""314.0312""","=""0.0021""","=""314.0319""","=""0.0009""","=""400h""","=""""",,"=""39018.69""","=""70853.37""","=""3d9.(2D).4s.4p.(3P*)""","=""4P*""","=""5/2""","=""3d9.4s.(3D).4d""","=""2P""","=""3/2""",,"=""""","=""L772""",
"=""314.2444""","=""0.0021""","=""314.2432""","=""0.0013""","=""750h""","=""""",,"=""40114.01""","=""71927.28""","=""3d9.(2D).4s.4p.(3P*)""","=""4P*""","=""3/2""","=""3d9.4s.(3D).4d""","=""4P""","=""3/2""",,"=""""","=""L772""",
"=""314.2797""","=""0.0021""","=""314.276""","=""0.004""","=""8h""","=""""",,"=""43726.24""","=""75536.19""","=""3d9.(2D).4s.4p.(3P*)""","=""2F*""","=""5/2""","=""3d9.4s.(1D).4d""","=""2F""","=""5/2""",,"=""""","=""L772""",
"=""314.6821""","=""0.0021""","=""314.6820""","=""0.0010""","=""450h""","=""""",,"=""40114.01""","=""71882.92""","=""3d9.(2D).4s.4p.(3P*)""","=""4P*""","=""3/2""","=""3d9.4s.(3D).4d""","=""4P""","=""1/2""",,"=""""","=""L772""",
"=""314.8333""","=""0.0017""","=""314.8341""","=""0.0009""","=""3""","=""""",,"=""41562.93""","=""73316.49""","=""3d9.(2D).4s.4p.(3P*)""","=""4F*""","=""5/2""","=""3d9.4s.(3D).4d""","=""4F""","=""3/2""",,"=""""","=""L772""",
"=""314.857""","=""0.006""","=""314.8555""","=""0.0022""","=""2h""","=""""",,"=""46598.35""","=""78349.76""","=""3d9.(2D).4s.4p.(3P*)""","=""2D*""","=""5/2""","=""3d9.4s.(1D).6s""","=""2D""","=""5/2""",,"=""""","=""L772""",
"=""314.9508""","=""0.0009""","=""314.9515""","=""0.0008""","=""30""","=""""",,"=""41562.93""","=""73304.66""","=""3d9.(2D).4s.4p.(3P*)""","=""4F*""","=""5/2""","=""3d9.4s.(3D).4d""","=""4F""","=""5/2""",,"=""""","=""L772""",
"=""315.162""","=""0.006""","=""315.1630""","=""0.0012""","=""8h""","=""""",,"=""43726.24""","=""75446.67""","=""3d9.(2D).4s.4p.(3P*)""","=""2F*""","=""5/2""","=""3d9.4s.(1D).4d""","=""2D""","=""5/2""",,"=""""","=""L772""",
"=""315.229""","=""0.006""","=""315.2275""","=""0.0021""","=""1h""","=""""",,"=""43726.24""","=""75440.18""","=""3d9.(2D).4s.4p.(3P*)""","=""2F*""","=""5/2""","=""3d9.4s.(1D).4d""","=""2D""","=""3/2""",,"=""""","=""L772""",
"=""315.6629""","=""0.0009""","=""315.6625""","=""0.0005""","=""450""","=""""",,"=""13245.443""","=""44915.68""","=""3d9.4s2""","=""2D""","=""3/2""","=""3d9.(2D).4s.4p.(3P*)""","=""4D*""","=""1/2""",,"=""""","=""L772""",
"=""315.802""","=""0.006""","=""315.8023""","=""0.0005""","=""1h""","=""""",,"=""43514.01""","=""75170.23""","=""3d9.(2D).4s.4p.(3P*)""","=""4D*""","=""7/2""","=""3d9.4s.(3D).6s""","=""2D""","=""5/2""",,"=""""","=""L772""",
"=""316.0047""","=""0.0009""","=""316.0057""","=""0.0011""","=""25""","=""""",,"=""41562.93""","=""73198.77""","=""3d9.(2D).4s.4p.(3P*)""","=""4F*""","=""5/2""","=""3d9.4s.(3D).4d""","=""4G""","=""5/2""",,"=""""","=""L772""",
"=""316.9681""","=""0.0021""","=""316.9679""","=""0.0006""","=""500h""","=""""",,"=""41562.93""","=""73102.74""","=""3d9.(2D).4s.4p.(3P*)""","=""4F*""","=""5/2""","=""3d9.4s.(3D).4d""","=""4G""","=""7/2""",,"=""""","=""L772""",
"=""317.1663""","=""0.0021""","=""317.1645""","=""0.0020""","=""5h""","=""""",,"=""44544.16""","=""76064.42""","=""3d9.(2D).4s.4p.(3P*)""","=""4D*""","=""3/2""","=""3d9.4s.(3D).6s""","=""4D""","=""1/2""",,"=""""","=""L772""",
"=""317.567""","=""0.006""","=""317.570""","=""0.004""","=""60h""","=""""",,"=""43726.24""","=""75206.3""","=""3d9.(2D).4s.4p.(3P*)""","=""2F*""","=""5/2""","=""3d9.4s.(1D).4d""","=""2G""","=""7/2""",,"=""""","=""L772""",
"=""317.9343""","=""0.0021""","=""317.9338""","=""0.0007""","=""2h""","=""""",,"=""43726.24""","=""75170.23""","=""3d9.(2D).4s.4p.(3P*)""","=""2F*""","=""5/2""","=""3d9.4s.(3D).6s""","=""2D""","=""5/2""",,"=""""","=""L772""",
"=""319.222""","=""0.006""","=""319.219""","=""0.003""","=""2h""","=""""",,"=""43726.24""","=""75043.63""","=""3d9.(2D).4s.4p.(3P*)""","=""2F*""","=""5/2""","=""3d9.4s.(3D).6s""","=""4D""","=""3/2""",,"=""""","=""L772""",
"=""319.4099""","=""0.0009""","=""319.4096""","=""0.0004""","=""1500""","=""1.55e+06""",C+,"=""13245.443""","=""44544.16""","=""3d9.4s2""","=""2D""","=""3/2""","=""3d9.(2D).4s.4p.(3P*)""","=""4D*""","=""3/2""",,"=""T1343""","=""L772""",
"=""320.8231""","=""0.0009""","=""320.8225""","=""0.0006""","=""1400""","=""""",,"=""13245.443""","=""44406.32""","=""3d9.4s2""","=""2D""","=""3/2""","=""3d9.(2D).4s.4p.(3P*)""","=""4D*""","=""5/2""",,"=""""","=""L772""",
"=""320.9498""","=""0.0021""","=""320.9475""","=""0.0024""","=""4h""","=""""",,"=""44915.68""","=""76064.42""","=""3d9.(2D).4s.4p.(3P*)""","=""4D*""","=""1/2""","=""3d9.4s.(3D).6s""","=""4D""","=""1/2""",,"=""""","=""L772""",
"=""321.143""","=""0.006""","=""321.1421""","=""0.0012""","=""30h""","=""""",,"=""44406.32""","=""75536.19""","=""3d9.(2D).4s.4p.(3P*)""","=""4D*""","=""5/2""","=""3d9.4s.(1D).4d""","=""2F""","=""5/2""",,"=""""","=""L772""",
"=""321.764""","=""0.006""","=""321.7658""","=""0.0021""","=""10h""","=""""",,"=""40909.16""","=""71978.69""","=""3d9.(2D).4s.4p.(3P*)""","=""4F*""","=""9/2""","=""3d9.4s.(3D).4d""","=""4G""","=""9/2""",,"=""""","=""L772""",
"=""321.8204""","=""0.0021""","=""321.8213""","=""0.0010""","=""5h""","=""""",,"=""40114.01""","=""71178.18""","=""3d9.(2D).4s.4p.(3P*)""","=""4P*""","=""3/2""","=""3d9.4s.(3D).4d""","=""4P""","=""5/2""",,"=""""","=""L772""",
"=""322.065""","=""0.006""","=""322.068""","=""0.004""","=""8h""","=""""",,"=""44406.32""","=""75446.67""","=""3d9.(2D).4s.4p.(3P*)""","=""4D*""","=""5/2""","=""3d9.4s.(1D).4d""","=""2D""","=""5/2""",,"=""""","=""L772""",
"=""322.135""","=""0.006""","=""322.1357""","=""0.0017""","=""8h""","=""""",,"=""44406.32""","=""75440.18""","=""3d9.(2D).4s.4p.(3P*)""","=""4D*""","=""5/2""","=""3d9.4s.(1D).4d""","=""2D""","=""3/2""",,"=""""","=""L772""",
"=""322.3435""","=""0.0021""","=""322.3429""","=""0.0008""","=""400h""","=""""",,"=""42302.58""","=""73316.49""","=""3d9.(2D).4s.4p.(3P*)""","=""4F*""","=""3/2""","=""3d9.4s.(3D).4d""","=""4F""","=""3/2""",,"=""""","=""L772""",
"=""322.4664""","=""0.0021""","=""322.4659""","=""0.0006""","=""450h""","=""""",,"=""42302.58""","=""73304.66""","=""3d9.(2D).4s.4p.(3P*)""","=""4F*""","=""3/2""","=""3d9.4s.(3D).4d""","=""4F""","=""5/2""",,"=""""","=""L772""",
"=""322.5088""","=""0.0021""","=""322.511""","=""0.003""","=""2h""","=""""",,"=""41153.47""","=""72151.19""","=""3d9.(2D).4s.4p.(3P*)""","=""4F*""","=""7/2""","=""3d9.4s.(3D).4d""","=""2F""","=""5/2""",,"=""""","=""L772""",
"=""322.5698""","=""0.0021""","=""322.5705""","=""0.0012""","=""5h""","=""""",,"=""44544.16""","=""75536.19""","=""3d9.(2D).4s.4p.(3P*)""","=""4D*""","=""3/2""","=""3d9.4s.(1D).4d""","=""2F""","=""5/2""",,"=""""","=""L772""",
"=""322.6541""","=""0.0021""","=""322.6521""","=""0.0021""","=""50h""","=""""",,"=""40114.01""","=""71098.20""","=""3d9.(2D).4s.4p.(3P*)""","=""4P*""","=""3/2""","=""3d9.4s.(3D).4d""","=""2D""","=""5/2""",,"=""""","=""L772""",
"=""322.6602""","=""0.0021""","=""322.6593""","=""0.0010""","=""150h""","=""""",,"=""40943.78""","=""71927.28""","=""3d9.(2D).4s.4p.(3P*)""","=""4P*""","=""1/2""","=""3d9.4s.(3D).4d""","=""4P""","=""3/2""",,"=""""","=""L772""",
"=""323.1178""","=""0.0021""","=""323.1169""","=""0.0010""","=""650h""","=""""",,"=""41153.47""","=""72093.09""","=""3d9.(2D).4s.4p.(3P*)""","=""4F*""","=""7/2""","=""3d9.4s.(3D).4d""","=""4F""","=""7/2""",,"=""""","=""L772""",
"=""323.3899""","=""0.0021""","=""323.3898""","=""0.0004""","=""450h""","=""""",,"=""41153.47""","=""72066.98""","=""3d9.(2D).4s.4p.(3P*)""","=""4F*""","=""7/2""","=""3d9.4s.(3D).4d""","=""4D""","=""5/2""",,"=""""","=""L772""",
"=""323.5713""","=""0.0021""","=""323.5711""","=""0.0006""","=""650h""","=""""",,"=""42302.58""","=""73198.77""","=""3d9.(2D).4s.4p.(3P*)""","=""4F*""","=""3/2""","=""3d9.4s.(3D).4d""","=""4G""","=""5/2""",,"=""""","=""L772""",
"=""323.916""","=""0.006""","=""323.9154""","=""0.0007""","=""150h""","=""""",,"=""41153.47""","=""72016.82""","=""3d9.(2D).4s.4p.(3P*)""","=""4F*""","=""7/2""","=""3d9.4s.(3D).4d""","=""2G""","=""7/2""",,"=""""","=""L772""",
"=""324.3164""","=""0.0021""","=""324.3161""","=""0.0011""","=""1500h""","=""""",,"=""41153.47""","=""71978.69""","=""3d9.(2D).4s.4p.(3P*)""","=""4F*""","=""7/2""","=""3d9.4s.(3D).4d""","=""4G""","=""9/2""",,"=""""","=""L772""",
"=""324.7540""","=""0.0021""","=""324.7536""","=""0.0004""","=""10000r""","=""1.395e+08""",AA,"=""0.000""","=""30783.697""","=""3d10.4s""","=""2S""","=""1/2""","=""3d10.4p""","=""2P*""","=""3/2""",,"=""T6355""","=""L772""",
"=""325.2220""","=""0.0009""","=""325.2220""","=""0.0004""","=""650""","=""""",,"=""40114.01""","=""70853.37""","=""3d9.(2D).4s.4p.(3P*)""","=""4P*""","=""3/2""","=""3d9.4s.(3D).4d""","=""2P""","=""3/2""",,"=""""","=""L772""",
"=""326.6023""","=""0.0021""","=""326.6009""","=""0.0015""","=""650h""","=""""",,"=""44963.26""","=""75572.84""","=""3d9.(2D).4s.4p.(3P*)""","=""2F*""","=""7/2""","=""3d9.4s.(1D).4d""","=""2F""","=""7/2""",,"=""""","=""L772""",
"=""326.8278""","=""0.0021""","=""326.8286""","=""0.0010""","=""650h""","=""""",,"=""41562.93""","=""72151.19""","=""3d9.(2D).4s.4p.(3P*)""","=""4F*""","=""5/2""","=""3d9.4s.(3D).4d""","=""2F""","=""5/2""",,"=""""","=""L772""",
"=""327.3957""","=""0.0021""","=""327.3952""","=""0.0005""","=""10000r""","=""1.376e+08""",AA,"=""0.000""","=""30535.324""","=""3d10.4s""","=""2S""","=""1/2""","=""3d10.4p""","=""2P*""","=""1/2""",,"=""T6355""","=""L772""",
"=""327.7310""","=""0.0009""","=""327.7309""","=""0.0004""","=""650""","=""""",,"=""41562.93""","=""72066.98""","=""3d9.(2D).4s.4p.(3P*)""","=""4F*""","=""5/2""","=""3d9.4s.(3D).4d""","=""4D""","=""5/2""",,"=""""","=""L772""",
"=""327.9815""","=""0.0009""","=""327.9809""","=""0.0006""","=""2000""","=""""",,"=""13245.443""","=""43726.24""","=""3d9.4s2""","=""2D""","=""3/2""","=""3d9.(2D).4s.4p.(3P*)""","=""2F*""","=""5/2""",,"=""""","=""L772""",
"=""328.2716""","=""0.0021""","=""328.2707""","=""0.0010""","=""1400h""","=""""",,"=""41562.93""","=""72016.82""","=""3d9.(2D).4s.4p.(3P*)""","=""4F*""","=""5/2""","=""3d9.4s.(3D).4d""","=""2G""","=""7/2""",,"=""""","=""L772""",
"=""328.5017""","=""0.0021""","=""328.501""","=""0.003""","=""1*""","=""""",,"=""30783.697""","=""61216.2""","=""3d10.4p""","=""2P*""","=""3/2""","=""3d10.11d""","=""2D""","=""5/2""",,"=""""","=""L772""",
"=""328.5017""","=""0.0021""","=""328.507""","=""0.006""","=""1*""","=""""",,"=""46598.35""","=""77030.29""","=""3d9.(2D).4s.4p.(3P*)""","=""2D*""","=""5/2""","=""3d9.4s.(3D).5d""","=""4P""","=""5/2""",,"=""""","=""L772""",
"=""328.6193""","=""0.0017""","=""328.6193""","=""0.0017""","=""2""","=""""",,"=""30535.324""","=""60956.91""","=""3d10.4p""","=""2P*""","=""1/2""","=""3d10.10d""","=""2D""","=""3/2""",,"=""""","=""L772""",
"=""329.0541""","=""0.0021""","=""329.0539""","=""0.0007""","=""1500h""","=""""",,"=""40909.16""","=""71290.57""","=""3d9.(2D).4s.4p.(3P*)""","=""4F*""","=""9/2""","=""3d9.4s.(3D).4d""","=""4F""","=""9/2""",,"=""""","=""L772""",
"=""329.2393""","=""0.0021""","=""329.2387""","=""0.0007""","=""125h""","=""""",,"=""41562.93""","=""71927.28""","=""3d9.(2D).4s.4p.(3P*)""","=""4F*""","=""5/2""","=""3d9.4s.(3D).4d""","=""4P""","=""3/2""",,"=""""","=""L772""",
"=""329.2827""","=""0.0009""","=""329.2825""","=""0.0003""","=""650""","=""""",,"=""11202.618""","=""41562.93""","=""3d9.4s2""","=""2D""","=""5/2""","=""3d9.(2D).4s.4p.(3P*)""","=""4F*""","=""5/2""",,"=""""","=""L772""",
"=""329.2965""","=""0.0021""","=""329.2960""","=""0.0007""","=""450h""","=""""",,"=""40909.16""","=""71268.23""","=""3d9.(2D).4s.4p.(3P*)""","=""4F*""","=""9/2""","=""3d9.4s.(3D).4d""","=""4D""","=""7/2""",,"=""""","=""L772""",
"=""329.3815""","=""0.0021""","=""329.3826""","=""0.0018""","=""2h""","=""""",,"=""46598.35""","=""76949.44""","=""3d9.(2D).4s.4p.(3P*)""","=""2D*""","=""5/2""","=""3d9.4s.(3D).5d""","=""2D""","=""5/2""",,"=""""","=""L772""",
"=""329.4168""","=""0.0021""","=""329.4181""","=""0.0014""","=""5h""","=""""",,"=""44915.68""","=""75263.50""","=""3d9.(2D).4s.4p.(3P*)""","=""4D*""","=""1/2""","=""3d9.4s.(1D).4d""","=""2P""","=""3/2""",,"=""""","=""L772""",
"=""330.2787""","=""0.0017""","=""330.2780""","=""0.0013""","=""4""","=""""",,"=""43726.24""","=""73995.05""","=""3d9.(2D).4s.4p.(3P*)""","=""2F*""","=""5/2""","=""3d9.4s.(3D).6s""","=""4D""","=""7/2""",,"=""""","=""L772""",
"=""330.5530""","=""0.0017""","=""330.5546""","=""0.0019""","=""4""","=""""",,"=""45820.94""","=""76064.42""","=""3d9.(2D).4s.4p.(3P*)""","=""2P*""","=""1/2""","=""3d9.4s.(3D).6s""","=""4D""","=""1/2""",,"=""""","=""L772""",
"=""330.7948""","=""0.0021""","=""330.7948""","=""0.0021""","=""2500h""","=""""",,"=""40909.16""","=""71130.68""","=""3d9.(2D).4s.4p.(3P*)""","=""4F*""","=""9/2""","=""3d9.4s.(3D).4d""","=""4G""","=""11/2""",,"=""""","=""L772""",
"=""330.9558""","=""0.0017""","=""330.9542""","=""0.0018""","=""4""","=""""",,"=""44963.26""","=""75170.23""","=""3d9.(2D).4s.4p.(3P*)""","=""2F*""","=""7/2""","=""3d9.4s.(3D).6s""","=""2D""","=""5/2""",,"=""""","=""L772""",
"=""331.0987""","=""0.0017""","=""331.0986""","=""0.0008""","=""8""","=""""",,"=""44915.68""","=""75109.47""","=""3d9.(2D).4s.4p.(3P*)""","=""4D*""","=""1/2""","=""3d9.4s.(1D).4d""","=""2P""","=""1/2""",,"=""""","=""L772""",
"=""331.3199""","=""0.0021""","=""331.3199""","=""0.0021""","=""0h""","=""""",,"=""30783.697""","=""60957.32""","=""3d10.4p""","=""2P*""","=""3/2""","=""3d10.10d""","=""2D""","=""5/2""",,"=""""","=""L772""",
"=""""","=""""","=""331.324""","=""0.004""","=""m""","=""""",,"=""30783.697""","=""60956.91""","=""3d10.4p""","=""2P*""","=""3/2""","=""3d10.10d""","=""2D""","=""3/2""",,"=""""","=""L772""",
"=""331.482""","=""0.006""","=""331.476""","=""0.005""","=""1""","=""""",,"=""46172.89""","=""76332.32""","=""3d9.(2D).4s.4p.(3P*)""","=""*""","=""3/2""","=""3d9.4s.(3D).6s""","=""2D""","=""3/2""",,"=""""","=""L772""",
"=""331.7218""","=""0.0009""","=""331.7215""","=""0.0007""","=""750""","=""""",,"=""41153.47""","=""71290.57""","=""3d9.(2D).4s.4p.(3P*)""","=""4F*""","=""7/2""","=""3d9.4s.(3D).4d""","=""4F""","=""9/2""",,"=""""","=""L772""",
"=""331.9682""","=""0.0009""","=""331.9676""","=""0.0008""","=""150""","=""""",,"=""41153.47""","=""71268.23""","=""3d9.(2D).4s.4p.(3P*)""","=""4F*""","=""7/2""","=""3d9.4s.(3D).4d""","=""4D""","=""7/2""",,"=""""","=""L772""",
"=""332.5812""","=""0.0017""","=""332.5812""","=""0.0017""","=""3""","=""""",,"=""30535.324""","=""60594.52""","=""3d10.4p""","=""2P*""","=""1/2""","=""3d10.9d""","=""2D""","=""3/2""",,"=""""","=""L772""",
"=""332.9636""","=""0.0009""","=""332.9632""","=""0.0006""","=""225""","=""""",,"=""41153.47""","=""71178.18""","=""3d9.(2D).4s.4p.(3P*)""","=""4F*""","=""7/2""","=""3d9.4s.(3D).4d""","=""4P""","=""5/2""",,"=""""","=""L772""",
"=""333.5215""","=""0.0009""","=""333.5227""","=""0.0012""","=""400""","=""""",,"=""41153.47""","=""71127.82""","=""3d9.(2D).4s.4p.(3P*)""","=""4F*""","=""7/2""","=""3d9.4s.(3D).4d""","=""2F""","=""7/2""",,"=""""","=""L772""",
"=""333.7845""","=""0.0009""","=""333.7843""","=""0.0003""","=""1500""","=""3.8e+05""",C+,"=""11202.618""","=""41153.47""","=""3d9.4s2""","=""2D""","=""5/2""","=""3d9.(2D).4s.4p.(3P*)""","=""4F*""","=""7/2""",,"=""T1343""","=""L772""",
"=""334.2454""","=""0.0021""","=""334.2448""","=""0.0008""","=""5h""","=""""",,"=""40943.78""","=""70853.37""","=""3d9.(2D).4s.4p.(3P*)""","=""4P*""","=""1/2""","=""3d9.4s.(3D).4d""","=""2P""","=""3/2""",,"=""""","=""L772""",
"=""334.277""","=""0.006""","=""334.2762""","=""0.0013""","=""5h""","=""""",,"=""44406.32""","=""74313.10""","=""3d9.(2D).4s.4p.(3P*)""","=""4D*""","=""5/2""","=""3d9.4s.(3D).6s""","=""4D""","=""5/2""",,"=""""","=""L772""",
"=""334.9279""","=""0.0021""","=""334.9277""","=""0.0006""","=""450h""","=""""",,"=""42302.58""","=""72151.19""","=""3d9.(2D).4s.4p.(3P*)""","=""4F*""","=""3/2""","=""3d9.4s.(3D).4d""","=""2F""","=""5/2""",,"=""""","=""L772""",
"=""335.3466""","=""0.0009""","=""335.3466""","=""0.0009""","=""10""","=""""",,"=""30783.697""","=""60595.02""","=""3d10.4p""","=""2P*""","=""3/2""","=""3d10.9d""","=""2D""","=""5/2""",,"=""""","=""L772""",
"=""335.4474""","=""0.0021""","=""335.4469""","=""0.0012""","=""60h""","=""""",,"=""42302.58""","=""72104.99""","=""3d9.(2D).4s.4p.(3P*)""","=""4F*""","=""3/2""","=""3d9.4s.(3D).4d""","=""2D""","=""3/2""",,"=""""","=""L772""",
"=""335.827""","=""0.006""","=""335.824""","=""0.003""","=""2h""","=""""",,"=""44544.16""","=""74313.10""","=""3d9.(2D).4s.4p.(3P*)""","=""4D*""","=""3/2""","=""3d9.4s.(3D).6s""","=""4D""","=""5/2""",,"=""""","=""L772""",
"=""335.874""","=""0.006""","=""335.8753""","=""0.0012""","=""2h""","=""""",,"=""42302.58""","=""72066.98""","=""3d9.(2D).4s.4p.(3P*)""","=""4F*""","=""3/2""","=""3d9.4s.(3D).4d""","=""4D""","=""5/2""",,"=""""","=""L772""",
"=""336.212""","=""0.006""","=""336.219""","=""0.007""","=""2h""","=""""",,"=""46598.35""","=""76332.32""","=""3d9.(2D).4s.4p.(3P*)""","=""2D*""","=""5/2""","=""3d9.4s.(3D).6s""","=""2D""","=""3/2""",,"=""""","=""L772""",
"=""336.5342""","=""0.0021""","=""336.5353""","=""0.0014""","=""750h""","=""""",,"=""41153.47""","=""70859.50""","=""3d9.(2D).4s.4p.(3P*)""","=""4F*""","=""7/2""","=""3d9.4s.(3D).4d""","=""2G""","=""9/2""",,"=""""","=""L772""",
"=""337.518""","=""0.006""","=""337.521""","=""0.003""","=""8h""","=""""",,"=""45820.94""","=""75440.18""","=""3d9.(2D).4s.4p.(3P*)""","=""2P*""","=""1/2""","=""3d9.4s.(1D).4d""","=""2D""","=""3/2""",,"=""""","=""L772""",
"=""337.5672""","=""0.0021""","=""337.5669""","=""0.0005""","=""30h""","=""""",,"=""41562.93""","=""71178.18""","=""3d9.(2D).4s.4p.(3P*)""","=""4F*""","=""5/2""","=""3d9.4s.(3D).4d""","=""4P""","=""5/2""",,"=""""","=""L772""",
"=""337.8707""","=""0.0021""","=""337.8695""","=""0.0018""","=""2*""","=""""",,"=""44406.32""","=""73995.05""","=""3d9.(2D).4s.4p.(3P*)""","=""4D*""","=""5/2""","=""3d9.4s.(3D).6s""","=""4D""","=""7/2""",,"=""""","=""L772""",
"=""337.8707""","=""0.0021""","=""337.8695""","=""0.0016""","=""2*""","=""""",,"=""43514.01""","=""73102.74""","=""3d9.(2D).4s.4p.(3P*)""","=""4D*""","=""7/2""","=""3d9.4s.(3D).4d""","=""4G""","=""7/2""",,"=""""","=""L772""",
"=""337.9653""","=""0.0021""","=""337.9653""","=""0.0011""","=""5h""","=""""",,"=""42302.58""","=""71882.92""","=""3d9.(2D).4s.4p.(3P*)""","=""4F*""","=""3/2""","=""3d9.4s.(3D).4d""","=""4P""","=""1/2""",,"=""""","=""L772""",
"=""337.9864""","=""0.0017""","=""337.9873""","=""0.0010""","=""3""","=""""",,"=""43726.24""","=""73304.66""","=""3d9.(2D).4s.4p.(3P*)""","=""2F*""","=""5/2""","=""3d9.4s.(3D).4d""","=""4F""","=""5/2""",,"=""""","=""L772""",
"=""338.1124""","=""0.0021""","=""338.1138""","=""0.0018""","=""60h""","=""""",,"=""45879.32""","=""75446.67""","=""3d9.(2D).4s.4p.(3P*)""","=""2P*""","=""3/2""","=""3d9.4s.(1D).4d""","=""2D""","=""5/2""",,"=""""","=""L772""",
"=""338.1421""","=""0.0021""","=""338.1419""","=""0.0005""","=""200h""","=""""",,"=""41562.93""","=""71127.82""","=""3d9.(2D).4s.4p.(3P*)""","=""4F*""","=""5/2""","=""3d9.4s.(3D).4d""","=""2F""","=""7/2""",,"=""""","=""L772""",
"=""338.480""","=""0.006""","=""338.4811""","=""0.0016""","=""15h""","=""""",,"=""41562.93""","=""71098.20""","=""3d9.(2D).4s.4p.(3P*)""","=""4F*""","=""5/2""","=""3d9.4s.(3D).4d""","=""2D""","=""5/2""",,"=""""","=""L772""",
"=""338.5394""","=""0.0017""","=""338.5393""","=""0.0017""","=""2""","=""""",,"=""30535.324""","=""60065.51""","=""3d10.4p""","=""2P*""","=""1/2""","=""3d10.8d""","=""2D""","=""3/2""",,"=""""","=""L772""",
"=""338.807""","=""0.006""","=""338.807""","=""0.003""","=""8h""","=""""",,"=""45879.32""","=""75386.2""","=""3d9.(2D).4s.4p.(3P*)""","=""2P*""","=""3/2""","=""3d9.4s.(1D).4d""","=""2S""","=""1/2""",,"=""""","=""L772""",
"=""339.2016""","=""0.0021""","=""339.2016""","=""0.0006""","=""8h""","=""""",,"=""43726.24""","=""73198.77""","=""3d9.(2D).4s.4p.(3P*)""","=""2F*""","=""5/2""","=""3d9.4s.(3D).4d""","=""4G""","=""5/2""",,"=""""","=""L772""",
"=""339.5476""","=""0.0021""","=""339.5469""","=""0.0009""","=""60h""","=""""",,"=""45820.94""","=""75263.50""","=""3d9.(2D).4s.4p.(3P*)""","=""2P*""","=""1/2""","=""3d9.4s.(1D).4d""","=""2P""","=""3/2""",,"=""""","=""L772""",
"=""339.6324""","=""0.0021""","=""339.6319""","=""0.0007""","=""10h""","=""""",,"=""41562.93""","=""70998.12""","=""3d9.(2D).4s.4p.(3P*)""","=""4F*""","=""5/2""","=""3d9.4s.(3D).4d""","=""4S""","=""3/2""",,"=""""","=""L772""",
"=""340.2244""","=""0.0021""","=""340.222""","=""0.003""","=""225h""","=""""",,"=""45879.32""","=""75263.50""","=""3d9.(2D).4s.4p.(3P*)""","=""2P*""","=""3/2""","=""3d9.4s.(1D).4d""","=""2P""","=""3/2""",,"=""""","=""L772""",
"=""340.3107""","=""0.0017""","=""340.3105""","=""0.0007""","=""5""","=""""",,"=""43726.24""","=""73102.74""","=""3d9.(2D).4s.4p.(3P*)""","=""2F*""","=""5/2""","=""3d9.4s.(3D).4d""","=""4G""","=""7/2""",,"=""""","=""L772""",
"=""340.466""","=""0.006""","=""340.463""","=""0.003""","=""125h""","=""""",,"=""46172.89""","=""75536.19""","=""3d9.(2D).4s.4p.(3P*)""","=""*""","=""3/2""","=""3d9.4s.(1D).4d""","=""2F""","=""5/2""",,"=""""","=""L772""",
"=""341.3107""","=""0.0021""","=""341.3104""","=""0.0005""","=""10h""","=""""",,"=""41562.93""","=""70853.37""","=""3d9.(2D).4s.4p.(3P*)""","=""4F*""","=""5/2""","=""3d9.4s.(3D).4d""","=""2P""","=""3/2""",,"=""""","=""L772""",
"=""341.3343""","=""0.0021""","=""341.3327""","=""0.0019""","=""200h""","=""""",,"=""45820.94""","=""75109.47""","=""3d9.(2D).4s.4p.(3P*)""","=""2P*""","=""1/2""","=""3d9.4s.(1D).4d""","=""2P""","=""1/2""",,"=""""","=""L772""",
"=""341.4017""","=""0.0017""","=""341.4008""","=""0.0017""","=""5""","=""""",,"=""30783.697""","=""60066.38""","=""3d10.4p""","=""2P*""","=""3/2""","=""3d10.8d""","=""2D""","=""5/2""",,"=""""","=""L772""",
"=""341.580""","=""0.006""","=""341.5804""","=""0.0018""","=""200h""","=""""",,"=""46172.89""","=""75440.18""","=""3d9.(2D).4s.4p.(3P*)""","=""*""","=""3/2""","=""3d9.4s.(1D).4d""","=""2D""","=""3/2""",,"=""""","=""L772""",
"=""342.0166""","=""0.0021""","=""342.0144""","=""0.0023""","=""8h""","=""""",,"=""45879.32""","=""75109.47""","=""3d9.(2D).4s.4p.(3P*)""","=""2P*""","=""3/2""","=""3d9.4s.(1D).4d""","=""2P""","=""1/2""",,"=""""","=""L772""",
"=""342.210""","=""0.006""","=""342.212""","=""0.004""","=""15h""","=""""",,"=""46172.89""","=""75386.2""","=""3d9.(2D).4s.4p.(3P*)""","=""*""","=""3/2""","=""3d9.4s.(1D).4d""","=""2S""","=""1/2""",,"=""""","=""L772""",
"=""342.787""","=""0.006""","=""342.7866""","=""0.0018""","=""1h""","=""""",,"=""45879.32""","=""75043.63""","=""3d9.(2D).4s.4p.(3P*)""","=""2P*""","=""3/2""","=""3d9.4s.(3D).6s""","=""4D""","=""3/2""",,"=""""","=""L772""",
"=""343.3972""","=""0.0021""","=""343.3961""","=""0.0018""","=""3h""","=""""",,"=""30535.324""","=""59647.87""","=""3d10.4p""","=""2P*""","=""1/2""","=""3d10.9s""","=""2S""","=""1/2""",,"=""""","=""L772""",
"=""343.6543""","=""0.0021""","=""343.6550""","=""0.0009""","=""5h""","=""""",,"=""46172.89""","=""75263.50""","=""3d9.(2D).4s.4p.(3P*)""","=""*""","=""3/2""","=""3d9.4s.(1D).4d""","=""2P""","=""3/2""",,"=""""","=""L772""",
"=""344.0507""","=""0.0009""","=""344.0509""","=""0.0005""","=""250""","=""""",,"=""13245.443""","=""42302.58""","=""3d9.4s2""","=""2D""","=""3/2""","=""3d9.(2D).4s.4p.(3P*)""","=""4F*""","=""3/2""",,"=""""","=""L772""",
"=""344.7590""","=""0.0021""","=""344.7604""","=""0.0015""","=""3h""","=""""",,"=""46172.89""","=""75170.23""","=""3d9.(2D).4s.4p.(3P*)""","=""*""","=""3/2""","=""3d9.4s.(3D).6s""","=""2D""","=""5/2""",,"=""""","=""L772""",
"=""345.0332""","=""0.0009""","=""345.0323""","=""0.0011""","=""750""","=""""",,"=""46598.35""","=""75572.84""","=""3d9.(2D).4s.4p.(3P*)""","=""2D*""","=""5/2""","=""3d9.4s.(1D).4d""","=""2F""","=""7/2""",,"=""""","=""L772""",
"=""345.4686""","=""0.0021""","=""345.4693""","=""0.0013""","=""200h""","=""""",,"=""46598.35""","=""75536.19""","=""3d9.(2D).4s.4p.(3P*)""","=""2D*""","=""5/2""","=""3d9.4s.(1D).4d""","=""2F""","=""5/2""",,"=""""","=""L772""",
"=""345.7850""","=""0.0009""","=""345.7854""","=""0.0005""","=""750""","=""""",,"=""11202.618""","=""40114.01""","=""3d9.4s2""","=""2D""","=""5/2""","=""3d9.(2D).4s.4p.(3P*)""","=""4P*""","=""3/2""",,"=""""","=""L772""",
"=""345.9428""","=""0.0021""","=""345.9415""","=""0.0013""","=""25h""","=""""",,"=""44406.32""","=""73304.66""","=""3d9.(2D).4s.4p.(3P*)""","=""4D*""","=""5/2""","=""3d9.4s.(3D).4d""","=""4F""","=""5/2""",,"=""""","=""L772""",
"=""346.2137""","=""0.0021""","=""346.2140""","=""0.0005""","=""1h""","=""""",,"=""42302.58""","=""71178.18""","=""3d9.(2D).4s.4p.(3P*)""","=""4F*""","=""3/2""","=""3d9.4s.(3D).4d""","=""4P""","=""5/2""",,"=""""","=""L772""",
"=""346.3499""","=""0.0021""","=""346.3511""","=""0.0018""","=""5h""","=""""",,"=""30783.697""","=""59647.87""","=""3d10.4p""","=""2P*""","=""3/2""","=""3d10.9s""","=""2S""","=""1/2""",,"=""""","=""L772""",
"=""346.5401""","=""0.0021""","=""346.5414""","=""0.0018""","=""50h""","=""""",,"=""46598.35""","=""75446.67""","=""3d9.(2D).4s.4p.(3P*)""","=""2D*""","=""5/2""","=""3d9.4s.(1D).4d""","=""2D""","=""5/2""",,"=""""","=""L772""",
"=""346.624""","=""0.006""","=""346.619""","=""0.006""","=""25h""","=""""",,"=""46598.35""","=""75440.18""","=""3d9.(2D).4s.4p.(3P*)""","=""2D*""","=""5/2""","=""3d9.4s.(1D).4d""","=""2D""","=""3/2""",,"=""""","=""L772""",
"=""347.1748""","=""0.0021""","=""347.1756""","=""0.0011""","=""2h""","=""""",,"=""42302.58""","=""71098.20""","=""3d9.(2D).4s.4p.(3P*)""","=""4F*""","=""3/2""","=""3d9.4s.(3D).4d""","=""2D""","=""5/2""",,"=""""","=""L772""",
"=""347.2141""","=""0.0021""","=""347.2139""","=""0.0006""","=""200h""","=""""",,"=""44406.32""","=""73198.77""","=""3d9.(2D).4s.4p.(3P*)""","=""4D*""","=""5/2""","=""3d9.4s.(3D).4d""","=""4G""","=""5/2""",,"=""""","=""L772""",
"=""347.4578""","=""0.0017""","=""347.4567""","=""0.0012""","=""5""","=""""",,"=""44544.16""","=""73316.49""","=""3d9.(2D).4s.4p.(3P*)""","=""4D*""","=""3/2""","=""3d9.4s.(3D).4d""","=""4F""","=""3/2""",,"=""""","=""L772""",
"=""347.5999""","=""0.0021""","=""347.5996""","=""0.0006""","=""750h""","=""""",,"=""44544.16""","=""73304.66""","=""3d9.(2D).4s.4p.(3P*)""","=""4D*""","=""3/2""","=""3d9.4s.(3D).4d""","=""4F""","=""5/2""",,"=""""","=""L772""",
"=""348.1614""","=""0.0017""","=""348.1624""","=""0.0011""","=""5""","=""""",,"=""30535.324""","=""59249.33""","=""3d10.4p""","=""2P*""","=""1/2""","=""3d10.7d""","=""2D""","=""3/2""",,"=""""","=""L772""",
"=""348.3761""","=""0.0021""","=""348.3758""","=""0.0007""","=""1250h""","=""""",,"=""44406.32""","=""73102.74""","=""3d9.(2D).4s.4p.(3P*)""","=""4D*""","=""5/2""","=""3d9.4s.(3D).4d""","=""4G""","=""7/2""",,"=""""","=""L772""",
"=""348.7566""","=""0.0021""","=""348.7559""","=""0.0010""","=""60h""","=""""",,"=""46598.35""","=""75263.50""","=""3d9.(2D).4s.4p.(3P*)""","=""2D*""","=""5/2""","=""3d9.4s.(1D).4d""","=""2P""","=""3/2""",,"=""""","=""L772""",
"=""348.8858""","=""0.0021""","=""348.8841""","=""0.0018""","=""100h""","=""""",,"=""44544.16""","=""73198.77""","=""3d9.(2D).4s.4p.(3P*)""","=""4D*""","=""3/2""","=""3d9.4s.(3D).4d""","=""4G""","=""5/2""",,"=""""","=""L772""",
"=""349.0958""","=""0.0021""","=""349.0965""","=""0.0010""","=""1h""","=""""",,"=""43514.01""","=""72151.19""","=""3d9.(2D).4s.4p.(3P*)""","=""4D*""","=""7/2""","=""3d9.4s.(3D).4d""","=""2F""","=""5/2""",,"=""""","=""L772""",
"=""349.450""","=""0.006""","=""349.453""","=""0.005""","=""1h""","=""""",,"=""46598.35""","=""75206.3""","=""3d9.(2D).4s.4p.(3P*)""","=""2D*""","=""5/2""","=""3d9.4s.(1D).4d""","=""2G""","=""7/2""",,"=""""","=""L772""",
"=""349.8063""","=""0.0021""","=""349.8062""","=""0.0005""","=""125h""","=""""",,"=""43514.01""","=""72093.09""","=""3d9.(2D).4s.4p.(3P*)""","=""4D*""","=""7/2""","=""3d9.4s.(3D).4d""","=""4F""","=""7/2""",,"=""""","=""L772""",
"=""349.8938""","=""0.0021""","=""349.8944""","=""0.0009""","=""3h""","=""""",,"=""46598.35""","=""75170.23""","=""3d9.(2D).4s.4p.(3P*)""","=""2D*""","=""5/2""","=""3d9.4s.(3D).6s""","=""2D""","=""5/2""",,"=""""","=""L772""",
"=""350.0324""","=""0.0021""","=""350.0308""","=""0.0017""","=""50h""","=""""",,"=""44544.16""","=""73104.90""","=""3d9.(2D).4s.4p.(3P*)""","=""4D*""","=""3/2""","=""3d9.4s.(3D).4d""","=""4D""","=""3/2""",,"=""""","=""L772""",
"=""350.1251""","=""0.0021""","=""350.1261""","=""0.0011""","=""5h""","=""""",,"=""43514.01""","=""72066.98""","=""3d9.(2D).4s.4p.(3P*)""","=""4D*""","=""7/2""","=""3d9.4s.(3D).4d""","=""4D""","=""5/2""",,"=""""","=""L772""",
"=""350.1529""","=""0.0021""","=""350.1528""","=""0.0006""","=""3h""","=""""",,"=""42302.58""","=""70853.37""","=""3d9.(2D).4s.4p.(3P*)""","=""4F*""","=""3/2""","=""3d9.4s.(3D).4d""","=""2P""","=""3/2""",,"=""""","=""L772""",
"=""350.5058""","=""0.0021""","=""350.501""","=""0.005""","=""0h""","=""""",,"=""49382.945""","=""77905.37""","=""3d10.5p""","=""2P*""","=""3/2""","=""3d9.4s.(3D).5d""","=""4D""","=""5/2""",,"=""""","=""L772""",
"=""350.7407""","=""0.0021""","=""350.7423""","=""0.0017""","=""5h""","=""""",,"=""43514.01""","=""72016.82""","=""3d9.(2D).4s.4p.(3P*)""","=""4D*""","=""7/2""","=""3d9.4s.(3D).4d""","=""2G""","=""7/2""",,"=""""","=""L772""",
"=""351.1835""","=""0.0009""","=""351.1852""","=""0.0017""","=""50""","=""""",,"=""30783.697""","=""59250.561""","=""3d10.4p""","=""2P*""","=""3/2""","=""3d10.7d""","=""2D""","=""5/2""",,"=""""","=""L772""",
"=""351.1985""","=""0.0009""","=""351.2004""","=""0.0019""","=""10""","=""""",,"=""30783.697""","=""59249.33""","=""3d10.4p""","=""2P*""","=""3/2""","=""3d10.7d""","=""2D""","=""3/2""",,"=""""","=""L772""",
"=""351.2121""","=""0.0021""","=""351.2121""","=""0.0012""","=""650h""","=""""",,"=""43514.01""","=""71978.69""","=""3d9.(2D).4s.4p.(3P*)""","=""4D*""","=""7/2""","=""3d9.4s.(3D).4d""","=""4G""","=""9/2""",,"=""""","=""L772""",
"=""351.7039""","=""0.0021""","=""351.7030""","=""0.0011""","=""100h""","=""""",,"=""43726.24""","=""72151.19""","=""3d9.(2D).4s.4p.(3P*)""","=""2F*""","=""5/2""","=""3d9.4s.(3D).4d""","=""2F""","=""5/2""",,"=""""","=""L772""",
"=""352.0031""","=""0.0009""","=""352.0020""","=""0.0012""","=""500""","=""""",,"=""44915.68""","=""73316.49""","=""3d9.(2D).4s.4p.(3P*)""","=""4D*""","=""1/2""","=""3d9.4s.(3D).4d""","=""4F""","=""3/2""",,"=""""","=""L772""",
"=""352.4231""","=""0.0009""","=""352.4234""","=""0.0005""","=""1250""","=""""",,"=""43726.24""","=""72093.09""","=""3d9.(2D).4s.4p.(3P*)""","=""2F*""","=""5/2""","=""3d9.4s.(3D).4d""","=""4F""","=""7/2""",,"=""""","=""L772""",
"=""352.7482""","=""0.0009""","=""352.7481""","=""0.0005""","=""500""","=""""",,"=""43726.24""","=""72066.98""","=""3d9.(2D).4s.4p.(3P*)""","=""2F*""","=""5/2""","=""3d9.4s.(3D).4d""","=""4D""","=""5/2""",,"=""""","=""L772""",
"=""353.0383""","=""0.0009""","=""353.0378""","=""0.0007""","=""2000""","=""""",,"=""13245.443""","=""41562.93""","=""3d9.4s2""","=""2D""","=""3/2""","=""3d9.(2D).4s.4p.(3P*)""","=""4F*""","=""5/2""",,"=""""","=""L772""",
"=""353.3746""","=""0.0009""","=""353.3735""","=""0.0011""","=""500""","=""""",,"=""43726.24""","=""72016.82""","=""3d9.(2D).4s.4p.(3P*)""","=""2F*""","=""5/2""","=""3d9.4s.(3D).4d""","=""2G""","=""7/2""",,"=""""","=""L772""",
"=""354.4963""","=""0.0021""","=""354.4956""","=""0.0009""","=""125h""","=""""",,"=""43726.24""","=""71927.28""","=""3d9.(2D).4s.4p.(3P*)""","=""2F*""","=""5/2""","=""3d9.4s.(3D).4d""","=""4P""","=""3/2""",,"=""""","=""L772""",
"=""354.6433""","=""0.0021""","=""354.6442""","=""0.0011""","=""15h""","=""""",,"=""44915.68""","=""73104.90""","=""3d9.(2D).4s.4p.(3P*)""","=""4D*""","=""1/2""","=""3d9.4s.(3D).4d""","=""4D""","=""3/2""",,"=""""","=""L772""",
"=""""","=""""","=""355.262""","=""0.008""","=""m""","=""""",,"=""46172.89""","=""74313.10""","=""3d9.(2D).4s.4p.(3P*)""","=""*""","=""3/2""","=""3d9.4s.(3D).6s""","=""4D""","=""5/2""",,"=""""","=""L772""",
"=""355.2695""","=""0.0021""","=""355.2711""","=""0.0018""","=""0h""","=""""",,"=""44963.26""","=""73102.74""","=""3d9.(2D).4s.4p.(3P*)""","=""2F*""","=""7/2""","=""3d9.4s.(3D).4d""","=""4G""","=""7/2""",,"=""""","=""L772""",
"=""356.6131""","=""0.0021""","=""356.6133""","=""0.0014""","=""5h""","=""""",,"=""30535.324""","=""58568.90""","=""3d10.4p""","=""2P*""","=""1/2""","=""3d10.8s""","=""2S""","=""1/2""",,"=""""","=""L772""",
"=""359.4023""","=""0.0009""","=""359.4018""","=""0.0005""","=""30""","=""""",,"=""11202.618""","=""39018.69""","=""3d9.4s2""","=""2D""","=""5/2""","=""3d9.(2D).4s.4p.(3P*)""","=""4P*""","=""5/2""",,"=""""","=""L772""",
"=""359.8011""","=""0.0021""","=""359.8011""","=""0.0014""","=""10h""","=""""",,"=""30783.697""","=""58568.90""","=""3d10.4p""","=""2P*""","=""3/2""","=""3d10.8s""","=""2S""","=""1/2""",,"=""""","=""L772""",
"=""359.9132""","=""0.0009""","=""359.9131""","=""0.0006""","=""1400""","=""""",,"=""43514.01""","=""71290.57""","=""3d9.(2D).4s.4p.(3P*)""","=""4D*""","=""7/2""","=""3d9.4s.(3D).4d""","=""4F""","=""9/2""",,"=""""","=""L772""",
"=""360.2032""","=""0.0009""","=""360.2028""","=""0.0006""","=""1400""","=""""",,"=""43514.01""","=""71268.23""","=""3d9.(2D).4s.4p.(3P*)""","=""4D*""","=""7/2""","=""3d9.4s.(3D).4d""","=""4D""","=""7/2""",,"=""""","=""L772""",
"=""360.720""","=""0.006""","=""360.716""","=""0.005""","=""0h""","=""""",,"=""46598.35""","=""74313.10""","=""3d9.(2D).4s.4p.(3P*)""","=""2D*""","=""5/2""","=""3d9.4s.(3D).6s""","=""4D""","=""5/2""",,"=""""","=""L772""",
"=""360.9295""","=""0.0009""","=""360.9296""","=""0.0004""","=""2000""","=""""",,"=""13245.443""","=""40943.78""","=""3d9.4s2""","=""2D""","=""3/2""","=""3d9.(2D).4s.4p.(3P*)""","=""4P*""","=""1/2""",,"=""""","=""L772""",
"=""361.0809""","=""0.0009""","=""361.0804""","=""0.0008""","=""200""","=""""",,"=""44406.32""","=""72093.09""","=""3d9.(2D).4s.4p.(3P*)""","=""4D*""","=""5/2""","=""3d9.4s.(3D).4d""","=""4F""","=""7/2""",,"=""""","=""L772""",
"=""361.3761""","=""0.0009""","=""361.3753""","=""0.0009""","=""600""","=""""",,"=""43514.01""","=""71178.18""","=""3d9.(2D).4s.4p.(3P*)""","=""4D*""","=""7/2""","=""3d9.4s.(3D).4d""","=""4P""","=""5/2""",,"=""""","=""L772""",
"=""361.4218""","=""0.0009""","=""361.4212""","=""0.0008""","=""200""","=""""",,"=""44406.32""","=""72066.98""","=""3d9.(2D).4s.4p.(3P*)""","=""4D*""","=""5/2""","=""3d9.4s.(3D).4d""","=""4D""","=""5/2""",,"=""""","=""L772""",
"=""362.0352""","=""0.0009""","=""362.0344""","=""0.0009""","=""200""","=""""",,"=""43514.01""","=""71127.82""","=""3d9.(2D).4s.4p.(3P*)""","=""4D*""","=""7/2""","=""3d9.4s.(3D).4d""","=""2F""","=""7/2""",,"=""""","=""L772""",
"=""362.1245""","=""0.0009""","=""362.1233""","=""0.0013""","=""600""","=""""",,"=""44544.16""","=""72151.19""","=""3d9.(2D).4s.4p.(3P*)""","=""4D*""","=""3/2""","=""3d9.4s.(3D).4d""","=""2F""","=""5/2""",,"=""""","=""L772""",
"=""362.4236""","=""0.0009""","=""362.4232""","=""0.0007""","=""100""","=""""",,"=""43514.01""","=""71098.20""","=""3d9.(2D).4s.4p.(3P*)""","=""4D*""","=""7/2""","=""3d9.4s.(3D).4d""","=""2D""","=""5/2""",,"=""""","=""L772""",
"=""362.732""","=""0.006""","=""362.7304""","=""0.0021""","=""125h""","=""""",,"=""44544.16""","=""72104.99""","=""3d9.(2D).4s.4p.(3P*)""","=""4D*""","=""3/2""","=""3d9.4s.(3D).4d""","=""2D""","=""3/2""",,"=""""","=""L772""",
"=""362.9771""","=""0.0009""","=""362.9785""","=""0.0016""","=""10""","=""""",,"=""43726.24""","=""71268.23""","=""3d9.(2D).4s.4p.(3P*)""","=""2F*""","=""5/2""","=""3d9.4s.(3D).4d""","=""4D""","=""7/2""",,"=""""","=""L772""",
"=""363.2308""","=""0.0017""","=""363.2313""","=""0.0008""","=""5""","=""""",,"=""44544.16""","=""72066.98""","=""3d9.(2D).4s.4p.(3P*)""","=""4D*""","=""3/2""","=""3d9.4s.(3D).4d""","=""4D""","=""5/2""",,"=""""","=""L772""",
"=""363.2558""","=""0.0009""","=""363.2559""","=""0.0005""","=""50""","=""""",,"=""44406.32""","=""71927.28""","=""3d9.(2D).4s.4p.(3P*)""","=""4D*""","=""5/2""","=""3d9.4s.(3D).4d""","=""4P""","=""3/2""",,"=""""","=""L772""",
"=""363.5916""","=""0.0009""","=""363.5916""","=""0.0005""","=""250""","=""""",,"=""45820.94""","=""73316.49""","=""3d9.(2D).4s.4p.(3P*)""","=""2P*""","=""1/2""","=""3d9.4s.(3D).4d""","=""4F""","=""3/2""",,"=""""","=""L772""",
"=""364.1693""","=""0.0009""","=""364.1692""","=""0.0004""","=""50""","=""""",,"=""43726.24""","=""71178.18""","=""3d9.(2D).4s.4p.(3P*)""","=""2F*""","=""5/2""","=""3d9.4s.(3D).4d""","=""4P""","=""5/2""",,"=""""","=""L772""",
"=""364.3632""","=""0.0017""","=""364.3652""","=""0.0021""","=""5""","=""""",,"=""45879.32""","=""73316.49""","=""3d9.(2D).4s.4p.(3P*)""","=""2P*""","=""3/2""","=""3d9.4s.(3D).4d""","=""4F""","=""3/2""",,"=""""","=""L772""",
"=""364.5232""","=""0.0009""","=""364.5224""","=""0.0009""","=""250""","=""""",,"=""45879.32""","=""73304.66""","=""3d9.(2D).4s.4p.(3P*)""","=""2P*""","=""3/2""","=""3d9.4s.(3D).4d""","=""4F""","=""5/2""",,"=""""","=""L772""",
"=""364.8383""","=""0.0009""","=""364.8385""","=""0.0005""","=""125""","=""""",,"=""43726.24""","=""71127.82""","=""3d9.(2D).4s.4p.(3P*)""","=""2F*""","=""5/2""","=""3d9.4s.(3D).4d""","=""2F""","=""7/2""",,"=""""","=""L772""",
"=""365.0855""","=""0.0017""","=""365.0845""","=""0.0012""","=""5""","=""""",,"=""44544.16""","=""71927.28""","=""3d9.(2D).4s.4p.(3P*)""","=""4D*""","=""3/2""","=""3d9.4s.(3D).4d""","=""4P""","=""3/2""",,"=""""","=""L772""",
"=""365.234""","=""0.006""","=""365.2333""","=""0.0009""","=""100h""","=""""",,"=""43726.24""","=""71098.20""","=""3d9.(2D).4s.4p.(3P*)""","=""2F*""","=""5/2""","=""3d9.4s.(3D).4d""","=""2D""","=""5/2""",,"=""""","=""L772""",
"=""365.4243""","=""0.0009""","=""365.4241""","=""0.0004""","=""200""","=""""",,"=""30535.324""","=""57892.995""","=""3d10.4p""","=""2P*""","=""1/2""","=""3d10.6d""","=""2D""","=""3/2""",,"=""""","=""L772""",
"=""365.5859""","=""0.0021""","=""365.5869""","=""0.0012""","=""600h""","=""""",,"=""43514.01""","=""70859.50""","=""3d9.(2D).4s.4p.(3P*)""","=""4D*""","=""7/2""","=""3d9.4s.(3D).4d""","=""2G""","=""9/2""",,"=""""","=""L772""",
"=""365.6785""","=""0.0021""","=""365.6769""","=""0.0021""","=""125h""","=""""",,"=""44544.16""","=""71882.92""","=""3d9.(2D).4s.4p.(3P*)""","=""4D*""","=""3/2""","=""3d9.4s.(3D).4d""","=""4P""","=""1/2""",,"=""""","=""L772""",
"=""365.9353""","=""0.0021""","=""365.9353""","=""0.0007""","=""125h""","=""""",,"=""45879.32""","=""73198.77""","=""3d9.(2D).4s.4p.(3P*)""","=""2P*""","=""3/2""","=""3d9.4s.(3D).4d""","=""4G""","=""5/2""",,"=""""","=""L772""",
"=""366.408""","=""0.006""","=""366.411""","=""0.003""","=""5h""","=""""",,"=""45820.94""","=""73104.90""","=""3d9.(2D).4s.4p.(3P*)""","=""2P*""","=""1/2""","=""3d9.4s.(3D).4d""","=""4D""","=""3/2""",,"=""""","=""L772""",
"=""366.5735""","=""0.0021""","=""366.5737""","=""0.0005""","=""125h""","=""""",,"=""43726.24""","=""70998.12""","=""3d9.(2D).4s.4p.(3P*)""","=""2F*""","=""5/2""","=""3d9.4s.(3D).4d""","=""4S""","=""3/2""",,"=""""","=""L772""",
"=""367.1953""","=""0.0021""","=""367.1971""","=""0.0019""","=""100h""","=""""",,"=""45879.32""","=""73104.90""","=""3d9.(2D).4s.4p.(3P*)""","=""2P*""","=""3/2""","=""3d9.4s.(3D).4d""","=""4D""","=""3/2""",,"=""""","=""L772""",
"=""367.6878""","=""0.0021""","=""367.6869""","=""0.0016""","=""50h""","=""""",,"=""44915.68""","=""72104.99""","=""3d9.(2D).4s.4p.(3P*)""","=""4D*""","=""1/2""","=""3d9.4s.(3D).4d""","=""2D""","=""3/2""",,"=""""","=""L772""",
"=""368.3000""","=""0.0021""","=""368.306""","=""0.007""","=""1h""","=""""",,"=""46172.89""","=""73316.49""","=""3d9.(2D).4s.4p.(3P*)""","=""*""","=""3/2""","=""3d9.4s.(3D).4d""","=""4F""","=""3/2""",,"=""""","=""L772""",
"=""368.4672""","=""0.0009""","=""368.4667""","=""0.0008""","=""450""","=""""",,"=""46172.89""","=""73304.66""","=""3d9.(2D).4s.4p.(3P*)""","=""*""","=""3/2""","=""3d9.4s.(3D).4d""","=""4F""","=""5/2""",,"=""""","=""L772""",
"=""368.4930""","=""0.0009""","=""368.4931""","=""0.0005""","=""200""","=""""",,"=""44963.26""","=""72093.09""","=""3d9.(2D).4s.4p.(3P*)""","=""2F*""","=""7/2""","=""3d9.4s.(3D).4d""","=""4F""","=""7/2""",,"=""""","=""L772""",
"=""368.7438""","=""0.0009""","=""368.7446""","=""0.0007""","=""400""","=""""",,"=""30783.697""","=""57895.024""","=""3d10.4p""","=""2P*""","=""3/2""","=""3d10.6d""","=""2D""","=""5/2""",,"=""""","=""L772""",
"=""368.7708""","=""0.0009""","=""368.7722""","=""0.0014""","=""40""","=""""",,"=""30783.697""","=""57892.995""","=""3d10.4p""","=""2P*""","=""3/2""","=""3d10.6d""","=""2D""","=""3/2""",,"=""""","=""L772""",
"=""369.5358""","=""0.0021""","=""369.532""","=""0.004""","=""8h""","=""""",,"=""44963.26""","=""72016.82""","=""3d9.(2D).4s.4p.(3P*)""","=""2F*""","=""7/2""","=""3d9.4s.(3D).4d""","=""2G""","=""7/2""",,"=""""","=""L772""",
"=""369.9097""","=""0.0021""","=""369.9104""","=""0.0010""","=""10h""","=""""",,"=""46172.89""","=""73198.77""","=""3d9.(2D).4s.4p.(3P*)""","=""*""","=""3/2""","=""3d9.4s.(3D).4d""","=""4G""","=""5/2""",,"=""""","=""L772""",
"=""370.0536""","=""0.0021""","=""370.0535""","=""0.0014""","=""250h""","=""""",,"=""44963.26""","=""71978.69""","=""3d9.(2D).4s.4p.(3P*)""","=""2F*""","=""7/2""","=""3d9.4s.(3D).4d""","=""4G""","=""9/2""",,"=""""","=""L772""",
"=""370.1070""","=""0.0021""","=""370.1060""","=""0.0012""","=""5h""","=""""",,"=""44915.68""","=""71927.28""","=""3d9.(2D).4s.4p.(3P*)""","=""4D*""","=""1/2""","=""3d9.4s.(3D).4d""","=""4P""","=""3/2""",,"=""""","=""L772""",
"=""370.712""","=""0.006""","=""370.715""","=""0.003""","=""4h""","=""""",,"=""44915.68""","=""71882.92""","=""3d9.(2D).4s.4p.(3P*)""","=""4D*""","=""1/2""","=""3d9.4s.(3D).4d""","=""4P""","=""1/2""",,"=""""","=""L772""",
"=""371.2009""","=""0.0021""","=""371.1998""","=""0.0014""","=""30h""","=""""",,"=""46172.89""","=""73104.90""","=""3d9.(2D).4s.4p.(3P*)""","=""*""","=""3/2""","=""3d9.4s.(3D).4d""","=""4D""","=""3/2""",,"=""""","=""L772""",
"=""372.0771""","=""0.0009""","=""372.0763""","=""0.0008""","=""150""","=""""",,"=""13245.443""","=""40114.01""","=""3d9.4s2""","=""2D""","=""3/2""","=""3d9.(2D).4s.4p.(3P*)""","=""4P*""","=""3/2""",,"=""""","=""L772""",
"=""372.1666""","=""0.0021""","=""372.1685""","=""0.0021""","=""8h""","=""""",,"=""44406.32""","=""71268.23""","=""3d9.(2D).4s.4p.(3P*)""","=""4D*""","=""5/2""","=""3d9.4s.(3D).4d""","=""4D""","=""7/2""",,"=""""","=""L772""",
"=""373.4180""","=""0.0021""","=""373.4204""","=""0.0024""","=""200h""","=""""",,"=""44406.32""","=""71178.18""","=""3d9.(2D).4s.4p.(3P*)""","=""4D*""","=""5/2""","=""3d9.4s.(3D).4d""","=""4P""","=""5/2""",,"=""""","=""L772""",
"=""374.1242""","=""0.0021""","=""374.1241""","=""0.0004""","=""450h""","=""""",,"=""44406.32""","=""71127.82""","=""3d9.(2D).4s.4p.(3P*)""","=""4D*""","=""5/2""","=""3d9.4s.(3D).4d""","=""2F""","=""7/2""",,"=""""","=""L772""",
"=""374.3363""","=""0.0021""","=""374.3369""","=""0.0008""","=""3h""","=""""",,"=""46598.35""","=""73304.66""","=""3d9.(2D).4s.4p.(3P*)""","=""2D*""","=""5/2""","=""3d9.4s.(3D).4d""","=""4F""","=""5/2""",,"=""""","=""L772""",
"=""374.5356""","=""0.0021""","=""374.539""","=""0.004""","=""20h""","=""""",,"=""44406.32""","=""71098.20""","=""3d9.(2D).4s.4p.(3P*)""","=""4D*""","=""5/2""","=""3d9.4s.(3D).4d""","=""2D""","=""5/2""",,"=""""","=""L772""",
"=""375.3519""","=""0.0017""","=""375.3530""","=""0.0013""","=""8""","=""""",,"=""44544.16""","=""71178.18""","=""3d9.(2D).4s.4p.(3P*)""","=""4D*""","=""3/2""","=""3d9.4s.(3D).4d""","=""4P""","=""5/2""",,"=""""","=""L772""",
"=""375.8296""","=""0.0017""","=""375.827""","=""0.003""","=""5""","=""""",,"=""46598.35""","=""73198.77""","=""3d9.(2D).4s.4p.(3P*)""","=""2D*""","=""5/2""","=""3d9.4s.(3D).4d""","=""4G""","=""5/2""",,"=""""","=""L772""",
"=""375.9492""","=""0.0009""","=""375.9489""","=""0.0006""","=""60""","=""""",,"=""44406.32""","=""70998.12""","=""3d9.(2D).4s.4p.(3P*)""","=""4D*""","=""5/2""","=""3d9.4s.(3D).4d""","=""4S""","=""3/2""",,"=""""","=""L772""",
"=""376.4837""","=""0.0021""","=""376.4836""","=""0.0007""","=""5h""","=""""",,"=""44544.16""","=""71098.20""","=""3d9.(2D).4s.4p.(3P*)""","=""4D*""","=""3/2""","=""3d9.4s.(3D).4d""","=""2D""","=""5/2""",,"=""""","=""L772""",
"=""377.1904""","=""0.0021""","=""377.1888""","=""0.0019""","=""100h""","=""""",,"=""46598.35""","=""73102.74""","=""3d9.(2D).4s.4p.(3P*)""","=""2D*""","=""5/2""","=""3d9.4s.(3D).4d""","=""4G""","=""7/2""",,"=""""","=""L772""",
"=""377.9067""","=""0.0021""","=""377.9079""","=""0.0013""","=""2h""","=""""",,"=""44544.16""","=""70998.12""","=""3d9.(2D).4s.4p.(3P*)""","=""4D*""","=""3/2""","=""3d9.4s.(3D).4d""","=""4S""","=""3/2""",,"=""""","=""L772""",
"=""378.0045""","=""0.0021""","=""378.0066""","=""0.0023""","=""5h""","=""""",,"=""44406.32""","=""70853.37""","=""3d9.(2D).4s.4p.(3P*)""","=""4D*""","=""5/2""","=""3d9.4s.(3D).4d""","=""2P""","=""3/2""",,"=""""","=""L772""",
"=""378.549""","=""0.006""","=""378.5500""","=""0.0017""","=""5h""","=""""",,"=""41562.93""","=""67972.02""","=""3d9.(2D).4s.4p.(3P*)""","=""4F*""","=""5/2""","=""3d9.4s.(1D).5s""","=""2D""","=""3/2""",,"=""""","=""L772""",
"=""379.7245""","=""0.0017""","=""379.7259""","=""0.0016""","=""8""","=""""",,"=""44963.26""","=""71290.57""","=""3d9.(2D).4s.4p.(3P*)""","=""2F*""","=""7/2""","=""3d9.4s.(3D).4d""","=""4F""","=""9/2""",,"=""""","=""L772""",
"=""379.988""","=""0.006""","=""379.9871""","=""0.0006""","=""10h""","=""""",,"=""44544.16""","=""70853.37""","=""3d9.(2D).4s.4p.(3P*)""","=""4D*""","=""3/2""","=""3d9.4s.(3D).4d""","=""2P""","=""3/2""",,"=""""","=""L772""",
"=""380.0502""","=""0.0021""","=""380.0484""","=""0.0019""","=""30h""","=""""",,"=""44963.26""","=""71268.23""","=""3d9.(2D).4s.4p.(3P*)""","=""2F*""","=""7/2""","=""3d9.4s.(3D).4d""","=""4D""","=""7/2""",,"=""""","=""L772""",
"=""380.307""","=""0.006""","=""380.322""","=""0.016""","=""0h""","=""""",,"=""55027.762""","=""81313.82""","=""3d10.6p""","=""2P*""","=""1/2""","=""3d9.4s.(1D).5d""","=""2D""","=""3/2""",,"=""""","=""L772""",
"=""380.349""","=""0.006""","=""380.351""","=""0.003""","=""5h""","=""""",,"=""45820.94""","=""72104.99""","=""3d9.(2D).4s.4p.(3P*)""","=""2P*""","=""1/2""","=""3d9.4s.(3D).4d""","=""2D""","=""3/2""",,"=""""","=""L772""",
"=""380.5232""","=""0.0021""","=""380.5229""","=""0.0016""","=""100h""","=""""",,"=""45879.32""","=""72151.49""","=""3d9.(2D).4s.4p.(3P*)""","=""2P*""","=""3/2""","=""3d9.4s.(3D).4d""","=""2P""","=""1/2""",,"=""""","=""L772""",
"=""381.195""","=""0.006""","=""381.1976""","=""0.0023""","=""8h""","=""""",,"=""45879.32""","=""72104.99""","=""3d9.(2D).4s.4p.(3P*)""","=""2P*""","=""3/2""","=""3d9.4s.(3D).4d""","=""2D""","=""3/2""",,"=""""","=""L772""",
"=""381.3542""","=""0.0009""","=""381.3539""","=""0.0006""","=""10""","=""""",,"=""44963.26""","=""71178.18""","=""3d9.(2D).4s.4p.(3P*)""","=""2F*""","=""7/2""","=""3d9.4s.(3D).4d""","=""4P""","=""5/2""",,"=""""","=""L772""",
"=""381.7490""","=""0.0017""","=""381.7509""","=""0.0020""","=""5""","=""""",,"=""45879.32""","=""72066.98""","=""3d9.(2D).4s.4p.(3P*)""","=""2P*""","=""3/2""","=""3d9.4s.(3D).4d""","=""4D""","=""5/2""",,"=""""","=""L772""",
"=""382.0884""","=""0.0009""","=""382.0879""","=""0.0006""","=""60""","=""""",,"=""44963.26""","=""71127.82""","=""3d9.(2D).4s.4p.(3P*)""","=""2F*""","=""7/2""","=""3d9.4s.(3D).4d""","=""2F""","=""7/2""",,"=""""","=""L772""",
"=""382.248""","=""0.006""","=""382.253""","=""0.006""","=""0h""","=""""",,"=""49382.945""","=""75536.19""","=""3d10.5p""","=""2P*""","=""3/2""","=""3d9.4s.(1D).4d""","=""2F""","=""5/2""",,"=""""","=""L772""",
"=""382.5047""","=""0.0021""","=""382.50471""","=""0.00025""","=""100h""","=""""",,"=""30535.324""","=""56671.377""","=""3d10.4p""","=""2P*""","=""1/2""","=""3d10.7s""","=""2S""","=""1/2""",,"=""""","=""L772""",
"=""383.574""","=""0.006""","=""383.566""","=""0.007""","=""0h""","=""""",,"=""49382.945""","=""75446.67""","=""3d10.5p""","=""2P*""","=""3/2""","=""3d9.4s.(1D).4d""","=""2D""","=""5/2""",,"=""""","=""L772""",
"=""383.670""","=""0.006""","=""383.662""","=""0.009""","=""0h*""","=""""",,"=""49382.945""","=""75440.18""","=""3d10.5p""","=""2P*""","=""3/2""","=""3d9.4s.(1D).4d""","=""2D""","=""3/2""",,"=""""","=""L772""",
"=""383.670""","=""0.006""","=""383.666""","=""0.004""","=""0h*""","=""""",,"=""49383.264""","=""75440.18""","=""3d10.5p""","=""2P*""","=""1/2""","=""3d9.4s.(1D).4d""","=""2D""","=""3/2""",,"=""""","=""L772""",
"=""383.7976""","=""0.0017""","=""383.7983""","=""0.0009""","=""5""","=""""",,"=""45879.32""","=""71927.28""","=""3d9.(2D).4s.4p.(3P*)""","=""2P*""","=""3/2""","=""3d9.4s.(3D).4d""","=""4P""","=""3/2""",,"=""""","=""L772""",
"=""384.451""","=""0.006""","=""384.4531""","=""0.0021""","=""4h""","=""""",,"=""45879.32""","=""71882.92""","=""3d9.(2D).4s.4p.(3P*)""","=""2P*""","=""3/2""","=""3d9.4s.(3D).4d""","=""4P""","=""1/2""",,"=""""","=""L772""",
"=""384.8256""","=""0.0021""","=""384.8275""","=""0.0021""","=""0h""","=""""",,"=""46172.89""","=""72151.19""","=""3d9.(2D).4s.4p.(3P*)""","=""*""","=""3/2""","=""3d9.4s.(3D).4d""","=""2F""","=""5/2""",,"=""""","=""L772""",
"=""386.0472""","=""0.0009""","=""386.0470""","=""0.0007""","=""600""","=""""",,"=""44963.26""","=""70859.50""","=""3d9.(2D).4s.4p.(3P*)""","=""2F*""","=""7/2""","=""3d9.4s.(3D).4d""","=""2G""","=""9/2""",,"=""""","=""L772""",
"=""386.0808""","=""0.0017""","=""386.0790""","=""0.0019""","=""5""","=""""",,"=""46172.89""","=""72066.98""","=""3d9.(2D).4s.4p.(3P*)""","=""*""","=""3/2""","=""3d9.4s.(3D).4d""","=""4D""","=""5/2""",,"=""""","=""L772c156""",
"=""386.1747""","=""0.0009""","=""386.17464""","=""0.00024""","=""250""","=""""",,"=""30783.697""","=""56671.377""","=""3d10.4p""","=""2P*""","=""3/2""","=""3d10.7s""","=""2S""","=""1/2""",,"=""""","=""L772""",
"=""386.2781""","=""0.0021""","=""386.281""","=""0.003""","=""5h""","=""""",,"=""49382.945""","=""75263.50""","=""3d10.5p""","=""2P*""","=""3/2""","=""3d9.4s.(1D).4d""","=""2P""","=""3/2""",,"=""""","=""L772""",
"=""388.1714""","=""0.0017""","=""388.1733""","=""0.0021""","=""5""","=""""",,"=""46172.89""","=""71927.28""","=""3d9.(2D).4s.4p.(3P*)""","=""*""","=""3/2""","=""3d9.4s.(3D).4d""","=""4P""","=""3/2""",,"=""""","=""L772""",
"=""388.592""","=""0.006""","=""388.5938""","=""0.0015""","=""3h*""","=""""",,"=""49382.945""","=""75109.47""","=""3d10.5p""","=""2P*""","=""3/2""","=""3d9.4s.(1D).4d""","=""2P""","=""1/2""",,"=""""","=""L772""",
"=""388.592""","=""0.006""","=""388.599""","=""0.006""","=""3h*""","=""""",,"=""49383.264""","=""75109.47""","=""3d10.5p""","=""2P*""","=""1/2""","=""3d9.4s.(1D).4d""","=""2P""","=""1/2""",,"=""""","=""L772""",
"=""388.840""","=""0.006""","=""388.843""","=""0.003""","=""4h""","=""""",,"=""46172.89""","=""71882.92""","=""3d9.(2D).4s.4p.(3P*)""","=""*""","=""3/2""","=""3d9.4s.(3D).4d""","=""4P""","=""1/2""",,"=""""","=""L772""",
"=""389.922""","=""0.006""","=""389.9214""","=""0.0011""","=""8h""","=""""",,"=""39018.69""","=""64657.62""","=""3d9.(2D).4s.4p.(3P*)""","=""4P*""","=""5/2""","=""3d9.4s.(3D).5s""","=""2D""","=""5/2""",,"=""""","=""L772""",
"=""391.2335""","=""0.0021""","=""391.2351""","=""0.0018""","=""1h""","=""""",,"=""46598.35""","=""72151.19""","=""3d9.(2D).4s.4p.(3P*)""","=""2D*""","=""5/2""","=""3d9.4s.(3D).4d""","=""2F""","=""5/2""",,"=""""","=""L772""",
"=""392.1267""","=""0.0017""","=""392.1267""","=""0.0006""","=""5""","=""""",,"=""46598.35""","=""72093.09""","=""3d9.(2D).4s.4p.(3P*)""","=""2D*""","=""5/2""","=""3d9.4s.(3D).4d""","=""4F""","=""7/2""",,"=""""","=""L772""",
"=""392.5274""","=""0.0017""","=""392.5287""","=""0.0015""","=""8""","=""""",,"=""46598.35""","=""72066.98""","=""3d9.(2D).4s.4p.(3P*)""","=""2D*""","=""5/2""","=""3d9.4s.(3D).4d""","=""4D""","=""5/2""",,"=""""","=""L772""",
"=""393.3027""","=""0.0017""","=""393.3034""","=""0.0009""","=""5""","=""""",,"=""46598.35""","=""72016.82""","=""3d9.(2D).4s.4p.(3P*)""","=""2D*""","=""5/2""","=""3d9.4s.(3D).4d""","=""2G""","=""7/2""",,"=""""","=""L772""",
"=""394.6938""","=""0.0017""","=""394.6938""","=""0.0006""","=""3""","=""""",,"=""46598.35""","=""71927.28""","=""3d9.(2D).4s.4p.(3P*)""","=""2D*""","=""5/2""","=""3d9.4s.(3D).4d""","=""4P""","=""3/2""",,"=""""","=""L772""",
"=""395.1616""","=""0.0017""","=""395.1629""","=""0.0014""","=""2""","=""""",,"=""45879.32""","=""71178.18""","=""3d9.(2D).4s.4p.(3P*)""","=""2P*""","=""3/2""","=""3d9.4s.(3D).4d""","=""4P""","=""5/2""",,"=""""","=""L772""",
"=""396.416""","=""0.006""","=""396.4162""","=""0.0008""","=""5h""","=""""",,"=""45879.32""","=""71098.20""","=""3d9.(2D).4s.4p.(3P*)""","=""2P*""","=""3/2""","=""3d9.4s.(3D).4d""","=""2D""","=""5/2""",,"=""""","=""L772""",
"=""397.57""","=""0.03""","=""397.566""","=""0.004""","=""5h""","=""""",,"=""40114.01""","=""65259.93""","=""3d9.(2D).4s.4p.(3P*)""","=""4P*""","=""3/2""","=""3d9.4s.(3D).5s""","=""2D""","=""3/2""",,"=""""","=""L772""",
"=""397.9954""","=""0.0017""","=""397.9956""","=""0.0006""","=""5""","=""""",,"=""45879.32""","=""70998.12""","=""3d9.(2D).4s.4p.(3P*)""","=""2P*""","=""3/2""","=""3d9.4s.(3D).4d""","=""4S""","=""3/2""",,"=""""","=""L772""",
"=""399.3692""","=""0.0021""","=""399.3689""","=""0.0006""","=""0?""","=""""",,"=""45820.94""","=""70853.37""","=""3d9.(2D).4s.4p.(3P*)""","=""2P*""","=""1/2""","=""3d9.4s.(3D).4d""","=""2P""","=""3/2""",,"=""""","=""L772""",
"=""399.8018""","=""0.0017""","=""399.8023""","=""0.0008""","=""3""","=""""",,"=""46172.89""","=""71178.18""","=""3d9.(2D).4s.4p.(3P*)""","=""*""","=""3/2""","=""3d9.4s.(3D).4d""","=""4P""","=""5/2""",,"=""""","=""L772""",
"=""400.3028""","=""0.0009""","=""400.3025""","=""0.0006""","=""15""","=""""",,"=""45879.32""","=""70853.37""","=""3d9.(2D).4s.4p.(3P*)""","=""2P*""","=""3/2""","=""3d9.4s.(3D).4d""","=""2P""","=""3/2""",,"=""""","=""L772""",
"=""401.0043""","=""0.0021""","=""401.007""","=""0.003""","=""0?""","=""""",,"=""49382.945""","=""74313.10""","=""3d10.5p""","=""2P*""","=""3/2""","=""3d9.4s.(3D).6s""","=""4D""","=""5/2""",,"=""""","=""L772""",
"=""401.0836""","=""0.0021""","=""401.0852""","=""0.0018""","=""8h""","=""""",,"=""46172.89""","=""71098.20""","=""3d9.(2D).4s.4p.(3P*)""","=""*""","=""3/2""","=""3d9.4s.(3D).4d""","=""2D""","=""5/2""",,"=""""","=""L772""",
"=""401.58""","=""0.03""","=""401.590""","=""0.010""","=""10h""","=""""",,"=""30535.324""","=""55429.3199""","=""3d10.4p""","=""2P*""","=""1/2""","=""3d10.4f""","=""2F*""","=""5/2""",E2,"=""""","=""L772""",
"=""402.2629""","=""0.0009""","=""402.26286""","=""0.00021""","=""1250""","=""1.90e+07""",C,"=""30535.324""","=""55387.667""","=""3d10.4p""","=""2P*""","=""1/2""","=""3d10.5d""","=""2D""","=""3/2""",,"=""T1343""","=""L772""",
"=""402.7026""","=""0.0009""","=""402.7022""","=""0.0006""","=""10""","=""""",,"=""46172.89""","=""70998.12""","=""3d9.(2D).4s.4p.(3P*)""","=""*""","=""3/2""","=""3d9.4s.(3D).4d""","=""4S""","=""3/2""",,"=""""","=""L772""",
"=""405.0617""","=""0.0021""","=""405.064""","=""0.003""","=""20h""","=""""",,"=""46172.89""","=""70853.37""","=""3d9.(2D).4s.4p.(3P*)""","=""*""","=""3/2""","=""3d9.4s.(3D).4d""","=""2P""","=""3/2""",,"=""""","=""L772""",
"=""405.2380""","=""0.0017""","=""405.2381""","=""0.0007""","=""2""","=""""",,"=""46598.35""","=""71268.23""","=""3d9.(2D).4s.4p.(3P*)""","=""2D*""","=""5/2""","=""3d9.4s.(3D).4d""","=""4D""","=""7/2""",,"=""""","=""L772""",
"=""405.638""","=""0.006""","=""405.6370""","=""0.0005""","=""35h""","=""""",,"=""30783.697""","=""55429.3199""","=""3d10.4p""","=""2P*""","=""3/2""","=""3d10.4f""","=""2F*""","=""5/2""",M1,"=""""","=""L772""",
"=""405.678""","=""0.006""","=""405.686""","=""0.007""","=""35h""","=""""",,"=""30783.697""","=""55426.3543""","=""3d10.4p""","=""2P*""","=""3/2""","=""3d10.4f""","=""2F*""","=""7/2""",E2,"=""""","=""L772""",
"=""406.2641""","=""0.0009""","=""406.2638""","=""0.0004""","=""2000""","=""2.10e+07""",C,"=""30783.697""","=""55391.297""","=""3d10.4p""","=""2P*""","=""3/2""","=""3d10.5d""","=""2D""","=""5/2""",,"=""T1343""","=""L772""",
"=""406.3238""","=""0.0009""","=""406.32372""","=""0.00018""","=""650""","=""""",,"=""30783.697""","=""55387.667""","=""3d10.4p""","=""2P*""","=""3/2""","=""3d10.5d""","=""2D""","=""3/2""",,"=""""","=""L772""",
"=""406.953""","=""0.006""","=""406.9524""","=""0.0013""","=""6h""","=""""",,"=""39018.69""","=""63584.65""","=""3d9.(2D).4s.4p.(3P*)""","=""4P*""","=""5/2""","=""3d9.4s.(3D).5s""","=""4D""","=""3/2""",,"=""""","=""L772""",
"=""407.3224""","=""0.0021""","=""407.3230""","=""0.0012""","=""20h""","=""""",,"=""40114.01""","=""64657.62""","=""3d9.(2D).4s.4p.(3P*)""","=""4P*""","=""3/2""","=""3d9.4s.(3D).5s""","=""2D""","=""5/2""",,"=""""","=""L772""",
"=""407.5572""","=""0.0009""","=""407.5578""","=""0.0008""","=""50""","=""""",,"=""46598.35""","=""71127.82""","=""3d9.(2D).4s.4p.(3P*)""","=""2D*""","=""5/2""","=""3d9.4s.(3D).4d""","=""2F""","=""7/2""",,"=""""","=""L772""",
"=""408.0534""","=""0.0021""","=""408.051""","=""0.003""","=""15h""","=""""",,"=""46598.35""","=""71098.20""","=""3d9.(2D).4s.4p.(3P*)""","=""2D*""","=""5/2""","=""3d9.4s.(3D).4d""","=""2D""","=""5/2""",,"=""""","=""L772""",
"=""409.7215""","=""0.0021""","=""409.724""","=""0.003""","=""0h""","=""""",,"=""46598.35""","=""70998.12""","=""3d9.(2D).4s.4p.(3P*)""","=""2D*""","=""5/2""","=""3d9.4s.(3D).4d""","=""4S""","=""3/2""",,"=""""","=""L772""",
"=""410.4218""","=""0.0009""","=""410.4212""","=""0.0008""","=""25""","=""""",,"=""40114.01""","=""64472.35""","=""3d9.(2D).4s.4p.(3P*)""","=""4P*""","=""3/2""","=""3d9.4s.(3D).5s""","=""4D""","=""1/2""",,"=""""","=""L772""",
"=""411.14""","=""0.03""","=""411.133""","=""0.007""","=""3h""","=""""",,"=""40943.78""","=""65259.93""","=""3d9.(2D).4s.4p.(3P*)""","=""4P*""","=""1/2""","=""3d9.4s.(3D).5s""","=""2D""","=""3/2""",,"=""""","=""L772""",
"=""412.174""","=""0.006""","=""412.170""","=""0.004""","=""10""","=""""",,"=""46598.35""","=""70853.37""","=""3d9.(2D).4s.4p.(3P*)""","=""2D*""","=""5/2""","=""3d9.4s.(3D).4d""","=""2P""","=""3/2""",,"=""""","=""L772""",
"=""412.3287""","=""0.0021""","=""412.3266""","=""0.0022""","=""30h""","=""""",,"=""43726.24""","=""67972.02""","=""3d9.(2D).4s.4p.(3P*)""","=""2F*""","=""5/2""","=""3d9.4s.(1D).5s""","=""2D""","=""3/2""",,"=""""","=""L772""",
"=""417.7758""","=""0.0021""","=""417.7753""","=""0.0010""","=""100h""","=""""",,"=""39018.69""","=""62948.26""","=""3d9.(2D).4s.4p.(3P*)""","=""4P*""","=""5/2""","=""3d9.4s.(3D).5s""","=""4D""","=""5/2""",,"=""""","=""L772""",
"=""421.88""","=""0.03""","=""421.876""","=""0.005""","=""2h""","=""""",,"=""41562.93""","=""65259.93""","=""3d9.(2D).4s.4p.(3P*)""","=""4F*""","=""5/2""","=""3d9.4s.(3D).5s""","=""2D""","=""3/2""",,"=""""","=""L772""",
"=""423.09""","=""0.03""","=""423.096""","=""0.005""","=""5h""","=""""",,"=""43514.01""","=""67142.68""","=""3d9.(2D).4s.4p.(3P*)""","=""4D*""","=""7/2""","=""3d9.4s.(1D).5s""","=""2D""","=""5/2""",,"=""""","=""L772""",
"=""424.226""","=""0.006""","=""424.2261""","=""0.0009""","=""30h""","=""""",,"=""44406.32""","=""67972.02""","=""3d9.(2D).4s.4p.(3P*)""","=""4D*""","=""5/2""","=""3d9.4s.(1D).5s""","=""2D""","=""3/2""",,"=""""","=""L772""",
"=""424.8956""","=""0.0009""","=""424.8956""","=""0.0005""","=""150""","=""1.95e+07""",C+,"=""40943.78""","=""64472.35""","=""3d9.(2D).4s.4p.(3P*)""","=""4P*""","=""1/2""","=""3d9.4s.(3D).5s""","=""4D""","=""1/2""",,"=""T1343""","=""L772""",
"=""425.3390""","=""0.0021""","=""425.3370""","=""0.0022""","=""20h""","=""""",,"=""41153.47""","=""64657.62""","=""3d9.(2D).4s.4p.(3P*)""","=""4F*""","=""7/2""","=""3d9.4s.(3D).5s""","=""2D""","=""5/2""",,"=""""","=""L772""",
"=""425.9401""","=""0.0021""","=""425.944""","=""0.004""","=""150h""","=""""",,"=""40114.01""","=""63584.65""","=""3d9.(2D).4s.4p.(3P*)""","=""4P*""","=""3/2""","=""3d9.4s.(3D).5s""","=""4D""","=""3/2""",,"=""""","=""L772""",
"=""426.7204""","=""0.0021""","=""426.7221""","=""0.0018""","=""2h""","=""""",,"=""44544.16""","=""67972.02""","=""3d9.(2D).4s.4p.(3P*)""","=""4D*""","=""3/2""","=""3d9.4s.(1D).5s""","=""2D""","=""3/2""",,"=""""","=""L772""",
"=""427.5107""","=""0.0009""","=""427.5108""","=""0.0005""","=""950""","=""3.45e+07""",C+,"=""39018.69""","=""62403.332""","=""3d9.(2D).4s.4p.(3P*)""","=""4P*""","=""5/2""","=""3d9.4s.(3D).5s""","=""4D""","=""7/2""",,"=""T1343""","=""L772""",
"=""432.868""","=""0.006""","=""432.878""","=""0.009""","=""20h""","=""""",,"=""41562.93""","=""64657.62""","=""3d9.(2D).4s.4p.(3P*)""","=""4F*""","=""5/2""","=""3d9.4s.(3D).5s""","=""2D""","=""5/2""",,"=""""","=""L772""",
"=""433.600""","=""0.006""","=""433.598""","=""0.003""","=""10h""","=""""",,"=""44915.68""","=""67972.02""","=""3d9.(2D).4s.4p.(3P*)""","=""4D*""","=""1/2""","=""3d9.4s.(1D).5s""","=""2D""","=""3/2""",,"=""""","=""L772""",
"=""435.474""","=""0.006""","=""435.468""","=""0.008""","=""10h""","=""""",,"=""42302.58""","=""65259.93""","=""3d9.(2D).4s.4p.(3P*)""","=""4F*""","=""3/2""","=""3d9.4s.(3D).5s""","=""2D""","=""3/2""",,"=""""","=""L772""",
"=""437.820""","=""0.006""","=""437.816""","=""0.006""","=""550h""","=""""",,"=""40114.01""","=""62948.26""","=""3d9.(2D).4s.4p.(3P*)""","=""4P*""","=""3/2""","=""3d9.4s.(3D).5s""","=""4D""","=""5/2""",,"=""""","=""L772""",
"=""439.70""","=""0.03""","=""439.7006""","=""0.0023""","=""10h""","=""""",,"=""44406.32""","=""67142.68""","=""3d9.(2D).4s.4p.(3P*)""","=""4D*""","=""5/2""","=""3d9.4s.(1D).5s""","=""2D""","=""5/2""",,"=""""","=""L772""",
"=""441.554""","=""0.006""","=""441.5551""","=""0.0012""","=""200h""","=""""",,"=""40943.78""","=""63584.65""","=""3d9.(2D).4s.4p.(3P*)""","=""4P*""","=""1/2""","=""3d9.4s.(3D).5s""","=""4D""","=""3/2""",,"=""""","=""L772""",
"=""442.381""","=""0.006""","=""442.383""","=""0.003""","=""0h""","=""""",,"=""44544.16""","=""67142.68""","=""3d9.(2D).4s.4p.(3P*)""","=""4D*""","=""3/2""","=""3d9.4s.(1D).5s""","=""2D""","=""5/2""",,"=""""","=""L772""",
"=""448.0350""","=""0.0009""","=""448.0349""","=""0.0003""","=""500""","=""3.0e+06""",C,"=""30535.324""","=""52848.751""","=""3d10.4p""","=""2P*""","=""1/2""","=""3d10.6s""","=""2S""","=""1/2""",,"=""T1343""","=""L772""",
"=""450.735""","=""0.006""","=""450.742""","=""0.008""","=""200h""","=""""",,"=""44963.26""","=""67142.68""","=""3d9.(2D).4s.4p.(3P*)""","=""2F*""","=""7/2""","=""3d9.4s.(1D).5s""","=""2D""","=""5/2""",,"=""""","=""L772""",
"=""450.9374""","=""0.0009""","=""450.9382""","=""0.0010""","=""400""","=""2.75e+07""",C+,"=""42302.58""","=""64472.35""","=""3d9.(2D).4s.4p.(3P*)""","=""4F*""","=""3/2""","=""3d9.4s.(3D).5s""","=""4D""","=""1/2""",,"=""T1343""","=""L772""",
"=""451.3192""","=""0.0021""","=""451.3187""","=""0.0012""","=""50h""","=""""",,"=""45820.94""","=""67972.02""","=""3d9.(2D).4s.4p.(3P*)""","=""2P*""","=""1/2""","=""3d9.4s.(1D).5s""","=""2D""","=""3/2""",,"=""""","=""L772""",
"=""452.5112""","=""0.0021""","=""452.5113""","=""0.0010""","=""40h""","=""""",,"=""45879.32""","=""67972.02""","=""3d9.(2D).4s.4p.(3P*)""","=""2P*""","=""3/2""","=""3d9.4s.(1D).5s""","=""2D""","=""3/2""",,"=""""","=""L772""",
"=""453.0785""","=""0.0009""","=""453.0783""","=""0.0003""","=""800""","=""8.4e+06""",C+,"=""30783.697""","=""52848.751""","=""3d10.4p""","=""2P*""","=""3/2""","=""3d10.6s""","=""2S""","=""1/2""",,"=""T1343""","=""L772""",
"=""453.9695""","=""0.0021""","=""453.9699""","=""0.0010""","=""800h""","=""2.12e+07""",C+,"=""41562.93""","=""63584.65""","=""3d9.(2D).4s.4p.(3P*)""","=""4F*""","=""5/2""","=""3d9.4s.(3D).5s""","=""4D""","=""3/2""",,"=""T1343""","=""L772""",
"=""458.697""","=""0.006""","=""458.6967""","=""0.0013""","=""1300h""","=""3.20e+07""",C+,"=""41153.47""","=""62948.26""","=""3d9.(2D).4s.4p.(3P*)""","=""4F*""","=""7/2""","=""3d9.4s.(3D).5s""","=""4D""","=""5/2""",,"=""T1343""","=""L772""",
"=""464.258""","=""0.006""","=""464.2586""","=""0.0024""","=""150h""","=""""",,"=""43726.24""","=""65259.93""","=""3d9.(2D).4s.4p.(3P*)""","=""2F*""","=""5/2""","=""3d9.4s.(3D).5s""","=""2D""","=""3/2""",,"=""""","=""L772""",
"=""465.1124""","=""0.0009""","=""465.1122""","=""0.0009""","=""2000""","=""3.80e+07""",C+,"=""40909.16""","=""62403.332""","=""3d9.(2D).4s.4p.(3P*)""","=""4F*""","=""9/2""","=""3d9.4s.(3D).5s""","=""4D""","=""7/2""",,"=""T1343""","=""L772""",
"=""467.472""","=""0.006""","=""467.479""","=""0.009""","=""500h""","=""""",,"=""41562.93""","=""62948.26""","=""3d9.(2D).4s.4p.(3P*)""","=""4F*""","=""5/2""","=""3d9.4s.(3D).5s""","=""4D""","=""5/2""",,"=""""","=""L772""",
"=""467.7340""","=""0.0021""","=""467.7344""","=""0.0011""","=""3h""","=""""",,"=""46598.35""","=""67972.02""","=""3d9.(2D).4s.4p.(3P*)""","=""2D*""","=""5/2""","=""3d9.4s.(1D).5s""","=""2D""","=""3/2""",,"=""""","=""L772""",
"=""469.7490""","=""0.0021""","=""469.7477""","=""0.0018""","=""350h""","=""""",,"=""42302.58""","=""63584.65""","=""3d9.(2D).4s.4p.(3P*)""","=""4F*""","=""3/2""","=""3d9.4s.(3D).5s""","=""4D""","=""3/2""",,"=""""","=""L772""",
"=""470.171""","=""0.006""","=""470.161""","=""0.011""","=""10h""","=""""",,"=""45879.32""","=""67142.68""","=""3d9.(2D).4s.4p.(3P*)""","=""2P*""","=""3/2""","=""3d9.4s.(1D).5s""","=""2D""","=""5/2""",,"=""""","=""L772""",
"=""470.4594""","=""0.0009""","=""470.4597""","=""0.0007""","=""450""","=""5.5e+06""",C+,"=""41153.47""","=""62403.332""","=""3d9.(2D).4s.4p.(3P*)""","=""4F*""","=""7/2""","=""3d9.4s.(3D).5s""","=""4D""","=""7/2""",,"=""T1343""","=""L772""",
"=""476.749""","=""0.006""","=""476.743""","=""0.007""","=""75h""","=""""",,"=""46172.89""","=""67142.68""","=""3d9.(2D).4s.4p.(3P*)""","=""*""","=""3/2""","=""3d9.4s.(1D).5s""","=""2D""","=""5/2""",,"=""""","=""L772""",
"=""477.622""","=""0.006""","=""477.618""","=""0.004""","=""20h""","=""""",,"=""43726.24""","=""64657.62""","=""3d9.(2D).4s.4p.(3P*)""","=""2F*""","=""5/2""","=""3d9.4s.(3D).5s""","=""2D""","=""5/2""",,"=""""","=""L772""",
"=""479.400""","=""0.006""","=""479.399""","=""0.003""","=""150h""","=""""",,"=""44406.32""","=""65259.93""","=""3d9.(2D).4s.4p.(3P*)""","=""4D*""","=""5/2""","=""3d9.4s.(3D).5s""","=""2D""","=""3/2""",,"=""""","=""L772""",
"=""479.7042""","=""0.0009""","=""479.7031""","=""0.0014""","=""20""","=""""",,"=""41562.93""","=""62403.332""","=""3d9.(2D).4s.4p.(3P*)""","=""4F*""","=""5/2""","=""3d9.4s.(3D).5s""","=""4D""","=""7/2""",,"=""""","=""L772""",
"=""484.2290""","=""0.0021""","=""484.2275""","=""0.0019""","=""25h""","=""""",,"=""42302.58""","=""62948.26""","=""3d9.(2D).4s.4p.(3P*)""","=""4F*""","=""3/2""","=""3d9.4s.(3D).5s""","=""4D""","=""5/2""",,"=""""","=""L772""",
"=""486.610""","=""0.006""","=""486.616""","=""0.007""","=""75h""","=""""",,"=""46598.35""","=""67142.68""","=""3d9.(2D).4s.4p.(3P*)""","=""2D*""","=""5/2""","=""3d9.4s.(1D).5s""","=""2D""","=""5/2""",,"=""""","=""L772""",
"=""493.669""","=""0.006""","=""493.658""","=""0.012""","=""0h""","=""""",,"=""44406.32""","=""64657.62""","=""3d9.(2D).4s.4p.(3P*)""","=""4D*""","=""5/2""","=""3d9.4s.(3D).5s""","=""2D""","=""5/2""",,"=""""","=""L772""",
"=""501.6611""","=""0.0009""","=""501.6618""","=""0.0010""","=""400""","=""""",,"=""44544.16""","=""64472.35""","=""3d9.(2D).4s.4p.(3P*)""","=""4D*""","=""3/2""","=""3d9.4s.(3D).5s""","=""4D""","=""1/2""",,"=""""","=""L772""",
"=""503.436""","=""0.006""","=""503.425""","=""0.013""","=""100h""","=""""",,"=""43726.24""","=""63584.65""","=""3d9.(2D).4s.4p.(3P*)""","=""2F*""","=""5/2""","=""3d9.4s.(3D).5s""","=""4D""","=""3/2""",,"=""""","=""L772""",
"=""507.6173""","=""0.0021""","=""507.6181""","=""0.0015""","=""100h""","=""""",,"=""44963.26""","=""64657.62""","=""3d9.(2D).4s.4p.(3P*)""","=""2F*""","=""7/2""","=""3d9.4s.(3D).5s""","=""2D""","=""5/2""",,"=""""","=""L772""",
"=""510.5541""","=""0.0009""","=""510.5548""","=""0.0010""","=""1500""","=""2.0e+06""",C+,"=""11202.618""","=""30783.697""","=""3d9.4s2""","=""2D""","=""5/2""","=""3d10.4p""","=""2P*""","=""3/2""",,"=""T1343""","=""L772""",
"=""511.1913""","=""0.0009""","=""511.1920""","=""0.0010""","=""300""","=""""",,"=""44915.68""","=""64472.35""","=""3d9.(2D).4s.4p.(3P*)""","=""4D*""","=""1/2""","=""3d9.4s.(3D).5s""","=""4D""","=""1/2""",,"=""""","=""L772""",
"=""511.549""","=""0.006""","=""511.551""","=""0.003""","=""10""","=""""",,"=""56029.89""","=""75572.84""","=""3d9.(2D).4s.4p.(1P*)""","=""2F*""","=""7/2""","=""3d9.4s.(1D).4d""","=""2F""","=""7/2""",,"=""""","=""L772""",
"=""514.27""","=""0.03""","=""514.287""","=""0.016""","=""10h""","=""""",,"=""45820.94""","=""65259.93""","=""3d9.(2D).4s.4p.(3P*)""","=""2P*""","=""1/2""","=""3d9.4s.(3D).5s""","=""2D""","=""3/2""",,"=""""","=""L772""",
"=""514.4120""","=""0.0021""","=""514.4122""","=""0.0013""","=""550h""","=""""",,"=""43514.01""","=""62948.26""","=""3d9.(2D).4s.4p.(3P*)""","=""4D*""","=""7/2""","=""3d9.4s.(3D).5s""","=""4D""","=""5/2""",,"=""""","=""L772""",
"=""515.3235""","=""0.0009""","=""515.3238""","=""0.0005""","=""2000""","=""6.0e+07""",C+,"=""30535.324""","=""49935.195""","=""3d10.4p""","=""2P*""","=""1/2""","=""3d10.4d""","=""2D""","=""3/2""",,"=""T1343""","=""L772""",
"=""515.836""","=""0.006""","=""515.836""","=""0.003""","=""50h""","=""""",,"=""45879.32""","=""65259.93""","=""3d9.(2D).4s.4p.(3P*)""","=""2P*""","=""3/2""","=""3d9.4s.(3D).5s""","=""2D""","=""3/2""",,"=""""","=""L772""",
"=""517.560""","=""0.006""","=""517.560""","=""0.006""","=""1h""","=""""",,"=""56029.89""","=""75345.94""","=""3d9.(2D).4s.4p.(1P*)""","=""2F*""","=""7/2""","=""3d9.4s.(1D).4d""","=""2G""","=""9/2""",,"=""""","=""L772""",
"=""520.087""","=""0.006""","=""520.092""","=""0.005""","=""500h""","=""""",,"=""43726.24""","=""62948.26""","=""3d9.(2D).4s.4p.(3P*)""","=""2F*""","=""5/2""","=""3d9.4s.(3D).5s""","=""4D""","=""5/2""",,"=""""","=""L772""",
"=""521.2780""","=""0.0021""","=""521.2767""","=""0.0019""","=""140h""","=""""",,"=""44406.32""","=""63584.65""","=""3d9.(2D).4s.4p.(3P*)""","=""4D*""","=""5/2""","=""3d9.4s.(3D).5s""","=""4D""","=""3/2""",,"=""""","=""L772""",
"=""521.8202""","=""0.0009""","=""521.8202""","=""0.0004""","=""2500""","=""7.5e+07""",C+,"=""30783.697""","=""49942.051""","=""3d10.4p""","=""2P*""","=""3/2""","=""3d10.4d""","=""2D""","=""5/2""",,"=""T1343""","=""L772""",
"=""522.0070""","=""0.0009""","=""522.0070""","=""0.0004""","=""500""","=""1.50e+07""",C+,"=""30783.697""","=""49935.195""","=""3d10.4p""","=""2P*""","=""3/2""","=""3d10.4d""","=""2D""","=""3/2""",,"=""T1343""","=""L772""",
"=""523.765""","=""0.006""","=""523.770""","=""0.006""","=""10h""","=""""",,"=""46172.89""","=""65259.93""","=""3d9.(2D).4s.4p.(3P*)""","=""*""","=""3/2""","=""3d9.4s.(3D).5s""","=""2D""","=""3/2""",,"=""""","=""L772""",
"=""525.052""","=""0.006""","=""525.0504""","=""0.0022""","=""500h""","=""""",,"=""44544.16""","=""63584.65""","=""3d9.(2D).4s.4p.(3P*)""","=""4D*""","=""3/2""","=""3d9.4s.(3D).5s""","=""4D""","=""3/2""",,"=""""","=""L772""",
"=""528.3530""","=""0.0017""","=""528.3543""","=""0.0017""","=""5""","=""""",,"=""56651.41""","=""75572.84""","=""3d9.(2D).4s.4p.(1P*)""","=""2D*""","=""5/2""","=""3d9.4s.(1D).4d""","=""2F""","=""7/2""",,"=""""","=""L772""",
"=""529.2517""","=""0.0009""","=""529.2524""","=""0.0011""","=""1650""","=""1.09e+07""",C+,"=""43514.01""","=""62403.332""","=""3d9.(2D).4s.4p.(3P*)""","=""4D*""","=""7/2""","=""3d9.4s.(3D).5s""","=""4D""","=""7/2""",,"=""T1343""","=""L772""",
"=""530.417""","=""0.006""","=""530.414""","=""0.004""","=""0h*""","=""""",,"=""30535.324""","=""49383.264""","=""3d10.4p""","=""2P*""","=""1/2""","=""3d10.5p""","=""2P*""","=""1/2""",M1,"=""""","=""L772""",
"=""530.417""","=""0.006""","=""530.423""","=""0.005""","=""0h*""","=""""",,"=""30535.324""","=""49382.945""","=""3d10.4p""","=""2P*""","=""1/2""","=""3d10.5p""","=""2P*""","=""3/2""",M1,"=""""","=""L772""",
"=""532.080""","=""0.006""","=""532.085""","=""0.007""","=""0h""","=""""",,"=""56651.41""","=""75440.18""","=""3d9.(2D).4s.4p.(1P*)""","=""2D*""","=""5/2""","=""3d9.4s.(1D).4d""","=""2D""","=""3/2""",,"=""""","=""L772""",
"=""532.378""","=""0.006""","=""532.381""","=""0.004""","=""3h""","=""""",,"=""45879.32""","=""64657.62""","=""3d9.(2D).4s.4p.(3P*)""","=""2P*""","=""3/2""","=""3d9.4s.(3D).5s""","=""2D""","=""5/2""",,"=""""","=""L772""",
"=""535.2666""","=""0.0009""","=""535.2664""","=""0.0007""","=""300""","=""""",,"=""43726.24""","=""62403.332""","=""3d9.(2D).4s.4p.(3P*)""","=""2F*""","=""5/2""","=""3d9.4s.(3D).5s""","=""4D""","=""7/2""",,"=""""","=""L772""",
"=""535.495""","=""0.014""","=""535.499""","=""0.004""","=""250h""","=""""",,"=""44915.68""","=""63584.65""","=""3d9.(2D).4s.4p.(3P*)""","=""4D*""","=""1/2""","=""3d9.4s.(3D).5s""","=""4D""","=""3/2""",,"=""""","=""L772""",
"=""535.733""","=""0.014""","=""535.711""","=""0.023""","=""3h""","=""""",,"=""46598.35""","=""65259.93""","=""3d9.(2D).4s.4p.(3P*)""","=""2D*""","=""5/2""","=""3d9.4s.(3D).5s""","=""2D""","=""3/2""",,"=""""","=""L772""",
"=""536.0030""","=""0.0009""","=""536.0034""","=""0.0009""","=""200""","=""""",,"=""45820.94""","=""64472.35""","=""3d9.(2D).4s.4p.(3P*)""","=""2P*""","=""1/2""","=""3d9.4s.(3D).5s""","=""4D""","=""1/2""",,"=""""","=""L772""",
"=""537.128""","=""0.014""","=""537.136""","=""0.009""","=""0h""","=""""",,"=""56651.41""","=""75263.50""","=""3d9.(2D).4s.4p.(1P*)""","=""2D*""","=""5/2""","=""3d9.4s.(1D).4d""","=""2P""","=""3/2""",,"=""""","=""L772""",
"=""537.520""","=""0.014""","=""537.497""","=""0.023""","=""0h*""","=""""",,"=""30783.697""","=""49383.264""","=""3d10.4p""","=""2P*""","=""3/2""","=""3d10.5p""","=""2P*""","=""1/2""",M1,"=""""","=""L772""",
"=""537.520""","=""0.014""","=""537.507""","=""0.012""","=""0h*""","=""""",,"=""30783.697""","=""49382.945""","=""3d10.4p""","=""2P*""","=""3/2""","=""3d10.5p""","=""2P*""","=""3/2""",M1,"=""""","=""L772""",
"=""537.6867""","=""0.0017""","=""537.6864""","=""0.0009""","=""5""","=""""",,"=""45879.32""","=""64472.35""","=""3d9.(2D).4s.4p.(3P*)""","=""2P*""","=""3/2""","=""3d9.4s.(3D).5s""","=""4D""","=""1/2""",,"=""""","=""L772""",
"=""537.816""","=""0.014""","=""537.810""","=""0.005""","=""0h""","=""""",,"=""49383.264""","=""67972.02""","=""3d10.5p""","=""2P*""","=""1/2""","=""3d9.4s.(1D).5s""","=""2D""","=""3/2""",,"=""""","=""L772""",
"=""539.162""","=""0.014""","=""539.168""","=""0.005""","=""450h""","=""""",,"=""44406.32""","=""62948.26""","=""3d9.(2D).4s.4p.(3P*)""","=""4D*""","=""5/2""","=""3d9.4s.(3D).5s""","=""4D""","=""5/2""",,"=""""","=""L772""",
"=""539.8408""","=""0.0021""","=""539.8411""","=""0.0015""","=""0h""","=""""",,"=""56651.41""","=""75170.23""","=""3d9.(2D).4s.4p.(1P*)""","=""2D*""","=""5/2""","=""3d9.4s.(3D).6s""","=""2D""","=""5/2""",,"=""""","=""L772""",
"=""540.834""","=""0.014""","=""540.837""","=""0.003""","=""100h""","=""""",,"=""46172.89""","=""64657.62""","=""3d9.(2D).4s.4p.(3P*)""","=""*""","=""3/2""","=""3d9.4s.(3D).5s""","=""2D""","=""5/2""",,"=""""","=""L772""",
"=""543.205""","=""0.014""","=""543.2062""","=""0.0018""","=""250h""","=""""",,"=""44544.16""","=""62948.26""","=""3d9.(2D).4s.4p.(3P*)""","=""4D*""","=""3/2""","=""3d9.4s.(3D).5s""","=""4D""","=""5/2""",,"=""""","=""L772""",
"=""546.3138""","=""0.0009""","=""546.3124""","=""0.0018""","=""150""","=""""",,"=""46172.89""","=""64472.35""","=""3d9.(2D).4s.4p.(3P*)""","=""*""","=""3/2""","=""3d9.4s.(3D).5s""","=""4D""","=""1/2""",,"=""""","=""L772""",
"=""553.002""","=""0.014""","=""553.03""","=""0.03""","=""1h""","=""""",,"=""55027.762""","=""73104.90""","=""3d10.6p""","=""2P*""","=""1/2""","=""3d9.4s.(3D).4d""","=""4D""","=""3/2""",,"=""""","=""L772""",
"=""553.578""","=""0.006""","=""553.5785""","=""0.0018""","=""50""","=""""",,"=""46598.35""","=""64657.62""","=""3d9.(2D).4s.4p.(3P*)""","=""2D*""","=""5/2""","=""3d9.4s.(3D).5s""","=""2D""","=""5/2""",,"=""""","=""L772""",
"=""555.4935""","=""0.0009""","=""555.4935""","=""0.0006""","=""100""","=""""",,"=""44406.32""","=""62403.332""","=""3d9.(2D).4s.4p.(3P*)""","=""4D*""","=""5/2""","=""3d9.4s.(3D).5s""","=""4D""","=""7/2""",,"=""""","=""L772""",
"=""562.92""","=""0.03""","=""562.915""","=""0.005""","=""1h""","=""""",,"=""49382.945""","=""67142.68""","=""3d10.5p""","=""2P*""","=""3/2""","=""3d9.4s.(1D).5s""","=""2D""","=""5/2""",,"=""""","=""L772""",
"=""564.65""","=""0.03""","=""564.645""","=""0.004""","=""2h""","=""""",,"=""45879.32""","=""63584.65""","=""3d9.(2D).4s.4p.(3P*)""","=""2P*""","=""3/2""","=""3d9.4s.(3D).5s""","=""4D""","=""3/2""",,"=""""","=""L772""",
"=""570.0240""","=""0.0009""","=""570.0240""","=""0.0006""","=""1500""","=""2.4e+05""",C+,"=""13245.443""","=""30783.697""","=""3d9.4s2""","=""2D""","=""3/2""","=""3d10.4p""","=""2P*""","=""3/2""",,"=""T1343""","=""L772""",
"=""572.796""","=""0.006""","=""572.793""","=""0.004""","=""5""","=""""",,"=""58119.37""","=""75572.84""","=""3d9.(2D).4s.4p.(1P*)""","=""2F*""","=""5/2""","=""3d9.4s.(1D).4d""","=""2F""","=""7/2""",,"=""""","=""L772""",
"=""573.2325""","=""0.0009""","=""573.2331""","=""0.0010""","=""75""","=""""",,"=""44963.26""","=""62403.332""","=""3d9.(2D).4s.4p.(3P*)""","=""2F*""","=""7/2""","=""3d9.4s.(3D).5s""","=""4D""","=""7/2""",,"=""""","=""L772""",
"=""576.975""","=""0.014""","=""576.964""","=""0.010""","=""0h""","=""""",,"=""58119.37""","=""75446.67""","=""3d9.(2D).4s.4p.(1P*)""","=""2F*""","=""5/2""","=""3d9.4s.(1D).4d""","=""2D""","=""5/2""",,"=""""","=""L772""",
"=""578.2132""","=""0.0009""","=""578.2126""","=""0.0010""","=""1500""","=""1.65e+06""",C+,"=""13245.443""","=""30535.324""","=""3d9.4s2""","=""2D""","=""3/2""","=""3d10.4p""","=""2P*""","=""1/2""",,"=""T1343""","=""L772""",
"=""583.126""","=""0.014""","=""583.128""","=""0.004""","=""1h""","=""""",,"=""58119.37""","=""75263.50""","=""3d9.(2D).4s.4p.(1P*)""","=""2F*""","=""5/2""","=""3d9.4s.(1D).4d""","=""2P""","=""3/2""",,"=""""","=""L772""",
"=""585.11""","=""0.03""","=""585.08""","=""0.03""","=""2h""","=""""",,"=""58119.37""","=""75206.3""","=""3d9.(2D).4s.4p.(1P*)""","=""2F*""","=""5/2""","=""3d9.4s.(1D).4d""","=""2G""","=""7/2""",,"=""""","=""L772""",
"=""585.694""","=""0.014""","=""585.697""","=""0.003""","=""5h""","=""""",,"=""45879.32""","=""62948.26""","=""3d9.(2D).4s.4p.(3P*)""","=""2P*""","=""3/2""","=""3d9.4s.(3D).5s""","=""4D""","=""5/2""",,"=""""","=""L772""",
"=""593.475""","=""0.014""","=""593.474""","=""0.005""","=""1h""","=""""",,"=""58690.91""","=""75536.19""","=""3d9.(2D).4s.4p.(1P*)""","=""2D*""","=""3/2""","=""3d9.4s.(1D).4d""","=""2F""","=""5/2""",,"=""""","=""L772""",
"=""596.659""","=""0.014""","=""596.644""","=""0.014""","=""3h""","=""""",,"=""58690.91""","=""75446.67""","=""3d9.(2D).4s.4p.(1P*)""","=""2D*""","=""3/2""","=""3d9.4s.(1D).4d""","=""2D""","=""5/2""",,"=""""","=""L772""",
"=""603.233""","=""0.014""","=""603.239""","=""0.008""","=""2h""","=""""",,"=""58690.91""","=""75263.50""","=""3d9.(2D).4s.4p.(1P*)""","=""2D*""","=""3/2""","=""3d9.4s.(1D).4d""","=""2P""","=""3/2""",,"=""""","=""L772""",
"=""612.773""","=""0.014""","=""612.796""","=""0.023""","=""1h""","=""""",,"=""54784.065""","=""71098.20""","=""3d10.6p""","=""2P*""","=""3/2""","=""3d9.4s.(3D).4d""","=""2D""","=""5/2""",,"=""""","=""L772""",
"=""616.57""","=""0.05""","=""616.578""","=""0.010""","=""1h""","=""""",,"=""54784.065""","=""70998.12""","=""3d10.6p""","=""2P*""","=""3/2""","=""3d9.4s.(3D).4d""","=""4S""","=""3/2""",,"=""""","=""L150""",
"=""622.111""","=""0.014""","=""622.119""","=""0.012""","=""2h""","=""""",,"=""54784.065""","=""70853.71""","=""3d10.6p""","=""2P*""","=""3/2""","=""3d9.4s.(3D).4d""","=""2S""","=""1/2""",,"=""""","=""L772""",
"=""622.366""","=""0.006""","=""622.369""","=""0.004""","=""4""","=""""",,"=""56029.89""","=""72093.09""","=""3d9.(2D).4s.4p.(1P*)""","=""2F*""","=""7/2""","=""3d9.4s.(3D).4d""","=""4F""","=""7/2""",,"=""""","=""L772""",
"=""623.379""","=""0.014""","=""623.382""","=""0.005""","=""1h""","=""""",,"=""56029.89""","=""72066.98""","=""3d9.(2D).4s.4p.(1P*)""","=""2F*""","=""7/2""","=""3d9.4s.(3D).4d""","=""4D""","=""5/2""",,"=""""","=""L772""",
"=""625.337""","=""0.014""","=""625.338""","=""0.004""","=""1h""","=""""",,"=""56029.89""","=""72016.82""","=""3d9.(2D).4s.4p.(1P*)""","=""2F*""","=""7/2""","=""3d9.4s.(3D).4d""","=""2G""","=""7/2""",,"=""""","=""L772""",
"=""626.830""","=""0.014""","=""626.833""","=""0.006""","=""20h""","=""""",,"=""56029.89""","=""71978.69""","=""3d9.(2D).4s.4p.(1P*)""","=""2F*""","=""7/2""","=""3d9.4s.(3D).4d""","=""4G""","=""9/2""",,"=""""","=""L772""",
"=""632.545""","=""0.006""","=""632.537""","=""0.008""","=""5""","=""""",,"=""46598.35""","=""62403.332""","=""3d9.(2D).4s.4p.(3P*)""","=""2D*""","=""5/2""","=""3d9.4s.(3D).5s""","=""4D""","=""7/2""",,"=""""","=""L772""",
"=""635.809""","=""0.014""","=""635.821""","=""0.010""","=""0h""","=""""",,"=""56343.62""","=""72066.98""","=""3d9.(2D).4s.4p.(1P*)""","=""2P*""","=""3/2""","=""3d9.4s.(3D).4d""","=""4D""","=""5/2""",,"=""""","=""L772""",
"=""637.33""","=""0.05""","=""637.349""","=""0.016""","=""1""","=""""",,"=""57419.24""","=""73104.90""","=""3d10.7p""","=""2P*""","=""1/2""","=""3d9.4s.(3D).4d""","=""4D""","=""3/2""",,"=""""","=""L150""",
"=""641.518""","=""0.014""","=""641.520""","=""0.003""","=""0h""","=""""",,"=""56343.62""","=""71927.28""","=""3d9.(2D).4s.4p.(1P*)""","=""2P*""","=""3/2""","=""3d9.4s.(3D).4d""","=""4P""","=""3/2""",,"=""""","=""L772""",
"=""642.757""","=""0.014""","=""642.7570""","=""0.0021""","=""1h""","=""""",,"=""43137.229""","=""58690.91""","=""3d10.5s""","=""2S""","=""1/2""","=""3d9.(2D).4s.4p.(1P*)""","=""2D*""","=""3/2""",,"=""""","=""L772""",
"=""643.335""","=""0.024""","=""643.352""","=""0.017""","=""1""","=""""",,"=""56343.62""","=""71882.92""","=""3d9.(2D).4s.4p.(1P*)""","=""2P*""","=""3/2""","=""3d9.4s.(3D).4d""","=""4P""","=""1/2""",,"=""""","=""L150""",
"=""647.420""","=""0.006""","=""647.4190""","=""0.0021""","=""10""","=""""",,"=""56651.41""","=""72093.09""","=""3d9.(2D).4s.4p.(1P*)""","=""2D*""","=""5/2""","=""3d9.4s.(3D).4d""","=""4F""","=""7/2""",,"=""""","=""L772""",
"=""648.518""","=""0.006""","=""648.516""","=""0.003""","=""5""","=""""",,"=""56651.41""","=""72066.98""","=""3d9.(2D).4s.4p.(1P*)""","=""2D*""","=""5/2""","=""3d9.4s.(3D).4d""","=""4D""","=""5/2""",,"=""""","=""L772""",
"=""650.614""","=""0.006""","=""650.633""","=""0.017""","=""0""","=""""",,"=""56651.41""","=""72016.82""","=""3d9.(2D).4s.4p.(1P*)""","=""2D*""","=""5/2""","=""3d9.4s.(3D).4d""","=""2G""","=""7/2""",,"=""""","=""L772""",
"=""655.098""","=""0.006""","=""655.098""","=""0.003""","=""1""","=""""",,"=""56029.89""","=""71290.57""","=""3d9.(2D).4s.4p.(1P*)""","=""2F*""","=""7/2""","=""3d9.4s.(3D).4d""","=""4F""","=""9/2""",,"=""""","=""L772""",
"=""656.554""","=""0.014""","=""656.53""","=""0.03""","=""1h""","=""""",,"=""43137.229""","=""58364.66""","=""3d10.5s""","=""2S""","=""1/2""","=""3d9.(2D).4s.4p.(1P*)""","=""2P*""","=""1/2""",,"=""""","=""L772""",
"=""658.354""","=""0.014""","=""658.350""","=""0.005""","=""0h""","=""""",,"=""58119.37""","=""73304.66""","=""3d9.(2D).4s.4p.(1P*)""","=""2F*""","=""5/2""","=""3d9.4s.(3D).4d""","=""4F""","=""5/2""",,"=""""","=""L772""",
"=""659.968""","=""0.014""","=""659.958""","=""0.009""","=""0h""","=""""",,"=""56029.89""","=""71178.18""","=""3d9.(2D).4s.4p.(1P*)""","=""2F*""","=""7/2""","=""3d9.4s.(3D).4d""","=""4P""","=""5/2""",,"=""""","=""L772""",
"=""662.161""","=""0.014""","=""662.160""","=""0.004""","=""30h""","=""""",,"=""56029.89""","=""71127.82""","=""3d9.(2D).4s.4p.(1P*)""","=""2F*""","=""7/2""","=""3d9.4s.(3D).4d""","=""2F""","=""7/2""",,"=""""","=""L772""",
"=""662.967""","=""0.014""","=""662.973""","=""0.006""","=""5h""","=""""",,"=""58119.37""","=""73198.77""","=""3d9.(2D).4s.4p.(1P*)""","=""2F*""","=""5/2""","=""3d9.4s.(3D).4d""","=""4G""","=""5/2""",,"=""""","=""L772""",
"=""663.47""","=""0.03""","=""663.461""","=""0.010""","=""2h""","=""""",,"=""56029.89""","=""71098.20""","=""3d9.(2D).4s.4p.(1P*)""","=""2F*""","=""7/2""","=""3d9.4s.(3D).4d""","=""2D""","=""5/2""",,"=""""","=""L772""",
"=""667.223""","=""0.006""","=""667.222""","=""0.004""","=""10""","=""""",,"=""58119.37""","=""73102.74""","=""3d9.(2D).4s.4p.(1P*)""","=""2F*""","=""5/2""","=""3d9.4s.(3D).4d""","=""4G""","=""7/2""",,"=""""","=""L772""",
"=""674.142""","=""0.006""","=""674.140""","=""0.004""","=""100""","=""""",,"=""56029.89""","=""70859.50""","=""3d9.(2D).4s.4p.(1P*)""","=""2F*""","=""7/2""","=""3d9.4s.(3D).4d""","=""2G""","=""9/2""",,"=""""","=""L772""",
"=""674.929""","=""0.014""","=""674.97""","=""0.05""","=""2h""","=""""",,"=""43137.229""","=""57948.568""","=""3d10.5s""","=""2S""","=""1/2""","=""3d10.7p""","=""2P*""","=""3/2""",,"=""""","=""L772""",
"=""677.564""","=""0.014""","=""677.569""","=""0.006""","=""2h""","=""""",,"=""56343.62""","=""71098.20""","=""3d9.(2D).4s.4p.(1P*)""","=""2P*""","=""3/2""","=""3d9.4s.(3D).4d""","=""2D""","=""5/2""",,"=""""","=""L772""",
"=""682.186""","=""0.014""","=""682.196""","=""0.010""","=""2h""","=""""",,"=""56343.62""","=""70998.12""","=""3d9.(2D).4s.4p.(1P*)""","=""2P*""","=""3/2""","=""3d9.4s.(3D).4d""","=""4S""","=""3/2""",,"=""""","=""L772""",
"=""683.546""","=""0.014""","=""683.545""","=""0.003""","=""1h""","=""""",,"=""58690.91""","=""73316.49""","=""3d9.(2D).4s.4p.(1P*)""","=""2D*""","=""3/2""","=""3d9.4s.(3D).4d""","=""4F""","=""3/2""",,"=""""","=""L772""",
"=""684.099""","=""0.014""","=""684.098""","=""0.004""","=""3h""","=""""",,"=""58690.91""","=""73304.66""","=""3d9.(2D).4s.4p.(1P*)""","=""2D*""","=""3/2""","=""3d9.4s.(3D).4d""","=""4F""","=""5/2""",,"=""""","=""L772""",
"=""688.194""","=""0.006""","=""688.1944""","=""0.0019""","=""10""","=""""",,"=""56651.41""","=""71178.18""","=""3d9.(2D).4s.4p.(1P*)""","=""2D*""","=""5/2""","=""3d9.4s.(3D).4d""","=""4P""","=""5/2""",,"=""""","=""L772""",
"=""688.992""","=""0.014""","=""688.986""","=""0.012""","=""10h""","=""""",,"=""56343.62""","=""70853.71""","=""3d9.(2D).4s.4p.(1P*)""","=""2P*""","=""3/2""","=""3d9.4s.(3D).4d""","=""2S""","=""1/2""",,"=""""","=""L772""",
"=""689.090""","=""0.014""","=""689.083""","=""0.007""","=""10*""","=""""",,"=""57419.24""","=""71927.28""","=""3d10.7p""","=""2P*""","=""1/2""","=""3d9.4s.(3D).4d""","=""4P""","=""3/2""",,"=""""","=""L772""",
"=""689.090""","=""0.014""","=""689.091""","=""0.004""","=""10*""","=""""",,"=""58690.91""","=""73198.77""","=""3d9.(2D).4s.4p.(1P*)""","=""2D*""","=""3/2""","=""3d9.4s.(3D).4d""","=""4G""","=""5/2""",,"=""""","=""L772""",
"=""690.594""","=""0.006""","=""690.588""","=""0.006""","=""100""","=""""",,"=""56651.41""","=""71127.82""","=""3d9.(2D).4s.4p.(1P*)""","=""2D*""","=""5/2""","=""3d9.4s.(3D).4d""","=""2F""","=""7/2""",,"=""""","=""L772""",
"=""692.006""","=""0.014""","=""692.0044""","=""0.0024""","=""50h""","=""""",,"=""56651.41""","=""71098.20""","=""3d9.(2D).4s.4p.(1P*)""","=""2D*""","=""5/2""","=""3d9.4s.(3D).4d""","=""2D""","=""5/2""",,"=""""","=""L772""",
"=""693.582""","=""0.014""","=""693.579""","=""0.005""","=""5h""","=""""",,"=""58690.91""","=""73104.90""","=""3d9.(2D).4s.4p.(1P*)""","=""2D*""","=""3/2""","=""3d9.4s.(3D).4d""","=""4D""","=""3/2""",,"=""""","=""L772""",
"=""696.834""","=""0.006""","=""696.832""","=""0.003""","=""5""","=""""",,"=""56651.41""","=""70998.12""","=""3d9.(2D).4s.4p.(1P*)""","=""2D*""","=""5/2""","=""3d9.4s.(3D).4d""","=""4S""","=""3/2""",,"=""""","=""L772""",
"=""700.005""","=""0.014""","=""699.988""","=""0.015""","=""2h""","=""""",,"=""43137.229""","=""57419.24""","=""3d10.5s""","=""2S""","=""1/2""","=""3d10.7p""","=""2P*""","=""1/2""",,"=""""","=""L772""",
"=""703.937""","=""0.014""","=""703.934""","=""0.004""","=""25*""","=""""",,"=""56651.41""","=""70853.37""","=""3d9.(2D).4s.4p.(1P*)""","=""2D*""","=""5/2""","=""3d9.4s.(3D).4d""","=""2P""","=""3/2""",,"=""""","=""L772""",
"=""703.937""","=""0.014""","=""703.947""","=""0.010""","=""25*""","=""""",,"=""49382.945""","=""63584.65""","=""3d10.5p""","=""2P*""","=""3/2""","=""3d9.4s.(3D).5s""","=""4D""","=""3/2""",,"=""""","=""L772""",
"=""703.937""","=""0.014""","=""703.963""","=""0.025""","=""25*""","=""""",,"=""49383.264""","=""63584.65""","=""3d10.5p""","=""2P*""","=""1/2""","=""3d9.4s.(3D).5s""","=""4D""","=""3/2""",,"=""""","=""L772""",
"=""712.466""","=""0.014""","=""712.470""","=""0.006""","=""5h""","=""""",,"=""58119.37""","=""72151.19""","=""3d9.(2D).4s.4p.(1P*)""","=""2F*""","=""5/2""","=""3d9.4s.(3D).4d""","=""2F""","=""5/2""",,"=""""","=""L772""",
"=""715.429""","=""0.006""","=""715.432""","=""0.005""","=""5""","=""""",,"=""58119.37""","=""72093.09""","=""3d9.(2D).4s.4p.(1P*)""","=""2F*""","=""5/2""","=""3d9.4s.(3D).4d""","=""4F""","=""7/2""",,"=""""","=""L772""",
"=""719.356""","=""0.014""","=""719.358""","=""0.005""","=""50h""","=""""",,"=""58119.37""","=""72016.82""","=""3d9.(2D).4s.4p.(1P*)""","=""2F*""","=""5/2""","=""3d9.4s.(3D).4d""","=""2G""","=""7/2""",,"=""""","=""L772""",
"=""742.72""","=""0.03""","=""742.722""","=""0.004""","=""5h""","=""""",,"=""58690.91""","=""72151.19""","=""3d9.(2D).4s.4p.(1P*)""","=""2D*""","=""3/2""","=""3d9.4s.(3D).4d""","=""2F""","=""5/2""",,"=""""","=""L772""",
"=""745.25""","=""0.03""","=""745.28""","=""0.03""","=""2h""","=""""",,"=""58690.91""","=""72104.99""","=""3d9.(2D).4s.4p.(1P*)""","=""2D*""","=""3/2""","=""3d9.4s.(3D).4d""","=""2D""","=""3/2""",,"=""""","=""L772""",
"=""757.009""","=""0.014""","=""757.001""","=""0.009""","=""200h""","=""""",,"=""43137.229""","=""56343.62""","=""3d10.5s""","=""2S""","=""1/2""","=""3d9.(2D).4s.4p.(1P*)""","=""2P*""","=""3/2""",,"=""""","=""L772""",
"=""793.3130""","=""0.0009""","=""793.3126""","=""0.0008""","=""1500""","=""""",,"=""30535.324""","=""43137.229""","=""3d10.4p""","=""2P*""","=""1/2""","=""3d10.5s""","=""2S""","=""1/2""",,"=""""","=""L772""",
"=""800.621""","=""0.024""","=""800.60""","=""0.03""","=""4""","=""""",,"=""58690.91""","=""71178.18""","=""3d9.(2D).4s.4p.(1P*)""","=""2D*""","=""3/2""","=""3d9.4s.(3D).4d""","=""4P""","=""5/2""",,"=""""","=""L150""",
"=""809.2634""","=""0.0009""","=""809.2626""","=""0.0010""","=""2000""","=""""",,"=""30783.697""","=""43137.229""","=""3d10.4p""","=""2P*""","=""3/2""","=""3d10.5s""","=""2S""","=""1/2""",,"=""""","=""L772""",
"=""840.815""","=""0.024""","=""840.77""","=""0.04""","=""20w""","=""""",,"=""43137.229""","=""55027.762""","=""3d10.5s""","=""2S""","=""1/2""","=""3d10.6p""","=""2P*""","=""1/2""",,"=""""","=""L150,L772""",
"=""858.40""","=""0.05""","=""858.37""","=""0.03""","=""10w""","=""""",,"=""43137.229""","=""54784.065""","=""3d10.5s""","=""2S""","=""1/2""","=""3d10.6p""","=""2P*""","=""3/2""",,"=""""","=""L150,L772""",
"=""883.13""","=""0.03""","=""883.102""","=""0.023""","=""1""","=""""",,"=""56651.41""","=""67972.02""","=""3d9.(2D).4s.4p.(1P*)""","=""2D*""","=""5/2""","=""3d9.4s.(1D).5s""","=""2D""","=""3/2""",,"=""""","=""L772""",
"=""899.62""","=""0.03""","=""899.617""","=""0.011""","=""20h""","=""""",,"=""56029.89""","=""67142.68""","=""3d9.(2D).4s.4p.(1P*)""","=""2F*""","=""7/2""","=""3d9.4s.(1D).5s""","=""2D""","=""5/2""",,"=""""","=""L772""",
"=""921.375""","=""0.006""","=""921.369""","=""0.006""","=""0""","=""""",,"=""45820.94""","=""56671.377""","=""3d9.(2D).4s.4p.(3P*)""","=""2P*""","=""1/2""","=""3d10.7s""","=""2S""","=""1/2""",,"=""""","=""L772""",
"=""925.68""","=""0.05""","=""925.75""","=""0.07""","=""1H""","=""""",,"=""56343.62""","=""67142.68""","=""3d9.(2D).4s.4p.(1P*)""","=""2P*""","=""3/2""","=""3d9.4s.(1D).5s""","=""2D""","=""5/2""",,"=""""","=""L150""",
"=""926.354""","=""0.006""","=""926.353""","=""0.003""","=""3""","=""""",,"=""45879.32""","=""56671.377""","=""3d9.(2D).4s.4p.(3P*)""","=""2P*""","=""3/2""","=""3d10.7s""","=""2S""","=""1/2""",,"=""""","=""L772""",
"=""947.24""","=""0.05""","=""947.36""","=""0.12""","=""2H""","=""""",,"=""57419.24""","=""67972.02""","=""3d10.7p""","=""2P*""","=""1/2""","=""3d9.4s.(1D).5s""","=""2D""","=""3/2""",,"=""""","=""L150""",
"=""953.03""","=""0.05""","=""952.91""","=""0.12""","=""10H""","=""""",,"=""56651.41""","=""67142.68""","=""3d9.(2D).4s.4p.(1P*)""","=""2D*""","=""5/2""","=""3d9.4s.(1D).5s""","=""2D""","=""5/2""",,"=""""","=""L150""",
