obs_wl_air(nm),unc_obs_wl,ritz_wl_air(nm),unc_ritz_wl,intens,Aki(s^-1),Acc,Ei(cm-1),Ek(cm-1),conf_i,term_i,J_i,conf_k,term_k,J_k,Type,tp_ref,line_ref,
"=""203.60291""","=""0.00017""","=""203.60277""","=""0.00005""","=""00""","=""""",,"=""0.000""","=""49099.463""","=""3d2.4s2""","=""a 3F""","=""2""","=""3d2.4s.(2F).5p""","=""3D*""","=""2""",,"=""""","=""L10989""",
"=""203.68215""","=""0.00017""","=""203.68216""","=""0.00007""","=""4""","=""""",,"=""0.000""","=""49080.327""","=""3d2.4s2""","=""a 3F""","=""2""","=""3d2.4s.(2F).5p""","=""3D*""","=""1""",,"=""""","=""L10989""",
"=""204.09868""","=""0.00017""","=""204.09861""","=""0.00005""","=""00""","=""""",,"=""170.1328""","=""49150.329""","=""3d2.4s2""","=""a 3F""","=""3""","=""3d2.4s.(2F).5p""","=""3D*""","=""3""",,"=""""","=""L10989""",
"=""204.31073""","=""0.00017""","=""204.31082""","=""0.00005""","=""5""","=""""",,"=""170.1328""","=""49099.463""","=""3d2.4s2""","=""a 3F""","=""3""","=""3d2.4s.(2F).5p""","=""3D*""","=""2""",,"=""""","=""L10989""",
"=""205.00592""","=""0.00017""","=""205.00590""","=""0.00005""","=""5""","=""""",,"=""386.874""","=""49150.329""","=""3d2.4s2""","=""a 3F""","=""4""","=""3d2.4s.(2F).5p""","=""3D*""","=""3""",,"=""""","=""L10989""",
"=""205.67711""","=""0.00017""","=""205.67746""","=""0.00013""","=""0""","=""""",,"=""170.1328""","=""48774.39""","=""3d2.4s2""","=""a 3F""","=""3""","=""3d2.4s.(2F).5p""","=""3F*""","=""4""",,"=""""","=""L10989""",
"=""205.93997""","=""0.00017""","=""205.93997""","=""0.00008""","=""4""","=""""",,"=""0.000""","=""48542.31""","=""3d2.4s2""","=""a 3F""","=""2""","=""3d2.4s.(2F).5p""","=""3G*""","=""3""",,"=""""","=""L10989""",
"=""206.05923""","=""0.00017""","=""206.05928""","=""0.00003""","=""5""","=""""",,"=""170.1328""","=""48684.340""","=""3d2.4s2""","=""a 3F""","=""3""","=""3d2.4s.(2F).5p""","=""3G*""","=""4""",,"=""""","=""L10989""",
"=""206.17054""","=""0.00017""","=""206.17073""","=""0.00013""","=""6""","=""""",,"=""386.874""","=""48874.86""","=""3d2.4s2""","=""a 3F""","=""4""","=""3d2.4s.(2F).5p""","=""3G*""","=""5""",,"=""""","=""L10989""",
"=""206.28734""","=""0.00017""","=""206.28730""","=""0.00013""","=""4""","=""""",,"=""0.000""","=""48460.59""","=""3d2.4s2""","=""a 3F""","=""2""","=""3d2.4s.(2F).5p""","=""3F*""","=""2""",,"=""""","=""L10989""",
"=""206.29143""","=""0.00017""","=""206.29178""","=""0.00017""","=""4""","=""""",,"=""170.1328""","=""48629.67""","=""3d2.4s2""","=""a 3F""","=""3""","=""3d2.4s.(2F).5p""","=""3F*""","=""3""",,"=""""","=""L10989""",
"=""206.59877""","=""0.00017""","=""206.59887""","=""0.00013""","=""7""","=""""",,"=""386.874""","=""48774.39""","=""3d2.4s2""","=""a 3F""","=""4""","=""3d2.4s.(2F).5p""","=""3F*""","=""4""",,"=""""","=""L10989""",
"=""206.66438""","=""0.00017""","=""206.66439""","=""0.00009""","=""4""","=""""",,"=""170.1328""","=""48542.31""","=""3d2.4s2""","=""a 3F""","=""3""","=""3d2.4s.(2F).5p""","=""3G*""","=""3""",,"=""""","=""L10989""",
"=""206.98398""","=""0.00017""","=""206.98412""","=""0.00003""","=""1""","=""""",,"=""386.874""","=""48684.340""","=""3d2.4s2""","=""a 3F""","=""4""","=""3d2.4s.(2F).5p""","=""3G*""","=""4""",,"=""""","=""L10989""",
"=""207.21857""","=""0.00017""","=""207.218652""","=""0.000011""","=""2*""","=""""",,"=""170.1328""","=""48412.9432""","=""3d2.4s2""","=""a 3F""","=""3""","=""3d2.4s.(4F<9/2>).4f""","=""2[7/2]*""","=""4""",,"=""""","=""L10989""",
"=""207.21857""","=""0.00017""","=""207.218734""","=""0.000007""","=""2*""","=""""",,"=""0.000""","=""48242.7911""","=""3d2.4s2""","=""a 3F""","=""2""","=""3d2.4s.(4F<7/2>).4f""","=""2[3/2]*""","=""2""",,"=""""","=""L10989""",
"=""211.38076""","=""0.00018""","=""211.38084""","=""0.00004""","=""00""","=""""",,"=""170.1328""","=""47463.135""","=""3d2.4s2""","=""a 3F""","=""3""","=""3d3.(2F).4p""","=""p 3F*""","=""4""",,"=""""","=""L10989""",
"=""211.85342""","=""0.00018""","=""211.85348""","=""0.00004""","=""5""","=""""",,"=""0.000""","=""47187.507""","=""3d2.4s2""","=""a 3F""","=""2""","=""3d3.(2F).4p""","=""p 3F*""","=""2""",,"=""""","=""L10989""",
"=""212.19432""","=""0.00018""","=""212.19416""","=""0.00004""","=""6""","=""""",,"=""170.1328""","=""47281.887""","=""3d2.4s2""","=""a 3F""","=""3""","=""3d3.(2F).4p""","=""p 3F*""","=""3""",,"=""""","=""L10989""",
"=""212.35489""","=""0.00018""","=""212.35417""","=""0.00004""","=""10""","=""""",,"=""386.874""","=""47463.135""","=""3d2.4s2""","=""a 3F""","=""4""","=""3d3.(2F).4p""","=""p 3F*""","=""4""",,"=""""","=""L10989""",
"=""213.94896""","=""0.00018""","=""213.94893""","=""0.00005""","=""8""","=""""",,"=""0.000""","=""46725.398""","=""3d2.4s2""","=""a 3F""","=""2""","=""3d3.(2F).4p""","=""3G*""","=""3""",,"=""""","=""L10989""",
"=""214.21292""","=""0.00018""","=""214.21278""","=""0.00003""","=""9""","=""""",,"=""170.1328""","=""46837.984""","=""3d2.4s2""","=""a 3F""","=""3""","=""3d3.(2F).4p""","=""3G*""","=""4""",,"=""""","=""L10989""",
"=""214.36167""","=""0.00018""","=""214.36157""","=""0.00003""","=""10""","=""""",,"=""386.874""","=""47022.337""","=""3d2.4s2""","=""a 3F""","=""4""","=""3d3.(2F).4p""","=""3G*""","=""5""",,"=""""","=""L10989""",
"=""214.7304""","=""0.0005""","=""214.73088""","=""0.00006""","=""00""","=""""",,"=""170.1328""","=""46725.398""","=""3d2.4s2""","=""a 3F""","=""3""","=""3d3.(2F).4p""","=""3G*""","=""3""",,"=""""","=""L16762""",
"=""215.21236""","=""0.00019""","=""215.21241""","=""0.00003""","=""0""","=""""",,"=""386.874""","=""46837.984""","=""3d2.4s2""","=""a 3F""","=""4""","=""3d3.(2F).4p""","=""3G*""","=""4""",,"=""""","=""L10989""",
"=""221.13810""","=""0.00020""","=""221.13821""","=""0.00007""","=""0""","=""""",,"=""0.000""","=""45206.499""","=""3d2.4s2""","=""a 3F""","=""2""","=""3d3.(4F).5p""","=""n 3D*""","=""3""",,"=""""","=""L10989""",
"=""221.83760""","=""0.00020""","=""221.83784""","=""0.00009""","=""5bl""","=""""",,"=""0.000""","=""45063.941""","=""3d2.4s2""","=""a 3F""","=""2""","=""3d3.(4F).5p""","=""n 3D*""","=""2""",,"=""""","=""L10989""",
"=""221.97356""","=""0.00020""","=""221.97368""","=""0.00007""","=""5""","=""""",,"=""170.1328""","=""45206.499""","=""3d2.4s2""","=""a 3F""","=""3""","=""3d3.(4F).5p""","=""n 3D*""","=""3""",,"=""""","=""L10989""",
"=""222.14474""","=""0.00020""","=""222.14478""","=""0.00003""","=""9""","=""""",,"=""0.000""","=""45001.681""","=""3d2.4s2""","=""a 3F""","=""2""","=""3d3.(4F).5p""","=""3G*""","=""3""",,"=""""","=""L10989""",
"=""222.31845""","=""0.00020""","=""222.31847""","=""0.00010""","=""8""","=""""",,"=""0.000""","=""44966.527""","=""3d2.4s2""","=""a 3F""","=""2""","=""3d3.(4F).5p""","=""n 3D*""","=""1""",,"=""""","=""L10989""",
"=""222.51111""","=""0.00020""","=""222.51122""","=""0.00004""","=""10""","=""""",,"=""170.1328""","=""45097.711""","=""3d2.4s2""","=""a 3F""","=""3""","=""3d3.(4F).5p""","=""3G*""","=""4""",,"=""""","=""L10989""",
"=""222.67851""","=""0.00020""","=""222.67862""","=""0.00009""","=""8""","=""""",,"=""170.1328""","=""45063.941""","=""3d2.4s2""","=""a 3F""","=""3""","=""3d3.(4F).5p""","=""n 3D*""","=""2""",,"=""""","=""L10989""",
"=""222.97246""","=""0.00020""","=""222.972504""","=""0.000015""","=""8""","=""""",,"=""0.000""","=""44834.642""","=""3d2.4s2""","=""a 3F""","=""2""","=""3d3.(4F).5p""","=""3F*""","=""2""",,"=""""","=""L10989""",
"=""222.98793""","=""0.00020""","=""222.98789""","=""0.00003""","=""0""","=""""",,"=""170.1328""","=""45001.681""","=""3d2.4s2""","=""a 3F""","=""3""","=""3d3.(4F).5p""","=""3G*""","=""3""",,"=""""","=""L10989""",
"=""223.02191""","=""0.00020""","=""223.02182""","=""0.00003""","=""10""","=""""",,"=""386.874""","=""45211.603""","=""3d2.4s2""","=""a 3F""","=""4""","=""3d3.(4F).5p""","=""3G*""","=""5""",,"=""""","=""L10989""",
"=""223.04709""","=""0.00020""","=""223.04722""","=""0.00007""","=""10""","=""""",,"=""386.874""","=""45206.499""","=""3d2.4s2""","=""a 3F""","=""4""","=""3d3.(4F).5p""","=""n 3D*""","=""3""",,"=""""","=""L10989""",
"=""223.38016""","=""0.00020""","=""223.38008""","=""0.00003""","=""9""","=""""",,"=""170.1328""","=""44922.979""","=""3d2.4s2""","=""a 3F""","=""3""","=""3d3.(4F).5p""","=""3F*""","=""3""",,"=""""","=""L10989""",
"=""223.8221""","=""0.0002""","=""223.821917""","=""0.000020""","=""6""","=""""",,"=""170.1328""","=""44834.642""","=""3d2.4s2""","=""a 3F""","=""3""","=""3d3.(4F).5p""","=""3F*""","=""2""",,"=""""","=""L10989""",
"=""223.8743""","=""0.0002""","=""223.87419""","=""0.00003""","=""10""","=""""",,"=""386.874""","=""45040.955""","=""3d2.4s2""","=""a 3F""","=""4""","=""3d3.(4F).5p""","=""3F*""","=""4""",,"=""""","=""L10989""",
"=""224.4675""","=""0.0002""","=""224.46729""","=""0.00004""","=""7""","=""""",,"=""386.874""","=""44922.979""","=""3d2.4s2""","=""a 3F""","=""4""","=""3d3.(4F).5p""","=""3F*""","=""3""",,"=""""","=""L10989""",
"=""226.1780""","=""0.0002""","=""226.17806""","=""0.00005""","=""1""","=""""",,"=""170.1328""","=""44369.406""","=""3d2.4s2""","=""a 3F""","=""3""","=""3d3.(4F).5p""","=""5F*""","=""4""",,"=""""","=""L10989""",
"=""226.4016""","=""0.0002""","=""226.40181""","=""0.00003""","=""12""","=""2.3e+07""",D,"=""0.000""","=""44155.596""","=""3d2.4s2""","=""a 3F""","=""2""","=""3d2.4s.(4F).5p""","=""3G*""","=""3""",,"=""T3499n""","=""L10989""",
"=""226.6148""","=""0.0002""","=""226.61481""","=""0.00004""","=""0""","=""""",,"=""170.1328""","=""44284.231""","=""3d2.4s2""","=""a 3F""","=""3""","=""3d3.(4F).5p""","=""5F*""","=""3""",,"=""""","=""L10989""",
"=""226.7367""","=""0.0002""","=""226.73671""","=""0.00004""","=""6""","=""""",,"=""386.874""","=""44477.256""","=""3d2.4s2""","=""a 3F""","=""4""","=""3d3.(4F).5p""","=""5F*""","=""5""",,"=""""","=""L10989""",
"=""226.7545""","=""0.0002""","=""226.754289""","=""0.000021""","=""13""","=""""",,"=""170.1328""","=""44257.098""","=""3d2.4s2""","=""a 3F""","=""3""","=""3d2.4s.(4F).5p""","=""3G*""","=""4""",,"=""""","=""L10989""",
"=""226.7914""","=""0.0002""","=""226.79135""","=""0.00003""","=""10""","=""""",,"=""0.000""","=""44079.761""","=""3d2.4s2""","=""a 3F""","=""2""","=""3d2.4s.(4F).5p""","=""o 3D*""","=""2""",,"=""""","=""L10989""",
"=""226.8751""","=""0.0002""","=""226.87512""","=""0.00003""","=""9""","=""""",,"=""170.1328""","=""44233.620""","=""3d2.4s2""","=""a 3F""","=""3""","=""3d2.4s.(4F).5p""","=""o 3D*""","=""3""",,"=""""","=""L10989""",
"=""227.2612""","=""0.0002""","=""227.26126""","=""0.00003""","=""13""","=""""",,"=""386.874""","=""44375.500""","=""3d2.4s2""","=""a 3F""","=""4""","=""3d2.4s.(4F).5p""","=""3G*""","=""5""",,"=""""","=""L10989""",
"=""227.2773""","=""0.0002""","=""227.27760""","=""0.00003""","=""5""","=""""",,"=""170.1328""","=""44155.596""","=""3d2.4s2""","=""a 3F""","=""3""","=""3d2.4s.(4F).5p""","=""3G*""","=""3""",,"=""""","=""L10989""",
"=""227.2927""","=""0.0002""","=""227.29275""","=""0.00005""","=""1""","=""""",,"=""386.874""","=""44369.406""","=""3d2.4s2""","=""a 3F""","=""4""","=""3d3.(4F).5p""","=""5F*""","=""4""",,"=""""","=""L10989""",
"=""227.3279""","=""0.0002""","=""227.32799""","=""0.00004""","=""14""","=""""",,"=""0.000""","=""43975.715""","=""3d2.4s2""","=""a 3F""","=""2""","=""3d2.4s.(4F).5p""","=""o 3D*""","=""1""",,"=""""","=""L10989""",
"=""227.6702""","=""0.0002""","=""227.67016""","=""0.00003""","=""14""","=""1.3e+08""",C,"=""170.1328""","=""44079.761""","=""3d2.4s2""","=""a 3F""","=""3""","=""3d2.4s.(4F).5p""","=""o 3D*""","=""2""",,"=""T3499n""","=""L10989""",
"=""227.8747""","=""0.0002""","=""227.874673""","=""0.000021""","=""6""","=""""",,"=""386.874""","=""44257.098""","=""3d2.4s2""","=""a 3F""","=""4""","=""3d2.4s.(4F).5p""","=""3G*""","=""4""",,"=""""","=""L10989""",
"=""227.9967""","=""0.0002""","=""227.99670""","=""0.00003""","=""15""","=""9.4e+07""",C,"=""386.874""","=""44233.620""","=""3d2.4s2""","=""a 3F""","=""4""","=""3d2.4s.(4F).5p""","=""o 3D*""","=""3""",,"=""T3499n""","=""L10989""",
"=""229.3747""","=""0.0002""","=""229.374698""","=""0.000021""","=""8""","=""""",,"=""0.000""","=""43583.355""","=""3d2.4s2""","=""a 3F""","=""2""","=""3d2.4s.(4F).5p""","=""r 3F*""","=""3""",,"=""""","=""L10989""",
"=""229.4205""","=""0.0002""","=""229.42047""","=""0.00003""","=""8""","=""""",,"=""170.1328""","=""43744.793""","=""3d2.4s2""","=""a 3F""","=""3""","=""3d2.4s.(4F).5p""","=""r 3F*""","=""4""",,"=""""","=""L10989""",
"=""229.9858""","=""0.0002""","=""229.98591""","=""0.00003""","=""14""","=""6.9e+07""",C,"=""0.000""","=""43467.537""","=""3d2.4s2""","=""a 3F""","=""2""","=""3d2.4s.(4F).5p""","=""r 3F*""","=""2""",,"=""T3499n""","=""L10989""",
"=""230.2736""","=""0.0002""","=""230.273678""","=""0.000021""","=""14""","=""5.7e+07""",C,"=""170.1328""","=""43583.355""","=""3d2.4s2""","=""a 3F""","=""3""","=""3d2.4s.(4F).5p""","=""r 3F*""","=""3""",,"=""T3499n""","=""L10989""",
"=""230.5674""","=""0.0002""","=""230.56742""","=""0.00003""","=""15""","=""5.2e+07""",C,"=""386.874""","=""43744.793""","=""3d2.4s2""","=""a 3F""","=""4""","=""3d2.4s.(4F).5p""","=""r 3F*""","=""4""",,"=""T3499n""","=""L10989""",
"=""230.8898""","=""0.0002""","=""230.88970""","=""0.00003""","=""7""","=""""",,"=""170.1328""","=""43467.537""","=""3d2.4s2""","=""a 3F""","=""3""","=""3d2.4s.(4F).5p""","=""r 3F*""","=""2""",,"=""""","=""L10989""",
"=""231.4292""","=""0.0002""","=""231.429193""","=""0.000022""","=""6""","=""""",,"=""386.874""","=""43583.355""","=""3d2.4s2""","=""a 3F""","=""4""","=""3d2.4s.(4F).5p""","=""r 3F*""","=""3""",,"=""""","=""L10989""",
"=""232.8798""","=""0.0005""","=""232.88032""","=""0.00004""","=""00""","=""""",,"=""0.000""","=""42927.337""","=""3d2.4s2""","=""a 3F""","=""2""","=""3d3.(2P).4p""","=""1D*""","=""2""",,"=""""","=""L16762""",
"=""236.5034""","=""0.0002""","=""236.50366""","=""0.00004""","=""0""","=""""",,"=""0.000""","=""42269.727""","=""3d2.4s2""","=""a 3F""","=""2""","=""3d2.4s.(4F).5p""","=""5D*""","=""2""",,"=""""","=""L10989""",
"=""236.8567""","=""0.0002""","=""236.85655""","=""0.00003""","=""""","=""""",,"=""0.000""","=""42206.755""","=""3d2.4s2""","=""a 3F""","=""2""","=""3d.4s2.4p""","=""q 3D*""","=""2""",,"=""""","=""L10989""",
"=""236.8581""","=""0.0002""","=""236.85875""","=""0.00003""","=""""","=""""",,"=""170.1328""","=""42376.495""","=""3d2.4s2""","=""a 3F""","=""3""","=""3d2.4s.(4F).5p""","=""5D*""","=""3""",,"=""""","=""L10989""",
"=""236.9282""","=""0.0002""","=""236.928438""","=""0.000023""","=""4""","=""""",,"=""0.000""","=""42193.949""","=""3d2.4s2""","=""a 3F""","=""2""","=""3d2.4s.(4F).5p""","=""5D*""","=""1""",,"=""""","=""L10989""",
"=""237.1959""","=""0.0002""","=""237.19605""","=""0.00003""","=""7""","=""""",,"=""0.000""","=""42146.348""","=""3d2.4s2""","=""a 3F""","=""2""","=""3d.4s2.4p""","=""q 3D*""","=""1""",,"=""""","=""L10989""",
"=""237.2256""","=""0.0002""","=""237.22542""","=""0.00003""","=""4""","=""""",,"=""170.1328""","=""42311.264""","=""3d2.4s2""","=""a 3F""","=""3""","=""3d.4s2.4p""","=""q 3D*""","=""3""",,"=""""","=""L10989""",
"=""237.3522""","=""0.0002""","=""237.35319""","=""0.00005""","=""4""","=""""",,"=""386.874""","=""42505.322""","=""3d2.4s2""","=""a 3F""","=""4""","=""3d2.4s.(4F).5p""","=""5D*""","=""4""",,"=""""","=""L10989""",
"=""237.4592""","=""0.0002""","=""237.45949""","=""0.00004""","=""6""","=""""",,"=""170.1328""","=""42269.727""","=""3d2.4s2""","=""a 3F""","=""3""","=""3d2.4s.(4F).5p""","=""5D*""","=""2""",,"=""""","=""L10989""",
"=""237.8150""","=""0.0002""","=""237.81524""","=""0.00003""","=""8""","=""""",,"=""170.1328""","=""42206.755""","=""3d2.4s2""","=""a 3F""","=""3""","=""3d.4s2.4p""","=""q 3D*""","=""2""",,"=""""","=""L10989""",
"=""238.0814""","=""0.0002""","=""238.08146""","=""0.00003""","=""7""","=""""",,"=""386.874""","=""42376.495""","=""3d2.4s2""","=""a 3F""","=""4""","=""3d2.4s.(4F).5p""","=""5D*""","=""3""",,"=""""","=""L10989""",
"=""238.4517""","=""0.0002""","=""238.45193""","=""0.00003""","=""10""","=""9.0e+06""",C,"=""386.874""","=""42311.264""","=""3d2.4s2""","=""a 3F""","=""4""","=""3d.4s2.4p""","=""q 3D*""","=""3""",,"=""T3499n""","=""L10989""",
"=""239.0725""","=""0.0002""","=""239.07253""","=""0.00006""","=""0""","=""""",,"=""170.1328""","=""41985.701""","=""3d2.4s2""","=""a 3F""","=""3""","=""3d2.4s.(4F).5p""","=""5F*""","=""3""",,"=""""","=""L10989""",
"=""239.4665""","=""0.0005""","=""239.466953""","=""0.000014""","=""00""","=""""",,"=""6661.006""","=""48407.7054""","=""3d3.(4F).4s""","=""a 5F""","=""3""","=""3d2.4s.(4F<9/2>).4f""","=""2[7/2]*""","=""3""",,"=""""","=""L16762""",
"=""239.7046""","=""0.0002""","=""239.70433""","=""0.00003""","=""1""","=""""",,"=""386.874""","=""42092.236""","=""3d2.4s2""","=""a 3F""","=""4""","=""3d2.4s.(4F).5p""","=""5F*""","=""4""",,"=""""","=""L10989""",
"=""239.9371""","=""0.0005""","=""239.936843""","=""0.000014""","=""00""","=""""",,"=""6742.756""","=""48407.7054""","=""3d3.(4F).4s""","=""a 5F""","=""4""","=""3d2.4s.(4F<9/2>).4f""","=""2[7/2]*""","=""3""",,"=""""","=""L16762""",
"=""239.95540""","=""0.00006""","=""239.955380""","=""0.000013""","=""6""","=""""",,"=""6742.756""","=""48404.4870""","=""3d3.(4F).4s""","=""a 5F""","=""4""","=""3d2.4s.(4F<9/2>).4f""","=""2[9/2]*""","=""4""",,"=""""","=""L12119""",
"=""240.3987""","=""0.0005""","=""240.39870""","=""0.00004""","=""00""","=""""",,"=""0.000""","=""41584.908""","=""3d2.4s2""","=""a 3F""","=""2""","=""3d3.(2G).4p""","=""v 1F*""","=""3""",,"=""""","=""L16762""",
"=""240.43831""","=""0.00006""","=""240.438309""","=""0.000014""","=""10""","=""""",,"=""6661.006""","=""48239.0643""","=""3d3.(4F).4s""","=""a 5F""","=""3""","=""3d2.4s.(4F<7/2>).4f""","=""2[7/2]*""","=""3""",,"=""""","=""L12119""",
"=""240.4543""","=""0.0002""","=""240.454349""","=""0.000018""","=""1""","=""""",,"=""6661.006""","=""48236.2911""","=""3d3.(4F).4s""","=""a 5F""","=""3""","=""3d2.4s.(4F<7/2>).4f""","=""2[9/2]*""","=""4""",,"=""""","=""L10989""",
"=""240.48327""","=""0.00006""","=""240.483296""","=""0.000013""","=""6""","=""""",,"=""6661.006""","=""48231.2870""","=""3d3.(4F).4s""","=""a 5F""","=""3""","=""3d2.4s.(4F<7/2>).4f""","=""2[7/2]*""","=""4""",,"=""""","=""L12119""",
"=""240.48508""","=""0.00006""","=""240.485031""","=""0.000018""","=""6""","=""""",,"=""6842.962""","=""48412.9432""","=""3d3.(4F).4s""","=""a 5F""","=""5""","=""3d2.4s.(4F<9/2>).4f""","=""2[7/2]*""","=""4""",,"=""""","=""L12119""",
"=""240.53443""","=""0.00002""","=""240.534447""","=""0.000018""","=""15""","=""""",,"=""6842.962""","=""48404.4036""","=""3d3.(4F).4s""","=""a 5F""","=""5""","=""3d2.4s.(4F<9/2>).4f""","=""2[11/2]*""","=""5""",,"=""""","=""L12119""",
"=""240.55396""","=""0.00006""","=""240.553974""","=""0.000023""","=""5""","=""""",,"=""6556.833""","=""48114.901""","=""3d3.(4F).4s""","=""a 5F""","=""1""","=""3d2.4s.(4F<5/2>).4f""","=""2[1/2]*""","=""1""",,"=""""","=""L12119""",
"=""240.65424""","=""0.00006""","=""240.654227""","=""0.000018""","=""5""","=""""",,"=""6556.833""","=""48097.5899""","=""3d3.(4F).4s""","=""a 5F""","=""1""","=""3d2.4s.(4F<5/2>).4f""","=""2[5/2]*""","=""2""",,"=""""","=""L12119""",
"=""240.88399""","=""0.00006""","=""240.884004""","=""0.000018""","=""6""","=""""",,"=""6598.765""","=""48099.8996""","=""3d3.(4F).4s""","=""a 5F""","=""2""","=""3d2.4s.(4F<5/2>).4f""","=""2[7/2]*""","=""3""",,"=""""","=""L12119""",
"=""240.9272""","=""0.0005""","=""240.928125""","=""0.000018""","=""00""","=""""",,"=""6742.756""","=""48236.2911""","=""3d3.(4F).4s""","=""a 5F""","=""4""","=""3d2.4s.(4F<7/2>).4f""","=""2[9/2]*""","=""4""",,"=""""","=""L16762""",
"=""240.95719""","=""0.00006""","=""240.957187""","=""0.000013""","=""5""","=""""",,"=""6742.756""","=""48231.2870""","=""3d3.(4F).4s""","=""a 5F""","=""4""","=""3d2.4s.(4F<7/2>).4f""","=""2[7/2]*""","=""4""",,"=""""","=""L12119""",
"=""241.1369""","=""0.0002""","=""241.13675""","=""0.00003""","=""7""","=""""",,"=""0.000""","=""41457.639""","=""3d2.4s2""","=""a 3F""","=""2""","=""3d.4s2.4p""","=""s 3F*""","=""3""",,"=""""","=""L10989""",
"=""241.1568""","=""0.0005""","=""241.15742""","=""0.00003""","=""4""","=""""",,"=""170.1328""","=""41624.219""","=""3d2.4s2""","=""a 3F""","=""3""","=""3d.4s2.4p""","=""s 3F*""","=""4""",,"=""""","=""L16762""",
"=""241.15937""","=""0.00006""","=""241.159370""","=""0.000023""","=""10""","=""""",,"=""6556.833""","=""48010.5835""","=""3d3.(4F).4s""","=""a 5F""","=""1""","=""3d2.4s.(4F<3/2>).4f""","=""2[5/2]*""","=""2""",,"=""""","=""L12119""",
"=""241.3864""","=""0.0002""","=""241.38634""","=""0.00004""","=""0""","=""""",,"=""170.1328""","=""41584.908""","=""3d2.4s2""","=""a 3F""","=""3""","=""3d3.(2G).4p""","=""v 1F*""","=""3""",,"=""""","=""L10989""",
"=""241.47703""","=""0.00006""","=""241.476973""","=""0.000018""","=""9""","=""""",,"=""6598.765""","=""47997.9976""","=""3d3.(4F).4s""","=""a 5F""","=""2""","=""3d2.4s.(4F<3/2>).4f""","=""2[7/2]*""","=""3""",,"=""""","=""L12119""",
"=""241.5685""","=""0.0005""","=""241.569566""","=""0.000018""","=""00""","=""""",,"=""6842.962""","=""48226.3275""","=""3d3.(4F).4s""","=""a 5F""","=""5""","=""3d2.4s.(4F<7/2>).4f""","=""2[11/2]*""","=""6""",,"=""""","=""L16762""",
"=""241.8362""","=""0.0002""","=""241.83617""","=""0.00004""","=""12""","=""1.2e+07""",C,"=""0.000""","=""41337.748""","=""3d2.4s2""","=""a 3F""","=""2""","=""3d.4s2.4p""","=""s 3F*""","=""2""",,"=""T3499n""","=""L10989""",
"=""242.1305""","=""0.0002""","=""242.13047""","=""0.00003""","=""15+""","=""1.3e+07""",C,"=""170.1328""","=""41457.639""","=""3d2.4s2""","=""a 3F""","=""3""","=""3d.4s2.4p""","=""s 3F*""","=""3""",,"=""T3499n""","=""L10989""",
"=""242.4255""","=""0.0002""","=""242.42502""","=""0.00004""","=""15+""","=""1.7e+07""",C,"=""386.874""","=""41624.219""","=""3d2.4s2""","=""a 3F""","=""4""","=""3d.4s2.4p""","=""s 3F*""","=""4""",,"=""T3499n""","=""L10989""",
"=""242.6562""","=""0.0002""","=""242.65636""","=""0.00004""","=""00""","=""""",,"=""386.874""","=""41584.908""","=""3d2.4s2""","=""a 3F""","=""4""","=""3d3.(2G).4p""","=""v 1F*""","=""3""",,"=""""","=""L10989""",
"=""242.8214""","=""0.0002""","=""242.82157""","=""0.00003""","=""10""","=""7.7e+06""",C,"=""0.000""","=""41170.006""","=""3d2.4s2""","=""a 3F""","=""2""","=""3d3.(2H).4p""","=""3G*""","=""3""",,"=""T3499n""","=""L10989""",
"=""242.8355""","=""0.0002""","=""242.83567""","=""0.00004""","=""8""","=""""",,"=""170.1328""","=""41337.748""","=""3d2.4s2""","=""a 3F""","=""3""","=""3d.4s2.4p""","=""s 3F*""","=""2""",,"=""""","=""L10989""",
"=""243.1783""","=""0.0002""","=""243.17858""","=""0.00005""","=""4""","=""""",,"=""7255.355""","=""48364.925""","=""3d2.4s2""","=""a 1D""","=""2""","=""3d3.(2F).4p""","=""u 1F*""","=""3""",,"=""""","=""L10989""",
"=""243.3218""","=""0.0002""","=""243.32195""","=""0.00003""","=""11""","=""""",,"=""170.1328""","=""41255.481""","=""3d2.4s2""","=""a 3F""","=""3""","=""3d3.(2H).4p""","=""3G*""","=""4""",,"=""""","=""L10989""",
"=""243.4080""","=""0.0002""","=""243.40836""","=""0.00003""","=""8""","=""""",,"=""386.874""","=""41457.639""","=""3d2.4s2""","=""a 3F""","=""4""","=""3d.4s2.4p""","=""s 3F*""","=""3""",,"=""""","=""L10989""",
"=""243.8290""","=""0.0002""","=""243.82926""","=""0.00003""","=""6""","=""""",,"=""170.1328""","=""41170.006""","=""3d2.4s2""","=""a 3F""","=""3""","=""3d3.(2H).4p""","=""3G*""","=""3""",,"=""""","=""L10989""",
"=""244.0980""","=""0.0002""","=""244.09841""","=""0.00005""","=""12""","=""7.2e+06""",C,"=""386.874""","=""41341.543""","=""3d2.4s2""","=""a 3F""","=""4""","=""3d3.(2H).4p""","=""3G*""","=""5""",,"=""T3499n""","=""L10989""",
"=""244.6122""","=""0.0002""","=""244.61247""","=""0.00003""","=""7""","=""""",,"=""386.874""","=""41255.481""","=""3d2.4s2""","=""a 3F""","=""4""","=""3d3.(2H).4p""","=""3G*""","=""4""",,"=""""","=""L10989""",
"=""244.7585""","=""0.0002""","=""244.75895""","=""0.00004""","=""00""","=""""",,"=""0.000""","=""40844.151""","=""3d2.4s2""","=""a 3F""","=""2""","=""3d3.(4P).4p""","=""r 3D*""","=""3""",,"=""""","=""L10989""",
"=""245.7826""","=""0.0002""","=""245.78281""","=""0.00004""","=""5""","=""""",,"=""170.1328""","=""40844.151""","=""3d2.4s2""","=""a 3F""","=""3""","=""3d3.(4P).4p""","=""r 3D*""","=""3""",,"=""""","=""L10989""",
"=""245.8037""","=""0.0002""","=""245.80402""","=""0.00003""","=""4""","=""""",,"=""0.000""","=""40670.509""","=""3d2.4s2""","=""a 3F""","=""2""","=""3d3.(4P).4p""","=""r 3D*""","=""2""",,"=""""","=""L10989""",
"=""245.9089""","=""0.0005""","=""245.90992""","=""0.00004""","=""3""","=""""",,"=""386.874""","=""41039.870""","=""3d2.4s2""","=""a 3F""","=""4""","=""3d3.(2H).4p""","=""y 1H*""","=""5""",,"=""""","=""L16762""",
"=""245.9652""","=""0.0002""","=""245.96611""","=""0.00011""","=""8""","=""""",,"=""8436.618""","=""49080.327""","=""3d2.4s2""","=""a 3P""","=""0""","=""3d2.4s.(2F).5p""","=""3D*""","=""1""",,"=""""","=""L10989""",
"=""246.1879""","=""0.0002""","=""246.18823""","=""0.00007""","=""4""","=""""",,"=""8492.422""","=""49099.463""","=""3d2.4s2""","=""a 3P""","=""1""","=""3d2.4s.(2F).5p""","=""3D*""","=""2""",,"=""""","=""L10989""",
"=""246.3045""","=""0.0002""","=""246.30431""","=""0.00011""","=""4""","=""""",,"=""8492.422""","=""49080.327""","=""3d2.4s2""","=""a 3P""","=""1""","=""3d2.4s.(2F).5p""","=""3D*""","=""1""",,"=""""","=""L10989""",
"=""246.4979""","=""0.0002""","=""246.49801""","=""0.00003""","=""6""","=""""",,"=""0.000""","=""40556.014""","=""3d2.4s2""","=""a 3F""","=""2""","=""3d3.(4P).4p""","=""r 3D*""","=""1""",,"=""""","=""L10989""",
"=""246.5467""","=""0.0002""","=""246.54682""","=""0.00007""","=""5""","=""""",,"=""8602.3441""","=""49150.329""","=""3d2.4s2""","=""a 3P""","=""2""","=""3d2.4s.(2F).5p""","=""3D*""","=""3""",,"=""""","=""L10989""",
"=""246.8366""","=""0.0002""","=""246.83666""","=""0.00003""","=""6""","=""""",,"=""170.1328""","=""40670.509""","=""3d2.4s2""","=""a 3F""","=""3""","=""3d3.(4P).4p""","=""r 3D*""","=""2""",,"=""""","=""L10989""",
"=""246.8564""","=""0.0002""","=""246.85651""","=""0.00007""","=""2""","=""""",,"=""8602.3441""","=""49099.463""","=""3d2.4s2""","=""a 3P""","=""2""","=""3d2.4s.(2F).5p""","=""3D*""","=""2""",,"=""""","=""L10989""",
"=""247.0996""","=""0.0002""","=""247.09963""","=""0.00004""","=""6""","=""""",,"=""386.874""","=""40844.151""","=""3d2.4s2""","=""a 3F""","=""4""","=""3d3.(4P).4p""","=""r 3D*""","=""3""",,"=""""","=""L10989""",
"=""250.4510""","=""0.0005""","=""250.45012""","=""0.00004""","=""7""","=""""",,"=""386.874""","=""40302.957""","=""3d2.4s2""","=""a 3F""","=""4""","=""3d3.(2D2).4p""","=""w 1F*""","=""3""",,"=""""","=""L16762""",
"=""251.7155""","=""0.0003""","=""251.71549""","=""0.00003""","=""1""","=""""",,"=""0.000""","=""39715.439""","=""3d2.4s2""","=""a 3F""","=""2""","=""3d3.(2D2).4p""","=""s 3D*""","=""3""",,"=""""","=""L10989""",
"=""251.9025""","=""0.0003""","=""251.90245""","=""0.00003""","=""10""","=""5.9e+06""",C,"=""0.000""","=""39685.964""","=""3d2.4s2""","=""a 3F""","=""2""","=""3d3.(2D2).4p""","=""s 3D*""","=""2""",,"=""T3499n""","=""L10989""",
"=""252.0542""","=""0.0003""","=""252.05415""","=""0.00003""","=""15+""","=""3.8e+07""",C,"=""0.000""","=""39662.081""","=""3d2.4s2""","=""a 3F""","=""2""","=""3d3.(2D2).4p""","=""s 3D*""","=""1""",,"=""T3499n""","=""L10989""",
"=""252.7985""","=""0.0003""","=""252.79850""","=""0.00003""","=""10""","=""6.8e+06""",C,"=""170.1328""","=""39715.439""","=""3d2.4s2""","=""a 3F""","=""3""","=""3d3.(2D2).4p""","=""s 3D*""","=""3""",,"=""T3499n""","=""L10989""",
"=""252.9871""","=""0.0003""","=""252.98707""","=""0.00003""","=""5""","=""3.8e+07""",C,"=""170.1328""","=""39685.964""","=""3d2.4s2""","=""a 3F""","=""3""","=""3d3.(2D2).4p""","=""s 3D*""","=""2""",,"=""T3499n""","=""L10989""",
"=""254.1908""","=""0.0003""","=""254.19177""","=""0.00003""","=""15+""","=""4.3e+07""",C,"=""386.874""","=""39715.439""","=""3d2.4s2""","=""a 3F""","=""4""","=""3d3.(2D2).4p""","=""s 3D*""","=""3""",,"=""T3499n""","=""L10989""",
"=""255.6445""","=""0.0003""","=""255.64449""","=""0.00006""","=""3""","=""""",,"=""7255.355""","=""46360.447""","=""3d2.4s2""","=""a 1D""","=""2""","=""3d3.(2P).4p""","=""1P*""","=""1""",,"=""""","=""L10989""",
"=""255.7054""","=""0.0005""","=""255.70601""","=""0.00005""","=""6""","=""""",,"=""170.1328""","=""39265.818""","=""3d2.4s2""","=""a 3F""","=""3""","=""3d.4s2.4p""","=""w 1D*""","=""2""",,"=""""","=""L16762""",
"=""255.8236""","=""0.0003""","=""255.82335""","=""0.00003""","=""4""","=""""",,"=""0.000""","=""39077.753""","=""3d2.4s2""","=""a 3F""","=""2""","=""3d3.(2D2).4p""","=""x 1P*""","=""1""",,"=""""","=""L10989""",
"=""257.8883""","=""0.0003""","=""257.88849""","=""0.00003""","=""3""","=""""",,"=""0.000""","=""38764.844""","=""3d2.4s2""","=""a 3F""","=""2""","=""3d3.(2P).4p""","=""t 3D*""","=""3""",,"=""""","=""L10989""",
"=""258.3221""","=""0.0003""","=""258.32192""","=""0.00003""","=""5""","=""""",,"=""0.000""","=""38699.805""","=""3d2.4s2""","=""a 3F""","=""2""","=""3d3.(2P).4p""","=""t 3D*""","=""2""",,"=""""","=""L10989""",
"=""258.6277""","=""0.0003""","=""258.62760""","=""0.00003""","=""4""","=""""",,"=""0.000""","=""38654.068""","=""3d2.4s2""","=""a 3F""","=""2""","=""3d3.(2P).4p""","=""t 3D*""","=""1""",,"=""""","=""L10989""",
"=""259.0255""","=""0.0003""","=""259.02538""","=""0.00003""","=""8""","=""4.7e+06""",C,"=""170.1328""","=""38764.844""","=""3d2.4s2""","=""a 3F""","=""3""","=""3d3.(2P).4p""","=""t 3D*""","=""3""",,"=""T3499n""","=""L10989""",
"=""259.3640""","=""0.0003""","=""259.36407""","=""0.00003""","=""11""","=""6.9e+06""",C,"=""0.000""","=""38544.316""","=""3d2.4s2""","=""a 3F""","=""2""","=""3d3.(2G).4p""","=""t 3F*""","=""3""",,"=""T3499n""","=""L10989""",
"=""259.4628""","=""0.0003""","=""259.46265""","=""0.00003""","=""2""","=""""",,"=""170.1328""","=""38699.805""","=""3d2.4s2""","=""a 3F""","=""3""","=""3d3.(2P).4p""","=""t 3D*""","=""2""",,"=""""","=""L10989""",
"=""259.6584""","=""0.0003""","=""259.65865""","=""0.00003""","=""11""","=""6.9e+06""",C,"=""170.1328""","=""38670.723""","=""3d2.4s2""","=""a 3F""","=""3""","=""3d3.(2G).4p""","=""t 3F*""","=""4""",,"=""T3499n""","=""L10989""",
"=""259.9904""","=""0.0003""","=""259.99146""","=""0.00003""","=""15+""","=""6.7e+07""",C,"=""0.000""","=""38451.309""","=""3d2.4s2""","=""a 3F""","=""2""","=""3d3.(2G).4p""","=""t 3F*""","=""2""",,"=""T3499n""","=""L10989""",
"=""260.4891""","=""0.0003""","=""260.48833""","=""0.00003""","=""6""","=""""",,"=""386.874""","=""38764.844""","=""3d2.4s2""","=""a 3F""","=""4""","=""3d3.(2P).4p""","=""t 3D*""","=""3""",,"=""""","=""L10989""",
"=""260.5133""","=""0.0003""","=""260.51403""","=""0.00003""","=""15""","=""6.4e+07""",C,"=""170.1328""","=""38544.316""","=""3d2.4s2""","=""a 3F""","=""3""","=""3d3.(2G).4p""","=""t 3F*""","=""3""",,"=""T3499n""","=""L10989""",
"=""261.1285""","=""0.0003""","=""261.12878""","=""0.00003""","=""15""","=""6.4e+07""",C,"=""386.874""","=""38670.723""","=""3d2.4s2""","=""a 3F""","=""4""","=""3d3.(2G).4p""","=""t 3F*""","=""4""",,"=""T3499n""","=""L10989""",
"=""261.1469""","=""0.0003""","=""261.14701""","=""0.00003""","=""11""","=""3.3e+07""",C,"=""170.1328""","=""38451.309""","=""3d2.4s2""","=""a 3F""","=""3""","=""3d3.(2G).4p""","=""t 3F*""","=""2""",,"=""T3499n""","=""L10989""",
"=""261.9802""","=""0.0003""","=""261.98003""","=""0.00003""","=""5""","=""""",,"=""0.000""","=""38159.461""","=""3d2.4s2""","=""a 3F""","=""2""","=""3d2.(3P).4s.4p.(1P*)""","=""u 3D*""","=""3""",,"=""""","=""L10989""",
"=""261.9934""","=""0.0003""","=""261.99389""","=""0.00003""","=""13""","=""2.1e+07""",C,"=""386.874""","=""38544.316""","=""3d2.4s2""","=""a 3F""","=""4""","=""3d3.(2G).4p""","=""t 3F*""","=""3""",,"=""T3499n""","=""L10989""",
"=""263.1525""","=""0.0003""","=""263.15336""","=""0.00003""","=""14""","=""1.7e+07""",C,"=""170.1328""","=""38159.461""","=""3d2.4s2""","=""a 3F""","=""3""","=""3d2.(3P).4s.4p.(1P*)""","=""u 3D*""","=""3""",,"=""T3499n""","=""L10989""",
"=""263.2411""","=""0.0003""","=""263.24164""","=""0.00003""","=""14""","=""2.7e+07""",C,"=""0.000""","=""37976.589""","=""3d2.4s2""","=""a 3F""","=""2""","=""3d2.(3P).4s.4p.(1P*)""","=""u 3D*""","=""2""",,"=""T3499n""","=""L10989""",
"=""263.6164""","=""0.0003""","=""263.61635""","=""0.00006""","=""0""","=""""",,"=""7255.355""","=""45177.966""","=""3d2.4s2""","=""a 1D""","=""2""","=""3d2.4s.(2P).4p""","=""3P*""","=""2""",,"=""""","=""L10989""",
"=""264.1087""","=""0.0003""","=""264.10953""","=""0.00003""","=""15""","=""1.8e+08""",C,"=""0.000""","=""37851.802""","=""3d2.4s2""","=""a 3F""","=""2""","=""3d2.(3P).4s.4p.(1P*)""","=""u 3D*""","=""1""",,"=""T3499n""","=""L10989""",
"=""264.2275""","=""0.0003""","=""264.22746""","=""0.00006""","=""3""","=""""",,"=""6742.756""","=""44577.664""","=""3d3.(4F).4s""","=""a 5F""","=""4""","=""3d3.(4F).5p""","=""5D*""","=""4""",,"=""""","=""L10989""",
"=""264.2442""","=""0.0003""","=""264.24439""","=""0.00006""","=""00""","=""""",,"=""6556.833""","=""44389.317""","=""3d3.(4F).4s""","=""a 5F""","=""1""","=""3d3.(4F).5p""","=""5D*""","=""2""",,"=""""","=""L10989""",
"=""264.3853""","=""0.0003""","=""264.38517""","=""0.00006""","=""3""","=""""",,"=""6661.006""","=""44473.347""","=""3d3.(4F).4s""","=""a 5F""","=""3""","=""3d3.(4F).5p""","=""5D*""","=""3""",,"=""""","=""L10989""",
"=""264.4253""","=""0.0003""","=""264.42632""","=""0.00003""","=""15""","=""1.4e+08""",C,"=""170.1328""","=""37976.589""","=""3d2.4s2""","=""a 3F""","=""3""","=""3d2.(3P).4s.4p.(1P*)""","=""u 3D*""","=""2""",,"=""T3499n""","=""L10989""",
"=""264.5376""","=""0.0003""","=""264.53761""","=""0.00006""","=""5""","=""""",,"=""6598.765""","=""44389.317""","=""3d3.(4F).4s""","=""a 5F""","=""2""","=""3d3.(4F).5p""","=""5D*""","=""2""",,"=""""","=""L10989""",
"=""264.6493""","=""0.0003""","=""264.64894""","=""0.00006""","=""4""","=""""",,"=""6556.833""","=""44331.489""","=""3d3.(4F).4s""","=""a 5F""","=""1""","=""3d3.(4F).5p""","=""5D*""","=""1""",,"=""""","=""L10989""",
"=""264.6625""","=""0.0003""","=""264.66344""","=""0.00003""","=""15""","=""1.5e+08""",C,"=""386.874""","=""38159.461""","=""3d2.4s2""","=""a 3F""","=""4""","=""3d2.(3P).4s.4p.(1P*)""","=""u 3D*""","=""3""",,"=""T3499n""","=""L10989""",
"=""264.8554""","=""0.0003""","=""264.85531""","=""0.00008""","=""3""","=""""",,"=""6556.833""","=""44302.058""","=""3d3.(4F).4s""","=""a 5F""","=""1""","=""3d3.(4F).5p""","=""5D*""","=""0""",,"=""""","=""L10989""",
"=""264.8642""","=""0.0003""","=""264.86417""","=""0.00003""","=""5""","=""""",,"=""0.000""","=""37743.962""","=""3d2.4s2""","=""a 3F""","=""2""","=""3d3.(2D2).4p""","=""u 3F*""","=""3""",,"=""""","=""L10989""",
"=""264.9296""","=""0.0003""","=""264.92917""","=""0.00006""","=""6""","=""""",,"=""6842.962""","=""44577.664""","=""3d3.(4F).4s""","=""a 5F""","=""5""","=""3d3.(4F).5p""","=""5D*""","=""4""",,"=""""","=""L10989""",
"=""264.9584""","=""0.0003""","=""264.95804""","=""0.00006""","=""7""","=""""",,"=""6742.756""","=""44473.347""","=""3d3.(4F).4s""","=""a 5F""","=""4""","=""3d3.(4F).5p""","=""5D*""","=""3""",,"=""""","=""L10989""",
"=""264.9742""","=""0.0003""","=""264.97405""","=""0.00006""","=""5""","=""""",,"=""6661.006""","=""44389.317""","=""3d3.(4F).4s""","=""a 5F""","=""3""","=""3d3.(4F).5p""","=""5D*""","=""2""",,"=""""","=""L10989""",
"=""265.1140""","=""0.0003""","=""265.11397""","=""0.00006""","=""2""","=""""",,"=""6661.006""","=""44369.406""","=""3d3.(4F).4s""","=""a 5F""","=""3""","=""3d3.(4F).5p""","=""5F*""","=""4""",,"=""""","=""L10989""",
"=""265.2753""","=""0.0003""","=""265.27532""","=""0.00006""","=""2""","=""""",,"=""6598.765""","=""44284.231""","=""3d3.(4F).4s""","=""a 5F""","=""2""","=""3d3.(4F).5p""","=""5F*""","=""3""",,"=""""","=""L10989""",
"=""265.2978""","=""0.0003""","=""265.29758""","=""0.00003""","=""8""","=""""",,"=""170.1328""","=""37852.437""","=""3d2.4s2""","=""a 3F""","=""3""","=""3d3.(2D2).4p""","=""u 3F*""","=""4""",,"=""""","=""L10989""",
"=""265.4152""","=""0.0003""","=""265.41534""","=""0.00008""","=""2""","=""""",,"=""6556.833""","=""44222.420""","=""3d3.(4F).4s""","=""a 5F""","=""1""","=""3d3.(4F).5p""","=""5F*""","=""2""",,"=""""","=""L10989""",
"=""265.4921""","=""0.0003""","=""265.49215""","=""0.00004""","=""8""","=""""",,"=""0.000""","=""37654.690""","=""3d2.4s2""","=""a 3F""","=""2""","=""3d3.(2D2).4p""","=""u 3F*""","=""2""",,"=""""","=""L10989""",
"=""265.6361""","=""0.0003""","=""265.63604""","=""0.00006""","=""5""","=""""",,"=""6842.962""","=""44477.256""","=""3d3.(4F).4s""","=""a 5F""","=""5""","=""3d3.(4F).5p""","=""5F*""","=""5""",,"=""""","=""L10989""",
"=""265.6902""","=""0.0003""","=""265.69001""","=""0.00006""","=""3""","=""""",,"=""6742.756""","=""44369.406""","=""3d3.(4F).4s""","=""a 5F""","=""4""","=""3d3.(4F).5p""","=""5F*""","=""4""",,"=""""","=""L10989""",
"=""265.6940""","=""0.0003""","=""265.69414""","=""0.00007""","=""3""","=""""",,"=""6556.833""","=""44182.898""","=""3d3.(4F).4s""","=""a 5F""","=""1""","=""3d3.(4F).5p""","=""5F*""","=""1""",,"=""""","=""L10989""",
"=""265.7118""","=""0.0003""","=""265.71116""","=""0.00008""","=""""","=""""",,"=""6598.765""","=""44222.420""","=""3d3.(4F).4s""","=""a 5F""","=""2""","=""3d3.(4F).5p""","=""5F*""","=""2""",,"=""""","=""L10989""",
"=""265.7142""","=""0.0003""","=""265.71420""","=""0.00005""","=""""","=""""",,"=""6661.006""","=""44284.231""","=""3d3.(4F).4s""","=""a 5F""","=""3""","=""3d3.(4F).5p""","=""5F*""","=""3""",,"=""""","=""L10989""",
"=""265.7186""","=""0.0003""","=""265.71879""","=""0.00006""","=""""","=""3.2e+06""",C,"=""0.000""","=""37622.575""","=""3d2.4s2""","=""a 3F""","=""2""","=""3d.4s2.4p""","=""x 1F*""","=""3""",,"=""T3499n""","=""L10989""",
"=""265.9905""","=""0.0003""","=""265.99059""","=""0.00007""","=""1""","=""""",,"=""6598.765""","=""44182.898""","=""3d3.(4F).4s""","=""a 5F""","=""2""","=""3d3.(4F).5p""","=""5F*""","=""1""",,"=""""","=""L10989""",
"=""266.0636""","=""0.0003""","=""266.06354""","=""0.00003""","=""6""","=""""",,"=""170.1328""","=""37743.962""","=""3d2.4s2""","=""a 3F""","=""3""","=""3d3.(2D2).4p""","=""u 3F*""","=""3""",,"=""""","=""L10989""",
"=""266.1959""","=""0.0003""","=""266.19653""","=""0.00003""","=""14""","=""8.9e+06""",C,"=""0.000""","=""37555.058""","=""3d2.4s2""","=""a 3F""","=""2""","=""3d3.(2G).4p""","=""v 3G*""","=""3""",,"=""T3499n""","=""L10989""",
"=""266.2929""","=""0.0003""","=""266.29285""","=""0.00005""","=""0""","=""""",,"=""6742.756""","=""44284.231""","=""3d3.(4F).4s""","=""a 5F""","=""4""","=""3d3.(4F).5p""","=""5F*""","=""3""",,"=""""","=""L10989""",
"=""266.3569""","=""0.0005""","=""266.35626""","=""0.00005""","=""2""","=""""",,"=""6842.962""","=""44375.500""","=""3d3.(4F).4s""","=""a 5F""","=""5""","=""3d2.4s.(4F).5p""","=""3G*""","=""5""",,"=""""","=""L16762""",
"=""266.4865""","=""0.0005""","=""266.48546""","=""0.00003""","=""00""","=""""",,"=""6742.756""","=""44257.098""","=""3d3.(4F).4s""","=""a 5F""","=""4""","=""3d2.4s.(4F).5p""","=""3G*""","=""4""",,"=""""","=""L16762""",
"=""266.6967""","=""0.0003""","=""266.69722""","=""0.00004""","=""00""","=""""",,"=""170.1328""","=""37654.690""","=""3d2.4s2""","=""a 3F""","=""3""","=""3d3.(2D2).4p""","=""u 3F*""","=""2""",,"=""""","=""L10989""",
"=""266.8324""","=""0.0003""","=""266.83244""","=""0.00003""","=""3""","=""""",,"=""386.874""","=""37852.437""","=""3d2.4s2""","=""a 3F""","=""4""","=""3d3.(2D2).4p""","=""u 3F*""","=""4""",,"=""""","=""L10989""",
"=""266.9262""","=""0.0003""","=""266.92592""","=""0.00006""","=""5""","=""""",,"=""170.1328""","=""37622.575""","=""3d2.4s2""","=""a 3F""","=""3""","=""3d.4s2.4p""","=""x 1F*""","=""3""",,"=""""","=""L10989""",
"=""266.9587""","=""0.0003""","=""266.95929""","=""0.00003""","=""14""","=""1.0e+07""",C,"=""170.1328""","=""37617.894""","=""3d2.4s2""","=""a 3F""","=""3""","=""3d3.(2G).4p""","=""v 3G*""","=""4""",,"=""T3499n""","=""L10989""",
"=""267.4080""","=""0.0003""","=""267.40802""","=""0.00003""","=""6""","=""""",,"=""170.1328""","=""37555.058""","=""3d2.4s2""","=""a 3F""","=""3""","=""3d3.(2G).4p""","=""v 3G*""","=""3""",,"=""""","=""L10989""",
"=""267.6073""","=""0.0003""","=""267.60729""","=""0.00003""","=""3""","=""""",,"=""386.874""","=""37743.962""","=""3d2.4s2""","=""a 3F""","=""4""","=""3d3.(2D2).4p""","=""u 3F*""","=""3""",,"=""""","=""L10989""",
"=""267.8354""","=""0.0003""","=""267.83442""","=""0.00004""","=""3""","=""""",,"=""0.000""","=""37325.410""","=""3d2.4s2""","=""a 3F""","=""2""","=""3d3.(2D2).4p""","=""w 3P*""","=""2""",,"=""""","=""L10989""",
"=""267.9910""","=""0.0003""","=""267.99208""","=""0.00003""","=""15""","=""1.3e+07""",C,"=""386.874""","=""37690.327""","=""3d2.4s2""","=""a 3F""","=""4""","=""3d3.(2G).4p""","=""v 3G*""","=""5""",,"=""T3499n""","=""L10989""",
"=""268.0400""","=""0.0003""","=""268.03982""","=""0.00009""","=""2""","=""""",,"=""6842.962""","=""44139.772""","=""3d3.(4F).4s""","=""a 5F""","=""5""","=""3d3.(4F).5p""","=""5G*""","=""6""",,"=""""","=""L10989""",
"=""268.1630""","=""0.0003""","=""268.16297""","=""0.00005""","=""0""","=""""",,"=""6661.006""","=""43940.689""","=""3d3.(4F).4s""","=""a 5F""","=""3""","=""3d3.(4F).5p""","=""5G*""","=""4""",,"=""""","=""L10989""",
"=""268.2360""","=""0.0003""","=""268.23631""","=""0.00006""","=""0""","=""""",,"=""6598.765""","=""43868.255""","=""3d3.(4F).4s""","=""a 5F""","=""2""","=""3d3.(4F).5p""","=""5G*""","=""3""",,"=""""","=""L10989""",
"=""268.3234""","=""0.0003""","=""268.32394""","=""0.00007""","=""00""","=""""",,"=""6556.833""","=""43814.152""","=""3d3.(4F).4s""","=""a 5F""","=""1""","=""3d3.(4F).5p""","=""5G*""","=""2""",,"=""""","=""L10989""",
"=""268.4800""","=""0.0003""","=""268.47973""","=""0.00006""","=""7""","=""""",,"=""386.874""","=""37622.575""","=""3d2.4s2""","=""a 3F""","=""4""","=""3d.4s2.4p""","=""x 1F*""","=""3""",,"=""""","=""L10989""",
"=""268.5137""","=""0.0003""","=""268.51349""","=""0.00003""","=""6""","=""""",,"=""386.874""","=""37617.894""","=""3d2.4s2""","=""a 3F""","=""4""","=""3d3.(2G).4p""","=""v 3G*""","=""4""",,"=""""","=""L10989""",
"=""268.8160""","=""0.0005""","=""268.81639""","=""0.00004""","=""1""","=""""",,"=""170.1328""","=""37359.203""","=""3d2.4s2""","=""a 3F""","=""3""","=""3d3.(4P).4p""","=""y 5S*""","=""2""",,"=""""","=""L16762""",
"=""268.9328""","=""0.0003""","=""268.93269""","=""0.00004""","=""2""","=""""",,"=""0.000""","=""37172.989""","=""3d2.4s2""","=""a 3F""","=""2""","=""3d3.(2D2).4p""","=""w 3P*""","=""1""",,"=""""","=""L10989""",
"=""268.9676""","=""0.0003""","=""268.96746""","=""0.00003""","=""4""","=""""",,"=""386.874""","=""37555.058""","=""3d2.4s2""","=""a 3F""","=""4""","=""3d3.(2G).4p""","=""v 3G*""","=""3""",,"=""""","=""L10989""",
"=""269.0609""","=""0.0003""","=""269.06090""","=""0.00004""","=""3""","=""""",,"=""170.1328""","=""37325.410""","=""3d2.4s2""","=""a 3F""","=""3""","=""3d3.(2D2).4p""","=""w 3P*""","=""2""",,"=""""","=""L10989""",
"=""269.3370""","=""0.0005""","=""269.337748""","=""0.000022""","=""0""","=""""",,"=""12118.393""","=""49235.4807""","=""3d2.4s2""","=""a 1G""","=""4""","=""3d3.(4F<7/2>).4f""","=""2[7/2]*""","=""4""",,"=""""","=""L16762""",
"=""269.4763""","=""0.0003""","=""269.47599""","=""0.00022""","=""0""","=""""",,"=""11776.812""","=""48874.86""","=""3d3.(4F).4s""","=""b 3F""","=""4""","=""3d2.4s.(2F).5p""","=""3G*""","=""5""",,"=""""","=""L10989""",
"=""270.2077""","=""0.0003""","=""270.20781""","=""0.00022""","=""2""","=""""",,"=""11776.812""","=""48774.39""","=""3d3.(4F).4s""","=""b 3F""","=""4""","=""3d2.4s.(2F).5p""","=""3F*""","=""4""",,"=""""","=""L10989""",
"=""270.2640""","=""0.0003""","=""270.2642""","=""0.0003""","=""1""","=""""",,"=""11639.8109""","=""48629.67""","=""3d3.(4F).4s""","=""b 3F""","=""3""","=""3d2.4s.(2F).5p""","=""3F*""","=""3""",,"=""""","=""L10989""",
"=""270.3490""","=""0.0003""","=""270.34894""","=""0.00005""","=""0""","=""""",,"=""7255.355""","=""44233.620""","=""3d2.4s2""","=""a 1D""","=""2""","=""3d2.4s.(4F).5p""","=""o 3D*""","=""3""",,"=""""","=""L10989""",
"=""270.7110""","=""0.0003""","=""270.71088""","=""0.00022""","=""0""","=""""",,"=""11531.761""","=""48460.59""","=""3d3.(4F).4s""","=""b 3F""","=""2""","=""3d2.4s.(2F).5p""","=""3F*""","=""2""",,"=""""","=""L10989""",
"=""270.8671""","=""0.0003""","=""270.86712""","=""0.00006""","=""0""","=""""",,"=""11776.812""","=""48684.340""","=""3d3.(4F).4s""","=""b 3F""","=""4""","=""3d2.4s.(2F).5p""","=""3G*""","=""4""",,"=""""","=""L10989""",
"=""270.9045""","=""0.0005""","=""270.90404""","=""0.00015""","=""2""","=""""",,"=""11639.8109""","=""48542.31""","=""3d3.(4F).4s""","=""b 3F""","=""3""","=""3d2.4s.(2F).5p""","=""3G*""","=""3""",,"=""""","=""L16762""",
"=""271.6107""","=""0.0005""","=""271.61042""","=""0.00004""","=""00""","=""""",,"=""6661.006""","=""43467.537""","=""3d3.(4F).4s""","=""a 5F""","=""3""","=""3d2.4s.(4F).5p""","=""r 3F*""","=""2""",,"=""""","=""L16762""",
"=""272.2480""","=""0.0003""","=""272.24784""","=""0.00007""","=""2""","=""""",,"=""7255.355""","=""43975.715""","=""3d2.4s2""","=""a 1D""","=""2""","=""3d2.4s.(4F).5p""","=""o 3D*""","=""1""",,"=""""","=""L10989""",
"=""272.5064""","=""0.0003""","=""272.50623""","=""0.00007""","=""9""","=""""",,"=""8492.422""","=""45177.966""","=""3d2.4s2""","=""a 3P""","=""1""","=""3d2.4s.(2P).4p""","=""3P*""","=""2""",,"=""""","=""L10989""",
"=""272.7416""","=""0.0003""","=""272.74157""","=""0.00007""","=""8""","=""""",,"=""8436.618""","=""45090.509""","=""3d2.4s2""","=""a 3P""","=""0""","=""3d2.4s.(2P).4p""","=""3P*""","=""1""",,"=""""","=""L10989""",
"=""272.9360""","=""0.0005""","=""272.937413""","=""0.000017""","=""00""","=""""",,"=""11776.812""","=""48404.4036""","=""3d3.(4F).4s""","=""b 3F""","=""4""","=""3d2.4s.(4F<9/2>).4f""","=""2[11/2]*""","=""5""",,"=""""","=""L16762""",
"=""273.1121""","=""0.0003""","=""273.11218""","=""0.00011""","=""7""","=""""",,"=""8602.3441""","=""45206.499""","=""3d2.4s2""","=""a 3P""","=""2""","=""3d3.(4F).5p""","=""n 3D*""","=""3""",,"=""""","=""L10989""",
"=""273.1574""","=""0.0003""","=""273.15746""","=""0.00006""","=""6""","=""""",,"=""8492.422""","=""45090.509""","=""3d2.4s2""","=""a 3P""","=""1""","=""3d2.4s.(2P).4p""","=""3P*""","=""1""",,"=""""","=""L10989""",
"=""273.2324""","=""0.0005""","=""273.23193""","=""0.00007""","=""4""","=""""",,"=""11776.812""","=""48364.925""","=""3d3.(4F).4s""","=""b 3F""","=""4""","=""3d3.(2F).4p""","=""u 1F*""","=""3""",,"=""""","=""L16762""",
"=""273.3253""","=""0.0003""","=""273.32525""","=""0.00007""","=""13""","=""1.9e+08""",D,"=""8602.3441""","=""45177.966""","=""3d2.4s2""","=""a 3P""","=""2""","=""3d2.4s.(2P).4p""","=""3P*""","=""2""",,"=""T2805n""","=""L10989""",
"=""273.3561""","=""0.0003""","=""273.35591""","=""0.00013""","=""6""","=""""",,"=""8492.422""","=""45063.941""","=""3d2.4s2""","=""a 3P""","=""1""","=""3d3.(4F).5p""","=""n 3D*""","=""2""",,"=""""","=""L10989""",
"=""273.5284""","=""0.0003""","=""273.52863""","=""0.00008""","=""8""","=""4.1e+08""",D,"=""8492.422""","=""45040.849""","=""3d2.4s2""","=""a 3P""","=""1""","=""3d2.4s.(2P).4p""","=""3P*""","=""0""",,"=""T2805n""","=""L10989""",
"=""273.5605""","=""0.0003""","=""273.56090""","=""0.00006""","=""10""","=""""",,"=""7255.355""","=""43799.471""","=""3d2.4s2""","=""a 1D""","=""2""","=""3d3.(2D2).4p""","=""u 1D*""","=""2""",,"=""""","=""L10989""",
"=""273.6674""","=""0.0003""","=""273.66730""","=""0.00015""","=""4""","=""""",,"=""8436.618""","=""44966.527""","=""3d2.4s2""","=""a 3P""","=""0""","=""3d3.(4F).5p""","=""n 3D*""","=""1""",,"=""""","=""L10989""",
"=""273.9802""","=""0.0003""","=""273.98040""","=""0.00006""","=""10""","=""""",,"=""8602.3441""","=""45090.509""","=""3d2.4s2""","=""a 3P""","=""2""","=""3d2.4s.(2P).4p""","=""3P*""","=""1""",,"=""""","=""L10989""",
"=""274.0861""","=""0.0003""","=""274.08602""","=""0.00015""","=""3""","=""""",,"=""8492.422""","=""44966.527""","=""3d2.4s2""","=""a 3P""","=""1""","=""3d3.(4F).5p""","=""n 3D*""","=""1""",,"=""""","=""L10989""",
"=""274.1799""","=""0.0003""","=""274.18005""","=""0.00014""","=""3""","=""""",,"=""8602.3441""","=""45063.941""","=""3d2.4s2""","=""a 3P""","=""2""","=""3d3.(4F).5p""","=""n 3D*""","=""2""",,"=""""","=""L10989""",
"=""274.4838""","=""0.0005""","=""274.48372""","=""0.00008""","=""7""","=""""",,"=""8436.618""","=""44857.879""","=""3d2.4s2""","=""a 3P""","=""0""","=""3d3.(4P).4p""","=""w 3S*""","=""1""",,"=""""","=""L16762""",
"=""274.9051""","=""0.0003""","=""274.90495""","=""0.00007""","=""8""","=""""",,"=""8492.422""","=""44857.879""","=""3d2.4s2""","=""a 3P""","=""1""","=""3d3.(4P).4p""","=""w 3S*""","=""1""",,"=""""","=""L10989""",
"=""275.7385""","=""0.0003""","=""275.73847""","=""0.00007""","=""5""","=""""",,"=""8602.3441""","=""44857.879""","=""3d2.4s2""","=""a 3P""","=""2""","=""3d3.(4P).4p""","=""w 3S*""","=""1""",,"=""""","=""L10989""",
"=""275.8068""","=""0.0003""","=""275.80696""","=""0.00007""","=""11""","=""""",,"=""12118.393""","=""48364.925""","=""3d2.4s2""","=""a 1G""","=""4""","=""3d3.(2F).4p""","=""u 1F*""","=""3""",,"=""""","=""L10989""",
"=""279.0142""","=""0.0003""","=""279.01332""","=""0.00004""","=""00""","=""""",,"=""170.1328""","=""36000.148""","=""3d2.4s2""","=""a 3F""","=""3""","=""3d2.(1G).4s.4p.(1P*)""","=""y 1G*""","=""4""",,"=""""","=""L10989""",
"=""279.0653""","=""0.0003""","=""279.06544""","=""0.00006""","=""2""","=""""",,"=""11639.8109""","=""47463.135""","=""3d3.(4F).4s""","=""b 3F""","=""3""","=""3d3.(2F).4p""","=""p 3F*""","=""4""",,"=""""","=""L10989""",
"=""279.4215""","=""0.0005""","=""279.42109""","=""0.00005""","=""00""","=""""",,"=""6598.765""","=""42376.495""","=""3d3.(4F).4s""","=""a 5F""","=""2""","=""3d2.4s.(4F).5p""","=""5D*""","=""3""",,"=""""","=""L16762""",
"=""279.5399""","=""0.0003""","=""279.53958""","=""0.00007""","=""6bl""","=""""",,"=""6742.756""","=""42505.322""","=""3d3.(4F).4s""","=""a 5F""","=""4""","=""3d2.4s.(4F).5p""","=""5D*""","=""4""",,"=""""","=""L10989""",
"=""279.9086""","=""0.0003""","=""279.90806""","=""0.00005""","=""5bl""","=""""",,"=""6661.006""","=""42376.495""","=""3d3.(4F).4s""","=""a 5F""","=""3""","=""3d2.4s.(4F).5p""","=""5D*""","=""3""",,"=""""","=""L10989""",
"=""279.9295""","=""0.0003""","=""279.92840""","=""0.00006""","=""3""","=""""",,"=""6556.833""","=""42269.727""","=""3d3.(4F).4s""","=""a 5F""","=""1""","=""3d2.4s.(4F).5p""","=""5D*""","=""2""",,"=""""","=""L10989""",
"=""280.1368""","=""0.0003""","=""280.13684""","=""0.00006""","=""4""","=""""",,"=""11776.812""","=""47463.135""","=""3d3.(4F).4s""","=""b 3F""","=""4""","=""3d3.(2F).4p""","=""p 3F*""","=""4""",,"=""""","=""L10989""",
"=""280.2494""","=""0.0003""","=""280.24947""","=""0.00006""","=""""","=""""",,"=""7255.355""","=""42927.337""","=""3d2.4s2""","=""a 1D""","=""2""","=""3d3.(2P).4p""","=""1D*""","=""2""",,"=""""","=""L10989""",
"=""280.3246""","=""0.0003""","=""280.32508""","=""0.00007""","=""6""","=""""",,"=""6842.962""","=""42505.322""","=""3d3.(4F).4s""","=""a 5F""","=""5""","=""3d2.4s.(4F).5p""","=""5D*""","=""4""",,"=""""","=""L10989""",
"=""280.3769""","=""0.0003""","=""280.37709""","=""0.00007""","=""3""","=""""",,"=""11531.761""","=""47187.507""","=""3d3.(4F).4s""","=""b 3F""","=""2""","=""3d3.(2F).4p""","=""p 3F*""","=""2""",,"=""""","=""L10989""",
"=""280.4202""","=""0.0003""","=""280.42025""","=""0.00004""","=""0""","=""""",,"=""6661.006""","=""42311.264""","=""3d3.(4F).4s""","=""a 5F""","=""3""","=""3d.4s2.4p""","=""q 3D*""","=""3""",,"=""""","=""L10989""",
"=""280.5235""","=""0.0003""","=""280.52367""","=""0.00004""","=""2""","=""""",,"=""6556.833""","=""42193.949""","=""3d3.(4F).4s""","=""a 5F""","=""1""","=""3d2.4s.(4F).5p""","=""5D*""","=""1""",,"=""""","=""L10989""",
"=""280.5502""","=""0.0003""","=""280.55025""","=""0.00005""","=""4""","=""""",,"=""6742.756""","=""42376.495""","=""3d3.(4F).4s""","=""a 5F""","=""4""","=""3d2.4s.(4F).5p""","=""5D*""","=""3""",,"=""""","=""L10989""",
"=""280.5696""","=""0.0003""","=""280.56965""","=""0.00005""","=""10""","=""""",,"=""8602.3441""","=""44233.620""","=""3d2.4s2""","=""a 3P""","=""2""","=""3d2.4s.(4F).5p""","=""o 3D*""","=""3""",,"=""""","=""L10989""",
"=""280.7114""","=""0.0003""","=""280.71148""","=""0.00004""","=""0""","=""""",,"=""386.874""","=""36000.148""","=""3d2.4s2""","=""a 3F""","=""4""","=""3d2.(1G).4s.4p.(1P*)""","=""y 1G*""","=""4""",,"=""""","=""L10989""",
"=""280.7468""","=""0.0003""","=""280.74737""","=""0.00006""","=""5""","=""""",,"=""6661.006""","=""42269.727""","=""3d3.(4F).4s""","=""a 5F""","=""3""","=""3d2.4s.(4F).5p""","=""5D*""","=""2""",,"=""""","=""L10989""",
"=""280.7520""","=""0.0003""","=""280.75313""","=""0.00005""","=""00""","=""""",,"=""6598.765""","=""42206.755""","=""3d3.(4F).4s""","=""a 5F""","=""2""","=""3d.4s2.4p""","=""q 3D*""","=""2""",,"=""""","=""L10989""",
"=""280.8506""","=""0.0003""","=""280.85056""","=""0.00007""","=""""","=""""",,"=""6556.833""","=""42152.472""","=""3d3.(4F).4s""","=""a 5F""","=""1""","=""3d2.4s.(4F).5p""","=""5D*""","=""0""",,"=""""","=""L10989""",
"=""280.8539""","=""0.0003""","=""280.85415""","=""0.00004""","=""""","=""""",,"=""6598.765""","=""42193.949""","=""3d3.(4F).4s""","=""a 5F""","=""2""","=""3d2.4s.(4F).5p""","=""5D*""","=""1""",,"=""""","=""L10989""",
"=""280.9161""","=""0.0003""","=""280.91606""","=""0.00005""","=""10""","=""""",,"=""8492.422""","=""44079.761""","=""3d2.4s2""","=""a 3P""","=""1""","=""3d2.4s.(4F).5p""","=""o 3D*""","=""2""",,"=""""","=""L10989""",
"=""280.9969""","=""0.0003""","=""280.99702""","=""0.00006""","=""1""","=""""",,"=""0.000""","=""35577.086""","=""3d2.4s2""","=""a 3F""","=""2""","=""3d3.(4P).4p""","=""w 5D*""","=""2""",,"=""""","=""L10989""",
"=""281.0651""","=""0.0003""","=""281.06479""","=""0.00004""","=""3""","=""""",,"=""6742.756""","=""42311.264""","=""3d3.(4F).4s""","=""a 5F""","=""4""","=""3d.4s2.4p""","=""q 3D*""","=""3""",,"=""""","=""L10989""",
"=""281.2297""","=""0.0003""","=""281.22936""","=""0.00007""","=""0""","=""""",,"=""11639.8109""","=""47187.507""","=""3d3.(4F).4s""","=""b 3F""","=""3""","=""3d3.(2F).4p""","=""p 3F*""","=""2""",,"=""""","=""L10989""",
"=""281.2448""","=""0.0003""","=""281.24476""","=""0.00004""","=""0""","=""""",,"=""6661.006""","=""42206.755""","=""3d3.(4F).4s""","=""a 5F""","=""3""","=""3d.4s2.4p""","=""q 3D*""","=""2""",,"=""""","=""L10989""",
"=""281.2975""","=""0.0003""","=""281.29741""","=""0.00007""","=""6""","=""""",,"=""8436.618""","=""43975.715""","=""3d2.4s2""","=""a 3P""","=""0""","=""3d2.4s.(4F).5p""","=""o 3D*""","=""1""",,"=""""","=""L10989""",
"=""281.3873""","=""0.0003""","=""281.38727""","=""0.00006""","=""0""","=""""",,"=""0.000""","=""35527.748""","=""3d2.4s2""","=""a 3F""","=""2""","=""3d3.(4P).4p""","=""w 5D*""","=""1""",,"=""""","=""L10989""",
"=""281.5672""","=""0.0003""","=""281.56697""","=""0.00007""","=""0""","=""""",,"=""11776.812""","=""47281.887""","=""3d3.(4F).4s""","=""b 3F""","=""4""","=""3d3.(2F).4p""","=""p 3F*""","=""3""",,"=""""","=""L10989""",
"=""281.7400""","=""0.0003""","=""281.73982""","=""0.00006""","=""""","=""""",,"=""8492.422""","=""43975.715""","=""3d2.4s2""","=""a 3P""","=""1""","=""3d2.4s.(4F).5p""","=""o 3D*""","=""1""",,"=""""","=""L10989""",
"=""281.7440""","=""0.0003""","=""281.74399""","=""0.00004""","=""""","=""""",,"=""170.1328""","=""35652.900""","=""3d2.4s2""","=""a 3F""","=""3""","=""3d3.(4P).4p""","=""w 5D*""","=""3""",,"=""""","=""L10989""",
"=""282.1541""","=""0.0003""","=""282.15383""","=""0.00005""","=""3""","=""""",,"=""6661.006""","=""42092.236""","=""3d3.(4F).4s""","=""a 5F""","=""3""","=""3d2.4s.(4F).5p""","=""5F*""","=""4""",,"=""""","=""L10989""",
"=""282.3474""","=""0.0003""","=""282.34730""","=""0.00006""","=""1""","=""""",,"=""170.1328""","=""35577.086""","=""3d2.4s2""","=""a 3F""","=""3""","=""3d3.(4P).4p""","=""w 5D*""","=""2""",,"=""""","=""L10989""",
"=""282.5072""","=""0.0003""","=""282.50702""","=""0.00008""","=""2""","=""""",,"=""6598.765""","=""41985.701""","=""3d3.(4F).4s""","=""a 5F""","=""2""","=""3d2.4s.(4F).5p""","=""5F*""","=""3""",,"=""""","=""L10989""",
"=""282.5393""","=""0.0003""","=""282.53910""","=""0.00006""","=""6""","=""""",,"=""6842.962""","=""42225.880""","=""3d3.(4F).4s""","=""a 5F""","=""5""","=""3d2.4s.(4F).5p""","=""5F*""","=""5""",,"=""""","=""L10989""",
"=""282.6154""","=""0.0003""","=""282.61536""","=""0.00006""","=""0""","=""""",,"=""8602.3441""","=""43975.715""","=""3d2.4s2""","=""a 3P""","=""2""","=""3d2.4s.(4F).5p""","=""o 3D*""","=""1""",,"=""""","=""L10989""",
"=""282.6383""","=""0.0003""","=""282.63814""","=""0.00006""","=""00""","=""""",,"=""386.874""","=""35757.394""","=""3d2.4s2""","=""a 3F""","=""4""","=""3d3.(4P).4p""","=""w 5D*""","=""4""",,"=""""","=""L10989""",
"=""282.8050""","=""0.0003""","=""282.80567""","=""0.00005""","=""15+bl*""","=""""",,"=""6556.833""","=""41906.402""","=""3d3.(4F).4s""","=""a 5F""","=""1""","=""3d2.4s.(4F).5p""","=""5F*""","=""2""",,"=""""","=""L10989""",
"=""282.8050""","=""0.0003""","=""282.80638""","=""0.00005""","=""15+bl*""","=""""",,"=""6742.756""","=""42092.236""","=""3d3.(4F).4s""","=""a 5F""","=""4""","=""3d2.4s.(4F).5p""","=""5F*""","=""4""",,"=""""","=""L10989""",
"=""282.8443""","=""0.0003""","=""282.84429""","=""0.00007""","=""0""","=""""",,"=""12118.393""","=""47463.135""","=""3d2.4s2""","=""a 1G""","=""4""","=""3d3.(2F).4p""","=""p 3F*""","=""4""",,"=""""","=""L10989""",
"=""283.0047""","=""0.0003""","=""283.00482""","=""0.00008""","=""4""","=""""",,"=""6661.006""","=""41985.701""","=""3d3.(4F).4s""","=""a 5F""","=""3""","=""3d2.4s.(4F).5p""","=""5F*""","=""3""",,"=""""","=""L10989""",
"=""283.1425""","=""0.0003""","=""283.14155""","=""0.00005""","=""4""","=""""",,"=""6598.765""","=""41906.402""","=""3d3.(4F).4s""","=""a 5F""","=""2""","=""3d2.4s.(4F).5p""","=""5F*""","=""2""",,"=""""","=""L10989""",
"=""283.2270""","=""0.0003""","=""283.22704""","=""0.00006""","=""3""","=""""",,"=""6556.833""","=""41853.813""","=""3d3.(4F).4s""","=""a 5F""","=""1""","=""3d2.4s.(4F).5p""","=""5F*""","=""1""",,"=""""","=""L10989""",
"=""283.4755""","=""0.0003""","=""283.47565""","=""0.00004""","=""2""","=""""",,"=""386.874""","=""35652.900""","=""3d2.4s2""","=""a 3F""","=""4""","=""3d3.(4P).4p""","=""w 5D*""","=""3""",,"=""""","=""L10989""",
"=""283.5421""","=""0.0003""","=""283.54215""","=""0.00007""","=""2""","=""""",,"=""6842.962""","=""42100.717""","=""3d3.(4F).4s""","=""a 5F""","=""5""","=""3d2.4s.(4F).5p""","=""5G*""","=""6""",,"=""""","=""L10989""",
"=""283.5639""","=""0.0003""","=""283.56392""","=""0.00006""","=""2""","=""""",,"=""6598.765""","=""41853.813""","=""3d3.(4F).4s""","=""a 5F""","=""2""","=""3d2.4s.(4F).5p""","=""5F*""","=""1""",,"=""""","=""L10989""",
"=""283.6103""","=""0.0003""","=""283.61038""","=""0.00006""","=""3""","=""""",,"=""6842.962""","=""42092.236""","=""3d3.(4F).4s""","=""a 5F""","=""5""","=""3d2.4s.(4F).5p""","=""5F*""","=""4""",,"=""""","=""L10989""",
"=""283.6420""","=""0.0003""","=""283.64158""","=""0.00004""","=""5""","=""""",,"=""6661.006""","=""41906.402""","=""3d3.(4F).4s""","=""a 5F""","=""3""","=""3d2.4s.(4F).5p""","=""5F*""","=""2""",,"=""""","=""L10989""",
"=""283.6610""","=""0.0003""","=""283.66131""","=""0.00008""","=""3""","=""""",,"=""6742.756""","=""41985.701""","=""3d3.(4F).4s""","=""a 5F""","=""4""","=""3d2.4s.(4F).5p""","=""5F*""","=""3""",,"=""""","=""L10989""",
"=""283.8503""","=""0.0003""","=""283.85034""","=""0.00006""","=""1""","=""""",,"=""6742.756""","=""41962.232""","=""3d3.(4F).4s""","=""a 5F""","=""4""","=""3d2.4s.(4F).5p""","=""5G*""","=""5""",,"=""""","=""L10989""",
"=""284.0222""","=""0.0003""","=""284.02214""","=""0.00005""","=""1""","=""""",,"=""11639.8109""","=""46837.984""","=""3d3.(4F).4s""","=""b 3F""","=""3""","=""3d3.(2F).4p""","=""3G*""","=""4""",,"=""""","=""L10989""",
"=""284.0587""","=""0.0003""","=""284.05875""","=""0.00010""","=""00""","=""""",,"=""11531.761""","=""46725.398""","=""3d3.(4F).4s""","=""b 3F""","=""2""","=""3d3.(2F).4p""","=""3G*""","=""3""",,"=""""","=""L10989""",
"=""284.1148""","=""0.0003""","=""284.11492""","=""0.00004""","=""0""","=""""",,"=""6661.006""","=""41847.686""","=""3d3.(4F).4s""","=""a 5F""","=""3""","=""3d2.4s.(4F).5p""","=""5G*""","=""4""",,"=""""","=""L10989""",
"=""284.3023""","=""0.0003""","=""284.30227""","=""0.00007""","=""2""","=""""",,"=""12118.393""","=""47281.887""","=""3d2.4s2""","=""a 1G""","=""4""","=""3d3.(2F).4p""","=""p 3F*""","=""3""",,"=""""","=""L10989""",
"=""284.5534""","=""0.0003""","=""284.55358""","=""0.00006""","=""0""","=""""",,"=""6556.833""","=""41689.272""","=""3d3.(4F).4s""","=""a 5F""","=""1""","=""3d2.4s.(4F).5p""","=""5G*""","=""2""",,"=""""","=""L10989""",
"=""284.6601""","=""0.0003""","=""284.66029""","=""0.00006""","=""1""","=""""",,"=""6842.962""","=""41962.232""","=""3d3.(4F).4s""","=""a 5F""","=""5""","=""3d2.4s.(4F).5p""","=""5G*""","=""5""",,"=""""","=""L10989""",
"=""284.7765""","=""0.0003""","=""284.77658""","=""0.00004""","=""0""","=""""",,"=""6742.756""","=""41847.686""","=""3d3.(4F).4s""","=""a 5F""","=""4""","=""3d2.4s.(4F).5p""","=""5G*""","=""4""",,"=""""","=""L10989""",
"=""284.8499""","=""0.0003""","=""284.85006""","=""0.00006""","=""0""","=""""",,"=""6661.006""","=""41756.880""","=""3d3.(4F).4s""","=""a 5F""","=""3""","=""3d2.4s.(4F).5p""","=""5G*""","=""3""",,"=""""","=""L10989""",
"=""284.8939""","=""0.0003""","=""284.89363""","=""0.00006""","=""00""","=""""",,"=""6598.765""","=""41689.272""","=""3d3.(4F).4s""","=""a 5F""","=""2""","=""3d2.4s.(4F).5p""","=""5G*""","=""2""",,"=""""","=""L10989""",
"=""284.9333""","=""0.0003""","=""284.93358""","=""0.00010""","=""1""","=""""",,"=""11639.8109""","=""46725.398""","=""3d3.(4F).4s""","=""b 3F""","=""3""","=""3d3.(2F).4p""","=""3G*""","=""3""",,"=""""","=""L10989""",
"=""285.1752""","=""0.0003""","=""285.17482""","=""0.00005""","=""00""","=""""",,"=""7255.355""","=""42311.264""","=""3d2.4s2""","=""a 1D""","=""2""","=""3d.4s2.4p""","=""q 3D*""","=""3""",,"=""""","=""L10989""",
"=""285.3432""","=""0.0005""","=""285.34390""","=""0.00005""","=""2""","=""""",,"=""0.000""","=""35035.137""","=""3d2.4s2""","=""a 3F""","=""2""","=""3d2.(3P).4s.4p.(3P*)""","=""x 1D*""","=""2""",,"=""""","=""L16762""",
"=""285.5131""","=""0.0003""","=""285.51313""","=""0.00007""","=""2""","=""""",,"=""7255.355""","=""42269.727""","=""3d2.4s2""","=""a 1D""","=""2""","=""3d2.4s.(4F).5p""","=""5D*""","=""2""",,"=""""","=""L10989""",
"=""286.0276""","=""0.0003""","=""286.02757""","=""0.00005""","=""3""","=""""",,"=""7255.355""","=""42206.755""","=""3d2.4s2""","=""a 1D""","=""2""","=""3d.4s2.4p""","=""q 3D*""","=""2""",,"=""""","=""L10989""",
"=""286.5228""","=""0.0003""","=""286.52279""","=""0.00005""","=""0""","=""""",,"=""7255.355""","=""42146.348""","=""3d2.4s2""","=""a 1D""","=""2""","=""3d.4s2.4p""","=""q 3D*""","=""1""",,"=""""","=""L10989""",
"=""288.1950""","=""0.0003""","=""288.19520""","=""0.00006""","=""2""","=""""",,"=""7255.355""","=""41943.884""","=""3d2.4s2""","=""a 1D""","=""2""","=""3d3.(2P).4p""","=""u 3P*""","=""1""",,"=""""","=""L10989""",
"=""288.3229""","=""0.0003""","=""288.32286""","=""0.00007""","=""2""","=""""",,"=""7255.355""","=""41928.526""","=""3d2.4s2""","=""a 1D""","=""2""","=""3d3.(2P).4p""","=""u 3P*""","=""2""",,"=""""","=""L10989""",
"=""289.9329""","=""0.0003""","=""289.93205""","=""0.00008""","=""3""","=""""",,"=""11776.812""","=""46257.548""","=""3d3.(4F).4s""","=""b 3F""","=""4""","=""3d2.4s.(2F).5p""","=""u 1G*""","=""4""",,"=""""","=""L10989""",
"=""290.3168""","=""0.0005""","=""290.31786""","=""0.00006""","=""2""","=""""",,"=""8492.422""","=""42927.337""","=""3d2.4s2""","=""a 3P""","=""1""","=""3d3.(2P).4p""","=""1D*""","=""2""",,"=""""","=""L16762""",
"=""290.9931""","=""0.0003""","=""290.9936""","=""0.0003""","=""6bl""","=""""",,"=""14105.634""","=""48460.59""","=""3d3.(4P).4s""","=""a 5P""","=""3""","=""3d2.4s.(2F).5p""","=""3F*""","=""2""",,"=""""","=""L10989""",
"=""291.2083""","=""0.0003""","=""291.20893""","=""0.00007""","=""15+""","=""1.3e+08""",D,"=""7255.355""","=""41584.908""","=""3d2.4s2""","=""a 1D""","=""2""","=""3d3.(2G).4p""","=""v 1F*""","=""3""",,"=""T2805n""","=""L10989""",
"=""291.2473""","=""0.0005""","=""291.24762""","=""0.00006""","=""2""","=""""",,"=""8602.3441""","=""42927.337""","=""3d2.4s2""","=""a 3P""","=""2""","=""3d3.(2P).4p""","=""1D*""","=""2""",,"=""""","=""L16762""",
"=""292.2927""","=""0.0003""","=""292.29259""","=""0.00005""","=""7""","=""""",,"=""7255.355""","=""41457.639""","=""3d2.4s2""","=""a 1D""","=""2""","=""3d.4s2.4p""","=""s 3F*""","=""3""",,"=""""","=""L10989""",
"=""292.8327""","=""0.0003""","=""292.83311""","=""0.00008""","=""10""","=""""",,"=""12118.393""","=""46257.548""","=""3d2.4s2""","=""a 1G""","=""4""","=""3d2.4s.(2F).5p""","=""u 1G*""","=""4""",,"=""""","=""L10989""",
"=""293.3207""","=""0.0003""","=""293.32082""","=""0.00006""","=""0""","=""""",,"=""7255.355""","=""41337.748""","=""3d2.4s2""","=""a 1D""","=""2""","=""3d.4s2.4p""","=""s 3F*""","=""2""",,"=""""","=""L10989""",
"=""293.3528""","=""0.0003""","=""293.35238""","=""0.00003""","=""15+*""","=""""",,"=""14028.436""","=""48107.1632""","=""3d3.(4P).4s""","=""a 5P""","=""2""","=""3d2.4s.(4F<5/2>).4f""","=""2[3/2]*""","=""1""",,"=""""","=""L10989""",
"=""293.3528""","=""0.0003""","=""293.35280""","=""0.00003""","=""15+*""","=""""",,"=""15156.802""","=""49235.4807""","=""3d3.(2G).4s""","=""a 3G""","=""4""","=""3d3.(4F<7/2>).4f""","=""2[7/2]*""","=""4""",,"=""""","=""L10989""",
"=""293.3528""","=""0.0003""","=""293.35342""","=""0.00003""","=""15+*""","=""9.6e+06""",C,"=""0.000""","=""34078.606""","=""3d2.4s2""","=""a 3F""","=""2""","=""3d2.(1G).4s.4p.(3P*)""","=""v 3F*""","=""3""",,"=""T3499n""","=""L10989""",
"=""293.7304""","=""0.0003""","=""293.73056""","=""0.00003""","=""15+""","=""7.7e+06""",C,"=""170.1328""","=""34204.985""","=""3d2.4s2""","=""a 3F""","=""3""","=""3d2.(1G).4s.4p.(3P*)""","=""v 3F*""","=""4""",,"=""T3499n""","=""L10989""",
"=""294.19950""","=""0.00017""","=""294.19908""","=""0.00003""","=""60r""","=""1.0e+08""",C,"=""0.000""","=""33980.653""","=""3d2.4s2""","=""a 3F""","=""2""","=""3d2.(1G).4s.4p.(3P*)""","=""v 3F*""","=""2""",,"=""T3499n""","=""L5""",
"=""294.7717""","=""0.0003""","=""294.77165""","=""0.00005""","=""10""","=""""",,"=""7255.355""","=""41170.006""","=""3d2.4s2""","=""a 1D""","=""2""","=""3d3.(2H).4p""","=""3G*""","=""3""",,"=""""","=""L10989""",
"=""294.8242""","=""0.0003""","=""294.82536""","=""0.00003""","=""15+""","=""9.3e+07""",C,"=""170.1328""","=""34078.606""","=""3d2.4s2""","=""a 3F""","=""3""","=""3d2.(1G).4s.4p.(3P*)""","=""v 3F*""","=""3""",,"=""T3499n""","=""L10989""",
"=""295.6123""","=""0.0003""","=""295.61317""","=""0.00003""","=""15+bl""","=""9.7e+07""",C,"=""386.874""","=""34204.985""","=""3d2.4s2""","=""a 3F""","=""4""","=""3d2.(1G).4s.4p.(3P*)""","=""v 3F*""","=""4""",,"=""T3499n""","=""L10989""",
"=""295.6782""","=""0.0003""","=""295.67954""","=""0.00003""","=""15+""","=""1.8e+07""",C,"=""170.1328""","=""33980.653""","=""3d2.4s2""","=""a 3F""","=""3""","=""3d2.(1G).4s.4p.(3P*)""","=""v 3F*""","=""2""",,"=""T3499n""","=""L10989""",
"=""295.8770""","=""0.0005""","=""295.87701""","=""0.00004""","=""4""","=""""",,"=""16961.442""","=""50749.398""","=""3d2.(3F).4s.4p.(3P*)""","=""z 5F*""","=""3""","=""3d2.4s.(4F<5/2>).5g""","=""2[7/2]""","=""3""",,"=""""","=""L16762""",
"=""295.9704""","=""0.0004""","=""295.97031""","=""0.00006""","=""9""","=""""",,"=""8492.422""","=""42269.727""","=""3d2.4s2""","=""a 3P""","=""1""","=""3d2.4s.(4F).5p""","=""5D*""","=""2""",,"=""""","=""L10989""",
"=""295.9985""","=""0.0004""","=""295.99796""","=""0.00005""","=""10""","=""""",,"=""8602.3441""","=""42376.495""","=""3d2.4s2""","=""a 3P""","=""2""","=""3d2.4s.(4F).5p""","=""5D*""","=""3""",,"=""""","=""L10989""",
"=""296.1459""","=""0.0004""","=""296.14545""","=""0.00005""","=""6""","=""""",,"=""8436.618""","=""42193.949""","=""3d2.4s2""","=""a 3P""","=""0""","=""3d2.4s.(4F).5p""","=""5D*""","=""1""",,"=""""","=""L10989""",
"=""296.5233""","=""0.0004""","=""296.52316""","=""0.00004""","=""13""","=""""",,"=""8492.422""","=""42206.755""","=""3d2.4s2""","=""a 3P""","=""1""","=""3d.4s2.4p""","=""q 3D*""","=""2""",,"=""""","=""L10989""",
"=""296.5644""","=""0.0004""","=""296.56365""","=""0.00005""","=""""","=""""",,"=""8436.618""","=""42146.348""","=""3d2.4s2""","=""a 3P""","=""0""","=""3d.4s2.4p""","=""q 3D*""","=""1""",,"=""""","=""L10989""",
"=""296.5718""","=""0.0004""","=""296.57077""","=""0.00004""","=""""","=""""",,"=""8602.3441""","=""42311.264""","=""3d2.4s2""","=""a 3P""","=""2""","=""3d.4s2.4p""","=""q 3D*""","=""3""",,"=""""","=""L10989""",
"=""296.6365""","=""0.0004""","=""296.63583""","=""0.00004""","=""4""","=""""",,"=""8492.422""","=""42193.949""","=""3d2.4s2""","=""a 3P""","=""1""","=""3d2.4s.(4F).5p""","=""5D*""","=""1""",,"=""""","=""L10989""",
"=""296.7225""","=""0.0004""","=""296.72208""","=""0.00004""","=""14""","=""1.1e+07""",C,"=""386.874""","=""34078.606""","=""3d2.4s2""","=""a 3F""","=""4""","=""3d2.(1G).4s.4p.(3P*)""","=""v 3F*""","=""3""",,"=""T3499n""","=""L10989""",
"=""296.8239""","=""0.0004""","=""296.82326""","=""0.00004""","=""14""","=""""",,"=""0.000""","=""33680.248""","=""3d2.4s2""","=""a 3F""","=""2""","=""3d3.(4F).4p""","=""w 3F*""","=""3""",,"=""""","=""L10989""",
"=""296.9372""","=""0.0004""","=""296.93668""","=""0.00006""","=""5""","=""""",,"=""8602.3441""","=""42269.727""","=""3d2.4s2""","=""a 3P""","=""2""","=""3d2.4s.(4F).5p""","=""5D*""","=""2""",,"=""""","=""L10989""",
"=""297.0379""","=""0.0004""","=""297.03827""","=""0.00004""","=""15+""","=""7.4e+06""",C,"=""0.000""","=""33655.869""","=""3d2.4s2""","=""a 3F""","=""2""","=""3d3.(4F).4p""","=""w 3F*""","=""2""",,"=""T3499n""","=""L10989""",
"=""297.0512""","=""0.0004""","=""297.0506""","=""0.0003""","=""6""","=""""",,"=""15220.393""","=""48874.86""","=""3d3.(2G).4s""","=""a 3G""","=""5""","=""3d2.4s.(2F).5p""","=""3G*""","=""5""",,"=""""","=""L10989""",
"=""297.0558""","=""0.0004""","=""297.05542""","=""0.00004""","=""10""","=""""",,"=""8492.422""","=""42146.348""","=""3d2.4s2""","=""a 3P""","=""1""","=""3d.4s2.4p""","=""q 3D*""","=""1""",,"=""""","=""L10989""",
"=""297.3772""","=""0.0004""","=""297.3765""","=""0.0003""","=""0""","=""""",,"=""15156.802""","=""48774.39""","=""3d3.(2G).4s""","=""a 3G""","=""4""","=""3d2.4s.(2F).5p""","=""3F*""","=""4""",,"=""""","=""L10989""",
"=""297.4940""","=""0.0004""","=""297.49314""","=""0.00004""","=""10""","=""""",,"=""8602.3441""","=""42206.755""","=""3d2.4s2""","=""a 3P""","=""2""","=""3d.4s2.4p""","=""q 3D*""","=""2""",,"=""""","=""L10989""",
"=""297.6073""","=""0.0004""","=""297.60656""","=""0.00004""","=""0""","=""""",,"=""8602.3441""","=""42193.949""","=""3d2.4s2""","=""a 3P""","=""2""","=""3d2.4s.(4F).5p""","=""5D*""","=""1""",,"=""""","=""L10989""",
"=""297.6323""","=""0.0004""","=""297.63234""","=""0.00018""","=""6""","=""""",,"=""7255.355""","=""40844.05""","=""3d2.4s2""","=""a 1D""","=""2""","=""3d3.(2P).4p""","=""x 3S*""","=""1""",,"=""""","=""L10989""",
"=""297.8279""","=""0.0004""","=""297.82749""","=""0.00013""","=""2""","=""""",,"=""11639.8109""","=""45206.499""","=""3d3.(4F).4s""","=""b 3F""","=""3""","=""3d3.(4F).5p""","=""n 3D*""","=""3""",,"=""""","=""L10989""",
"=""297.9407""","=""0.0004""","=""297.9401""","=""0.0003""","=""1""","=""""",,"=""15220.393""","=""48774.39""","=""3d3.(2G).4s""","=""a 3G""","=""5""","=""3d2.4s.(2F).5p""","=""3F*""","=""4""",,"=""""","=""L10989""",
"=""298.0296""","=""0.0004""","=""298.02890""","=""0.00004""","=""3""","=""""",,"=""8602.3441""","=""42146.348""","=""3d2.4s2""","=""a 3P""","=""2""","=""3d.4s2.4p""","=""q 3D*""","=""1""",,"=""""","=""L10989""",
"=""298.1346""","=""0.0004""","=""298.13399""","=""0.00016""","=""1""","=""""",,"=""11531.761""","=""45063.941""","=""3d3.(4F).4s""","=""b 3F""","=""2""","=""3d3.(4F).5p""","=""n 3D*""","=""2""",,"=""""","=""L10989""",
"=""298.1473""","=""0.0004""","=""298.14670""","=""0.00004""","=""12""","=""7.3e+05""",C,"=""170.1328""","=""33700.884""","=""3d2.4s2""","=""a 3F""","=""3""","=""3d3.(4F).4p""","=""w 3F*""","=""4""",,"=""T3499n""","=""L10989""",
"=""298.2287""","=""0.0004""","=""298.2285""","=""0.0004""","=""00""","=""""",,"=""15108.111""","=""48629.67""","=""3d3.(2G).4s""","=""a 3G""","=""3""","=""3d2.4s.(2F).5p""","=""3F*""","=""3""",,"=""""","=""L10989""",
"=""298.3305""","=""0.0004""","=""298.33031""","=""0.00004""","=""15+""","=""1.1e+07""",C,"=""170.1328""","=""33680.248""","=""3d2.4s2""","=""a 3F""","=""3""","=""3d3.(4F).4p""","=""w 3F*""","=""3""",,"=""T3499n""","=""L10989""",
"=""298.3567""","=""0.0004""","=""298.35568""","=""0.00006""","=""5""","=""""",,"=""8436.618""","=""41943.884""","=""3d2.4s2""","=""a 3P""","=""0""","=""3d3.(2P).4p""","=""u 3P*""","=""1""",,"=""""","=""L10989""",
"=""298.5481""","=""0.0004""","=""298.54752""","=""0.00004""","=""11""","=""""",,"=""170.1328""","=""33655.869""","=""3d2.4s2""","=""a 3F""","=""3""","=""3d3.(4F).4p""","=""w 3F*""","=""2""",,"=""""","=""L10989""",
"=""298.6631""","=""0.0004""","=""298.6623""","=""0.0004""","=""0""","=""""",,"=""15156.802""","=""48629.67""","=""3d3.(2G).4s""","=""a 3G""","=""4""","=""3d2.4s.(2F).5p""","=""3F*""","=""3""",,"=""""","=""L10989""",
"=""298.6890""","=""0.0004""","=""298.68860""","=""0.00005""","=""3""","=""""",,"=""11531.761""","=""45001.681""","=""3d3.(4F).4s""","=""b 3F""","=""2""","=""3d3.(4F).5p""","=""3G*""","=""3""",,"=""""","=""L10989""",
"=""298.7420""","=""0.0004""","=""298.74192""","=""0.00008""","=""1""","=""""",,"=""15220.393""","=""48684.340""","=""3d3.(2G).4s""","=""a 3G""","=""5""","=""3d2.4s.(2F).5p""","=""3G*""","=""4""",,"=""""","=""L10989""",
"=""298.7965""","=""0.0004""","=""298.79591""","=""0.00007""","=""4""","=""""",,"=""11639.8109""","=""45097.711""","=""3d3.(4F).4s""","=""b 3F""","=""3""","=""3d3.(4F).5p""","=""3G*""","=""4""",,"=""""","=""L10989""",
"=""298.9914""","=""0.0004""","=""298.99070""","=""0.00008""","=""2""","=""""",,"=""8492.422""","=""41928.526""","=""3d2.4s2""","=""a 3P""","=""1""","=""3d3.(2P).4p""","=""u 3P*""","=""2""",,"=""""","=""L10989""",
"=""299.0485""","=""0.0004""","=""299.04809""","=""0.00013""","=""9""","=""""",,"=""11776.812""","=""45206.499""","=""3d3.(4F).4s""","=""b 3F""","=""4""","=""3d3.(4F).5p""","=""n 3D*""","=""3""",,"=""""","=""L10989""",
"=""299.0983""","=""0.0004""","=""299.09781""","=""0.00016""","=""7""","=""""",,"=""11639.8109""","=""45063.941""","=""3d3.(4F).4s""","=""b 3F""","=""3""","=""3d3.(4F).5p""","=""n 3D*""","=""2""",,"=""""","=""L10989""",
"=""299.1787""","=""0.0004""","=""299.17816""","=""0.00005""","=""3""","=""""",,"=""7255.355""","=""40670.509""","=""3d2.4s2""","=""a 1D""","=""2""","=""3d3.(4P).4p""","=""r 3D*""","=""2""",,"=""""","=""L10989""",
"=""299.3041""","=""0.0004""","=""299.30365""","=""0.00005""","=""3""","=""""",,"=""11639.8109""","=""45040.955""","=""3d3.(4F).4s""","=""b 3F""","=""3""","=""3d3.(4F).5p""","=""3F*""","=""4""",,"=""""","=""L10989""",
"=""299.3931""","=""0.0004""","=""299.39263""","=""0.00006""","=""2""","=""""",,"=""11531.761""","=""44922.979""","=""3d3.(4F).4s""","=""b 3F""","=""2""","=""3d3.(4F).5p""","=""3F*""","=""3""",,"=""""","=""L10989""",
"=""299.4436""","=""0.0004""","=""299.44384""","=""0.00018""","=""3""","=""""",,"=""15156.802""","=""48542.31""","=""3d3.(2G).4s""","=""a 3G""","=""4""","=""3d2.4s.(2F).5p""","=""3G*""","=""3""",,"=""""","=""L10989""",
"=""299.6565""","=""0.0004""","=""299.65601""","=""0.00005""","=""2""","=""""",,"=""11639.8109""","=""45001.681""","=""3d3.(4F).4s""","=""b 3F""","=""3""","=""3d3.(4F).5p""","=""3G*""","=""3""",,"=""""","=""L10989""",
"=""299.7409""","=""0.0004""","=""299.7404""","=""0.0003""","=""1""","=""""",,"=""15108.111""","=""48460.59""","=""3d3.(2G).4s""","=""a 3G""","=""3""","=""3d2.4s.(2F).5p""","=""3F*""","=""2""",,"=""""","=""L10989""",
"=""299.8388""","=""0.0004""","=""299.83874""","=""0.00005""","=""2""","=""""",,"=""8602.3441""","=""41943.884""","=""3d2.4s2""","=""a 3P""","=""2""","=""3d3.(2P).4p""","=""u 3P*""","=""1""",,"=""""","=""L10989""",
"=""299.9773""","=""0.0004""","=""299.97692""","=""0.00008""","=""2""","=""""",,"=""8602.3441""","=""41928.526""","=""3d2.4s2""","=""a 3P""","=""2""","=""3d3.(2P).4p""","=""u 3P*""","=""2""",,"=""""","=""L10989""",
"=""300.0249""","=""0.0004""","=""300.02448""","=""0.00007""","=""3""","=""""",,"=""11776.812""","=""45097.711""","=""3d3.(4F).4s""","=""b 3F""","=""4""","=""3d3.(4F).5p""","=""3G*""","=""4""",,"=""""","=""L10989""",
"=""300.0865""","=""0.0004""","=""300.08653""","=""0.00005""","=""15+""","=""1.2e+07""",C,"=""386.874""","=""33700.884""","=""3d2.4s2""","=""a 3F""","=""4""","=""3d3.(4F).4p""","=""w 3F*""","=""4""",,"=""T3499n""","=""L10989""",
"=""300.1871""","=""0.0004""","=""300.18681""","=""0.00004""","=""5""","=""""",,"=""11531.761""","=""44834.642""","=""3d3.(4F).4s""","=""b 3F""","=""2""","=""3d3.(4F).5p""","=""3F*""","=""2""",,"=""""","=""L10989""",
"=""300.2077""","=""0.0004""","=""300.20684""","=""0.00005""","=""4""","=""""",,"=""7255.355""","=""40556.014""","=""3d2.4s2""","=""a 1D""","=""2""","=""3d3.(4P).4p""","=""r 3D*""","=""1""",,"=""""","=""L10989""",
"=""300.27262""","=""0.00011""","=""300.27253""","=""0.00004""","=""15+""","=""""",,"=""386.874""","=""33680.248""","=""3d2.4s2""","=""a 3F""","=""4""","=""3d3.(4F).4p""","=""w 3F*""","=""3""",,"=""""","=""L10989""",
"=""300.3650""","=""0.0004""","=""300.36461""","=""0.00006""","=""5""","=""""",,"=""11639.8109""","=""44922.979""","=""3d3.(4F).4s""","=""b 3F""","=""3""","=""3d3.(4F).5p""","=""3F*""","=""3""",,"=""""","=""L10989""",
"=""300.5367""","=""0.0004""","=""300.53641""","=""0.00005""","=""5""","=""""",,"=""11776.812""","=""45040.955""","=""3d3.(4F).4s""","=""b 3F""","=""4""","=""3d3.(4F).5p""","=""3F*""","=""4""",,"=""""","=""L10989""",
"=""301.0118""","=""0.0004""","=""301.01161""","=""0.00006""","=""2""","=""""",,"=""7255.355""","=""40466.987""","=""3d2.4s2""","=""a 1D""","=""2""","=""3d.4s2.4p""","=""v 3P*""","=""2""",,"=""""","=""L10989""",
"=""302.1353""","=""0.0004""","=""302.13541""","=""0.00014""","=""00""","=""""",,"=""12118.393""","=""45206.499""","=""3d2.4s2""","=""a 1G""","=""4""","=""3d3.(4F).5p""","=""n 3D*""","=""3""",,"=""""","=""L10989""",
"=""302.50590""","=""0.00011""","=""302.50573""","=""0.00006""","=""3""","=""""",,"=""7255.355""","=""40302.957""","=""3d2.4s2""","=""a 1D""","=""2""","=""3d3.(2D2).4p""","=""w 1F*""","=""3""",,"=""""","=""L10989""",
"=""303.1026""","=""0.0004""","=""303.10226""","=""0.00006""","=""5""","=""""",,"=""8602.3441""","=""41584.908""","=""3d2.4s2""","=""a 3P""","=""2""","=""3d3.(2G).4p""","=""v 1F*""","=""3""",,"=""""","=""L10989""",
"=""304.2535""","=""0.0005""","=""304.25393""","=""0.00005""","=""5""","=""""",,"=""0.000""","=""32857.723""","=""3d2.4s2""","=""a 3F""","=""2""","=""3d2.(1D).4s.4p.(1P*)""","=""y 1F*""","=""3""",,"=""""","=""L16762""",
"=""304.2753""","=""0.0004""","=""304.274386""","=""0.000022""","=""4""","=""""",,"=""15156.802""","=""48012.3158""","=""3d3.(2G).4s""","=""a 3G""","=""4""","=""3d2.4s.(4F<3/2>).4f""","=""2[9/2]*""","=""5""",,"=""""","=""L10989""",
"=""304.3682""","=""0.0004""","=""304.36877""","=""0.00006""","=""00""","=""""",,"=""8492.422""","=""41337.748""","=""3d2.4s2""","=""a 3P""","=""1""","=""3d.4s2.4p""","=""s 3F*""","=""2""",,"=""""","=""L10989""",
"=""306.4349""","=""0.0004""","=""306.43528""","=""0.00005""","=""00""","=""""",,"=""11531.761""","=""44155.596""","=""3d3.(4F).4s""","=""b 3F""","=""2""","=""3d2.4s.(4F).5p""","=""3G*""","=""3""",,"=""""","=""L10989""",
"=""306.5406""","=""0.0004""","=""306.54060""","=""0.00010""","=""2""","=""""",,"=""15975.631""","=""48588.258""","=""3d2.(3F).4s.4p.(3P*)""","=""z 5G*""","=""3""","=""3d2.4s.(4F).5d""","=""5F""","=""3""",,"=""""","=""L10989""",
"=""306.6714""","=""0.0004""","=""306.67168""","=""0.00006""","=""3""","=""""",,"=""11776.812""","=""44375.500""","=""3d3.(4F).4s""","=""b 3F""","=""4""","=""3d2.4s.(4F).5p""","=""3G*""","=""5""",,"=""""","=""L10989""",
"=""306.8388""","=""0.0004""","=""306.83889""","=""0.00016""","=""3""","=""""",,"=""15877.081""","=""48458.006""","=""3d2.(3F).4s.4p.(3P*)""","=""z 5G*""","=""2""","=""3d2.4s.(4F).5d""","=""5F""","=""1""",,"=""""","=""L10989""",
"=""306.9639""","=""0.0004""","=""306.96385""","=""0.00005""","=""1""","=""""",,"=""8602.3441""","=""41170.006""","=""3d2.4s2""","=""a 3P""","=""2""","=""3d3.(2H).4p""","=""3G*""","=""3""",,"=""""","=""L10989""",
"=""306.9744""","=""0.0004""","=""306.97490""","=""0.00012""","=""6""","=""""",,"=""16106.076""","=""48672.566""","=""3d2.(3F).4s.4p.(3P*)""","=""z 5G*""","=""4""","=""3d2.4s.(4F).5d""","=""5F""","=""4""",,"=""""","=""L10989""",
"=""307.2789""","=""0.0004""","=""307.27857""","=""0.00017""","=""5""","=""""",,"=""15975.631""","=""48509.938""","=""3d2.(3F).4s.4p.(3P*)""","=""z 5G*""","=""3""","=""3d2.4s.(4F).5d""","=""5F""","=""2""",,"=""""","=""L10989""",
"=""307.5639""","=""0.0004""","=""307.56390""","=""0.00009""","=""3""","=""""",,"=""16267.480""","=""48771.606""","=""3d2.(3F).4s.4p.(3P*)""","=""z 5G*""","=""5""","=""3d2.4s.(4F).5d""","=""5F""","=""5""",,"=""""","=""L10989""",
"=""307.7719""","=""0.0004""","=""307.77169""","=""0.00010""","=""3""","=""""",,"=""16106.076""","=""48588.258""","=""3d2.(3F).4s.4p.(3P*)""","=""z 5G*""","=""4""","=""3d2.4s.(4F).5d""","=""5F""","=""3""",,"=""""","=""L10989""",
"=""307.7899""","=""0.0004""","=""307.78965""","=""0.00004""","=""1""","=""""",,"=""11776.812""","=""44257.098""","=""3d3.(4F).4s""","=""b 3F""","=""4""","=""3d2.4s.(4F).5p""","=""3G*""","=""4""",,"=""""","=""L10989""",
"=""307.9815""","=""0.0004""","=""307.98122""","=""0.00006""","=""4""","=""""",,"=""7255.355""","=""39715.439""","=""3d2.4s2""","=""a 1D""","=""2""","=""3d3.(2D2).4p""","=""s 3D*""","=""3""",,"=""""","=""L10989""",
"=""308.1355""","=""0.0004""","=""308.13434""","=""0.00008""","=""5""","=""""",,"=""11531.761""","=""43975.715""","=""3d3.(4F).4s""","=""b 3F""","=""2""","=""3d2.4s.(4F).5p""","=""o 3D*""","=""1""",,"=""""","=""L10989""",
"=""308.1724""","=""0.0004""","=""308.17237""","=""0.00006""","=""3""","=""""",,"=""11639.8109""","=""44079.761""","=""3d3.(4F).4s""","=""b 3F""","=""3""","=""3d2.4s.(4F).5p""","=""o 3D*""","=""2""",,"=""""","=""L10989""",
"=""308.2613""","=""0.0004""","=""308.26114""","=""0.00006""","=""6""","=""""",,"=""7255.355""","=""39685.964""","=""3d2.4s2""","=""a 1D""","=""2""","=""3d3.(2D2).4p""","=""s 3D*""","=""2""",,"=""""","=""L10989""",
"=""308.4817""","=""0.0004""","=""308.48161""","=""0.00019""","=""8""","=""""",,"=""8436.618""","=""40844.05""","=""3d2.4s2""","=""a 3P""","=""0""","=""3d3.(2P).4p""","=""x 3S*""","=""1""",,"=""""","=""L10989""",
"=""308.4883""","=""0.0004""","=""308.48833""","=""0.00006""","=""00""","=""""",,"=""7255.355""","=""39662.081""","=""3d2.4s2""","=""a 1D""","=""2""","=""3d3.(2D2).4p""","=""s 3D*""","=""1""",,"=""""","=""L10989""",
"=""308.5032""","=""0.0004""","=""308.50394""","=""0.00012""","=""8bl""","=""""",,"=""16267.480""","=""48672.566""","=""3d2.(3F).4s.4p.(3P*)""","=""z 5G*""","=""5""","=""3d2.4s.(4F).5d""","=""5F""","=""4""",,"=""""","=""L10989""",
"=""308.6818""","=""0.0004""","=""308.68176""","=""0.00009""","=""3""","=""""",,"=""11776.812""","=""44163.232""","=""3d3.(4F).4s""","=""b 3F""","=""4""","=""3d2.(1G).4s.4p.(1P*)""","=""x 1H*""","=""5""",,"=""""","=""L10989""",
"=""308.9738""","=""0.0004""","=""308.97302""","=""0.00010""","=""00""","=""""",,"=""16106.076""","=""48461.967""","=""3d2.(3F).4s.4p.(3P*)""","=""z 5G*""","=""4""","=""3d2.4p2""","=""5F""","=""5""",,"=""""","=""L10989""",
"=""309.0137""","=""0.0004""","=""309.01374""","=""0.00019""","=""10""","=""""",,"=""8492.422""","=""40844.05""","=""3d2.4s2""","=""a 3P""","=""1""","=""3d3.(2P).4p""","=""x 3S*""","=""1""",,"=""""","=""L10989""",
"=""309.2034""","=""0.0004""","=""309.20320""","=""0.00009""","=""2""","=""""",,"=""15877.081""","=""48208.887""","=""3d2.(3F).4s.4p.(3P*)""","=""z 5G*""","=""2""","=""3d2.4p2""","=""5F""","=""3""",,"=""""","=""L10989""",
"=""309.3839""","=""0.0004""","=""309.38378""","=""0.00009""","=""6""","=""""",,"=""16458.671""","=""48771.606""","=""3d2.(3F).4s.4p.(3P*)""","=""z 5G*""","=""6""","=""3d2.4s.(4F).5d""","=""5F""","=""5""",,"=""""","=""L10989""",
"=""310.06665""","=""0.00012""","=""310.06633""","=""0.00007""","=""14""","=""""",,"=""8602.3441""","=""40844.151""","=""3d2.4s2""","=""a 3P""","=""2""","=""3d3.(4P).4p""","=""r 3D*""","=""3""",,"=""""","=""L10989""",
"=""310.1486""","=""0.0004""","=""310.14859""","=""0.00009""","=""11""","=""""",,"=""15975.631""","=""48208.887""","=""3d2.(3F).4s.4p.(3P*)""","=""z 5G*""","=""3""","=""3d2.4p2""","=""5F""","=""3""",,"=""""","=""L10989""",
"=""310.1766""","=""0.0004""","=""310.17655""","=""0.00009""","=""5""","=""""",,"=""15877.081""","=""48107.432""","=""3d2.(3F).4s.4p.(3P*)""","=""z 5G*""","=""2""","=""3d2.4p2""","=""5F""","=""2""",,"=""""","=""L10989""",
"=""310.2504""","=""0.0004""","=""310.25048""","=""0.00009""","=""6""","=""""",,"=""16106.076""","=""48328.747""","=""3d2.(3F).4s.4p.(3P*)""","=""z 5G*""","=""4""","=""3d2.4p2""","=""5F""","=""4""",,"=""""","=""L10989""",
"=""310.5221""","=""0.0004""","=""310.52209""","=""0.00010""","=""6""","=""""",,"=""16267.480""","=""48461.967""","=""3d2.(3F).4s.4p.(3P*)""","=""z 5G*""","=""5""","=""3d2.4p2""","=""5F""","=""5""",,"=""""","=""L10989""",
"=""310.68037""","=""0.00012""","=""310.68036""","=""0.00005""","=""12""","=""""",,"=""8492.422""","=""40670.509""","=""3d2.4s2""","=""a 3P""","=""1""","=""3d3.(4P).4p""","=""r 3D*""","=""2""",,"=""""","=""L10989""",
"=""310.74621""","=""0.00012""","=""310.74631""","=""0.00010""","=""10""","=""""",,"=""15877.081""","=""48048.339""","=""3d2.(3F).4s.4p.(3P*)""","=""z 5G*""","=""2""","=""3d2.4p2""","=""5F""","=""1""",,"=""""","=""L10989""",
"=""311.06103""","=""0.00012""","=""311.06107""","=""0.00005""","=""14""","=""""",,"=""12118.393""","=""44257.098""","=""3d2.4s2""","=""a 1G""","=""4""","=""3d2.4s.(4F).5p""","=""3G*""","=""4""",,"=""""","=""L10989""",
"=""311.12774""","=""0.00012""","=""311.12791""","=""0.00009""","=""9""","=""""",,"=""15975.631""","=""48107.432""","=""3d2.(3F).4s.4p.(3P*)""","=""z 5G*""","=""3""","=""3d2.4p2""","=""5F""","=""2""",,"=""""","=""L10989""",
"=""311.1936""","=""0.0004""","=""311.19296""","=""0.00009""","=""1""","=""""",,"=""15156.802""","=""47281.887""","=""3d3.(2G).4s""","=""a 3G""","=""4""","=""3d3.(2F).4p""","=""p 3F*""","=""3""",,"=""""","=""L10989""",
"=""311.24814""","=""0.00012""","=""311.24808""","=""0.00006""","=""10""","=""""",,"=""8436.618""","=""40556.014""","=""3d2.4s2""","=""a 3P""","=""0""","=""3d3.(4P).4p""","=""r 3D*""","=""1""",,"=""""","=""L10989""",
"=""311.3880""","=""0.0004""","=""311.38782""","=""0.00005""","=""1""","=""""",,"=""11639.8109""","=""43744.793""","=""3d3.(4F).4s""","=""b 3F""","=""3""","=""3d2.4s.(4F).5p""","=""r 3F*""","=""4""",,"=""""","=""L10989""",
"=""311.40875""","=""0.00012""","=""311.40888""","=""0.00009""","=""11""","=""""",,"=""16106.076""","=""48208.887""","=""3d2.(3F).4s.4p.(3P*)""","=""z 5G*""","=""4""","=""3d2.4p2""","=""5F""","=""3""",,"=""""","=""L10989""",
"=""311.4569""","=""0.0004""","=""311.45677""","=""0.00011""","=""2""","=""""",,"=""16817.160""","=""48915.035""","=""3d2.(3F).4s.4p.(3P*)""","=""z 5F*""","=""1""","=""3d2.4p2""","=""h 5D""","=""2""",,"=""""","=""L10989""",
"=""311.6374""","=""0.0004""","=""311.63619""","=""0.00009""","=""12""","=""""",,"=""15108.111""","=""47187.507""","=""3d3.(2G).4s""","=""a 3G""","=""3""","=""3d3.(2F).4p""","=""p 3F*""","=""2""",,"=""""","=""L10989""",
"=""311.6795""","=""0.0004""","=""311.67942""","=""0.00008""","=""2""","=""""",,"=""16961.442""","=""49036.389""","=""3d2.(3F).4s.4p.(3P*)""","=""z 5F*""","=""3""","=""3d2.4p2""","=""h 5D""","=""4""",,"=""""","=""L10989""",
"=""311.74537""","=""0.00012""","=""311.74534""","=""0.00005""","=""9""","=""""",,"=""8602.3441""","=""40670.509""","=""3d2.4s2""","=""a 3P""","=""2""","=""3d3.(4P).4p""","=""r 3D*""","=""2""",,"=""""","=""L10989""",
"=""311.78995""","=""0.00012""","=""311.78980""","=""0.00005""","=""7""","=""""",,"=""8492.422""","=""40556.014""","=""3d2.4s2""","=""a 3P""","=""1""","=""3d3.(4P).4p""","=""r 3D*""","=""1""",,"=""""","=""L10989""",
"=""311.7960""","=""0.0004""","=""311.79620""","=""0.00011""","=""5""","=""""",,"=""16961.442""","=""49024.376""","=""3d2.(3F).4s.4p.(3P*)""","=""z 5F*""","=""3""","=""3d2.4p2""","=""h 5D""","=""3""",,"=""""","=""L10989""",
"=""311.81236""","=""0.00012""","=""311.81241""","=""0.00009""","=""9""","=""""",,"=""16267.480""","=""48328.747""","=""3d2.(3F).4s.4p.(3P*)""","=""z 5G*""","=""5""","=""3d2.4p2""","=""5F""","=""4""",,"=""""","=""L10989""",
"=""311.8284""","=""0.0004""","=""311.8281""","=""0.0003""","=""0""","=""""",,"=""15877.081""","=""47936.73""","=""3d2.(3F).4s.4p.(3P*)""","=""z 5G*""","=""2""","=""3d2.4s.(4F).5d""","=""h 5G""","=""3""",,"=""""","=""L10989""",
"=""311.9068""","=""0.0004""","=""311.90652""","=""0.00004""","=""0""","=""""",,"=""11531.761""","=""43583.355""","=""3d3.(4F).4s""","=""b 3F""","=""2""","=""3d2.4s.(4F).5p""","=""r 3F*""","=""3""",,"=""""","=""L10989""",
"=""311.97229""","=""0.00012""","=""311.97227""","=""0.00009""","=""15+""","=""""",,"=""12118.393""","=""44163.232""","=""3d2.4s2""","=""a 1G""","=""4""","=""3d2.(1G).4s.4p.(1P*)""","=""x 1H*""","=""5""",,"=""""","=""L10989""",
"=""311.9952""","=""0.0004""","=""311.99542""","=""0.00011""","=""""","=""""",,"=""15975.631""","=""48018.093""","=""3d2.(3F).4s.4p.(3P*)""","=""z 5G*""","=""3""","=""3d2.4s.(4F).5d""","=""h 5G""","=""4""",,"=""""","=""L10989""",
"=""311.9978""","=""0.0004""","=""311.99806""","=""0.00009""","=""""","=""""",,"=""16817.160""","=""48859.350""","=""3d2.(3F).4s.4p.(3P*)""","=""z 5F*""","=""1""","=""3d2.4p2""","=""h 5D""","=""1""",,"=""""","=""L10989""",
"=""312.0203""","=""0.0004""","=""312.02026""","=""0.00011""","=""6""","=""""",,"=""16875.124""","=""48915.035""","=""3d2.(3F).4s.4p.(3P*)""","=""z 5F*""","=""2""","=""3d2.4p2""","=""h 5D""","=""2""",,"=""""","=""L10989""",
"=""312.2801""","=""0.0004""","=""312.28003""","=""0.00013""","=""5""","=""""",,"=""16106.076""","=""48119.335""","=""3d2.(3F).4s.4p.(3P*)""","=""z 5G*""","=""4""","=""3d2.4s.(4F).5d""","=""h 5G""","=""5""",,"=""""","=""L10989""",
"=""312.30734""","=""0.00012""","=""312.30731""","=""0.00008""","=""10""","=""""",,"=""7255.355""","=""39265.818""","=""3d2.4s2""","=""a 1D""","=""2""","=""3d.4s2.4p""","=""w 1D*""","=""2""",,"=""""","=""L10989""",
"=""312.37728""","=""0.00012""","=""312.37725""","=""0.00011""","=""12""","=""""",,"=""16458.671""","=""48461.967""","=""3d2.(3F).4s.4p.(3P*)""","=""z 5G*""","=""6""","=""3d2.4p2""","=""5F""","=""5""",,"=""""","=""L10989""",
"=""312.4740""","=""0.0004""","=""312.47399""","=""0.00020""","=""8""","=""""",,"=""15877.081""","=""47870.47""","=""3d2.(3F).4s.4p.(3P*)""","=""z 5G*""","=""2""","=""3d2.4s.(4F).5d""","=""h 5G""","=""2""",,"=""""","=""L10989""",
"=""312.55462""","=""0.00012""","=""312.55458""","=""0.00013""","=""5""","=""""",,"=""16817.160""","=""48802.300""","=""3d2.(3F).4s.4p.(3P*)""","=""z 5F*""","=""1""","=""3d2.4p2""","=""h 5D""","=""0""",,"=""""","=""L10989""",
"=""312.56354""","=""0.00012""","=""312.56351""","=""0.00009""","=""6""","=""""",,"=""16875.124""","=""48859.350""","=""3d2.(3F).4s.4p.(3P*)""","=""z 5F*""","=""2""","=""3d2.4p2""","=""h 5D""","=""1""",,"=""""","=""L10989""",
"=""312.6580""","=""0.0004""","=""312.65795""","=""0.00006""","=""1""","=""""",,"=""8492.422""","=""40466.987""","=""3d2.4s2""","=""a 3P""","=""1""","=""3d.4s2.4p""","=""v 3P*""","=""2""",,"=""""","=""L10989""",
"=""312.7226""","=""0.0004""","=""312.72235""","=""0.00005""","=""5""","=""""",,"=""11776.812""","=""43744.793""","=""3d3.(4F).4s""","=""b 3F""","=""4""","=""3d2.4s.(4F).5p""","=""r 3F*""","=""4""",,"=""""","=""L10989""",
"=""312.7427""","=""0.0004""","=""312.74271""","=""0.00009""","=""6""","=""""",,"=""16267.480""","=""48233.380""","=""3d2.(3F).4s.4p.(3P*)""","=""z 5G*""","=""5""","=""3d2.4s.(4F).5d""","=""h 5G""","=""6""",,"=""""","=""L10989""",
"=""312.7562""","=""0.0004""","=""312.75559""","=""0.00008""","=""3""","=""""",,"=""16875.124""","=""48839.708""","=""3d2.(3F).4s.4p.(3P*)""","=""z 5F*""","=""2""","=""3d2.4p2""","=""e 3D""","=""3""",,"=""""","=""L10989""",
"=""312.7684""","=""0.0004""","=""312.7684""","=""0.0003""","=""13""","=""""",,"=""15877.081""","=""47840.36""","=""3d2.(3F).4s.4p.(3P*)""","=""z 5G*""","=""2""","=""3d2.4s.(4F).5d""","=""g 5H""","=""3""",,"=""""","=""L10989""",
"=""312.790""","=""0.003""","=""312.78938""","=""0.00008""","=""5*""","=""""",,"=""17075.258""","=""49036.389""","=""3d2.(3F).4s.4p.(3P*)""","=""z 5F*""","=""4""","=""3d2.4p2""","=""h 5D""","=""4""",,"=""""","=""c112""",
"=""312.790""","=""0.003""","=""312.7897""","=""0.0003""","=""5*""","=""""",,"=""15975.631""","=""47936.73""","=""3d2.(3F).4s.4p.(3P*)""","=""z 5G*""","=""3""","=""3d2.4s.(4F).5d""","=""h 5G""","=""3""",,"=""""","=""c112""",
"=""312.86316""","=""0.00012""","=""312.86317""","=""0.00011""","=""8""","=""""",,"=""16961.442""","=""48915.035""","=""3d2.(3F).4s.4p.(3P*)""","=""z 5F*""","=""3""","=""3d2.4p2""","=""h 5D""","=""2""",,"=""""","=""L10989""",
"=""312.90708""","=""0.00012""","=""312.90699""","=""0.00011""","=""8""","=""""",,"=""17075.258""","=""49024.376""","=""3d2.(3F).4s.4p.(3P*)""","=""z 5F*""","=""4""","=""3d2.4p2""","=""h 5D""","=""3""",,"=""""","=""L10989""",
"=""312.9193""","=""0.0004""","=""312.91913""","=""0.00007""","=""0""","=""""",,"=""8436.618""","=""40384.497""","=""3d2.4s2""","=""a 3P""","=""0""","=""3d.4s2.4p""","=""v 3P*""","=""1""",,"=""""","=""L10989""",
"=""312.9618""","=""0.0004""","=""312.96159""","=""0.00004""","=""4""","=""""",,"=""11639.8109""","=""43583.355""","=""3d3.(4F).4s""","=""b 3F""","=""3""","=""3d2.4s.(4F).5p""","=""r 3F*""","=""3""",,"=""""","=""L10989""",
"=""313.0166""","=""0.0004""","=""313.01672""","=""0.00020""","=""10""","=""""",,"=""15975.631""","=""47913.55""","=""3d2.(3F).4s.4p.(3P*)""","=""z 5G*""","=""3""","=""3d2.4s.(4F).5d""","=""g 5H""","=""4""",,"=""""","=""L10989""",
"=""313.0383""","=""0.0004""","=""313.03772""","=""0.00005""","=""6""","=""""",,"=""11531.761""","=""43467.537""","=""3d3.(4F).4s""","=""b 3F""","=""2""","=""3d2.4s.(4F).5p""","=""r 3F*""","=""2""",,"=""""","=""L10989""",
"=""313.2709""","=""0.0004""","=""313.27079""","=""0.00011""","=""7""","=""""",,"=""16106.076""","=""48018.093""","=""3d2.(3F).4s.4p.(3P*)""","=""z 5G*""","=""4""","=""3d2.4s.(4F).5d""","=""h 5G""","=""4""",,"=""""","=""L10989""",
"=""313.3122""","=""0.0004""","=""313.31224""","=""0.00011""","=""3""","=""""",,"=""16817.160""","=""48724.955""","=""3d2.(3F).4s.4p.(3P*)""","=""z 5F*""","=""1""","=""3d2.4p2""","=""e 3D""","=""1""",,"=""""","=""L10989""",
"=""313.3187""","=""0.0004""","=""313.31866""","=""0.00011""","=""00""","=""""",,"=""16817.160""","=""48724.302""","=""3d2.(3F).4s.4p.(3P*)""","=""z 5F*""","=""1""","=""3d2.4p2""","=""e 3D""","=""2""",,"=""""","=""L10989""",
"=""313.4397""","=""0.0004""","=""313.43952""","=""0.00020""","=""0""","=""""",,"=""15975.631""","=""47870.47""","=""3d2.(3F).4s.4p.(3P*)""","=""z 5G*""","=""3""","=""3d2.4s.(4F).5d""","=""h 5G""","=""2""",,"=""""","=""L10989""",
"=""313.4668""","=""0.0004""","=""313.46669""","=""0.00006""","=""3""","=""""",,"=""8492.422""","=""40384.497""","=""3d2.4s2""","=""a 3P""","=""1""","=""3d.4s2.4p""","=""v 3P*""","=""1""",,"=""""","=""L10989""",
"=""313.5052""","=""0.0004""","=""313.50379""","=""0.00008""","=""13""","=""""",,"=""16106.076""","=""47994.377""","=""3d2.(3F).4s.4p.(3P*)""","=""z 5G*""","=""4""","=""3d2.4s.(4F).5d""","=""g 5H""","=""5""",,"=""""","=""L10989""",
"=""313.6025""","=""0.0004""","=""313.60248""","=""0.00008""","=""5""","=""""",,"=""16961.442""","=""48839.708""","=""3d2.(3F).4s.4p.(3P*)""","=""z 5F*""","=""3""","=""3d2.4p2""","=""e 3D""","=""3""",,"=""""","=""L10989""",
"=""313.6140""","=""0.0004""","=""313.61385""","=""0.00011""","=""00""","=""""",,"=""8492.422""","=""40369.532""","=""3d2.4s2""","=""a 3P""","=""1""","=""3d.4s2.4p""","=""v 3P*""","=""0""",,"=""""","=""L10989""",
"=""313.7367""","=""0.0004""","=""313.73656""","=""0.00006""","=""0""","=""""",,"=""8602.3441""","=""40466.987""","=""3d2.4s2""","=""a 3P""","=""2""","=""3d.4s2.4p""","=""v 3P*""","=""2""",,"=""""","=""L10989""",
"=""313.8627""","=""0.0004""","=""313.86252""","=""0.00013""","=""7""","=""""",,"=""16267.480""","=""48119.335""","=""3d2.(3F).4s.4p.(3P*)""","=""z 5G*""","=""5""","=""3d2.4s.(4F).5d""","=""h 5G""","=""5""",,"=""""","=""L10989""",
"=""313.8826""","=""0.0004""","=""313.88247""","=""0.00011""","=""4""","=""""",,"=""16875.124""","=""48724.955""","=""3d2.(3F).4s.4p.(3P*)""","=""z 5F*""","=""2""","=""3d2.4p2""","=""e 3D""","=""1""",,"=""""","=""L10989""",
"=""313.8890""","=""0.0004""","=""313.88890""","=""0.00011""","=""3""","=""""",,"=""16875.124""","=""48724.302""","=""3d2.(3F).4s.4p.(3P*)""","=""z 5F*""","=""2""","=""3d2.4p2""","=""e 3D""","=""2""",,"=""""","=""L10989""",
"=""313.98753""","=""0.00012""","=""313.98748""","=""0.00009""","=""11""","=""""",,"=""16267.480""","=""48106.659""","=""3d2.(3F).4s.4p.(3P*)""","=""z 5G*""","=""5""","=""3d2.4s.(4F).5d""","=""g 5H""","=""6""",,"=""""","=""L10989""",
"=""314.1004""","=""0.0004""","=""314.10047""","=""0.00005""","=""3""","=""""",,"=""11639.8109""","=""43467.537""","=""3d3.(4F).4s""","=""b 3F""","=""3""","=""3d2.4s.(4F).5p""","=""r 3F*""","=""2""",,"=""""","=""L10989""",
"=""314.15312""","=""0.00012""","=""314.15307""","=""0.00006""","=""12""","=""""",,"=""7255.355""","=""39077.753""","=""3d2.4s2""","=""a 1D""","=""2""","=""3d3.(2D2).4p""","=""x 1P*""","=""1""",,"=""""","=""L10989""",
"=""314.16687""","=""0.00012""","=""314.16688""","=""0.00008""","=""9""","=""""",,"=""17215.390""","=""49036.389""","=""3d2.(3F).4s.4p.(3P*)""","=""z 5F*""","=""5""","=""3d2.4p2""","=""h 5D""","=""4""",,"=""""","=""L10989""",
"=""314.3098""","=""0.0004""","=""314.30967""","=""0.00004""","=""1""","=""""",,"=""11776.812""","=""43583.355""","=""3d3.(4F).4s""","=""b 3F""","=""4""","=""3d2.4s.(4F).5p""","=""r 3F*""","=""3""",,"=""""","=""L10989""",
"=""314.33448""","=""0.00012""","=""314.33447""","=""0.00010""","=""11""","=""""",,"=""16458.671""","=""48262.705""","=""3d2.(3F).4s.4p.(3P*)""","=""z 5G*""","=""6""","=""3d2.4s.(4F).5d""","=""g 5H""","=""7""",,"=""""","=""L10989""",
"=""314.3551""","=""0.0004""","=""314.35513""","=""0.00008""","=""2""","=""""",,"=""15220.393""","=""47022.337""","=""3d3.(2G).4s""","=""a 3G""","=""5""","=""3d3.(2F).4p""","=""3G*""","=""5""",,"=""""","=""L10989""",
"=""314.5508""","=""0.0004""","=""314.55089""","=""0.00006""","=""6""","=""""",,"=""8602.3441""","=""40384.497""","=""3d2.4s2""","=""a 3P""","=""2""","=""3d.4s2.4p""","=""v 3P*""","=""1""",,"=""""","=""L10989""",
"=""314.6246""","=""0.0004""","=""314.62458""","=""0.00009""","=""7""","=""""",,"=""16458.671""","=""48233.380""","=""3d2.(3F).4s.4p.(3P*)""","=""z 5G*""","=""6""","=""3d2.4s.(4F).5d""","=""h 5G""","=""6""",,"=""""","=""L10989""",
"=""314.7262""","=""0.0004""","=""314.72620""","=""0.00008""","=""8""","=""""",,"=""17075.258""","=""48839.708""","=""3d2.(3F).4s.4p.(3P*)""","=""z 5F*""","=""4""","=""3d2.4p2""","=""e 3D""","=""3""",,"=""""","=""L10989""",
"=""314.7419""","=""0.0004""","=""314.74195""","=""0.00011""","=""6""","=""""",,"=""16961.442""","=""48724.302""","=""3d2.(3F).4s.4p.(3P*)""","=""z 5F*""","=""3""","=""3d2.4p2""","=""e 3D""","=""2""",,"=""""","=""L10989""",
"=""314.8628""","=""0.0004""","=""314.86336""","=""0.00011""","=""00""","=""""",,"=""16267.480""","=""48018.093""","=""3d2.(3F).4s.4p.(3P*)""","=""z 5G*""","=""5""","=""3d2.4s.(4F).5d""","=""h 5G""","=""4""",,"=""""","=""L10989""",
"=""315.1114""","=""0.0004""","=""315.11156""","=""0.00004""","=""2""","=""""",,"=""0.000""","=""31725.605""","=""3d2.4s2""","=""a 3F""","=""2""","=""3d2.(3P).4s.4p.(3P*)""","=""y 3P*""","=""1""",,"=""""","=""L10989""",
"=""315.2552""","=""0.0004""","=""315.25547""","=""0.00013""","=""00""","=""""",,"=""16961.442""","=""48672.566""","=""3d2.(3F).4s.4p.(3P*)""","=""z 5F*""","=""3""","=""3d2.4s.(4F).5d""","=""5F""","=""4""",,"=""""","=""L10989""",
"=""315.35999""","=""0.00012""","=""315.36000""","=""0.00006""","=""10""","=""""",,"=""8602.3441""","=""40302.957""","=""3d2.4s2""","=""a 3P""","=""2""","=""3d3.(2D2).4p""","=""w 1F*""","=""3""",,"=""""","=""L10989""",
"=""315.4378""","=""0.0004""","=""315.43797""","=""0.00018""","=""2""","=""""",,"=""16817.160""","=""48509.938""","=""3d2.(3F).4s.4p.(3P*)""","=""z 5F*""","=""1""","=""3d2.4s.(4F).5d""","=""5F""","=""2""",,"=""""","=""L10989""",
"=""315.5533""","=""0.0004""","=""315.55343""","=""0.00006""","=""2""","=""""",,"=""15156.802""","=""46837.984""","=""3d3.(2G).4s""","=""a 3G""","=""4""","=""3d3.(2F).4p""","=""3G*""","=""4""",,"=""""","=""L10989""",
"=""315.7586""","=""0.0004""","=""315.75793""","=""0.00014""","=""0""","=""""",,"=""16458.671""","=""48119.335""","=""3d2.(3F).4s.4p.(3P*)""","=""z 5G*""","=""6""","=""3d2.4s.(4F).5d""","=""h 5G""","=""5""",,"=""""","=""L10989""",
"=""315.76628""","=""0.00012""","=""315.76619""","=""0.00007""","=""9""","=""""",,"=""170.1328""","=""31829.969""","=""3d2.4s2""","=""a 3F""","=""3""","=""3d2.(1G).4s.4p.(3P*)""","=""z 3H*""","=""4""",,"=""""","=""L10989""",
"=""315.9559""","=""0.0004""","=""315.95571""","=""0.00017""","=""3""","=""""",,"=""16817.160""","=""48458.006""","=""3d2.(3F).4s.4p.(3P*)""","=""z 5F*""","=""1""","=""3d2.4s.(4F).5d""","=""5F""","=""1""",,"=""""","=""L10989""",
"=""316.0079""","=""0.0004""","=""316.00786""","=""0.00007""","=""3""","=""""",,"=""170.1328""","=""31805.758""","=""3d2.4s2""","=""a 3F""","=""3""","=""3d2.(3P).4s.4p.(3P*)""","=""y 3P*""","=""2""",,"=""""","=""L10989""",
"=""316.0160""","=""0.0004""","=""316.01596""","=""0.00018""","=""3""","=""""",,"=""16875.124""","=""48509.938""","=""3d2.(3F).4s.4p.(3P*)""","=""z 5F*""","=""2""","=""3d2.4s.(4F).5d""","=""5F""","=""2""",,"=""""","=""L10989""",
"=""316.0961""","=""0.0004""","=""316.09588""","=""0.00011""","=""5""","=""""",,"=""16961.442""","=""48588.258""","=""3d2.(3F).4s.4p.(3P*)""","=""z 5F*""","=""3""","=""3d2.4s.(4F).5d""","=""5F""","=""3""",,"=""""","=""L10989""",
"=""316.1908""","=""0.0004""","=""316.19115""","=""0.00012""","=""5""","=""""",,"=""15108.111""","=""46725.398""","=""3d3.(2G).4s""","=""a 3G""","=""3""","=""3d3.(2F).4p""","=""3G*""","=""3""",,"=""""","=""L10989""",
"=""316.3911""","=""0.0004""","=""316.39108""","=""0.00013""","=""6""","=""""",,"=""17075.258""","=""48672.566""","=""3d2.(3F).4s.4p.(3P*)""","=""z 5F*""","=""4""","=""3d2.4s.(4F).5d""","=""5F""","=""4""",,"=""""","=""L10989""",
"=""316.5355""","=""0.0004""","=""316.53561""","=""0.00017""","=""2""","=""""",,"=""16875.124""","=""48458.006""","=""3d2.(3F).4s.4p.(3P*)""","=""z 5F*""","=""2""","=""3d2.4s.(4F).5d""","=""5F""","=""1""",,"=""""","=""L10989""",
"=""316.8034""","=""0.0004""","=""316.80310""","=""0.00009""","=""5""","=""""",,"=""17215.390""","=""48771.606""","=""3d2.(3F).4s.4p.(3P*)""","=""z 5F*""","=""5""","=""3d2.4s.(4F).5d""","=""5F""","=""5""",,"=""""","=""L10989""",
"=""316.8807""","=""0.0004""","=""316.88062""","=""0.00018""","=""4""","=""""",,"=""16961.442""","=""48509.938""","=""3d2.(3F).4s.4p.(3P*)""","=""z 5F*""","=""3""","=""3d2.4s.(4F).5d""","=""5F""","=""2""",,"=""""","=""L10989""",
"=""317.09266""","=""0.00012""","=""317.09250""","=""0.00006""","=""11""","=""""",,"=""386.874""","=""31914.291""","=""3d2.4s2""","=""a 3F""","=""4""","=""3d2.(1G).4s.4p.(3P*)""","=""z 3H*""","=""5""",,"=""""","=""L10989""",
"=""317.2380""","=""0.0004""","=""317.23757""","=""0.00011""","=""4""","=""""",,"=""17075.258""","=""48588.258""","=""3d2.(3F).4s.4p.(3P*)""","=""z 5F*""","=""4""","=""3d2.4s.(4F).5d""","=""5F""","=""3""",,"=""""","=""L10989""",
"=""317.27284""","=""0.00012""","=""317.27292""","=""0.00006""","=""9""","=""""",,"=""7255.355""","=""38764.844""","=""3d2.4s2""","=""a 1D""","=""2""","=""3d3.(2P).4p""","=""t 3D*""","=""3""",,"=""""","=""L10989""",
"=""317.8010""","=""0.0004""","=""317.80056""","=""0.00013""","=""4""","=""""",,"=""17215.390""","=""48672.566""","=""3d2.(3F).4s.4p.(3P*)""","=""z 5F*""","=""5""","=""3d2.4s.(4F).5d""","=""5F""","=""4""",,"=""""","=""L10989""",
"=""317.92924""","=""0.00012""","=""317.92918""","=""0.00006""","=""8""","=""""",,"=""7255.355""","=""38699.805""","=""3d2.4s2""","=""a 1D""","=""2""","=""3d3.(2P).4p""","=""t 3D*""","=""2""",,"=""""","=""L10989""",
"=""317.9431""","=""0.0004""","=""317.94288""","=""0.00007""","=""4""","=""""",,"=""386.874""","=""31829.969""","=""3d2.4s2""","=""a 3F""","=""4""","=""3d2.(1G).4s.4p.(3P*)""","=""z 3H*""","=""4""",,"=""""","=""L10989""",
"=""318.3924""","=""0.0004""","=""318.39231""","=""0.00005""","=""3""","=""""",,"=""7255.355""","=""38654.068""","=""3d2.4s2""","=""a 1D""","=""2""","=""3d3.(2P).4p""","=""t 3D*""","=""1""",,"=""""","=""L10989""",
"=""318.5123""","=""0.0004""","=""318.51409""","=""0.00010""","=""7""","=""""",,"=""17075.258""","=""48461.967""","=""3d2.(3F).4s.4p.(3P*)""","=""z 5F*""","=""4""","=""3d2.4p2""","=""5F""","=""5""",,"=""""","=""L10989""",
"=""318.64510""","=""0.00012""","=""318.64508""","=""0.00003""","=""15+""","=""8.0e+07""",C,"=""0.000""","=""31373.807""","=""3d2.4s2""","=""a 3F""","=""2""","=""3d3.(4F).4p""","=""w 3G*""","=""3""",,"=""T3499n""","=""L10989""",
"=""318.7115""","=""0.0004""","=""318.71113""","=""0.00009""","=""2""","=""""",,"=""16961.442""","=""48328.747""","=""3d2.(3F).4s.4p.(3P*)""","=""z 5F*""","=""3""","=""3d2.4p2""","=""5F""","=""4""",,"=""""","=""L10989""",
"=""319.0531""","=""0.0004""","=""319.05231""","=""0.00009""","=""3""","=""""",,"=""16875.124""","=""48208.887""","=""3d2.(3F).4s.4p.(3P*)""","=""z 5F*""","=""2""","=""3d2.4p2""","=""5F""","=""3""",,"=""""","=""L10989""",
"=""319.19931""","=""0.00012""","=""319.19922""","=""0.00004""","=""15+""","=""8.5e+07""",C,"=""170.1328""","=""31489.476""","=""3d2.4s2""","=""a 3F""","=""3""","=""3d3.(4F).4p""","=""w 3G*""","=""4""",,"=""T3499n""","=""L10989""",
"=""319.4962""","=""0.0004""","=""319.49579""","=""0.00009""","=""0""","=""""",,"=""16817.160""","=""48107.432""","=""3d2.(3F).4s.4p.(3P*)""","=""z 5F*""","=""1""","=""3d2.4p2""","=""5F""","=""2""",,"=""""","=""L10989""",
"=""319.8719""","=""0.0004""","=""319.87182""","=""0.00009""","=""6""","=""""",,"=""17075.258""","=""48328.747""","=""3d2.(3F).4s.4p.(3P*)""","=""z 5F*""","=""4""","=""3d2.4p2""","=""5F""","=""4""",,"=""""","=""L10989""",
"=""319.9337""","=""0.0004""","=""319.93370""","=""0.00009""","=""5""","=""""",,"=""16961.442""","=""48208.887""","=""3d2.(3F).4s.4p.(3P*)""","=""z 5F*""","=""3""","=""3d2.4p2""","=""5F""","=""3""",,"=""""","=""L10989""",
"=""319.94252""","=""0.00012""","=""319.94259""","=""0.00010""","=""7""","=""""",,"=""17215.390""","=""48461.967""","=""3d2.(3F).4s.4p.(3P*)""","=""z 5F*""","=""5""","=""3d2.4p2""","=""5F""","=""5""",,"=""""","=""L10989""",
"=""319.99149""","=""0.00012""","=""319.99136""","=""0.00004""","=""15+""","=""9.4e+07""",C,"=""386.874""","=""31628.688""","=""3d2.4s2""","=""a 3F""","=""4""","=""3d3.(4F).4p""","=""w 3G*""","=""5""",,"=""T3499n""","=""L10989""",
"=""320.0887""","=""0.0004""","=""320.08876""","=""0.00009""","=""3""","=""""",,"=""16875.124""","=""48107.432""","=""3d2.(3F).4s.4p.(3P*)""","=""z 5F*""","=""2""","=""3d2.4p2""","=""5F""","=""2""",,"=""""","=""L10989""",
"=""320.1005""","=""0.0004""","=""320.10033""","=""0.00010""","=""3""","=""""",,"=""16817.160""","=""48048.339""","=""3d2.(3F).4s.4p.(3P*)""","=""z 5F*""","=""1""","=""3d2.4p2""","=""5F""","=""1""",,"=""""","=""L10989""",
"=""320.15890""","=""0.00012""","=""320.15893""","=""0.00006""","=""11""","=""""",,"=""8436.618""","=""39662.081""","=""3d2.4s2""","=""a 3P""","=""0""","=""3d3.(2D2).4p""","=""s 3D*""","=""1""",,"=""""","=""L10989""",
"=""320.3585""","=""0.0004""","=""320.35855""","=""0.00004""","=""6""","=""""",,"=""0.000""","=""31206.007""","=""3d2.4s2""","=""a 3F""","=""2""","=""3d2.(3P).4s.4p.(3P*)""","=""v 3D*""","=""3""",,"=""""","=""L10989""",
"=""320.38254""","=""0.00012""","=""320.38250""","=""0.00004""","=""15+""","=""7.2e+06""",C,"=""170.1328""","=""31373.807""","=""3d2.4s2""","=""a 3F""","=""3""","=""3d3.(4F).4p""","=""w 3G*""","=""3""",,"=""T3499n""","=""L10989""",
"=""320.48667""","=""0.00012""","=""320.48657""","=""0.00005""","=""11""","=""""",,"=""8492.422""","=""39685.964""","=""3d2.4s2""","=""a 3P""","=""1""","=""3d3.(2D2).4p""","=""s 3D*""","=""2""",,"=""""","=""L10989""",
"=""320.51616""","=""0.00012""","=""320.51609""","=""0.00003""","=""11""","=""""",,"=""0.000""","=""31190.669""","=""3d2.4s2""","=""a 3F""","=""2""","=""3d2.(3P).4s.4p.(3P*)""","=""v 3D*""","=""2""",,"=""""","=""L10989""",
"=""320.58460""","=""0.00012""","=""320.58453""","=""0.00003""","=""5""","=""""",,"=""0.000""","=""31184.010""","=""3d2.4s2""","=""a 3F""","=""2""","=""3d2.(3P).4s.4p.(3P*)""","=""v 3D*""","=""1""",,"=""""","=""L10989""",
"=""320.63369""","=""0.00012""","=""320.63395""","=""0.00012""","=""8""","=""1.39e+07""",C+,"=""16267.480""","=""47446.684""","=""3d2.(3F).4s.4p.(3P*)""","=""z 5G*""","=""5""","=""3d2.4p2""","=""g 5G""","=""6""",,"=""T6897""","=""L10989""",
"=""320.68222""","=""0.00012""","=""320.68221""","=""0.00007""","=""9""","=""2.18e+07""",B+,"=""16106.076""","=""47280.588""","=""3d2.(3F).4s.4p.(3P*)""","=""z 5G*""","=""4""","=""3d2.4p2""","=""g 5G""","=""5""",,"=""T6897""","=""L10989""",
"=""320.6955""","=""0.0004""","=""320.69555""","=""0.00010""","=""3""","=""""",,"=""16875.124""","=""48048.339""","=""3d2.(3F).4s.4p.(3P*)""","=""z 5F*""","=""2""","=""3d2.4p2""","=""5F""","=""1""",,"=""""","=""L10989""",
"=""320.73224""","=""0.00012""","=""320.73214""","=""0.00005""","=""12""","=""""",,"=""8492.422""","=""39662.081""","=""3d2.4s2""","=""a 3P""","=""1""","=""3d3.(2D2).4p""","=""s 3D*""","=""1""",,"=""""","=""L10989""",
"=""320.78938""","=""0.00012""","=""320.78931""","=""0.00007""","=""11""","=""2.57e+07""",B,"=""15975.631""","=""47139.735""","=""3d2.(3F).4s.4p.(3P*)""","=""z 5G*""","=""3""","=""3d2.4p2""","=""g 5G""","=""4""",,"=""T6897""","=""L10989""",
"=""320.90219""","=""0.00012""","=""320.90212""","=""0.00009""","=""8""","=""1.63e+07""",B,"=""15877.081""","=""47030.230""","=""3d2.(3F).4s.4p.(3P*)""","=""z 5G*""","=""2""","=""3d2.4p2""","=""g 5G""","=""3""",,"=""T6897""","=""L10989""",
"=""320.9760""","=""0.0004""","=""320.97589""","=""0.00009""","=""3""","=""""",,"=""16961.442""","=""48107.432""","=""3d2.(3F).4s.4p.(3P*)""","=""z 5F*""","=""3""","=""3d2.4p2""","=""5F""","=""2""",,"=""""","=""L10989""",
"=""321.1030""","=""0.0004""","=""321.10333""","=""0.00009""","=""4""","=""""",,"=""17075.258""","=""48208.887""","=""3d2.(3F).4s.4p.(3P*)""","=""z 5F*""","=""4""","=""3d2.4p2""","=""5F""","=""3""",,"=""""","=""L10989""",
"=""321.31535""","=""0.00012""","=""321.31526""","=""0.00005""","=""13""","=""""",,"=""8602.3441""","=""39715.439""","=""3d2.4s2""","=""a 3P""","=""2""","=""3d3.(2D2).4p""","=""s 3D*""","=""3""",,"=""""","=""L10989""",
"=""321.42373""","=""0.00012""","=""321.42366""","=""0.00004""","=""15+""","=""6.5e+06""",C,"=""386.874""","=""31489.476""","=""3d2.4s2""","=""a 3F""","=""4""","=""3d3.(4F).4p""","=""w 3G*""","=""4""",,"=""T3499n""","=""L10989""",
"=""321.6079""","=""0.0004""","=""321.60733""","=""0.00019""","=""2""","=""""",,"=""17995.487""","=""49080.327""","=""3d3.(2P).4s""","=""b 3P""","=""0""","=""3d2.4s.(2F).5p""","=""3D*""","=""1""",,"=""""","=""L10989""",
"=""321.62003""","=""0.00012""","=""321.61996""","=""0.00005""","=""9""","=""""",,"=""8602.3441""","=""39685.964""","=""3d2.4s2""","=""a 3P""","=""2""","=""3d3.(2D2).4p""","=""s 3D*""","=""2""",,"=""""","=""L10989""",
"=""321.79381""","=""0.00012""","=""321.79378""","=""0.00007""","=""11""","=""1.25e+08""",B+,"=""15877.081""","=""46943.911""","=""3d2.(3F).4s.4p.(3P*)""","=""z 5G*""","=""2""","=""3d2.4p2""","=""g 5G""","=""2""",,"=""T6897""","=""L10989""",
"=""321.8477""","=""0.0004""","=""321.8479""","=""0.0003""","=""5""","=""""",,"=""16875.124""","=""47936.73""","=""3d2.(3F).4s.4p.(3P*)""","=""z 5F*""","=""2""","=""3d2.4s.(4F).5d""","=""h 5G""","=""3""",,"=""""","=""L10989""",
"=""321.8673""","=""0.0004""","=""321.86727""","=""0.00005""","=""3""","=""""",,"=""8602.3441""","=""39662.081""","=""3d2.4s2""","=""a 3P""","=""2""","=""3d3.(2D2).4p""","=""s 3D*""","=""1""",,"=""""","=""L10989""",
"=""321.8995""","=""0.0004""","=""321.89925""","=""0.00011""","=""8""","=""""",,"=""16961.442""","=""48018.093""","=""3d2.(3F).4s.4p.(3P*)""","=""z 5F*""","=""3""","=""3d2.4s.(4F).5d""","=""h 5G""","=""4""",,"=""""","=""L10989""",
"=""321.92070""","=""0.00012""","=""321.92053""","=""0.00009""","=""10""","=""9.31e+07""",B+,"=""15975.631""","=""47030.230""","=""3d2.(3F).4s.4p.(3P*)""","=""z 5G*""","=""3""","=""3d2.4p2""","=""g 5G""","=""3""",,"=""T6897""","=""L10989""",
"=""321.9340""","=""0.0004""","=""321.93389""","=""0.00021""","=""7""","=""""",,"=""16817.160""","=""47870.47""","=""3d2.(3F).4s.4p.(3P*)""","=""z 5F*""","=""1""","=""3d2.4s.(4F).5d""","=""h 5G""","=""2""",,"=""""","=""L10989""",
"=""322.0297""","=""0.0004""","=""322.02964""","=""0.00013""","=""8""","=""""",,"=""17075.258""","=""48119.335""","=""3d2.(3F).4s.4p.(3P*)""","=""z 5F*""","=""4""","=""3d2.4s.(4F).5d""","=""h 5G""","=""5""",,"=""""","=""L10989""",
"=""322.0920""","=""0.0004""","=""322.09190""","=""0.00012""","=""2""","=""""",,"=""18061.387""","=""49099.463""","=""3d3.(2P).4s""","=""b 3P""","=""1""","=""3d2.4s.(2F).5p""","=""3D*""","=""2""",,"=""""","=""L10989""",
"=""322.11481""","=""0.00012""","=""322.11476""","=""0.00004""","=""9""","=""""",,"=""170.1328""","=""31206.007""","=""3d2.4s2""","=""a 3F""","=""3""","=""3d2.(3P).4s.4p.(3P*)""","=""v 3D*""","=""3""",,"=""""","=""L10989""",
"=""322.13775""","=""0.00012""","=""322.13775""","=""0.00007""","=""11""","=""1.19e+08""",B+,"=""16106.076""","=""47139.735""","=""3d2.(3F).4s.4p.(3P*)""","=""z 5G*""","=""4""","=""3d2.4p2""","=""g 5G""","=""4""",,"=""T6897""","=""L10989""",
"=""322.27412""","=""0.00012""","=""322.27403""","=""0.00004""","=""15+""","=""""",,"=""170.1328""","=""31190.669""","=""3d2.4s2""","=""a 3F""","=""3""","=""3d2.(3P).4s.4p.(3P*)""","=""v 3D*""","=""2""",,"=""""","=""L10989""",
"=""322.30045""","=""0.00012""","=""322.30049""","=""0.00009""","=""8""","=""""",,"=""17215.390""","=""48233.380""","=""3d2.(3F).4s.4p.(3P*)""","=""z 5F*""","=""5""","=""3d2.4s.(4F).5d""","=""h 5G""","=""6""",,"=""""","=""L10989""",
"=""322.35116""","=""0.00012""","=""322.35122""","=""0.00007""","=""12""","=""1.27e+08""",B+,"=""16267.480""","=""47280.588""","=""3d2.(3F).4s.4p.(3P*)""","=""z 5G*""","=""5""","=""3d2.4p2""","=""g 5G""","=""5""",,"=""T6897""","=""L10989""",
"=""322.4349""","=""0.0004""","=""322.43508""","=""0.00011""","=""4""","=""""",,"=""18145.286""","=""49150.329""","=""3d3.(2P).4s""","=""b 3P""","=""2""","=""3d2.4s.(2F).5p""","=""3D*""","=""3""",,"=""""","=""L10989""",
"=""322.5361""","=""0.0004""","=""322.53595""","=""0.00021""","=""3""","=""""",,"=""16875.124""","=""47870.47""","=""3d2.(3F).4s.4p.(3P*)""","=""z 5F*""","=""2""","=""3d2.4s.(4F).5d""","=""h 5G""","=""2""",,"=""""","=""L10989""",
"=""322.61221""","=""0.00012""","=""322.61228""","=""0.00014""","=""12""","=""1.56e+08""",B+,"=""16458.671""","=""47446.684""","=""3d2.(3F).4s.4p.(3P*)""","=""z 5G*""","=""6""","=""3d2.4p2""","=""g 5G""","=""6""",,"=""T6897""","=""L10989""",
"=""322.62363""","=""0.00012""","=""322.62353""","=""0.00004""","=""7""","=""""",,"=""386.874""","=""31373.807""","=""3d2.4s2""","=""a 3F""","=""4""","=""3d3.(4F).4p""","=""w 3G*""","=""3""",,"=""""","=""L10989""",
"=""322.81779""","=""0.00013""","=""322.81786""","=""0.00007""","=""8""","=""2.74e+07""",B,"=""15975.631""","=""46943.911""","=""3d2.(3F).4s.4p.(3P*)""","=""z 5G*""","=""3""","=""3d2.4p2""","=""g 5G""","=""2""",,"=""T6897""","=""L10989""",
"=""322.9648""","=""0.0004""","=""322.96494""","=""0.00013""","=""2""","=""""",,"=""18145.286""","=""49099.463""","=""3d3.(2P).4s""","=""b 3P""","=""2""","=""3d2.4s.(2F).5p""","=""3D*""","=""2""",,"=""""","=""L10989""",
"=""322.9865""","=""0.0004""","=""322.98653""","=""0.00021""","=""6""","=""""",,"=""16961.442""","=""47913.55""","=""3d2.(3F).4s.4p.(3P*)""","=""z 5F*""","=""3""","=""3d2.4s.(4F).5d""","=""g 5H""","=""4""",,"=""""","=""L10989""",
"=""323.0832""","=""0.0004""","=""323.08333""","=""0.00011""","=""2""","=""""",,"=""17075.258""","=""48018.093""","=""3d2.(3F).4s.4p.(3P*)""","=""z 5F*""","=""4""","=""3d2.4s.(4F).5d""","=""h 5G""","=""4""",,"=""""","=""L10989""",
"=""323.27858""","=""0.00013""","=""323.27851""","=""0.00009""","=""7""","=""2.56e+07""",B+,"=""16106.076""","=""47030.230""","=""3d2.(3F).4s.4p.(3P*)""","=""z 5G*""","=""4""","=""3d2.4p2""","=""g 5G""","=""3""",,"=""T6897""","=""L10989""",
"=""323.4901""","=""0.0004""","=""323.48992""","=""0.00014""","=""15+""","=""""",,"=""17215.390""","=""48119.335""","=""3d2.(3F).4s.4p.(3P*)""","=""z 5F*""","=""5""","=""3d2.4s.(4F).5d""","=""h 5G""","=""5""",,"=""""","=""L10989""",
"=""323.6227""","=""0.0004""","=""323.62266""","=""0.00009""","=""15+""","=""""",,"=""17215.390""","=""48106.659""","=""3d2.(3F).4s.4p.(3P*)""","=""z 5F*""","=""5""","=""3d2.4s.(4F).5d""","=""g 5H""","=""6""",,"=""""","=""L10989""",
"=""323.82209""","=""0.00013""","=""323.82199""","=""0.00007""","=""10""","=""2.26e+07""",B+,"=""16267.480""","=""47139.735""","=""3d2.(3F).4s.4p.(3P*)""","=""z 5G*""","=""5""","=""3d2.4p2""","=""g 5G""","=""4""",,"=""T6897""","=""L10989""",
"=""324.35094""","=""0.00013""","=""324.35087""","=""0.00007""","=""7""","=""1.50e+07""",C+,"=""16458.671""","=""47280.588""","=""3d2.(3F).4s.4p.(3P*)""","=""z 5G*""","=""6""","=""3d2.4p2""","=""g 5G""","=""5""",,"=""T6897""","=""L10989""",
"=""324.38023""","=""0.00013""","=""324.38017""","=""0.00004""","=""10""","=""""",,"=""386.874""","=""31206.007""","=""3d2.4s2""","=""a 3F""","=""4""","=""3d2.(3P).4s.4p.(3P*)""","=""v 3D*""","=""3""",,"=""""","=""L10989""",
"=""324.7983""","=""0.0004""","=""324.79784""","=""0.00005""","=""6""","=""""",,"=""11531.761""","=""42311.264""","=""3d3.(4F).4s""","=""b 3F""","=""2""","=""3d.4s2.4p""","=""q 3D*""","=""3""",,"=""""","=""L10989""",
"=""324.860""","=""0.003""","=""324.85977""","=""0.00004""","=""15""","=""""",,"=""18287.554""","=""49061.1894""","=""3d3.(2G).4s""","=""b 1G""","=""4""","=""3d3.(4F<3/2>).4f""","=""2[7/2]*""","=""3""",,"=""""","=""L17997""",
"=""324.9499""","=""0.0004""","=""324.9499""","=""0.0003""","=""0""","=""""",,"=""17075.258""","=""47840.36""","=""3d2.(3F).4s.4p.(3P*)""","=""z 5F*""","=""4""","=""3d2.4s.(4F).5d""","=""g 5H""","=""3""",,"=""""","=""L10989""",
"=""325.2369""","=""0.0004""","=""325.23676""","=""0.00007""","=""3""","=""""",,"=""11531.761""","=""42269.727""","=""3d3.(4F).4s""","=""b 3F""","=""2""","=""3d2.4s.(4F).5p""","=""5D*""","=""2""",,"=""""","=""L10989""",
"=""325.2506""","=""0.0004""","=""325.25032""","=""0.00006""","=""3""","=""""",,"=""11639.8109""","=""42376.495""","=""3d3.(4F).4s""","=""b 3F""","=""3""","=""3d2.4s.(4F).5p""","=""5D*""","=""3""",,"=""""","=""L10989""",
"=""325.8265""","=""0.0004""","=""325.8270""","=""0.0003""","=""6""","=""""",,"=""18192.570""","=""48874.86""","=""3d3.(2H).4s""","=""a 3H""","=""6""","=""3d2.4s.(2F).5p""","=""3G*""","=""5""",,"=""""","=""L10989""",
"=""325.9045""","=""0.0004""","=""325.90445""","=""0.00005""","=""4""","=""""",,"=""11531.761""","=""42206.755""","=""3d3.(4F).4s""","=""b 3F""","=""2""","=""3d.4s2.4p""","=""q 3D*""","=""2""",,"=""""","=""L10989""",
"=""325.9420""","=""0.0004""","=""325.94208""","=""0.00005""","=""5""","=""""",,"=""11639.8109""","=""42311.264""","=""3d3.(4F).4s""","=""b 3F""","=""3""","=""3d.4s2.4p""","=""q 3D*""","=""3""",,"=""""","=""L10989""",
"=""326.02706""","=""0.00013""","=""326.02690""","=""0.00007""","=""15""","=""""",,"=""8602.3441""","=""39265.818""","=""3d2.4s2""","=""a 3P""","=""2""","=""3d.4s2.4p""","=""w 1D*""","=""2""",,"=""""","=""L10989""",
"=""326.0403""","=""0.0004""","=""326.04057""","=""0.00004""","=""5""","=""""",,"=""11531.761""","=""42193.949""","=""3d3.(4F).4s""","=""b 3F""","=""2""","=""3d2.4s.(4F).5p""","=""5D*""","=""1""",,"=""""","=""L10989""",
"=""326.2644""","=""0.0004""","=""326.26460""","=""0.00006""","=""4""","=""""",,"=""8436.618""","=""39077.753""","=""3d2.4s2""","=""a 3P""","=""0""","=""3d3.(2D2).4p""","=""x 1P*""","=""1""",,"=""""","=""L10989""",
"=""326.3841""","=""0.0004""","=""326.38410""","=""0.00007""","=""7""","=""""",,"=""11639.8109""","=""42269.727""","=""3d3.(4F).4s""","=""b 3F""","=""3""","=""3d2.4s.(4F).5p""","=""5D*""","=""2""",,"=""""","=""L10989""",
"=""326.54762""","=""0.00013""","=""326.54753""","=""0.00005""","=""9""","=""""",,"=""11531.761""","=""42146.348""","=""3d3.(4F).4s""","=""b 3F""","=""2""","=""3d.4s2.4p""","=""q 3D*""","=""1""",,"=""""","=""L10989""",
"=""326.70664""","=""0.00013""","=""326.70659""","=""0.00006""","=""6""","=""""",,"=""11776.812""","=""42376.495""","=""3d3.(4F).4s""","=""b 3F""","=""4""","=""3d2.4s.(4F).5p""","=""5D*""","=""3""",,"=""""","=""L10989""",
"=""326.7411""","=""0.0004""","=""326.74114""","=""0.00006""","=""3""","=""""",,"=""7255.355""","=""37851.802""","=""3d2.4s2""","=""a 1D""","=""2""","=""3d2.(3P).4s.4p.(1P*)""","=""u 3D*""","=""1""",,"=""""","=""L10989""",
"=""326.86002""","=""0.00013""","=""326.85990""","=""0.00005""","=""6""","=""""",,"=""8492.422""","=""39077.753""","=""3d2.4s2""","=""a 3P""","=""1""","=""3d3.(2D2).4p""","=""x 1P*""","=""1""",,"=""""","=""L10989""",
"=""327.05667""","=""0.00013""","=""327.05652""","=""0.00005""","=""11""","=""""",,"=""11639.8109""","=""42206.755""","=""3d3.(4F).4s""","=""b 3F""","=""3""","=""3d.4s2.4p""","=""q 3D*""","=""2""",,"=""""","=""L10989""",
"=""327.3121""","=""0.0004""","=""327.31212""","=""0.00010""","=""5""","=""""",,"=""18141.265""","=""48684.340""","=""3d3.(2H).4s""","=""a 3H""","=""5""","=""3d2.4s.(2F).5p""","=""3G*""","=""4""",,"=""""","=""L10989""",
"=""327.40448""","=""0.00013""","=""327.40456""","=""0.00005""","=""8""","=""""",,"=""11776.812""","=""42311.264""","=""3d3.(4F).4s""","=""b 3F""","=""4""","=""3d.4s2.4p""","=""q 3D*""","=""3""",,"=""""","=""L10989""",
"=""327.7198""","=""0.0004""","=""327.71963""","=""0.00021""","=""3""","=""""",,"=""18037.213""","=""48542.31""","=""3d3.(2H).4s""","=""a 3H""","=""4""","=""3d2.4s.(2F).5p""","=""3G*""","=""3""",,"=""""","=""L10989""",
"=""327.7817""","=""0.0004""","=""327.78174""","=""0.00012""","=""4""","=""""",,"=""18525.059""","=""49024.376""","=""3d2.(3F).4s.4p.(3P*)""","=""z 5D*""","=""2""","=""3d2.4p2""","=""h 5D""","=""3""",,"=""""","=""L10989""",
"=""327.89688""","=""0.00013""","=""327.89688""","=""0.00005""","=""15+""","=""""",,"=""7255.355""","=""37743.962""","=""3d2.4s2""","=""a 1D""","=""2""","=""3d3.(2D2).4p""","=""u 3F*""","=""3""",,"=""""","=""L10989""",
"=""328.03871""","=""0.00013""","=""328.03889""","=""0.00005""","=""0""","=""""",,"=""8602.3441""","=""39077.753""","=""3d2.4s2""","=""a 3P""","=""2""","=""3d3.(2D2).4p""","=""x 1P*""","=""1""",,"=""""","=""L10989""",
"=""328.39422""","=""0.00013""","=""328.39415""","=""0.00009""","=""5""","=""""",,"=""18593.947""","=""49036.389""","=""3d2.(3F).4s.4p.(3P*)""","=""z 5D*""","=""3""","=""3d2.4p2""","=""h 5D""","=""4""",,"=""""","=""L10989""",
"=""328.5029""","=""0.0004""","=""328.50401""","=""0.00013""","=""7""","=""""",,"=""18482.774""","=""48915.035""","=""3d2.(3F).4s.4p.(3P*)""","=""z 5D*""","=""1""","=""3d2.4p2""","=""h 5D""","=""2""",,"=""""","=""L10989""",
"=""328.5237""","=""0.0004""","=""328.52379""","=""0.00012""","=""5""","=""""",,"=""18593.947""","=""49024.376""","=""3d2.(3F).4s.4p.(3P*)""","=""z 5D*""","=""3""","=""3d2.4p2""","=""h 5D""","=""3""",,"=""""","=""L10989""",
"=""328.7216""","=""0.0004""","=""328.72155""","=""0.00006""","=""00""","=""""",,"=""11531.761""","=""41943.884""","=""3d3.(4F).4s""","=""b 3F""","=""2""","=""3d3.(2P).4p""","=""u 3P*""","=""1""",,"=""""","=""L10989""",
"=""328.8889""","=""0.0004""","=""328.88912""","=""0.00012""","=""4""","=""""",,"=""18462.722""","=""48859.350""","=""3d2.(3F).4s.4p.(3P*)""","=""z 5D*""","=""0""","=""3d2.4p2""","=""h 5D""","=""1""",,"=""""","=""L10989""",
"=""328.9613""","=""0.0004""","=""328.96111""","=""0.00012""","=""4""","=""""",,"=""18525.059""","=""48915.035""","=""3d2.(3F).4s.4p.(3P*)""","=""z 5D*""","=""2""","=""3d2.4p2""","=""h 5D""","=""2""",,"=""""","=""L10989""",
"=""329.1063""","=""0.0004""","=""329.10623""","=""0.00010""","=""2""","=""""",,"=""18482.774""","=""48859.350""","=""3d2.(3F).4s.4p.(3P*)""","=""z 5D*""","=""1""","=""3d2.4p2""","=""h 5D""","=""1""",,"=""""","=""L10989""",
"=""329.20760""","=""0.00013""","=""329.20763""","=""0.00010""","=""15+""","=""""",,"=""7255.355""","=""37622.575""","=""3d2.4s2""","=""a 1D""","=""2""","=""3d.4s2.4p""","=""x 1F*""","=""3""",,"=""""","=""L10989""",
"=""329.48929""","=""0.00013""","=""329.48937""","=""0.00009""","=""9""","=""""",,"=""18695.134""","=""49036.389""","=""3d2.(3F).4s.4p.(3P*)""","=""z 5D*""","=""4""","=""3d2.4p2""","=""h 5D""","=""4""",,"=""""","=""L10989""",
"=""329.5649""","=""0.0004""","=""329.56501""","=""0.00010""","=""5""","=""""",,"=""18525.059""","=""48859.350""","=""3d2.(3F).4s.4p.(3P*)""","=""z 5D*""","=""2""","=""3d2.4p2""","=""h 5D""","=""1""",,"=""""","=""L10989""",
"=""329.6197""","=""0.0004""","=""329.61988""","=""0.00012""","=""4""","=""""",,"=""18695.134""","=""49024.376""","=""3d2.(3F).4s.4p.(3P*)""","=""z 5D*""","=""4""","=""3d2.4p2""","=""h 5D""","=""3""",,"=""""","=""L10989""",
"=""329.63655""","=""0.00013""","=""329.63651""","=""0.00010""","=""7""","=""""",,"=""18037.213""","=""48364.925""","=""3d3.(2H).4s""","=""a 3H""","=""4""","=""3d3.(2F).4p""","=""u 1F*""","=""3""",,"=""""","=""L10989""",
"=""329.7087""","=""0.0004""","=""329.70852""","=""0.00012""","=""5""","=""""",,"=""18593.947""","=""48915.035""","=""3d2.(3F).4s.4p.(3P*)""","=""z 5D*""","=""3""","=""3d2.4p2""","=""h 5D""","=""2""",,"=""""","=""L10989""",
"=""329.7251""","=""0.0004""","=""329.72551""","=""0.00015""","=""5""","=""""",,"=""18482.774""","=""48802.300""","=""3d2.(3F).4s.4p.(3P*)""","=""z 5D*""","=""1""","=""3d2.4p2""","=""h 5D""","=""0""",,"=""""","=""L10989""",
"=""329.7784""","=""0.0004""","=""329.77856""","=""0.00009""","=""5""","=""""",,"=""18525.059""","=""48839.708""","=""3d2.(3F).4s.4p.(3P*)""","=""z 5D*""","=""2""","=""3d2.4p2""","=""e 3D""","=""3""",,"=""""","=""L10989""",
"=""329.94145""","=""0.00013""","=""329.94123""","=""0.00005""","=""13""","=""""",,"=""7255.355""","=""37555.058""","=""3d2.4s2""","=""a 1D""","=""2""","=""3d3.(2G).4p""","=""v 3G*""","=""3""",,"=""""","=""L10989""",
"=""330.0603""","=""0.0004""","=""330.06093""","=""0.00010""","=""1""","=""""",,"=""11639.8109""","=""41928.526""","=""3d3.(4F).4s""","=""b 3F""","=""3""","=""3d3.(2P).4p""","=""u 3P*""","=""2""",,"=""""","=""L10989""",
"=""330.3497""","=""0.0004""","=""330.34983""","=""0.00020""","=""3""","=""""",,"=""18818.099""","=""49080.327""","=""3d3.(4P).4s""","=""c 3P""","=""0""","=""3d2.4s.(2F).5p""","=""3D*""","=""1""",,"=""""","=""L10989""",
"=""330.5296""","=""0.0004""","=""330.52969""","=""0.00009""","=""5""","=""""",,"=""18593.947""","=""48839.708""","=""3d2.(3F).4s.4p.(3P*)""","=""z 5D*""","=""3""","=""3d2.4p2""","=""e 3D""","=""3""",,"=""""","=""L10989""",
"=""330.5759""","=""0.0004""","=""330.57595""","=""0.00013""","=""5""","=""""",,"=""18482.774""","=""48724.302""","=""3d2.(3F).4s.4p.(3P*)""","=""z 5D*""","=""1""","=""3d2.4p2""","=""e 3D""","=""2""",,"=""""","=""L10989""",
"=""330.68787""","=""0.00013""","=""330.68787""","=""0.00013""","=""11""","=""7.72e+07""",B+,"=""17215.390""","=""47446.684""","=""3d2.(3F).4s.4p.(3P*)""","=""z 5F*""","=""5""","=""3d2.4p2""","=""g 5G""","=""6""",,"=""T6897""","=""L10989""",
"=""330.83933""","=""0.00013""","=""330.83937""","=""0.00007""","=""15""","=""""",,"=""8436.618""","=""38654.068""","=""3d2.4s2""","=""a 3P""","=""0""","=""3d3.(2P).4p""","=""t 3D*""","=""1""",,"=""""","=""L10989""",
"=""330.94970""","=""0.00013""","=""330.94963""","=""0.00005""","=""15+""","=""""",,"=""8492.422""","=""38699.805""","=""3d2.4s2""","=""a 3P""","=""1""","=""3d3.(2P).4p""","=""t 3D*""","=""2""",,"=""""","=""L10989""",
"=""330.97223""","=""0.00013""","=""330.97213""","=""0.00008""","=""10""","=""6.42e+07""",B+,"=""17075.258""","=""47280.588""","=""3d2.(3F).4s.4p.(3P*)""","=""z 5F*""","=""4""","=""3d2.4p2""","=""g 5G""","=""5""",,"=""T6897""","=""L10989""",
"=""331.0315""","=""0.0004""","=""331.03168""","=""0.00012""","=""3""","=""""",,"=""18525.059""","=""48724.955""","=""3d2.(3F).4s.4p.(3P*)""","=""z 5D*""","=""2""","=""3d2.4p2""","=""e 3D""","=""1""",,"=""""","=""L10989""",
"=""331.0395""","=""0.0004""","=""331.03884""","=""0.00012""","=""5*""","=""""",,"=""18525.059""","=""48724.302""","=""3d2.(3F).4s.4p.(3P*)""","=""z 5D*""","=""2""","=""3d2.4p2""","=""e 3D""","=""2""",,"=""""","=""L10989""",
"=""331.0395""","=""0.0004""","=""331.04065""","=""0.00003""","=""5*""","=""""",,"=""18037.213""","=""48236.2911""","=""3d3.(2H).4s""","=""a 3H""","=""4""","=""3d2.4s.(4F<7/2>).4f""","=""2[9/2]*""","=""4""",,"=""""","=""L10989""",
"=""331.1086""","=""0.0004""","=""331.10871""","=""0.00007""","=""3""","=""""",,"=""12118.393""","=""42311.264""","=""3d2.4s2""","=""a 1G""","=""4""","=""3d.4s2.4p""","=""q 3D*""","=""3""",,"=""""","=""L10989""",
"=""331.26866""","=""0.00013""","=""331.26866""","=""0.00008""","=""10""","=""5.95e+07""",B+,"=""16961.442""","=""47139.735""","=""3d2.(3F).4s.4p.(3P*)""","=""z 5F*""","=""3""","=""3d2.4p2""","=""g 5G""","=""4""",,"=""T6897""","=""L10989""",
"=""331.44210""","=""0.00013""","=""331.44212""","=""0.00005""","=""15+""","=""""",,"=""8602.3441""","=""38764.844""","=""3d2.4s2""","=""a 3P""","=""2""","=""3d3.(2P).4p""","=""t 3D*""","=""3""",,"=""""","=""L10989""",
"=""331.45149""","=""0.00013""","=""331.45150""","=""0.00004""","=""""","=""""",,"=""8492.422""","=""38654.068""","=""3d2.4s2""","=""a 3P""","=""1""","=""3d3.(2P).4p""","=""t 3D*""","=""1""",,"=""""","=""L10989""",
"=""331.52363""","=""0.00013""","=""331.52339""","=""0.00010""","=""15+""","=""4.78e+07""",B+,"=""16875.124""","=""47030.230""","=""3d2.(3F).4s.4p.(3P*)""","=""z 5F*""","=""2""","=""3d2.4p2""","=""g 5G""","=""3""",,"=""T6897""","=""L10989""",
"=""331.6389""","=""0.0004""","=""331.63922""","=""0.00009""","=""5""","=""""",,"=""18695.134""","=""48839.708""","=""3d2.(3F).4s.4p.(3P*)""","=""z 5D*""","=""4""","=""3d2.4p2""","=""e 3D""","=""3""",,"=""""","=""L10989""",
"=""331.83553""","=""0.00013""","=""331.83543""","=""0.00008""","=""10""","=""5.52e+07""",B+,"=""16817.160""","=""46943.911""","=""3d2.(3F).4s.4p.(3P*)""","=""z 5F*""","=""1""","=""3d2.4p2""","=""g 5G""","=""2""",,"=""T6897""","=""L10989""",
"=""332.0878""","=""0.0004""","=""332.08789""","=""0.00007""","=""1""","=""""",,"=""7255.355""","=""37359.203""","=""3d2.4s2""","=""a 1D""","=""2""","=""3d3.(4P).4p""","=""y 5S*""","=""2""",,"=""""","=""L10989""",
"=""332.15842""","=""0.00013""","=""332.15837""","=""0.00006""","=""15+""","=""""",,"=""8602.3441""","=""38699.805""","=""3d2.4s2""","=""a 3P""","=""2""","=""3d3.(2P).4p""","=""t 3D*""","=""2""",,"=""""","=""L10989""",
"=""332.36655""","=""0.00013""","=""332.36645""","=""0.00014""","=""8""","=""""",,"=""18593.947""","=""48672.566""","=""3d2.(3F).4s.4p.(3P*)""","=""z 5D*""","=""3""","=""3d2.4s.(4F).5d""","=""5F""","=""4""",,"=""""","=""L10989""",
"=""332.38023""","=""0.00013""","=""332.38024""","=""0.00010""","=""7""","=""""",,"=""18287.554""","=""48364.925""","=""3d3.(2G).4s""","=""b 1G""","=""4""","=""3d3.(2F).4p""","=""u 1F*""","=""3""",,"=""""","=""L10989""",
"=""332.39024""","=""0.00013""","=""332.39018""","=""0.00010""","=""8""","=""""",,"=""18695.134""","=""48771.606""","=""3d2.(3F).4s.4p.(3P*)""","=""z 5D*""","=""4""","=""3d2.4s.(4F).5d""","=""5F""","=""5""",,"=""""","=""L10989""",
"=""332.4611""","=""0.0004""","=""332.46111""","=""0.00007""","=""4""","=""""",,"=""7255.355""","=""37325.410""","=""3d2.4s2""","=""a 1D""","=""2""","=""3d3.(2D2).4p""","=""w 3P*""","=""2""",,"=""""","=""L10989""",
"=""332.47515""","=""0.00013""","=""332.47512""","=""0.00010""","=""8*""","=""""",,"=""16961.442""","=""47030.230""","=""3d2.(3F).4s.4p.(3P*)""","=""z 5F*""","=""3""","=""3d2.4p2""","=""g 5G""","=""3""",,"=""""","=""L10989""",
"=""332.47515""","=""0.00013""","=""332.47513""","=""0.00008""","=""8*""","=""""",,"=""16875.124""","=""46943.911""","=""3d2.(3F).4s.4p.(3P*)""","=""z 5F*""","=""2""","=""3d2.4p2""","=""g 5G""","=""2""",,"=""""","=""L10989""",
"=""332.51468""","=""0.00013""","=""332.51482""","=""0.00008""","=""5""","=""7.94e+06""",B,"=""17215.390""","=""47280.588""","=""3d2.(3F).4s.4p.(3P*)""","=""z 5F*""","=""5""","=""3d2.4p2""","=""g 5G""","=""5""",,"=""T6897""","=""L10989""",
"=""332.52270""","=""0.00013""","=""332.52280""","=""0.00008""","=""6""","=""1.65e+07""",C+,"=""17075.258""","=""47139.735""","=""3d2.(3F).4s.4p.(3P*)""","=""z 5F*""","=""4""","=""3d2.4p2""","=""g 5G""","=""4""",,"=""T6897""","=""L10989""",
"=""332.53685""","=""0.00013""","=""332.53693""","=""0.00012""","=""7""","=""""",,"=""18525.059""","=""48588.258""","=""3d2.(3F).4s.4p.(3P*)""","=""z 5D*""","=""2""","=""3d2.4s.(4F).5d""","=""5F""","=""3""",,"=""""","=""L10989""",
"=""332.66398""","=""0.00013""","=""332.66391""","=""0.00004""","=""15+""","=""""",,"=""8602.3441""","=""38654.068""","=""3d2.4s2""","=""a 3P""","=""2""","=""3d3.(2P).4p""","=""t 3D*""","=""1""",,"=""""","=""L10989""",
"=""332.73""","=""0.002""","=""332.72977""","=""0.00003""","=""1b""","=""""",,"=""18061.387""","=""48107.1632""","=""3d3.(2P).4s""","=""b 3P""","=""1""","=""3d2.4s.(4F<5/2>).4f""","=""2[3/2]*""","=""1""",,"=""""","=""c112""",
"=""332.8834""","=""0.0004""","=""332.88336""","=""0.00007""","=""00""","=""""",,"=""15975.631""","=""46007.545""","=""3d2.(3F).4s.4p.(3P*)""","=""z 5G*""","=""3""","=""3d2.4s.(4F).6s""","=""h 5F""","=""4""",,"=""""","=""L10989""",
"=""333.0583""","=""0.0004""","=""333.05862""","=""0.00007""","=""00""","=""""",,"=""15877.081""","=""45893.192""","=""3d2.(3F).4s.4p.(3P*)""","=""z 5G*""","=""2""","=""3d2.4s.(4F).6s""","=""h 5F""","=""3""",,"=""""","=""L10989""",
"=""333.2899""","=""0.0004""","=""333.28988""","=""0.00020""","=""5""","=""""",,"=""18462.722""","=""48458.006""","=""3d2.(3F).4s.4p.(3P*)""","=""z 5D*""","=""0""","=""3d2.4s.(4F).5d""","=""5F""","=""1""",,"=""""","=""L10989""",
"=""333.3006""","=""0.0004""","=""333.30070""","=""0.00012""","=""5""","=""""",,"=""18593.947""","=""48588.258""","=""3d2.(3F).4s.4p.(3P*)""","=""z 5D*""","=""3""","=""3d2.4s.(4F).5d""","=""5F""","=""3""",,"=""""","=""L10989""",
"=""333.39084""","=""0.00013""","=""333.39086""","=""0.00003""","=""5""","=""""",,"=""0.000""","=""29986.199""","=""3d2.4s2""","=""a 3F""","=""2""","=""3d3.(4F).4p""","=""x 5D*""","=""3""",,"=""""","=""L10989""",
"=""333.4054""","=""0.0004""","=""333.40554""","=""0.00020""","=""""","=""""",,"=""18525.059""","=""48509.938""","=""3d2.(3F).4s.4p.(3P*)""","=""z 5D*""","=""2""","=""3d2.4s.(4F).5d""","=""5F""","=""2""",,"=""""","=""L10989""",
"=""333.4098""","=""0.0004""","=""333.41078""","=""0.00007""","=""""","=""""",,"=""11639.8109""","=""41624.219""","=""3d3.(4F).4s""","=""b 3F""","=""3""","=""3d.4s2.4p""","=""s 3F*""","=""4""",,"=""""","=""L10989""",
"=""333.4319""","=""0.0004""","=""333.43234""","=""0.00008""","=""3""","=""""",,"=""16961.442""","=""46943.911""","=""3d2.(3F).4s.4p.(3P*)""","=""z 5F*""","=""3""","=""3d2.4p2""","=""g 5G""","=""2""",,"=""""","=""L10989""",
"=""333.4884""","=""0.0004""","=""333.48837""","=""0.00014""","=""6""","=""""",,"=""18695.134""","=""48672.566""","=""3d2.(3F).4s.4p.(3P*)""","=""z 5D*""","=""4""","=""3d2.4s.(4F).5d""","=""5F""","=""4""",,"=""""","=""L10989""",
"=""333.6619""","=""0.0004""","=""333.66229""","=""0.00004""","=""4""","=""""",,"=""18141.265""","=""48103.072""","=""3d3.(2H).4s""","=""a 3H""","=""5""","=""3d2.4s.(4F<5/2>).4f""","=""2[11/2]*""","=""6""",,"=""""","=""L10989""",
"=""333.7382""","=""0.0004""","=""333.73842""","=""0.00010""","=""1""","=""""",,"=""17075.258""","=""47030.230""","=""3d2.(3F).4s.4p.(3P*)""","=""z 5F*""","=""4""","=""3d2.4p2""","=""g 5G""","=""3""",,"=""""","=""L10989""",
"=""333.88318""","=""0.00013""","=""333.88333""","=""0.00006""","=""8""","=""""",,"=""8602.3441""","=""38544.316""","=""3d2.4s2""","=""a 3P""","=""2""","=""3d3.(2G).4p""","=""t 3F*""","=""3""",,"=""""","=""L10989""",
"=""333.8943""","=""0.0004""","=""333.89518""","=""0.00009""","=""2""","=""""",,"=""15156.802""","=""45097.711""","=""3d3.(2G).4s""","=""a 3G""","=""4""","=""3d3.(4F).5p""","=""3G*""","=""4""",,"=""""","=""L10989""",
"=""333.9513""","=""0.0004""","=""333.95157""","=""0.00006""","=""4""","=""""",,"=""15877.081""","=""45812.935""","=""3d2.(3F).4s.4p.(3P*)""","=""z 5G*""","=""2""","=""3d2.4s.(4F).6s""","=""h 5F""","=""2""",,"=""""","=""L10989""",
"=""333.9839""","=""0.0004""","=""333.98400""","=""0.00019""","=""3""","=""""",,"=""18525.059""","=""48458.006""","=""3d2.(3F).4s.4p.(3P*)""","=""z 5D*""","=""2""","=""3d2.4s.(4F).5d""","=""5F""","=""1""",,"=""""","=""L10989""",
"=""334.0626""","=""0.0004""","=""334.06290""","=""0.00006""","=""2""","=""""",,"=""11531.761""","=""41457.639""","=""3d3.(4F).4s""","=""b 3F""","=""2""","=""3d.4s2.4p""","=""s 3F*""","=""3""",,"=""""","=""L10989""",
"=""334.0796""","=""0.0004""","=""334.08001""","=""0.00008""","=""2""","=""""",,"=""17215.390""","=""47139.735""","=""3d2.(3F).4s.4p.(3P*)""","=""z 5F*""","=""5""","=""3d2.4p2""","=""g 5G""","=""4""",,"=""""","=""L10989""",
"=""334.0957""","=""0.0004""","=""334.09562""","=""0.00009""","=""3""","=""""",,"=""17540.188""","=""47463.135""","=""3d3.(2D2).4s""","=""a 3D""","=""3""","=""3d3.(2F).4p""","=""p 3F*""","=""4""",,"=""""","=""L10989""",
"=""334.15555""","=""0.00013""","=""334.15577""","=""0.00007""","=""6""","=""""",,"=""15975.631""","=""45893.192""","=""3d2.(3F).4s.4p.(3P*)""","=""z 5G*""","=""3""","=""3d2.4s.(4F).6s""","=""h 5F""","=""3""",,"=""""","=""L10989""",
"=""334.18740""","=""0.00013""","=""334.18731""","=""0.00003""","=""15+bl""","=""6.5e+07""",C,"=""0.000""","=""29914.737""","=""3d2.4s2""","=""a 3F""","=""2""","=""3d2.(1G).4s.4p.(3P*)""","=""x 3G*""","=""3""",,"=""T3499n""","=""L10989""",
"=""334.21474""","=""0.00013""","=""334.21470""","=""0.00003""","=""""","=""""",,"=""0.000""","=""29912.286""","=""3d2.4s2""","=""a 3F""","=""2""","=""3d2.(3F).4s.4p.(1P*)""","=""w 3D*""","=""3""",,"=""""","=""L10989""",
"=""334.27064""","=""0.00013""","=""334.27057""","=""0.00004""","=""10""","=""""",,"=""0.000""","=""29907.286""","=""3d2.4s2""","=""a 3F""","=""2""","=""3d3.(4F).4p""","=""x 5D*""","=""2""",,"=""""","=""L10989""",
"=""334.3353""","=""0.0004""","=""334.33560""","=""0.00007""","=""5""","=""""",,"=""16106.076""","=""46007.545""","=""3d2.(3F).4s.4p.(3P*)""","=""z 5G*""","=""4""","=""3d2.4s.(4F).6s""","=""h 5F""","=""4""",,"=""""","=""L10989""",
"=""334.4244""","=""0.0004""","=""334.42395""","=""0.00007""","=""00""","=""""",,"=""15108.111""","=""45001.681""","=""3d3.(2G).4s""","=""a 3G""","=""3""","=""3d3.(4F).5p""","=""3G*""","=""3""",,"=""""","=""L10989""",
"=""334.4290""","=""0.0004""","=""334.42894""","=""0.00012""","=""4""","=""""",,"=""18695.134""","=""48588.258""","=""3d2.(3F).4s.4p.(3P*)""","=""z 5D*""","=""4""","=""3d2.4s.(4F).5d""","=""5F""","=""3""",,"=""""","=""L10989""",
"=""334.4610""","=""0.0004""","=""334.46122""","=""0.00007""","=""4""","=""""",,"=""16267.480""","=""46157.719""","=""3d2.(3F).4s.4p.(3P*)""","=""z 5G*""","=""5""","=""3d2.4s.(4F).6s""","=""h 5F""","=""5""",,"=""""","=""L10989""",
"=""334.49201""","=""0.00013""","=""334.49209""","=""0.00008""","=""7""","=""""",,"=""15877.081""","=""45764.562""","=""3d2.(3F).4s.4p.(3P*)""","=""z 5G*""","=""2""","=""3d2.4s.(4F).6s""","=""h 5F""","=""1""",,"=""""","=""L10989""",
"=""334.5291""","=""0.0004""","=""334.52934""","=""0.00007""","=""0""","=""""",,"=""15156.802""","=""45040.955""","=""3d3.(2G).4s""","=""a 3G""","=""4""","=""3d3.(4F).5p""","=""3F*""","=""4""",,"=""""","=""L10989""",
"=""334.7774""","=""0.0004""","=""334.77676""","=""0.00009""","=""0""","=""""",,"=""15975.631""","=""45837.698""","=""3d2.(3F).4s.4p.(3P*)""","=""z 5G*""","=""3""","=""3d2.4s.(2F).4d""","=""3F""","=""3""",,"=""""","=""L10989""",
"=""334.8219""","=""0.0004""","=""334.82202""","=""0.00010""","=""3""","=""""",,"=""17423.856""","=""47281.887""","=""3d3.(2D2).4s""","=""a 3D""","=""2""","=""3d3.(2F).4p""","=""p 3F*""","=""3""",,"=""""","=""L10989""",
"=""334.85316""","=""0.00013""","=""334.85315""","=""0.00004""","=""10""","=""9.1e+05""",C,"=""0.000""","=""29855.255""","=""3d2.4s2""","=""a 3F""","=""2""","=""3d3.(4F).4p""","=""x 5D*""","=""1""",,"=""T3499n""","=""L10989""",
"=""335.05458""","=""0.00013""","=""335.05462""","=""0.00006""","=""10""","=""""",,"=""15975.631""","=""45812.935""","=""3d2.(3F).4s.4p.(3P*)""","=""z 5G*""","=""3""","=""3d2.4s.(4F).6s""","=""h 5F""","=""2""",,"=""""","=""L10989""",
"=""335.1948""","=""0.0004""","=""335.19355""","=""0.00011""","=""1""","=""""",,"=""16106.076""","=""45931.013""","=""3d2.(3F).4s.4p.(3P*)""","=""z 5G*""","=""4""","=""3d2.4s.(2F).4d""","=""3F""","=""4""",,"=""""","=""L10989""",
"=""335.2423""","=""0.0004""","=""335.24273""","=""0.00008""","=""4""","=""""",,"=""15220.393""","=""45040.955""","=""3d3.(2G).4s""","=""a 3G""","=""5""","=""3d3.(4F).5p""","=""3F*""","=""4""",,"=""""","=""L10989""",
"=""335.2729""","=""0.0004""","=""335.27347""","=""0.00006""","=""6""","=""""",,"=""11639.8109""","=""41457.639""","=""3d3.(4F).4s""","=""b 3F""","=""3""","=""3d.4s2.4p""","=""s 3F*""","=""3""",,"=""""","=""L10989""",
"=""335.29337""","=""0.00013""","=""335.29328""","=""0.00004""","=""12""","=""9.7e+05""",C,"=""170.1328""","=""29986.199""","=""3d2.4s2""","=""a 3F""","=""3""","=""3d3.(4F).4p""","=""x 5D*""","=""3""",,"=""T3499n""","=""L10989""",
"=""335.3061""","=""0.0004""","=""335.30676""","=""0.00008""","=""2""","=""""",,"=""15108.111""","=""44922.979""","=""3d3.(2G).4s""","=""a 3G""","=""3""","=""3d3.(4F).5p""","=""3F*""","=""3""",,"=""""","=""L10989""",
"=""335.4066""","=""0.0005""","=""335.40667""","=""0.00007""","=""5""","=""""",,"=""11531.761""","=""41337.748""","=""3d3.(4F).4s""","=""b 3F""","=""2""","=""3d.4s2.4p""","=""s 3F*""","=""2""",,"=""""","=""L10989""",
"=""335.46336""","=""0.00014""","=""335.46332""","=""0.00005""","=""15+""","=""6.9e+07""",C,"=""170.1328""","=""29971.086""","=""3d2.4s2""","=""a 3F""","=""3""","=""3d2.(1G).4s.4p.(3P*)""","=""x 3G*""","=""4""",,"=""T3499n,T2664""","=""L10989""",
"=""335.61928""","=""0.00014""","=""335.61916""","=""0.00007""","=""10""","=""""",,"=""16106.076""","=""45893.192""","=""3d2.(3F).4s.4p.(3P*)""","=""z 5G*""","=""4""","=""3d2.4s.(4F).6s""","=""h 5F""","=""3""",,"=""""","=""L10989""",
"=""335.82711""","=""0.00014""","=""335.82708""","=""0.00003""","=""15+""","=""7.6e+06""",C,"=""0.000""","=""29768.675""","=""3d2.4s2""","=""a 3F""","=""2""","=""3d2.(3F).4s.4p.(1P*)""","=""w 3D*""","=""2""",,"=""T3499n""","=""L10989""",
"=""335.84803""","=""0.00014""","=""335.84786""","=""0.00011""","=""3""","=""""",,"=""18695.134""","=""48461.967""","=""3d2.(3F).4s.4p.(3P*)""","=""z 5D*""","=""4""","=""3d2.4p2""","=""5F""","=""5""",,"=""""","=""L10989""",
"=""336.0814""","=""0.0005""","=""336.08046""","=""0.00008""","=""3""","=""""",,"=""15975.631""","=""45721.863""","=""3d2.(3F).4s.4p.(3P*)""","=""z 5G*""","=""3""","=""3d2.4s.(2F).4d""","=""f 3H""","=""4""",,"=""""","=""L10989""",
"=""336.09894""","=""0.00014""","=""336.09886""","=""0.00005""","=""15+""","=""""",,"=""170.1328""","=""29914.737""","=""3d2.4s2""","=""a 3F""","=""3""","=""3d2.(1G).4s.4p.(3P*)""","=""x 3G*""","=""3""",,"=""""","=""L10989""",
"=""336.12659""","=""0.00014""","=""336.12655""","=""0.00005""","=""15+""","=""""",,"=""170.1328""","=""29912.286""","=""3d2.4s2""","=""a 3F""","=""3""","=""3d2.(3F).4s.4p.(1P*)""","=""w 3D*""","=""3""",,"=""""","=""L10989""",
"=""336.15026""","=""0.00014""","=""336.15016""","=""0.00007""","=""""","=""""",,"=""16267.480""","=""46007.545""","=""3d2.(3F).4s.4p.(3P*)""","=""z 5G*""","=""5""","=""3d2.4s.(4F).6s""","=""h 5F""","=""4""",,"=""""","=""L10989""",
"=""336.18315""","=""0.00014""","=""336.18307""","=""0.00005""","=""15+""","=""""",,"=""170.1328""","=""29907.286""","=""3d2.4s2""","=""a 3F""","=""3""","=""3d3.(4F).4p""","=""x 5D*""","=""2""",,"=""""","=""L10989""",
"=""336.20975""","=""0.00014""","=""336.20968""","=""0.00010""","=""10""","=""""",,"=""18593.947""","=""48328.747""","=""3d2.(3F).4s.4p.(3P*)""","=""z 5D*""","=""3""","=""3d2.4p2""","=""5F""","=""4""",,"=""""","=""L10989""",
"=""336.2471""","=""0.0005""","=""336.24562""","=""0.00009""","=""2""","=""""",,"=""16106.076""","=""45837.698""","=""3d2.(3F).4s.4p.(3P*)""","=""z 5G*""","=""4""","=""3d2.4s.(2F).4d""","=""3F""","=""3""",,"=""""","=""L10989""",
"=""336.3031""","=""0.0005""","=""336.30320""","=""0.00005""","=""4""","=""""",,"=""15108.111""","=""44834.642""","=""3d3.(2G).4s""","=""a 3G""","=""3""","=""3d3.(4F).5p""","=""3F*""","=""2""",,"=""""","=""L10989""",
"=""336.61445""","=""0.00014""","=""336.61442""","=""0.00007""","=""13bl""","=""""",,"=""16458.671""","=""46157.719""","=""3d2.(3F).4s.4p.(3P*)""","=""z 5G*""","=""6""","=""3d2.4s.(4F).6s""","=""h 5F""","=""5""",,"=""""","=""L10989""",
"=""336.6265""","=""0.0005""","=""336.62702""","=""0.00007""","=""2""","=""""",,"=""11639.8109""","=""41337.748""","=""3d3.(4F).4s""","=""b 3F""","=""3""","=""3d.4s2.4p""","=""s 3F*""","=""2""",,"=""""","=""L10989""",
"=""336.6829""","=""0.0005""","=""336.68353""","=""0.00010""","=""2""","=""""",,"=""16267.480""","=""45960.432""","=""3d2.(3F).4s.4p.(3P*)""","=""z 5G*""","=""5""","=""3d2.4s.(2F).4d""","=""f 3H""","=""6""",,"=""""","=""L10989""",
"=""336.78694""","=""0.00014""","=""336.78702""","=""0.00010""","=""10""","=""""",,"=""18525.059""","=""48208.887""","=""3d2.(3F).4s.4p.(3P*)""","=""z 5D*""","=""2""","=""3d2.4p2""","=""5F""","=""3""",,"=""""","=""L10989""",
"=""336.8212""","=""0.0005""","=""336.82108""","=""0.00006""","=""3""","=""""",,"=""11776.812""","=""41457.639""","=""3d3.(4F).4s""","=""b 3F""","=""4""","=""3d.4s2.4p""","=""s 3F*""","=""3""",,"=""""","=""L10989""",
"=""336.9040""","=""0.0005""","=""336.90463""","=""0.00005""","=""8""","=""""",,"=""386.874""","=""30060.340""","=""3d2.4s2""","=""a 3F""","=""4""","=""3d3.(4F).4p""","=""x 5D*""","=""4""",,"=""""","=""L10989""",
"=""337.0193""","=""0.0005""","=""337.01745""","=""0.00011""","=""3""","=""""",,"=""16267.480""","=""45931.013""","=""3d2.(3F).4s.4p.(3P*)""","=""z 5G*""","=""5""","=""3d2.4s.(2F).4d""","=""3F""","=""4""",,"=""""","=""L10989""",
"=""337.04344""","=""0.00014""","=""337.04339""","=""0.00005""","=""15+""","=""7.6e+07""",C,"=""0.000""","=""29661.250""","=""3d2.4s2""","=""a 3F""","=""2""","=""3d2.(3F).4s.4p.(1P*)""","=""w 3D*""","=""1""",,"=""T3499n""","=""L10989""",
"=""337.14523""","=""0.00014""","=""337.14517""","=""0.00005""","=""15+""","=""7.2e+07""",C,"=""386.874""","=""30039.170""","=""3d2.4s2""","=""a 3F""","=""4""","=""3d2.(1G).4s.4p.(3P*)""","=""x 3G*""","=""5""",,"=""T3499n,T2664""","=""L10989""",
"=""337.3039""","=""0.0005""","=""337.30501""","=""0.00006""","=""15+""","=""""",,"=""11531.761""","=""41170.006""","=""3d3.(4F).4s""","=""b 3F""","=""2""","=""3d3.(2H).4p""","=""3G*""","=""3""",,"=""""","=""L10989""",
"=""337.3577""","=""0.0005""","=""337.35774""","=""0.00010""","=""8""","=""""",,"=""18695.134""","=""48328.747""","=""3d2.(3F).4s.4p.(3P*)""","=""z 5D*""","=""4""","=""3d2.4p2""","=""5F""","=""4""",,"=""""","=""L10989""",
"=""337.45981""","=""0.00014""","=""337.45972""","=""0.00011""","=""11""","=""""",,"=""18482.774""","=""48107.432""","=""3d2.(3F).4s.4p.(3P*)""","=""z 5D*""","=""1""","=""3d2.4p2""","=""5F""","=""2""",,"=""""","=""L10989""",
"=""337.5621""","=""0.0005""","=""337.56213""","=""0.00006""","=""5""","=""""",,"=""11639.8109""","=""41255.481""","=""3d3.(4F).4s""","=""b 3F""","=""3""","=""3d3.(2H).4p""","=""3G*""","=""4""",,"=""""","=""L10989""",
"=""337.5689""","=""0.0005""","=""337.57046""","=""0.00010""","=""9""","=""""",,"=""18593.947""","=""48208.887""","=""3d2.(3F).4s.4p.(3P*)""","=""z 5D*""","=""3""","=""3d2.4p2""","=""5F""","=""3""",,"=""""","=""L10989""",
"=""337.7088""","=""0.0005""","=""337.70894""","=""0.00013""","=""2""","=""""",,"=""19421.580""","=""49024.376""","=""3d2.(3F).4s.4p.(3P*)""","=""z 3F*""","=""3""","=""3d2.4p2""","=""h 5D""","=""3""",,"=""""","=""L10989""",
"=""337.74861""","=""0.00014""","=""337.74855""","=""0.00005""","=""15+""","=""""",,"=""386.874""","=""29986.199""","=""3d2.4s2""","=""a 3F""","=""4""","=""3d3.(4F).4p""","=""x 5D*""","=""3""",,"=""""","=""L10989""",
"=""337.75752""","=""0.00014""","=""337.75748""","=""0.00005""","=""15+""","=""6.9e+07""",C,"=""170.1328""","=""29768.675""","=""3d2.4s2""","=""a 3F""","=""3""","=""3d2.(3F).4s.4p.(1P*)""","=""w 3D*""","=""2""",,"=""T3499n""","=""L10989""",
"=""337.8324""","=""0.0005""","=""337.83157""","=""0.00013""","=""3""","=""""",,"=""19322.984""","=""48915.035""","=""3d2.(3F).4s.4p.(3P*)""","=""z 3F*""","=""2""","=""3d2.4p2""","=""h 5D""","=""2""",,"=""""","=""L10989""",
"=""337.90501""","=""0.00014""","=""337.90504""","=""0.00014""","=""5""","=""""",,"=""18462.722""","=""48048.339""","=""3d2.(3F).4s.4p.(3P*)""","=""z 5D*""","=""0""","=""3d2.4p2""","=""5F""","=""1""",,"=""""","=""L10989""",
"=""337.92111""","=""0.00014""","=""337.92109""","=""0.00005""","=""15+""","=""6.2e+06""",C,"=""386.874""","=""29971.086""","=""3d2.4s2""","=""a 3F""","=""4""","=""3d2.(1G).4s.4p.(3P*)""","=""x 3G*""","=""4""",,"=""T3499n""","=""L10989""",
"=""337.9420""","=""0.0005""","=""337.94210""","=""0.00010""","=""7""","=""""",,"=""18525.059""","=""48107.432""","=""3d2.(3F).4s.4p.(3P*)""","=""z 5D*""","=""2""","=""3d2.4p2""","=""5F""","=""2""",,"=""""","=""L10989""",
"=""338.1343""","=""0.0005""","=""338.13422""","=""0.00013""","=""7""","=""""",,"=""18482.774""","=""48048.339""","=""3d2.(3F).4s.4p.(3P*)""","=""z 5D*""","=""1""","=""3d2.4p2""","=""5F""","=""1""",,"=""""","=""L10989""",
"=""338.14376""","=""0.00014""","=""338.14376""","=""0.00009""","=""5""","=""""",,"=""11776.812""","=""41341.543""","=""3d3.(4F).4s""","=""b 3F""","=""4""","=""3d3.(2H).4p""","=""3G*""","=""5""",,"=""""","=""L10989""",
"=""338.23091""","=""0.00014""","=""338.23087""","=""0.00005""","=""15+""","=""""",,"=""8602.3441""","=""38159.461""","=""3d2.4s2""","=""a 3P""","=""2""","=""3d2.(3P).4s.4p.(1P*)""","=""u 3D*""","=""3""",,"=""""","=""L10989""",
"=""338.46857""","=""0.00014""","=""338.46851""","=""0.00010""","=""6""","=""""",,"=""19322.984""","=""48859.350""","=""3d2.(3F).4s.4p.(3P*)""","=""z 3F*""","=""2""","=""3d2.4p2""","=""h 5D""","=""1""",,"=""""","=""L10989""",
"=""338.56606""","=""0.00014""","=""338.56598""","=""0.00005""","=""""","=""5.2e+06""",C,"=""386.874""","=""29914.737""","=""3d2.4s2""","=""a 3F""","=""4""","=""3d2.(1G).4s.4p.(3P*)""","=""x 3G*""","=""3""",,"=""T3499n""","=""L10989""",
"=""338.59414""","=""0.00014""","=""338.59408""","=""0.00005""","=""15+""","=""5.0e+07""",C,"=""386.874""","=""29912.286""","=""3d2.4s2""","=""a 3F""","=""4""","=""3d2.(3F).4s.4p.(1P*)""","=""w 3D*""","=""3""",,"=""T3499n""","=""L10989""",
"=""338.6185""","=""0.0005""","=""338.61853""","=""0.00011""","=""4""","=""""",,"=""18525.059""","=""48048.339""","=""3d2.(3F).4s.4p.(3P*)""","=""z 5D*""","=""2""","=""3d2.4p2""","=""5F""","=""1""",,"=""""","=""L10989""",
"=""338.7285""","=""0.0005""","=""338.72784""","=""0.00010""","=""""","=""""",,"=""18695.134""","=""48208.887""","=""3d2.(3F).4s.4p.(3P*)""","=""z 5D*""","=""4""","=""3d2.4p2""","=""5F""","=""3""",,"=""""","=""L10989""",
"=""338.7314""","=""0.0005""","=""338.73092""","=""0.00010""","=""""","=""""",,"=""18593.947""","=""48107.432""","=""3d2.(3F).4s.4p.(3P*)""","=""z 5D*""","=""3""","=""3d2.4p2""","=""5F""","=""2""",,"=""""","=""L10989""",
"=""338.8661""","=""0.0005""","=""338.86553""","=""0.00010""","=""2""","=""""",,"=""16458.671""","=""45960.432""","=""3d2.(3F).4s.4p.(3P*)""","=""z 5G*""","=""6""","=""3d2.4s.(2F).4d""","=""f 3H""","=""6""",,"=""""","=""L10989""",
"=""338.9611""","=""0.0005""","=""338.96097""","=""0.00013""","=""6""","=""""",,"=""19421.580""","=""48915.035""","=""3d2.(3F).4s.4p.(3P*)""","=""z 3F*""","=""3""","=""3d2.4p2""","=""h 5D""","=""2""",,"=""""","=""L10989""",
"=""339.06781""","=""0.00014""","=""339.06775""","=""0.00005""","=""13""","=""""",,"=""8492.422""","=""37976.589""","=""3d2.4s2""","=""a 3P""","=""1""","=""3d2.(3P).4s.4p.(1P*)""","=""u 3D*""","=""2""",,"=""""","=""L10989""",
"=""339.1310""","=""0.0005""","=""339.13099""","=""0.00006""","=""0""","=""""",,"=""11776.812""","=""41255.481""","=""3d3.(4F).4s""","=""b 3F""","=""4""","=""3d3.(2H).4p""","=""3G*""","=""4""",,"=""""","=""L10989""",
"=""339.27096""","=""0.00014""","=""339.27088""","=""0.00009""","=""15""","=""""",,"=""12118.393""","=""41584.908""","=""3d2.4s2""","=""a 1G""","=""4""","=""3d3.(2G).4p""","=""v 1F*""","=""3""",,"=""""","=""L10989""",
"=""339.4566""","=""0.0005""","=""339.45651""","=""0.00013""","=""15+""","=""""",,"=""19573.974""","=""49024.376""","=""3d2.(3F).4s.4p.(3P*)""","=""z 3F*""","=""4""","=""3d2.4p2""","=""h 5D""","=""3""",,"=""""","=""L10989""",
"=""339.8288""","=""0.0005""","=""339.82893""","=""0.00009""","=""2""","=""""",,"=""19421.580""","=""48839.708""","=""3d2.(3F).4s.4p.(3P*)""","=""z 3F*""","=""3""","=""3d2.4p2""","=""e 3D""","=""3""",,"=""""","=""L10989""",
"=""339.86303""","=""0.00014""","=""339.86294""","=""0.00007""","=""12""","=""""",,"=""8436.618""","=""37851.802""","=""3d2.4s2""","=""a 3P""","=""0""","=""3d2.(3P).4s.4p.(1P*)""","=""u 3D*""","=""1""",,"=""""","=""L10989""",
"=""339.9033""","=""0.0005""","=""339.9035""","=""0.0003""","=""4""","=""""",,"=""18525.059""","=""47936.73""","=""3d2.(3F).4s.4p.(3P*)""","=""z 5D*""","=""2""","=""3d2.4s.(4F).5d""","=""h 5G""","=""3""",,"=""""","=""L10989""",
"=""340.01572""","=""0.00014""","=""340.01568""","=""0.00013""","=""7""","=""""",,"=""19322.984""","=""48724.955""","=""3d2.(3F).4s.4p.(3P*)""","=""z 3F*""","=""2""","=""3d2.4p2""","=""e 3D""","=""1""",,"=""""","=""L10989""",
"=""340.0230""","=""0.0005""","=""340.02323""","=""0.00013""","=""3""","=""""",,"=""19322.984""","=""48724.302""","=""3d2.(3F).4s.4p.(3P*)""","=""z 3F*""","=""2""","=""3d2.4p2""","=""e 3D""","=""2""",,"=""""","=""L10989""",
"=""340.1799""","=""0.0005""","=""340.18084""","=""0.00023""","=""3""","=""""",,"=""18482.774""","=""47870.47""","=""3d2.(3F).4s.4p.(3P*)""","=""z 5D*""","=""1""","=""3d2.4s.(4F).5d""","=""h 5G""","=""2""",,"=""""","=""L10989""",
"=""340.33658""","=""0.00014""","=""340.33663""","=""0.00005""","=""11""","=""""",,"=""8602.3441""","=""37976.589""","=""3d2.4s2""","=""a 3P""","=""2""","=""3d2.(3P).4s.4p.(1P*)""","=""u 3D*""","=""2""",,"=""""","=""L10989""",
"=""340.4699""","=""0.0005""","=""340.47044""","=""0.00008""","=""0""","=""""",,"=""16267.480""","=""45630.180""","=""3d2.(3F).4s.4p.(3P*)""","=""z 5G*""","=""5""","=""3d2.4s.(2F).4d""","=""3G""","=""5""",,"=""""","=""L10989""",
"=""340.50903""","=""0.00014""","=""340.50895""","=""0.00006""","=""11""","=""""",,"=""8492.422""","=""37851.802""","=""3d2.4s2""","=""a 3P""","=""1""","=""3d2.(3P).4s.4p.(1P*)""","=""u 3D*""","=""1""",,"=""""","=""L10989""",
"=""341.16718""","=""0.00014""","=""341.16735""","=""0.00013""","=""9""","=""""",,"=""19421.580""","=""48724.302""","=""3d2.(3F).4s.4p.(3P*)""","=""z 3F*""","=""3""","=""3d2.4p2""","=""e 3D""","=""2""",,"=""""","=""L10989""",
"=""341.59856""","=""0.00014""","=""341.59856""","=""0.00009""","=""9""","=""""",,"=""19573.974""","=""48839.708""","=""3d2.(3F).4s.4p.(3P*)""","=""z 3F*""","=""4""","=""3d2.4p2""","=""e 3D""","=""3""",,"=""""","=""L10989""",
"=""341.6957""","=""0.0005""","=""341.69596""","=""0.00006""","=""8bl""","=""""",,"=""6742.756""","=""36000.148""","=""3d3.(4F).4s""","=""a 5F""","=""4""","=""3d2.(1G).4s.4p.(1P*)""","=""y 1G*""","=""4""",,"=""""","=""L10989""",
"=""341.7894""","=""0.0005""","=""341.78865""","=""0.00006""","=""8""","=""""",,"=""8602.3441""","=""37851.802""","=""3d2.4s2""","=""a 3P""","=""2""","=""3d2.(3P).4s.4p.(1P*)""","=""u 3D*""","=""1""",,"=""""","=""L10989""",
"=""342.0962""","=""0.0005""","=""342.09635""","=""0.00011""","=""2""","=""""",,"=""12118.393""","=""41341.543""","=""3d2.4s2""","=""a 1G""","=""4""","=""3d3.(2H).4p""","=""3G*""","=""5""",,"=""""","=""L10989""",
"=""342.1488""","=""0.0005""","=""342.14848""","=""0.00007""","=""2""","=""""",,"=""15156.802""","=""44375.500""","=""3d3.(2G).4s""","=""a 3G""","=""4""","=""3d2.4s.(4F).5p""","=""3G*""","=""5""",,"=""""","=""L10989""",
"=""342.31673""","=""0.00014""","=""342.31669""","=""0.00008""","=""6""","=""""",,"=""11639.8109""","=""40844.151""","=""3d3.(4F).4s""","=""b 3F""","=""3""","=""3d3.(4P).4p""","=""r 3D*""","=""3""",,"=""""","=""L10989""",
"=""342.8104""","=""0.0005""","=""342.81057""","=""0.00007""","=""3""","=""""",,"=""8492.422""","=""37654.690""","=""3d2.4s2""","=""a 3P""","=""1""","=""3d3.(2D2).4p""","=""u 3F*""","=""2""",,"=""""","=""L10989""",
"=""342.89469""","=""0.00014""","=""342.89477""","=""0.00008""","=""9""","=""""",,"=""15220.393""","=""44375.500""","=""3d3.(2G).4s""","=""a 3G""","=""5""","=""3d2.4s.(4F).5p""","=""3G*""","=""5""",,"=""""","=""L10989""",
"=""342.9658""","=""0.0005""","=""342.96646""","=""0.00011""","=""0*""","=""""",,"=""15220.393""","=""44369.406""","=""3d3.(2G).4s""","=""a 3G""","=""5""","=""3d3.(4F).5p""","=""5F*""","=""4""",,"=""""","=""L10989""",
"=""342.9658""","=""0.0005""","=""342.96676""","=""0.00005""","=""0*""","=""""",,"=""15108.111""","=""44257.098""","=""3d3.(2G).4s""","=""a 3G""","=""3""","=""3d2.4s.(4F).5p""","=""3G*""","=""4""",,"=""""","=""L10989""",
"=""343.05339""","=""0.00014""","=""343.05349""","=""0.00005""","=""5""","=""""",,"=""8602.3441""","=""37743.962""","=""3d2.4s2""","=""a 3P""","=""2""","=""3d3.(2D2).4p""","=""u 3F*""","=""3""",,"=""""","=""L10989""",
"=""343.08705""","=""0.00014""","=""343.08728""","=""0.00006""","=""6""","=""""",,"=""11531.761""","=""40670.509""","=""3d3.(4F).4s""","=""b 3F""","=""2""","=""3d3.(4P).4p""","=""r 3D*""","=""2""",,"=""""","=""L10989""",
"=""343.1066""","=""0.0005""","=""343.10683""","=""0.00007""","=""3""","=""""",,"=""12118.393""","=""41255.481""","=""3d2.4s2""","=""a 1G""","=""4""","=""3d3.(2H).4p""","=""3G*""","=""4""",,"=""""","=""L10989""",
"=""343.1313""","=""0.0005""","=""343.13116""","=""0.00020""","=""2""","=""""",,"=""19322.984""","=""48458.006""","=""3d2.(3F).4s.4p.(3P*)""","=""z 3F*""","=""2""","=""3d2.4s.(4F).5d""","=""5F""","=""1""",,"=""""","=""L10989""",
"=""343.54057""","=""0.00014""","=""343.54064""","=""0.00005""","=""8""","=""""",,"=""15156.802""","=""44257.098""","=""3d3.(2G).4s""","=""a 3G""","=""4""","=""3d2.4s.(4F).5p""","=""3G*""","=""4""",,"=""""","=""L10989""",
"=""343.6815""","=""0.0005""","=""343.68163""","=""0.00021""","=""2""","=""""",,"=""19421.580""","=""48509.938""","=""3d2.(3F).4s.4p.(3P*)""","=""z 3F*""","=""3""","=""3d2.4s.(4F).5d""","=""5F""","=""2""",,"=""""","=""L10989""",
"=""343.7511""","=""0.0005""","=""343.75132""","=""0.00007""","=""3""","=""""",,"=""17075.258""","=""46157.719""","=""3d2.(3F).4s.4p.(3P*)""","=""z 5F*""","=""4""","=""3d2.4s.(4F).6s""","=""h 5F""","=""5""",,"=""""","=""L10989""",
"=""343.93023""","=""0.00014""","=""343.93016""","=""0.00008""","=""13""","=""""",,"=""11776.812""","=""40844.151""","=""3d3.(4F).4s""","=""b 3F""","=""4""","=""3d3.(4P).4p""","=""r 3D*""","=""3""",,"=""""","=""L10989""",
"=""344.0864""","=""0.0005""","=""344.08647""","=""0.00007""","=""0""","=""""",,"=""6598.765""","=""35652.900""","=""3d3.(4F).4s""","=""a 5F""","=""2""","=""3d3.(4P).4p""","=""w 5D*""","=""3""",,"=""""","=""L10989""",
"=""344.1074""","=""0.0005""","=""344.10766""","=""0.00007""","=""1""","=""""",,"=""8602.3441""","=""37654.690""","=""3d2.4s2""","=""a 3P""","=""2""","=""3d3.(2D2).4p""","=""u 3F*""","=""2""",,"=""""","=""L10989""",
"=""344.1160""","=""0.0005""","=""344.11634""","=""0.00007""","=""6""","=""""",,"=""12118.393""","=""41170.006""","=""3d2.4s2""","=""a 1G""","=""4""","=""3d3.(2H).4p""","=""3G*""","=""3""",,"=""""","=""L10989""",
"=""344.16503""","=""0.00014""","=""344.16525""","=""0.00006""","=""8""","=""""",,"=""15108.111""","=""44155.596""","=""3d3.(2G).4s""","=""a 3G""","=""3""","=""3d2.4s.(4F).5p""","=""3G*""","=""3""",,"=""""","=""L10989""",
"=""344.1813""","=""0.0005""","=""344.18162""","=""0.00007""","=""4""","=""""",,"=""16961.442""","=""46007.545""","=""3d2.(3F).4s.4p.(3P*)""","=""z 5F*""","=""3""","=""3d2.4s.(4F).6s""","=""h 5F""","=""4""",,"=""""","=""L10989""",
"=""344.2927""","=""0.0005""","=""344.29302""","=""0.00006""","=""2""","=""""",,"=""15220.393""","=""44257.098""","=""3d3.(2G).4s""","=""a 3G""","=""5""","=""3d2.4s.(4F).5p""","=""3G*""","=""4""",,"=""""","=""L10989""",
"=""344.36427""","=""0.00014""","=""344.36426""","=""0.00006""","=""11""","=""""",,"=""11639.8109""","=""40670.509""","=""3d3.(4F).4s""","=""b 3F""","=""3""","=""3d3.(4P).4p""","=""r 3D*""","=""2""",,"=""""","=""L10989""",
"=""344.44068""","=""0.00014""","=""344.44074""","=""0.00006""","=""15+""","=""""",,"=""11531.761""","=""40556.014""","=""3d3.(4F).4s""","=""b 3F""","=""2""","=""3d3.(4P).4p""","=""r 3D*""","=""1""",,"=""""","=""L10989""",
"=""344.4879""","=""0.0005""","=""344.48848""","=""0.00011""","=""4""","=""""",,"=""8602.3441""","=""37622.575""","=""3d2.4s2""","=""a 3P""","=""2""","=""3d.4s2.4p""","=""x 1F*""","=""3""",,"=""""","=""L10989""",
"=""344.5138""","=""0.0005""","=""344.51415""","=""0.00007""","=""6""","=""""",,"=""16875.124""","=""45893.192""","=""3d2.(3F).4s.4p.(3P*)""","=""z 5F*""","=""2""","=""3d2.4s.(4F).6s""","=""h 5F""","=""3""",,"=""""","=""L10989""",
"=""344.5546""","=""0.0005""","=""344.55488""","=""0.00008""","=""5""","=""""",,"=""6742.756""","=""35757.394""","=""3d3.(4F).4s""","=""a 5F""","=""4""","=""3d3.(4P).4p""","=""w 5D*""","=""4""",,"=""""","=""L10989""",
"=""344.7430""","=""0.0005""","=""344.74314""","=""0.00006""","=""3""","=""""",,"=""15156.802""","=""44155.596""","=""3d3.(2G).4s""","=""a 3G""","=""4""","=""3d2.4s.(4F).5p""","=""3G*""","=""3""",,"=""""","=""L10989""",
"=""344.7789""","=""0.0005""","=""344.77904""","=""0.00006""","=""4""","=""""",,"=""16817.160""","=""45812.935""","=""3d2.(3F).4s.4p.(3P*)""","=""z 5F*""","=""1""","=""3d2.4s.(4F).6s""","=""h 5F""","=""2""",,"=""""","=""L10989""",
"=""344.82519""","=""0.00014""","=""344.82519""","=""0.00006""","=""6""","=""""",,"=""6661.006""","=""35652.900""","=""3d3.(4F).4s""","=""a 5F""","=""3""","=""3d3.(4P).4p""","=""w 5D*""","=""3""",,"=""""","=""L10989""",
"=""344.98717""","=""0.00014""","=""344.98671""","=""0.00011""","=""5""","=""""",,"=""6598.765""","=""35577.086""","=""3d3.(4F).4s""","=""a 5F""","=""2""","=""3d3.(4P).4p""","=""w 5D*""","=""2""",,"=""""","=""L10989""",
"=""345.0002""","=""0.0005""","=""345.00029""","=""0.00014""","=""00""","=""""",,"=""19937.855""","=""48915.035""","=""3d2.(3F).4s.4p.(3P*)""","=""z 3D*""","=""1""","=""3d2.4p2""","=""h 5D""","=""2""",,"=""""","=""L10989""",
"=""345.0745""","=""0.0005""","=""345.07490""","=""0.00011""","=""5""","=""""",,"=""6556.833""","=""35527.748""","=""3d3.(4F).4s""","=""a 5F""","=""1""","=""3d3.(4P).4p""","=""w 5D*""","=""1""",,"=""""","=""L10989""",
"=""345.0918""","=""0.0005""","=""345.09091""","=""0.00012""","=""1""","=""""",,"=""16961.442""","=""45931.013""","=""3d2.(3F).4s.4p.(3P*)""","=""z 5F*""","=""3""","=""3d2.4s.(2F).4d""","=""3F""","=""4""",,"=""""","=""L10989""",
"=""345.2915""","=""0.0005""","=""345.29184""","=""0.00005""","=""2""","=""""",,"=""8602.3441""","=""37555.058""","=""3d2.4s2""","=""a 3P""","=""2""","=""3d3.(2G).4p""","=""v 3G*""","=""3""",,"=""""","=""L10989""",
"=""345.3550""","=""0.0005""","=""345.35520""","=""0.00008""","=""5""","=""""",,"=""16817.160""","=""45764.562""","=""3d2.(3F).4s.4p.(3P*)""","=""z 5F*""","=""1""","=""3d2.4s.(4F).6s""","=""h 5F""","=""1""",,"=""""","=""L10989""",
"=""345.3649""","=""0.0005""","=""345.36518""","=""0.00017""","=""5""","=""""",,"=""6556.833""","=""35503.399""","=""3d3.(4F).4s""","=""a 5F""","=""1""","=""3d3.(4P).4p""","=""w 5D*""","=""0""",,"=""""","=""L10989""",
"=""345.41581""","=""0.00014""","=""345.41574""","=""0.00007""","=""14""","=""""",,"=""17215.390""","=""46157.719""","=""3d2.(3F).4s.4p.(3P*)""","=""z 5F*""","=""5""","=""3d2.4s.(4F).6s""","=""h 5F""","=""5""",,"=""""","=""L10989""",
"=""345.46976""","=""0.00014""","=""345.46967""","=""0.00006""","=""5""","=""""",,"=""16875.124""","=""45812.935""","=""3d2.(3F).4s.4p.(3P*)""","=""z 5F*""","=""2""","=""3d2.4s.(4F).6s""","=""h 5F""","=""2""",,"=""""","=""L10989""",
"=""345.53551""","=""0.00014""","=""345.53563""","=""0.00007""","=""6""","=""""",,"=""17075.258""","=""46007.545""","=""3d2.(3F).4s.4p.(3P*)""","=""z 5F*""","=""4""","=""3d2.4s.(4F).6s""","=""h 5F""","=""4""",,"=""""","=""L10989""",
"=""345.54221""","=""0.00014""","=""345.54204""","=""0.00007""","=""5""","=""""",,"=""16961.442""","=""45893.192""","=""3d2.(3F).4s.4p.(3P*)""","=""z 5F*""","=""3""","=""3d2.4s.(4F).6s""","=""h 5F""","=""3""",,"=""""","=""L10989""",
"=""345.57507""","=""0.00014""","=""345.57510""","=""0.00011""","=""6""","=""""",,"=""6598.765""","=""35527.748""","=""3d3.(4F).4s""","=""a 5F""","=""2""","=""3d3.(4P).4p""","=""w 5D*""","=""1""",,"=""""","=""L10989""",
"=""345.66482""","=""0.00014""","=""345.66479""","=""0.00008""","=""12""","=""""",,"=""12118.393""","=""41039.870""","=""3d2.4s2""","=""a 1G""","=""4""","=""3d3.(2H).4p""","=""y 1H*""","=""5""",,"=""""","=""L10989""",
"=""345.72936""","=""0.00014""","=""345.72930""","=""0.00010""","=""8""","=""""",,"=""6661.006""","=""35577.086""","=""3d3.(4F).4s""","=""a 5F""","=""3""","=""3d3.(4P).4p""","=""w 5D*""","=""2""",,"=""""","=""L10989""",
"=""345.74912""","=""0.00014""","=""345.74901""","=""0.00010""","=""10""","=""""",,"=""6842.962""","=""35757.394""","=""3d3.(4F).4s""","=""a 5F""","=""5""","=""3d3.(4P).4p""","=""w 5D*""","=""4""",,"=""""","=""L10989""",
"=""345.80041""","=""0.00014""","=""345.80029""","=""0.00006""","=""9""","=""""",,"=""6742.756""","=""35652.900""","=""3d3.(4F).4s""","=""a 5F""","=""4""","=""3d3.(4P).4p""","=""w 5D*""","=""3""",,"=""""","=""L10989""",
"=""345.8137""","=""0.0005""","=""345.81403""","=""0.00014""","=""6""","=""""",,"=""20006.039""","=""48915.035""","=""3d2.(3F).4s.4p.(3P*)""","=""z 3D*""","=""2""","=""3d2.4p2""","=""h 5D""","=""2""",,"=""""","=""L10989""",
"=""345.9414""","=""0.0005""","=""345.94186""","=""0.00013""","=""9""","=""""",,"=""20126.062""","=""49024.376""","=""3d2.(3F).4s.4p.(3P*)""","=""z 3D*""","=""3""","=""3d2.4p2""","=""h 5D""","=""3""",,"=""""","=""L10989""",
"=""346.0481""","=""0.0005""","=""346.04815""","=""0.00008""","=""5""","=""""",,"=""16875.124""","=""45764.562""","=""3d2.(3F).4s.4p.(3P*)""","=""z 5F*""","=""2""","=""3d2.4s.(4F).6s""","=""h 5F""","=""1""",,"=""""","=""L10989""",
"=""346.31964""","=""0.00014""","=""346.31976""","=""0.00006""","=""7""","=""""",,"=""8492.422""","=""37359.203""","=""3d2.4s2""","=""a 3P""","=""1""","=""3d3.(4P).4p""","=""y 5S*""","=""2""",,"=""""","=""L10989""",
"=""346.4815""","=""0.0005""","=""346.48144""","=""0.00011""","=""0""","=""""",,"=""20006.039""","=""48859.350""","=""3d2.(3F).4s.4p.(3P*)""","=""z 3D*""","=""2""","=""3d2.4p2""","=""h 5D""","=""1""",,"=""""","=""L10989""",
"=""346.4912""","=""0.0005""","=""346.49079""","=""0.00008""","=""00""","=""""",,"=""17215.390""","=""46067.923""","=""3d2.(3F).4s.4p.(3P*)""","=""z 5F*""","=""5""","=""3d2.4s.(2F).4d""","=""e 1G""","=""4""",,"=""""","=""L10989""",
"=""346.5033""","=""0.0005""","=""346.50328""","=""0.00006""","=""3""","=""""",,"=""16961.442""","=""45812.935""","=""3d2.(3F).4s.4p.(3P*)""","=""z 5F*""","=""3""","=""3d2.4s.(4F).6s""","=""h 5F""","=""2""",,"=""""","=""L10989""",
"=""346.7175""","=""0.0005""","=""346.71748""","=""0.00010""","=""3""","=""""",,"=""20006.039""","=""48839.708""","=""3d2.(3F).4s.4p.(3P*)""","=""z 3D*""","=""2""","=""3d2.4p2""","=""e 3D""","=""3""",,"=""""","=""L10989""",
"=""346.72578""","=""0.00014""","=""346.72567""","=""0.00006""","=""""","=""""",,"=""8492.422""","=""37325.410""","=""3d2.4s2""","=""a 3P""","=""1""","=""3d3.(2D2).4p""","=""w 3P*""","=""2""",,"=""""","=""L10989""",
"=""346.76454""","=""0.00014""","=""346.76441""","=""0.00010""","=""""","=""""",,"=""18192.570""","=""47022.337""","=""3d3.(2H).4s""","=""a 3H""","=""6""","=""3d3.(2F).4p""","=""3G*""","=""5""",,"=""""","=""L10989""",
"=""346.9061""","=""0.0005""","=""346.90680""","=""0.00007""","=""8""","=""""",,"=""17075.258""","=""45893.192""","=""3d2.(3F).4s.4p.(3P*)""","=""z 5F*""","=""4""","=""3d2.4s.(4F).6s""","=""h 5F""","=""3""",,"=""""","=""L10989""",
"=""346.9326""","=""0.0005""","=""346.93209""","=""0.00011""","=""8""","=""""",,"=""16961.442""","=""45777.275""","=""3d2.(3F).4s.4p.(3P*)""","=""z 5F*""","=""3""","=""3d2.4s.(2F).4d""","=""3F""","=""2""",,"=""""","=""L10989""",
"=""347.2173""","=""0.0005""","=""347.21741""","=""0.00007""","=""4""","=""""",,"=""17215.390""","=""46007.545""","=""3d2.(3F).4s.4p.(3P*)""","=""z 5F*""","=""5""","=""3d2.4s.(4F).6s""","=""h 5F""","=""4""",,"=""""","=""L10989""",
"=""347.2559""","=""0.0005""","=""347.25579""","=""0.00013""","=""1""","=""""",,"=""20126.062""","=""48915.035""","=""3d2.(3F).4s.4p.(3P*)""","=""z 3D*""","=""3""","=""3d2.4p2""","=""h 5D""","=""2""",,"=""""","=""L10989""",
"=""347.2781""","=""0.0005""","=""347.27838""","=""0.00014""","=""6""","=""""",,"=""19937.855""","=""48724.955""","=""3d2.(3F).4s.4p.(3P*)""","=""z 3D*""","=""1""","=""3d2.4p2""","=""e 3D""","=""1""",,"=""""","=""L10989""",
"=""347.2859""","=""0.0005""","=""347.28626""","=""0.00014""","=""3""","=""""",,"=""19937.855""","=""48724.302""","=""3d2.(3F).4s.4p.(3P*)""","=""z 3D*""","=""1""","=""3d2.4p2""","=""e 3D""","=""2""",,"=""""","=""L10989""",
"=""347.3112""","=""0.0005""","=""347.31038""","=""0.00011""","=""00""","=""""",,"=""19322.984""","=""48107.432""","=""3d2.(3F).4s.4p.(3P*)""","=""z 3F*""","=""2""","=""3d2.4p2""","=""5F""","=""2""",,"=""""","=""L10989""",
"=""347.5759""","=""0.0005""","=""347.57614""","=""0.00010""","=""2""","=""""",,"=""17075.258""","=""45837.698""","=""3d2.(3F).4s.4p.(3P*)""","=""z 5F*""","=""4""","=""3d2.4s.(2F).4d""","=""3F""","=""3""",,"=""""","=""L10989""",
"=""347.64370""","=""0.00015""","=""347.64360""","=""0.00006""","=""9""","=""""",,"=""8602.3441""","=""37359.203""","=""3d2.4s2""","=""a 3P""","=""2""","=""3d3.(4P).4p""","=""y 5S*""","=""2""",,"=""""","=""L10989""",
"=""347.7865""","=""0.0005""","=""347.78651""","=""0.00011""","=""0""","=""""",,"=""17215.390""","=""45960.432""","=""3d2.(3F).4s.4p.(3P*)""","=""z 5F*""","=""5""","=""3d2.4s.(2F).4d""","=""f 3H""","=""6""",,"=""""","=""L10989""",
"=""347.89151""","=""0.00015""","=""347.89146""","=""0.00007""","=""12""","=""""",,"=""8436.618""","=""37172.989""","=""3d2.4s2""","=""a 3P""","=""0""","=""3d3.(2D2).4p""","=""w 3P*""","=""1""",,"=""""","=""L10989""",
"=""348.0201""","=""0.0005""","=""348.02000""","=""0.00010""","=""2""","=""""",,"=""12118.393""","=""40844.151""","=""3d2.4s2""","=""a 1G""","=""4""","=""3d3.(4P).4p""","=""r 3D*""","=""3""",,"=""""","=""L10989""",
"=""348.0249""","=""0.0005""","=""348.02488""","=""0.00012""","=""2""","=""""",,"=""19322.984""","=""48048.339""","=""3d2.(3F).4s.4p.(3P*)""","=""z 3F*""","=""2""","=""3d2.4p2""","=""5F""","=""1""",,"=""""","=""L10989""",
"=""348.05252""","=""0.00015""","=""348.05261""","=""0.00006""","=""15""","=""""",,"=""8602.3441""","=""37325.410""","=""3d2.4s2""","=""a 3P""","=""2""","=""3d3.(2D2).4p""","=""w 3P*""","=""2""",,"=""""","=""L10989""",
"=""348.1030""","=""0.0005""","=""348.10291""","=""0.00015""","=""3""","=""""",,"=""20006.039""","=""48724.955""","=""3d2.(3F).4s.4p.(3P*)""","=""z 3D*""","=""2""","=""3d2.4p2""","=""e 3D""","=""1""",,"=""""","=""L10989""",
"=""348.11100""","=""0.00015""","=""348.11083""","=""0.00015""","=""7""","=""""",,"=""20006.039""","=""48724.302""","=""3d2.(3F).4s.4p.(3P*)""","=""z 3D*""","=""2""","=""3d2.4p2""","=""e 3D""","=""2""",,"=""""","=""L10989""",
"=""348.16681""","=""0.00015""","=""348.16680""","=""0.00010""","=""8""","=""""",,"=""20126.062""","=""48839.708""","=""3d2.(3F).4s.4p.(3P*)""","=""z 3D*""","=""3""","=""3d2.4p2""","=""e 3D""","=""3""",,"=""""","=""L10989""",
"=""348.29870""","=""0.00015""","=""348.29864""","=""0.00004""","=""7""","=""""",,"=""0.000""","=""28702.778""","=""3d2.4s2""","=""a 3F""","=""2""","=""3d3.(4F).4p""","=""y 5F*""","=""3""",,"=""""","=""L10989""",
"=""348.3720""","=""0.0005""","=""348.37218""","=""0.00009""","=""5""","=""""",,"=""18141.265""","=""46837.984""","=""3d3.(2H).4s""","=""a 3H""","=""5""","=""3d3.(2F).4p""","=""3G*""","=""4""",,"=""""","=""L10989""",
"=""348.4761""","=""0.0005""","=""348.47581""","=""0.00015""","=""2""","=""""",,"=""18037.213""","=""46725.398""","=""3d3.(2H).4s""","=""a 3H""","=""4""","=""3d3.(2F).4p""","=""3G*""","=""3""",,"=""""","=""L10989""",
"=""348.5043""","=""0.0005""","=""348.50415""","=""0.00011""","=""4""","=""""",,"=""19421.580""","=""48107.432""","=""3d2.(3F).4s.4p.(3P*)""","=""z 3F*""","=""3""","=""3d2.4p2""","=""5F""","=""2""",,"=""""","=""L10989""",
"=""348.56844""","=""0.00015""","=""348.56837""","=""0.00006""","=""11""","=""""",,"=""8492.422""","=""37172.989""","=""3d2.4s2""","=""a 3P""","=""1""","=""3d3.(2D2).4p""","=""w 3P*""","=""1""",,"=""""","=""L10989""",
"=""348.7801""","=""0.0005""","=""348.78023""","=""0.00007""","=""0""","=""""",,"=""11639.8109""","=""40302.957""","=""3d3.(4F).4s""","=""b 3F""","=""3""","=""3d3.(2D2).4p""","=""w 1F*""","=""3""",,"=""""","=""L10989""",
"=""349.0761""","=""0.0005""","=""349.07624""","=""0.00004""","=""7""","=""""",,"=""0.000""","=""28638.841""","=""3d2.4s2""","=""a 3F""","=""2""","=""3d3.(4F).4p""","=""y 5F*""","=""2""",,"=""""","=""L10989""",
"=""349.1244""","=""0.0005""","=""349.12413""","=""0.00011""","=""13bl""","=""""",,"=""19573.974""","=""48208.887""","=""3d2.(3F).4s.4p.(3P*)""","=""z 3F*""","=""4""","=""3d2.4p2""","=""5F""","=""3""",,"=""""","=""L10989""",
"=""349.32758""","=""0.00015""","=""349.32745""","=""0.00005""","=""11""","=""3.6e+05""",C,"=""170.1328""","=""28788.380""","=""3d2.4s2""","=""a 3F""","=""3""","=""3d3.(4F).4p""","=""y 5F*""","=""4""",,"=""T3499n""","=""L10989""",
"=""349.57491""","=""0.00015""","=""349.57489""","=""0.00009""","=""13""","=""""",,"=""8492.422""","=""37090.413""","=""3d2.4s2""","=""a 3P""","=""1""","=""3d3.(2D2).4p""","=""w 3P*""","=""0""",,"=""""","=""L10989""",
"=""349.59551""","=""0.00015""","=""349.59540""","=""0.00005""","=""10""","=""""",,"=""0.000""","=""28596.313""","=""3d2.4s2""","=""a 3F""","=""2""","=""3d3.(4F).4p""","=""y 5F*""","=""1""",,"=""""","=""L10989""",
"=""349.90963""","=""0.00015""","=""349.90949""","=""0.00006""","=""12""","=""""",,"=""8602.3441""","=""37172.989""","=""3d2.4s2""","=""a 3P""","=""2""","=""3d3.(2D2).4p""","=""w 3P*""","=""1""",,"=""""","=""L10989""",
"=""350.37539""","=""0.00015""","=""350.37551""","=""0.00005""","=""7""","=""""",,"=""170.1328""","=""28702.778""","=""3d2.4s2""","=""a 3F""","=""3""","=""3d3.(4F).4p""","=""y 5F*""","=""3""",,"=""""","=""L10989""",
"=""350.47678""","=""0.00015""","=""350.47679""","=""0.00007""","=""8""","=""""",,"=""15220.393""","=""43744.793""","=""3d3.(2G).4s""","=""a 3G""","=""5""","=""3d2.4s.(4F).5p""","=""r 3F*""","=""4""",,"=""""","=""L10989""",
"=""350.66393""","=""0.00015""","=""350.66384""","=""0.00006""","=""13""","=""6.8e+05""",C,"=""386.874""","=""28896.059""","=""3d2.4s2""","=""a 3F""","=""4""","=""3d3.(4F).4p""","=""y 5F*""","=""5""",,"=""T3499n""","=""L10989""",
"=""351.16250""","=""0.00015""","=""351.16243""","=""0.00005""","=""11""","=""4.2e+05""",C,"=""170.1328""","=""28638.841""","=""3d2.4s2""","=""a 3F""","=""3""","=""3d3.(4F).4p""","=""y 5F*""","=""2""",,"=""T3499n""","=""L10989""",
"=""351.68319""","=""0.00015""","=""351.68320""","=""0.00005""","=""10""","=""""",,"=""15156.802""","=""43583.355""","=""3d3.(2G).4s""","=""a 3G""","=""4""","=""3d2.4s.(4F).5p""","=""r 3F*""","=""3""",,"=""""","=""L10989""",
"=""351.99349""","=""0.00015""","=""351.99336""","=""0.00005""","=""14""","=""""",,"=""386.874""","=""28788.380""","=""3d2.4s2""","=""a 3F""","=""4""","=""3d3.(4F).4p""","=""y 5F*""","=""4""",,"=""""","=""L10989""",
"=""352.01619""","=""0.00015""","=""352.01589""","=""0.00011""","=""15+""","=""""",,"=""14105.634""","=""42505.322""","=""3d3.(4P).4s""","=""a 5P""","=""3""","=""3d2.4s.(4F).5p""","=""5D*""","=""4""",,"=""""","=""L10989""",
"=""352.51573""","=""0.00015""","=""352.51566""","=""0.00006""","=""10""","=""""",,"=""15108.111""","=""43467.537""","=""3d3.(2G).4s""","=""a 3G""","=""3""","=""3d2.4s.(4F).5p""","=""r 3F*""","=""2""",,"=""""","=""L10989""",
"=""352.65706""","=""0.00015""","=""352.65702""","=""0.00009""","=""5""","=""""",,"=""14028.436""","=""42376.495""","=""3d3.(4P).4s""","=""a 5P""","=""2""","=""3d2.4s.(4F).5p""","=""5D*""","=""3""",,"=""""","=""L10989""",
"=""353.05755""","=""0.00015""","=""353.05750""","=""0.00005""","=""7""","=""""",,"=""386.874""","=""28702.778""","=""3d2.4s2""","=""a 3F""","=""4""","=""3d3.(4F).4p""","=""y 5F*""","=""3""",,"=""""","=""L10989""",
"=""353.4064""","=""0.0005""","=""353.40635""","=""0.00010""","=""3""","=""""",,"=""13981.773""","=""42269.727""","=""3d3.(4P).4s""","=""a 5P""","=""1""","=""3d2.4s.(4F).5p""","=""5D*""","=""2""",,"=""""","=""L10989""",
"=""353.4699""","=""0.0005""","=""353.47041""","=""0.00008""","=""0""","=""""",,"=""14028.436""","=""42311.264""","=""3d3.(4P).4s""","=""a 5P""","=""2""","=""3d.4s2.4p""","=""q 3D*""","=""3""",,"=""""","=""L10989""",
"=""353.6199""","=""0.0005""","=""353.62003""","=""0.00009""","=""2""","=""""",,"=""14105.634""","=""42376.495""","=""3d3.(4P).4s""","=""a 5P""","=""3""","=""3d2.4s.(4F).5p""","=""5D*""","=""3""",,"=""""","=""L10989""",
"=""353.9901""","=""0.0005""","=""353.99030""","=""0.00010""","=""3""","=""""",,"=""14028.436""","=""42269.727""","=""3d3.(4P).4s""","=""a 5P""","=""2""","=""3d2.4s.(4F).5p""","=""5D*""","=""2""",,"=""""","=""L10989""",
"=""354.25309""","=""0.00015""","=""354.25318""","=""0.00011""","=""8""","=""""",,"=""18037.213""","=""46257.548""","=""3d3.(2H).4s""","=""a 3H""","=""4""","=""3d2.4s.(2F).5p""","=""u 1G*""","=""4""",,"=""""","=""L10989""",
"=""354.3558""","=""0.0005""","=""354.35563""","=""0.00006""","=""3""","=""""",,"=""13981.773""","=""42193.949""","=""3d3.(4P).4s""","=""a 5P""","=""1""","=""3d2.4s.(4F).5p""","=""5D*""","=""1""",,"=""""","=""L10989""",
"=""354.4377""","=""0.0005""","=""354.43787""","=""0.00008""","=""1""","=""""",,"=""14105.634""","=""42311.264""","=""3d3.(4P).4s""","=""a 5P""","=""3""","=""3d.4s2.4p""","=""q 3D*""","=""3""",,"=""""","=""L10989""",
"=""354.7028""","=""0.0005""","=""354.70280""","=""0.00009""","=""15+""","=""""",,"=""12118.393""","=""40302.957""","=""3d2.4s2""","=""a 1G""","=""4""","=""3d3.(2D2).4p""","=""w 1F*""","=""3""",,"=""""","=""L10989""",
"=""354.7110""","=""0.0005""","=""354.71120""","=""0.00006""","=""""","=""""",,"=""7255.355""","=""35439.251""","=""3d2.4s2""","=""a 1D""","=""2""","=""3d2.(3P).4s.4p.(1P*)""","=""y 3S*""","=""1""",,"=""""","=""L10989""",
"=""354.8776""","=""0.0005""","=""354.87738""","=""0.00011""","=""2""","=""""",,"=""13981.773""","=""42152.472""","=""3d3.(4P).4s""","=""a 5P""","=""1""","=""3d2.4s.(4F).5p""","=""5D*""","=""0""",,"=""""","=""L10989""",
"=""354.9430""","=""0.0005""","=""354.94272""","=""0.00006""","=""0""","=""""",,"=""14028.436""","=""42193.949""","=""3d3.(4P).4s""","=""a 5P""","=""2""","=""3d2.4s.(4F).5p""","=""5D*""","=""1""",,"=""""","=""L10989""",
"=""354.9615""","=""0.0005""","=""354.96062""","=""0.00010""","=""2""","=""""",,"=""14105.634""","=""42269.727""","=""3d3.(4P).4s""","=""a 5P""","=""3""","=""3d2.4s.(4F).5p""","=""5D*""","=""2""",,"=""""","=""L10989""",
"=""355.0696""","=""0.0005""","=""355.06923""","=""0.00011""","=""0""","=""""",,"=""20209.447""","=""48364.925""","=""3d3.(2D2).4s""","=""b 1D""","=""2""","=""3d3.(2F).4p""","=""u 1F*""","=""3""",,"=""""","=""L10989""",
"=""355.0857""","=""0.0005""","=""355.08531""","=""0.00006""","=""1""","=""""",,"=""11531.761""","=""39685.964""","=""3d3.(4F).4s""","=""b 3F""","=""2""","=""3d3.(2D2).4p""","=""s 3D*""","=""2""",,"=""""","=""L10989""",
"=""355.3869""","=""0.0005""","=""355.38679""","=""0.00006""","=""4""","=""""",,"=""11531.761""","=""39662.081""","=""3d3.(4F).4s""","=""b 3F""","=""2""","=""3d3.(2D2).4p""","=""s 3D*""","=""1""",,"=""""","=""L10989""",
"=""355.6383""","=""0.0005""","=""355.63758""","=""0.00014""","=""2""","=""""",,"=""19937.855""","=""48048.339""","=""3d2.(3F).4s.4p.(3P*)""","=""z 3D*""","=""1""","=""3d2.4p2""","=""5F""","=""1""",,"=""""","=""L10989""",
"=""355.7524""","=""0.0005""","=""355.75263""","=""0.00013""","=""00""","=""""",,"=""20006.039""","=""48107.432""","=""3d2.(3F).4s.4p.(3P*)""","=""z 3D*""","=""2""","=""3d2.4p2""","=""5F""","=""2""",,"=""""","=""L10989""",
"=""355.8645""","=""0.0005""","=""355.86443""","=""0.00004""","=""00""","=""""",,"=""15877.081""","=""43969.6460""","=""3d2.(3F).4s.4p.(3P*)""","=""z 5G*""","=""2""","=""3d3.(4F).4d""","=""5F""","=""3""",,"=""""","=""L10989""",
"=""356.0795""","=""0.0005""","=""356.07911""","=""0.00006""","=""4""","=""""",,"=""11639.8109""","=""39715.439""","=""3d3.(4F).4s""","=""b 3F""","=""3""","=""3d3.(2D2).4p""","=""s 3D*""","=""3""",,"=""""","=""L10989""",
"=""356.45326""","=""0.00015""","=""356.45334""","=""0.00006""","=""7""","=""""",,"=""11639.8109""","=""39685.964""","=""3d3.(4F).4s""","=""b 3F""","=""3""","=""3d3.(2D2).4p""","=""s 3D*""","=""2""",,"=""""","=""L10989""",
"=""356.5031""","=""0.0005""","=""356.50232""","=""0.00014""","=""12bl""","=""""",,"=""20006.039""","=""48048.339""","=""3d2.(3F).4s.4p.(3P*)""","=""z 3D*""","=""2""","=""3d2.4p2""","=""5F""","=""1""",,"=""""","=""L10989""",
"=""356.5714""","=""0.0005""","=""356.57017""","=""0.00004""","=""7""","=""""",,"=""15877.081""","=""43914.0450""","=""3d2.(3F).4s.4p.(3P*)""","=""z 5G*""","=""2""","=""3d3.(4F).4d""","=""5F""","=""2""",,"=""""","=""L10989""",
"=""357.0609""","=""0.0005""","=""357.06089""","=""0.00005""","=""5""","=""""",,"=""15877.081""","=""43875.514""","=""3d2.(3F).4s.4p.(3P*)""","=""z 5G*""","=""2""","=""3d3.(4F).4d""","=""5F""","=""1""",,"=""""","=""L10989""",
"=""357.1182""","=""0.0005""","=""357.11725""","=""0.00004""","=""8""","=""""",,"=""15975.631""","=""43969.6460""","=""3d2.(3F).4s.4p.(3P*)""","=""z 5G*""","=""3""","=""3d3.(4F).4d""","=""5F""","=""3""",,"=""""","=""L10989""",
"=""357.42398""","=""0.00015""","=""357.42395""","=""0.00012""","=""14""","=""""",,"=""18287.554""","=""46257.548""","=""3d3.(2G).4s""","=""b 1G""","=""4""","=""3d2.4s.(2F).5p""","=""u 1G*""","=""4""",,"=""""","=""L10989""",
"=""357.4666""","=""0.0005""","=""357.46656""","=""0.00005""","=""6""","=""""",,"=""15877.081""","=""43843.741""","=""3d2.(3F).4s.4p.(3P*)""","=""z 5G*""","=""2""","=""3d3.(4F).4d""","=""f 5H""","=""3""",,"=""""","=""L10989""",
"=""357.8256""","=""0.0005""","=""357.82525""","=""0.00006""","=""10""","=""""",,"=""11776.812""","=""39715.439""","=""3d3.(4F).4s""","=""b 3F""","=""4""","=""3d3.(2D2).4p""","=""s 3D*""","=""3""",,"=""""","=""L10989""",
"=""357.88439""","=""0.00015""","=""357.88429""","=""0.00004""","=""6""","=""""",,"=""16106.076""","=""44040.0941""","=""3d2.(3F).4s.4p.(3P*)""","=""z 5G*""","=""4""","=""3d3.(4F).4d""","=""5F""","=""4""",,"=""""","=""L10989""",
"=""357.9870""","=""0.0005""","=""357.98674""","=""0.00004""","=""6""","=""""",,"=""15975.631""","=""43901.6548""","=""3d2.(3F).4s.4p.(3P*)""","=""z 5G*""","=""3""","=""3d3.(4F).4d""","=""f 5H""","=""4""",,"=""""","=""L10989""",
"=""358.4775""","=""0.0005""","=""358.47738""","=""0.00005""","=""8""","=""""",,"=""0.000""","=""27887.803""","=""3d2.4s2""","=""a 3F""","=""2""","=""3d2.(3P).4s.4p.(3P*)""","=""z 5P*""","=""3""",,"=""""","=""L10989""",
"=""358.7310""","=""0.0005""","=""358.73071""","=""0.00005""","=""4""","=""""",,"=""15975.631""","=""43843.741""","=""3d2.(3F).4s.4p.(3P*)""","=""z 5G*""","=""3""","=""3d3.(4F).4d""","=""f 5H""","=""3""",,"=""""","=""L10989""",
"=""358.76469""","=""0.00015""","=""358.76469""","=""0.00004""","=""7""","=""""",,"=""16106.076""","=""43971.5467""","=""3d2.(3F).4s.4p.(3P*)""","=""z 5G*""","=""4""","=""3d3.(4F).4d""","=""f 5H""","=""5""",,"=""""","=""L10989""",
"=""358.78944""","=""0.00015""","=""358.78916""","=""0.00004""","=""6""","=""""",,"=""16106.076""","=""43969.6460""","=""3d2.(3F).4s.4p.(3P*)""","=""z 5G*""","=""4""","=""3d3.(4F).4d""","=""5F""","=""3""",,"=""""","=""L10989""",
"=""358.8123""","=""0.0005""","=""358.81184""","=""0.00008""","=""1""","=""""",,"=""8436.618""","=""36298.427""","=""3d2.4s2""","=""a 3P""","=""0""","=""3d3.(4P).4p""","=""y 5P*""","=""1""",,"=""""","=""L10989""",
"=""358.8932""","=""0.0005""","=""358.89308""","=""0.00004""","=""6""","=""""",,"=""16267.480""","=""44122.9818""","=""3d2.(3F).4s.4p.(3P*)""","=""z 5G*""","=""5""","=""3d3.(4F).4d""","=""5F""","=""5""",,"=""""","=""L10989""",
"=""358.9867""","=""0.0005""","=""358.98653""","=""0.00006""","=""3""","=""""",,"=""8492.422""","=""36340.673""","=""3d2.4s2""","=""a 3P""","=""1""","=""3d3.(4P).4p""","=""y 5P*""","=""2""",,"=""""","=""L10989""",
"=""359.4524""","=""0.0005""","=""359.45204""","=""0.00008""","=""3""","=""""",,"=""8602.3441""","=""36414.531""","=""3d2.4s2""","=""a 3P""","=""2""","=""3d3.(4P).4p""","=""y 5P*""","=""3""",,"=""""","=""L10989""",
"=""359.53191""","=""0.00016""","=""359.53196""","=""0.00006""","=""6""","=""""",,"=""8492.422""","=""36298.427""","=""3d2.4s2""","=""a 3P""","=""1""","=""3d3.(4P).4p""","=""y 5P*""","=""1""",,"=""""","=""L10989""",
"=""359.6671""","=""0.0005""","=""359.66682""","=""0.00004""","=""6""","=""""",,"=""16106.076""","=""43901.6548""","=""3d2.(3F).4s.4p.(3P*)""","=""z 5G*""","=""4""","=""3d3.(4F).4d""","=""f 5H""","=""4""",,"=""""","=""L10989""",
"=""359.81843""","=""0.00016""","=""359.81859""","=""0.00004""","=""8""","=""""",,"=""16267.480""","=""44051.3351""","=""3d2.(3F).4s.4p.(3P*)""","=""z 5G*""","=""5""","=""3d3.(4F).4d""","=""f 5H""","=""6""",,"=""""","=""L10989""",
"=""359.8346""","=""0.0005""","=""359.83429""","=""0.00019""","=""1""","=""""",,"=""17423.856""","=""45206.499""","=""3d3.(2D2).4s""","=""a 3D""","=""2""","=""3d3.(4F).5p""","=""n 3D*""","=""3""",,"=""""","=""L10989""",
"=""359.87130""","=""0.00016""","=""359.87135""","=""0.00009""","=""15+""","=""""",,"=""7255.355""","=""35035.137""","=""3d2.4s2""","=""a 1D""","=""2""","=""3d2.(3P).4s.4p.(3P*)""","=""x 1D*""","=""2""",,"=""""","=""L10989""",
"=""359.9647""","=""0.0005""","=""359.96423""","=""0.00004""","=""6q""","=""""",,"=""16267.480""","=""44040.0941""","=""3d2.(3F).4s.4p.(3P*)""","=""z 5G*""","=""5""","=""3d3.(4F).4d""","=""5F""","=""4""",,"=""""","=""L10989""",
"=""360.1351""","=""0.0003""","=""360.13484""","=""0.00004""","=""8q""","=""""",,"=""15877.081""","=""43636.5388""","=""3d2.(3F).4s.4p.(3P*)""","=""z 5G*""","=""2""","=""3d3.(4F).4d""","=""5G""","=""3""",,"=""""","=""L10989""",
"=""360.38444""","=""0.00016""","=""360.38437""","=""0.00006""","=""14""","=""""",,"=""0.000""","=""27740.238""","=""3d2.4s2""","=""a 3F""","=""2""","=""3d2.(3P).4s.4p.(3P*)""","=""z 5P*""","=""2""",,"=""""","=""L10989""",
"=""360.4101""","=""0.0005""","=""360.40917""","=""0.00006""","=""2""","=""""",,"=""8602.3441""","=""36340.673""","=""3d2.4s2""","=""a 3P""","=""2""","=""3d3.(4P).4p""","=""y 5P*""","=""2""",,"=""""","=""L10989""",
"=""360.4184""","=""0.0005""","=""360.41780""","=""0.00005""","=""00""","=""""",,"=""16106.076""","=""43843.741""","=""3d2.(3F).4s.4p.(3P*)""","=""z 5G*""","=""4""","=""3d3.(4F).4d""","=""f 5H""","=""3""",,"=""""","=""L10989""",
"=""360.42805""","=""0.00016""","=""360.42799""","=""0.00005""","=""13""","=""""",,"=""170.1328""","=""27907.013""","=""3d2.4s2""","=""a 3F""","=""3""","=""3d2.(1D).4s.4p.(1P*)""","=""y 1D*""","=""2""",,"=""""","=""L10989""",
"=""360.60351""","=""0.00016""","=""360.60341""","=""0.00004""","=""9""","=""""",,"=""15975.631""","=""43699.0187""","=""3d2.(3F).4s.4p.(3P*)""","=""z 5G*""","=""3""","=""3d3.(4F).4d""","=""5G""","=""4""",,"=""""","=""L10989""",
"=""360.6351""","=""0.0005""","=""360.63473""","=""0.00012""","=""1""","=""""",,"=""17369.529""","=""45090.509""","=""3d3.(2D2).4s""","=""a 3D""","=""1""","=""3d2.4s.(2P).4p""","=""3P*""","=""1""",,"=""""","=""L10989""",
"=""360.67788""","=""0.00016""","=""360.67780""","=""0.00005""","=""13""","=""""",,"=""170.1328""","=""27887.803""","=""3d2.4s2""","=""a 3F""","=""3""","=""3d2.(3P).4s.4p.(3P*)""","=""z 5P*""","=""3""",,"=""""","=""L10989""",
"=""360.71211""","=""0.00016""","=""360.71204""","=""0.00005""","=""11""","=""""",,"=""15877.081""","=""43592.1203""","=""3d2.(3F).4s.4p.(3P*)""","=""z 5G*""","=""2""","=""3d3.(4F).4d""","=""5G""","=""2""",,"=""""","=""L10989""",
"=""360.8145""","=""0.0005""","=""360.81350""","=""0.00012""","=""1""","=""""",,"=""19322.984""","=""47030.230""","=""3d2.(3F).4s.4p.(3P*)""","=""z 3F*""","=""2""","=""3d2.4p2""","=""g 5G""","=""3""",,"=""""","=""L10989""",
"=""360.8553""","=""0.0003""","=""360.85491""","=""0.00004""","=""7q""","=""""",,"=""16267.480""","=""43971.5467""","=""3d2.(3F).4s.4p.(3P*)""","=""z 5G*""","=""5""","=""3d3.(4F).4d""","=""f 5H""","=""5""",,"=""""","=""L10989""",
"=""360.95911""","=""0.00016""","=""360.95893""","=""0.00007""","=""6""","=""""",,"=""8602.3441""","=""36298.427""","=""3d2.4s2""","=""a 3P""","=""2""","=""3d3.(4P).4p""","=""y 5P*""","=""1""",,"=""""","=""L10989""",
"=""360.9811""","=""0.0005""","=""360.98071""","=""0.00023""","=""3""","=""""",,"=""17369.529""","=""45063.941""","=""3d3.(2D2).4s""","=""a 3D""","=""1""","=""3d3.(4F).5p""","=""n 3D*""","=""2""",,"=""""","=""L10989""",
"=""361.01532""","=""0.00016""","=""361.01527""","=""0.00009""","=""15+""","=""""",,"=""7255.355""","=""34947.116""","=""3d2.4s2""","=""a 1D""","=""2""","=""3d2.(3P).4s.4p.(3P*)""","=""y 1P*""","=""1""",,"=""""","=""L10989""",
"=""361.22081""","=""0.00016""","=""361.22104""","=""0.00008""","=""5bl""","=""""",,"=""16458.671""","=""44134.658""","=""3d2.(3F).4s.4p.(3P*)""","=""z 5G*""","=""6""","=""3d3.(4F).4d""","=""f 5H""","=""7""",,"=""""","=""L10989""",
"=""361.22387""","=""0.00016""","=""361.22401""","=""0.00004""","=""7bl""","=""""",,"=""16106.076""","=""43781.8353""","=""3d2.(3F).4s.4p.(3P*)""","=""z 5G*""","=""4""","=""3d3.(4F).4d""","=""5G""","=""5""",,"=""""","=""L10989""",
"=""361.2818""","=""0.0005""","=""361.28196""","=""0.00014""","=""3""","=""""",,"=""17369.529""","=""45040.849""","=""3d3.(2D2).4s""","=""a 3D""","=""1""","=""3d2.4s.(2P).4p""","=""3P*""","=""0""",,"=""""","=""L10989""",
"=""361.3429""","=""0.0005""","=""361.34291""","=""0.00010""","=""""","=""""",,"=""17423.856""","=""45090.509""","=""3d3.(2D2).4s""","=""a 3D""","=""2""","=""3d2.4s.(2P).4p""","=""3P*""","=""1""",,"=""""","=""L10989""",
"=""361.3474""","=""0.0005""","=""361.34737""","=""0.00020""","=""""","=""""",,"=""17540.188""","=""45206.499""","=""3d3.(2D2).4s""","=""a 3D""","=""3""","=""3d3.(4F).5p""","=""n 3D*""","=""3""",,"=""""","=""L10989""",
"=""361.35919""","=""0.00016""","=""361.35926""","=""0.00008""","=""10""","=""""",,"=""0.000""","=""27665.401""","=""3d2.4s2""","=""a 3F""","=""2""","=""3d2.(3P).4s.4p.(3P*)""","=""z 5P*""","=""1""",,"=""""","=""L10989""",
"=""361.37372""","=""0.00016""","=""361.37350""","=""0.00005""","=""8""","=""""",,"=""16458.671""","=""44122.9818""","=""3d2.(3F).4s.4p.(3P*)""","=""z 5G*""","=""6""","=""3d3.(4F).4d""","=""5F""","=""5""",,"=""""","=""L10989""",
"=""361.41807""","=""0.00016""","=""361.41796""","=""0.00004""","=""11""","=""""",,"=""15975.631""","=""43636.5388""","=""3d2.(3F).4s.4p.(3P*)""","=""z 5G*""","=""3""","=""3d3.(4F).4d""","=""5G""","=""3""",,"=""""","=""L10989""",
"=""361.6899""","=""0.0005""","=""361.69024""","=""0.00024""","=""3""","=""""",,"=""17423.856""","=""45063.941""","=""3d3.(2D2).4s""","=""a 3D""","=""2""","=""3d3.(4F).5p""","=""n 3D*""","=""2""",,"=""""","=""L10989""",
"=""361.72062""","=""0.00016""","=""361.72044""","=""0.00012""","=""5""","=""""",,"=""17540.188""","=""45177.966""","=""3d3.(2D2).4s""","=""a 3D""","=""3""","=""3d2.4s.(2P).4p""","=""3P*""","=""2""",,"=""""","=""L10989""",
"=""361.7677""","=""0.0005""","=""361.76760""","=""0.00004""","=""2""","=""""",,"=""16267.480""","=""43901.6548""","=""3d2.(3F).4s.4p.(3P*)""","=""z 5G*""","=""5""","=""3d3.(4F).4d""","=""f 5H""","=""4""",,"=""""","=""L10989""",
"=""361.94559""","=""0.00016""","=""361.94553""","=""0.00004""","=""10""","=""""",,"=""16267.480""","=""43888.0708""","=""3d2.(3F).4s.4p.(3P*)""","=""z 5G*""","=""5""","=""3d3.(4F).4d""","=""5G""","=""6""",,"=""""","=""L10989""",
"=""361.99917""","=""0.00016""","=""361.99928""","=""0.00005""","=""7""","=""""",,"=""15975.631""","=""43592.1203""","=""3d2.(3F).4s.4p.(3P*)""","=""z 5G*""","=""3""","=""3d3.(4F).4d""","=""5G""","=""2""",,"=""""","=""L10989""",
"=""362.1018""","=""0.0005""","=""362.10207""","=""0.00012""","=""5bl""","=""""",,"=""19421.580""","=""47030.230""","=""3d2.(3F).4s.4p.(3P*)""","=""z 3F*""","=""3""","=""3d2.4p2""","=""g 5G""","=""3""",,"=""""","=""L10989""",
"=""362.2545""","=""0.0005""","=""362.2550""","=""0.0003""","=""6""","=""""",,"=""17369.529""","=""44966.527""","=""3d3.(2D2).4s""","=""a 3D""","=""1""","=""3d3.(4F).5p""","=""n 3D*""","=""1""",,"=""""","=""L10989""",
"=""362.30828""","=""0.00016""","=""362.30820""","=""0.00004""","=""13""","=""""",,"=""16106.076""","=""43699.0187""","=""3d2.(3F).4s.4p.(3P*)""","=""z 5G*""","=""4""","=""3d3.(4F).4d""","=""5G""","=""4""",,"=""""","=""L10989""",
"=""362.60832""","=""0.00016""","=""362.60833""","=""0.00007""","=""14""","=""""",,"=""170.1328""","=""27740.238""","=""3d2.4s2""","=""a 3F""","=""3""","=""3d2.(3P).4s.4p.(3P*)""","=""z 5P*""","=""2""",,"=""""","=""L10989""",
"=""362.92565""","=""0.00016""","=""362.92576""","=""0.00007""","=""6""","=""""",,"=""11531.761""","=""39077.753""","=""3d3.(4F).4s""","=""b 3F""","=""2""","=""3d3.(2D2).4p""","=""x 1P*""","=""1""",,"=""""","=""L10989""",
"=""362.9697""","=""0.0005""","=""362.9695""","=""0.0003""","=""2""","=""""",,"=""17423.856""","=""44966.527""","=""3d3.(2D2).4s""","=""a 3D""","=""2""","=""3d3.(4F).5p""","=""n 3D*""","=""1""",,"=""""","=""L10989""",
"=""363.13057""","=""0.00016""","=""363.13048""","=""0.00004""","=""8""","=""""",,"=""16106.076""","=""43636.5388""","=""3d2.(3F).4s.4p.(3P*)""","=""z 5G*""","=""4""","=""3d3.(4F).4d""","=""5G""","=""3""",,"=""""","=""L10989""",
"=""363.34318""","=""0.00016""","=""363.34307""","=""0.00004""","=""12""","=""""",,"=""16267.480""","=""43781.8353""","=""3d2.(3F).4s.4p.(3P*)""","=""z 5G*""","=""5""","=""3d3.(4F).4d""","=""5G""","=""5""",,"=""""","=""L10989""",
"=""363.3633""","=""0.0005""","=""363.36261""","=""0.00005""","=""3""","=""""",,"=""16458.671""","=""43971.5467""","=""3d2.(3F).4s.4p.(3P*)""","=""z 5G*""","=""6""","=""3d3.(4F).4d""","=""f 5H""","=""5""",,"=""""","=""L10989""",
"=""363.52054""","=""0.00016""","=""363.52046""","=""0.00005""","=""""","=""""",,"=""386.874""","=""27887.803""","=""3d2.4s2""","=""a 3F""","=""4""","=""3d2.(3P).4s.4p.(3P*)""","=""z 5P*""","=""3""",,"=""""","=""L10989""",
"=""363.54625""","=""0.00016""","=""363.54620""","=""0.00005""","=""15+""","=""9.09e+07""",A,"=""0.000""","=""27498.982""","=""3d2.4s2""","=""a 3F""","=""2""","=""3d2.(3F).4s.4p.(1P*)""","=""y 3G*""","=""3""",,"=""T7574""","=""L10989""",
"=""363.79650""","=""0.00016""","=""363.79646""","=""0.00004""","=""15+""","=""9.3e+05""",C,"=""0.000""","=""27480.066""","=""3d2.4s2""","=""a 3F""","=""2""","=""3d2.(1D).4s.4p.(3P*)""","=""x 3D*""","=""3""",,"=""T3499n""","=""L10989""",
"=""363.8486""","=""0.0005""","=""363.84836""","=""0.00007""","=""3""","=""""",,"=""11639.8109""","=""39115.957""","=""3d3.(4F).4s""","=""b 3F""","=""3""","=""3d3.(2H).4p""","=""x 3H*""","=""4""",,"=""""","=""L10989""",
"=""364.02813""","=""0.00016""","=""364.02803""","=""0.00008""","=""7""","=""""",,"=""18695.134""","=""46157.719""","=""3d2.(3F).4s.4p.(3P*)""","=""z 5D*""","=""4""","=""3d2.4s.(4F).6s""","=""h 5F""","=""5""",,"=""""","=""L10989""",
"=""364.2243""","=""0.0005""","=""364.22288""","=""0.00011""","=""3""","=""""",,"=""21588.495""","=""49036.389""","=""3d2.(3F).4s.4p.(3P*)""","=""z 3G*""","=""4""","=""3d2.4p2""","=""h 5D""","=""4""",,"=""""","=""L10989""",
"=""364.26739""","=""0.00016""","=""364.26731""","=""0.00005""","=""15+""","=""8.95e+07""",A,"=""170.1328""","=""27614.679""","=""3d2.4s2""","=""a 3F""","=""3""","=""3d2.(3F).4s.4p.(1P*)""","=""y 3G*""","=""4""",,"=""T7574""","=""L10989""",
"=""364.43988""","=""0.00016""","=""364.44004""","=""0.00004""","=""9""","=""""",,"=""16267.480""","=""43699.0187""","=""3d2.(3F).4s.4p.(3P*)""","=""z 5G*""","=""5""","=""3d3.(4F).4d""","=""5G""","=""4""",,"=""""","=""L10989""",
"=""364.46851""","=""0.00016""","=""364.46846""","=""0.00005""","=""12""","=""""",,"=""16458.671""","=""43888.0708""","=""3d2.(3F).4s.4p.(3P*)""","=""z 5G*""","=""6""","=""3d3.(4F).4d""","=""5G""","=""6""",,"=""""","=""L10989""",
"=""364.61960""","=""0.00016""","=""364.61962""","=""0.00004""","=""15+""","=""2.6e+06""",C,"=""0.000""","=""27418.029""","=""3d2.4s2""","=""a 3F""","=""2""","=""3d2.(1D).4s.4p.(3P*)""","=""x 3D*""","=""2""",,"=""T3499n""","=""L10989""",
"=""364.67818""","=""0.00016""","=""364.67855""","=""0.00008""","=""6""","=""""",,"=""18593.947""","=""46007.545""","=""3d2.(3F).4s.4p.(3P*)""","=""z 5D*""","=""3""","=""3d2.4s.(4F).6s""","=""h 5F""","=""4""",,"=""""","=""L10989""",
"=""365.1873""","=""0.0005""","=""365.18887""","=""0.00007""","=""0""","=""""",,"=""11776.812""","=""39152.103""","=""3d3.(4F).4s""","=""b 3F""","=""4""","=""3d3.(2H).4p""","=""x 3H*""","=""5""",,"=""""","=""L10989""",
"=""365.2846""","=""0.0005""","=""365.28439""","=""0.00008""","=""6""","=""""",,"=""18525.059""","=""45893.192""","=""3d2.(3F).4s.4p.(3P*)""","=""z 5D*""","=""2""","=""3d2.4s.(4F).6s""","=""h 5F""","=""3""",,"=""""","=""L10989""",
"=""365.34949""","=""0.00016""","=""365.34943""","=""0.00005""","=""15+""","=""8.69e+07""",A,"=""386.874""","=""27750.135""","=""3d2.4s2""","=""a 3F""","=""4""","=""3d2.(3F).4s.4p.(1P*)""","=""y 3G*""","=""5""",,"=""T7574""","=""L10989""",
"=""365.45899""","=""0.00016""","=""365.45895""","=""0.00005""","=""15+""","=""8.7e+06""",C,"=""0.000""","=""27355.061""","=""3d2.4s2""","=""a 3F""","=""2""","=""3d2.(1D).4s.4p.(3P*)""","=""x 3D*""","=""1""",,"=""T3499n""","=""L10989""",
"=""365.6996""","=""0.0005""","=""365.69952""","=""0.00013""","=""2""","=""""",,"=""18593.947""","=""45931.013""","=""3d2.(3F).4s.4p.(3P*)""","=""z 5D*""","=""3""","=""3d2.4s.(2F).4d""","=""3F""","=""4""",,"=""""","=""L10989""",
"=""365.7927""","=""0.0005""","=""365.79192""","=""0.00008""","=""""","=""""",,"=""18482.774""","=""45812.935""","=""3d2.(3F).4s.4p.(3P*)""","=""z 5D*""","=""1""","=""3d2.4s.(4F).6s""","=""h 5F""","=""2""",,"=""""","=""L10989""",
"=""365.80952""","=""0.00016""","=""365.80948""","=""0.00005""","=""15+""","=""6.42e+06""",A,"=""170.1328""","=""27498.982""","=""3d2.4s2""","=""a 3F""","=""3""","=""3d2.(3F).4s.4p.(1P*)""","=""y 3G*""","=""3""",,"=""T7574""","=""L10989""",
"=""365.88535""","=""0.00016""","=""365.88559""","=""0.00005""","=""7""","=""""",,"=""16458.671""","=""43781.8353""","=""3d2.(3F).4s.4p.(3P*)""","=""z 5G*""","=""6""","=""3d3.(4F).4d""","=""5G""","=""5""",,"=""""","=""L10989""",
"=""366.0298""","=""0.0005""","=""366.02965""","=""0.00008""","=""5""","=""""",,"=""18695.134""","=""46007.545""","=""3d2.(3F).4s.4p.(3P*)""","=""z 5D*""","=""4""","=""3d2.4s.(4F).6s""","=""h 5F""","=""4""",,"=""""","=""L10989""",
"=""366.06292""","=""0.00016""","=""366.06286""","=""0.00005""","=""15+""","=""3.0e+06""",C,"=""170.1328""","=""27480.066""","=""3d2.4s2""","=""a 3F""","=""3""","=""3d2.(1D).4s.4p.(3P*)""","=""x 3D*""","=""3""",,"=""T3499n""","=""L10989""",
"=""366.1711""","=""0.0005""","=""366.17138""","=""0.00012""","=""2""","=""""",,"=""18462.722""","=""45764.562""","=""3d2.(3F).4s.4p.(3P*)""","=""z 5D*""","=""0""","=""3d2.4s.(4F).6s""","=""h 5F""","=""1""",,"=""""","=""L10989""",
"=""366.2064""","=""0.0005""","=""366.20619""","=""0.00008""","=""3""","=""""",,"=""18593.947""","=""45893.192""","=""3d2.(3F).4s.4p.(3P*)""","=""z 5D*""","=""3""","=""3d2.4s.(4F).6s""","=""h 5F""","=""3""",,"=""""","=""L10989""",
"=""366.3596""","=""0.0005""","=""366.35876""","=""0.00007""","=""7bl""","=""""",,"=""18525.059""","=""45812.935""","=""3d2.(3F).4s.4p.(3P*)""","=""z 5D*""","=""2""","=""3d2.4s.(4F).6s""","=""h 5F""","=""2""",,"=""""","=""L10989""",
"=""366.4394""","=""0.0005""","=""366.44052""","=""0.00009""","=""5""","=""""",,"=""18482.774""","=""45764.562""","=""3d2.(3F).4s.4p.(3P*)""","=""z 5D*""","=""1""","=""3d2.4s.(4F).6s""","=""h 5F""","=""1""",,"=""""","=""L10989""",
"=""366.8524""","=""0.0005""","=""366.85166""","=""0.00011""","=""2""","=""""",,"=""21588.495""","=""48839.708""","=""3d2.(3F).4s.4p.(3P*)""","=""z 3G*""","=""4""","=""3d2.4p2""","=""e 3D""","=""3""",,"=""""","=""L10989""",
"=""366.89634""","=""0.00016""","=""366.89632""","=""0.00005""","=""15+""","=""5.4e+06""",C,"=""170.1328""","=""27418.029""","=""3d2.4s2""","=""a 3F""","=""3""","=""3d2.(1D).4s.4p.(3P*)""","=""x 3D*""","=""2""",,"=""T3499n""","=""L10989""",
"=""367.0106""","=""0.0005""","=""367.00937""","=""0.00009""","=""7""","=""""",,"=""18525.059""","=""45764.562""","=""3d2.(3F).4s.4p.(3P*)""","=""z 5D*""","=""2""","=""3d2.4s.(4F).6s""","=""h 5F""","=""1""",,"=""""","=""L10989""",
"=""367.0578""","=""0.0005""","=""367.05821""","=""0.00013""","=""3""","=""""",,"=""18695.134""","=""45931.013""","=""3d2.(3F).4s.4p.(3P*)""","=""z 5D*""","=""4""","=""3d2.4s.(2F).4d""","=""3F""","=""4""",,"=""""","=""L10989""",
"=""367.16711""","=""0.00016""","=""367.16706""","=""0.00005""","=""15+""","=""5.06e+06""",A,"=""386.874""","=""27614.679""","=""3d2.4s2""","=""a 3F""","=""4""","=""3d2.(3F).4s.4p.(1P*)""","=""y 3G*""","=""4""",,"=""T7574""","=""L10989""",
"=""367.4901""","=""0.0005""","=""367.48996""","=""0.00004""","=""3""","=""""",,"=""15877.081""","=""43080.9622""","=""3d2.(3F).4s.4p.(3P*)""","=""z 5G*""","=""2""","=""3d2.4s.(4F).4d""","=""g 5F""","=""2""",,"=""""","=""L10989""",
"=""367.77634""","=""0.00016""","=""367.77639""","=""0.00007""","=""8""","=""""",,"=""11776.812""","=""38959.507""","=""3d3.(4F).4s""","=""b 3F""","=""4""","=""3d3.(2G).4p""","=""x 1G*""","=""4""",,"=""""","=""L10989""",
"=""367.9134""","=""0.0005""","=""367.91355""","=""0.00004""","=""3""","=""""",,"=""15975.631""","=""43148.1922""","=""3d2.(3F).4s.4p.(3P*)""","=""z 5G*""","=""3""","=""3d2.4s.(4F).4d""","=""g 5F""","=""3""",,"=""""","=""L10989""",
"=""367.97491""","=""0.00016""","=""367.97473""","=""0.00007""","=""8""","=""""",,"=""11531.761""","=""38699.805""","=""3d3.(4F).4s""","=""b 3F""","=""2""","=""3d3.(2P).4p""","=""t 3D*""","=""2""",,"=""""","=""L10989""",
"=""368.12645""","=""0.00016""","=""368.12638""","=""0.00005""","=""9""","=""""",,"=""15877.081""","=""43033.933""","=""3d2.(3F).4s.4p.(3P*)""","=""z 5G*""","=""2""","=""3d2.4s.(4F).4d""","=""g 5F""","=""1""",,"=""""","=""L10989""",
"=""368.5202""","=""0.0005""","=""368.51906""","=""0.00010""","=""15+bl""","=""""",,"=""18593.947""","=""45721.863""","=""3d2.(3F).4s.4p.(3P*)""","=""z 5D*""","=""3""","=""3d2.4s.(2F).4d""","=""f 3H""","=""4""",,"=""""","=""L10989""",
"=""368.55843""","=""0.00016""","=""368.55822""","=""0.00007""","=""11""","=""""",,"=""11639.8109""","=""38764.844""","=""3d3.(4F).4s""","=""b 3F""","=""3""","=""3d3.(2P).4p""","=""t 3D*""","=""3""",,"=""""","=""L10989""",
"=""368.59522""","=""0.00016""","=""368.59527""","=""0.00005""","=""14""","=""""",,"=""11531.761""","=""38654.068""","=""3d3.(4F).4s""","=""b 3F""","=""2""","=""3d3.(2P).4p""","=""t 3D*""","=""1""",,"=""""","=""L10989""",
"=""368.67296""","=""0.00016""","=""368.67313""","=""0.00012""","=""11""","=""""",,"=""18061.387""","=""45177.966""","=""3d3.(2P).4s""","=""b 3P""","=""1""","=""3d2.4s.(2P).4p""","=""3P*""","=""2""",,"=""""","=""L10989""",
"=""368.73396""","=""0.00016""","=""368.73393""","=""0.00005""","=""13""","=""3.68e+05""",C+,"=""386.874""","=""27498.982""","=""3d2.4s2""","=""a 3F""","=""4""","=""3d2.(3F).4s.4p.(1P*)""","=""y 3G*""","=""3""",,"=""T7574""","=""L10989""",
"=""368.82614""","=""0.00016""","=""368.82612""","=""0.00004""","=""9""","=""""",,"=""15975.631""","=""43080.9622""","=""3d2.(3F).4s.4p.(3P*)""","=""z 5G*""","=""3""","=""3d2.4s.(4F).4d""","=""g 5F""","=""2""",,"=""""","=""L10989""",
"=""368.9406""","=""0.0005""","=""368.94109""","=""0.00004""","=""3""","=""""",,"=""16817.160""","=""43914.0450""","=""3d2.(3F).4s.4p.(3P*)""","=""z 5F*""","=""1""","=""3d3.(4F).4d""","=""5F""","=""2""",,"=""""","=""L10989""",
"=""368.96649""","=""0.00016""","=""368.96646""","=""0.00012""","=""7""","=""""",,"=""17995.487""","=""45090.509""","=""3d3.(2P).4s""","=""b 3P""","=""0""","=""3d2.4s.(2P).4p""","=""3P*""","=""1""",,"=""""","=""L10989""",
"=""368.99142""","=""0.00016""","=""368.99138""","=""0.00005""","=""15+""","=""4.07e+06""",A,"=""386.874""","=""27480.066""","=""3d2.4s2""","=""a 3F""","=""4""","=""3d2.(1D).4s.4p.(3P*)""","=""x 3D*""","=""3""",,"=""T7574""","=""L10989""",
"=""369.1071""","=""0.0005""","=""369.10757""","=""0.00011""","=""3""","=""""",,"=""8492.422""","=""35577.086""","=""3d2.4s2""","=""a 3P""","=""1""","=""3d3.(4P).4p""","=""w 5D*""","=""2""",,"=""""","=""L10989""",
"=""369.44406""","=""0.00016""","=""369.44408""","=""0.00007""","=""15""","=""""",,"=""11639.8109""","=""38699.805""","=""3d3.(4F).4s""","=""b 3F""","=""3""","=""3d3.(2P).4p""","=""t 3D*""","=""2""",,"=""""","=""L10989""",
"=""369.4663""","=""0.0005""","=""369.46648""","=""0.00005""","=""7""","=""""",,"=""16817.160""","=""43875.514""","=""3d2.(3F).4s.4p.(3P*)""","=""z 5F*""","=""1""","=""3d3.(4F).4d""","=""5F""","=""1""",,"=""""","=""L10989""",
"=""369.5721""","=""0.0005""","=""369.57299""","=""0.00007""","=""0""","=""""",,"=""8602.3441""","=""35652.900""","=""3d2.4s2""","=""a 3P""","=""2""","=""3d3.(4P).4p""","=""w 5D*""","=""3""",,"=""""","=""L10989""",
"=""369.68869""","=""0.00016""","=""369.68833""","=""0.00004""","=""11""","=""""",,"=""16106.076""","=""43148.1922""","=""3d2.(3F).4s.4p.(3P*)""","=""z 5G*""","=""4""","=""3d2.4s.(4F).4d""","=""g 5F""","=""3""",,"=""""","=""L10989""",
"=""369.73274""","=""0.00016""","=""369.73202""","=""0.00004""","=""8""","=""""",,"=""16875.124""","=""43914.0450""","=""3d2.(3F).4s.4p.(3P*)""","=""z 5F*""","=""2""","=""3d3.(4F).4d""","=""5F""","=""2""",,"=""""","=""L10989""",
"=""369.81729""","=""0.00016""","=""369.81738""","=""0.00012""","=""11""","=""""",,"=""18145.286""","=""45177.966""","=""3d3.(2P).4s""","=""b 3P""","=""2""","=""3d2.4s.(2P).4p""","=""3P*""","=""2""",,"=""""","=""L10989""",
"=""369.8430""","=""0.0005""","=""369.84157""","=""0.00005""","=""8""","=""""",,"=""11639.8109""","=""38670.723""","=""3d3.(4F).4s""","=""b 3F""","=""3""","=""3d3.(2G).4p""","=""t 3F*""","=""4""",,"=""""","=""L10989""",
"=""369.8657""","=""0.0005""","=""369.86511""","=""0.00004""","=""6*""","=""""",,"=""15877.081""","=""42906.2727""","=""3d2.(3F).4s.4p.(3P*)""","=""z 5G*""","=""2""","=""3d2.4s.(4F).4d""","=""3D""","=""3""",,"=""""","=""L10989""",
"=""369.8657""","=""0.0005""","=""369.86606""","=""0.00011""","=""6*""","=""""",,"=""18061.387""","=""45090.509""","=""3d3.(2P).4s""","=""b 3P""","=""1""","=""3d2.4s.(2P).4p""","=""3P*""","=""1""",,"=""""","=""L10989""",
"=""369.9334""","=""0.0005""","=""369.93355""","=""0.00014""","=""2""","=""""",,"=""20006.039""","=""47030.230""","=""3d2.(3F).4s.4p.(3P*)""","=""z 3D*""","=""2""","=""3d2.4p2""","=""g 5G""","=""3""",,"=""""","=""L10989""",
"=""370.0041""","=""0.0005""","=""370.00418""","=""0.00010""","=""13""","=""""",,"=""18192.570""","=""45211.603""","=""3d3.(2H).4s""","=""a 3H""","=""6""","=""3d3.(4F).5p""","=""3G*""","=""5""",,"=""""","=""L10989""",
"=""370.0928""","=""0.0005""","=""370.09291""","=""0.00007""","=""3""","=""""",,"=""11531.761""","=""38544.316""","=""3d3.(4F).4s""","=""b 3F""","=""2""","=""3d3.(2G).4p""","=""t 3F*""","=""3""",,"=""""","=""L10989""",
"=""370.15270""","=""0.00016""","=""370.15253""","=""0.00004""","=""10""","=""""",,"=""16961.442""","=""43969.6460""","=""3d2.(3F).4s.4p.(3P*)""","=""z 5F*""","=""3""","=""3d3.(4F).4d""","=""5F""","=""3""",,"=""""","=""L10989""",
"=""370.1819""","=""0.0005""","=""370.18198""","=""0.00011""","=""0""","=""""",,"=""19937.855""","=""46943.911""","=""3d2.(3F).4s.4p.(3P*)""","=""z 3D*""","=""1""","=""3d2.4p2""","=""g 5G""","=""2""",,"=""""","=""L10989""",
"=""370.2145""","=""0.0005""","=""370.21370""","=""0.00010""","=""2""","=""""",,"=""18037.213""","=""45040.955""","=""3d3.(2H).4s""","=""a 3H""","=""4""","=""3d3.(4F).5p""","=""3F*""","=""4""",,"=""""","=""L10989""",
"=""370.22899""","=""0.00016""","=""370.22890""","=""0.00008""","=""14""","=""""",,"=""8436.618""","=""35439.251""","=""3d2.4s2""","=""a 3P""","=""0""","=""3d2.(3P).4s.4p.(1P*)""","=""y 3S*""","=""1""",,"=""""","=""L10989""",
"=""370.2595""","=""0.0005""","=""370.25966""","=""0.00005""","=""5""","=""""",,"=""16875.124""","=""43875.514""","=""3d2.(3F).4s.4p.(3P*)""","=""z 5F*""","=""2""","=""3d3.(4F).4d""","=""5F""","=""1""",,"=""""","=""L10989""",
"=""370.29830""","=""0.00016""","=""370.29842""","=""0.00008""","=""12""","=""""",,"=""12118.393""","=""39115.957""","=""3d2.4s2""","=""a 1G""","=""4""","=""3d3.(2H).4p""","=""x 3H*""","=""4""",,"=""""","=""L10989""",
"=""370.42914""","=""0.00016""","=""370.42921""","=""0.00007""","=""14""","=""""",,"=""11776.812""","=""38764.844""","=""3d3.(4F).4s""","=""b 3F""","=""4""","=""3d3.(2P).4p""","=""t 3D*""","=""3""",,"=""""","=""L10989""",
"=""370.54695""","=""0.00016""","=""370.54688""","=""0.00015""","=""6""","=""""",,"=""18061.387""","=""45040.849""","=""3d3.(2P).4s""","=""b 3P""","=""1""","=""3d2.4s.(2P).4p""","=""3P*""","=""0""",,"=""""","=""L10989""",
"=""370.74798""","=""0.00016""","=""370.74787""","=""0.00004""","=""""","=""""",,"=""17075.258""","=""44040.0941""","=""3d2.(3F).4s.4p.(3P*)""","=""z 5F*""","=""4""","=""3d3.(4F).4d""","=""5F""","=""4""",,"=""""","=""L10989""",
"=""370.75271""","=""0.00016""","=""370.75235""","=""0.00004""","=""15+*""","=""""",,"=""16267.480""","=""43231.9903""","=""3d2.(3F).4s.4p.(3P*)""","=""z 5G*""","=""5""","=""3d2.4s.(4F).4d""","=""g 5F""","=""4""",,"=""""","=""L10989""",
"=""370.75271""","=""0.00016""","=""370.75293""","=""0.00010""","=""15+*""","=""""",,"=""18037.213""","=""45001.681""","=""3d3.(2H).4s""","=""a 3H""","=""4""","=""3d3.(4F).5p""","=""3G*""","=""3""",,"=""""","=""L10989""",
"=""370.8405""","=""0.0006""","=""370.84013""","=""0.00007""","=""1""","=""""",,"=""6742.756""","=""33700.884""","=""3d3.(4F).4s""","=""a 5F""","=""4""","=""3d3.(4F).4p""","=""w 3F*""","=""4""",,"=""""","=""L10989""",
"=""370.8636""","=""0.0002""","=""370.86327""","=""0.00012""","=""4b""","=""""",,"=""18141.265""","=""45097.711""","=""3d3.(2H).4s""","=""a 3H""","=""5""","=""3d3.(4F).5p""","=""3G*""","=""4""",,"=""""","=""L17998""",
"=""370.91627""","=""0.00017""","=""370.91615""","=""0.00004""","=""6""","=""""",,"=""16961.442""","=""43914.0450""","=""3d2.(3F).4s.4p.(3P*)""","=""z 5F*""","=""3""","=""3d3.(4F).4d""","=""5F""","=""2""",,"=""""","=""L10989""",
"=""370.99572""","=""0.00017""","=""370.99563""","=""0.00006""","=""15""","=""""",,"=""8492.422""","=""35439.251""","=""3d2.4s2""","=""a 3P""","=""1""","=""3d2.(3P).4s.4p.(1P*)""","=""y 3S*""","=""1""",,"=""""","=""L10989""",
"=""371.01782""","=""0.00017""","=""371.01774""","=""0.00011""","=""8""","=""""",,"=""18145.286""","=""45090.509""","=""3d3.(2P).4s""","=""b 3P""","=""2""","=""3d2.4s.(2P).4p""","=""3P*""","=""1""",,"=""""","=""L10989""",
"=""371.0868""","=""0.0006""","=""371.08674""","=""0.00004""","=""5""","=""""",,"=""16961.442""","=""43901.6548""","=""3d2.(3F).4s.4p.(3P*)""","=""z 5F*""","=""3""","=""3d3.(4F).4d""","=""f 5H""","=""4""",,"=""""","=""L10989""",
"=""371.37161""","=""0.00017""","=""371.37161""","=""0.00006""","=""9""","=""""",,"=""11531.761""","=""38451.309""","=""3d3.(4F).4s""","=""b 3F""","=""2""","=""3d3.(2G).4p""","=""t 3F*""","=""2""",,"=""""","=""L10989""",
"=""371.53683""","=""0.00017""","=""371.53663""","=""0.00004""","=""12""","=""""",,"=""17215.390""","=""44122.9818""","=""3d2.(3F).4s.4p.(3P*)""","=""z 5F*""","=""5""","=""3d3.(4F).4d""","=""5F""","=""5""",,"=""""","=""L10989""",
"=""371.57908""","=""0.00017""","=""371.57926""","=""0.00007""","=""12""","=""""",,"=""11639.8109""","=""38544.316""","=""3d3.(4F).4s""","=""b 3F""","=""3""","=""3d3.(2G).4p""","=""t 3F*""","=""3""",,"=""""","=""L10989""",
"=""371.6459""","=""0.0006""","=""371.64578""","=""0.00010""","=""8""","=""""",,"=""18141.265""","=""45040.955""","=""3d3.(2H).4s""","=""a 3H""","=""5""","=""3d3.(4F).5p""","=""3F*""","=""4""",,"=""""","=""L10989""",
"=""371.6929""","=""0.0006""","=""371.69278""","=""0.00004""","=""7""","=""""",,"=""17075.258""","=""43971.5467""","=""3d2.(3F).4s.4p.(3P*)""","=""z 5F*""","=""4""","=""3d3.(4F).4d""","=""f 5H""","=""5""",,"=""""","=""L10989""",
"=""371.7183""","=""0.0006""","=""371.71905""","=""0.00004""","=""""","=""""",,"=""17075.258""","=""43969.6460""","=""3d2.(3F).4s.4p.(3P*)""","=""z 5F*""","=""4""","=""3d3.(4F).4d""","=""5F""","=""3""",,"=""""","=""L10989""",
"=""371.72564""","=""0.00017""","=""371.72564""","=""0.00006""","=""""","=""""",,"=""11776.812""","=""38670.723""","=""3d3.(4F).4s""","=""b 3F""","=""4""","=""3d3.(2G).4p""","=""t 3F*""","=""4""",,"=""""","=""L10989""",
"=""371.73916""","=""0.00017""","=""371.73912""","=""0.00004""","=""15+""","=""4.3e+06""",C,"=""0.000""","=""26892.936""","=""3d2.4s2""","=""a 3F""","=""2""","=""3d2.(1D).4s.4p.(3P*)""","=""x 3F*""","=""3""",,"=""T3499n""","=""L10989""",
"=""371.8382""","=""0.0006""","=""371.83825""","=""0.00011""","=""6""","=""""",,"=""18037.213""","=""44922.979""","=""3d3.(2H).4s""","=""a 3H""","=""4""","=""3d3.(4F).5p""","=""3F*""","=""3""",,"=""""","=""L10989""",
"=""372.03791""","=""0.00017""","=""372.03794""","=""0.00006""","=""15+""","=""""",,"=""16458.671""","=""43330.0066""","=""3d2.(3F).4s.4p.(3P*)""","=""z 5G*""","=""6""","=""3d2.4s.(4F).4d""","=""g 5F""","=""5""",,"=""""","=""L10989""",
"=""372.1636""","=""0.0006""","=""372.1634""","=""0.0003""","=""14bl""","=""""",,"=""13981.773""","=""40844.05""","=""3d3.(4P).4s""","=""a 5P""","=""1""","=""3d3.(2P).4p""","=""x 3S*""","=""1""",,"=""""","=""L10989""",
"=""372.2044""","=""0.0006""","=""372.20523""","=""0.00012""","=""2""","=""""",,"=""21469.488""","=""48328.747""","=""3d2.(3F).4s.4p.(3P*)""","=""z 3G*""","=""3""","=""3d2.4p2""","=""5F""","=""4""",,"=""""","=""L10989""",
"=""372.2249""","=""0.0006""","=""372.22375""","=""0.00008""","=""2""","=""""",,"=""6842.962""","=""33700.884""","=""3d3.(4F).4s""","=""a 5F""","=""5""","=""3d3.(4F).4p""","=""w 3F*""","=""4""",,"=""""","=""L10989""",
"=""372.25703""","=""0.00017""","=""372.25696""","=""0.00006""","=""15+""","=""3.4e+06""",C,"=""170.1328""","=""27025.659""","=""3d2.4s2""","=""a 3F""","=""3""","=""3d2.(1D).4s.4p.(3P*)""","=""x 3F*""","=""4""",,"=""T3499n""","=""L10989""",
"=""372.45689""","=""0.00017""","=""372.45685""","=""0.00008""","=""15+""","=""9.1e+07""",D,"=""12118.393""","=""38959.507""","=""3d2.4s2""","=""a 1G""","=""4""","=""3d3.(2G).4p""","=""x 1G*""","=""4""",,"=""T2773n""","=""L10989""",
"=""372.51533""","=""0.00017""","=""372.51524""","=""0.00006""","=""14""","=""7.3e+07""",D,"=""8602.3441""","=""35439.251""","=""3d2.4s2""","=""a 3P""","=""2""","=""3d2.(3P).4s.4p.(1P*)""","=""y 3S*""","=""1""",,"=""T2773n""","=""L10989""",
"=""372.5284""","=""0.0006""","=""372.52859""","=""0.00004""","=""7""","=""""",,"=""17215.390""","=""44051.3351""","=""3d2.(3F).4s.4p.(3P*)""","=""z 5F*""","=""5""","=""3d3.(4F).4d""","=""f 5H""","=""6""",,"=""""","=""L10989""",
"=""372.5581""","=""0.0006""","=""372.55773""","=""0.00017""","=""3""","=""""",,"=""22081.189""","=""48915.035""","=""3d2.(3F).4s.4p.(3P*)""","=""z 1D*""","=""2""","=""3d2.4p2""","=""h 5D""","=""2""",,"=""""","=""L10989""",
"=""372.6849""","=""0.0006""","=""372.68470""","=""0.00004""","=""5""","=""""",,"=""17215.390""","=""44040.0941""","=""3d2.(3F).4s.4p.(3P*)""","=""z 5F*""","=""5""","=""3d3.(4F).4d""","=""5F""","=""4""",,"=""""","=""L10989""",
"=""372.7050""","=""0.0006""","=""372.70489""","=""0.00006""","=""5""","=""""",,"=""7255.355""","=""34078.606""","=""3d2.4s2""","=""a 1D""","=""2""","=""3d2.(1G).4s.4p.(3P*)""","=""v 3F*""","=""3""",,"=""""","=""L10989""",
"=""372.8684""","=""0.0006""","=""372.86827""","=""0.00006""","=""7""","=""""",,"=""11639.8109""","=""38451.309""","=""3d3.(4F).4s""","=""b 3F""","=""3""","=""3d3.(2G).4p""","=""t 3F*""","=""2""",,"=""""","=""L10989""",
"=""372.98065""","=""0.00017""","=""372.98065""","=""0.00004""","=""15+""","=""4.93e+07""",A,"=""0.000""","=""26803.420""","=""3d2.4s2""","=""a 3F""","=""2""","=""3d2.(1D).4s.4p.(3P*)""","=""x 3F*""","=""2""",,"=""T7574""","=""L10989""",
"=""373.07700""","=""0.00017""","=""373.07709""","=""0.00013""","=""7""","=""""",,"=""18061.387""","=""44857.879""","=""3d3.(2P).4s""","=""b 3P""","=""1""","=""3d3.(4P).4p""","=""w 3S*""","=""1""",,"=""""","=""L10989""",
"=""373.3321""","=""0.0006""","=""373.33248""","=""0.00013""","=""5""","=""""",,"=""22081.189""","=""48859.350""","=""3d2.(3F).4s.4p.(3P*)""","=""z 1D*""","=""2""","=""3d2.4p2""","=""h 5D""","=""1""",,"=""""","=""L10989""",
"=""373.37733""","=""0.00017""","=""373.37711""","=""0.00006""","=""12""","=""""",,"=""16817.160""","=""43592.1203""","=""3d2.(3F).4s.4p.(3P*)""","=""z 5F*""","=""1""","=""3d3.(4F).4d""","=""5G""","=""2""",,"=""""","=""L10989""",
"=""373.48091""","=""0.00017""","=""373.48112""","=""0.00007""","=""11""","=""""",,"=""11776.812""","=""38544.316""","=""3d3.(4F).4s""","=""b 3F""","=""4""","=""3d3.(2G).4p""","=""t 3F*""","=""3""",,"=""""","=""L10989""",
"=""373.56609""","=""0.00017""","=""373.56610""","=""0.00004""","=""12""","=""""",,"=""16875.124""","=""43636.5388""","=""3d2.(3F).4s.4p.(3P*)""","=""z 5F*""","=""2""","=""3d3.(4F).4d""","=""5G""","=""3""",,"=""""","=""L10989""",
"=""373.6392""","=""0.0006""","=""373.63952""","=""0.00004""","=""5""","=""""",,"=""17215.390""","=""43971.5467""","=""3d2.(3F).4s.4p.(3P*)""","=""z 5F*""","=""5""","=""3d3.(4F).4d""","=""f 5H""","=""5""",,"=""""","=""L10989""",
"=""373.89922""","=""0.00017""","=""373.89917""","=""0.00004""","=""13""","=""""",,"=""16961.442""","=""43699.0187""","=""3d2.(3F).4s.4p.(3P*)""","=""z 5F*""","=""3""","=""3d3.(4F).4d""","=""5G""","=""4""",,"=""""","=""L10989""",
"=""374.0713""","=""0.0006""","=""374.07096""","=""0.00007""","=""""","=""""",,"=""7255.355""","=""33980.653""","=""3d2.4s2""","=""a 1D""","=""2""","=""3d2.(1G).4s.4p.(3P*)""","=""v 3F*""","=""2""",,"=""""","=""L10989""",
"=""374.10597""","=""0.00017""","=""374.10588""","=""0.00006""","=""15+""","=""4.81e+07""",A,"=""170.1328""","=""26892.936""","=""3d2.4s2""","=""a 3F""","=""3""","=""3d2.(1D).4s.4p.(3P*)""","=""x 3F*""","=""3""",,"=""T7574""","=""L10989""",
"=""374.114""","=""0.004""","=""374.11349""","=""0.00014""","=""1""","=""""",,"=""21739.707""","=""48461.967""","=""3d2.(3F).4s.4p.(3P*)""","=""z 3G*""","=""5""","=""3d2.4p2""","=""5F""","=""5""",,"=""""","=""L17997""",
"=""374.18727""","=""0.00017""","=""374.18719""","=""0.00006""","=""9""","=""""",,"=""16875.124""","=""43592.1203""","=""3d2.(3F).4s.4p.(3P*)""","=""z 5F*""","=""2""","=""3d3.(4F).4d""","=""5G""","=""2""",,"=""""","=""L10989""",
"=""374.2495""","=""0.0004""","=""374.24888""","=""0.00013""","=""5q""","=""""",,"=""18145.286""","=""44857.879""","=""3d3.(2P).4s""","=""b 3P""","=""2""","=""3d3.(4P).4p""","=""w 3S*""","=""1""",,"=""""","=""L10989""",
"=""374.33323""","=""0.00017""","=""374.33318""","=""0.00004""","=""13""","=""""",,"=""17075.258""","=""43781.8353""","=""3d2.(3F).4s.4p.(3P*)""","=""z 5F*""","=""4""","=""3d3.(4F).4d""","=""5G""","=""5""",,"=""""","=""L10989""",
"=""374.5829""","=""0.0006""","=""374.58343""","=""0.00008""","=""1""","=""""",,"=""13981.773""","=""40670.509""","=""3d3.(4P).4s""","=""a 5P""","=""1""","=""3d3.(4P).4p""","=""r 3D*""","=""2""",,"=""""","=""L10989""",
"=""374.77508""","=""0.00017""","=""374.77496""","=""0.00004""","=""9""","=""""",,"=""16961.442""","=""43636.5388""","=""3d2.(3F).4s.4p.(3P*)""","=""z 5F*""","=""3""","=""3d3.(4F).4d""","=""5G""","=""3""",,"=""""","=""L10989""",
"=""374.80893""","=""0.00017""","=""374.80891""","=""0.00004""","=""15+""","=""""",,"=""17215.390""","=""43888.0708""","=""3d2.(3F).4s.4p.(3P*)""","=""z 5F*""","=""5""","=""3d3.(4F).4d""","=""5G""","=""6""",,"=""""","=""L10989""",
"=""375.2063""","=""0.0006""","=""375.20732""","=""0.00017""","=""7""","=""""",,"=""20006.039""","=""46650.398""","=""3d2.(3F).4s.4p.(3P*)""","=""z 3D*""","=""2""","=""3d2.4s.(2F).4d""","=""f 1F""","=""3""",,"=""""","=""L10989""",
"=""375.2249""","=""0.0006""","=""375.22487""","=""0.00017""","=""5""","=""""",,"=""22081.189""","=""48724.302""","=""3d2.(3F).4s.4p.(3P*)""","=""z 1D*""","=""2""","=""3d2.4p2""","=""e 3D""","=""2""",,"=""""","=""L10989""",
"=""375.2410""","=""0.0006""","=""375.23952""","=""0.00008""","=""3""","=""""",,"=""14028.436""","=""40670.509""","=""3d3.(4P).4s""","=""a 5P""","=""2""","=""3d3.(4P).4p""","=""r 3D*""","=""2""",,"=""""","=""L10989""",
"=""375.28588""","=""0.00017""","=""375.28583""","=""0.00006""","=""15+""","=""5.81e+07""",A,"=""386.874""","=""27025.659""","=""3d2.4s2""","=""a 3F""","=""4""","=""3d2.(1D).4s.4p.(3P*)""","=""x 3F*""","=""4""",,"=""T7574""","=""L10989""",
"=""375.36332""","=""0.00017""","=""375.36330""","=""0.00006""","=""15+""","=""8.2e+06""",C,"=""170.1328""","=""26803.420""","=""3d2.4s2""","=""a 3F""","=""3""","=""3d2.(1D).4s.4p.(3P*)""","=""x 3F*""","=""2""",,"=""T3499n""","=""L10989""",
"=""375.4412""","=""0.0006""","=""375.44207""","=""0.00006""","=""11""","=""""",,"=""11531.761""","=""38159.461""","=""3d3.(4F).4s""","=""b 3F""","=""2""","=""3d2.(3P).4s.4p.(1P*)""","=""u 3D*""","=""3""",,"=""""","=""L10989""",
"=""375.49776""","=""0.00017""","=""375.49762""","=""0.00004""","=""9""","=""""",,"=""17075.258""","=""43699.0187""","=""3d2.(3F).4s.4p.(3P*)""","=""z 5F*""","=""4""","=""3d3.(4F).4d""","=""5G""","=""4""",,"=""""","=""L10989""",
"=""376.3082""","=""0.0004""","=""376.30775""","=""0.00004""","=""8q""","=""""",,"=""17215.390""","=""43781.8353""","=""3d2.(3F).4s.4p.(3P*)""","=""z 5F*""","=""5""","=""3d3.(4F).4d""","=""5G""","=""5""",,"=""""","=""L10989""",
"=""376.33683""","=""0.00017""","=""376.33673""","=""0.00006""","=""7""","=""""",,"=""0.000""","=""26564.400""","=""3d2.4s2""","=""a 3F""","=""2""","=""3d3.(4F).4p""","=""y 5G*""","=""3""",,"=""""","=""L10989""",
"=""376.5606""","=""0.0006""","=""376.56063""","=""0.00016""","=""6""","=""""",,"=""21469.488""","=""48018.093""","=""3d2.(3F).4s.4p.(3P*)""","=""z 3G*""","=""3""","=""3d2.4s.(4F).5d""","=""h 5G""","=""4""",,"=""""","=""L10989""",
"=""376.64415""","=""0.00017""","=""376.64419""","=""0.00009""","=""13""","=""""",,"=""8492.422""","=""35035.137""","=""3d2.4s2""","=""a 3P""","=""1""","=""3d2.(3P).4s.4p.(3P*)""","=""x 1D*""","=""2""",,"=""""","=""L10989""",
"=""376.9058""","=""0.0006""","=""376.90518""","=""0.00016""","=""1""","=""""",,"=""20126.062""","=""46650.398""","=""3d2.(3F).4s.4p.(3P*)""","=""z 3D*""","=""3""","=""3d2.4s.(2F).4d""","=""f 1F""","=""3""",,"=""""","=""L10989""",
"=""376.97212""","=""0.00017""","=""376.97178""","=""0.00006""","=""8""","=""""",,"=""11639.8109""","=""38159.461""","=""3d3.(4F).4s""","=""b 3F""","=""3""","=""3d2.(3P).4s.4p.(1P*)""","=""u 3D*""","=""3""",,"=""""","=""L10989""",
"=""377.0414""","=""0.0006""","=""377.04196""","=""0.00011""","=""8bl""","=""""",,"=""19322.984""","=""45837.698""","=""3d2.(3F).4s.4p.(3P*)""","=""z 3F*""","=""2""","=""3d2.4s.(2F).4d""","=""3F""","=""3""",,"=""""","=""L10989""",
"=""377.1047""","=""0.0006""","=""377.10480""","=""0.00016""","=""1""","=""""",,"=""22404.739""","=""48915.035""","=""3d2.(3F).4s.4p.(3P*)""","=""z 1F*""","=""3""","=""3d2.4p2""","=""h 5D""","=""2""",,"=""""","=""L10989""",
"=""377.1171""","=""0.0006""","=""377.11707""","=""0.00014""","=""6""","=""""",,"=""19421.580""","=""45931.013""","=""3d2.(3F).4s.4p.(3P*)""","=""z 3F*""","=""3""","=""3d2.4s.(2F).4d""","=""3F""","=""4""",,"=""""","=""L10989""",
"=""377.16511""","=""0.00017""","=""377.16504""","=""0.00006""","=""15+""","=""6.95e+06""",A,"=""386.874""","=""26892.936""","=""3d2.4s2""","=""a 3F""","=""4""","=""3d2.(1D).4s.4p.(3P*)""","=""x 3F*""","=""3""",,"=""T7574""","=""L10989""",
"=""377.3319""","=""0.0006""","=""377.33205""","=""0.00006""","=""3""","=""""",,"=""0.000""","=""26494.330""","=""3d2.4s2""","=""a 3F""","=""2""","=""3d3.(4F).4p""","=""y 5G*""","=""2""",,"=""""","=""L10989""",
"=""377.43248""","=""0.00017""","=""377.43244""","=""0.00006""","=""10""","=""3.72e+04""",A,"=""170.1328""","=""26657.416""","=""3d2.4s2""","=""a 3F""","=""3""","=""3d3.(4F).4p""","=""y 5G*""","=""4""",,"=""T7574""","=""L10989""",
"=""377.7157""","=""0.0006""","=""377.71575""","=""0.00009""","=""5""","=""""",,"=""15156.802""","=""41624.219""","=""3d3.(2G).4s""","=""a 3G""","=""4""","=""3d.4s2.4p""","=""s 3F*""","=""4""",,"=""""","=""L10989""",
"=""377.90337""","=""0.00017""","=""377.90317""","=""0.00013""","=""8""","=""""",,"=""19322.984""","=""45777.275""","=""3d2.(3F).4s.4p.(3P*)""","=""z 3F*""","=""2""","=""3d2.4s.(2F).4d""","=""3F""","=""2""",,"=""""","=""L10989""",
"=""378.03847""","=""0.00017""","=""378.03840""","=""0.00006""","=""8""","=""""",,"=""11531.761""","=""37976.589""","=""3d3.(4F).4s""","=""b 3F""","=""2""","=""3d2.(3P).4s.4p.(1P*)""","=""u 3D*""","=""2""",,"=""""","=""L10989""",
"=""378.0495""","=""0.0006""","=""378.0493""","=""0.0003""","=""3""","=""""",,"=""21469.488""","=""47913.55""","=""3d2.(3F).4s.4p.(3P*)""","=""z 3G*""","=""3""","=""3d2.4s.(4F).5d""","=""g 5H""","=""4""",,"=""""","=""L10989""",
"=""378.21055""","=""0.00017""","=""378.21053""","=""0.00009""","=""12""","=""""",,"=""8602.3441""","=""35035.137""","=""3d2.4s2""","=""a 3P""","=""2""","=""3d2.(3P).4s.4p.(3P*)""","=""x 1D*""","=""2""",,"=""""","=""L10989""",
"=""378.2566""","=""0.0006""","=""378.25625""","=""0.00016""","=""0""","=""""",,"=""21588.495""","=""48018.093""","=""3d2.(3F).4s.4p.(3P*)""","=""z 3G*""","=""4""","=""3d2.4s.(4F).5d""","=""h 5G""","=""4""",,"=""""","=""L10989""",
"=""378.3236""","=""0.0006""","=""378.32360""","=""0.00007""","=""7""","=""""",,"=""7255.355""","=""33680.248""","=""3d2.4s2""","=""a 1D""","=""2""","=""3d3.(4F).4p""","=""w 3F*""","=""3""",,"=""""","=""L10989""",
"=""378.44933""","=""0.00017""","=""378.44927""","=""0.00011""","=""8""","=""""",,"=""19421.580""","=""45837.698""","=""3d2.(3F).4s.4p.(3P*)""","=""z 3F*""","=""3""","=""3d2.4s.(2F).4d""","=""3F""","=""3""",,"=""""","=""L10989""",
"=""378.60425""","=""0.00017""","=""378.60437""","=""0.00014""","=""15+""","=""1.4e+08""",D,"=""7255.355""","=""33660.652""","=""3d2.4s2""","=""a 1D""","=""2""","=""3d2.(1D).4s.4p.(1P*)""","=""z 1P*""","=""1""",,"=""T2773n""","=""L10989""",
"=""378.62550""","=""0.00017""","=""378.62546""","=""0.00010""","=""15+""","=""""",,"=""15220.393""","=""41624.219""","=""3d3.(2G).4s""","=""a 3G""","=""5""","=""3d.4s2.4p""","=""s 3F*""","=""4""",,"=""""","=""L10989""",
"=""378.6730""","=""0.0006""","=""378.67296""","=""0.00007""","=""3""","=""""",,"=""7255.355""","=""33655.869""","=""3d2.4s2""","=""a 1D""","=""2""","=""3d3.(4F).4p""","=""w 3F*""","=""2""",,"=""""","=""L10989""",
"=""378.7618""","=""0.0006""","=""378.76259""","=""0.00006""","=""8""","=""""",,"=""170.1328""","=""26564.400""","=""3d2.4s2""","=""a 3F""","=""3""","=""3d3.(4F).4p""","=""y 5G*""","=""3""",,"=""""","=""L10989""",
"=""378.88001""","=""0.00017""","=""378.87991""","=""0.00006""","=""11""","=""1.44e+07""",C+,"=""386.874""","=""26772.968""","=""3d2.4s2""","=""a 3F""","=""4""","=""3d3.(4F).4p""","=""y 5G*""","=""5""",,"=""T7574""","=""L10989""",
"=""378.92940""","=""0.00017""","=""378.92939""","=""0.00006""","=""14""","=""""",,"=""11776.812""","=""38159.461""","=""3d3.(4F).4s""","=""b 3F""","=""4""","=""3d2.(3P).4s.4p.(1P*)""","=""u 3D*""","=""3""",,"=""""","=""L10989""",
"=""379.1546""","=""0.0006""","=""379.15498""","=""0.00013""","=""2""","=""""",,"=""21739.707""","=""48106.659""","=""3d2.(3F).4s.4p.(3P*)""","=""z 3G*""","=""5""","=""3d2.4s.(4F).5d""","=""g 5H""","=""6""",,"=""""","=""L10989""",
"=""379.29740""","=""0.00017""","=""379.29758""","=""0.00014""","=""10""","=""""",,"=""19573.974""","=""45931.013""","=""3d2.(3F).4s.4p.(3P*)""","=""z 3F*""","=""4""","=""3d2.4s.(2F).4d""","=""3F""","=""4""",,"=""""","=""L10989""",
"=""379.3678""","=""0.0006""","=""379.36747""","=""0.00013""","=""4""","=""""",,"=""18825.782""","=""45177.966""","=""3d3.(4P).4s""","=""c 3P""","=""1""","=""3d2.4s.(2P).4p""","=""3P*""","=""2""",,"=""""","=""L10989""",
"=""379.4055""","=""0.0006""","=""379.40571""","=""0.00007""","=""5""","=""""",,"=""15108.111""","=""41457.639""","=""3d3.(2G).4s""","=""a 3G""","=""3""","=""3d.4s2.4p""","=""s 3F*""","=""3""",,"=""""","=""L10989""",
"=""379.47420""","=""0.00017""","=""379.47420""","=""0.00009""","=""12""","=""""",,"=""8602.3441""","=""34947.116""","=""3d2.4s2""","=""a 3P""","=""2""","=""3d2.(3P).4s.4p.(3P*)""","=""y 1P*""","=""1""",,"=""""","=""L10989""",
"=""379.58934""","=""0.00017""","=""379.58939""","=""0.00006""","=""14""","=""""",,"=""11639.8109""","=""37976.589""","=""3d3.(4F).4s""","=""b 3F""","=""3""","=""3d2.(3P).4s.4p.(1P*)""","=""u 3D*""","=""2""",,"=""""","=""L10989""",
"=""379.7708""","=""0.0006""","=""379.77080""","=""0.00006""","=""2""","=""""",,"=""170.1328""","=""26494.330""","=""3d2.4s2""","=""a 3F""","=""3""","=""3d3.(4F).4p""","=""y 5G*""","=""2""",,"=""""","=""L10989""",
"=""379.83086""","=""0.00017""","=""379.83078""","=""0.00007""","=""13""","=""""",,"=""11531.761""","=""37851.802""","=""3d3.(4F).4s""","=""b 3F""","=""2""","=""3d2.(3P).4s.4p.(1P*)""","=""u 3D*""","=""1""",,"=""""","=""L10989""",
"=""380.10805""","=""0.00017""","=""380.10812""","=""0.00007""","=""13""","=""""",,"=""15156.802""","=""41457.639""","=""3d3.(2G).4s""","=""a 3G""","=""4""","=""3d.4s2.4p""","=""s 3F*""","=""3""",,"=""""","=""L10989""",
"=""380.11616""","=""0.00017""","=""380.11613""","=""0.00010""","=""2""","=""""",,"=""19421.580""","=""45721.863""","=""3d2.(3F).4s.4p.(3P*)""","=""z 3F*""","=""3""","=""3d2.4s.(2F).4d""","=""f 3H""","=""4""",,"=""""","=""L10989""",
"=""380.15549""","=""0.00017""","=""380.15547""","=""0.00014""","=""11""","=""""",,"=""20062.886""","=""46360.447""","=""3d3.(2P).4s""","=""a 1P""","=""1""","=""3d3.(2P).4p""","=""1P*""","=""1""",,"=""""","=""L10989""",
"=""380.1908""","=""0.0006""","=""380.19098""","=""0.00022""","=""7""","=""""",,"=""18911.394""","=""45206.499""","=""3d3.(4P).4s""","=""c 3P""","=""2""","=""3d3.(4F).5p""","=""n 3D*""","=""3""",,"=""""","=""L10989""",
"=""380.3416""","=""0.0006""","=""380.34169""","=""0.00012""","=""7""","=""""",,"=""18192.570""","=""44477.256""","=""3d3.(2H).4s""","=""a 3H""","=""6""","=""3d3.(4F).5p""","=""5F*""","=""5""",,"=""""","=""L10989""",
"=""380.50978""","=""0.00017""","=""380.50988""","=""0.00004""","=""9""","=""""",,"=""16875.124""","=""43148.1922""","=""3d2.(3F).4s.4p.(3P*)""","=""z 5F*""","=""2""","=""3d2.4s.(4F).4d""","=""g 5F""","=""3""",,"=""""","=""L10989""",
"=""380.5188""","=""0.0006""","=""380.51941""","=""0.00013""","=""5""","=""""",,"=""18818.099""","=""45090.509""","=""3d3.(4P).4s""","=""c 3P""","=""0""","=""3d2.4s.(2P).4p""","=""3P*""","=""1""",,"=""""","=""L10989""",
"=""380.5462""","=""0.0006""","=""380.54638""","=""0.00004""","=""12*""","=""""",,"=""16961.442""","=""43231.9903""","=""3d2.(3F).4s.4p.(3P*)""","=""z 5F*""","=""3""","=""3d2.4s.(4F).4d""","=""g 5F""","=""4""",,"=""""","=""L10989""",
"=""380.5462""","=""0.0006""","=""380.54647""","=""0.00006""","=""12*""","=""""",,"=""386.874""","=""26657.416""","=""3d2.4s2""","=""a 3F""","=""4""","=""3d3.(4F).4p""","=""y 5G*""","=""4""",,"=""""","=""L10989""",
"=""380.6043""","=""0.0006""","=""380.60399""","=""0.00013""","=""7""","=""""",,"=""18911.394""","=""45177.966""","=""3d3.(4P).4s""","=""c 3P""","=""2""","=""3d2.4s.(2P).4p""","=""3P*""","=""2""",,"=""""","=""L10989""",
"=""380.6305""","=""0.0006""","=""380.63073""","=""0.00013""","=""5""","=""""",,"=""18825.782""","=""45090.509""","=""3d3.(4P).4s""","=""c 3P""","=""1""","=""3d2.4s.(2P).4p""","=""3P*""","=""1""",,"=""""","=""L10989""",
"=""380.64420""","=""0.00017""","=""380.64413""","=""0.00004""","=""10""","=""""",,"=""16817.160""","=""43080.9622""","=""3d2.(3F).4s.4p.(3P*)""","=""z 5F*""","=""1""","=""3d2.4s.(4F).4d""","=""g 5F""","=""2""",,"=""""","=""L10989""",
"=""380.65857""","=""0.00017""","=""380.65852""","=""0.00004""","=""7""","=""""",,"=""16267.480""","=""42530.2894""","=""3d2.(3F).4s.4p.(3P*)""","=""z 5G*""","=""5""","=""3d2.4s.(4F).4d""","=""3H""","=""6""",,"=""""","=""L10989""",
"=""380.67022""","=""0.00017""","=""380.67000""","=""0.00004""","=""8""","=""""",,"=""16106.076""","=""42368.0934""","=""3d2.(3F).4s.4p.(3P*)""","=""z 5G*""","=""4""","=""3d2.4s.(4F).4d""","=""3H""","=""5""",,"=""""","=""L10989""",
"=""380.71998""","=""0.00017""","=""380.71995""","=""0.00010""","=""10""","=""""",,"=""19573.974""","=""45832.546""","=""3d2.(3F).4s.4p.(3P*)""","=""z 3F*""","=""4""","=""3d2.4s.(2F).4d""","=""f 3H""","=""5""",,"=""""","=""L10989""",
"=""380.77549""","=""0.00017""","=""380.77539""","=""0.00004""","=""10""","=""""",,"=""17075.258""","=""43330.0066""","=""3d2.(3F).4s.4p.(3P*)""","=""z 5F*""","=""4""","=""3d2.4s.(4F).4d""","=""g 5F""","=""5""",,"=""""","=""L10989""",
"=""381.00198""","=""0.00017""","=""381.00194""","=""0.00004""","=""1""","=""""",,"=""15975.631""","=""42214.7689""","=""3d2.(3F).4s.4p.(3P*)""","=""z 5G*""","=""3""","=""3d2.4s.(4F).4d""","=""3H""","=""4""",,"=""""","=""L10989""",
"=""381.0156""","=""0.0006""","=""381.0162""","=""0.0003""","=""5""","=""""",,"=""18825.782""","=""45063.941""","=""3d3.(4P).4s""","=""c 3P""","=""1""","=""3d3.(4F).5p""","=""n 3D*""","=""2""",,"=""""","=""L10989""",
"=""381.0727""","=""0.0004""","=""381.07314""","=""0.00010""","=""6q""","=""""",,"=""18141.265""","=""44375.500""","=""3d3.(2H).4s""","=""a 3H""","=""5""","=""3d2.4s.(4F).5p""","=""3G*""","=""5""",,"=""""","=""L10989""",
"=""381.14005""","=""0.00017""","=""381.13995""","=""0.00009""","=""13""","=""""",,"=""15108.111""","=""41337.748""","=""3d3.(2G).4s""","=""a 3G""","=""3""","=""3d.4s2.4p""","=""s 3F*""","=""2""",,"=""""","=""L10989""",
"=""381.1617""","=""0.0006""","=""381.16169""","=""0.00015""","=""4""","=""""",,"=""18141.265""","=""44369.406""","=""3d3.(2H).4s""","=""a 3H""","=""5""","=""3d3.(4F).5p""","=""5F*""","=""4""",,"=""""","=""L10989""",
"=""381.2818""","=""0.0006""","=""381.28171""","=""0.00007""","=""5""","=""""",,"=""18037.213""","=""44257.098""","=""3d3.(2H).4s""","=""a 3H""","=""4""","=""3d2.4s.(4F).5p""","=""3G*""","=""4""",,"=""""","=""L10989""",
"=""381.32691""","=""0.00017""","=""381.32697""","=""0.00006""","=""10""","=""""",,"=""16817.160""","=""43033.933""","=""3d2.(3F).4s.4p.(3P*)""","=""z 5F*""","=""1""","=""3d2.4s.(4F).4d""","=""g 5F""","=""1""",,"=""""","=""L10989""",
"=""381.3516""","=""0.0006""","=""381.35178""","=""0.00016""","=""4""","=""""",,"=""18825.782""","=""45040.849""","=""3d3.(4P).4s""","=""c 3P""","=""1""","=""3d2.4s.(2P).4p""","=""3P*""","=""0""",,"=""""","=""L10989""",
"=""381.3877""","=""0.0006""","=""381.38729""","=""0.00006""","=""2""","=""""",,"=""11639.8109""","=""37852.437""","=""3d3.(4F).4s""","=""b 3F""","=""3""","=""3d3.(2D2).4p""","=""u 3F*""","=""4""",,"=""""","=""L10989""",
"=""381.3936""","=""0.0006""","=""381.39348""","=""0.00006""","=""2""","=""""",,"=""11531.761""","=""37743.962""","=""3d3.(4F).4s""","=""b 3F""","=""2""","=""3d3.(2D2).4p""","=""u 3F*""","=""3""",,"=""""","=""L10989""",
"=""381.48603""","=""0.00017""","=""381.48609""","=""0.00004""","=""53""","=""""",,"=""16875.124""","=""43080.9622""","=""3d2.(3F).4s.4p.(3P*)""","=""z 5F*""","=""2""","=""3d2.4s.(4F).4d""","=""g 5F""","=""2""",,"=""""","=""L10989""",
"=""381.76415""","=""0.00017""","=""381.76416""","=""0.00004""","=""80""","=""""",,"=""16961.442""","=""43148.1922""","=""3d2.(3F).4s.4p.(3P*)""","=""z 5F*""","=""3""","=""3d2.4s.(4F).4d""","=""g 5F""","=""3""",,"=""""","=""L10989""",
"=""381.81988""","=""0.00017""","=""381.81987""","=""0.00010""","=""99""","=""""",,"=""18192.570""","=""44375.500""","=""3d3.(2H).4s""","=""a 3H""","=""6""","=""3d2.4s.(4F).5p""","=""3G*""","=""5""",,"=""""","=""L10989""",
"=""382.17214""","=""0.00018""","=""382.17195""","=""0.00006""","=""24""","=""""",,"=""16875.124""","=""43033.933""","=""3d2.(3F).4s.4p.(3P*)""","=""z 5F*""","=""2""","=""3d2.4s.(4F).4d""","=""g 5F""","=""1""",,"=""""","=""L10989""",
"=""382.20227""","=""0.00018""","=""382.20229""","=""0.00004""","=""120""","=""""",,"=""17075.258""","=""43231.9903""","=""3d2.(3F).4s.4p.(3P*)""","=""z 5F*""","=""4""","=""3d2.4s.(4F).4d""","=""g 5F""","=""4""",,"=""""","=""L10989""",
"=""382.28606""","=""0.00018""","=""382.28607""","=""0.00013""","=""20""","=""""",,"=""20209.447""","=""46360.447""","=""3d3.(2D2).4s""","=""b 1D""","=""2""","=""3d3.(2P).4p""","=""1P*""","=""1""",,"=""""","=""L10989""",
"=""382.69685""","=""0.00018""","=""382.69688""","=""0.00009""","=""59""","=""""",,"=""11531.761""","=""37654.690""","=""3d3.(4F).4s""","=""b 3F""","=""2""","=""3d3.(2D2).4p""","=""u 3F*""","=""2""",,"=""""","=""L10989""",
"=""382.74684""","=""0.00018""","=""382.74682""","=""0.00004""","=""38""","=""""",,"=""16961.442""","=""43080.9622""","=""3d2.(3F).4s.4p.(3P*)""","=""z 5F*""","=""3""","=""3d2.4s.(4F).4d""","=""g 5F""","=""2""",,"=""""","=""L10989""",
"=""382.76362""","=""0.00018""","=""382.76349""","=""0.00009""","=""58""","=""""",,"=""18037.213""","=""44155.596""","=""3d3.(2H).4s""","=""a 3H""","=""4""","=""3d2.4s.(4F).5p""","=""3G*""","=""3""",,"=""""","=""L10989""",
"=""382.80098""","=""0.00018""","=""382.80086""","=""0.00009""","=""80""","=""""",,"=""18141.265""","=""44257.098""","=""3d3.(2H).4s""","=""a 3H""","=""5""","=""3d2.4s.(4F).5p""","=""3G*""","=""4""",,"=""""","=""L10989""",
"=""382.81875""","=""0.00018""","=""382.81870""","=""0.00004""","=""200""","=""""",,"=""17215.390""","=""43330.0066""","=""3d2.(3F).4s.4p.(3P*)""","=""z 5F*""","=""5""","=""3d2.4s.(4F).4d""","=""g 5F""","=""5""",,"=""""","=""L10989""",
"=""382.90523""","=""0.00018""","=""382.90555""","=""0.00004""","=""4""","=""""",,"=""16106.076""","=""42214.7689""","=""3d2.(3F).4s.4p.(3P*)""","=""z 5G*""","=""4""","=""3d2.4s.(4F).4d""","=""3H""","=""4""",,"=""""","=""L10989""",
"=""382.97225""","=""0.00018""","=""382.97218""","=""0.00006""","=""86""","=""""",,"=""11639.8109""","=""37743.962""","=""3d3.(4F).4s""","=""b 3F""","=""3""","=""3d3.(2D2).4p""","=""u 3F*""","=""3""",,"=""""","=""L10989""",
"=""383.16834""","=""0.00018""","=""383.16829""","=""0.00004""","=""7""","=""""",,"=""16875.124""","=""42965.9148""","=""3d2.(3F).4s.4p.(3P*)""","=""z 5F*""","=""2""","=""3d4""","=""3F1""","=""3""",,"=""""","=""L10989""",
"=""383.20440""","=""0.00018""","=""383.20437""","=""0.00009""","=""14""","=""""",,"=""18145.286""","=""44233.620""","=""3d3.(2P).4s""","=""b 3P""","=""2""","=""3d2.4s.(4F).5p""","=""o 3D*""","=""3""",,"=""""","=""L10989""",
"=""383.31841""","=""0.00018""","=""383.31842""","=""0.00009""","=""100""","=""""",,"=""19322.984""","=""45403.556""","=""3d2.(3F).4s.4p.(3P*)""","=""z 3F*""","=""2""","=""3d2.4s.(2F).4d""","=""3G""","=""3""",,"=""""","=""L10989""",
"=""383.36745""","=""0.00018""","=""383.36748""","=""0.00010""","=""120""","=""""",,"=""19421.580""","=""45498.815""","=""3d2.(3F).4s.4p.(3P*)""","=""z 3F*""","=""3""","=""3d2.4s.(2F).4d""","=""3G""","=""4""",,"=""""","=""L10989""",
"=""383.39116""","=""0.00018""","=""383.39115""","=""0.00006""","=""120""","=""""",,"=""11776.812""","=""37852.437""","=""3d3.(4F).4s""","=""b 3F""","=""4""","=""3d3.(2D2).4p""","=""u 3F*""","=""4""",,"=""""","=""L10989""",
"=""383.43082""","=""0.00018""","=""383.43072""","=""0.00004""","=""42""","=""""",,"=""17075.258""","=""43148.1922""","=""3d2.(3F).4s.4p.(3P*)""","=""z 5F*""","=""4""","=""3d2.4s.(4F).4d""","=""g 5F""","=""3""",,"=""""","=""L10989""",
"=""383.67669""","=""0.00018""","=""383.67689""","=""0.00010""","=""150""","=""""",,"=""19573.974""","=""45630.180""","=""3d2.(3F).4s.4p.(3P*)""","=""z 3F*""","=""4""","=""3d2.4s.(2F).4d""","=""3G""","=""5""",,"=""""","=""L10989""",
"=""383.90022""","=""0.00018""","=""383.89993""","=""0.00007""","=""6""","=""""",,"=""12118.393""","=""38159.461""","=""3d2.4s2""","=""a 1G""","=""4""","=""3d2.(3P).4s.4p.(1P*)""","=""u 3D*""","=""3""",,"=""""","=""L10989""",
"=""384.03242""","=""0.00018""","=""384.03223""","=""0.00013""","=""27""","=""""",,"=""18825.782""","=""44857.879""","=""3d3.(4P).4s""","=""c 3P""","=""1""","=""3d3.(4P).4p""","=""w 3S*""","=""1""",,"=""""","=""L10989""",
"=""384.16217""","=""0.00018""","=""384.16209""","=""0.00006""","=""43""","=""""",,"=""11531.761""","=""37555.058""","=""3d3.(4F).4s""","=""b 3F""","=""2""","=""3d3.(2G).4p""","=""v 3G*""","=""3""",,"=""""","=""L10989""",
"=""384.23456""","=""0.00018""","=""384.23478""","=""0.00009""","=""11""","=""""",,"=""18061.387""","=""44079.761""","=""3d3.(2P).4s""","=""b 3P""","=""1""","=""3d2.4s.(4F).5p""","=""o 3D*""","=""2""",,"=""""","=""L10989""",
"=""384.26100""","=""0.00018""","=""384.26098""","=""0.00004""","=""31""","=""""",,"=""17215.390""","=""43231.9903""","=""3d2.(3F).4s.4p.(3P*)""","=""z 5F*""","=""5""","=""3d2.4s.(4F).4d""","=""g 5F""","=""4""",,"=""""","=""L10989""",
"=""384.28642""","=""0.00018""","=""384.28640""","=""0.00009""","=""5""","=""""",,"=""11639.8109""","=""37654.690""","=""3d3.(4F).4s""","=""b 3F""","=""3""","=""3d3.(2D2).4p""","=""u 3F*""","=""2""",,"=""""","=""L10989""",
"=""384.31542""","=""0.00018""","=""384.31572""","=""0.00004""","=""11""","=""""",,"=""15975.631""","=""41988.5259""","=""3d2.(3F).4s.4p.(3P*)""","=""z 5G*""","=""3""","=""3d2.4s.(4F).4d""","=""g 3F""","=""3""",,"=""""","=""L10989""",
"=""384.50946""","=""0.00018""","=""384.50937""","=""0.00004""","=""35""","=""""",,"=""15975.631""","=""41975.4249""","=""3d2.(3F).4s.4p.(3P*)""","=""z 5G*""","=""3""","=""3d2.4s.(4F).4d""","=""3G""","=""4""",,"=""""","=""L10989""",
"=""384.64391""","=""0.00018""","=""384.64391""","=""0.00004""","=""160""","=""""",,"=""15877.081""","=""41867.7812""","=""3d2.(3F).4s.4p.(3P*)""","=""z 5G*""","=""2""","=""3d2.4s.(4F).4d""","=""3G""","=""3""",,"=""""","=""L10989""",
"=""384.77314""","=""0.00018""","=""384.77307""","=""0.00009""","=""9""","=""""",,"=""19421.580""","=""45403.556""","=""3d2.(3F).4s.4p.(3P*)""","=""z 3F*""","=""3""","=""3d2.4s.(2F).4d""","=""3G""","=""3""",,"=""""","=""L10989""",
"=""384.79894""","=""0.00018""","=""384.79896""","=""0.00013""","=""4""","=""""",,"=""17995.487""","=""43975.715""","=""3d3.(2P).4s""","=""b 3P""","=""0""","=""3d2.4s.(4F).5p""","=""o 3D*""","=""1""",,"=""""","=""L10989""",
"=""384.83091""","=""0.00018""","=""384.83073""","=""0.00006""","=""71""","=""""",,"=""11639.8109""","=""37617.894""","=""3d3.(4F).4s""","=""b 3F""","=""3""","=""3d3.(2G).4p""","=""v 3G*""","=""4""",,"=""""","=""L10989""",
"=""385.29926""","=""0.00018""","=""385.29940""","=""0.00013""","=""55""","=""""",,"=""18911.394""","=""44857.879""","=""3d3.(4P).4s""","=""c 3P""","=""2""","=""3d3.(4P).4p""","=""w 3S*""","=""1""",,"=""""","=""L10989""",
"=""385.30465""","=""0.00018""","=""385.30464""","=""0.00004""","=""170""","=""""",,"=""15877.081""","=""41823.2130""","=""3d2.(3F).4s.4p.(3P*)""","=""z 5G*""","=""2""","=""3d2.4s.(4F).4d""","=""e 5H""","=""3""",,"=""""","=""L10989""",
"=""385.37250""","=""0.00018""","=""385.37253""","=""0.00004""","=""290""","=""6.04e+07""",B+,"=""15975.631""","=""41917.1924""","=""3d2.(3F).4s.4p.(3P*)""","=""z 5G*""","=""3""","=""3d2.4s.(4F).4d""","=""e 5H""","=""4""",,"=""T6897""","=""L10989""",
"=""385.78967""","=""0.00018""","=""385.78963""","=""0.00006""","=""89""","=""""",,"=""11776.812""","=""37690.327""","=""3d3.(4F).4s""","=""b 3F""","=""4""","=""3d3.(2G).4p""","=""v 3G*""","=""5""",,"=""""","=""L10989""",
"=""385.81367""","=""0.00018""","=""385.81369""","=""0.00004""","=""340""","=""6.33e+07""",B+,"=""16106.076""","=""42017.9751""","=""3d2.(3F).4s.4p.(3P*)""","=""z 5G*""","=""4""","=""3d2.4s.(4F).4d""","=""e 5H""","=""5""",,"=""T6897""","=""L10989""",
"=""386.10800""","=""0.00018""","=""386.10797""","=""0.00004""","=""69""","=""""",,"=""15975.631""","=""41867.7812""","=""3d2.(3F).4s.4p.(3P*)""","=""z 5G*""","=""3""","=""3d2.4s.(4F).4d""","=""3G""","=""3""",,"=""""","=""L10989""",
"=""386.28248""","=""0.00018""","=""386.28255""","=""0.00006""","=""200""","=""""",,"=""15877.081""","=""41757.529""","=""3d2.(3F).4s.4p.(3P*)""","=""z 5G*""","=""2""","=""3d2.4s.(4F).4d""","=""e 5G""","=""3""",,"=""""","=""L10989""",
"=""386.44830""","=""0.00018""","=""386.44829""","=""0.00004""","=""50""","=""""",,"=""16106.076""","=""41975.4249""","=""3d2.(3F).4s.4p.(3P*)""","=""z 5G*""","=""4""","=""3d2.4s.(4F).4d""","=""3G""","=""4""",,"=""""","=""L10989""",
"=""386.46811""","=""0.00018""","=""386.46782""","=""0.00009""","=""19""","=""""",,"=""18287.554""","=""44155.596""","=""3d3.(2G).4s""","=""b 1G""","=""4""","=""3d2.4s.(4F).5p""","=""3G*""","=""3""",,"=""""","=""L10989""",
"=""386.60212""","=""0.00018""","=""386.60198""","=""0.00007""","=""36""","=""""",,"=""7255.355""","=""33114.420""","=""3d2.4s2""","=""a 1D""","=""2""","=""3d3.(4P).4p""","=""x 3P*""","=""2""",,"=""""","=""L10989""",
"=""386.64394""","=""0.00018""","=""386.64396""","=""0.00004""","=""400""","=""6.59e+07""",B+,"=""16267.480""","=""42123.7378""","=""3d2.(3F).4s.4p.(3P*)""","=""z 5G*""","=""5""","=""3d2.4s.(4F).4d""","=""e 5H""","=""6""",,"=""T6897""","=""L10989""",
"=""386.77368""","=""0.00018""","=""386.77374""","=""0.00004""","=""120""","=""""",,"=""15975.631""","=""41823.2130""","=""3d2.(3F).4s.4p.(3P*)""","=""z 5G*""","=""3""","=""3d2.4s.(4F).4d""","=""e 5H""","=""3""",,"=""""","=""L10989""",
"=""386.80054""","=""0.00018""","=""386.80096""","=""0.00013""","=""9""","=""""",,"=""11776.812""","=""37622.575""","=""3d3.(4F).4s""","=""b 3F""","=""4""","=""3d.4s2.4p""","=""x 1F*""","=""3""",,"=""""","=""L10989""",
"=""386.83960""","=""0.00018""","=""386.83965""","=""0.00004""","=""330""","=""7.10e+07""",B+,"=""15975.631""","=""41818.8088""","=""3d2.(3F).4s.4p.(3P*)""","=""z 5G*""","=""3""","=""3d2.4s.(4F).4d""","=""e 5G""","=""4""",,"=""T6897""","=""L10989""",
"=""386.89599""","=""0.00018""","=""386.89591""","=""0.00013""","=""22""","=""""",,"=""19937.855""","=""45777.275""","=""3d2.(3F).4s.4p.(3P*)""","=""z 3D*""","=""1""","=""3d2.4s.(2F).4d""","=""3F""","=""2""",,"=""""","=""L10989""",
"=""386.92719""","=""0.00018""","=""386.92720""","=""0.00004""","=""150""","=""""",,"=""15877.081""","=""41714.4115""","=""3d2.(3F).4s.4p.(3P*)""","=""z 5G*""","=""2""","=""3d2.4s.(4F).4d""","=""e 5G""","=""2""",,"=""""","=""L10989""",
"=""386.96013""","=""0.00018""","=""386.95998""","=""0.00007""","=""57""","=""""",,"=""7255.355""","=""33090.497""","=""3d2.4s2""","=""a 1D""","=""2""","=""3d3.(4P).4p""","=""x 3P*""","=""1""",,"=""""","=""L10989""",
"=""387.01203""","=""0.00018""","=""387.01215""","=""0.00012""","=""29""","=""""",,"=""20006.039""","=""45837.698""","=""3d2.(3F).4s.4p.(3P*)""","=""z 3D*""","=""2""","=""3d2.4s.(2F).4d""","=""3F""","=""3""",,"=""""","=""L10989""",
"=""387.32011""","=""0.00018""","=""387.32018""","=""0.00005""","=""240""","=""5.05e+07""",B+,"=""16106.076""","=""41917.1924""","=""3d2.(3F).4s.4p.(3P*)""","=""z 5G*""","=""4""","=""3d2.4s.(4F).4d""","=""e 5H""","=""4""",,"=""T6897""","=""L10989""",
"=""387.41255""","=""0.00018""","=""387.41272""","=""0.00015""","=""44""","=""""",,"=""20126.062""","=""45931.013""","=""3d2.(3F).4s.4p.(3P*)""","=""z 3D*""","=""3""","=""3d2.4s.(2F).4d""","=""3F""","=""4""",,"=""""","=""L10989""",
"=""387.52573""","=""0.00018""","=""387.52612""","=""0.00005""","=""430""","=""""",,"=""16106.076""","=""41903.4757""","=""3d2.(3F).4s.4p.(3P*)""","=""z 5G*""","=""4""","=""3d2.4s.(4F).4d""","=""e 5G""","=""5""",,"=""""","=""L10989""",
"=""387.75910""","=""0.00018""","=""387.75913""","=""0.00006""","=""68""","=""""",,"=""15975.631""","=""41757.529""","=""3d2.(3F).4s.4p.(3P*)""","=""z 5G*""","=""3""","=""3d2.4s.(4F).4d""","=""e 5G""","=""3""",,"=""""","=""L10989""",
"=""387.91937""","=""0.00018""","=""387.91956""","=""0.00014""","=""9""","=""""",,"=""20006.039""","=""45777.275""","=""3d2.(3F).4s.4p.(3P*)""","=""z 3D*""","=""2""","=""3d2.4s.(2F).4d""","=""3F""","=""2""",,"=""""","=""L10989""",
"=""387.93448""","=""0.00018""","=""387.93452""","=""0.00011""","=""13""","=""""",,"=""19322.984""","=""45093.226""","=""3d2.(3F).4s.4p.(3P*)""","=""z 3F*""","=""2""","=""3d2.4s.(2D).5s""","=""3D""","=""1""",,"=""""","=""L10989""",
"=""388.06290""","=""0.00018""","=""388.06308""","=""0.00005""","=""7""","=""""",,"=""16106.076""","=""41867.7812""","=""3d2.(3F).4s.4p.(3P*)""","=""z 5G*""","=""4""","=""3d2.4s.(4F).4d""","=""3G""","=""3""",,"=""""","=""L10989""",
"=""388.13955""","=""0.00018""","=""388.13942""","=""0.00008""","=""240""","=""3.0e+05""",C,"=""170.1328""","=""25926.771""","=""3d2.4s2""","=""a 3F""","=""3""","=""3d2.(3P).4s.4p.(3P*)""","=""5D*""","=""4""",,"=""T3499n""","=""L10989""",
"=""388.21464""","=""0.00018""","=""388.21462""","=""0.00005""","=""480""","=""7.38e+07""",B+,"=""16267.480""","=""42019.1293""","=""3d2.(3F).4s.4p.(3P*)""","=""z 5G*""","=""5""","=""3d2.4s.(4F).4d""","=""e 5G""","=""6""",,"=""T6897""","=""L10989""",
"=""388.23204""","=""0.00018""","=""388.23202""","=""0.00005""","=""310""","=""5.75e+07""",B+,"=""16267.480""","=""42017.9751""","=""3d2.(3F).4s.4p.(3P*)""","=""z 5G*""","=""5""","=""3d2.4s.(4F).4d""","=""e 5H""","=""5""",,"=""T6897""","=""L10989""",
"=""388.28910""","=""0.00018""","=""388.28916""","=""0.00006""","=""900""","=""1.49e+08""",B+,"=""16458.671""","=""42205.377""","=""3d2.(3F).4s.4p.(3P*)""","=""z 5G*""","=""6""","=""3d2.4s.(4F).4d""","=""e 5H""","=""7""",,"=""T6897""","=""L10989""",
"=""388.40881""","=""0.00018""","=""388.40872""","=""0.00005""","=""30""","=""""",,"=""15975.631""","=""41714.4115""","=""3d2.(3F).4s.4p.(3P*)""","=""z 5G*""","=""3""","=""3d2.4s.(4F).4d""","=""e 5G""","=""2""",,"=""""","=""L10989""",
"=""388.73554""","=""0.00018""","=""388.73561""","=""0.00005""","=""13""","=""""",,"=""16106.076""","=""41823.2130""","=""3d2.(3F).4s.4p.(3P*)""","=""z 5G*""","=""4""","=""3d2.4s.(4F).4d""","=""e 5H""","=""3""",,"=""""","=""L10989""",
"=""388.80218""","=""0.00018""","=""388.80220""","=""0.00005""","=""63""","=""1.33e+07""",B+,"=""16106.076""","=""41818.8088""","=""3d2.(3F).4s.4p.(3P*)""","=""z 5G*""","=""4""","=""3d2.4s.(4F).4d""","=""e 5G""","=""4""",,"=""T6897""","=""L10989""",
"=""388.81874""","=""0.00018""","=""388.81879""","=""0.00012""","=""9""","=""""",,"=""20126.062""","=""45837.698""","=""3d2.(3F).4s.4p.(3P*)""","=""z 3D*""","=""3""","=""3d2.4s.(2F).4d""","=""3F""","=""3""",,"=""""","=""L10989""",
"=""388.8752""","=""0.0004""","=""388.87461""","=""0.00005""","=""7q""","=""""",,"=""16267.480""","=""41975.4249""","=""3d2.(3F).4s.4p.(3P*)""","=""z 5G*""","=""5""","=""3d2.4s.(4F).4d""","=""3G""","=""4""",,"=""""","=""L10989""",
"=""388.99503""","=""0.00018""","=""388.99503""","=""0.00008""","=""290""","=""5.1e+05""",C,"=""0.000""","=""25699.987""","=""3d2.4s2""","=""a 3F""","=""2""","=""3d2.(3P).4s.4p.(3P*)""","=""5D*""","=""2""",,"=""T3499n""","=""L10989""",
"=""389.36228""","=""0.00018""","=""389.36234""","=""0.00012""","=""16""","=""""",,"=""19421.580""","=""45097.323""","=""3d2.(3F).4s.4p.(3P*)""","=""z 3F*""","=""3""","=""3d2.4s.(2D).5s""","=""3D""","=""2""",,"=""""","=""L10989""",
"=""389.52426""","=""0.00018""","=""389.52431""","=""0.00006""","=""330""","=""5.41e+07""",B+,"=""16458.671""","=""42123.7378""","=""3d2.(3F).4s.4p.(3P*)""","=""z 5G*""","=""6""","=""3d2.4s.(4F).4d""","=""e 5H""","=""6""",,"=""T6897""","=""L10989""",
"=""389.73092""","=""0.00018""","=""389.73105""","=""0.00006""","=""25""","=""""",,"=""16106.076""","=""41757.529""","=""3d2.(3F).4s.4p.(3P*)""","=""z 5G*""","=""4""","=""3d2.4s.(4F).4d""","=""e 5G""","=""3""",,"=""""","=""L10989""",
"=""389.75749""","=""0.00018""","=""389.75749""","=""0.00005""","=""21""","=""4.01e+06""",B+,"=""16267.480""","=""41917.1924""","=""3d2.(3F).4s.4p.(3P*)""","=""z 5G*""","=""5""","=""3d2.4s.(4F).4d""","=""e 5H""","=""4""",,"=""T6897""","=""L10989""",
"=""389.84886""","=""0.00018""","=""389.84886""","=""0.00005""","=""200""","=""3.77e+05""",A,"=""0.000""","=""25643.701""","=""3d2.4s2""","=""a 3F""","=""2""","=""3d3.(4F).4p""","=""y 3D*""","=""3""",,"=""T7574""","=""L10989""",
"=""389.96599""","=""0.00018""","=""389.96604""","=""0.00005""","=""78""","=""""",,"=""16267.480""","=""41903.4757""","=""3d2.(3F).4s.4p.(3P*)""","=""z 5G*""","=""5""","=""3d2.4s.(4F).4d""","=""e 5G""","=""5""",,"=""""","=""L10989""",
"=""389.97022""","=""0.00018""","=""389.97016""","=""0.00006""","=""28""","=""""",,"=""0.000""","=""25635.725""","=""3d2.4s2""","=""a 3F""","=""2""","=""3d2.(3P).4s.4p.(3P*)""","=""5D*""","=""1""",,"=""""","=""L10989""",
"=""390.09594""","=""0.00018""","=""390.09590""","=""0.00006""","=""1400""","=""1.47e+06""",A,"=""170.1328""","=""25797.595""","=""3d2.4s2""","=""a 3F""","=""3""","=""3d2.(3P).4s.4p.(3P*)""","=""5D*""","=""3""",,"=""T7574""","=""L10989""",
"=""390.47840""","=""0.00018""","=""390.47826""","=""0.00009""","=""3500""","=""""",,"=""7255.355""","=""32857.723""","=""3d2.4s2""","=""a 1D""","=""2""","=""3d2.(1D).4s.4p.(1P*)""","=""y 1F*""","=""3""",,"=""""","=""L10989""",
"=""391.11849""","=""0.00018""","=""391.11851""","=""0.00006""","=""120""","=""1.83e+07""",B+,"=""16458.671""","=""42019.1293""","=""3d2.(3F).4s.4p.(3P*)""","=""z 5G*""","=""6""","=""3d2.4s.(4F).4d""","=""e 5G""","=""6""",,"=""T6897""","=""L10989""",
"=""391.13634""","=""0.00018""","=""391.13617""","=""0.00006""","=""15""","=""2.82e+06""",C+,"=""16458.671""","=""42017.9751""","=""3d2.(3F).4s.4p.(3P*)""","=""z 5G*""","=""6""","=""3d2.4s.(4F).4d""","=""e 5H""","=""5""",,"=""T6897""","=""L10989""",
"=""391.258""","=""0.005""","=""391.25826""","=""0.00005""","=""2""","=""4.57e+06""",B+,"=""16267.480""","=""41818.8088""","=""3d2.(3F).4s.4p.(3P*)""","=""z 5G*""","=""5""","=""3d2.4s.(4F).4d""","=""e 5G""","=""4""",,"=""T6897""","=""L17997""",
"=""391.28962""","=""0.00018""","=""391.28955""","=""0.00012""","=""8""","=""""",,"=""22404.739""","=""47954.025""","=""3d2.(3F).4s.4p.(3P*)""","=""z 1F*""","=""3""","=""3d3.(2G).5s""","=""1G""","=""4""",,"=""""","=""L10989""",
"=""391.43347""","=""0.00018""","=""391.43340""","=""0.00008""","=""3100""","=""2.3e+06""",C,"=""386.874""","=""25926.771""","=""3d2.4s2""","=""a 3F""","=""4""","=""3d2.(3P).4s.4p.(3P*)""","=""5D*""","=""4""",,"=""T3499n""","=""L10989""",
"=""391.47377""","=""0.00018""","=""391.47342""","=""0.00006""","=""180""","=""8.3e+05""",C,"=""0.000""","=""25537.286""","=""3d2.4s2""","=""a 3F""","=""2""","=""3d2.(1D).4s.4p.(3P*)""","=""3P*""","=""1""",,"=""T3499n""","=""L10989""",
"=""391.58749""","=""0.00018""","=""391.58738""","=""0.00008""","=""78""","=""""",,"=""170.1328""","=""25699.987""","=""3d2.4s2""","=""a 3F""","=""3""","=""3d2.(3P).4s.4p.(3P*)""","=""5D*""","=""2""",,"=""""","=""L10989""",
"=""391.60947""","=""0.00018""","=""391.60958""","=""0.00014""","=""20""","=""""",,"=""19573.974""","=""45102.381""","=""3d2.(3F).4s.4p.(3P*)""","=""z 3F*""","=""4""","=""3d2.4s.(2D).5s""","=""3D""","=""3""",,"=""""","=""L10989""",
"=""391.98169""","=""0.00018""","=""391.98156""","=""0.00014""","=""84""","=""""",,"=""12118.393""","=""37622.575""","=""3d2.4s2""","=""a 1G""","=""4""","=""3d.4s2.4p""","=""x 1F*""","=""3""",,"=""""","=""L10989""",
"=""392.05359""","=""0.00018""","=""392.05351""","=""0.00008""","=""5""","=""""",,"=""12118.393""","=""37617.894""","=""3d2.4s2""","=""a 1G""","=""4""","=""3d3.(2G).4p""","=""v 3G*""","=""4""",,"=""""","=""L10989""",
"=""392.14225""","=""0.00018""","=""392.14222""","=""0.00005""","=""1600""","=""2.48e+06""",A,"=""0.000""","=""25493.733""","=""3d2.4s2""","=""a 3F""","=""2""","=""3d2.(1D).4s.4p.(3P*)""","=""3P*""","=""2""",,"=""T7574""","=""L10989""",
"=""392.45268""","=""0.00018""","=""392.45264""","=""0.00006""","=""3600""","=""8.10e+06""",A,"=""170.1328""","=""25643.701""","=""3d2.4s2""","=""a 3F""","=""3""","=""3d3.(4F).4p""","=""y 3D*""","=""3""",,"=""T7574""","=""L10989""",
"=""392.63180""","=""0.00019""","=""392.63180""","=""0.00015""","=""78""","=""""",,"=""20795.603""","=""46257.548""","=""3d3.(2H).4s""","=""a 1H""","=""5""","=""3d2.4s.(2F).5p""","=""u 1G*""","=""4""",,"=""""","=""L10989""",
"=""392.8761""","=""0.0004""","=""392.87557""","=""0.00005""","=""8q""","=""""",,"=""18593.947""","=""44040.0941""","=""3d2.(3F).4s.4p.(3P*)""","=""z 5D*""","=""3""","=""3d3.(4F).4d""","=""5F""","=""4""",,"=""""","=""L10989""",
"=""392.8967""","=""0.0004""","=""392.89629""","=""0.00006""","=""13q""","=""""",,"=""16458.671""","=""41903.4757""","=""3d2.(3F).4s.4p.(3P*)""","=""z 5G*""","=""6""","=""3d2.4s.(4F).4d""","=""e 5G""","=""5""",,"=""""","=""L10989""",
"=""392.98740""","=""0.00019""","=""392.98737""","=""0.00005""","=""3200""","=""8.51e+06""",A,"=""0.000""","=""25438.908""","=""3d2.4s2""","=""a 3F""","=""2""","=""3d3.(4F).4p""","=""y 3D*""","=""2""",,"=""T7574""","=""L10989""",
"=""393.02222""","=""0.00019""","=""393.02202""","=""0.00008""","=""17""","=""""",,"=""12118.393""","=""37555.058""","=""3d2.4s2""","=""a 1G""","=""4""","=""3d3.(2G).4p""","=""v 3G*""","=""3""",,"=""""","=""L10989""",
"=""393.15866""","=""0.00019""","=""393.15831""","=""0.00005""","=""9""","=""""",,"=""18695.134""","=""44122.9818""","=""3d2.(3F).4s.4p.(3P*)""","=""z 5D*""","=""4""","=""3d3.(4F).4d""","=""5F""","=""5""",,"=""""","=""L10989""",
"=""393.42336""","=""0.00019""","=""393.42330""","=""0.00006""","=""310""","=""4.5e+05""",C,"=""386.874""","=""25797.595""","=""3d2.4s2""","=""a 3F""","=""4""","=""3d2.(3P).4s.4p.(3P*)""","=""5D*""","=""3""",,"=""T3499n""","=""L10989""",
"=""393.8000""","=""0.0002""","=""393.79983""","=""0.00006""","=""2b""","=""""",,"=""18593.947""","=""43980.372""","=""3d2.(3F).4s.4p.(3P*)""","=""z 5D*""","=""3""","=""3d3.4d""","=""5P""","=""2""",,"=""""","=""L17998""",
"=""394.77686""","=""0.00019""","=""394.77683""","=""0.00006""","=""5700""","=""9.6e+06""",C,"=""170.1328""","=""25493.733""","=""3d2.4s2""","=""a 3F""","=""3""","=""3d2.(1D).4s.4p.(3P*)""","=""3P*""","=""2""",,"=""T3499n,T3430""","=""L10989""",
"=""394.86708""","=""0.00019""","=""394.86705""","=""0.00005""","=""7000""","=""5.60e+07""",A,"=""0.000""","=""25317.814""","=""3d2.4s2""","=""a 3F""","=""2""","=""3d3.(4F).4p""","=""y 3D*""","=""1""",,"=""T7574""","=""L10989""",
"=""395.63343""","=""0.00019""","=""395.63338""","=""0.00006""","=""8000""","=""3.46e+07""",A,"=""170.1328""","=""25438.908""","=""3d2.4s2""","=""a 3F""","=""3""","=""3d3.(4F).4p""","=""y 3D*""","=""2""",,"=""T7574""","=""L10989""",
"=""395.82016""","=""0.00019""","=""395.82055""","=""0.00006""","=""8600""","=""4.88e+07""",A,"=""386.874""","=""25643.701""","=""3d2.4s2""","=""a 3F""","=""4""","=""3d3.(4F).4p""","=""y 3D*""","=""3""",,"=""T7574""","=""L10989""",
"=""396.28508""","=""0.00019""","=""396.28507""","=""0.00005""","=""2500""","=""4.71e+06""",A,"=""0.000""","=""25227.222""","=""3d2.4s2""","=""a 3F""","=""2""","=""3d2.(3F).4s.4p.(1P*)""","=""y 3F*""","=""3""",,"=""T7574""","=""L10989""",
"=""396.42694""","=""0.00019""","=""396.42687""","=""0.00006""","=""2800""","=""3.64e+06""",A,"=""170.1328""","=""25388.331""","=""3d2.4s2""","=""a 3F""","=""3""","=""3d2.(3F).4s.4p.(1P*)""","=""y 3F*""","=""4""",,"=""T7574""","=""L10989""",
"=""397.57073""","=""0.00019""","=""397.57123""","=""0.00005""","=""8""","=""""",,"=""16961.442""","=""42107.0545""","=""3d2.(3F).4s.4p.(3P*)""","=""z 5F*""","=""3""","=""3d2.4s.(4F).4d""","=""g 3F""","=""4""",,"=""""","=""L10989""",
"=""398.08102""","=""0.00019""","=""398.08117""","=""0.00005""","=""15""","=""""",,"=""16875.124""","=""41988.5259""","=""3d2.(3F).4s.4p.(3P*)""","=""z 5F*""","=""2""","=""3d2.4s.(4F).4d""","=""g 3F""","=""3""",,"=""""","=""L10989""",
"=""398.14496""","=""0.00019""","=""398.14512""","=""0.00005""","=""24""","=""""",,"=""17075.258""","=""42184.6261""","=""3d2.(3F).4s.4p.(3P*)""","=""z 5F*""","=""4""","=""3d2.4s.(4F).4d""","=""e 5D""","=""4""",,"=""""","=""L10989""",
"=""398.17616""","=""0.00019""","=""398.17616""","=""0.00005""","=""8800""","=""4.42e+07""",A,"=""0.000""","=""25107.411""","=""3d2.4s2""","=""a 3F""","=""2""","=""3d2.(3F).4s.4p.(1P*)""","=""y 3F*""","=""2""",,"=""T7574""","=""L10989""",
"=""398.24806""","=""0.00019""","=""398.24811""","=""0.00005""","=""3400""","=""4.5e+06""",C,"=""0.000""","=""25102.875""","=""3d2.4s2""","=""a 3F""","=""2""","=""3d2.(3P).4s.4p.(3P*)""","=""z 5S*""","=""2""",,"=""T3499n""","=""L10989""",
"=""398.38254""","=""0.00019""","=""398.38274""","=""0.00005""","=""14""","=""""",,"=""17075.258""","=""42169.6496""","=""3d2.(3F).4s.4p.(3P*)""","=""z 5F*""","=""4""","=""3d2.4s.(4F).4d""","=""3G""","=""5""",,"=""""","=""L10989""",
"=""398.43145""","=""0.00019""","=""398.43136""","=""0.00005""","=""43*""","=""""",,"=""16961.442""","=""42052.7717""","=""3d2.(3F).4s.4p.(3P*)""","=""z 5F*""","=""3""","=""3d2.4s.(4F).4d""","=""e 5D""","=""3""",,"=""""","=""L10989""",
"=""398.43145""","=""0.00019""","=""398.43208""","=""0.00013""","=""43*""","=""""",,"=""20006.039""","=""45097.323""","=""3d2.(3F).4s.4p.(3P*)""","=""z 3D*""","=""2""","=""3d2.4s.(2D).5s""","=""3D""","=""2""",,"=""""","=""L10989""",
"=""398.54430""","=""0.00019""","=""398.54433""","=""0.00005""","=""30""","=""""",,"=""16817.160""","=""41901.3771""","=""3d2.(3F).4s.4p.(3P*)""","=""z 5F*""","=""1""","=""3d2.4s.(4F).4d""","=""e 5D""","=""1""",,"=""""","=""L10989""",
"=""398.55795""","=""0.00019""","=""398.55796""","=""0.00005""","=""44""","=""""",,"=""16875.124""","=""41958.4833""","=""3d2.(3F).4s.4p.(3P*)""","=""z 5F*""","=""2""","=""3d2.4s.(4F).4d""","=""e 5D""","=""2""",,"=""""","=""L10989""",
"=""398.95685""","=""0.00019""","=""398.95642""","=""0.00016""","=""33""","=""""",,"=""8602.3441""","=""33660.652""","=""3d2.4s2""","=""a 3P""","=""2""","=""3d2.(1D).4s.4p.(1P*)""","=""z 1P*""","=""1""",,"=""""","=""L10989""",
"=""398.97586""","=""0.00019""","=""398.97582""","=""0.00006""","=""8800""","=""4.48e+07""",A,"=""170.1328""","=""25227.222""","=""3d2.4s2""","=""a 3F""","=""3""","=""3d2.(3F).4s.4p.(1P*)""","=""y 3F*""","=""3""",,"=""T7574""","=""L10989""",
"=""399.01363""","=""0.00019""","=""399.01380""","=""0.00005""","=""18""","=""""",,"=""16817.160""","=""41871.8642""","=""3d2.(3F).4s.4p.(3P*)""","=""z 5F*""","=""1""","=""3d2.4s.(4F).4d""","=""g 3F""","=""2""",,"=""""","=""L10989""",
"=""399.02195""","=""0.00019""","=""399.02175""","=""0.00010""","=""28""","=""""",,"=""16817.160""","=""41871.365""","=""3d2.(3F).4s.4p.(3P*)""","=""z 5F*""","=""1""","=""3d2.4s.(4F).4d""","=""e 5D""","=""0""",,"=""""","=""L10989""",
"=""399.37885""","=""0.00019""","=""399.37897""","=""0.00005""","=""11""","=""""",,"=""17075.258""","=""42107.0545""","=""3d2.(3F).4s.4p.(3P*)""","=""z 5F*""","=""4""","=""3d2.4s.(4F).4d""","=""g 3F""","=""4""",,"=""""","=""L10989""",
"=""399.46742""","=""0.00019""","=""399.46743""","=""0.00005""","=""55""","=""""",,"=""16875.124""","=""41901.3771""","=""3d2.(3F).4s.4p.(3P*)""","=""z 5F*""","=""2""","=""3d2.4s.(4F).4d""","=""e 5D""","=""1""",,"=""""","=""L10989""",
"=""399.66350""","=""0.00019""","=""399.66339""","=""0.00005""","=""17""","=""""",,"=""16961.442""","=""41975.4249""","=""3d2.(3F).4s.4p.(3P*)""","=""z 5F*""","=""3""","=""3d2.4s.(4F).4d""","=""3G""","=""4""",,"=""""","=""L10989""",
"=""399.86366""","=""0.00019""","=""399.86363""","=""0.00006""","=""10000""","=""4.81e+07""",A,"=""386.874""","=""25388.331""","=""3d2.4s2""","=""a 3F""","=""4""","=""3d2.(3F).4s.4p.(1P*)""","=""y 3F*""","=""4""",,"=""T7574""","=""L10989""",
"=""399.8963""","=""0.0004""","=""399.89687""","=""0.00005""","=""15q""","=""""",,"=""17215.390""","=""42214.7689""","=""3d2.(3F).4s.4p.(3P*)""","=""z 5F*""","=""5""","=""3d2.4s.(4F).4d""","=""3H""","=""4""",,"=""""","=""L10989""",
"=""399.93424""","=""0.00019""","=""399.93427""","=""0.00005""","=""88""","=""""",,"=""16961.442""","=""41958.4833""","=""3d2.(3F).4s.4p.(3P*)""","=""z 5F*""","=""3""","=""3d2.4s.(4F).4d""","=""e 5D""","=""2""",,"=""""","=""L10989""",
"=""400.00430""","=""0.00019""","=""400.00442""","=""0.00005""","=""12""","=""""",,"=""16875.124""","=""41867.7812""","=""3d2.(3F).4s.4p.(3P*)""","=""z 5F*""","=""2""","=""3d2.4s.(4F).4d""","=""3G""","=""3""",,"=""""","=""L10989""",
"=""400.24681""","=""0.00019""","=""400.24694""","=""0.00005""","=""100""","=""""",,"=""17075.258""","=""42052.7717""","=""3d2.(3F).4s.4p.(3P*)""","=""z 5F*""","=""4""","=""3d2.4s.(4F).4d""","=""e 5D""","=""3""",,"=""""","=""L10989""",
"=""400.37970""","=""0.00019""","=""400.37963""","=""0.00005""","=""120""","=""""",,"=""17215.390""","=""42184.6261""","=""3d2.(3F).4s.4p.(3P*)""","=""z 5F*""","=""5""","=""3d2.4s.(4F).4d""","=""e 5D""","=""4""",,"=""""","=""L10989""",
"=""400.59599""","=""0.00019""","=""400.59600""","=""0.00005""","=""68""","=""1.36e+07""",B+,"=""16961.442""","=""41917.1924""","=""3d2.(3F).4s.4p.(3P*)""","=""z 5F*""","=""3""","=""3d2.4s.(4F).4d""","=""e 5H""","=""4""",,"=""T6897""","=""L10989""",
"=""400.64616""","=""0.00019""","=""400.64595""","=""0.00010""","=""5""","=""""",,"=""17423.856""","=""42376.495""","=""3d3.(2D2).4s""","=""a 3D""","=""2""","=""3d2.4s.(4F).5p""","=""5D*""","=""3""",,"=""""","=""L10989""",
"=""400.71891""","=""0.00019""","=""400.71902""","=""0.00005""","=""34""","=""""",,"=""16875.124""","=""41823.2130""","=""3d2.(3F).4s.4p.(3P*)""","=""z 5F*""","=""2""","=""3d2.4s.(4F).4d""","=""e 5H""","=""3""",,"=""""","=""L10989""",
"=""400.80533""","=""0.00019""","=""400.80532""","=""0.00005""","=""120""","=""2.19e+07""",B+,"=""17075.258""","=""42017.9751""","=""3d2.(3F).4s.4p.(3P*)""","=""z 5F*""","=""4""","=""3d2.4s.(4F).4d""","=""e 5H""","=""5""",,"=""T6897""","=""L10989""",
"=""400.89273""","=""0.00019""","=""400.89274""","=""0.00006""","=""3300""","=""8.07e+06""",A,"=""170.1328""","=""25107.411""","=""3d2.4s2""","=""a 3F""","=""3""","=""3d2.(3F).4s.4p.(1P*)""","=""y 3F*""","=""2""",,"=""T7574""","=""L10989""",
"=""400.96565""","=""0.00019""","=""400.96568""","=""0.00006""","=""1200""","=""1.39e+06""",A,"=""170.1328""","=""25102.875""","=""3d2.4s2""","=""a 3F""","=""3""","=""3d2.(3P).4s.4p.(3P*)""","=""z 5S*""","=""2""",,"=""T7574""","=""L10989""",
"=""401.27913""","=""0.00019""","=""401.27911""","=""0.00005""","=""32""","=""""",,"=""17075.258""","=""41988.5259""","=""3d2.(3F).4s.4p.(3P*)""","=""z 5F*""","=""4""","=""3d2.4s.(4F).4d""","=""g 3F""","=""3""",,"=""""","=""L10989""",
"=""401.3241""","=""0.0004""","=""401.32496""","=""0.00005""","=""5q""","=""2.0e+07""",D,"=""16961.442""","=""41871.8642""","=""3d2.(3F).4s.4p.(3P*)""","=""z 5F*""","=""3""","=""3d2.4s.(4F).4d""","=""g 3F""","=""2""",,"=""T4401n""","=""L10989""",
"=""401.35833""","=""0.00019""","=""401.35838""","=""0.00005""","=""160""","=""2.74e+07""",B+,"=""17215.390""","=""42123.7378""","=""3d2.(3F).4s.4p.(3P*)""","=""z 5F*""","=""5""","=""3d2.4s.(4F).4d""","=""e 5H""","=""6""",,"=""T6897""","=""L10989""",
"=""401.48991""","=""0.00019""","=""401.48975""","=""0.00013""","=""13""","=""""",,"=""17369.529""","=""42269.727""","=""3d3.(2D2).4s""","=""a 3D""","=""1""","=""3d2.4s.(4F).5p""","=""5D*""","=""2""",,"=""""","=""L10989""",
"=""401.53738""","=""0.00019""","=""401.53726""","=""0.00005""","=""150""","=""""",,"=""16817.160""","=""41714.4115""","=""3d2.(3F).4s.4p.(3P*)""","=""z 5F*""","=""1""","=""3d2.4s.(4F).4d""","=""e 5G""","=""2""",,"=""""","=""L10989""",
"=""401.62761""","=""0.00019""","=""401.62739""","=""0.00005""","=""74""","=""""",,"=""17215.390""","=""42107.0545""","=""3d2.(3F).4s.4p.(3P*)""","=""z 5F*""","=""5""","=""3d2.4s.(4F).4d""","=""g 3F""","=""4""",,"=""""","=""L10989""",
"=""401.69636""","=""0.00019""","=""401.69608""","=""0.00008""","=""26""","=""""",,"=""17423.856""","=""42311.264""","=""3d3.(2D2).4s""","=""a 3D""","=""2""","=""3d.4s2.4p""","=""q 3D*""","=""3""",,"=""""","=""L10989""",
"=""401.77674""","=""0.00019""","=""401.77685""","=""0.00006""","=""170""","=""""",,"=""16875.124""","=""41757.529""","=""3d2.(3F).4s.4p.(3P*)""","=""z 5F*""","=""2""","=""3d2.4s.(4F).4d""","=""e 5G""","=""3""",,"=""""","=""L10989""",
"=""402.11078""","=""0.00019""","=""402.11031""","=""0.00005""","=""5""","=""""",,"=""16961.442""","=""41823.2130""","=""3d2.(3F).4s.4p.(3P*)""","=""z 5F*""","=""3""","=""3d2.4s.(4F).4d""","=""e 5H""","=""3""",,"=""""","=""L10989""",
"=""402.18151""","=""0.00019""","=""402.18156""","=""0.00005""","=""230""","=""5.00e+07""",B+,"=""16961.442""","=""41818.8088""","=""3d2.(3F).4s.4p.(3P*)""","=""z 5F*""","=""3""","=""3d2.4s.(4F).4d""","=""e 5G""","=""4""",,"=""T6897""","=""L10989""",
"=""402.36789""","=""0.00019""","=""402.36765""","=""0.00011""","=""12""","=""""",,"=""17423.856""","=""42269.727""","=""3d3.(2D2).4s""","=""a 3D""","=""2""","=""3d2.4s.(4F).5p""","=""5D*""","=""2""",,"=""""","=""L10989""",
"=""402.4307""","=""0.0004""","=""402.43141""","=""0.00005""","=""9q""","=""1.69e+06""",D+,"=""17075.258""","=""41917.1924""","=""3d2.(3F).4s.4p.(3P*)""","=""z 5F*""","=""4""","=""3d2.4s.(4F).4d""","=""e 5H""","=""4""",,"=""T6897""","=""L10989""",
"=""402.45709""","=""0.00019""","=""402.45711""","=""0.00006""","=""3600""","=""6.91e+06""",A,"=""386.874""","=""25227.222""","=""3d2.4s2""","=""a 3F""","=""4""","=""3d2.(3F).4s.4p.(1P*)""","=""y 3F*""","=""3""",,"=""T7574""","=""L10989""",
"=""402.47414""","=""0.00019""","=""402.47429""","=""0.00005""","=""39""","=""""",,"=""16875.124""","=""41714.4115""","=""3d2.(3F).4s.4p.(3P*)""","=""z 5F*""","=""2""","=""3d2.4s.(4F).4d""","=""e 5G""","=""2""",,"=""""","=""L10989""",
"=""402.50762""","=""0.00019""","=""402.50770""","=""0.00010""","=""21""","=""""",,"=""17369.529""","=""42206.755""","=""3d3.(2D2).4s""","=""a 3D""","=""1""","=""3d.4s2.4p""","=""q 3D*""","=""2""",,"=""""","=""L10989""",
"=""402.52245""","=""0.00019""","=""402.52259""","=""0.00010""","=""25""","=""""",,"=""17540.188""","=""42376.495""","=""3d3.(2D2).4s""","=""a 3D""","=""3""","=""3d2.4s.(4F).5p""","=""5D*""","=""3""",,"=""""","=""L10989""",
"=""402.65374""","=""0.00019""","=""402.65374""","=""0.00005""","=""260""","=""""",,"=""17075.258""","=""41903.4757""","=""3d2.(3F).4s.4p.(3P*)""","=""z 5F*""","=""4""","=""3d2.4s.(4F).4d""","=""e 5G""","=""5""",,"=""""","=""L10989""",
"=""402.7149""","=""0.0004""","=""402.71534""","=""0.00008""","=""6q""","=""""",,"=""17369.529""","=""42193.949""","=""3d3.(2D2).4s""","=""a 3D""","=""1""","=""3d2.4s.(4F).5p""","=""5D*""","=""1""",,"=""""","=""L10989""",
"=""403.05111""","=""0.00019""","=""403.05112""","=""0.00005""","=""310""","=""5.08e+07""",B+,"=""17215.390""","=""42019.1293""","=""3d2.(3F).4s.4p.(3P*)""","=""z 5F*""","=""5""","=""3d2.4s.(4F).4d""","=""e 5G""","=""6""",,"=""T6897""","=""L10989""",
"=""403.06980""","=""0.00020""","=""403.06988""","=""0.00005""","=""8""","=""1.20e+06""",C+,"=""17215.390""","=""42017.9751""","=""3d2.(3F).4s.4p.(3P*)""","=""z 5F*""","=""5""","=""3d2.4s.(4F).4d""","=""e 5H""","=""5""",,"=""T6897""","=""L10989""",
"=""403.17550""","=""0.00020""","=""403.17551""","=""0.00007""","=""39""","=""""",,"=""16961.442""","=""41757.529""","=""3d2.(3F).4s.4p.(3P*)""","=""z 5F*""","=""3""","=""3d2.4s.(4F).4d""","=""e 5G""","=""3""",,"=""""","=""L10989""",
"=""403.39019""","=""0.00020""","=""403.39006""","=""0.00008""","=""61""","=""""",,"=""17423.856""","=""42206.755""","=""3d3.(2D2).4s""","=""a 3D""","=""2""","=""3d.4s2.4p""","=""q 3D*""","=""2""",,"=""""","=""L10989""",
"=""403.48905""","=""0.00020""","=""403.48905""","=""0.00010""","=""41""","=""""",,"=""17369.529""","=""42146.348""","=""3d3.(2D2).4s""","=""a 3D""","=""1""","=""3d.4s2.4p""","=""q 3D*""","=""1""",,"=""""","=""L10989""",
"=""403.58254""","=""0.00020""","=""403.58260""","=""0.00008""","=""130""","=""""",,"=""17540.188""","=""42311.264""","=""3d3.(2D2).4s""","=""a 3D""","=""3""","=""3d.4s2.4p""","=""q 3D*""","=""3""",,"=""""","=""L10989""",
"=""404.03166""","=""0.00020""","=""404.03156""","=""0.00005""","=""36""","=""8.07e+06""",B+,"=""17075.258""","=""41818.8088""","=""3d2.(3F).4s.4p.(3P*)""","=""z 5F*""","=""4""","=""3d2.4s.(4F).4d""","=""e 5G""","=""4""",,"=""T6897""","=""L10989""",
"=""404.37542""","=""0.00020""","=""404.37573""","=""0.00008""","=""21""","=""""",,"=""17423.856""","=""42146.348""","=""3d3.(2D2).4s""","=""a 3D""","=""2""","=""3d.4s2.4p""","=""q 3D*""","=""1""",,"=""""","=""L10989""",
"=""404.93935""","=""0.00020""","=""404.93929""","=""0.00005""","=""19""","=""""",,"=""17215.390""","=""41903.4757""","=""3d2.(3F).4s.4p.(3P*)""","=""z 5F*""","=""5""","=""3d2.4s.(4F).4d""","=""e 5G""","=""5""",,"=""""","=""L10989""",
"=""405.29214""","=""0.00020""","=""405.29256""","=""0.00008""","=""110bl""","=""""",,"=""17540.188""","=""42206.755""","=""3d3.(2D2).4s""","=""a 3D""","=""3""","=""3d.4s2.4p""","=""q 3D*""","=""2""",,"=""""","=""L10989""",
"=""405.50112""","=""0.00020""","=""405.50115""","=""0.00010""","=""550""","=""2.8e+07""",D,"=""8436.618""","=""33090.497""","=""3d2.4s2""","=""a 3P""","=""0""","=""3d3.(4P).4p""","=""x 3P*""","=""1""",,"=""T2773n""","=""L10989""",
"=""405.76189""","=""0.00020""","=""405.76178""","=""0.00005""","=""58""","=""""",,"=""18593.947""","=""43231.9903""","=""3d2.(3F).4s.4p.(3P*)""","=""z 5D*""","=""3""","=""3d2.4s.(4F).4d""","=""g 5F""","=""4""",,"=""""","=""L10989""",
"=""405.81404""","=""0.00020""","=""405.81401""","=""0.00005""","=""90""","=""""",,"=""18695.134""","=""43330.0066""","=""3d2.(3F).4s.4p.(3P*)""","=""z 5D*""","=""4""","=""3d2.4s.(4F).4d""","=""g 5F""","=""5""",,"=""""","=""L10989""",
"=""406.00753""","=""0.00020""","=""406.00749""","=""0.00005""","=""36""","=""""",,"=""18525.059""","=""43148.1922""","=""3d2.(3F).4s.4p.(3P*)""","=""z 5D*""","=""2""","=""3d2.4s.(4F).4d""","=""g 5F""","=""3""",,"=""""","=""L10989""",
"=""406.02621""","=""0.00020""","=""406.02621""","=""0.00007""","=""710""","=""2.4e+07""",D,"=""8492.422""","=""33114.420""","=""3d2.4s2""","=""a 3P""","=""1""","=""3d3.(4P).4p""","=""x 3P*""","=""2""",,"=""T2773n""","=""L10989""",
"=""406.4144""","=""0.0004""","=""406.41515""","=""0.00012""","=""8q""","=""""",,"=""21469.488""","=""46067.923""","=""3d2.(3F).4s.4p.(3P*)""","=""z 3G*""","=""3""","=""3d2.4s.(2F).4d""","=""e 1G""","=""4""",,"=""""","=""L10989""",
"=""406.42097""","=""0.00020""","=""406.42110""","=""0.00007""","=""420""","=""2.4e+07""",D,"=""8492.422""","=""33090.497""","=""3d2.4s2""","=""a 3P""","=""1""","=""3d3.(4P).4p""","=""x 3P*""","=""1""",,"=""T2773n""","=""L10989""",
"=""406.50952""","=""0.00020""","=""406.50945""","=""0.00010""","=""560""","=""7.0e+07""",D,"=""8492.422""","=""33085.151""","=""3d2.4s2""","=""a 3P""","=""1""","=""3d3.(4P).4p""","=""x 3P*""","=""0""",,"=""T2773n""","=""L10989""",
"=""406.55858""","=""0.00020""","=""406.55847""","=""0.00017""","=""21""","=""""",,"=""17369.529""","=""41959.293""","=""3d3.(2D2).4s""","=""a 3D""","=""1""","=""3d3.(2P).4p""","=""u 3P*""","=""0""",,"=""""","=""L10989""",
"=""406.81325""","=""0.00020""","=""406.81340""","=""0.00012""","=""34""","=""""",,"=""17369.529""","=""41943.884""","=""3d3.(2D2).4s""","=""a 3D""","=""1""","=""3d3.(2P).4p""","=""u 3P*""","=""1""",,"=""""","=""L10989""",
"=""406.86489""","=""0.00020""","=""406.86546""","=""0.00012""","=""13""","=""""",,"=""18462.722""","=""43033.933""","=""3d2.(3F).4s.4p.(3P*)""","=""z 5D*""","=""0""","=""3d2.4s.(4F).4d""","=""g 5F""","=""1""",,"=""""","=""L10989""",
"=""406.89849""","=""0.00020""","=""406.89861""","=""0.00020""","=""31""","=""""",,"=""22081.189""","=""46650.398""","=""3d2.(3F).4s.4p.(3P*)""","=""z 1D*""","=""2""","=""3d2.4s.(2F).4d""","=""f 1F""","=""3""",,"=""""","=""L10989""",
"=""407.06769""","=""0.00020""","=""407.06781""","=""0.00015""","=""7""","=""""",,"=""17369.529""","=""41928.526""","=""3d3.(2D2).4s""","=""a 3D""","=""1""","=""3d3.(2P).4p""","=""u 3P*""","=""2""",,"=""""","=""L10989""",
"=""407.11910""","=""0.00020""","=""407.11910""","=""0.00005""","=""22""","=""""",,"=""18525.059""","=""43080.9622""","=""3d2.(3F).4s.4p.(3P*)""","=""z 5D*""","=""2""","=""3d2.4s.(4F).4d""","=""g 5F""","=""2""",,"=""""","=""L10989""",
"=""407.14671""","=""0.00020""","=""407.14659""","=""0.00005""","=""26""","=""""",,"=""18593.947""","=""43148.1922""","=""3d2.(3F).4s.4p.(3P*)""","=""z 5D*""","=""3""","=""3d2.4s.(4F).4d""","=""g 5F""","=""3""",,"=""""","=""L10989""",
"=""407.43494""","=""0.00020""","=""407.43513""","=""0.00005""","=""22""","=""""",,"=""18695.134""","=""43231.9903""","=""3d2.(3F).4s.4p.(3P*)""","=""z 5D*""","=""4""","=""3d2.4s.(4F).4d""","=""g 5F""","=""4""",,"=""""","=""L10989""",
"=""407.63614""","=""0.00020""","=""407.63611""","=""0.00007""","=""120""","=""""",,"=""170.1328""","=""24694.892""","=""3d2.4s2""","=""a 3F""","=""3""","=""3d2.(3F).4s.4p.(3P*)""","=""z 1G*""","=""4""",,"=""""","=""L10989""",
"=""407.71481""","=""0.00020""","=""407.71476""","=""0.00010""","=""36""","=""""",,"=""17423.856""","=""41943.884""","=""3d3.(2D2).4s""","=""a 3D""","=""2""","=""3d3.(2P).4p""","=""u 3P*""","=""1""",,"=""""","=""L10989""",
"=""407.84705""","=""0.00020""","=""407.84703""","=""0.00007""","=""1800""","=""""",,"=""8602.3441""","=""33114.420""","=""3d2.4s2""","=""a 3P""","=""2""","=""3d3.(4P).4p""","=""x 3P*""","=""2""",,"=""""","=""L10989""",
"=""407.96978""","=""0.00020""","=""407.97030""","=""0.00015""","=""50""","=""""",,"=""17423.856""","=""41928.526""","=""3d3.(2D2).4s""","=""a 3D""","=""2""","=""3d3.(2P).4p""","=""u 3P*""","=""2""",,"=""""","=""L10989""",
"=""408.2455""","=""0.0002""","=""408.24548""","=""0.00007""","=""650""","=""""",,"=""8602.3441""","=""33090.497""","=""3d2.4s2""","=""a 3P""","=""2""","=""3d3.(4P).4p""","=""x 3P*""","=""1""",,"=""""","=""L10989""",
"=""409.9165""","=""0.0002""","=""409.91635""","=""0.00015""","=""100""","=""""",,"=""17540.188""","=""41928.526""","=""3d3.(2D2).4s""","=""a 3D""","=""3""","=""3d3.(2P).4p""","=""u 3P*""","=""2""",,"=""""","=""L10989""",
"=""411.2708""","=""0.0002""","=""411.27085""","=""0.00007""","=""2100""","=""8.82e+05""",A,"=""386.874""","=""24694.892""","=""3d2.4s2""","=""a 3F""","=""4""","=""3d2.(3F).4s.4p.(3P*)""","=""z 1G*""","=""4""",,"=""T7574""","=""L10989""",
"=""412.0030""","=""0.0002""","=""412.00305""","=""0.00005""","=""26""","=""""",,"=""18593.947""","=""42858.7661""","=""3d2.(3F).4s.4p.(3P*)""","=""z 5D*""","=""3""","=""3d2.4s.(4F).4d""","=""e 5P""","=""3""",,"=""""","=""L10989""",
"=""412.1635""","=""0.0002""","=""412.16341""","=""0.00008""","=""59""","=""""",,"=""8602.3441""","=""32857.723""","=""3d2.4s2""","=""a 3P""","=""2""","=""3d2.(1D).4s.4p.(1P*)""","=""y 1F*""","=""3""",,"=""""","=""L10989""",
"=""412.2143""","=""0.0002""","=""412.21446""","=""0.00012""","=""100""","=""""",,"=""21469.488""","=""45721.863""","=""3d2.(3F).4s.4p.(3P*)""","=""z 3G*""","=""3""","=""3d2.4s.(2F).4d""","=""f 3H""","=""4""",,"=""""","=""L10989""",
"=""412.3288""","=""0.0002""","=""412.32864""","=""0.00019""","=""67""","=""""",,"=""22404.739""","=""46650.398""","=""3d2.(3F).4s.4p.(3P*)""","=""z 1F*""","=""3""","=""3d2.4s.(2F).4d""","=""f 1F""","=""3""",,"=""""","=""L10989""",
"=""412.3560""","=""0.0002""","=""412.35599""","=""0.00012""","=""110""","=""""",,"=""21588.495""","=""45832.546""","=""3d2.(3F).4s.4p.(3P*)""","=""z 3G*""","=""4""","=""3d2.4s.(2F).4d""","=""f 3H""","=""5""",,"=""""","=""L10989""",
"=""412.4036""","=""0.0004""","=""412.40429""","=""0.00007""","=""9q""","=""""",,"=""18482.774""","=""42723.9855""","=""3d2.(3F).4s.4p.(3P*)""","=""z 5D*""","=""1""","=""3d2.4s.(4F).4d""","=""e 5P""","=""2""",,"=""""","=""L10989""",
"=""412.5748""","=""0.0002""","=""412.57454""","=""0.00010""","=""7""","=""""",,"=""18145.286""","=""42376.495""","=""3d3.(2P).4s""","=""b 3P""","=""2""","=""3d2.4s.(4F).5p""","=""5D*""","=""3""",,"=""""","=""L10989""",
"=""412.7531""","=""0.0002""","=""412.75312""","=""0.00015""","=""150""","=""""",,"=""21739.707""","=""45960.432""","=""3d2.(3F).4s.4p.(3P*)""","=""z 3G*""","=""5""","=""3d2.4s.(2F).4d""","=""f 3H""","=""6""",,"=""""","=""L10989""",
"=""413.1249""","=""0.0002""","=""413.12494""","=""0.00005""","=""44""","=""""",,"=""18525.059""","=""42723.9855""","=""3d2.(3F).4s.4p.(3P*)""","=""z 5D*""","=""2""","=""3d2.4s.(4F).4d""","=""e 5P""","=""2""",,"=""""","=""L10989""",
"=""413.6884""","=""0.0002""","=""413.68822""","=""0.00009""","=""26""","=""""",,"=""18145.286""","=""42311.264""","=""3d3.(2P).4s""","=""b 3P""","=""2""","=""3d.4s2.4p""","=""q 3D*""","=""3""",,"=""""","=""L10989""",
"=""413.7284""","=""0.0002""","=""413.72838""","=""0.00005""","=""140""","=""""",,"=""18695.134""","=""42858.7661""","=""3d2.(3F).4s.4p.(3P*)""","=""z 5D*""","=""4""","=""3d2.4s.(4F).4d""","=""e 5P""","=""3""",,"=""""","=""L10989""",
"=""413.9837""","=""0.0002""","=""413.98371""","=""0.00012""","=""17""","=""""",,"=""18462.722""","=""42611.4510""","=""3d2.(3F).4s.4p.(3P*)""","=""z 5D*""","=""0""","=""3d2.4s.(4F).4d""","=""e 5P""","=""1""",,"=""""","=""L10989""",
"=""414.2475""","=""0.0002""","=""414.24722""","=""0.00012""","=""12""","=""""",,"=""21588.495""","=""45721.863""","=""3d2.(3F).4s.4p.(3P*)""","=""z 3G*""","=""4""","=""3d2.4s.(2F).4d""","=""f 3H""","=""4""",,"=""""","=""L10989""",
"=""414.3042""","=""0.0002""","=""414.30438""","=""0.00005""","=""97""","=""""",,"=""18593.947""","=""42723.9855""","=""3d2.(3F).4s.4p.(3P*)""","=""z 5D*""","=""3""","=""3d2.4s.(4F).4d""","=""e 5P""","=""2""",,"=""""","=""L10989""",
"=""414.3276""","=""0.0002""","=""414.32776""","=""0.00007""","=""41""","=""""",,"=""18482.774""","=""42611.4510""","=""3d2.(3F).4s.4p.(3P*)""","=""z 5D*""","=""1""","=""3d2.4s.(4F).4d""","=""e 5P""","=""1""",,"=""""","=""L10989""",
"=""414.5033""","=""0.0002""","=""414.50342""","=""0.00007""","=""12""","=""""",,"=""7255.355""","=""31373.807""","=""3d2.4s2""","=""a 1D""","=""2""","=""3d3.(4F).4p""","=""w 3G*""","=""3""",,"=""""","=""L10989""",
"=""414.5985""","=""0.0002""","=""414.59844""","=""0.00021""","=""9""","=""""",,"=""25037.405""","=""49150.329""","=""3d3.(2F).4s""","=""3F""","=""4""","=""3d2.4s.(2F).5p""","=""3D*""","=""3""",,"=""""","=""L10989""",
"=""414.9441""","=""0.0002""","=""414.94408""","=""0.00012""","=""17""","=""""",,"=""21739.707""","=""45832.546""","=""3d2.(3F).4s.4p.(3P*)""","=""z 3G*""","=""5""","=""3d2.4s.(2F).4d""","=""f 3H""","=""5""",,"=""""","=""L10989""",
"=""415.0550""","=""0.0002""","=""415.05515""","=""0.00005""","=""39""","=""""",,"=""18525.059""","=""42611.4510""","=""3d2.(3F).4s.4p.(3P*)""","=""z 5D*""","=""2""","=""3d2.4s.(4F).4d""","=""e 5P""","=""1""",,"=""""","=""L10989""",
"=""415.0799""","=""0.0002""","=""415.07981""","=""0.00009""","=""16""","=""""",,"=""18061.387""","=""42146.348""","=""3d3.(2P).4s""","=""b 3P""","=""1""","=""3d.4s2.4p""","=""q 3D*""","=""1""",,"=""""","=""L10989""",
"=""415.0959""","=""0.0002""","=""415.09584""","=""0.00010""","=""220""","=""""",,"=""17540.188""","=""41624.219""","=""3d3.(2D2).4s""","=""a 3D""","=""3""","=""3d.4s2.4p""","=""s 3F*""","=""4""",,"=""""","=""L10989""",
"=""415.4849""","=""0.0002""","=""415.48507""","=""0.00009""","=""24""","=""""",,"=""18145.286""","=""42206.755""","=""3d3.(2P).4s""","=""b 3P""","=""2""","=""3d.4s2.4p""","=""q 3D*""","=""2""",,"=""""","=""L10989""",
"=""415.9637""","=""0.0002""","=""415.96371""","=""0.00009""","=""150""","=""""",,"=""17423.856""","=""41457.639""","=""3d3.(2D2).4s""","=""a 3D""","=""2""","=""3d.4s2.4p""","=""s 3F*""","=""3""",,"=""""","=""L10989""",
"=""416.0186""","=""0.0002""","=""416.01844""","=""0.00021""","=""9""","=""""",,"=""25068.842""","=""49099.463""","=""3d3.(2F).4s""","=""3F""","=""3""","=""3d2.4s.(2F).5p""","=""3D*""","=""2""",,"=""""","=""L10989""",
"=""416.0408""","=""0.0002""","=""416.04084""","=""0.00012""","=""8""","=""""",,"=""21469.488""","=""45498.815""","=""3d2.(3F).4s.4p.(3P*)""","=""z 3G*""","=""3""","=""3d2.4s.(2F).4d""","=""3G""","=""4""",,"=""""","=""L10989""",
"=""416.4132""","=""0.0002""","=""416.41310""","=""0.00009""","=""53""","=""""",,"=""15108.111""","=""39115.957""","=""3d3.(2G).4s""","=""a 3G""","=""3""","=""3d3.(2H).4p""","=""x 3H*""","=""4""",,"=""""","=""L10989""",
"=""416.6308""","=""0.0002""","=""416.63081""","=""0.00009""","=""70""","=""""",,"=""15156.802""","=""39152.103""","=""3d3.(2G).4s""","=""a 3G""","=""4""","=""3d3.(2H).4p""","=""x 3H*""","=""5""",,"=""""","=""L10989""",
"=""416.7688""","=""0.0002""","=""416.7686""","=""0.0003""","=""6""","=""""",,"=""25092.958""","=""49080.327""","=""3d3.(2F).4s""","=""3F""","=""2""","=""3d2.4s.(2F).5p""","=""3D*""","=""1""",,"=""""","=""L10989""",
"=""416.9326""","=""0.0002""","=""416.93265""","=""0.00012""","=""96""","=""""",,"=""15220.393""","=""39198.323""","=""3d3.(2G).4s""","=""a 3G""","=""5""","=""3d3.(2H).4p""","=""x 3H*""","=""6""",,"=""""","=""L10989""",
"=""417.1017""","=""0.0002""","=""417.10158""","=""0.00012""","=""110""","=""""",,"=""17369.529""","=""41337.748""","=""3d3.(2D2).4s""","=""a 3D""","=""1""","=""3d.4s2.4p""","=""s 3F*""","=""2""",,"=""""","=""L10989""",
"=""417.2594""","=""0.0002""","=""417.25937""","=""0.00009""","=""8""","=""""",,"=""15156.802""","=""39115.957""","=""3d3.(2G).4s""","=""a 3G""","=""4""","=""3d3.(2H).4p""","=""x 3H*""","=""4""",,"=""""","=""L10989""",
"=""417.4072""","=""0.0002""","=""417.40751""","=""0.00009""","=""43""","=""""",,"=""7255.355""","=""31206.007""","=""3d2.4s2""","=""a 1D""","=""2""","=""3d2.(3P).4s.4p.(3P*)""","=""v 3D*""","=""3""",,"=""""","=""L10989""",
"=""417.4467""","=""0.0002""","=""417.44682""","=""0.00012""","=""39""","=""""",,"=""17995.487""","=""41943.884""","=""3d3.(2P).4s""","=""b 3P""","=""0""","=""3d3.(2P).4p""","=""u 3P*""","=""1""",,"=""""","=""L10989""",
"=""417.6967""","=""0.0002""","=""417.69674""","=""0.00010""","=""7""","=""""",,"=""21469.488""","=""45403.556""","=""3d2.(3F).4s.4p.(3P*)""","=""z 3G*""","=""3""","=""3d2.4s.(2F).4d""","=""3G""","=""3""",,"=""""","=""L10989""",
"=""417.7380""","=""0.0002""","=""417.73790""","=""0.00010""","=""9""","=""""",,"=""15220.393""","=""39152.103""","=""3d3.(2G).4s""","=""a 3G""","=""5""","=""3d3.(2H).4p""","=""x 3H*""","=""5""",,"=""""","=""L10989""",
"=""417.9870""","=""0.0002""","=""417.98695""","=""0.00009""","=""12""","=""""",,"=""17540.188""","=""41457.639""","=""3d3.(2D2).4s""","=""a 3D""","=""3""","=""3d.4s2.4p""","=""s 3F*""","=""3""",,"=""""","=""L10989""",
"=""418.0495""","=""0.0002""","=""418.04916""","=""0.00010""","=""16""","=""""",,"=""17423.856""","=""41337.748""","=""3d3.(2D2).4s""","=""a 3D""","=""2""","=""3d.4s2.4p""","=""s 3F*""","=""2""",,"=""""","=""L10989""",
"=""418.1119""","=""0.0002""","=""418.11161""","=""0.00012""","=""9""","=""""",,"=""21588.495""","=""45498.815""","=""3d2.(3F).4s.4p.(3P*)""","=""z 3G*""","=""4""","=""3d2.4s.(2F).4d""","=""3G""","=""4""",,"=""""","=""L10989""",
"=""418.3287""","=""0.0002""","=""418.32881""","=""0.00018""","=""43""","=""""",,"=""18061.387""","=""41959.293""","=""3d3.(2P).4s""","=""b 3P""","=""1""","=""3d3.(2P).4p""","=""u 3P*""","=""0""",,"=""""","=""L10989""",
"=""418.4589""","=""0.0002""","=""418.45896""","=""0.00012""","=""11""","=""""",,"=""21739.707""","=""45630.180""","=""3d2.(3F).4s.4p.(3P*)""","=""z 3G*""","=""5""","=""3d2.4s.(2F).4d""","=""3G""","=""5""",,"=""""","=""L10989""",
"=""418.5988""","=""0.0002""","=""418.59872""","=""0.00011""","=""14""","=""""",,"=""18061.387""","=""41943.884""","=""3d3.(2P).4s""","=""b 3P""","=""1""","=""3d3.(2P).4p""","=""u 3P*""","=""1""",,"=""""","=""L10989""",
"=""418.6118""","=""0.0002""","=""418.61173""","=""0.00011""","=""910""","=""2.10e+07""",C+,"=""12118.393""","=""36000.148""","=""3d2.4s2""","=""a 1G""","=""4""","=""3d2.(1G).4s.4p.(1P*)""","=""y 1G*""","=""4""",,"=""T4922""","=""L10989""",
"=""418.8683""","=""0.0002""","=""418.86808""","=""0.00016""","=""55""","=""""",,"=""18061.387""","=""41928.526""","=""3d3.(2P).4s""","=""b 3P""","=""1""","=""3d3.(2P).4p""","=""u 3P*""","=""2""",,"=""""","=""L10989""",
"=""420.0745""","=""0.0002""","=""420.07447""","=""0.00011""","=""69""","=""""",,"=""18145.286""","=""41943.884""","=""3d3.(2P).4s""","=""b 3P""","=""2""","=""3d3.(2P).4p""","=""u 3P*""","=""1""",,"=""""","=""L10989""",
"=""420.3459""","=""0.0002""","=""420.34573""","=""0.00016""","=""110""","=""""",,"=""18145.286""","=""41928.526""","=""3d3.(2P).4s""","=""b 3P""","=""2""","=""3d3.(2P).4p""","=""u 3P*""","=""2""",,"=""""","=""L10989""",
"=""421.1720""","=""0.0002""","=""421.17195""","=""0.00014""","=""34""","=""""",,"=""20062.886""","=""43799.471""","=""3d3.(2P).4s""","=""a 1P""","=""1""","=""3d3.(2D2).4p""","=""u 1D*""","=""2""",,"=""""","=""L10989""",
"=""422.4786""","=""0.0002""","=""422.47841""","=""0.00013""","=""66""","=""""",,"=""22404.739""","=""46067.923""","=""3d2.(3F).4s.4p.(3P*)""","=""z 1F*""","=""3""","=""3d2.4s.(2F).4d""","=""e 1G""","=""4""",,"=""""","=""L10989""",
"=""423.2358""","=""0.0002""","=""423.23611""","=""0.00005""","=""4""","=""""",,"=""18593.947""","=""42214.7689""","=""3d2.(3F).4s.4p.(3P*)""","=""z 5D*""","=""3""","=""3d2.4s.(4F).4d""","=""3H""","=""4""",,"=""""","=""L10989""",
"=""423.4649""","=""0.0004""","=""423.46523""","=""0.00009""","=""11q""","=""""",,"=""15156.802""","=""38764.844""","=""3d3.(2G).4s""","=""a 3G""","=""4""","=""3d3.(2P).4p""","=""t 3D*""","=""3""",,"=""""","=""L10989""",
"=""423.7584""","=""0.0002""","=""423.75868""","=""0.00009""","=""4""","=""""",,"=""15108.111""","=""38699.805""","=""3d3.(2G).4s""","=""a 3G""","=""3""","=""3d3.(2P).4p""","=""t 3D*""","=""2""",,"=""""","=""L10989""",
"=""423.7770""","=""0.0002""","=""423.77691""","=""0.00005""","=""36""","=""""",,"=""18593.947""","=""42184.6261""","=""3d2.(3F).4s.4p.(3P*)""","=""z 5D*""","=""3""","=""3d2.4s.(4F).4d""","=""e 5D""","=""4""",,"=""""","=""L10989""",
"=""423.7887""","=""0.0002""","=""423.78868""","=""0.00014""","=""180""","=""""",,"=""20209.447""","=""43799.471""","=""3d3.(2D2).4s""","=""b 1D""","=""2""","=""3d3.(2D2).4p""","=""u 1D*""","=""2""",,"=""""","=""L10989""",
"=""424.5506""","=""0.0002""","=""424.55049""","=""0.00014""","=""21""","=""""",,"=""18037.213""","=""41584.908""","=""3d3.(2H).4s""","=""a 3H""","=""4""","=""3d3.(2G).4p""","=""v 1F*""","=""3""",,"=""""","=""L10989""",
"=""424.6111""","=""0.0002""","=""424.61108""","=""0.00005""","=""10""","=""""",,"=""19421.580""","=""42965.9148""","=""3d2.(3F).4s.4p.(3P*)""","=""z 3F*""","=""3""","=""3d4""","=""3F1""","=""3""",,"=""""","=""L10989""",
"=""424.9112""","=""0.0002""","=""424.91107""","=""0.00005""","=""68""","=""""",,"=""18525.059""","=""42052.7717""","=""3d2.(3F).4s.4p.(3P*)""","=""z 5D*""","=""2""","=""3d2.4s.(4F).4d""","=""e 5D""","=""3""",,"=""""","=""L10989""",
"=""425.0572""","=""0.0002""","=""425.05701""","=""0.00005""","=""17""","=""""",,"=""18695.134""","=""42214.7689""","=""3d2.(3F).4s.4p.(3P*)""","=""z 5D*""","=""4""","=""3d2.4s.(4F).4d""","=""3H""","=""4""",,"=""""","=""L10989""",
"=""425.1602""","=""0.0002""","=""425.16030""","=""0.00007""","=""49""","=""""",,"=""15156.802""","=""38670.723""","=""3d3.(2G).4s""","=""a 3G""","=""4""","=""3d3.(2G).4p""","=""t 3F*""","=""4""",,"=""""","=""L10989""",
"=""425.1756""","=""0.0005""","=""425.17501""","=""0.00005""","=""32q""","=""""",,"=""18593.947""","=""42107.0545""","=""3d2.(3F).4s.4p.(3P*)""","=""z 5D*""","=""3""","=""3d2.4s.(4F).4d""","=""g 3F""","=""4""",,"=""""","=""L10989""",
"=""425.6026""","=""0.0002""","=""425.60247""","=""0.00005""","=""160""","=""""",,"=""18695.134""","=""42184.6261""","=""3d2.(3F).4s.4p.(3P*)""","=""z 5D*""","=""4""","=""3d2.4s.(4F).4d""","=""e 5D""","=""4""",,"=""""","=""L10989""",
"=""425.8525""","=""0.0002""","=""425.85235""","=""0.00007""","=""76""","=""""",,"=""18482.774""","=""41958.4833""","=""3d2.(3F).4s.4p.(3P*)""","=""z 5D*""","=""1""","=""3d2.4s.(4F).4d""","=""e 5D""","=""2""",,"=""""","=""L10989""",
"=""426.0746""","=""0.0002""","=""426.07455""","=""0.00005""","=""30""","=""""",,"=""18525.059""","=""41988.5259""","=""3d2.(3F).4s.4p.(3P*)""","=""z 5D*""","=""2""","=""3d2.4s.(4F).4d""","=""g 3F""","=""3""",,"=""""","=""L10989""",
"=""426.1590""","=""0.0002""","=""426.15886""","=""0.00005""","=""120""","=""""",,"=""18593.947""","=""42052.7717""","=""3d2.(3F).4s.4p.(3P*)""","=""z 5D*""","=""3""","=""3d2.4s.(4F).4d""","=""e 5D""","=""3""",,"=""""","=""L10989""",
"=""426.3133""","=""0.0002""","=""426.31324""","=""0.00009""","=""750""","=""""",,"=""15220.393""","=""38670.723""","=""3d3.(2G).4s""","=""a 3G""","=""5""","=""3d3.(2G).4p""","=""t 3F*""","=""4""",,"=""""","=""L10989""",
"=""426.5259""","=""0.0002""","=""426.52559""","=""0.00013""","=""45""","=""""",,"=""18462.722""","=""41901.3771""","=""3d2.(3F).4s.4p.(3P*)""","=""z 5D*""","=""0""","=""3d2.4s.(4F).4d""","=""e 5D""","=""1""",,"=""""","=""L10989""",
"=""426.5703""","=""0.0002""","=""426.57018""","=""0.00009""","=""52""","=""""",,"=""15108.111""","=""38544.316""","=""3d3.(2G).4s""","=""a 3G""","=""3""","=""3d3.(2G).4p""","=""t 3F*""","=""3""",,"=""""","=""L10989""",
"=""426.5831""","=""0.0002""","=""426.58266""","=""0.00005""","=""15""","=""""",,"=""19573.974""","=""43009.4937""","=""3d2.(3F).4s.4p.(3P*)""","=""z 3F*""","=""4""","=""3d4""","=""3F1""","=""4""",,"=""""","=""L10989""",
"=""426.6209""","=""0.0002""","=""426.62080""","=""0.00005""","=""58""","=""3.1e+07""",D,"=""18525.059""","=""41958.4833""","=""3d2.(3F).4s.4p.(3P*)""","=""z 5D*""","=""2""","=""3d2.4s.(4F).4d""","=""e 5D""","=""2""",,"=""T4401n""","=""L10989""",
"=""426.8916""","=""0.0005""","=""426.89081""","=""0.00007""","=""13q""","=""""",,"=""18482.774""","=""41901.3771""","=""3d2.(3F).4s.4p.(3P*)""","=""z 5D*""","=""1""","=""3d2.4s.(4F).4d""","=""e 5D""","=""1""",,"=""""","=""L10989""",
"=""427.0127""","=""0.0002""","=""427.01266""","=""0.00005""","=""110""","=""""",,"=""18695.134""","=""42107.0545""","=""3d2.(3F).4s.4p.(3P*)""","=""z 5D*""","=""4""","=""3d2.4s.(4F).4d""","=""g 3F""","=""4""",,"=""""","=""L10989""",
"=""427.2328""","=""0.0002""","=""427.23257""","=""0.00011""","=""13""","=""""",,"=""18911.394""","=""42311.264""","=""3d3.(4P).4s""","=""c 3P""","=""2""","=""3d.4s2.4p""","=""q 3D*""","=""3""",,"=""""","=""L10989""",
"=""427.2424""","=""0.0002""","=""427.24235""","=""0.00007""","=""180""","=""""",,"=""6661.006""","=""30060.340""","=""3d3.(4F).4s""","=""a 5F""","=""3""","=""3d3.(4F).4p""","=""x 5D*""","=""4""",,"=""""","=""L10989""",
"=""427.3295""","=""0.0002""","=""427.32920""","=""0.00005""","=""36""","=""""",,"=""18593.947""","=""41988.5259""","=""3d2.(3F).4s.4p.(3P*)""","=""z 5D*""","=""3""","=""3d2.4s.(4F).4d""","=""g 3F""","=""3""",,"=""""","=""L10989""",
"=""427.4293""","=""0.0002""","=""427.42948""","=""0.00007""","=""5""","=""""",,"=""18482.774""","=""41871.8642""","=""3d2.(3F).4s.4p.(3P*)""","=""z 5D*""","=""1""","=""3d2.4s.(4F).4d""","=""g 3F""","=""2""",,"=""""","=""L10989""",
"=""427.4383""","=""0.0002""","=""427.43860""","=""0.00011""","=""40""","=""""",,"=""18482.774""","=""41871.365""","=""3d2.(3F).4s.4p.(3P*)""","=""z 5D*""","=""1""","=""3d2.4s.(4F).4d""","=""e 5D""","=""0""",,"=""""","=""L10989""",
"=""427.4588""","=""0.0002""","=""427.45829""","=""0.00009""","=""660""","=""""",,"=""15156.802""","=""38544.316""","=""3d3.(2G).4s""","=""a 3G""","=""4""","=""3d3.(2G).4p""","=""t 3F*""","=""3""",,"=""""","=""L10989""",
"=""427.5779""","=""0.0002""","=""427.57787""","=""0.00011""","=""10""","=""""",,"=""18825.782""","=""42206.755""","=""3d3.(4P).4s""","=""c 3P""","=""1""","=""3d.4s2.4p""","=""q 3D*""","=""2""",,"=""""","=""L10989""",
"=""427.6427""","=""0.0002""","=""427.64268""","=""0.00011""","=""190""","=""""",,"=""13981.773""","=""37359.203""","=""3d3.(4P).4s""","=""a 5P""","=""1""","=""3d3.(4P).4p""","=""y 5S*""","=""2""",,"=""""","=""L10989""",
"=""427.6632""","=""0.0002""","=""427.66302""","=""0.00005""","=""59""","=""""",,"=""18525.059""","=""41901.3771""","=""3d2.(3F).4s.4p.(3P*)""","=""z 5D*""","=""2""","=""3d2.4s.(4F).4d""","=""e 5D""","=""1""",,"=""""","=""L10989""",
"=""427.8220""","=""0.0002""","=""427.82204""","=""0.00018""","=""140""","=""""",,"=""20795.603""","=""44163.232""","=""3d3.(2H).4s""","=""a 1H""","=""5""","=""3d2.(1G).4s.4p.(1P*)""","=""x 1H*""","=""5""",,"=""""","=""L10989""",
"=""427.8788""","=""0.0002""","=""427.87867""","=""0.00005""","=""57""","=""""",,"=""18593.947""","=""41958.4833""","=""3d2.(3F).4s.4p.(3P*)""","=""z 5D*""","=""3""","=""3d2.4s.(4F).4d""","=""e 5D""","=""2""",,"=""""","=""L10989""",
"=""428.0053""","=""0.0002""","=""428.00505""","=""0.00005""","=""27""","=""""",,"=""18695.134""","=""42052.7717""","=""3d2.(3F).4s.4p.(3P*)""","=""z 5D*""","=""4""","=""3d2.4s.(4F).4d""","=""e 5D""","=""3""",,"=""""","=""L10989""",
"=""428.1364""","=""0.0002""","=""428.13674""","=""0.00009""","=""280""","=""3.18e+06""",C+,"=""6556.833""","=""29907.286""","=""3d3.(4F).4s""","=""a 5F""","=""1""","=""3d3.(4F).4p""","=""x 5D*""","=""2""",,"=""T4294""","=""L10989""",
"=""428.1716""","=""0.0005""","=""428.17082""","=""0.00006""","=""11q""","=""""",,"=""19421.580""","=""42770.1745""","=""3d2.(3F).4s.4p.(3P*)""","=""z 3F*""","=""3""","=""3d2.4s.(4F).4d""","=""3D""","=""2""",,"=""""","=""L10989""",
"=""428.2620""","=""0.0002""","=""428.26176""","=""0.00011""","=""53""","=""""",,"=""13981.773""","=""37325.410""","=""3d3.(4P).4s""","=""a 5P""","=""1""","=""3d3.(2D2).4p""","=""w 3P*""","=""2""",,"=""""","=""L10989""",
"=""428.2699""","=""0.0002""","=""428.26981""","=""0.00007""","=""510""","=""""",,"=""15108.111""","=""38451.309""","=""3d3.(2G).4s""","=""a 3G""","=""3""","=""3d3.(2G).4p""","=""t 3F*""","=""2""",,"=""""","=""L10989""",
"=""428.4701""","=""0.0002""","=""428.46987""","=""0.00006""","=""17""","=""""",,"=""19573.974""","=""42906.2727""","=""3d2.(3F).4s.4p.(3P*)""","=""z 3F*""","=""4""","=""3d2.4s.(4F).4d""","=""3D""","=""3""",,"=""""","=""L10989""",
"=""428.4859""","=""0.0002""","=""428.48668""","=""0.00006""","=""8""","=""""",,"=""19322.984""","=""42654.3674""","=""3d2.(3F).4s.4p.(3P*)""","=""z 3F*""","=""2""","=""3d2.4s.(4F).4d""","=""3D""","=""1""",,"=""""","=""L10989""",
"=""428.4981""","=""0.0002""","=""428.49800""","=""0.00011""","=""330""","=""3.2e+07""",D,"=""14028.436""","=""37359.203""","=""3d3.(4P).4s""","=""a 5P""","=""2""","=""3d3.(4P).4p""","=""y 5S*""","=""2""",,"=""T2773n""","=""L10989""",
"=""428.5442""","=""0.0002""","=""428.54426""","=""0.00011""","=""5""","=""""",,"=""18818.099""","=""42146.348""","=""3d3.(4P).4s""","=""c 3P""","=""0""","=""3d.4s2.4p""","=""q 3D*""","=""1""",,"=""""","=""L10989""",
"=""428.6004""","=""0.0002""","=""428.60040""","=""0.00007""","=""2200""","=""""",,"=""6661.006""","=""29986.199""","=""3d3.(4F).4s""","=""a 5F""","=""3""","=""3d3.(4F).4p""","=""x 5D*""","=""3""",,"=""""","=""L10989""",
"=""428.7403""","=""0.0002""","=""428.74027""","=""0.00007""","=""2200""","=""1.46e+07""",C+,"=""6742.756""","=""30060.340""","=""3d3.(4F).4s""","=""a 5F""","=""4""","=""3d3.(4F).4p""","=""x 5D*""","=""4""",,"=""T4294""","=""L10989""",
"=""428.8146""","=""0.0002""","=""428.81499""","=""0.00007""","=""73""","=""""",,"=""6598.765""","=""29912.286""","=""3d3.(4F).4s""","=""a 5F""","=""2""","=""3d2.(3F).4s.4p.(1P*)""","=""w 3D*""","=""3""",,"=""""","=""L10989""",
"=""428.8179""","=""0.0002""","=""428.81839""","=""0.00013""","=""98""","=""""",,"=""8492.422""","=""31805.758""","=""3d2.4s2""","=""a 3P""","=""1""","=""3d2.(3P).4s.4p.(3P*)""","=""y 3P*""","=""2""",,"=""""","=""L10989""",
"=""428.8368""","=""0.0002""","=""428.83647""","=""0.00009""","=""16""","=""""",,"=""18145.286""","=""41457.639""","=""3d3.(2P).4s""","=""b 3P""","=""2""","=""3d.4s2.4p""","=""s 3F*""","=""3""",,"=""""","=""L10989""",
"=""428.9070""","=""0.0002""","=""428.90698""","=""0.00009""","=""2300""","=""3.0e+07""",D,"=""6598.765""","=""29907.286""","=""3d3.(4F).4s""","=""a 5F""","=""2""","=""3d3.(4F).4p""","=""x 5D*""","=""2""",,"=""T2773n""","=""L10989""",
"=""428.9907""","=""0.0002""","=""428.99087""","=""0.00013""","=""83""","=""""",,"=""17540.188""","=""40844.151""","=""3d3.(2D2).4s""","=""a 3D""","=""3""","=""3d3.(4P).4p""","=""r 3D*""","=""3""",,"=""""","=""L10989""",
"=""429.0929""","=""0.0002""","=""429.09289""","=""0.00009""","=""1900""","=""4.5e+07""",D,"=""6556.833""","=""29855.255""","=""3d3.(4F).4s""","=""a 5F""","=""1""","=""3d3.(4F).4p""","=""x 5D*""","=""1""",,"=""T2773n""","=""L10989""",
"=""429.1126""","=""0.0002""","=""429.11257""","=""0.00015""","=""190""","=""""",,"=""18287.554""","=""41584.908""","=""3d3.(2G).4s""","=""b 1G""","=""4""","=""3d3.(2G).4p""","=""v 1F*""","=""3""",,"=""""","=""L10989""",
"=""429.1195""","=""0.0002""","=""429.11951""","=""0.00007""","=""67*""","=""""",,"=""27750.135""","=""51047.112""","=""3d2.(3F).4s.4p.(1P*)""","=""y 3G*""","=""5""","=""3d2.4s.(4F<9/2>).5g""","=""2[13/2]""","=""6""",,"=""""","=""L10989""",
"=""429.1195""","=""0.0002""","=""429.11957""","=""0.00011""","=""67*""","=""""",,"=""14028.436""","=""37325.410""","=""3d3.(4P).4s""","=""a 5P""","=""2""","=""3d3.(2D2).4p""","=""w 3P*""","=""2""",,"=""""","=""L10989""",
"=""429.2668""","=""0.0002""","=""429.26674""","=""0.00011""","=""76""","=""""",,"=""8436.618""","=""31725.605""","=""3d2.4s2""","=""a 3P""","=""0""","=""3d2.(3P).4s.4p.(3P*)""","=""y 3P*""","=""1""",,"=""""","=""L10989""",
"=""429.5749""","=""0.0002""","=""429.57493""","=""0.00013""","=""1900""","=""1.3e+08""",D,"=""6556.833""","=""29829.112""","=""3d3.(4F).4s""","=""a 5F""","=""1""","=""3d3.(4F).4p""","=""x 5D*""","=""0""",,"=""T2773n""","=""L10989""",
"=""429.8666""","=""0.0002""","=""429.86657""","=""0.00009""","=""3200""","=""""",,"=""6598.765""","=""29855.255""","=""3d3.(4F).4s""","=""a 5F""","=""2""","=""3d3.(4F).4p""","=""x 5D*""","=""1""",,"=""""","=""L10989""",
"=""429.9203""","=""0.0002""","=""429.92057""","=""0.00011""","=""480""","=""""",,"=""14105.634""","=""37359.203""","=""3d3.(4P).4s""","=""a 5P""","=""3""","=""3d3.(4P).4p""","=""y 5S*""","=""2""",,"=""""","=""L10989""",
"=""429.9629""","=""0.0002""","=""429.96290""","=""0.00007""","=""740""","=""""",,"=""6661.006""","=""29912.286""","=""3d3.(4F).4s""","=""a 5F""","=""3""","=""3d2.(3F).4s.4p.(1P*)""","=""w 3D*""","=""3""",,"=""""","=""L10989""",
"=""430.0489""","=""0.0005""","=""430.04848""","=""0.00009""","=""80q""","=""""",,"=""17423.856""","=""40670.509""","=""3d3.(2D2).4s""","=""a 3D""","=""2""","=""3d3.(4P).4p""","=""r 3D*""","=""2""",,"=""""","=""L10989""",
"=""430.0554""","=""0.0002""","=""430.05538""","=""0.00007""","=""4400""","=""""",,"=""6661.006""","=""29907.286""","=""3d3.(4F).4s""","=""a 5F""","=""3""","=""3d3.(4F).4p""","=""x 5D*""","=""2""",,"=""""","=""L10989""",
"=""430.1079""","=""0.0002""","=""430.10787""","=""0.00007""","=""4900""","=""""",,"=""6742.756""","=""29986.199""","=""3d3.(4F).4s""","=""a 5F""","=""4""","=""3d3.(4F).4p""","=""x 5D*""","=""3""",,"=""""","=""L10989""",
"=""430.2979""","=""0.0002""","=""430.29781""","=""0.00007""","=""33""","=""""",,"=""8492.422""","=""31725.605""","=""3d2.4s2""","=""a 3P""","=""1""","=""3d2.(3P).4s.4p.(3P*)""","=""y 3P*""","=""1""",,"=""""","=""L10989""",
"=""430.3571""","=""0.0002""","=""430.35716""","=""0.00011""","=""6""","=""""",,"=""15877.081""","=""39107.060""","=""3d2.(3F).4s.4p.(3P*)""","=""z 5G*""","=""2""","=""3d3.(4F).5s""","=""f 5F""","=""1""",,"=""""","=""L10989""",
"=""430.5463""","=""0.0002""","=""430.54627""","=""0.00011""","=""56""","=""""",,"=""14105.634""","=""37325.410""","=""3d3.(4P).4s""","=""a 5P""","=""3""","=""3d3.(2D2).4p""","=""w 3P*""","=""2""",,"=""""","=""L10989""",
"=""430.5738""","=""0.0005""","=""430.57423""","=""0.00011""","=""21q""","=""""",,"=""18037.213""","=""41255.481""","=""3d3.(2H).4s""","=""a 3H""","=""4""","=""3d3.(2H).4p""","=""3G*""","=""4""",,"=""""","=""L10989""",
"=""430.5908""","=""0.0002""","=""430.59074""","=""0.00007""","=""6400""","=""""",,"=""6842.962""","=""30060.340""","=""3d3.(4F).4s""","=""a 5F""","=""5""","=""3d3.(4F).4p""","=""x 5D*""","=""4""",,"=""""","=""L10989""",
"=""430.6939""","=""0.0002""","=""430.69344""","=""0.00007""","=""23""","=""""",,"=""6556.833""","=""29768.675""","=""3d3.(4F).4s""","=""a 5F""","=""1""","=""3d2.(3F).4s.4p.(1P*)""","=""w 3D*""","=""2""",,"=""""","=""L10989""",
"=""430.8500""","=""0.0002""","=""430.84988""","=""0.00013""","=""170""","=""""",,"=""8602.3441""","=""31805.758""","=""3d2.4s2""","=""a 3P""","=""2""","=""3d2.(3P).4s.4p.(3P*)""","=""y 3P*""","=""2""",,"=""""","=""L10989""",
"=""430.9088""","=""0.0002""","=""430.90812""","=""0.00017""","=""42""","=""""",,"=""18141.265""","=""41341.543""","=""3d3.(2H).4s""","=""a 3H""","=""5""","=""3d3.(2H).4p""","=""3G*""","=""5""",,"=""""","=""L10989""",
"=""431.0359""","=""0.0002""","=""431.03585""","=""0.00011""","=""70""","=""""",,"=""8492.422""","=""31685.825""","=""3d2.4s2""","=""a 3P""","=""1""","=""3d2.(3P).4s.4p.(3P*)""","=""y 3P*""","=""0""",,"=""""","=""L10989""",
"=""431.1645""","=""0.0002""","=""431.16446""","=""0.00011""","=""54""","=""""",,"=""17369.529""","=""40556.014""","=""3d3.(2D2).4s""","=""a 3D""","=""1""","=""3d3.(4P).4p""","=""r 3D*""","=""1""",,"=""""","=""L10989""",
"=""431.4035""","=""0.0002""","=""431.40329""","=""0.00009""","=""9""","=""""",,"=""15975.631""","=""39149.280""","=""3d2.(3F).4s.4p.(3P*)""","=""z 5G*""","=""3""","=""3d3.(4F).5s""","=""f 5F""","=""2""",,"=""""","=""L10989""",
"=""431.4344""","=""0.0002""","=""431.43434""","=""0.00007""","=""200""","=""""",,"=""6742.756""","=""29914.737""","=""3d3.(4F).4s""","=""a 5F""","=""4""","=""3d2.(1G).4s.4p.(3P*)""","=""x 3G*""","=""3""",,"=""""","=""L10989""",
"=""431.4729""","=""0.0002""","=""431.47290""","=""0.00007""","=""200""","=""""",,"=""6598.765""","=""29768.675""","=""3d3.(4F).4s""","=""a 5F""","=""2""","=""3d2.(3F).4s.4p.(1P*)""","=""w 3D*""","=""2""",,"=""""","=""L10989""",
"=""431.4800""","=""0.0002""","=""431.47998""","=""0.00007""","=""2100""","=""""",,"=""6742.756""","=""29912.286""","=""3d3.(4F).4s""","=""a 5F""","=""4""","=""3d2.(3F).4s.4p.(1P*)""","=""w 3D*""","=""3""",,"=""""","=""L10989""",
"=""431.8629""","=""0.0002""","=""431.86316""","=""0.00017""","=""570""","=""""",,"=""18192.570""","=""41341.543""","=""3d3.(2H).4s""","=""a 3H""","=""6""","=""3d3.(2H).4p""","=""3G*""","=""5""",,"=""""","=""L10989""",
"=""432.1654""","=""0.0002""","=""432.16522""","=""0.00011""","=""330""","=""""",,"=""18037.213""","=""41170.006""","=""3d3.(2H).4s""","=""a 3H""","=""4""","=""3d3.(2H).4p""","=""3G*""","=""3""",,"=""""","=""L10989""",
"=""432.1770""","=""0.0002""","=""432.17709""","=""0.00009""","=""15""","=""""",,"=""17423.856""","=""40556.014""","=""3d3.(2D2).4s""","=""a 3D""","=""2""","=""3d3.(4P).4p""","=""r 3D*""","=""1""",,"=""""","=""L10989""",
"=""432.2114""","=""0.0002""","=""432.21141""","=""0.00009""","=""11""","=""""",,"=""17540.188""","=""40670.509""","=""3d3.(2D2).4s""","=""a 3D""","=""3""","=""3d3.(4P).4p""","=""r 3D*""","=""2""",,"=""""","=""L10989""",
"=""432.3431""","=""0.0002""","=""432.34338""","=""0.00007""","=""98""","=""""",,"=""8602.3441""","=""31725.605""","=""3d2.4s2""","=""a 3P""","=""2""","=""3d2.(3P).4s.4p.(3P*)""","=""y 3P*""","=""1""",,"=""""","=""L10989""",
"=""432.5126""","=""0.0002""","=""432.51256""","=""0.00011""","=""470""","=""""",,"=""18141.265""","=""41255.481""","=""3d3.(2H).4s""","=""a 3H""","=""5""","=""3d3.(2H).4p""","=""3G*""","=""4""",,"=""""","=""L10989""",
"=""432.6235""","=""0.0002""","=""432.62355""","=""0.00007""","=""11""","=""""",,"=""16106.076""","=""39214.362""","=""3d2.(3F).4s.4p.(3P*)""","=""z 5G*""","=""4""","=""3d3.(4F).5s""","=""f 5F""","=""3""",,"=""""","=""L10989""",
"=""432.6351""","=""0.0002""","=""432.63511""","=""0.00007""","=""380""","=""""",,"=""6661.006""","=""29768.675""","=""3d3.(4F).4s""","=""a 5F""","=""3""","=""3d2.(3F).4s.4p.(1P*)""","=""w 3D*""","=""2""",,"=""""","=""L10989""",
"=""432.6960""","=""0.0002""","=""432.69600""","=""0.00009""","=""42""","=""""",,"=""6556.833""","=""29661.250""","=""3d3.(4F).4s""","=""a 5F""","=""1""","=""3d2.(3F).4s.4p.(1P*)""","=""w 3D*""","=""1""",,"=""""","=""L10989""",
"=""433.4828""","=""0.0002""","=""433.48256""","=""0.00009""","=""49""","=""""",,"=""25037.405""","=""48099.8996""","=""3d3.(2F).4s""","=""3F""","=""4""","=""3d2.4s.(4F<5/2>).4f""","=""2[7/2]*""","=""3""",,"=""""","=""L10989""",
"=""433.8465""","=""0.0005""","=""433.84683""","=""0.00011""","=""28q""","=""""",,"=""17423.856""","=""40466.987""","=""3d3.(2D2).4s""","=""a 3D""","=""2""","=""3d.4s2.4p""","=""v 3P*""","=""2""",,"=""""","=""L10989""",
"=""433.9996""","=""0.0002""","=""433.99948""","=""0.00009""","=""16""","=""""",,"=""16267.480""","=""39302.506""","=""3d2.(3F).4s.4p.(3P*)""","=""z 5G*""","=""5""","=""3d3.(4F).5s""","=""f 5F""","=""4""",,"=""""","=""L10989""",
"=""434.3777""","=""0.0002""","=""434.37773""","=""0.00013""","=""29""","=""""",,"=""17369.529""","=""40384.497""","=""3d3.(2D2).4s""","=""a 3D""","=""1""","=""3d.4s2.4p""","=""v 3P*""","=""1""",,"=""""","=""L10989""",
"=""434.6103""","=""0.0002""","=""434.61021""","=""0.00013""","=""180""","=""""",,"=""18037.213""","=""41039.870""","=""3d3.(2H).4s""","=""a 3H""","=""4""","=""3d3.(2H).4p""","=""y 1H*""","=""5""",,"=""""","=""L10989""",
"=""434.6605""","=""0.0002""","=""434.66036""","=""0.00021""","=""26""","=""""",,"=""17369.529""","=""40369.532""","=""3d3.(2D2).4s""","=""a 3D""","=""1""","=""3d.4s2.4p""","=""v 3P*""","=""0""",,"=""""","=""L10989""",
"=""435.4054""","=""0.0002""","=""435.40553""","=""0.00011""","=""64*""","=""""",,"=""17423.856""","=""40384.497""","=""3d3.(2D2).4s""","=""a 3D""","=""2""","=""3d.4s2.4p""","=""v 3P*""","=""1""",,"=""""","=""L10989""",
"=""435.4054""","=""0.0002""","=""435.40644""","=""0.00009""","=""64*""","=""""",,"=""25037.405""","=""47997.9976""","=""3d3.(2F).4s""","=""3F""","=""4""","=""3d2.4s.(4F<3/2>).4f""","=""2[7/2]*""","=""3""",,"=""""","=""L10989""",
"=""435.5283""","=""0.0002""","=""435.52818""","=""0.00011""","=""19""","=""""",,"=""16458.671""","=""39412.846""","=""3d2.(3F).4s.4p.(3P*)""","=""z 5G*""","=""6""","=""3d3.(4F).5s""","=""f 5F""","=""5""",,"=""""","=""L10989""",
"=""436.0482""","=""0.0002""","=""436.04824""","=""0.00011""","=""130""","=""""",,"=""17540.188""","=""40466.987""","=""3d3.(2D2).4s""","=""a 3D""","=""3""","=""3d.4s2.4p""","=""v 3P*""","=""2""",,"=""""","=""L10989""",
"=""436.8934""","=""0.0002""","=""436.89333""","=""0.00011""","=""35""","=""""",,"=""18287.554""","=""41170.006""","=""3d3.(2G).4s""","=""b 1G""","=""4""","=""3d3.(2H).4p""","=""3G*""","=""3""",,"=""""","=""L10989""",
"=""437.2375""","=""0.0002""","=""437.23730""","=""0.00015""","=""55""","=""""",,"=""20062.886""","=""42927.337""","=""3d3.(2P).4s""","=""a 1P""","=""1""","=""3d3.(2P).4p""","=""1D*""","=""2""",,"=""""","=""L10989""",
"=""438.8540""","=""0.0002""","=""438.85421""","=""0.00006""","=""21""","=""""",,"=""20126.062""","=""42906.2727""","=""3d2.(3F).4s.4p.(3P*)""","=""z 3D*""","=""3""","=""3d2.4s.(4F).4d""","=""3D""","=""3""",,"=""""","=""L10989""",
"=""439.1645""","=""0.0002""","=""439.16412""","=""0.00008""","=""10""","=""""",,"=""20006.039""","=""42770.1745""","=""3d2.(3F).4s.4p.(3P*)""","=""z 3D*""","=""2""","=""3d2.4s.(4F).4d""","=""3D""","=""2""",,"=""""","=""L10989""",
"=""439.3922""","=""0.0002""","=""439.39226""","=""0.00014""","=""570""","=""3.3e+07""",D,"=""18287.554""","=""41039.870""","=""3d3.(2G).4s""","=""b 1G""","=""4""","=""3d3.(2H).4p""","=""y 1H*""","=""5""",,"=""T2773n""","=""L10989""",
"=""439.4875""","=""0.0002""","=""439.48738""","=""0.00010""","=""160""","=""""",,"=""8436.618""","=""31184.010""","=""3d2.4s2""","=""a 3P""","=""0""","=""3d2.(3P).4s.4p.(3P*)""","=""v 3D*""","=""1""",,"=""""","=""L10989""",
"=""439.5465""","=""0.0002""","=""439.54662""","=""0.00008""","=""7""","=""""",,"=""15108.111""","=""37852.437""","=""3d3.(2G).4s""","=""a 3G""","=""3""","=""3d3.(2D2).4p""","=""u 3F*""","=""4""",,"=""""","=""L10989""",
"=""439.7721""","=""0.0005""","=""439.77134""","=""0.00006""","=""6q""","=""""",,"=""20126.062""","=""42858.7661""","=""3d2.(3F).4s.4p.(3P*)""","=""z 3D*""","=""3""","=""3d2.4s.(4F).4d""","=""e 5P""","=""3""",,"=""""","=""L10989""",
"=""440.0580""","=""0.0002""","=""440.05812""","=""0.00016""","=""17""","=""""",,"=""20209.447""","=""42927.337""","=""3d3.(2D2).4s""","=""b 1D""","=""2""","=""3d3.(2P).4p""","=""1D*""","=""2""",,"=""""","=""L10989""",
"=""440.0841""","=""0.0002""","=""440.08480""","=""0.00010""","=""49""","=""""",,"=""19937.855""","=""42654.3674""","=""3d2.(3F).4s.4p.(3P*)""","=""z 3D*""","=""1""","=""3d2.4s.(4F).4d""","=""3D""","=""1""",,"=""""","=""L10989""",
"=""440.4275""","=""0.0005""","=""440.42696""","=""0.00014""","=""340q""","=""""",,"=""18145.286""","=""40844.151""","=""3d3.(2P).4s""","=""b 3P""","=""2""","=""3d3.(4P).4p""","=""r 3D*""","=""3""",,"=""""","=""L10989""",
"=""440.4389""","=""0.0002""","=""440.43895""","=""0.00008""","=""400""","=""""",,"=""8492.422""","=""31190.669""","=""3d2.4s2""","=""a 3P""","=""1""","=""3d2.(3P).4s.4p.(3P*)""","=""v 3D*""","=""2""",,"=""""","=""L10989""",
"=""440.4897""","=""0.0002""","=""440.48964""","=""0.00008""","=""180""","=""""",,"=""15156.802""","=""37852.437""","=""3d3.(2G).4s""","=""a 3G""","=""4""","=""3d3.(2D2).4p""","=""u 3F*""","=""4""",,"=""""","=""L10989""",
"=""440.5680""","=""0.0002""","=""440.56820""","=""0.00008""","=""130""","=""""",,"=""8492.422""","=""31184.010""","=""3d2.4s2""","=""a 3P""","=""1""","=""3d2.(3P).4s.4p.(3P*)""","=""v 3D*""","=""1""",,"=""""","=""L10989""",
"=""441.2422""","=""0.0002""","=""441.24212""","=""0.00008""","=""23""","=""""",,"=""7255.355""","=""29912.286""","=""3d2.4s2""","=""a 1D""","=""2""","=""3d2.(3F).4s.4p.(1P*)""","=""w 3D*""","=""3""",,"=""""","=""L10989""",
"=""441.4096""","=""0.0002""","=""441.40972""","=""0.00008""","=""9""","=""""",,"=""20006.039""","=""42654.3674""","=""3d2.(3F).4s.4p.(3P*)""","=""z 3D*""","=""2""","=""3d2.4s.(4F).4d""","=""3D""","=""1""",,"=""""","=""L10989""",
"=""441.4923""","=""0.0002""","=""441.49191""","=""0.00006""","=""20""","=""""",,"=""20126.062""","=""42770.1745""","=""3d2.(3F).4s.4p.(3P*)""","=""z 3D*""","=""3""","=""3d2.4s.(4F).4d""","=""3D""","=""2""",,"=""""","=""L10989""",
"=""441.5565""","=""0.0002""","=""441.55660""","=""0.00006""","=""21""","=""""",,"=""19573.974""","=""42214.7689""","=""3d2.(3F).4s.4p.(3P*)""","=""z 3F*""","=""4""","=""3d2.4s.(4F).4d""","=""3H""","=""4""",,"=""""","=""L10989""",
"=""441.6531""","=""0.0002""","=""441.65304""","=""0.00008""","=""150""","=""""",,"=""15108.111""","=""37743.962""","=""3d3.(2G).4s""","=""a 3G""","=""3""","=""3d3.(2D2).4p""","=""u 3F*""","=""3""",,"=""""","=""L10989""",
"=""441.7274""","=""0.0002""","=""441.72734""","=""0.00010""","=""720""","=""3.6e+07""",D,"=""15220.393""","=""37852.437""","=""3d3.(2G).4s""","=""a 3G""","=""5""","=""3d3.(2D2).4p""","=""u 3F*""","=""4""",,"=""T2773n""","=""L10989""",
"=""441.7444""","=""0.0002""","=""441.74397""","=""0.00006""","=""20""","=""""",,"=""19421.580""","=""42052.7717""","=""3d2.(3F).4s.4p.(3P*)""","=""z 3F*""","=""3""","=""3d2.4s.(4F).4d""","=""e 5D""","=""3""",,"=""""","=""L10989""",
"=""442.1451""","=""0.0002""","=""442.14526""","=""0.00006""","=""32""","=""""",,"=""19573.974""","=""42184.6261""","=""3d2.(3F).4s.4p.(3P*)""","=""z 3F*""","=""4""","=""3d2.4s.(4F).4d""","=""e 5D""","=""4""",,"=""""","=""L10989""",
"=""442.1752""","=""0.0002""","=""442.17518""","=""0.00010""","=""200""","=""""",,"=""18061.387""","=""40670.509""","=""3d3.(2P).4s""","=""b 3P""","=""1""","=""3d3.(4P).4p""","=""r 3D*""","=""2""",,"=""""","=""L10989""",
"=""442.2820""","=""0.0002""","=""442.28198""","=""0.00008""","=""810""","=""""",,"=""8602.3441""","=""31206.007""","=""3d2.4s2""","=""a 3P""","=""2""","=""3d2.(3P).4s.4p.(3P*)""","=""v 3D*""","=""3""",,"=""""","=""L10989""",
"=""442.4385""","=""0.0002""","=""442.43832""","=""0.00006""","=""52""","=""""",,"=""19573.974""","=""42169.6496""","=""3d2.(3F).4s.4p.(3P*)""","=""z 3F*""","=""4""","=""3d2.4s.(4F).4d""","=""3G""","=""5""",,"=""""","=""L10989""",
"=""442.5824""","=""0.0002""","=""442.58230""","=""0.00008""","=""140""","=""""",,"=""8602.3441""","=""31190.669""","=""3d2.4s2""","=""a 3P""","=""2""","=""3d2.(3P).4s.4p.(3P*)""","=""v 3D*""","=""2""",,"=""""","=""L10989""",
"=""442.6055""","=""0.0002""","=""442.60513""","=""0.00008""","=""480""","=""""",,"=""15156.802""","=""37743.962""","=""3d3.(2G).4s""","=""a 3G""","=""4""","=""3d3.(2D2).4p""","=""u 3F*""","=""3""",,"=""""","=""L10989""",
"=""442.7098""","=""0.0002""","=""442.70976""","=""0.00012""","=""2900""","=""""",,"=""12118.393""","=""34700.215""","=""3d2.4s2""","=""a 1G""","=""4""","=""3d3.(2G).4p""","=""z 1H*""","=""5""",,"=""""","=""L10989""",
"=""443.0017""","=""0.0002""","=""443.00159""","=""0.00006""","=""47""","=""""",,"=""19421.580""","=""41988.5259""","=""3d2.(3F).4s.4p.(3P*)""","=""z 3F*""","=""3""","=""3d2.4s.(4F).4d""","=""g 3F""","=""3""",,"=""""","=""L10989""",
"=""443.0364""","=""0.0002""","=""443.03614""","=""0.00018""","=""230*""","=""""",,"=""25643.701""","=""48208.887""","=""3d3.(4F).4p""","=""y 3D*""","=""3""","=""3d2.4p2""","=""5F""","=""3""",,"=""""","=""L10989""",
"=""443.0364""","=""0.0002""","=""443.03638""","=""0.00008""","=""230*""","=""""",,"=""11639.8109""","=""34204.985""","=""3d3.(4F).4s""","=""b 3F""","=""3""","=""3d2.(1G).4s.4p.(3P*)""","=""v 3F*""","=""4""",,"=""""","=""L10989""",
"=""443.1276""","=""0.0002""","=""443.12764""","=""0.00012""","=""91""","=""""",,"=""17995.487""","=""40556.014""","=""3d3.(2P).4s""","=""b 3P""","=""0""","=""3d3.(4P).4p""","=""r 3D*""","=""1""",,"=""""","=""L10989""",
"=""443.2592""","=""0.0002""","=""443.25893""","=""0.00006""","=""42""","=""""",,"=""19421.580""","=""41975.4249""","=""3d2.(3F).4s.4p.(3P*)""","=""z 3F*""","=""3""","=""3d2.4s.(4F).4d""","=""3G""","=""4""",,"=""""","=""L10989""",
"=""443.3566""","=""0.0002""","=""443.35652""","=""0.00006""","=""55""","=""""",,"=""19322.984""","=""41871.8642""","=""3d2.(3F).4s.4p.(3P*)""","=""z 3F*""","=""2""","=""3d2.4s.(4F).4d""","=""g 3F""","=""2""",,"=""""","=""L10989""",
"=""443.3964""","=""0.0002""","=""443.39654""","=""0.00008""","=""210""","=""""",,"=""11531.761""","=""34078.606""","=""3d3.(4F).4s""","=""b 3F""","=""2""","=""3d2.(1G).4s.4p.(3P*)""","=""v 3F*""","=""3""",,"=""""","=""L10989""",
"=""443.4017""","=""0.0002""","=""443.40178""","=""0.00012""","=""400""","=""""",,"=""15108.111""","=""37654.690""","=""3d3.(2G).4s""","=""a 3G""","=""3""","=""3d3.(2D2).4p""","=""u 3F*""","=""2""",,"=""""","=""L10989""",
"=""443.4366""","=""0.0002""","=""443.43682""","=""0.00006""","=""26""","=""""",,"=""19322.984""","=""41867.7812""","=""3d2.(3F).4s.4p.(3P*)""","=""z 3F*""","=""2""","=""3d2.4s.(4F).4d""","=""3G""","=""3""",,"=""""","=""L10989""",
"=""443.6586""","=""0.0002""","=""443.65865""","=""0.00008""","=""140""","=""""",,"=""15156.802""","=""37690.327""","=""3d3.(2G).4s""","=""a 3G""","=""4""","=""3d3.(2G).4p""","=""v 3G*""","=""5""",,"=""""","=""L10989""",
"=""443.6675""","=""0.0002""","=""443.66740""","=""0.00006""","=""45""","=""""",,"=""19573.974""","=""42107.0545""","=""3d2.(3F).4s.4p.(3P*)""","=""z 3F*""","=""4""","=""3d2.4s.(4F).4d""","=""g 3F""","=""4""",,"=""""","=""L10989""",
"=""443.8221""","=""0.0002""","=""443.82217""","=""0.00010""","=""48""","=""""",,"=""18145.286""","=""40670.509""","=""3d3.(2P).4s""","=""b 3P""","=""2""","=""3d3.(4P).4p""","=""r 3D*""","=""2""",,"=""""","=""L10989""",
"=""444.0338""","=""0.0005""","=""444.03426""","=""0.00018""","=""330q""","=""""",,"=""15108.111""","=""37622.575""","=""3d3.(2G).4s""","=""a 3G""","=""3""","=""3d.4s2.4p""","=""x 1F*""","=""3""",,"=""""","=""L10989""",
"=""444.1266""","=""0.0002""","=""444.12660""","=""0.00008""","=""120""","=""6.1e+06""",D,"=""15108.111""","=""37617.894""","=""3d3.(2G).4s""","=""a 3G""","=""3""","=""3d3.(2G).4p""","=""v 3G*""","=""4""",,"=""T4401n""","=""L10989""",
"=""444.4258""","=""0.0002""","=""444.42584""","=""0.00010""","=""53""","=""""",,"=""18061.387""","=""40556.014""","=""3d3.(2P).4s""","=""b 3P""","=""1""","=""3d3.(4P).4p""","=""r 3D*""","=""1""",,"=""""","=""L10989""",
"=""444.9143""","=""0.0002""","=""444.91425""","=""0.00010""","=""2200""","=""9.7e+07""",D,"=""15220.393""","=""37690.327""","=""3d3.(2G).4s""","=""a 3G""","=""5""","=""3d3.(2G).4p""","=""v 3G*""","=""5""",,"=""T2773n""","=""L10989""",
"=""444.9974""","=""0.0002""","=""444.99665""","=""0.00018""","=""18""","=""""",,"=""15156.802""","=""37622.575""","=""3d3.(2G).4s""","=""a 3G""","=""4""","=""3d.4s2.4p""","=""x 1F*""","=""3""",,"=""""","=""L10989""",
"=""445.0894""","=""0.0002""","=""445.08939""","=""0.00008""","=""1600""","=""9.6e+07""",D,"=""15156.802""","=""37617.894""","=""3d3.(2G).4s""","=""a 3G""","=""4""","=""3d3.(2G).4p""","=""v 3G*""","=""4""",,"=""T2773n""","=""L10989""",
"=""445.3049""","=""0.0005""","=""445.30367""","=""0.00006""","=""6q""","=""""",,"=""19421.580""","=""41871.8642""","=""3d2.(3F).4s.4p.(3P*)""","=""z 3F*""","=""3""","=""3d2.4s.(4F).4d""","=""g 3F""","=""2""",,"=""""","=""L10989""",
"=""445.3313""","=""0.0002""","=""445.33128""","=""0.00008""","=""1400""","=""5.98e+07""",C+,"=""11531.761""","=""33980.653""","=""3d3.(4F).4s""","=""b 3F""","=""2""","=""3d2.(1G).4s.4p.(3P*)""","=""v 3F*""","=""2""",,"=""T4922""","=""L10989""",
"=""445.3699""","=""0.0002""","=""445.36987""","=""0.00008""","=""1000""","=""4.7e+07""",D,"=""15108.111""","=""37555.058""","=""3d3.(2G).4s""","=""a 3G""","=""3""","=""3d3.(2G).4p""","=""v 3G*""","=""3""",,"=""T2773n""","=""L10989""",
"=""445.3851""","=""0.0005""","=""445.38467""","=""0.00006""","=""8q""","=""""",,"=""19421.580""","=""41867.7812""","=""3d2.(3F).4s.4p.(3P*)""","=""z 3F*""","=""3""","=""3d2.4s.(4F).4d""","=""3G""","=""3""",,"=""""","=""L10989""",
"=""445.5318""","=""0.0002""","=""445.53168""","=""0.00008""","=""1900""","=""4.8e+07""",D,"=""11639.8109""","=""34078.606""","=""3d3.(4F).4s""","=""b 3F""","=""3""","=""3d2.(1G).4s.4p.(3P*)""","=""v 3F*""","=""3""",,"=""T2773n""","=""L10989""",
"=""445.7427""","=""0.0002""","=""445.74268""","=""0.00008""","=""2600""","=""5.6e+07""",D,"=""11776.812""","=""34204.985""","=""3d3.(4F).4s""","=""b 3F""","=""4""","=""3d2.(1G).4s.4p.(3P*)""","=""v 3F*""","=""4""",,"=""T2773n""","=""L10989""",
"=""446.2088""","=""0.0002""","=""446.20891""","=""0.00006""","=""130""","=""4.28e+04""",A,"=""0.000""","=""22404.739""","=""3d2.4s2""","=""a 3F""","=""2""","=""3d2.(3F).4s.4p.(3P*)""","=""z 1F*""","=""3""",,"=""T7574""","=""L10989""",
"=""446.2746""","=""0.0002""","=""446.27441""","=""0.00006""","=""10""","=""""",,"=""19573.974""","=""41975.4249""","=""3d2.(3F).4s.4p.(3P*)""","=""z 3F*""","=""4""","=""3d2.4s.(4F).4d""","=""3G""","=""4""",,"=""""","=""L10989""",
"=""446.3380""","=""0.0002""","=""446.33807""","=""0.00008""","=""210""","=""""",,"=""15156.802""","=""37555.058""","=""3d3.(2G).4s""","=""a 3G""","=""4""","=""3d3.(2G).4p""","=""v 3G*""","=""3""",,"=""""","=""L10989""",
"=""446.3533""","=""0.0002""","=""446.35311""","=""0.00010""","=""220""","=""""",,"=""15220.393""","=""37617.894""","=""3d3.(2G).4s""","=""a 3G""","=""5""","=""3d3.(2G).4p""","=""v 3G*""","=""4""",,"=""""","=""L10989""",
"=""446.5806""","=""0.0002""","=""446.58054""","=""0.00014""","=""610""","=""3.28e+07""",C+,"=""14028.436""","=""36414.531""","=""3d3.(4P).4s""","=""a 5P""","=""2""","=""3d3.(4P).4p""","=""y 5P*""","=""3""",,"=""T4922""","=""L10989""",
"=""447.1237""","=""0.0002""","=""447.12372""","=""0.00012""","=""640""","=""""",,"=""13981.773""","=""36340.673""","=""3d3.(4P).4s""","=""a 5P""","=""1""","=""3d3.(4P).4p""","=""y 5P*""","=""2""",,"=""""","=""L10989""",
"=""447.4852""","=""0.0002""","=""447.48513""","=""0.00008""","=""210""","=""""",,"=""11639.8109""","=""33980.653""","=""3d3.(4F).4s""","=""b 3F""","=""3""","=""3d2.(1G).4s.4p.(3P*)""","=""v 3F*""","=""2""",,"=""""","=""L10989""",
"=""447.5171""","=""0.0002""","=""447.51727""","=""0.00008""","=""14""","=""""",,"=""16875.124""","=""39214.362""","=""3d2.(3F).4s.4p.(3P*)""","=""z 5F*""","=""2""","=""3d3.(4F).5s""","=""f 5F""","=""3""",,"=""""","=""L10989""",
"=""447.5499""","=""0.0005""","=""447.55032""","=""0.00010""","=""10q""","=""""",,"=""17075.258""","=""39412.846""","=""3d2.(3F).4s.4p.(3P*)""","=""z 5F*""","=""4""","=""3d3.(4F).5s""","=""f 5F""","=""5""",,"=""""","=""L10989""",
"=""447.6595""","=""0.0002""","=""447.65991""","=""0.00010""","=""9""","=""""",,"=""16817.160""","=""39149.280""","=""3d2.(3F).4s.4p.(3P*)""","=""z 5F*""","=""1""","=""3d3.(4F).5s""","=""f 5F""","=""2""",,"=""""","=""L10989""",
"=""447.8401""","=""0.0005""","=""447.84059""","=""0.00012""","=""12q""","=""""",,"=""18061.387""","=""40384.497""","=""3d3.(2P).4s""","=""b 3P""","=""1""","=""3d.4s2.4p""","=""v 3P*""","=""1""",,"=""""","=""L10989""",
"=""447.9701""","=""0.0002""","=""447.97015""","=""0.00012""","=""220""","=""""",,"=""13981.773""","=""36298.427""","=""3d3.(4P).4s""","=""a 5P""","=""1""","=""3d3.(4P).4p""","=""y 5P*""","=""1""",,"=""""","=""L10989""",
"=""448.0589""","=""0.0002""","=""448.05884""","=""0.00012""","=""120""","=""""",,"=""14028.436""","=""36340.673""","=""3d3.(4P).4s""","=""a 5P""","=""2""","=""3d3.(4P).4p""","=""y 5P*""","=""2""",,"=""""","=""L10989""",
"=""448.1259""","=""0.0002""","=""448.12592""","=""0.00014""","=""1200""","=""5.7e+07""",D,"=""14105.634""","=""36414.531""","=""3d3.(4P).4s""","=""a 5P""","=""3""","=""3d3.(4P).4p""","=""y 5P*""","=""3""",,"=""T2773n""","=""L10989""",
"=""448.1415""","=""0.0005""","=""448.14102""","=""0.00022""","=""7q""","=""""",,"=""18061.387""","=""40369.532""","=""3d3.(2P).4s""","=""b 3P""","=""1""","=""3d.4s2.4p""","=""v 3P*""","=""0""",,"=""""","=""L10989""",
"=""448.2687""","=""0.0002""","=""448.26865""","=""0.00008""","=""220""","=""""",,"=""11776.812""","=""34078.606""","=""3d3.(4F).4s""","=""b 3F""","=""4""","=""3d2.(1G).4s.4p.(3P*)""","=""v 3F*""","=""3""",,"=""""","=""L10989""",
"=""448.453""","=""0.002""","=""448.45449""","=""0.00012""","=""2""","=""""",,"=""17369.529""","=""39662.081""","=""3d3.(2D2).4s""","=""a 3D""","=""1""","=""3d3.(2D2).4p""","=""s 3D*""","=""1""",,"=""""","=""L3392""",
"=""448.5076""","=""0.0002""","=""448.50785""","=""0.00012""","=""17""","=""""",,"=""16817.160""","=""39107.060""","=""3d2.(3F).4s.4p.(3P*)""","=""z 5F*""","=""1""","=""3d3.(4F).5s""","=""f 5F""","=""1""",,"=""""","=""L10989""",
"=""448.8249""","=""0.0002""","=""448.82487""","=""0.00010""","=""22""","=""""",,"=""16875.124""","=""39149.280""","=""3d2.(3F).4s.4p.(3P*)""","=""z 5F*""","=""2""","=""3d3.(4F).5s""","=""f 5F""","=""2""",,"=""""","=""L10989""",
"=""448.9088""","=""0.0002""","=""448.90881""","=""0.00012""","=""590""","=""""",,"=""14028.436""","=""36298.427""","=""3d3.(4P).4s""","=""a 5P""","=""2""","=""3d3.(4P).4p""","=""y 5P*""","=""1""",,"=""""","=""L10989""",
"=""449.0675""","=""0.0002""","=""449.06777""","=""0.00010""","=""11""","=""""",,"=""17423.856""","=""39685.964""","=""3d3.(2D2).4s""","=""a 3D""","=""2""","=""3d3.(2D2).4p""","=""s 3D*""","=""2""",,"=""""","=""L10989""",
"=""449.2532""","=""0.0002""","=""449.25225""","=""0.00010""","=""46*""","=""""",,"=""19937.855""","=""42190.8217""","=""3d2.(3F).4s.4p.(3P*)""","=""z 3D*""","=""1""","=""3d2.4s.4d""","=""3P""","=""1""",,"=""""","=""L10989""",
"=""449.2532""","=""0.0002""","=""449.25319""","=""0.00008""","=""46*""","=""""",,"=""16961.442""","=""39214.362""","=""3d2.(3F).4s.4p.(3P*)""","=""z 5F*""","=""3""","=""3d3.(4F).5s""","=""f 5F""","=""3""",,"=""""","=""L10989""",
"=""449.50000""","=""0.00014""","=""449.49984""","=""0.00006""","=""""","=""""",,"=""20126.062""","=""42366.7719""","=""3d2.(3F).4s.4p.(3P*)""","=""z 3D*""","=""3""","=""3d2.4s.4d""","=""3P""","=""2""",,"=""""","=""L9190""",
"=""449.6145""","=""0.0002""","=""449.61448""","=""0.00012""","=""610""","=""4.4e+07""",D,"=""14105.634""","=""36340.673""","=""3d3.(4P).4s""","=""a 5P""","=""3""","=""3d3.(4P).4p""","=""y 5P*""","=""2""",,"=""T2773n""","=""L10989""",
"=""449.6234""","=""0.0002""","=""449.62323""","=""0.00008""","=""250""","=""1.1e+05""",C,"=""170.1328""","=""22404.739""","=""3d2.4s2""","=""a 3F""","=""3""","=""3d2.(3F).4s.4p.(3P*)""","=""z 1F*""","=""3""",,"=""T3499n""","=""L10989""",
"=""449.6766""","=""0.0005""","=""449.67724""","=""0.00012""","=""7q""","=""""",,"=""16875.124""","=""39107.060""","=""3d2.(3F).4s.4p.(3P*)""","=""z 5F*""","=""2""","=""3d3.(4F).5s""","=""f 5F""","=""1""",,"=""""","=""L10989""",
"=""449.7720""","=""0.0002""","=""449.77208""","=""0.00010""","=""50""","=""""",,"=""17075.258""","=""39302.506""","=""3d2.(3F).4s.4p.(3P*)""","=""z 5F*""","=""4""","=""3d3.(4F).5s""","=""f 5F""","=""4""",,"=""""","=""L10989""",
"=""450.0593""","=""0.0002""","=""450.05967""","=""0.00018""","=""11""","=""""",,"=""25068.842""","=""47281.887""","=""3d3.(2F).4s""","=""3F""","=""3""","=""3d3.(2F).4p""","=""p 3F*""","=""3""",,"=""""","=""L10989""",
"=""450.3757""","=""0.0002""","=""450.37574""","=""0.00010""","=""81""","=""""",,"=""17215.390""","=""39412.846""","=""3d2.(3F).4s.4p.(3P*)""","=""z 5F*""","=""5""","=""3d3.(4F).5s""","=""f 5F""","=""5""",,"=""""","=""L10989""",
"=""450.5487""","=""0.0002""","=""450.54882""","=""0.00020""","=""7""","=""""",,"=""25092.958""","=""47281.887""","=""3d3.(2F).4s""","=""3F""","=""2""","=""3d3.(2F).4p""","=""p 3F*""","=""3""",,"=""""","=""L10989""",
"=""450.5707""","=""0.0002""","=""450.57098""","=""0.00010""","=""11""","=""""",,"=""16961.442""","=""39149.280""","=""3d2.(3F).4s.4p.(3P*)""","=""z 5F*""","=""3""","=""3d3.(4F).5s""","=""f 5F""","=""2""",,"=""""","=""L10989""",
"=""450.6321""","=""0.0002""","=""450.63303""","=""0.00008""","=""""","=""""",,"=""20006.039""","=""42190.8217""","=""3d2.(3F).4s.4p.(3P*)""","=""z 3D*""","=""2""","=""3d2.4s.4d""","=""3P""","=""1""",,"=""""","=""L9190""",
"=""450.8266""","=""0.0002""","=""450.82673""","=""0.00010""","=""14""","=""""",,"=""17540.188""","=""39715.439""","=""3d3.(2D2).4s""","=""a 3D""","=""3""","=""3d3.(2D2).4p""","=""s 3D*""","=""3""",,"=""""","=""L10989""",
"=""451.2733""","=""0.0002""","=""451.27339""","=""0.00010""","=""3000""","=""9.86e+06""",C+,"=""6742.756""","=""28896.059""","=""3d3.(4F).4s""","=""a 5F""","=""4""","=""3d3.(4F).4p""","=""y 5F*""","=""5""",,"=""T4294""","=""L10989""",
"=""451.3714""","=""0.0002""","=""451.37152""","=""0.00008""","=""24""","=""""",,"=""11531.761""","=""33680.248""","=""3d3.(4F).4s""","=""b 3F""","=""2""","=""3d3.(4F).4p""","=""w 3F*""","=""3""",,"=""""","=""L10989""",
"=""451.5614""","=""0.0005""","=""451.5622""","=""0.0006""","=""21q""","=""""",,"=""25797.595""","=""47936.73""","=""3d2.(3P).4s.4p.(3P*)""","=""5D*""","=""3""","=""3d2.4s.(4F).5d""","=""h 5G""","=""3""",,"=""""","=""L10989""",
"=""451.8022""","=""0.0002""","=""451.80220""","=""0.00008""","=""3700""","=""1.72e+07""",C+,"=""6661.006""","=""28788.380""","=""3d3.(4F).4s""","=""a 5F""","=""3""","=""3d3.(4F).4p""","=""y 5F*""","=""4""",,"=""T4294""","=""L10989""",
"=""451.8689""","=""0.0002""","=""451.86890""","=""0.00008""","=""380""","=""6.5e+06""",D,"=""11531.761""","=""33655.869""","=""3d3.(4F).4s""","=""b 3F""","=""2""","=""3d3.(4F).4p""","=""w 3F*""","=""2""",,"=""T4401n""","=""L10989""",
"=""451.9801""","=""0.0002""","=""451.98010""","=""0.00018""","=""4""","=""""",,"=""25068.842""","=""47187.507""","=""3d3.(2F).4s""","=""3F""","=""3""","=""3d3.(2F).4p""","=""p 3F*""","=""2""",,"=""""","=""L10989""",
"=""452.2797""","=""0.0002""","=""452.27970""","=""0.00008""","=""3500""","=""1.9e+07""",D,"=""6598.765""","=""28702.778""","=""3d3.(4F).4s""","=""a 5F""","=""2""","=""3d3.(4F).4p""","=""y 5F*""","=""3""",,"=""T2773n""","=""L10989""",
"=""452.4736""","=""0.0002""","=""452.47344""","=""0.00020""","=""14""","=""""",,"=""25092.958""","=""47187.507""","=""3d3.(2F).4s""","=""3F""","=""2""","=""3d3.(2F).4p""","=""p 3F*""","=""2""",,"=""""","=""L10989""",
"=""452.5935""","=""0.0005""","=""452.59311""","=""0.00006""","=""11q""","=""""",,"=""20126.062""","=""42214.7689""","=""3d2.(3F).4s.4p.(3P*)""","=""z 3D*""","=""3""","=""3d2.4s.(4F).4d""","=""3H""","=""4""",,"=""""","=""L10989""",
"=""452.6251""","=""0.0002""","=""452.62571""","=""0.00010""","=""8""","=""""",,"=""17215.390""","=""39302.506""","=""3d2.(3F).4s.4p.(3P*)""","=""z 5F*""","=""5""","=""3d3.(4F).5s""","=""f 5F""","=""4""",,"=""""","=""L10989""",
"=""452.6371""","=""0.0002""","=""452.63645""","=""0.00010""","=""18""","=""""",,"=""12118.393""","=""34204.985""","=""3d2.4s2""","=""a 1G""","=""4""","=""3d2.(1G).4s.4p.(3P*)""","=""v 3F*""","=""4""",,"=""""","=""L10989""",
"=""452.7305""","=""0.0002""","=""452.73041""","=""0.00008""","=""2300""","=""2.2e+07""",D,"=""6556.833""","=""28638.841""","=""3d3.(4F).4s""","=""a 5F""","=""1""","=""3d3.(4F).4p""","=""y 5F*""","=""2""",,"=""T2773n""","=""L10989""",
"=""452.7469""","=""0.0002""","=""452.74721""","=""0.00008""","=""44""","=""""",,"=""0.000""","=""22081.189""","=""3d2.4s2""","=""a 3F""","=""2""","=""3d2.(3F).4s.4p.(3P*)""","=""z 1D*""","=""2""",,"=""""","=""L10989""",
"=""453.1603""","=""0.0002""","=""453.16004""","=""0.00010""","=""12""","=""""",,"=""11639.8109""","=""33700.884""","=""3d3.(4F).4s""","=""b 3F""","=""3""","=""3d3.(4F).4p""","=""w 3F*""","=""4""",,"=""""","=""L10989""",
"=""453.2118""","=""0.0002""","=""453.21159""","=""0.00006""","=""23""","=""""",,"=""20126.062""","=""42184.6261""","=""3d2.(3F).4s.4p.(3P*)""","=""z 3D*""","=""3""","=""3d2.4s.(4F).4d""","=""e 5D""","=""4""",,"=""""","=""L10989""",
"=""453.3240""","=""0.0002""","=""453.32394""","=""0.00012""","=""9200""","=""8.83e+07""",C+,"=""6842.962""","=""28896.059""","=""3d3.(4F).4s""","=""a 5F""","=""5""","=""3d3.(4F).4p""","=""y 5F*""","=""5""",,"=""T4294""","=""L10989""",
"=""453.4776""","=""0.0002""","=""453.47761""","=""0.00008""","=""7900""","=""6.87e+07""",C+,"=""6742.756""","=""28788.380""","=""3d3.(4F).4s""","=""a 5F""","=""4""","=""3d3.(4F).4p""","=""y 5F*""","=""4""",,"=""T4294""","=""L10989""",
"=""453.5568""","=""0.0002""","=""453.55686""","=""0.00008""","=""6100""","=""""",,"=""6661.006""","=""28702.778""","=""3d3.(4F).4s""","=""a 5F""","=""3""","=""3d3.(4F).4p""","=""y 5F*""","=""3""",,"=""""","=""L10989""",
"=""453.5844""","=""0.0002""","=""453.58433""","=""0.00008""","=""320""","=""""",,"=""11639.8109""","=""33680.248""","=""3d3.(4F).4s""","=""b 3F""","=""3""","=""3d3.(4F).4p""","=""w 3F*""","=""3""",,"=""""","=""L10989""",
"=""453.5918""","=""0.0002""","=""453.59176""","=""0.00008""","=""4700""","=""""",,"=""6598.765""","=""28638.841""","=""3d3.(4F).4s""","=""a 5F""","=""2""","=""3d3.(4F).4p""","=""y 5F*""","=""2""",,"=""""","=""L10989""",
"=""453.6040""","=""0.0002""","=""453.60403""","=""0.00010""","=""4000""","=""""",,"=""6556.833""","=""28596.313""","=""3d3.(4F).4s""","=""a 5F""","=""1""","=""3d3.(4F).4p""","=""y 5F*""","=""1""",,"=""""","=""L10989""",
"=""454.0494""","=""0.0002""","=""454.04934""","=""0.00008""","=""79""","=""""",,"=""386.874""","=""22404.739""","=""3d2.4s2""","=""a 3F""","=""4""","=""3d2.(3F).4s.4p.(3P*)""","=""z 1F*""","=""3""",,"=""""","=""L10989""",
"=""454.0865""","=""0.0002""","=""454.08661""","=""0.00008""","=""47""","=""""",,"=""11639.8109""","=""33655.869""","=""3d3.(4F).4s""","=""b 3F""","=""3""","=""3d3.(4F).4p""","=""w 3F*""","=""2""",,"=""""","=""L10989""",
"=""454.1000""","=""0.0002""","=""454.10012""","=""0.00014""","=""16""","=""""",,"=""18287.554""","=""40302.957""","=""3d3.(2G).4s""","=""b 1G""","=""4""","=""3d3.(2D2).4p""","=""w 1F*""","=""3""",,"=""""","=""L10989""",
"=""454.4687""","=""0.0002""","=""454.46871""","=""0.00010""","=""2300""","=""3.3e+07""",D,"=""6598.765""","=""28596.313""","=""3d3.(4F).4s""","=""a 5F""","=""2""","=""3d3.(4F).4p""","=""y 5F*""","=""1""",,"=""T2773n""","=""L10989""",
"=""454.7794""","=""0.0005""","=""454.78009""","=""0.00008""","=""37q""","=""""",,"=""20006.039""","=""41988.5259""","=""3d2.(3F).4s.4p.(3P*)""","=""z 3D*""","=""2""","=""3d2.4s.(4F).4d""","=""g 3F""","=""3""",,"=""""","=""L10989""",
"=""454.8110""","=""0.0002""","=""454.81101""","=""0.00006""","=""40""","=""8.4e+06""",D,"=""20126.062""","=""42107.0545""","=""3d2.(3F).4s.4p.(3P*)""","=""z 3D*""","=""3""","=""3d2.4s.(4F).4d""","=""g 3F""","=""4""",,"=""T4401n""","=""L10989""",
"=""454.8763""","=""0.0002""","=""454.87635""","=""0.00008""","=""3400""","=""2.85e+07""",C+,"=""6661.006""","=""28638.841""","=""3d3.(4F).4s""","=""a 5F""","=""3""","=""3d3.(4F).4p""","=""y 5F*""","=""2""",,"=""T4294""","=""L10989""",
"=""455.2454""","=""0.0002""","=""455.24533""","=""0.00008""","=""3400""","=""2.1e+07""",D,"=""6742.756""","=""28702.778""","=""3d3.(4F).4s""","=""a 5F""","=""4""","=""3d3.(4F).4p""","=""y 5F*""","=""3""",,"=""T2773n""","=""L10989""",
"=""455.3398""","=""0.0005""","=""455.33897""","=""0.00023""","=""9q""","=""""",,"=""24694.892""","=""46650.398""","=""3d2.(3F).4s.4p.(3P*)""","=""z 1G*""","=""4""","=""3d2.4s.(2F).4d""","=""f 1F""","=""3""",,"=""""","=""L10989""",
"=""455.5069""","=""0.0002""","=""455.50682""","=""0.00008""","=""70""","=""""",,"=""19421.580""","=""41368.996""","=""3d2.(3F).4s.4p.(3P*)""","=""z 3F*""","=""3""","=""3d2.4s.(2F).5s""","=""3F""","=""3""",,"=""""","=""L10989""",
"=""455.5484""","=""0.0002""","=""455.54829""","=""0.00008""","=""2700""","=""1.16e+07""",C+,"=""6842.962""","=""28788.380""","=""3d3.(4F).4s""","=""a 5F""","=""5""","=""3d3.(4F).4p""","=""y 5F*""","=""4""",,"=""T4294""","=""L10989""",
"=""455.7854""","=""0.0002""","=""455.78524""","=""0.00010""","=""44""","=""""",,"=""19937.855""","=""41871.8642""","=""3d2.(3F).4s.4p.(3P*)""","=""z 3D*""","=""1""","=""3d2.4s.(4F).4d""","=""g 3F""","=""2""",,"=""""","=""L10989""",
"=""455.8110""","=""0.0005""","=""455.81127""","=""0.00017""","=""32q""","=""""",,"=""18911.394""","=""40844.151""","=""3d3.(4P).4s""","=""c 3P""","=""2""","=""3d3.(4P).4p""","=""r 3D*""","=""3""",,"=""""","=""L10989""",
"=""455.9918""","=""0.0002""","=""455.99183""","=""0.00010""","=""260""","=""""",,"=""11776.812""","=""33700.884""","=""3d3.(4F).4s""","=""b 3F""","=""4""","=""3d3.(4F).4p""","=""w 3F*""","=""4""",,"=""""","=""L10989""",
"=""456.2626""","=""0.0002""","=""456.26271""","=""0.00008""","=""380""","=""1.63e+05""",A,"=""170.1328""","=""22081.189""","=""3d2.4s2""","=""a 3F""","=""3""","=""3d2.(3F).4s.4p.(3P*)""","=""z 1D*""","=""2""",,"=""T7574""","=""L10989""",
"=""456.3423""","=""0.0002""","=""456.34234""","=""0.00010""","=""120""","=""2.1e+07""",D,"=""19573.974""","=""41481.207""","=""3d2.(3F).4s.4p.(3P*)""","=""z 3F*""","=""4""","=""3d2.4s.(2F).5s""","=""3F""","=""4""",,"=""T4401n""","=""L10989""",
"=""456.4213""","=""0.0003""","=""456.42145""","=""0.00008""","=""32""","=""""",,"=""11776.812""","=""33680.248""","=""3d3.(4F).4s""","=""b 3F""","=""4""","=""3d3.(4F).4p""","=""w 3F*""","=""3""",,"=""""","=""L10989""",
"=""457.0902""","=""0.0003""","=""457.09012""","=""0.00013""","=""69""","=""""",,"=""19322.984""","=""41194.378""","=""3d2.(3F).4s.4p.(3P*)""","=""z 3F*""","=""2""","=""3d2.4s.(2F).5s""","=""3F""","=""2""",,"=""""","=""L10989""",
"=""457.2064""","=""0.0003""","=""457.20654""","=""0.00008""","=""9""","=""""",,"=""20006.039""","=""41871.8642""","=""3d2.(3F).4s.4p.(3P*)""","=""z 3D*""","=""2""","=""3d2.4s.(4F).4d""","=""g 3F""","=""2""",,"=""""","=""L10989""",
"=""458.6917""","=""0.0003""","=""458.69184""","=""0.00008""","=""6""","=""""",,"=""19573.974""","=""41368.996""","=""3d2.(3F).4s.4p.(3P*)""","=""z 3F*""","=""4""","=""3d2.4s.(2F).5s""","=""3F""","=""3""",,"=""""","=""L10989""",
"=""459.1603""","=""0.0003""","=""459.16004""","=""0.00013""","=""7""","=""""",,"=""19421.580""","=""41194.378""","=""3d2.(3F).4s.4p.(3P*)""","=""z 3F*""","=""3""","=""3d2.4s.(2F).5s""","=""3F""","=""2""",,"=""""","=""L10989""",
"=""461.429""","=""0.0019""","=""461.42716""","=""0.00011""","=""1""","=""""",,"=""19421.580""","=""41087.404""","=""3d2.(3F).4s.4p.(3P*)""","=""z 3F*""","=""3""","=""3d2.4s.(2F).5s""","=""e 1F""","=""3""",,"=""""","=""L17997""",
"=""461.7268""","=""0.0003""","=""461.72689""","=""0.00017""","=""2600""","=""8.51e+07""",C+,"=""14105.634""","=""35757.394""","=""3d3.(4P).4s""","=""a 5P""","=""3""","=""3d3.(4P).4p""","=""w 5D*""","=""4""",,"=""T4922""","=""L10989""",
"=""461.9520""","=""0.0003""","=""461.95209""","=""0.00015""","=""49""","=""""",,"=""18825.782""","=""40466.987""","=""3d3.(4P).4s""","=""c 3P""","=""1""","=""3d.4s2.4p""","=""v 3P*""","=""2""",,"=""""","=""L10989""",
"=""462.3097""","=""0.0003""","=""462.30972""","=""0.00013""","=""1500""","=""5.74e+07""",C+,"=""14028.436""","=""35652.900""","=""3d3.(4P).4s""","=""a 5P""","=""2""","=""3d3.(4P).4p""","=""w 5D*""","=""3""",,"=""T4922""","=""L10989""",
"=""462.9336""","=""0.0003""","=""462.93379""","=""0.00019""","=""620""","=""""",,"=""13981.773""","=""35577.086""","=""3d3.(4P).4s""","=""a 5P""","=""1""","=""3d3.(4P).4p""","=""w 5D*""","=""2""",,"=""""","=""L10989""",
"=""463.4742""","=""0.0003""","=""463.47378""","=""0.00011""","=""27""","=""""",,"=""18145.286""","=""39715.439""","=""3d3.(2P).4s""","=""b 3P""","=""2""","=""3d3.(2D2).4p""","=""s 3D*""","=""3""",,"=""""","=""L10989""",
"=""463.5547""","=""0.0003""","=""463.55448""","=""0.00015""","=""38""","=""""",,"=""18818.099""","=""40384.497""","=""3d3.(4P).4s""","=""c 3P""","=""0""","=""3d.4s2.4p""","=""v 3P*""","=""1""",,"=""""","=""L10989""",
"=""463.7869""","=""0.0003""","=""463.78685""","=""0.00015""","=""170""","=""""",,"=""18911.394""","=""40466.987""","=""3d3.(4P).4s""","=""c 3P""","=""2""","=""3d.4s2.4p""","=""v 3P*""","=""2""",,"=""""","=""L10989""",
"=""463.9361""","=""0.0003""","=""463.93628""","=""0.00019""","=""940""","=""""",,"=""14028.436""","=""35577.086""","=""3d3.(4P).4s""","=""a 5P""","=""2""","=""3d3.(4P).4p""","=""w 5D*""","=""2""",,"=""""","=""L10989""",
"=""463.9661""","=""0.0003""","=""463.96608""","=""0.00013""","=""790""","=""""",,"=""14105.634""","=""35652.900""","=""3d3.(4P).4s""","=""a 5P""","=""3""","=""3d3.(4P).4p""","=""w 5D*""","=""3""",,"=""""","=""L10989""",
"=""463.9940""","=""0.0003""","=""463.99388""","=""0.00019""","=""760""","=""6.64e+07""",C+,"=""13981.773""","=""35527.748""","=""3d3.(4P).4s""","=""a 5P""","=""1""","=""3d3.(4P).4p""","=""w 5D*""","=""1""",,"=""T4922""","=""L10989""",
"=""464.0415""","=""0.0003""","=""464.04180""","=""0.00024""","=""49""","=""5.0e+07""",D,"=""18825.782""","=""40369.532""","=""3d3.(4P).4s""","=""c 3P""","=""1""","=""3d.4s2.4p""","=""v 3P*""","=""0""",,"=""T4401n""","=""L10989""",
"=""464.5189""","=""0.0003""","=""464.5188""","=""0.0003""","=""340""","=""8.57e+07""",C+,"=""13981.773""","=""35503.399""","=""3d3.(4P).4s""","=""a 5P""","=""1""","=""3d3.(4P).4p""","=""w 5D*""","=""0""",,"=""T4922""","=""L10989""",
"=""465.0010""","=""0.0003""","=""465.00097""","=""0.00019""","=""270""","=""2.6e+07""",D,"=""14028.436""","=""35527.748""","=""3d3.(4P).4s""","=""a 5P""","=""2""","=""3d3.(4P).4p""","=""w 5D*""","=""1""",,"=""T4401n""","=""L10989""",
"=""465.5686""","=""0.0003""","=""465.56853""","=""0.00015""","=""63""","=""""",,"=""18911.394""","=""40384.497""","=""3d3.(4P).4s""","=""c 3P""","=""2""","=""3d.4s2.4p""","=""v 3P*""","=""1""",,"=""""","=""L10989""",
"=""465.6043""","=""0.0003""","=""465.60433""","=""0.00020""","=""110""","=""9.3e+06""",D,"=""14105.634""","=""35577.086""","=""3d3.(4P).4s""","=""a 5P""","=""3""","=""3d3.(4P).4p""","=""w 5D*""","=""2""",,"=""T4401n""","=""L10989""",
"=""465.6468""","=""0.0003""","=""465.64693""","=""0.00007""","=""8400""","=""2.29e+06""",A,"=""0.000""","=""21469.488""","=""3d2.4s2""","=""a 3F""","=""2""","=""3d2.(3F).4s.4p.(3P*)""","=""z 3G*""","=""3""",,"=""T7574""","=""L10989""",
"=""466.7584""","=""0.0003""","=""466.75845""","=""0.00009""","=""10000""","=""2.51e+06""",A,"=""170.1328""","=""21588.495""","=""3d2.4s2""","=""a 3F""","=""3""","=""3d2.(3F).4s.4p.(3P*)""","=""z 3G*""","=""4""",,"=""T7574""","=""L10989""",
"=""466.8345""","=""0.0003""","=""466.83469""","=""0.00009""","=""26""","=""""",,"=""8492.422""","=""29907.286""","=""3d2.4s2""","=""a 3P""","=""1""","=""3d3.(4F).4p""","=""x 5D*""","=""2""",,"=""""","=""L10989""",
"=""467.5116""","=""0.0003""","=""467.51167""","=""0.00009""","=""200""","=""1.85e+06""",C+,"=""8602.3441""","=""29986.199""","=""3d2.4s2""","=""a 3P""","=""2""","=""3d3.(4F).4p""","=""x 5D*""","=""3""",,"=""T4294""","=""L10989""",
"=""467.6528""","=""0.0003""","=""467.65240""","=""0.00007""","=""8""","=""""",,"=""21588.495""","=""42965.9148""","=""3d2.(3F).4s.4p.(3P*)""","=""z 3G*""","=""4""","=""3d4""","=""3F1""","=""3""",,"=""""","=""L10989""",
"=""467.6951""","=""0.0003""","=""467.69526""","=""0.00018""","=""8""","=""""",,"=""20209.447""","=""41584.908""","=""3d3.(2D2).4s""","=""b 1D""","=""2""","=""3d3.(2G).4p""","=""v 1F*""","=""3""",,"=""""","=""L10989""",
"=""467.7485""","=""0.0003""","=""467.74843""","=""0.00015""","=""21""","=""""",,"=""24694.892""","=""46067.923""","=""3d2.(3F).4s.4p.(3P*)""","=""z 1G*""","=""4""","=""3d2.4s.(2F).4d""","=""e 1G""","=""4""",,"=""""","=""L10989""",
"=""467.9706""","=""0.0005""","=""467.97173""","=""0.00009""","=""8q""","=""""",,"=""8492.422""","=""29855.255""","=""3d2.4s2""","=""a 3P""","=""1""","=""3d3.(4F).4p""","=""x 5D*""","=""1""",,"=""""","=""L10989""",
"=""468.1399""","=""0.0003""","=""468.14020""","=""0.00011""","=""15""","=""""",,"=""20126.062""","=""41481.207""","=""3d2.(3F).4s.4p.(3P*)""","=""z 3D*""","=""3""","=""3d2.4s.(2F).5s""","=""3F""","=""4""",,"=""""","=""L10989""",
"=""468.1908""","=""0.0003""","=""468.19089""","=""0.00009""","=""13000""","=""2.71e+06""",A,"=""386.874""","=""21739.707""","=""3d2.4s2""","=""a 3F""","=""4""","=""3d2.(3F).4s.4p.(3P*)""","=""z 3G*""","=""5""",,"=""T7574""","=""L10989""",
"=""468.4507""","=""0.0003""","=""468.45076""","=""0.00011""","=""24""","=""""",,"=""17423.856""","=""38764.844""","=""3d3.(2D2).4s""","=""a 3D""","=""2""","=""3d3.(2P).4p""","=""t 3D*""","=""3""",,"=""""","=""L10989""",
"=""468.6860""","=""0.0003""","=""468.68674""","=""0.00022""","=""25""","=""""",,"=""25699.987""","=""47030.230""","=""3d2.(3P).4s.4p.(3P*)""","=""5D*""","=""2""","=""3d2.4p2""","=""g 5G""","=""3""",,"=""""","=""L10989""",
"=""468.6950""","=""0.0003""","=""468.69494""","=""0.00018""","=""39""","=""""",,"=""22081.189""","=""43411.059""","=""3d2.(3F).4s.4p.(3P*)""","=""z 1D*""","=""2""","=""3d4""","=""1F""","=""3""",,"=""""","=""L10989""",
"=""468.7815""","=""0.0003""","=""468.78083""","=""0.00011""","=""9""","=""""",,"=""11531.761""","=""32857.723""","=""3d3.(4F).4s""","=""b 3F""","=""2""","=""3d2.(1D).4s.4p.(1P*)""","=""y 1F*""","=""3""",,"=""""","=""L10989""",
"=""469.0795""","=""0.0003""","=""469.07929""","=""0.00009""","=""76""","=""4.4e+05""",D,"=""8602.3441""","=""29914.737""","=""3d2.4s2""","=""a 3P""","=""2""","=""3d2.(1G).4s.4p.(3P*)""","=""x 3G*""","=""3""",,"=""T4401n""","=""L10989""",
"=""469.1332""","=""0.0003""","=""469.13325""","=""0.00009""","=""750""","=""""",,"=""8602.3441""","=""29912.286""","=""3d2.4s2""","=""a 3P""","=""2""","=""3d2.(3F).4s.4p.(1P*)""","=""w 3D*""","=""3""",,"=""""","=""L10989""",
"=""469.2431""","=""0.0003""","=""469.24335""","=""0.00009""","=""12""","=""""",,"=""8602.3441""","=""29907.286""","=""3d2.4s2""","=""a 3P""","=""2""","=""3d3.(4F).4p""","=""x 5D*""","=""2""",,"=""""","=""L10989""",
"=""469.3664""","=""0.0003""","=""469.36643""","=""0.00009""","=""330""","=""8.5e+04""",C,"=""170.1328""","=""21469.488""","=""3d2.4s2""","=""a 3F""","=""3""","=""3d2.(3F).4s.4p.(3P*)""","=""z 3G*""","=""3""",,"=""T3499n,T3430""","=""L10989""",
"=""469.6931""","=""0.0003""","=""469.69316""","=""0.00011""","=""70""","=""""",,"=""17369.529""","=""38654.068""","=""3d3.(2D2).4s""","=""a 3D""","=""1""","=""3d3.(2P).4p""","=""t 3D*""","=""1""",,"=""""","=""L10989""",
"=""469.8760""","=""0.0003""","=""469.87609""","=""0.00009""","=""590""","=""""",,"=""8492.422""","=""29768.675""","=""3d2.4s2""","=""a 3P""","=""1""","=""3d2.(3F).4s.4p.(1P*)""","=""w 3D*""","=""2""",,"=""""","=""L10989""",
"=""469.8829""","=""0.0003""","=""469.88280""","=""0.00011""","=""110""","=""""",,"=""17423.856""","=""38699.805""","=""3d3.(2D2).4s""","=""a 3D""","=""2""","=""3d3.(2P).4p""","=""t 3D*""","=""2""",,"=""""","=""L10989""",
"=""470.0190""","=""0.0003""","=""470.01894""","=""0.00007""","=""11""","=""""",,"=""21739.707""","=""43009.4937""","=""3d2.(3F).4s.4p.(3P*)""","=""z 3G*""","=""5""","=""3d4""","=""3F1""","=""4""",,"=""""","=""L10989""",
"=""470.3122""","=""0.0003""","=""470.31222""","=""0.00015""","=""9""","=""""",,"=""19937.855""","=""41194.378""","=""3d2.(3F).4s.4p.(3P*)""","=""z 3D*""","=""1""","=""3d2.4s.(2F).5s""","=""3F""","=""2""",,"=""""","=""L10989""",
"=""470.8952""","=""0.0003""","=""470.89510""","=""0.00009""","=""18""","=""""",,"=""17423.856""","=""38654.068""","=""3d3.(2D2).4s""","=""a 3D""","=""2""","=""3d3.(2P).4p""","=""t 3D*""","=""1""",,"=""""","=""L10989""",
"=""471.0186""","=""0.0003""","=""471.01837""","=""0.00011""","=""490""","=""""",,"=""17540.188""","=""38764.844""","=""3d3.(2D2).4s""","=""a 3D""","=""3""","=""3d3.(2P).4p""","=""t 3D*""","=""3""",,"=""""","=""L10989""",
"=""471.1679""","=""0.0003""","=""471.16808""","=""0.00011""","=""7""","=""""",,"=""11639.8109""","=""32857.723""","=""3d3.(4F).4s""","=""b 3F""","=""3""","=""3d2.(1D).4s.4p.(1P*)""","=""y 1F*""","=""3""",,"=""""","=""L10989""",
"=""471.5299""","=""0.0003""","=""471.53012""","=""0.00009""","=""300""","=""6.9e+04""",C,"=""386.874""","=""21588.495""","=""3d2.4s2""","=""a 3F""","=""4""","=""3d2.(3F).4s.4p.(3P*)""","=""z 3G*""","=""4""",,"=""T3499n,T3430""","=""L10989""",
"=""472.2606""","=""0.0003""","=""472.26059""","=""0.00009""","=""220""","=""4.7e+06""",D,"=""8492.422""","=""29661.250""","=""3d2.4s2""","=""a 3P""","=""1""","=""3d2.(3F).4s.4p.(1P*)""","=""w 3D*""","=""1""",,"=""T4401n""","=""L10989""",
"=""472.3162""","=""0.0003""","=""472.31631""","=""0.00009""","=""210""","=""""",,"=""8602.3441""","=""29768.675""","=""3d2.4s2""","=""a 3P""","=""2""","=""3d2.(3F).4s.4p.(1P*)""","=""w 3D*""","=""2""",,"=""""","=""L10989""",
"=""472.4662""","=""0.0003""","=""472.46617""","=""0.00011""","=""15""","=""""",,"=""17540.188""","=""38699.805""","=""3d3.(2D2).4s""","=""a 3D""","=""3""","=""3d3.(2P).4p""","=""t 3D*""","=""2""",,"=""""","=""L10989""",
"=""473.1165""","=""0.0003""","=""473.11644""","=""0.00009""","=""160""","=""""",,"=""17540.188""","=""38670.723""","=""3d3.(2D2).4s""","=""a 3D""","=""3""","=""3d3.(2G).4p""","=""t 3F*""","=""4""",,"=""""","=""L10989""",
"=""473.3421""","=""0.0003""","=""473.34213""","=""0.00011""","=""100""","=""""",,"=""17423.856""","=""38544.316""","=""3d3.(2D2).4s""","=""a 3D""","=""2""","=""3d3.(2G).4p""","=""t 3F*""","=""3""",,"=""""","=""L10989""",
"=""473.4670""","=""0.0003""","=""473.46700""","=""0.00013""","=""61""","=""""",,"=""18037.213""","=""39152.103""","=""3d3.(2H).4s""","=""a 3H""","=""4""","=""3d3.(2H).4p""","=""x 3H*""","=""5""",,"=""""","=""L10989""",
"=""474.2108""","=""0.0003""","=""474.21061""","=""0.00011""","=""54""","=""""",,"=""17369.529""","=""38451.309""","=""3d3.(2D2).4s""","=""a 3D""","=""1""","=""3d3.(2G).4p""","=""t 3F*""","=""2""",,"=""""","=""L10989""",
"=""474.22953""","=""0.00018""","=""474.23016""","=""0.00011""","=""""","=""3.2e+06""",D,"=""11776.812""","=""32857.723""","=""3d3.(4F).4s""","=""b 3F""","=""4""","=""3d2.(1D).4s.4p.(1P*)""","=""y 1F*""","=""3""",,"=""T4401n""","=""L9190""",
"=""474.2789""","=""0.0003""","=""474.27892""","=""0.00014""","=""870""","=""5.3e+07""",D,"=""18037.213""","=""39115.957""","=""3d3.(2H).4s""","=""a 3H""","=""4""","=""3d3.(2H).4p""","=""x 3H*""","=""4""",,"=""T4401n""","=""L10989""",
"=""474.7261""","=""0.0003""","=""474.72571""","=""0.00009""","=""17""","=""""",,"=""8602.3441""","=""29661.250""","=""3d2.4s2""","=""a 3P""","=""2""","=""3d2.(3F).4s.4p.(1P*)""","=""w 3D*""","=""1""",,"=""""","=""L10989""",
"=""474.7673""","=""0.0003""","=""474.76737""","=""0.00016""","=""76""","=""""",,"=""18141.265""","=""39198.323""","=""3d3.(2H).4s""","=""a 3H""","=""5""","=""3d3.(2H).4p""","=""x 3H*""","=""6""",,"=""""","=""L10989""",
"=""475.438""","=""0.002""","=""475.43581""","=""0.00009""","=""1""","=""""",,"=""17423.856""","=""38451.309""","=""3d3.(2D2).4s""","=""a 3D""","=""2""","=""3d3.(2G).4p""","=""t 3F*""","=""2""",,"=""""","=""L3392""",
"=""475.8118""","=""0.0003""","=""475.81178""","=""0.00014""","=""1600""","=""7.13e+07""",C+,"=""18141.265""","=""39152.103""","=""3d3.(2H).4s""","=""a 3H""","=""5""","=""3d3.(2H).4p""","=""x 3H*""","=""5""",,"=""T4922""","=""L10989""",
"=""475.8900""","=""0.0003""","=""475.89013""","=""0.00009""","=""100""","=""1.8e+05""",C,"=""6742.756""","=""27750.135""","=""3d3.(4F).4s""","=""a 5F""","=""4""","=""3d2.(3F).4s.4p.(1P*)""","=""y 3G*""","=""5""",,"=""T3297""","=""L10989""",
"=""475.9269""","=""0.0003""","=""475.92697""","=""0.00016""","=""1800""","=""7.40e+07""",C+,"=""18192.570""","=""39198.323""","=""3d3.(2H).4s""","=""a 3H""","=""6""","=""3d3.(2H).4p""","=""x 3H*""","=""6""",,"=""T4922""","=""L10989""",
"=""476.6318""","=""0.0003""","=""476.63177""","=""0.00014""","=""79""","=""""",,"=""18141.265""","=""39115.957""","=""3d3.(2H).4s""","=""a 3H""","=""5""","=""3d3.(2H).4p""","=""x 3H*""","=""4""",,"=""""","=""L10989""",
"=""476.9767""","=""0.0003""","=""476.97650""","=""0.00014""","=""81""","=""""",,"=""18192.570""","=""39152.103""","=""3d3.(2H).4s""","=""a 3H""","=""6""","=""3d3.(2H).4p""","=""x 3H*""","=""5""",,"=""""","=""L10989""",
"=""477.1096""","=""0.0003""","=""477.10990""","=""0.00009""","=""61""","=""1.4e+05""",C,"=""6661.006""","=""27614.679""","=""3d3.(4F).4s""","=""a 5F""","=""3""","=""3d2.(3F).4s.4p.(1P*)""","=""y 3G*""","=""4""",,"=""T3297,T3928""","=""L10989""",
"=""477.8255""","=""0.0003""","=""477.82547""","=""0.00014""","=""240""","=""2.0e+07""",D,"=""18037.213""","=""38959.507""","=""3d3.(2H).4s""","=""a 3H""","=""4""","=""3d3.(2G).4p""","=""x 1G*""","=""4""",,"=""T4401n""","=""L10989""",
"=""478.1711""","=""0.0003""","=""478.17106""","=""0.00009""","=""170""","=""2.9e+05""",C,"=""6842.962""","=""27750.135""","=""3d3.(4F).4s""","=""a 5F""","=""5""","=""3d2.(3F).4s.4p.(1P*)""","=""y 3G*""","=""5""",,"=""T3297,T3928""","=""L10989""",
"=""478.3306""","=""0.0003""","=""478.33021""","=""0.00011""","=""17""","=""6.2e+04""",C,"=""6598.765""","=""27498.982""","=""3d3.(4F).4s""","=""a 5F""","=""2""","=""3d2.(3F).4s.4p.(1P*)""","=""y 3G*""","=""3""",,"=""T3297,T3928""","=""L10989""",
"=""478.7634""","=""0.0003""","=""478.76352""","=""0.00009""","=""13""","=""""",,"=""6598.765""","=""27480.066""","=""3d3.(4F).4s""","=""a 5F""","=""2""","=""3d2.(1D).4s.4p.(3P*)""","=""x 3D*""","=""3""",,"=""""","=""L10989""",
"=""478.9788""","=""0.0003""","=""478.97864""","=""0.00009""","=""25""","=""4.5e+04""",C,"=""6742.756""","=""27614.679""","=""3d3.(4F).4s""","=""a 5F""","=""4""","=""3d2.(3F).4s.4p.(1P*)""","=""y 3G*""","=""4""",,"=""T3297""","=""L10989""",
"=""479.1480""","=""0.0003""","=""479.14792""","=""0.00014""","=""15""","=""""",,"=""18287.554""","=""39152.103""","=""3d3.(2G).4s""","=""b 1G""","=""4""","=""3d3.(2H).4p""","=""x 3H*""","=""5""",,"=""""","=""L10989""",
"=""479.2251""","=""0.0003""","=""479.22494""","=""0.00009""","=""12""","=""""",,"=""6556.833""","=""27418.029""","=""3d3.(4F).4s""","=""a 5F""","=""1""","=""3d2.(1D).4s.4p.(3P*)""","=""x 3D*""","=""2""",,"=""""","=""L10989""",
"=""479.2483""","=""0.0003""","=""479.24823""","=""0.00014""","=""280""","=""""",,"=""18825.782""","=""39685.964""","=""3d3.(4P).4s""","=""c 3P""","=""1""","=""3d3.(2D2).4p""","=""s 3D*""","=""2""",,"=""""","=""L10989""",
"=""479.6211""","=""0.0003""","=""479.62071""","=""0.00014""","=""120""","=""""",,"=""18818.099""","=""39662.081""","=""3d3.(4P).4s""","=""c 3P""","=""0""","=""3d3.(2D2).4p""","=""s 3D*""","=""1""",,"=""""","=""L10989""",
"=""479.7975""","=""0.0003""","=""479.79757""","=""0.00014""","=""94""","=""""",,"=""18825.782""","=""39662.081""","=""3d3.(4P).4s""","=""c 3P""","=""1""","=""3d3.(2D2).4p""","=""s 3D*""","=""1""",,"=""""","=""L10989""",
"=""479.9795""","=""0.0003""","=""479.97946""","=""0.00014""","=""480""","=""""",,"=""18287.554""","=""39115.957""","=""3d3.(2G).4s""","=""b 1G""","=""4""","=""3d3.(2H).4p""","=""x 3H*""","=""4""",,"=""""","=""L10989""",
"=""480.1908""","=""0.0003""","=""480.19016""","=""0.00009""","=""24""","=""""",,"=""6598.765""","=""27418.029""","=""3d3.(4F).4s""","=""a 5F""","=""2""","=""3d2.(1D).4s.4p.(3P*)""","=""x 3D*""","=""2""",,"=""""","=""L10989""",
"=""480.1954""","=""0.0003""","=""480.19486""","=""0.00009""","=""17""","=""""",,"=""6661.006""","=""27480.066""","=""3d3.(4F).4s""","=""a 5F""","=""3""","=""3d2.(1D).4s.4p.(3P*)""","=""x 3D*""","=""3""",,"=""""","=""L10989""",
"=""480.5415""","=""0.0003""","=""480.54144""","=""0.00014""","=""510""","=""5.8e+07""",D,"=""18911.394""","=""39715.439""","=""3d3.(4P).4s""","=""c 3P""","=""2""","=""3d3.(2D2).4p""","=""s 3D*""","=""3""",,"=""T4401n""","=""L10989""",
"=""480.6758""","=""0.0003""","=""480.67584""","=""0.00012""","=""25""","=""""",,"=""6556.833""","=""27355.061""","=""3d3.(4F).4s""","=""a 5F""","=""1""","=""3d2.(1D).4s.4p.(3P*)""","=""x 3D*""","=""1""",,"=""""","=""L10989""",
"=""480.8526""","=""0.0003""","=""480.85261""","=""0.00007""","=""120""","=""""",,"=""21739.707""","=""42530.2894""","=""3d2.(3F).4s.4p.(3P*)""","=""z 3G*""","=""5""","=""3d2.4s.(4F).4d""","=""3H""","=""6""",,"=""""","=""L10989""",
"=""481.1065""","=""0.0003""","=""481.10679""","=""0.00007""","=""75""","=""""",,"=""21588.495""","=""42368.0934""","=""3d2.(3F).4s.4p.(3P*)""","=""z 3G*""","=""4""","=""3d2.4s.(4F).4d""","=""3H""","=""5""",,"=""""","=""L10989""",
"=""481.2229""","=""0.0003""","=""481.22324""","=""0.00014""","=""95""","=""""",,"=""18911.394""","=""39685.964""","=""3d3.(4P).4s""","=""c 3P""","=""2""","=""3d3.(2D2).4p""","=""s 3D*""","=""2""",,"=""""","=""L10989""",
"=""481.2892""","=""0.0003""","=""481.28934""","=""0.00009""","=""7""","=""1.1e+04""",D,"=""6842.962""","=""27614.679""","=""3d3.(4F).4s""","=""a 5F""","=""5""","=""3d2.(3F).4s.4p.(1P*)""","=""y 3G*""","=""4""",,"=""T3297""","=""L10989""",
"=""481.6469""","=""0.0002""","=""481.64692""","=""0.00012""","=""""","=""""",,"=""6598.765""","=""27355.061""","=""3d3.(4F).4s""","=""a 5F""","=""2""","=""3d2.(1D).4s.4p.(3P*)""","=""x 3D*""","=""1""",,"=""""","=""L9190""",
"=""481.9028""","=""0.0003""","=""481.90267""","=""0.00007""","=""43""","=""""",,"=""21469.488""","=""42214.7689""","=""3d2.(3F).4s.4p.(3P*)""","=""z 3G*""","=""3""","=""3d2.4s.(4F).4d""","=""3H""","=""4""",,"=""""","=""L10989""",
"=""482.0410""","=""0.0003""","=""482.04094""","=""0.00014""","=""980""","=""1.49e+07""",C+,"=""12118.393""","=""32857.723""","=""3d2.4s2""","=""a 1G""","=""4""","=""3d2.(1D).4s.4p.(1P*)""","=""y 1F*""","=""3""",,"=""T4922""","=""L10989""",
"=""482.1272""","=""0.0006""","=""482.12754""","=""0.00009""","=""7q""","=""""",,"=""17423.856""","=""38159.461""","=""3d3.(2D2).4s""","=""a 3D""","=""2""","=""3d2.(3P).4s.4p.(1P*)""","=""u 3D*""","=""3""",,"=""""","=""L10989""",
"=""482.5439""","=""0.0003""","=""482.54394""","=""0.00012""","=""50""","=""""",,"=""18695.134""","=""39412.846""","=""3d2.(3F).4s.4p.(3P*)""","=""z 5D*""","=""4""","=""3d3.(4F).5s""","=""f 5F""","=""5""",,"=""""","=""L10989""",
"=""482.6044""","=""0.0003""","=""482.60390""","=""0.00007""","=""10""","=""""",,"=""21469.488""","=""42184.6261""","=""3d2.(3F).4s.4p.(3P*)""","=""z 3G*""","=""3""","=""3d2.4s.(4F).4d""","=""e 5D""","=""4""",,"=""""","=""L10989""",
"=""482.7572""","=""0.0003""","=""482.75722""","=""0.00012""","=""35""","=""""",,"=""18593.947""","=""39302.506""","=""3d2.(3F).4s.4p.(3P*)""","=""z 5D*""","=""3""","=""3d3.(4F).5s""","=""f 5F""","=""4""",,"=""""","=""L10989""",
"=""483.2068""","=""0.0003""","=""483.20654""","=""0.00009""","=""23""","=""""",,"=""18525.059""","=""39214.362""","=""3d2.(3F).4s.4p.(3P*)""","=""z 5D*""","=""2""","=""3d3.(4F).5s""","=""f 5F""","=""3""",,"=""""","=""L10989""",
"=""483.6122""","=""0.0003""","=""483.61210""","=""0.00014""","=""140""","=""""",,"=""18287.554""","=""38959.507""","=""3d3.(2G).4s""","=""b 1G""","=""4""","=""3d3.(2G).4p""","=""x 1G*""","=""4""",,"=""""","=""L10989""",
"=""483.7396""","=""0.0003""","=""483.73957""","=""0.00014""","=""14""","=""""",,"=""18482.774""","=""39149.280""","=""3d2.(3F).4s.4p.(3P*)""","=""z 5D*""","=""1""","=""3d3.(4F).5s""","=""f 5F""","=""2""",,"=""""","=""L10989""",
"=""483.9253""","=""0.0003""","=""483.92514""","=""0.00014""","=""25""","=""""",,"=""17995.487""","=""38654.068""","=""3d3.(2P).4s""","=""b 3P""","=""0""","=""3d3.(2P).4p""","=""t 3D*""","=""1""",,"=""""","=""L10989""",
"=""484.0873""","=""0.0003""","=""484.08737""","=""0.00012""","=""6600""","=""1.76e+07""",C+,"=""7255.355""","=""27907.013""","=""3d2.4s2""","=""a 1D""","=""2""","=""3d2.(1D).4s.4p.(1P*)""","=""y 1D*""","=""2""",,"=""T4294""","=""L10989""",
"=""484.2599""","=""0.0006""","=""484.25902""","=""0.00021""","=""7q""","=""""",,"=""18462.722""","=""39107.060""","=""3d2.(3F).4s.4p.(3P*)""","=""z 5D*""","=""0""","=""3d3.(4F).5s""","=""f 5F""","=""1""",,"=""""","=""L10989""",
"=""484.3975""","=""0.0003""","=""484.39793""","=""0.00012""","=""38""","=""""",,"=""18061.387""","=""38699.805""","=""3d3.(2P).4s""","=""b 3P""","=""1""","=""3d3.(2P).4p""","=""t 3D*""","=""2""",,"=""""","=""L10989""",
"=""484.4855""","=""0.0003""","=""484.48511""","=""0.00019""","=""5""","=""""",,"=""20209.447""","=""40844.151""","=""3d3.(2D2).4s""","=""b 1D""","=""2""","=""3d3.(4P).4p""","=""r 3D*""","=""3""",,"=""""","=""L10989""",
"=""484.6333""","=""0.0003""","=""484.63349""","=""0.00007""","=""19""","=""""",,"=""21739.707""","=""42368.0934""","=""3d2.(3F).4s.4p.(3P*)""","=""z 3G*""","=""5""","=""3d2.4s.(4F).4d""","=""3H""","=""5""",,"=""""","=""L10989""",
"=""484.6828""","=""0.0003""","=""484.68313""","=""0.00007""","=""12""","=""""",,"=""21588.495""","=""42214.7689""","=""3d2.(3F).4s.4p.(3P*)""","=""z 3G*""","=""4""","=""3d2.4s.(4F).4d""","=""3H""","=""4""",,"=""""","=""L10989""",
"=""484.7303""","=""0.0003""","=""484.72985""","=""0.00014""","=""12*""","=""""",,"=""18482.774""","=""39107.060""","=""3d2.(3F).4s.4p.(3P*)""","=""z 5D*""","=""1""","=""3d3.(4F).5s""","=""f 5F""","=""1""",,"=""""","=""L10989""",
"=""484.7303""","=""0.0003""","=""484.73137""","=""0.00012""","=""12*""","=""""",,"=""18525.059""","=""39149.280""","=""3d2.(3F).4s.4p.(3P*)""","=""z 5D*""","=""2""","=""3d3.(4F).5s""","=""f 5F""","=""2""",,"=""""","=""L10989""",
"=""484.8207""","=""0.0003""","=""484.82085""","=""0.00009""","=""10""","=""""",,"=""18593.947""","=""39214.362""","=""3d2.(3F).4s.4p.(3P*)""","=""z 5D*""","=""3""","=""3d3.(4F).5s""","=""f 5F""","=""3""",,"=""""","=""L10989""",
"=""484.8409""","=""0.0003""","=""484.84100""","=""0.00012""","=""64""","=""""",,"=""18145.286""","=""38764.844""","=""3d3.(2P).4s""","=""b 3P""","=""2""","=""3d3.(2P).4p""","=""t 3D*""","=""3""",,"=""""","=""L10989""",
"=""484.8477""","=""0.0003""","=""484.84770""","=""0.00009""","=""130""","=""""",,"=""17540.188""","=""38159.461""","=""3d3.(2D2).4s""","=""a 3D""","=""3""","=""3d2.(3P).4s.4p.(1P*)""","=""u 3D*""","=""3""",,"=""""","=""L10989""",
"=""485.1274""","=""0.0003""","=""485.12771""","=""0.00012""","=""6""","=""""",,"=""18695.134""","=""39302.506""","=""3d2.(3F).4s.4p.(3P*)""","=""z 5D*""","=""4""","=""3d3.(4F).5s""","=""f 5F""","=""4""",,"=""""","=""L10989""",
"=""485.1359""","=""0.0003""","=""485.13505""","=""0.00012""","=""12""","=""""",,"=""17369.529""","=""37976.589""","=""3d3.(2D2).4s""","=""a 3D""","=""1""","=""3d2.(3P).4s.4p.(1P*)""","=""u 3D*""","=""2""",,"=""""","=""L10989""",
"=""485.4737""","=""0.0003""","=""485.47381""","=""0.00009""","=""27""","=""""",,"=""18061.387""","=""38654.068""","=""3d3.(2P).4s""","=""b 3P""","=""1""","=""3d3.(2P).4p""","=""t 3D*""","=""1""",,"=""""","=""L10989""",
"=""485.6010""","=""0.0003""","=""485.60103""","=""0.00024""","=""2200""","=""5.2e+07""",D,"=""18192.570""","=""38779.856""","=""3d3.(2H).4s""","=""a 3H""","=""6""","=""3d3.(2H).4p""","=""z 3I*""","=""7""",,"=""T4401n""","=""L10989""",
"=""485.7457""","=""0.0003""","=""485.74570""","=""0.00007""","=""24""","=""""",,"=""21588.495""","=""42169.6496""","=""3d2.(3F).4s.4p.(3P*)""","=""z 3G*""","=""4""","=""3d2.4s.(4F).4d""","=""3G""","=""5""",,"=""""","=""L10989""",
"=""486.3753""","=""0.0003""","=""486.37516""","=""0.00012""","=""34""","=""""",,"=""18145.286""","=""38699.805""","=""3d3.(2P).4s""","=""b 3P""","=""2""","=""3d3.(2P).4p""","=""t 3D*""","=""2""",,"=""""","=""L10989""",
"=""486.4175""","=""0.0003""","=""486.41743""","=""0.00009""","=""81""","=""""",,"=""17423.856""","=""37976.589""","=""3d3.(2D2).4s""","=""a 3D""","=""2""","=""3d2.(3P).4s.4p.(1P*)""","=""u 3D*""","=""2""",,"=""""","=""L10989""",
"=""486.8142""","=""0.0005""","=""486.8144""","=""0.0003""","=""""","=""1.56e+07""",C+,"=""26910.709""","=""47446.684""","=""3d3.(4F).4p""","=""y 5G*""","=""6""","=""3d2.4p2""","=""g 5G""","=""6""",,"=""T6897""","=""L18003""",
"=""486.8259""","=""0.0003""","=""486.82596""","=""0.00017""","=""1300""","=""""",,"=""18037.213""","=""38572.699""","=""3d3.(2H).4s""","=""a 3H""","=""4""","=""3d3.(2H).4p""","=""z 3I*""","=""5""",,"=""""","=""L10989""",
"=""487.0127""","=""0.0003""","=""487.01246""","=""0.00021""","=""1900""","=""""",,"=""18141.265""","=""38668.887""","=""3d3.(2H).4s""","=""a 3H""","=""5""","=""3d3.(2H).4p""","=""z 3I*""","=""6""",,"=""""","=""L10989""",
"=""487.4594""","=""0.0006""","=""487.45985""","=""0.00010""","=""7q""","=""""",,"=""18145.286""","=""38654.068""","=""3d3.(2P).4s""","=""b 3P""","=""2""","=""3d3.(2P).4p""","=""t 3D*""","=""1""",,"=""""","=""L10989""",
"=""487.4872""","=""0.0003""","=""487.48747""","=""0.00017""","=""11""","=""1.03e+07""",C+,"=""26772.968""","=""47280.588""","=""3d3.(4F).4p""","=""y 5G*""","=""5""","=""3d2.4p2""","=""g 5G""","=""5""",,"=""T6897""","=""L10989""",
"=""487.5269""","=""0.0006""","=""487.52748""","=""0.00007""","=""11q""","=""""",,"=""21469.488""","=""41975.4249""","=""3d2.(3F).4s.4p.(3P*)""","=""z 3G*""","=""3""","=""3d2.4s.(4F).4d""","=""3G""","=""4""",,"=""""","=""L10989""",
"=""488.0285""","=""0.0003""","=""488.02856""","=""0.00014""","=""37""","=""""",,"=""7255.355""","=""27740.238""","=""3d2.4s2""","=""a 1D""","=""2""","=""3d2.(3P).4s.4p.(3P*)""","=""z 5P*""","=""2""",,"=""""","=""L10989""",
"=""488.0907""","=""0.0003""","=""488.09075""","=""0.00014""","=""61""","=""""",,"=""17369.529""","=""37851.802""","=""3d3.(2D2).4s""","=""a 3D""","=""1""","=""3d2.(3P).4s.4p.(1P*)""","=""u 3D*""","=""1""",,"=""""","=""L10989""",
"=""488.2324""","=""0.0003""","=""488.23272""","=""0.00021""","=""79""","=""""",,"=""18192.570""","=""38668.887""","=""3d3.(2H).4s""","=""a 3H""","=""6""","=""3d3.(2H).4p""","=""z 3I*""","=""6""",,"=""""","=""L10989""",
"=""488.2629""","=""0.0003""","=""488.26265""","=""0.00007""","=""7""","=""""",,"=""21739.707""","=""42214.7689""","=""3d2.(3F).4s.4p.(3P*)""","=""z 3G*""","=""5""","=""3d2.4s.(4F).4d""","=""3H""","=""4""",,"=""""","=""L10989""",
"=""488.4819""","=""0.0003""","=""488.48290""","=""0.00024""","=""9""","=""""",,"=""26564.400""","=""47030.230""","=""3d3.(4F).4p""","=""y 5G*""","=""3""","=""3d2.4p2""","=""g 5G""","=""3""",,"=""""","=""L10989""",
"=""488.5081""","=""0.0003""","=""488.50794""","=""0.00019""","=""3700""","=""4.90e+07""",C+,"=""15220.393""","=""35685.174""","=""3d3.(2G).4s""","=""a 3G""","=""5""","=""3d3.(2G).4p""","=""y 3H*""","=""6""",,"=""T4922""","=""L10989""",
"=""488.5973""","=""0.0003""","=""488.59674""","=""0.00014""","=""14""","=""""",,"=""20209.447""","=""40670.509""","=""3d3.(2D2).4s""","=""b 1D""","=""2""","=""3d3.(4P).4p""","=""r 3D*""","=""2""",,"=""""","=""L10989""",
"=""488.8713""","=""0.0003""","=""488.87105""","=""0.00017""","=""6""","=""1.34e+07""",C+,"=""26494.330""","=""46943.911""","=""3d3.(4F).4p""","=""y 5G*""","=""2""","=""3d2.4p2""","=""g 5G""","=""2""",,"=""T6897""","=""L10989""",
"=""488.9825""","=""0.0003""","=""488.98253""","=""0.00007""","=""7""","=""""",,"=""21739.707""","=""42184.6261""","=""3d2.(3F).4s.4p.(3P*)""","=""z 3G*""","=""5""","=""3d2.4s.(4F).4d""","=""e 5D""","=""4""",,"=""""","=""L10989""",
"=""489.0995""","=""0.0003""","=""489.09935""","=""0.00019""","=""19""","=""""",,"=""18825.782""","=""39265.818""","=""3d3.(4P).4s""","=""c 3P""","=""1""","=""3d.4s2.4p""","=""w 1D*""","=""2""",,"=""""","=""L10989""",
"=""489.1855""","=""0.0003""","=""489.18634""","=""0.00010""","=""18""","=""""",,"=""17540.188""","=""37976.589""","=""3d3.(2D2).4s""","=""a 3D""","=""3""","=""3d2.(3P).4s.4p.(1P*)""","=""u 3D*""","=""2""",,"=""""","=""L10989""",
"=""489.3052""","=""0.0003""","=""489.30527""","=""0.00017""","=""76""","=""""",,"=""18141.265""","=""38572.699""","=""3d3.(2H).4s""","=""a 3H""","=""5""","=""3d3.(2H).4p""","=""z 3I*""","=""5""",,"=""""","=""L10989""",
"=""489.3409""","=""0.0003""","=""489.34099""","=""0.00007""","=""43""","=""""",,"=""21739.707""","=""42169.6496""","=""3d2.(3F).4s.4p.(3P*)""","=""z 3G*""","=""5""","=""3d2.4s.(4F).4d""","=""3G""","=""5""",,"=""""","=""L10989""",
"=""489.3891""","=""0.0003""","=""489.38882""","=""0.00012""","=""12""","=""""",,"=""17423.856""","=""37851.802""","=""3d3.(2D2).4s""","=""a 3D""","=""2""","=""3d2.(3P).4s.4p.(1P*)""","=""u 3D*""","=""1""",,"=""""","=""L10989""",
"=""489.9909""","=""0.0003""","=""489.99088""","=""0.00012""","=""3200""","=""""",,"=""15156.802""","=""35559.648""","=""3d3.(2G).4s""","=""a 3G""","=""4""","=""3d3.(2G).4p""","=""y 3H*""","=""5""",,"=""""","=""L10989""",
"=""490.0026""","=""0.0006""","=""490.00216""","=""0.00007""","=""24q""","=""""",,"=""21469.488""","=""41871.8642""","=""3d2.(3F).4s.4p.(3P*)""","=""z 3G*""","=""3""","=""3d2.4s.(4F).4d""","=""g 3F""","=""2""",,"=""""","=""L10989""",
"=""490.0584""","=""0.0003""","=""490.05850""","=""0.00007""","=""20""","=""""",,"=""21588.495""","=""41988.5259""","=""3d2.(3F).4s.4p.(3P*)""","=""z 3G*""","=""4""","=""3d2.4s.(4F).4d""","=""g 3F""","=""3""",,"=""""","=""L10989""",
"=""490.0997""","=""0.0003""","=""490.10025""","=""0.00007""","=""16""","=""""",,"=""21469.488""","=""41867.7812""","=""3d2.(3F).4s.4p.(3P*)""","=""z 3G*""","=""3""","=""3d2.4s.(4F).4d""","=""3G""","=""3""",,"=""""","=""L10989""",
"=""490.3737""","=""0.0003""","=""490.37342""","=""0.00007""","=""28""","=""""",,"=""21588.495""","=""41975.4249""","=""3d2.(3F).4s.4p.(3P*)""","=""z 3G*""","=""4""","=""3d2.4s.(4F).4d""","=""3G""","=""4""",,"=""""","=""L10989""",
"=""490.8449""","=""0.0003""","=""490.84490""","=""0.00007""","=""22""","=""""",,"=""21739.707""","=""42107.0545""","=""3d2.(3F).4s.4p.(3P*)""","=""z 3G*""","=""5""","=""3d2.4s.(4F).4d""","=""g 3F""","=""4""",,"=""""","=""L10989""",
"=""490.9098""","=""0.0003""","=""490.90985""","=""0.00010""","=""76""","=""""",,"=""6661.006""","=""27025.659""","=""3d3.(4F).4s""","=""a 5F""","=""3""","=""3d2.(1D).4s.4p.(3P*)""","=""x 3F*""","=""4""",,"=""""","=""L10989""",
"=""491.3615""","=""0.0003""","=""491.36134""","=""0.00014""","=""2500""","=""4.44e+07""",C+,"=""15108.111""","=""35454.052""","=""3d3.(2G).4s""","=""a 3G""","=""3""","=""3d3.(2G).4p""","=""y 3H*""","=""4""",,"=""T4922""","=""L10989""",
"=""491.5230""","=""0.0003""","=""491.52287""","=""0.00015""","=""200""","=""2.40e+06""",C+,"=""15220.393""","=""35559.648""","=""3d3.(2G).4s""","=""a 3G""","=""5""","=""3d3.(2G).4p""","=""y 3H*""","=""5""",,"=""T4922""","=""L10989""",
"=""491.7781""","=""0.0005""","=""491.77814""","=""0.00007""","=""""","=""1.47e+06""",D+,"=""21588.495""","=""41917.1924""","=""3d2.(3F).4s.4p.(3P*)""","=""z 3G*""","=""4""","=""3d2.4s.(4F).4d""","=""e 5H""","=""4""",,"=""T6897""","=""L18003""",
"=""491.9861""","=""0.0003""","=""491.98607""","=""0.00010""","=""630""","=""""",,"=""17423.856""","=""37743.962""","=""3d3.(2D2).4s""","=""a 3D""","=""2""","=""3d3.(2D2).4p""","=""u 3F*""","=""3""",,"=""""","=""L10989""",
"=""492.1765""","=""0.0003""","=""492.17638""","=""0.00010""","=""860""","=""""",,"=""17540.188""","=""37852.437""","=""3d3.(2D2).4s""","=""a 3D""","=""3""","=""3d3.(2D2).4p""","=""u 3F*""","=""4""",,"=""""","=""L10989""",
"=""492.5400""","=""0.0003""","=""492.54008""","=""0.00015""","=""200""","=""""",,"=""15156.802""","=""35454.052""","=""3d3.(2G).4s""","=""a 3G""","=""4""","=""3d3.(2G).4p""","=""y 3H*""","=""4""",,"=""""","=""L10989""",
"=""492.6151""","=""0.0003""","=""492.61481""","=""0.00010""","=""120""","=""2.65e+05""",C+,"=""6598.765""","=""26892.936""","=""3d3.(4F).4s""","=""a 5F""","=""2""","=""3d2.(1D).4s.4p.(3P*)""","=""x 3F*""","=""3""",,"=""T4498""","=""L10989""",
"=""492.8337""","=""0.0003""","=""492.83362""","=""0.00017""","=""890*""","=""6.2e+07""",D,"=""17369.529""","=""37654.690""","=""3d3.(2D2).4s""","=""a 3D""","=""1""","=""3d3.(2D2).4p""","=""u 3F*""","=""2""",,"=""T4401n""","=""L10989""",
"=""492.8337""","=""0.0003""","=""492.83401""","=""0.00017""","=""890*""","=""""",,"=""18287.554""","=""38572.699""","=""3d3.(2G).4s""","=""b 1G""","=""4""","=""3d3.(2H).4p""","=""z 3I*""","=""5""",,"=""""","=""L10989""",
"=""492.8878""","=""0.0004""","=""492.88848""","=""0.00010""","=""""","=""""",,"=""6742.756""","=""27025.659""","=""3d3.(4F).4s""","=""a 5F""","=""4""","=""3d2.(1D).4s.4p.(3P*)""","=""x 3F*""","=""4""",,"=""""","=""L9190""",
"=""493.7727""","=""0.0003""","=""493.77258""","=""0.00010""","=""140""","=""""",,"=""6556.833""","=""26803.420""","=""3d3.(4F).4s""","=""a 5F""","=""1""","=""3d2.(1D).4s.4p.(3P*)""","=""x 3F*""","=""2""",,"=""""","=""L10989""",
"=""493.8036""","=""0.0003""","=""493.80424""","=""0.00010""","=""7""","=""1.78e+05""",C+,"=""16106.076""","=""36351.365""","=""3d2.(3F).4s.4p.(3P*)""","=""z 5G*""","=""4""","=""3d2.4s.(4F).5s""","=""e 5F""","=""5""",,"=""T6897""","=""L10989""",
"=""493.8291""","=""0.0003""","=""493.82917""","=""0.00020""","=""500""","=""""",,"=""20795.603""","=""41039.870""","=""3d3.(2H).4s""","=""a 1H""","=""5""","=""3d3.(2H).4p""","=""y 1H*""","=""5""",,"=""""","=""L10989""",
"=""494.0969""","=""0.0003""","=""494.09689""","=""0.00010""","=""14""","=""3.98e+05""",B+,"=""15975.631""","=""36208.929""","=""3d2.(3F).4s.4p.(3P*)""","=""z 5G*""","=""3""","=""3d2.4s.(4F).5s""","=""e 5F""","=""4""",,"=""T6897""","=""L10989""",
"=""494.1306""","=""0.0003""","=""494.13030""","=""0.00010""","=""28""","=""""",,"=""6661.006""","=""26892.936""","=""3d3.(4F).4s""","=""a 5F""","=""3""","=""3d2.(1D).4s.4p.(3P*)""","=""x 3F*""","=""3""",,"=""""","=""L10989""",
"=""494.1569""","=""0.0003""","=""494.15707""","=""0.00015""","=""96""","=""5.3e+06""",D,"=""17423.856""","=""37654.690""","=""3d3.(2D2).4s""","=""a 3D""","=""2""","=""3d3.(2D2).4p""","=""u 3F*""","=""2""",,"=""T4401n""","=""L10989""",
"=""494.3066""","=""0.0003""","=""494.30668""","=""0.00010""","=""24""","=""""",,"=""7255.355""","=""27480.066""","=""3d2.4s2""","=""a 1D""","=""2""","=""3d2.(1D).4s.4p.(3P*)""","=""x 3D*""","=""3""",,"=""""","=""L10989""",
"=""494.4351""","=""0.0003""","=""494.43503""","=""0.00010""","=""14*""","=""5.30e+05""",B,"=""15877.081""","=""36096.542""","=""3d2.(3F).4s.4p.(3P*)""","=""z 5G*""","=""2""","=""3d2.4s.(4F).5s""","=""e 5F""","=""3""",,"=""T6897""","=""L10989""",
"=""494.4351""","=""0.0003""","=""494.43552""","=""0.00010""","=""14*""","=""""",,"=""19421.580""","=""39641.021""","=""3d2.(3F).4s.4p.(3P*)""","=""z 3F*""","=""3""","=""3d3.(4F).5s""","=""f 3F""","=""3""",,"=""""","=""L10989""",
"=""494.6186""","=""0.0003""","=""494.61879""","=""0.00010""","=""6""","=""""",,"=""19573.974""","=""39785.923""","=""3d2.(3F).4s.4p.(3P*)""","=""z 3F*""","=""4""","=""3d3.(4F).5s""","=""f 3F""","=""4""",,"=""""","=""L10989""",
"=""494.7970""","=""0.0003""","=""494.79735""","=""0.00010""","=""35""","=""""",,"=""6598.765""","=""26803.420""","=""3d3.(4F).4s""","=""a 5F""","=""2""","=""3d2.(1D).4s.4p.(3P*)""","=""x 3F*""","=""2""",,"=""""","=""L10989""",
"=""494.8188""","=""0.0003""","=""494.81893""","=""0.00010""","=""88""","=""""",,"=""17540.188""","=""37743.962""","=""3d3.(2D2).4s""","=""a 3D""","=""3""","=""3d3.(2D2).4p""","=""u 3F*""","=""3""",,"=""""","=""L10989""",
"=""495.8277""","=""0.0003""","=""495.82759""","=""0.00010""","=""83""","=""""",,"=""7255.355""","=""27418.029""","=""3d2.4s2""","=""a 1D""","=""2""","=""3d2.(1D).4s.4p.(3P*)""","=""x 3D*""","=""2""",,"=""""","=""L10989""",
"=""496.4716""","=""0.0003""","=""496.47170""","=""0.00010""","=""150""","=""8.17e+06""",B+,"=""15877.081""","=""36013.597""","=""3d2.(3F).4s.4p.(3P*)""","=""z 5G*""","=""2""","=""3d2.4s.(4F).5s""","=""e 5F""","=""2""",,"=""T6897""","=""L10989""",
"=""496.6028""","=""0.0003""","=""496.60275""","=""0.00010""","=""29""","=""""",,"=""17423.856""","=""37555.058""","=""3d3.(2D2).4s""","=""a 3D""","=""2""","=""3d3.(2G).4p""","=""v 3G*""","=""3""",,"=""""","=""L10989""",
"=""496.7299""","=""0.0003""","=""496.72958""","=""0.00007""","=""25""","=""""",,"=""0.000""","=""20126.062""","=""3d2.4s2""","=""a 3F""","=""2""","=""3d2.(3F).4s.4p.(3P*)""","=""z 3D*""","=""3""",,"=""""","=""L10989""",
"=""496.8568""","=""0.0003""","=""496.85675""","=""0.00010""","=""220""","=""8.92e+06""",B+,"=""15975.631""","=""36096.542""","=""3d2.(3F).4s.4p.(3P*)""","=""z 5G*""","=""3""","=""3d2.4s.(4F).5s""","=""e 5F""","=""3""",,"=""T6897""","=""L10989""",
"=""497.0156""","=""0.0003""","=""497.01506""","=""0.00015""","=""4""","=""""",,"=""17540.188""","=""37654.690""","=""3d3.(2D2).4s""","=""a 3D""","=""3""","=""3d3.(2D2).4p""","=""u 3F*""","=""2""",,"=""""","=""L10989""",
"=""497.3029""","=""0.0003""","=""497.30307""","=""0.00010""","=""230""","=""7.32e+06""",B+,"=""16106.076""","=""36208.929""","=""3d2.(3F).4s.4p.(3P*)""","=""z 5G*""","=""4""","=""3d2.4s.(4F).5s""","=""e 5F""","=""4""",,"=""T6897""","=""L10989""",
"=""497.5342""","=""0.0003""","=""497.53431""","=""0.00017""","=""620""","=""""",,"=""20209.447""","=""40302.957""","=""3d3.(2D2).4s""","=""b 1D""","=""2""","=""3d3.(2D2).4p""","=""w 1F*""","=""3""",,"=""""","=""L10989""",
"=""497.7728""","=""0.0003""","=""497.77275""","=""0.00010""","=""150""","=""4.41e+06""",B+,"=""16267.480""","=""36351.365""","=""3d2.(3F).4s.4p.(3P*)""","=""z 5G*""","=""5""","=""3d2.4s.(4F).5s""","=""e 5F""","=""5""",,"=""T6897""","=""L10989""",
"=""497.8187""","=""0.0003""","=""497.81878""","=""0.00010""","=""510""","=""""",,"=""15877.081""","=""35959.109""","=""3d2.(3F).4s.4p.(3P*)""","=""z 5G*""","=""2""","=""3d2.4s.(4F).5s""","=""e 5F""","=""1""",,"=""""","=""L10989""",
"=""497.9257""","=""0.0003""","=""497.92594""","=""0.00010""","=""19""","=""""",,"=""17540.188""","=""37617.894""","=""3d3.(2D2).4s""","=""a 3D""","=""3""","=""3d3.(2G).4p""","=""v 3G*""","=""4""",,"=""""","=""L10989""",
"=""498.1731""","=""0.0003""","=""498.17305""","=""0.00015""","=""14000""","=""6.60e+07""",C+,"=""6842.962""","=""26910.709""","=""3d3.(4F).4s""","=""a 5F""","=""5""","=""3d3.(4F).4p""","=""y 5G*""","=""6""",,"=""T4294""","=""L10989""",
"=""498.9134""","=""0.0003""","=""498.91346""","=""0.00010""","=""660""","=""3.70e+07""",B+,"=""15975.631""","=""36013.597""","=""3d2.(3F).4s.4p.(3P*)""","=""z 5G*""","=""3""","=""3d2.4s.(4F).5s""","=""e 5F""","=""2""",,"=""T6897""","=""L10989""",
"=""499.1067""","=""0.0003""","=""499.10660""","=""0.00010""","=""13000""","=""5.84e+07""",C+,"=""6742.756""","=""26772.968""","=""3d3.(4F).4s""","=""a 5F""","=""4""","=""3d3.(4F).4p""","=""y 5G*""","=""5""",,"=""T4294""","=""L10989""",
"=""499.5066""","=""0.0003""","=""499.50653""","=""0.00010""","=""43""","=""""",,"=""18145.286""","=""38159.461""","=""3d3.(2P).4s""","=""b 3P""","=""2""","=""3d2.(3P).4s.4p.(1P*)""","=""u 3D*""","=""3""",,"=""""","=""L10989""",
"=""499.7093""","=""0.0003""","=""499.70967""","=""0.00010""","=""1700""","=""4.69e+05""",A,"=""0.000""","=""20006.039""","=""3d2.4s2""","=""a 3F""","=""2""","=""3d2.(3F).4s.4p.(3P*)""","=""z 3D*""","=""2""",,"=""T7574""","=""L10989""",
"=""499.7726""","=""0.0006""","=""499.77185""","=""0.00020""","=""12q""","=""""",,"=""25037.405""","=""45040.955""","=""3d3.(2F).4s""","=""3F""","=""4""","=""3d3.(4F).5p""","=""3F*""","=""4""",,"=""""","=""L10989""",
"=""499.9502""","=""0.0003""","=""499.95030""","=""0.00010""","=""12000""","=""5.27e+07""",C+,"=""6661.006""","=""26657.416""","=""3d3.(4F).4s""","=""a 5F""","=""3""","=""3d3.(4F).4p""","=""y 5G*""","=""4""",,"=""T4294""","=""L10989""",
"=""500.0988""","=""0.0003""","=""500.09896""","=""0.00010""","=""910""","=""3.65e+07""",B+,"=""16106.076""","=""36096.542""","=""3d2.(3F).4s.4p.(3P*)""","=""z 5G*""","=""4""","=""3d2.4s.(4F).5s""","=""e 5F""","=""3""",,"=""T6897""","=""L10989""",
"=""500.2155""","=""0.0003""","=""500.21534""","=""0.00018""","=""6""","=""""",,"=""25107.411""","=""45093.226""","=""3d2.(3F).4s.4p.(1P*)""","=""y 3F*""","=""2""","=""3d2.4s.(2D).5s""","=""3D""","=""1""",,"=""""","=""L10989""",
"=""500.7206""","=""0.0003""","=""500.72093""","=""0.00013""","=""10000""","=""4.92e+07""",C+,"=""6598.765""","=""26564.400""","=""3d3.(4F).4s""","=""a 5F""","=""2""","=""3d3.(4F).4p""","=""y 5G*""","=""3""",,"=""T4294""","=""L10989""",
"=""500.9645""","=""0.0003""","=""500.96447""","=""0.00010""","=""1200*""","=""2.41e+05""",A,"=""170.1328""","=""20126.062""","=""3d2.4s2""","=""a 3F""","=""3""","=""3d2.(3F).4s.4p.(3P*)""","=""z 3D*""","=""3""",,"=""T7574""","=""L10989""",
"=""500.9645""","=""0.0003""","=""500.96568""","=""0.00015""","=""1200*""","=""""",,"=""17369.529""","=""37325.410""","=""3d3.(2D2).4s""","=""a 3D""","=""1""","=""3d3.(2D2).4p""","=""w 3P*""","=""2""",,"=""""","=""L10989""",
"=""501.3282""","=""0.0003""","=""501.32824""","=""0.00010""","=""1200""","=""3.86e+07""",B+,"=""16267.480""","=""36208.929""","=""3d2.(3F).4s.4p.(3P*)""","=""z 5G*""","=""5""","=""3d2.4s.(4F).5s""","=""e 5F""","=""4""",,"=""T6897""","=""L10989""",
"=""501.4186""","=""0.0003""","=""501.41861""","=""0.00013""","=""11000""","=""5.08e+06""",B,"=""0.000""","=""19937.855""","=""3d2.4s2""","=""a 3F""","=""2""","=""3d2.(3F).4s.4p.(3P*)""","=""z 3D*""","=""1""",,"=""T8000""","=""L10989""",
"=""501.4275""","=""0.0003""","=""501.42762""","=""0.00013""","=""8700""","=""6.8e+07""",C,"=""6556.833""","=""26494.330""","=""3d3.(4F).4s""","=""a 5F""","=""1""","=""3d3.(4F).4p""","=""y 5G*""","=""2""",,"=""T3297""","=""L10989""",
"=""501.6161""","=""0.0003""","=""501.61609""","=""0.00013""","=""3800""","=""6.43e+06""",C+,"=""6842.962""","=""26772.968""","=""3d3.(4F).4s""","=""a 5F""","=""5""","=""3d3.(4F).4p""","=""y 5G*""","=""5""",,"=""T4294""","=""L10989""",
"=""501.9889""","=""0.0003""","=""501.98897""","=""0.00010""","=""24""","=""""",,"=""18061.387""","=""37976.589""","=""3d3.(2P).4s""","=""b 3P""","=""1""","=""3d2.(3P).4s.4p.(1P*)""","=""u 3D*""","=""2""",,"=""""","=""L10989""",
"=""502.0025""","=""0.0003""","=""502.00263""","=""0.00010""","=""5100""","=""1.13e+07""",C+,"=""6742.756""","=""26657.416""","=""3d3.(4F).4s""","=""a 5F""","=""4""","=""3d3.(4F).4p""","=""y 5G*""","=""4""",,"=""T4294""","=""L10989""",
"=""502.2866""","=""0.0003""","=""502.28679""","=""0.00010""","=""4800""","=""1.39e+07""",C+,"=""6661.006""","=""26564.400""","=""3d3.(4F).4s""","=""a 5F""","=""3""","=""3d3.(4F).4p""","=""y 5G*""","=""3""",,"=""T4294""","=""L10989""",
"=""502.3334""","=""0.0003""","=""502.33323""","=""0.00013""","=""26""","=""""",,"=""17423.856""","=""37325.410""","=""3d3.(2D2).4s""","=""a 3D""","=""2""","=""3d3.(2D2).4p""","=""w 3P*""","=""2""",,"=""""","=""L10989""",
"=""502.4844""","=""0.0003""","=""502.48444""","=""0.00013""","=""3500""","=""1.32e+07""",C+,"=""6598.765""","=""26494.330""","=""3d3.(4F).4s""","=""a 5F""","=""2""","=""3d3.(4F).4p""","=""y 5G*""","=""2""",,"=""T4294""","=""L10989""",
"=""502.5570""","=""0.0003""","=""502.55696""","=""0.00013""","=""1400""","=""4.26e+07""",B+,"=""16458.671""","=""36351.365""","=""3d2.(3F).4s.4p.(3P*)""","=""z 5G*""","=""6""","=""3d2.4s.(4F).5s""","=""e 5F""","=""5""",,"=""T6897""","=""L10989""",
"=""503.1282""","=""0.0003""","=""503.12840""","=""0.00020""","=""13""","=""""",,"=""25227.222""","=""45097.323""","=""3d2.(3F).4s.4p.(1P*)""","=""y 3F*""","=""3""","=""3d2.4s.(2D).5s""","=""3D""","=""2""",,"=""""","=""L10989""",
"=""503.4767""","=""0.0003""","=""503.47772""","=""0.00015""","=""6""","=""""",,"=""17995.487""","=""37851.802""","=""3d3.(2P).4s""","=""b 3P""","=""0""","=""3d2.(3P).4s.4p.(1P*)""","=""u 3D*""","=""1""",,"=""""","=""L10989""",
"=""503.5336""","=""0.0006""","=""503.53295""","=""0.00020""","=""8q""","=""""",,"=""25068.842""","=""44922.979""","=""3d3.(2F).4s""","=""3F""","=""3""","=""3d3.(4F).5p""","=""3F*""","=""3""",,"=""""","=""L10989""",
"=""503.5903""","=""0.0003""","=""503.59030""","=""0.00010""","=""4900""","=""""",,"=""11776.812""","=""31628.688""","=""3d3.(4F).4s""","=""b 3F""","=""4""","=""3d3.(4F).4p""","=""w 3G*""","=""5""",,"=""""","=""L10989""",
"=""503.6464""","=""0.0003""","=""503.64639""","=""0.00010""","=""4000""","=""3.94e+07""",C+,"=""11639.8109""","=""31489.476""","=""3d3.(4F).4s""","=""b 3F""","=""3""","=""3d3.(4F).4p""","=""w 3G*""","=""4""",,"=""T4922""","=""L10989""",
"=""503.8397""","=""0.0003""","=""503.83979""","=""0.00010""","=""3300""","=""3.87e+07""",C+,"=""11531.761""","=""31373.807""","=""3d3.(4F).4s""","=""b 3F""","=""2""","=""3d3.(4F).4p""","=""w 3G*""","=""3""",,"=""T4922""","=""L10989""",
"=""503.9955""","=""0.0003""","=""503.99574""","=""0.00010""","=""14000""","=""4.49e+06""",A,"=""170.1328""","=""20006.039""","=""3d2.4s2""","=""a 3F""","=""3""","=""3d2.(3F).4s.4p.(3P*)""","=""z 3D*""","=""2""",,"=""T7574""","=""L10989""",
"=""504.0611""","=""0.0003""","=""504.06136""","=""0.00010""","=""250""","=""8.57e+05""",C+,"=""6661.006""","=""26494.330""","=""3d3.(4F).4s""","=""a 5F""","=""3""","=""3d3.(4F).4p""","=""y 5G*""","=""2""",,"=""T4498""","=""L10989""",
"=""504.3582""","=""0.0003""","=""504.35838""","=""0.00010""","=""320""","=""6.93e+05""",C+,"=""6742.756""","=""26564.400""","=""3d3.(4F).4s""","=""a 5F""","=""4""","=""3d3.(4F).4p""","=""y 5G*""","=""3""",,"=""T4498""","=""L10989""",
"=""504.4251""","=""0.0003""","=""504.42529""","=""0.00013""","=""12""","=""""",,"=""17540.188""","=""37359.203""","=""3d3.(2D2).4s""","=""a 3D""","=""3""","=""3d3.(4P).4p""","=""y 5S*""","=""2""",,"=""""","=""L10989""",
"=""504.5415""","=""0.0003""","=""504.54140""","=""0.00013""","=""170""","=""2.92e+05""",C+,"=""6842.962""","=""26657.416""","=""3d3.(4F).4s""","=""a 5F""","=""5""","=""3d3.(4F).4p""","=""y 5G*""","=""4""",,"=""T4498""","=""L10989""",
"=""504.8209""","=""0.0003""","=""504.82150""","=""0.00015""","=""57""","=""""",,"=""17369.529""","=""37172.989""","=""3d3.(2D2).4s""","=""a 3D""","=""1""","=""3d3.(2D2).4p""","=""w 3P*""","=""1""",,"=""""","=""L10989""",
"=""505.2869""","=""0.0003""","=""505.28685""","=""0.00013""","=""410""","=""""",,"=""17540.188""","=""37325.410""","=""3d3.(2D2).4s""","=""a 3D""","=""3""","=""3d3.(2D2).4p""","=""w 3P*""","=""2""",,"=""""","=""L10989""",
"=""505.4075""","=""0.0003""","=""505.40745""","=""0.00010""","=""79""","=""""",,"=""21588.495""","=""41368.996""","=""3d2.(3F).4s.4p.(3P*)""","=""z 3G*""","=""4""","=""3d2.4s.(2F).5s""","=""3F""","=""3""",,"=""""","=""L10989""",
"=""506.2101""","=""0.0003""","=""506.21021""","=""0.00013""","=""310""","=""2.98e+07""",C+,"=""17423.856""","=""37172.989""","=""3d3.(2D2).4s""","=""a 3D""","=""2""","=""3d3.(2D2).4p""","=""w 3P*""","=""1""",,"=""T4922""","=""L10989""",
"=""506.4056""","=""0.0003""","=""506.40594""","=""0.00013""","=""110""","=""1.3e+07""",D,"=""21739.707""","=""41481.207""","=""3d2.(3F).4s.4p.(3P*)""","=""z 3G*""","=""5""","=""3d2.4s.(2F).5s""","=""3F""","=""4""",,"=""T4401n""","=""L10989""",
"=""506.4652""","=""0.0003""","=""506.46526""","=""0.00010""","=""17000""","=""4.37e+06""",A,"=""386.874""","=""20126.062""","=""3d2.4s2""","=""a 3F""","=""4""","=""3d2.(3F).4s.4p.(3P*)""","=""z 3D*""","=""3""",,"=""T7574""","=""L10989""",
"=""506.5988""","=""0.0003""","=""506.59851""","=""0.00010""","=""300""","=""""",,"=""11639.8109""","=""31373.807""","=""3d3.(4F).4s""","=""b 3F""","=""3""","=""3d3.(4F).4p""","=""w 3G*""","=""3""",,"=""""","=""L10989""",
"=""506.8324""","=""0.0003""","=""506.83238""","=""0.00015""","=""76""","=""""",,"=""21469.488""","=""41194.378""","=""3d2.(3F).4s.4p.(3P*)""","=""z 3G*""","=""3""","=""3d2.4s.(2F).5s""","=""3F""","=""2""",,"=""""","=""L10989""",
"=""506.9354""","=""0.0003""","=""506.93534""","=""0.00021""","=""130""","=""""",,"=""17369.529""","=""37090.413""","=""3d3.(2D2).4s""","=""a 3D""","=""1""","=""3d3.(2D2).4p""","=""w 3P*""","=""0""",,"=""""","=""L10989""",
"=""507.1115""","=""0.0003""","=""507.11107""","=""0.00023""","=""16""","=""""",,"=""25388.331""","=""45102.381""","=""3d2.(3F).4s.4p.(1P*)""","=""y 3F*""","=""4""","=""3d2.4s.(2D).5s""","=""3D""","=""3""",,"=""""","=""L10989""",
"=""507.1467""","=""0.0003""","=""507.14673""","=""0.00010""","=""330""","=""2.49e+06""",C+,"=""11776.812""","=""31489.476""","=""3d3.(4F).4s""","=""b 3F""","=""4""","=""3d3.(4F).4p""","=""w 3G*""","=""4""",,"=""T4922""","=""L10989""",
"=""508.1380""","=""0.0003""","=""508.13705""","=""0.00010""","=""5""","=""""",,"=""11531.761""","=""31206.007""","=""3d3.(4F).4s""","=""b 3F""","=""2""","=""3d2.(3P).4s.4p.(3P*)""","=""v 3D*""","=""3""",,"=""""","=""L10989""",
"=""508.5333""","=""0.0003""","=""508.53351""","=""0.00010""","=""200""","=""""",,"=""11531.761""","=""31190.669""","=""3d3.(4F).4s""","=""b 3F""","=""2""","=""3d2.(3P).4s.4p.(3P*)""","=""v 3D*""","=""2""",,"=""""","=""L10989""",
"=""508.7060""","=""0.0003""","=""508.70582""","=""0.00010""","=""930""","=""1.4e+07""",D,"=""11531.761""","=""31184.010""","=""3d3.(4F).4s""","=""b 3F""","=""2""","=""3d2.(3P).4s.4p.(3P*)""","=""v 3D*""","=""1""",,"=""T4401n""","=""L10989""",
"=""509.0851""","=""0.0006""","=""509.08580""","=""0.00010""","=""2q""","=""""",,"=""7255.355""","=""26892.936""","=""3d2.4s2""","=""a 1D""","=""2""","=""3d2.(1D).4s.4p.(3P*)""","=""x 3F*""","=""3""",,"=""""","=""L10989""",
"=""509.5962""","=""0.0003""","=""509.59611""","=""0.00013""","=""6""","=""""",,"=""21469.488""","=""41087.404""","=""3d2.(3F).4s.4p.(3P*)""","=""z 3G*""","=""3""","=""3d2.4s.(2F).5s""","=""e 1F""","=""3""",,"=""""","=""L10989""",
"=""509.8372""","=""0.0003""","=""509.83697""","=""0.00023""","=""18""","=""""",,"=""25493.733""","=""45102.381""","=""3d2.(1D).4s.4p.(3P*)""","=""3P*""","=""2""","=""3d2.4s.(2D).5s""","=""3D""","=""3""",,"=""""","=""L10989""",
"=""509.9689""","=""0.0003""","=""509.96852""","=""0.00021""","=""4""","=""""",,"=""25493.733""","=""45097.323""","=""3d2.(1D).4s.4p.(3P*)""","=""3P*""","=""2""","=""3d2.4s.(2D).5s""","=""3D""","=""2""",,"=""""","=""L10989""",
"=""510.1403""","=""0.0003""","=""510.14014""","=""0.00010""","=""7""","=""""",,"=""11776.812""","=""31373.807""","=""3d3.(4F).4s""","=""b 3F""","=""4""","=""3d3.(4F).4p""","=""w 3G*""","=""3""",,"=""""","=""L10989""",
"=""510.3125""","=""0.0003""","=""510.3125""","=""0.0003""","=""43""","=""""",,"=""22081.189""","=""41671.567""","=""3d2.(3F).4s.4p.(3P*)""","=""z 1D*""","=""2""","=""3d3.(2D1).4s""","=""1D""","=""2""",,"=""""","=""L10989""",
"=""510.5648""","=""0.0003""","=""510.56518""","=""0.00013""","=""2""","=""""",,"=""18037.213""","=""37617.894""","=""3d3.(2H).4s""","=""a 3H""","=""4""","=""3d3.(2G).4p""","=""v 3G*""","=""4""",,"=""""","=""L10989""",
"=""510.9431""","=""0.0003""","=""510.94316""","=""0.00010""","=""220""","=""""",,"=""11639.8109""","=""31206.007""","=""3d3.(4F).4s""","=""b 3F""","=""3""","=""3d2.(3P).4s.4p.(3P*)""","=""v 3D*""","=""3""",,"=""""","=""L10989""",
"=""511.1044""","=""0.0003""","=""511.10405""","=""0.00021""","=""19""","=""""",,"=""25537.286""","=""45097.323""","=""3d2.(1D).4s.4p.(3P*)""","=""3P*""","=""1""","=""3d2.4s.(2D).5s""","=""3D""","=""2""",,"=""""","=""L10989""",
"=""511.2112""","=""0.0003""","=""511.21112""","=""0.00018""","=""5""","=""""",,"=""25537.286""","=""45093.226""","=""3d2.(1D).4s.4p.(3P*)""","=""3P*""","=""1""","=""3d2.4s.(2D).5s""","=""3D""","=""1""",,"=""""","=""L10989""",
"=""511.3440""","=""0.0003""","=""511.34401""","=""0.00010""","=""1400""","=""8.41e+06""",C+,"=""11639.8109""","=""31190.669""","=""3d3.(4F).4s""","=""b 3F""","=""3""","=""3d2.(3P).4s.4p.(3P*)""","=""v 3D*""","=""2""",,"=""T4922""","=""L10989""",
"=""511.3909""","=""0.0003""","=""511.39099""","=""0.00016""","=""3""","=""""",,"=""18141.265""","=""37690.327""","=""3d3.(2H).4s""","=""a 3H""","=""5""","=""3d3.(2G).4p""","=""v 3G*""","=""5""",,"=""""","=""L10989""",
"=""512.0415""","=""0.0003""","=""512.0415""","=""0.0003""","=""1500""","=""""",,"=""20795.603""","=""40319.829""","=""3d3.(2H).4s""","=""a 1H""","=""5""","=""3d3.(2H).4p""","=""z 1I*""","=""6""",,"=""""","=""L10989""",
"=""512.1959""","=""0.0007""","=""512.19651""","=""0.00021""","=""5q""","=""""",,"=""25574.908""","=""45093.226""","=""3d2.(1D).4s.4p.(3P*)""","=""3P*""","=""0""","=""3d2.4s.(2D).5s""","=""3D""","=""1""",,"=""""","=""L10989""",
"=""512.2082""","=""0.0003""","=""512.20892""","=""0.00013""","=""35""","=""""",,"=""18037.213""","=""37555.058""","=""3d3.(2H).4s""","=""a 3H""","=""4""","=""3d3.(2G).4p""","=""v 3G*""","=""3""",,"=""""","=""L10989""",
"=""512.4072""","=""0.0003""","=""512.40714""","=""0.00013""","=""30""","=""""",,"=""12118.393""","=""31628.688""","=""3d2.4s2""","=""a 1G""","=""4""","=""3d3.(4F).4p""","=""w 3G*""","=""5""",,"=""""","=""L10989""",
"=""512.7061""","=""0.0003""","=""512.70635""","=""0.00013""","=""21""","=""""",,"=""21588.495""","=""41087.404""","=""3d2.(3F).4s.4p.(3P*)""","=""z 3G*""","=""4""","=""3d2.4s.(2F).5s""","=""e 1F""","=""3""",,"=""""","=""L10989""",
"=""512.7369""","=""0.0003""","=""512.73664""","=""0.00016""","=""55""","=""""",,"=""18192.570""","=""37690.327""","=""3d3.(2H).4s""","=""a 3H""","=""6""","=""3d3.(2G).4p""","=""v 3G*""","=""5""",,"=""""","=""L10989""",
"=""513.2929""","=""0.0003""","=""513.29286""","=""0.00016""","=""44""","=""""",,"=""18141.265""","=""37617.894""","=""3d3.(2H).4s""","=""a 3H""","=""5""","=""3d3.(2G).4p""","=""v 3G*""","=""4""",,"=""""","=""L10989""",
"=""514.5460""","=""0.0003""","=""514.54602""","=""0.00011""","=""2000""","=""9.60e+06""",C+,"=""11776.812""","=""31206.007""","=""3d3.(4F).4s""","=""b 3F""","=""4""","=""3d2.(3P).4s.4p.(3P*)""","=""v 3D*""","=""3""",,"=""T4922""","=""L10989""",
"=""514.7477""","=""0.0003""","=""514.74777""","=""0.00008""","=""2300""","=""4.58e+05""",B',"=""0.000""","=""19421.580""","=""3d2.4s2""","=""a 3F""","=""2""","=""3d2.(3F).4s.4p.(3P*)""","=""z 3F*""","=""3""",,"=""T8000""","=""L10989""",
"=""515.2184""","=""0.0003""","=""515.21835""","=""0.00011""","=""2000""","=""3.51e+05""",B,"=""170.1328""","=""19573.974""","=""3d2.4s2""","=""a 3F""","=""3""","=""3d2.(3F).4s.4p.(3P*)""","=""z 3F*""","=""4""",,"=""T8000""","=""L10989""",
"=""517.0521""","=""0.0003""","=""517.05222""","=""0.00024""","=""24""","=""""",,"=""18287.554""","=""37622.575""","=""3d3.(2G).4s""","=""b 1G""","=""4""","=""3d.4s2.4p""","=""x 1F*""","=""3""",,"=""""","=""L10989""",
"=""517.3740""","=""0.0003""","=""517.37431""","=""0.00008""","=""15000""","=""4.23e+06""",B,"=""0.000""","=""19322.984""","=""3d2.4s2""","=""a 3F""","=""2""","=""3d2.(3F).4s.4p.(3P*)""","=""z 3F*""","=""2""",,"=""T8000""","=""L10989""",
"=""517.8649""","=""0.0003""","=""517.86517""","=""0.00011""","=""36""","=""""",,"=""8602.3441""","=""27907.013""","=""3d2.4s2""","=""a 3P""","=""2""","=""3d2.(1D).4s.4p.(1P*)""","=""y 1D*""","=""2""",,"=""""","=""L10989""",
"=""518.3177""","=""0.0003""","=""518.31791""","=""0.00013""","=""29""","=""""",,"=""22081.189""","=""41368.996""","=""3d2.(3F).4s.4p.(3P*)""","=""z 1D*""","=""2""","=""3d2.4s.(2F).5s""","=""3F""","=""3""",,"=""""","=""L10989""",
"=""518.3809""","=""0.0003""","=""518.38102""","=""0.00011""","=""75""","=""""",,"=""8602.3441""","=""27887.803""","=""3d2.4s2""","=""a 3P""","=""2""","=""3d2.(3P).4s.4p.(3P*)""","=""z 5P*""","=""3""",,"=""""","=""L10989""",
"=""518.6328""","=""0.0003""","=""518.63252""","=""0.00011""","=""120""","=""3.79e+06""",B+,"=""17075.258""","=""36351.365""","=""3d2.(3F).4s.4p.(3P*)""","=""z 5F*""","=""4""","=""3d2.4s.(4F).5s""","=""e 5F""","=""5""",,"=""T6897""","=""L10989""",
"=""518.7886""","=""0.0007""","=""518.79063""","=""0.00019""","=""5q""","=""""",,"=""26494.330""","=""45764.562""","=""3d3.(4F).4p""","=""y 5G*""","=""2""","=""3d2.4s.(4F).6s""","=""h 5F""","=""1""",,"=""""","=""L10989""",
"=""518.8832""","=""0.0003""","=""518.8823""","=""0.0003""","=""15""","=""""",,"=""22404.739""","=""41671.567""","=""3d2.(3F).4s.4p.(3P*)""","=""z 1F*""","=""3""","=""3d3.(2D1).4s""","=""1D""","=""2""",,"=""""","=""L10989""",
"=""518.9578""","=""0.0003""","=""518.95785""","=""0.00013""","=""46""","=""""",,"=""18061.387""","=""37325.410""","=""3d3.(2P).4s""","=""b 3P""","=""1""","=""3d3.(2D2).4p""","=""w 3P*""","=""2""",,"=""""","=""L10989""",
"=""519.2969""","=""0.0003""","=""519.29686""","=""0.00011""","=""17000""","=""3.86e+06""",B,"=""170.1328""","=""19421.580""","=""3d2.4s2""","=""a 3F""","=""3""","=""3d2.(3F).4s.4p.(3P*)""","=""z 3F*""","=""3""",,"=""T8000""","=""L10989""",
"=""519.3875""","=""0.0007""","=""519.38805""","=""0.00013""","=""25q""","=""""",,"=""18911.394""","=""38159.461""","=""3d3.(4P).4s""","=""c 3P""","=""2""","=""3d2.(3P).4s.4p.(1P*)""","=""u 3D*""","=""3""",,"=""""","=""L10989""",
"=""519.3954""","=""0.0003""","=""519.39483""","=""0.00013""","=""19""","=""""",,"=""8492.422""","=""27740.238""","=""3d2.4s2""","=""a 3P""","=""1""","=""3d2.(3P).4s.4p.(3P*)""","=""z 5P*""","=""2""",,"=""""","=""L10989""",
"=""519.4034""","=""0.0003""","=""519.40370""","=""0.00011""","=""180""","=""6.18e+06""",B+,"=""16961.442""","=""36208.929""","=""3d2.(3F).4s.4p.(3P*)""","=""z 5F*""","=""3""","=""3d2.4s.(4F).5s""","=""e 5F""","=""4""",,"=""T6897""","=""L10989""",
"=""520.1081""","=""0.0003""","=""520.10815""","=""0.00011""","=""170""","=""7.67e+06""",B+,"=""16875.124""","=""36096.542""","=""3d2.(3F).4s.4p.(3P*)""","=""z 5F*""","=""2""","=""3d2.4s.(4F).5s""","=""e 5F""","=""3""",,"=""T6897""","=""L10989""",
"=""520.3117""","=""0.0003""","=""520.31120""","=""0.00014""","=""8""","=""""",,"=""18145.286""","=""37359.203""","=""3d3.(2P).4s""","=""b 3P""","=""2""","=""3d3.(4P).4p""","=""y 5S*""","=""2""",,"=""""","=""L10989""",
"=""520.6085""","=""0.0003""","=""520.60885""","=""0.00022""","=""200""","=""""",,"=""20062.886""","=""39265.818""","=""3d3.(2P).4s""","=""a 1P""","=""1""","=""3d.4s2.4p""","=""w 1D*""","=""2""",,"=""""","=""L10989""",
"=""520.7849""","=""0.0003""","=""520.78500""","=""0.00011""","=""110""","=""7.08e+06""",B+,"=""16817.160""","=""36013.597""","=""3d2.(3F).4s.4p.(3P*)""","=""z 5F*""","=""1""","=""3d2.4s.(4F).5s""","=""e 5F""","=""2""",,"=""T6897""","=""L10989""",
"=""521.0384""","=""0.0003""","=""521.03843""","=""0.00011""","=""21000""","=""3.89e+06""",B,"=""386.874""","=""19573.974""","=""3d2.4s2""","=""a 3F""","=""4""","=""3d2.(3F).4s.4p.(3P*)""","=""z 3F*""","=""4""",,"=""T8000""","=""L10989""",
"=""521.1215""","=""0.0007""","=""521.12222""","=""0.00014""","=""56q""","=""3.1e+05""",D,"=""6742.756""","=""25926.771""","=""3d3.(4F).4s""","=""a 5F""","=""4""","=""3d2.(3P).4s.4p.(3P*)""","=""5D*""","=""4""",,"=""T4401n""","=""L10989""",
"=""521.2280""","=""0.0003""","=""521.22794""","=""0.00014""","=""100""","=""""",,"=""18145.286""","=""37325.410""","=""3d3.(2P).4s""","=""b 3P""","=""2""","=""3d3.(2D2).4p""","=""w 3P*""","=""2""",,"=""""","=""L10989""",
"=""521.2993""","=""0.0003""","=""521.29920""","=""0.00016""","=""45""","=""""",,"=""17995.487""","=""37172.989""","=""3d3.(2P).4s""","=""b 3P""","=""0""","=""3d3.(2D2).4p""","=""w 3P*""","=""1""",,"=""""","=""L10989""",
"=""521.8085""","=""0.0003""","=""521.80838""","=""0.00022""","=""35""","=""""",,"=""19322.984""","=""38481.773""","=""3d2.(3F).4s.4p.(3P*)""","=""z 3F*""","=""2""","=""3d4""","=""3D""","=""1""",,"=""""","=""L10989""",
"=""521.9629""","=""0.0003""","=""521.96337""","=""0.00019""","=""6""","=""""",,"=""19322.984""","=""38476.084""","=""3d2.(3F).4s.4p.(3P*)""","=""z 3F*""","=""2""","=""3d4""","=""3D""","=""2""",,"=""""","=""L10989""",
"=""521.9699""","=""0.0003""","=""521.97015""","=""0.00011""","=""1100""","=""2.71e+05""",C+,"=""170.1328""","=""19322.984""","=""3d2.4s2""","=""a 3F""","=""3""","=""3d2.(3F).4s.4p.(3P*)""","=""z 3F*""","=""2""",,"=""T8000""","=""L10989""",
"=""522.0259""","=""0.0003""","=""522.02587""","=""0.00014""","=""11""","=""""",,"=""18825.782""","=""37976.589""","=""3d3.(4P).4s""","=""c 3P""","=""1""","=""3d2.(3P).4s.4p.(1P*)""","=""u 3D*""","=""2""",,"=""""","=""L10989""",
"=""522.2673""","=""0.0003""","=""522.26744""","=""0.00011""","=""210""","=""1.95e+07""",C+,"=""16817.160""","=""35959.109""","=""3d2.(3F).4s.4p.(3P*)""","=""z 5F*""","=""1""","=""3d2.4s.(4F).5s""","=""e 5F""","=""1""",,"=""T4922""","=""L10989""",
"=""522.3621""","=""0.0003""","=""522.36230""","=""0.00011""","=""260""","=""1.59e+07""",B+,"=""16875.124""","=""36013.597""","=""3d2.(3F).4s.4p.(3P*)""","=""z 5F*""","=""2""","=""3d2.4s.(4F).5s""","=""e 5F""","=""2""",,"=""T6897""","=""L10989""",
"=""522.4134""","=""0.0003""","=""522.41372""","=""0.00011""","=""68""","=""""",,"=""6661.006""","=""25797.595""","=""3d3.(4F).4s""","=""a 5F""","=""3""","=""3d2.(3P).4s.4p.(3P*)""","=""5D*""","=""3""",,"=""""","=""L10989""",
"=""522.4305""","=""0.0003""","=""522.43049""","=""0.00011""","=""950""","=""3.00e+07""",B+,"=""17215.390""","=""36351.365""","=""3d2.(3F).4s.4p.(3P*)""","=""z 5F*""","=""5""","=""3d2.4s.(4F).5s""","=""e 5F""","=""5""",,"=""T6897""","=""L10989""",
"=""522.4544""","=""0.0003""","=""522.45438""","=""0.00011""","=""380""","=""1.82e+07""",B+,"=""16961.442""","=""36096.542""","=""3d2.(3F).4s.4p.(3P*)""","=""z 5F*""","=""3""","=""3d2.4s.(4F).5s""","=""e 5F""","=""3""",,"=""T6897""","=""L10989""",
"=""522.4933""","=""0.0003""","=""522.49340""","=""0.00011""","=""630""","=""2.30e+07""",B+,"=""17075.258""","=""36208.929""","=""3d2.(3F).4s.4p.(3P*)""","=""z 5F*""","=""4""","=""3d2.4s.(4F).5s""","=""e 5F""","=""4""",,"=""T6897""","=""L10989""",
"=""522.719""","=""0.0016""","=""522.71734""","=""0.00016""","=""2""","=""""",,"=""17075.258""","=""36200.732""","=""3d2.(3F).4s.4p.(3P*)""","=""z 5F*""","=""4""","=""3d4""","=""b 3G""","=""5""",,"=""""","=""L17997""",
"=""523.0972""","=""0.0003""","=""523.09675""","=""0.00014""","=""40""","=""""",,"=""18061.387""","=""37172.989""","=""3d3.(2P).4s""","=""b 3P""","=""1""","=""3d3.(2D2).4p""","=""w 3P*""","=""1""",,"=""""","=""L10989""",
"=""523.3808""","=""0.0003""","=""523.38101""","=""0.00016""","=""60""","=""""",,"=""6598.765""","=""25699.987""","=""3d3.(4F).4s""","=""a 5F""","=""2""","=""3d2.(3P).4s.4p.(3P*)""","=""5D*""","=""2""",,"=""""","=""L10989""",
"=""523.7537""","=""0.0003""","=""523.75415""","=""0.00014""","=""13""","=""""",,"=""12118.393""","=""31206.007""","=""3d2.4s2""","=""a 1G""","=""4""","=""3d2.(3P).4s.4p.(3P*)""","=""v 3D*""","=""3""",,"=""""","=""L10989""",
"=""523.8522""","=""0.0007""","=""523.85375""","=""0.00011""","=""110q""","=""""",,"=""16875.124""","=""35959.109""","=""3d2.(3F).4s.4p.(3P*)""","=""z 5F*""","=""2""","=""3d2.4s.(4F).5s""","=""e 5F""","=""1""",,"=""""","=""L10989""",
"=""523.8574""","=""0.0003""","=""523.85858""","=""0.00016""","=""290""","=""""",,"=""6842.962""","=""25926.771""","=""3d3.(4F).4s""","=""a 5F""","=""5""","=""3d2.(3P).4s.4p.(3P*)""","=""5D*""","=""4""",,"=""""","=""L10989""",
"=""523.9937""","=""0.0003""","=""523.99359""","=""0.00014""","=""37""","=""""",,"=""6556.833""","=""25635.725""","=""3d3.(4F).4s""","=""a 5F""","=""1""","=""3d2.(3P).4s.4p.(3P*)""","=""5D*""","=""1""",,"=""""","=""L10989""",
"=""524.3702""","=""0.0003""","=""524.37005""","=""0.00014""","=""7""","=""""",,"=""18911.394""","=""37976.589""","=""3d3.(4P).4s""","=""c 3P""","=""2""","=""3d2.(3P).4s.4p.(1P*)""","=""u 3D*""","=""2""",,"=""""","=""L10989""",
"=""524.6127""","=""0.0003""","=""524.61286""","=""0.00022""","=""47""","=""""",,"=""20209.447""","=""39265.818""","=""3d3.(2D2).4s""","=""b 1D""","=""2""","=""3d.4s2.4p""","=""w 1D*""","=""2""",,"=""""","=""L10989""",
"=""524.6350""","=""0.0003""","=""524.63532""","=""0.00019""","=""22""","=""""",,"=""6556.833""","=""25612.388""","=""3d3.(4F).4s""","=""a 5F""","=""1""","=""3d2.(3P).4s.4p.(3P*)""","=""5D*""","=""0""",,"=""""","=""L10989""",
"=""524.6486""","=""0.0007""","=""524.64964""","=""0.00017""","=""4q""","=""""",,"=""19421.580""","=""38476.615""","=""3d2.(3F).4s.4p.(3P*)""","=""z 3F*""","=""3""","=""3d4""","=""3D""","=""3""",,"=""""","=""L10989""",
"=""524.6546""","=""0.0003""","=""524.65504""","=""0.00011""","=""170""","=""""",,"=""6742.756""","=""25797.595""","=""3d3.(4F).4s""","=""a 5F""","=""4""","=""3d2.(3P).4s.4p.(3P*)""","=""5D*""","=""3""",,"=""""","=""L10989""",
"=""524.6643""","=""0.0003""","=""524.66426""","=""0.00019""","=""53""","=""""",,"=""19421.580""","=""38476.084""","=""3d2.(3F).4s.4p.(3P*)""","=""z 3F*""","=""3""","=""3d4""","=""3D""","=""2""",,"=""""","=""L10989""",
"=""524.7288""","=""0.0003""","=""524.72895""","=""0.00011""","=""160""","=""1.11e+07""",B+,"=""16961.442""","=""36013.597""","=""3d2.(3F).4s.4p.(3P*)""","=""z 5F*""","=""3""","=""3d2.4s.(4F).5s""","=""e 5F""","=""2""",,"=""T6897""","=""L10989""",
"=""524.8386""","=""0.0003""","=""524.83837""","=""0.00011""","=""23""","=""""",,"=""15156.802""","=""34204.985""","=""3d3.(2G).4s""","=""a 3G""","=""4""","=""3d2.(1G).4s.4p.(3P*)""","=""v 3F*""","=""4""",,"=""""","=""L10989""",
"=""525.0924""","=""0.0003""","=""525.09204""","=""0.00014""","=""110""","=""""",,"=""6661.006""","=""25699.987""","=""3d3.(4F).4s""","=""a 5F""","=""3""","=""3d2.(3P).4s.4p.(3P*)""","=""5D*""","=""2""",,"=""""","=""L10989""",
"=""525.1478""","=""0.0003""","=""525.14778""","=""0.00014""","=""72""","=""""",,"=""6598.765""","=""25635.725""","=""3d3.(4F).4s""","=""a 5F""","=""2""","=""3d2.(3P).4s.4p.(3P*)""","=""5D*""","=""1""",,"=""""","=""L10989""",
"=""525.2099""","=""0.0003""","=""525.20997""","=""0.00011""","=""790""","=""1.42e+05""",A,"=""386.874""","=""19421.580""","=""3d2.4s2""","=""a 3F""","=""4""","=""3d2.(3F).4s.4p.(3P*)""","=""z 3F*""","=""3""",,"=""T7574""","=""L10989""",
"=""525.2378""","=""0.0003""","=""525.23765""","=""0.00017""","=""3""","=""""",,"=""18818.099""","=""37851.802""","=""3d3.(4P).4s""","=""c 3P""","=""0""","=""3d2.(3P).4s.4p.(1P*)""","=""u 3D*""","=""1""",,"=""""","=""L10989""",
"=""525.3665""","=""0.0003""","=""525.36674""","=""0.00019""","=""23""","=""""",,"=""18061.387""","=""37090.413""","=""3d3.(2P).4s""","=""b 3P""","=""1""","=""3d3.(2D2).4p""","=""w 3P*""","=""0""",,"=""""","=""L10989""",
"=""525.4030""","=""0.0003""","=""525.40327""","=""0.00014""","=""5""","=""""",,"=""18145.286""","=""37172.989""","=""3d3.(2P).4s""","=""b 3P""","=""2""","=""3d3.(2D2).4p""","=""w 3P*""","=""1""",,"=""""","=""L10989""",
"=""525.4495""","=""0.0003""","=""525.44975""","=""0.00017""","=""6""","=""""",,"=""18825.782""","=""37851.802""","=""3d3.(4P).4s""","=""c 3P""","=""1""","=""3d2.(3P).4s.4p.(1P*)""","=""u 3D*""","=""1""",,"=""""","=""L10989""",
"=""525.5806""","=""0.0003""","=""525.58058""","=""0.00011""","=""180""","=""8.52e+06""",B+,"=""17075.258""","=""36096.542""","=""3d2.(3F).4s.4p.(3P*)""","=""z 5F*""","=""4""","=""3d2.4s.(4F).5s""","=""e 5F""","=""3""",,"=""T6897""","=""L10989""",
"=""525.6696""","=""0.0003""","=""525.66926""","=""0.00017""","=""19""","=""""",,"=""6556.833""","=""25574.908""","=""3d3.(4F).4s""","=""a 5F""","=""1""","=""3d2.(1D).4s.4p.(3P*)""","=""3P*""","=""0""",,"=""""","=""L10989""",
"=""525.7580""","=""0.0003""","=""525.75795""","=""0.00017""","=""43""","=""""",,"=""20062.886""","=""39077.753""","=""3d3.(2P).4s""","=""a 1P""","=""1""","=""3d3.(2D2).4p""","=""x 1P*""","=""1""",,"=""""","=""L10989""",
"=""525.9973""","=""0.0003""","=""525.99729""","=""0.00017""","=""110""","=""2.3e+07""",D,"=""22081.189""","=""41087.404""","=""3d2.(3F).4s.4p.(3P*)""","=""z 1D*""","=""2""","=""3d2.4s.(2F).5s""","=""e 1F""","=""3""",,"=""T4401n""","=""L10989""",
"=""526.3483""","=""0.0003""","=""526.34833""","=""0.00011""","=""130""","=""4.95e+06""",B+,"=""17215.390""","=""36208.929""","=""3d2.(3F).4s.4p.(3P*)""","=""z 5F*""","=""5""","=""3d2.4s.(4F).5s""","=""e 5F""","=""4""",,"=""T6897""","=""L10989""",
"=""526.5963""","=""0.0003""","=""526.59639""","=""0.00014""","=""450""","=""""",,"=""15220.393""","=""34204.985""","=""3d3.(2G).4s""","=""a 3G""","=""5""","=""3d2.(1G).4s.4p.(3P*)""","=""v 3F*""","=""4""",,"=""""","=""L10989""",
"=""""","=""""","=""526.64902""","=""0.00011""","=""0""","=""2.8e+03""",D,"=""6661.006""","=""25643.701""","=""3d3.(4F).4s""","=""a 5F""","=""3""","=""3d3.(4F).4p""","=""y 3D*""","=""3""",,"=""T3297""","=""""",
"=""526.7109""","=""0.0003""","=""526.71123""","=""0.00014""","=""2""","=""""",,"=""6556.833""","=""25537.286""","=""3d3.(4F).4s""","=""a 5F""","=""1""","=""3d2.(1D).4s.4p.(3P*)""","=""3P*""","=""1""",,"=""""","=""L10989""",
"=""526.8332""","=""0.0003""","=""526.83347""","=""0.00022""","=""6""","=""""",,"=""30060.340""","=""49036.389""","=""3d3.(4F).4p""","=""x 5D*""","=""4""","=""3d2.4p2""","=""h 5D""","=""4""",,"=""""","=""L10989""",
"=""526.9879""","=""0.0003""","=""526.98771""","=""0.00011""","=""23""","=""""",,"=""15108.111""","=""34078.606""","=""3d3.(2G).4s""","=""a 3G""","=""3""","=""3d2.(1G).4s.4p.(3P*)""","=""v 3F*""","=""3""",,"=""""","=""L10989""",
"=""527.1609""","=""0.0003""","=""527.16106""","=""0.00011""","=""40""","=""""",,"=""22404.739""","=""41368.996""","=""3d2.(3F).4s.4p.(3P*)""","=""z 1F*""","=""3""","=""3d2.4s.(2F).5s""","=""3F""","=""3""",,"=""""","=""L10989""",
"=""527.8768""","=""0.0003""","=""527.87744""","=""0.00014""","=""2""","=""""",,"=""6598.765""","=""25537.286""","=""3d3.(4F).4s""","=""a 5F""","=""2""","=""3d2.(1D).4s.4p.(3P*)""","=""3P*""","=""1""",,"=""""","=""L10989""",
"=""528.2374""","=""0.0003""","=""528.23764""","=""0.00011""","=""300""","=""2.4e+06""",D,"=""8492.422""","=""27418.029""","=""3d2.4s2""","=""a 3P""","=""1""","=""3d2.(1D).4s.4p.(3P*)""","=""x 3D*""","=""2""",,"=""T4401n""","=""L10989""",
"=""528.3437""","=""0.0003""","=""528.34381""","=""0.00011""","=""350""","=""""",,"=""15156.802""","=""34078.606""","=""3d3.(2G).4s""","=""a 3G""","=""4""","=""3d2.(1G).4s.4p.(3P*)""","=""v 3F*""","=""3""",,"=""""","=""L10989""",
"=""528.4374""","=""0.0003""","=""528.43768""","=""0.00017""","=""130""","=""""",,"=""8436.618""","=""27355.061""","=""3d2.4s2""","=""a 3P""","=""0""","=""3d2.(1D).4s.4p.(3P*)""","=""x 3D*""","=""1""",,"=""""","=""L10989""",
"=""528.8794""","=""0.0003""","=""528.87944""","=""0.00017""","=""70""","=""""",,"=""19573.974""","=""38476.615""","=""3d2.(3F).4s.4p.(3P*)""","=""z 3F*""","=""4""","=""3d4""","=""3D""","=""3""",,"=""""","=""L10989""",
"=""528.9267""","=""0.0003""","=""528.92690""","=""0.00011""","=""33""","=""4.8e+04""",C,"=""6742.756""","=""25643.701""","=""3d3.(4F).4s""","=""a 5F""","=""4""","=""3d3.(4F).4p""","=""y 3D*""","=""3""",,"=""T3297""","=""L10989""",
"=""529.0471""","=""0.0003""","=""529.04746""","=""0.00011""","=""4""","=""""",,"=""8602.3441""","=""27498.982""","=""3d2.4s2""","=""a 3P""","=""2""","=""3d2.(3F).4s.4p.(1P*)""","=""y 3G*""","=""3""",,"=""""","=""L10989""",
"=""529.5775""","=""0.0003""","=""529.57758""","=""0.00011""","=""460""","=""7.91e+05""",C+,"=""8602.3441""","=""27480.066""","=""3d2.4s2""","=""a 3P""","=""2""","=""3d2.(1D).4s.4p.(3P*)""","=""x 3D*""","=""3""",,"=""T4498""","=""L10989""",
"=""529.7233""","=""0.0003""","=""529.72294""","=""0.00011""","=""260""","=""""",,"=""15108.111""","=""33980.653""","=""3d3.(2G).4s""","=""a 3G""","=""3""","=""3d2.(1G).4s.4p.(3P*)""","=""v 3F*""","=""2""",,"=""""","=""L10989""",
"=""529.8418""","=""0.0003""","=""529.84186""","=""0.00017""","=""210""","=""""",,"=""20209.447""","=""39077.753""","=""3d3.(2D2).4s""","=""b 1D""","=""2""","=""3d3.(2D2).4p""","=""x 1P*""","=""1""",,"=""""","=""L10989""",
"=""530.0010""","=""0.0003""","=""530.00105""","=""0.00011""","=""96""","=""2.7e+06""",D,"=""8492.422""","=""27355.061""","=""3d2.4s2""","=""a 3P""","=""1""","=""3d2.(1D).4s.4p.(3P*)""","=""x 3D*""","=""1""",,"=""T4401n""","=""L10989""",
"=""531.3236""","=""0.0003""","=""531.32367""","=""0.00011""","=""78""","=""""",,"=""8602.3441""","=""27418.029""","=""3d2.4s2""","=""a 3P""","=""2""","=""3d2.(1D).4s.4p.(3P*)""","=""x 3D*""","=""2""",,"=""""","=""L10989""",
"=""532.3925""","=""0.0003""","=""532.39275""","=""0.00011""","=""25""","=""3.5e+04""",C,"=""6661.006""","=""25438.908""","=""3d3.(4F).4s""","=""a 5F""","=""3""","=""3d3.(4F).4p""","=""y 3D*""","=""2""",,"=""T3297""","=""L10989""",
"=""532.8735""","=""0.0003""","=""532.87294""","=""0.00011""","=""5""","=""7.8e+05""",C,"=""6556.833""","=""25317.814""","=""3d3.(4F).4s""","=""a 5F""","=""1""","=""3d3.(4F).4p""","=""y 3D*""","=""1""",,"=""T3297""","=""L10989""",
"=""533.1078""","=""0.0003""","=""533.10777""","=""0.00011""","=""7""","=""""",,"=""8602.3441""","=""27355.061""","=""3d2.4s2""","=""a 3P""","=""2""","=""3d2.(1D).4s.4p.(3P*)""","=""x 3D*""","=""1""",,"=""""","=""L10989""",
"=""533.8305""","=""0.0003""","=""533.83061""","=""0.00011""","=""31""","=""3.5e+05""",D,"=""6661.006""","=""25388.331""","=""3d3.(4F).4s""","=""a 5F""","=""3""","=""3d2.(3F).4s.4p.(1P*)""","=""y 3F*""","=""4""",,"=""T3297""","=""L10989""",
"=""534.0663""","=""0.0003""","=""534.06662""","=""0.00011""","=""12""","=""5.2e+04""",C,"=""6598.765""","=""25317.814""","=""3d3.(4F).4s""","=""a 5F""","=""2""","=""3d3.(4F).4p""","=""y 3D*""","=""1""",,"=""T3297""","=""L10989""",
"=""534.1487""","=""0.0003""","=""534.14886""","=""0.00023""","=""36""","=""""",,"=""24694.892""","=""43411.059""","=""3d2.(3F).4s.4p.(3P*)""","=""z 1G*""","=""4""","=""3d4""","=""1F""","=""3""",,"=""""","=""L10989""",
"=""534.4394""","=""0.0003""","=""534.43953""","=""0.00020""","=""10""","=""""",,"=""27907.013""","=""46613.001""","=""3d2.(1D).4s.4p.(1P*)""","=""y 1D*""","=""2""","=""3d2.4s.(2D).5s""","=""1D""","=""2""",,"=""""","=""L10989""",
"=""535.1067""","=""0.0003""","=""535.10672""","=""0.00014""","=""160""","=""3.4e+07""",D,"=""22404.739""","=""41087.404""","=""3d2.(3F).4s.4p.(3P*)""","=""z 1F*""","=""3""","=""3d2.4s.(2F).5s""","=""e 1F""","=""3""",,"=""T4401n""","=""L10989""",
"=""536.1712""","=""0.0003""","=""536.17117""","=""0.00012""","=""18""","=""2.3e+04""",D,"=""6742.756""","=""25388.331""","=""3d3.(4F).4s""","=""a 5F""","=""4""","=""3d2.(3F).4s.4p.(1P*)""","=""y 3F*""","=""4""",,"=""T3430,T3297""","=""L10989""",
"=""536.6637""","=""0.0003""","=""536.66387""","=""0.00012""","=""50""","=""8.64e+04""",C+,"=""6598.765""","=""25227.222""","=""3d3.(4F).4s""","=""a 5F""","=""2""","=""3d2.(3F).4s.4p.(1P*)""","=""y 3F*""","=""3""",,"=""T4498""","=""L10989""",
"=""537.3151""","=""0.0003""","=""537.31511""","=""0.00020""","=""2""","=""""",,"=""26892.936""","=""45498.815""","=""3d2.(1D).4s.4p.(3P*)""","=""x 3F*""","=""3""","=""3d2.4s.(2F).4d""","=""3G""","=""4""",,"=""""","=""L10989""",
"=""537.3543""","=""0.0003""","=""537.35434""","=""0.00020""","=""4""","=""""",,"=""27025.659""","=""45630.180""","=""3d2.(1D).4s.4p.(3P*)""","=""x 3F*""","=""4""","=""3d2.4s.(2F).4d""","=""3G""","=""5""",,"=""""","=""L10989""",
"=""537.4810""","=""0.0003""","=""537.48102""","=""0.00017""","=""2""","=""""",,"=""26803.420""","=""45403.556""","=""3d2.(1D).4s.4p.(3P*)""","=""x 3F*""","=""2""","=""3d2.4s.(2F).4d""","=""3G""","=""3""",,"=""""","=""L10989""",
"=""537.6599""","=""0.0003""","=""537.65992""","=""0.00009""","=""19""","=""""",,"=""0.000""","=""18593.947""","=""3d2.4s2""","=""a 3F""","=""2""","=""3d2.(3F).4s.4p.(3P*)""","=""z 5D*""","=""3""",,"=""""","=""L10989""",
"=""538.2910""","=""0.0003""","=""538.29132""","=""0.00012""","=""23""","=""""",,"=""15108.111""","=""33680.248""","=""3d3.(2G).4s""","=""a 3G""","=""3""","=""3d3.(4F).4p""","=""w 3F*""","=""3""",,"=""""","=""L10989""",
"=""538.4629""","=""0.0003""","=""538.46299""","=""0.00012""","=""26""","=""4.0e+04""",D,"=""6661.006""","=""25227.222""","=""3d3.(4F).4s""","=""a 5F""","=""3""","=""3d2.(3F).4s.4p.(1P*)""","=""y 3F*""","=""3""",,"=""T3297""","=""L10989""",
"=""538.9164""","=""0.0003""","=""538.9156""","=""0.0004""","=""61*""","=""""",,"=""28896.059""","=""47446.684""","=""3d3.(4F).4p""","=""y 5F*""","=""5""","=""3d2.4p2""","=""g 5G""","=""6""",,"=""""","=""L10989""",
"=""538.9164""","=""0.0003""","=""538.91692""","=""0.00012""","=""61*""","=""3.3e+05""",D,"=""6556.833""","=""25107.411""","=""3d3.(4F).4s""","=""a 5F""","=""1""","=""3d2.(3F).4s.4p.(1P*)""","=""y 3F*""","=""2""",,"=""T3430,T3297""","=""L10989""",
"=""538.9988""","=""0.0003""","=""538.99886""","=""0.00012""","=""170""","=""""",,"=""15108.111""","=""33655.869""","=""3d3.(2G).4s""","=""a 3G""","=""3""","=""3d3.(4F).4p""","=""w 3F*""","=""2""",,"=""""","=""L10989""",
"=""539.0494""","=""0.0003""","=""539.04873""","=""0.00012""","=""11""","=""""",,"=""6556.833""","=""25102.875""","=""3d3.(4F).4s""","=""a 5F""","=""1""","=""3d2.(3P).4s.4p.(3P*)""","=""z 5S*""","=""2""",,"=""""","=""L10989""",
"=""539.1058""","=""0.0003""","=""539.10570""","=""0.00015""","=""24""","=""""",,"=""15156.802""","=""33700.884""","=""3d3.(2G).4s""","=""a 3G""","=""4""","=""3d3.(4F).4p""","=""w 3F*""","=""4""",,"=""""","=""L10989""",
"=""539.4159""","=""0.0003""","=""539.41582""","=""0.00017""","=""6""","=""""",,"=""18825.782""","=""37359.203""","=""3d3.(4P).4s""","=""c 3P""","=""1""","=""3d3.(4P).4p""","=""y 5S*""","=""2""",,"=""""","=""L10989""",
"=""539.6596""","=""0.0003""","=""539.65931""","=""0.00009""","=""89""","=""""",,"=""0.000""","=""18525.059""","=""3d2.4s2""","=""a 3F""","=""2""","=""3d2.(3F).4s.4p.(3P*)""","=""z 5D*""","=""2""",,"=""""","=""L10989""",
"=""539.7062""","=""0.0003""","=""539.70630""","=""0.00012""","=""270""","=""""",,"=""15156.802""","=""33680.248""","=""3d3.(2G).4s""","=""a 3G""","=""4""","=""3d3.(4F).4p""","=""w 3F*""","=""3""",,"=""""","=""L10989""",
"=""540.1380""","=""0.0004""","=""540.13787""","=""0.00012""","=""20""","=""5.9e+04""",D,"=""6598.765""","=""25107.411""","=""3d3.(4F).4s""","=""a 5F""","=""2""","=""3d2.(3F).4s.4p.(1P*)""","=""y 3F*""","=""2""",,"=""T3430,T3297""","=""L10989""",
"=""540.2705""","=""0.0004""","=""540.27028""","=""0.00012""","=""5""","=""""",,"=""6598.765""","=""25102.875""","=""3d3.(4F).4s""","=""a 5F""","=""2""","=""3d2.(3P).4s.4p.(3P*)""","=""z 5S*""","=""2""",,"=""""","=""L10989""",
"=""540.4014""","=""0.0004""","=""540.40117""","=""0.00018""","=""50""","=""""",,"=""18825.782""","=""37325.410""","=""3d3.(4P).4s""","=""c 3P""","=""1""","=""3d3.(2D2).4p""","=""w 3P*""","=""2""",,"=""""","=""L10989""",
"=""540.6185""","=""0.0004""","=""540.61801""","=""0.00020""","=""7""","=""1.17e+07""",C+,"=""28788.380""","=""47280.588""","=""3d3.(4F).4p""","=""y 5F*""","=""4""","=""3d2.4p2""","=""g 5G""","=""5""",,"=""T6897""","=""L10989""",
"=""540.8940""","=""0.0004""","=""540.89396""","=""0.00012""","=""36""","=""1.28e+04""",A,"=""0.000""","=""18482.774""","=""3d2.4s2""","=""a 3F""","=""2""","=""3d2.(3F).4s.4p.(3P*)""","=""z 5D*""","=""1""",,"=""T7574""","=""L10989""",
"=""540.9605""","=""0.0004""","=""540.96078""","=""0.00018""","=""390""","=""""",,"=""15220.393""","=""33700.884""","=""3d3.(2G).4s""","=""a 3G""","=""5""","=""3d3.(4F).4p""","=""w 3F*""","=""4""",,"=""""","=""L10989""",
"=""541.2679""","=""0.0004""","=""541.26673""","=""0.00021""","=""7""","=""""",,"=""20006.039""","=""38476.084""","=""3d2.(3F).4s.4p.(3P*)""","=""z 3D*""","=""2""","=""3d4""","=""3D""","=""2""",,"=""""","=""L10989""",
"=""541.9189""","=""0.0004""","=""541.91915""","=""0.00018""","=""13""","=""""",,"=""18911.394""","=""37359.203""","=""3d3.(4P).4s""","=""c 3P""","=""2""","=""3d3.(4P).4p""","=""y 5S*""","=""2""",,"=""""","=""L10989""",
"=""542.2380""","=""0.0004""","=""542.23813""","=""0.00021""","=""6""","=""1.22e+07""",C+,"=""28702.778""","=""47139.735""","=""3d3.(4F).4p""","=""y 5F*""","=""3""","=""3d2.4p2""","=""g 5G""","=""4""",,"=""T6897""","=""L10989""",
"=""542.6248""","=""0.0004""","=""542.62494""","=""0.00012""","=""200""","=""3.68e+04""",A,"=""170.1328""","=""18593.947""","=""3d2.4s2""","=""a 3F""","=""3""","=""3d2.(3F).4s.4p.(3P*)""","=""z 5D*""","=""3""",,"=""T7574""","=""L10989""",
"=""542.9140""","=""0.0004""","=""542.91368""","=""0.00018""","=""120""","=""""",,"=""18911.394""","=""37325.410""","=""3d3.(4P).4s""","=""c 3P""","=""2""","=""3d3.(2D2).4p""","=""w 3P*""","=""2""",,"=""""","=""L10989""",
"=""543.2334""","=""0.0004""","=""543.23341""","=""0.00012""","=""11""","=""""",,"=""19421.580""","=""37824.758""","=""3d2.(3F).4s.4p.(3P*)""","=""z 3F*""","=""3""","=""3d2.4s.(4F).5s""","=""e 3F""","=""4""",,"=""""","=""L10989""",
"=""543.5839""","=""0.0007""","=""543.5816""","=""0.0003""","=""6q""","=""1.05e+07""",C+,"=""28638.841""","=""47030.230""","=""3d3.(4F).4p""","=""y 5F*""","=""2""","=""3d2.4p2""","=""g 5G""","=""3""",,"=""T6897""","=""L10989""",
"=""543.6717""","=""0.0004""","=""543.67159""","=""0.00012""","=""43""","=""1.0e+05""",C,"=""7255.355""","=""25643.701""","=""3d2.4s2""","=""a 1D""","=""2""","=""3d3.(4F).4p""","=""y 3D*""","=""3""",,"=""T3430,T3297""","=""L10989""",
"=""543.8306""","=""0.0004""","=""543.83041""","=""0.00012""","=""21""","=""""",,"=""11531.761""","=""29914.737""","=""3d3.(4F).4s""","=""b 3F""","=""2""","=""3d2.(1G).4s.4p.(3P*)""","=""x 3G*""","=""3""",,"=""""","=""L10989""",
"=""543.9031""","=""0.0004""","=""543.90293""","=""0.00012""","=""9""","=""""",,"=""11531.761""","=""29912.286""","=""3d3.(4F).4s""","=""b 3F""","=""2""","=""3d2.(3F).4s.4p.(1P*)""","=""w 3D*""","=""3""",,"=""""","=""L10989""",
"=""544.0509""","=""0.0004""","=""544.05093""","=""0.00012""","=""8""","=""""",,"=""11531.761""","=""29907.286""","=""3d3.(4F).4s""","=""b 3F""","=""2""","=""3d3.(4F).4p""","=""x 5D*""","=""2""",,"=""""","=""L10989""",
"=""544.6619""","=""0.0004""","=""544.66149""","=""0.00012""","=""94*""","=""2.5e+04""",C,"=""170.1328""","=""18525.059""","=""3d2.4s2""","=""a 3F""","=""3""","=""3d2.(3F).4s.4p.(3P*)""","=""z 5D*""","=""2""",,"=""T3499n""","=""L10989""",
"=""544.6619""","=""0.0004""","=""544.66257""","=""0.00018""","=""94*""","=""""",,"=""18818.099""","=""37172.989""","=""3d3.(4P).4s""","=""c 3P""","=""0""","=""3d3.(2D2).4p""","=""w 3P*""","=""1""",,"=""""","=""L10989""",
"=""544.7912""","=""0.0004""","=""544.79130""","=""0.00018""","=""10""","=""""",,"=""20126.062""","=""38476.615""","=""3d2.(3F).4s.4p.(3P*)""","=""z 3D*""","=""3""","=""3d4""","=""3D""","=""3""",,"=""""","=""L10989""",
"=""544.8787""","=""0.0004""","=""544.87904""","=""0.00021""","=""3""","=""1.27e+07""",C+,"=""28596.313""","=""46943.911""","=""3d3.(4F).4p""","=""y 5F*""","=""1""","=""3d2.4p2""","=""g 5G""","=""2""",,"=""T6897""","=""L10989""",
"=""544.8911""","=""0.0004""","=""544.89065""","=""0.00018""","=""23""","=""""",,"=""18825.782""","=""37172.989""","=""3d3.(4P).4s""","=""c 3P""","=""1""","=""3d3.(2D2).4p""","=""w 3P*""","=""1""",,"=""""","=""L10989""",
"=""544.9151""","=""0.0004""","=""544.91497""","=""0.00012""","=""36""","=""""",,"=""11639.8109""","=""29986.199""","=""3d3.(4F).4s""","=""b 3F""","=""3""","=""3d3.(4F).4p""","=""x 5D*""","=""3""",,"=""""","=""L10989""",
"=""545.1935""","=""0.0004""","=""545.19372""","=""0.00012""","=""13""","=""""",,"=""19322.984""","=""37659.992""","=""3d2.(3F).4s.4p.(3P*)""","=""z 3F*""","=""2""","=""3d2.4s.(4F).5s""","=""e 3F""","=""3""",,"=""""","=""L10989""",
"=""545.3639""","=""0.0004""","=""545.36423""","=""0.00012""","=""77""","=""6.1e+05""",D,"=""11639.8109""","=""29971.086""","=""3d3.(4F).4s""","=""b 3F""","=""3""","=""3d2.(1G).4s.4p.(3P*)""","=""x 3G*""","=""4""",,"=""T4401n""","=""L10989""",
"=""545.5957""","=""0.0004""","=""545.59582""","=""0.00012""","=""10""","=""""",,"=""11531.761""","=""29855.255""","=""3d3.(4F).4s""","=""b 3F""","=""2""","=""3d3.(4F).4p""","=""x 5D*""","=""1""",,"=""""","=""L10989""",
"=""545.6896""","=""0.0004""","=""545.68933""","=""0.00021""","=""12""","=""""",,"=""20795.603""","=""39115.957""","=""3d3.(2H).4s""","=""a 1H""","=""5""","=""3d3.(2H).4p""","=""x 3H*""","=""4""",,"=""""","=""L10989""",
"=""545.9679""","=""0.0004""","=""545.96815""","=""0.00012""","=""4""","=""""",,"=""8492.422""","=""26803.420""","=""3d2.4s2""","=""a 3P""","=""1""","=""3d2.(1D).4s.4p.(3P*)""","=""x 3F*""","=""2""",,"=""""","=""L10989""",
"=""546.0498""","=""0.0004""","=""546.04980""","=""0.00012""","=""310""","=""4.50e+04""",A,"=""386.874""","=""18695.134""","=""3d2.4s2""","=""a 3F""","=""4""","=""3d2.(3F).4s.4p.(3P*)""","=""z 5D*""","=""4""",,"=""T7574""","=""L10989""",
"=""546.5771""","=""0.0004""","=""546.57728""","=""0.00012""","=""8""","=""""",,"=""8602.3441""","=""26892.936""","=""3d2.4s2""","=""a 3P""","=""2""","=""3d2.(1D).4s.4p.(3P*)""","=""x 3F*""","=""3""",,"=""""","=""L10989""",
"=""546.6006""","=""0.0004""","=""546.60076""","=""0.00021""","=""12""","=""""",,"=""26803.420""","=""45093.226""","=""3d2.(1D).4s.4p.(3P*)""","=""x 3F*""","=""2""","=""3d2.4s.(2D).5s""","=""3D""","=""1""",,"=""""","=""L10989""",
"=""546.8361""","=""0.0004""","=""546.83621""","=""0.00015""","=""7""","=""""",,"=""7255.355""","=""25537.286""","=""3d2.4s2""","=""a 1D""","=""2""","=""3d2.(1D).4s.4p.(3P*)""","=""3P*""","=""1""",,"=""""","=""L10989""",
"=""547.0454""","=""0.0004""","=""547.04582""","=""0.00012""","=""15""","=""""",,"=""11639.8109""","=""29914.737""","=""3d3.(4F).4s""","=""b 3F""","=""3""","=""3d2.(1G).4s.4p.(3P*)""","=""x 3G*""","=""3""",,"=""""","=""L10989""",
"=""547.1197""","=""0.0004""","=""547.11920""","=""0.00012""","=""85""","=""1.3e+06""",D,"=""11639.8109""","=""29912.286""","=""3d3.(4F).4s""","=""b 3F""","=""3""","=""3d2.(3F).4s.4p.(1P*)""","=""w 3D*""","=""3""",,"=""T4401n""","=""L10989""",
"=""547.2687""","=""0.0004""","=""547.26896""","=""0.00012""","=""56""","=""""",,"=""11639.8109""","=""29907.286""","=""3d3.(4F).4s""","=""b 3F""","=""3""","=""3d3.(4F).4p""","=""x 5D*""","=""2""",,"=""""","=""L10989""",
"=""547.3544""","=""0.0004""","=""547.35418""","=""0.00024""","=""35""","=""""",,"=""18825.782""","=""37090.413""","=""3d3.(4P).4s""","=""c 3P""","=""1""","=""3d3.(2D2).4p""","=""w 3P*""","=""0""",,"=""""","=""L10989""",
"=""547.4223""","=""0.0004""","=""547.42230""","=""0.00012""","=""170""","=""1.2e+06""",D,"=""11776.812""","=""30039.170""","=""3d3.(4F).4s""","=""b 3F""","=""4""","=""3d2.(1G).4s.4p.(3P*)""","=""x 3G*""","=""5""",,"=""T4401n""","=""L10989""",
"=""547.4451""","=""0.0004""","=""547.44517""","=""0.00018""","=""48""","=""""",,"=""18911.394""","=""37172.989""","=""3d3.(4P).4s""","=""c 3P""","=""2""","=""3d3.(2D2).4p""","=""w 3P*""","=""1""",,"=""""","=""L10989""",
"=""547.7693""","=""0.0004""","=""547.76946""","=""0.00012""","=""260""","=""""",,"=""19573.974""","=""37824.758""","=""3d2.(3F).4s.4p.(3P*)""","=""z 3F*""","=""4""","=""3d2.4s.(4F).5s""","=""e 3F""","=""4""",,"=""""","=""L10989""",
"=""548.0177""","=""0.0004""","=""548.01824""","=""0.00012""","=""2""","=""""",,"=""25797.595""","=""44040.0941""","=""3d2.(3P).4s.4p.(3P*)""","=""5D*""","=""3""","=""3d3.(4F).4d""","=""5F""","=""4""",,"=""""","=""L10989""",
"=""548.1409""","=""0.0004""","=""548.14104""","=""0.00012""","=""190""","=""""",,"=""19421.580""","=""37659.992""","=""3d2.(3F).4s.4p.(3P*)""","=""z 3F*""","=""3""","=""3d2.4s.(4F).5s""","=""e 3F""","=""3""",,"=""""","=""L10989""",
"=""548.1859""","=""0.0004""","=""548.18607""","=""0.00012""","=""120""","=""""",,"=""11531.761""","=""29768.675""","=""3d3.(4F).4s""","=""b 3F""","=""2""","=""3d2.(3F).4s.4p.(1P*)""","=""w 3D*""","=""2""",,"=""""","=""L10989""",
"=""548.6088""","=""0.0004""","=""548.60822""","=""0.00021""","=""5""","=""""",,"=""27498.982""","=""45721.863""","=""3d2.(3F).4s.4p.(1P*)""","=""y 3G*""","=""3""","=""3d2.4s.(2F).4d""","=""f 3H""","=""4""",,"=""""","=""L10989""",
"=""548.7604""","=""0.0008""","=""548.75921""","=""0.00021""","=""4q""","=""""",,"=""27614.679""","=""45832.546""","=""3d2.(3F).4s.4p.(1P*)""","=""y 3G*""","=""4""","=""3d2.4s.(2F).4d""","=""f 3H""","=""5""",,"=""""","=""L10989""",
"=""548.8193""","=""0.0004""","=""548.81913""","=""0.00012""","=""140""","=""""",,"=""19322.984""","=""37538.862""","=""3d2.(3F).4s.4p.(3P*)""","=""z 3F*""","=""2""","=""3d2.4s.(4F).5s""","=""e 3F""","=""2""",,"=""""","=""L10989""",
"=""548.9873""","=""0.0004""","=""548.9873""","=""0.0003""","=""5""","=""""",,"=""27750.135""","=""45960.432""","=""3d2.(3F).4s.4p.(1P*)""","=""y 3G*""","=""5""","=""3d2.4s.(2F).4d""","=""f 3H""","=""6""",,"=""""","=""L10989""",
"=""549.0148""","=""0.0004""","=""549.01477""","=""0.00012""","=""330""","=""3.69e+06""",C+,"=""11776.812""","=""29986.199""","=""3d3.(4F).4s""","=""b 3F""","=""4""","=""3d3.(4F).4p""","=""x 5D*""","=""3""",,"=""T4922""","=""L10989""",
"=""549.0848""","=""0.0004""","=""549.08454""","=""0.00012""","=""69""","=""1.4e+04""",C,"=""386.874""","=""18593.947""","=""3d2.4s2""","=""a 3F""","=""4""","=""3d2.(3F).4s.4p.(3P*)""","=""z 5D*""","=""3""",,"=""T3499n""","=""L10989""",
"=""549.1657""","=""0.0004""","=""549.16556""","=""0.00024""","=""18""","=""""",,"=""26892.936""","=""45097.323""","=""3d2.(1D).4s.4p.(3P*)""","=""x 3F*""","=""3""","=""3d2.4s.(2D).5s""","=""3D""","=""2""",,"=""""","=""L10989""",
"=""549.4121""","=""0.0004""","=""549.41232""","=""0.00015""","=""3""","=""""",,"=""25926.771""","=""44122.9818""","=""3d2.(3P).4s.4p.(3P*)""","=""5D*""","=""4""","=""3d3.(4F).4d""","=""5F""","=""5""",,"=""""","=""L10989""",
"=""549.4720""","=""0.0004""","=""549.47081""","=""0.00012""","=""6""","=""""",,"=""11776.812""","=""29971.086""","=""3d3.(4F).4s""","=""b 3F""","=""4""","=""3d2.(1G).4s.4p.(3P*)""","=""x 3G*""","=""4""",,"=""""","=""L10989""",
"=""549.7942""","=""0.0008""","=""549.79478""","=""0.00012""","=""11q""","=""6.2e+04""",C,"=""7255.355""","=""25438.908""","=""3d2.4s2""","=""a 1D""","=""2""","=""3d3.(4F).4p""","=""y 3D*""","=""2""",,"=""T3297""","=""L10989""",
"=""550.3897""","=""0.0004""","=""550.38953""","=""0.00021""","=""210""","=""2.6e+07""",D,"=""20795.603""","=""38959.507""","=""3d3.(2H).4s""","=""a 1H""","=""5""","=""3d3.(2G).4p""","=""x 1G*""","=""4""",,"=""T4401n""","=""L10989""",
"=""551.1778""","=""0.0004""","=""551.17787""","=""0.00012""","=""76""","=""""",,"=""11776.812""","=""29914.737""","=""3d3.(4F).4s""","=""b 3F""","=""4""","=""3d2.(1G).4s.4p.(3P*)""","=""x 3G*""","=""3""",,"=""""","=""L10989""",
"=""551.2524""","=""0.0004""","=""551.25236""","=""0.00012""","=""940""","=""""",,"=""11776.812""","=""29912.286""","=""3d3.(4F).4s""","=""b 3F""","=""4""","=""3d2.(3F).4s.4p.(1P*)""","=""w 3D*""","=""3""",,"=""""","=""L10989""",
"=""551.4343""","=""0.0004""","=""551.43434""","=""0.00012""","=""630""","=""""",,"=""11531.761""","=""29661.250""","=""3d3.(4F).4s""","=""b 3F""","=""2""","=""3d2.(3F).4s.4p.(1P*)""","=""w 3D*""","=""1""",,"=""""","=""L10989""",
"=""551.4532""","=""0.0004""","=""551.45335""","=""0.00012""","=""930""","=""""",,"=""11639.8109""","=""29768.675""","=""3d3.(4F).4s""","=""b 3F""","=""3""","=""3d2.(3F).4s.4p.(1P*)""","=""w 3D*""","=""2""",,"=""""","=""L10989""",
"=""551.8058""","=""0.0004""","=""551.80589""","=""0.00012""","=""15""","=""""",,"=""19421.580""","=""37538.862""","=""3d2.(3F).4s.4p.(3P*)""","=""z 3F*""","=""3""","=""3d2.4s.(4F).5s""","=""e 3F""","=""2""",,"=""""","=""L10989""",
"=""552.7595""","=""0.0004""","=""552.75977""","=""0.00012""","=""13""","=""""",,"=""19573.974""","=""37659.992""","=""3d2.(3F).4s.4p.(3P*)""","=""z 3F*""","=""4""","=""3d2.4s.(4F).5s""","=""e 3F""","=""3""",,"=""""","=""L10989""",
"=""553.0435""","=""0.0004""","=""553.0440""","=""0.0003""","=""23""","=""""",,"=""27025.659""","=""45102.381""","=""3d2.(1D).4s.4p.(3P*)""","=""x 3F*""","=""4""","=""3d2.4s.(2D).5s""","=""3D""","=""3""",,"=""""","=""L10989""",
"=""553.7857""","=""0.0004""","=""553.78529""","=""0.00012""","=""2""","=""""",,"=""21588.495""","=""39641.021""","=""3d2.(3F).4s.4p.(3P*)""","=""z 3G*""","=""4""","=""3d3.(4F).5s""","=""f 3F""","=""3""",,"=""""","=""L10989""",
"=""553.9794""","=""0.0004""","=""553.97893""","=""0.00012""","=""3""","=""""",,"=""21739.707""","=""39785.923""","=""3d2.(3F).4s.4p.(3P*)""","=""z 3G*""","=""5""","=""3d3.(4F).5s""","=""f 3F""","=""4""",,"=""""","=""L10989""",
"=""""","=""""","=""556.27074""","=""0.00012""","=""0""","=""4.2e+04""",D,"=""7255.355""","=""25227.222""","=""3d2.4s2""","=""a 1D""","=""2""","=""3d2.(3F).4s.4p.(1P*)""","=""y 3F*""","=""3""",,"=""T3297""","=""""",
"=""556.5473""","=""0.0004""","=""556.54735""","=""0.00019""","=""340""","=""""",,"=""18037.213""","=""36000.148""","=""3d3.(2H).4s""","=""a 3H""","=""4""","=""3d2.(1G).4s.4p.(1P*)""","=""y 1G*""","=""4""",,"=""""","=""L10989""",
"=""557.8557""","=""0.0004""","=""557.85662""","=""0.00016""","=""3""","=""""",,"=""12118.393""","=""30039.170""","=""3d2.4s2""","=""a 1G""","=""4""","=""3d2.(1G).4s.4p.(3P*)""","=""x 3G*""","=""5""",,"=""""","=""L10989""",
"=""559.5108""","=""0.0004""","=""559.51046""","=""0.00013""","=""2""","=""""",,"=""12118.393""","=""29986.199""","=""3d2.4s2""","=""a 1G""","=""4""","=""3d3.(4F).4p""","=""x 5D*""","=""3""",,"=""""","=""L10989""",
"=""559.8017""","=""0.0004""","=""559.80190""","=""0.00009""","=""2""","=""""",,"=""25107.411""","=""42965.9148""","=""3d2.(3F).4s.4p.(1P*)""","=""y 3F*""","=""2""","=""3d4""","=""3F1""","=""3""",,"=""""","=""L10989""",
"=""560.0038""","=""0.0004""","=""560.00410""","=""0.00013""","=""7""","=""1.9e+04""",D,"=""7255.355""","=""25107.411""","=""3d2.4s2""","=""a 1D""","=""2""","=""3d2.(3F).4s.4p.(1P*)""","=""y 3F*""","=""2""",,"=""T3297""","=""L10989""",
"=""560.0785""","=""0.0004""","=""560.07861""","=""0.00013""","=""9""","=""""",,"=""25107.411""","=""42957.092""","=""3d2.(3F).4s.4p.(1P*)""","=""y 3F*""","=""2""","=""3d4""","=""3F1""","=""2""",,"=""""","=""L10989""",
"=""560.1465""","=""0.0004""","=""560.14642""","=""0.00013""","=""4""","=""""",,"=""7255.355""","=""25102.875""","=""3d2.4s2""","=""a 1D""","=""2""","=""3d2.(3P).4s.4p.(3P*)""","=""z 5S*""","=""2""",,"=""""","=""L10989""",
"=""561.8346""","=""0.0004""","=""561.83460""","=""0.00013""","=""5""","=""""",,"=""12118.393""","=""29912.286""","=""3d2.4s2""","=""a 1G""","=""4""","=""3d2.(3F).4s.4p.(1P*)""","=""w 3D*""","=""3""",,"=""""","=""L10989""",
"=""562.2015""","=""0.0004""","=""562.20178""","=""0.00009""","=""3""","=""""",,"=""25227.222""","=""43009.4937""","=""3d2.(3F).4s.4p.(1P*)""","=""y 3F*""","=""3""","=""3d4""","=""3F1""","=""4""",,"=""""","=""L10989""",
"=""563.0371""","=""0.0004""","=""563.03708""","=""0.00010""","=""3""","=""""",,"=""25102.875""","=""42858.7661""","=""3d2.(3P).4s.4p.(3P*)""","=""z 5S*""","=""2""","=""3d2.4s.(4F).4d""","=""e 5P""","=""3""",,"=""""","=""L10989""",
"=""563.5828""","=""0.0004""","=""563.58297""","=""0.00010""","=""12""","=""""",,"=""25227.222""","=""42965.9148""","=""3d2.(3F).4s.4p.(1P*)""","=""y 3F*""","=""3""","=""3d4""","=""3F1""","=""3""",,"=""""","=""L10989""",
"=""563.5993""","=""0.0004""","=""563.59974""","=""0.00022""","=""5""","=""""",,"=""27355.061""","=""45093.226""","=""3d2.(1D).4s.4p.(3P*)""","=""x 3D*""","=""1""","=""3d2.4s.(2D).5s""","=""3D""","=""1""",,"=""""","=""L10989""",
"=""564.4133""","=""0.0004""","=""564.41339""","=""0.00019""","=""790""","=""""",,"=""18287.554""","=""36000.148""","=""3d3.(2G).4s""","=""b 1G""","=""4""","=""3d2.(1G).4s.4p.(1P*)""","=""y 1G*""","=""4""",,"=""""","=""L10989""",
"=""564.8562""","=""0.0004""","=""564.85661""","=""0.00013""","=""150""","=""1.3e+07""",D,"=""20126.062""","=""37824.758""","=""3d2.(3F).4s.4p.(3P*)""","=""z 3D*""","=""3""","=""3d2.4s.(4F).5s""","=""e 3F""","=""4""",,"=""T4401n""","=""L10989""",
"=""565.4765""","=""0.0004""","=""565.4765""","=""0.0003""","=""7""","=""""",,"=""27418.029""","=""45097.323""","=""3d2.(1D).4s.4p.(3P*)""","=""x 3D*""","=""2""","=""3d2.4s.(2D).5s""","=""3D""","=""2""",,"=""""","=""L10989""",
"=""565.6079""","=""0.0004""","=""565.60759""","=""0.00022""","=""3""","=""""",,"=""27418.029""","=""45093.226""","=""3d2.(1D).4s.4p.(3P*)""","=""x 3D*""","=""2""","=""3d2.4s.(2D).5s""","=""3D""","=""1""",,"=""""","=""L10989""",
"=""565.9095""","=""0.0004""","=""565.90967""","=""0.00016""","=""20""","=""""",,"=""7255.355""","=""24921.117""","=""3d2.4s2""","=""a 1D""","=""2""","=""3d2.(3P).4s.4p.(3P*)""","=""z 3S*""","=""1""",,"=""""","=""L10989""",
"=""566.2148""","=""0.0004""","=""566.21516""","=""0.00013""","=""350""","=""1.94e+07""",B+,"=""18695.134""","=""36351.365""","=""3d2.(3F).4s.4p.(3P*)""","=""z 5D*""","=""4""","=""3d2.4s.(4F).5s""","=""e 5F""","=""5""",,"=""T6897""","=""L10989""",
"=""566.2881""","=""0.0004""","=""566.28822""","=""0.00016""","=""110""","=""""",,"=""20006.039""","=""37659.992""","=""3d2.(3F).4s.4p.(3P*)""","=""z 3D*""","=""2""","=""3d2.4s.(4F).5s""","=""e 3F""","=""3""",,"=""""","=""L10989""",
"=""566.7592""","=""0.0004""","=""566.75935""","=""0.00013""","=""9""","=""""",,"=""25317.814""","=""42957.092""","=""3d3.(4F).4p""","=""y 3D*""","=""1""","=""3d4""","=""3F1""","=""2""",,"=""""","=""L10989""",
"=""567.3047""","=""0.0004""","=""567.3049""","=""0.0003""","=""11""","=""""",,"=""27480.066""","=""45102.381""","=""3d2.(1D).4s.4p.(3P*)""","=""x 3D*""","=""3""","=""3d2.4s.(2D).5s""","=""3D""","=""3""",,"=""""","=""L10989""",
"=""567.3419""","=""0.0004""","=""567.34201""","=""0.00010""","=""20""","=""""",,"=""25388.331""","=""43009.4937""","=""3d2.(3F).4s.4p.(1P*)""","=""y 3F*""","=""4""","=""3d4""","=""3F1""","=""4""",,"=""""","=""L10989""",
"=""567.4679""","=""0.0004""","=""567.4678""","=""0.0003""","=""3""","=""""",,"=""27480.066""","=""45097.323""","=""3d2.(1D).4s.4p.(3P*)""","=""x 3D*""","=""3""","=""3d2.4s.(2D).5s""","=""3D""","=""2""",,"=""""","=""L10989""",
"=""567.5409""","=""0.0004""","=""567.54108""","=""0.00013""","=""230""","=""1.56e+07""",B+,"=""18593.947""","=""36208.929""","=""3d2.(3F).4s.4p.(3P*)""","=""z 5D*""","=""3""","=""3d2.4s.(4F).5s""","=""e 5F""","=""4""",,"=""T6897""","=""L10989""",
"=""567.9914""","=""0.0004""","=""567.99170""","=""0.00019""","=""72""","=""1.1e+07""",D,"=""19937.855""","=""37538.862""","=""3d2.(3F).4s.4p.(3P*)""","=""z 3D*""","=""1""","=""3d2.4s.(4F).5s""","=""e 3F""","=""2""",,"=""T4401n""","=""L10989""",
"=""568.9459""","=""0.0004""","=""568.94606""","=""0.00013""","=""160""","=""1.28e+07""",B+,"=""18525.059""","=""36096.542""","=""3d2.(3F).4s.4p.(3P*)""","=""z 5D*""","=""2""","=""3d2.4s.(4F).5s""","=""e 5F""","=""3""",,"=""T6897""","=""L10989""",
"=""569.8401""","=""0.0004""","=""569.8403""","=""0.0003""","=""5""","=""""",,"=""18141.265""","=""35685.174""","=""3d3.(2H).4s""","=""a 3H""","=""5""","=""3d3.(2G).4p""","=""y 3H*""","=""6""",,"=""""","=""L10989""",
"=""570.1641""","=""0.0004""","=""570.16461""","=""0.00013""","=""7""","=""""",,"=""20126.062""","=""37659.992""","=""3d2.(3F).4s.4p.(3P*)""","=""z 3D*""","=""3""","=""3d2.4s.(4F).5s""","=""e 3F""","=""3""",,"=""""","=""L10989""",
"=""570.2005""","=""0.0004""","=""570.20061""","=""0.00016""","=""9""","=""""",,"=""20006.039""","=""37538.862""","=""3d2.(3F).4s.4p.(3P*)""","=""z 3D*""","=""2""","=""3d2.4s.(4F).5s""","=""e 3F""","=""2""",,"=""""","=""L10989""",
"=""570.2659""","=""0.0004""","=""570.26566""","=""0.00016""","=""100""","=""1.04e+07""",B+,"=""18482.774""","=""36013.597""","=""3d2.(3F).4s.4p.(3P*)""","=""z 5D*""","=""1""","=""3d2.4s.(4F).5s""","=""e 5F""","=""2""",,"=""T6897""","=""L10989""",
"=""570.3897""","=""0.0004""","=""570.38982""","=""0.00010""","=""8""","=""""",,"=""25438.908""","=""42965.9148""","=""3d3.(4F).4p""","=""y 3D*""","=""2""","=""3d4""","=""3F1""","=""3""",,"=""""","=""L10989""",
"=""570.5385""","=""0.0004""","=""570.53865""","=""0.00020""","=""3""","=""""",,"=""18037.213""","=""35559.648""","=""3d3.(2H).4s""","=""a 3H""","=""4""","=""3d3.(2G).4p""","=""y 3H*""","=""5""",,"=""""","=""L10989""",
"=""570.6768""","=""0.0004""","=""570.67710""","=""0.00013""","=""3""","=""""",,"=""25438.908""","=""42957.092""","=""3d3.(4F).4p""","=""y 3D*""","=""2""","=""3d4""","=""3F1""","=""2""",,"=""""","=""L10989""",
"=""570.8198""","=""0.0004""","=""570.82011""","=""0.00013""","=""52""","=""3.43e+06""",B+,"=""18695.134""","=""36208.929""","=""3d2.(3F).4s.4p.(3P*)""","=""z 5D*""","=""4""","=""3d2.4s.(4F).5s""","=""e 5F""","=""4""",,"=""T6897""","=""L10989""",
"=""570.9904""","=""0.0004""","=""570.99026""","=""0.00010""","=""2""","=""""",,"=""25102.875""","=""42611.4510""","=""3d2.(3P).4s.4p.(3P*)""","=""z 5S*""","=""2""","=""3d2.4s.(4F).4d""","=""e 5P""","=""1""",,"=""""","=""L10989""",
"=""571.1853""","=""0.0004""","=""571.18539""","=""0.00013""","=""77""","=""5.99e+06""",B+,"=""18593.947""","=""36096.542""","=""3d2.(3F).4s.4p.(3P*)""","=""z 5D*""","=""3""","=""3d2.4s.(4F).5s""","=""e 5F""","=""3""",,"=""T6897""","=""L10989""",
"=""571.3881""","=""0.0004""","=""571.3881""","=""0.0003""","=""51""","=""""",,"=""18462.722""","=""35959.109""","=""3d2.(3F).4s.4p.(3P*)""","=""z 5D*""","=""0""","=""3d2.4s.(4F).5s""","=""e 5F""","=""1""",,"=""""","=""L10989""",
"=""571.5114""","=""0.0004""","=""571.5116""","=""0.0003""","=""200""","=""""",,"=""18192.570""","=""35685.174""","=""3d3.(2H).4s""","=""a 3H""","=""6""","=""3d3.(2G).4p""","=""y 3H*""","=""6""",,"=""""","=""L10989""",
"=""571.6442""","=""0.0004""","=""571.64450""","=""0.00013""","=""74""","=""7.70e+06""",B+,"=""18525.059""","=""36013.597""","=""3d2.(3F).4s.4p.(3P*)""","=""z 5D*""","=""2""","=""3d2.4s.(4F).5s""","=""e 5F""","=""2""",,"=""T6897""","=""L10989""",
"=""572.0435""","=""0.0004""","=""572.04366""","=""0.00016""","=""51""","=""8.6e+06""",D,"=""18482.774""","=""35959.109""","=""3d2.(3F).4s.4p.(3P*)""","=""z 5D*""","=""1""","=""3d2.4s.(4F).5s""","=""e 5F""","=""1""",,"=""T4401n""","=""L10989""",
"=""572.3375""","=""0.0004""","=""572.33743""","=""0.00010""","=""2""","=""""",,"=""25438.908""","=""42906.2727""","=""3d3.(4F).4p""","=""y 3D*""","=""2""","=""3d2.4s.(4F).4d""","=""3D""","=""3""",,"=""""","=""L10989""",
"=""573.1113""","=""0.0004""","=""573.11179""","=""0.00020""","=""4""","=""""",,"=""17995.487""","=""35439.251""","=""3d3.(2P).4s""","=""b 3P""","=""0""","=""3d2.(3P).4s.4p.(1P*)""","=""y 3S*""","=""1""",,"=""""","=""L10989""",
"=""573.4192""","=""0.0004""","=""573.41977""","=""0.00013""","=""2""","=""""",,"=""25797.595""","=""43231.9903""","=""3d2.(3P).4s.4p.(3P*)""","=""5D*""","=""3""","=""3d2.4s.(4F).4d""","=""g 5F""","=""4""",,"=""""","=""L10989""",
"=""573.4310""","=""0.0004""","=""573.43112""","=""0.00013""","=""9""","=""""",,"=""18525.059""","=""35959.109""","=""3d2.(3F).4s.4p.(3P*)""","=""z 5D*""","=""2""","=""3d2.4s.(4F).5s""","=""e 5F""","=""1""",,"=""""","=""L10989""",
"=""573.9049""","=""0.0004""","=""573.90516""","=""0.00013""","=""9""","=""8.50e+05""",B,"=""18593.947""","=""36013.597""","=""3d2.(3F).4s.4p.(3P*)""","=""z 5D*""","=""3""","=""3d2.4s.(4F).5s""","=""e 5F""","=""2""",,"=""T6897""","=""L10989""",
"=""573.9468""","=""0.0004""","=""573.94690""","=""0.00020""","=""170""","=""4.6e+06""",D,"=""18141.265""","=""35559.648""","=""3d3.(2H).4s""","=""a 3H""","=""5""","=""3d3.(2G).4p""","=""y 3H*""","=""5""",,"=""T4401n""","=""L10989""",
"=""573.9978""","=""0.0004""","=""573.99778""","=""0.00023""","=""82""","=""4.8e+06""",D,"=""18037.213""","=""35454.052""","=""3d3.(2H).4s""","=""a 3H""","=""4""","=""3d3.(2G).4p""","=""y 3H*""","=""4""",,"=""T4401n""","=""L10989""",
"=""574.1197""","=""0.0004""","=""574.1201""","=""0.0003""","=""17""","=""""",,"=""20209.447""","=""37622.575""","=""3d3.(2D2).4s""","=""b 1D""","=""2""","=""3d.4s2.4p""","=""x 1F*""","=""3""",,"=""""","=""L10989""",
"=""574.1394""","=""0.0004""","=""574.13951""","=""0.00010""","=""2""","=""""",,"=""25493.733""","=""42906.2727""","=""3d2.(1D).4s.4p.(3P*)""","=""3P*""","=""2""","=""3d2.4s.(4F).4d""","=""3D""","=""3""",,"=""""","=""L10989""",
"=""574.4462""","=""0.0004""","=""574.44646""","=""0.00017""","=""4""","=""""",,"=""25926.771""","=""43330.0066""","=""3d2.(3P).4s.4p.(3P*)""","=""5D*""","=""4""","=""3d2.4s.(4F).4d""","=""g 5F""","=""5""",,"=""""","=""L10989""",
"=""574.5065""","=""0.0004""","=""574.50679""","=""0.00013""","=""5""","=""3.11e+05""",C+,"=""18695.134""","=""36096.542""","=""3d2.(3F).4s.4p.(3P*)""","=""z 5D*""","=""4""","=""3d2.4s.(4F).5s""","=""e 5F""","=""3""",,"=""T6897""","=""L10989""",
"=""575.1749""","=""0.0004""","=""575.17527""","=""0.00017""","=""3""","=""""",,"=""26494.330""","=""43875.514""","=""3d3.(4F).4p""","=""y 5G*""","=""2""","=""3d3.(4F).4d""","=""5F""","=""1""",,"=""""","=""L10989""",
"=""575.2853""","=""0.0004""","=""575.28515""","=""0.00013""","=""11""","=""""",,"=""18061.387""","=""35439.251""","=""3d3.(2P).4s""","=""b 3P""","=""1""","=""3d2.(3P).4s.4p.(1P*)""","=""y 3S*""","=""1""",,"=""""","=""L10989""",
"=""575.6424""","=""0.0004""","=""575.64244""","=""0.00020""","=""7""","=""""",,"=""18192.570""","=""35559.648""","=""3d3.(2H).4s""","=""a 3H""","=""6""","=""3d3.(2G).4p""","=""y 3H*""","=""5""",,"=""""","=""L10989""",
"=""575.6848""","=""0.0004""","=""575.68505""","=""0.00010""","=""18""","=""""",,"=""25643.701""","=""43009.4937""","=""3d3.(4F).4p""","=""y 3D*""","=""3""","=""3d4""","=""3F1""","=""4""",,"=""""","=""L10989""",
"=""576.2209""","=""0.0004""","=""576.22086""","=""0.00013""","=""5""","=""""",,"=""26564.400""","=""43914.0450""","=""3d3.(4F).4p""","=""y 5G*""","=""3""","=""3d3.(4F).4d""","=""5F""","=""2""",,"=""""","=""L10989""",
"=""576.2284""","=""0.0004""","=""576.22863""","=""0.00013""","=""50""","=""""",,"=""26494.330""","=""43843.741""","=""3d3.(4F).4p""","=""y 5G*""","=""2""","=""3d3.(4F).4d""","=""f 5H""","=""3""",,"=""""","=""L10989""",
"=""576.3547""","=""0.0004""","=""576.35487""","=""0.00017""","=""6""","=""""",,"=""20209.447""","=""37555.058""","=""3d3.(2D2).4s""","=""b 1D""","=""2""","=""3d3.(2G).4p""","=""v 3G*""","=""3""",,"=""""","=""L10989""",
"=""576.6326""","=""0.0004""","=""576.63266""","=""0.00013""","=""61""","=""""",,"=""26564.400""","=""43901.6548""","=""3d3.(4F).4p""","=""y 5G*""","=""3""","=""3d3.(4F).4d""","=""f 5H""","=""4""",,"=""""","=""L10989""",
"=""576.6561""","=""0.0004""","=""576.65599""","=""0.00010""","=""3""","=""""",,"=""25317.814""","=""42654.3674""","=""3d3.(4F).4p""","=""y 3D*""","=""1""","=""3d2.4s.(4F).4d""","=""3D""","=""1""",,"=""""","=""L10989""",
"=""576.8322""","=""0.0004""","=""576.83190""","=""0.00010""","=""3""","=""""",,"=""25438.908""","=""42770.1745""","=""3d3.(4F).4p""","=""y 3D*""","=""2""","=""3d2.4s.(4F).4d""","=""3D""","=""2""",,"=""""","=""L10989""",
"=""577.1334""","=""0.0004""","=""577.13336""","=""0.00010""","=""5""","=""""",,"=""25643.701""","=""42965.9148""","=""3d3.(4F).4p""","=""y 3D*""","=""3""","=""3d4""","=""3F1""","=""3""",,"=""""","=""L10989""",
"=""577.4026""","=""0.0004""","=""577.40280""","=""0.00013""","=""75""","=""5.5e+07""",D,"=""26657.416""","=""43971.5467""","=""3d3.(4F).4p""","=""y 5G*""","=""4""","=""3d3.(4F).4d""","=""f 5H""","=""5""",,"=""T4401n""","=""L10989""",
"=""577.4475""","=""0.0004""","=""577.44761""","=""0.00023""","=""7""","=""""",,"=""18141.265""","=""35454.052""","=""3d3.(2H).4s""","=""a 3H""","=""5""","=""3d3.(2G).4p""","=""y 3H*""","=""4""",,"=""""","=""L10989""",
"=""577.4663""","=""0.0004""","=""577.46619""","=""0.00013""","=""6""","=""""",,"=""26657.416""","=""43969.6460""","=""3d3.(4F).4p""","=""y 5G*""","=""4""","=""3d3.(4F).4d""","=""5F""","=""3""",,"=""""","=""L10989""",
"=""578.0760""","=""0.0004""","=""578.07609""","=""0.00013""","=""23""","=""""",,"=""18145.286""","=""35439.251""","=""3d3.(2P).4s""","=""b 3P""","=""2""","=""3d2.(3P).4s.4p.(1P*)""","=""y 3S*""","=""1""",,"=""""","=""L10989""",
"=""578.5652""","=""0.0004""","=""578.56534""","=""0.00013""","=""10""","=""""",,"=""26564.400""","=""43843.741""","=""3d3.(4F).4p""","=""y 5G*""","=""3""","=""3d3.(4F).4d""","=""f 5H""","=""3""",,"=""""","=""L10989""",
"=""578.5977""","=""0.0004""","=""578.59795""","=""0.00013""","=""90""","=""6.1e+07""",D,"=""26772.968""","=""44051.3351""","=""3d3.(4F).4p""","=""y 5G*""","=""5""","=""3d3.(4F).4d""","=""f 5H""","=""6""",,"=""T4401n""","=""L10989""",
"=""578.8080""","=""0.0004""","=""578.80809""","=""0.00020""","=""4""","=""""",,"=""18287.554""","=""35559.648""","=""3d3.(2G).4s""","=""b 1G""","=""4""","=""3d3.(2G).4p""","=""y 3H*""","=""5""",,"=""""","=""L10989""",
"=""578.9748""","=""0.0004""","=""578.97462""","=""0.00013""","=""8""","=""""",,"=""26772.968""","=""44040.0941""","=""3d3.(4F).4p""","=""y 5G*""","=""5""","=""3d3.(4F).4d""","=""5F""","=""4""",,"=""""","=""L10989""",
"=""579.1274""","=""0.0004""","=""579.12737""","=""0.00010""","=""4""","=""""",,"=""25643.701""","=""42906.2727""","=""3d3.(4F).4p""","=""y 3D*""","=""3""","=""3d2.4s.(4F).4d""","=""3D""","=""3""",,"=""""","=""L10989""",
"=""579.7430""","=""0.0004""","=""579.74307""","=""0.00013""","=""16""","=""""",,"=""26657.416""","=""43901.6548""","=""3d3.(4F).4p""","=""y 5G*""","=""4""","=""3d3.(4F).4d""","=""f 5H""","=""4""",,"=""""","=""L10989""",
"=""580.4262""","=""0.0004""","=""580.42601""","=""0.00020""","=""98""","=""6.8e+07""",D,"=""26910.709""","=""44134.658""","=""3d3.(4F).4p""","=""y 5G*""","=""6""","=""3d3.(4F).4d""","=""f 5H""","=""7""",,"=""T4401n""","=""L10989""",
"=""580.7123""","=""0.0004""","=""580.71225""","=""0.00010""","=""2""","=""""",,"=""25438.908""","=""42654.3674""","=""3d3.(4F).4p""","=""y 3D*""","=""2""","=""3d2.4s.(4F).4d""","=""3D""","=""1""",,"=""""","=""L10989""",
"=""580.8198""","=""0.0004""","=""580.81976""","=""0.00017""","=""8""","=""""",,"=""26910.709""","=""44122.9818""","=""3d3.(4F).4p""","=""y 5G*""","=""6""","=""3d3.(4F).4d""","=""5F""","=""5""",,"=""""","=""L10989""",
"=""580.9788""","=""0.0004""","=""580.97866""","=""0.00017""","=""3""","=""""",,"=""8492.422""","=""25699.987""","=""3d2.4s2""","=""a 3P""","=""1""","=""3d2.(3P).4s.4p.(3P*)""","=""5D*""","=""2""",,"=""""","=""L10989""",
"=""581.2820""","=""0.0004""","=""581.28223""","=""0.00014""","=""17""","=""""",,"=""26772.968""","=""43971.5467""","=""3d3.(4F).4p""","=""y 5G*""","=""5""","=""3d3.(4F).4d""","=""f 5H""","=""5""",,"=""""","=""L10989""",
"=""581.3946""","=""0.0004""","=""581.39473""","=""0.00014""","=""19""","=""""",,"=""8602.3441""","=""25797.595""","=""3d2.4s2""","=""a 3P""","=""2""","=""3d2.(3P).4s.4p.(3P*)""","=""5D*""","=""3""",,"=""""","=""L10989""",
"=""582.3686""","=""0.0004""","=""582.36854""","=""0.00024""","=""65""","=""""",,"=""18287.554""","=""35454.052""","=""3d3.(2G).4s""","=""b 1G""","=""4""","=""3d3.(2G).4p""","=""y 3H*""","=""4""",,"=""""","=""L10989""",
"=""583.1936""","=""0.0004""","=""583.19372""","=""0.00014""","=""7""","=""""",,"=""26494.330""","=""43636.5388""","=""3d3.(4F).4p""","=""y 5G*""","=""2""","=""3d3.(4F).4d""","=""5G""","=""3""",,"=""""","=""L10989""",
"=""583.2473""","=""0.0004""","=""583.24757""","=""0.00017""","=""13""","=""""",,"=""26910.709""","=""44051.3351""","=""3d3.(4F).4p""","=""y 5G*""","=""6""","=""3d3.(4F).4d""","=""f 5H""","=""6""",,"=""""","=""L10989""",
"=""583.4522""","=""0.0004""","=""583.45206""","=""0.00014""","=""11""","=""""",,"=""26564.400""","=""43699.0187""","=""3d3.(4F).4p""","=""y 5G*""","=""3""","=""3d3.(4F).4d""","=""5G""","=""4""",,"=""""","=""L10989""",
"=""583.7294""","=""0.0004""","=""583.72954""","=""0.00010""","=""4""","=""""",,"=""25643.701""","=""42770.1745""","=""3d3.(4F).4p""","=""y 3D*""","=""3""","=""3d2.4s.(4F).4d""","=""3D""","=""2""",,"=""""","=""L10989""",
"=""583.7996""","=""0.0004""","=""583.79957""","=""0.00014""","=""15""","=""""",,"=""26657.416""","=""43781.8353""","=""3d3.(4F).4p""","=""y 5G*""","=""4""","=""3d3.(4F).4d""","=""5G""","=""5""",,"=""""","=""L10989""",
"=""583.9514""","=""0.0004""","=""583.95143""","=""0.00020""","=""12""","=""""",,"=""8492.422""","=""25612.388""","=""3d2.4s2""","=""a 3P""","=""1""","=""3d2.(3P).4s.4p.(3P*)""","=""5D*""","=""0""",,"=""""","=""L10989""",
"=""583.9760""","=""0.0006""","=""583.97596""","=""0.00017""","=""""","=""""",,"=""11776.812""","=""28896.059""","=""3d3.(4F).4s""","=""b 3F""","=""4""","=""3d3.(4F).4p""","=""y 5F*""","=""5""",,"=""""","=""L9190""",
"=""584.1173""","=""0.0004""","=""584.11736""","=""0.00014""","=""15""","=""""",,"=""26772.968""","=""43888.0708""","=""3d3.(4F).4p""","=""y 5G*""","=""5""","=""3d3.(4F).4d""","=""5G""","=""6""",,"=""""","=""L10989""",
"=""584.6103""","=""0.0004""","=""584.61042""","=""0.00021""","=""3""","=""""",,"=""8436.618""","=""25537.286""","=""3d2.4s2""","=""a 3P""","=""0""","=""3d2.(1D).4s.4p.(3P*)""","=""3P*""","=""1""",,"=""""","=""L10989""",
"=""584.7087""","=""0.0004""","=""584.70882""","=""0.00014""","=""10""","=""""",,"=""26494.330""","=""43592.1203""","=""3d3.(4F).4p""","=""y 5G*""","=""2""","=""3d3.(4F).4d""","=""5G""","=""2""",,"=""""","=""L10989""",
"=""585.2324""","=""0.0004""","=""585.23267""","=""0.00017""","=""27""","=""""",,"=""8492.422""","=""25574.908""","=""3d2.4s2""","=""a 3P""","=""1""","=""3d2.(1D).4s.4p.(3P*)""","=""3P*""","=""0""",,"=""""","=""L10989""",
"=""585.5873""","=""0.0004""","=""585.58737""","=""0.00014""","=""9""","=""""",,"=""26564.400""","=""43636.5388""","=""3d3.(4F).4p""","=""y 5G*""","=""3""","=""3d3.(4F).4d""","=""5G""","=""3""",,"=""""","=""L10989""",
"=""586.5244""","=""0.0004""","=""586.52442""","=""0.00014""","=""7""","=""""",,"=""8492.422""","=""25537.286""","=""3d2.4s2""","=""a 3P""","=""1""","=""3d2.(1D).4s.4p.(3P*)""","=""3P*""","=""1""",,"=""""","=""L10989""",
"=""586.6362""","=""0.0004""","=""586.63667""","=""0.00014""","=""24""","=""""",,"=""26657.416""","=""43699.0187""","=""3d3.(4F).4p""","=""y 5G*""","=""4""","=""3d3.(4F).4d""","=""5G""","=""4""",,"=""""","=""L10989""",
"=""586.6449""","=""0.0004""","=""586.64513""","=""0.00014""","=""1100""","=""4.00e+06""",C+,"=""8602.3441""","=""25643.701""","=""3d2.4s2""","=""a 3P""","=""2""","=""3d3.(4F).4p""","=""y 3D*""","=""3""",,"=""T4294""","=""L10989""",
"=""586.9195""","=""0.0004""","=""586.91983""","=""0.00014""","=""3""","=""""",,"=""8602.3441""","=""25635.725""","=""3d2.4s2""","=""a 3P""","=""2""","=""3d2.(3P).4s.4p.(3P*)""","=""5D*""","=""1""",,"=""""","=""L10989""",
"=""587.1146""","=""0.0004""","=""587.11495""","=""0.00014""","=""2""","=""""",,"=""26564.400""","=""43592.1203""","=""3d3.(4F).4p""","=""y 5G*""","=""3""","=""3d3.(4F).4d""","=""5G""","=""2""",,"=""""","=""L10989""",
"=""587.2425""","=""0.0009""","=""587.24330""","=""0.00017""","=""2q""","=""""",,"=""25699.987""","=""42723.9855""","=""3d2.(3P).4s.4p.(3P*)""","=""5D*""","=""2""","=""3d2.4s.(4F).4d""","=""e 5P""","=""2""",,"=""""","=""L10989""",
"=""587.7657""","=""0.0004""","=""587.76573""","=""0.00014""","=""14""","=""""",,"=""26772.968""","=""43781.8353""","=""3d3.(4F).4p""","=""y 5G*""","=""5""","=""3d3.(4F).4d""","=""5G""","=""5""",,"=""""","=""L10989""",
"=""588.0268""","=""0.0004""","=""588.02696""","=""0.00014""","=""140""","=""3.48e+05""",C+,"=""8492.422""","=""25493.733""","=""3d2.4s2""","=""a 3P""","=""1""","=""3d2.(1D).4s.4p.(3P*)""","=""3P*""","=""2""",,"=""T4498""","=""L10989""",
"=""588.8574""","=""0.0009""","=""588.85647""","=""0.00017""","=""23q""","=""""",,"=""26910.709""","=""43888.0708""","=""3d3.(4F).4p""","=""y 5G*""","=""6""","=""3d3.(4F).4d""","=""5G""","=""6""",,"=""""","=""L10989""",
"=""588.9813""","=""0.0004""","=""588.98178""","=""0.00021""","=""2""","=""""",,"=""18061.387""","=""35035.137""","=""3d3.(2P).4s""","=""b 3P""","=""1""","=""3d2.(3P).4s.4p.(3P*)""","=""x 1D*""","=""2""",,"=""""","=""L10989""",
"=""589.4092""","=""0.0004""","=""589.40917""","=""0.00010""","=""3""","=""""",,"=""0.000""","=""16961.442""","=""3d2.4s2""","=""a 3F""","=""2""","=""3d2.(3F).4s.4p.(3P*)""","=""z 5F*""","=""3""",,"=""""","=""L10989""",
"=""589.9291""","=""0.0004""","=""589.92936""","=""0.00014""","=""670""","=""2.69e+06""",C+,"=""8492.422""","=""25438.908""","=""3d2.4s2""","=""a 3P""","=""1""","=""3d3.(4F).4p""","=""y 3D*""","=""2""",,"=""T4294""","=""L10989""",
"=""590.3315""","=""0.0004""","=""590.33150""","=""0.00014""","=""150""","=""4.57e+05""",C+,"=""8602.3441""","=""25537.286""","=""3d2.4s2""","=""a 3P""","=""2""","=""3d2.(1D).4s.4p.(3P*)""","=""3P*""","=""1""",,"=""T4498""","=""L10989""",
"=""590.4334""","=""0.0009""","=""590.43424""","=""0.00017""","=""5q""","=""""",,"=""25926.771""","=""42858.7661""","=""3d2.(3P).4s.4p.(3P*)""","=""5D*""","=""4""","=""3d2.4s.(4F).4d""","=""e 5P""","=""3""",,"=""""","=""L10989""",
"=""590.6296""","=""0.0004""","=""590.62974""","=""0.00014""","=""3""","=""""",,"=""25797.595""","=""42723.9855""","=""3d2.(3P).4s.4p.(3P*)""","=""5D*""","=""3""","=""3d2.4s.(4F).4d""","=""e 5P""","=""2""",,"=""""","=""L10989""",
"=""590.6420""","=""0.0004""","=""590.64160""","=""0.00014""","=""2""","=""""",,"=""26772.968""","=""43699.0187""","=""3d3.(4F).4p""","=""y 5G*""","=""5""","=""3d3.(4F).4d""","=""5G""","=""4""",,"=""""","=""L10989""",
"=""""","=""""","=""590.64456""","=""0.00014""","=""0""","=""6.7e+05""",D,"=""11776.812""","=""28702.778""","=""3d3.(4F).4s""","=""b 3F""","=""4""","=""3d3.(4F).4p""","=""y 5F*""","=""3""",,"=""T4401n""","=""""",
"=""591.3723""","=""0.0004""","=""591.37272""","=""0.00014""","=""15""","=""""",,"=""170.1328""","=""17075.258""","=""3d2.4s2""","=""a 3F""","=""3""","=""3d2.(3F).4s.4p.(3P*)""","=""z 5F*""","=""4""",,"=""""","=""L10989""",
"=""591.8534""","=""0.0004""","=""591.85363""","=""0.00014""","=""300""","=""1.3e+06""",C,"=""8602.3441""","=""25493.733""","=""3d2.4s2""","=""a 3P""","=""2""","=""3d2.(1D).4s.4p.(3P*)""","=""3P*""","=""2""",,"=""T3430""","=""L10989""",
"=""591.9070""","=""0.0004""","=""591.90752""","=""0.00021""","=""6""","=""""",,"=""18145.286""","=""35035.137""","=""3d3.(2P).4s""","=""b 3P""","=""2""","=""3d2.(3P).4s.4p.(3P*)""","=""x 1D*""","=""2""",,"=""""","=""L10989""",
"=""592.2108""","=""0.0004""","=""592.21100""","=""0.00018""","=""310""","=""2.17e+06""",C+,"=""8436.618""","=""25317.814""","=""3d2.4s2""","=""a 3P""","=""0""","=""3d3.(4F).4p""","=""y 3D*""","=""1""",,"=""T4294,T4498""","=""L10989""",
"=""593.7807""","=""0.0004""","=""593.78091""","=""0.00014""","=""99""","=""4.9e+05""",C,"=""8602.3441""","=""25438.908""","=""3d2.4s2""","=""a 3P""","=""2""","=""3d3.(4F).4p""","=""y 3D*""","=""2""",,"=""T3430,T3297""","=""L10989""",
"=""594.0646""","=""0.0004""","=""594.06487""","=""0.00014""","=""24""","=""""",,"=""386.874""","=""17215.390""","=""3d2.4s2""","=""a 3F""","=""4""","=""3d2.(3F).4s.4p.(3P*)""","=""z 5F*""","=""5""",,"=""""","=""L10989""",
"=""594.1750""","=""0.0004""","=""594.17517""","=""0.00014""","=""230""","=""1.9e+06""",C,"=""8492.422""","=""25317.814""","=""3d2.4s2""","=""a 3P""","=""1""","=""3d3.(4F).4p""","=""y 3D*""","=""1""",,"=""T3297""","=""L10989""",
"=""594.4658""","=""0.0004""","=""594.46603""","=""0.00011""","=""19""","=""""",,"=""0.000""","=""16817.160""","=""3d2.4s2""","=""a 3F""","=""2""","=""3d2.(3F).4s.4p.(3P*)""","=""z 5F*""","=""1""",,"=""""","=""L10989""",
"=""595.3157""","=""0.0004""","=""595.3159""","=""0.0003""","=""1400""","=""6.79e+06""",C+,"=""15220.393""","=""32013.544""","=""3d3.(2G).4s""","=""a 3G""","=""5""","=""3d2.(1G).4s.4p.(3P*)""","=""z 3H*""","=""6""",,"=""T4922""","=""L10989""",
"=""595.7361""","=""0.0004""","=""595.73569""","=""0.00011""","=""10""","=""""",,"=""25388.331""","=""42169.6496""","=""3d2.(3F).4s.4p.(1P*)""","=""y 3F*""","=""4""","=""3d2.4s.(4F).4d""","=""3G""","=""5""",,"=""""","=""L10989""",
"=""595.8746""","=""0.0004""","=""595.87516""","=""0.00014""","=""3""","=""1.19e+05""",C+,"=""19573.974""","=""36351.365""","=""3d2.(3F).4s.4p.(3P*)""","=""z 3F*""","=""4""","=""3d2.4s.(4F).5s""","=""e 5F""","=""5""",,"=""T6897""","=""L10989""",
"=""596.4461""","=""0.0009""","=""596.44707""","=""0.00011""","=""2q""","=""""",,"=""25227.222""","=""41988.5259""","=""3d2.(3F).4s.4p.(1P*)""","=""y 3F*""","=""3""","=""3d2.4s.(4F).4d""","=""g 3F""","=""3""",,"=""""","=""L10989""",
"=""596.4802""","=""0.0004""","=""596.48030""","=""0.00011""","=""4""","=""""",,"=""25107.411""","=""41867.7812""","=""3d2.(3F).4s.4p.(1P*)""","=""y 3F*""","=""2""","=""3d2.4s.(4F).4d""","=""3G""","=""3""",,"=""""","=""L10989""",
"=""596.5825""","=""0.0004""","=""596.58285""","=""0.00021""","=""1200""","=""6.64e+06""",C+,"=""15156.802""","=""31914.291""","=""3d3.(2G).4s""","=""a 3G""","=""4""","=""3d2.(1G).4s.4p.(3P*)""","=""z 3H*""","=""5""",,"=""T4922""","=""L10989""",
"=""596.9138""","=""0.0004""","=""596.91363""","=""0.00011""","=""7""","=""""",,"=""25227.222""","=""41975.4249""","=""3d2.(3F).4s.4p.(1P*)""","=""y 3F*""","=""3""","=""3d2.4s.(4F).4d""","=""3G""","=""4""",,"=""""","=""L10989""",
"=""597.1175""","=""0.0004""","=""597.11760""","=""0.00014""","=""13""","=""""",,"=""19322.984""","=""36065.466""","=""3d2.(3F).4s.4p.(3P*)""","=""z 3F*""","=""2""","=""3d4""","=""b 3G""","=""3""",,"=""""","=""L10989""",
"=""597.8539""","=""0.0004""","=""597.8541""","=""0.0003""","=""1000""","=""6.62e+06""",C+,"=""15108.111""","=""31829.969""","=""3d3.(2G).4s""","=""a 3G""","=""3""","=""3d2.(1G).4s.4p.(3P*)""","=""z 3H*""","=""4""",,"=""T4922""","=""L10989""",
"=""597.9657""","=""0.0004""","=""597.96615""","=""0.00011""","=""2""","=""""",,"=""25388.331""","=""42107.0545""","=""3d2.(3F).4s.4p.(1P*)""","=""y 3F*""","=""4""","=""3d2.4s.(4F).4d""","=""g 3F""","=""4""",,"=""""","=""L10989""",
"=""598.0822""","=""0.0004""","=""598.08255""","=""0.00014""","=""9""","=""""",,"=""8602.3441""","=""25317.814""","=""3d2.4s2""","=""a 3P""","=""2""","=""3d3.(4F).4p""","=""y 3D*""","=""1""",,"=""""","=""L10989""",
"=""598.2530""","=""0.0004""","=""598.25316""","=""0.00014""","=""17""","=""""",,"=""19421.580""","=""36132.283""","=""3d2.(3F).4s.4p.(3P*)""","=""z 3F*""","=""3""","=""3d4""","=""b 3G""","=""4""",,"=""""","=""L10989""",
"=""598.4576""","=""0.0004""","=""598.45772""","=""0.00014""","=""20""","=""""",,"=""170.1328""","=""16875.124""","=""3d2.4s2""","=""a 3F""","=""3""","=""3d2.(3F).4s.4p.(3P*)""","=""z 5F*""","=""2""",,"=""""","=""L10989""",
"=""598.8551""","=""0.0004""","=""598.8554""","=""0.0003""","=""51""","=""""",,"=""15220.393""","=""31914.291""","=""3d3.(2G).4s""","=""a 3G""","=""5""","=""3d2.(1G).4s.4p.(3P*)""","=""z 3H*""","=""5""",,"=""""","=""L10989""",
"=""599.0526""","=""0.0004""","=""599.05327""","=""0.00014""","=""2""","=""""",,"=""386.874""","=""17075.258""","=""3d2.4s2""","=""a 3F""","=""4""","=""3d2.(3F).4s.4p.(3P*)""","=""z 5F*""","=""4""",,"=""""","=""L10989""",
"=""599.5662""","=""0.0004""","=""599.56631""","=""0.00014""","=""19""","=""""",,"=""24694.892""","=""41368.996""","=""3d2.(3F).4s.4p.(3P*)""","=""z 1G*""","=""4""","=""3d2.4s.(2F).5s""","=""3F""","=""3""",,"=""""","=""L10989""",
"=""599.5996""","=""0.0004""","=""599.6000""","=""0.0003""","=""51""","=""""",,"=""15156.802""","=""31829.969""","=""3d3.(2G).4s""","=""a 3G""","=""4""","=""3d2.(1G).4s.4p.(3P*)""","=""z 3H*""","=""4""",,"=""""","=""L10989""",
"=""599.9008""","=""0.0004""","=""599.90116""","=""0.00014""","=""20""","=""""",,"=""17540.188""","=""34204.985""","=""3d3.(2D2).4s""","=""a 3D""","=""3""","=""3d2.(1G).4s.4p.(3P*)""","=""v 3F*""","=""4""",,"=""""","=""L10989""",
"=""599.9657""","=""0.0004""","=""599.96579""","=""0.00022""","=""140""","=""""",,"=""18037.213""","=""34700.215""","=""3d3.(2H).4s""","=""a 3H""","=""4""","=""3d3.(2G).4p""","=""z 1H*""","=""5""",,"=""""","=""L10989""",
"=""600.2630""","=""0.0004""","=""600.26306""","=""0.00014""","=""15""","=""""",,"=""17423.856""","=""34078.606""","=""3d3.(2D2).4s""","=""a 3D""","=""2""","=""3d2.(1G).4s.4p.(3P*)""","=""v 3F*""","=""3""",,"=""""","=""L10989""",
"=""601.2727""","=""0.0009""","=""601.27364""","=""0.00022""","=""22q""","=""""",,"=""19573.974""","=""36200.732""","=""3d2.(3F).4s.4p.(3P*)""","=""z 3F*""","=""4""","=""3d4""","=""b 3G""","=""5""",,"=""""","=""L10989""",
"=""601.3413""","=""0.0004""","=""601.34164""","=""0.00014""","=""15""","=""2.1e+04""",D,"=""8602.3441""","=""25227.222""","=""3d2.4s2""","=""a 3P""","=""2""","=""3d2.(3F).4s.4p.(1P*)""","=""y 3F*""","=""3""",,"=""T3297""","=""L10989""",
"=""601.4765""","=""0.0004""","=""601.47644""","=""0.00022""","=""3""","=""""",,"=""18818.099""","=""35439.251""","=""3d3.(4P).4s""","=""c 3P""","=""0""","=""3d2.(3P).4s.4p.(1P*)""","=""y 3S*""","=""1""",,"=""""","=""L10989""",
"=""601.6994""","=""0.0004""","=""601.69955""","=""0.00014""","=""4""","=""8.6e+03""",D,"=""8492.422""","=""25107.411""","=""3d2.4s2""","=""a 3P""","=""1""","=""3d2.(3F).4s.4p.(1P*)""","=""y 3F*""","=""2""",,"=""T3297""","=""L10989""",
"=""601.7545""","=""0.0004""","=""601.75460""","=""0.00018""","=""7""","=""""",,"=""18825.782""","=""35439.251""","=""3d3.(4P).4s""","=""c 3P""","=""1""","=""3d2.(3P).4s.4p.(1P*)""","=""y 3S*""","=""1""",,"=""""","=""L10989""",
"=""601.8394""","=""0.0004""","=""601.83955""","=""0.00018""","=""13""","=""""",,"=""17369.529""","=""33980.653""","=""3d3.(2D2).4s""","=""a 3D""","=""1""","=""3d2.(1G).4s.4p.(3P*)""","=""v 3F*""","=""2""",,"=""""","=""L10989""",
"=""601.8636""","=""0.0004""","=""601.86386""","=""0.00014""","=""21""","=""""",,"=""8492.422""","=""25102.875""","=""3d2.4s2""","=""a 3P""","=""1""","=""3d2.(3P).4s.4p.(3P*)""","=""z 5S*""","=""2""",,"=""""","=""L10989""",
"=""603.1668""","=""0.0004""","=""603.16695""","=""0.00015""","=""12""","=""""",,"=""386.874""","=""16961.442""","=""3d2.4s2""","=""a 3F""","=""4""","=""3d2.(3F).4s.4p.(3P*)""","=""z 5F*""","=""3""",,"=""""","=""L10989""",
"=""604.8717""","=""0.0004""","=""604.87163""","=""0.00018""","=""5""","=""""",,"=""18911.394""","=""35439.251""","=""3d3.(4P).4s""","=""c 3P""","=""2""","=""3d2.(3P).4s.4p.(1P*)""","=""y 3S*""","=""1""",,"=""""","=""L10989""",
"=""605.7067""","=""0.0004""","=""605.70684""","=""0.00015""","=""5""","=""""",,"=""8602.3441""","=""25107.411""","=""3d2.4s2""","=""a 3P""","=""2""","=""3d2.(3F).4s.4p.(1P*)""","=""y 3F*""","=""2""",,"=""""","=""L10989""",
"=""605.8731""","=""0.0004""","=""605.87335""","=""0.00015""","=""7""","=""""",,"=""8602.3441""","=""25102.875""","=""3d2.4s2""","=""a 3P""","=""2""","=""3d2.(3P).4s.4p.(3P*)""","=""z 5S*""","=""2""",,"=""""","=""L10989""",
"=""606.4623""","=""0.0004""","=""606.46260""","=""0.00022""","=""250""","=""6.88e+05""",C+,"=""8436.618""","=""24921.117""","=""3d2.4s2""","=""a 3P""","=""0""","=""3d2.(3P).4s.4p.(3P*)""","=""z 3S*""","=""1""",,"=""T4498""","=""L10989""",
"=""606.9271""","=""0.0004""","=""606.92699""","=""0.00015""","=""2""","=""""",,"=""15156.802""","=""31628.688""","=""3d3.(2G).4s""","=""a 3G""","=""4""","=""3d3.(4F).4p""","=""w 3G*""","=""5""",,"=""""","=""L10989""",
"=""608.5225""","=""0.0004""","=""608.52261""","=""0.00015""","=""620""","=""""",,"=""8492.422""","=""24921.117""","=""3d2.4s2""","=""a 3P""","=""1""","=""3d2.(3P).4s.4p.(3P*)""","=""z 3S*""","=""1""",,"=""""","=""L10989""",
"=""609.1169""","=""0.0004""","=""609.11710""","=""0.00022""","=""360""","=""6.17e+06""",C+,"=""18287.554""","=""34700.215""","=""3d3.(2G).4s""","=""b 1G""","=""4""","=""3d3.(2G).4p""","=""z 1H*""","=""5""",,"=""T4922""","=""L10989""",
"=""609.2790""","=""0.0004""","=""609.27918""","=""0.00019""","=""53""","=""6.83e+05""",C+,"=""15220.393""","=""31628.688""","=""3d3.(2G).4s""","=""a 3G""","=""5""","=""3d3.(4F).4p""","=""w 3G*""","=""5""",,"=""T4922""","=""L10989""",
"=""609.8657""","=""0.0004""","=""609.86581""","=""0.00019""","=""96""","=""2.5e+07""",D,"=""24694.892""","=""41087.404""","=""3d2.(3F).4s.4p.(3P*)""","=""z 1G*""","=""4""","=""3d2.4s.(2F).5s""","=""e 1F""","=""3""",,"=""T4401n""","=""L10989""",
"=""610.2809""","=""0.0004""","=""610.28080""","=""0.00015""","=""2""","=""""",,"=""15108.111""","=""31489.476""","=""3d3.(2G).4s""","=""a 3G""","=""3""","=""3d3.(4F).4p""","=""w 3G*""","=""4""",,"=""""","=""L10989""",
"=""612.0999""","=""0.0004""","=""612.10019""","=""0.00015""","=""45""","=""""",,"=""15156.802""","=""31489.476""","=""3d3.(2G).4s""","=""a 3G""","=""4""","=""3d3.(4F).4p""","=""w 3G*""","=""4""",,"=""""","=""L10989""",
"=""612.6214""","=""0.0005""","=""612.62161""","=""0.00015""","=""860""","=""2.23e+06""",C+,"=""8602.3441""","=""24921.117""","=""3d2.4s2""","=""a 3P""","=""2""","=""3d2.(3P).4s.4p.(3P*)""","=""z 3S*""","=""1""",,"=""T4498""","=""L10989""",
"=""613.2781""","=""0.0005""","=""613.2783""","=""0.0003""","=""5""","=""""",,"=""27498.172""","=""43799.471""","=""3d3.(2F).4s""","=""1F""","=""3""","=""3d3.(2D2).4p""","=""u 1D*""","=""2""",,"=""""","=""L10989""",
"=""613.8415""","=""0.0005""","=""613.84161""","=""0.00019""","=""30""","=""""",,"=""17369.529""","=""33655.869""","=""3d3.(2D2).4s""","=""a 3D""","=""1""","=""3d3.(4F).4p""","=""w 3F*""","=""2""",,"=""""","=""L10989""",
"=""614.5633""","=""0.0005""","=""614.56378""","=""0.00015""","=""2""","=""""",,"=""11639.8109""","=""27907.013""","=""3d3.(4F).4s""","=""b 3F""","=""3""","=""3d2.(1D).4s.4p.(1P*)""","=""y 1D*""","=""2""",,"=""""","=""L10989""",
"=""614.6207""","=""0.0005""","=""614.62068""","=""0.00015""","=""34""","=""""",,"=""15108.111""","=""31373.807""","=""3d3.(2G).4s""","=""a 3G""","=""3""","=""3d3.(4F).4p""","=""w 3G*""","=""3""",,"=""""","=""L10989""",
"=""614.7758""","=""0.0005""","=""614.77606""","=""0.00015""","=""3""","=""""",,"=""25107.411""","=""41368.996""","=""3d2.(3F).4s.4p.(1P*)""","=""y 3F*""","=""2""","=""3d2.4s.(2F).5s""","=""3F""","=""3""",,"=""""","=""L10989""",
"=""614.9170""","=""0.0005""","=""614.91711""","=""0.00019""","=""4""","=""""",,"=""25926.771""","=""42184.6261""","=""3d2.(3P).4s.4p.(3P*)""","=""5D*""","=""4""","=""3d2.4s.(4F).4d""","=""e 5D""","=""4""",,"=""""","=""L10989""",
"=""614.9725""","=""0.0005""","=""614.97245""","=""0.00015""","=""46""","=""""",,"=""17423.856""","=""33680.248""","=""3d3.(2D2).4s""","=""a 3D""","=""2""","=""3d3.(4F).4p""","=""w 3F*""","=""3""",,"=""""","=""L10989""",
"=""615.0634""","=""0.0005""","=""615.06352""","=""0.00019""","=""3""","=""""",,"=""25227.222""","=""41481.207""","=""3d2.(3F).4s.4p.(1P*)""","=""y 3F*""","=""3""","=""3d2.4s.(2F).5s""","=""3F""","=""4""",,"=""""","=""L10989""",
"=""615.7343""","=""0.0005""","=""615.73487""","=""0.00015""","=""9""","=""""",,"=""21588.495""","=""37824.758""","=""3d2.(3F).4s.4p.(3P*)""","=""z 3G*""","=""4""","=""3d2.4s.(4F).5s""","=""e 3F""","=""4""",,"=""""","=""L10989""",
"=""615.8961""","=""0.0005""","=""615.89609""","=""0.00015""","=""6""","=""""",,"=""17423.856""","=""33655.869""","=""3d3.(2D2).4s""","=""a 3D""","=""2""","=""3d3.(4F).4p""","=""w 3F*""","=""2""",,"=""""","=""L10989""",
"=""617.4751""","=""0.0005""","=""617.47513""","=""0.00015""","=""9""","=""""",,"=""21469.488""","=""37659.992""","=""3d2.(3F).4s.4p.(3P*)""","=""z 3G*""","=""3""","=""3d2.4s.(4F).5s""","=""e 3F""","=""3""",,"=""""","=""L10989""",
"=""618.6138""","=""0.0005""","=""618.61406""","=""0.00019""","=""64""","=""""",,"=""17540.188""","=""33700.884""","=""3d3.(2D2).4s""","=""a 3D""","=""3""","=""3d3.(4F).4p""","=""w 3F*""","=""4""",,"=""""","=""L10989""",
"=""619.3390""","=""0.0005""","=""619.33923""","=""0.00015""","=""16""","=""""",,"=""25227.222""","=""41368.996""","=""3d2.(3F).4s.4p.(1P*)""","=""y 3F*""","=""3""","=""3d2.4s.(2F).5s""","=""3F""","=""3""",,"=""""","=""L10989""",
"=""619.4050""","=""0.0005""","=""619.40500""","=""0.00015""","=""6""","=""""",,"=""17540.188""","=""33680.248""","=""3d3.(2D2).4s""","=""a 3D""","=""3""","=""3d3.(4F).4p""","=""w 3F*""","=""3""",,"=""""","=""L10989""",
"=""620.0317""","=""0.0005""","=""620.0318""","=""0.0003""","=""2""","=""""",,"=""18911.394""","=""35035.137""","=""3d3.(4P).4s""","=""c 3P""","=""2""","=""3d2.(3P).4s.4p.(3P*)""","=""x 1D*""","=""2""",,"=""""","=""L10989""",
"=""620.0747""","=""0.0005""","=""620.0750""","=""0.0003""","=""4""","=""""",,"=""22404.739""","=""38527.359""","=""3d2.(3F).4s.4p.(3P*)""","=""z 1F*""","=""3""","=""3d4""","=""1G2""","=""4""",,"=""""","=""L10989""",
"=""620.1239""","=""0.0010""","=""620.1245""","=""0.0003""","=""3q""","=""""",,"=""18825.782""","=""34947.116""","=""3d3.(4P).4s""","=""c 3P""","=""1""","=""3d2.(3P).4s.4p.(3P*)""","=""y 1P*""","=""1""",,"=""""","=""L10989""",
"=""620.5224""","=""0.0005""","=""620.52260""","=""0.00015""","=""22""","=""""",,"=""11776.812""","=""27887.803""","=""3d3.(4F).4s""","=""b 3F""","=""4""","=""3d2.(3P).4s.4p.(3P*)""","=""z 5P*""","=""3""",,"=""""","=""L10989""",
"=""620.9291""","=""0.0005""","=""620.92974""","=""0.00019""","=""7""","=""""",,"=""11639.8109""","=""27740.238""","=""3d3.(4F).4s""","=""b 3F""","=""3""","=""3d2.(3P).4s.4p.(3P*)""","=""z 5P*""","=""2""",,"=""""","=""L10989""",
"=""621.2211""","=""0.0005""","=""621.22110""","=""0.00019""","=""24""","=""""",,"=""25388.331""","=""41481.207""","=""3d2.(3F).4s.4p.(1P*)""","=""y 3F*""","=""4""","=""3d2.4s.(2F).5s""","=""3F""","=""4""",,"=""""","=""L10989""",
"=""621.2739""","=""0.0005""","=""621.27410""","=""0.00023""","=""3""","=""""",,"=""25102.875""","=""41194.378""","=""3d2.(3P).4s.4p.(3P*)""","=""z 5S*""","=""2""","=""3d2.4s.(2F).5s""","=""3F""","=""2""",,"=""""","=""L10989""",
"=""621.4494""","=""0.0005""","=""621.44928""","=""0.00023""","=""13""","=""""",,"=""25107.411""","=""41194.378""","=""3d2.(3F).4s.4p.(1P*)""","=""y 3F*""","=""2""","=""3d2.4s.(2F).5s""","=""3F""","=""2""",,"=""""","=""L10989""",
"=""621.5230""","=""0.0005""","=""621.52331""","=""0.00015""","=""200""","=""""",,"=""21739.707""","=""37824.758""","=""3d2.(3F).4s.4p.(3P*)""","=""z 3G*""","=""5""","=""3d2.4s.(4F).5s""","=""e 3F""","=""4""",,"=""""","=""L10989""",
"=""622.0472""","=""0.0005""","=""622.04748""","=""0.00015""","=""150""","=""1.8e+07""",D,"=""21588.495""","=""37659.992""","=""3d2.(3F).4s.4p.(3P*)""","=""z 3G*""","=""4""","=""3d2.4s.(4F).5s""","=""e 3F""","=""3""",,"=""T4401n""","=""L10989""",
"=""622.1296""","=""0.0005""","=""622.12966""","=""0.00015""","=""120""","=""""",,"=""21469.488""","=""37538.862""","=""3d2.(3F).4s.4p.(3P*)""","=""z 3G*""","=""3""","=""3d2.4s.(4F).5s""","=""e 3F""","=""2""",,"=""""","=""L10989""",
"=""622.1430""","=""0.0005""","=""622.1433""","=""0.0003""","=""3""","=""""",,"=""29768.675""","=""45837.698""","=""3d2.(3F).4s.4p.(1P*)""","=""w 3D*""","=""2""","=""3d2.4s.(2F).4d""","=""3F""","=""3""",,"=""""","=""L10989""",
"=""624.0964""","=""0.0005""","=""624.0967""","=""0.0004""","=""2""","=""""",,"=""29912.286""","=""45931.013""","=""3d2.(3F).4s.4p.(1P*)""","=""w 3D*""","=""3""","=""3d2.4s.(2F).4d""","=""3F""","=""4""",,"=""""","=""L10989""",
"=""625.7802""","=""0.0005""","=""625.78027""","=""0.00012""","=""12""","=""""",,"=""0.000""","=""15975.631""","=""3d2.4s2""","=""a 3F""","=""2""","=""3d2.(3F).4s.4p.(3P*)""","=""z 5G*""","=""3""",,"=""""","=""L10989""",
"=""625.8099""","=""0.0005""","=""625.81016""","=""0.00016""","=""1600""","=""8.36e+06""",C+,"=""11639.8109""","=""27614.679""","=""3d3.(4F).4s""","=""b 3F""","=""3""","=""3d2.(3F).4s.4p.(1P*)""","=""y 3G*""","=""4""",,"=""T4922""","=""L10989""",
"=""625.8705""","=""0.0005""","=""625.87069""","=""0.00016""","=""2200""","=""8.9e+06""",C,"=""11776.812""","=""27750.135""","=""3d3.(4F).4s""","=""b 3F""","=""4""","=""3d2.(3F).4s.4p.(1P*)""","=""y 3G*""","=""5""",,"=""T3297,T3928""","=""L10989""",
"=""626.1096""","=""0.0005""","=""626.10988""","=""0.00016""","=""1200""","=""8.07e+06""",C+,"=""11531.761""","=""27498.982""","=""3d3.(4F).4s""","=""b 3F""","=""2""","=""3d2.(3F).4s.4p.(1P*)""","=""y 3G*""","=""3""",,"=""T4922""","=""L10989""",
"=""626.4808""","=""0.0005""","=""626.48097""","=""0.00016""","=""8""","=""""",,"=""14028.436""","=""29986.199""","=""3d3.(4P).4s""","=""a 5P""","=""2""","=""3d3.(4F).4p""","=""x 5D*""","=""3""",,"=""""","=""L10989""",
"=""626.6009""","=""0.0005""","=""626.60100""","=""0.00016""","=""16""","=""""",,"=""14105.634""","=""30060.340""","=""3d3.(4P).4s""","=""a 5P""","=""3""","=""3d3.(4F).4p""","=""x 5D*""","=""4""",,"=""""","=""L10989""",
"=""626.8522""","=""0.0005""","=""626.85250""","=""0.00016""","=""41""","=""""",,"=""11531.761""","=""27480.066""","=""3d3.(4F).4s""","=""b 3F""","=""2""","=""3d2.(1D).4s.4p.(3P*)""","=""x 3D*""","=""3""",,"=""""","=""L10989""",
"=""627.3386""","=""0.0005""","=""627.33876""","=""0.00016""","=""12""","=""""",,"=""170.1328""","=""16106.076""","=""3d2.4s2""","=""a 3F""","=""3""","=""3d2.(3F).4s.4p.(3P*)""","=""z 5G*""","=""4""",,"=""""","=""L10989""",
"=""627.7492""","=""0.0005""","=""627.74963""","=""0.00020""","=""3""","=""""",,"=""13981.773""","=""29907.286""","=""3d3.(4P).4s""","=""a 5P""","=""1""","=""3d3.(4F).4p""","=""x 5D*""","=""2""",,"=""""","=""L10989""",
"=""629.3001""","=""0.0005""","=""629.30042""","=""0.00016""","=""5""","=""""",,"=""11531.761""","=""27418.029""","=""3d3.(4F).4s""","=""b 3F""","=""2""","=""3d2.(1D).4s.4p.(3P*)""","=""x 3D*""","=""2""",,"=""""","=""L10989""",
"=""629.5253""","=""0.0005""","=""629.52449""","=""0.00012""","=""9*""","=""""",,"=""27025.659""","=""42906.2727""","=""3d2.(1D).4s.4p.(3P*)""","=""x 3F*""","=""4""","=""3d2.4s.(4F).4d""","=""3D""","=""3""",,"=""""","=""L10989""",
"=""629.5253""","=""0.0005""","=""629.52642""","=""0.00016""","=""9*""","=""""",,"=""14105.634""","=""29986.199""","=""3d3.(4P).4s""","=""a 5P""","=""3""","=""3d3.(4F).4p""","=""x 5D*""","=""3""",,"=""""","=""L10989""",
"=""629.5943""","=""0.0005""","=""629.59441""","=""0.00020""","=""6""","=""""",,"=""14028.436""","=""29907.286""","=""3d3.(4P).4s""","=""a 5P""","=""2""","=""3d3.(4F).4p""","=""x 5D*""","=""2""",,"=""""","=""L10989""",
"=""629.6644""","=""0.0005""","=""629.66456""","=""0.00012""","=""43""","=""""",,"=""0.000""","=""15877.081""","=""3d2.4s2""","=""a 3F""","=""2""","=""3d2.(3F).4s.4p.(3P*)""","=""z 5G*""","=""2""",,"=""""","=""L10989""",
"=""629.6861""","=""0.0010""","=""629.68506""","=""0.00024""","=""6q""","=""""",,"=""25317.814""","=""41194.378""","=""3d3.(4F).4p""","=""y 3D*""","=""1""","=""3d2.4s.(2F).5s""","=""3F""","=""2""",,"=""""","=""L10989""",
"=""629.8073""","=""0.0005""","=""629.80732""","=""0.00020""","=""4""","=""""",,"=""13981.773""","=""29855.255""","=""3d3.(4P).4s""","=""a 5P""","=""1""","=""3d3.(4F).4p""","=""x 5D*""","=""1""",,"=""""","=""L10989""",
"=""630.3355""","=""0.0005""","=""630.33547""","=""0.00020""","=""4""","=""""",,"=""25227.222""","=""41087.404""","=""3d2.(3F).4s.4p.(1P*)""","=""y 3F*""","=""3""","=""3d2.4s.(2F).5s""","=""e 1F""","=""3""",,"=""""","=""L10989""",
"=""630.3754""","=""0.0005""","=""630.37565""","=""0.00016""","=""110""","=""6.51e+05""",C+,"=""11639.8109""","=""27498.982""","=""3d3.(4F).4s""","=""b 3F""","=""3""","=""3d2.(3F).4s.4p.(1P*)""","=""y 3G*""","=""3""",,"=""T4922""","=""L10989""",
"=""631.1281""","=""0.0005""","=""631.12843""","=""0.00016""","=""10""","=""""",,"=""11639.8109""","=""27480.066""","=""3d3.(4F).4s""","=""b 3F""","=""3""","=""3d2.(1D).4s.4p.(3P*)""","=""x 3D*""","=""3""",,"=""""","=""L10989""",
"=""631.2234""","=""0.0005""","=""631.22360""","=""0.00016""","=""110""","=""5.22e+05""",C+,"=""11776.812""","=""27614.679""","=""3d3.(4F).4s""","=""b 3F""","=""4""","=""3d2.(3F).4s.4p.(1P*)""","=""y 3G*""","=""4""",,"=""T4922""","=""L10989""",
"=""631.2380""","=""0.0005""","=""631.23799""","=""0.00020""","=""8""","=""""",,"=""25643.701""","=""41481.207""","=""3d3.(4F).4p""","=""y 3D*""","=""3""","=""3d2.4s.(2F).5s""","=""3F""","=""4""",,"=""""","=""L10989""",
"=""631.8044""","=""0.0005""","=""631.80471""","=""0.00016""","=""96""","=""""",,"=""11531.761""","=""27355.061""","=""3d3.(4F).4s""","=""b 3F""","=""2""","=""3d2.(1D).4s.4p.(3P*)""","=""x 3D*""","=""1""",,"=""""","=""L10989""",
"=""632.4659""","=""0.0005""","=""632.4664""","=""0.0004""","=""4""","=""""",,"=""25037.405""","=""40844.151""","=""3d3.(2F).4s""","=""3F""","=""4""","=""3d3.(4P).4p""","=""r 3D*""","=""3""",,"=""""","=""L10989""",
"=""632.5162""","=""0.0005""","=""632.51632""","=""0.00016""","=""28""","=""""",,"=""170.1328""","=""15975.631""","=""3d2.4s2""","=""a 3F""","=""3""","=""3d2.(3F).4s.4p.(3P*)""","=""z 5G*""","=""3""",,"=""""","=""L10989""",
"=""633.6096""","=""0.0005""","=""633.60993""","=""0.00016""","=""140""","=""6.01e+05""",C+,"=""11639.8109""","=""27418.029""","=""3d3.(4F).4s""","=""b 3F""","=""3""","=""3d2.(1D).4s.4p.(3P*)""","=""x 3D*""","=""2""",,"=""T4922""","=""L10989""",
"=""634.5242""","=""0.0005""","=""634.52476""","=""0.00024""","=""2""","=""""",,"=""25438.908""","=""41194.378""","=""3d3.(4F).4p""","=""y 3D*""","=""2""","=""3d2.4s.(2F).5s""","=""3F""","=""2""",,"=""""","=""L10989""",
"=""635.7423""","=""0.0005""","=""635.74235""","=""0.00016""","=""2*""","=""""",,"=""25643.701""","=""41368.996""","=""3d3.(4F).4p""","=""y 3D*""","=""3""","=""3d2.4s.(2F).5s""","=""3F""","=""3""",,"=""""","=""L10989""",
"=""635.7423""","=""0.0005""","=""635.7426""","=""0.0003""","=""2*""","=""""",,"=""33114.420""","=""48839.708""","=""3d3.(4P).4p""","=""x 3P*""","=""2""","=""3d2.4p2""","=""e 3D""","=""3""",,"=""""","=""L10989""",
"=""635.8685""","=""0.0005""","=""635.86871""","=""0.00016""","=""6""","=""6.8e+04""",C,"=""11776.812""","=""27498.982""","=""3d3.(4F).4s""","=""b 3F""","=""4""","=""3d2.(3F).4s.4p.(1P*)""","=""y 3G*""","=""3""",,"=""T3297""","=""L10989""",
"=""635.9173""","=""0.0005""","=""635.91733""","=""0.00020""","=""5""","=""""",,"=""17369.529""","=""33090.497""","=""3d3.(2D2).4s""","=""a 3D""","=""1""","=""3d3.(4P).4p""","=""x 3P*""","=""1""",,"=""""","=""L10989""",
"=""635.9885""","=""0.0005""","=""635.98877""","=""0.00016""","=""14""","=""""",,"=""386.874""","=""16106.076""","=""3d2.4s2""","=""a 3F""","=""4""","=""3d2.(3F).4s.4p.(3P*)""","=""z 5G*""","=""4""",,"=""""","=""L10989""",
"=""636.1335""","=""0.0005""","=""636.1337""","=""0.0003""","=""5""","=""""",,"=""17369.529""","=""33085.151""","=""3d3.(2D2).4s""","=""a 3D""","=""1""","=""3d3.(4P).4p""","=""x 3P*""","=""0""",,"=""""","=""L10989""",
"=""636.4850""","=""0.0005""","=""636.48495""","=""0.00016""","=""5""","=""""",,"=""170.1328""","=""15877.081""","=""3d2.4s2""","=""a 3F""","=""3""","=""3d2.(3F).4s.4p.(3P*)""","=""z 5G*""","=""2""",,"=""""","=""L10989""",
"=""636.6344""","=""0.0005""","=""636.63468""","=""0.00016""","=""150""","=""""",,"=""11776.812""","=""27480.066""","=""3d3.(4F).4s""","=""b 3F""","=""4""","=""3d2.(1D).4s.4p.(3P*)""","=""x 3D*""","=""3""",,"=""""","=""L10989""",
"=""637.1495""","=""0.0005""","=""637.14957""","=""0.00016""","=""10""","=""""",,"=""17423.856""","=""33114.420""","=""3d3.(2D2).4s""","=""a 3D""","=""2""","=""3d3.(4P).4p""","=""x 3P*""","=""2""",,"=""""","=""L10989""",
"=""638.1223""","=""0.0005""","=""638.12251""","=""0.00016""","=""9""","=""""",,"=""17423.856""","=""33090.497""","=""3d3.(2D2).4s""","=""a 3D""","=""2""","=""3d3.(4P).4p""","=""x 3P*""","=""1""",,"=""""","=""L10989""",
"=""639.5467""","=""0.0005""","=""639.54718""","=""0.00016""","=""11""","=""3.3e+04""",C,"=""12118.393""","=""27750.135""","=""3d2.4s2""","=""a 1G""","=""4""","=""3d2.(3F).4s.4p.(1P*)""","=""y 3G*""","=""5""",,"=""T3297""","=""L10989""",
"=""640.7800""","=""0.0005""","=""640.78003""","=""0.00025""","=""3""","=""""",,"=""25068.842""","=""40670.509""","=""3d3.(2F).4s""","=""3F""","=""3""","=""3d3.(4P).4p""","=""r 3D*""","=""2""",,"=""""","=""L10989""",
"=""641.3102""","=""0.0005""","=""641.31070""","=""0.00016""","=""3""","=""""",,"=""386.874""","=""15975.631""","=""3d2.4s2""","=""a 3F""","=""4""","=""3d2.(3F).4s.4p.(3P*)""","=""z 5G*""","=""3""",,"=""""","=""L10989""",
"=""641.9087""","=""0.0005""","=""641.90881""","=""0.00016""","=""22""","=""""",,"=""17540.188""","=""33114.420""","=""3d3.(2D2).4s""","=""a 3D""","=""3""","=""3d3.(4P).4p""","=""x 3P*""","=""2""",,"=""""","=""L10989""",
"=""647.9444""","=""0.0005""","=""647.9442""","=""0.0004""","=""3""","=""""",,"=""27498.172""","=""42927.337""","=""3d3.(2F).4s""","=""1F""","=""3""","=""3d3.(2P).4p""","=""1D*""","=""2""",,"=""""","=""L10989""",
"=""649.7682""","=""0.0005""","=""649.76838""","=""0.00017""","=""43""","=""""",,"=""11639.8109""","=""27025.659""","=""3d3.(4F).4s""","=""b 3F""","=""3""","=""3d2.(1D).4s.4p.(3P*)""","=""x 3F*""","=""4""",,"=""""","=""L10989""",
"=""""","=""""","=""649.99056""","=""0.00021""","=""0""","=""1.9e+03""",D,"=""12118.393""","=""27498.982""","=""3d2.4s2""","=""a 1G""","=""4""","=""3d2.(3F).4s.4p.(1P*)""","=""y 3G*""","=""3""",,"=""T3297""","=""""",
"=""650.8119""","=""0.0005""","=""650.81205""","=""0.00017""","=""37""","=""""",,"=""11531.761""","=""26892.936""","=""3d3.(4F).4s""","=""b 3F""","=""2""","=""3d2.(1D).4s.4p.(3P*)""","=""x 3F*""","=""3""",,"=""""","=""L10989""",
"=""650.8383""","=""0.0005""","=""650.83814""","=""0.00017""","=""3""","=""1.02e+06""",C+,"=""26657.416""","=""42017.9751""","=""3d3.(4F).4p""","=""y 5G*""","=""4""","=""3d2.4s.(4F).4d""","=""e 5H""","=""5""",,"=""T6897""","=""L10989""",
"=""651.1675""","=""0.0005""","=""651.16739""","=""0.00017""","=""""","=""1.01e+06""",C+,"=""26564.400""","=""41917.1924""","=""3d3.(4F).4p""","=""y 5G*""","=""3""","=""3d2.4s.(4F).4d""","=""e 5H""","=""4""",,"=""T6897""","=""L18003""",
"=""651.2531""","=""0.0005""","=""651.25319""","=""0.00017""","=""3""","=""8.20e+05""",C+,"=""26772.968""","=""42123.7378""","=""3d3.(4F).4p""","=""y 5G*""","=""5""","=""3d2.4s.(4F).4d""","=""e 5H""","=""6""",,"=""T6897""","=""L10989""",
"=""651.8243""","=""0.0005""","=""651.82447""","=""0.00013""","=""4""","=""""",,"=""28702.778""","=""44040.0941""","=""3d3.(4F).4p""","=""y 5F*""","=""3""","=""3d3.(4F).4d""","=""5F""","=""4""",,"=""""","=""L10989""",
"=""651.9398""","=""0.0005""","=""651.93984""","=""0.00013""","=""2""","=""""",,"=""28788.380""","=""44122.9818""","=""3d3.(4F).4p""","=""y 5F*""","=""4""","=""3d3.(4F).4d""","=""5F""","=""5""",,"=""""","=""L10989""",
"=""652.1013""","=""0.0005""","=""652.10130""","=""0.00013""","=""5""","=""""",,"=""28638.841""","=""43969.6460""","=""3d3.(4F).4p""","=""y 5F*""","=""2""","=""3d3.(4F).4d""","=""5F""","=""3""",,"=""""","=""L10989""",
"=""652.6578""","=""0.0005""","=""652.65785""","=""0.00017""","=""3""","=""""",,"=""28596.313""","=""43914.0450""","=""3d3.(4F).4p""","=""y 5F*""","=""1""","=""3d3.(4F).4d""","=""5F""","=""2""",,"=""""","=""L10989""",
"=""653.6422""","=""0.0005""","=""653.64205""","=""0.00021""","=""6""","=""2.10e+06""",C+,"=""26910.709""","=""42205.377""","=""3d3.(4F).4p""","=""y 5G*""","=""6""","=""3d2.4s.(4F).4d""","=""e 5H""","=""7""",,"=""T6897""","=""L10989""",
"=""654.3039""","=""0.0005""","=""654.30373""","=""0.00021""","=""9""","=""""",,"=""28596.313""","=""43875.514""","=""3d3.(4F).4p""","=""y 5F*""","=""1""","=""3d3.(4F).4d""","=""5F""","=""1""",,"=""""","=""L10989""",
"=""654.4749""","=""0.0005""","=""654.47494""","=""0.00013""","=""12""","=""""",,"=""28638.841""","=""43914.0450""","=""3d3.(4F).4p""","=""y 5F*""","=""2""","=""3d3.(4F).4d""","=""5F""","=""2""",,"=""""","=""L10989""",
"=""654.6266""","=""0.0005""","=""654.62686""","=""0.00017""","=""190""","=""""",,"=""11531.761""","=""26803.420""","=""3d3.(4F).4s""","=""b 3F""","=""2""","=""3d2.(1D).4s.4p.(3P*)""","=""x 3F*""","=""2""",,"=""""","=""L10989""",
"=""654.8324""","=""0.0005""","=""654.83230""","=""0.00013""","=""18""","=""""",,"=""28702.778""","=""43969.6460""","=""3d3.(4F).4p""","=""y 5F*""","=""3""","=""3d3.(4F).4d""","=""5F""","=""3""",,"=""""","=""L10989""",
"=""655.4222""","=""0.0005""","=""655.42230""","=""0.00017""","=""280""","=""1.34e+06""",C+,"=""11639.8109""","=""26892.936""","=""3d3.(4F).4s""","=""b 3F""","=""3""","=""3d2.(1D).4s.4p.(3P*)""","=""x 3F*""","=""3""",,"=""T4922""","=""L10989""",
"=""655.4826""","=""0.0005""","=""655.48293""","=""0.00013""","=""27""","=""""",,"=""28788.380""","=""44040.0941""","=""3d3.(4F).4p""","=""y 5F*""","=""4""","=""3d3.(4F).4d""","=""5F""","=""4""",,"=""""","=""L10989""",
"=""655.6061""","=""0.0005""","=""655.60618""","=""0.00017""","=""380""","=""1.45e+06""",C+,"=""11776.812""","=""27025.659""","=""3d3.(4F).4s""","=""b 3F""","=""4""","=""3d2.(1D).4s.4p.(3P*)""","=""x 3F*""","=""4""",,"=""T4922""","=""L10989""",
"=""656.1305""","=""0.0005""","=""656.13001""","=""0.00017""","=""4""","=""""",,"=""28638.841""","=""43875.514""","=""3d3.(4F).4p""","=""y 5F*""","=""2""","=""3d3.(4F).4d""","=""5F""","=""1""",,"=""""","=""L10989""",
"=""656.4256""","=""0.0005""","=""656.42594""","=""0.00022""","=""3""","=""""",,"=""20209.447""","=""35439.251""","=""3d3.(2D2).4s""","=""b 1D""","=""2""","=""3d2.(3P).4s.4p.(1P*)""","=""y 3S*""","=""1""",,"=""""","=""L10989""",
"=""656.5502""","=""0.0005""","=""656.55015""","=""0.00022""","=""39""","=""""",,"=""28896.059""","=""44122.9818""","=""3d3.(4F).4p""","=""y 5F*""","=""5""","=""3d3.(4F).4d""","=""5F""","=""5""",,"=""""","=""L10989""",
"=""657.2259""","=""0.0005""","=""657.22589""","=""0.00013""","=""6""","=""""",,"=""28702.778""","=""43914.0450""","=""3d3.(4F).4p""","=""y 5F*""","=""3""","=""3d3.(4F).4d""","=""5F""","=""2""",,"=""""","=""L10989""",
"=""657.5164""","=""0.0005""","=""657.5165""","=""0.0003""","=""40""","=""""",,"=""20795.603""","=""36000.148""","=""3d3.(2H).4s""","=""a 1H""","=""5""","=""3d2.(1G).4s.4p.(1P*)""","=""y 1G*""","=""4""",,"=""""","=""L10989""",
"=""658.5245""","=""0.0005""","=""658.52470""","=""0.00013""","=""6""","=""""",,"=""28788.380""","=""43969.6460""","=""3d3.(4F).4p""","=""y 5F*""","=""4""","=""3d3.(4F).4d""","=""5F""","=""3""",,"=""""","=""L10989""",
"=""659.2914""","=""0.0005""","=""659.29151""","=""0.00017""","=""6""","=""""",,"=""11639.8109""","=""26803.420""","=""3d3.(4F).4s""","=""b 3F""","=""3""","=""3d2.(1D).4s.4p.(3P*)""","=""x 3F*""","=""2""",,"=""""","=""L10989""",
"=""659.9105""","=""0.0005""","=""659.91058""","=""0.00017""","=""330""","=""1.80e+05""",C+,"=""7255.355""","=""22404.739""","=""3d2.4s2""","=""a 1D""","=""2""","=""3d2.(3F).4s.4p.(3P*)""","=""z 1F*""","=""3""",,"=""T4498""","=""L10989""",
"=""660.1447""","=""0.0005""","=""660.14367""","=""0.00022""","=""9*""","=""""",,"=""28896.059""","=""44040.0941""","=""3d3.(4F).4p""","=""y 5F*""","=""5""","=""3d3.(4F).4d""","=""5F""","=""4""",,"=""""","=""L10989""",
"=""660.1447""","=""0.0005""","=""660.14561""","=""0.00013""","=""9*""","=""""",,"=""27025.659""","=""42169.6496""","=""3d2.(1D).4s.4p.(3P*)""","=""x 3F*""","=""4""","=""3d2.4s.(4F).4d""","=""3G""","=""5""",,"=""""","=""L10989""",
"=""661.3625""","=""0.0005""","=""661.36207""","=""0.00022""","=""4*""","=""""",,"=""20126.062""","=""35242.198""","=""3d2.(3F).4s.4p.(3P*)""","=""z 3D*""","=""3""","=""3d4""","=""3F2""","=""4""",,"=""""","=""L10989""",
"=""661.3625""","=""0.0005""","=""661.36259""","=""0.00018""","=""4*""","=""""",,"=""11776.812""","=""26892.936""","=""3d3.(4F).4s""","=""b 3F""","=""4""","=""3d2.(1D).4s.4p.(3P*)""","=""x 3F*""","=""3""",,"=""""","=""L10989""",
"=""662.2307""","=""0.0005""","=""662.2310""","=""0.0004""","=""3""","=""""",,"=""32857.723""","=""47954.025""","=""3d2.(1D).4s.4p.(1P*)""","=""y 1F*""","=""3""","=""3d3.(2G).5s""","=""1G""","=""4""",,"=""""","=""L10989""",
"=""662.2622""","=""0.0005""","=""662.26223""","=""0.00013""","=""6""","=""""",,"=""26892.936""","=""41988.5259""","=""3d2.(1D).4s.4p.(3P*)""","=""x 3F*""","=""3""","=""3d2.4s.(4F).4d""","=""g 3F""","=""3""",,"=""""","=""L10989""",
"=""662.2874""","=""0.0005""","=""662.2877""","=""0.0003""","=""4""","=""""",,"=""17995.487""","=""33090.497""","=""3d3.(2P).4s""","=""b 3P""","=""0""","=""3d3.(4P).4p""","=""x 3P*""","=""1""",,"=""""","=""L10989""",
"=""662.8376""","=""0.0005""","=""662.83749""","=""0.00013""","=""6""","=""""",,"=""26892.936""","=""41975.4249""","=""3d2.(1D).4s.4p.(3P*)""","=""x 3F*""","=""3""","=""3d2.4s.(4F).4d""","=""3G""","=""4""",,"=""""","=""L10989""",
"=""662.8852""","=""0.0005""","=""662.88555""","=""0.00013""","=""7""","=""""",,"=""27025.659""","=""42107.0545""","=""3d2.(1D).4s.4p.(3P*)""","=""x 3F*""","=""4""","=""3d2.4s.(4F).4d""","=""g 3F""","=""4""",,"=""""","=""L10989""",
"=""663.4551""","=""0.0005""","=""663.45530""","=""0.00013""","=""5""","=""""",,"=""26803.420""","=""41871.8642""","=""3d2.(1D).4s.4p.(3P*)""","=""x 3F*""","=""2""","=""3d2.4s.(4F).4d""","=""g 3F""","=""2""",,"=""""","=""L10989""",
"=""663.6350""","=""0.0005""","=""663.63512""","=""0.00013""","=""3""","=""""",,"=""26803.420""","=""41867.7812""","=""3d2.(1D).4s.4p.(3P*)""","=""x 3F*""","=""2""","=""3d2.4s.(4F).4d""","=""3G""","=""3""",,"=""""","=""L10989""",
"=""664.1343""","=""0.0005""","=""664.13455""","=""0.00018""","=""6""","=""""",,"=""18061.387""","=""33114.420""","=""3d3.(2P).4s""","=""b 3P""","=""1""","=""3d3.(4P).4p""","=""x 3P*""","=""2""",,"=""""","=""L10989""",
"=""""","=""""","=""665.03555""","=""0.00018""","=""0""","=""3.3e+04""",C,"=""11531.761""","=""26564.400""","=""3d3.(4F).4s""","=""b 3F""","=""2""","=""3d3.(4F).4p""","=""y 5G*""","=""3""",,"=""T3297""","=""""",
"=""665.1922""","=""0.0005""","=""665.19171""","=""0.00018""","=""3""","=""""",,"=""18061.387""","=""33090.497""","=""3d3.(2P).4s""","=""b 3P""","=""1""","=""3d3.(4P).4p""","=""x 3P*""","=""1""",,"=""""","=""L10989""",
"=""665.4283""","=""0.0005""","=""665.4284""","=""0.0003""","=""6""","=""""",,"=""18061.387""","=""33085.151""","=""3d3.(2P).4s""","=""b 3P""","=""1""","=""3d3.(4P).4p""","=""x 3P*""","=""0""",,"=""""","=""L10989""",
"=""""","=""""","=""665.70131""","=""0.00018""","=""0""","=""5.1e+04""",C,"=""11639.8109""","=""26657.416""","=""3d3.(4F).4s""","=""b 3F""","=""3""","=""3d3.(4F).4p""","=""y 5G*""","=""4""",,"=""T3297""","=""""",
"=""666.5850""","=""0.0005""","=""666.58494""","=""0.00013""","=""18""","=""""",,"=""28638.841""","=""43636.5388""","=""3d3.(4F).4p""","=""y 5F*""","=""2""","=""3d3.(4F).4d""","=""5G""","=""3""",,"=""""","=""L10989""",
"=""666.6501""","=""0.0005""","=""666.64971""","=""0.00013""","=""25""","=""""",,"=""28702.778""","=""43699.0187""","=""3d3.(4F).4p""","=""y 5F*""","=""3""","=""3d3.(4F).4d""","=""5G""","=""4""",,"=""""","=""L10989""",
"=""666.655""","=""0.002""","=""666.65348""","=""0.00018""","=""18w""","=""3.3e+05""",C,"=""11776.812""","=""26772.968""","=""3d3.(4F).4s""","=""b 3F""","=""4""","=""3d3.(4F).4p""","=""y 5G*""","=""5""",,"=""T3297""","=""L3475""",
"=""666.6691""","=""0.0005""","=""666.66898""","=""0.00018""","=""13""","=""""",,"=""28596.313""","=""43592.1203""","=""3d3.(4F).4p""","=""y 5F*""","=""1""","=""3d3.(4F).4d""","=""5G""","=""2""",,"=""""","=""L10989""",
"=""666.7733""","=""0.0005""","=""666.77356""","=""0.00013""","=""29""","=""""",,"=""28788.380""","=""43781.8353""","=""3d3.(4F).4p""","=""y 5F*""","=""4""","=""3d3.(4F).4d""","=""5G""","=""5""",,"=""""","=""L10989""",
"=""666.8375""","=""0.0005""","=""666.83776""","=""0.00022""","=""34""","=""""",,"=""28896.059""","=""43888.0708""","=""3d3.(4F).4p""","=""y 5F*""","=""5""","=""3d3.(4F).4d""","=""5G""","=""6""",,"=""""","=""L10989""",
"=""667.7175""","=""0.0005""","=""667.7179""","=""0.0003""","=""31""","=""""",,"=""20062.886""","=""35035.137""","=""3d3.(2P).4s""","=""a 1P""","=""1""","=""3d2.(3P).4s.4p.(3P*)""","=""x 1D*""","=""2""",,"=""""","=""L10989""",
"=""667.8569""","=""0.0005""","=""667.85692""","=""0.00018""","=""28""","=""""",,"=""18145.286""","=""33114.420""","=""3d3.(2P).4s""","=""b 3P""","=""2""","=""3d3.(4P).4p""","=""x 3P*""","=""2""",,"=""""","=""L10989""",
"=""668.5645""","=""0.0005""","=""668.56504""","=""0.00018""","=""2""","=""""",,"=""28638.841""","=""43592.1203""","=""3d3.(4F).4p""","=""y 5F*""","=""2""","=""3d3.(4F).4d""","=""5G""","=""2""",,"=""""","=""L10989""",
"=""668.9258""","=""0.0005""","=""668.92597""","=""0.00018""","=""15""","=""""",,"=""18145.286""","=""33090.497""","=""3d3.(2P).4s""","=""b 3P""","=""2""","=""3d3.(4P).4p""","=""x 3P*""","=""1""",,"=""""","=""L10989""",
"=""669.4383""","=""0.0005""","=""669.43886""","=""0.00013""","=""2""","=""""",,"=""28702.778""","=""43636.5388""","=""3d3.(4F).4p""","=""y 5F*""","=""3""","=""3d3.(4F).4d""","=""5G""","=""3""",,"=""""","=""L10989""",
"=""670.6284""","=""0.0005""","=""670.62867""","=""0.00018""","=""4""","=""""",,"=""12118.393""","=""27025.659""","=""3d2.4s2""","=""a 1G""","=""4""","=""3d2.(1D).4s.4p.(3P*)""","=""x 3F*""","=""4""",,"=""""","=""L10989""",
"=""671.6665""","=""0.0005""","=""671.6666""","=""0.0003""","=""49""","=""""",,"=""20062.886""","=""34947.116""","=""3d3.(2P).4s""","=""a 1P""","=""1""","=""3d2.(3P).4s.4p.(3P*)""","=""y 1P*""","=""1""",,"=""""","=""L10989""",
"=""674.3119""","=""0.0005""","=""674.31217""","=""0.00023""","=""630""","=""6.9e+05""",D,"=""7255.355""","=""22081.189""","=""3d2.4s2""","=""a 1D""","=""2""","=""3d2.(3F).4s.4p.(3P*)""","=""z 1D*""","=""2""",,"=""T4401n""","=""L10989""",
"=""674.3200""","=""0.0005""","=""674.3187""","=""0.0003""","=""54""","=""""",,"=""20209.447""","=""35035.137""","=""3d3.(2D2).4s""","=""b 1D""","=""2""","=""3d2.(3P).4s.4p.(3P*)""","=""x 1D*""","=""2""",,"=""""","=""L10989""",
"=""674.5546""","=""0.0005""","=""674.5544""","=""0.0003""","=""35""","=""""",,"=""18037.213""","=""32857.723""","=""3d3.(2H).4s""","=""a 3H""","=""4""","=""3d2.(1D).4s.4p.(1P*)""","=""y 1F*""","=""3""",,"=""""","=""L10989""",
"=""674.6330""","=""0.0005""","=""674.63330""","=""0.00023""","=""11""","=""""",,"=""15220.393""","=""30039.170""","=""3d3.(2G).4s""","=""a 3G""","=""5""","=""3d2.(1G).4s.4p.(3P*)""","=""x 3G*""","=""5""",,"=""""","=""L10989""",
"=""674.8377""","=""0.0005""","=""674.83791""","=""0.00018""","=""4""","=""""",,"=""15156.802""","=""29971.086""","=""3d3.(2G).4s""","=""a 3G""","=""4""","=""3d2.(1G).4s.4p.(3P*)""","=""x 3G*""","=""4""",,"=""""","=""L10989""",
"=""675.194""","=""0.007""","=""675.18694""","=""0.00018""","=""0""","=""""",,"=""15108.111""","=""29914.737""","=""3d3.(2G).4s""","=""a 3G""","=""3""","=""3d2.(1G).4s.4p.(3P*)""","=""x 3G*""","=""3""",,"=""""","=""L3392""",
"=""676.3961""","=""0.0005""","=""676.39622""","=""0.00014""","=""22""","=""""",,"=""27750.135""","=""42530.2894""","=""3d2.(3F).4s.4p.(1P*)""","=""y 3G*""","=""5""","=""3d2.4s.(4F).4d""","=""3H""","=""6""",,"=""""","=""L10989""",
"=""677.6220""","=""0.0006""","=""677.62217""","=""0.00014""","=""17""","=""""",,"=""27614.679""","=""42368.0934""","=""3d2.(3F).4s.4p.(1P*)""","=""y 3G*""","=""4""","=""3d2.4s.(4F).4d""","=""3H""","=""5""",,"=""""","=""L10989""",
"=""678.3461""","=""0.0006""","=""678.3461""","=""0.0003""","=""12""","=""""",,"=""20209.447""","=""34947.116""","=""3d3.(2D2).4s""","=""b 1D""","=""2""","=""3d2.(3P).4s.4p.(3P*)""","=""y 1P*""","=""1""",,"=""""","=""L10989""",
"=""679.3546""","=""0.0006""","=""679.35483""","=""0.00018""","=""11""","=""""",,"=""27498.982""","=""42214.7689""","=""3d2.(3F).4s.4p.(1P*)""","=""y 3G*""","=""3""","=""3d2.4s.(4F).4d""","=""3H""","=""4""",,"=""""","=""L10989""",
"=""681.1020""","=""0.0006""","=""681.1022""","=""0.0003""","=""3""","=""""",,"=""25037.405""","=""39715.439""","=""3d3.(2F).4s""","=""3F""","=""4""","=""3d3.(2D2).4p""","=""s 3D*""","=""3""",,"=""""","=""L10989""",
"=""681.8112""","=""0.0012""","=""681.81006""","=""0.00019""","=""3q""","=""""",,"=""21469.488""","=""36132.283""","=""3d2.(3F).4s.4p.(3P*)""","=""z 3G*""","=""3""","=""3d4""","=""b 3G""","=""4""",,"=""""","=""L10989""",
"=""683.9428""","=""0.0012""","=""683.9405""","=""0.0003""","=""2q""","=""""",,"=""25068.842""","=""39685.964""","=""3d3.(2F).4s""","=""3F""","=""3""","=""3d3.(2D2).4p""","=""s 3D*""","=""2""",,"=""""","=""L10989""",
"=""684.1680""","=""0.0006""","=""684.1691""","=""0.0003""","=""2""","=""""",,"=""21588.495""","=""36200.732""","=""3d2.(3F).4s.4p.(3P*)""","=""z 3G*""","=""4""","=""3d4""","=""b 3G""","=""5""",,"=""""","=""L10989""",
"=""684.9314""","=""0.0006""","=""684.93125""","=""0.00019""","=""31""","=""""",,"=""21469.488""","=""36065.466""","=""3d2.(3F).4s.4p.(3P*)""","=""z 3G*""","=""3""","=""3d4""","=""b 3G""","=""3""",,"=""""","=""L10989""",
"=""686.1447""","=""0.0006""","=""686.1445""","=""0.0003""","=""98""","=""3.7e+06""",D,"=""18287.554""","=""32857.723""","=""3d3.(2G).4s""","=""b 1G""","=""4""","=""3d2.(1D).4s.4p.(1P*)""","=""y 1F*""","=""3""",,"=""T4401n""","=""L10989""",
"=""687.3891""","=""0.0006""","=""687.38912""","=""0.00019""","=""35""","=""""",,"=""21588.495""","=""36132.283""","=""3d2.(3F).4s.4p.(3P*)""","=""z 3G*""","=""4""","=""3d4""","=""b 3G""","=""4""",,"=""""","=""L10989""",
"=""690.5616""","=""0.0006""","=""690.56172""","=""0.00019""","=""3""","=""""",,"=""21588.495""","=""36065.466""","=""3d2.(3F).4s.4p.(3P*)""","=""z 3G*""","=""4""","=""3d4""","=""b 3G""","=""3""",,"=""""","=""L10989""",
"=""691.3232""","=""0.0006""","=""691.3232""","=""0.0003""","=""48""","=""""",,"=""21739.707""","=""36200.732""","=""3d2.(3F).4s.4p.(3P*)""","=""z 3G*""","=""5""","=""3d4""","=""b 3G""","=""5""",,"=""""","=""L10989""",
"=""691.5854""","=""0.0006""","=""691.58513""","=""0.00024""","=""2""","=""""",,"=""27025.659""","=""41481.207""","=""3d2.(1D).4s.4p.(3P*)""","=""x 3F*""","=""4""","=""3d2.4s.(2F).5s""","=""3F""","=""4""",,"=""""","=""L10989""",
"=""692.0701""","=""0.0006""","=""692.07030""","=""0.00014""","=""3""","=""""",,"=""28702.778""","=""43148.1922""","=""3d3.(4F).4p""","=""y 5F*""","=""3""","=""3d2.4s.(4F).4d""","=""g 5F""","=""3""",,"=""""","=""L10989""",
"=""692.1571""","=""0.0006""","=""692.15673""","=""0.00014""","=""5""","=""""",,"=""28788.380""","=""43231.9903""","=""3d3.(4F).4p""","=""y 5F*""","=""4""","=""3d2.4s.(4F).4d""","=""g 5F""","=""4""",,"=""""","=""L10989""",
"=""692.2278""","=""0.0006""","=""692.22810""","=""0.00014""","=""2""","=""""",,"=""28638.841""","=""43080.9622""","=""3d3.(4F).4p""","=""y 5F*""","=""2""","=""3d2.4s.(4F).4d""","=""g 5F""","=""2""",,"=""""","=""L10989""",
"=""692.6200""","=""0.0006""","=""692.62010""","=""0.00024""","=""7""","=""""",,"=""28896.059""","=""43330.0066""","=""3d3.(4F).4p""","=""y 5F*""","=""5""","=""3d2.4s.(4F).4d""","=""g 5F""","=""5""",,"=""""","=""L10989""",
"=""693.0961""","=""0.0006""","=""693.09599""","=""0.00019""","=""2""","=""""",,"=""25102.875""","=""39526.912""","=""3d2.(3P).4s.4p.(3P*)""","=""z 5S*""","=""2""","=""3d3.(4F).5s""","=""f 3F""","=""2""",,"=""""","=""L10989""",
"=""693.3139""","=""0.0006""","=""693.31402""","=""0.00019""","=""15""","=""""",,"=""25107.411""","=""39526.912""","=""3d2.(3F).4s.4p.(1P*)""","=""y 3F*""","=""2""","=""3d3.(4F).5s""","=""f 3F""","=""2""",,"=""""","=""L10989""",
"=""693.5882""","=""0.0006""","=""693.58830""","=""0.00019""","=""22""","=""""",,"=""25227.222""","=""39641.021""","=""3d2.(3F).4s.4p.(1P*)""","=""y 3F*""","=""3""","=""3d3.(4F).5s""","=""f 3F""","=""3""",,"=""""","=""L10989""",
"=""694.3689""","=""0.0006""","=""694.36905""","=""0.00019""","=""26""","=""""",,"=""25388.331""","=""39785.923""","=""3d2.(3F).4s.4p.(1P*)""","=""y 3F*""","=""4""","=""3d3.(4F).5s""","=""f 3F""","=""4""",,"=""""","=""L10989""",
"=""694.6112""","=""0.0006""","=""694.61105""","=""0.00019""","=""3""","=""""",,"=""21739.707""","=""36132.283""","=""3d2.(3F).4s.4p.(3P*)""","=""z 3G*""","=""5""","=""3d4""","=""b 3G""","=""4""",,"=""""","=""L10989""",
"=""696.3767""","=""0.0006""","=""696.37710""","=""0.00024""","=""4""","=""""",,"=""17369.529""","=""31725.605""","=""3d3.(2D2).4s""","=""a 3D""","=""1""","=""3d2.(3P).4s.4p.(3P*)""","=""y 3P*""","=""1""",,"=""""","=""L10989""",
"=""698.3119""","=""0.0006""","=""698.3121""","=""0.0003""","=""16""","=""""",,"=""17369.529""","=""31685.825""","=""3d3.(2D2).4s""","=""a 3D""","=""1""","=""3d2.(3P).4s.4p.(3P*)""","=""y 3P*""","=""0""",,"=""""","=""L10989""",
"=""699.0226""","=""0.0006""","=""699.02239""","=""0.00020""","=""28""","=""""",,"=""17423.856""","=""31725.605""","=""3d3.(2D2).4s""","=""a 3D""","=""2""","=""3d2.(3P).4s.4p.(3P*)""","=""y 3P*""","=""1""",,"=""""","=""L10989""",
"=""699.1230""","=""0.0006""","=""699.12304""","=""0.00020""","=""2""","=""""",,"=""25227.222""","=""39526.912""","=""3d2.(3F).4s.4p.(1P*)""","=""y 3F*""","=""3""","=""3d3.(4F).5s""","=""f 3F""","=""2""",,"=""""","=""L10989""",
"=""699.6637""","=""0.0006""","=""699.66381""","=""0.00024""","=""41""","=""""",,"=""18825.782""","=""33114.420""","=""3d3.(4P).4s""","=""c 3P""","=""1""","=""3d3.(4P).4p""","=""x 3P*""","=""2""",,"=""""","=""L10989""",
"=""699.7458""","=""0.0006""","=""699.74598""","=""0.00024""","=""3""","=""""",,"=""11639.8109""","=""25926.771""","=""3d3.(4F).4s""","=""b 3F""","=""3""","=""3d2.(3P).4s.4p.(3P*)""","=""5D*""","=""4""",,"=""""","=""L10989""",
"=""700.0141""","=""0.0006""","=""700.0143""","=""0.0004""","=""2""","=""""",,"=""19937.855""","=""34219.338""","=""3d2.(3F).4s.4p.(3P*)""","=""z 3D*""","=""1""","=""3d4""","=""3P2""","=""0""",,"=""""","=""L10989""",
"=""700.4601""","=""0.0006""","=""700.4599""","=""0.0003""","=""34""","=""""",,"=""18818.099""","=""33090.497""","=""3d3.(4P).4s""","=""c 3P""","=""0""","=""3d3.(4P).4p""","=""x 3P*""","=""1""",,"=""""","=""L10989""",
"=""700.7954""","=""0.0006""","=""700.7952""","=""0.0003""","=""28""","=""""",,"=""17540.188""","=""31805.758""","=""3d3.(2D2).4s""","=""a 3D""","=""3""","=""3d2.(3P).4s.4p.(3P*)""","=""y 3P*""","=""2""",,"=""""","=""L10989""",
"=""700.8373""","=""0.0006""","=""700.83720""","=""0.00025""","=""25""","=""""",,"=""18825.782""","=""33090.497""","=""3d3.(4P).4s""","=""c 3P""","=""1""","=""3d3.(4P).4p""","=""x 3P*""","=""1""",,"=""""","=""L10989""",
"=""701.1001""","=""0.0006""","=""701.1000""","=""0.0003""","=""31""","=""""",,"=""18825.782""","=""33085.151""","=""3d3.(4P).4s""","=""c 3P""","=""1""","=""3d3.(4P).4p""","=""x 3P*""","=""0""",,"=""""","=""L10989""",
"=""701.4282""","=""0.0006""","=""701.42850""","=""0.00020""","=""2""","=""""",,"=""25388.331""","=""39641.021""","=""3d2.(3F).4s.4p.(1P*)""","=""y 3F*""","=""4""","=""3d3.(4F).5s""","=""f 3F""","=""3""",,"=""""","=""L10989""",
"=""703.3310""","=""0.0006""","=""703.33120""","=""0.00020""","=""6""","=""""",,"=""7255.355""","=""21469.488""","=""3d2.4s2""","=""a 1D""","=""2""","=""3d2.(3F).4s.4p.(3P*)""","=""z 3G*""","=""3""",,"=""""","=""L10989""",
"=""703.5802""","=""0.0006""","=""703.58042""","=""0.00020""","=""23""","=""""",,"=""25317.814""","=""39526.912""","=""3d3.(4F).4p""","=""y 3D*""","=""1""","=""3d3.(4F).5s""","=""f 3F""","=""2""",,"=""""","=""L10989""",
"=""703.8812""","=""0.0006""","=""703.88122""","=""0.00025""","=""100""","=""""",,"=""18911.394""","=""33114.420""","=""3d3.(4P).4s""","=""c 3P""","=""2""","=""3d3.(4P).4p""","=""x 3P*""","=""2""",,"=""""","=""L10989""",
"=""703.9264""","=""0.0006""","=""703.92647""","=""0.00020""","=""25""","=""""",,"=""25438.908""","=""39641.021""","=""3d3.(4F).4p""","=""y 3D*""","=""2""","=""3d3.(4F).5s""","=""f 3F""","=""3""",,"=""""","=""L10989""",
"=""705.0686""","=""0.0006""","=""705.06881""","=""0.00025""","=""32""","=""""",,"=""18911.394""","=""33090.497""","=""3d3.(4P).4s""","=""c 3P""","=""2""","=""3d3.(4P).4p""","=""x 3P*""","=""1""",,"=""""","=""L10989""",
"=""706.1299""","=""0.0006""","=""706.13052""","=""0.00020""","=""3""","=""""",,"=""11639.8109""","=""25797.595""","=""3d3.(4F).4s""","=""b 3F""","=""3""","=""3d2.(3P).4s.4p.(3P*)""","=""5D*""","=""3""",,"=""""","=""L10989""",
"=""706.5210""","=""0.0006""","=""706.52102""","=""0.00025""","=""40""","=""""",,"=""11776.812""","=""25926.771""","=""3d3.(4F).4s""","=""b 3F""","=""4""","=""3d2.(3P).4s.4p.(3P*)""","=""5D*""","=""4""",,"=""""","=""L10989""",
"=""706.9073""","=""0.0006""","=""706.90755""","=""0.00020""","=""48""","=""""",,"=""25643.701""","=""39785.923""","=""3d3.(4F).4p""","=""y 3D*""","=""3""","=""3d3.(4F).5s""","=""f 3F""","=""4""",,"=""""","=""L10989""",
"=""708.4244""","=""0.0006""","=""708.42447""","=""0.00020""","=""3""","=""1.3e+04""",D,"=""11531.761""","=""25643.701""","=""3d3.(4F).4s""","=""b 3F""","=""2""","=""3d3.(4F).4p""","=""y 3D*""","=""3""",,"=""T3430,T3297""","=""L10989""",
"=""710.9077""","=""0.0006""","=""710.90795""","=""0.00015""","=""13""","=""""",,"=""30060.340""","=""44122.9818""","=""3d3.(4F).4p""","=""x 5D*""","=""4""","=""3d3.(4F).4d""","=""5F""","=""5""",,"=""""","=""L10989""",
"=""710.9218""","=""0.0006""","=""710.92220""","=""0.00020""","=""6""","=""""",,"=""29907.286""","=""43969.6460""","=""3d3.(4F).4p""","=""x 5D*""","=""2""","=""3d3.(4F).4d""","=""5F""","=""3""",,"=""""","=""L10989""",
"=""711.0328""","=""0.0006""","=""711.0326""","=""0.0003""","=""7""","=""""",,"=""11639.8109""","=""25699.987""","=""3d3.(4F).4s""","=""b 3F""","=""3""","=""3d2.(3P).4s.4p.(3P*)""","=""5D*""","=""2""",,"=""""","=""L10989""",
"=""711.1026""","=""0.0006""","=""711.10273""","=""0.00020""","=""5""","=""""",,"=""29855.255""","=""43914.0450""","=""3d3.(4F).4p""","=""x 5D*""","=""1""","=""3d3.(4F).4d""","=""5F""","=""2""",,"=""""","=""L10989""",
"=""711.3501""","=""0.0006""","=""711.35040""","=""0.00015""","=""7""","=""""",,"=""29986.199""","=""44040.0941""","=""3d3.(4F).4p""","=""x 5D*""","=""3""","=""3d3.(4F).4d""","=""5F""","=""4""",,"=""""","=""L10989""",
"=""711.7296""","=""0.0006""","=""711.7299""","=""0.0004""","=""3""","=""""",,"=""29829.112""","=""43875.514""","=""3d3.(4F).4p""","=""x 5D*""","=""0""","=""3d3.(4F).4d""","=""5F""","=""1""",,"=""""","=""L10989""",
"=""713.0303""","=""0.0006""","=""713.03037""","=""0.00020""","=""34""","=""""",,"=""11776.812""","=""25797.595""","=""3d3.(4F).4s""","=""b 3F""","=""4""","=""3d2.(3P).4s.4p.(3P*)""","=""5D*""","=""3""",,"=""""","=""L10989""",
"=""713.0572""","=""0.0006""","=""713.0570""","=""0.0003""","=""2""","=""""",,"=""29855.255""","=""43875.514""","=""3d3.(4F).4p""","=""x 5D*""","=""1""","=""3d3.(4F).4d""","=""5F""","=""1""",,"=""""","=""L10989""",
"=""713.7436""","=""0.0006""","=""713.74428""","=""0.00020""","=""2""","=""""",,"=""29907.286""","=""43914.0450""","=""3d3.(4F).4p""","=""x 5D*""","=""2""","=""3d3.(4F).4d""","=""5F""","=""2""",,"=""""","=""L10989""",
"=""713.8074""","=""0.0006""","=""713.80717""","=""0.00020""","=""10""","=""""",,"=""11531.761""","=""25537.286""","=""3d3.(4F).4s""","=""b 3F""","=""2""","=""3d2.(1D).4s.4p.(3P*)""","=""3P*""","=""1""",,"=""""","=""L10989""",
"=""713.8903""","=""0.0006""","=""713.89050""","=""0.00020""","=""99""","=""4.8e+05""",C,"=""11639.8109""","=""25643.701""","=""3d3.(4F).4s""","=""b 3F""","=""3""","=""3d3.(4F).4p""","=""y 3D*""","=""3""",,"=""T3430,T3297""","=""L10989""",
"=""714.2252""","=""0.0006""","=""714.22559""","=""0.00020""","=""3""","=""""",,"=""25643.701""","=""39641.021""","=""3d3.(4F).4p""","=""y 3D*""","=""3""","=""3d3.(4F).5s""","=""f 3F""","=""3""",,"=""""","=""L10989""",
"=""714.9345""","=""0.0006""","=""714.93418""","=""0.00015""","=""2""","=""""",,"=""29986.199""","=""43969.6460""","=""3d3.(4F).4p""","=""x 5D*""","=""3""","=""3d3.(4F).4d""","=""5F""","=""3""",,"=""""","=""L10989""",
"=""715.1227""","=""0.0006""","=""715.12304""","=""0.00015""","=""2""","=""""",,"=""30060.340""","=""44040.0941""","=""3d3.(4F).4p""","=""x 5D*""","=""4""","=""3d3.(4F).4d""","=""5F""","=""4""",,"=""""","=""L10989""",
"=""716.0336""","=""0.0006""","=""716.03383""","=""0.00021""","=""37""","=""""",,"=""11531.761""","=""25493.733""","=""3d3.(4F).4s""","=""b 3F""","=""2""","=""3d2.(1D).4s.4p.(3P*)""","=""3P*""","=""2""",,"=""""","=""L10989""",
"=""718.8562""","=""0.0006""","=""718.85661""","=""0.00021""","=""72""","=""4.5e+05""",C,"=""11531.761""","=""25438.908""","=""3d3.(4F).4s""","=""b 3F""","=""2""","=""3d3.(4F).4p""","=""y 3D*""","=""2""",,"=""T3430,T3297""","=""L10989""",
"=""718.9877""","=""0.0006""","=""718.9877""","=""0.0004""","=""170""","=""""",,"=""20795.603""","=""34700.215""","=""3d3.(2H).4s""","=""a 1H""","=""5""","=""3d3.(2G).4p""","=""z 1H*""","=""5""",,"=""""","=""L10989""",
"=""720.9434""","=""0.0006""","=""720.94359""","=""0.00021""","=""1300""","=""5.8e+06""",C,"=""11776.812""","=""25643.701""","=""3d3.(4F).4s""","=""b 3F""","=""4""","=""3d3.(4F).4p""","=""y 3D*""","=""3""",,"=""T3430,T3297""","=""L10989""",
"=""721.3348""","=""0.0006""","=""721.3349""","=""0.0003""","=""41""","=""""",,"=""14028.436""","=""27887.803""","=""3d3.(4P).4s""","=""a 5P""","=""2""","=""3d2.(3P).4s.4p.(3P*)""","=""z 5P*""","=""3""",,"=""""","=""L10989""",
"=""721.6182""","=""0.0006""","=""721.61838""","=""0.00021""","=""320""","=""1.8e+06""",D,"=""11639.8109""","=""25493.733""","=""3d3.(4F).4s""","=""b 3F""","=""3""","=""3d2.(1D).4s.4p.(3P*)""","=""3P*""","=""2""",,"=""T4401n""","=""L10989""",
"=""722.7375""","=""0.0006""","=""722.7377""","=""0.0004""","=""7""","=""""",,"=""24694.892""","=""38527.359""","=""3d2.(3F).4s.4p.(3P*)""","=""z 1G*""","=""4""","=""3d4""","=""1G2""","=""4""",,"=""""","=""L10989""",
"=""723.3300""","=""0.0006""","=""723.32998""","=""0.00021""","=""16""","=""""",,"=""17369.529""","=""31190.669""","=""3d3.(2D2).4s""","=""a 3D""","=""1""","=""3d2.(3P).4s.4p.(3P*)""","=""v 3D*""","=""2""",,"=""""","=""L10989""",
"=""723.3390""","=""0.0006""","=""723.3387""","=""0.0004""","=""4""","=""""",,"=""18192.570""","=""32013.544""","=""3d3.(2H).4s""","=""a 3H""","=""6""","=""3d2.(1G).4s.4p.(3P*)""","=""z 3H*""","=""6""",,"=""""","=""L10989""",
"=""723.6786""","=""0.0006""","=""723.67865""","=""0.00021""","=""17""","=""""",,"=""17369.529""","=""31184.010""","=""3d3.(2D2).4s""","=""a 3D""","=""1""","=""3d2.(3P).4s.4p.(3P*)""","=""v 3D*""","=""1""",,"=""""","=""L10989""",
"=""724.3124""","=""0.0006""","=""724.31234""","=""0.00021""","=""10""","=""""",,"=""8602.3441""","=""22404.739""","=""3d2.4s2""","=""a 3P""","=""2""","=""3d2.(3F).4s.4p.(3P*)""","=""z 1F*""","=""3""",,"=""""","=""L10989""",
"=""724.4853""","=""0.0006""","=""724.48545""","=""0.00021""","=""770""","=""3.9e+06""",C,"=""11639.8109""","=""25438.908""","=""3d3.(4F).4s""","=""b 3F""","=""3""","=""3d3.(4F).4p""","=""y 3D*""","=""2""",,"=""T3430,T3297""","=""L10989""",
"=""725.1708""","=""0.0006""","=""725.17095""","=""0.00021""","=""650""","=""7.2e+06""",C,"=""11531.761""","=""25317.814""","=""3d3.(4F).4s""","=""b 3F""","=""2""","=""3d3.(4F).4p""","=""y 3D*""","=""1""",,"=""T3297""","=""L10989""",
"=""725.3754""","=""0.0006""","=""725.3753""","=""0.0003""","=""98*""","=""""",,"=""14105.634""","=""27887.803""","=""3d3.(4P).4s""","=""a 5P""","=""3""","=""3d2.(3P).4s.4p.(3P*)""","=""z 5P*""","=""3""",,"=""""","=""L10989""",
"=""725.3754""","=""0.0006""","=""725.37626""","=""0.00021""","=""98*""","=""""",,"=""17423.856""","=""31206.007""","=""3d3.(2D2).4s""","=""a 3D""","=""2""","=""3d2.(3P).4s.4p.(3P*)""","=""v 3D*""","=""3""",,"=""""","=""L10989""",
"=""725.8567""","=""0.0006""","=""725.8568""","=""0.0004""","=""3""","=""""",,"=""18141.265""","=""31914.291""","=""3d3.(2H).4s""","=""a 3H""","=""5""","=""3d2.(1G).4s.4p.(3P*)""","=""z 3H*""","=""5""",,"=""""","=""L10989""",
"=""726.1844""","=""0.0006""","=""726.18442""","=""0.00021""","=""26""","=""""",,"=""17423.856""","=""31190.669""","=""3d3.(2D2).4s""","=""a 3D""","=""2""","=""3d2.(3P).4s.4p.(3P*)""","=""v 3D*""","=""2""",,"=""""","=""L10989""",
"=""726.5359""","=""0.0006""","=""726.53585""","=""0.00021""","=""9""","=""""",,"=""17423.856""","=""31184.010""","=""3d3.(2D2).4s""","=""a 3D""","=""2""","=""3d2.(3P).4s.4p.(3P*)""","=""v 3D*""","=""1""",,"=""""","=""L10989""",
"=""726.6246""","=""0.0006""","=""726.6250""","=""0.0003""","=""42""","=""1.7e+06""",D,"=""13981.773""","=""27740.238""","=""3d3.(4P).4s""","=""a 5P""","=""1""","=""3d2.(3P).4s.4p.(3P*)""","=""z 5P*""","=""2""",,"=""T4401n""","=""L10989""",
"=""726.7932""","=""0.0006""","=""726.7934""","=""0.0004""","=""4""","=""""",,"=""32857.723""","=""46613.001""","=""3d2.(1D).4s.4p.(1P*)""","=""y 1F*""","=""3""","=""3d2.4s.(2D).5s""","=""1D""","=""2""",,"=""""","=""L10989""",
"=""726.8445""","=""0.0006""","=""726.84418""","=""0.00021""","=""11""","=""""",,"=""27614.679""","=""41368.996""","=""3d2.(3F).4s.4p.(1P*)""","=""y 3G*""","=""4""","=""3d2.4s.(2F).5s""","=""3F""","=""3""",,"=""""","=""L10989""",
"=""727.1505""","=""0.0006""","=""727.15064""","=""0.00021""","=""27""","=""7.8e+04""",D,"=""11639.8109""","=""25388.331""","=""3d3.(4F).4s""","=""b 3F""","=""3""","=""3d2.(3F).4s.4p.(1P*)""","=""y 3F*""","=""4""",,"=""T3430,T3297""","=""L10989""",
"=""727.3704""","=""0.0006""","=""727.3702""","=""0.0004""","=""51""","=""""",,"=""18061.387""","=""31805.758""","=""3d3.(2P).4s""","=""b 3P""","=""1""","=""3d2.(3P).4s.4p.(3P*)""","=""y 3P*""","=""2""",,"=""""","=""L10989""",
"=""728.0748""","=""0.0006""","=""728.0746""","=""0.0003""","=""16""","=""""",,"=""27750.135""","=""41481.207""","=""3d2.(3F).4s.4p.(1P*)""","=""y 3G*""","=""5""","=""3d2.4s.(2F).5s""","=""3F""","=""4""",,"=""""","=""L10989""",
"=""728.1257""","=""0.0006""","=""728.1252""","=""0.0003""","=""42""","=""""",,"=""17995.487""","=""31725.605""","=""3d3.(2P).4s""","=""b 3P""","=""0""","=""3d2.(3P).4s.4p.(3P*)""","=""y 3P*""","=""1""",,"=""""","=""L10989""",
"=""728.174""","=""0.007""","=""728.1734""","=""0.0003""","=""3h""","=""""",,"=""35400.235""","=""49129.444""","=""3d4""","=""3H""","=""5""","=""3d3.(4F<5/2>).4f""","=""2[11/2]*""","=""6""",,"=""""","=""L3392""",
"=""729.0975""","=""0.0006""","=""729.0979""","=""0.0003""","=""7""","=""""",,"=""14028.436""","=""27740.238""","=""3d3.(4P).4s""","=""a 5P""","=""2""","=""3d2.(3P).4s.4p.(3P*)""","=""z 5P*""","=""2""",,"=""""","=""L10989""",
"=""729.9689""","=""0.0006""","=""729.96780""","=""0.00021""","=""31*""","=""2.1e+05""",D,"=""11531.761""","=""25227.222""","=""3d3.(4F).4s""","=""b 3F""","=""2""","=""3d2.(3F).4s.4p.(1P*)""","=""y 3F*""","=""3""",,"=""T3430,T3297""","=""L10989""",
"=""729.9689""","=""0.0006""","=""729.9713""","=""0.0003""","=""31*""","=""""",,"=""27498.982""","=""41194.378""","=""3d2.(3F).4s.4p.(1P*)""","=""y 3G*""","=""3""","=""3d2.4s.(2F).5s""","=""3F""","=""2""",,"=""""","=""L10989""",
"=""730.5989""","=""0.0006""","=""730.5990""","=""0.0004""","=""16""","=""""",,"=""13981.773""","=""27665.401""","=""3d3.(4P).4s""","=""a 5P""","=""1""","=""3d2.(3P).4s.4p.(3P*)""","=""z 5P*""","=""1""",,"=""""","=""L10989""",
"=""731.5511""","=""0.0006""","=""731.55115""","=""0.00021""","=""62""","=""""",,"=""17540.188""","=""31206.007""","=""3d3.(2D2).4s""","=""a 3D""","=""3""","=""3d2.(3P).4s.4p.(3P*)""","=""v 3D*""","=""3""",,"=""""","=""L10989""",
"=""731.6372""","=""0.0006""","=""731.63686""","=""0.00021""","=""41""","=""""",,"=""18061.387""","=""31725.605""","=""3d3.(2P).4s""","=""b 3P""","=""1""","=""3d2.(3P).4s.4p.(3P*)""","=""y 3P*""","=""1""",,"=""""","=""L10989""",
"=""731.8376""","=""0.0006""","=""731.8375""","=""0.0004""","=""190""","=""""",,"=""18145.286""","=""31805.758""","=""3d3.(2P).4s""","=""b 3P""","=""2""","=""3d2.(3P).4s.4p.(3P*)""","=""y 3P*""","=""2""",,"=""""","=""L10989""",
"=""732.3730""","=""0.0006""","=""732.37314""","=""0.00021""","=""11""","=""""",,"=""17540.188""","=""31190.669""","=""3d3.(2D2).4s""","=""a 3D""","=""3""","=""3d2.(3P).4s.4p.(3P*)""","=""v 3D*""","=""2""",,"=""""","=""L10989""",
"=""733.0990""","=""0.0006""","=""733.0990""","=""0.0004""","=""47""","=""""",,"=""14028.436""","=""27665.401""","=""3d3.(4P).4s""","=""a 5P""","=""2""","=""3d2.(3P).4s.4p.(3P*)""","=""z 5P*""","=""1""",,"=""""","=""L10989""",
"=""733.2260""","=""0.0006""","=""733.2260""","=""0.0003""","=""47""","=""""",,"=""14105.634""","=""27740.238""","=""3d3.(4P).4s""","=""a 5P""","=""3""","=""3d2.(3P).4s.4p.(3P*)""","=""z 5P*""","=""2""",,"=""""","=""L10989""",
"=""733.7728""","=""0.0006""","=""733.7731""","=""0.0003""","=""40""","=""""",,"=""18061.387""","=""31685.825""","=""3d3.(2P).4s""","=""b 3P""","=""1""","=""3d2.(3P).4s.4p.(3P*)""","=""y 3P*""","=""0""",,"=""""","=""L10989""",
"=""734.4695""","=""0.0006""","=""734.46952""","=""0.00022""","=""430""","=""1.4e+06""",D,"=""11776.812""","=""25388.331""","=""3d3.(4F).4s""","=""b 3F""","=""4""","=""3d2.(3F).4s.4p.(1P*)""","=""y 3F*""","=""4""",,"=""T3430,T3297""","=""L10989""",
"=""735.2119""","=""0.0006""","=""735.2124""","=""0.0006""","=""32""","=""""",,"=""20062.886""","=""33660.652""","=""3d3.(2P).4s""","=""a 1P""","=""1""","=""3d2.(1D).4s.4p.(1P*)""","=""z 1P*""","=""1""",,"=""""","=""L10989""",
"=""735.6994""","=""0.0006""","=""735.69927""","=""0.00022""","=""4""","=""""",,"=""8492.422""","=""22081.189""","=""3d2.4s2""","=""a 3P""","=""1""","=""3d2.(3F).4s.4p.(3P*)""","=""z 1D*""","=""2""",,"=""""","=""L10989""",
"=""735.7726""","=""0.0006""","=""735.77268""","=""0.00022""","=""340""","=""1.33e+06""",C+,"=""11639.8109""","=""25227.222""","=""3d3.(4F).4s""","=""b 3F""","=""3""","=""3d2.(3F).4s.4p.(1P*)""","=""y 3F*""","=""3""",,"=""T4922""","=""L10989""",
"=""736.1570""","=""0.0007""","=""736.15693""","=""0.00022""","=""44""","=""""",,"=""18145.286""","=""31725.605""","=""3d3.(2P).4s""","=""b 3P""","=""2""","=""3d2.(3P).4s.4p.(3P*)""","=""y 3P*""","=""1""",,"=""""","=""L10989""",
"=""736.4099""","=""0.0007""","=""736.41012""","=""0.00022""","=""250""","=""1.6e+06""",D,"=""11531.761""","=""25107.411""","=""3d3.(4F).4s""","=""b 3F""","=""2""","=""3d2.(3F).4s.4p.(1P*)""","=""y 3F*""","=""2""",,"=""T3430,T3297""","=""L10989""",
"=""736.6559""","=""0.0007""","=""736.65625""","=""0.00022""","=""54""","=""""",,"=""11531.761""","=""25102.875""","=""3d3.(4F).4s""","=""b 3F""","=""2""","=""3d2.(3P).4s.4p.(3P*)""","=""z 5S*""","=""2""",,"=""""","=""L10989""",
"=""739.1511""","=""0.0007""","=""739.15109""","=""0.00022""","=""6""","=""""",,"=""12118.393""","=""25643.701""","=""3d2.4s2""","=""a 1G""","=""4""","=""3d3.(4F).4p""","=""y 3D*""","=""3""",,"=""""","=""L10989""",
"=""739.7489""","=""0.0007""","=""739.7491""","=""0.0003""","=""4""","=""""",,"=""25699.987""","=""39214.362""","=""3d2.(3P).4s.4p.(3P*)""","=""5D*""","=""2""","=""3d3.(4F).5s""","=""f 5F""","=""3""",,"=""""","=""L10989""",
"=""739.7933""","=""0.0007""","=""739.7940""","=""0.0003""","=""2""","=""""",,"=""25635.725""","=""39149.280""","=""3d2.(3P).4s.4p.(3P*)""","=""5D*""","=""1""","=""3d3.(4F).5s""","=""f 5F""","=""2""",,"=""""","=""L10989""",
"=""740.2671""","=""0.0007""","=""740.2675""","=""0.0003""","=""6""","=""""",,"=""25797.595""","=""39302.506""","=""3d2.(3P).4s.4p.(3P*)""","=""5D*""","=""3""","=""3d3.(4F).5s""","=""f 5F""","=""4""",,"=""""","=""L10989""",
"=""741.2253""","=""0.0007""","=""741.2273""","=""0.0003""","=""3""","=""""",,"=""18141.265""","=""31628.688""","=""3d3.(2H).4s""","=""a 3H""","=""5""","=""3d3.(4F).4p""","=""w 3G*""","=""5""",,"=""""","=""L10989""",
"=""741.3012""","=""0.0007""","=""741.3014""","=""0.0003""","=""9""","=""""",,"=""25926.771""","=""39412.846""","=""3d2.(3P).4s.4p.(3P*)""","=""5D*""","=""4""","=""3d3.(4F).5s""","=""f 5F""","=""5""",,"=""""","=""L10989""",
"=""741.6989""","=""0.0007""","=""741.69905""","=""0.00022""","=""8""","=""""",,"=""8602.3441""","=""22081.189""","=""3d2.4s2""","=""a 3P""","=""2""","=""3d2.(3F).4s.4p.(3P*)""","=""z 1D*""","=""2""",,"=""""","=""L10989""",
"=""742.0360""","=""0.0007""","=""742.0360""","=""0.0003""","=""4""","=""""",,"=""27614.679""","=""41087.404""","=""3d2.(3F).4s.4p.(1P*)""","=""y 3G*""","=""4""","=""3d2.4s.(2F).5s""","=""e 1F""","=""3""",,"=""""","=""L10989""",
"=""742.3184""","=""0.0007""","=""742.31833""","=""0.00022""","=""8""","=""5.5e+04""",D,"=""11639.8109""","=""25107.411""","=""3d3.(4F).4s""","=""b 3F""","=""3""","=""3d2.(3F).4s.4p.(1P*)""","=""y 3F*""","=""2""",,"=""T3430""","=""L10989""",
"=""742.4585""","=""0.0007""","=""742.45859""","=""0.00022""","=""9""","=""""",,"=""6661.006""","=""20126.062""","=""3d3.(4F).4s""","=""a 5F""","=""3""","=""3d2.(3F).4s.4p.(3P*)""","=""z 3D*""","=""3""",,"=""""","=""L10989""",
"=""743.1642""","=""0.0007""","=""743.16466""","=""0.00022""","=""3""","=""""",,"=""18037.213""","=""31489.476""","=""3d3.(2H).4s""","=""a 3H""","=""4""","=""3d3.(4F).4p""","=""w 3G*""","=""4""",,"=""""","=""L10989""",
"=""743.2225""","=""0.0007""","=""743.2231""","=""0.0006""","=""4""","=""""",,"=""20209.447""","=""33660.652""","=""3d3.(2D2).4s""","=""b 1D""","=""2""","=""3d2.(1D).4s.4p.(1P*)""","=""z 1P*""","=""1""",,"=""""","=""L10989""",
"=""743.2670""","=""0.0007""","=""743.26705""","=""0.00022""","=""5""","=""6.9e+03""",D,"=""11776.812""","=""25227.222""","=""3d3.(4F).4s""","=""b 3F""","=""4""","=""3d2.(3F).4s.4p.(1P*)""","=""y 3F*""","=""3""",,"=""T3297""","=""L10989""",
"=""743.3318""","=""0.0007""","=""743.3288""","=""0.0003""","=""2*""","=""""",,"=""25699.987""","=""39149.280""","=""3d2.(3P).4s.4p.(3P*)""","=""5D*""","=""2""","=""3d3.(4F).5s""","=""f 5F""","=""2""",,"=""""","=""L10989""",
"=""743.3318""","=""0.0007""","=""743.3336""","=""0.0003""","=""2*""","=""""",,"=""6556.833""","=""20006.039""","=""3d3.(4F).4s""","=""a 5F""","=""1""","=""3d2.(3F).4s.4p.(3P*)""","=""z 3D*""","=""2""",,"=""""","=""L10989""",
"=""744.0576""","=""0.0007""","=""744.0577""","=""0.0003""","=""68""","=""2.2e+06""",D,"=""18192.570""","=""31628.688""","=""3d3.(2H).4s""","=""a 3H""","=""6""","=""3d3.(4F).4p""","=""w 3G*""","=""5""",,"=""T4401n""","=""L10989""",
"=""745.6582""","=""0.0007""","=""745.6584""","=""0.0003""","=""9""","=""8.00e+03""",C+,"=""6598.765""","=""20006.039""","=""3d3.(4F).4s""","=""a 5F""","=""2""","=""3d2.(3F).4s.4p.(3P*)""","=""z 3D*""","=""2""",,"=""T8000""","=""L10989""",
"=""746.9938""","=""0.0007""","=""746.99382""","=""0.00022""","=""13""","=""1.20e+04""",B',"=""6742.756""","=""20126.062""","=""3d3.(4F).4s""","=""a 5F""","=""4""","=""3d2.(3F).4s.4p.(3P*)""","=""z 3D*""","=""3""",,"=""T8000""","=""L10989""",
"=""747.4162""","=""0.0007""","=""747.4166""","=""0.0003""","=""2""","=""""",,"=""25926.771""","=""39302.506""","=""3d2.(3P).4s.4p.(3P*)""","=""5D*""","=""4""","=""3d3.(4F).5s""","=""f 5F""","=""4""",,"=""""","=""L10989""",
"=""747.493""","=""0.007""","=""747.4934""","=""0.0004""","=""1""","=""""",,"=""25107.411""","=""38481.773""","=""3d2.(3F).4s.4p.(1P*)""","=""y 3F*""","=""2""","=""3d4""","=""3D""","=""1""",,"=""""","=""L13657""",
"=""748.9579""","=""0.0007""","=""748.9578""","=""0.0003""","=""59""","=""""",,"=""18141.265""","=""31489.476""","=""3d3.(2H).4s""","=""a 3H""","=""5""","=""3d3.(4F).4p""","=""w 3G*""","=""4""",,"=""""","=""L10989""",
"=""749.1360""","=""0.0007""","=""749.13617""","=""0.00022""","=""6""","=""7.00e+03""",C+,"=""6661.006""","=""20006.039""","=""3d3.(4F).4s""","=""a 5F""","=""3""","=""3d2.(3F).4s.4p.(3P*)""","=""z 3D*""","=""2""",,"=""T8000""","=""L10989""",
"=""749.6103""","=""0.0007""","=""749.61021""","=""0.00022""","=""41""","=""""",,"=""18037.213""","=""31373.807""","=""3d3.(2H).4s""","=""a 3H""","=""4""","=""3d3.(4F).4p""","=""w 3G*""","=""3""",,"=""""","=""L10989""",
"=""754.2918""","=""0.0007""","=""754.2923""","=""0.0005""","=""3""","=""""",,"=""34700.215""","=""47954.025""","=""3d3.(2G).4p""","=""z 1H*""","=""5""","=""3d3.(2G).5s""","=""1G""","=""4""",,"=""""","=""L10989""",
"=""754.5742""","=""0.0007""","=""754.5740""","=""0.0004""","=""4""","=""""",,"=""25227.222""","=""38476.084""","=""3d2.(3F).4s.4p.(1P*)""","=""y 3F*""","=""3""","=""3d4""","=""3D""","=""2""",,"=""""","=""L10989""",
"=""755.3967""","=""0.0007""","=""755.3966""","=""0.0003""","=""5""","=""""",,"=""19322.984""","=""32557.419""","=""3d2.(3F).4s.4p.(3P*)""","=""z 3F*""","=""2""","=""3d3.(2D1).4s""","=""3D""","=""1""",,"=""""","=""L10989""",
"=""756.7821""","=""0.0007""","=""756.7825""","=""0.0005""","=""4""","=""""",,"=""32857.723""","=""46067.923""","=""3d2.(1D).4s.4p.(1P*)""","=""y 1F*""","=""3""","=""3d2.4s.(2F).4d""","=""e 1G""","=""4""",,"=""""","=""L10989""",
"=""758.0265""","=""0.0007""","=""758.0263""","=""0.0003""","=""29""","=""""",,"=""17995.487""","=""31184.010""","=""3d3.(2P).4s""","=""b 3P""","=""0""","=""3d2.(3P).4s.4p.(3P*)""","=""v 3D*""","=""1""",,"=""""","=""L10989""",
"=""759.4409""","=""0.0007""","=""759.4408""","=""0.0005""","=""6""","=""""",,"=""25317.814""","=""38481.773""","=""3d3.(4F).4p""","=""y 3D*""","=""1""","=""3d4""","=""3D""","=""1""",,"=""""","=""L10989""",
"=""759.7699""","=""0.0007""","=""759.7692""","=""0.0004""","=""3""","=""""",,"=""25317.814""","=""38476.084""","=""3d3.(4F).4p""","=""y 3D*""","=""1""","=""3d4""","=""3D""","=""2""",,"=""""","=""L10989""",
"=""761.4464""","=""0.0007""","=""761.44666""","=""0.00023""","=""59""","=""""",,"=""18061.387""","=""31190.669""","=""3d3.(2P).4s""","=""b 3P""","=""1""","=""3d2.(3P).4s.4p.(3P*)""","=""v 3D*""","=""2""",,"=""""","=""L10989""",
"=""761.8048""","=""0.0007""","=""761.8071""","=""0.0003""","=""6""","=""""",,"=""28896.059""","=""42019.1293""","=""3d3.(4F).4p""","=""y 5F*""","=""5""","=""3d2.4s.(4F).4d""","=""e 5G""","=""6""",,"=""""","=""L10989""",
"=""761.8331""","=""0.0007""","=""761.83305""","=""0.00023""","=""23""","=""""",,"=""18061.387""","=""31184.010""","=""3d3.(2P).4s""","=""b 3P""","=""1""","=""3d2.(3P).4s.4p.(3P*)""","=""v 3D*""","=""1""",,"=""""","=""L10989""",
"=""762.0614""","=""0.0007""","=""762.06157""","=""0.00023""","=""2""","=""""",,"=""28638.841""","=""41757.529""","=""3d3.(4F).4p""","=""y 5F*""","=""2""","=""3d2.4s.(4F).4d""","=""e 5G""","=""3""",,"=""""","=""L10989""",
"=""762.0825""","=""0.0007""","=""762.0827""","=""0.0003""","=""6""","=""""",,"=""19421.580""","=""32539.905""","=""3d2.(3F).4s.4p.(3P*)""","=""z 3F*""","=""3""","=""3d3.(2D1).4s""","=""3D""","=""2""",,"=""""","=""L10989""",
"=""762.2159""","=""0.0007""","=""762.21595""","=""0.00017""","=""3""","=""""",,"=""28702.778""","=""41818.8088""","=""3d3.(4F).4p""","=""y 5F*""","=""3""","=""3d2.4s.(4F).4d""","=""e 5G""","=""4""",,"=""""","=""L10989""",
"=""762.2677""","=""0.0015""","=""762.27030""","=""0.00017""","=""2q""","=""""",,"=""28788.380""","=""41903.4757""","=""3d3.(4F).4p""","=""y 5F*""","=""4""","=""3d2.4s.(4F).4d""","=""e 5G""","=""5""",,"=""""","=""L10989""",
"=""763.8321""","=""0.0007""","=""763.8318""","=""0.0004""","=""6""","=""""",,"=""25388.331""","=""38476.615""","=""3d2.(3F).4s.4p.(1P*)""","=""y 3F*""","=""4""","=""3d4""","=""3D""","=""3""",,"=""""","=""L10989""",
"=""763.9504""","=""0.0007""","=""763.95039""","=""0.00023""","=""9""","=""""",,"=""18287.554""","=""31373.807""","=""3d3.(2G).4s""","=""b 1G""","=""4""","=""3d3.(4F).4p""","=""w 3G*""","=""3""",,"=""""","=""L10989""",
"=""765.4436""","=""0.0007""","=""765.44382""","=""0.00023""","=""99""","=""""",,"=""18145.286""","=""31206.007""","=""3d3.(2P).4s""","=""b 3P""","=""2""","=""3d2.(3P).4s.4p.(3P*)""","=""v 3D*""","=""3""",,"=""""","=""L10989""",
"=""766.3437""","=""0.0007""","=""766.34379""","=""0.00024""","=""21""","=""""",,"=""18145.286""","=""31190.669""","=""3d3.(2P).4s""","=""b 3P""","=""2""","=""3d2.(3P).4s.4p.(3P*)""","=""v 3D*""","=""2""",,"=""""","=""L10989""",
"=""766.4914""","=""0.0007""","=""766.4917""","=""0.0005""","=""2""","=""""",,"=""25438.908""","=""38481.773""","=""3d3.(4F).4p""","=""y 3D*""","=""2""","=""3d4""","=""3D""","=""1""",,"=""""","=""L10989""",
"=""766.5221""","=""0.0007""","=""766.52171""","=""0.00024""","=""2""","=""""",,"=""29914.737""","=""42957.092""","=""3d2.(1G).4s.4p.(3P*)""","=""x 3G*""","=""3""","=""3d4""","=""3F1""","=""2""",,"=""""","=""L10989""",
"=""766.7355""","=""0.0007""","=""766.73517""","=""0.00024""","=""2""","=""""",,"=""18145.286""","=""31184.010""","=""3d3.(2P).4s""","=""b 3P""","=""2""","=""3d2.(3P).4s.4p.(3P*)""","=""v 3D*""","=""1""",,"=""""","=""L10989""",
"=""766.8250""","=""0.0015""","=""766.8262""","=""0.0004""","=""6q""","=""""",,"=""25438.908""","=""38476.084""","=""3d3.(4F).4p""","=""y 3D*""","=""2""","=""3d4""","=""3D""","=""2""",,"=""""","=""L10989""",
"=""769.3254""","=""0.0007""","=""769.32514""","=""0.00024""","=""2""","=""""",,"=""29971.086""","=""42965.9148""","=""3d2.(1G).4s.4p.(3P*)""","=""x 3G*""","=""4""","=""3d4""","=""3F1""","=""3""",,"=""""","=""L10989""",
"=""770.7781""","=""0.0007""","=""770.77865""","=""0.00024""","=""3""","=""""",,"=""30039.170""","=""43009.4937""","=""3d2.(1G).4s.4p.(3P*)""","=""x 3G*""","=""5""","=""3d4""","=""3F1""","=""4""",,"=""""","=""L10989""",
"=""772.5496""","=""0.0007""","=""772.5496""","=""0.0003""","=""9""","=""""",,"=""19573.974""","=""32514.566""","=""3d2.(3F).4s.4p.(3P*)""","=""z 3F*""","=""4""","=""3d3.(2D1).4s""","=""3D""","=""3""",,"=""""","=""L10989""",
"=""773.8954""","=""0.0007""","=""773.89587""","=""0.00024""","=""5""","=""""",,"=""11776.812""","=""24694.892""","=""3d3.(4F).4s""","=""b 3F""","=""4""","=""3d2.(3F).4s.4p.(3P*)""","=""z 1G*""","=""4""",,"=""""","=""L10989""",
"=""774.5298""","=""0.0007""","=""774.5299""","=""0.0004""","=""3""","=""""",,"=""18818.099""","=""31725.605""","=""3d3.(4P).4s""","=""c 3P""","=""0""","=""3d2.(3P).4s.4p.(3P*)""","=""y 3P*""","=""1""",,"=""""","=""L10989""",
"=""774.9910""","=""0.0007""","=""774.9912""","=""0.0003""","=""3""","=""""",,"=""18825.782""","=""31725.605""","=""3d3.(4P).4s""","=""c 3P""","=""1""","=""3d2.(3P).4s.4p.(3P*)""","=""y 3P*""","=""1""",,"=""""","=""L10989""",
"=""775.3205""","=""0.0007""","=""775.3193""","=""0.0005""","=""2""","=""""",,"=""18911.394""","=""31805.758""","=""3d3.(4P).4s""","=""c 3P""","=""2""","=""3d2.(3P).4s.4p.(3P*)""","=""y 3P*""","=""2""",,"=""""","=""L10989""",
"=""776.6325""","=""0.0007""","=""776.63211""","=""0.00018""","=""2""","=""""",,"=""29986.199""","=""42858.7661""","=""3d3.(4F).4p""","=""x 5D*""","=""3""","=""3d2.4s.(4F).4d""","=""e 5P""","=""3""",,"=""""","=""L10989""",
"=""776.7439""","=""0.0007""","=""776.74435""","=""0.00024""","=""14""","=""1.40e+04""",C+,"=""7255.355""","=""20126.062""","=""3d2.4s2""","=""a 1D""","=""2""","=""3d2.(3F).4s.4p.(3P*)""","=""z 3D*""","=""3""",,"=""T8000""","=""L10989""",
"=""777.3889""","=""0.0007""","=""777.3885""","=""0.0004""","=""3""","=""""",,"=""18825.782""","=""31685.825""","=""3d3.(4P).4s""","=""c 3P""","=""1""","=""3d2.(3P).4s.4p.(3P*)""","=""y 3P*""","=""0""",,"=""""","=""L10989""",
"=""779.0316""","=""0.0007""","=""779.0319""","=""0.0004""","=""14""","=""""",,"=""25643.701""","=""38476.615""","=""3d3.(4F).4p""","=""y 3D*""","=""3""","=""3d4""","=""3D""","=""3""",,"=""""","=""L10989""",
"=""779.0628""","=""0.0007""","=""779.0641""","=""0.0004""","=""3""","=""""",,"=""25643.701""","=""38476.084""","=""3d3.(4F).4p""","=""y 3D*""","=""3""","=""3d4""","=""3D""","=""2""",,"=""""","=""L10989""",
"=""779.1351""","=""0.0007""","=""779.13485""","=""0.00024""","=""2""","=""""",,"=""6742.756""","=""19573.974""","=""3d3.(4F).4s""","=""a 5F""","=""4""","=""3d2.(3F).4s.4p.(3P*)""","=""z 3F*""","=""4""",,"=""""","=""L10989""",
"=""780.0169""","=""0.0007""","=""780.01744""","=""0.00024""","=""2""","=""""",,"=""29907.286""","=""42723.9855""","=""3d3.(4F).4p""","=""x 5D*""","=""2""","=""3d2.4s.(4F).4d""","=""e 5P""","=""2""",,"=""""","=""L10989""",
"=""780.7430""","=""0.0007""","=""780.7432""","=""0.0005""","=""2""","=""""",,"=""27498.172""","=""40302.957""","=""3d3.(2F).4s""","=""1F""","=""3""","=""3d3.(2D2).4p""","=""w 1F*""","=""3""",,"=""""","=""L10989""",
"=""781.1308""","=""0.0007""","=""781.13114""","=""0.00018""","=""5""","=""""",,"=""30060.340""","=""42858.7661""","=""3d3.(4F).4p""","=""x 5D*""","=""4""","=""3d2.4s.(4F).4d""","=""e 5P""","=""3""",,"=""""","=""L10989""",
"=""783.4499""","=""0.0007""","=""783.44825""","=""0.00025""","=""3""","=""""",,"=""6661.006""","=""19421.580""","=""3d3.(4F).4s""","=""a 5F""","=""3""","=""3d2.(3F).4s.4p.(3P*)""","=""z 3F*""","=""3""",,"=""""","=""L10989""",
"=""783.4671""","=""0.0007""","=""783.46728""","=""0.00025""","=""12""","=""""",,"=""27025.659""","=""39785.923""","=""3d2.(1D).4s.4p.(3P*)""","=""x 3F*""","=""4""","=""3d3.(4F).5s""","=""f 3F""","=""4""",,"=""""","=""L10989""",
"=""783.7171""","=""0.0007""","=""783.71714""","=""0.00025""","=""2""","=""""",,"=""29855.255""","=""42611.4510""","=""3d3.(4F).4p""","=""x 5D*""","=""1""","=""3d2.4s.(4F).4d""","=""e 5P""","=""1""",,"=""""","=""L10989""",
"=""784.0557""","=""0.0007""","=""784.0559""","=""0.0003""","=""10""","=""1.10e+04""",C+,"=""7255.355""","=""20006.039""","=""3d2.4s2""","=""a 1D""","=""2""","=""3d2.(3F).4s.4p.(3P*)""","=""z 3D*""","=""2""",,"=""T8000""","=""L10989""",
"=""784.2157""","=""0.0007""","=""784.21578""","=""0.00025""","=""9""","=""""",,"=""26892.936""","=""39641.021""","=""3d2.(1D).4s.4p.(3P*)""","=""x 3F*""","=""3""","=""3d3.(4F).5s""","=""f 3F""","=""3""",,"=""""","=""L10989""",
"=""784.8492""","=""0.0007""","=""784.84982""","=""0.00018""","=""2""","=""""",,"=""29986.199""","=""42723.9855""","=""3d3.(4F).4p""","=""x 5D*""","=""3""","=""3d2.4s.(4F).4d""","=""e 5P""","=""2""",,"=""""","=""L10989""",
"=""785.2675""","=""0.0007""","=""785.26746""","=""0.00025""","=""31*""","=""2.80e+04""",B,"=""6842.962""","=""19573.974""","=""3d3.(4F).4s""","=""a 5F""","=""5""","=""3d2.(3F).4s.4p.(3P*)""","=""z 3F*""","=""4""",,"=""T8000""","=""L10989""",
"=""785.2675""","=""0.0007""","=""785.26814""","=""0.00025""","=""31*""","=""""",,"=""15156.802""","=""27887.803""","=""3d3.(2G).4s""","=""a 3G""","=""4""","=""3d2.(3P).4s.4p.(3P*)""","=""z 5P*""","=""3""",,"=""""","=""L10989""",
"=""785.7316""","=""0.0007""","=""785.73158""","=""0.00025""","=""7""","=""""",,"=""26803.420""","=""39526.912""","=""3d2.(1D).4s.4p.(3P*)""","=""x 3F*""","=""2""","=""3d3.(4F).5s""","=""f 3F""","=""2""",,"=""""","=""L10989""",
"=""786.9272""","=""0.0007""","=""786.92693""","=""0.00025""","=""2""","=""""",,"=""29907.286""","=""42611.4510""","=""3d3.(4F).4p""","=""x 5D*""","=""2""","=""3d2.4s.(4F).4d""","=""e 5P""","=""1""",,"=""""","=""L10989""",
"=""788.4996""","=""0.0007""","=""788.49976""","=""0.00025""","=""14""","=""1.40e+04""",C+,"=""6742.756""","=""19421.580""","=""3d3.(4F).4s""","=""a 5F""","=""4""","=""3d2.(3F).4s.4p.(3P*)""","=""z 3F*""","=""3""",,"=""T8000""","=""L10989""",
"=""789.5477""","=""0.0007""","=""789.54882""","=""0.00025""","=""3""","=""""",,"=""6661.006""","=""19322.984""","=""3d3.(4F).4s""","=""a 5F""","=""3""","=""3d2.(3F).4s.4p.(3P*)""","=""z 3F*""","=""2""",,"=""""","=""L10989""",
"=""789.9876""","=""0.0007""","=""789.9873""","=""0.0004""","=""7""","=""""",,"=""26494.330""","=""39149.280""","=""3d3.(4F).4p""","=""y 5G*""","=""2""","=""3d3.(4F).5s""","=""f 5F""","=""2""",,"=""""","=""L10989""",
"=""790.2987""","=""0.0007""","=""790.2988""","=""0.0003""","=""9""","=""""",,"=""26564.400""","=""39214.362""","=""3d3.(4F).4p""","=""y 5G*""","=""3""","=""3d3.(4F).5s""","=""f 5F""","=""3""",,"=""""","=""L10989""",
"=""790.4045""","=""0.0007""","=""790.4041""","=""0.0004""","=""8""","=""""",,"=""20209.447""","=""32857.723""","=""3d3.(2D2).4s""","=""b 1D""","=""2""","=""3d2.(1D).4s.4p.(1P*)""","=""y 1F*""","=""3""",,"=""""","=""L10989""",
"=""790.6040""","=""0.0008""","=""790.6033""","=""0.0004""","=""10""","=""""",,"=""26657.416""","=""39302.506""","=""3d3.(4F).4p""","=""y 5G*""","=""4""","=""3d3.(4F).5s""","=""f 5F""","=""4""",,"=""""","=""L10989""",
"=""792.2022""","=""0.0008""","=""792.2025""","=""0.0004""","=""11""","=""""",,"=""19937.855""","=""32557.419""","=""3d2.(3F).4s.4p.(3P*)""","=""z 3D*""","=""1""","=""3d3.(2D1).4s""","=""3D""","=""1""",,"=""""","=""L10989""",
"=""792.6316""","=""0.0008""","=""792.6317""","=""0.0004""","=""23""","=""""",,"=""26494.330""","=""39107.060""","=""3d3.(4F).4p""","=""y 5G*""","=""2""","=""3d3.(4F).5s""","=""f 5F""","=""1""",,"=""""","=""L10989""",
"=""793.3039""","=""0.0008""","=""793.3035""","=""0.0004""","=""4""","=""""",,"=""19937.855""","=""32539.905""","=""3d2.(3F).4s.4p.(3P*)""","=""z 3D*""","=""1""","=""3d3.(2D1).4s""","=""3D""","=""2""",,"=""""","=""L10989""",
"=""793.8521""","=""0.0008""","=""793.8526""","=""0.0003""","=""6""","=""3.8e+04""",C,"=""15156.802""","=""27750.135""","=""3d3.(2G).4s""","=""a 3G""","=""4""","=""3d2.(3F).4s.4p.(1P*)""","=""y 3G*""","=""5""",,"=""T3297""","=""L10989""",
"=""794.3865""","=""0.0008""","=""794.3858""","=""0.0004""","=""31""","=""""",,"=""26564.400""","=""39149.280""","=""3d3.(4F).4p""","=""y 5G*""","=""3""","=""3d3.(4F).5s""","=""f 5F""","=""2""",,"=""""","=""L10989""",
"=""794.9151""","=""0.0008""","=""794.9152""","=""0.0003""","=""240""","=""4.1e+05""",C,"=""12118.393""","=""24694.892""","=""3d2.4s2""","=""a 1G""","=""4""","=""3d2.(3F).4s.4p.(3P*)""","=""z 1G*""","=""4""",,"=""T3897""","=""L10989""",
"=""796.1533""","=""0.0008""","=""796.1530""","=""0.0003""","=""41""","=""""",,"=""26657.416""","=""39214.362""","=""3d3.(4F).4p""","=""y 5G*""","=""4""","=""3d3.(4F).5s""","=""f 5F""","=""3""",,"=""""","=""L10989""",
"=""796.5064""","=""0.0008""","=""796.5061""","=""0.0004""","=""4""","=""""",,"=""20006.039""","=""32557.419""","=""3d2.(3F).4s.4p.(3P*)""","=""z 3D*""","=""2""","=""3d3.(2D1).4s""","=""3D""","=""1""",,"=""""","=""L10989""",
"=""797.6194""","=""0.0008""","=""797.6190""","=""0.0004""","=""16""","=""""",,"=""20006.039""","=""32539.905""","=""3d2.(3F).4s.4p.(3P*)""","=""z 3D*""","=""2""","=""3d3.(2D1).4s""","=""3D""","=""2""",,"=""""","=""L10989""",
"=""797.8815""","=""0.0008""","=""797.8816""","=""0.0003""","=""130""","=""""",,"=""15220.393""","=""27750.135""","=""3d3.(2G).4s""","=""a 3G""","=""5""","=""3d2.(3F).4s.4p.(1P*)""","=""y 3G*""","=""5""",,"=""""","=""L10989""",
"=""797.8954""","=""0.0008""","=""797.8946""","=""0.0004""","=""51""","=""""",,"=""26772.968""","=""39302.506""","=""3d3.(4F).4p""","=""y 5G*""","=""5""","=""3d3.(4F).5s""","=""f 5F""","=""4""",,"=""""","=""L10989""",
"=""799.2346""","=""0.0008""","=""799.2348""","=""0.0004""","=""4""","=""""",,"=""20006.039""","=""32514.566""","=""3d2.(3F).4s.4p.(3P*)""","=""z 3D*""","=""2""","=""3d3.(2D1).4s""","=""3D""","=""3""",,"=""""","=""L10989""",
"=""799.3606""","=""0.0008""","=""799.3600""","=""0.0003""","=""6""","=""""",,"=""15108.111""","=""27614.679""","=""3d3.(2G).4s""","=""a 3G""","=""3""","=""3d2.(3F).4s.4p.(1P*)""","=""y 3G*""","=""4""",,"=""""","=""L10989""",
"=""799.6434""","=""0.0008""","=""799.6433""","=""0.0004""","=""72""","=""""",,"=""26910.709""","=""39412.846""","=""3d3.(4F).4p""","=""y 5G*""","=""6""","=""3d3.(4F).5s""","=""f 5F""","=""5""",,"=""""","=""L10989""",
"=""800.3481""","=""0.0008""","=""800.3486""","=""0.0003""","=""12""","=""""",,"=""30039.170""","=""42530.2894""","=""3d2.(1G).4s.4p.(3P*)""","=""x 3G*""","=""5""","=""3d2.4s.(4F).4d""","=""3H""","=""6""",,"=""""","=""L10989""",
"=""802.4840""","=""0.0008""","=""802.4843""","=""0.0003""","=""100""","=""8.3e+05""",C,"=""15156.802""","=""27614.679""","=""3d3.(2G).4s""","=""a 3G""","=""4""","=""3d2.(3F).4s.4p.(1P*)""","=""y 3G*""","=""4""",,"=""T3297""","=""L10989""",
"=""805.3306""","=""0.0008""","=""805.3309""","=""0.0003""","=""21bl""","=""""",,"=""20126.062""","=""32539.905""","=""3d2.(3F).4s.4p.(3P*)""","=""z 3D*""","=""3""","=""3d3.(2D1).4s""","=""3D""","=""2""",,"=""""","=""L10989""",
"=""806.4247""","=""0.0008""","=""806.4245""","=""0.0003""","=""8""","=""""",,"=""29971.086""","=""42368.0934""","=""3d2.(1G).4s.4p.(3P*)""","=""x 3G*""","=""4""","=""3d2.4s.(4F).4d""","=""3H""","=""5""",,"=""""","=""L10989""",
"=""806.6018""","=""0.0008""","=""806.6016""","=""0.0003""","=""6""","=""3.4e+04""",C,"=""15220.393""","=""27614.679""","=""3d3.(2G).4s""","=""a 3G""","=""5""","=""3d2.(3F).4s.4p.(1P*)""","=""y 3G*""","=""4""",,"=""T3297""","=""L10989""",
"=""806.8240""","=""0.0008""","=""806.8239""","=""0.0003""","=""74""","=""7.7e+05""",C,"=""15108.111""","=""27498.982""","=""3d3.(2G).4s""","=""a 3G""","=""3""","=""3d2.(3F).4s.4p.(1P*)""","=""y 3G*""","=""3""",,"=""T3297""","=""L10989""",
"=""806.9781""","=""0.0008""","=""806.9781""","=""0.0003""","=""27""","=""""",,"=""20126.062""","=""32514.566""","=""3d2.(3F).4s.4p.(3P*)""","=""z 3D*""","=""3""","=""3d3.(2D1).4s""","=""3D""","=""3""",,"=""""","=""L10989""",
"=""808.0457""","=""0.0008""","=""808.0482""","=""0.0003""","=""3""","=""""",,"=""17540.188""","=""29912.286""","=""3d3.(2D2).4s""","=""a 3D""","=""3""","=""3d2.(3F).4s.4p.(1P*)""","=""w 3D*""","=""3""",,"=""""","=""L10989""",
"=""808.4520""","=""0.0008""","=""808.4524""","=""0.0003""","=""7""","=""""",,"=""18818.099""","=""31184.010""","=""3d3.(4P).4s""","=""c 3P""","=""0""","=""3d2.(3P).4s.4p.(3P*)""","=""v 3D*""","=""1""",,"=""""","=""L10989""",
"=""808.5194""","=""0.0008""","=""808.5194""","=""0.0003""","=""12""","=""""",,"=""18825.782""","=""31190.669""","=""3d3.(4P).4s""","=""c 3P""","=""1""","=""3d2.(3P).4s.4p.(3P*)""","=""v 3D*""","=""2""",,"=""""","=""L10989""",
"=""808.9546""","=""0.0008""","=""808.9551""","=""0.0003""","=""4""","=""""",,"=""18825.782""","=""31184.010""","=""3d3.(4P).4s""","=""c 3P""","=""1""","=""3d2.(3P).4s.4p.(3P*)""","=""v 3D*""","=""1""",,"=""""","=""L10989""",
"=""809.8343""","=""0.0008""","=""809.8337""","=""0.0003""","=""4""","=""""",,"=""17423.856""","=""29768.675""","=""3d3.(2D2).4s""","=""a 3D""","=""2""","=""3d2.(3F).4s.4p.(1P*)""","=""w 3D*""","=""2""",,"=""""","=""L10989""",
"=""810.0070""","=""0.0008""","=""810.0069""","=""0.0003""","=""6""","=""4.5e+04""",C,"=""15156.802""","=""27498.982""","=""3d3.(2G).4s""","=""a 3G""","=""4""","=""3d2.(3F).4s.4p.(1P*)""","=""y 3G*""","=""3""",,"=""T3297""","=""L10989""",
"=""812.7827""","=""0.0008""","=""812.78254""","=""0.00020""","=""4""","=""""",,"=""29914.737""","=""42214.7689""","=""3d2.(1G).4s.4p.(3P*)""","=""x 3G*""","=""3""","=""3d2.4s.(4F).4d""","=""3H""","=""4""",,"=""""","=""L10989""",
"=""813.1404""","=""0.0008""","=""813.1408""","=""0.0003""","=""13""","=""""",,"=""18911.394""","=""31206.007""","=""3d3.(4P).4s""","=""c 3P""","=""2""","=""3d2.(3P).4s.4p.(3P*)""","=""v 3D*""","=""3""",,"=""""","=""L10989""",
"=""813.3316""","=""0.0008""","=""813.3321""","=""0.0003""","=""3""","=""""",,"=""17369.529""","=""29661.250""","=""3d3.(2D2).4s""","=""a 3D""","=""1""","=""3d2.(3F).4s.4p.(1P*)""","=""w 3D*""","=""1""",,"=""""","=""L10989""",
"=""814.1565""","=""0.0008""","=""814.1565""","=""0.0003""","=""2""","=""""",,"=""18911.394""","=""31190.669""","=""3d3.(4P).4s""","=""c 3P""","=""2""","=""3d2.(3P).4s.4p.(3P*)""","=""v 3D*""","=""2""",,"=""""","=""L10989""",
"=""818.0343""","=""0.0008""","=""818.0331""","=""0.0003""","=""4*""","=""""",,"=""25438.908""","=""37659.992""","=""3d3.(4F).4p""","=""y 3D*""","=""2""","=""3d2.4s.(4F).5s""","=""e 3F""","=""3""",,"=""""","=""L10989""",
"=""818.0343""","=""0.0008""","=""818.0355""","=""0.0003""","=""4*""","=""""",,"=""25317.814""","=""37538.862""","=""3d3.(4F).4p""","=""y 3D*""","=""1""","=""3d2.4s.(4F).5s""","=""e 3F""","=""2""",,"=""""","=""L10989""",
"=""820.7211""","=""0.0008""","=""820.7212""","=""0.0003""","=""4""","=""""",,"=""25643.701""","=""37824.758""","=""3d3.(4F).4p""","=""y 3D*""","=""3""","=""3d2.4s.(4F).5s""","=""e 3F""","=""4""",,"=""""","=""L10989""",
"=""821.3824""","=""0.0008""","=""821.3829""","=""0.0003""","=""2""","=""""",,"=""27614.679""","=""39785.923""","=""3d2.(3F).4s.4p.(1P*)""","=""y 3G*""","=""4""","=""3d3.(4F).5s""","=""f 3F""","=""4""",,"=""""","=""L10989""",
"=""821.7204""","=""0.0008""","=""821.7195""","=""0.0003""","=""2""","=""""",,"=""25493.733""","=""37659.992""","=""3d2.(1D).4s.4p.(3P*)""","=""3P*""","=""2""","=""3d2.4s.(4F).5s""","=""e 3F""","=""3""",,"=""""","=""L10989""",
"=""830.6271""","=""0.0008""","=""830.6271""","=""0.0003""","=""19""","=""""",,"=""27750.135""","=""39785.923""","=""3d2.(3F).4s.4p.(1P*)""","=""y 3G*""","=""5""","=""3d3.(4F).5s""","=""f 3F""","=""4""",,"=""""","=""L10989""",
"=""830.7416""","=""0.0008""","=""830.7417""","=""0.0003""","=""28""","=""1.20e+04""",B',"=""6661.006""","=""18695.134""","=""3d3.(4F).4s""","=""a 5F""","=""3""","=""3d2.(3F).4s.4p.(3P*)""","=""z 5D*""","=""4""",,"=""T8000""","=""L10989""",
"=""831.1699""","=""0.0008""","=""831.1698""","=""0.0003""","=""13""","=""""",,"=""27498.982""","=""39526.912""","=""3d2.(3F).4s.4p.(1P*)""","=""y 3G*""","=""3""","=""3d3.(4F).5s""","=""f 3F""","=""2""",,"=""""","=""L10989""",
"=""831.2800""","=""0.0008""","=""831.2796""","=""0.0003""","=""16""","=""""",,"=""27614.679""","=""39641.021""","=""3d2.(3F).4s.4p.(1P*)""","=""y 3G*""","=""4""","=""3d3.(4F).5s""","=""f 3F""","=""3""",,"=""""","=""L10989""",
"=""833.4389""","=""0.0008""","=""833.4390""","=""0.0003""","=""58""","=""3.20e+04""",B,"=""6598.765""","=""18593.947""","=""3d3.(4F).4s""","=""a 5F""","=""2""","=""3d2.(3F).4s.4p.(3P*)""","=""z 5D*""","=""3""",,"=""T8000""","=""L10989""",
"=""834.8887""","=""0.0008""","=""834.8883""","=""0.0003""","=""8""","=""""",,"=""16817.160""","=""28791.519""","=""3d2.(3F).4s.4p.(3P*)""","=""z 5F*""","=""1""","=""3d4""","=""a 5D""","=""1""",,"=""""","=""L10989""",
"=""835.3160""","=""0.0008""","=""835.3162""","=""0.0003""","=""57""","=""4.60e+04""",B',"=""6556.833""","=""18525.059""","=""3d3.(4F).4s""","=""a 5F""","=""1""","=""3d2.(3F).4s.4p.(3P*)""","=""z 5D*""","=""2""",,"=""T8000""","=""L10989""",
"=""836.2002""","=""0.0008""","=""836.2000""","=""0.0006""","=""9""","=""""",,"=""16817.160""","=""28772.736""","=""3d2.(3F).4s.4p.(3P*)""","=""z 5F*""","=""1""","=""3d4""","=""a 5D""","=""0""",,"=""""","=""L10989""",
"=""836.3578""","=""0.0008""","=""836.3589""","=""0.0003""","=""13""","=""""",,"=""16875.124""","=""28828.429""","=""3d2.(3F).4s.4p.(3P*)""","=""z 5F*""","=""2""","=""3d4""","=""a 5D""","=""2""",,"=""""","=""L10989""",
"=""836.4237""","=""0.0008""","=""836.4237""","=""0.0003""","=""400""","=""2.07e+05""",B,"=""6742.756""","=""18695.134""","=""3d3.(4F).4s""","=""a 5F""","=""4""","=""3d2.(3F).4s.4p.(3P*)""","=""z 5D*""","=""4""",,"=""T8000""","=""L10989""",
"=""837.7204""","=""0.0008""","=""837.7207""","=""0.0004""","=""4""","=""""",,"=""18037.213""","=""29971.086""","=""3d3.(2H).4s""","=""a 3H""","=""4""","=""3d2.(1G).4s.4p.(3P*)""","=""x 3G*""","=""4""",,"=""""","=""L10989""",
"=""837.7859""","=""0.0008""","=""837.7861""","=""0.0003""","=""620""","=""3.48e+05""",B,"=""6661.006""","=""18593.947""","=""3d3.(4F).4s""","=""a 5F""","=""3""","=""3d2.(3F).4s.4p.(3P*)""","=""z 5D*""","=""3""",,"=""T8000""","=""L10989""",
"=""838.2529""","=""0.0008""","=""838.2531""","=""0.0003""","=""610""","=""4.86e+05""",B,"=""6598.765""","=""18525.059""","=""3d3.(4F).4s""","=""a 5F""","=""2""","=""3d2.(3F).4s.4p.(3P*)""","=""z 5D*""","=""2""",,"=""T8000""","=""L10989""",
"=""838.2779""","=""0.0008""","=""838.2779""","=""0.0004""","=""450""","=""6.11e+05""",B,"=""6556.833""","=""18482.774""","=""3d3.(4F).4s""","=""a 5F""","=""1""","=""3d2.(3F).4s.4p.(3P*)""","=""z 5D*""","=""1""",,"=""T8000""","=""L10989""",
"=""838.6306""","=""0.0008""","=""838.6305""","=""0.0004""","=""13""","=""""",,"=""16961.442""","=""28882.368""","=""3d2.(3F).4s.4p.(3P*)""","=""z 5F*""","=""3""","=""3d4""","=""a 5D""","=""3""",,"=""""","=""L10989""",
"=""838.9493""","=""0.0008""","=""838.9494""","=""0.0004""","=""17""","=""""",,"=""16875.124""","=""28791.519""","=""3d2.(3F).4s.4p.(3P*)""","=""z 5F*""","=""2""","=""3d4""","=""a 5D""","=""1""",,"=""""","=""L10989""",
"=""839.6894""","=""0.0008""","=""839.6897""","=""0.0006""","=""470""","=""""",,"=""6556.833""","=""18462.722""","=""3d3.(4F).4s""","=""a 5F""","=""1""","=""3d2.(3F).4s.4p.(3P*)""","=""z 5D*""","=""0""",,"=""""","=""L10989""",
"=""840.2535""","=""0.0008""","=""840.2532""","=""0.0004""","=""4""","=""""",,"=""18141.265""","=""30039.170""","=""3d3.(2H).4s""","=""a 3H""","=""5""","=""3d2.(1G).4s.4p.(3P*)""","=""x 3G*""","=""5""",,"=""""","=""L10989""",
"=""841.2356""","=""0.0008""","=""841.2357""","=""0.0004""","=""960""","=""1.28e+06""",B,"=""6598.765""","=""18482.774""","=""3d3.(4F).4s""","=""a 5F""","=""2""","=""3d2.(3F).4s.4p.(3P*)""","=""z 5D*""","=""1""",,"=""T8000""","=""L10989""",
"=""841.6952""","=""0.0009""","=""841.6950""","=""0.0003""","=""43""","=""""",,"=""18037.213""","=""29914.737""","=""3d3.(2H).4s""","=""a 3H""","=""4""","=""3d2.(1G).4s.4p.(3P*)""","=""x 3G*""","=""3""",,"=""""","=""L10989""",
"=""841.7529""","=""0.0009""","=""841.7524""","=""0.0004""","=""10""","=""""",,"=""17075.258""","=""28951.972""","=""3d2.(3F).4s.4p.(3P*)""","=""z 5F*""","=""4""","=""3d4""","=""a 5D""","=""4""",,"=""""","=""L10989""",
"=""841.8693""","=""0.0009""","=""841.8687""","=""0.0003""","=""3""","=""""",,"=""18037.213""","=""29912.286""","=""3d3.(2H).4s""","=""a 3H""","=""4""","=""3d2.(3F).4s.4p.(1P*)""","=""w 3D*""","=""3""",,"=""""","=""L10989""",
"=""842.3090""","=""0.0009""","=""842.3097""","=""0.0003""","=""7""","=""""",,"=""15156.802""","=""27025.659""","=""3d3.(2G).4s""","=""a 3G""","=""4""","=""3d2.(1D).4s.4p.(3P*)""","=""x 3F*""","=""4""",,"=""""","=""L10989""",
"=""842.441""","=""0.005""","=""842.4424""","=""0.0004""","=""50""","=""""",,"=""16961.442""","=""28828.429""","=""3d2.(3F).4s.4p.(3P*)""","=""z 5F*""","=""3""","=""3d4""","=""a 5D""","=""2""",,"=""""","=""L13478""",
"=""842.6504""","=""0.0009""","=""842.6507""","=""0.0003""","=""1500""","=""1.20e+06""",B,"=""6661.006""","=""18525.059""","=""3d3.(4F).4s""","=""a 5F""","=""3""","=""3d2.(3F).4s.4p.(3P*)""","=""z 5D*""","=""2""",,"=""T8000""","=""L10989""",
"=""843.4959""","=""0.0009""","=""843.4954""","=""0.0003""","=""3100""","=""1.55e+06""",B,"=""6842.962""","=""18695.134""","=""3d3.(4F).4s""","=""a 5F""","=""5""","=""3d2.(3F).4s.4p.(3P*)""","=""z 5D*""","=""4""",,"=""T8000""","=""L10989""",
"=""843.5650""","=""0.0009""","=""843.5653""","=""0.0003""","=""2100""","=""1.29e+06""",B,"=""6742.756""","=""18593.947""","=""3d3.(4F).4s""","=""a 5F""","=""4""","=""3d2.(3F).4s.4p.(3P*)""","=""z 5D*""","=""3""",,"=""T8000""","=""L10989""",
"=""843.8919""","=""0.0009""","=""843.8922""","=""0.0004""","=""95""","=""""",,"=""18192.570""","=""30039.170""","=""3d3.(2H).4s""","=""a 3H""","=""6""","=""3d2.(1G).4s.4p.(3P*)""","=""x 3G*""","=""5""",,"=""""","=""L10989""",
"=""844.2970""","=""0.0009""","=""844.2975""","=""0.0003""","=""9""","=""""",,"=""18145.286""","=""29986.199""","=""3d3.(2P).4s""","=""b 3P""","=""2""","=""3d3.(4F).4p""","=""x 5D*""","=""3""",,"=""""","=""L10989""",
"=""845.0890""","=""0.0009""","=""845.0891""","=""0.0004""","=""78""","=""""",,"=""18141.265""","=""29971.086""","=""3d3.(2H).4s""","=""a 3H""","=""5""","=""3d2.(1G).4s.4p.(3P*)""","=""x 3G*""","=""4""",,"=""""","=""L10989""",
"=""845.7100""","=""0.0009""","=""845.7099""","=""0.0004""","=""30""","=""""",,"=""14105.634""","=""25926.771""","=""3d3.(4P).4s""","=""a 5P""","=""3""","=""3d2.(3P).4s.4p.(3P*)""","=""5D*""","=""4""",,"=""""","=""L10989""",
"=""846.7147""","=""0.0009""","=""846.7147""","=""0.0004""","=""47""","=""""",,"=""17075.258""","=""28882.368""","=""3d2.(3F).4s.4p.(3P*)""","=""z 5F*""","=""4""","=""3d4""","=""a 5D""","=""3""",,"=""""","=""L10989""",
"=""846.8470""","=""0.0009""","=""846.8469""","=""0.0003""","=""140""","=""""",,"=""15220.393""","=""27025.659""","=""3d3.(2G).4s""","=""a 3G""","=""5""","=""3d2.(1D).4s.4p.(3P*)""","=""x 3F*""","=""4""",,"=""""","=""L10989""",
"=""848.3162""","=""0.0009""","=""848.3158""","=""0.0003""","=""8""","=""""",,"=""15108.111""","=""26892.936""","=""3d3.(2G).4s""","=""a 3G""","=""3""","=""3d2.(1D).4s.4p.(3P*)""","=""x 3F*""","=""3""",,"=""""","=""L10989""",
"=""849.4222""","=""0.0009""","=""849.4239""","=""0.0003""","=""3""","=""""",,"=""18145.286""","=""29914.737""","=""3d3.(2P).4s""","=""b 3P""","=""2""","=""3d2.(1G).4s.4p.(3P*)""","=""x 3G*""","=""3""",,"=""""","=""L10989""",
"=""849.4448""","=""0.0009""","=""849.4450""","=""0.0004""","=""18""","=""""",,"=""14028.436""","=""25797.595""","=""3d3.(4P).4s""","=""a 5P""","=""2""","=""3d2.(3P).4s.4p.(3P*)""","=""5D*""","=""3""",,"=""""","=""L10989""",
"=""849.551""","=""0.005""","=""849.5542""","=""0.0006""","=""15""","=""""",,"=""27498.172""","=""39265.818""","=""3d3.(2F).4s""","=""1F""","=""3""","=""3d.4s2.4p""","=""w 1D*""","=""2""",,"=""""","=""L13478""",
"=""849.6014""","=""0.0009""","=""849.6009""","=""0.0003""","=""27""","=""""",,"=""18145.286""","=""29912.286""","=""3d3.(2P).4s""","=""b 3P""","=""2""","=""3d2.(3F).4s.4p.(1P*)""","=""w 3D*""","=""3""",,"=""""","=""L10989""",
"=""851.8028""","=""0.0009""","=""851.8028""","=""0.0004""","=""65""","=""""",,"=""17215.390""","=""28951.972""","=""3d2.(3F).4s.4p.(3P*)""","=""z 5F*""","=""5""","=""3d4""","=""a 5D""","=""4""",,"=""""","=""L10989""",
"=""851.8352""","=""0.0009""","=""851.8353""","=""0.0003""","=""110""","=""""",,"=""15156.802""","=""26892.936""","=""3d3.(2G).4s""","=""a 3G""","=""4""","=""3d2.(1D).4s.4p.(3P*)""","=""x 3F*""","=""3""",,"=""""","=""L10989""",
"=""853.1381""","=""0.0009""","=""853.1380""","=""0.0004""","=""8""","=""""",,"=""13981.773""","=""25699.987""","=""3d3.(4P).4s""","=""a 5P""","=""1""","=""3d2.(3P).4s.4p.(3P*)""","=""5D*""","=""2""",,"=""""","=""L10989""",
"=""853.9346""","=""0.0009""","=""853.9342""","=""0.0003""","=""23""","=""""",,"=""18061.387""","=""29768.675""","=""3d3.(2P).4s""","=""b 3P""","=""1""","=""3d2.(3F).4s.4p.(1P*)""","=""w 3D*""","=""2""",,"=""""","=""L10989""",
"=""854.8088""","=""0.0009""","=""854.8088""","=""0.0003""","=""91""","=""""",,"=""15108.111""","=""26803.420""","=""3d3.(2G).4s""","=""a 3G""","=""3""","=""3d2.(1D).4s.4p.(3P*)""","=""x 3F*""","=""2""",,"=""""","=""L10989""",
"=""855.0538""","=""0.0009""","=""855.0536""","=""0.0004""","=""8""","=""""",,"=""14105.634""","=""25797.595""","=""3d3.(4P).4s""","=""a 5P""","=""3""","=""3d2.(3P).4s.4p.(3P*)""","=""5D*""","=""3""",,"=""""","=""L10989""",
"=""856.5488""","=""0.0009""","=""856.5488""","=""0.0004""","=""11""","=""""",,"=""14028.436""","=""25699.987""","=""3d3.(4P).4s""","=""a 5P""","=""2""","=""3d2.(3P).4s.4p.(3P*)""","=""5D*""","=""2""",,"=""""","=""L10989""",
"=""856.9738""","=""0.0009""","=""856.9738""","=""0.0004""","=""11""","=""""",,"=""17995.487""","=""29661.250""","=""3d3.(2P).4s""","=""b 3P""","=""0""","=""3d2.(3F).4s.4p.(1P*)""","=""w 3D*""","=""1""",,"=""""","=""L10989""",
"=""857.8426""","=""0.0009""","=""857.8424""","=""0.0004""","=""10""","=""""",,"=""13981.773""","=""25635.725""","=""3d3.(4P).4s""","=""a 5P""","=""1""","=""3d2.(3P).4s.4p.(3P*)""","=""5D*""","=""1""",,"=""""","=""L10989""",
"=""859.5637""","=""0.0009""","=""859.5636""","=""0.0005""","=""3""","=""""",,"=""13981.773""","=""25612.388""","=""3d3.(4P).4s""","=""a 5P""","=""1""","=""3d2.(3P).4s.4p.(3P*)""","=""5D*""","=""0""",,"=""""","=""L10989""",
"=""859.8172""","=""0.0009""","=""859.8174""","=""0.0003""","=""17""","=""""",,"=""18287.554""","=""29914.737""","=""3d3.(2G).4s""","=""b 1G""","=""4""","=""3d2.(1G).4s.4p.(3P*)""","=""x 3G*""","=""3""",,"=""""","=""L10989""",
"=""860.0977""","=""0.0009""","=""860.0980""","=""0.0003""","=""6""","=""""",,"=""18145.286""","=""29768.675""","=""3d3.(2P).4s""","=""b 3P""","=""2""","=""3d2.(3F).4s.4p.(1P*)""","=""w 3D*""","=""2""",,"=""""","=""L10989""",
"=""861.2910""","=""0.0009""","=""861.2910""","=""0.0004""","=""3""","=""""",,"=""14028.436""","=""25635.725""","=""3d3.(4P).4s""","=""a 5P""","=""2""","=""3d2.(3P).4s.4p.(3P*)""","=""5D*""","=""1""",,"=""""","=""L10989""",
"=""861.8087""","=""0.0009""","=""861.8084""","=""0.0003""","=""5""","=""""",,"=""29768.675""","=""41368.996""","=""3d2.(3F).4s.4p.(1P*)""","=""w 3D*""","=""2""","=""3d2.4s.(2F).5s""","=""3F""","=""3""",,"=""""","=""L10989""",
"=""861.8427""","=""0.0009""","=""861.8424""","=""0.0003""","=""8""","=""""",,"=""18061.387""","=""29661.250""","=""3d3.(2P).4s""","=""b 3P""","=""1""","=""3d2.(3F).4s.4p.(1P*)""","=""w 3D*""","=""1""",,"=""""","=""L10989""",
"=""862.2504""","=""0.0019""","=""862.2520""","=""0.0004""","=""2q""","=""""",,"=""14105.634""","=""25699.987""","=""3d3.(4P).4s""","=""a 5P""","=""3""","=""3d2.(3P).4s.4p.(3P*)""","=""5D*""","=""2""",,"=""""","=""L10989""",
"=""862.3429""","=""0.0009""","=""862.3426""","=""0.0004""","=""3""","=""""",,"=""13981.773""","=""25574.908""","=""3d3.(4P).4s""","=""a 5P""","=""1""","=""3d2.(1D).4s.4p.(3P*)""","=""3P*""","=""0""",,"=""""","=""L10989""",
"=""864.1483""","=""0.0009""","=""864.1475""","=""0.0004""","=""6""","=""""",,"=""29912.286""","=""41481.207""","=""3d2.(3F).4s.4p.(1P*)""","=""w 3D*""","=""3""","=""3d2.4s.(2F).5s""","=""3F""","=""4""",,"=""""","=""L10989""",
"=""867.5371""","=""0.0009""","=""867.5372""","=""0.0003""","=""550""","=""4.61e+05""",B,"=""8602.3441""","=""20126.062""","=""3d2.4s2""","=""a 3P""","=""2""","=""3d2.(3F).4s.4p.(3P*)""","=""z 3D*""","=""3""",,"=""T8000""","=""L10989""",
"=""868.2980""","=""0.0009""","=""868.2983""","=""0.0003""","=""310""","=""3.59e+05""",B,"=""8492.422""","=""20006.039""","=""3d2.4s2""","=""a 3P""","=""1""","=""3d2.(3F).4s.4p.(3P*)""","=""z 3D*""","=""2""",,"=""T8000""","=""L10989""",
"=""868.4233""","=""0.0009""","=""868.4233""","=""0.0003""","=""7""","=""""",,"=""13981.773""","=""25493.733""","=""3d3.(4P).4s""","=""a 5P""","=""1""","=""3d2.(1D).4s.4p.(3P*)""","=""3P*""","=""2""",,"=""""","=""L10989""",
"=""869.2329""","=""0.0009""","=""869.2330""","=""0.0005""","=""150""","=""2.99e+05""",B,"=""8436.618""","=""19937.855""","=""3d2.4s2""","=""a 3P""","=""0""","=""3d2.(3F).4s.4p.(3P*)""","=""z 3D*""","=""1""",,"=""T8000""","=""L10989""",
"=""871.9579""","=""0.0009""","=""871.9577""","=""0.0003""","=""16""","=""""",,"=""14028.436""","=""25493.733""","=""3d3.(4P).4s""","=""a 5P""","=""2""","=""3d2.(1D).4s.4p.(3P*)""","=""3P*""","=""2""",,"=""""","=""L10989""",
"=""872.2585""","=""0.0009""","=""872.2592""","=""0.0005""","=""3""","=""""",,"=""27498.172""","=""38959.507""","=""3d3.(2F).4s""","=""1F""","=""3""","=""3d3.(2G).4p""","=""x 1G*""","=""4""",,"=""""","=""L10989""",
"=""872.5801""","=""0.0009""","=""872.5789""","=""0.0003""","=""3""","=""""",,"=""13981.773""","=""25438.908""","=""3d3.(4P).4s""","=""a 5P""","=""1""","=""3d3.(4F).4p""","=""y 3D*""","=""2""",,"=""""","=""L10989""",
"=""873.4711""","=""0.0009""","=""873.4711""","=""0.0004""","=""110""","=""2.30e+05""",B,"=""8492.422""","=""19937.855""","=""3d2.4s2""","=""a 3P""","=""1""","=""3d2.(3F).4s.4p.(3P*)""","=""z 3D*""","=""1""",,"=""T8000""","=""L10989""",
"=""873.7316""","=""0.0009""","=""873.7303""","=""0.0005""","=""3""","=""""",,"=""30039.170""","=""41481.207""","=""3d2.(1G).4s.4p.(3P*)""","=""x 3G*""","=""5""","=""3d2.4s.(2F).5s""","=""3F""","=""4""",,"=""""","=""L10989""",
"=""875.0191""","=""0.0009""","=""875.0183""","=""0.0005""","=""2""","=""""",,"=""34204.985""","=""45630.180""","=""3d2.(1G).4s.4p.(3P*)""","=""v 3F*""","=""4""","=""3d2.4s.(2F).4d""","=""3G""","=""5""",,"=""""","=""L10989""",
"=""876.1482""","=""0.0009""","=""876.1473""","=""0.0003""","=""7""","=""""",,"=""14028.436""","=""25438.908""","=""3d3.(4P).4s""","=""a 5P""","=""2""","=""3d3.(4F).4p""","=""y 3D*""","=""2""",,"=""""","=""L10989""",
"=""876.6682""","=""0.0009""","=""876.6680""","=""0.0003""","=""100""","=""1.20e+05""",B,"=""8602.3441""","=""20006.039""","=""3d2.4s2""","=""a 3P""","=""2""","=""3d2.(3F).4s.4p.(3P*)""","=""z 3D*""","=""2""",,"=""T8000""","=""L10989""",
"=""877.1140""","=""0.0009""","=""877.1130""","=""0.0004""","=""2""","=""""",,"=""29971.086""","=""41368.996""","=""3d2.(1G).4s.4p.(3P*)""","=""x 3G*""","=""4""","=""3d2.4s.(2F).5s""","=""3F""","=""3""",,"=""""","=""L10989""",
"=""877.8688""","=""0.0009""","=""877.8686""","=""0.0003""","=""25""","=""""",,"=""14105.634""","=""25493.733""","=""3d3.(4P).4s""","=""a 5P""","=""3""","=""3d2.(1D).4s.4p.(3P*)""","=""3P*""","=""2""",,"=""""","=""L10989""",
"=""879.4434""","=""0.0009""","=""879.4433""","=""0.0006""","=""3""","=""""",,"=""34700.215""","=""46067.923""","=""3d3.(2G).4p""","=""z 1H*""","=""5""","=""3d2.4s.(2F).4d""","=""e 1G""","=""4""",,"=""""","=""L10989""",
"=""881.9419""","=""0.0009""","=""881.9413""","=""0.0004""","=""9""","=""""",,"=""8602.3441""","=""19937.855""","=""3d2.4s2""","=""a 3P""","=""2""","=""3d2.(3F).4s.4p.(3P*)""","=""z 3D*""","=""1""",,"=""""","=""L10989""",
"=""882.1153""","=""0.0009""","=""882.1153""","=""0.0003""","=""8""","=""""",,"=""14105.634""","=""25438.908""","=""3d3.(4P).4s""","=""a 5P""","=""3""","=""3d3.(4F).4p""","=""y 3D*""","=""2""",,"=""""","=""L10989""",
"=""886.3109""","=""0.0009""","=""886.3097""","=""0.0005""","=""3""","=""""",,"=""29914.737""","=""41194.378""","=""3d2.(1G).4s.4p.(3P*)""","=""x 3G*""","=""3""","=""3d2.4s.(2F).5s""","=""3F""","=""2""",,"=""""","=""L10989""",
"=""898.489""","=""0.002""","=""898.4914""","=""0.0006""","=""2q""","=""""",,"=""27355.061""","=""38481.773""","=""3d2.(1D).4s.4p.(3P*)""","=""x 3D*""","=""1""","=""3d4""","=""3D""","=""1""",,"=""""","=""L10989""",
"=""898.5783""","=""0.0010""","=""898.5782""","=""0.0003""","=""11""","=""""",,"=""13981.773""","=""25107.411""","=""3d3.(4P).4s""","=""a 5P""","=""1""","=""3d2.(3F).4s.4p.(1P*)""","=""y 3F*""","=""2""",,"=""""","=""L10989""",
"=""898.9445""","=""0.0010""","=""898.9447""","=""0.0003""","=""150""","=""""",,"=""13981.773""","=""25102.875""","=""3d3.(4P).4s""","=""a 5P""","=""1""","=""3d2.(3P).4s.4p.(3P*)""","=""z 5S*""","=""2""",,"=""""","=""L10989""",
"=""899.3309""","=""0.0010""","=""899.3316""","=""0.0005""","=""2""","=""""",,"=""29971.086""","=""41087.404""","=""3d2.(1G).4s.4p.(3P*)""","=""x 3G*""","=""4""","=""3d2.4s.(2F).5s""","=""e 1F""","=""3""",,"=""""","=""L10989""",
"=""902.3630""","=""0.0010""","=""902.3629""","=""0.0003""","=""22""","=""""",,"=""14028.436""","=""25107.411""","=""3d3.(4P).4s""","=""a 5P""","=""2""","=""3d2.(3F).4s.4p.(1P*)""","=""y 3F*""","=""2""",,"=""""","=""L10989""",
"=""902.7012""","=""0.0010""","=""902.7026""","=""0.0003""","=""4""","=""""",,"=""18911.394""","=""29986.199""","=""3d3.(4P).4s""","=""c 3P""","=""2""","=""3d3.(4F).4p""","=""x 5D*""","=""3""",,"=""""","=""L10989""",
"=""902.7325""","=""0.0010""","=""902.7325""","=""0.0003""","=""320""","=""""",,"=""14028.436""","=""25102.875""","=""3d3.(4P).4s""","=""a 5P""","=""2""","=""3d2.(3P).4s.4p.(3P*)""","=""z 5S*""","=""2""",,"=""""","=""L10989""",
"=""904.0703""","=""0.0010""","=""904.0700""","=""0.0006""","=""2""","=""""",,"=""27418.029""","=""38476.084""","=""3d2.(1D).4s.4p.(3P*)""","=""x 3D*""","=""2""","=""3d4""","=""3D""","=""2""",,"=""""","=""L10989""",
"=""908.5657""","=""0.0010""","=""908.5653""","=""0.0003""","=""2*""","=""""",,"=""18911.394""","=""29914.737""","=""3d3.(4P).4s""","=""c 3P""","=""2""","=""3d2.(1G).4s.4p.(3P*)""","=""x 3G*""","=""3""",,"=""""","=""L10989""",
"=""908.5657""","=""0.0010""","=""908.5664""","=""0.0006""","=""2*""","=""""",,"=""18825.782""","=""29829.112""","=""3d3.(4P).4s""","=""c 3P""","=""1""","=""3d3.(4F).4p""","=""x 5D*""","=""0""",,"=""""","=""L10989""",
"=""908.6947""","=""0.0010""","=""908.6947""","=""0.0003""","=""36""","=""""",,"=""14105.634""","=""25107.411""","=""3d3.(4P).4s""","=""a 5P""","=""3""","=""3d2.(3F).4s.4p.(1P*)""","=""y 3F*""","=""2""",,"=""""","=""L10989""",
"=""908.7678""","=""0.0010""","=""908.7678""","=""0.0003""","=""18""","=""""",,"=""18911.394""","=""29912.286""","=""3d3.(4P).4s""","=""c 3P""","=""2""","=""3d2.(3F).4s.4p.(1P*)""","=""w 3D*""","=""3""",,"=""""","=""L10989""",
"=""909.0694""","=""0.0010""","=""909.0695""","=""0.0003""","=""520""","=""""",,"=""14105.634""","=""25102.875""","=""3d3.(4P).4s""","=""a 5P""","=""3""","=""3d2.(3P).4s.4p.(3P*)""","=""z 5S*""","=""2""",,"=""""","=""L10989""",
"=""909.1249""","=""0.0010""","=""909.1258""","=""0.0004""","=""6""","=""""",,"=""20209.447""","=""31206.007""","=""3d3.(2D2).4s""","=""b 1D""","=""2""","=""3d2.(3P).4s.4p.(3P*)""","=""v 3D*""","=""3""",,"=""""","=""L10989""",
"=""909.1270""","=""0.0010""","=""909.1267""","=""0.0005""","=""4""","=""""",,"=""27480.066""","=""38476.615""","=""3d2.(1D).4s.4p.(3P*)""","=""x 3D*""","=""3""","=""3d4""","=""3D""","=""3""",,"=""""","=""L10989""",
"=""912.3201""","=""0.0010""","=""912.3203""","=""0.0003""","=""72""","=""""",,"=""25107.411""","=""36065.466""","=""3d2.(3F).4s.4p.(1P*)""","=""y 3F*""","=""2""","=""3d4""","=""b 3G""","=""3""",,"=""""","=""L10989""",
"=""913.5845""","=""0.0010""","=""913.5844""","=""0.0003""","=""9""","=""""",,"=""18825.782""","=""29768.675""","=""3d3.(4P).4s""","=""c 3P""","=""1""","=""3d2.(3F).4s.4p.(1P*)""","=""w 3D*""","=""2""",,"=""""","=""L10989""",
"=""914.5104""","=""0.0010""","=""914.5096""","=""0.0003""","=""4""","=""""",,"=""26892.936""","=""37824.758""","=""3d2.(1D).4s.4p.(3P*)""","=""x 3F*""","=""3""","=""3d2.4s.(4F).5s""","=""e 3F""","=""4""",,"=""""","=""L10989""",
"=""916.7541""","=""0.0010""","=""916.7538""","=""0.0003""","=""91""","=""""",,"=""25227.222""","=""36132.283""","=""3d2.(3F).4s.4p.(1P*)""","=""y 3F*""","=""3""","=""3d4""","=""b 3G""","=""4""",,"=""""","=""L10989""",
"=""917.0444""","=""0.0010""","=""917.0447""","=""0.0003""","=""11""","=""""",,"=""31628.688""","=""42530.2894""","=""3d3.(4F).4p""","=""w 3G*""","=""5""","=""3d2.4s.(4F).4d""","=""3H""","=""6""",,"=""""","=""L10989""",
"=""918.9833""","=""0.0010""","=""918.9823""","=""0.0003""","=""8""","=""""",,"=""31489.476""","=""42368.0934""","=""3d3.(4F).4p""","=""w 3G*""","=""4""","=""3d2.4s.(4F).4d""","=""3H""","=""5""",,"=""""","=""L10989""",
"=""920.7875""","=""0.0010""","=""920.7882""","=""0.0003""","=""5""","=""""",,"=""18911.394""","=""29768.675""","=""3d3.(4P).4s""","=""c 3P""","=""2""","=""3d2.(3F).4s.4p.(1P*)""","=""w 3D*""","=""2""",,"=""""","=""L10989""",
"=""920.8478""","=""0.0010""","=""920.8484""","=""0.0003""","=""4""","=""""",,"=""26803.420""","=""37659.992""","=""3d2.(1D).4s.4p.(3P*)""","=""x 3F*""","=""2""","=""3d2.4s.(4F).5s""","=""e 3F""","=""3""",,"=""""","=""L10989""",
"=""921.9871""","=""0.0010""","=""921.9881""","=""0.0005""","=""3""","=""""",,"=""18818.099""","=""29661.250""","=""3d3.(4P).4s""","=""c 3P""","=""0""","=""3d2.(3F).4s.4p.(1P*)""","=""w 3D*""","=""1""",,"=""""","=""L10989""",
"=""922.1755""","=""0.0010""","=""922.1743""","=""0.0003""","=""4""","=""""",,"=""31373.807""","=""42214.7689""","=""3d3.(4F).4p""","=""w 3G*""","=""3""","=""3d2.4s.(4F).4d""","=""3H""","=""4""",,"=""""","=""L10989""",
"=""922.6420""","=""0.0010""","=""922.6419""","=""0.0004""","=""3""","=""""",,"=""18825.782""","=""29661.250""","=""3d3.(4P).4s""","=""c 3P""","=""1""","=""3d2.(3F).4s.4p.(1P*)""","=""w 3D*""","=""1""",,"=""""","=""L10989""",
"=""923.0596""","=""0.0010""","=""923.0598""","=""0.0003""","=""6""","=""""",,"=""8492.422""","=""19322.984""","=""3d2.4s2""","=""a 3P""","=""1""","=""3d2.(3F).4s.4p.(3P*)""","=""z 3F*""","=""2""",,"=""""","=""L10989""",
"=""924.0259""","=""0.0010""","=""924.0261""","=""0.0003""","=""16""","=""""",,"=""8602.3441""","=""19421.580""","=""3d2.4s2""","=""a 3P""","=""2""","=""3d2.(3F).4s.4p.(3P*)""","=""z 3F*""","=""3""",,"=""""","=""L10989""",
"=""924.6107""","=""0.0010""","=""924.6102""","=""0.0005""","=""120""","=""""",,"=""25388.331""","=""36200.732""","=""3d2.(3F).4s.4p.(1P*)""","=""y 3F*""","=""4""","=""3d4""","=""b 3G""","=""5""",,"=""""","=""L10989""",
"=""925.7486""","=""0.0010""","=""925.7491""","=""0.0003""","=""54""","=""""",,"=""27025.659""","=""37824.758""","=""3d2.(1D).4s.4p.(3P*)""","=""x 3F*""","=""4""","=""3d2.4s.(4F).5s""","=""e 3F""","=""4""",,"=""""","=""L10989""",
"=""928.5042""","=""0.0010""","=""928.5042""","=""0.0003""","=""41""","=""""",,"=""26892.936""","=""37659.992""","=""3d2.(1D).4s.4p.(3P*)""","=""x 3F*""","=""3""","=""3d2.4s.(4F).5s""","=""e 3F""","=""3""",,"=""""","=""L10989""",
"=""930.5008""","=""0.0010""","=""930.5009""","=""0.0003""","=""12""","=""""",,"=""25388.331""","=""36132.283""","=""3d2.(3F).4s.4p.(1P*)""","=""y 3F*""","=""4""","=""3d4""","=""b 3G""","=""4""",,"=""""","=""L10989""",
"=""930.897""","=""0.002""","=""930.8948""","=""0.0003""","=""5q""","=""""",,"=""31628.688""","=""42368.0934""","=""3d3.(4F).4p""","=""w 3G*""","=""5""","=""3d2.4s.(4F).4d""","=""3H""","=""5""",,"=""""","=""L10989""",
"=""931.2385""","=""0.0010""","=""931.2385""","=""0.0003""","=""32""","=""""",,"=""26803.420""","=""37538.862""","=""3d2.(1D).4s.4p.(3P*)""","=""x 3F*""","=""2""","=""3d2.4s.(4F).5s""","=""e 3F""","=""2""",,"=""""","=""L10989""",
"=""932.122""","=""0.002""","=""932.1197""","=""0.0003""","=""3q""","=""""",,"=""31489.476""","=""42214.7689""","=""3d3.(4F).4p""","=""w 3G*""","=""4""","=""3d2.4s.(4F).4d""","=""3H""","=""4""",,"=""""","=""L10989""",
"=""932.5244""","=""0.0010""","=""932.5243""","=""0.0003""","=""3""","=""""",,"=""8602.3441""","=""19322.984""","=""3d2.4s2""","=""a 3P""","=""2""","=""3d2.(3F).4s.4p.(3P*)""","=""z 3F*""","=""2""",,"=""""","=""L10989""",
"=""936.0565""","=""0.0011""","=""936.0575""","=""0.0003""","=""4""","=""""",,"=""31489.476""","=""42169.6496""","=""3d3.(4F).4p""","=""w 3G*""","=""4""","=""3d2.4s.(4F).4d""","=""3G""","=""5""",,"=""""","=""L10989""",
"=""939.0693""","=""0.0011""","=""939.0688""","=""0.0004""","=""5""","=""""",,"=""26892.936""","=""37538.862""","=""3d2.(1D).4s.4p.(3P*)""","=""x 3F*""","=""3""","=""3d2.4s.(4F).5s""","=""e 3F""","=""2""",,"=""""","=""L10989""",
"=""940.0907""","=""0.0011""","=""940.0925""","=""0.0004""","=""4""","=""""",,"=""27025.659""","=""37659.992""","=""3d2.(1D).4s.4p.(3P*)""","=""x 3F*""","=""4""","=""3d2.4s.(4F).5s""","=""e 3F""","=""3""",,"=""""","=""L10989""",
"=""940.6595""","=""0.0011""","=""940.6592""","=""0.0004""","=""6""","=""""",,"=""11776.812""","=""22404.739""","=""3d3.(4F).4s""","=""b 3F""","=""4""","=""3d2.(3F).4s.4p.(3P*)""","=""z 1F*""","=""3""",,"=""""","=""L10989""",
"=""940.9655""","=""0.0011""","=""940.9656""","=""0.0004""","=""16""","=""""",,"=""28788.380""","=""39412.846""","=""3d3.(4F).4p""","=""y 5F*""","=""4""","=""3d3.(4F).5s""","=""f 5F""","=""5""",,"=""""","=""L10989""",
"=""942.992""","=""0.002""","=""942.9935""","=""0.0003""","=""1q""","=""""",,"=""31373.807""","=""41975.4249""","=""3d3.(4F).4p""","=""w 3G*""","=""3""","=""3d2.4s.(4F).4d""","=""3G""","=""4""",,"=""""","=""L10989""",
"=""943.1625""","=""0.0011""","=""943.1617""","=""0.0004""","=""23""","=""""",,"=""28702.778""","=""39302.506""","=""3d3.(4F).4p""","=""y 5F*""","=""3""","=""3d3.(4F).5s""","=""f 5F""","=""4""",,"=""""","=""L10989""",
"=""945.3209""","=""0.0011""","=""945.3206""","=""0.0004""","=""22""","=""""",,"=""28638.841""","=""39214.362""","=""3d3.(4F).4p""","=""y 5F*""","=""2""","=""3d3.(4F).5s""","=""f 5F""","=""3""",,"=""""","=""L10989""",
"=""947.3414""","=""0.0011""","=""947.3409""","=""0.0005""","=""15""","=""""",,"=""28596.313""","=""39149.280""","=""3d3.(4F).4p""","=""y 5F*""","=""1""","=""3d3.(4F).5s""","=""f 5F""","=""2""",,"=""""","=""L10989""",
"=""947.6607""","=""0.0011""","=""947.6587""","=""0.0004""","=""5""","=""""",,"=""11531.761""","=""22081.189""","=""3d3.(4F).4s""","=""b 3F""","=""2""","=""3d2.(3F).4s.4p.(3P*)""","=""z 1D*""","=""2""",,"=""""","=""L10989""",
"=""947.8500""","=""0.0011""","=""947.8494""","=""0.0004""","=""4""","=""""",,"=""24694.892""","=""35242.198""","=""3d2.(3F).4s.4p.(3P*)""","=""z 1G*""","=""4""","=""3d4""","=""3F2""","=""4""",,"=""""","=""L10989""",
"=""948.4200""","=""0.0011""","=""948.4199""","=""0.0004""","=""13""","=""""",,"=""31628.688""","=""42169.6496""","=""3d3.(4F).4p""","=""w 3G*""","=""5""","=""3d2.4s.(4F).4d""","=""3G""","=""5""",,"=""""","=""L10989""",
"=""950.6002""","=""0.0011""","=""950.6000""","=""0.0005""","=""140""","=""""",,"=""28896.059""","=""39412.846""","=""3d3.(4F).4p""","=""y 5F*""","=""5""","=""3d3.(4F).5s""","=""f 5F""","=""5""",,"=""""","=""L10989""",
"=""950.8416""","=""0.0011""","=""950.8406""","=""0.0005""","=""97""","=""""",,"=""28788.380""","=""39302.506""","=""3d3.(4F).4p""","=""y 5F*""","=""4""","=""3d3.(4F).5s""","=""f 5F""","=""4""",,"=""""","=""L10989""",
"=""951.0705""","=""0.0011""","=""951.0705""","=""0.0004""","=""60""","=""""",,"=""28702.778""","=""39214.362""","=""3d3.(4F).4p""","=""y 5F*""","=""3""","=""3d3.(4F).5s""","=""f 5F""","=""3""",,"=""""","=""L10989""",
"=""951.1459""","=""0.0011""","=""951.1462""","=""0.0005""","=""31""","=""""",,"=""28596.313""","=""39107.060""","=""3d3.(4F).4p""","=""y 5F*""","=""1""","=""3d3.(4F).5s""","=""f 5F""","=""1""",,"=""""","=""L10989""",
"=""951.1746""","=""0.0011""","=""951.1741""","=""0.0005""","=""39""","=""""",,"=""28638.841""","=""39149.280""","=""3d3.(4F).4p""","=""y 5F*""","=""2""","=""3d3.(4F).5s""","=""f 5F""","=""2""",,"=""""","=""L10989""",
"=""952.6672""","=""0.0011""","=""952.6665""","=""0.0003""","=""4""","=""""",,"=""31373.807""","=""41867.7812""","=""3d3.(4F).4p""","=""w 3G*""","=""3""","=""3d2.4s.(4F).4d""","=""3G""","=""3""",,"=""""","=""L10989""",
"=""953.3965""","=""0.0011""","=""953.3956""","=""0.0003""","=""8""","=""""",,"=""31489.476""","=""41975.4249""","=""3d3.(4F).4p""","=""w 3G*""","=""4""","=""3d2.4s.(4F).4d""","=""3G""","=""4""",,"=""""","=""L10989""",
"=""953.6494""","=""0.0011""","=""953.6495""","=""0.0004""","=""8""","=""""",,"=""17423.856""","=""27907.013""","=""3d3.(2D2).4s""","=""a 3D""","=""2""","=""3d2.(1D).4s.4p.(1P*)""","=""y 1D*""","=""2""",,"=""""","=""L10989""",
"=""954.6077""","=""0.0011""","=""954.6078""","=""0.0004""","=""2500""","=""""",,"=""6742.756""","=""17215.390""","=""3d3.(4F).4s""","=""a 5F""","=""4""","=""3d2.(3F).4s.4p.(3P*)""","=""z 5F*""","=""5""",,"=""""","=""L10989""",
"=""955.0114""","=""0.0011""","=""955.0104""","=""0.0005""","=""15""","=""""",,"=""28638.841""","=""39107.060""","=""3d3.(4F).4p""","=""y 5F*""","=""2""","=""3d3.(4F).5s""","=""f 5F""","=""1""",,"=""""","=""L10989""",
"=""955.4004""","=""0.0011""","=""955.4003""","=""0.0004""","=""23""","=""""",,"=""17423.856""","=""27887.803""","=""3d3.(2D2).4s""","=""a 3D""","=""2""","=""3d2.(3P).4s.4p.(3P*)""","=""z 5P*""","=""3""",,"=""""","=""L10989""",
"=""956.9966""","=""0.0011""","=""956.9957""","=""0.0005""","=""24""","=""""",,"=""28702.778""","=""39149.280""","=""3d3.(4F).4p""","=""y 5F*""","=""3""","=""3d3.(4F).5s""","=""f 5F""","=""2""",,"=""""","=""L10989""",
"=""957.468""","=""0.002""","=""957.4654""","=""0.0004""","=""3q""","=""""",,"=""11639.8109""","=""22081.189""","=""3d3.(4F).4s""","=""b 3F""","=""3""","=""3d2.(3F).4s.4p.(3P*)""","=""z 1D*""","=""2""",,"=""""","=""L10989""",
"=""958.8791""","=""0.0011""","=""958.8793""","=""0.0004""","=""24""","=""""",,"=""28788.380""","=""39214.362""","=""3d3.(4F).4p""","=""y 5F*""","=""4""","=""3d3.(4F).5s""","=""f 5F""","=""3""",,"=""""","=""L10989""",
"=""959.0072""","=""0.0011""","=""959.0069""","=""0.0006""","=""16""","=""4.50e+05""",C+,"=""25926.771""","=""36351.365""","=""3d2.(3P).4s.4p.(3P*)""","=""5D*""","=""4""","=""3d2.4s.(4F).5s""","=""e 5F""","=""5""",,"=""T6897""","=""L10989""",
"=""959.9592""","=""0.0011""","=""959.9593""","=""0.0004""","=""3800""","=""""",,"=""6661.006""","=""17075.258""","=""3d3.(4F).4s""","=""a 5F""","=""3""","=""3d2.(3F).4s.4p.(3P*)""","=""z 5F*""","=""4""",,"=""""","=""L10989""",
