Wavelength (nm),Sum,Fe I (5.9e-03),Fe II (8.8e-01),Fe III (1.2e-01)
200.1,6.814e+8,,6.752e+8,6.269e+6
200.2,5.788e+8,,5.709e+8,7.882e+6
200.3,4.490e+8,,4.397e+8,9.316e+6
200.4,3.349e+8,,3.245e+8,1.037e+7
200.5,2.659e+8,,2.551e+8,1.089e+7
200.6,2.530e+8,,2.422e+8,1.082e+7
200.7,2.913e+8,,2.810e+8,1.022e+7
200.8,3.652e+8,,3.560e+8,9.218e+6
200.9,4.529e+8,,4.449e+8,8.040e+6
201,5.304e+8,,5.235e+8,6.887e+6
201.1,5.784e+8,,5.726e+8,5.898e+6
201.2,5.902e+8,,5.851e+8,5.114e+6
201.3,5.743e+8,,5.698e+8,4.496e+6
201.4,5.500e+8,,5.460e+8,3.974e+6
201.5,5.374e+8,,5.339e+8,3.494e+6
201.6,5.473e+8,,5.442e+8,3.041e+6
201.7,5.765e+8,,5.739e+8,2.626e+6
201.8,6.087e+8,,6.064e+8,2.275e+6
201.9,6.214e+8,,6.194e+8,2.026e+6
202,5.963e+8,,5.944e+8,1.918e+6
202.1,5.283e+8,,5.263e+8,1.983e+6
202.2,4.277e+8,,4.255e+8,2.221e+6
202.3,3.157e+8,,3.131e+8,2.577e+6
202.4,2.146e+8,,2.117e+8,2.946e+6
202.5,1.412e+8,,1.380e+8,3.201e+6
202.6,1.036e+8,,1.004e+8,3.246e+6
202.7,1.034e+8,,1.004e+8,3.070e+6
202.8,1.371e+8,,1.343e+8,2.758e+6
202.9,1.963e+8,,1.939e+8,2.470e+6
203,2.685e+8,,2.661e+8,2.377e+6
203.1,3.377e+8,,3.351e+8,2.607e+6
203.2,3.904e+8,,3.872e+8,3.203e+6
203.3,4.203e+8,,4.162e+8,4.107e+6
203.4,4.311e+8,,4.259e+8,5.177e+6
203.5,4.346e+8,,4.284e+8,6.221e+6
203.6,4.454e+8,,4.383e+8,7.061e+6
203.7,4.743e+8,,4.667e+8,7.586e+6
203.8,5.221e+8,,5.143e+8,7.769e+6
203.9,5.763e+8,,5.686e+8,7.662e+6
204,6.137e+8,,6.063e+8,7.357e+6
204.1,6.108e+8,,6.038e+8,6.957e+6
204.2,5.570e+8,,5.505e+8,6.543e+6
204.3,4.624e+8,,4.562e+8,6.144e+6
204.4,3.533e+8,,3.476e+8,5.737e+6
204.5,2.610e+8,,2.558e+8,5.268e+6
204.6,2.090e+8,,2.043e+8,4.700e+6
204.7,2.059e+8,,2.019e+8,4.049e+6
204.8,2.451e+8,,2.417e+8,3.392e+6
204.9,3.086e+8,,3.058e+8,2.851e+6
205,3.735e+8,,3.709e+8,2.584e+6
205.1,4.196e+8,,4.169e+8,2.769e+6
205.2,4.355e+8,,4.319e+8,3.606e+6
205.3,4.204e+8,,4.151e+8,5.317e+6
205.4,3.812e+8,,3.731e+8,8.167e+6
205.5,3.283e+8,,3.157e+8,1.253e+7
205.6,2.720e+8,,2.531e+8,1.890e+7
205.7,2.225e+8,,1.947e+8,2.776e+7
205.8,1.894e+8,,1.502e+8,3.920e+7
205.9,1.804e+8,,1.280e+8,5.242e+7
206,1.987e+8,,1.330e+8,6.565e+7
206.1,2.418e+8,,1.651e+8,7.670e+7
206.2,3.020e+8,,2.178e+8,8.426e+7
206.3,3.688e+8,,2.799e+8,8.884e+7
206.4,4.311e+8,,3.386e+8,9.250e+7
206.5,4.797e+8,,3.825e+8,9.719e+7
206.6,5.066e+8,,4.038e+8,1.028e+8
206.7,5.058e+8,,3.990e+8,1.068e+8
206.8,4.744e+8,,3.690e+8,1.053e+8
206.9,4.148e+8,,3.185e+8,9.635e+7
207,3.362e+8,,2.554e+8,8.083e+7
207.1,2.528e+8,,1.899e+8,6.287e+7
207.2,1.795e+8,,1.316e+8,4.791e+7
207.3,1.286e+8,,8.786e+7,4.079e+7
207.4,1.069e+8,,6.246e+7,4.439e+7
207.5,1.149e+8,,5.590e+7,5.896e+7
207.6,1.474e+8,,6.577e+7,8.161e+7
207.7,1.935e+8,,8.701e+7,1.065e+8
207.8,2.386e+8,,1.123e+8,1.263e+8
207.9,2.684e+8,,1.339e+8,1.346e+8
208,2.747e+8,,1.459e+8,1.288e+8
208.1,2.595e+8,,1.482e+8,1.112e+8
208.2,2.345e+8,,1.469e+8,8.758e+7
208.3,2.160e+8,,1.518e+8,6.419e+7
208.4,2.164e+8,,1.710e+8,4.542e+7
208.5,2.385e+8,,2.057e+8,3.286e+7
208.6,2.738e+8,,2.479e+8,2.587e+7
208.7,3.063e+8,,2.835e+8,2.279e+7
208.8,3.205e+8,,2.987e+8,2.181e+7
208.9,3.091e+8,,2.876e+8,2.150e+7
209,2.751e+8,,2.541e+8,2.100e+7
209.1,2.294e+8,,2.093e+8,2.013e+7
209.2,1.839e+8,,1.646e+8,1.933e+7
209.3,1.464e+8,,1.271e+8,1.928e+7
209.4,1.187e+8,,9.827e+7,2.042e+7
209.5,9.867e+7,,7.616e+7,2.251e+7
209.6,8.330e+7,,5.868e+7,2.463e+7
209.7,7.064e+7,,4.505e+7,2.559e+7
209.8,6.014e+7,,3.558e+7,2.456e+7
209.9,5.218e+7,,3.069e+7,2.148e+7
210,4.752e+7,,3.040e+7,1.712e+7
210.1,4.726e+7,,3.467e+7,1.259e+7
210.2,5.305e+7,,4.413e+7,8.919e+6
210.3,6.710e+7,,6.049e+7,6.612e+6
210.4,9.154e+7,,8.591e+7,5.636e+6
210.5,1.270e+8,,1.215e+8,5.559e+6
210.6,1.711e+8,1.459e-10,1.653e+8,5.799e+6
210.7,2.174e+8,2.412e-9,2.116e+8,5.861e+6
210.8,2.568e+8,3.571e-8,2.513e+8,5.490e+6
210.9,2.802e+8,4.736e-7,2.755e+8,4.698e+6
211,2.825e+8,5.627e-6,2.788e+8,3.689e+6
211.1,2.646e+8,5.989e-5,2.619e+8,2.715e+6
211.2,2.336e+8,5.710e-4,2.317e+8,1.964e+6
211.3,1.995e+8,4.878e-3,1.980e+8,1.503e+6
211.4,1.705e+8,3.732e-2,1.692e+8,1.298e+6
211.5,1.498e+8,2.559e-1,1.486e+8,1.258e+6
211.6,1.355e+8,1.571e+0,1.342e+8,1.286e+6
211.7,1.226e+8,8.644e+0,1.213e+8,1.303e+6
211.8,1.071e+8,4.260e+1,1.059e+8,1.263e+6
211.9,8.811e+7,1.881e+2,8.695e+7,1.155e+6
212,6.795e+7,7.438e+2,6.695e+7,9.964e+5
212.1,5.053e+7,2.635e+3,4.971e+7,8.190e+5
212.2,3.912e+7,8.365e+3,3.846e+7,6.529e+5
212.3,3.520e+7,2.378e+4,3.466e+7,5.147e+5
212.4,3.851e+7,6.058e+4,3.805e+7,4.060e+5
212.5,4.769e+7,1.382e+5,4.723e+7,3.209e+5
212.6,6.083e+7,2.826e+5,6.029e+7,2.538e+5
212.7,7.578e+7,5.175e+5,7.506e+7,2.051e+5
212.8,9.018e+7,8.489e+5,8.915e+7,1.805e+5
212.9,1.016e+8,1.248e+6,1.002e+8,1.890e+5
213,1.083e+8,1.643e+6,1.064e+8,2.393e+5
213.1,1.095e+8,1.937e+6,1.072e+8,3.369e+5
213.2,1.063e+8,2.047e+6,1.038e+8,4.797e+5
213.3,1.011e+8,1.937e+6,9.851e+7,6.528e+5
213.4,9.597e+7,1.643e+6,9.350e+7,8.288e+5
213.5,9.175e+7,1.248e+6,8.953e+7,9.749e+5
213.6,8.744e+7,8.489e+5,8.552e+7,1.068e+6
213.7,8.108e+7,5.175e+5,7.946e+7,1.107e+6
213.8,7.142e+7,2.826e+5,7.002e+7,1.122e+6
213.9,5.902e+7,1.382e+5,5.772e+7,1.159e+6
214,4.634e+7,6.058e+4,4.503e+7,1.255e+6
214.1,3.688e+7,2.378e+4,3.544e+7,1.418e+6
214.2,3.408e+7,8.365e+3,3.246e+7,1.615e+6
214.3,4.059e+7,2.635e+3,3.880e+7,1.783e+6
214.4,5.786e+7,7.438e+2,5.600e+7,1.864e+6
214.5,8.577e+7,1.881e+2,8.394e+7,1.828e+6
214.6,1.221e+8,4.260e+1,1.204e+8,1.693e+6
214.7,1.624e+8,8.677e+0,1.609e+8,1.513e+6
214.8,2.000e+8,1.835e+0,1.986e+8,1.348e+6
214.9,2.274e+8,2.147e+0,2.261e+8,1.241e+6
215,2.383e+8,1.223e+1,2.371e+8,1.193e+6
215.1,2.300e+8,7.069e+1,2.288e+8,1.172e+6
215.2,2.047e+8,3.683e+2,2.035e+8,1.134e+6
215.3,1.699e+8,1.725e+3,1.689e+8,1.050e+6
215.4,1.369e+8,7.266e+3,1.360e+8,9.183e+5
215.5,1.178e+8,2.751e+4,1.170e+8,7.625e+5
215.6,1.227e+8,9.361e+4,1.220e+8,6.111e+5
215.7,1.573e+8,2.864e+5,1.566e+8,4.825e+5
215.8,2.202e+8,7.877e+5,2.191e+8,3.797e+5
215.9,3.016e+8,1.948e+6,2.994e+8,2.958e+5
216,3.848e+8,4.329e+6,3.802e+8,2.234e+5
216.1,4.506e+8,8.650e+6,4.418e+8,1.595e+5
216.2,4.849e+8,1.554e+7,4.693e+8,1.057e+5
216.3,4.840e+8,2.509e+7,4.588e+8,6.488e+4
216.4,4.549e+8,3.643e+7,4.185e+8,3.888e+4
216.5,4.105e+8,4.754e+7,3.630e+8,2.928e+4
216.6,3.625e+8,5.577e+7,3.067e+8,4.046e+4
216.7,3.179e+8,5.883e+7,2.590e+8,8.355e+4
216.8,2.797e+8,5.577e+7,2.238e+8,1.789e+5
216.9,2.511e+8,4.754e+7,2.032e+8,3.539e+5
217,2.364e+8,3.643e+7,1.993e+8,6.324e+5
217.1,2.399e+8,2.509e+7,2.138e+8,1.018e+6
217.2,2.613e+8,1.554e+7,2.443e+8,1.473e+6
217.3,2.934e+8,8.650e+6,2.828e+8,1.919e+6
217.4,3.226e+8,4.329e+6,3.160e+8,2.249e+6
217.5,3.348e+8,1.948e+6,3.305e+8,2.371e+6
217.6,3.216e+8,7.878e+5,3.186e+8,2.249e+6
217.7,2.837e+8,2.866e+5,2.815e+8,1.919e+6
217.8,2.303e+8,9.428e+4,2.288e+8,1.473e+6
217.9,1.746e+8,3.023e+4,1.735e+8,1.018e+6
218,1.276e+8,1.727e+4,1.269e+8,6.323e+5
218.1,9.513e+7,3.488e+4,9.474e+7,3.535e+5
218.2,7.726e+7,9.940e+4,7.698e+7,1.778e+5
218.3,7.012e+7,2.668e+5,6.977e+7,8.046e+4
218.4,6.890e+7,6.482e+5,6.822e+7,3.275e+4
218.5,7.026e+7,1.422e+6,6.882e+7,1.200e+4
218.6,7.322e+7,2.816e+6,7.040e+7,3.953e+3
218.7,7.876e+7,5.047e+6,7.371e+7,1.172e+3
218.8,8.817e+7,8.195e+6,7.997e+7,3.126e+2
218.9,1.014e+8,1.209e+7,8.931e+7,7.500e+1
219,1.163e+8,1.627e+7,1.000e+8,1.619e+1
219.1,1.292e+8,2.009e+7,1.091e+8,3.166e+0
219.2,1.373e+8,2.293e+7,1.144e+8,6.799e-1
219.3,1.403e+8,2.448e+7,1.158e+8,7.938e-1
219.4,1.415e+8,2.477e+7,1.168e+8,3.476e+0
219.5,1.467e+8,2.413e+7,1.225e+8,1.531e+1
219.6,1.610e+8,2.301e+7,1.380e+8,6.105e+1
219.7,1.869e+8,2.173e+7,1.651e+8,2.198e+2
219.8,2.230e+8,2.039e+7,2.027e+8,7.142e+2
219.9,2.660e+8,1.890e+7,2.471e+8,2.095e+3
220,3.128e+8,1.707e+7,2.957e+8,5.545e+3
220.1,3.639e+8,1.478e+7,3.491e+8,1.325e+4
220.2,4.227e+8,1.207e+7,4.106e+8,2.858e+4
220.3,4.929e+8,9.183e+6,4.837e+8,5.563e+4
220.4,5.743e+8,6.442e+6,5.677e+8,9.774e+4
220.5,6.596e+8,4.140e+6,6.553e+8,1.550e+5
220.6,7.364e+8,2.427e+6,7.337e+8,2.219e+5
220.7,7.932e+8,1.293e+6,7.917e+8,2.867e+5
220.8,8.273e+8,6.254e+5,8.263e+8,3.343e+5
220.9,8.478e+8,2.741e+5,8.472e+8,3.519e+5
221,8.730e+8,1.088e+5,8.726e+8,3.343e+5
221.1,9.205e+8,3.908e+4,9.202e+8,2.867e+5
221.2,9.978e+8,1.270e+4,9.976e+8,2.219e+5
221.3,1.099e+9,3.733e+3,1.099e+9,1.550e+5
221.4,1.212e+9,9.923e+2,1.212e+9,9.774e+4
221.5,1.323e+9,2.385e+2,1.323e+9,5.563e+4
221.6,1.425e+9,5.181e+1,1.425e+9,2.858e+4
221.7,1.514e+9,1.017e+1,1.514e+9,1.328e+4
221.8,1.582e+9,1.805e+0,1.582e+9,5.630e+3
221.9,1.611e+9,2.895e-1,1.611e+9,2.338e+3
222,1.584e+9,4.196e-2,1.584e+9,1.348e+3
222.1,1.490e+9,5.493e-3,1.490e+9,1.711e+3
222.2,1.337e+9,6.497e-4,1.337e+9,3.232e+3
222.3,1.148e+9,6.941e-5,1.148e+9,6.115e+3
222.4,9.596e+8,6.698e-6,9.596e+8,1.061e+4
222.5,8.011e+8,5.837e-7,8.011e+8,1.670e+4
222.6,6.900e+8,4.593e-8,6.900e+8,2.377e+4
222.7,6.282e+8,3.263e-9,6.282e+8,3.067e+4
222.8,6.064e+8,1.887e-10,6.064e+8,3.596e+4
222.9,6.109e+8,,6.108e+8,3.859e+4
223,6.296e+8,,6.295e+8,3.851e+4
223.1,6.542e+8,,6.542e+8,3.704e+4
223.2,6.800e+8,4.533e-11,6.800e+8,3.656e+4
223.3,7.040e+8,6.700e-10,7.040e+8,3.978e+4
223.4,7.246e+8,8.978e-9,7.246e+8,4.882e+4
223.5,7.415e+8,1.091e-7,7.414e+8,6.455e+4
223.6,7.558e+8,1.202e-6,7.557e+8,8.631e+4
223.7,7.692e+8,1.201e-5,7.691e+8,1.121e+5
223.8,7.843e+8,1.087e-4,7.841e+8,1.389e+5
223.9,8.051e+8,8.929e-4,8.049e+8,1.630e+5
224,8.382e+8,6.649e-3,8.380e+8,1.802e+5
224.1,8.927e+8,4.489e-2,8.925e+8,1.869e+5
224.2,9.770e+8,2.748e-1,9.768e+8,1.807e+5
224.3,1.096e+9,1.525e+0,1.095e+9,1.618e+5
224.4,1.246e+9,7.676e+0,1.246e+9,1.336e+5
224.5,1.418e+9,3.502e+1,1.418e+9,1.011e+5
224.6,1.597e+9,1.449e+2,1.597e+9,6.995e+4
224.7,1.763e+9,5.436e+2,1.763e+9,4.408e+4
224.8,1.901e+9,1.849e+3,1.901e+9,2.526e+4
224.9,1.996e+9,5.703e+3,1.996e+9,1.315e+4
225,2.040e+9,1.595e+4,2.040e+9,6.208e+3
225.1,2.032e+9,4.043e+4,2.032e+9,2.659e+3
225.2,1.979e+9,9.296e+4,1.979e+9,1.036e+3
225.3,1.889e+9,1.938e+5,1.888e+9,3.745e+2
225.4,1.770e+9,3.662e+5,1.770e+9,1.387e+2
225.5,1.628e+9,6.276e+5,1.628e+9,7.386e+1
225.6,1.467e+9,9.752e+5,1.466e+9,7.421e+1
225.7,1.289e+9,1.374e+6,1.288e+9,1.009e+2
225.8,1.105e+9,1.755e+6,1.103e+9,1.405e+2
225.9,9.286e+8,2.033e+6,9.266e+8,1.867e+2
226,7.766e+8,2.135e+6,7.745e+8,2.337e+2
226.1,6.595e+8,2.033e+6,6.574e+8,2.743e+2
226.2,5.773e+8,1.755e+6,5.755e+8,3.010e+2
226.3,5.201e+8,1.375e+6,5.187e+8,3.079e+2
226.4,4.727e+8,9.781e+5,4.717e+8,2.933e+2
226.5,4.222e+8,6.365e+5,4.216e+8,2.613e+2
226.6,3.627e+8,3.907e+5,3.623e+8,2.207e+2
226.7,2.962e+8,2.549e+5,2.960e+8,1.828e+2
226.8,2.299e+8,2.319e+5,2.296e+8,1.574e+2
226.9,1.716e+8,3.270e+5,1.712e+8,1.493e+2
227,1.270e+8,5.526e+5,1.265e+8,1.570e+2
227.1,9.872e+7,9.187e+5,9.780e+7,1.731e+2
227.2,8.690e+7,1.413e+6,8.549e+7,1.876e+2
227.3,9.124e+7,1.982e+6,8.926e+7,1.916e+2
227.4,1.119e+8,2.532e+6,1.093e+8,1.804e+2
227.5,1.491e+8,2.952e+6,1.462e+8,1.553e+2
227.6,2.019e+8,3.157e+6,1.987e+8,1.217e+2
227.7,2.655e+8,3.132e+6,2.624e+8,8.679e+1
227.8,3.314e+8,2.947e+6,3.285e+8,5.665e+1
227.9,3.881e+8,2.735e+6,3.854e+8,3.538e+1
228,4.249e+8,2.632e+6,4.222e+8,2.671e+1
228.1,4.354e+8,2.721e+6,4.327e+8,3.950e+1
228.2,4.198e+8,3.001e+6,4.168e+8,9.976e+1
228.3,3.840e+8,3.387e+6,3.806e+8,2.746e+2
228.4,3.366e+8,3.750e+6,3.329e+8,7.152e+2
228.5,2.863e+8,3.960e+6,2.824e+8,1.725e+3
228.6,2.396e+8,3.936e+6,2.357e+8,3.849e+3
228.7,2.004e+8,3.669e+6,1.967e+8,7.952e+3
228.8,1.707e+8,3.232e+6,1.674e+8,1.523e+4
228.9,1.515e+8,2.766e+6,1.487e+8,2.707e+4
229,1.435e+8,2.466e+6,1.410e+8,4.462e+4
229.1,1.469e+8,2.545e+6,1.443e+8,6.817e+4
229.2,1.607e+8,3.195e+6,1.574e+8,9.636e+4
229.3,1.820e+8,4.524e+6,1.773e+8,1.258e+5
229.4,2.057e+8,6.485e+6,1.990e+8,1.514e+5
229.5,2.257e+8,8.823e+6,2.167e+8,1.675e+5
229.6,2.372e+8,1.109e+7,2.259e+8,1.700e+5
229.7,2.379e+8,1.274e+7,2.250e+8,1.582e+5
229.8,2.303e+8,1.335e+7,2.168e+8,1.346e+5
229.9,2.204e+8,1.273e+7,2.076e+8,1.046e+5
230,2.164e+8,1.104e+7,2.053e+8,7.424e+4
230.1,2.263e+8,8.716e+6,2.175e+8,4.804e+4
230.2,2.547e+8,6.265e+6,2.484e+8,2.833e+4
230.3,3.016e+8,4.111e+6,2.975e+8,1.522e+4
230.4,3.621e+8,2.490e+6,3.596e+8,7.450e+3
230.5,4.276e+8,1.452e+6,4.262e+8,3.337e+3
230.6,4.885e+8,9.276e+5,4.876e+8,1.420e+3
230.7,5.365e+8,8.083e+5,5.357e+8,7.422e+2
230.8,5.664e+8,9.893e+5,5.654e+8,8.850e+2
230.9,5.767e+8,1.379e+6,5.753e+8,1.958e+3
231,5.688e+8,1.887e+6,5.669e+8,4.627e+3
231.1,5.463e+8,2.419e+6,5.439e+8,1.017e+4
231.2,5.143e+8,2.887e+6,5.114e+8,2.042e+4
231.3,4.786e+8,3.242e+6,4.753e+8,3.736e+4
231.4,4.450e+8,3.492e+6,4.415e+8,6.230e+4
231.5,4.193e+8,3.699e+6,4.155e+8,9.470e+4
231.6,4.069e+8,3.937e+6,4.028e+8,1.312e+5
231.7,4.145e+8,4.236e+6,4.101e+8,1.658e+5
231.8,4.517e+8,4.545e+6,4.469e+8,1.912e+5
231.9,5.333e+8,4.747e+6,5.284e+8,2.018e+5
232,6.801e+8,4.712e+6,6.752e+8,1.958e+5
232.1,9.165e+8,4.368e+6,9.120e+8,1.765e+5
232.2,1.265e+9,3.742e+6,1.262e+9,1.510e+5
232.3,1.741e+9,2.942e+6,1.738e+9,1.278e+5
232.4,2.342e+9,2.117e+6,2.340e+9,1.131e+5
232.5,3.057e+9,1.391e+6,3.056e+9,1.099e+5
232.6,3.871e+9,8.335e+5,3.870e+9,1.166e+5
232.7,4.772e+9,4.555e+5,4.771e+9,1.288e+5
232.8,5.747e+9,2.269e+5,5.747e+9,1.411e+5
232.9,6.765e+9,1.030e+5,6.765e+9,1.487e+5
233,7.753e+9,4.264e+4,7.753e+9,1.499e+5
233.1,8.600e+9,1.608e+4,8.599e+9,1.466e+5
233.2,9.183e+9,5.527e+3,9.182e+9,1.445e+5
233.3,9.434e+9,1.731e+3,9.434e+9,1.508e+5
233.4,9.391e+9,4.941e+2,9.391e+9,1.720e+5
233.5,9.208e+9,1.285e+2,9.208e+9,2.099e+5
233.6,9.125e+9,3.047e+1,9.125e+9,2.598e+5
233.7,9.397e+9,6.583e+0,9.396e+9,3.108e+5
233.8,1.022e+10,1.296e+0,1.022e+10,3.486e+5
233.9,1.165e+10,2.325e-1,1.165e+10,3.614e+5
234,1.359e+10,3.802e-2,1.359e+10,3.437e+5
234.1,1.578e+10,5.665e-3,1.578e+10,2.992e+5
234.2,1.782e+10,7.693e-4,1.782e+10,2.379e+5
234.3,1.935e+10,9.520e-5,1.935e+10,1.727e+5
234.4,2.010e+10,1.074e-5,2.010e+10,1.144e+5
234.5,1.998e+10,1.103e-6,1.998e+10,6.922e+4
234.6,1.908e+10,1.033e-7,1.908e+10,3.821e+4
234.7,1.758e+10,8.821e-9,1.758e+10,1.925e+4
234.8,1.571e+10,6.861e-10,1.571e+10,8.854e+3
234.9,1.365e+10,4.863e-11,1.365e+10,3.716e+3
235,1.162e+10,,1.162e+10,1.423e+3
235.1,9.808e+9,,9.808e+9,4.976e+2
235.2,8.381e+9,,8.381e+9,1.587e+2
235.3,7.474e+9,,7.474e+9,4.622e+1
235.4,7.148e+9,,7.148e+9,1.228e+1
235.5,7.385e+9,,7.385e+9,2.979e+0
235.6,8.080e+9,,8.080e+9,6.596e-1
235.7,9.057e+9,,9.057e+9,1.344e-1
235.8,1.009e+10,,1.009e+10,3.146e-2
235.9,1.097e+10,,1.097e+10,3.961e-2
236,1.151e+10,,1.151e+10,1.676e-1
236.1,1.166e+10,,1.166e+10,7.195e-1
236.2,1.146e+10,,1.146e+10,2.837e+0
236.3,1.098e+10,,1.098e+10,1.024e+1
236.4,1.036e+10,,1.036e+10,3.382e+1
236.5,9.670e+9,,9.670e+9,1.023e+2
236.6,8.997e+9,,8.997e+9,2.830e+2
236.7,8.401e+9,,8.401e+9,7.169e+2
236.8,7.941e+9,,7.941e+9,1.662e+3
236.9,7.673e+9,,7.673e+9,3.527e+3
237,7.636e+9,,7.636e+9,6.850e+3
237.1,7.846e+9,,7.846e+9,1.218e+4
237.2,8.307e+9,,8.307e+9,1.981e+4
237.3,9.049e+9,,9.049e+9,2.951e+4
237.4,1.017e+10,,1.017e+10,4.023e+4
237.5,1.188e+10,,1.188e+10,5.020e+4
237.6,1.444e+10,,1.444e+10,5.735e+4
237.7,1.804e+10,,1.804e+10,6.002e+4
237.8,2.262e+10,,2.262e+10,5.764e+4
237.9,2.773e+10,,2.773e+10,5.106e+4
238,3.252e+10,,3.252e+10,4.242e+4
238.1,3.596e+10,,3.596e+10,3.454e+4
238.2,3.721e+10,,3.721e+10,3.041e+4
238.3,3.599e+10,,3.599e+10,3.261e+4
238.4,3.265e+10,,3.265e+10,4.295e+4
238.5,2.807e+10,,2.807e+10,6.196e+4
238.6,2.328e+10,,2.328e+10,8.832e+4
238.7,1.914e+10,,1.914e+10,1.184e+5
238.8,1.614e+10,,1.614e+10,1.468e+5
238.9,1.446e+10,,1.446e+10,1.672e+5
239,1.410e+10,,1.410e+10,1.746e+5
239.1,1.499e+10,,1.499e+10,1.672e+5
239.2,1.698e+10,,1.698e+10,1.467e+5
239.3,1.978e+10,,1.978e+10,1.181e+5
239.4,2.289e+10,,2.289e+10,8.753e+4
239.5,2.563e+10,,2.563e+10,6.042e+4
239.6,2.740e+10,,2.740e+10,4.027e+4
239.7,2.782e+10,,2.782e+10,2.844e+4
239.8,2.696e+10,,2.696e+10,2.473e+4
239.9,2.525e+10,,2.525e+10,2.792e+4
240,2.336e+10,,2.336e+10,3.621e+4
240.1,2.191e+10,,2.191e+10,4.731e+4
240.2,2.124e+10,,2.124e+10,5.854e+4
240.3,2.136e+10,,2.136e+10,6.716e+4
240.4,2.198e+10,,2.198e+10,7.100e+4
240.5,2.268e+10,,2.268e+10,6.905e+4
240.6,2.312e+10,,2.312e+10,6.177e+4
240.7,2.315e+10,,2.315e+10,5.083e+4
240.8,2.274e+10,4.828e-11,2.274e+10,3.850e+4
240.9,2.195e+10,5.772e-10,2.195e+10,2.685e+4
241,2.081e+10,7.434e-9,2.081e+10,1.725e+4
241.1,1.929e+10,7.709e-8,1.929e+10,1.021e+4
241.2,1.737e+10,7.378e-7,1.737e+10,5.576e+3
241.3,1.508e+10,6.520e-6,1.508e+10,2.809e+3
241.4,1.258e+10,5.322e-5,1.258e+10,1.306e+3
241.5,1.011e+10,4.014e-4,1.011e+10,5.611e+2
241.6,7.918e+9,2.799e-3,7.918e+9,2.226e+2
241.7,6.195e+9,1.805e-2,6.195e+9,8.161e+1
241.8,5.029e+9,1.077e-1,5.029e+9,2.765e+1
241.9,4.415e+9,5.948e-1,4.415e+9,8.660e+0
242,4.276e+9,3.041e+0,4.276e+9,2.506e+0
242.1,4.495e+9,1.439e+1,4.495e+9,6.704e-1
242.2,4.937e+9,6.309e+1,4.937e+9,1.656e-1
242.3,5.477e+9,2.560e+2,5.477e+9,3.779e-2
242.4,6.019e+9,9.621e+2,6.019e+9,7.969e-3
242.5,6.510e+9,3.347e+3,6.510e+9,1.622e-3
242.6,6.943e+9,1.078e+4,6.943e+9,7.341e-4
242.7,7.335e+9,3.213e+4,7.335e+9,2.576e-3
242.8,7.707e+9,8.862e+4,7.707e+9,1.289e-2
242.9,8.064e+9,2.262e+5,8.064e+9,6.038e-2
243,8.388e+9,5.341e+5,8.387e+9,2.602e-1
243.1,8.642e+9,1.167e+6,8.641e+9,1.032e+0
243.2,8.788e+9,2.361e+6,8.785e+9,3.762e+0
243.3,8.795e+9,4.423e+6,8.790e+9,1.262e+1
243.4,8.652e+9,7.676e+6,8.644e+9,3.895e+1
243.5,8.368e+9,1.235e+7,8.355e+9,1.106e+2
243.6,7.975e+9,1.846e+7,7.957e+9,2.888e+2
243.7,7.523e+9,2.562e+7,7.498e+9,6.939e+2
243.8,7.078e+9,3.311e+7,7.045e+9,1.533e+3
243.9,6.712e+9,3.988e+7,6.672e+9,3.118e+3
244,6.499e+9,4.482e+7,6.454e+9,5.831e+3
244.1,6.489e+9,4.708e+7,6.442e+9,1.003e+4
244.2,6.684e+9,4.626e+7,6.638e+9,1.588e+4
244.3,7.020e+9,4.255e+7,6.977e+9,2.312e+4
244.4,7.368e+9,3.666e+7,7.331e+9,3.096e+4
244.5,7.573e+9,2.962e+7,7.543e+9,3.815e+4
244.6,7.506e+9,2.253e+7,7.483e+9,4.323e+4
244.7,7.113e+9,1.628e+7,7.097e+9,4.508e+4
244.8,6.438e+9,1.145e+7,6.427e+9,4.323e+4
244.9,5.604e+9,8.252e+6,5.596e+9,3.815e+4
245,4.771e+9,6.614e+6,4.764e+9,3.096e+4
245.1,4.086e+9,6.284e+6,4.080e+9,2.312e+4
245.2,3.657e+9,6.971e+6,3.650e+9,1.588e+4
245.3,3.539e+9,8.418e+6,3.531e+9,1.003e+4
245.4,3.742e+9,1.045e+7,3.731e+9,5.831e+3
245.5,4.237e+9,1.295e+7,4.225e+9,3.118e+3
245.6,4.969e+9,1.588e+7,4.953e+9,1.533e+3
245.7,5.852e+9,1.919e+7,5.833e+9,6.939e+2
245.8,6.782e+9,2.285e+7,6.759e+9,2.888e+2
245.9,7.641e+9,2.673e+7,7.614e+9,1.106e+2
246,8.326e+9,3.060e+7,8.295e+9,3.895e+1
246.1,8.763e+9,3.407e+7,8.729e+9,1.262e+1
246.2,8.925e+9,3.665e+7,8.888e+9,3.762e+0
246.3,8.831e+9,3.799e+7,8.793e+9,1.032e+0
246.4,8.534e+9,3.801e+7,8.496e+9,2.602e-1
246.5,8.106e+9,3.710e+7,8.068e+9,6.037e-2
246.6,7.615e+9,3.604e+7,7.579e+9,1.289e-2
246.7,7.123e+9,3.583e+7,7.087e+9,2.531e-3
246.8,6.669e+9,3.727e+7,6.631e+9,4.571e-4
246.9,6.271e+9,4.069e+7,6.230e+9,7.596e-5
247,5.927e+9,4.578e+7,5.882e+9,1.161e-5
247.1,5.625e+9,5.174e+7,5.573e+9,1.633e-6
247.2,5.347e+9,5.771e+7,5.289e+9,2.112e-7
247.3,5.092e+9,6.336e+7,5.028e+9,2.513e-8
247.4,4.874e+9,6.940e+7,4.805e+9,2.751e-9
247.5,4.726e+9,7.770e+7,4.649e+9,2.770e-10
247.6,4.686e+9,9.100e+7,4.595e+9,2.566e-11
247.7,4.781e+9,1.120e+8,4.669e+9,2.187e-12
247.8,5.009e+9,1.423e+8,4.867e+9,
247.9,5.341e+9,1.813e+8,5.160e+9,
248,5.719e+9,2.261e+8,5.493e+9,
248.1,6.078e+9,2.718e+8,5.806e+9,
248.2,6.376e+9,3.130e+8,6.063e+9,
248.3,6.613e+9,3.457e+8,6.267e+9,
248.4,6.846e+9,3.684e+8,6.478e+9,
248.5,7.181e+9,3.818e+8,6.800e+9,
248.6,7.737e+9,3.880e+8,7.349e+9,
248.7,8.600e+9,3.881e+8,8.212e+9,
248.8,9.774e+9,3.820e+8,9.392e+9,
248.9,1.115e+10,3.676e+8,1.079e+10,
249,1.253e+10,3.429e+8,1.218e+10,
249.1,1.363e+10,3.073e+8,1.332e+10,
249.2,1.424e+10,2.626e+8,1.397e+10,
249.3,1.421e+10,2.131e+8,1.400e+10,
249.4,1.359e+10,1.641e+8,1.343e+10,
249.5,1.253e+10,1.206e+8,1.241e+10,
249.6,1.129e+10,8.586e+7,1.120e+10,
249.7,1.007e+10,6.094e+7,1.001e+10,
249.8,9.032e+9,4.490e+7,8.988e+9,
249.9,8.214e+9,3.560e+7,8.178e+9,
250,7.577e+9,3.056e+7,7.547e+9,
250.1,7.049e+9,2.768e+7,7.021e+9,
250.2,6.557e+9,2.565e+7,6.531e+9,
250.3,6.062e+9,2.396e+7,6.038e+9,
250.4,5.560e+9,2.271e+7,5.538e+9,
250.5,5.083e+9,2.228e+7,5.061e+9,
250.6,4.680e+9,2.297e+7,4.657e+9,
250.7,4.403e+9,2.480e+7,4.378e+9,
250.8,4.282e+9,2.742e+7,4.255e+9,
250.9,4.313e+9,3.021e+7,4.283e+9,
251,4.447e+9,3.254e+7,4.415e+9,
251.1,4.609e+9,3.406e+7,4.575e+9,
251.2,4.721e+9,3.486e+7,4.686e+9,
251.3,4.731e+9,3.552e+7,4.696e+9,
251.4,4.640e+9,3.695e+7,4.603e+9,
251.5,4.495e+9,4.013e+7,4.455e+9,
251.6,4.382e+9,4.589e+7,4.336e+9,
251.7,4.391e+9,5.475e+7,4.337e+9,
251.8,4.598e+9,6.681e+7,4.531e+9,
251.9,5.043e+9,8.172e+7,4.961e+9,
252,5.726e+9,9.862e+7,5.627e+9,
252.1,6.605e+9,1.162e+8,6.489e+9,
252.2,7.601e+9,1.326e+8,7.468e+9,
252.3,8.610e+9,1.463e+8,8.464e+9,
252.4,9.521e+9,1.557e+8,9.365e+9,
252.5,1.024e+10,1.598e+8,1.008e+10,
252.6,1.072e+10,1.582e+8,1.056e+10,
252.7,1.097e+10,1.511e+8,1.082e+10,
252.8,1.105e+10,1.395e+8,1.091e+10,
252.9,1.107e+10,1.248e+8,1.095e+10,
253,1.115e+10,1.088e+8,1.104e+10,
253.1,1.139e+10,9.374e+7,1.130e+10,
253.2,1.185e+10,8.174e+7,1.176e+10,
253.3,1.252e+10,7.417e+7,1.244e+10,
253.4,1.334e+10,7.148e+7,1.326e+10,
253.5,1.418e+10,7.322e+7,1.411e+10,
253.6,1.489e+10,7.832e+7,1.481e+10,
253.7,1.530e+10,8.550e+7,1.521e+10,
253.8,1.529e+10,9.358e+7,1.520e+10,
253.9,1.482e+10,1.015e+8,1.472e+10,
254,1.393e+10,1.085e+8,1.382e+10,
254.1,1.276e+10,1.133e+8,1.264e+10,
254.2,1.149e+10,1.151e+8,1.137e+10,
254.3,1.032e+10,1.130e+8,1.021e+10,
254.4,9.392e+9,1.068e+8,9.285e+9,
254.5,8.774e+9,9.680e+7,8.677e+9,
254.6,8.434e+9,8.409e+7,8.350e+9,
254.7,8.261e+9,7.004e+7,8.191e+9,
254.8,8.102e+9,5.606e+7,8.046e+9,
254.9,7.811e+9,4.325e+7,7.768e+9,
255,7.296e+9,3.227e+7,7.264e+9,
255.1,6.549e+9,2.334e+7,6.526e+9,
255.2,5.647e+9,1.639e+7,5.631e+9,
255.3,4.727e+9,1.115e+7,4.716e+9,
255.4,3.949e+9,7.312e+6,3.942e+9,
255.5,3.459e+9,4.602e+6,3.455e+9,
255.6,3.361e+9,2.761e+6,3.358e+9,
255.7,3.696e+9,1.569e+6,3.694e+9,
255.8,4.436e+9,8.405e+5,4.435e+9,
255.9,5.481e+9,4.222e+5,5.480e+9,
256,6.663e+9,1.984e+5,6.663e+9,
256.1,7.772e+9,8.703e+4,7.772e+9,
256.2,8.599e+9,3.599e+4,8.599e+9,
256.3,8.986e+9,1.518e+4,8.986e+9,
256.4,8.872e+9,9.618e+3,8.872e+9,
256.5,8.301e+9,1.411e+4,8.301e+9,
256.6,7.411e+9,3.036e+4,7.411e+9,
256.7,6.381e+9,6.607e+4,6.380e+9,
256.8,5.383e+9,1.350e+5,5.383e+9,
256.9,4.545e+9,2.562e+5,4.544e+9,
257,3.928e+9,4.517e+5,3.927e+9,
257.1,3.536e+9,7.396e+5,3.535e+9,
257.2,3.332e+9,1.127e+6,3.331e+9,
257.3,3.261e+9,1.601e+6,3.259e+9,
257.4,3.268e+9,2.129e+6,3.266e+9,
257.5,3.315e+9,2.671e+6,3.312e+9,
257.6,3.390e+9,3.195e+6,3.386e+9,
257.7,3.509e+9,3.704e+6,3.506e+9,1.767e-12
257.8,3.717e+9,4.246e+6,3.713e+9,1.788e-11
257.9,4.071e+9,4.896e+6,4.066e+9,1.681e-10
258,4.618e+9,5.724e+6,4.612e+9,1.469e-9
258.1,5.374e+9,6.734e+6,5.367e+9,1.192e-8
258.2,6.295e+9,7.837e+6,6.287e+9,8.992e-8
258.3,7.277e+9,8.845e+6,7.268e+9,6.301e-7
258.4,8.172e+9,9.525e+6,8.162e+9,4.103e-6
258.5,8.831e+9,9.678e+6,8.821e+9,2.482e-5
258.6,9.161e+9,9.212e+6,9.152e+9,1.395e-4
258.7,9.165e+9,8.183e+6,9.157e+9,7.289e-4
258.8,8.964e+9,6.771e+6,8.957e+9,3.537e-3
258.9,8.777e+9,5.223e+6,8.772e+9,1.595e-2
259,8.885e+9,3.774e+6,8.881e+9,6.684e-2
259.1,9.576e+9,2.598e+6,9.574e+9,2.602e-1
259.2,1.109e+10,1.784e+6,1.109e+10,9.414e-1
259.3,1.355e+10,1.344e+6,1.355e+10,3.164e+0
259.4,1.690e+10,1.244e+6,1.690e+10,9.882e+0
259.5,2.084e+10,1.422e+6,2.084e+10,2.868e+1
259.6,2.486e+10,1.804e+6,2.486e+10,7.732e+1
259.7,2.826e+10,2.314e+6,2.826e+10,1.937e+2
259.8,3.040e+10,2.881e+6,3.040e+10,4.510e+2
259.9,3.084e+10,3.456e+6,3.084e+10,9.757e+2
260,2.953e+10,4.022e+6,2.952e+10,1.961e+3
260.1,2.682e+10,4.595e+6,2.682e+10,3.665e+3
260.2,2.338e+10,5.212e+6,2.338e+10,6.365e+3
260.3,1.993e+10,5.895e+6,1.992e+10,1.028e+4
260.4,1.706e+10,6.621e+6,1.706e+10,1.545e+4
260.5,1.510e+10,7.303e+6,1.509e+10,2.162e+4
260.6,1.410e+10,7.806e+6,1.409e+10,2.824e+4
260.7,1.389e+10,7.994e+6,1.388e+10,3.453e+4
260.8,1.422e+10,7.781e+6,1.421e+10,3.976e+4
260.9,1.480e+10,7.173e+6,1.479e+10,4.350e+4
261,1.536e+10,6.274e+6,1.536e+10,4.581e+4
261.1,1.570e+10,5.251e+6,1.569e+10,4.728e+4
261.2,1.565e+10,4.289e+6,1.564e+10,4.868e+4
261.3,1.513e+10,3.536e+6,1.513e+10,5.062e+4
261.4,1.417e+10,3.071e+6,1.417e+10,5.313e+4
261.5,1.288e+10,2.902e+6,1.288e+10,5.559e+4
261.6,1.143e+10,2.979e+6,1.143e+10,5.696e+4
261.7,1.003e+10,3.230e+6,1.002e+10,5.615e+4
261.8,8.833e+9,3.580e+6,8.830e+9,5.257e+4
261.9,7.981e+9,3.972e+6,7.977e+9,4.633e+4
262,7.548e+9,4.359e+6,7.544e+9,3.824e+4
262.1,7.569e+9,4.699e+6,7.565e+9,2.946e+4
262.2,8.042e+9,4.942e+6,8.037e+9,2.115e+4
262.3,8.929e+9,5.038e+6,8.924e+9,1.413e+4
262.4,1.016e+10,4.952e+6,1.015e+10,8.787e+3
262.5,1.161e+10,4.685e+6,1.160e+10,5.080e+3
262.6,1.314e+10,4.285e+6,1.313e+10,2.731e+3
262.7,1.455e+10,3.839e+6,1.455e+10,1.365e+3
262.8,1.565e+10,3.448e+6,1.565e+10,6.340e+2
262.9,1.624e+10,3.200e+6,1.623e+10,2.738e+2
263,1.616e+10,3.139e+6,1.616e+10,1.099e+2
263.1,1.535e+10,3.259e+6,1.535e+10,4.104e+1
263.2,1.386e+10,3.508e+6,1.386e+10,1.424e+1
263.3,1.187e+10,3.801e+6,1.186e+10,4.593e+0
263.4,9.611e+9,4.052e+6,9.607e+9,1.377e+0
263.5,7.363e+9,4.188e+6,7.358e+9,3.839e-1
263.6,5.347e+9,4.176e+6,5.343e+9,9.948e-2
263.7,3.703e+9,4.028e+6,3.699e+9,2.396e-2
263.8,2.471e+9,3.792e+6,2.468e+9,5.366e-3
263.9,1.619e+9,3.535e+6,1.615e+9,1.117e-3
264,1.067e+9,3.317e+6,1.064e+9,2.161e-4
264.1,7.289e+8,3.163e+6,7.257e+8,3.888e-5
264.2,5.294e+8,3.061e+6,5.264e+8,6.501e-6
264.3,4.148e+8,2.964e+6,4.118e+8,1.011e-6
264.4,3.514e+8,2.821e+6,3.486e+8,1.460e-7
264.5,3.202e+8,2.598e+6,3.176e+8,1.962e-8
264.6,3.095e+8,2.295e+6,3.072e+8,2.450e-9
264.7,3.114e+8,1.945e+6,3.094e+8,2.844e-10
264.8,3.186e+8,1.606e+6,3.169e+8,3.069e-11
264.9,3.249e+8,1.340e+6,3.236e+8,3.078e-12
265,3.261e+8,1.190e+6,3.249e+8,
265.1,3.204e+8,1.171e+6,3.192e+8,
265.2,3.093e+8,1.270e+6,3.080e+8,
265.3,2.969e+8,1.443e+6,2.955e+8,
265.4,2.899e+8,1.633e+6,2.882e+8,
265.5,2.965e+8,1.782e+6,2.947e+8,
265.6,3.276e+8,1.850e+6,3.258e+8,
265.7,3.962e+8,1.827e+6,3.944e+8,
265.8,5.169e+8,1.738e+6,5.152e+8,
265.9,7.030e+8,1.636e+6,7.013e+8,
266,9.610e+8,1.589e+6,9.594e+8,
266.1,1.285e+9,1.660e+6,1.283e+9,
266.2,1.651e+9,1.886e+6,1.649e+9,2.105e-12
266.3,2.017e+9,2.263e+6,2.015e+9,1.971e-11
266.4,2.330e+9,2.745e+6,2.328e+9,1.731e-10
266.5,2.539e+9,3.250e+6,2.536e+9,1.413e-9
266.6,2.605e+9,3.678e+6,2.602e+9,1.078e-8
266.7,2.517e+9,3.942e+6,2.513e+9,7.671e-8
266.8,2.290e+9,3.994e+6,2.286e+9,5.097e-7
266.9,1.965e+9,3.839e+6,1.961e+9,3.162e-6
267,1.595e+9,3.543e+6,1.591e+9,1.832e-5
267.1,1.229e+9,3.212e+6,1.225e+9,9.906e-5
267.2,9.050e+8,2.965e+6,9.021e+8,5.002e-4
267.3,6.463e+8,2.902e+6,6.434e+8,2.359e-3
267.4,4.597e+8,3.071e+6,4.567e+8,1.038e-2
267.5,3.426e+8,3.454e+6,3.392e+8,4.270e-2
267.6,2.877e+8,3.970e+6,2.837e+8,1.639e-1
267.7,2.870e+8,4.489e+6,2.825e+8,5.879e-1
267.8,3.334e+8,4.878e+6,3.285e+8,1.969e+0
267.9,4.200e+8,5.032e+6,4.150e+8,6.160e+0
268,5.379e+8,4.916e+6,5.330e+8,1.800e+1
268.1,6.747e+8,4.567e+6,6.702e+8,4.916e+1
268.2,8.141e+8,4.086e+6,8.100e+8,1.255e+2
268.3,9.380e+8,3.599e+6,9.344e+8,2.992e+2
268.4,1.032e+9,3.212e+6,1.028e+9,6.670e+2
268.5,1.087e+9,2.986e+6,1.084e+9,1.390e+3
268.6,1.108e+9,2.913e+6,1.105e+9,2.711e+3
268.7,1.106e+9,2.934e+6,1.104e+9,4.945e+3
268.8,1.101e+9,2.962e+6,1.098e+9,8.445e+3
268.9,1.106e+9,2.916e+6,1.103e+9,1.350e+4
269,1.126e+9,2.747e+6,1.124e+9,2.024e+4
269.1,1.157e+9,2.449e+6,1.155e+9,2.844e+4
269.2,1.183e+9,2.059e+6,1.181e+9,3.753e+4
269.3,1.188e+9,1.637e+6,1.186e+9,4.655e+4
269.4,1.161e+9,1.249e+6,1.159e+9,5.436e+4
269.5,1.101e+9,9.523e+5,1.100e+9,5.989e+4
269.6,1.023e+9,7.873e+5,1.022e+9,6.243e+4
269.7,9.442e+8,7.833e+5,9.434e+8,6.178e+4
269.8,8.874e+8,9.633e+5,8.864e+8,5.831e+4
269.9,8.682e+8,1.349e+6,8.668e+8,5.281e+4
270,8.927e+8,1.963e+6,8.907e+8,4.621e+4
270.1,9.564e+8,2.815e+6,9.536e+8,3.942e+4
270.2,1.047e+9,3.895e+6,1.043e+9,3.310e+4
270.3,1.150e+9,5.154e+6,1.145e+9,2.761e+4
270.4,1.256e+9,6.503e+6,1.249e+9,2.304e+4
270.5,1.363e+9,7.819e+6,1.355e+9,1.933e+4
270.6,1.480e+9,8.982e+6,1.471e+9,1.629e+4
270.7,1.624e+9,9.925e+6,1.614e+9,1.374e+4
270.8,1.808e+9,1.070e+7,1.797e+9,1.153e+4
270.9,2.038e+9,1.150e+7,2.027e+9,9.556e+3
271,2.302e+9,1.275e+7,2.289e+9,7.762e+3
271.1,2.571e+9,1.500e+7,2.556e+9,6.134e+3
271.2,2.802e+9,1.887e+7,2.783e+9,4.686e+3
271.3,2.954e+9,2.489e+7,2.929e+9,3.439e+3
271.4,2.994e+9,3.325e+7,2.961e+9,2.412e+3
271.5,2.912e+9,4.365e+7,2.868e+9,1.610e+3
271.6,2.721e+9,5.521e+7,2.666e+9,1.018e+3
271.7,2.457e+9,6.649e+7,2.390e+9,6.089e+2
271.8,2.168e+9,7.583e+7,2.092e+9,3.433e+2
271.9,1.906e+9,8.170e+7,1.824e+9,1.821e+2
272,1.716e+9,8.312e+7,1.633e+9,9.078e+1
272.1,1.629e+9,7.993e+7,1.549e+9,4.248e+1
272.2,1.658e+9,7.281e+7,1.585e+9,1.864e+1
272.3,1.797e+9,6.305e+7,1.734e+9,7.665e+0
272.4,2.020e+9,5.222e+7,1.968e+9,2.952e+0
272.5,2.286e+9,4.184e+7,2.244e+9,1.065e+0
272.6,2.546e+9,3.308e+7,2.513e+9,3.594e-1
272.7,2.756e+9,2.666e+7,2.729e+9,1.135e-1
272.8,2.891e+9,2.287e+7,2.869e+9,3.356e-2
272.9,2.960e+9,2.166e+7,2.938e+9,9.282e-3
273,3.005e+9,2.265e+7,2.982e+9,2.401e-3
273.1,3.106e+9,2.526e+7,3.081e+9,5.810e-4
273.2,3.364e+9,2.875e+7,3.335e+9,1.315e-4
273.3,3.882e+9,3.235e+7,3.849e+9,2.782e-5
273.4,4.738e+9,3.538e+7,4.702e+9,5.507e-6
273.5,5.965e+9,3.736e+7,5.927e+9,1.019e-6
273.6,7.535e+9,3.812e+7,7.497e+9,1.764e-7
273.7,9.366e+9,3.776e+7,9.328e+9,2.855e-8
273.8,1.134e+10,3.657e+7,1.130e+10,4.319e-9
273.9,1.333e+10,3.491e+7,1.329e+10,6.110e-10
274,1.525e+10,3.303e+7,1.521e+10,8.080e-11
274.1,1.706e+10,3.109e+7,1.703e+10,9.992e-12
274.2,1.877e+10,2.910e+7,1.874e+10,1.155e-12
274.3,2.039e+10,2.702e+7,2.036e+10,1.035e-13
274.4,2.191e+10,2.484e+7,2.188e+10,
274.5,2.324e+10,2.263e+7,2.322e+10,
274.6,2.425e+10,2.050e+7,2.423e+10,
274.7,2.478e+10,1.857e+7,2.477e+10,
274.8,2.475e+10,1.690e+7,2.473e+10,
274.9,2.415e+10,1.549e+7,2.413e+10,
275,2.309e+10,1.428e+7,2.307e+10,
275.1,2.175e+10,1.321e+7,2.173e+10,
275.2,2.032e+10,1.224e+7,2.030e+10,
275.3,1.891e+10,1.137e+7,1.890e+10,
275.4,1.756e+10,1.061e+7,1.755e+10,
275.5,1.618e+10,9.994e+6,1.617e+10,
275.6,1.468e+10,9.532e+6,1.467e+10,
275.7,1.299e+10,9.209e+6,1.298e+10,
275.8,1.113e+10,8.992e+6,1.112e+10,
275.9,9.191e+9,8.841e+6,9.182e+9,
276,7.330e+9,8.717e+6,7.321e+9,
276.1,5.704e+9,8.589e+6,5.695e+9,
276.2,4.428e+9,8.440e+6,4.419e+9,
276.3,3.545e+9,8.264e+6,3.537e+9,
276.4,3.029e+9,8.062e+6,3.021e+9,
276.5,2.796e+9,7.833e+6,2.788e+9,
276.6,2.732e+9,7.562e+6,2.725e+9,
276.7,2.727e+9,7.223e+6,2.720e+9,
276.8,2.690e+9,6.789e+6,2.683e+9,
276.9,2.570e+9,6.247e+6,2.564e+9,
277,2.359e+9,5.618e+6,2.353e+9,
277.1,2.080e+9,4.958e+6,2.075e+9,
277.2,1.780e+9,4.346e+6,1.776e+9,
277.3,1.508e+9,3.859e+6,1.504e+9,
277.4,1.301e+9,3.549e+6,1.297e+9,
277.5,1.179e+9,3.432e+6,1.176e+9,
277.6,1.142e+9,3.491e+6,1.139e+9,
277.7,1.176e+9,3.702e+6,1.172e+9,
277.8,1.258e+9,4.063e+6,1.254e+9,
277.9,1.363e+9,4.620e+6,1.358e+9,
278,1.468e+9,5.469e+6,1.462e+9,
278.1,1.554e+9,6.736e+6,1.547e+9,
278.2,1.604e+9,8.522e+6,1.595e+9,
278.3,1.605e+9,1.084e+7,1.594e+9,
278.4,1.551e+9,1.355e+7,1.538e+9,
278.5,1.443e+9,1.638e+7,1.426e+9,
278.6,1.289e+9,1.889e+7,1.270e+9,
278.7,1.106e+9,2.066e+7,1.085e+9,
278.8,9.166e+8,2.132e+7,8.952e+8,
278.9,7.410e+8,2.071e+7,7.203e+8,
279,5.950e+8,1.893e+7,5.761e+8,
279.1,4.863e+8,1.626e+7,4.700e+8,
279.2,4.143e+8,1.313e+7,4.012e+8,
279.3,3.725e+8,9.984e+6,3.625e+8,
279.4,3.510e+8,7.182e+6,3.438e+8,
279.5,3.401e+8,4.952e+6,3.351e+8,
279.6,3.316e+8,3.388e+6,3.282e+8,
279.7,3.203e+8,2.482e+6,3.178e+8,
279.8,3.037e+8,2.166e+6,3.015e+8,
279.9,2.815e+8,2.349e+6,2.791e+8,
280,2.548e+8,2.931e+6,2.518e+8,
280.1,2.256e+8,3.810e+6,2.217e+8,
280.2,1.960e+8,4.877e+6,1.911e+8,
280.3,1.682e+8,6.020e+6,1.622e+8,
280.4,1.438e+8,7.134e+6,1.367e+8,
280.5,1.237e+8,8.142e+6,1.155e+8,
280.6,1.081e+8,9.008e+6,9.907e+7,
280.7,9.660e+7,9.734e+6,8.686e+7,
280.8,8.833e+7,1.035e+7,7.798e+7,
280.9,8.217e+7,1.087e+7,7.131e+7,
281,7.707e+7,1.127e+7,6.580e+7,
281.1,7.225e+7,1.150e+7,6.075e+7,
281.2,6.728e+7,1.146e+7,5.582e+7,
281.3,6.208e+7,1.108e+7,5.100e+7,
281.4,5.677e+7,1.035e+7,4.642e+7,
281.5,5.154e+7,9.312e+6,4.223e+7,
281.6,4.662e+7,8.115e+6,3.850e+7,
281.7,4.222e+7,6.939e+6,3.528e+7,
281.8,3.868e+7,5.955e+6,3.273e+7,
281.9,3.663e+7,5.285e+6,3.134e+7,
282,3.709e+7,4.972e+6,3.212e+7,
282.1,4.168e+7,4.982e+6,3.670e+7,
282.2,5.259e+7,5.226e+6,4.736e+7,
282.3,7.250e+7,5.594e+6,6.690e+7,
282.4,1.043e+8,5.986e+6,9.833e+7,8.743e-15
282.5,1.506e+8,6.337e+6,1.443e+8,1.719e-13
282.6,2.128e+8,6.621e+6,2.062e+8,1.333e-12
282.7,2.907e+8,6.840e+6,2.838e+8,9.730e-12
282.8,3.815e+8,7.006e+6,3.745e+8,6.679e-11
282.9,4.804e+8,7.123e+6,4.733e+8,4.313e-10
283,5.812e+8,7.173e+6,5.740e+8,2.620e-9
283.1,6.774e+8,7.128e+6,6.702e+8,1.497e-8
283.2,7.643e+8,6.959e+6,7.574e+8,8.047e-8
283.3,8.399e+8,6.661e+6,8.332e+8,4.069e-7
283.4,9.044e+8,6.262e+6,8.981e+8,1.935e-6
283.5,9.599e+8,5.822e+6,9.540e+8,8.658e-6
283.6,1.008e+9,5.424e+6,1.003e+9,3.644e-5
283.7,1.049e+9,5.146e+6,1.043e+9,1.443e-4
283.8,1.079e+9,5.043e+6,1.074e+9,5.373e-4
283.9,1.096e+9,5.130e+6,1.091e+9,1.882e-3
284,1.096e+9,5.379e+6,1.090e+9,6.202e-3
284.1,1.076e+9,5.722e+6,1.070e+9,1.923e-2
284.2,1.039e+9,6.069e+6,1.033e+9,5.607e-2
284.3,9.881e+8,6.334e+6,9.818e+8,1.538e-1
284.4,9.300e+8,6.458e+6,9.235e+8,3.968e-1
284.5,8.694e+8,6.425e+6,8.630e+8,9.632e-1
284.6,8.101e+8,6.262e+6,8.039e+8,2.199e+0
284.7,7.545e+8,6.026e+6,7.485e+8,4.723e+0
284.8,7.046e+8,5.773e+6,6.988e+8,9.543e+0
284.9,6.632e+8,5.536e+6,6.577e+8,1.814e+1
285,6.343e+8,5.311e+6,6.290e+8,3.242e+1
285.1,6.221e+8,5.063e+6,6.170e+8,5.453e+1
285.2,6.292e+8,4.744e+6,6.245e+8,8.626e+1
285.3,6.544e+8,4.319e+6,6.501e+8,1.284e+2
285.4,6.914e+8,3.783e+6,6.877e+8,1.797e+2
285.5,7.298e+8,3.162e+6,7.266e+8,2.366e+2
285.6,7.567e+8,2.510e+6,7.542e+8,2.931e+2
285.7,7.608e+8,1.885e+6,7.589e+8,3.415e+2
285.8,7.351e+8,1.336e+6,7.338e+8,3.743e+2
285.9,6.793e+8,8.926e+5,6.784e+8,3.859e+2
286,5.996e+8,5.616e+5,5.991e+8,3.743e+2
286.1,5.071e+8,3.326e+5,5.067e+8,3.415e+2
286.2,4.147e+8,1.853e+5,4.145e+8,2.931e+2
286.3,3.345e+8,9.712e+4,3.344e+8,2.366e+2
286.4,2.758e+8,4.788e+4,2.757e+8,1.797e+2
286.5,2.437e+8,2.220e+4,2.436e+8,1.284e+2
286.6,2.396e+8,9.678e+3,2.396e+8,8.626e+1
286.7,2.616e+8,3.969e+3,2.616e+8,5.453e+1
286.8,3.048e+8,1.534e+3,3.048e+8,3.242e+1
286.9,3.620e+8,5.686e+2,3.620e+8,1.814e+1
287,4.242e+8,2.311e+2,4.242e+8,9.543e+0
287.1,4.820e+8,1.807e+2,4.820e+8,4.723e+0
287.2,5.266e+8,3.421e+2,5.266e+8,2.199e+0
287.3,5.517e+8,8.285e+2,5.517e+8,9.632e-1
287.4,5.548e+8,1.975e+3,5.548e+8,3.968e-1
287.5,5.377e+8,4.464e+3,5.377e+8,1.538e-1
287.6,5.058e+8,9.524e+3,5.058e+8,5.607e-2
287.7,4.667e+8,1.919e+4,4.667e+8,1.923e-2
287.8,4.281e+8,3.654e+4,4.281e+8,6.202e-3
287.9,3.958e+8,6.582e+4,3.957e+8,1.882e-3
288,3.722e+8,1.123e+5,3.721e+8,5.373e-4
288.1,3.565e+8,1.820e+5,3.563e+8,1.443e-4
288.2,3.450e+8,2.806e+5,3.447e+8,3.644e-5
288.3,3.330e+8,4.128e+5,3.326e+8,8.658e-6
288.4,3.165e+8,5.820e+5,3.159e+8,1.935e-6
288.5,2.935e+8,7.896e+5,2.927e+8,4.069e-7
288.6,2.647e+8,1.036e+6,2.636e+8,8.047e-8
288.7,2.331e+8,1.319e+6,2.318e+8,1.497e-8
288.8,2.033e+8,1.638e+6,2.017e+8,2.620e-9
288.9,1.796e+8,1.990e+6,1.776e+8,4.313e-10
289,1.650e+8,2.366e+6,1.627e+8,6.679e-11
289.1,1.604e+8,2.756e+6,1.577e+8,9.730e-12
289.2,1.643e+8,3.141e+6,1.612e+8,1.333e-12
289.3,1.732e+8,3.499e+6,1.697e+8,1.719e-13
289.4,1.828e+8,3.807e+6,1.790e+8,2.084e-14
289.5,1.889e+8,4.048e+6,1.848e+8,
289.6,1.883e+8,4.208e+6,1.840e+8,
289.7,1.796e+8,4.286e+6,1.753e+8,
289.8,1.635e+8,4.284e+6,1.592e+8,
289.9,1.418e+8,4.213e+6,1.376e+8,
290,1.175e+8,4.085e+6,1.134e+8,
290.1,9.340e+7,3.915e+6,8.948e+7,
290.2,7.182e+7,3.720e+6,6.810e+7,
290.3,5.421e+7,3.516e+6,5.069e+7,
290.4,4.105e+7,3.321e+6,3.773e+7,
290.5,3.210e+7,3.147e+6,2.896e+7,
290.6,2.664e+7,3.004e+6,2.363e+7,
290.7,2.375e+7,2.902e+6,2.085e+7,
290.8,2.256e+7,2.857e+6,1.970e+7,
290.9,2.235e+7,2.897e+6,1.945e+7,
291,2.262e+7,3.066e+6,1.956e+7,
291.1,2.312e+7,3.416e+6,1.970e+7,
291.2,2.380e+7,4.002e+6,1.980e+7,
291.3,2.484e+7,4.856e+6,1.998e+7,
291.4,2.657e+7,5.980e+6,2.059e+7,
291.5,2.951e+7,7.334e+6,2.218e+7,
291.6,3.435e+7,8.839e+6,2.551e+7,
291.7,4.197e+7,1.039e+7,3.157e+7,
291.8,5.343e+7,1.189e+7,4.154e+7,
291.9,6.984e+7,1.323e+7,5.661e+7,
292,9.211e+7,1.434e+7,7.777e+7,
292.1,1.205e+8,1.517e+7,1.053e+8,
292.2,1.540e+8,1.569e+7,1.383e+8,
292.3,1.904e+8,1.591e+7,1.745e+8,
292.4,2.259e+8,1.584e+7,2.101e+8,
292.5,2.558e+8,1.550e+7,2.403e+8,
292.6,2.755e+8,1.494e+7,2.606e+8,
292.7,2.817e+8,1.420e+7,2.675e+8,
292.8,2.730e+8,1.334e+7,2.597e+8,
292.9,2.510e+8,1.242e+7,2.386e+8,
293,2.193e+8,1.151e+7,2.078e+8,
293.1,1.828e+8,1.068e+7,1.721e+8,
293.2,1.470e+8,9.989e+6,1.370e+8,
293.3,1.166e+8,9.466e+6,1.071e+8,
293.4,9.492e+7,9.092e+6,8.583e+7,
293.5,8.415e+7,8.807e+6,7.534e+7,
293.6,8.534e+7,8.530e+6,7.681e+7,
293.7,9.890e+7,8.191e+6,9.071e+7,
293.8,1.247e+8,7.762e+6,1.170e+8,
293.9,1.624e+8,7.276e+6,1.551e+8,
294,2.107e+8,6.827e+6,2.038e+8,
294.1,2.676e+8,6.540e+6,2.611e+8,
294.2,3.302e+8,6.531e+6,3.236e+8,
294.3,3.944e+8,6.873e+6,3.875e+8,
294.4,4.556e+8,7.567e+6,4.481e+8,
294.5,5.091e+8,8.541e+6,5.005e+8,
294.6,5.505e+8,9.671e+6,5.408e+8,
294.7,5.768e+8,1.081e+7,5.660e+8,
294.8,5.864e+8,1.184e+7,5.746e+8,
294.9,5.797e+8,1.268e+7,5.670e+8,
295,5.583e+8,1.330e+7,5.450e+8,
295.1,5.248e+8,1.371e+7,5.111e+8,
295.2,4.822e+8,1.395e+7,4.683e+8,
295.3,4.332e+8,1.406e+7,4.192e+8,
295.4,3.803e+8,1.406e+7,3.663e+8,
295.5,3.257e+8,1.399e+7,3.117e+8,
295.6,2.715e+8,1.390e+7,2.576e+8,
295.7,2.199e+8,1.382e+7,2.060e+8,
295.8,1.731e+8,1.386e+7,1.593e+8,
295.9,1.333e+8,1.411e+7,1.192e+8,
296,1.020e+8,1.467e+7,8.728e+7,
296.1,7.987e+7,1.564e+7,6.423e+7,
296.2,6.707e+7,1.703e+7,5.004e+7,
296.3,6.281e+7,1.881e+7,4.400e+7,
296.4,6.569e+7,2.083e+7,4.486e+7,
296.5,7.384e+7,2.290e+7,5.093e+7,
296.6,8.502e+7,2.480e+7,6.023e+7,
296.7,9.690e+7,2.631e+7,7.059e+7,
296.8,1.072e+8,2.727e+7,7.997e+7,
296.9,1.143e+8,2.760e+7,8.671e+7,
297,1.172e+8,2.729e+7,8.995e+7,2.777e-13
297.1,1.164e+8,2.638e+7,9.000e+7,9.084e-12
297.2,1.135e+8,2.496e+7,8.855e+7,6.469e-11
297.3,1.120e+8,2.316e+7,8.881e+7,4.359e-10
297.4,1.165e+8,2.116e+7,9.535e+7,2.779e-9
297.5,1.330e+8,1.915e+7,1.139e+8,1.677e-8
297.6,1.680e+8,1.737e+7,1.507e+8,9.573e-8
297.7,2.274e+8,1.599e+7,2.114e+8,5.171e-7
297.8,3.155e+8,1.515e+7,3.003e+8,2.643e-6
297.9,4.328e+8,1.486e+7,4.180e+8,1.279e-5
298,5.751e+8,1.504e+7,5.600e+8,5.852e-5
298.1,7.318e+8,1.550e+7,7.163e+8,2.535e-4
298.2,8.870e+8,1.600e+7,8.710e+8,1.039e-3
298.3,1.021e+9,1.634e+7,1.005e+9,4.028e-3
298.4,1.116e+9,1.639e+7,1.100e+9,1.478e-2
298.5,1.156e+9,1.616e+7,1.140e+9,5.133e-2
298.6,1.135e+9,1.573e+7,1.119e+9,1.687e-1
298.7,1.057e+9,1.528e+7,1.041e+9,5.247e-1
298.8,9.326e+8,1.501e+7,9.176e+8,1.544e+0
298.9,7.813e+8,1.504e+7,7.662e+8,4.302e+0
299,6.225e+8,1.546e+7,6.071e+8,1.134e+1
299.1,4.741e+8,1.623e+7,4.579e+8,2.832e+1
299.2,3.489e+8,1.725e+7,3.317e+8,6.692e+1
299.3,2.541e+8,1.839e+7,2.357e+8,1.498e+2
299.4,1.918e+8,1.952e+7,1.723e+8,3.176e+2
299.5,1.604e+8,2.056e+7,1.398e+8,6.381e+2
299.6,1.560e+8,2.142e+7,1.346e+8,1.216e+3
299.7,1.734e+8,2.206e+7,1.514e+8,2.199e+3
299.8,2.066e+8,2.244e+7,1.841e+8,3.776e+3
299.9,2.486e+8,2.250e+7,2.261e+8,6.170e+3
300,2.921e+8,2.222e+7,2.699e+8,9.604e+3
300.1,3.296e+8,2.159e+7,3.080e+8,1.428e+4
300.2,3.546e+8,2.067e+7,3.339e+8,2.032e+4
300.3,3.625e+8,1.958e+7,3.429e+8,2.778e+4
300.4,3.519e+8,1.845e+7,3.334e+8,3.660e+4
300.5,3.243e+8,1.743e+7,3.068e+8,4.661e+4
300.6,2.837e+8,1.658e+7,2.671e+8,5.756e+4
300.7,2.360e+8,1.595e+7,2.199e+8,6.904e+4
300.8,1.870e+8,1.554e+7,1.714e+8,8.050e+4
300.9,1.418e+8,1.535e+7,1.263e+8,9.117e+4
301,1.037e+8,1.550e+7,8.808e+7,1.001e+5
301.1,7.439e+7,1.618e+7,5.811e+7,1.062e+5
301.2,5.409e+7,1.771e+7,3.627e+7,1.086e+5
301.3,4.199e+7,2.047e+7,2.141e+7,1.066e+5
301.4,3.681e+7,2.475e+7,1.196e+7,1.002e+5
301.5,3.709e+7,3.068e+7,6.322e+6,8.997e+4
301.6,4.132e+7,3.808e+7,3.161e+6,7.694e+4
301.7,4.798e+7,4.643e+7,1.495e+6,6.258e+4
301.8,5.559e+7,5.488e+7,6.699e+5,4.836e+4
301.9,6.273e+7,6.241e+7,2.858e+5,3.546e+4
302,6.818e+7,6.803e+7,1.202e+5,2.466e+4
302.1,7.107e+7,7.099e+7,5.961e+4,1.625e+4
302.2,7.102e+7,7.095e+7,5.396e+4,1.015e+4
302.3,6.811e+7,6.802e+7,8.984e+4,6.003e+3
302.4,6.289e+7,6.271e+7,1.776e+5,3.362e+3
302.5,5.615e+7,5.580e+7,3.469e+5,1.783e+3
302.6,4.879e+7,4.814e+7,6.463e+5,8.951e+2
302.7,4.163e+7,4.049e+7,1.142e+6,4.253e+2
302.8,3.533e+7,3.341e+7,1.911e+6,1.913e+2
302.9,3.031e+7,2.728e+7,3.030e+6,8.146e+1
303,2.680e+7,2.225e+7,4.550e+6,3.283e+1
303.1,2.480e+7,1.833e+7,6.474e+6,1.252e+1
303.2,2.415e+7,1.542e+7,8.727e+6,4.519e+0
303.3,2.451e+7,1.337e+7,1.115e+7,1.544e+0
303.4,2.546e+7,1.197e+7,1.350e+7,4.993e-1
303.5,2.651e+7,1.101e+7,1.550e+7,1.528e-1
303.6,2.721e+7,1.029e+7,1.691e+7,4.425e-2
303.7,2.725e+7,9.685e+6,1.757e+7,1.213e-2
303.8,2.656e+7,9.105e+6,1.745e+7,3.147e-3
303.9,2.527e+7,8.558e+6,1.672e+7,7.727e-4
304,2.376e+7,8.111e+6,1.565e+7,1.795e-4
304.1,2.248e+7,7.865e+6,1.461e+7,3.949e-5
304.2,2.189e+7,7.911e+6,1.398e+7,8.219e-6
304.3,2.231e+7,8.291e+6,1.402e+7,1.619e-6
304.4,2.382e+7,8.972e+6,1.485e+7,3.018e-7
304.5,2.628e+7,9.854e+6,1.643e+7,5.326e-8
304.6,2.936e+7,1.079e+7,1.856e+7,8.893e-9
304.7,3.261e+7,1.164e+7,2.097e+7,1.405e-9
304.8,3.568e+7,1.231e+7,2.337e+7,2.102e-10
304.9,3.832e+7,1.277e+7,2.554e+7,2.976e-11
305,4.053e+7,1.309e+7,2.743e+7,3.987e-12
305.1,4.254e+7,1.340e+7,2.914e+7,
305.2,4.473e+7,1.381e+7,3.092e+7,
305.3,4.755e+7,1.442e+7,3.313e+7,
305.4,5.137e+7,1.522e+7,3.615e+7,
305.5,5.641e+7,1.611e+7,4.031e+7,
305.6,6.263e+7,1.693e+7,4.570e+7,
305.7,6.966e+7,1.750e+7,5.216e+7,
305.8,7.686e+7,1.767e+7,5.919e+7,
305.9,8.339e+7,1.739e+7,6.601e+7,
306,8.834e+7,1.669e+7,7.166e+7,
306.1,9.092e+7,1.569e+7,7.524e+7,
306.2,9.070e+7,1.456e+7,7.614e+7,
306.3,8.770e+7,1.344e+7,7.426e+7,
306.4,8.250e+7,1.242e+7,7.008e+7,
306.5,7.616e+7,1.155e+7,6.462e+7,
306.6,7.005e+7,1.078e+7,5.927e+7,
306.7,6.565e+7,1.007e+7,5.558e+7,
306.8,6.434e+7,9.371e+6,5.497e+7,
306.9,6.718e+7,8.671e+6,5.851e+7,
307,7.478e+7,7.991e+6,6.679e+7,
307.1,8.710e+7,7.376e+6,7.972e+7,
307.2,1.034e+8,6.867e+6,9.655e+7,
307.3,1.223e+8,6.482e+6,1.158e+8,
307.4,1.415e+8,6.211e+6,1.353e+8,
307.5,1.587e+8,6.016e+6,1.526e+8,
307.6,1.712e+8,5.850e+6,1.654e+8,
307.7,1.772e+8,5.673e+6,1.715e+8,
307.8,1.755e+8,5.460e+6,1.700e+8,
307.9,1.661e+8,5.208e+6,1.608e+8,
308,1.501e+8,4.929e+6,1.451e+8,
308.1,1.295e+8,4.639e+6,1.248e+8,
308.2,1.066e+8,4.350e+6,1.023e+8,
308.3,8.394e+7,4.069e+6,7.987e+7,
308.4,6.319e+7,3.796e+6,5.939e+7,
308.5,4.559e+7,3.535e+6,4.206e+7,
308.6,3.165e+7,3.295e+6,2.836e+7,
308.7,2.130e+7,3.093e+6,1.820e+7,
308.8,1.408e+7,2.955e+6,1.112e+7,
308.9,9.376e+6,2.910e+6,6.466e+6,
309,6.565e+6,2.988e+6,3.578e+6,
309.1,5.101e+6,3.218e+6,1.883e+6,
309.2,4.567e+6,3.624e+6,9.430e+5,
309.3,4.668e+6,4.219e+6,4.491e+5,
309.4,5.201e+6,4.998e+6,2.034e+5,
309.5,6.012e+6,5.924e+6,8.760e+4,
309.6,6.965e+6,6.929e+6,3.586e+4,
309.7,7.921e+6,7.907e+6,1.395e+4,
309.8,8.737e+6,8.731e+6,5.161e+3,
309.9,9.279e+6,9.277e+6,1.814e+3,
310,9.446e+6,9.445e+6,6.056e+2,
310.1,9.190e+6,9.190e+6,1.921e+2,
310.2,8.529e+6,8.529e+6,5.787e+1,
310.3,7.542e+6,7.541e+6,1.656e+1,
310.4,6.348e+6,6.348e+6,4.501e+0,
310.5,5.085e+6,5.085e+6,1.161e+0,
310.6,3.877e+6,3.877e+6,2.846e-1,
310.7,2.816e+6,2.816e+6,6.620e-2,
310.8,1.956e+6,1.956e+6,1.462e-2,
310.9,1.310e+6,1.310e+6,3.065e-3,
311,8.662e+5,8.662e+5,6.098e-4,
311.1,5.923e+5,5.923e+5,1.152e-4,
311.2,4.524e+5,4.524e+5,2.065e-5,
311.3,4.113e+5,4.113e+5,3.512e-6,
311.4,4.387e+5,4.387e+5,5.675e-7,
311.5,5.100e+5,5.100e+5,9.000e-8,
311.6,6.055e+5,6.055e+5,5.629e-8,
311.7,7.105e+5,7.105e+5,2.771e-7,
311.8,8.143e+5,8.143e+5,1.664e-6,
311.9,9.103e+5,9.103e+5,9.525e-6,
312,9.959e+5,9.959e+5,5.197e-5,
312.1,1.071e+6,1.071e+6,2.702e-4,
312.2,1.138e+6,1.138e+6,1.339e-3,
312.3,1.200e+6,1.200e+6,6.325e-3,
312.4,1.257e+6,1.257e+6,2.847e-2,
312.5,1.313e+6,1.313e+6,1.221e-1,
312.6,1.366e+6,1.366e+6,4.987e-1,
312.7,1.416e+6,1.416e+6,1.941e+0,
312.8,1.463e+6,1.463e+6,7.196e+0,
312.9,1.503e+6,1.503e+6,2.541e+1,
313,1.532e+6,1.532e+6,8.547e+1,
313.1,1.548e+6,1.547e+6,2.738e+2,
313.2,1.547e+6,1.547e+6,8.350e+2,
313.3,1.535e+6,1.532e+6,2.425e+3,
313.4,1.519e+6,1.512e+6,6.706e+3,
313.5,1.520e+6,1.503e+6,1.765e+4,
313.6,1.567e+6,1.523e+6,4.423e+4,
313.7,1.697e+6,1.592e+6,1.055e+5,
313.8,1.962e+6,1.722e+6,2.396e+5,
313.9,2.431e+6,1.913e+6,5.176e+5,
314,3.215e+6,2.150e+6,1.064e+6,
314.1,4.486e+6,2.403e+6,2.083e+6,
314.2,6.515e+6,2.636e+6,3.879e+6,
314.3,9.687e+6,2.814e+6,6.873e+6,
314.4,1.450e+7,2.915e+6,1.159e+7,
314.5,2.153e+7,2.937e+6,1.859e+7,
314.6,3.127e+7,2.902e+6,2.837e+7,
314.7,4.404e+7,2.852e+6,4.119e+7,
314.8,5.974e+7,2.839e+6,5.690e+7,
314.9,7.768e+7,2.913e+6,7.477e+7,
315,9.658e+7,3.112e+6,9.347e+7,
315.1,1.146e+8,3.448e+6,1.112e+8,
315.2,1.297e+8,3.908e+6,1.258e+8,
315.3,1.400e+8,4.450e+6,1.355e+8,
315.4,1.440e+8,5.016e+6,1.390e+8,
315.5,1.414e+8,5.537e+6,1.359e+8,
315.6,1.329e+8,5.949e+6,1.270e+8,
315.7,1.200e+8,6.202e+6,1.138e+8,
315.8,1.050e+8,6.268e+6,9.873e+7,
315.9,9.027e+7,6.145e+6,8.413e+7,
316,7.797e+7,5.853e+6,7.212e+7,
316.1,6.959e+7,5.430e+6,6.417e+7,
316.2,6.581e+7,4.925e+6,6.089e+7,
316.3,6.642e+7,4.391e+6,6.203e+7,
316.4,7.049e+7,3.875e+6,6.661e+7,
316.5,7.661e+7,3.420e+6,7.319e+7,
316.6,8.324e+7,3.057e+6,8.018e+7,
316.7,8.903e+7,2.811e+6,8.622e+7,
316.8,9.317e+7,2.695e+6,9.047e+7,
316.9,9.547e+7,2.715e+6,9.276e+7,
317,9.645e+7,2.873e+6,9.357e+7,
317.1,9.703e+7,3.162e+6,9.387e+7,
317.2,9.829e+7,3.571e+6,9.472e+7,
317.3,1.010e+8,4.082e+6,9.693e+7,
317.4,1.054e+8,4.665e+6,1.007e+8,
317.5,1.110e+8,5.284e+6,1.057e+8,
317.6,1.166e+8,5.890e+6,1.107e+8,
317.7,1.207e+8,6.429e+6,1.143e+8,
317.8,1.220e+8,6.849e+6,1.152e+8,
317.9,1.194e+8,7.107e+6,1.123e+8,
318,1.126e+8,7.179e+6,1.055e+8,
318.1,1.020e+8,7.071e+6,9.496e+7,
318.2,8.864e+7,6.817e+6,8.182e+7,
318.3,7.387e+7,6.480e+6,6.739e+7,
318.4,5.915e+7,6.144e+6,5.300e+7,
318.5,4.569e+7,5.897e+6,3.979e+7,
318.6,3.433e+7,5.818e+6,2.851e+7,
318.7,2.546e+7,5.965e+6,1.949e+7,
318.8,1.908e+7,6.363e+6,1.272e+7,
318.9,1.492e+7,7.003e+6,7.916e+6,
319,1.254e+7,7.839e+6,4.701e+6,
319.1,1.146e+7,8.800e+6,2.664e+6,
319.2,1.123e+7,9.790e+6,1.440e+6,
319.3,1.145e+7,1.071e+7,7.428e+5,
319.4,1.182e+7,1.146e+7,3.655e+5,
319.5,1.213e+7,1.196e+7,1.716e+5,
319.6,1.223e+7,1.216e+7,7.686e+4,
319.7,1.209e+7,1.205e+7,3.283e+4,
319.8,1.169e+7,1.167e+7,1.338e+4,
319.9,1.109e+7,1.109e+7,5.200e+3,
320,1.041e+7,1.040e+7,1.929e+3,
320.1,9.741e+6,9.741e+6,6.873e+2,
320.2,9.224e+6,9.224e+6,2.513e+2,
320.3,8.973e+6,8.972e+6,1.476e+2,
320.4,9.085e+6,9.084e+6,2.619e+2,
320.5,9.631e+6,9.630e+6,7.457e+2,
320.6,1.064e+7,1.064e+7,2.178e+3,
320.7,1.211e+7,1.211e+7,6.107e+3,
320.8,1.398e+7,1.396e+7,1.633e+4,
320.9,1.614e+7,1.610e+7,4.164e+4,
321,1.848e+7,1.838e+7,1.012e+5,
321.1,2.085e+7,2.061e+7,2.343e+5,
321.2,2.318e+7,2.266e+7,5.173e+5,
321.3,2.549e+7,2.440e+7,1.088e+6,
321.4,2.797e+7,2.579e+7,2.183e+6,
321.5,3.100e+7,2.682e+7,4.172e+6,
321.6,3.520e+7,2.760e+7,7.602e+6,
321.7,4.142e+7,2.822e+7,1.320e+7,
321.8,5.065e+7,2.880e+7,2.185e+7,
321.9,6.389e+7,2.942e+7,3.447e+7,
322,8.195e+7,3.011e+7,5.184e+7,
322.1,1.051e+8,3.083e+7,7.429e+7,
322.2,1.330e+8,3.149e+7,1.015e+8,
322.3,1.641e+8,3.196e+7,1.321e+8,
322.4,1.961e+8,3.212e+7,1.640e+8,
322.5,2.258e+8,3.184e+7,1.940e+8,
322.6,2.498e+8,3.106e+7,2.187e+8,
322.7,2.648e+8,2.976e+7,2.351e+8,
322.8,2.688e+8,2.799e+7,2.408e+8,
322.9,2.609e+8,2.585e+7,2.351e+8,
323,2.422e+8,2.346e+7,2.187e+8,
323.1,2.150e+8,2.097e+7,1.940e+8,
323.2,1.825e+8,1.850e+7,1.640e+8,
323.3,1.483e+8,1.617e+7,1.321e+8,
323.4,1.156e+8,1.406e+7,1.015e+8,
323.5,8.652e+7,1.222e+7,7.429e+7,
323.6,6.251e+7,1.068e+7,5.184e+7,
323.7,4.390e+7,9.429e+6,3.447e+7,
323.8,3.031e+7,8.454e+6,2.185e+7,
323.9,2.093e+7,7.719e+6,1.321e+7,
324,1.480e+7,7.180e+6,7.620e+6,
324.1,1.100e+7,6.786e+6,4.215e+6,
324.2,8.768e+6,6.489e+6,2.280e+6,
324.3,7.543e+6,6.244e+6,1.300e+6,
324.4,6.976e+6,6.021e+6,9.557e+5,
324.5,6.905e+6,5.803e+6,1.102e+6,
324.6,7.327e+6,5.588e+6,1.740e+6,
324.7,8.376e+6,5.383e+6,2.993e+6,
324.8,1.029e+7,5.200e+6,5.088e+6,
324.9,1.337e+7,5.046e+6,8.320e+6,
325,1.792e+7,4.918e+6,1.301e+7,
325.1,2.420e+7,4.802e+6,1.940e+7,
325.2,3.229e+7,4.675e+6,2.762e+7,
325.3,4.201e+7,4.509e+6,3.750e+7,
325.4,5.287e+7,4.283e+6,4.859e+7,
325.5,6.404e+7,3.991e+6,6.005e+7,
325.6,7.445e+7,3.642e+6,7.081e+7,
325.7,8.292e+7,3.266e+6,7.966e+7,
325.8,8.839e+7,2.901e+6,8.548e+7,
325.9,9.011e+7,2.590e+6,8.752e+7,
326,8.785e+7,2.370e+6,8.548e+7,
326.1,8.192e+7,2.263e+6,7.966e+7,
326.2,7.309e+7,2.274e+6,7.081e+7,
326.3,6.244e+7,2.390e+6,6.005e+7,
326.4,5.117e+7,2.583e+6,4.859e+7,
326.5,4.032e+7,2.818e+6,3.750e+7,
326.6,3.067e+7,3.057e+6,2.762e+7,
326.7,2.267e+7,3.267e+6,1.940e+7,
326.8,1.642e+7,3.421e+6,1.300e+7,
326.9,1.182e+7,3.506e+6,8.314e+6,
327,8.592e+6,3.521e+6,5.071e+6,
327.1,6.431e+6,3.480e+6,2.951e+6,
327.2,5.046e+6,3.407e+6,1.638e+6,
327.3,4.203e+6,3.335e+6,8.677e+5,
327.4,3.737e+6,3.298e+6,4.385e+5,
327.5,3.539e+6,3.327e+6,2.114e+5,
327.6,3.543e+6,3.446e+6,9.720e+4,
327.7,3.707e+6,3.665e+6,4.264e+4,
327.8,4.002e+6,3.984e+6,1.785e+4,
327.9,4.399e+6,4.392e+6,7.127e+3,
328,4.875e+6,4.872e+6,2.715e+3,
328.1,5.400e+6,5.399e+6,9.866e+2,
328.2,5.948e+6,5.948e+6,3.421e+2,
328.3,6.490e+6,6.489e+6,1.131e+2,
328.4,6.992e+6,6.992e+6,3.570e+1,
328.5,7.422e+6,7.422e+6,1.075e+1,
328.6,7.746e+6,7.746e+6,3.087e+0,
328.7,7.937e+6,7.937e+6,8.457e-1,
328.8,7.971e+6,7.971e+6,2.211e-1,
328.9,7.837e+6,7.837e+6,5.513e-2,
329,7.538e+6,7.538e+6,1.311e-2,
329.1,7.092e+6,7.092e+6,2.976e-3,
329.2,6.533e+6,6.533e+6,6.445e-4,
329.3,5.909e+6,5.909e+6,1.331e-4,
329.4,5.284e+6,5.284e+6,2.623e-5,
329.5,4.730e+6,4.730e+6,4.932e-6,
329.6,4.325e+6,4.325e+6,8.846e-7,
329.7,4.141e+6,4.141e+6,1.514e-7,
329.8,4.235e+6,4.235e+6,2.471e-8,
329.9,4.637e+6,4.637e+6,1.810e-9,
330,5.336e+6,5.336e+6,,
330.1,6.280e+6,6.280e+6,,
330.2,7.371e+6,7.371e+6,,
330.3,8.479e+6,8.479e+6,,
330.4,9.464e+6,9.464e+6,,
330.5,1.019e+7,1.019e+7,,
330.6,1.057e+7,1.057e+7,,
330.7,1.056e+7,1.056e+7,,
330.8,1.018e+7,1.018e+7,,
330.9,9.503e+6,9.503e+6,,
331,8.626e+6,8.626e+6,,
331.1,7.664e+6,7.664e+6,,
331.2,6.716e+6,6.716e+6,,
331.3,5.851e+6,5.851e+6,,
331.4,5.108e+6,5.108e+6,,
331.5,4.495e+6,4.495e+6,,
331.6,4.003e+6,4.003e+6,,
331.7,3.615e+6,3.615e+6,,
331.8,3.312e+6,3.312e+6,,
331.9,3.080e+6,3.080e+6,,
332,2.907e+6,2.907e+6,,
332.1,2.783e+6,2.783e+6,,
332.2,2.696e+6,2.696e+6,,
332.3,2.632e+6,2.632e+6,,
332.4,2.577e+6,2.577e+6,,
332.5,2.513e+6,2.513e+6,,
332.6,2.429e+6,2.429e+6,,
332.7,2.313e+6,2.313e+6,,
332.8,2.162e+6,2.162e+6,,
332.9,1.976e+6,1.976e+6,,
333,1.759e+6,1.759e+6,,
333.1,1.522e+6,1.522e+6,,
333.2,1.276e+6,1.276e+6,,
333.3,1.035e+6,1.035e+6,,
333.4,8.102e+5,8.102e+5,,
333.5,6.113e+5,6.113e+5,,
333.6,4.440e+5,4.440e+5,,
333.7,3.104e+5,3.104e+5,,
333.8,2.092e+5,2.092e+5,,
333.9,1.371e+5,1.371e+5,,
334,8.971e+4,8.971e+4,,
334.1,6.301e+4,6.301e+4,,
334.2,5.395e+4,5.395e+4,,
334.3,6.114e+4,6.114e+4,,
334.4,8.489e+4,8.489e+4,,
334.5,1.269e+5,1.269e+5,,
334.6,1.896e+5,1.896e+5,,
334.7,2.747e+5,2.747e+5,,
334.8,3.825e+5,3.825e+5,,
334.9,5.103e+5,5.103e+5,,
335,6.516e+5,6.516e+5,,
335.1,7.961e+5,7.961e+5,,
335.2,9.310e+5,9.310e+5,,
335.3,1.043e+6,1.043e+6,,
335.4,1.119e+6,1.119e+6,,
335.5,1.154e+6,1.154e+6,,
335.6,1.147e+6,1.147e+6,,
335.7,1.107e+6,1.107e+6,,
335.8,1.051e+6,1.051e+6,,
335.9,1.002e+6,1.002e+6,,
336,9.870e+5,9.870e+5,,
336.1,1.032e+6,1.032e+6,,
336.2,1.159e+6,1.159e+6,,
336.3,1.382e+6,1.382e+6,,
336.4,1.700e+6,1.700e+6,,
336.5,2.101e+6,2.101e+6,,
336.6,2.554e+6,2.554e+6,,
336.7,3.018e+6,3.018e+6,,
336.8,3.445e+6,3.445e+6,,
336.9,3.785e+6,3.785e+6,,
337,4.001e+6,4.001e+6,,
337.1,4.069e+6,4.069e+6,,
337.2,3.988e+6,3.988e+6,,
337.3,3.774e+6,3.774e+6,,
337.4,3.463e+6,3.463e+6,,
337.5,3.094e+6,3.094e+6,,
337.6,2.708e+6,2.708e+6,,
337.7,2.339e+6,2.339e+6,,
337.8,2.006e+6,2.006e+6,,
337.9,1.721e+6,1.721e+6,,
338,1.484e+6,1.484e+6,,
338.1,1.291e+6,1.291e+6,,
338.2,1.141e+6,1.141e+6,,
338.3,1.031e+6,1.031e+6,,
338.4,9.669e+5,9.669e+5,,
338.5,9.525e+5,9.525e+5,,
338.6,9.940e+5,9.940e+5,,
338.7,1.095e+6,1.095e+6,,
338.8,1.255e+6,1.255e+6,,
338.9,1.470e+6,1.470e+6,,
339,1.732e+6,1.732e+6,,
339.1,2.033e+6,2.033e+6,,
339.2,2.367e+6,2.367e+6,,
339.3,2.732e+6,2.732e+6,,
339.4,3.134e+6,3.134e+6,,
339.5,3.584e+6,3.584e+6,,
339.6,4.098e+6,4.098e+6,,
339.7,4.693e+6,4.693e+6,,
339.8,5.382e+6,5.382e+6,,
339.9,6.172e+6,6.172e+6,,
340,7.054e+6,7.054e+6,,
340.1,8.005e+6,8.005e+6,,
340.2,8.982e+6,8.982e+6,,
340.3,9.928e+6,9.928e+6,,
340.4,1.078e+7,1.078e+7,,
340.5,1.146e+7,1.146e+7,,
340.6,1.191e+7,1.191e+7,,
340.7,1.210e+7,1.210e+7,,
340.8,1.202e+7,1.202e+7,,
340.9,1.169e+7,1.169e+7,,
341,1.115e+7,1.115e+7,,
341.1,1.048e+7,1.048e+7,,
341.2,9.741e+6,9.741e+6,,
341.3,9.025e+6,9.025e+6,,
341.4,8.394e+6,8.394e+6,,
341.5,7.905e+6,7.905e+6,,
341.6,7.596e+6,7.596e+6,,
341.7,7.492e+6,7.492e+6,,
341.8,7.601e+6,7.601e+6,,
341.9,7.913e+6,7.913e+6,,
342,8.401e+6,8.401e+6,,
342.1,9.015e+6,9.015e+6,,
342.2,9.686e+6,9.686e+6,,
342.3,1.033e+7,1.033e+7,,
342.4,1.085e+7,1.085e+7,,
342.5,1.117e+7,1.117e+7,,
342.6,1.122e+7,1.122e+7,,
342.7,1.098e+7,1.098e+7,,
342.8,1.046e+7,1.046e+7,,
342.9,9.755e+6,9.755e+6,,
343,8.960e+6,8.960e+6,,
343.1,8.215e+6,8.215e+6,,
343.2,7.659e+6,7.659e+6,,
343.3,7.411e+6,7.411e+6,,
343.4,7.546e+6,7.546e+6,,
343.5,8.085e+6,8.085e+6,,
343.6,8.982e+6,8.982e+6,,
343.7,1.013e+7,1.013e+7,,
343.8,1.139e+7,1.139e+7,,
343.9,1.259e+7,1.259e+7,,
344,1.355e+7,1.355e+7,,
344.1,1.414e+7,1.414e+7,,
344.2,1.427e+7,1.427e+7,,
344.3,1.393e+7,1.393e+7,,
344.4,1.316e+7,1.316e+7,,
344.5,1.204e+7,1.204e+7,,
344.6,1.069e+7,1.069e+7,,
344.7,9.243e+6,9.243e+6,,
344.8,7.804e+6,7.804e+6,,
344.9,6.462e+6,6.462e+6,,
345,5.274e+6,5.274e+6,,
345.1,4.266e+6,4.266e+6,,
345.2,3.442e+6,3.442e+6,,
345.3,2.791e+6,2.791e+6,,
345.4,2.297e+6,2.297e+6,,
345.5,1.943e+6,1.943e+6,,
345.6,1.713e+6,1.713e+6,,
345.7,1.593e+6,1.593e+6,,
345.8,1.574e+6,1.574e+6,,
345.9,1.642e+6,1.642e+6,,
346,1.786e+6,1.786e+6,,
346.1,1.989e+6,1.989e+6,,
346.2,2.234e+6,2.234e+6,,
346.3,2.503e+6,2.503e+6,,
346.4,2.780e+6,2.780e+6,,
346.5,3.053e+6,3.053e+6,,
346.6,3.318e+6,3.318e+6,,
346.7,3.576e+6,3.576e+6,,
346.8,3.832e+6,3.832e+6,,
346.9,4.093e+6,4.093e+6,,
347,4.357e+6,4.357e+6,,
347.1,4.617e+6,4.617e+6,,
347.2,4.854e+6,4.854e+6,,
347.3,5.039e+6,5.039e+6,,
347.4,5.141e+6,5.141e+6,,
347.5,5.131e+6,5.131e+6,,
347.6,4.992e+6,4.992e+6,,
347.7,4.727e+6,4.727e+6,,
347.8,4.356e+6,4.356e+6,,
347.9,3.917e+6,3.917e+6,,
348,3.463e+6,3.463e+6,,
348.1,3.047e+6,3.047e+6,,
348.2,2.720e+6,2.720e+6,,
348.3,2.518e+6,2.518e+6,,
348.4,2.463e+6,2.463e+6,,
348.5,2.555e+6,2.555e+6,,
348.6,2.776e+6,2.776e+6,,
348.7,3.091e+6,3.091e+6,,
348.8,3.458e+6,3.458e+6,,
348.9,3.829e+6,3.829e+6,,
349,4.160e+6,4.160e+6,,
349.1,4.412e+6,4.412e+6,,
349.2,4.562e+6,4.562e+6,,
349.3,4.596e+6,4.596e+6,,
349.4,4.514e+6,4.514e+6,,
349.5,4.328e+6,4.328e+6,,
349.6,4.053e+6,4.053e+6,,
349.7,3.713e+6,3.713e+6,,
349.8,3.331e+6,3.331e+6,,
349.9,2.932e+6,2.932e+6,,
350,2.540e+6,2.540e+6,,
350.1,2.176e+6,2.176e+6,,
350.2,1.859e+6,1.859e+6,,
350.3,1.601e+6,1.601e+6,,
350.4,1.412e+6,1.412e+6,,
350.5,1.294e+6,1.294e+6,,
350.6,1.245e+6,1.245e+6,,
350.7,1.258e+6,1.258e+6,,
350.8,1.325e+6,1.325e+6,,
350.9,1.436e+6,1.436e+6,,
351,1.583e+6,1.583e+6,,
351.1,1.761e+6,1.761e+6,,
351.2,1.969e+6,1.969e+6,,
351.3,2.213e+6,2.213e+6,,
351.4,2.506e+6,2.506e+6,,
351.5,2.866e+6,2.866e+6,,
351.6,3.315e+6,3.315e+6,,
351.7,3.878e+6,3.878e+6,,
351.8,4.573e+6,4.573e+6,,
351.9,5.412e+6,5.412e+6,,
352,6.393e+6,6.393e+6,,
352.1,7.497e+6,7.497e+6,,
352.2,8.688e+6,8.688e+6,,
352.3,9.918e+6,9.918e+6,,
352.4,1.113e+7,1.113e+7,,
352.5,1.227e+7,1.227e+7,,
352.6,1.329e+7,1.329e+7,,
352.7,1.416e+7,1.416e+7,,
352.8,1.488e+7,1.488e+7,,
352.9,1.548e+7,1.548e+7,,
353,1.600e+7,1.600e+7,,
353.1,1.648e+7,1.648e+7,,
353.2,1.699e+7,1.699e+7,,
353.3,1.755e+7,1.755e+7,,
353.4,1.820e+7,1.820e+7,,
353.5,1.891e+7,1.891e+7,,
353.6,1.964e+7,1.964e+7,,
353.7,2.032e+7,2.032e+7,,
353.8,2.086e+7,2.086e+7,,
353.9,2.116e+7,2.116e+7,,
354,2.117e+7,2.117e+7,,
354.1,2.084e+7,2.084e+7,,
354.2,2.019e+7,2.019e+7,,
354.3,1.930e+7,1.930e+7,,
354.4,1.830e+7,1.830e+7,,
354.5,1.737e+7,1.737e+7,,
354.6,1.666e+7,1.666e+7,,
354.7,1.636e+7,1.636e+7,,
354.8,1.656e+7,1.656e+7,,
354.9,1.731e+7,1.731e+7,,
355,1.856e+7,1.856e+7,,
355.1,2.018e+7,2.018e+7,,
355.2,2.201e+7,2.201e+7,,
355.3,2.382e+7,2.382e+7,,
355.4,2.543e+7,2.543e+7,,
355.5,2.670e+7,2.670e+7,,
355.6,2.756e+7,2.756e+7,,
355.7,2.805e+7,2.805e+7,,
355.8,2.826e+7,2.826e+7,,
355.9,2.838e+7,2.838e+7,,
356,2.858e+7,2.858e+7,,
356.1,2.904e+7,2.904e+7,,
356.2,2.987e+7,2.987e+7,,
356.3,3.111e+7,3.111e+7,,
356.4,3.272e+7,3.272e+7,,
356.5,3.457e+7,3.457e+7,,
356.6,3.650e+7,3.650e+7,,
356.7,3.831e+7,3.831e+7,,
356.8,3.988e+7,3.988e+7,,
356.9,4.109e+7,4.109e+7,,
357,4.197e+7,4.197e+7,,
357.1,4.263e+7,4.263e+7,,
357.2,4.326e+7,4.326e+7,,
357.3,4.411e+7,4.411e+7,,
357.4,4.540e+7,4.540e+7,,
357.5,4.728e+7,4.728e+7,,
357.6,4.979e+7,4.979e+7,,
357.7,5.277e+7,5.277e+7,,
357.8,5.596e+7,5.596e+7,,
357.9,5.894e+7,5.894e+7,,
358,6.127e+7,6.127e+7,,
358.1,6.255e+7,6.255e+7,,
358.2,6.247e+7,6.247e+7,,
358.3,6.088e+7,6.088e+7,,
358.4,5.783e+7,5.783e+7,,
358.5,5.351e+7,5.351e+7,,
358.6,4.824e+7,4.824e+7,,
358.7,4.240e+7,4.240e+7,,
358.8,3.640e+7,3.640e+7,,
358.9,3.059e+7,3.059e+7,,
359,2.526e+7,2.526e+7,,
359.1,2.063e+7,2.063e+7,,
359.2,1.681e+7,1.681e+7,,
359.3,1.386e+7,1.386e+7,,
359.4,1.179e+7,1.179e+7,,
359.5,1.058e+7,1.058e+7,,
359.6,1.019e+7,1.019e+7,,
359.7,1.058e+7,1.058e+7,,
359.8,1.169e+7,1.169e+7,,
359.9,1.347e+7,1.347e+7,,
360,1.583e+7,1.583e+7,,
360.1,1.868e+7,1.868e+7,,
360.2,2.185e+7,2.185e+7,,
360.3,2.516e+7,2.516e+7,,
360.4,2.839e+7,2.839e+7,,
360.5,3.131e+7,3.131e+7,,
360.6,3.373e+7,3.373e+7,,
360.7,3.548e+7,3.548e+7,,
360.8,3.649e+7,3.649e+7,,
360.9,3.679e+7,3.679e+7,,
361,3.648e+7,3.648e+7,,
361.1,3.575e+7,3.575e+7,,
361.2,3.483e+7,3.483e+7,,
361.3,3.392e+7,3.392e+7,,
361.4,3.319e+7,3.319e+7,,
361.5,3.269e+7,3.269e+7,,
361.6,3.242e+7,3.242e+7,,
361.7,3.228e+7,3.228e+7,,
361.8,3.212e+7,3.212e+7,,
361.9,3.181e+7,3.181e+7,,
362,3.125e+7,3.125e+7,,
362.1,3.042e+7,3.042e+7,,
362.2,2.936e+7,2.936e+7,,
362.3,2.820e+7,2.820e+7,2.839e-10,
362.4,2.707e+7,2.707e+7,1.431e-9,
362.5,2.611e+7,2.611e+7,6.949e-9,
362.6,2.540e+7,2.540e+7,3.252e-8,
362.7,2.496e+7,2.496e+7,1.466e-7,
362.8,2.473e+7,2.473e+7,6.367e-7,
362.9,2.460e+7,2.460e+7,2.665e-6,
363,2.442e+7,2.442e+7,1.075e-5,
363.1,2.405e+7,2.405e+7,4.175e-5,
363.2,2.341e+7,2.341e+7,1.563e-4,
363.3,2.245e+7,2.245e+7,5.637e-4,
363.4,2.121e+7,2.121e+7,1.959e-3,
363.5,1.979e+7,1.979e+7,6.559e-3,
363.6,1.831e+7,1.831e+7,2.116e-2,
363.7,1.692e+7,1.692e+7,6.577e-2,
363.8,1.578e+7,1.578e+7,1.970e-1,
363.9,1.499e+7,1.499e+7,5.683e-1,
364,1.463e+7,1.463e+7,1.580e+0,
364.1,1.473e+7,1.473e+7,4.233e+0,
364.2,1.527e+7,1.527e+7,1.092e+1,
364.3,1.618e+7,1.618e+7,2.717e+1,
364.4,1.734e+7,1.734e+7,6.509e+1,
364.5,1.860e+7,1.860e+7,1.503e+2,
364.6,1.976e+7,1.976e+7,3.342e+2,
364.7,2.067e+7,2.067e+7,7.163e+2,
364.8,2.115e+7,2.115e+7,1.479e+3,
364.9,2.111e+7,2.111e+7,2.942e+3,
365,2.050e+7,2.049e+7,5.640e+3,
365.1,1.934e+7,1.933e+7,1.042e+4,
365.2,1.771e+7,1.769e+7,1.854e+4,
365.3,1.575e+7,1.572e+7,3.178e+4,
365.4,1.362e+7,1.357e+7,5.251e+4,
365.5,1.147e+7,1.139e+7,8.357e+4,
365.6,9.446e+6,9.318e+6,1.282e+5,
365.7,7.658e+6,7.468e+6,1.894e+5,
365.8,6.174e+6,5.904e+6,2.696e+5,
365.9,5.025e+6,4.655e+6,3.698e+5,
366,4.206e+6,3.717e+6,4.888e+5,
366.1,3.690e+6,3.067e+6,6.224e+5,
366.2,3.430e+6,2.667e+6,7.636e+5,
366.3,3.375e+6,2.472e+6,9.027e+5,
366.4,3.468e+6,2.439e+6,1.028e+6,
366.5,3.658e+6,2.530e+6,1.128e+6,
366.6,3.902e+6,2.709e+6,1.193e+6,
366.7,4.169e+6,2.953e+6,1.215e+6,
366.8,4.438e+6,3.245e+6,1.193e+6,
366.9,4.706e+6,3.578e+6,1.128e+6,
367,4.982e+6,3.954e+6,1.028e+6,
367.1,5.285e+6,4.382e+6,9.027e+5,
367.2,5.642e+6,4.879e+6,7.636e+5,
367.3,6.081e+6,5.458e+6,6.224e+5,
367.4,6.622e+6,6.134e+6,4.888e+5,
367.5,7.280e+6,6.910e+6,3.698e+5,
367.6,8.054e+6,7.784e+6,2.696e+5,
367.7,8.931e+6,8.741e+6,1.894e+5,
367.8,9.886e+6,9.758e+6,1.282e+5,
367.9,1.089e+7,1.080e+7,8.357e+4,
368,1.189e+7,1.184e+7,5.251e+4,
368.1,1.286e+7,1.282e+7,3.178e+4,
368.2,1.374e+7,1.372e+7,1.854e+4,
368.3,1.451e+7,1.450e+7,1.042e+4,
368.4,1.514e+7,1.513e+7,5.640e+3,
368.5,1.560e+7,1.560e+7,2.942e+3,
368.6,1.588e+7,1.588e+7,1.479e+3,
368.7,1.599e+7,1.599e+7,7.163e+2,
368.8,1.594e+7,1.594e+7,3.342e+2,
368.9,1.574e+7,1.574e+7,1.503e+2,
369,1.542e+7,1.542e+7,6.509e+1,
369.1,1.502e+7,1.502e+7,2.717e+1,
369.2,1.455e+7,1.455e+7,1.092e+1,
369.3,1.405e+7,1.405e+7,4.233e+0,
369.4,1.356e+7,1.356e+7,1.580e+0,
369.5,1.308e+7,1.308e+7,5.683e-1,
369.6,1.265e+7,1.265e+7,1.970e-1,
369.7,1.228e+7,1.228e+7,6.577e-2,
369.8,1.200e+7,1.200e+7,2.116e-2,
369.9,1.179e+7,1.179e+7,6.559e-3,
370,1.168e+7,1.168e+7,1.959e-3,
370.1,1.163e+7,1.163e+7,5.637e-4,
370.2,1.165e+7,1.165e+7,1.563e-4,
370.3,1.169e+7,1.169e+7,4.175e-5,
370.4,1.175e+7,1.175e+7,1.075e-5,
370.5,1.178e+7,1.178e+7,2.665e-6,
370.6,1.178e+7,1.178e+7,6.367e-7,
370.7,1.174e+7,1.174e+7,1.466e-7,
370.8,1.168e+7,1.168e+7,3.252e-8,
370.9,1.163e+7,1.163e+7,6.949e-9,
371,1.164e+7,1.164e+7,1.431e-9,
371.1,1.176e+7,1.176e+7,2.839e-10,
371.2,1.205e+7,1.205e+7,5.427e-11,
371.3,1.254e+7,1.254e+7,,
371.4,1.324e+7,1.324e+7,,
371.5,1.415e+7,1.415e+7,,
371.6,1.521e+7,1.521e+7,,
371.7,1.635e+7,1.635e+7,,
371.8,1.749e+7,1.749e+7,,
371.9,1.857e+7,1.857e+7,,
372,1.955e+7,1.955e+7,,
372.1,2.042e+7,2.042e+7,,
372.2,2.125e+7,2.125e+7,,
372.3,2.214e+7,2.214e+7,,
372.4,2.322e+7,2.322e+7,,
372.5,2.466e+7,2.466e+7,,
372.6,2.658e+7,2.658e+7,,
372.7,2.908e+7,2.908e+7,,
372.8,3.218e+7,3.218e+7,,
372.9,3.581e+7,3.581e+7,,
373,3.980e+7,3.980e+7,,
373.1,4.390e+7,4.390e+7,,
373.2,4.778e+7,4.778e+7,,
373.3,5.113e+7,5.113e+7,,
373.4,5.367e+7,5.367e+7,,
373.5,5.519e+7,5.519e+7,,
373.6,5.563e+7,5.563e+7,,
373.7,5.508e+7,5.508e+7,,
373.8,5.372e+7,5.372e+7,,
373.9,5.187e+7,5.187e+7,,
374,4.985e+7,4.985e+7,,
374.1,4.797e+7,4.797e+7,,
374.2,4.645e+7,4.645e+7,,
374.3,4.540e+7,4.540e+7,,
374.4,4.480e+7,4.480e+7,,
374.5,4.454e+7,4.454e+7,,
374.6,4.441e+7,4.441e+7,,
374.7,4.420e+7,4.420e+7,,
374.8,4.375e+7,4.375e+7,,
374.9,4.293e+7,4.293e+7,,
375,4.173e+7,4.173e+7,,
375.1,4.021e+7,4.021e+7,,
375.2,3.850e+7,3.850e+7,,
375.3,3.676e+7,3.676e+7,,
375.4,3.515e+7,3.515e+7,,
375.5,3.379e+7,3.379e+7,,
375.6,3.276e+7,3.276e+7,,
375.7,3.208e+7,3.208e+7,,
375.8,3.170e+7,3.170e+7,,
375.9,3.155e+7,3.155e+7,,
376,3.150e+7,3.150e+7,,
376.1,3.144e+7,3.144e+7,,
376.2,3.123e+7,3.123e+7,,
376.3,3.076e+7,3.076e+7,,
376.4,2.993e+7,2.993e+7,,
376.5,2.868e+7,2.868e+7,,
376.6,2.698e+7,2.698e+7,,
376.7,2.486e+7,2.486e+7,,
376.8,2.239e+7,2.239e+7,,
376.9,1.968e+7,1.968e+7,,
377,1.685e+7,1.685e+7,,
377.1,1.405e+7,1.405e+7,,
377.2,1.140e+7,1.140e+7,,
377.3,9.025e+6,9.025e+6,,
377.4,6.981e+6,6.981e+6,,
377.5,5.310e+6,5.310e+6,,
377.6,4.016e+6,4.016e+6,,
377.7,3.075e+6,3.075e+6,,
377.8,2.447e+6,2.447e+6,,
377.9,2.086e+6,2.086e+6,,
378,1.940e+6,1.940e+6,,
378.1,1.966e+6,1.966e+6,,
378.2,2.122e+6,2.122e+6,,
378.3,2.378e+6,2.378e+6,,
378.4,2.708e+6,2.708e+6,,
378.5,3.096e+6,3.096e+6,,
378.6,3.533e+6,3.533e+6,,
378.7,4.015e+6,4.015e+6,,
378.8,4.545e+6,4.545e+6,,
378.9,5.129e+6,5.129e+6,,
379,5.773e+6,5.773e+6,,
379.1,6.479e+6,6.479e+6,,
379.2,7.245e+6,7.245e+6,,
379.3,8.059e+6,8.059e+6,,
379.4,8.901e+6,8.901e+6,,
379.5,9.744e+6,9.744e+6,,
379.6,1.056e+7,1.056e+7,,
379.7,1.131e+7,1.131e+7,,
379.8,1.199e+7,1.199e+7,,
379.9,1.256e+7,1.256e+7,,
380,1.304e+7,1.304e+7,,
380.1,1.343e+7,1.343e+7,,
380.2,1.374e+7,1.374e+7,,
380.3,1.404e+7,1.404e+7,,
380.4,1.436e+7,1.436e+7,,
380.5,1.480e+7,1.480e+7,,
380.6,1.542e+7,1.542e+7,,
380.7,1.634e+7,1.634e+7,,
380.8,1.763e+7,1.763e+7,,
380.9,1.938e+7,1.938e+7,,
381,2.164e+7,2.164e+7,,
381.1,2.441e+7,2.441e+7,,
381.2,2.763e+7,2.763e+7,,
381.3,3.120e+7,3.120e+7,,
381.4,3.496e+7,3.496e+7,,
381.5,3.872e+7,3.872e+7,,
381.6,4.229e+7,4.229e+7,,
381.7,4.546e+7,4.546e+7,,
381.8,4.808e+7,4.808e+7,,
381.9,5.003e+7,5.003e+7,,
382,5.126e+7,5.126e+7,,
382.1,5.175e+7,5.175e+7,,
382.2,5.154e+7,5.154e+7,,
382.3,5.069e+7,5.069e+7,,
382.4,4.930e+7,4.930e+7,,
382.5,4.745e+7,4.745e+7,,
382.6,4.524e+7,4.524e+7,,
382.7,4.278e+7,4.278e+7,,
382.8,4.018e+7,4.018e+7,,
382.9,3.754e+7,3.754e+7,,
383,3.498e+7,3.498e+7,,
383.1,3.259e+7,3.259e+7,,
383.2,3.047e+7,3.047e+7,,
383.3,2.867e+7,2.867e+7,,
383.4,2.723e+7,2.723e+7,,
383.5,2.611e+7,2.611e+7,,
383.6,2.528e+7,2.528e+7,,
383.7,2.464e+7,2.464e+7,,
383.8,2.411e+7,2.411e+7,,
383.9,2.356e+7,2.356e+7,,
384,2.292e+7,2.292e+7,,
384.1,2.212e+7,2.212e+7,,
384.2,2.111e+7,2.111e+7,,
384.3,1.991e+7,1.991e+7,,
384.4,1.853e+7,1.853e+7,,
384.5,1.704e+7,1.704e+7,,
384.6,1.552e+7,1.552e+7,,
384.7,1.403e+7,1.403e+7,,
384.8,1.266e+7,1.266e+7,,
384.9,1.146e+7,1.146e+7,,
385,1.048e+7,1.048e+7,,
385.1,9.745e+6,9.745e+6,,
385.2,9.260e+6,9.260e+6,,
385.3,9.010e+6,9.010e+6,,
385.4,8.963e+6,8.963e+6,,
385.5,9.070e+6,9.070e+6,,
385.6,9.271e+6,9.271e+6,,
385.7,9.506e+6,9.506e+6,,
385.8,9.712e+6,9.712e+6,,
385.9,9.839e+6,9.839e+6,,
386,9.854e+6,9.854e+6,,
386.1,9.739e+6,9.739e+6,,
386.2,9.499e+6,9.499e+6,,
386.3,9.156e+6,9.156e+6,,
386.4,8.742e+6,8.742e+6,,
386.5,8.298e+6,8.298e+6,,
386.6,7.866e+6,7.866e+6,,
386.7,7.480e+6,7.480e+6,,
386.8,7.168e+6,7.168e+6,,
386.9,6.945e+6,6.945e+6,,
387,6.817e+6,6.817e+6,,
387.1,6.778e+6,6.778e+6,,
387.2,6.817e+6,6.817e+6,,
387.3,6.915e+6,6.915e+6,,
387.4,7.055e+6,7.055e+6,,
387.5,7.219e+6,7.219e+6,,
387.6,7.393e+6,7.393e+6,,
387.7,7.568e+6,7.568e+6,,
387.8,7.741e+6,7.741e+6,,
387.9,7.910e+6,7.910e+6,,
388,8.078e+6,8.078e+6,,
388.1,8.245e+6,8.245e+6,,
388.2,8.410e+6,8.410e+6,,
388.3,8.566e+6,8.566e+6,,
388.4,8.700e+6,8.700e+6,,
388.5,8.795e+6,8.795e+6,,
388.6,8.834e+6,8.834e+6,,
388.7,8.801e+6,8.801e+6,,
388.8,8.686e+6,8.686e+6,,
388.9,8.490e+6,8.490e+6,,
389,8.224e+6,8.224e+6,,
389.1,7.906e+6,7.906e+6,,
389.2,7.564e+6,7.564e+6,,
389.3,7.226e+6,7.226e+6,,
389.4,6.919e+6,6.919e+6,,
389.5,6.661e+6,6.661e+6,,
389.6,6.463e+6,6.463e+6,,
389.7,6.321e+6,6.321e+6,,
389.8,6.221e+6,6.221e+6,,
389.9,6.140e+6,6.140e+6,,
390,6.050e+6,6.050e+6,,
390.1,5.923e+6,5.923e+6,,
390.2,5.737e+6,5.737e+6,,
390.3,5.478e+6,5.478e+6,,
390.4,5.142e+6,5.142e+6,,
390.5,4.739e+6,4.739e+6,,
390.6,4.287e+6,4.287e+6,,1.110e-13
390.7,3.815e+6,3.815e+6,,5.070e-13
390.8,3.353e+6,3.353e+6,,2.243e-12
390.9,2.930e+6,2.930e+6,,9.608e-12
391,2.571e+6,2.571e+6,,3.987e-11
391.1,2.294e+6,2.294e+6,,1.602e-10
391.2,2.108e+6,2.108e+6,,6.236e-10
391.3,2.010e+6,2.010e+6,,2.351e-9
391.4,1.992e+6,1.992e+6,,8.583e-9
391.5,2.039e+6,2.039e+6,,3.035e-8
391.6,2.131e+6,2.131e+6,,1.039e-7
391.7,2.251e+6,2.251e+6,,3.448e-7
391.8,2.380e+6,2.380e+6,,1.108e-6
391.9,2.503e+6,2.503e+6,,3.447e-6
392,2.611e+6,2.611e+6,,1.039e-5
392.1,2.696e+6,2.696e+6,,3.032e-5
392.2,2.758e+6,2.758e+6,,8.572e-5
392.3,2.794e+6,2.794e+6,,2.347e-4
392.4,2.807e+6,2.807e+6,,6.224e-4
392.5,2.797e+6,2.797e+6,,1.599e-3
392.6,2.764e+6,2.764e+6,,3.977e-3
392.7,2.709e+6,2.709e+6,,9.581e-3
392.8,2.630e+6,2.630e+6,,2.236e-2
392.9,2.527e+6,2.527e+6,,5.053e-2
393,2.401e+6,2.401e+6,,1.106e-1
393.1,2.254e+6,2.254e+6,,2.345e-1
393.2,2.092e+6,2.092e+6,,4.815e-1
393.3,1.920e+6,1.920e+6,,9.575e-1
393.4,1.749e+6,1.749e+6,,1.844e+0
393.5,1.589e+6,1.589e+6,,3.441e+0
393.6,1.450e+6,1.450e+6,,6.216e+0
393.7,1.344e+6,1.344e+6,,1.088e+1
393.8,1.283e+6,1.283e+6,,1.844e+1
393.9,1.276e+6,1.276e+6,,3.027e+1
394,1.331e+6,1.331e+6,,4.812e+1
394.1,1.452e+6,1.452e+6,,7.410e+1
394.2,1.640e+6,1.640e+6,,1.105e+2
394.3,1.893e+6,1.892e+6,,1.596e+2
394.4,2.201e+6,2.201e+6,,2.233e+2
394.5,2.554e+6,2.554e+6,,3.026e+2
394.6,2.936e+6,2.936e+6,,3.972e+2
394.7,3.331e+6,3.330e+6,,5.050e+2
394.8,3.719e+6,3.718e+6,,6.219e+2
394.9,4.083e+6,4.082e+6,,7.420e+2
395,4.408e+6,4.407e+6,,8.577e+2
395.1,4.681e+6,4.680e+6,,9.609e+2
395.2,4.892e+6,4.891e+6,,1.044e+3
395.3,5.037e+6,5.036e+6,,1.100e+3
395.4,5.115e+6,5.113e+6,,1.125e+3
395.5,5.129e+6,5.128e+6,,1.120e+3
395.6,5.090e+6,5.089e+6,,1.086e+3
395.7,5.011e+6,5.009e+6,,1.031e+3
395.8,4.908e+6,4.907e+6,,9.628e+2
395.9,4.801e+6,4.800e+6,,8.912e+2
396,4.709e+6,4.708e+6,,8.254e+2
396.1,4.646e+6,4.646e+6,,7.732e+2
396.2,4.622e+6,4.621e+6,,7.397e+2
396.3,4.635e+6,4.635e+6,,7.268e+2
396.4,4.679e+6,4.678e+6,,7.333e+2
396.5,4.734e+6,4.734e+6,,7.551e+2
396.6,4.779e+6,4.779e+6,,7.866e+2
396.7,4.789e+6,4.788e+6,,8.213e+2
396.8,4.741e+6,4.740e+6,,8.532e+2
396.9,4.617e+6,4.616e+6,,8.773e+2
397,4.411e+6,4.410e+6,,8.906e+2
397.1,4.124e+6,4.123e+6,,8.919e+2
397.2,3.769e+6,3.768e+6,,8.818e+2
397.3,3.364e+6,3.363e+6,,8.617e+2
397.4,2.931e+6,2.930e+6,,8.339e+2
397.5,2.495e+6,2.494e+6,,8.001e+2
397.6,2.076e+6,2.075e+6,,7.618e+2
397.7,1.691e+6,1.690e+6,,7.198e+2
397.8,1.351e+6,1.350e+6,,6.740e+2
397.9,1.062e+6,1.061e+6,,6.243e+2
398,8.242e+5,8.237e+5,,5.707e+2
398.1,6.375e+5,6.370e+5,,5.135e+2
398.2,4.979e+5,4.975e+5,,4.536e+2
398.3,4.019e+5,4.015e+5,,3.925e+2
398.4,3.460e+5,3.457e+5,,3.323e+2
398.5,3.280e+5,3.277e+5,,2.749e+2
398.6,3.463e+5,3.461e+5,,2.225e+2
398.7,3.999e+5,3.998e+5,,1.766e+2
398.8,4.882e+5,4.881e+5,,1.386e+2
398.9,6.097e+5,6.096e+5,,1.089e+2
399,7.622e+5,7.621e+5,,8.751e+1
399.1,9.419e+5,9.418e+5,,7.415e+1
399.2,1.144e+6,1.144e+6,,6.804e+1
399.3,1.361e+6,1.361e+6,,6.819e+1
399.4,1.587e+6,1.586e+6,,7.352e+1
399.5,1.813e+6,1.813e+6,,8.282e+1
399.6,2.032e+6,2.032e+6,,9.487e+1
399.7,2.237e+6,2.237e+6,,1.084e+2
399.8,2.423e+6,2.423e+6,,1.223e+2
399.9,2.584e+6,2.584e+6,,1.354e+2
400,2.715e+6,2.715e+6,,1.468e+2
400.1,2.813e+6,2.812e+6,,1.557e+2
400.2,2.872e+6,2.872e+6,,1.616e+2
400.3,2.891e+6,2.891e+6,,1.642e+2
400.4,2.868e+6,2.868e+6,,1.635e+2
400.5,2.805e+6,2.805e+6,,1.597e+2
400.6,2.705e+6,2.704e+6,,1.530e+2
400.7,2.574e+6,2.574e+6,,1.441e+2
400.8,2.422e+6,2.422e+6,,1.332e+2
400.9,2.259e+6,2.259e+6,,1.210e+2
401,2.097e+6,2.096e+6,,1.080e+2
401.1,1.945e+6,1.945e+6,,9.461e+1
401.2,1.812e+6,1.812e+6,,8.131e+1
401.3,1.704e+6,1.704e+6,,6.853e+1
401.4,1.622e+6,1.622e+6,,5.666e+1
401.5,1.567e+6,1.567e+6,,4.603e+1
401.6,1.536e+6,1.536e+6,,3.693e+1
401.7,1.525e+6,1.525e+6,,2.964e+1
401.8,1.529e+6,1.529e+6,,2.439e+1
401.9,1.544e+6,1.544e+6,,2.146e+1
402,1.564e+6,1.564e+6,,2.114e+1
402.1,1.583e+6,1.583e+6,,2.382e+1
402.2,1.599e+6,1.599e+6,,2.993e+1
402.3,1.607e+6,1.607e+6,,3.997e+1
402.4,1.606e+6,1.606e+6,,5.439e+1
402.5,1.594e+6,1.594e+6,,7.356e+1
402.6,1.574e+6,1.574e+6,,9.756e+1
402.7,1.549e+6,1.549e+6,,1.261e+2
402.8,1.530e+6,1.529e+6,,1.585e+2
402.9,1.528e+6,1.528e+6,,1.934e+2
403,1.564e+6,1.564e+6,,2.290e+2
403.1,1.663e+6,1.663e+6,,2.630e+2
403.2,1.857e+6,1.857e+6,,2.930e+2
403.3,2.182e+6,2.182e+6,,3.169e+2
403.4,2.677e+6,2.677e+6,,3.326e+2
403.5,3.378e+6,3.377e+6,,3.392e+2
403.6,4.312e+6,4.312e+6,,3.365e+2
403.7,5.493e+6,5.493e+6,,3.254e+2
403.8,6.910e+6,6.910e+6,,3.078e+2
403.9,8.527e+6,8.527e+6,,2.865e+2
404,1.028e+7,1.028e+7,,2.648e+2
404.1,1.206e+7,1.206e+7,,2.460e+2
404.2,1.377e+7,1.377e+7,,2.331e+2
404.3,1.527e+7,1.527e+7,,2.288e+2
404.4,1.645e+7,1.645e+7,,2.345e+2
404.5,1.720e+7,1.720e+7,,2.507e+2
404.6,1.747e+7,1.747e+7,,2.767e+2
404.7,1.723e+7,1.723e+7,,3.103e+2
404.8,1.653e+7,1.653e+7,,3.487e+2
404.9,1.543e+7,1.543e+7,,3.881e+2
405,1.407e+7,1.407e+7,,4.245e+2
405.1,1.258e+7,1.258e+7,,4.541e+2
405.2,1.111e+7,1.110e+7,,4.736e+2
405.3,9.784e+6,9.783e+6,,4.808e+2
405.4,8.726e+6,8.726e+6,,4.747e+2
405.5,8.010e+6,8.010e+6,,4.557e+2
405.6,7.674e+6,7.674e+6,,4.255e+2
405.7,7.718e+6,7.717e+6,,3.865e+2
405.8,8.107e+6,8.107e+6,,3.419e+2
405.9,8.780e+6,8.780e+6,,2.950e+2
406,9.655e+6,9.655e+6,,2.487e+2
406.1,1.064e+7,1.064e+7,,2.057e+2
406.2,1.165e+7,1.165e+7,,1.676e+2
406.3,1.260e+7,1.260e+7,,1.358e+2
406.4,1.341e+7,1.341e+7,,1.110e+2
406.5,1.405e+7,1.405e+7,,9.357e+1
406.6,1.448e+7,1.448e+7,,8.366e+1
406.7,1.468e+7,1.468e+7,,8.156e+1
406.8,1.465e+7,1.465e+7,,8.766e+1
406.9,1.440e+7,1.440e+7,,1.025e+2
407,1.395e+7,1.395e+7,,1.266e+2
407.1,1.331e+7,1.331e+7,,1.606e+2
407.2,1.251e+7,1.251e+7,,2.044e+2
407.3,1.159e+7,1.159e+7,,2.575e+2
407.4,1.056e+7,1.056e+7,,3.187e+2
407.5,9.474e+6,9.474e+6,,3.854e+2
407.6,8.363e+6,8.363e+6,,4.544e+2
407.7,7.267e+6,7.267e+6,,5.215e+2
407.8,6.222e+6,6.221e+6,,5.825e+2
407.9,5.255e+6,5.254e+6,,6.329e+2
408,4.387e+6,4.387e+6,,6.691e+2
408.1,3.631e+6,3.631e+6,,6.888e+2
408.2,2.988e+6,2.988e+6,,6.911e+2
408.3,2.452e+6,2.452e+6,,6.769e+2
408.4,2.012e+6,2.011e+6,,6.486e+2
408.5,1.653e+6,1.652e+6,,6.099e+2
408.6,1.359e+6,1.359e+6,,5.649e+2
408.7,1.118e+6,1.117e+6,,5.179e+2
408.8,9.162e+5,9.158e+5,,4.727e+2
408.9,7.462e+5,7.457e+5,,4.321e+2
409,6.014e+5,6.010e+5,,3.976e+2
409.1,4.780e+5,4.776e+5,,3.698e+2
409.2,3.735e+5,3.732e+5,,3.480e+2
409.3,2.865e+5,2.861e+5,,3.308e+2
409.4,2.156e+5,2.152e+5,,3.166e+2
409.5,1.597e+5,1.594e+5,,3.037e+2
409.6,1.176e+5,1.173e+5,,2.907e+2
409.7,8.820e+4,8.793e+4,,2.764e+2
409.8,7.049e+4,7.023e+4,,2.604e+2
409.9,6.392e+4,6.368e+4,,2.427e+2
410,6.854e+4,6.831e+4,,2.239e+2
410.1,8.513e+4,8.492e+4,,2.048e+2
410.2,1.153e+5,1.151e+5,,1.867e+2
410.3,1.616e+5,1.614e+5,,1.712e+2
410.4,2.273e+5,2.271e+5,,1.601e+2
410.5,3.160e+5,3.159e+5,,1.556e+2
410.6,4.320e+5,4.318e+5,,1.604e+2
410.7,5.789e+5,5.787e+5,,1.774e+2
410.8,7.596e+5,7.593e+5,,2.099e+2
410.9,9.752e+5,9.749e+5,,2.616e+2
411,1.225e+6,1.224e+6,,3.359e+2
411.1,1.504e+6,1.503e+6,,4.355e+2
411.2,1.804e+6,1.804e+6,,5.621e+2
411.3,2.116e+6,2.115e+6,,7.155e+2
411.4,2.424e+6,2.423e+6,,8.932e+2
411.5,2.713e+6,2.712e+6,,1.090e+3
411.6,2.967e+6,2.966e+6,,1.297e+3
411.7,3.173e+6,3.171e+6,,1.504e+3
411.8,3.319e+6,3.318e+6,,1.698e+3
411.9,3.403e+6,3.401e+6,,1.867e+3
412,3.427e+6,3.425e+6,,1.999e+3
412.1,3.399e+6,3.397e+6,,2.086e+3
412.2,3.334e+6,3.332e+6,,2.123e+3
412.3,3.251e+6,3.249e+6,,2.113e+3
412.4,3.169e+6,3.166e+6,,2.060e+3
412.5,3.105e+6,3.103e+6,,1.978e+3
412.6,3.075e+6,3.073e+6,,1.882e+3
412.7,3.087e+6,3.086e+6,,1.788e+3
412.8,3.146e+6,3.144e+6,,1.714e+3
412.9,3.248e+6,3.246e+6,,1.675e+3
413,3.387e+6,3.386e+6,,1.680e+3
413.1,3.557e+6,3.555e+6,,1.733e+3
413.2,3.748e+6,3.746e+6,,1.833e+3
413.3,3.952e+6,3.950e+6,,1.968e+3
413.4,4.163e+6,4.161e+6,,2.125e+3
413.5,4.376e+6,4.373e+6,,2.286e+3
413.6,4.587e+6,4.584e+6,,2.431e+3
413.7,4.791e+6,4.789e+6,,2.540e+3
413.8,4.984e+6,4.982e+6,,2.599e+3
413.9,5.158e+6,5.155e+6,,2.599e+3
414,5.304e+6,5.302e+6,,2.534e+3
414.1,5.414e+6,5.412e+6,,2.409e+3
414.2,5.480e+6,5.477e+6,,2.232e+3
414.3,5.497e+6,5.495e+6,,2.017e+3
414.4,5.467e+6,5.465e+6,,1.778e+3
414.5,5.395e+6,5.393e+6,,1.533e+3
414.6,5.292e+6,5.290e+6,,1.297e+3
414.7,5.171e+6,5.170e+6,,1.082e+3
414.8,5.048e+6,5.047e+6,,8.983e+2
414.9,4.934e+6,4.933e+6,,7.538e+2
415,4.836e+6,4.835e+6,,6.529e+2
415.1,4.756e+6,4.755e+6,,5.986e+2
415.2,4.687e+6,4.686e+6,,5.929e+2
415.3,4.618e+6,4.617e+6,,6.369e+2
415.4,4.533e+6,4.532e+6,,7.315e+2
415.5,4.417e+6,4.416e+6,,8.764e+2
415.6,4.258e+6,4.257e+6,,1.070e+3
415.7,4.046e+6,4.045e+6,,1.308e+3
415.8,3.781e+6,3.779e+6,,1.585e+3
415.9,3.467e+6,3.465e+6,,1.887e+3
416,3.116e+6,3.113e+6,,2.202e+3
416.1,2.742e+6,2.740e+6,,2.511e+3
416.2,2.364e+6,2.361e+6,,2.794e+3
416.3,1.999e+6,1.996e+6,,3.031e+3
416.4,1.663e+6,1.660e+6,,3.205e+3
416.5,1.369e+6,1.366e+6,,3.301e+3
416.6,1.127e+6,1.124e+6,,3.313e+3
416.7,9.424e+5,9.392e+5,,3.240e+3
416.8,8.165e+5,8.135e+5,,3.087e+3
416.9,7.492e+5,7.463e+5,,2.868e+3
417,7.379e+5,7.353e+5,,2.599e+3
417.1,7.788e+5,7.765e+5,,2.300e+3
417.2,8.679e+5,8.660e+5,,1.988e+3
417.3,1.001e+6,9.993e+5,,1.681e+3
417.4,1.174e+6,1.172e+6,,1.394e+3
417.5,1.383e+6,1.381e+6,,1.134e+3
417.6,1.623e+6,1.622e+6,,9.087e+2
417.7,1.892e+6,1.891e+6,,7.192e+2
417.8,2.185e+6,2.184e+6,,5.647e+2
417.9,2.496e+6,2.496e+6,,4.421e+2
418,2.822e+6,2.821e+6,,3.473e+2
418.1,3.156e+6,3.156e+6,,2.756e+2
418.2,3.494e+6,3.494e+6,,2.224e+2
418.3,3.831e+6,3.831e+6,,1.835e+2
418.4,4.166e+6,4.166e+6,,1.554e+2
418.5,4.497e+6,4.496e+6,,1.352e+2
418.6,4.826e+6,4.826e+6,,1.206e+2
418.7,5.157e+6,5.157e+6,,1.098e+2
418.8,5.497e+6,5.497e+6,,1.017e+2
418.9,5.850e+6,5.850e+6,,9.517e+1
419,6.222e+6,6.222e+6,,8.977e+1
419.1,6.612e+6,6.612e+6,,8.507e+1
419.2,7.014e+6,7.014e+6,,8.086e+1
419.3,7.416e+6,7.416e+6,,7.704e+1
419.4,7.798e+6,7.798e+6,,7.362e+1
419.5,8.133e+6,8.133e+6,,7.067e+1
419.6,8.392e+6,8.392e+6,,6.830e+1
419.7,8.546e+6,8.546e+6,,6.666e+1
419.8,8.567e+6,8.567e+6,,6.588e+1
419.9,8.441e+6,8.441e+6,,6.607e+1
420,8.160e+6,8.160e+6,,6.733e+1
420.1,7.732e+6,7.732e+6,,6.968e+1
420.2,7.176e+6,7.176e+6,,7.309e+1
420.3,6.525e+6,6.524e+6,,7.749e+1
420.4,5.816e+6,5.816e+6,,8.279e+1
420.5,5.092e+6,5.092e+6,,8.892e+1
420.6,4.397e+6,4.396e+6,,9.587e+1
420.7,3.767e+6,3.767e+6,,1.037e+2
420.8,3.234e+6,3.234e+6,,1.127e+2
420.9,2.820e+6,2.820e+6,,1.231e+2
421,2.539e+6,2.539e+6,,1.353e+2
421.1,2.394e+6,2.394e+6,,1.500e+2
421.2,2.381e+6,2.380e+6,,1.675e+2
421.3,2.489e+6,2.489e+6,,1.881e+2
421.4,2.703e+6,2.703e+6,,2.117e+2
421.5,3.005e+6,3.005e+6,,2.379e+2
421.6,3.376e+6,3.375e+6,,2.658e+2
421.7,3.794e+6,3.793e+6,,2.938e+2
421.8,4.240e+6,4.239e+6,,3.204e+2
421.9,4.694e+6,4.694e+6,,3.434e+2
422,5.140e+6,5.140e+6,,3.610e+2
422.1,5.560e+6,5.560e+6,,3.716e+2
422.2,5.940e+6,5.939e+6,,3.744e+2
422.3,6.267e+6,6.266e+6,,3.690e+2
422.4,6.531e+6,6.530e+6,,3.563e+2
422.5,6.725e+6,6.725e+6,,3.378e+2
422.6,6.847e+6,6.847e+6,,3.156e+2
422.7,6.899e+6,6.898e+6,,2.925e+2
422.8,6.884e+6,6.884e+6,,2.711e+2
422.9,6.812e+6,6.812e+6,,2.540e+2
423,6.693e+6,6.693e+6,,2.433e+2
423.1,6.537e+6,6.537e+6,,2.403e+2
423.2,6.355e+6,6.355e+6,,2.456e+2
423.3,6.155e+6,6.154e+6,,2.589e+2
423.4,5.943e+6,5.943e+6,,2.791e+2
423.5,5.727e+6,5.726e+6,,3.046e+2
423.6,5.510e+6,5.510e+6,,3.335e+2
423.7,5.300e+6,5.300e+6,,3.636e+2
423.8,5.103e+6,5.103e+6,,3.930e+2
423.9,4.928e+6,4.928e+6,,4.200e+2
424,4.784e+6,4.783e+6,,4.434e+2
424.1,4.679e+6,4.679e+6,,4.623e+2
424.2,4.622e+6,4.622e+6,,4.764e+2
424.3,4.616e+6,4.615e+6,,4.857e+2
424.4,4.661e+6,4.660e+6,,4.902e+2
424.5,4.753e+6,4.752e+6,,4.904e+2
424.6,4.883e+6,4.882e+6,,4.864e+2
424.7,5.041e+6,5.041e+6,,4.785e+2
424.8,5.217e+6,5.216e+6,,4.668e+2
424.9,5.399e+6,5.398e+6,,4.517e+2
425,5.581e+6,5.580e+6,,4.335e+2
425.1,5.757e+6,5.757e+6,,4.126e+2
425.2,5.926e+6,5.925e+6,,3.895e+2
425.3,6.086e+6,6.086e+6,,3.652e+2
425.4,6.239e+6,6.239e+6,,3.403e+2
425.5,6.384e+6,6.384e+6,,3.158e+2
425.6,6.519e+6,6.519e+6,,2.924e+2
425.7,6.643e+6,6.643e+6,,2.709e+2
425.8,6.754e+6,6.754e+6,,2.518e+2
425.9,6.854e+6,6.853e+6,,2.354e+2
426,6.945e+6,6.944e+6,,2.220e+2
426.1,7.034e+6,7.034e+6,,2.117e+2
426.2,7.131e+6,7.131e+6,,2.047e+2
426.3,7.247e+6,7.247e+6,,2.008e+2
426.4,7.389e+6,7.389e+6,,2.000e+2
426.5,7.561e+6,7.560e+6,,2.022e+2
426.6,7.756e+6,7.756e+6,,2.069e+2
426.7,7.961e+6,7.960e+6,,2.138e+2
426.8,8.152e+6,8.152e+6,,2.220e+2
426.9,8.301e+6,8.300e+6,,2.310e+2
427,8.376e+6,8.376e+6,,2.398e+2
427.1,8.349e+6,8.349e+6,,2.479e+2
427.2,8.199e+6,8.199e+6,,2.547e+2
427.3,7.918e+6,7.918e+6,,2.601e+2
427.4,7.508e+6,7.508e+6,,2.644e+2
427.5,6.985e+6,6.985e+6,,2.681e+2
427.6,6.376e+6,6.376e+6,,2.721e+2
427.7,5.713e+6,5.713e+6,,2.773e+2
427.8,5.031e+6,5.031e+6,,2.846e+2
427.9,4.362e+6,4.362e+6,,2.946e+2
428,3.734e+6,3.734e+6,,3.076e+2
428.1,3.168e+6,3.168e+6,,3.234e+2
428.2,2.678e+6,2.677e+6,,3.415e+2
428.3,2.269e+6,2.269e+6,,3.612e+2
428.4,1.944e+6,1.944e+6,,3.816e+2
428.5,1.700e+6,1.699e+6,,4.021e+2
428.6,1.532e+6,1.531e+6,,4.224e+2
428.7,1.435e+6,1.434e+6,,4.426e+2
428.8,1.403e+6,1.403e+6,,4.630e+2
428.9,1.431e+6,1.430e+6,,4.848e+2
429,1.514e+6,1.513e+6,,5.087e+2
429.1,1.646e+6,1.646e+6,,5.360e+2
429.2,1.825e+6,1.824e+6,,5.674e+2
429.3,2.046e+6,2.045e+6,,6.036e+2
429.4,2.307e+6,2.306e+6,,6.447e+2
429.5,2.606e+6,2.605e+6,,6.909e+2
429.6,2.942e+6,2.941e+6,,7.416e+2
429.7,3.316e+6,3.315e+6,,7.964e+2
429.8,3.725e+6,3.724e+6,,8.545e+2
429.9,4.167e+6,4.166e+6,,9.149e+2
430,4.636e+6,4.635e+6,,9.761e+2
430.1,5.119e+6,5.118e+6,,1.037e+3
430.2,5.600e+6,5.599e+6,,1.094e+3
430.3,6.058e+6,6.056e+6,,1.146e+3
430.4,6.465e+6,6.464e+6,,1.189e+3
430.5,6.795e+6,6.794e+6,,1.221e+3
430.6,7.022e+6,7.020e+6,,1.237e+3
430.7,7.126e+6,7.125e+6,,1.236e+3
430.8,7.097e+6,7.096e+6,,1.215e+3
430.9,6.938e+6,6.937e+6,,1.174e+3
431,6.663e+6,6.662e+6,,1.115e+3
431.1,6.302e+6,6.301e+6,,1.038e+3
431.2,5.893e+6,5.892e+6,,9.466e+2
431.3,5.482e+6,5.482e+6,,8.455e+2
431.4,5.117e+6,5.116e+6,,7.390e+2
431.5,4.840e+6,4.840e+6,,6.316e+2
431.6,4.687e+6,4.686e+6,,5.276e+2
431.7,4.677e+6,4.677e+6,,4.306e+2
431.8,4.817e+6,4.817e+6,,3.432e+2
431.9,5.094e+6,5.094e+6,,2.671e+2
432,5.480e+6,5.480e+6,,2.028e+2
432.1,5.934e+6,5.934e+6,,1.503e+2
432.2,6.405e+6,6.405e+6,,1.086e+2
432.3,6.839e+6,6.839e+6,,7.655e+1
432.4,7.183e+6,7.183e+6,,5.260e+1
432.5,7.395e+6,7.395e+6,,3.524e+1
432.6,7.443e+6,7.443e+6,,2.301e+1
432.7,7.313e+6,7.313e+6,,1.464e+1
432.8,7.008e+6,7.008e+6,,9.075e+0
432.9,6.544e+6,6.544e+6,,5.482e+0
433,5.954e+6,5.954e+6,,3.226e+0
433.1,5.276e+6,5.276e+6,,1.849e+0
433.2,4.553e+6,4.553e+6,,1.032e+0
433.3,3.827e+6,3.827e+6,,5.614e-1
433.4,3.131e+6,3.131e+6,,2.973e-1
433.5,2.495e+6,2.495e+6,,1.534e-1
433.6,1.935e+6,1.935e+6,,7.708e-2
433.7,1.462e+6,1.462e+6,,3.782e-2
433.8,1.075e+6,1.075e+6,,1.833e-2
433.9,7.698e+5,7.698e+5,,9.280e-3
434,5.367e+5,5.367e+5,,6.022e-3
434.1,3.643e+5,3.643e+5,,6.842e-3
434.2,2.408e+5,2.408e+5,,1.229e-2
434.3,1.549e+5,1.549e+5,,2.546e-2
434.4,9.705e+4,9.705e+4,,5.339e-2
434.5,5.920e+4,5.920e+4,,1.099e-1
434.6,3.516e+4,3.516e+4,,2.208e-1
434.7,2.033e+4,2.033e+4,,4.323e-1
434.8,1.145e+4,1.145e+4,,8.247e-1
434.9,6.277e+3,6.276e+3,,1.533e+0
435,3.355e+3,3.352e+3,,2.775e+0
435.1,1.753e+3,1.749e+3,,4.896e+0
435.2,9.089e+2,9.005e+2,,8.415e+0
435.3,4.936e+2,4.795e+2,,1.409e+1
435.4,3.325e+2,3.095e+2,,2.299e+1
435.5,3.526e+2,3.160e+2,,3.655e+1
435.6,5.604e+2,5.038e+2,,5.661e+1
435.7,1.045e+3,9.598e+2,,8.542e+1
435.8,2.008e+3,1.882e+3,,1.256e+2
435.9,3.823e+3,3.643e+3,,1.799e+2
436,7.138e+3,6.887e+3,,2.511e+2
436.1,1.304e+4,1.269e+4,,3.414e+2
436.2,2.325e+4,2.280e+4,,4.523e+2
436.3,4.049e+4,3.990e+4,,5.839e+2
436.4,6.878e+4,6.804e+4,,7.343e+2
436.5,1.139e+5,1.130e+5,,8.998e+2
436.6,1.841e+5,1.830e+5,,1.074e+3
436.7,2.899e+5,2.887e+5,,1.250e+3
436.8,4.450e+5,4.436e+5,,1.416e+3
436.9,6.659e+5,6.643e+5,,1.564e+3
437,9.709e+5,9.692e+5,,1.683e+3
437.1,1.380e+6,1.378e+6,,1.764e+3
437.2,1.910e+6,1.909e+6,,1.802e+3
437.3,2.578e+6,2.576e+6,,1.793e+3
437.4,3.390e+6,3.388e+6,,1.739e+3
437.5,4.343e+6,4.342e+6,,1.643e+3
437.6,5.423e+6,5.421e+6,,1.512e+3
437.7,6.597e+6,6.596e+6,,1.356e+3
437.8,7.821e+6,7.820e+6,,1.185e+3
437.9,9.036e+6,9.035e+6,,1.009e+3
438,1.017e+7,1.017e+7,,8.369e+2
438.1,1.116e+7,1.116e+7,,6.765e+2
438.2,1.193e+7,1.193e+7,,5.327e+2
438.3,1.243e+7,1.243e+7,,4.088e+2
438.4,1.263e+7,1.263e+7,,3.056e+2
438.5,1.251e+7,1.251e+7,,2.226e+2
438.6,1.208e+7,1.208e+7,,1.580e+2
438.7,1.138e+7,1.138e+7,,1.093e+2
438.8,1.048e+7,1.048e+7,,7.364e+1
438.9,9.431e+6,9.431e+6,,4.835e+1
439,8.325e+6,8.325e+6,,3.093e+1
439.1,7.234e+6,7.234e+6,,1.928e+1
439.2,6.228e+6,6.228e+6,,1.171e+1
439.3,5.362e+6,5.362e+6,,6.928e+0
439.4,4.675e+6,4.675e+6,,3.994e+0
439.5,4.188e+6,4.188e+6,,2.244e+0
439.6,3.905e+6,3.905e+6,,1.228e+0
439.7,3.815e+6,3.815e+6,,6.551e-1
439.8,3.891e+6,3.891e+6,,3.404e-1
439.9,4.100e+6,4.100e+6,,1.724e-1
440,4.398e+6,4.398e+6,,8.503e-2
440.1,4.742e+6,4.742e+6,,4.087e-2
440.2,5.088e+6,5.088e+6,,1.914e-2
440.3,5.396e+6,5.396e+6,,8.736e-3
440.4,5.635e+6,5.635e+6,,3.884e-3
440.5,5.781e+6,5.781e+6,,1.683e-3
440.6,5.825e+6,5.825e+6,,7.104e-4
440.7,5.763e+6,5.763e+6,,2.922e-4
440.8,5.603e+6,5.603e+6,,1.171e-4
440.9,5.360e+6,5.360e+6,,4.573e-5
441,5.052e+6,5.052e+6,,1.740e-5
441.1,4.698e+6,4.698e+6,,6.449e-6
441.2,4.318e+6,4.318e+6,,2.330e-6
441.3,3.927e+6,3.927e+6,,8.199e-7
441.4,3.538e+6,3.538e+6,,2.811e-7
441.5,3.159e+6,3.159e+6,,9.394e-8
441.6,2.796e+6,2.796e+6,,3.058e-8
441.7,2.452e+6,2.452e+6,,9.701e-9
441.8,2.130e+6,2.130e+6,,2.998e-9
441.9,1.831e+6,1.831e+6,,9.028e-10
442,1.557e+6,1.557e+6,,2.649e-10
442.1,1.311e+6,1.311e+6,,7.573e-11
442.2,1.093e+6,1.093e+6,,2.110e-11
442.3,9.057e+5,9.057e+5,,5.726e-12
442.4,7.486e+5,7.486e+5,,1.514e-12
442.5,6.214e+5,6.214e+5,,3.901e-13
442.6,5.222e+5,5.222e+5,,6.388e-14
442.7,4.482e+5,4.482e+5,,
442.8,3.953e+5,3.953e+5,,
442.9,3.592e+5,3.592e+5,,
443,3.352e+5,3.352e+5,,
443.1,3.188e+5,3.188e+5,,
443.2,3.062e+5,3.062e+5,,
443.3,2.942e+5,2.942e+5,,
443.4,2.806e+5,2.806e+5,,
443.5,2.642e+5,2.642e+5,,
443.6,2.444e+5,2.444e+5,,
443.7,2.215e+5,2.215e+5,,
443.8,1.964e+5,1.964e+5,,
443.9,1.702e+5,1.702e+5,,
444,1.440e+5,1.440e+5,,
444.1,1.189e+5,1.189e+5,,
444.2,9.586e+4,9.586e+4,,
444.3,7.558e+4,7.558e+4,,
444.4,5.846e+4,5.846e+4,,
444.5,4.473e+4,4.473e+4,,
444.6,3.445e+4,3.445e+4,,
444.7,2.767e+4,2.767e+4,,
444.8,2.446e+4,2.446e+4,,
444.9,2.505e+4,2.505e+4,,
445,2.988e+4,2.988e+4,,
445.1,3.968e+4,3.968e+4,,
445.2,5.545e+4,5.545e+4,,
445.3,7.843e+4,7.843e+4,,
445.4,1.101e+5,1.101e+5,,
445.5,1.517e+5,1.517e+5,,
445.6,2.048e+5,2.048e+5,,
445.7,2.699e+5,2.699e+5,,
445.8,3.474e+5,3.474e+5,,
445.9,4.364e+5,4.364e+5,,
446,5.350e+5,5.350e+5,,
446.1,6.399e+5,6.399e+5,,
446.2,7.469e+5,7.469e+5,,
446.3,8.508e+5,8.508e+5,,
446.4,9.456e+5,9.456e+5,,
446.5,1.026e+6,1.026e+6,,
446.6,1.086e+6,1.086e+6,,
446.7,1.121e+6,1.121e+6,,
446.8,1.130e+6,1.130e+6,,
446.9,1.111e+6,1.111e+6,,
447,1.067e+6,1.067e+6,,
447.1,9.992e+5,9.992e+5,,
447.2,9.133e+5,9.133e+5,,
447.3,8.147e+5,8.147e+5,,
447.4,7.091e+5,7.091e+5,,
447.5,6.024e+5,6.024e+5,,
447.6,4.994e+5,4.994e+5,,
447.7,4.040e+5,4.040e+5,,
447.8,3.190e+5,3.190e+5,,
447.9,2.457e+5,2.457e+5,,
448,1.848e+5,1.848e+5,,
448.1,1.356e+5,1.356e+5,,
448.2,9.707e+4,9.707e+4,,
448.3,6.783e+4,6.783e+4,,
448.4,4.625e+4,4.625e+4,,
448.5,3.078e+4,3.078e+4,,
448.6,1.998e+4,1.998e+4,,
448.7,1.266e+4,1.266e+4,,
448.8,7.831e+3,7.831e+3,,
448.9,4.725e+3,4.725e+3,,
449,2.782e+3,2.782e+3,,
449.1,1.599e+3,1.599e+3,,
449.2,8.965e+2,8.965e+2,,
449.3,4.906e+2,4.906e+2,,
449.4,2.621e+2,2.621e+2,,
449.5,1.369e+2,1.369e+2,,
449.6,7.045e+1,7.045e+1,,
449.7,3.685e+1,3.685e+1,,
449.8,2.195e+1,2.195e+1,,
449.9,1.902e+1,1.902e+1,,
450,2.653e+1,2.653e+1,,
450.1,4.752e+1,4.752e+1,,
450.2,9.044e+1,9.044e+1,,
450.3,1.715e+2,1.715e+2,,
450.4,3.189e+2,3.189e+2,,
450.5,5.794e+2,5.794e+2,,
450.6,1.027e+3,1.027e+3,,
450.7,1.778e+3,1.778e+3,,
450.8,3.004e+3,3.004e+3,,
450.9,4.951e+3,4.951e+3,,
451,7.965e+3,7.965e+3,,
451.1,1.250e+4,1.250e+4,,
451.2,1.916e+4,1.916e+4,,
451.3,2.865e+4,2.865e+4,,
451.4,4.180e+4,4.180e+4,,
451.5,5.953e+4,5.953e+4,,
451.6,8.273e+4,8.273e+4,,
451.7,1.122e+5,1.122e+5,,
451.8,1.485e+5,1.485e+5,,
451.9,1.918e+5,1.918e+5,,
452,2.418e+5,2.418e+5,,
452.1,2.975e+5,2.975e+5,,
452.2,3.572e+5,3.572e+5,,
452.3,4.186e+5,4.186e+5,,
452.4,4.786e+5,4.786e+5,,
452.5,5.341e+5,5.341e+5,,
452.6,5.817e+5,5.817e+5,,
452.7,6.183e+5,6.183e+5,,
452.8,6.413e+5,6.413e+5,,
452.9,6.492e+5,6.492e+5,,
453,6.413e+5,6.413e+5,,
453.1,6.183e+5,6.183e+5,,
453.2,5.817e+5,5.817e+5,,
453.3,5.341e+5,5.341e+5,,
453.4,4.786e+5,4.786e+5,,
453.5,4.186e+5,4.186e+5,,
453.6,3.572e+5,3.572e+5,,
453.7,2.975e+5,2.975e+5,,
453.8,2.418e+5,2.418e+5,,
453.9,1.918e+5,1.918e+5,,
454,1.485e+5,1.485e+5,,
454.1,1.122e+5,1.122e+5,,
454.2,8.273e+4,8.273e+4,,
454.3,5.953e+4,5.953e+4,,
454.4,4.180e+4,4.180e+4,,
454.5,2.865e+4,2.865e+4,,
454.6,1.916e+4,1.916e+4,,
454.7,1.250e+4,1.250e+4,,
454.8,7.965e+3,7.965e+3,,
454.9,4.951e+3,4.951e+3,,
455,3.004e+3,3.004e+3,,
455.1,1.778e+3,1.778e+3,,
455.2,1.027e+3,1.027e+3,,
455.3,5.793e+2,5.793e+2,,
455.4,3.188e+2,3.188e+2,,
455.5,1.712e+2,1.712e+2,,
455.6,8.973e+1,8.973e+1,,
455.7,4.589e+1,4.589e+1,,
455.8,2.291e+1,2.291e+1,,
455.9,1.116e+1,1.116e+1,,
456,5.305e+0,5.305e+0,,
456.1,2.461e+0,2.461e+0,,
456.2,1.114e+0,1.114e+0,,
456.3,4.924e-1,4.924e-1,,
456.4,2.124e-1,2.124e-1,,
456.5,8.937e-2,8.937e-2,,
456.6,3.670e-2,3.670e-2,,
456.7,1.471e-2,1.471e-2,,
456.8,5.754e-3,5.754e-3,,
456.9,2.197e-3,2.197e-3,,
457,8.183e-4,8.183e-4,,
457.1,2.975e-4,2.975e-4,,
457.2,1.056e-4,1.056e-4,,
457.3,3.655e-5,3.655e-5,,
457.4,1.235e-5,1.235e-5,,
457.5,4.074e-6,4.074e-6,,
457.6,1.311e-6,1.311e-6,,
457.7,4.118e-7,4.118e-7,,
457.8,1.262e-7,1.262e-7,,
457.9,3.776e-8,3.776e-8,,
458,1.102e-8,1.102e-8,,
458.1,3.141e-9,3.141e-9,,
458.2,8.733e-10,8.733e-10,,
458.3,2.370e-10,2.370e-10,,
481.2,1.128e-10,1.128e-10,,
481.3,4.575e-10,4.575e-10,,
481.4,1.542e-9,1.542e-9,,
481.5,5.086e-9,5.086e-9,,
481.6,1.643e-8,1.643e-8,,
481.7,5.199e-8,5.199e-8,,
481.8,1.611e-7,1.611e-7,,
481.9,4.886e-7,4.886e-7,,
482,1.451e-6,1.451e-6,,
482.1,4.221e-6,4.221e-6,,
482.2,1.202e-5,1.202e-5,,
482.3,3.353e-5,3.353e-5,,
482.4,9.158e-5,9.158e-5,,
482.5,2.449e-4,2.449e-4,,
482.6,6.413e-4,6.413e-4,,
482.7,1.644e-3,1.644e-3,,
482.8,4.129e-3,4.129e-3,,
482.9,1.015e-2,1.015e-2,,
483,2.444e-2,2.444e-2,,
483.1,5.763e-2,5.763e-2,,
483.2,1.331e-1,1.331e-1,,
483.3,3.008e-1,3.008e-1,,
483.4,6.659e-1,6.659e-1,,
483.5,1.443e+0,1.443e+0,,
483.6,3.064e+0,3.064e+0,,
483.7,6.369e+0,6.369e+0,,
483.8,1.296e+1,1.296e+1,,
483.9,2.584e+1,2.584e+1,,
484,5.043e+1,5.043e+1,,
484.1,9.638e+1,9.638e+1,,
484.2,1.804e+2,1.804e+2,,
484.3,3.306e+2,3.306e+2,,
484.4,5.932e+2,5.932e+2,,
484.5,1.042e+3,1.042e+3,,
484.6,1.794e+3,1.794e+3,,
484.7,3.023e+3,3.023e+3,,
484.8,4.988e+3,4.988e+3,,
484.9,8.060e+3,8.060e+3,1.560e-10,
485,1.275e+4,1.275e+4,5.253e-10,
485.1,1.976e+4,1.976e+4,1.733e-9,
485.2,2.998e+4,2.998e+4,5.598e-9,
485.3,4.454e+4,4.454e+4,1.771e-8,
485.4,6.481e+4,6.481e+4,5.527e-8,
485.5,9.234e+4,9.234e+4,1.679e-7,
485.6,1.288e+5,1.288e+5,4.996e-7,
485.7,1.760e+5,1.760e+5,1.456e-6,
485.8,2.355e+5,2.355e+5,4.157e-6,
485.9,3.085e+5,3.085e+5,1.163e-5,
486,3.958e+5,3.958e+5,3.185e-5,
486.1,4.973e+5,4.973e+5,8.548e-5,
486.2,6.119e+5,6.119e+5,2.247e-4,
486.3,7.374e+5,7.374e+5,5.787e-4,
486.4,8.703e+5,8.703e+5,1.460e-3,
486.5,1.006e+6,1.006e+6,3.608e-3,
486.6,1.139e+6,1.139e+6,8.735e-3,
486.7,1.264e+6,1.264e+6,2.072e-2,
486.8,1.375e+6,1.375e+6,4.815e-2,
486.9,1.466e+6,1.466e+6,1.096e-1,
487,1.534e+6,1.534e+6,2.445e-1,
487.1,1.575e+6,1.575e+6,5.343e-1,
487.2,1.591e+6,1.591e+6,1.144e+0,
487.3,1.584e+6,1.584e+6,2.401e+0,
487.4,1.557e+6,1.557e+6,4.936e+0,
487.5,1.519e+6,1.519e+6,9.944e+0,
487.6,1.476e+6,1.475e+6,1.963e+1,
487.7,1.437e+6,1.437e+6,3.799e+1,
487.8,1.413e+6,1.413e+6,7.204e+1,
487.9,1.409e+6,1.409e+6,1.339e+2,
488,1.434e+6,1.434e+6,2.439e+2,
488.1,1.490e+6,1.489e+6,4.357e+2,
488.2,1.578e+6,1.577e+6,7.628e+2,
488.3,1.695e+6,1.694e+6,1.309e+3,
488.4,1.836e+6,1.834e+6,2.204e+3,
488.5,1.993e+6,1.989e+6,3.637e+3,
488.6,2.154e+6,2.148e+6,5.885e+3,
488.7,2.309e+6,2.299e+6,9.342e+3,
488.8,2.445e+6,2.430e+6,1.454e+4,
488.9,2.553e+6,2.531e+6,2.221e+4,
489,2.624e+6,2.591e+6,3.328e+4,
489.1,2.653e+6,2.604e+6,4.893e+4,
489.2,2.639e+6,2.569e+6,7.058e+4,
489.3,2.584e+6,2.484e+6,9.992e+4,
489.4,2.494e+6,2.355e+6,1.388e+5,
489.5,2.379e+6,2.189e+6,1.894e+5,
489.6,2.249e+6,1.995e+6,2.535e+5,
489.7,2.117e+6,1.784e+6,3.332e+5,
489.8,1.996e+6,1.566e+6,4.301e+5,
489.9,1.899e+6,1.354e+6,5.450e+5,
490,1.834e+6,1.156e+6,6.781e+5,
490.1,1.811e+6,9.823e+5,8.287e+5,
490.2,1.834e+6,8.393e+5,9.945e+5,
490.3,1.905e+6,7.328e+5,1.172e+6,
490.4,2.024e+6,6.671e+5,1.357e+6,
490.5,2.187e+6,6.452e+5,1.542e+6,
490.6,2.391e+6,6.692e+5,1.722e+6,
490.7,2.627e+6,7.400e+5,1.888e+6,
490.8,2.889e+6,8.572e+5,2.032e+6,
490.9,3.168e+6,1.020e+6,2.148e+6,
491,3.454e+6,1.224e+6,2.230e+6,
491.1,3.737e+6,1.464e+6,2.273e+6,
491.2,4.009e+6,1.735e+6,2.274e+6,
491.3,4.258e+6,2.025e+6,2.233e+6,
491.4,4.476e+6,2.324e+6,2.153e+6,
491.5,4.654e+6,2.617e+6,2.037e+6,
491.6,4.782e+6,2.891e+6,1.891e+6,
491.7,4.854e+6,3.131e+6,1.723e+6,
491.8,4.864e+6,3.324e+6,1.540e+6,
491.9,4.809e+6,3.458e+6,1.351e+6,
492,4.688e+6,3.525e+6,1.162e+6,
492.1,4.503e+6,3.522e+6,9.810e+5,
492.2,4.261e+6,3.448e+6,8.126e+5,
492.3,3.969e+6,3.308e+6,6.610e+5,
492.4,3.638e+6,3.110e+6,5.287e+5,
492.5,3.281e+6,2.864e+6,4.171e+5,
492.6,2.912e+6,2.585e+6,3.265e+5,
492.7,2.543e+6,2.286e+6,2.567e+5,
492.8,2.189e+6,1.982e+6,2.072e+5,
492.9,1.861e+6,1.683e+6,1.776e+5,
493,1.569e+6,1.401e+6,1.677e+5,
493.1,1.322e+6,1.144e+6,1.781e+5,
493.2,1.127e+6,9.165e+5,2.101e+5,
493.3,9.877e+5,7.220e+5,2.657e+5,
493.4,9.089e+5,5.614e+5,3.475e+5,
493.5,8.930e+5,4.343e+5,4.586e+5,
493.6,9.417e+5,3.394e+5,6.023e+5,
493.7,1.056e+6,2.751e+5,7.811e+5,
493.8,1.237e+6,2.402e+5,9.970e+5,
493.9,1.484e+6,2.341e+5,1.250e+6,
494,1.796e+6,2.571e+5,1.539e+6,
494.1,2.169e+6,3.105e+5,1.859e+6,
494.2,2.600e+6,3.966e+5,2.203e+6,
494.3,3.080e+6,5.183e+5,2.561e+6,
494.4,3.600e+6,6.788e+5,2.922e+6,
494.5,4.150e+6,8.805e+5,3.269e+6,
494.6,4.714e+6,1.125e+6,3.589e+6,
494.7,5.277e+6,1.412e+6,3.865e+6,
494.8,5.823e+6,1.739e+6,4.084e+6,
494.9,6.333e+6,2.100e+6,4.233e+6,
495,6.790e+6,2.486e+6,4.304e+6,
495.1,7.177e+6,2.883e+6,4.294e+6,
495.2,7.480e+6,3.277e+6,4.203e+6,
495.3,7.687e+6,3.651e+6,4.036e+6,
495.4,7.788e+6,3.985e+6,3.804e+6,
495.5,7.780e+6,4.262e+6,3.518e+6,
495.6,7.662e+6,4.468e+6,3.194e+6,
495.7,7.438e+6,4.589e+6,2.849e+6,
495.8,7.117e+6,4.619e+6,2.499e+6,
495.9,6.713e+6,4.556e+6,2.158e+6,
496,6.243e+6,4.403e+6,1.840e+6,
496.1,5.727e+6,4.171e+6,1.556e+6,
496.2,5.186e+6,3.871e+6,1.314e+6,
496.3,4.641e+6,3.521e+6,1.120e+6,
496.4,4.115e+6,3.139e+6,9.758e+5,
496.5,3.626e+6,2.743e+6,8.828e+5,
496.6,3.190e+6,2.350e+6,8.399e+5,
496.7,2.820e+6,1.975e+6,8.450e+5,
496.8,2.523e+6,1.629e+6,8.945e+5,
496.9,2.304e+6,1.320e+6,9.845e+5,
497,2.163e+6,1.053e+6,1.110e+6,
497.1,2.096e+6,8.288e+5,1.267e+6,
497.2,2.097e+6,6.477e+5,1.450e+6,
497.3,2.159e+6,5.063e+5,1.653e+6,
497.4,2.272e+6,4.005e+5,1.871e+6,
497.5,2.425e+6,3.253e+5,2.100e+6,
497.6,2.611e+6,2.757e+5,2.335e+6,
497.7,2.820e+6,2.465e+5,2.573e+6,
497.8,3.045e+6,2.331e+5,2.811e+6,
497.9,3.279e+6,2.314e+5,3.048e+6,
498,3.520e+6,2.377e+5,3.283e+6,
498.1,3.767e+6,2.492e+5,3.518e+6,
498.2,4.021e+6,2.638e+5,3.757e+6,
498.3,4.286e+6,2.801e+5,4.006e+6,
498.4,4.570e+6,2.973e+5,4.273e+6,
498.5,4.885e+6,3.155e+5,4.569e+6,
498.6,5.243e+6,3.352e+5,4.908e+6,
498.7,5.660e+6,3.577e+5,5.303e+6,
498.8,6.154e+6,3.846e+5,5.770e+6,
498.9,6.742e+6,4.177e+5,6.324e+6,
499,7.437e+6,4.589e+5,6.979e+6,
499.1,8.251e+6,5.099e+5,7.741e+6,
499.2,9.187e+6,5.719e+5,8.615e+6,
499.3,1.024e+7,6.452e+5,9.593e+6,
499.4,1.139e+7,7.295e+5,1.066e+7,
499.5,1.261e+7,8.234e+5,1.179e+7,
499.6,1.387e+7,9.244e+5,1.294e+7,
499.7,1.511e+7,1.029e+6,1.408e+7,
499.8,1.627e+7,1.134e+6,1.514e+7,
499.9,1.731e+7,1.235e+6,1.608e+7,
500,1.816e+7,1.326e+6,1.684e+7,
500.1,1.878e+7,1.405e+6,1.737e+7,
500.2,1.912e+7,1.468e+6,1.765e+7,
500.3,1.917e+7,1.512e+6,1.766e+7,
500.4,1.892e+7,1.537e+6,1.739e+7,
500.5,1.840e+7,1.542e+6,1.686e+7,
500.6,1.763e+7,1.528e+6,1.610e+7,
500.7,1.666e+7,1.498e+6,1.517e+7,
500.8,1.556e+7,1.454e+6,1.410e+7,
500.9,1.437e+7,1.399e+6,1.297e+7,
501,1.317e+7,1.337e+6,1.183e+7,
501.1,1.201e+7,1.270e+6,1.074e+7,
501.2,1.093e+7,1.201e+6,9.734e+6,
501.3,9.985e+6,1.132e+6,8.853e+6,
501.4,9.184e+6,1.063e+6,8.121e+6,
501.5,8.546e+6,9.970e+5,7.549e+6,
501.6,8.073e+6,9.324e+5,7.141e+6,6.041e-15
501.7,7.761e+6,8.696e+5,6.891e+6,2.757e-14
501.8,7.599e+6,8.083e+5,6.790e+6,8.961e-14
501.9,7.572e+6,7.480e+5,6.824e+6,2.856e-13
502,7.665e+6,6.884e+5,6.977e+6,8.929e-13
502.1,7.862e+6,6.294e+5,7.232e+6,2.738e-12
502.2,8.146e+6,5.709e+5,7.575e+6,8.237e-12
502.3,8.504e+6,5.134e+5,7.991e+6,2.430e-11
502.4,8.920e+6,4.570e+5,8.463e+6,7.033e-11
502.5,9.379e+6,4.024e+5,8.977e+6,1.996e-10
502.6,9.865e+6,3.502e+5,9.514e+6,5.558e-10
502.7,1.036e+7,3.010e+5,1.006e+7,1.518e-9
502.8,1.084e+7,2.553e+5,1.058e+7,4.066e-9
502.9,1.128e+7,2.135e+5,1.107e+7,1.068e-8
503,1.166e+7,1.760e+5,1.149e+7,2.754e-8
503.1,1.197e+7,1.429e+5,1.182e+7,6.962e-8
503.2,1.217e+7,1.143e+5,1.205e+7,1.726e-7
503.3,1.225e+7,8.997e+4,1.216e+7,4.199e-7
503.4,1.220e+7,6.967e+4,1.213e+7,1.002e-6
503.5,1.202e+7,5.306e+4,1.197e+7,2.344e-6
503.6,1.171e+7,3.973e+4,1.167e+7,5.381e-6
503.7,1.127e+7,2.924e+4,1.124e+7,1.211e-5
503.8,1.073e+7,2.115e+4,1.071e+7,2.675e-5
503.9,1.010e+7,1.502e+4,1.009e+7,5.795e-5
504,9.414e+6,1.048e+4,9.403e+6,1.231e-4
504.1,8.688e+6,7.186e+3,8.681e+6,2.566e-4
504.2,7.950e+6,4.840e+3,7.945e+6,5.247e-4
504.3,7.222e+6,3.209e+3,7.218e+6,1.052e-3
504.4,6.523e+6,2.104e+3,6.521e+6,2.069e-3
504.5,5.870e+6,1.382e+3,5.868e+6,3.992e-3
504.6,5.274e+6,9.402e+2,5.273e+6,7.555e-3
504.7,4.746e+6,7.113e+2,4.745e+6,1.402e-2
504.8,4.290e+6,6.587e+2,4.289e+6,2.553e-2
504.9,3.911e+6,7.753e+2,3.911e+6,4.560e-2
505,3.612e+6,1.083e+3,3.611e+6,7.988e-2
505.1,3.392e+6,1.636e+3,3.390e+6,1.373e-1
505.2,3.251e+6,2.523e+3,3.249e+6,2.314e-1
505.3,3.188e+6,3.873e+3,3.184e+6,3.825e-1
505.4,3.199e+6,5.862e+3,3.193e+6,6.203e-1
505.5,3.280e+6,8.719e+3,3.271e+6,9.867e-1
505.6,3.424e+6,1.273e+4,3.411e+6,1.539e+0
505.7,3.625e+6,1.823e+4,3.607e+6,2.356e+0
505.8,3.873e+6,2.560e+4,3.847e+6,3.537e+0
505.9,4.159e+6,3.527e+4,4.123e+6,5.208e+0
506,4.471e+6,4.766e+4,4.423e+6,7.522e+0
506.1,4.799e+6,6.317e+4,4.735e+6,1.066e+1
506.2,5.131e+6,8.212e+4,5.049e+6,1.481e+1
506.3,5.458e+6,1.047e+5,5.353e+6,2.019e+1
506.4,5.768e+6,1.310e+5,5.637e+6,2.699e+1
506.5,6.054e+6,1.607e+5,5.893e+6,3.540e+1
506.6,6.307e+6,1.934e+5,6.113e+6,4.554e+1
506.7,6.520e+6,2.283e+5,6.292e+6,5.747e+1
506.8,6.688e+6,2.646e+5,6.423e+6,7.113e+1
506.9,6.806e+6,3.008e+5,6.505e+6,8.636e+1
507,6.872e+6,3.356e+5,6.536e+6,1.028e+2
507.1,6.885e+6,3.677e+5,6.517e+6,1.201e+2
507.2,6.846e+6,3.956e+5,6.451e+6,1.377e+2
507.3,6.760e+6,4.182e+5,6.341e+6,1.547e+2
507.4,6.631e+6,4.347e+5,6.196e+6,1.706e+2
507.5,6.468e+6,4.447e+5,6.023e+6,1.844e+2
507.6,6.282e+6,4.481e+5,5.833e+6,1.956e+2
507.7,6.085e+6,4.454e+5,5.639e+6,2.036e+2
507.8,5.892e+6,4.375e+5,5.454e+6,2.078e+2
507.9,5.718e+6,4.256e+5,5.292e+6,2.080e+2
508,5.578e+6,4.110e+5,5.167e+6,2.043e+2
508.1,5.489e+6,3.951e+5,5.094e+6,1.968e+2
508.2,5.465e+6,3.792e+5,5.085e+6,1.861e+2
508.3,5.518e+6,3.643e+5,5.153e+6,1.726e+2
508.4,5.659e+6,3.510e+5,5.308e+6,1.571e+2
508.5,5.897e+6,3.397e+5,5.557e+6,1.405e+2
508.6,6.234e+6,3.302e+5,5.904e+6,1.234e+2
508.7,6.672e+6,3.221e+5,6.350e+6,1.067e+2
508.8,7.206e+6,3.148e+5,6.891e+6,9.097e+1
508.9,7.826e+6,3.074e+5,7.518e+6,7.672e+1
509,8.518e+6,2.991e+5,8.219e+6,6.436e+1
509.1,9.262e+6,2.891e+5,8.972e+6,5.416e+1
509.2,1.003e+7,2.770e+5,9.756e+6,4.624e+1
509.3,1.080e+7,2.625e+5,1.054e+7,4.064e+1
509.4,1.154e+7,2.455e+5,1.129e+7,3.730e+1
509.5,1.221e+7,2.263e+5,1.198e+7,3.609e+1
509.6,1.278e+7,2.053e+5,1.258e+7,3.685e+1
509.7,1.322e+7,1.832e+5,1.304e+7,3.937e+1
509.8,1.351e+7,1.607e+5,1.335e+7,4.342e+1
509.9,1.362e+7,1.385e+5,1.348e+7,4.875e+1
510,1.355e+7,1.172e+5,1.343e+7,5.511e+1
510.1,1.329e+7,9.735e+4,1.319e+7,6.223e+1
510.2,1.284e+7,7.937e+4,1.277e+7,6.982e+1
510.3,1.224e+7,6.350e+4,1.218e+7,7.760e+1
510.4,1.150e+7,4.986e+4,1.145e+7,8.528e+1
510.5,1.066e+7,3.842e+4,1.062e+7,9.261e+1
510.6,9.741e+6,2.906e+4,9.711e+6,9.932e+1
510.7,8.789e+6,2.159e+4,8.767e+6,1.052e+2
510.8,7.835e+6,1.579e+4,7.819e+6,1.100e+2
510.9,6.910e+6,1.142e+4,6.899e+6,1.137e+2
511,6.038e+6,8.261e+3,6.030e+6,1.161e+2
511.1,5.238e+6,6.124e+3,5.232e+6,1.173e+2
511.2,4.520e+6,4.871e+3,4.515e+6,1.172e+2
511.3,3.889e+6,4.428e+3,3.884e+6,1.161e+2
511.4,3.344e+6,4.794e+3,3.340e+6,1.139e+2
511.5,2.881e+6,6.050e+3,2.875e+6,1.110e+2
511.6,2.491e+6,8.371e+3,2.482e+6,1.076e+2
511.7,2.163e+6,1.203e+4,2.151e+6,1.038e+2
511.8,1.889e+6,1.742e+4,1.872e+6,9.990e+1
511.9,1.660e+6,2.502e+4,1.635e+6,9.609e+1
512,1.467e+6,3.545e+4,1.432e+6,9.254e+1
512.1,1.307e+6,4.939e+4,1.257e+6,8.937e+1
512.2,1.175e+6,6.758e+4,1.108e+6,8.665e+1
512.3,1.072e+6,9.081e+4,9.815e+5,8.444e+1
512.4,9.994e+5,1.198e+5,8.795e+5,8.273e+1
512.5,9.597e+5,1.551e+5,8.045e+5,8.148e+1
512.6,9.577e+5,1.972e+5,7.605e+5,8.064e+1
512.7,9.990e+5,2.460e+5,7.529e+5,8.012e+1
512.8,1.090e+6,3.013e+5,7.882e+5,7.986e+1
512.9,1.236e+6,3.622e+5,8.734e+5,7.975e+1
513,1.443e+6,4.273e+5,1.016e+6,7.972e+1
513.1,1.717e+6,4.950e+5,1.222e+6,7.969e+1
513.2,2.061e+6,5.627e+5,1.498e+6,7.962e+1
513.3,2.478e+6,6.280e+5,1.850e+6,7.944e+1
513.4,2.967e+6,6.878e+5,2.280e+6,7.915e+1
513.5,3.526e+6,7.395e+5,2.787e+6,7.874e+1
513.6,4.148e+6,7.805e+5,3.367e+6,7.822e+1
513.7,4.822e+6,8.085e+5,4.014e+6,7.763e+1
513.8,5.535e+6,8.221e+5,4.713e+6,7.701e+1
513.9,6.269e+6,8.205e+5,5.448e+6,7.640e+1
514,7.002e+6,8.039e+5,6.198e+6,7.583e+1
514.1,7.711e+6,7.733e+5,6.938e+6,7.533e+1
514.2,8.370e+6,7.302e+5,7.640e+6,7.487e+1
514.3,8.954e+6,6.772e+5,8.277e+6,7.443e+1
514.4,9.441e+6,6.169e+5,8.824e+6,7.394e+1
514.5,9.809e+6,5.524e+5,9.256e+6,7.330e+1
514.6,1.004e+7,4.867e+5,9.556e+6,7.240e+1
514.7,1.013e+7,4.226e+5,9.711e+6,7.114e+1
514.8,1.008e+7,3.626e+5,9.716e+6,6.940e+1
514.9,9.883e+6,3.088e+5,9.574e+6,6.710e+1
515,9.557e+6,2.629e+5,9.294e+6,6.420e+1
515.1,9.119e+6,2.259e+5,8.893e+6,6.070e+1
515.2,8.590e+6,1.984e+5,8.392e+6,5.664e+1
515.3,7.997e+6,1.808e+5,7.816e+6,5.210e+1
515.4,7.364e+6,1.728e+5,7.191e+6,4.720e+1
515.5,6.719e+6,1.740e+5,6.545e+6,4.209e+1
515.6,6.084e+6,1.835e+5,5.901e+6,3.691e+1
515.7,5.481e+6,2.004e+5,5.281e+6,3.183e+1
515.8,4.925e+6,2.233e+5,4.702e+6,2.697e+1
515.9,4.429e+6,2.508e+5,4.178e+6,2.245e+1
516,3.998e+6,2.812e+5,3.716e+6,1.836e+1
516.1,3.634e+6,3.127e+5,3.321e+6,1.474e+1
516.2,3.336e+6,3.436e+5,2.993e+6,1.162e+1
516.3,3.100e+6,3.720e+5,2.728e+6,8.998e+0
516.4,2.918e+6,3.962e+5,2.522e+6,6.837e+0
516.5,2.784e+6,4.151e+5,2.369e+6,5.099e+0
516.6,2.690e+6,4.274e+5,2.262e+6,3.733e+0
516.7,2.627e+6,4.327e+5,2.194e+6,2.682e+0
516.8,2.590e+6,4.309e+5,2.159e+6,1.892e+0
516.9,2.573e+6,4.226e+5,2.150e+6,1.309e+0
517,2.571e+6,4.088e+5,2.162e+6,8.891e-1
517.1,2.582e+6,3.911e+5,2.191e+6,5.927e-1
517.2,2.602e+6,3.715e+5,2.231e+6,3.877e-1
517.3,2.631e+6,3.521e+5,2.279e+6,2.489e-1
517.4,2.667e+6,3.356e+5,2.332e+6,1.568e-1
517.5,2.709e+6,3.242e+5,2.385e+6,9.705e-2
517.6,2.756e+6,3.205e+5,2.436e+6,5.905e-2
517.7,2.809e+6,3.263e+5,2.482e+6,3.547e-2
517.8,2.866e+6,3.434e+5,2.523e+6,2.129e-2
517.9,2.930e+6,3.729e+5,2.557e+6,1.323e-2
518,3.000e+6,4.151e+5,2.585e+6,9.243e-3
518.1,3.077e+6,4.697e+5,2.608e+6,8.215e-3
518.2,3.164e+6,5.356e+5,2.629e+6,9.738e-3
518.3,3.262e+6,6.107e+5,2.652e+6,1.400e-2
518.4,3.373e+6,6.924e+5,2.681e+6,2.178e-2
518.5,3.499e+6,7.772e+5,2.721e+6,3.449e-2
518.6,3.639e+6,8.610e+5,2.778e+6,5.431e-2
518.7,3.794e+6,9.398e+5,2.854e+6,8.439e-2
518.8,3.963e+6,1.009e+6,2.953e+6,1.291e-1
518.9,4.143e+6,1.066e+6,3.077e+6,1.943e-1
519,4.331e+6,1.106e+6,3.225e+6,2.877e-1
519.1,4.524e+6,1.127e+6,3.397e+6,4.193e-1
519.2,4.715e+6,1.128e+6,3.587e+6,6.015e-1
519.3,4.901e+6,1.109e+6,3.792e+6,8.498e-1
519.4,5.076e+6,1.070e+6,4.006e+6,1.183e+0
519.5,5.237e+6,1.014e+6,4.223e+6,1.623e+0
519.6,5.381e+6,9.427e+5,4.439e+6,2.195e+0
519.7,5.510e+6,8.610e+5,4.649e+6,2.930e+0
519.8,5.626e+6,7.720e+5,4.854e+6,3.861e+0
519.9,5.735e+6,6.797e+5,5.056e+6,5.026e+0
520,5.848e+6,5.877e+5,5.260e+6,6.467e+0
520.1,5.977e+6,4.993e+5,5.477e+6,8.230e+0
520.2,6.137e+6,4.171e+5,5.720e+6,1.037e+1
520.3,6.345e+6,3.430e+5,6.002e+6,1.293e+1
520.4,6.617e+6,2.786e+5,6.339e+6,1.599e+1
520.5,6.971e+6,2.245e+5,6.746e+6,1.960e+1
520.6,7.418e+6,1.812e+5,7.236e+6,2.385e+1
520.7,7.966e+6,1.487e+5,7.817e+6,2.883e+1
520.8,8.618e+6,1.271e+5,8.491e+6,3.462e+1
520.9,9.371e+6,1.163e+5,9.254e+6,4.134e+1
521,1.021e+7,1.163e+5,1.010e+7,4.914e+1
521.1,1.113e+7,1.274e+5,1.100e+7,5.817e+1
521.2,1.209e+7,1.500e+5,1.194e+7,6.863e+1
521.3,1.308e+7,1.847e+5,1.290e+7,8.077e+1
521.4,1.407e+7,2.325e+5,1.384e+7,9.488e+1
521.5,1.503e+7,2.941e+5,1.473e+7,1.113e+2
521.6,1.592e+7,3.703e+5,1.555e+7,1.306e+2
521.7,1.674e+7,4.617e+5,1.628e+7,1.531e+2
521.8,1.745e+7,5.684e+5,1.688e+7,1.796e+2
521.9,1.805e+7,6.901e+5,1.736e+7,2.108e+2
522,1.852e+7,8.256e+5,1.769e+7,2.476e+2
522.1,1.886e+7,9.730e+5,1.788e+7,2.909e+2
522.2,1.905e+7,1.129e+6,1.792e+7,3.417e+2
522.3,1.911e+7,1.291e+6,1.781e+7,4.013e+2
522.4,1.902e+7,1.454e+6,1.757e+7,4.706e+2
522.5,1.879e+7,1.612e+6,1.718e+7,5.509e+2
522.6,1.844e+7,1.761e+6,1.667e+7,6.431e+2
522.7,1.795e+7,1.894e+6,1.606e+7,7.480e+2
522.8,1.735e+7,2.006e+6,1.534e+7,8.660e+2
522.9,1.665e+7,2.092e+6,1.456e+7,9.972e+2
523,1.586e+7,2.148e+6,1.371e+7,1.141e+3
523.1,1.501e+7,2.171e+6,1.284e+7,1.296e+3
523.2,1.413e+7,2.160e+6,1.197e+7,1.459e+3
523.3,1.324e+7,2.116e+6,1.112e+7,1.629e+3
523.4,1.237e+7,2.040e+6,1.033e+7,1.801e+3
523.5,1.155e+7,1.935e+6,9.610e+6,1.969e+3
523.6,1.080e+7,1.806e+6,8.996e+6,2.130e+3
523.7,1.017e+7,1.659e+6,8.505e+6,2.276e+3
523.8,9.653e+6,1.499e+6,8.152e+6,2.402e+3
523.9,9.283e+6,1.332e+6,7.948e+6,2.502e+3
524,9.068e+6,1.164e+6,7.901e+6,2.571e+3
524.1,9.017e+6,1.001e+6,8.013e+6,2.605e+3
524.2,9.130e+6,8.473e+5,8.280e+6,2.601e+3
524.3,9.406e+6,7.060e+5,8.698e+6,2.559e+3
524.4,9.839e+6,5.799e+5,9.257e+6,2.479e+3
524.5,1.042e+7,4.706e+5,9.945e+6,2.365e+3
524.6,1.113e+7,3.790e+5,1.075e+7,2.220e+3
524.7,1.196e+7,3.052e+5,1.165e+7,2.051e+3
524.8,1.288e+7,2.489e+5,1.263e+7,1.865e+3
524.9,1.389e+7,2.096e+5,1.368e+7,1.668e+3
525,1.494e+7,1.864e+5,1.476e+7,1.468e+3
525.1,1.602e+7,1.788e+5,1.584e+7,1.271e+3
525.2,1.710e+7,1.862e+5,1.691e+7,1.083e+3
525.3,1.814e+7,2.080e+5,1.793e+7,9.098e+2
525.4,1.910e+7,2.437e+5,1.885e+7,7.546e+2
525.5,1.994e+7,2.931e+5,1.965e+7,6.200e+2
525.6,2.064e+7,3.554e+5,2.029e+7,5.077e+2
525.7,2.116e+7,4.297e+5,2.073e+7,4.183e+2
525.8,2.146e+7,5.148e+5,2.095e+7,3.518e+2
525.9,2.153e+7,6.088e+5,2.092e+7,3.078e+2
526,2.135e+7,7.094e+5,2.064e+7,2.857e+2
526.1,2.092e+7,8.137e+5,2.011e+7,2.844e+2
526.2,2.025e+7,9.181e+5,1.933e+7,3.032e+2
526.3,1.935e+7,1.019e+6,1.833e+7,3.413e+2
526.4,1.826e+7,1.112e+6,1.715e+7,3.976e+2
526.5,1.701e+7,1.195e+6,1.582e+7,4.713e+2
526.6,1.565e+7,1.262e+6,1.438e+7,5.610e+2
526.7,1.421e+7,1.313e+6,1.290e+7,6.654e+2
526.8,1.275e+7,1.345e+6,1.140e+7,7.825e+2
526.9,1.130e+7,1.356e+6,9.946e+6,9.099e+2
527,9.911e+6,1.349e+6,8.561e+6,1.045e+3
527.1,8.603e+6,1.324e+6,7.278e+6,1.183e+3
527.2,7.405e+6,1.283e+6,6.121e+6,1.321e+3
527.3,6.334e+6,1.230e+6,5.103e+6,1.455e+3
527.4,5.402e+6,1.168e+6,4.232e+6,1.581e+3
527.5,4.613e+6,1.100e+6,3.511e+6,1.693e+3
527.6,3.967e+6,1.029e+6,2.936e+6,1.788e+3
527.7,3.462e+6,9.592e+5,2.500e+6,1.863e+3
527.8,3.088e+6,8.918e+5,2.195e+6,1.915e+3
527.9,2.838e+6,8.283e+5,2.008e+6,1.942e+3
528,2.699e+6,7.695e+5,1.927e+6,1.945e+3
528.1,2.657e+6,7.154e+5,1.940e+6,1.923e+3
528.2,2.699e+6,6.655e+5,2.032e+6,1.879e+3
528.3,2.809e+6,6.189e+5,2.188e+6,1.817e+3
528.4,2.970e+6,5.747e+5,2.393e+6,1.739e+3
528.5,3.165e+6,5.321e+5,2.632e+6,1.652e+3
528.6,3.379e+6,4.901e+5,2.887e+6,1.561e+3
528.7,3.594e+6,4.483e+5,3.144e+6,1.470e+3
528.8,3.795e+6,4.064e+5,3.387e+6,1.385e+3
528.9,3.969e+6,3.647e+5,3.603e+6,1.311e+3
529,4.105e+6,3.234e+5,3.781e+6,1.251e+3
529.1,4.195e+6,2.830e+5,3.911e+6,1.207e+3
529.2,4.236e+6,2.443e+5,3.990e+6,1.181e+3
529.3,4.225e+6,2.078e+5,4.016e+6,1.172e+3
529.4,4.166e+6,1.741e+5,3.991e+6,1.178e+3
529.5,4.066e+6,1.437e+5,3.921e+6,1.196e+3
529.6,3.933e+6,1.170e+5,3.815e+6,1.223e+3
529.7,3.779e+6,9.411e+4,3.683e+6,1.255e+3
529.8,3.614e+6,7.519e+4,3.538e+6,1.286e+3
529.9,3.452e+6,6.022e+4,3.390e+6,1.312e+3
530,3.302e+6,4.918e+4,3.252e+6,1.329e+3
530.1,3.176e+6,4.206e+4,3.132e+6,1.334e+3
530.2,3.079e+6,3.893e+4,3.039e+6,1.325e+3
530.3,3.019e+6,3.999e+4,2.978e+6,1.300e+3
530.4,2.998e+6,4.556e+4,2.951e+6,1.259e+3
530.5,3.016e+6,5.615e+4,2.958e+6,1.204e+3
530.6,3.071e+6,7.244e+4,2.998e+6,1.135e+3
530.7,3.161e+6,9.526e+4,3.064e+6,1.056e+3
530.8,3.278e+6,1.255e+5,3.152e+6,9.701e+2
530.9,3.417e+6,1.642e+5,3.252e+6,8.794e+2
531,3.569e+6,2.121e+5,3.356e+6,7.873e+2
531.1,3.726e+6,2.700e+5,3.455e+6,6.966e+2
531.2,3.879e+6,3.382e+5,3.540e+6,6.099e+2
531.3,4.019e+6,4.166e+5,3.602e+6,5.288e+2
531.4,4.139e+6,5.046e+5,3.634e+6,4.549e+2
531.5,4.232e+6,6.008e+5,3.630e+6,3.889e+2
531.6,4.292e+6,7.033e+5,3.588e+6,3.313e+2
531.7,4.316e+6,8.093e+5,3.506e+6,2.819e+2
531.8,4.302e+6,9.154e+5,3.387e+6,2.403e+2
531.9,4.253e+6,1.018e+6,3.235e+6,2.058e+2
532,4.170e+6,1.113e+6,3.057e+6,1.777e+2
532.1,4.060e+6,1.196e+6,2.864e+6,1.551e+2
532.2,3.929e+6,1.264e+6,2.666e+6,1.370e+2
532.3,3.786e+6,1.313e+6,2.474e+6,1.226e+2
532.4,3.641e+6,1.341e+6,2.300e+6,1.110e+2
532.5,3.501e+6,1.347e+6,2.154e+6,1.016e+2
532.6,3.378e+6,1.330e+6,2.048e+6,9.364e+1
532.7,3.277e+6,1.291e+6,1.986e+6,8.677e+1
532.8,3.207e+6,1.233e+6,1.974e+6,8.056e+1
532.9,3.172e+6,1.158e+6,2.014e+6,7.473e+1
533,3.172e+6,1.069e+6,2.103e+6,6.910e+1
533.1,3.207e+6,9.709e+5,2.236e+6,6.356e+1
533.2,3.273e+6,8.672e+5,2.406e+6,5.806e+1
533.3,3.363e+6,7.619e+5,2.601e+6,5.259e+1
533.4,3.468e+6,6.584e+5,2.810e+6,4.719e+1
533.5,3.577e+6,5.598e+5,3.017e+6,4.190e+1
533.6,3.679e+6,4.684e+5,3.211e+6,3.681e+1
533.7,3.763e+6,3.860e+5,3.377e+6,3.198e+1
533.8,3.817e+6,3.136e+5,3.503e+6,2.748e+1
533.9,3.834e+6,2.518e+5,3.582e+6,2.337e+1
534,3.807e+6,2.009e+5,3.606e+6,1.971e+1
534.1,3.735e+6,1.605e+5,3.574e+6,1.654e+1
534.2,3.618e+6,1.307e+5,3.487e+6,1.390e+1
534.3,3.461e+6,1.112e+5,3.350e+6,1.182e+1
534.4,3.273e+6,1.020e+5,3.171e+6,1.033e+1
534.5,3.064e+6,1.037e+5,2.960e+6,9.435e+0
534.6,2.847e+6,1.170e+5,2.730e+6,9.176e+0
534.7,2.635e+6,1.432e+5,2.492e+6,9.576e+0
534.8,2.445e+6,1.842e+5,2.260e+6,1.066e+1
534.9,2.288e+6,2.423e+5,2.045e+6,1.247e+1
535,2.177e+6,3.201e+5,1.857e+6,1.502e+1
535.1,2.123e+6,4.207e+5,1.702e+6,1.833e+1
535.2,2.133e+6,5.469e+5,1.586e+6,2.243e+1
535.3,2.212e+6,7.014e+5,1.511e+6,2.730e+1
535.4,2.362e+6,8.863e+5,1.475e+6,3.290e+1
535.5,2.579e+6,1.103e+6,1.476e+6,3.919e+1
535.6,2.860e+6,1.351e+6,1.509e+6,4.606e+1
535.7,3.196e+6,1.629e+6,1.566e+6,5.339e+1
535.8,3.574e+6,1.934e+6,1.640e+6,6.104e+1
535.9,3.982e+6,2.260e+6,1.722e+6,6.882e+1
536,4.404e+6,2.600e+6,1.803e+6,7.654e+1
536.1,4.822e+6,2.946e+6,1.876e+6,8.399e+1
536.2,5.222e+6,3.288e+6,1.934e+6,9.098e+1
536.3,5.587e+6,3.614e+6,1.972e+6,9.731e+1
536.4,5.903e+6,3.916e+6,1.987e+6,1.028e+2
536.5,6.162e+6,4.183e+6,1.979e+6,1.074e+2
536.6,6.355e+6,4.407e+6,1.948e+6,1.109e+2
536.7,6.482e+6,4.584e+6,1.898e+6,1.132e+2
536.8,6.544e+6,4.709e+6,1.835e+6,1.144e+2
536.9,6.548e+6,4.783e+6,1.765e+6,1.144e+2
537,6.506e+6,4.808e+6,1.697e+6,1.132e+2
537.1,6.430e+6,4.790e+6,1.639e+6,1.109e+2
537.2,6.335e+6,4.735e+6,1.600e+6,1.076e+2
537.3,6.238e+6,4.650e+6,1.588e+6,1.034e+2
537.4,6.153e+6,4.544e+6,1.609e+6,9.835e+1
537.5,6.092e+6,4.424e+6,1.668e+6,9.257e+1
537.6,6.065e+6,4.297e+6,1.768e+6,8.622e+1
537.7,6.077e+6,4.166e+6,1.910e+6,7.943e+1
537.8,6.128e+6,4.035e+6,2.093e+6,7.235e+1
537.9,6.215e+6,3.903e+6,2.312e+6,6.513e+1
538,6.333e+6,3.770e+6,2.563e+6,5.794e+1
538.1,6.472e+6,3.634e+6,2.838e+6,5.091e+1
538.2,6.621e+6,3.492e+6,3.129e+6,4.417e+1
538.3,6.770e+6,3.343e+6,3.428e+6,3.785e+1
538.4,6.910e+6,3.185e+6,3.725e+6,3.204e+1
538.5,7.033e+6,3.020e+6,4.013e+6,2.679e+1
538.6,7.135e+6,2.849e+6,4.286e+6,2.217e+1
538.7,7.214e+6,2.676e+6,4.538e+6,1.819e+1
538.8,7.273e+6,2.507e+6,4.766e+6,1.485e+1
538.9,7.314e+6,2.348e+6,4.966e+6,1.211e+1
539,7.346e+6,2.206e+6,5.140e+6,9.933e+0
539.1,7.374e+6,2.088e+6,5.286e+6,8.271e+0
539.2,7.406e+6,2.001e+6,5.405e+6,7.057e+0
539.3,7.447e+6,1.949e+6,5.498e+6,6.223e+0
539.4,7.503e+6,1.938e+6,5.565e+6,5.699e+0
539.5,7.575e+6,1.969e+6,5.606e+6,5.418e+0
539.6,7.662e+6,2.042e+6,5.621e+6,5.316e+0
539.7,7.762e+6,2.155e+6,5.607e+6,5.333e+0
539.8,7.870e+6,2.306e+6,5.564e+6,5.418e+0
539.9,7.979e+6,2.490e+6,5.489e+6,5.526e+0
540,8.081e+6,2.699e+6,5.382e+6,5.620e+0
540.1,8.170e+6,2.929e+6,5.241e+6,5.671e+0
540.2,8.238e+6,3.170e+6,5.068e+6,5.660e+0
540.3,8.278e+6,3.415e+6,4.863e+6,5.574e+0
540.4,8.285e+6,3.656e+6,4.630e+6,5.410e+0
540.5,8.256e+6,3.884e+6,4.372e+6,5.170e+0
540.6,8.189e+6,4.093e+6,4.096e+6,4.861e+0
540.7,8.083e+6,4.275e+6,3.807e+6,4.495e+0
540.8,7.937e+6,4.424e+6,3.513e+6,4.089e+0
540.9,7.753e+6,4.533e+6,3.220e+6,3.656e+0
541,7.534e+6,4.598e+6,2.936e+6,3.214e+0
541.1,7.283e+6,4.616e+6,2.667e+6,2.778e+0
541.2,7.003e+6,4.583e+6,2.420e+6,2.361e+0
541.3,6.700e+6,4.501e+6,2.199e+6,1.972e+0
541.4,6.380e+6,4.370e+6,2.011e+6,1.619e+0
541.5,6.050e+6,4.193e+6,1.858e+6,1.307e+0
541.6,5.718e+6,3.974e+6,1.743e+6,1.037e+0
541.7,5.390e+6,3.721e+6,1.669e+6,8.090e-1
541.8,5.075e+6,3.441e+6,1.635e+6,6.203e-1
541.9,4.781e+6,3.141e+6,1.639e+6,4.675e-1
542,4.512e+6,2.832e+6,1.681e+6,3.464e-1
542.1,4.275e+6,2.521e+6,1.754e+6,2.523e-1
542.2,4.071e+6,2.216e+6,1.855e+6,1.806e-1
542.3,3.901e+6,1.925e+6,1.975e+6,1.271e-1
542.4,3.762e+6,1.654e+6,2.108e+6,8.796e-2
542.5,3.652e+6,1.406e+6,2.246e+6,5.982e-2
542.6,3.564e+6,1.184e+6,2.380e+6,3.999e-2
542.7,3.493e+6,9.901e+5,2.503e+6,2.628e-2
542.8,3.432e+6,8.234e+5,2.609e+6,1.698e-2
542.9,3.376e+6,6.829e+5,2.693e+6,1.078e-2
543,3.318e+6,5.665e+5,2.752e+6,6.732e-3
543.1,3.257e+6,4.718e+5,2.786e+6,4.131e-3
543.2,3.191e+6,3.958e+5,2.795e+6,2.492e-3
543.3,3.119e+6,3.357e+5,2.783e+6,1.478e-3
543.4,3.043e+6,2.887e+5,2.754e+6,8.614e-4
543.5,2.967e+6,2.526e+5,2.715e+6,4.936e-4
543.6,2.894e+6,2.250e+5,2.669e+6,2.780e-4
543.7,2.828e+6,2.044e+5,2.624e+6,1.539e-4
543.8,2.772e+6,1.894e+5,2.583e+6,8.379e-5
543.9,2.728e+6,1.789e+5,2.549e+6,4.483e-5
544,2.698e+6,1.723e+5,2.526e+6,2.358e-5
544.1,2.681e+6,1.690e+5,2.512e+6,1.219e-5
544.2,2.677e+6,1.689e+5,2.508e+6,6.197e-6
544.3,2.684e+6,1.717e+5,2.512e+6,3.096e-6
544.4,2.698e+6,1.775e+5,2.520e+6,1.520e-6
544.5,2.717e+6,1.864e+5,2.531e+6,7.341e-7
544.6,2.739e+6,1.985e+5,2.541e+6,3.484e-7
544.7,2.762e+6,2.141e+5,2.548e+6,1.625e-7
544.8,2.786e+6,2.333e+5,2.552e+6,7.453e-8
544.9,2.809e+6,2.564e+5,2.553e+6,3.360e-8
545,2.834e+6,2.833e+5,2.550e+6,1.489e-8
545.1,2.861e+6,3.141e+5,2.547e+6,6.486e-9
545.2,2.893e+6,3.484e+5,2.545e+6,2.777e-9
545.3,2.932e+6,3.858e+5,2.546e+6,1.169e-9
545.4,2.979e+6,4.257e+5,2.553e+6,4.838e-10
545.5,3.036e+6,4.670e+5,2.569e+6,1.968e-10
545.6,3.102e+6,5.086e+5,2.594e+6,7.868e-11
545.7,3.178e+6,5.491e+5,2.629e+6,3.093e-11
545.8,3.261e+6,5.871e+5,2.674e+6,1.195e-11
545.9,3.350e+6,6.211e+5,2.728e+6,4.539e-12
546,3.439e+6,6.497e+5,2.790e+6,1.695e-12
546.1,3.527e+6,6.720e+5,2.856e+6,6.220e-13
546.2,3.611e+6,6.869e+5,2.924e+6,2.244e-13
546.3,3.687e+6,6.940e+5,2.993e+6,7.959e-14
546.4,3.754e+6,6.934e+5,3.061e+6,2.775e-14
546.5,3.813e+6,6.852e+5,3.128e+6,9.509e-15
546.6,3.864e+6,6.703e+5,3.193e+6,3.204e-15
546.7,3.909e+6,6.495e+5,3.260e+6,1.061e-15
546.8,3.954e+6,6.242e+5,3.329e+6,
546.9,4.001e+6,5.954e+5,3.406e+6,
547,4.057e+6,5.644e+5,3.493e+6,
547.1,4.127e+6,5.323e+5,3.595e+6,
547.2,4.215e+6,5.000e+5,3.715e+6,
547.3,4.325e+6,4.681e+5,3.857e+6,
547.4,4.461e+6,4.370e+5,4.024e+6,
547.5,4.622e+6,4.069e+5,4.215e+6,
547.6,4.808e+6,3.778e+5,4.430e+6,
547.7,5.018e+6,3.497e+5,4.668e+6,
547.8,5.248e+6,3.222e+5,4.926e+6,
547.9,5.494e+6,2.954e+5,5.199e+6,
548,5.751e+6,2.690e+5,5.482e+6,
548.1,6.014e+6,2.431e+5,5.771e+6,
548.2,6.277e+6,2.178e+5,6.060e+6,
548.3,6.536e+6,1.930e+5,6.343e+6,
548.4,6.786e+6,1.692e+5,6.617e+6,
548.5,7.024e+6,1.466e+5,6.878e+6,
548.6,7.249e+6,1.253e+5,7.124e+6,
548.7,7.461e+6,1.057e+5,7.355e+6,
548.8,7.660e+6,8.784e+4,7.572e+6,
548.9,7.850e+6,7.196e+4,7.778e+6,
549,8.036e+6,5.807e+4,7.978e+6,
549.1,8.222e+6,4.614e+4,8.176e+6,
549.2,8.415e+6,3.609e+4,8.379e+6,
549.3,8.621e+6,2.779e+4,8.594e+6,
549.4,8.845e+6,2.105e+4,8.824e+6,
549.5,9.090e+6,1.570e+4,9.075e+6,
549.6,9.357e+6,1.151e+4,9.346e+6,
549.7,9.643e+6,8.308e+3,9.635e+6,
549.8,9.942e+6,5.898e+3,9.936e+6,
549.9,1.024e+7,4.118e+3,1.024e+7,
550,1.053e+7,2.828e+3,1.053e+7,
550.1,1.079e+7,1.911e+3,1.079e+7,
550.2,1.100e+7,1.270e+3,1.100e+7,
550.3,1.115e+7,8.297e+2,1.115e+7,
550.4,1.121e+7,5.333e+2,1.121e+7,
550.5,1.117e+7,3.371e+2,1.117e+7,
550.6,1.102e+7,2.096e+2,1.102e+7,
550.7,1.076e+7,1.282e+2,1.076e+7,
550.8,1.038e+7,7.707e+1,1.038e+7,
550.9,9.889e+6,4.558e+1,9.889e+6,
551,9.304e+6,2.651e+1,9.304e+6,
551.1,8.640e+6,1.517e+1,8.640e+6,
551.2,7.917e+6,8.533e+0,7.917e+6,
551.3,7.159e+6,4.722e+0,7.159e+6,
551.4,6.388e+6,2.569e+0,6.388e+6,
551.5,5.628e+6,1.375e+0,5.628e+6,
551.6,4.897e+6,7.237e-1,4.897e+6,
551.7,4.214e+6,3.747e-1,4.214e+6,
551.8,3.591e+6,1.908e-1,3.591e+6,
551.9,3.037e+6,9.579e-2,3.037e+6,
552,2.558e+6,4.772e-2,2.558e+6,
552.1,2.154e+6,2.435e-2,2.154e+6,
552.2,1.825e+6,1.434e-2,1.825e+6,
552.3,1.566e+6,1.265e-2,1.566e+6,
552.4,1.370e+6,1.846e-2,1.370e+6,
552.5,1.230e+6,3.486e-2,1.230e+6,
552.6,1.138e+6,7.024e-2,1.138e+6,
552.7,1.087e+6,1.419e-1,1.087e+6,
552.8,1.069e+6,2.835e-1,1.069e+6,
552.9,1.077e+6,5.578e-1,1.077e+6,
553,1.105e+6,1.081e+0,1.105e+6,
553.1,1.149e+6,2.061e+0,1.149e+6,
553.2,1.206e+6,3.869e+0,1.206e+6,
553.3,1.271e+6,7.150e+0,1.271e+6,
553.4,1.343e+6,1.301e+1,1.343e+6,
553.5,1.421e+6,2.329e+1,1.421e+6,
553.6,1.503e+6,4.106e+1,1.503e+6,
553.7,1.586e+6,7.125e+1,1.586e+6,
553.8,1.670e+6,1.217e+2,1.670e+6,
553.9,1.752e+6,2.047e+2,1.751e+6,
554,1.829e+6,3.388e+2,1.828e+6,
554.1,1.898e+6,5.523e+2,1.897e+6,
554.2,1.956e+6,8.861e+2,1.955e+6,
554.3,2.000e+6,1.400e+3,1.998e+6,
554.4,2.026e+6,2.177e+3,2.024e+6,
554.5,2.033e+6,3.332e+3,2.029e+6,
554.6,2.018e+6,5.023e+3,2.013e+6,
554.7,1.981e+6,7.453e+3,1.974e+6,
554.8,1.922e+6,1.089e+4,1.912e+6,
554.9,1.844e+6,1.566e+4,1.828e+6,
555,1.747e+6,2.218e+4,1.725e+6,
555.1,1.637e+6,3.093e+4,1.607e+6,
555.2,1.518e+6,4.247e+4,1.476e+6,
555.3,1.395e+6,5.741e+4,1.338e+6,
555.4,1.272e+6,7.641e+4,1.196e+6,
555.5,1.156e+6,1.002e+5,1.055e+6,
555.6,1.049e+6,1.293e+5,9.202e+5,
555.7,9.581e+5,1.643e+5,7.938e+5,
555.8,8.847e+5,2.056e+5,6.791e+5,
555.9,8.319e+5,2.535e+5,5.784e+5,
556,8.012e+5,3.077e+5,4.934e+5,
556.1,7.932e+5,3.680e+5,4.252e+5,
556.2,8.077e+5,4.336e+5,3.741e+5,
556.3,8.437e+5,5.034e+5,3.403e+5,
556.4,8.993e+5,5.759e+5,3.234e+5,
556.5,9.724e+5,6.495e+5,3.229e+5,
556.6,1.060e+6,7.222e+5,3.379e+5,
556.7,1.160e+6,7.923e+5,3.676e+5,
556.8,1.268e+6,8.577e+5,4.106e+5,
556.9,1.383e+6,9.168e+5,4.660e+5,
557,1.501e+6,9.683e+5,5.323e+5,
557.1,1.619e+6,1.011e+6,6.080e+5,
557.2,1.737e+6,1.046e+6,6.917e+5,
557.3,1.853e+6,1.071e+6,7.817e+5,
557.4,1.965e+6,1.089e+6,8.762e+5,
557.5,2.072e+6,1.099e+6,9.735e+5,
557.6,2.175e+6,1.103e+6,1.071e+6,
557.7,2.271e+6,1.103e+6,1.168e+6,
557.8,2.361e+6,1.099e+6,1.262e+6,
557.9,2.443e+6,1.093e+6,1.350e+6,
558,2.515e+6,1.084e+6,1.431e+6,
558.1,2.576e+6,1.075e+6,1.502e+6,
558.2,2.624e+6,1.063e+6,1.561e+6,
558.3,2.655e+6,1.049e+6,1.607e+6,
558.4,2.668e+6,1.031e+6,1.637e+6,
558.5,2.660e+6,1.010e+6,1.650e+6,
558.6,2.629e+6,9.831e+5,1.646e+6,
558.7,2.574e+6,9.506e+5,1.623e+6,
558.8,2.495e+6,9.119e+5,1.583e+6,
558.9,2.392e+6,8.670e+5,1.525e+6,
559,2.267e+6,8.165e+5,1.451e+6,
559.1,2.124e+6,7.613e+5,1.363e+6,
559.2,1.967e+6,7.029e+5,1.264e+6,
559.3,1.799e+6,6.432e+5,1.156e+6,9.461e-15
559.4,1.628e+6,5.844e+5,1.043e+6,2.712e-14
559.5,1.457e+6,5.287e+5,9.284e+5,7.652e-14
559.6,1.293e+6,4.785e+5,8.144e+5,2.126e-13
559.7,1.140e+6,4.359e+5,7.041e+5,5.815e-13
559.8,1.003e+6,4.031e+5,5.999e+5,1.566e-12
559.9,8.855e+5,3.819e+5,5.036e+5,4.151e-12
560,7.901e+5,3.736e+5,4.165e+5,1.083e-11
560.1,7.185e+5,3.793e+5,3.392e+5,2.784e-11
560.2,6.716e+5,3.996e+5,2.721e+5,7.044e-11
560.3,6.492e+5,4.343e+5,2.149e+5,1.754e-10
560.4,6.502e+5,4.831e+5,1.672e+5,4.302e-10
560.5,6.727e+5,5.447e+5,1.280e+5,1.039e-9
560.6,7.138e+5,6.173e+5,9.651e+4,2.469e-9
560.7,7.703e+5,6.987e+5,7.164e+4,5.778e-9
560.8,8.383e+5,7.860e+5,5.236e+4,1.331e-8
560.9,9.134e+5,8.757e+5,3.769e+4,3.019e-8
561,9.911e+5,9.644e+5,2.673e+4,6.742e-8
561.1,1.067e+6,1.048e+6,1.873e+4,1.482e-7
561.2,1.136e+6,1.123e+6,1.301e+4,3.208e-7
561.3,1.196e+6,1.187e+6,9.061e+3,6.837e-7
561.4,1.241e+6,1.235e+6,6.478e+3,1.434e-6
561.5,1.271e+6,1.266e+6,4.979e+3,2.963e-6
561.6,1.282e+6,1.278e+6,4.389e+3,6.026e-6
561.7,1.276e+6,1.271e+6,4.639e+3,1.206e-5
561.8,1.252e+6,1.246e+6,5.768e+3,2.378e-5
561.9,1.212e+6,1.204e+6,7.917e+3,4.615e-5
562,1.158e+6,1.147e+6,1.134e+4,8.817e-5
562.1,1.094e+6,1.077e+6,1.643e+4,1.658e-4
562.2,1.023e+6,9.992e+5,2.370e+4,3.071e-4
562.3,9.493e+5,9.155e+5,3.381e+4,5.600e-4
562.4,8.772e+5,8.296e+5,4.758e+4,1.005e-3
562.5,8.104e+5,7.444e+5,6.600e+4,1.776e-3
562.6,7.527e+5,6.626e+5,9.017e+4,3.091e-3
562.7,7.073e+5,5.860e+5,1.213e+5,5.295e-3
562.8,6.769e+5,5.160e+5,1.608e+5,8.929e-3
562.9,6.634e+5,4.535e+5,2.099e+5,1.483e-2
563,6.685e+5,3.986e+5,2.698e+5,2.424e-2
563.1,6.927e+5,3.511e+5,3.416e+5,3.901e-2
563.2,7.363e+5,3.103e+5,4.260e+5,6.181e-2
563.3,7.987e+5,2.755e+5,5.232e+5,9.644e-2
563.4,8.785e+5,2.456e+5,6.328e+5,1.481e-1
563.5,9.738e+5,2.198e+5,7.540e+5,2.240e-1
563.6,1.082e+6,1.971e+5,8.848e+5,3.335e-1
563.7,1.200e+6,1.768e+5,1.023e+6,4.890e-1
563.8,1.323e+6,1.583e+5,1.165e+6,7.058e-1
563.9,1.447e+6,1.412e+5,1.306e+6,1.003e+0
564,1.568e+6,1.251e+5,1.443e+6,1.404e+0
564.1,1.681e+6,1.100e+5,1.571e+6,1.934e+0
564.2,1.780e+6,9.574e+4,1.684e+6,2.623e+0
564.3,1.862e+6,8.244e+4,1.779e+6,3.505e+0
564.4,1.922e+6,7.015e+4,1.851e+6,4.610e+0
564.5,1.957e+6,5.892e+4,1.898e+6,5.972e+0
564.6,1.966e+6,4.882e+4,1.917e+6,7.619e+0
564.7,1.948e+6,3.989e+4,1.908e+6,9.573e+0
564.8,1.903e+6,3.212e+4,1.871e+6,1.185e+1
564.9,1.833e+6,2.549e+4,1.807e+6,1.444e+1
565,1.740e+6,1.993e+4,1.720e+6,1.734e+1
565.1,1.629e+6,1.534e+4,1.614e+6,2.052e+1
565.2,1.503e+6,1.164e+4,1.491e+6,2.392e+1
565.3,1.367e+6,8.700e+3,1.358e+6,2.748e+1
565.4,1.225e+6,6.414e+3,1.218e+6,3.112e+1
565.5,1.082e+6,4.673e+3,1.077e+6,3.475e+1
565.6,9.419e+5,3.380e+3,9.385e+5,3.826e+1
565.7,8.082e+5,2.453e+3,8.057e+5,4.157e+1
565.8,6.835e+5,1.823e+3,6.816e+5,4.457e+1
565.9,5.697e+5,1.441e+3,5.682e+5,4.717e+1
566,4.681e+5,1.272e+3,4.668e+5,4.932e+1
566.1,3.792e+5,1.303e+3,3.779e+5,5.096e+1
566.2,3.030e+5,1.534e+3,3.014e+5,5.206e+1
566.3,2.390e+5,1.986e+3,2.370e+5,5.262e+1
566.4,1.863e+5,2.696e+3,1.835e+5,5.267e+1
566.5,1.439e+5,3.719e+3,1.401e+5,5.223e+1
566.6,1.106e+5,5.125e+3,1.054e+5,5.135e+1
566.7,8.516e+4,7.001e+3,7.811e+4,5.009e+1
566.8,6.654e+4,9.443e+3,5.704e+4,4.851e+1
566.9,5.366e+4,1.256e+4,4.105e+4,4.669e+1
567,4.561e+4,1.645e+4,2.911e+4,4.468e+1
567.1,4.161e+4,2.123e+4,2.034e+4,4.255e+1
567.2,4.102e+4,2.698e+4,1.400e+4,4.035e+1
567.3,4.329e+4,3.376e+4,9.500e+3,3.813e+1
567.4,4.798e+4,4.159e+4,6.349e+3,3.596e+1
567.5,5.467e+4,5.046e+4,4.181e+3,3.388e+1
567.6,6.302e+4,6.028e+4,2.713e+3,3.195e+1
567.7,7.267e+4,7.091e+4,1.734e+3,3.020e+1
567.8,8.325e+4,8.212e+4,1.092e+3,2.869e+1
567.9,9.436e+4,9.366e+4,6.775e+2,2.746e+1
568,1.056e+5,1.052e+5,4.141e+2,2.655e+1
568.1,1.166e+5,1.163e+5,2.494e+2,2.597e+1
568.2,1.268e+5,1.266e+5,1.480e+2,2.574e+1
568.3,1.359e+5,1.357e+5,8.669e+1,2.586e+1
568.4,1.434e+5,1.433e+5,5.027e+1,2.630e+1
568.5,1.490e+5,1.489e+5,2.920e+1,2.703e+1
568.6,1.525e+5,1.524e+5,1.764e+1,2.800e+1
568.7,1.537e+5,1.536e+5,1.216e+1,2.914e+1
568.8,1.525e+5,1.524e+5,1.109e+1,3.039e+1
568.9,1.490e+5,1.489e+5,1.400e+1,3.167e+1
569,1.433e+5,1.433e+5,2.169e+1,3.291e+1
569.1,1.358e+5,1.357e+5,3.622e+1,3.404e+1
569.2,1.267e+5,1.266e+5,6.141e+1,3.502e+1
569.3,1.164e+5,1.163e+5,1.035e+2,3.581e+1
569.4,1.054e+5,1.052e+5,1.723e+2,3.641e+1
569.5,9.398e+4,9.366e+4,2.827e+2,3.681e+1
569.6,8.262e+4,8.212e+4,4.569e+2,3.706e+1
569.7,7.167e+4,7.091e+4,7.274e+2,3.721e+1
569.8,6.146e+4,6.028e+4,1.141e+3,3.730e+1
569.9,5.226e+4,5.046e+4,1.761e+3,3.743e+1
570,4.431e+4,4.159e+4,2.679e+3,3.767e+1
570.1,3.781e+4,3.376e+4,4.012e+3,3.809e+1
570.2,3.293e+4,2.698e+4,5.919e+3,3.877e+1
570.3,2.987e+4,2.123e+4,8.600e+3,3.975e+1
570.4,2.879e+4,1.645e+4,1.231e+4,4.109e+1
570.5,2.993e+4,1.255e+4,1.734e+4,4.279e+1
570.6,3.354e+4,9.426e+3,2.407e+4,4.487e+1
570.7,3.992e+4,6.973e+3,3.290e+4,4.730e+1
570.8,4.942e+4,5.079e+3,4.429e+4,5.004e+1
570.9,6.242e+4,3.642e+3,5.872e+4,5.304e+1
571,7.931e+4,2.572e+3,7.668e+4,5.625e+1
571.1,1.005e+5,1.788e+3,9.862e+4,5.958e+1
571.2,1.262e+5,1.224e+3,1.249e+5,6.299e+1
571.3,1.567e+5,8.255e+2,1.558e+5,6.641e+1
571.4,1.920e+5,5.480e+2,1.914e+5,6.978e+1
571.5,2.320e+5,3.582e+2,2.316e+5,7.307e+1
571.6,2.763e+5,2.305e+2,2.760e+5,7.627e+1
571.7,3.241e+5,1.461e+2,3.239e+5,7.935e+1
571.8,3.746e+5,9.120e+1,3.744e+5,8.234e+1
571.9,4.264e+5,5.609e+1,4.262e+5,8.526e+1
572,4.780e+5,3.405e+1,4.778e+5,8.813e+1
572.1,5.277e+5,2.050e+1,5.276e+5,9.100e+1
572.2,5.739e+5,1.242e+1,5.738e+5,9.391e+1
572.3,6.146e+5,7.902e+0,6.145e+5,9.690e+1
572.4,6.483e+5,5.816e+0,6.482e+5,1.000e+2
572.5,6.735e+5,5.619e+0,6.734e+5,1.032e+2
572.6,6.891e+5,7.252e+0,6.890e+5,1.066e+2
572.7,6.944e+5,1.113e+1,6.943e+5,1.102e+2
572.8,6.891e+5,1.824e+1,6.890e+5,1.139e+2
572.9,6.736e+5,3.025e+1,6.734e+5,1.177e+2
573,6.484e+5,4.989e+1,6.482e+5,1.215e+2
573.1,6.147e+5,8.127e+1,6.145e+5,1.254e+2
573.2,5.740e+5,1.305e+2,5.738e+5,1.293e+2
573.3,5.280e+5,2.066e+2,5.276e+5,1.332e+2
573.4,4.783e+5,3.220e+2,4.778e+5,1.369e+2
573.5,4.268e+5,4.946e+2,4.262e+5,1.407e+2
573.6,3.753e+5,7.482e+2,3.744e+5,1.443e+2
573.7,3.252e+5,1.115e+3,3.239e+5,1.478e+2
573.8,2.778e+5,1.637e+3,2.760e+5,1.513e+2
573.9,2.341e+5,2.367e+3,2.316e+5,1.547e+2
574,1.950e+5,3.372e+3,1.914e+5,1.581e+2
574.1,1.607e+5,4.731e+3,1.558e+5,1.614e+2
574.2,1.317e+5,6.539e+3,1.250e+5,1.648e+2
574.3,1.078e+5,8.904e+3,9.870e+4,1.680e+2
574.4,8.894e+4,1.194e+4,7.682e+4,1.713e+2
574.5,7.492e+4,1.578e+4,5.896e+4,1.744e+2
574.6,6.541e+4,2.053e+4,4.470e+4,1.772e+2
574.7,6.008e+4,2.632e+4,3.358e+4,1.798e+2
574.8,5.860e+4,3.324e+4,2.518e+4,1.820e+2
574.9,6.067e+4,4.135e+4,1.914e+4,1.835e+2
575,6.603e+4,5.067e+4,1.518e+4,1.844e+2
575.1,7.445e+4,6.116e+4,1.311e+4,1.844e+2
575.2,8.580e+4,7.272e+4,1.290e+4,1.834e+2
575.3,1.000e+5,8.517e+4,1.467e+4,1.813e+2
575.4,1.172e+5,9.827e+4,1.870e+4,1.779e+2
575.5,1.374e+5,1.117e+5,2.553e+4,1.734e+2
575.6,1.611e+5,1.250e+5,3.588e+4,1.676e+2
575.7,1.888e+5,1.379e+5,5.078e+4,1.606e+2
575.8,2.215e+5,1.498e+5,7.154e+4,1.525e+2
575.9,2.603e+5,1.603e+5,9.982e+4,1.436e+2
576,3.067e+5,1.690e+5,1.376e+5,1.340e+2
576.1,3.626e+5,1.754e+5,1.871e+5,1.239e+2
576.2,4.304e+5,1.795e+5,2.508e+5,1.137e+2
576.3,5.126e+5,1.808e+5,3.317e+5,1.034e+2
576.4,6.120e+5,1.795e+5,4.325e+5,9.350e+1
576.5,7.315e+5,1.754e+5,5.559e+5,8.401e+1
576.6,8.736e+5,1.690e+5,7.046e+5,7.514e+1
576.7,1.041e+6,1.603e+5,8.804e+5,6.701e+1
576.8,1.235e+6,1.498e+5,1.085e+6,5.969e+1
576.9,1.456e+6,1.379e+5,1.318e+6,5.318e+1
577,1.703e+6,1.250e+5,1.578e+6,4.747e+1
577.1,1.975e+6,1.117e+5,1.864e+6,4.253e+1
577.2,2.268e+6,9.827e+4,2.170e+6,3.826e+1
577.3,2.577e+6,8.517e+4,2.491e+6,3.460e+1
577.4,2.893e+6,7.272e+4,2.820e+6,3.146e+1
577.5,3.209e+6,6.116e+4,3.148e+6,2.875e+1
577.6,3.516e+6,5.067e+4,3.465e+6,2.643e+1
577.7,3.802e+6,4.135e+4,3.760e+6,2.442e+1
577.8,4.057e+6,3.324e+4,4.024e+6,2.269e+1
577.9,4.272e+6,2.632e+4,4.246e+6,2.122e+1
578,4.438e+6,2.053e+4,4.417e+6,2.000e+1
578.1,4.548e+6,1.578e+4,4.532e+6,1.904e+1
578.2,4.596e+6,1.194e+4,4.584e+6,1.833e+1
578.3,4.581e+6,8.904e+3,4.572e+6,1.789e+1
578.4,4.503e+6,6.539e+3,4.497e+6,1.773e+1
578.5,4.365e+6,4.731e+3,4.360e+6,1.786e+1
578.6,4.172e+6,3.372e+3,4.169e+6,1.828e+1
578.7,3.932e+6,2.367e+3,3.930e+6,1.901e+1
578.8,3.655e+6,1.637e+3,3.653e+6,2.002e+1
578.9,3.349e+6,1.115e+3,3.348e+6,2.131e+1
579,3.025e+6,7.482e+2,3.025e+6,2.287e+1
579.1,2.695e+6,4.946e+2,2.694e+6,2.468e+1
579.2,2.367e+6,3.220e+2,2.366e+6,2.672e+1
579.3,2.049e+6,2.065e+2,2.049e+6,2.898e+1
579.4,1.749e+6,1.305e+2,1.749e+6,3.145e+1
579.5,1.472e+6,8.122e+1,1.472e+6,3.412e+1
579.6,1.221e+6,4.979e+1,1.221e+6,3.701e+1
579.7,9.988e+5,3.007e+1,9.988e+5,4.013e+1
579.8,8.053e+5,1.789e+1,8.052e+5,4.352e+1
579.9,6.400e+5,1.048e+1,6.400e+5,4.723e+1
580,5.015e+5,6.051e+0,5.014e+5,5.134e+1
580.1,3.873e+5,3.441e+0,3.872e+5,5.592e+1
580.2,2.948e+5,1.927e+0,2.948e+5,6.108e+1
580.3,2.212e+5,1.063e+0,2.212e+5,6.696e+1
580.4,1.637e+5,5.779e-1,1.636e+5,7.370e+1
580.5,1.193e+5,3.094e-1,1.193e+5,8.149e+1
580.6,8.578e+4,1.632e-1,8.569e+4,9.058e+1
580.7,6.078e+4,8.477e-2,6.068e+4,1.012e+2
580.8,4.247e+4,4.338e-2,4.236e+4,1.139e+2
580.9,2.927e+4,2.187e-2,2.914e+4,1.290e+2
581,1.990e+4,1.086e-2,1.976e+4,1.472e+2
581.1,1.337e+4,5.311e-3,1.320e+4,1.693e+2
581.2,8.890e+3,2.559e-3,8.694e+3,1.963e+2
581.3,5.873e+3,1.215e-3,5.644e+3,2.294e+2
581.4,3.883e+3,5.679e-4,3.613e+3,2.700e+2
581.5,2.602e+3,2.616e-4,2.282e+3,3.196e+2
581.6,1.807e+3,1.187e-4,1.427e+3,3.799e+2
581.7,1.342e+3,5.303e-5,8.896e+2,4.525e+2
581.8,1.103e+3,2.334e-5,5.641e+2,5.391e+2
581.9,1.022e+3,1.012e-5,3.816e+2,6.409e+2
582,1.059e+3,4.324e-6,3.000e+2,7.588e+2
582.1,1.191e+3,1.820e-6,2.980e+2,8.933e+2
582.2,1.414e+3,7.542e-7,3.700e+2,1.044e+3
582.3,1.733e+3,3.079e-7,5.248e+2,1.209e+3
582.4,2.171e+3,1.238e-7,7.853e+2,1.386e+3
582.5,2.761e+3,4.907e-8,1.189e+3,1.572e+3
582.6,3.554e+3,1.915e-8,1.793e+3,1.762e+3
582.7,4.623e+3,7.362e-9,2.672e+3,1.951e+3
582.8,6.064e+3,2.788e-9,3.931e+3,2.133e+3
582.9,8.003e+3,1.040e-9,5.701e+3,2.302e+3
583,1.060e+4,3.821e-10,8.150e+3,2.451e+3
583.1,1.406e+4,1.383e-10,1.148e+4,2.575e+3
583.2,1.861e+4,4.932e-11,1.594e+4,2.668e+3
583.3,2.455e+4,1.732e-11,2.182e+4,2.727e+3
583.4,3.218e+4,,2.943e+4,2.749e+3
583.5,4.184e+4,,3.911e+4,2.735e+3
583.6,5.391e+4,,5.123e+4,2.683e+3
583.7,6.873e+4,,6.613e+4,2.598e+3
583.8,8.661e+4,,8.413e+4,2.483e+3
583.9,1.078e+5,,1.055e+5,2.343e+3
584,1.325e+5,,1.303e+5,2.185e+3
584.1,1.607e+5,,1.587e+5,2.013e+3
584.2,1.923e+5,,1.904e+5,1.836e+3
584.3,2.269e+5,,2.252e+5,1.659e+3
584.4,2.640e+5,,2.625e+5,1.486e+3
584.5,3.029e+5,,3.015e+5,1.323e+3
584.6,3.425e+5,,3.414e+5,1.172e+3
584.7,3.819e+5,,3.809e+5,1.036e+3
584.8,4.197e+5,,4.188e+5,9.165e+2
584.9,4.546e+5,,4.538e+5,8.125e+2
585,4.854e+5,,4.847e+5,7.239e+2
585.1,5.108e+5,,5.102e+5,6.495e+2
585.2,5.299e+5,,5.293e+5,5.876e+2
585.3,5.419e+5,,5.413e+5,5.364e+2
585.4,5.463e+5,,5.458e+5,4.941e+2
585.5,5.430e+5,,5.426e+5,4.587e+2
585.6,5.324e+5,,5.320e+5,4.287e+2
585.7,5.150e+5,,5.146e+5,4.028e+2
585.8,4.920e+5,,4.916e+5,3.799e+2
585.9,4.645e+5,,4.641e+5,3.593e+2
586,4.341e+5,,4.338e+5,3.405e+2
586.1,4.026e+5,,4.023e+5,3.233e+2
586.2,3.718e+5,,3.715e+5,3.076e+2
586.3,3.436e+5,,3.433e+5,2.937e+2
586.4,3.197e+5,,3.194e+5,2.818e+2
586.5,3.020e+5,,3.018e+5,2.724e+2
586.6,2.922e+5,,2.919e+5,2.657e+2
586.7,2.915e+5,,2.912e+5,2.625e+2
586.8,3.013e+5,,3.010e+5,2.631e+2
586.9,3.225e+5,,3.222e+5,2.683e+2
587,3.557e+5,,3.554e+5,2.787e+2
587.1,4.011e+5,,4.008e+5,2.952e+2
587.2,4.587e+5,,4.584e+5,3.185e+2
587.3,5.278e+5,,5.274e+5,3.497e+2
587.4,6.073e+5,,6.069e+5,3.897e+2
587.5,6.958e+5,,6.954e+5,4.394e+2
587.6,7.912e+5,,7.907e+5,4.998e+2
587.7,8.913e+5,,8.907e+5,5.717e+2
587.8,9.933e+5,,9.926e+5,6.556e+2
587.9,1.094e+6,,1.094e+6,7.515e+2
588,1.192e+6,,1.191e+6,8.590e+2
588.1,1.284e+6,,1.283e+6,9.771e+2
588.2,1.367e+6,,1.366e+6,1.104e+3
588.3,1.440e+6,,1.439e+6,1.238e+3
588.4,1.503e+6,,1.501e+6,1.374e+3
588.5,1.554e+6,,1.553e+6,1.511e+3
588.6,1.596e+6,,1.594e+6,1.643e+3
588.7,1.628e+6,,1.626e+6,1.765e+3
588.8,1.654e+6,,1.652e+6,1.874e+3
588.9,1.675e+6,,1.673e+6,1.965e+3
589,1.694e+6,,1.692e+6,2.034e+3
589.1,1.714e+6,,1.712e+6,2.078e+3
589.2,1.737e+6,,1.734e+6,2.096e+3
589.3,1.763e+6,,1.761e+6,2.086e+3
589.4,1.794e+6,,1.792e+6,2.049e+3
589.5,1.829e+6,,1.827e+6,1.987e+3
589.6,1.867e+6,,1.865e+6,1.901e+3
589.7,1.905e+6,,1.904e+6,1.797e+3
589.8,1.942e+6,,1.940e+6,1.677e+3
589.9,1.972e+6,,1.971e+6,1.547e+3
590,1.993e+6,,1.992e+6,1.412e+3
590.1,2.002e+6,,2.000e+6,1.276e+3
590.2,1.995e+6,,1.993e+6,1.145e+3
590.3,1.970e+6,,1.969e+6,1.023e+3
590.4,1.925e+6,,1.924e+6,9.121e+2
590.5,1.862e+6,,1.861e+6,8.163e+2
590.6,1.779e+6,,1.778e+6,7.374e+2
590.7,1.679e+6,,1.679e+6,6.769e+2
590.8,1.565e+6,,1.565e+6,6.353e+2
590.9,1.440e+6,,1.440e+6,6.127e+2
591,1.308e+6,,1.307e+6,6.087e+2
591.1,1.171e+6,,1.170e+6,6.225e+2
591.2,1.035e+6,,1.034e+6,6.527e+2
591.3,9.015e+5,,9.008e+5,6.980e+2
591.4,7.746e+5,,7.738e+5,7.565e+2
591.5,6.563e+5,,6.555e+5,8.265e+2
591.6,5.484e+5,,5.475e+5,9.058e+2
591.7,4.518e+5,,4.508e+5,9.925e+2
591.8,3.671e+5,,3.660e+5,1.084e+3
591.9,2.941e+5,,2.930e+5,1.179e+3
592,2.325e+5,,2.312e+5,1.273e+3
592.1,1.813e+5,,1.800e+5,1.366e+3
592.2,1.396e+5,,1.382e+5,1.454e+3
592.3,1.063e+5,,1.048e+5,1.536e+3
592.4,8.023e+4,,7.862e+4,1.608e+3
592.5,6.027e+4,,5.860e+4,1.668e+3
592.6,4.548e+4,,4.377e+4,1.715e+3
592.7,3.504e+4,,3.330e+4,1.747e+3
592.8,2.831e+4,,2.655e+4,1.763e+3
592.9,2.485e+4,,2.309e+4,1.761e+3
593,2.445e+4,,2.271e+4,1.743e+3
593.1,2.711e+4,,2.540e+4,1.709e+3
593.2,3.310e+4,,3.144e+4,1.660e+3
593.3,4.291e+4,,4.132e+4,1.598e+3
593.4,5.733e+4,,5.580e+4,1.525e+3
593.5,7.738e+4,,7.594e+4,1.444e+3
593.6,1.044e+5,,1.030e+5,1.359e+3
593.7,1.400e+5,,1.387e+5,1.272e+3
593.8,1.861e+5,,1.849e+5,1.187e+3
593.9,2.447e+5,,2.435e+5,1.106e+3
594,3.181e+5,,3.171e+5,1.033e+3
594.1,4.088e+5,,4.079e+5,9.687e+2
594.2,5.193e+5,,5.183e+5,9.151e+2
594.3,6.517e+5,,6.508e+5,8.728e+2
594.4,8.082e+5,,8.074e+5,8.419e+2
594.5,9.904e+5,,9.896e+5,8.218e+2
594.6,1.199e+6,,1.198e+6,8.114e+2
594.7,1.435e+6,,1.434e+6,8.090e+2
594.8,1.696e+6,,1.696e+6,8.126e+2
594.9,1.982e+6,,1.981e+6,8.200e+2
595,2.288e+6,,2.287e+6,8.288e+2
595.1,2.609e+6,,2.609e+6,8.368e+2
595.2,2.941e+6,,2.940e+6,8.421e+2
595.3,3.275e+6,,3.275e+6,8.428e+2
595.4,3.604e+6,,3.604e+6,8.379e+2
595.5,3.919e+6,,3.918e+6,8.267e+2
595.6,4.210e+6,,4.209e+6,8.090e+2
595.7,4.468e+6,,4.467e+6,7.853e+2
595.8,4.685e+6,,4.685e+6,7.566e+2
595.9,4.854e+6,,4.853e+6,7.242e+2
596,4.967e+6,,4.966e+6,6.901e+2
596.1,5.021e+6,,5.021e+6,6.560e+2
596.2,5.014e+6,,5.014e+6,6.242e+2
596.3,4.946e+6,,4.945e+6,5.967e+2
596.4,4.818e+6,,4.818e+6,5.753e+2
596.5,4.636e+6,,4.636e+6,5.616e+2
596.6,4.406e+6,,4.405e+6,5.568e+2
596.7,4.135e+6,,4.134e+6,5.616e+2
596.8,3.832e+6,,3.831e+6,5.762e+2
596.9,3.507e+6,,3.507e+6,6.003e+2
597,3.169e+6,,3.169e+6,6.331e+2
597.1,2.828e+6,,2.828e+6,6.733e+2
597.2,2.492e+6,,2.491e+6,7.193e+2
597.3,2.168e+6,,2.167e+6,7.692e+2
597.4,1.862e+6,,1.861e+6,8.210e+2
597.5,1.579e+6,,1.578e+6,8.725e+2
597.6,1.322e+6,,1.321e+6,9.218e+2
597.7,1.093e+6,,1.092e+6,9.671e+2
597.8,8.921e+5,,8.911e+5,1.007e+3
597.9,7.188e+5,,7.177e+5,1.041e+3
598,5.717e+5,,5.707e+5,1.068e+3
598.1,4.490e+5,,4.479e+5,1.088e+3
598.2,3.481e+5,,3.470e+5,1.102e+3
598.3,2.665e+5,,2.654e+5,1.110e+3
598.4,2.015e+5,,2.004e+5,1.115e+3
598.5,1.504e+5,,1.493e+5,1.117e+3
598.6,1.109e+5,,1.098e+5,1.118e+3
598.7,8.084e+4,,7.972e+4,1.120e+3
598.8,5.825e+4,,5.713e+4,1.124e+3
598.9,4.153e+4,,4.040e+4,1.131e+3
599,2.934e+4,,2.820e+4,1.141e+3
599.1,2.059e+4,,1.943e+4,1.154e+3
599.2,1.438e+4,,1.321e+4,1.170e+3
599.3,1.005e+4,,8.868e+3,1.187e+3
599.4,7.078e+3,,5.873e+3,1.204e+3
599.5,5.059e+3,,3.839e+3,1.220e+3
599.6,3.708e+3,,2.477e+3,1.232e+3
599.7,2.815e+3,,1.577e+3,1.238e+3
599.8,2.227e+3,,9.908e+2,1.236e+3
599.9,1.840e+3,,6.144e+2,1.226e+3
600,1.581e+3,,3.759e+2,1.205e+3
600.1,1.400e+3,,2.270e+2,1.173e+3