Wavelength (nm),Sum,Fe I (6.3e-01),Fe II (3.7e-01),Fe III (5.1e-07)
200.1,1.593e+6,,1.593e+6,2.186e-3
200.2,1.343e+6,,1.343e+6,2.927e-3
200.3,1.028e+6,,1.028e+6,3.648e-3
200.4,7.499e+5,,7.499e+5,4.238e-3
200.5,5.791e+5,,5.791e+5,4.593e-3
200.6,5.439e+5,,5.439e+5,4.653e-3
200.7,6.356e+5,,6.356e+5,4.411e-3
200.8,8.218e+5,,8.218e+5,3.916e-3
200.9,1.055e+6,,1.055e+6,3.256e-3
201,1.285e+6,,1.285e+6,2.546e-3
201.1,1.470e+6,,1.470e+6,1.889e-3
201.2,1.594e+6,,1.594e+6,1.356e-3
201.3,1.671e+6,,1.671e+6,9.658e-4
201.4,1.737e+6,,1.737e+6,7.004e-4
201.5,1.829e+6,,1.829e+6,5.230e-4
201.6,1.967e+6,,1.967e+6,4.002e-4
201.7,2.138e+6,,2.138e+6,3.107e-4
201.8,2.293e+6,,2.293e+6,2.448e-4
201.9,2.364e+6,,2.364e+6,2.001e-4
202,2.288e+6,,2.288e+6,1.768e-4
202.1,2.046e+6,,2.046e+6,1.750e-4
202.2,1.671e+6,,1.671e+6,1.923e-4
202.3,1.243e+6,,1.243e+6,2.221e-4
202.4,8.472e+5,,8.472e+5,2.538e-4
202.5,5.511e+5,,5.511e+5,2.757e-4
202.6,3.896e+5,,3.896e+5,2.791e-4
202.7,3.689e+5,,3.689e+5,2.638e-4
202.8,4.734e+5,,4.734e+5,2.394e-4
202.9,6.697e+5,,6.697e+5,2.240e-4
203,9.073e+5,,9.073e+5,2.391e-4
203.1,1.127e+6,,1.127e+6,3.041e-4
203.2,1.278e+6,,1.278e+6,4.300e-4
203.3,1.341e+6,,1.341e+6,6.142e-4
203.4,1.339e+6,,1.339e+6,8.379e-4
203.5,1.325e+6,,1.325e+6,1.068e-3
203.6,1.361e+6,,1.361e+6,1.268e-3
203.7,1.490e+6,,1.490e+6,1.407e-3
203.8,1.711e+6,,1.711e+6,1.476e-3
203.9,1.964e+6,,1.964e+6,1.485e-3
204,2.153e+6,,2.153e+6,1.463e-3
204.1,2.182e+6,,2.182e+6,1.438e-3
204.2,2.010e+6,,2.010e+6,1.427e-3
204.3,1.675e+6,,1.675e+6,1.424e-3
204.4,1.280e+6,,1.280e+6,1.403e-3
204.5,9.411e+5,,9.411e+5,1.339e-3
204.6,7.482e+5,,7.482e+5,1.222e-3
204.7,7.333e+5,,7.333e+5,1.063e-3
204.8,8.717e+5,,8.717e+5,8.933e-4
204.9,1.096e+6,,1.096e+6,7.569e-4
205,1.321e+6,,1.321e+6,7.169e-4
205.1,1.472e+6,,1.472e+6,8.944e-4
205.2,1.508e+6,,1.508e+6,1.570e-3
205.3,1.428e+6,,1.428e+6,3.396e-3
205.4,1.262e+6,,1.262e+6,7.737e-3
205.5,1.049e+6,,1.049e+6,1.704e-2
205.6,8.282e+5,,8.282e+5,3.486e-2
205.7,6.327e+5,,6.327e+5,6.492e-2
205.8,4.925e+5,,4.925e+5,1.091e-1
205.9,4.329e+5,,4.329e+5,1.652e-1
206,4.671e+5,,4.671e+5,2.256e-1
206.1,5.893e+5,,5.893e+5,2.806e-1
206.2,7.716e+5,,7.716e+5,3.235e-1
206.3,9.692e+5,,9.692e+5,3.550e-1
206.4,1.134e+6,,1.134e+6,3.826e-1
206.5,1.228e+6,,1.228e+6,4.135e-1
206.6,1.234e+6,,1.234e+6,4.460e-1
206.7,1.156e+6,,1.156e+6,4.681e-1
206.8,1.012e+6,,1.012e+6,4.635e-1
206.9,8.283e+5,,8.283e+5,4.231e-1
207,6.322e+5,,6.322e+5,3.528e-1
207.1,4.501e+5,,4.501e+5,2.720e-1
207.2,3.029e+5,,3.029e+5,2.058e-1
207.3,2.042e+5,,2.042e+5,1.763e-1
207.4,1.605e+5,,1.605e+5,1.964e-1
207.5,1.717e+5,,1.717e+5,2.665e-1
207.6,2.311e+5,,2.311e+5,3.728e-1
207.7,3.237e+5,,3.237e+5,4.880e-1
207.8,4.255e+5,,4.255e+5,5.774e-1
207.9,5.086e+5,,5.086e+5,6.113e-1
208,5.523e+5,,5.523e+5,5.774e-1
208.1,5.548e+5,,5.548e+5,4.864e-1
208.2,5.377e+5,,5.377e+5,3.658e-1
208.3,5.366e+5,,5.366e+5,2.461e-1
208.4,5.826e+5,,5.826e+5,1.489e-1
208.5,6.822e+5,,6.822e+5,8.193e-2
208.6,8.097e+5,,8.097e+5,4.232e-2
208.7,9.165e+5,,9.165e+5,2.206e-2
208.8,9.551e+5,,9.551e+5,1.308e-2
208.9,9.025e+5,,9.025e+5,9.596e-3
209,7.710e+5,,7.710e+5,8.292e-3
209.1,5.984e+5,,5.984e+5,7.693e-3
209.2,4.274e+5,,4.274e+5,7.408e-3
209.3,2.871e+5,,2.871e+5,7.521e-3
209.4,1.868e+5,,1.868e+5,8.145e-3
209.5,1.209e+5,,1.209e+5,9.156e-3
209.6,7.852e+4,,7.852e+4,1.015e-2
209.7,5.065e+4,,5.065e+4,1.063e-2
209.8,3.213e+4,,3.213e+4,1.025e-2
209.9,2.092e+4,,2.092e+4,8.977e-3
210,1.685e+4,,1.685e+4,7.148e-3
210.1,2.122e+4,,2.122e+4,5.245e-3
210.2,3.715e+4,,3.715e+4,3.694e-3
210.3,6.962e+4,,6.962e+4,2.718e-3
210.4,1.242e+5,,1.242e+5,2.304e-3
210.5,2.043e+5,,2.043e+5,2.270e-3
210.6,3.074e+5,1.085e-9,3.074e+5,2.371e-3
210.7,4.228e+5,1.794e-8,4.228e+5,2.396e-3
210.8,5.316e+5,2.656e-7,5.316e+5,2.234e-3
210.9,6.118e+5,3.522e-6,6.118e+5,1.890e-3
211,6.460e+5,4.185e-5,6.460e+5,1.448e-3
211.1,6.292e+5,4.454e-4,6.292e+5,1.021e-3
211.2,5.708e+5,4.247e-3,5.708e+5,6.916e-4
211.3,4.912e+5,3.628e-2,4.912e+5,4.957e-4
211.4,4.119e+5,2.776e-1,4.119e+5,4.220e-4
211.5,3.465e+5,1.903e+0,3.465e+5,4.321e-4
211.6,2.966e+5,1.169e+1,2.966e+5,4.785e-4
211.7,2.554e+5,6.429e+1,2.554e+5,5.193e-4
211.8,2.150e+5,3.168e+2,2.147e+5,5.267e-4
211.9,1.723e+5,1.399e+3,1.709e+5,4.912e-4
212,1.322e+5,5.532e+3,1.267e+5,4.201e-4
212.1,1.075e+5,1.960e+4,8.786e+4,3.308e-4
212.2,1.221e+5,6.221e+4,5.990e+4,2.421e-4
212.3,2.225e+5,1.769e+5,4.563e+4,1.671e-4
212.4,4.957e+5,4.506e+5,4.515e+4,1.111e-4
212.5,1.085e+6,1.028e+6,5.676e+4,7.274e-5
212.6,2.180e+6,2.102e+6,7.777e+4,4.817e-5
212.7,3.954e+6,3.849e+6,1.047e+5,3.381e-5
212.8,6.447e+6,6.314e+6,1.329e+5,2.810e-5
212.9,9.437e+6,9.279e+6,1.574e+5,3.167e-5
213,1.239e+7,1.222e+7,1.738e+5,4.682e-5
213.1,1.459e+7,1.441e+7,1.799e+5,7.650e-5
213.2,1.540e+7,1.522e+7,1.771e+5,1.225e-4
213.3,1.458e+7,1.441e+7,1.696e+5,1.831e-4
213.4,1.238e+7,1.222e+7,1.617e+5,2.520e-4
213.5,9.435e+6,9.279e+6,1.555e+5,3.192e-4
213.6,6.464e+6,6.314e+6,1.494e+5,3.758e-4
213.7,3.989e+6,3.849e+6,1.398e+5,4.194e-4
213.8,2.226e+6,2.102e+6,1.241e+5,4.581e-4
213.9,1.131e+6,1.028e+6,1.033e+5,5.073e-4
214,5.323e+5,4.506e+5,8.170e+4,5.808e-4
214.1,2.431e+5,1.769e+5,6.621e+4,6.799e-4
214.2,1.263e+5,6.221e+4,6.409e+4,7.877e-4
214.3,1.015e+5,1.960e+4,8.186e+4,8.747e-4
214.4,1.300e+5,5.532e+3,1.245e+5,9.107e-4
214.5,1.957e+5,1.399e+3,1.943e+5,8.796e-4
214.6,2.896e+5,3.169e+2,2.893e+5,7.860e-4
214.7,4.007e+5,6.455e+1,4.007e+5,6.525e-4
214.8,5.125e+5,1.377e+1,5.124e+5,5.095e-4
214.9,6.033e+5,1.686e+1,6.033e+5,3.825e-4
215,6.521e+5,9.673e+1,6.521e+5,2.850e-4
215.1,6.468e+5,5.591e+2,6.462e+5,2.172e-4
215.2,5.917e+5,2.913e+3,5.888e+5,1.713e-4
215.3,5.143e+5,1.365e+4,5.006e+5,1.375e-4
215.4,4.746e+5,5.747e+4,4.171e+5,1.093e-4
215.5,5.974e+5,2.176e+5,3.799e+5,8.433e-5
215.6,1.167e+6,7.404e+5,4.269e+5,6.304e-5
215.7,2.847e+6,2.265e+6,5.816e+5,4.620e-5
215.8,7.072e+6,6.230e+6,8.419e+5,3.368e-5
215.9,1.658e+7,1.540e+7,1.171e+6,2.454e-5
216,3.574e+7,3.424e+7,1.501e+6,1.762e-5
216.1,7.016e+7,6.842e+7,1.746e+6,1.219e-5
216.2,1.247e+8,1.229e+8,1.841e+6,8.007e-6
216.3,2.002e+8,1.985e+8,1.762e+6,5.160e-6
216.4,2.897e+8,2.881e+8,1.540e+6,4.068e-6
216.5,3.773e+8,3.760e+8,1.245e+6,5.814e-6
216.6,4.421e+8,4.411e+8,9.514e+5,1.298e-5
216.7,4.660e+8,4.653e+8,7.142e+5,3.071e-5
216.8,4.417e+8,4.411e+8,5.621e+5,6.745e-5
216.9,3.765e+8,3.760e+8,5.042e+5,1.340e-4
217,2.887e+8,2.881e+8,5.393e+5,2.396e-4
217.1,1.991e+8,1.985e+8,6.574e+5,3.856e-4
217.2,1.237e+8,1.229e+8,8.343e+5,5.582e-4
217.3,6.944e+7,6.842e+7,1.026e+6,7.271e-4
217.4,3.542e+7,3.424e+7,1.177e+6,8.521e-4
217.5,1.664e+7,1.540e+7,1.235e+6,8.983e-4
217.6,7.409e+6,6.231e+6,1.178e+6,8.521e-4
217.7,3.285e+6,2.266e+6,1.019e+6,7.271e-4
217.8,1.545e+6,7.456e+5,7.998e+5,5.582e-4
217.9,8.134e+5,2.388e+5,5.746e+5,3.856e-4
218,5.204e+5,1.355e+5,3.849e+5,2.396e-4
218.1,5.223e+5,2.721e+5,2.501e+5,1.339e-4
218.2,9.435e+5,7.749e+5,1.685e+5,6.737e-5
218.3,2.206e+6,2.080e+6,1.259e+5,3.049e-5
218.4,5.158e+6,5.053e+6,1.055e+5,1.241e-5
218.5,1.118e+7,1.108e+7,9.451e+4,4.546e-6
218.6,2.204e+7,2.195e+7,8.667e+4,1.498e-6
218.7,3.942e+7,3.934e+7,8.067e+4,4.441e-7
218.8,6.394e+7,6.387e+7,7.761e+4,1.184e-7
218.9,9.428e+7,9.420e+7,7.831e+4,2.842e-8
219,1.268e+8,1.267e+8,8.193e+4,6.136e-9
219.1,1.565e+8,1.564e+8,8.633e+4,1.195e-9
219.2,1.786e+8,1.785e+8,8.963e+4,2.261e-10
219.3,1.905e+8,1.904e+8,9.193e+4,1.299e-10
219.4,1.926e+8,1.925e+8,9.591e+4,4.806e-10
219.5,1.875e+8,1.874e+8,1.058e+5,2.104e-9
219.6,1.787e+8,1.785e+8,1.252e+5,8.389e-9
219.7,1.686e+8,1.685e+8,1.549e+5,3.020e-8
219.8,1.582e+8,1.580e+8,1.921e+5,9.814e-8
219.9,1.467e+8,1.465e+8,2.322e+5,2.878e-7
220,1.326e+8,1.323e+8,2.716e+5,7.620e-7
220.1,1.149e+8,1.146e+8,3.099e+5,1.821e-6
220.2,9.398e+7,9.363e+7,3.510e+5,3.927e-6
220.3,7.163e+7,7.123e+7,4.000e+5,7.644e-6
220.4,5.045e+7,4.999e+7,4.604e+5,1.343e-5
220.5,3.267e+7,3.213e+7,5.315e+5,2.130e-5
220.6,1.945e+7,1.884e+7,6.106e+5,3.049e-5
220.7,1.074e+7,1.004e+7,6.987e+5,3.939e-5
220.8,5.663e+6,4.858e+6,8.049e+5,4.594e-5
220.9,3.076e+6,2.130e+6,9.466e+5,4.835e-5
221,1.986e+6,8.455e+5,1.141e+6,4.594e-5
221.1,1.697e+6,3.038e+5,1.393e+6,3.939e-5
221.2,1.788e+6,9.874e+4,1.689e+6,3.049e-5
221.3,2.035e+6,2.903e+4,2.006e+6,2.130e-5
221.4,2.334e+6,7.717e+3,2.326e+6,1.343e-5
221.5,2.654e+6,1.855e+3,2.652e+6,7.644e-6
221.6,3.002e+6,4.030e+2,3.002e+6,3.928e-6
221.7,3.384e+6,7.915e+1,3.384e+6,1.824e-6
221.8,3.765e+6,1.405e+1,3.765e+6,7.710e-7
221.9,4.067e+6,2.253e+0,4.067e+6,3.136e-7
222,4.189e+6,3.266e-1,4.189e+6,1.651e-7
222.1,4.063e+6,4.276e-2,4.063e+6,1.878e-7
222.2,3.685e+6,5.059e-3,3.685e+6,3.435e-7
222.3,3.124e+6,5.405e-4,3.124e+6,6.467e-7
222.4,2.494e+6,5.216e-5,2.494e+6,1.122e-6
222.5,1.906e+6,4.546e-6,1.906e+6,1.764e-6
222.6,1.440e+6,3.577e-7,1.440e+6,2.511e-6
222.7,1.130e+6,2.542e-8,1.130e+6,3.238e-6
222.8,9.783e+5,1.471e-9,9.783e+5,3.791e-6
222.9,9.637e+5,,9.637e+5,4.053e-6
223,1.055e+6,,1.055e+6,4.012e-6
223.1,1.211e+6,,1.211e+6,3.798e-6
223.2,1.383e+6,4.186e-10,1.383e+6,3.654e-6
223.3,1.518e+6,6.186e-9,1.518e+6,3.875e-6
223.4,1.573e+6,8.290e-8,1.573e+6,4.722e-6
223.5,1.530e+6,1.007e-6,1.530e+6,6.369e-6
223.6,1.401e+6,1.110e-5,1.401e+6,8.860e-6
223.7,1.223e+6,1.108e-4,1.223e+6,1.210e-5
223.8,1.038e+6,1.004e-3,1.038e+6,1.581e-5
223.9,8.851e+5,8.245e-3,8.851e+5,1.952e-5
224,7.895e+5,6.139e-2,7.895e+5,2.260e-5
224.1,7.636e+5,4.145e-1,7.636e+5,2.435e-5
224.2,8.099e+5,2.537e+0,8.099e+5,2.426e-5
224.3,9.219e+5,1.408e+1,9.219e+5,2.223e-5
224.4,1.084e+6,7.087e+1,1.084e+6,1.866e-5
224.5,1.274e+6,3.234e+2,1.274e+6,1.429e-5
224.6,1.466e+6,1.338e+3,1.465e+6,9.968e-6
224.7,1.637e+6,5.019e+3,1.632e+6,6.318e-6
224.8,1.777e+6,1.707e+4,1.760e+6,3.635e-6
224.9,1.897e+6,5.266e+4,1.844e+6,1.896e-6
225,2.038e+6,1.472e+5,1.891e+6,8.969e-7
225.1,2.285e+6,3.733e+5,1.912e+6,3.843e-7
225.2,2.778e+6,8.583e+5,1.919e+6,1.491e-7
225.3,3.705e+6,1.789e+6,1.916e+6,5.242e-8
225.4,5.276e+6,3.381e+6,1.894e+6,1.669e-8
225.5,7.635e+6,5.795e+6,1.840e+6,4.817e-9
225.6,1.074e+7,9.004e+6,1.740e+6,1.269e-9
225.7,1.428e+7,1.269e+7,1.596e+6,3.187e-10
225.8,1.763e+7,1.620e+7,1.425e+6,9.512e-11
225.9,2.003e+7,1.877e+7,1.259e+6,5.456e-11
226,2.084e+7,1.971e+7,1.128e+6,5.508e-11
226.1,1.982e+7,1.877e+7,1.049e+6,6.248e-11
226.2,1.722e+7,1.621e+7,1.014e+6,6.825e-11
226.3,1.369e+7,1.269e+7,9.959e+5,6.981e-11
226.4,9.993e+6,9.032e+6,9.614e+5,6.654e-11
226.5,6.766e+6,5.879e+6,8.870e+5,5.931e-11
226.6,4.381e+6,3.613e+6,7.679e+5,5.013e-11
226.7,2.987e+6,2.369e+6,6.179e+5,4.157e-11
226.8,2.638e+6,2.175e+6,4.627e+5,3.582e-11
226.9,3.420e+6,3.089e+6,3.305e+5,3.401e-11
227,5.482e+6,5.234e+6,2.477e+5,3.577e-11
227.1,8.948e+6,8.706e+6,2.422e+5,3.946e-11
227.2,1.374e+7,1.339e+7,3.506e+5,4.277e-11
227.3,1.941e+7,1.878e+7,6.237e+5,4.368e-11
227.4,2.512e+7,2.400e+7,1.120e+6,4.118e-11
227.5,2.985e+7,2.797e+7,1.881e+6,3.561e-11
227.6,3.279e+7,2.990e+7,2.895e+6,2.880e-11
227.7,3.369e+7,2.963e+7,4.058e+6,2.500e-11
227.8,3.302e+7,2.784e+7,5.178e+6,3.680e-11
227.9,3.177e+7,2.575e+7,6.014e+6,1.089e-10
228,3.102e+7,2.466e+7,6.362e+6,3.992e-10
228.1,3.150e+7,2.536e+7,6.136e+6,1.426e-9
228.2,3.324e+7,2.784e+7,5.405e+6,4.752e-9
228.3,3.567e+7,3.131e+7,4.358e+6,1.470e-8
228.4,3.780e+7,3.458e+7,3.228e+6,4.218e-8
228.5,3.865e+7,3.645e+7,2.206e+6,1.123e-7
228.6,3.758e+7,3.618e+7,1.402e+6,2.768e-7
228.7,3.453e+7,3.369e+7,8.402e+5,6.311e-7
228.8,3.017e+7,2.968e+7,4.912e+5,1.328e-6
228.9,2.579e+7,2.548e+7,3.044e+5,2.574e-6
229,2.315e+7,2.292e+7,2.311e+5,4.586e-6
229.1,2.426e+7,2.403e+7,2.336e+5,7.495e-6
229.2,3.090e+7,3.062e+7,2.833e+5,1.122e-5
229.3,4.410e+7,4.374e+7,3.569e+5,1.535e-5
229.4,6.337e+7,6.294e+7,4.333e+5,1.920e-5
229.5,8.624e+7,8.575e+7,4.944e+5,2.190e-5
229.6,1.083e+8,1.078e+8,5.273e+5,2.278e-5
229.7,1.245e+8,1.239e+8,5.276e+5,2.159e-5
229.8,1.303e+8,1.298e+8,5.005e+5,1.864e-5
229.9,1.242e+8,1.238e+8,4.594e+5,1.465e-5
230,1.078e+8,1.074e+8,4.208e+5,1.049e-5
230.1,8.517e+7,8.478e+7,3.987e+5,6.830e-6
230.2,6.133e+7,6.093e+7,3.993e+5,4.047e-6
230.3,4.040e+7,3.998e+7,4.193e+5,2.183e-6
230.4,2.465e+7,2.421e+7,4.480e+5,1.073e-6
230.5,1.456e+7,1.409e+7,4.730e+5,4.857e-7
230.6,9.438e+6,8.952e+6,4.855e+5,2.220e-7
230.7,8.217e+6,7.734e+6,4.834e+5,1.615e-7
230.8,9.878e+6,9.408e+6,4.698e+5,2.859e-7
230.9,1.354e+7,1.309e+7,4.494e+5,7.022e-7
231,1.833e+7,1.791e+7,4.251e+5,1.682e-6
231.1,2.336e+7,2.296e+7,3.966e+5,3.704e-6
231.2,2.781e+7,2.744e+7,3.631e+5,7.436e-6
231.3,3.121e+7,3.088e+7,3.269e+5,1.361e-5
231.4,3.367e+7,3.338e+7,2.975e+5,2.269e-5
231.5,3.582e+7,3.552e+7,2.975e+5,3.448e-5
231.6,3.839e+7,3.802e+7,3.734e+5,4.775e-5
231.7,4.174e+7,4.112e+7,6.158e+5,6.029e-5
231.8,4.550e+7,4.431e+7,1.191e+6,6.942e-5
231.9,4.878e+7,4.640e+7,2.374e+6,7.298e-5
232,5.070e+7,4.614e+7,4.565e+6,7.025e-5
232.1,5.107e+7,4.282e+7,8.253e+6,6.232e-5
232.2,5.062e+7,3.669e+7,1.392e+7,5.174e-5
232.3,5.079e+7,2.886e+7,2.192e+7,4.159e-5
232.4,5.314e+7,2.077e+7,3.238e+7,3.440e-5
232.5,5.888e+7,1.364e+7,4.523e+7,3.149e-5
232.6,6.859e+7,8.178e+6,6.041e+7,3.274e-5
232.7,8.238e+7,4.469e+6,7.791e+7,3.686e-5
232.8,9.987e+7,2.227e+6,9.764e+7,4.192e-5
232.9,1.201e+8,1.011e+6,1.190e+8,4.611e-5
233,1.410e+8,4.184e+5,1.405e+8,4.845e-5
233.1,1.598e+8,1.578e+5,1.596e+8,4.930e-5
233.2,1.736e+8,5.423e+4,1.735e+8,5.042e-5
233.3,1.805e+8,1.699e+4,1.805e+8,5.440e-5
233.4,1.812e+8,4.849e+3,1.812e+8,6.356e-5
233.5,1.787e+8,1.261e+3,1.787e+8,7.866e-5
233.6,1.780e+8,2.990e+2,1.780e+8,9.801e-5
233.7,1.847e+8,6.460e+1,1.847e+8,1.175e-4
233.8,2.028e+8,1.272e+1,2.028e+8,1.320e-4
233.9,2.337e+8,2.282e+0,2.337e+8,1.369e-4
234,2.750e+8,3.731e-1,2.750e+8,1.302e-4
234.1,3.207e+8,5.559e-2,3.207e+8,1.133e-4
234.2,3.623e+8,7.549e-3,3.623e+8,9.013e-5
234.3,3.919e+8,9.342e-4,3.919e+8,6.543e-5
234.4,4.039e+8,1.053e-4,4.039e+8,4.336e-5
234.5,3.969e+8,1.083e-5,3.969e+8,2.623e-5
234.6,3.732e+8,1.014e-6,3.732e+8,1.448e-5
234.7,3.368e+8,8.655e-8,3.368e+8,7.296e-6
234.8,2.923e+8,6.732e-9,2.923e+8,3.355e-6
234.9,2.438e+8,4.772e-10,2.438e+8,1.408e-6
235,1.958e+8,,1.958e+8,5.393e-7
235.1,1.525e+8,,1.525e+8,1.885e-7
235.2,1.183e+8,,1.183e+8,6.015e-8
235.3,9.612e+7,,9.612e+7,1.751e-8
235.4,8.762e+7,,8.762e+7,4.654e-9
235.5,9.216e+7,,9.216e+7,1.129e-9
235.6,1.072e+8,,1.072e+8,2.499e-10
235.7,1.284e+8,,1.284e+8,5.067e-11
235.8,1.510e+8,,1.510e+8,1.037e-11
235.9,1.701e+8,,1.701e+8,7.010e-12
236,1.825e+8,,1.825e+8,2.586e-11
236.1,1.869e+8,,1.869e+8,1.104e-10
236.2,1.842e+8,,1.842e+8,4.353e-10
236.3,1.764e+8,,1.764e+8,1.571e-9
236.4,1.657e+8,,1.657e+8,5.189e-9
236.5,1.536e+8,,1.536e+8,1.569e-8
236.6,1.413e+8,,1.413e+8,4.342e-8
236.7,1.300e+8,,1.300e+8,1.100e-7
236.8,1.209e+8,,1.209e+8,2.550e-7
236.9,1.155e+8,,1.155e+8,5.411e-7
237,1.150e+8,,1.150e+8,1.051e-6
237.1,1.199e+8,,1.199e+8,1.868e-6
237.2,1.303e+8,,1.303e+8,3.040e-6
237.3,1.471e+8,,1.471e+8,4.528e-6
237.4,1.730e+8,,1.730e+8,6.172e-6
237.5,2.133e+8,,2.133e+8,7.702e-6
237.6,2.748e+8,,2.748e+8,8.798e-6
237.7,3.625e+8,,3.625e+8,9.204e-6
237.8,4.750e+8,,4.750e+8,8.831e-6
237.9,6.009e+8,,6.009e+8,7.801e-6
238,7.193e+8,,7.193e+8,6.422e-6
238.1,8.052e+8,,8.052e+8,5.103e-6
238.2,8.383e+8,,8.383e+8,4.251e-6
238.3,8.114e+8,,8.114e+8,4.203e-6
238.4,7.335e+8,,7.335e+8,5.176e-6
238.5,6.257e+8,,6.257e+8,7.219e-6
238.6,5.131e+8,,5.131e+8,1.016e-5
238.7,4.164e+8,,4.164e+8,1.356e-5
238.8,3.476e+8,,3.476e+8,1.679e-5
238.9,3.106e+8,,3.106e+8,1.911e-5
239,3.052e+8,,3.052e+8,1.996e-5
239.1,3.290e+8,,3.290e+8,1.911e-5
239.2,3.783e+8,,3.783e+8,1.677e-5
239.3,4.453e+8,,4.453e+8,1.351e-5
239.4,5.177e+8,,5.177e+8,1.004e-5
239.5,5.799e+8,,5.799e+8,6.990e-6
239.6,6.171e+8,,6.171e+8,4.778e-6
239.7,6.218e+8,,6.218e+8,3.584e-6
239.8,5.958e+8,,5.958e+8,3.405e-6
239.9,5.509e+8,,5.509e+8,4.109e-6
240,5.034e+8,,5.034e+8,5.470e-6
240.1,4.679e+8,,4.679e+8,7.172e-6
240.2,4.527e+8,,4.527e+8,8.825e-6
240.3,4.572e+8,,4.572e+8,1.003e-5
240.4,4.738e+8,,4.738e+8,1.048e-5
240.5,4.924e+8,,4.924e+8,1.005e-5
240.6,5.047e+8,,5.047e+8,8.841e-6
240.7,5.065e+8,,5.065e+8,7.137e-6
240.8,4.978e+8,3.298e-10,4.978e+8,5.285e-6
240.9,4.798e+8,3.943e-9,4.798e+8,3.592e-6
241,4.532e+8,4.603e-8,4.532e+8,2.240e-6
241.1,4.172e+8,4.700e-7,4.172e+8,1.282e-6
241.2,3.710e+8,4.420e-6,3.710e+8,6.732e-7
241.3,3.155e+8,3.828e-5,3.155e+8,3.246e-7
241.4,2.545e+8,3.056e-4,2.545e+8,1.437e-7
241.5,1.934e+8,2.248e-3,1.934e+8,5.842e-8
241.6,1.383e+8,1.525e-2,1.383e+8,2.182e-8
241.7,9.327e+7,9.547e-2,9.327e+7,7.485e-9
241.8,6.019e+7,5.514e-1,6.019e+7,2.360e-9
241.9,3.842e+7,2.941e+0,3.842e+7,6.842e-10
242,2.584e+7,1.449e+1,2.584e+7,1.824e-10
242.1,1.978e+7,6.594e+1,1.978e+7,4.476e-11
242.2,1.774e+7,2.776e+2,1.774e+7,1.011e-11
242.3,1.780e+7,1.081e+3,1.780e+7,2.103e-12
242.4,1.868e+7,3.895e+3,1.867e+7,4.045e-13
242.5,1.970e+7,1.299e+4,1.969e+7,7.993e-14
242.6,2.063e+7,4.016e+4,2.059e+7,6.386e-14
242.7,2.150e+7,1.150e+5,2.139e+7,2.909e-13
242.8,2.243e+7,3.050e+5,2.212e+7,1.473e-12
242.9,2.354e+7,7.504e+5,2.279e+7,6.900e-12
243,2.500e+7,1.712e+6,2.329e+7,2.974e-11
243.1,2.711e+7,3.622e+6,2.349e+7,1.179e-10
243.2,3.041e+7,7.113e+6,2.330e+7,4.299e-10
243.3,3.566e+7,1.297e+7,2.269e+7,1.442e-9
243.4,4.374e+7,2.198e+7,2.176e+7,4.451e-9
243.5,5.529e+7,3.463e+7,2.066e+7,1.264e-8
243.6,7.034e+7,5.079e+7,1.955e+7,3.301e-8
243.7,8.804e+7,6.945e+7,1.859e+7,7.929e-8
243.8,1.066e+8,8.865e+7,1.795e+7,1.752e-7
243.9,1.236e+8,1.058e+8,1.779e+7,3.563e-7
244,1.364e+8,1.182e+8,1.825e+7,6.664e-7
244.1,1.431e+8,1.238e+8,1.938e+7,1.146e-6
244.2,1.427e+8,1.216e+8,2.109e+7,1.815e-6
244.3,1.353e+8,1.123e+8,2.305e+7,2.642e-6
244.4,1.222e+8,9.748e+7,2.473e+7,3.538e-6
244.5,1.054e+8,7.983e+7,2.555e+7,4.359e-6
244.6,8.727e+7,6.217e+7,2.510e+7,4.941e-6
244.7,7.025e+7,4.698e+7,2.327e+7,5.151e-6
244.8,5.633e+7,3.598e+7,2.035e+7,4.941e-6
244.9,4.690e+7,3.002e+7,1.688e+7,4.359e-6
245,4.269e+7,2.919e+7,1.350e+7,3.538e-6
245.1,4.393e+7,3.320e+7,1.073e+7,2.642e-6
245.2,5.062e+7,4.169e+7,8.925e+6,1.815e-6
245.3,6.282e+7,5.460e+7,8.212e+6,1.146e-6
245.4,8.083e+7,7.225e+7,8.578e+6,6.664e-7
245.5,1.052e+8,9.533e+7,9.910e+6,3.563e-7
245.6,1.368e+8,1.248e+8,1.203e+7,1.752e-7
245.7,1.759e+8,1.612e+8,1.471e+7,7.929e-8
245.8,2.222e+8,2.046e+8,1.765e+7,3.301e-8
245.9,2.737e+8,2.531e+8,2.053e+7,1.264e-8
246,3.258e+8,3.027e+8,2.306e+7,4.451e-9
246.1,3.722e+8,3.472e+8,2.498e+7,1.442e-9
246.2,4.058e+8,3.796e+8,2.615e+7,4.299e-10
246.3,4.217e+8,3.951e+8,2.655e+7,1.179e-10
246.4,4.195e+8,3.932e+8,2.624e+7,2.974e-11
246.5,4.048e+8,3.794e+8,2.538e+7,6.900e-12
246.6,3.884e+8,3.643e+8,2.414e+7,1.473e-12
246.7,3.827e+8,3.600e+8,2.271e+7,2.892e-13
246.8,3.978e+8,3.766e+8,2.123e+7,5.224e-14
246.9,4.371e+8,4.173e+8,1.980e+7,8.680e-15
247,4.965e+8,4.780e+8,1.848e+7,1.327e-15
247.1,5.662e+8,5.489e+8,1.727e+7,1.866e-16
247.2,6.362e+8,6.201e+8,1.618e+7,2.413e-17
247.3,7.037e+8,6.885e+8,1.527e+7,2.872e-18
247.4,7.788e+8,7.642e+8,1.462e+7,3.144e-19
247.5,8.861e+8,8.718e+8,1.438e+7,3.166e-20
247.6,1.061e+9,1.046e+9,1.463e+7,2.933e-21
247.7,1.336e+9,1.321e+9,1.542e+7,2.499e-22
247.8,1.731e+9,1.714e+9,1.663e+7,
247.9,2.237e+9,2.219e+9,1.805e+7,
248,2.814e+9,2.794e+9,1.944e+7,
248.1,3.397e+9,3.377e+9,2.056e+7,
248.2,3.919e+9,3.898e+9,2.133e+7,
248.3,4.327e+9,4.305e+9,2.190e+7,
248.4,4.602e+9,4.580e+9,2.262e+7,
248.5,4.756e+9,4.732e+9,2.399e+7,
248.6,4.816e+9,4.789e+9,2.657e+7,
248.7,4.802e+9,4.771e+9,3.071e+7,
248.8,4.712e+9,4.676e+9,3.643e+7,
248.9,4.526e+9,4.483e+9,4.324e+7,
249,4.218e+9,4.168e+9,5.018e+7,
249.1,3.779e+9,3.723e+9,5.604e+7,
249.2,3.232e+9,3.172e+9,5.966e+7,
249.3,2.625e+9,2.565e+9,6.038e+7,
249.4,2.024e+9,1.966e+9,5.818e+7,
249.5,1.490e+9,1.437e+9,5.374e+7,
249.6,1.065e+9,1.016e+9,4.811e+7,
249.7,7.598e+8,7.175e+8,4.232e+7,
249.8,5.648e+8,5.277e+8,3.710e+7,
249.9,4.524e+8,4.197e+8,3.271e+7,
250,3.911e+8,3.620e+8,2.910e+7,
250.1,3.542e+8,3.282e+8,2.603e+7,
250.2,3.249e+8,3.017e+8,2.327e+7,
250.3,2.974e+8,2.767e+8,2.072e+7,
250.4,2.742e+8,2.558e+8,1.842e+7,
250.5,2.618e+8,2.453e+8,1.649e+7,
250.6,2.658e+8,2.507e+8,1.511e+7,
250.7,2.876e+8,2.732e+8,1.440e+7,
250.8,3.231e+8,3.086e+8,1.442e+7,
250.9,3.637e+8,3.487e+8,1.503e+7,
251,4.003e+8,3.844e+8,1.596e+7,
251.1,4.267e+8,4.098e+8,1.685e+7,
251.2,4.426e+8,4.252e+8,1.734e+7,
251.3,4.545e+8,4.373e+8,1.725e+7,
251.4,4.742e+8,4.576e+8,1.660e+7,
251.5,5.151e+8,4.995e+8,1.563e+7,
251.6,5.892e+8,5.745e+8,1.472e+7,
251.7,7.046e+8,6.903e+8,1.431e+7,
251.8,8.636e+8,8.488e+8,1.475e+7,
251.9,1.061e+9,1.045e+9,1.630e+7,
252,1.285e+9,1.266e+9,1.908e+7,
252.1,1.515e+9,1.492e+9,2.300e+7,
252.2,1.725e+9,1.697e+9,2.776e+7,
252.3,1.888e+9,1.855e+9,3.287e+7,
252.4,1.984e+9,1.946e+9,3.774e+7,
252.5,2.001e+9,1.960e+9,4.182e+7,
252.6,1.939e+9,1.894e+9,4.479e+7,
252.7,1.806e+9,1.760e+9,4.663e+7,
252.8,1.620e+9,1.572e+9,4.765e+7,
252.9,1.401e+9,1.352e+9,4.838e+7,
253,1.174e+9,1.124e+9,4.938e+7,
253.1,9.621e+8,9.110e+8,5.113e+7,
253.2,7.857e+8,7.319e+8,5.383e+7,
253.3,6.563e+8,5.989e+8,5.743e+7,
253.4,5.766e+8,5.151e+8,6.156e+7,
253.5,5.417e+8,4.760e+8,6.563e+7,
253.6,5.411e+8,4.722e+8,6.893e+7,
253.7,5.632e+8,4.924e+8,7.075e+7,
253.8,5.969e+8,5.264e+8,7.056e+7,
253.9,6.337e+8,5.655e+8,6.819e+7,
254,6.669e+8,6.031e+8,6.385e+7,
254.1,6.917e+8,6.335e+8,5.818e+7,
254.2,7.043e+8,6.523e+8,5.202e+7,
254.3,7.024e+8,6.561e+8,4.621e+7,
254.4,6.845e+8,6.431e+8,4.142e+7,
254.5,6.511e+8,6.131e+8,3.792e+7,
254.6,6.033e+8,5.677e+8,3.561e+7,
254.7,5.440e+8,5.100e+8,3.405e+7,
254.8,4.765e+8,4.438e+8,3.265e+7,
254.9,4.046e+8,3.737e+8,3.088e+7,
255,3.324e+8,3.039e+8,2.844e+7,
255.1,2.636e+8,2.382e+8,2.541e+7,
255.2,2.015e+8,1.793e+8,2.222e+7,
255.3,1.488e+8,1.291e+8,1.964e+7,
255.4,1.072e+8,8.859e+7,1.865e+7,
255.5,7.799e+7,5.765e+7,2.034e+7,
255.6,6.110e+7,3.542e+7,2.569e+7,
255.7,5.582e+7,2.046e+7,3.536e+7,
255.8,6.045e+7,1.108e+7,4.937e+7,
255.9,7.240e+7,5.609e+6,6.679e+7,
256,8.826e+7,2.647e+6,8.561e+7,
256.1,1.042e+8,1.164e+6,1.030e+8,
256.2,1.163e+8,4.798e+5,1.158e+8,
256.3,1.219e+8,1.946e+5,1.217e+8,
256.4,1.197e+8,1.035e+5,1.195e+8,
256.5,1.101e+8,1.235e+5,1.100e+8,
256.6,9.545e+7,2.508e+5,9.520e+7,
256.7,7.848e+7,5.411e+5,7.793e+7,
256.8,6.206e+7,1.104e+6,6.096e+7,
256.9,4.842e+7,2.096e+6,4.633e+7,
257,3.884e+7,3.694e+6,3.514e+7,
257.1,3.368e+7,6.050e+6,2.763e+7,
257.2,3.267e+7,9.218e+6,2.345e+7,
257.3,3.508e+7,1.310e+7,2.199e+7,
257.4,4.009e+7,1.742e+7,2.267e+7,
257.5,4.703e+7,2.186e+7,2.517e+7,
257.6,5.577e+7,2.617e+7,2.960e+7,
257.7,6.695e+7,3.036e+7,3.659e+7,2.508e-22
257.8,8.209e+7,3.485e+7,4.724e+7,2.538e-21
257.9,1.031e+8,4.024e+7,6.288e+7,2.386e-20
258,1.316e+8,4.711e+7,8.452e+7,2.084e-19
258.1,1.677e+8,5.549e+7,1.122e+8,1.692e-18
258.2,2.088e+8,6.464e+7,1.442e+8,1.276e-17
258.3,2.500e+8,7.299e+7,1.770e+8,8.943e-17
258.4,2.844e+8,7.863e+7,2.058e+8,5.823e-16
258.5,3.055e+8,7.991e+7,2.256e+8,3.523e-15
258.6,3.094e+8,7.607e+7,2.333e+8,1.980e-14
258.7,2.964e+8,6.758e+7,2.289e+8,1.034e-13
258.8,2.721e+8,5.592e+7,2.162e+8,5.020e-13
258.9,2.460e+8,4.313e+7,2.028e+8,2.264e-12
259,2.300e+8,3.116e+7,1.989e+8,9.486e-12
259.1,2.365e+8,2.144e+7,2.151e+8,3.693e-11
259.2,2.751e+8,1.469e+7,2.604e+8,1.336e-10
259.3,3.511e+8,1.103e+7,3.401e+8,4.491e-10
259.4,4.625e+8,1.016e+7,4.524e+8,1.402e-9
259.5,5.989e+8,1.156e+7,5.873e+8,4.070e-9
259.6,7.412e+8,1.463e+7,7.266e+8,1.097e-8
259.7,8.654e+8,1.873e+7,8.466e+8,2.749e-8
259.8,9.481e+8,2.327e+7,9.248e+8,6.401e-8
259.9,9.739e+8,2.781e+7,9.461e+8,1.385e-7
260,9.405e+8,3.217e+7,9.083e+8,2.784e-7
260.1,8.593e+8,3.643e+7,8.229e+8,5.201e-7
260.2,7.518e+8,4.079e+7,7.111e+8,9.033e-7
260.3,6.424e+8,4.539e+7,5.971e+8,1.459e-6
260.4,5.509e+8,5.003e+7,5.009e+8,2.192e-6
260.5,4.882e+8,5.407e+7,4.342e+8,3.068e-6
260.6,4.560e+8,5.658e+7,3.994e+8,4.008e-6
260.7,4.489e+8,5.668e+7,3.922e+8,4.901e-6
260.8,4.582e+8,5.394e+7,4.042e+8,5.643e-6
260.9,4.746e+8,4.861e+7,4.260e+8,6.173e-6
261,4.902e+8,4.161e+7,4.486e+8,6.502e-6
261.1,4.984e+8,3.424e+7,4.642e+8,6.709e-6
261.2,4.948e+8,2.779e+7,4.670e+8,6.909e-6
261.3,4.773e+8,2.323e+7,4.541e+8,7.183e-6
261.4,4.467e+8,2.095e+7,4.257e+8,7.540e-6
261.5,4.061e+8,2.084e+7,3.853e+8,7.890e-6
261.6,3.607e+8,2.243e+7,3.382e+8,8.083e-6
261.7,3.159e+8,2.513e+7,2.908e+8,7.968e-6
261.8,2.770e+8,2.841e+7,2.485e+8,7.460e-6
261.9,2.475e+8,3.184e+7,2.157e+8,6.575e-6
262,2.300e+8,3.513e+7,1.949e+8,5.427e-6
262.1,2.255e+8,3.796e+7,1.876e+8,4.182e-6
262.2,2.341e+8,3.998e+7,1.941e+8,3.002e-6
262.3,2.547e+8,4.078e+7,2.139e+8,2.006e-6
262.4,2.850e+8,4.010e+7,2.449e+8,1.247e-6
262.5,3.219e+8,3.795e+7,2.840e+8,7.209e-7
262.6,3.613e+8,3.470e+7,3.266e+8,3.875e-7
262.7,3.980e+8,3.107e+7,3.669e+8,1.937e-7
262.8,4.267e+8,2.788e+7,3.988e+8,8.998e-8
262.9,4.423e+8,2.583e+7,4.165e+8,3.886e-8
263,4.409e+8,2.531e+7,4.156e+8,1.560e-8
263.1,4.207e+8,2.625e+7,3.944e+8,5.824e-9
263.2,3.830e+8,2.823e+7,3.548e+8,2.021e-9
263.3,3.320e+8,3.059e+7,3.014e+8,6.519e-10
263.4,2.738e+8,3.260e+7,2.412e+8,1.955e-10
263.5,2.151e+8,3.370e+7,1.814e+8,5.448e-11
263.6,1.617e+8,3.361e+7,1.281e+8,1.412e-11
263.7,1.173e+8,3.241e+7,8.490e+7,3.401e-12
263.8,8.333e+7,3.051e+7,5.282e+7,7.615e-13
263.9,5.937e+7,2.843e+7,3.094e+7,1.585e-13
264,4.382e+7,2.666e+7,1.715e+7,3.067e-14
264.1,3.451e+7,2.541e+7,9.095e+6,5.517e-15
264.2,2.927e+7,2.457e+7,4.696e+6,9.226e-16
264.3,2.620e+7,2.377e+7,2.427e+6,1.434e-16
264.4,2.389e+7,2.259e+7,1.302e+6,2.072e-17
264.5,2.148e+7,2.073e+7,7.538e+5,2.784e-18
264.6,1.865e+7,1.816e+7,4.858e+5,3.477e-19
264.7,1.547e+7,1.512e+7,3.537e+5,4.036e-20
264.8,1.229e+7,1.200e+7,2.895e+5,4.355e-21
264.9,9.501e+6,9.241e+6,2.603e+5,4.369e-22
265,7.401e+6,7.152e+6,2.494e+5,
265.1,6.117e+6,5.868e+6,2.489e+5,
265.2,5.592e+6,5.335e+6,2.578e+5,
265.3,5.638e+6,5.356e+6,2.813e+5,
265.4,6.002e+6,5.671e+6,3.312e+5,
265.5,6.458e+6,6.029e+6,4.283e+5,
265.6,6.875e+6,6.271e+6,6.040e+5,
265.7,7.270e+6,6.369e+6,9.009e+5,
265.8,7.818e+6,6.450e+6,1.369e+6,
265.9,8.816e+6,6.763e+6,2.054e+6,
266,1.059e+7,7.614e+6,2.978e+6,
266.1,1.338e+7,9.264e+6,4.121e+6,
266.2,1.722e+7,1.183e+7,5.397e+6,4.012e-24
266.3,2.183e+7,1.517e+7,6.660e+6,3.757e-23
266.4,2.666e+7,1.893e+7,7.727e+6,3.299e-22
266.5,3.092e+7,2.251e+7,8.415e+6,2.694e-21
266.6,3.386e+7,2.526e+7,8.596e+6,2.054e-20
266.7,3.492e+7,2.668e+7,8.234e+6,1.462e-19
266.8,3.397e+7,2.657e+7,7.395e+6,9.716e-19
266.9,3.135e+7,2.512e+7,6.227e+6,6.028e-18
267,2.785e+7,2.293e+7,4.918e+6,3.492e-17
267.1,2.448e+7,2.083e+7,3.646e+6,1.888e-16
267.2,2.223e+7,1.969e+7,2.540e+6,9.536e-16
267.3,2.183e+7,2.016e+7,1.673e+6,4.496e-15
267.4,2.356e+7,2.250e+7,1.058e+6,1.980e-14
267.5,2.714e+7,2.647e+7,6.727e+5,8.139e-14
267.6,3.181e+7,3.132e+7,4.816e+5,3.125e-13
267.7,3.648e+7,3.604e+7,4.491e+5,1.121e-12
267.8,4.007e+7,3.952e+7,5.484e+5,3.754e-12
267.9,4.176e+7,4.100e+7,7.596e+5,1.174e-11
268,4.128e+7,4.021e+7,1.062e+6,3.432e-11
268.1,3.895e+7,3.753e+7,1.428e+6,9.374e-11
268.2,3.561e+7,3.379e+7,1.815e+6,2.392e-10
268.3,3.224e+7,3.006e+7,2.179e+6,5.705e-10
268.4,2.969e+7,2.721e+7,2.475e+6,1.272e-9
268.5,2.840e+7,2.572e+7,2.678e+6,2.651e-9
268.6,2.828e+7,2.548e+7,2.792e+6,5.170e-9
268.7,2.882e+7,2.597e+7,2.847e+6,9.432e-9
268.8,2.931e+7,2.642e+7,2.883e+6,1.611e-8
268.9,2.906e+7,2.612e+7,2.937e+6,2.576e-8
269,2.767e+7,2.465e+7,3.019e+6,3.861e-8
269.1,2.508e+7,2.197e+7,3.111e+6,5.427e-8
269.2,2.159e+7,1.842e+7,3.172e+6,7.162e-8
269.3,1.767e+7,1.451e+7,3.159e+6,8.884e-8
269.4,1.387e+7,1.082e+7,3.050e+6,1.038e-7
269.5,1.066e+7,7.801e+6,2.860e+6,1.144e-7
269.6,8.392e+6,5.755e+6,2.637e+6,1.193e-7
269.7,7.305e+6,4.856e+6,2.449e+6,1.181e-7
269.8,7.571e+6,5.204e+6,2.367e+6,1.115e-7
269.9,9.325e+6,6.886e+6,2.438e+6,1.011e-7
270,1.267e+7,9.991e+6,2.681e+6,8.852e-8
270.1,1.765e+7,1.456e+7,3.084e+6,7.560e-8
270.2,2.415e+7,2.053e+7,3.624e+6,6.356e-8
270.3,3.191e+7,2.761e+7,4.302e+6,5.309e-8
270.4,4.051e+7,3.534e+7,5.171e+6,4.438e-8
270.5,4.954e+7,4.318e+7,6.360e+6,3.728e-8
270.6,5.890e+7,5.084e+7,8.065e+6,3.146e-8
270.7,6.925e+7,5.875e+7,1.050e+7,2.657e-8
270.8,8.246e+7,6.865e+7,1.381e+7,2.233e-8
270.9,1.021e+8,8.409e+7,1.798e+7,1.852e-8
271,1.335e+8,1.107e+8,2.273e+7,1.506e-8
271.1,1.836e+8,1.560e+8,2.754e+7,1.191e-8
271.2,2.598e+8,2.281e+8,3.168e+7,9.100e-9
271.3,3.681e+8,3.336e+8,3.444e+7,6.682e-9
271.4,5.100e+8,4.747e+8,3.529e+7,4.688e-9
271.5,6.802e+8,6.462e+8,3.408e+7,3.130e-9
271.6,8.653e+8,8.342e+8,3.109e+7,1.980e-9
271.7,1.044e+9,1.017e+9,2.702e+7,1.184e-9
271.8,1.191e+9,1.169e+9,2.274e+7,6.678e-10
271.9,1.285e+9,1.265e+9,1.917e+7,3.543e-10
272,1.309e+9,1.292e+9,1.706e+7,1.766e-10
272.1,1.262e+9,1.245e+9,1.689e+7,8.266e-11
272.2,1.153e+9,1.134e+9,1.876e+7,3.627e-11
272.3,1.002e+9,9.792e+8,2.249e+7,1.492e-11
272.4,8.321e+8,8.046e+8,2.753e+7,5.745e-12
272.5,6.669e+8,6.337e+8,3.315e+7,2.072e-12
272.6,5.235e+8,4.850e+8,3.851e+7,6.995e-13
272.7,4.129e+8,3.700e+8,4.289e+7,2.210e-13
272.8,3.396e+8,2.937e+8,4.591e+7,6.532e-14
272.9,3.031e+8,2.553e+8,4.777e+7,1.806e-14
273,2.995e+8,2.501e+8,4.932e+7,4.673e-15
273.1,3.226e+8,2.706e+8,5.206e+7,1.131e-15
273.2,3.652e+8,3.074e+8,5.786e+7,2.559e-16
273.3,4.196e+8,3.509e+8,6.864e+7,5.415e-17
273.4,4.784e+8,3.926e+8,8.583e+7,1.072e-17
273.5,5.360e+8,4.260e+8,1.100e+8,1.984e-18
273.6,5.885e+8,4.480e+8,1.406e+8,3.433e-19
273.7,6.341e+8,4.582e+8,1.759e+8,5.556e-20
273.8,6.723e+8,4.588e+8,2.135e+8,8.406e-21
273.9,7.034e+8,4.524e+8,2.510e+8,1.189e-21
274,7.279e+8,4.413e+8,2.866e+8,1.573e-22
274.1,7.462e+8,4.263e+8,3.198e+8,1.945e-23
274.2,7.583e+8,4.077e+8,3.507e+8,2.248e-24
274.3,7.648e+8,3.852e+8,3.795e+8,2.014e-25
274.4,7.659e+8,3.597e+8,4.062e+8,
274.5,7.618e+8,3.327e+8,4.291e+8,
274.6,7.520e+8,3.063e+8,4.456e+8,
274.7,7.355e+8,2.825e+8,4.530e+8,
274.8,7.112e+8,2.618e+8,4.493e+8,
274.9,6.788e+8,2.439e+8,4.349e+8,
275,6.395e+8,2.274e+8,4.121e+8,
275.1,5.961e+8,2.112e+8,3.849e+8,
275.2,5.518e+8,1.946e+8,3.573e+8,
275.3,5.095e+8,1.777e+8,3.318e+8,
275.4,4.701e+8,1.613e+8,3.087e+8,
275.5,4.326e+8,1.462e+8,2.864e+8,
275.6,3.951e+8,1.329e+8,2.622e+8,
275.7,3.557e+8,1.216e+8,2.341e+8,
275.8,3.138e+8,1.120e+8,2.018e+8,
275.9,2.705e+8,1.038e+8,1.666e+8,
276,2.281e+8,9.679e+7,1.313e+8,
276.1,1.892e+8,9.053e+7,9.869e+7,
276.2,1.561e+8,8.485e+7,7.121e+7,
276.3,1.296e+8,7.960e+7,4.997e+7,
276.4,1.096e+8,7.467e+7,3.493e+7,
276.5,9.508e+7,6.995e+7,2.513e+7,
276.6,8.448e+7,6.529e+7,1.919e+7,
276.7,7.619e+7,6.046e+7,1.573e+7,
276.8,6.888e+7,5.530e+7,1.358e+7,
276.9,6.175e+7,4.978e+7,1.197e+7,
277,5.460e+7,4.413e+7,1.047e+7,
277.1,4.776e+7,3.879e+7,8.976e+6,
277.2,4.187e+7,3.433e+7,7.540e+6,
277.3,3.757e+7,3.127e+7,6.300e+6,
277.4,3.524e+7,2.986e+7,5.380e+6,
277.5,3.488e+7,3.003e+7,4.842e+6,
277.6,3.622e+7,3.155e+7,4.674e+6,
277.7,3.897e+7,3.416e+7,4.808e+6,
277.8,4.311e+7,3.797e+7,5.139e+6,
277.9,4.914e+7,4.359e+7,5.554e+6,
278,5.810e+7,5.215e+7,5.952e+6,
278.1,7.129e+7,6.504e+7,6.247e+6,
278.2,8.970e+7,8.333e+7,6.373e+6,
278.3,1.134e+8,1.071e+8,6.288e+6,
278.4,1.408e+8,1.349e+8,5.975e+6,
278.5,1.690e+8,1.636e+8,5.451e+6,
278.6,1.936e+8,1.889e+8,4.766e+6,
278.7,2.103e+8,2.063e+8,3.998e+6,
278.8,2.156e+8,2.123e+8,3.232e+6,
278.9,2.080e+8,2.055e+8,2.547e+6,
279,1.888e+8,1.868e+8,1.996e+6,
279.1,1.610e+8,1.594e+8,1.598e+6,
279.2,1.291e+8,1.278e+8,1.344e+6,
279.3,9.750e+7,9.630e+7,1.201e+6,
279.4,6.959e+7,6.846e+7,1.130e+6,
279.5,4.751e+7,4.641e+7,1.091e+6,
279.6,3.196e+7,3.091e+7,1.057e+6,
279.7,2.271e+7,2.170e+7,1.008e+6,
279.8,1.894e+7,1.800e+7,9.365e+5,
279.9,1.973e+7,1.889e+7,8.427e+5,
280,2.416e+7,2.343e+7,7.314e+5,
280.1,3.138e+7,3.077e+7,6.109e+5,
280.2,4.055e+7,4.006e+7,4.906e+5,
280.3,5.080e+7,5.042e+7,3.793e+5,
280.4,6.134e+7,6.105e+7,2.841e+5,
280.5,7.153e+7,7.132e+7,2.087e+5,
280.6,8.103e+7,8.088e+7,1.538e+5,
280.7,8.976e+7,8.965e+7,1.171e+5,
280.8,9.777e+7,9.768e+7,9.449e+4,
280.9,1.050e+8,1.049e+8,8.144e+4,
281,1.109e+8,1.109e+8,7.380e+4,
281.1,1.149e+8,1.148e+8,6.857e+4,
281.2,1.157e+8,1.156e+8,6.397e+4,
281.3,1.127e+8,1.127e+8,5.933e+4,
281.4,1.057e+8,1.057e+8,5.463e+4,
281.5,9.539e+7,9.534e+7,5.020e+4,
281.6,8.324e+7,8.320e+7,4.652e+4,
281.7,7.118e+7,7.113e+7,4.443e+4,
281.8,6.102e+7,6.097e+7,4.548e+4,
281.9,5.404e+7,5.399e+7,5.257e+4,
282,5.072e+7,5.065e+7,7.057e+4,
282.1,5.074e+7,5.063e+7,1.070e+5,
282.2,5.319e+7,5.302e+7,1.721e+5,
282.3,5.698e+7,5.670e+7,2.785e+5,
282.4,6.111e+7,6.067e+7,4.399e+5,9.297e-28
282.5,6.491e+7,6.424e+7,6.679e+5,1.828e-26
282.6,6.813e+7,6.716e+7,9.688e+5,1.418e-25
282.7,7.077e+7,6.943e+7,1.339e+6,1.035e-24
282.8,7.294e+7,7.117e+7,1.765e+6,7.103e-24
282.9,7.463e+7,7.241e+7,2.220e+6,4.587e-23
283,7.564e+7,7.297e+7,2.669e+6,2.786e-22
283.1,7.561e+7,7.253e+7,3.079e+6,1.592e-21
283.2,7.425e+7,7.083e+7,3.420e+6,8.557e-21
283.3,7.146e+7,6.778e+7,3.677e+6,4.327e-20
283.4,6.753e+7,6.368e+7,3.848e+6,2.058e-19
283.5,6.310e+7,5.916e+7,3.943e+6,9.207e-19
283.6,5.902e+7,5.505e+7,3.975e+6,3.875e-18
283.7,5.611e+7,5.215e+7,3.956e+6,1.534e-17
283.8,5.493e+7,5.104e+7,3.890e+6,5.713e-17
283.9,5.565e+7,5.187e+7,3.775e+6,2.001e-16
284,5.796e+7,5.436e+7,3.605e+6,6.596e-16
284.1,6.118e+7,5.780e+7,3.379e+6,2.045e-15
284.2,6.440e+7,6.130e+7,3.103e+6,5.962e-15
284.3,6.677e+7,6.397e+7,2.796e+6,1.635e-14
284.4,6.769e+7,6.521e+7,2.479e+6,4.220e-14
284.5,6.704e+7,6.486e+7,2.177e+6,1.024e-13
284.6,6.511e+7,6.320e+7,1.908e+6,2.339e-13
284.7,6.247e+7,6.079e+7,1.685e+6,5.023e-13
284.8,5.971e+7,5.820e+7,1.514e+6,1.015e-12
284.9,5.717e+7,5.577e+7,1.401e+6,1.929e-12
285,5.482e+7,5.347e+7,1.351e+6,3.448e-12
285.1,5.231e+7,5.094e+7,1.367e+6,5.799e-12
285.2,4.916e+7,4.771e+7,1.448e+6,9.173e-12
285.3,4.501e+7,4.342e+7,1.583e+6,1.365e-11
285.4,3.977e+7,3.802e+7,1.750e+6,1.911e-11
285.5,3.369e+7,3.178e+7,1.915e+6,2.516e-11
285.6,2.726e+7,2.522e+7,2.040e+6,3.117e-11
285.7,2.103e+7,1.894e+7,2.090e+6,3.632e-11
285.8,1.547e+7,1.342e+7,2.045e+6,3.981e-11
285.9,1.087e+7,8.969e+6,1.904e+6,4.104e-11
286,7.329e+6,5.643e+6,1.686e+6,3.981e-11
286.1,4.766e+6,3.342e+6,1.424e+6,3.632e-11
286.2,3.022e+6,1.862e+6,1.160e+6,3.117e-11
286.3,1.909e+6,9.758e+5,9.328e+5,2.516e-11
286.4,1.255e+6,4.810e+5,7.741e+5,1.911e-11
286.5,9.278e+5,2.230e+5,7.048e+5,1.365e-11
286.6,8.306e+5,9.724e+4,7.334e+5,9.173e-12
286.7,8.964e+5,3.987e+4,8.565e+5,5.799e-12
286.8,1.075e+6,1.539e+4,1.060e+6,3.448e-12
286.9,1.323e+6,5.622e+3,1.317e+6,1.929e-12
287,1.598e+6,2.045e+3,1.596e+6,1.015e-12
287.1,1.860e+6,1.023e+3,1.859e+6,5.023e-13
287.2,2.071e+6,1.300e+3,2.070e+6,2.339e-13
287.3,2.205e+6,2.892e+3,2.202e+6,1.024e-13
287.4,2.250e+6,6.829e+3,2.243e+6,4.220e-14
287.5,2.214e+6,1.544e+4,2.199e+6,1.635e-14
287.6,2.123e+6,3.299e+4,2.090e+6,5.962e-15
287.7,2.014e+6,6.663e+4,1.947e+6,2.045e-15
287.8,1.927e+6,1.273e+5,1.800e+6,6.596e-16
287.9,1.903e+6,2.302e+5,1.673e+6,2.001e-16
288,1.972e+6,3.950e+5,1.577e+6,5.713e-17
288.1,2.153e+6,6.444e+5,1.509e+6,1.534e-17
288.2,2.457e+6,1.002e+6,1.454e+6,3.875e-18
288.3,2.888e+6,1.492e+6,1.396e+6,9.207e-19
288.4,3.451e+6,2.133e+6,1.318e+6,2.058e-19
288.5,4.156e+6,2.943e+6,1.213e+6,4.327e-20
288.6,5.022e+6,3.936e+6,1.085e+6,8.557e-21
288.7,6.073e+6,5.124e+6,9.488e+5,1.592e-21
288.8,7.333e+6,6.511e+6,8.217e+5,2.786e-22
288.9,8.813e+6,8.090e+6,7.223e+5,4.587e-23
289,1.049e+7,9.829e+6,6.627e+5,7.103e-24
289.1,1.231e+7,1.166e+7,6.456e+5,1.035e-24
289.2,1.417e+7,1.350e+7,6.636e+5,1.418e-25
289.3,1.593e+7,1.523e+7,7.016e+5,1.828e-26
289.4,1.747e+7,1.673e+7,7.409e+5,2.216e-27
289.5,1.866e+7,1.789e+7,7.636e+5,
289.6,1.942e+7,1.866e+7,7.568e+5,
289.7,1.973e+7,1.902e+7,7.154e+5,
289.8,1.961e+7,1.897e+7,6.424e+5,
289.9,1.911e+7,1.856e+7,5.467e+5,
290,1.830e+7,1.786e+7,4.406e+5,
290.1,1.727e+7,1.693e+7,3.361e+5,
290.2,1.611e+7,1.587e+7,2.429e+5,
290.3,1.492e+7,1.475e+7,1.663e+5,
290.4,1.377e+7,1.366e+7,1.082e+5,
290.5,1.271e+7,1.265e+7,6.722e+4,
290.6,1.180e+7,1.176e+7,4.022e+4,
290.7,1.105e+7,1.103e+7,2.365e+4,
290.8,1.049e+7,1.048e+7,1.421e+4,
290.9,1.017e+7,1.016e+7,9.383e+3,
291,1.018e+7,1.017e+7,7.633e+3,
291.1,1.067e+7,1.066e+7,8.553e+3,
291.2,1.180e+7,1.178e+7,1.315e+4,
291.3,1.367e+7,1.365e+7,2.448e+4,
291.4,1.634e+7,1.629e+7,4.874e+4,
291.5,1.975e+7,1.966e+7,9.675e+4,
291.6,2.376e+7,2.358e+7,1.856e+5,
291.7,2.818e+7,2.784e+7,3.392e+5,
291.8,3.281e+7,3.222e+7,5.877e+5,
291.9,3.748e+7,3.652e+7,9.628e+5,
292,4.212e+7,4.063e+7,1.489e+6,
292.1,4.668e+7,4.451e+7,2.175e+6,
292.2,5.116e+7,4.817e+7,2.997e+6,
292.3,5.554e+7,5.165e+7,3.896e+6,
292.4,5.979e+7,5.501e+7,4.778e+6,
292.5,6.386e+7,5.833e+7,5.528e+6,
292.6,6.776e+7,6.173e+7,6.034e+6,
292.7,7.164e+7,6.542e+7,6.213e+6,
292.8,7.584e+7,6.980e+7,6.035e+6,
292.9,8.094e+7,7.541e+7,5.533e+6,
293,8.766e+7,8.287e+7,4.789e+6,
293.1,9.655e+7,9.263e+7,3.920e+6,
293.2,1.078e+8,1.047e+8,3.048e+6,
293.3,1.207e+8,1.184e+8,2.276e+6,
293.4,1.339e+8,1.322e+8,1.679e+6,
293.5,1.455e+8,1.442e+8,1.299e+6,
293.6,1.533e+8,1.522e+8,1.152e+6,
293.7,1.561e+8,1.548e+8,1.236e+6,
293.8,1.535e+8,1.519e+8,1.539e+6,
293.9,1.467e+8,1.447e+8,2.042e+6,
294,1.382e+8,1.355e+8,2.713e+6,
294.1,1.309e+8,1.274e+8,3.510e+6,
294.2,1.277e+8,1.234e+8,4.379e+6,
294.3,1.303e+8,1.251e+8,5.256e+6,
294.4,1.391e+8,1.330e+8,6.077e+6,
294.5,1.528e+8,1.460e+8,6.788e+6,
294.6,1.694e+8,1.621e+8,7.351e+6,
294.7,1.863e+8,1.786e+8,7.750e+6,
294.8,2.013e+8,1.933e+8,7.987e+6,
294.9,2.128e+8,2.047e+8,8.078e+6,
295,2.204e+8,2.123e+8,8.040e+6,
295.1,2.240e+8,2.162e+8,7.881e+6,
295.2,2.242e+8,2.166e+8,7.599e+6,
295.3,2.214e+8,2.142e+8,7.182e+6,
295.4,2.160e+8,2.094e+8,6.621e+6,
295.5,2.088e+8,2.028e+8,5.921e+6,
295.6,2.008e+8,1.957e+8,5.108e+6,
295.7,1.942e+8,1.900e+8,4.231e+6,
295.8,1.917e+8,1.884e+8,3.353e+6,
295.9,1.967e+8,1.941e+8,2.536e+6,
296,2.120e+8,2.102e+8,1.830e+6,
296.1,2.399e+8,2.386e+8,1.265e+6,
296.2,2.805e+8,2.796e+8,8.465e+5,
296.3,3.316e+8,3.310e+8,5.641e+5,
296.4,3.891e+8,3.887e+8,3.940e+5,
296.5,4.472e+8,4.469e+8,3.084e+5,
296.6,4.997e+8,4.994e+8,2.797e+5,
296.7,5.413e+8,5.410e+8,2.843e+5,
296.8,5.682e+8,5.679e+8,3.036e+5,
296.9,5.788e+8,5.785e+8,3.257e+5,
297,5.731e+8,5.728e+8,3.465e+5,5.147e-25
297.1,5.527e+8,5.523e+8,3.715e+5,1.684e-23
297.2,5.200e+8,5.196e+8,4.184e+5,1.199e-22
297.3,4.785e+8,4.780e+8,5.203e+5,8.079e-22
297.4,4.321e+8,4.313e+8,7.274e+5,5.151e-21
297.5,3.855e+8,3.844e+8,1.108e+6,3.108e-20
297.6,3.437e+8,3.419e+8,1.744e+6,1.794e-19
297.7,3.111e+8,3.084e+8,2.718e+6,9.733e-19
297.8,2.907e+8,2.866e+8,4.098e+6,5.004e-18
297.9,2.833e+8,2.774e+8,5.902e+6,2.440e-17
298,2.869e+8,2.789e+8,8.077e+6,1.129e-16
298.1,2.977e+8,2.872e+8,1.048e+7,4.962e-16
298.2,3.102e+8,2.973e+8,1.288e+7,2.075e-15
298.3,3.194e+8,3.044e+8,1.498e+7,8.271e-15
298.4,3.220e+8,3.055e+8,1.648e+7,3.149e-14
298.5,3.171e+8,2.999e+8,1.717e+7,1.148e-13
298.6,3.064e+8,2.895e+8,1.692e+7,4.020e-13
298.7,2.939e+8,2.781e+8,1.578e+7,1.357e-12
298.8,2.839e+8,2.700e+8,1.392e+7,4.428e-12
298.9,2.804e+8,2.687e+8,1.164e+7,1.401e-11
299,2.852e+8,2.760e+8,9.219e+6,4.305e-11
299.1,2.983e+8,2.913e+8,6.949e+6,1.285e-10
299.2,3.173e+8,3.123e+8,5.028e+6,3.725e-10
299.3,3.394e+8,3.358e+8,3.569e+6,1.046e-9
299.4,3.611e+8,3.585e+8,2.607e+6,2.837e-9
299.5,3.803e+8,3.782e+8,2.120e+6,7.411e-9
299.6,3.955e+8,3.934e+8,2.048e+6,1.858e-8
299.7,4.059e+8,4.036e+8,2.312e+6,4.459e-8
299.8,4.112e+8,4.084e+8,2.820e+6,1.021e-7
299.9,4.110e+8,4.075e+8,3.468e+6,2.228e-7
300,4.049e+8,4.007e+8,4.142e+6,4.624e-7
300.1,3.927e+8,3.880e+8,4.728e+6,9.115e-7
300.2,3.752e+8,3.700e+8,5.126e+6,1.705e-6
300.3,3.535e+8,3.483e+8,5.265e+6,3.024e-6
300.4,3.299e+8,3.248e+8,5.120e+6,5.084e-6
300.5,3.063e+8,3.016e+8,4.710e+6,8.096e-6
300.6,2.845e+8,2.804e+8,4.100e+6,1.221e-5
300.7,2.658e+8,2.624e+8,3.377e+6,1.745e-5
300.8,2.516e+8,2.489e+8,2.631e+6,2.359e-5
300.9,2.438e+8,2.418e+8,1.939e+6,3.021e-5
301,2.459e+8,2.445e+8,1.352e+6,3.661e-5
301.1,2.634e+8,2.625e+8,8.922e+5,4.200e-5
301.2,3.036e+8,3.030e+8,5.569e+5,4.560e-5
301.3,3.737e+8,3.734e+8,3.288e+5,4.686e-5
301.4,4.794e+8,4.792e+8,1.837e+5,4.558e-5
301.5,6.217e+8,6.217e+8,9.707e+4,4.196e-5
301.6,7.951e+8,7.951e+8,4.853e+4,3.656e-5
301.7,9.862e+8,9.862e+8,2.296e+4,3.015e-5
301.8,1.175e+9,1.175e+9,1.027e+4,2.353e-5
301.9,1.338e+9,1.338e+9,4.351e+3,1.738e-5
302,1.453e+9,1.453e+9,1.749e+3,1.215e-5
302.1,1.502e+9,1.502e+9,6.778e+2,8.040e-6
302.2,1.480e+9,1.480e+9,2.782e+2,5.035e-6
302.3,1.391e+9,1.391e+9,1.717e+2,2.984e-6
302.4,1.249e+9,1.249e+9,2.159e+2,1.673e-6
302.5,1.073e+9,1.073e+9,3.823e+2,8.883e-7
302.6,8.864e+8,8.864e+8,7.008e+2,4.463e-7
302.7,7.071e+8,7.071e+8,1.235e+3,2.122e-7
302.8,5.491e+8,5.491e+8,2.066e+3,9.548e-8
302.9,4.205e+8,4.205e+8,3.275e+3,4.066e-8
303,3.236e+8,3.236e+8,4.919e+3,1.639e-8
303.1,2.567e+8,2.567e+8,6.999e+3,6.252e-9
303.2,2.153e+8,2.153e+8,9.434e+3,2.257e-9
303.3,1.936e+8,1.936e+8,1.205e+4,7.712e-10
303.4,1.851e+8,1.851e+8,1.459e+4,2.494e-10
303.5,1.838e+8,1.838e+8,1.676e+4,7.632e-11
303.6,1.846e+8,1.846e+8,1.828e+4,2.210e-11
303.7,1.842e+8,1.842e+8,1.898e+4,6.059e-12
303.8,1.811e+8,1.811e+8,1.885e+4,1.572e-12
303.9,1.759e+8,1.759e+8,1.804e+4,3.860e-13
304,1.708e+8,1.708e+8,1.686e+4,8.969e-14
304.1,1.684e+8,1.684e+8,1.571e+4,1.972e-14
304.2,1.713e+8,1.713e+8,1.498e+4,4.106e-15
304.3,1.806e+8,1.806e+8,1.497e+4,8.087e-16
304.4,1.957e+8,1.957e+8,1.581e+4,1.508e-16
304.5,2.144e+8,2.144e+8,1.748e+4,2.660e-17
304.6,2.333e+8,2.333e+8,1.981e+4,4.442e-18
304.7,2.491e+8,2.490e+8,2.255e+4,7.021e-19
304.8,2.593e+8,2.593e+8,2.555e+4,1.050e-19
304.9,2.635e+8,2.634e+8,2.878e+4,1.487e-20
305,2.630e+8,2.630e+8,3.254e+4,1.992e-21
305.1,2.608e+8,2.608e+8,3.742e+4,
305.2,2.602e+8,2.601e+8,4.436e+4,
305.3,2.638e+8,2.637e+8,5.450e+4,
305.4,2.725e+8,2.724e+8,6.899e+4,
305.5,2.850e+8,2.849e+8,8.862e+4,
305.6,2.984e+8,2.983e+8,1.135e+5,
305.7,3.088e+8,3.086e+8,1.426e+5,
305.8,3.126e+8,3.124e+8,1.739e+5,
305.9,3.076e+8,3.074e+8,2.040e+5,
306,2.936e+8,2.934e+8,2.292e+5,
306.1,2.721e+8,2.718e+8,2.460e+5,
306.2,2.459e+8,2.457e+8,2.518e+5,
306.3,2.183e+8,2.181e+8,2.459e+5,
306.4,1.919e+8,1.917e+8,2.300e+5,
306.5,1.685e+8,1.683e+8,2.074e+5,
306.6,1.485e+8,1.483e+8,1.829e+5,
306.7,1.318e+8,1.316e+8,1.617e+5,
306.8,1.178e+8,1.177e+8,1.487e+5,
306.9,1.060e+8,1.059e+8,1.476e+5,
307,9.625e+7,9.609e+7,1.603e+5,
307.1,8.840e+7,8.821e+7,1.867e+5,
307.2,8.247e+7,8.224e+7,2.247e+5,
307.3,7.829e+7,7.802e+7,2.697e+5,
307.4,7.545e+7,7.514e+7,3.160e+5,
307.5,7.335e+7,7.299e+7,3.566e+5,
307.6,7.134e+7,7.096e+7,3.853e+5,
307.7,6.897e+7,6.858e+7,3.972e+5,
307.8,6.604e+7,6.565e+7,3.901e+5,
307.9,6.262e+7,6.225e+7,3.647e+5,
308,5.894e+7,5.862e+7,3.243e+5,
308.1,5.528e+7,5.500e+7,2.743e+5,
308.2,5.179e+7,5.157e+7,2.207e+5,
308.3,4.855e+7,4.838e+7,1.688e+5,
308.4,4.551e+7,4.538e+7,1.229e+5,
308.5,4.265e+7,4.256e+7,8.503e+4,
308.6,4.002e+7,3.996e+7,5.598e+4,
308.7,3.779e+7,3.776e+7,3.505e+4,
308.8,3.624e+7,3.622e+7,2.088e+4,
308.9,3.572e+7,3.571e+7,1.183e+4,
309,3.662e+7,3.661e+7,6.381e+3,
309.1,3.932e+7,3.931e+7,3.274e+3,
309.2,4.416e+7,4.416e+7,1.598e+3,
309.3,5.135e+7,5.135e+7,7.420e+2,
309.4,6.088e+7,6.088e+7,3.278e+2,
309.5,7.237e+7,7.237e+7,1.378e+2,
309.6,8.498e+7,8.498e+7,5.512e+1,
309.7,9.744e+7,9.744e+7,2.097e+1,
309.8,1.082e+8,1.082e+8,7.591e+0,
309.9,1.155e+8,1.155e+8,2.613e+0,
310,1.181e+8,1.181e+8,8.557e-1,
310.1,1.154e+8,1.154e+8,2.665e-1,
310.2,1.076e+8,1.076e+8,7.891e-2,
310.3,9.546e+7,9.546e+7,2.222e-2,
310.4,8.061e+7,8.061e+7,5.946e-3,
310.5,6.474e+7,6.474e+7,1.513e-3,
310.6,4.944e+7,4.944e+7,3.659e-4,
310.7,3.592e+7,3.592e+7,8.408e-5,
310.8,2.486e+7,2.486e+7,1.836e-5,
310.9,1.645e+7,1.645e+7,3.809e-6,
311,1.050e+7,1.050e+7,7.508e-7,
311.1,6.615e+6,6.615e+6,1.406e-7,
311.2,4.321e+6,4.321e+6,2.500e-8,
311.3,3.163e+6,3.163e+6,4.222e-9,
311.4,2.764e+6,2.764e+6,6.772e-10,
311.5,2.837e+6,2.837e+6,1.038e-10,
311.6,3.176e+6,3.176e+6,1.284e-10,
311.7,3.638e+6,3.638e+6,7.514e-10,
311.8,4.133e+6,4.133e+6,4.687e-9,
311.9,4.604e+6,4.604e+6,2.782e-8,
312,5.025e+6,5.025e+6,1.570e-7,
312.1,5.387e+6,5.387e+6,8.432e-7,
312.2,5.691e+6,5.691e+6,4.307e-6,
312.3,5.938e+6,5.938e+6,2.093e-5,
312.4,6.128e+6,6.128e+6,9.672e-5,
312.5,6.255e+6,6.255e+6,4.252e-4,
312.6,6.314e+6,6.314e+6,1.778e-3,
312.7,6.304e+6,6.304e+6,7.070e-3,
312.8,6.227e+6,6.227e+6,2.674e-2,
312.9,6.092e+6,6.092e+6,9.620e-2,
313,5.907e+6,5.907e+6,3.292e-1,
313.1,5.685e+6,5.685e+6,1.071e+0,
313.2,5.438e+6,5.438e+6,3.315e+0,
313.3,5.186e+6,5.186e+6,9.759e+0,
313.4,4.962e+6,4.962e+6,2.732e+1,
313.5,4.813e+6,4.812e+6,7.274e+1,
313.6,4.793e+6,4.792e+6,1.842e+2,
313.7,4.954e+6,4.953e+6,4.436e+2,
313.8,5.326e+6,5.325e+6,1.016e+3,
313.9,5.904e+6,5.902e+6,2.213e+3,
314,6.637e+6,6.633e+6,4.584e+3,
314.1,7.436e+6,7.427e+6,9.031e+3,
314.2,8.192e+6,8.176e+6,1.692e+4,
314.3,8.809e+6,8.779e+6,3.015e+4,
314.4,9.232e+6,9.181e+6,5.109e+4,
314.5,9.472e+6,9.390e+6,8.233e+4,
314.6,9.615e+6,9.489e+6,1.262e+5,
314.7,9.807e+6,9.623e+6,1.839e+5,
314.8,1.023e+7,9.972e+6,2.549e+5,
314.9,1.104e+7,1.071e+7,3.360e+5,
315,1.237e+7,1.195e+7,4.213e+5,
315.1,1.424e+7,1.373e+7,5.024e+5,
315.2,1.658e+7,1.601e+7,5.699e+5,
315.3,1.924e+7,1.863e+7,6.151e+5,
315.4,2.198e+7,2.135e+7,6.321e+5,
315.5,2.454e+7,2.392e+7,6.191e+5,
315.6,2.664e+7,2.606e+7,5.793e+5,
315.7,2.808e+7,2.756e+7,5.200e+5,
315.8,2.871e+7,2.826e+7,4.516e+5,
315.9,2.850e+7,2.812e+7,3.850e+5,
316,2.750e+7,2.717e+7,3.300e+5,
316.1,2.585e+7,2.555e+7,2.934e+5,
316.2,2.373e+7,2.345e+7,2.780e+5,
316.3,2.137e+7,2.109e+7,2.827e+5,
316.4,1.901e+7,1.870e+7,3.031e+5,
316.5,1.684e+7,1.651e+7,3.324e+5,
316.6,1.507e+7,1.470e+7,3.636e+5,
316.7,1.382e+7,1.343e+7,3.901e+5,
316.8,1.322e+7,1.281e+7,4.079e+5,
316.9,1.333e+7,1.291e+7,4.161e+5,
317,1.417e+7,1.376e+7,4.165e+5,
317.1,1.576e+7,1.535e+7,4.133e+5,
317.2,1.803e+7,1.762e+7,4.110e+5,
317.3,2.089e+7,2.048e+7,4.134e+5,
317.4,2.418e+7,2.376e+7,4.218e+5,
317.5,2.768e+7,2.725e+7,4.346e+5,
317.6,3.112e+7,3.067e+7,4.477e+5,
317.7,3.418e+7,3.373e+7,4.557e+5,
317.8,3.659e+7,3.613e+7,4.532e+5,
317.9,3.809e+7,3.765e+7,4.368e+5,
318,3.856e+7,3.816e+7,4.054e+5,
318.1,3.802e+7,3.766e+7,3.611e+5,
318.2,3.665e+7,3.635e+7,3.077e+5,
318.3,3.479e+7,3.454e+7,2.507e+5,
318.4,3.287e+7,3.268e+7,1.949e+5,
318.5,3.137e+7,3.123e+7,1.446e+5,
318.6,3.072e+7,3.062e+7,1.024e+5,
318.7,3.124e+7,3.117e+7,6.916e+4,
318.8,3.307e+7,3.303e+7,4.455e+4,
318.9,3.620e+7,3.617e+7,2.737e+4,
319,4.041e+7,4.039e+7,1.604e+4,
319.1,4.533e+7,4.532e+7,8.971e+3,
319.2,5.048e+7,5.047e+7,4.785e+3,
319.3,5.532e+7,5.531e+7,2.435e+3,
319.4,5.933e+7,5.933e+7,1.182e+3,
319.5,6.210e+7,6.210e+7,5.476e+2,
319.6,6.334e+7,6.334e+7,2.420e+2,
319.7,6.297e+7,6.297e+7,1.020e+2,
319.8,6.116e+7,6.116e+7,4.105e+1,
319.9,5.825e+7,5.825e+7,1.576e+1,
320,5.480e+7,5.480e+7,5.801e+0,
320.1,5.143e+7,5.143e+7,2.135e+0,
320.2,4.882e+7,4.882e+7,1.097e+0,
320.3,4.762e+7,4.762e+7,1.660e+0,
320.4,4.835e+7,4.835e+7,4.752e+0,
320.5,5.141e+7,5.141e+7,1.450e+1,
320.6,5.698e+7,5.698e+7,4.263e+1,
320.7,6.500e+7,6.500e+7,1.196e+2,
320.8,7.513e+7,7.513e+7,3.199e+2,
320.9,8.679e+7,8.678e+7,8.156e+2,
321,9.916e+7,9.916e+7,1.982e+3,
321.1,1.114e+8,1.114e+8,4.590e+3,
321.2,1.226e+8,1.225e+8,1.013e+4,
321.3,1.321e+8,1.321e+8,2.132e+4,
321.4,1.398e+8,1.398e+8,4.276e+4,
321.5,1.457e+8,1.456e+8,8.173e+4,
321.6,1.503e+8,1.501e+8,1.489e+5,
321.7,1.541e+8,1.539e+8,2.586e+5,
321.8,1.579e+8,1.575e+8,4.280e+5,
321.9,1.620e+8,1.613e+8,6.753e+5,
322,1.665e+8,1.655e+8,1.015e+6,
322.1,1.712e+8,1.697e+8,1.455e+6,
322.2,1.755e+8,1.735e+8,1.988e+6,
322.3,1.787e+8,1.761e+8,2.589e+6,
322.4,1.799e+8,1.767e+8,3.213e+6,
322.5,1.784e+8,1.746e+8,3.800e+6,
322.6,1.738e+8,1.695e+8,4.285e+6,
322.7,1.660e+8,1.614e+8,4.605e+6,
322.8,1.552e+8,1.505e+8,4.716e+6,
322.9,1.421e+8,1.375e+8,4.605e+6,
323,1.275e+8,1.232e+8,4.285e+6,
323.1,1.124e+8,1.086e+8,3.800e+6,
323.2,9.762e+7,9.441e+7,3.213e+6,
323.3,8.401e+7,8.142e+7,2.589e+6,
323.4,7.203e+7,7.004e+7,1.988e+6,
323.5,6.197e+7,6.052e+7,1.455e+6,
323.6,5.390e+7,5.288e+7,1.015e+6,
323.7,4.770e+7,4.702e+7,6.753e+5,
323.8,4.314e+7,4.271e+7,4.280e+5,
323.9,3.991e+7,3.965e+7,2.586e+5,
324,3.768e+7,3.753e+7,1.490e+5,
324.1,3.610e+7,3.602e+7,8.193e+4,
324.2,3.485e+7,3.481e+7,4.321e+4,
324.3,3.368e+7,3.366e+7,2.230e+4,
324.4,3.241e+7,3.240e+7,1.216e+4,
324.5,3.094e+7,3.093e+7,8.602e+3,
324.6,2.926e+7,2.926e+7,9.557e+3,
324.7,2.744e+7,2.742e+7,1.446e+4,
324.8,2.556e+7,2.554e+7,2.377e+4,
324.9,2.372e+7,2.369e+7,3.856e+4,
325,2.200e+7,2.194e+7,6.016e+4,
325.1,2.042e+7,2.033e+7,8.972e+4,
325.2,1.896e+7,1.884e+7,1.277e+5,
325.3,1.758e+7,1.740e+7,1.734e+5,
325.4,1.622e+7,1.600e+7,2.247e+5,
325.5,1.489e+7,1.461e+7,2.777e+5,
325.6,1.361e+7,1.328e+7,3.274e+5,
325.7,1.247e+7,1.210e+7,3.683e+5,
325.8,1.160e+7,1.121e+7,3.952e+5,
325.9,1.114e+7,1.074e+7,4.047e+5,
326,1.119e+7,1.079e+7,3.952e+5,
326.1,1.179e+7,1.142e+7,3.683e+5,
326.2,1.293e+7,1.260e+7,3.274e+5,
326.3,1.450e+7,1.423e+7,2.777e+5,
326.4,1.635e+7,1.613e+7,2.247e+5,
326.5,1.828e+7,1.810e+7,1.734e+5,
326.6,2.006e+7,1.993e+7,1.277e+5,
326.7,2.151e+7,2.142e+7,8.970e+4,
326.8,2.247e+7,2.241e+7,6.012e+4,
326.9,2.285e+7,2.281e+7,3.844e+4,
327,2.264e+7,2.262e+7,2.345e+4,
327.1,2.191e+7,2.189e+7,1.364e+4,
327.2,2.079e+7,2.078e+7,7.575e+3,
327.3,1.948e+7,1.948e+7,4.012e+3,
327.4,1.823e+7,1.823e+7,2.027e+3,
327.5,1.727e+7,1.727e+7,9.772e+2,
327.6,1.681e+7,1.681e+7,4.494e+2,
327.7,1.704e+7,1.704e+7,1.972e+2,
327.8,1.805e+7,1.805e+7,8.252e+1,
327.9,1.988e+7,1.988e+7,3.295e+1,
328,2.250e+7,2.250e+7,1.255e+1,
328.1,2.577e+7,2.577e+7,4.562e+0,
328.2,2.951e+7,2.951e+7,1.582e+0,
328.3,3.343e+7,3.343e+7,5.231e-1,
328.4,3.722e+7,3.722e+7,1.651e-1,
328.5,4.052e+7,4.052e+7,4.969e-2,
328.6,4.301e+7,4.301e+7,1.427e-2,
328.7,4.441e+7,4.441e+7,3.910e-3,
328.8,4.459e+7,4.459e+7,1.022e-3,
328.9,4.353e+7,4.353e+7,2.549e-4,
329,4.133e+7,4.133e+7,6.063e-5,
329.1,3.824e+7,3.824e+7,1.376e-5,
329.2,3.456e+7,3.456e+7,2.980e-6,
329.3,3.069e+7,3.069e+7,6.155e-7,
329.4,2.701e+7,2.701e+7,1.213e-7,
329.5,2.394e+7,2.394e+7,2.280e-8,
329.6,2.188e+7,2.188e+7,4.090e-9,
329.7,2.116e+7,2.116e+7,6.998e-10,
329.8,2.204e+7,2.204e+7,1.142e-10,
329.9,2.461e+7,2.461e+7,8.337e-12,
330,2.878e+7,2.878e+7,,
330.1,3.420e+7,3.420e+7,,
330.2,4.032e+7,4.032e+7,,
330.3,4.642e+7,4.642e+7,,
330.4,5.171e+7,5.171e+7,,
330.5,5.547e+7,5.547e+7,,
330.6,5.718e+7,5.718e+7,,
330.7,5.662e+7,5.662e+7,,
330.8,5.393e+7,5.393e+7,,
330.9,4.950e+7,4.950e+7,,
331,4.395e+7,4.395e+7,,
331.1,3.794e+7,3.794e+7,,
331.2,3.206e+7,3.206e+7,,
331.3,2.676e+7,2.676e+7,,
331.4,2.229e+7,2.229e+7,,
331.5,1.873e+7,1.873e+7,,
331.6,1.603e+7,1.603e+7,,
331.7,1.407e+7,1.407e+7,,
331.8,1.270e+7,1.270e+7,,
331.9,1.179e+7,1.179e+7,,
332,1.122e+7,1.122e+7,,
332.1,1.087e+7,1.087e+7,,
332.2,1.066e+7,1.066e+7,,
332.3,1.049e+7,1.049e+7,,
332.4,1.030e+7,1.030e+7,,
332.5,1.002e+7,1.002e+7,,
332.6,9.614e+6,9.614e+6,,
332.7,9.059e+6,9.059e+6,,
332.8,8.358e+6,8.358e+6,,
332.9,7.530e+6,7.530e+6,,
333,6.609e+6,6.609e+6,,
333.1,5.641e+6,5.641e+6,,
333.2,4.671e+6,4.671e+6,,
333.3,3.746e+6,3.746e+6,,
333.4,2.904e+6,2.904e+6,,
333.5,2.173e+6,2.173e+6,,
333.6,1.567e+6,1.567e+6,,
333.7,1.089e+6,1.089e+6,,
333.8,7.302e+5,7.302e+5,,
333.9,4.764e+5,4.764e+5,,
334,3.106e+5,3.106e+5,,
334.1,2.172e+5,2.172e+5,,
334.2,1.851e+5,1.851e+5,,
334.3,2.091e+5,2.091e+5,,
334.4,2.898e+5,2.898e+5,,
334.5,4.331e+5,4.331e+5,,
334.6,6.467e+5,6.467e+5,,
334.7,9.372e+5,9.372e+5,,
334.8,1.305e+6,1.305e+6,,
334.9,1.741e+6,1.741e+6,,
335,2.223e+6,2.223e+6,,
335.1,2.717e+6,2.717e+6,,
335.2,3.180e+6,3.180e+6,,
335.3,3.564e+6,3.564e+6,,
335.4,3.834e+6,3.834e+6,,
335.5,3.968e+6,3.968e+6,,
335.6,3.975e+6,3.975e+6,,
335.7,3.892e+6,3.892e+6,,
335.8,3.790e+6,3.790e+6,,
335.9,3.766e+6,3.766e+6,,
336,3.932e+6,3.932e+6,,
336.1,4.401e+6,4.401e+6,,
336.2,5.266e+6,5.266e+6,,
336.3,6.584e+6,6.584e+6,,
336.4,8.355e+6,8.355e+6,,
336.5,1.051e+7,1.051e+7,,
336.6,1.290e+7,1.290e+7,,
336.7,1.532e+7,1.532e+7,,
336.8,1.754e+7,1.754e+7,,
336.9,1.930e+7,1.930e+7,,
337,2.041e+7,2.041e+7,,
337.1,2.077e+7,2.077e+7,,
337.2,2.035e+7,2.035e+7,,
337.3,1.925e+7,1.925e+7,,
337.4,1.765e+7,1.765e+7,,
337.5,1.575e+7,1.575e+7,,
337.6,1.377e+7,1.377e+7,,
337.7,1.188e+7,1.188e+7,,
337.8,1.018e+7,1.018e+7,,
337.9,8.732e+6,8.732e+6,,
338,7.554e+6,7.554e+6,,
338.1,6.637e+6,6.637e+6,,
338.2,5.975e+6,5.975e+6,,
338.3,5.579e+6,5.579e+6,,
338.4,5.476e+6,5.476e+6,,
338.5,5.705e+6,5.705e+6,,
338.6,6.300e+6,6.300e+6,,
338.7,7.279e+6,7.279e+6,,
338.8,8.628e+6,8.628e+6,,
338.9,1.030e+7,1.030e+7,,
339,1.224e+7,1.224e+7,,
339.1,1.437e+7,1.437e+7,,
339.2,1.663e+7,1.663e+7,,
339.3,1.899e+7,1.899e+7,,
339.4,2.148e+7,2.148e+7,,
339.5,2.419e+7,2.419e+7,,
339.6,2.722e+7,2.722e+7,,
339.7,3.074e+7,3.074e+7,,
339.8,3.486e+7,3.486e+7,,
339.9,3.969e+7,3.969e+7,,
340,4.523e+7,4.523e+7,,
340.1,5.135e+7,5.135e+7,,
340.2,5.780e+7,5.780e+7,,
340.3,6.420e+7,6.420e+7,,
340.4,7.006e+7,7.006e+7,,
340.5,7.490e+7,7.490e+7,,
340.6,7.827e+7,7.827e+7,,
340.7,7.989e+7,7.989e+7,,
340.8,7.967e+7,7.967e+7,,
340.9,7.775e+7,7.775e+7,,
341,7.445e+7,7.445e+7,,
341.1,7.024e+7,7.024e+7,,
341.2,6.564e+7,6.564e+7,,
341.3,6.118e+7,6.118e+7,,
341.4,5.730e+7,5.730e+7,,
341.5,5.436e+7,5.436e+7,,
341.6,5.260e+7,5.260e+7,,
341.7,5.216e+7,5.216e+7,,
341.8,5.311e+7,5.311e+7,,
341.9,5.537e+7,5.537e+7,,
342,5.879e+7,5.879e+7,,
342.1,6.304e+7,6.304e+7,,
342.2,6.772e+7,6.772e+7,,
342.3,7.229e+7,7.229e+7,,
342.4,7.622e+7,7.622e+7,,
342.5,7.906e+7,7.906e+7,,
342.6,8.062e+7,8.062e+7,,
342.7,8.108e+7,8.108e+7,,
342.8,8.108e+7,8.108e+7,,
342.9,8.181e+7,8.181e+7,,
343,8.488e+7,8.488e+7,,
343.1,9.219e+7,9.219e+7,,
343.2,1.056e+8,1.056e+8,,
343.3,1.265e+8,1.265e+8,,
343.4,1.557e+8,1.557e+8,,
343.5,1.926e+8,1.926e+8,,
343.6,2.354e+8,2.354e+8,,
343.7,2.809e+8,2.809e+8,,
343.8,3.250e+8,3.250e+8,,
343.9,3.630e+8,3.630e+8,,
344,3.906e+8,3.906e+8,,
344.1,4.043e+8,4.043e+8,,
344.2,4.026e+8,4.026e+8,,
344.3,3.856e+8,3.856e+8,,
344.4,3.555e+8,3.555e+8,,
344.5,3.155e+8,3.155e+8,,
344.6,2.699e+8,2.699e+8,,
344.7,2.228e+8,2.228e+8,,
344.8,1.778e+8,1.778e+8,,
344.9,1.376e+8,1.376e+8,,
345,1.036e+8,1.036e+8,,
345.1,7.638e+7,7.638e+7,,
345.2,5.559e+7,5.559e+7,,
345.3,4.058e+7,4.058e+7,,
345.4,3.046e+7,3.046e+7,,
345.5,2.439e+7,2.439e+7,,
345.6,2.167e+7,2.167e+7,,
345.7,2.176e+7,2.176e+7,,
345.8,2.427e+7,2.427e+7,,
345.9,2.884e+7,2.884e+7,,
346,3.514e+7,3.514e+7,,
346.1,4.274e+7,4.274e+7,,
346.2,5.117e+7,5.117e+7,,
346.3,5.993e+7,5.993e+7,,
346.4,6.857e+7,6.857e+7,,
346.5,7.675e+7,7.675e+7,,
346.6,8.436e+7,8.436e+7,,
346.7,9.147e+7,9.147e+7,,
346.8,9.828e+7,9.828e+7,,
346.9,1.050e+8,1.050e+8,,
347,1.118e+8,1.118e+8,,
347.1,1.185e+8,1.185e+8,,
347.2,1.247e+8,1.247e+8,,
347.3,1.295e+8,1.295e+8,,
347.4,1.322e+8,1.322e+8,,
347.5,1.320e+8,1.320e+8,,
347.6,1.284e+8,1.284e+8,,
347.7,1.215e+8,1.215e+8,,
347.8,1.118e+8,1.118e+8,,
347.9,1.004e+8,1.004e+8,,
348,8.845e+7,8.845e+7,,
348.1,7.749e+7,7.749e+7,,
348.2,6.878e+7,6.878e+7,,
348.3,6.328e+7,6.328e+7,,
348.4,6.146e+7,6.146e+7,,
348.5,6.332e+7,6.332e+7,,
348.6,6.835e+7,6.835e+7,,
348.7,7.562e+7,7.562e+7,,
348.8,8.397e+7,8.397e+7,,
348.9,9.215e+7,9.215e+7,,
349,9.900e+7,9.900e+7,,
349.1,1.036e+8,1.036e+8,,
349.2,1.055e+8,1.055e+8,,
349.3,1.045e+8,1.045e+8,,
349.4,1.008e+8,1.008e+8,,
349.5,9.473e+7,9.473e+7,,
349.6,8.696e+7,8.696e+7,,
349.7,7.809e+7,7.809e+7,,
349.8,6.867e+7,6.867e+7,,
349.9,5.922e+7,5.922e+7,,
350,5.016e+7,5.016e+7,,
350.1,4.182e+7,4.182e+7,,
350.2,3.448e+7,3.448e+7,,
350.3,2.837e+7,2.837e+7,,
350.4,2.364e+7,2.364e+7,,
350.5,2.037e+7,2.037e+7,,
350.6,1.858e+7,1.858e+7,,
350.7,1.820e+7,1.820e+7,,
350.8,1.909e+7,1.909e+7,,
350.9,2.106e+7,2.106e+7,,
351,2.389e+7,2.389e+7,,
351.1,2.737e+7,2.737e+7,,
351.2,3.132e+7,3.132e+7,,
351.3,3.562e+7,3.562e+7,,
351.4,4.021e+7,4.021e+7,,
351.5,4.512e+7,4.512e+7,,
351.6,5.041e+7,5.041e+7,,
351.7,5.619e+7,5.619e+7,,
351.8,6.250e+7,6.250e+7,,
351.9,6.933e+7,6.933e+7,,
352,7.652e+7,7.652e+7,,
352.1,8.384e+7,8.384e+7,,
352.2,9.092e+7,9.092e+7,,
352.3,9.735e+7,9.735e+7,,
352.4,1.027e+8,1.027e+8,,
352.5,1.067e+8,1.067e+8,,
352.6,1.090e+8,1.090e+8,,
352.7,1.098e+8,1.098e+8,,
352.8,1.092e+8,1.092e+8,,
352.9,1.075e+8,1.075e+8,,
353,1.054e+8,1.054e+8,,
353.1,1.033e+8,1.033e+8,,
353.2,1.017e+8,1.017e+8,,
353.3,1.010e+8,1.010e+8,,
353.4,1.013e+8,1.013e+8,,
353.5,1.026e+8,1.026e+8,,
353.6,1.046e+8,1.046e+8,,
353.7,1.069e+8,1.069e+8,,
353.8,1.088e+8,1.088e+8,,
353.9,1.097e+8,1.097e+8,,
354,1.093e+8,1.093e+8,,
354.1,1.073e+8,1.073e+8,,
354.2,1.037e+8,1.037e+8,,
354.3,9.894e+7,9.894e+7,,
354.4,9.371e+7,9.371e+7,,
354.5,8.890e+7,8.890e+7,,
354.6,8.556e+7,8.556e+7,,
354.7,8.467e+7,8.467e+7,,
354.8,8.700e+7,8.700e+7,,
354.9,9.303e+7,9.303e+7,,
355,1.029e+8,1.029e+8,,
355.1,1.162e+8,1.162e+8,,
355.2,1.326e+8,1.326e+8,,
355.3,1.513e+8,1.513e+8,,
355.4,1.717e+8,1.717e+8,,
355.5,1.935e+8,1.935e+8,,
355.6,2.166e+8,2.166e+8,,
355.7,2.415e+8,2.415e+8,,
355.8,2.690e+8,2.690e+8,,
355.9,3.000e+8,3.000e+8,,
356,3.353e+8,3.353e+8,,
356.1,3.754e+8,3.754e+8,,
356.2,4.200e+8,4.200e+8,,
356.3,4.681e+8,4.681e+8,,
356.4,5.177e+8,5.177e+8,,
356.5,5.661e+8,5.661e+8,,
356.6,6.104e+8,6.104e+8,,
356.7,6.478e+8,6.478e+8,,
356.8,6.766e+8,6.766e+8,,
356.9,6.963e+8,6.963e+8,,
357,7.085e+8,7.085e+8,,
357.1,7.165e+8,7.165e+8,,
357.2,7.247e+8,7.247e+8,,
357.3,7.384e+8,7.384e+8,,
357.4,7.618e+8,7.618e+8,,
357.5,7.974e+8,7.974e+8,,
357.6,8.447e+8,8.447e+8,,
357.7,9.002e+8,9.002e+8,,
357.8,9.572e+8,9.572e+8,,
357.9,1.007e+9,1.007e+9,,
358,1.042e+9,1.042e+9,,
358.1,1.054e+9,1.054e+9,,
358.2,1.039e+9,1.039e+9,,
358.3,9.944e+8,9.944e+8,,
358.4,9.241e+8,9.241e+8,,
358.5,8.332e+8,8.332e+8,,
358.6,7.288e+8,7.288e+8,,
358.7,6.190e+8,6.190e+8,,
358.8,5.111e+8,5.111e+8,,
358.9,4.109e+8,4.109e+8,,
359,3.226e+8,3.226e+8,,
359.1,2.484e+8,2.484e+8,,
359.2,1.888e+8,1.888e+8,,
359.3,1.436e+8,1.436e+8,,
359.4,1.113e+8,1.113e+8,,
359.5,9.079e+7,9.079e+7,,
359.6,8.058e+7,8.058e+7,,
359.7,7.962e+7,7.962e+7,,
359.8,8.704e+7,8.704e+7,,
359.9,1.022e+8,1.022e+8,,
360,1.244e+8,1.244e+8,,
360.1,1.528e+8,1.528e+8,,
360.2,1.862e+8,1.862e+8,,
360.3,2.230e+8,2.230e+8,,
360.4,2.610e+8,2.610e+8,,
360.5,2.979e+8,2.979e+8,,
360.6,3.313e+8,3.313e+8,,
360.7,3.593e+8,3.593e+8,,
360.8,3.804e+8,3.804e+8,,
360.9,3.946e+8,3.946e+8,,
361,4.025e+8,4.025e+8,,
361.1,4.058e+8,4.058e+8,,
361.2,4.067e+8,4.067e+8,,
361.3,4.072e+8,4.072e+8,,
361.4,4.086e+8,4.086e+8,,
361.5,4.113e+8,4.113e+8,,
361.6,4.149e+8,4.149e+8,,
361.7,4.180e+8,4.180e+8,,
361.8,4.188e+8,4.188e+8,,
361.9,4.159e+8,4.159e+8,,
362,4.087e+8,4.087e+8,,
362.1,3.976e+8,3.976e+8,,
362.2,3.840e+8,3.840e+8,,
362.3,3.701e+8,3.701e+8,3.458e-14,
362.4,3.581e+8,3.581e+8,1.743e-13,
362.5,3.498e+8,3.498e+8,8.464e-13,
362.6,3.460e+8,3.460e+8,3.960e-12,
362.7,3.461e+8,3.461e+8,1.785e-11,
362.8,3.486e+8,3.486e+8,7.755e-11,
362.9,3.510e+8,3.510e+8,3.246e-10,
363,3.506e+8,3.506e+8,1.309e-9,
363.1,3.452e+8,3.452e+8,5.085e-9,
363.2,3.333e+8,3.333e+8,1.904e-8,
363.3,3.148e+8,3.148e+8,6.865e-8,
363.4,2.909e+8,2.909e+8,2.386e-7,
363.5,2.635e+8,2.635e+8,7.988e-7,
363.6,2.356e+8,2.356e+8,2.577e-6,
363.7,2.099e+8,2.099e+8,8.010e-6,
363.8,1.892e+8,1.892e+8,2.399e-5,
363.9,1.755e+8,1.755e+8,6.922e-5,
364,1.698e+8,1.698e+8,1.925e-4,
364.1,1.724e+8,1.724e+8,5.155e-4,
364.2,1.824e+8,1.824e+8,1.331e-3,
364.3,1.982e+8,1.982e+8,3.309e-3,
364.4,2.173e+8,2.173e+8,7.928e-3,
364.5,2.370e+8,2.370e+8,1.830e-2,
364.6,2.543e+8,2.543e+8,4.071e-2,
364.7,2.665e+8,2.665e+8,8.724e-2,
364.8,2.716e+8,2.716e+8,1.801e-1,
364.9,2.684e+8,2.684e+8,3.584e-1,
365,2.569e+8,2.569e+8,6.870e-1,
365.1,2.380e+8,2.380e+8,1.269e+0,
365.2,2.132e+8,2.132e+8,2.258e+0,
365.3,1.849e+8,1.849e+8,3.871e+0,
365.4,1.552e+8,1.552e+8,6.395e+0,
365.5,1.262e+8,1.262e+8,1.018e+1,
365.6,9.975e+7,9.975e+7,1.561e+1,
365.7,7.681e+7,7.681e+7,2.307e+1,
365.8,5.796e+7,5.796e+7,3.284e+1,
365.9,4.323e+7,4.323e+7,4.504e+1,
366,3.231e+7,3.231e+7,5.953e+1,
366.1,2.468e+7,2.468e+7,7.581e+1,
366.2,1.975e+7,1.975e+7,9.301e+1,
366.3,1.692e+7,1.692e+7,1.100e+2,
366.4,1.568e+7,1.568e+7,1.252e+2,
366.5,1.562e+7,1.562e+7,1.374e+2,
366.6,1.644e+7,1.644e+7,1.453e+2,
366.7,1.794e+7,1.794e+7,1.480e+2,
366.8,2.003e+7,2.003e+7,1.453e+2,
366.9,2.268e+7,2.268e+7,1.374e+2,
367,2.594e+7,2.594e+7,1.252e+2,
367.1,2.993e+7,2.993e+7,1.100e+2,
367.2,3.475e+7,3.475e+7,9.301e+1,
367.3,4.051e+7,4.051e+7,7.581e+1,
367.4,4.725e+7,4.725e+7,5.953e+1,
367.5,5.495e+7,5.495e+7,4.504e+1,
367.6,6.350e+7,6.350e+7,3.284e+1,
367.7,7.271e+7,7.271e+7,2.307e+1,
367.8,8.231e+7,8.231e+7,1.561e+1,
367.9,9.198e+7,9.198e+7,1.018e+1,
368,1.014e+8,1.014e+8,6.395e+0,
368.1,1.101e+8,1.101e+8,3.871e+0,
368.2,1.179e+8,1.179e+8,2.258e+0,
368.3,1.243e+8,1.243e+8,1.269e+0,
368.4,1.290e+8,1.290e+8,6.870e-1,
368.5,1.319e+8,1.319e+8,3.584e-1,
368.6,1.327e+8,1.327e+8,1.801e-1,
368.7,1.315e+8,1.315e+8,8.724e-2,
368.8,1.284e+8,1.284e+8,4.071e-2,
368.9,1.236e+8,1.236e+8,1.830e-2,
369,1.177e+8,1.177e+8,7.928e-3,
369.1,1.110e+8,1.110e+8,3.309e-3,
369.2,1.042e+8,1.042e+8,1.331e-3,
369.3,9.786e+7,9.786e+7,5.155e-4,
369.4,9.254e+7,9.254e+7,1.925e-4,
369.5,8.875e+7,8.875e+7,6.922e-5,
369.6,8.689e+7,8.689e+7,2.399e-5,
369.7,8.731e+7,8.731e+7,8.010e-6,
369.8,9.021e+7,9.021e+7,2.577e-6,
369.9,9.565e+7,9.565e+7,7.988e-7,
370,1.035e+8,1.035e+8,2.386e-7,
370.1,1.135e+8,1.135e+8,6.865e-8,
370.2,1.250e+8,1.250e+8,1.904e-8,
370.3,1.374e+8,1.374e+8,5.085e-9,
370.4,1.501e+8,1.501e+8,1.309e-9,
370.5,1.624e+8,1.624e+8,3.246e-10,
370.6,1.740e+8,1.740e+8,7.755e-11,
370.7,1.851e+8,1.851e+8,1.785e-11,
370.8,1.962e+8,1.962e+8,3.960e-12,
370.9,2.085e+8,2.085e+8,8.464e-13,
371,2.236e+8,2.236e+8,1.743e-13,
371.1,2.432e+8,2.432e+8,3.458e-14,
371.2,2.687e+8,2.687e+8,6.611e-15,
371.3,3.010e+8,3.010e+8,,
371.4,3.398e+8,3.398e+8,,
371.5,3.837e+8,3.837e+8,,
371.6,4.301e+8,4.301e+8,,
371.7,4.756e+8,4.756e+8,,
371.8,5.166e+8,5.166e+8,,
371.9,5.499e+8,5.499e+8,,
372,5.734e+8,5.734e+8,,
372.1,5.868e+8,5.868e+8,,
372.2,5.917e+8,5.917e+8,,
372.3,5.919e+8,5.919e+8,,
372.4,5.924e+8,5.924e+8,,
372.5,5.990e+8,5.990e+8,,
372.6,6.171e+8,6.171e+8,,
372.7,6.510e+8,6.510e+8,,
372.8,7.028e+8,7.028e+8,,
372.9,7.717e+8,7.717e+8,,
373,8.542e+8,8.542e+8,,
373.1,9.440e+8,9.440e+8,,
373.2,1.033e+9,1.033e+9,,
373.3,1.113e+9,1.113e+9,,
373.4,1.176e+9,1.176e+9,,
373.5,1.216e+9,1.216e+9,,
373.6,1.231e+9,1.231e+9,,
373.7,1.222e+9,1.222e+9,,
373.8,1.194e+9,1.194e+9,,
373.9,1.154e+9,1.154e+9,,
374,1.109e+9,1.109e+9,,
374.1,1.068e+9,1.068e+9,,
374.2,1.034e+9,1.034e+9,,
374.3,1.012e+9,1.012e+9,,
374.4,1.000e+9,1.000e+9,,
374.5,9.954e+8,9.954e+8,,
374.6,9.930e+8,9.930e+8,,
374.7,9.877e+8,9.877e+8,,
374.8,9.748e+8,9.748e+8,,
374.9,9.517e+8,9.517e+8,,
375,9.179e+8,9.179e+8,,
375.1,8.749e+8,8.749e+8,,
375.2,8.259e+8,8.259e+8,,
375.3,7.751e+8,7.751e+8,,
375.4,7.262e+8,7.262e+8,,
375.5,6.824e+8,6.824e+8,,
375.6,6.454e+8,6.454e+8,,
375.7,6.158e+8,6.158e+8,,
375.8,5.926e+8,5.926e+8,,
375.9,5.743e+8,5.743e+8,,
376,5.586e+8,5.586e+8,,
376.1,5.433e+8,5.433e+8,,
376.2,5.264e+8,5.264e+8,,
376.3,5.062e+8,5.062e+8,,
376.4,4.815e+8,4.815e+8,,
376.5,4.517e+8,4.517e+8,,
376.6,4.168e+8,4.168e+8,,
376.7,3.774e+8,3.774e+8,,
376.8,3.347e+8,3.347e+8,,
376.9,2.901e+8,2.901e+8,,
377,2.454e+8,2.454e+8,,
377.1,2.023e+8,2.023e+8,,
377.2,1.626e+8,1.626e+8,,
377.3,1.273e+8,1.273e+8,,
377.4,9.740e+7,9.740e+7,,
377.5,7.317e+7,7.317e+7,,
377.6,5.457e+7,5.457e+7,,
377.7,4.124e+7,4.124e+7,,
377.8,3.259e+7,3.259e+7,,
377.9,2.796e+7,2.796e+7,,
378,2.669e+7,2.669e+7,,
378.1,2.813e+7,2.813e+7,,
378.2,3.171e+7,3.171e+7,,
378.3,3.694e+7,3.694e+7,,
378.4,4.340e+7,4.340e+7,,
378.5,5.075e+7,5.075e+7,,
378.6,5.872e+7,5.872e+7,,
378.7,6.714e+7,6.714e+7,,
378.8,7.588e+7,7.588e+7,,
378.9,8.490e+7,8.490e+7,,
379,9.412e+7,9.412e+7,,
379.1,1.035e+8,1.035e+8,,
379.2,1.128e+8,1.128e+8,,
379.3,1.219e+8,1.219e+8,,
379.4,1.304e+8,1.304e+8,,
379.5,1.378e+8,1.378e+8,,
379.6,1.438e+8,1.438e+8,,
379.7,1.479e+8,1.479e+8,,
379.8,1.499e+8,1.499e+8,,
379.9,1.499e+8,1.499e+8,,
380,1.481e+8,1.481e+8,,
380.1,1.453e+8,1.453e+8,,
380.2,1.423e+8,1.423e+8,,
380.3,1.405e+8,1.405e+8,,
380.4,1.414e+8,1.414e+8,,
380.5,1.468e+8,1.468e+8,,
380.6,1.584e+8,1.584e+8,,
380.7,1.779e+8,1.779e+8,,
380.8,2.070e+8,2.070e+8,,
380.9,2.465e+8,2.465e+8,,
381,2.971e+8,2.971e+8,,
381.1,3.584e+8,3.584e+8,,
381.2,4.291e+8,4.291e+8,,
381.3,5.071e+8,5.071e+8,,
381.4,5.893e+8,5.893e+8,,
381.5,6.723e+8,6.723e+8,,
381.6,7.521e+8,7.521e+8,,
381.7,8.250e+8,8.250e+8,,
381.8,8.876e+8,8.876e+8,,
381.9,9.373e+8,9.373e+8,,
382,9.722e+8,9.722e+8,,
382.1,9.917e+8,9.917e+8,,
382.2,9.958e+8,9.958e+8,,
382.3,9.854e+8,9.854e+8,,
382.4,9.619e+8,9.619e+8,,
382.5,9.271e+8,9.271e+8,,
382.6,8.834e+8,8.834e+8,,
382.7,8.329e+8,8.329e+8,,
382.8,7.783e+8,7.783e+8,,
382.9,7.220e+8,7.220e+8,,
383,6.665e+8,6.665e+8,,
383.1,6.139e+8,6.139e+8,,
383.2,5.658e+8,5.658e+8,,
383.3,5.235e+8,5.235e+8,,
383.4,4.872e+8,4.872e+8,,
383.5,4.567e+8,4.567e+8,,
383.6,4.311e+8,4.311e+8,,
383.7,4.092e+8,4.092e+8,,
383.8,3.893e+8,3.893e+8,,
383.9,3.700e+8,3.700e+8,,
384,3.502e+8,3.502e+8,,
384.1,3.291e+8,3.291e+8,,
384.2,3.066e+8,3.066e+8,,
384.3,2.831e+8,2.831e+8,,
384.4,2.595e+8,2.595e+8,,
384.5,2.370e+8,2.370e+8,,
384.6,2.169e+8,2.169e+8,,
384.7,2.008e+8,2.008e+8,,
384.8,1.896e+8,1.896e+8,,
384.9,1.844e+8,1.844e+8,,
385,1.854e+8,1.854e+8,,
385.1,1.928e+8,1.928e+8,,
385.2,2.060e+8,2.060e+8,,
385.3,2.239e+8,2.239e+8,,
385.4,2.450e+8,2.450e+8,,
385.5,2.674e+8,2.674e+8,,
385.6,2.889e+8,2.889e+8,,
385.7,3.075e+8,3.075e+8,,
385.8,3.210e+8,3.210e+8,,
385.9,3.281e+8,3.281e+8,,
386,3.277e+8,3.277e+8,,
386.1,3.198e+8,3.198e+8,,
386.2,3.050e+8,3.050e+8,,
386.3,2.848e+8,2.848e+8,,
386.4,2.610e+8,2.610e+8,,
386.5,2.356e+8,2.356e+8,,
386.6,2.107e+8,2.107e+8,,
386.7,1.879e+8,1.879e+8,,
386.8,1.686e+8,1.686e+8,,
386.9,1.536e+8,1.536e+8,,
387,1.433e+8,1.433e+8,,
387.1,1.373e+8,1.373e+8,,
387.2,1.355e+8,1.355e+8,,
387.3,1.369e+8,1.369e+8,,
387.4,1.410e+8,1.410e+8,,
387.5,1.469e+8,1.469e+8,,
387.6,1.540e+8,1.540e+8,,
387.7,1.617e+8,1.617e+8,,
387.8,1.697e+8,1.697e+8,,
387.9,1.776e+8,1.776e+8,,
388,1.852e+8,1.852e+8,,
388.1,1.922e+8,1.922e+8,,
388.2,1.982e+8,1.982e+8,,
388.3,2.029e+8,2.029e+8,,
388.4,2.059e+8,2.059e+8,,
388.5,2.067e+8,2.067e+8,,
388.6,2.050e+8,2.050e+8,,
388.7,2.007e+8,2.007e+8,,
388.8,1.939e+8,1.939e+8,,
388.9,1.851e+8,1.851e+8,,
389,1.748e+8,1.748e+8,,
389.1,1.639e+8,1.639e+8,,
389.2,1.532e+8,1.532e+8,,
389.3,1.434e+8,1.434e+8,,
389.4,1.351e+8,1.351e+8,,
389.5,1.286e+8,1.286e+8,,
389.6,1.238e+8,1.238e+8,,
389.7,1.205e+8,1.205e+8,,
389.8,1.182e+8,1.182e+8,,
389.9,1.162e+8,1.162e+8,,
390,1.139e+8,1.139e+8,,
390.1,1.107e+8,1.107e+8,,
390.2,1.063e+8,1.063e+8,,
390.3,1.005e+8,1.005e+8,,
390.4,9.320e+7,9.320e+7,,
390.5,8.479e+7,8.479e+7,,
390.6,7.566e+7,7.566e+7,,9.940e-26
390.7,6.634e+7,6.634e+7,,4.539e-25
390.8,5.740e+7,5.740e+7,,2.008e-24
390.9,4.939e+7,4.939e+7,,8.602e-24
391,4.276e+7,4.276e+7,,3.569e-23
391.1,3.787e+7,3.787e+7,,1.434e-22
391.2,3.492e+7,3.492e+7,,5.583e-22
391.3,3.398e+7,3.398e+7,,2.105e-21
391.4,3.496e+7,3.496e+7,,7.684e-21
391.5,3.770e+7,3.770e+7,,2.717e-20
391.6,4.192e+7,4.192e+7,,9.306e-20
391.7,4.732e+7,4.732e+7,,3.087e-19
391.8,5.353e+7,5.353e+7,,9.918e-19
391.9,6.022e+7,6.022e+7,,3.086e-18
392,6.703e+7,6.703e+7,,9.300e-18
392.1,7.366e+7,7.366e+7,,2.715e-17
392.2,7.982e+7,7.982e+7,,7.674e-17
392.3,8.521e+7,8.521e+7,,2.101e-16
392.4,8.960e+7,8.960e+7,,5.572e-16
392.5,9.274e+7,9.274e+7,,1.431e-15
392.6,9.441e+7,9.441e+7,,3.560e-15
392.7,9.447e+7,9.447e+7,,8.578e-15
392.8,9.280e+7,9.280e+7,,2.002e-14
392.9,8.939e+7,8.939e+7,,4.524e-14
393,8.435e+7,8.435e+7,,9.902e-14
393.1,7.790e+7,7.790e+7,,2.099e-13
393.2,7.034e+7,7.034e+7,,4.311e-13
393.3,6.209e+7,6.209e+7,,8.572e-13
393.4,5.357e+7,5.357e+7,,1.651e-12
393.5,4.522e+7,4.522e+7,,3.080e-12
393.6,3.743e+7,3.743e+7,,5.565e-12
393.7,3.049e+7,3.049e+7,,9.739e-12
393.8,2.464e+7,2.464e+7,,1.651e-11
393.9,1.998e+7,1.998e+7,,2.710e-11
394,1.654e+7,1.654e+7,,4.308e-11
394.1,1.428e+7,1.428e+7,,6.634e-11
394.2,1.310e+7,1.310e+7,,9.893e-11
394.3,1.285e+7,1.285e+7,,1.429e-10
394.4,1.339e+7,1.339e+7,,1.999e-10
394.5,1.453e+7,1.453e+7,,2.709e-10
394.6,1.612e+7,1.612e+7,,3.556e-10
394.7,1.799e+7,1.799e+7,,4.521e-10
394.8,2.000e+7,2.000e+7,,5.568e-10
394.9,2.203e+7,2.203e+7,,6.643e-10
395,2.398e+7,2.398e+7,,7.679e-10
395.1,2.576e+7,2.576e+7,,8.602e-10
395.2,2.733e+7,2.733e+7,,9.343e-10
395.3,2.867e+7,2.867e+7,,9.844e-10
395.4,2.978e+7,2.978e+7,,1.007e-9
395.5,3.073e+7,3.073e+7,,1.002e-9
395.6,3.162e+7,3.162e+7,,9.722e-10
395.7,3.258e+7,3.258e+7,,9.226e-10
395.8,3.377e+7,3.377e+7,,8.612e-10
395.9,3.536e+7,3.536e+7,,7.966e-10
396,3.749e+7,3.749e+7,,7.371e-10
396.1,4.025e+7,4.025e+7,,6.895e-10
396.2,4.361e+7,4.361e+7,,6.584e-10
396.3,4.747e+7,4.747e+7,,6.455e-10
396.4,5.159e+7,5.159e+7,,6.496e-10
396.5,5.561e+7,5.561e+7,,6.672e-10
396.6,5.915e+7,5.915e+7,,6.934e-10
396.7,6.178e+7,6.178e+7,,7.224e-10
396.8,6.314e+7,6.314e+7,,7.490e-10
396.9,6.299e+7,6.299e+7,,7.688e-10
397,6.121e+7,6.121e+7,,7.795e-10
397.1,5.787e+7,5.787e+7,,7.799e-10
397.2,5.319e+7,5.319e+7,,7.707e-10
397.3,4.751e+7,4.751e+7,,7.532e-10
397.4,4.123e+7,4.123e+7,,7.294e-10
397.5,3.476e+7,3.476e+7,,7.008e-10
397.6,2.848e+7,2.848e+7,,6.685e-10
397.7,2.270e+7,2.270e+7,,6.330e-10
397.8,1.761e+7,1.761e+7,,5.942e-10
397.9,1.332e+7,1.332e+7,,5.519e-10
398,9.859e+6,9.859e+6,,5.057e-10
398.1,7.179e+6,7.179e+6,,4.560e-10
398.2,5.203e+6,5.203e+6,,4.035e-10
398.3,3.838e+6,3.838e+6,,3.495e-10
398.4,2.991e+6,2.991e+6,,2.957e-10
398.5,2.583e+6,2.583e+6,,2.440e-10
398.6,2.555e+6,2.555e+6,,1.962e-10
398.7,2.868e+6,2.868e+6,,1.535e-10
398.8,3.498e+6,3.498e+6,,1.169e-10
398.9,4.434e+6,4.434e+6,,8.670e-11
399,5.671e+6,5.671e+6,,6.282e-11
399.1,7.209e+6,7.209e+6,,4.470e-11
399.2,9.044e+6,9.044e+6,,3.155e-11
399.3,1.117e+7,1.117e+7,,2.250e-11
399.4,1.358e+7,1.358e+7,,1.667e-11
399.5,1.625e+7,1.625e+7,,1.323e-11
399.6,1.914e+7,1.914e+7,,1.150e-11
399.7,2.220e+7,2.220e+7,,1.090e-11
399.8,2.536e+7,2.536e+7,,1.099e-11
399.9,2.849e+7,2.849e+7,,1.145e-11
400,3.146e+7,3.146e+7,,1.202e-11
400.1,3.411e+7,3.411e+7,,1.255e-11
400.2,3.626e+7,3.626e+7,,1.293e-11
400.3,3.776e+7,3.776e+7,,1.309e-11
400.4,3.848e+7,3.848e+7,,1.301e-11
400.5,3.833e+7,3.833e+7,,1.270e-11
400.6,3.732e+7,3.732e+7,,1.217e-11
400.7,3.553e+7,3.553e+7,,1.146e-11
400.8,3.308e+7,3.308e+7,,1.060e-11
400.9,3.018e+7,3.018e+7,,9.639e-12
401,2.705e+7,2.705e+7,,8.617e-12
401.1,2.389e+7,2.389e+7,,7.579e-12
401.2,2.091e+7,2.091e+7,,6.575e-12
401.3,1.825e+7,1.825e+7,,5.663e-12
401.4,1.599e+7,1.599e+7,,4.912e-12
401.5,1.418e+7,1.418e+7,,4.419e-12
401.6,1.281e+7,1.281e+7,,4.313e-12
401.7,1.183e+7,1.183e+7,,4.781e-12
401.8,1.118e+7,1.118e+7,,6.085e-12
401.9,1.078e+7,1.078e+7,,8.584e-12
402,1.054e+7,1.054e+7,,1.275e-11
402.1,1.040e+7,1.040e+7,,1.917e-11
402.2,1.031e+7,1.031e+7,,2.853e-11
402.3,1.022e+7,1.022e+7,,4.155e-11
402.4,1.012e+7,1.012e+7,,5.895e-11
402.5,1.002e+7,1.002e+7,,8.126e-11
402.6,9.968e+6,9.968e+6,,1.087e-10
402.7,1.005e+7,1.005e+7,,1.411e-10
402.8,1.041e+7,1.041e+7,,1.776e-10
402.9,1.127e+7,1.127e+7,,2.169e-10
403,1.293e+7,1.293e+7,,2.568e-10
403.1,1.578e+7,1.578e+7,,2.950e-10
403.2,2.032e+7,2.032e+7,,3.288e-10
403.3,2.712e+7,2.712e+7,,3.555e-10
403.4,3.678e+7,3.678e+7,,3.731e-10
403.5,4.985e+7,4.985e+7,,3.805e-10
403.6,6.678e+7,6.678e+7,,3.773e-10
403.7,8.776e+7,8.776e+7,,3.647e-10
403.8,1.126e+8,1.126e+8,,3.448e-10
403.9,1.407e+8,1.407e+8,,3.207e-10
404,1.709e+8,1.709e+8,,2.958e-10
404.1,2.017e+8,2.017e+8,,2.741e-10
404.2,2.311e+8,2.311e+8,,2.589e-10
404.3,2.570e+8,2.570e+8,,2.530e-10
404.4,2.773e+8,2.773e+8,,2.581e-10
404.5,2.904e+8,2.904e+8,,2.747e-10
404.6,2.952e+8,2.952e+8,,3.020e-10
404.7,2.914e+8,2.914e+8,,3.377e-10
404.8,2.797e+8,2.797e+8,,3.786e-10
404.9,2.613e+8,2.613e+8,,4.206e-10
405,2.382e+8,2.382e+8,,4.591e-10
405.1,2.129e+8,2.129e+8,,4.900e-10
405.2,1.877e+8,1.877e+8,,5.097e-10
405.3,1.650e+8,1.650e+8,,5.157e-10
405.4,1.466e+8,1.466e+8,,5.070e-10
405.5,1.338e+8,1.338e+8,,4.840e-10
405.6,1.273e+8,1.273e+8,,4.485e-10
405.7,1.271e+8,1.271e+8,,4.034e-10
405.8,1.324e+8,1.324e+8,,3.522e-10
405.9,1.425e+8,1.425e+8,,2.985e-10
406,1.557e+8,1.557e+8,,2.458e-10
406.1,1.707e+8,1.707e+8,,1.971e-10
406.2,1.860e+8,1.860e+8,,1.543e-10
406.3,2.002e+8,2.002e+8,,1.189e-10
406.4,2.122e+8,2.122e+8,,9.171e-11
406.5,2.213e+8,2.213e+8,,7.305e-11
406.6,2.269e+8,2.269e+8,,6.302e-11
406.7,2.290e+8,2.290e+8,,6.174e-11
406.8,2.274e+8,2.274e+8,,6.938e-11
406.9,2.224e+8,2.224e+8,,8.627e-11
407,2.141e+8,2.141e+8,,1.128e-10
407.1,2.031e+8,2.031e+8,,1.491e-10
407.2,1.896e+8,1.896e+8,,1.951e-10
407.3,1.742e+8,1.742e+8,,2.499e-10
407.4,1.572e+8,1.572e+8,,3.120e-10
407.5,1.393e+8,1.393e+8,,3.788e-10
407.6,1.212e+8,1.212e+8,,4.467e-10
407.7,1.033e+8,1.033e+8,,5.113e-10
407.8,8.637e+7,8.637e+7,,5.682e-10
407.9,7.077e+7,7.077e+7,,6.129e-10
408,5.689e+7,5.689e+7,,6.418e-10
408.1,4.492e+7,4.492e+7,,6.523e-10
408.2,3.491e+7,3.491e+7,,6.436e-10
408.3,2.679e+7,2.679e+7,,6.165e-10
408.4,2.036e+7,2.036e+7,,5.736e-10
408.5,1.538e+7,1.538e+7,,5.185e-10
408.6,1.161e+7,1.161e+7,,4.556e-10
408.7,8.767e+6,8.767e+6,,3.894e-10
408.8,6.641e+6,6.641e+6,,3.241e-10
408.9,5.045e+6,5.045e+6,,2.632e-10
409,3.835e+6,3.835e+6,,2.090e-10
409.1,2.908e+6,2.908e+6,,1.628e-10
409.2,2.191e+6,2.191e+6,,1.251e-10
409.3,1.633e+6,1.633e+6,,9.534e-11
409.4,1.201e+6,1.201e+6,,7.269e-11
409.5,8.719e+5,8.719e+5,,5.592e-11
409.6,6.271e+5,6.271e+5,,4.379e-11
409.7,4.536e+5,4.536e+5,,3.515e-11
409.8,3.413e+5,3.413e+5,,2.907e-11
409.9,2.835e+5,2.835e+5,,2.488e-11
410,2.768e+5,2.768e+5,,2.217e-11
410.1,3.220e+5,3.220e+5,,2.089e-11
410.2,4.241e+5,4.241e+5,,2.127e-11
410.3,5.926e+5,5.926e+5,,2.393e-11
410.4,8.412e+5,8.412e+5,,2.991e-11
410.5,1.187e+6,1.187e+6,,4.076e-11
410.6,1.649e+6,1.649e+6,,5.859e-11
410.7,2.246e+6,2.246e+6,,8.612e-11
410.8,2.994e+6,2.994e+6,,1.267e-10
410.9,3.903e+6,3.903e+6,,1.840e-10
411,4.973e+6,4.973e+6,,2.618e-10
411.1,6.192e+6,6.192e+6,,3.637e-10
411.2,7.531e+6,7.531e+6,,4.922e-10
411.3,8.949e+6,8.949e+6,,6.480e-10
411.4,1.039e+7,1.039e+7,,8.297e-10
411.5,1.181e+7,1.181e+7,,1.033e-9
411.6,1.314e+7,1.314e+7,,1.249e-9
411.7,1.436e+7,1.436e+7,,1.469e-9
411.8,1.544e+7,1.544e+7,,1.680e-9
411.9,1.640e+7,1.640e+7,,1.868e-9
412,1.730e+7,1.730e+7,,2.020e-9
412.1,1.820e+7,1.820e+7,,2.128e-9
412.2,1.921e+7,1.921e+7,,2.185e-9
412.3,2.044e+7,2.044e+7,,2.192e-9
412.4,2.195e+7,2.195e+7,,2.154e-9
412.5,2.382e+7,2.382e+7,,2.085e-9
412.6,2.604e+7,2.604e+7,,1.999e-9
412.7,2.859e+7,2.859e+7,,1.916e-9
412.8,3.138e+7,3.138e+7,,1.853e-9
412.9,3.431e+7,3.431e+7,,1.827e-9
413,3.727e+7,3.727e+7,,1.848e-9
413.1,4.015e+7,4.015e+7,,1.922e-9
413.2,4.290e+7,4.290e+7,,2.045e-9
413.3,4.548e+7,4.548e+7,,2.206e-9
413.4,4.793e+7,4.793e+7,,2.391e-9
413.5,5.028e+7,5.028e+7,,2.576e-9
413.6,5.259e+7,5.259e+7,,2.741e-9
413.7,5.490e+7,5.490e+7,,2.864e-9
413.8,5.718e+7,5.718e+7,,2.928e-9
413.9,5.936e+7,5.936e+7,,2.920e-9
414,6.131e+7,6.131e+7,,2.839e-9
414.1,6.286e+7,6.286e+7,,2.686e-9
414.2,6.381e+7,6.381e+7,,2.473e-9
414.3,6.400e+7,6.400e+7,,2.215e-9
414.4,6.333e+7,6.333e+7,,1.930e-9
414.5,6.179e+7,6.179e+7,,1.638e-9
414.6,5.942e+7,5.942e+7,,1.357e-9
414.7,5.640e+7,5.640e+7,,1.100e-9
414.8,5.293e+7,5.293e+7,,8.813e-10
414.9,4.924e+7,4.924e+7,,7.079e-10
415,4.554e+7,4.554e+7,,5.856e-10
415.1,4.199e+7,4.199e+7,,5.178e-10
415.2,3.872e+7,3.872e+7,,5.069e-10
415.3,3.573e+7,3.573e+7,,5.541e-10
415.4,3.302e+7,3.302e+7,,6.603e-10
415.5,3.051e+7,3.051e+7,,8.253e-10
415.6,2.812e+7,2.812e+7,,1.047e-9
415.7,2.576e+7,2.576e+7,,1.321e-9
415.8,2.338e+7,2.338e+7,,1.638e-9
415.9,2.096e+7,2.096e+7,,1.987e-9
416,1.851e+7,1.851e+7,,2.348e-9
416.1,1.608e+7,1.608e+7,,2.703e-9
416.2,1.374e+7,1.374e+7,,3.026e-9
416.3,1.155e+7,1.155e+7,,3.296e-9
416.4,9.600e+6,9.600e+6,,3.492e-9
416.5,7.939e+6,7.939e+6,,3.597e-9
416.6,6.616e+6,6.616e+6,,3.603e-9
416.7,5.658e+6,5.658e+6,,3.510e-9
416.8,5.079e+6,5.079e+6,,3.326e-9
416.9,4.876e+6,4.876e+6,,3.065e-9
417,5.040e+6,5.040e+6,,2.747e-9
417.1,5.559e+6,5.559e+6,,2.395e-9
417.2,6.417e+6,6.417e+6,,2.031e-9
417.3,7.600e+6,7.600e+6,,1.676e-9
417.4,9.096e+6,9.096e+6,,1.346e-9
417.5,1.089e+7,1.089e+7,,1.053e-9
417.6,1.298e+7,1.298e+7,,8.013e-10
417.7,1.534e+7,1.534e+7,,5.943e-10
417.8,1.794e+7,1.794e+7,,4.298e-10
417.9,2.076e+7,2.076e+7,,3.034e-10
418,2.375e+7,2.375e+7,,2.094e-10
418.1,2.685e+7,2.685e+7,,1.418e-10
418.2,3.000e+7,3.000e+7,,9.455e-11
418.3,3.314e+7,3.314e+7,,6.257e-11
418.4,3.622e+7,3.622e+7,,4.151e-11
418.5,3.919e+7,3.919e+7,,2.802e-11
418.6,4.205e+7,4.205e+7,,1.958e-11
418.7,4.480e+7,4.480e+7,,1.440e-11
418.8,4.751e+7,4.751e+7,,1.126e-11
418.9,5.022e+7,5.022e+7,,9.351e-12
419,5.302e+7,5.302e+7,,8.161e-12
419.1,5.597e+7,5.597e+7,,7.382e-12
419.2,5.909e+7,5.909e+7,,6.834e-12
419.3,6.235e+7,6.235e+7,,6.420e-12
419.4,6.566e+7,6.566e+7,,6.091e-12
419.5,6.883e+7,6.883e+7,,5.829e-12
419.6,7.165e+7,7.165e+7,,5.635e-12
419.7,7.385e+7,7.385e+7,,5.521e-12
419.8,7.515e+7,7.515e+7,,5.506e-12
419.9,7.532e+7,7.532e+7,,5.618e-12
420,7.421e+7,7.421e+7,,5.899e-12
420.1,7.175e+7,7.175e+7,,6.406e-12
420.2,6.799e+7,6.799e+7,,7.226e-12
420.3,6.310e+7,6.310e+7,,8.487e-12
420.4,5.734e+7,5.734e+7,,1.037e-11
420.5,5.103e+7,5.103e+7,,1.315e-11
420.6,4.455e+7,4.455e+7,,1.718e-11
420.7,3.824e+7,3.824e+7,,2.290e-11
420.8,3.243e+7,3.243e+7,,3.086e-11
420.9,2.736e+7,2.736e+7,,4.167e-11
421,2.322e+7,2.322e+7,,5.595e-11
421.1,2.011e+7,2.011e+7,,7.423e-11
421.2,1.803e+7,1.803e+7,,9.689e-11
421.3,1.694e+7,1.694e+7,,1.240e-10
421.4,1.677e+7,1.677e+7,,1.552e-10
421.5,1.737e+7,1.737e+7,,1.896e-10
421.6,1.862e+7,1.862e+7,,2.260e-10
421.7,2.038e+7,2.038e+7,,2.624e-10
421.8,2.250e+7,2.250e+7,,2.968e-10
421.9,2.486e+7,2.486e+7,,3.270e-10
422,2.735e+7,2.735e+7,,3.507e-10
422.1,2.987e+7,2.987e+7,,3.664e-10
422.2,3.234e+7,3.234e+7,,3.730e-10
422.3,3.468e+7,3.468e+7,,3.703e-10
422.4,3.684e+7,3.684e+7,,3.592e-10
422.5,3.879e+7,3.879e+7,,3.412e-10
422.6,4.049e+7,4.049e+7,,3.187e-10
422.7,4.194e+7,4.194e+7,,2.943e-10
422.8,4.314e+7,4.314e+7,,2.707e-10
422.9,4.408e+7,4.408e+7,,2.506e-10
423,4.477e+7,4.477e+7,,2.358e-10
423.1,4.521e+7,4.521e+7,,2.275e-10
423.2,4.539e+7,4.539e+7,,2.262e-10
423.3,4.531e+7,4.531e+7,,2.314e-10
423.4,4.496e+7,4.496e+7,,2.421e-10
423.5,4.437e+7,4.437e+7,,2.564e-10
423.6,4.357e+7,4.357e+7,,2.725e-10
423.7,4.266e+7,4.266e+7,,2.885e-10
423.8,4.175e+7,4.175e+7,,3.026e-10
423.9,4.098e+7,4.098e+7,,3.135e-10
424,4.052e+7,4.052e+7,,3.204e-10
424.1,4.051e+7,4.051e+7,,3.231e-10
424.2,4.108e+7,4.108e+7,,3.216e-10
424.3,4.229e+7,4.229e+7,,3.165e-10
424.4,4.416e+7,4.416e+7,,3.082e-10
424.5,4.662e+7,4.662e+7,,2.976e-10
424.6,4.955e+7,4.955e+7,,2.850e-10
424.7,5.278e+7,5.278e+7,,2.708e-10
424.8,5.613e+7,5.613e+7,,2.554e-10
424.9,5.944e+7,5.944e+7,,2.387e-10
425,6.254e+7,6.254e+7,,2.211e-10
425.1,6.535e+7,6.535e+7,,2.026e-10
425.2,6.782e+7,6.782e+7,,1.836e-10
425.3,6.994e+7,6.994e+7,,1.644e-10
425.4,7.177e+7,7.177e+7,,1.455e-10
425.5,7.337e+7,7.337e+7,,1.275e-10
425.6,7.483e+7,7.483e+7,,1.109e-10
425.7,7.626e+7,7.626e+7,,9.592e-11
425.8,7.779e+7,7.779e+7,,8.302e-11
425.9,7.956e+7,7.956e+7,,7.231e-11
426,8.174e+7,8.174e+7,,6.381e-11
426.1,8.449e+7,8.449e+7,,5.746e-11
426.2,8.800e+7,8.800e+7,,5.311e-11
426.3,9.236e+7,9.236e+7,,5.058e-11
426.4,9.763e+7,9.763e+7,,4.965e-11
426.5,1.037e+8,1.037e+8,,5.011e-11
426.6,1.103e+8,1.103e+8,,5.169e-11
426.7,1.171e+8,1.171e+8,,5.413e-11
426.8,1.235e+8,1.235e+8,,5.713e-11
426.9,1.289e+8,1.289e+8,,6.042e-11
427,1.327e+8,1.327e+8,,6.370e-11
427.1,1.344e+8,1.344e+8,,6.674e-11
427.2,1.336e+8,1.336e+8,,6.939e-11
427.3,1.302e+8,1.302e+8,,7.158e-11
427.4,1.241e+8,1.241e+8,,7.338e-11
427.5,1.158e+8,1.158e+8,,7.493e-11
427.6,1.058e+8,1.058e+8,,7.649e-11
427.7,9.462e+7,9.462e+7,,7.831e-11
427.8,8.295e+7,8.295e+7,,8.067e-11
427.9,7.141e+7,7.141e+7,,8.374e-11
428,6.054e+7,6.054e+7,,8.761e-11
428.1,5.073e+7,5.073e+7,,9.224e-11
428.2,4.225e+7,4.225e+7,,9.751e-11
428.3,3.522e+7,3.522e+7,,1.032e-10
428.4,2.967e+7,2.967e+7,,1.091e-10
428.5,2.554e+7,2.554e+7,,1.150e-10
428.6,2.273e+7,2.273e+7,,1.208e-10
428.7,2.110e+7,2.110e+7,,1.265e-10
428.8,2.052e+7,2.052e+7,,1.324e-10
428.9,2.086e+7,2.086e+7,,1.386e-10
429,2.201e+7,2.201e+7,,1.455e-10
429.1,2.388e+7,2.388e+7,,1.533e-10
429.2,2.642e+7,2.642e+7,,1.623e-10
429.3,2.962e+7,2.962e+7,,1.726e-10
429.4,3.347e+7,3.347e+7,,1.844e-10
429.5,3.805e+7,3.805e+7,,1.976e-10
429.6,4.340e+7,4.340e+7,,2.121e-10
429.7,4.961e+7,4.961e+7,,2.278e-10
429.8,5.672e+7,5.672e+7,,2.444e-10
429.9,6.472e+7,6.472e+7,,2.616e-10
430,7.352e+7,7.352e+7,,2.791e-10
430.1,8.291e+7,8.291e+7,,2.964e-10
430.2,9.253e+7,9.253e+7,,3.129e-10
430.3,1.019e+8,1.019e+8,,3.277e-10
430.4,1.106e+8,1.106e+8,,3.401e-10
430.5,1.179e+8,1.179e+8,,3.490e-10
430.6,1.232e+8,1.232e+8,,3.537e-10
430.7,1.263e+8,1.263e+8,,3.533e-10
430.8,1.268e+8,1.268e+8,,3.475e-10
430.9,1.248e+8,1.248e+8,,3.359e-10
431,1.205e+8,1.205e+8,,3.188e-10
431.1,1.144e+8,1.144e+8,,2.967e-10
431.2,1.073e+8,1.073e+8,,2.707e-10
431.3,9.997e+7,9.997e+7,,2.418e-10
431.4,9.337e+7,9.337e+7,,2.113e-10
431.5,8.828e+7,8.828e+7,,1.806e-10
431.6,8.537e+7,8.537e+7,,1.509e-10
431.7,8.503e+7,8.503e+7,,1.231e-10
431.8,8.738e+7,8.738e+7,,9.816e-11
431.9,9.221e+7,9.221e+7,,7.638e-11
432,9.903e+7,9.903e+7,,5.800e-11
432.1,1.071e+8,1.071e+8,,4.298e-11
432.2,1.155e+8,1.155e+8,,3.106e-11
432.3,1.232e+8,1.232e+8,,2.189e-11
432.4,1.294e+8,1.294e+8,,1.504e-11
432.5,1.332e+8,1.332e+8,,1.008e-11
432.6,1.340e+8,1.340e+8,,6.579e-12
432.7,1.316e+8,1.316e+8,,4.186e-12
432.8,1.261e+8,1.261e+8,,2.595e-12
432.9,1.178e+8,1.178e+8,,1.568e-12
433,1.072e+8,1.072e+8,,9.225e-13
433.1,9.496e+7,9.496e+7,,5.288e-13
433.2,8.195e+7,8.195e+7,,2.952e-13
433.3,6.887e+7,6.887e+7,,1.606e-13
433.4,5.635e+7,5.635e+7,,8.503e-14
433.5,4.490e+7,4.490e+7,,4.386e-14
433.6,3.483e+7,3.483e+7,,2.204e-14
433.7,2.631e+7,2.631e+7,,1.082e-14
433.8,1.935e+7,1.935e+7,,5.243e-15
433.9,1.385e+7,1.385e+7,,2.654e-15
434,9.659e+6,9.659e+6,,1.722e-15
434.1,6.556e+6,6.556e+6,,1.956e-15
434.2,4.333e+6,4.333e+6,,3.513e-15
434.3,2.788e+6,2.788e+6,,7.279e-15
434.4,1.747e+6,1.747e+6,,1.527e-14
434.5,1.065e+6,1.065e+6,,3.143e-14
434.6,6.328e+5,6.328e+5,,6.314e-14
434.7,3.659e+5,3.659e+5,,1.236e-13
434.8,2.060e+5,2.060e+5,,2.358e-13
434.9,1.129e+5,1.129e+5,,4.382e-13
435,6.034e+4,6.034e+4,,7.935e-13
435.1,3.149e+4,3.149e+4,,1.400e-12
435.2,1.625e+4,1.625e+4,,2.406e-12
435.3,8.722e+3,8.722e+3,,4.029e-12
435.4,5.774e+3,5.774e+3,,6.574e-12
435.5,6.125e+3,6.125e+3,,1.045e-11
435.6,9.984e+3,9.984e+3,,1.619e-11
435.7,1.915e+4,1.915e+4,,2.442e-11
435.8,3.761e+4,3.761e+4,,3.591e-11
435.9,7.280e+4,7.280e+4,,5.144e-11
436,1.376e+5,1.376e+5,,7.179e-11
436.1,2.536e+5,2.536e+5,,9.761e-11
436.2,4.555e+5,4.555e+5,,1.293e-10
436.3,7.970e+5,7.970e+5,,1.669e-10
436.4,1.359e+6,1.359e+6,,2.100e-10
436.5,2.257e+6,2.257e+6,,2.573e-10
436.6,3.653e+6,3.653e+6,,3.072e-10
436.7,5.761e+6,5.761e+6,,3.573e-10
436.8,8.850e+6,8.850e+6,,4.050e-10
436.9,1.325e+7,1.325e+7,,4.472e-10
437,1.932e+7,1.932e+7,,4.811e-10
437.1,2.746e+7,2.746e+7,,5.044e-10
437.2,3.802e+7,3.802e+7,,5.152e-10
437.3,5.129e+7,5.129e+7,,5.127e-10
437.4,6.742e+7,6.742e+7,,4.971e-10
437.5,8.634e+7,8.634e+7,,4.696e-10
437.6,1.077e+8,1.077e+8,,4.323e-10
437.7,1.310e+8,1.310e+8,,3.877e-10
437.8,1.552e+8,1.552e+8,,3.388e-10
437.9,1.791e+8,1.791e+8,,2.884e-10
438,2.014e+8,2.014e+8,,2.393e-10
438.1,2.208e+8,2.208e+8,,1.934e-10
438.2,2.357e+8,2.357e+8,,1.523e-10
438.3,2.453e+8,2.453e+8,,1.169e-10
438.4,2.488e+8,2.488e+8,,8.739e-11
438.5,2.460e+8,2.460e+8,,6.366e-11
438.6,2.371e+8,2.371e+8,,4.518e-11
438.7,2.230e+8,2.230e+8,,3.125e-11
438.8,2.048e+8,2.048e+8,,2.106e-11
438.9,1.839e+8,1.839e+8,,1.382e-11
439,1.618e+8,1.618e+8,,8.843e-12
439.1,1.402e+8,1.402e+8,,5.512e-12
439.2,1.203e+8,1.203e+8,,3.348e-12
439.3,1.032e+8,1.032e+8,,1.981e-12
439.4,8.970e+7,8.970e+7,,1.142e-12
439.5,8.015e+7,8.015e+7,,6.416e-13
439.6,7.463e+7,7.463e+7,,3.512e-13
439.7,7.287e+7,7.287e+7,,1.873e-13
439.8,7.438e+7,7.438e+7,,9.733e-14
439.9,7.844e+7,7.844e+7,,4.928e-14
440,8.425e+7,8.425e+7,,2.431e-14
440.1,9.092e+7,9.092e+7,,1.169e-14
440.2,9.761e+7,9.761e+7,,5.473e-15
440.3,1.036e+8,1.036e+8,,2.498e-15
440.4,1.081e+8,1.081e+8,,1.111e-15
440.5,1.109e+8,1.109e+8,,4.812e-16
440.6,1.117e+8,1.117e+8,,2.031e-16
440.7,1.105e+8,1.105e+8,,8.354e-17
440.8,1.073e+8,1.073e+8,,3.348e-17
440.9,1.026e+8,1.026e+8,,1.307e-17
441,9.655e+7,9.655e+7,,4.974e-18
441.1,8.966e+7,8.966e+7,,1.844e-18
441.2,8.227e+7,8.227e+7,,6.661e-19
441.3,7.468e+7,7.468e+7,,2.344e-19
441.4,6.714e+7,6.714e+7,,8.038e-20
441.5,5.980e+7,5.980e+7,,2.686e-20
441.6,5.279e+7,5.279e+7,,8.744e-21
441.7,4.616e+7,4.616e+7,,2.774e-21
441.8,3.994e+7,3.994e+7,,8.572e-22
441.9,3.416e+7,3.416e+7,,2.581e-22
442,2.885e+7,2.885e+7,,7.574e-23
442.1,2.403e+7,2.403e+7,,2.165e-23
442.2,1.972e+7,1.972e+7,,6.032e-24
442.3,1.595e+7,1.595e+7,,1.637e-24
442.4,1.271e+7,1.271e+7,,4.329e-25
442.5,1.000e+7,1.000e+7,,1.115e-25
442.6,7.796e+6,7.796e+6,,1.826e-26
442.7,6.051e+6,6.051e+6,,
442.8,4.709e+6,4.709e+6,,
442.9,3.707e+6,3.707e+6,,
443,2.976e+6,2.976e+6,,
443.1,2.454e+6,2.454e+6,,
443.2,2.082e+6,2.082e+6,,
443.3,1.811e+6,1.811e+6,,
443.4,1.603e+6,1.603e+6,,
443.5,1.432e+6,1.432e+6,,
443.6,1.278e+6,1.278e+6,,
443.7,1.131e+6,1.131e+6,,
443.8,9.873e+5,9.873e+5,,
443.9,8.469e+5,8.469e+5,,
444,7.120e+5,7.120e+5,,
444.1,5.859e+5,5.859e+5,,
444.2,4.717e+5,4.717e+5,,
444.3,3.724e+5,3.724e+5,,
444.4,2.896e+5,2.896e+5,,
444.5,2.246e+5,2.246e+5,,
444.6,1.783e+5,1.783e+5,,
444.7,1.517e+5,1.517e+5,,
444.8,1.462e+5,1.462e+5,,
444.9,1.648e+5,1.648e+5,,
445,2.118e+5,2.118e+5,,
445.1,2.933e+5,2.933e+5,,
445.2,4.176e+5,4.176e+5,,
445.3,5.943e+5,5.943e+5,,
445.4,8.338e+5,8.338e+5,,
445.5,1.147e+6,1.147e+6,,
445.6,1.541e+6,1.541e+6,,
445.7,2.023e+6,2.023e+6,,
445.8,2.591e+6,2.591e+6,,
445.9,3.238e+6,3.238e+6,,
446,3.949e+6,3.949e+6,,
446.1,4.699e+6,4.699e+6,,
446.2,5.455e+6,5.455e+6,,
446.3,6.179e+6,6.179e+6,,
446.4,6.830e+6,6.830e+6,,
446.5,7.365e+6,7.365e+6,,
446.6,7.749e+6,7.749e+6,,
446.7,7.956e+6,7.956e+6,,
446.8,7.970e+6,7.970e+6,,
446.9,7.791e+6,7.791e+6,,
447,7.431e+6,7.431e+6,,
447.1,6.916e+6,6.916e+6,,
447.2,6.281e+6,6.281e+6,,
447.3,5.566e+6,5.566e+6,,
447.4,4.814e+6,4.814e+6,,
447.5,4.062e+6,4.062e+6,,
447.6,3.345e+6,3.345e+6,,
447.7,2.688e+6,2.688e+6,,
447.8,2.108e+6,2.108e+6,,
447.9,1.613e+6,1.613e+6,,
448,1.205e+6,1.205e+6,,
448.1,8.779e+5,8.779e+5,,
448.2,6.244e+5,6.244e+5,,
448.3,4.333e+5,4.333e+5,,
448.4,2.935e+5,2.935e+5,,
448.5,1.940e+5,1.940e+5,,
448.6,1.251e+5,1.251e+5,,
448.7,7.877e+4,7.877e+4,,
448.8,4.839e+4,4.839e+4,,
448.9,2.901e+4,2.901e+4,,
449,1.697e+4,1.697e+4,,
449.1,9.689e+3,9.689e+3,,
449.2,5.399e+3,5.399e+3,,
449.3,2.936e+3,2.936e+3,,
449.4,1.560e+3,1.560e+3,,
449.5,8.130e+2,8.130e+2,,
449.6,4.225e+2,4.225e+2,,
449.7,2.341e+2,2.341e+2,,
449.8,1.681e+2,1.681e+2,,
449.9,1.957e+2,1.957e+2,,
450,3.293e+2,3.293e+2,,
450.1,6.274e+2,6.274e+2,,
450.2,1.213e+3,1.213e+3,,
450.3,2.308e+3,2.308e+3,,
450.4,4.294e+3,4.294e+3,,
450.5,7.803e+3,7.803e+3,,
450.6,1.384e+4,1.384e+4,,
450.7,2.395e+4,2.395e+4,,
450.8,4.045e+4,4.045e+4,,
450.9,6.668e+4,6.668e+4,,
451,1.073e+5,1.073e+5,,
451.1,1.684e+5,1.684e+5,,
451.2,2.580e+5,2.580e+5,,
451.3,3.858e+5,3.858e+5,,
451.4,5.630e+5,5.630e+5,,
451.5,8.017e+5,8.017e+5,,
451.6,1.114e+6,1.114e+6,,
451.7,1.511e+6,1.511e+6,,
451.8,2.000e+6,2.000e+6,,
451.9,2.584e+6,2.584e+6,,
452,3.257e+6,3.257e+6,,
452.1,4.007e+6,4.007e+6,,
452.2,4.811e+6,4.811e+6,,
452.3,5.637e+6,5.637e+6,,
452.4,6.446e+6,6.446e+6,,
452.5,7.194e+6,7.194e+6,,
452.6,7.834e+6,7.834e+6,,
452.7,8.327e+6,8.327e+6,,
452.8,8.637e+6,8.637e+6,,
452.9,8.743e+6,8.743e+6,,
453,8.637e+6,8.637e+6,,
453.1,8.327e+6,8.327e+6,,
453.2,7.834e+6,7.834e+6,,
453.3,7.194e+6,7.194e+6,,
453.4,6.446e+6,6.446e+6,,
453.5,5.637e+6,5.637e+6,,
453.6,4.811e+6,4.811e+6,,
453.7,4.007e+6,4.007e+6,,
453.8,3.257e+6,3.257e+6,,
453.9,2.584e+6,2.584e+6,,
454,2.000e+6,2.000e+6,,
454.1,1.511e+6,1.511e+6,,
454.2,1.114e+6,1.114e+6,,
454.3,8.017e+5,8.017e+5,,
454.4,5.630e+5,5.630e+5,,
454.5,3.858e+5,3.858e+5,,
454.6,2.580e+5,2.580e+5,,
454.7,1.684e+5,1.684e+5,,
454.8,1.073e+5,1.073e+5,,
454.9,6.668e+4,6.668e+4,,
455,4.045e+4,4.045e+4,,
455.1,2.395e+4,2.395e+4,,
455.2,1.384e+4,1.384e+4,,
455.3,7.803e+3,7.803e+3,,
455.4,4.294e+3,4.294e+3,,
455.5,2.306e+3,2.306e+3,,
455.6,1.208e+3,1.208e+3,,
455.7,6.181e+2,6.181e+2,,
455.8,3.085e+2,3.085e+2,,
455.9,1.503e+2,1.503e+2,,
456,7.145e+1,7.145e+1,,
456.1,3.315e+1,3.315e+1,,
456.2,1.501e+1,1.501e+1,,
456.3,6.632e+0,6.632e+0,,
456.4,2.860e+0,2.860e+0,,
456.5,1.204e+0,1.204e+0,,
456.6,4.943e-1,4.943e-1,,
456.7,1.981e-1,1.981e-1,,
456.8,7.750e-2,7.750e-2,,
456.9,2.958e-2,2.958e-2,,
457,1.102e-2,1.102e-2,,
457.1,4.007e-3,4.007e-3,,
457.2,1.422e-3,1.422e-3,,
457.3,4.923e-4,4.923e-4,,
457.4,1.664e-4,1.664e-4,,
457.5,5.487e-5,5.487e-5,,
457.6,1.766e-5,1.766e-5,,
457.7,5.546e-6,5.546e-6,,
457.8,1.700e-6,1.700e-6,,
457.9,5.086e-7,5.086e-7,,
458,1.485e-7,1.485e-7,,
458.1,4.230e-8,4.230e-8,,
458.2,1.176e-8,1.176e-8,,
458.3,3.192e-9,3.192e-9,,
481.2,1.095e-9,1.095e-9,,
481.3,4.433e-9,4.433e-9,,
481.4,1.494e-8,1.494e-8,,
481.5,4.928e-8,4.928e-8,,
481.6,1.592e-7,1.592e-7,,
481.7,5.037e-7,5.037e-7,,
481.8,1.560e-6,1.560e-6,,
481.9,4.733e-6,4.733e-6,,
482,1.406e-5,1.406e-5,,
482.1,4.089e-5,4.089e-5,,
482.2,1.165e-4,1.165e-4,,
482.3,3.248e-4,3.248e-4,,
482.4,8.870e-4,8.870e-4,,
482.5,2.372e-3,2.372e-3,,
482.6,6.211e-3,6.211e-3,,
482.7,1.593e-2,1.593e-2,,
482.8,3.999e-2,3.999e-2,,
482.9,9.833e-2,9.833e-2,,
483,2.367e-1,2.367e-1,,
483.1,5.581e-1,5.581e-1,,
483.2,1.288e+0,1.288e+0,,
483.3,2.913e+0,2.913e+0,,
483.4,6.448e+0,6.448e+0,,
483.5,1.398e+1,1.398e+1,,
483.6,2.967e+1,2.967e+1,,
483.7,6.166e+1,6.166e+1,,
483.8,1.255e+2,1.255e+2,,
483.9,2.501e+2,2.501e+2,,
484,4.882e+2,4.882e+2,,
484.1,9.330e+2,9.330e+2,,
484.2,1.746e+3,1.746e+3,,
484.3,3.200e+3,3.200e+3,,
484.4,5.742e+3,5.742e+3,,
484.5,1.009e+4,1.009e+4,,
484.6,1.736e+4,1.736e+4,,
484.7,2.925e+4,2.925e+4,,
484.8,4.827e+4,4.827e+4,,
484.9,7.799e+4,7.799e+4,2.412e-14,
485,1.234e+5,1.234e+5,8.122e-14,
485.1,1.912e+5,1.912e+5,2.679e-13,
485.2,2.901e+5,2.901e+5,8.655e-13,
485.3,4.310e+5,4.310e+5,2.739e-12,
485.4,6.270e+5,6.270e+5,8.545e-12,
485.5,8.933e+5,8.933e+5,2.596e-11,
485.6,1.246e+6,1.246e+6,7.725e-11,
485.7,1.703e+6,1.703e+6,2.252e-10,
485.8,2.278e+6,2.278e+6,6.429e-10,
485.9,2.984e+6,2.984e+6,1.798e-9,
486,3.828e+6,3.828e+6,4.926e-9,
486.1,4.810e+6,4.810e+6,1.322e-8,
486.2,5.918e+6,5.918e+6,3.475e-8,
486.3,7.131e+6,7.131e+6,8.950e-8,
486.4,8.416e+6,8.416e+6,2.258e-7,
486.5,9.729e+6,9.729e+6,5.581e-7,
486.6,1.102e+7,1.102e+7,1.351e-6,
486.7,1.222e+7,1.222e+7,3.205e-6,
486.8,1.329e+7,1.329e+7,7.449e-6,
486.9,1.417e+7,1.417e+7,1.696e-5,
487,1.483e+7,1.483e+7,3.783e-5,
487.1,1.523e+7,1.523e+7,8.269e-5,
487.2,1.539e+7,1.539e+7,1.771e-4,
487.3,1.532e+7,1.532e+7,3.716e-4,
487.4,1.507e+7,1.507e+7,7.641e-4,
487.5,1.470e+7,1.470e+7,1.540e-3,
487.6,1.430e+7,1.430e+7,3.040e-3,
487.7,1.394e+7,1.394e+7,5.884e-3,
487.8,1.371e+7,1.371e+7,1.116e-2,
487.9,1.370e+7,1.370e+7,2.075e-2,
488,1.396e+7,1.396e+7,3.781e-2,
488.1,1.453e+7,1.453e+7,6.754e-2,
488.2,1.540e+7,1.540e+7,1.183e-1,
488.3,1.656e+7,1.656e+7,2.031e-1,
488.4,1.795e+7,1.795e+7,3.419e-1,
488.5,1.948e+7,1.948e+7,5.644e-1,
488.6,2.105e+7,2.105e+7,9.138e-1,
488.7,2.254e+7,2.254e+7,1.451e+0,
488.8,2.383e+7,2.383e+7,2.260e+0,
488.9,2.482e+7,2.482e+7,3.453e+0,
489,2.541e+7,2.541e+7,5.176e+0,
489.1,2.555e+7,2.555e+7,7.613e+0,
489.2,2.520e+7,2.520e+7,1.099e+1,
489.3,2.437e+7,2.437e+7,1.556e+1,
489.4,2.311e+7,2.311e+7,2.164e+1,
489.5,2.148e+7,2.148e+7,2.953e+1,
489.6,1.957e+7,1.957e+7,3.956e+1,
489.7,1.750e+7,1.750e+7,5.204e+1,
489.8,1.537e+7,1.537e+7,6.720e+1,
489.9,1.329e+7,1.329e+7,8.522e+1,
490,1.135e+7,1.135e+7,1.061e+2,
490.1,9.650e+6,9.650e+6,1.298e+2,
490.2,8.254e+6,8.254e+6,1.559e+2,
490.3,7.218e+6,7.218e+6,1.838e+2,
490.4,6.586e+6,6.585e+6,2.129e+2,
490.5,6.388e+6,6.388e+6,2.422e+2,
490.6,6.645e+6,6.644e+6,2.706e+2,
490.7,7.366e+6,7.365e+6,2.969e+2,
490.8,8.550e+6,8.549e+6,3.199e+2,
490.9,1.018e+7,1.018e+7,3.384e+2,
491,1.223e+7,1.223e+7,3.515e+2,
491.1,1.465e+7,1.465e+7,3.584e+2,
491.2,1.736e+7,1.736e+7,3.589e+2,
491.3,2.027e+7,2.027e+7,3.526e+2,
491.4,2.327e+7,2.326e+7,3.401e+2,
491.5,2.621e+7,2.621e+7,3.220e+2,
491.6,2.896e+7,2.896e+7,2.991e+2,
491.7,3.137e+7,3.137e+7,2.726e+2,
491.8,3.331e+7,3.331e+7,2.438e+2,
491.9,3.466e+7,3.466e+7,2.139e+2,
492,3.534e+7,3.534e+7,1.841e+2,
492.1,3.532e+7,3.532e+7,1.555e+2,
492.2,3.458e+7,3.458e+7,1.288e+2,
492.3,3.318e+7,3.318e+7,1.048e+2,
492.4,3.120e+7,3.120e+7,8.387e+1,
492.5,2.874e+7,2.874e+7,6.617e+1,
492.6,2.594e+7,2.594e+7,5.180e+1,
492.7,2.295e+7,2.295e+7,4.072e+1,
492.8,1.989e+7,1.989e+7,3.285e+1,
492.9,1.690e+7,1.690e+7,2.812e+1,
493,1.407e+7,1.407e+7,2.651e+1,
493.1,1.149e+7,1.149e+7,2.811e+1,
493.2,9.207e+6,9.207e+6,3.312e+1,
493.3,7.255e+6,7.255e+6,4.184e+1,
493.4,5.645e+6,5.644e+6,5.471e+1,
493.5,4.370e+6,4.370e+6,7.219e+1,
493.6,3.420e+6,3.420e+6,9.480e+1,
493.7,2.780e+6,2.780e+6,1.230e+2,
493.8,2.437e+6,2.436e+6,1.570e+2,
493.9,2.386e+6,2.385e+6,1.968e+2,
494,2.631e+6,2.631e+6,2.423e+2,
494.1,3.189e+6,3.188e+6,2.928e+2,
494.2,4.081e+6,4.081e+6,3.470e+2,
494.3,5.339e+6,5.339e+6,4.036e+2,
494.4,6.996e+6,6.995e+6,4.604e+2,
494.5,9.078e+6,9.078e+6,5.153e+2,
494.6,1.160e+7,1.160e+7,5.658e+2,
494.7,1.457e+7,1.457e+7,6.095e+2,
494.8,1.794e+7,1.794e+7,6.440e+2,
494.9,2.167e+7,2.167e+7,6.677e+2,
495,2.565e+7,2.564e+7,6.791e+2,
495.1,2.975e+7,2.975e+7,6.777e+2,
495.2,3.382e+7,3.382e+7,6.635e+2,
495.3,3.767e+7,3.767e+7,6.373e+2,
495.4,4.113e+7,4.113e+7,6.007e+2,
495.5,4.399e+7,4.399e+7,5.557e+2,
495.6,4.612e+7,4.612e+7,5.047e+2,
495.7,4.737e+7,4.737e+7,4.502e+2,
495.8,4.769e+7,4.768e+7,3.949e+2,
495.9,4.704e+7,4.704e+7,3.411e+2,
496,4.546e+7,4.546e+7,2.908e+2,
496.1,4.306e+7,4.306e+7,2.459e+2,
496.2,3.997e+7,3.997e+7,2.076e+2,
496.3,3.636e+7,3.636e+7,1.767e+2,
496.4,3.241e+7,3.241e+7,1.537e+2,
496.5,2.832e+7,2.831e+7,1.388e+2,
496.6,2.425e+7,2.425e+7,1.318e+2,
496.7,2.035e+7,2.035e+7,1.323e+2,
496.8,1.676e+7,1.676e+7,1.399e+2,
496.9,1.353e+7,1.353e+7,1.538e+2,
497,1.074e+7,1.073e+7,1.734e+2,
497.1,8.376e+6,8.376e+6,1.979e+2,
497.2,6.445e+6,6.445e+6,2.265e+2,
497.3,4.913e+6,4.913e+6,2.584e+2,
497.4,3.735e+6,3.735e+6,2.928e+2,
497.5,2.863e+6,2.862e+6,3.289e+2,
497.6,2.243e+6,2.242e+6,3.662e+2,
497.7,1.825e+6,1.825e+6,4.040e+2,
497.8,1.565e+6,1.564e+6,4.419e+2,
497.9,1.421e+6,1.421e+6,4.798e+2,
498,1.362e+6,1.361e+6,5.175e+2,
498.1,1.361e+6,1.360e+6,5.555e+2,
498.2,1.398e+6,1.398e+6,5.944e+2,
498.3,1.461e+6,1.460e+6,6.352e+2,
498.4,1.541e+6,1.540e+6,6.792e+2,
498.5,1.637e+6,1.636e+6,7.283e+2,
498.6,1.750e+6,1.750e+6,7.845e+2,
498.7,1.889e+6,1.888e+6,8.504e+2,
498.8,2.061e+6,2.060e+6,9.285e+2,
498.9,2.279e+6,2.278e+6,1.021e+3,
499,2.555e+6,2.553e+6,1.131e+3,
499.1,2.898e+6,2.897e+6,1.258e+3,
499.2,3.319e+6,3.318e+6,1.405e+3,
499.3,3.821e+6,3.819e+6,1.568e+3,
499.4,4.402e+6,4.401e+6,1.747e+3,
499.5,5.057e+6,5.055e+6,1.935e+3,
499.6,5.771e+6,5.769e+6,2.128e+3,
499.7,6.523e+6,6.521e+6,2.318e+3,
499.8,7.289e+6,7.287e+6,2.496e+3,
499.9,8.039e+6,8.036e+6,2.652e+3,
500,8.742e+6,8.739e+6,2.779e+3,
500.1,9.366e+6,9.363e+6,2.868e+3,
500.2,9.885e+6,9.882e+6,2.916e+3,
500.3,1.028e+7,1.027e+7,2.917e+3,
500.4,1.052e+7,1.052e+7,2.873e+3,
500.5,1.062e+7,1.062e+7,2.785e+3,
500.6,1.057e+7,1.057e+7,2.660e+3,
500.7,1.038e+7,1.037e+7,2.504e+3,
500.8,1.006e+7,1.006e+7,2.327e+3,
500.9,9.639e+6,9.637e+6,2.139e+3,
501,9.140e+6,9.138e+6,1.949e+3,
501.1,8.586e+6,8.585e+6,1.767e+3,
501.2,8.001e+6,7.999e+6,1.599e+3,
501.3,7.404e+6,7.403e+6,1.452e+3,
501.4,6.814e+6,6.812e+6,1.330e+3,
501.5,6.241e+6,6.240e+6,1.234e+3,
501.6,5.694e+6,5.693e+6,1.165e+3,8.528e-27
501.7,5.178e+6,5.177e+6,1.123e+3,3.901e-26
501.8,4.694e+6,4.693e+6,1.105e+3,1.268e-25
501.9,4.241e+6,4.240e+6,1.110e+3,4.041e-25
502,3.817e+6,3.816e+6,1.135e+3,1.263e-24
502.1,3.420e+6,3.419e+6,1.177e+3,3.874e-24
502.2,3.048e+6,3.047e+6,1.233e+3,1.165e-23
502.3,2.699e+6,2.697e+6,1.302e+3,3.439e-23
502.4,2.371e+6,2.370e+6,1.380e+3,9.952e-23
502.5,2.065e+6,2.064e+6,1.464e+3,2.825e-22
502.6,1.781e+6,1.779e+6,1.553e+3,7.866e-22
502.7,1.519e+6,1.518e+6,1.643e+3,2.148e-21
502.8,1.281e+6,1.279e+6,1.729e+3,5.755e-21
502.9,1.067e+6,1.065e+6,1.810e+3,1.512e-20
503,8.761e+5,8.742e+5,1.880e+3,3.898e-20
503.1,7.097e+5,7.077e+5,1.936e+3,9.853e-20
503.2,5.665e+5,5.645e+5,1.974e+3,2.443e-19
503.3,4.454e+5,4.434e+5,1.992e+3,5.943e-19
503.4,3.448e+5,3.428e+5,1.988e+3,1.418e-18
503.5,2.627e+5,2.607e+5,1.962e+3,3.318e-18
503.6,1.969e+5,1.950e+5,1.913e+3,7.617e-18
503.7,1.452e+5,1.434e+5,1.844e+3,1.715e-17
503.8,1.054e+5,1.036e+5,1.757e+3,3.788e-17
503.9,7.522e+4,7.357e+4,1.656e+3,8.205e-17
504,5.286e+4,5.131e+4,1.544e+3,1.743e-16
504.1,3.658e+4,3.516e+4,1.426e+3,3.634e-16
504.2,2.497e+4,2.367e+4,1.305e+3,7.429e-16
504.3,1.686e+4,1.568e+4,1.186e+3,1.490e-15
504.4,1.133e+4,1.026e+4,1.072e+3,2.930e-15
504.5,7.674e+3,6.710e+3,9.644e+2,5.653e-15
504.6,5.384e+3,4.517e+3,8.667e+2,1.070e-14
504.7,4.122e+3,3.342e+3,7.799e+2,1.986e-14
504.8,3.695e+3,2.990e+3,7.051e+2,3.616e-14
504.9,4.050e+3,3.407e+3,6.429e+2,6.458e-14
505,5.261e+3,4.668e+3,5.936e+2,1.131e-13
505.1,7.546e+3,6.989e+3,5.574e+2,1.944e-13
505.2,1.127e+4,1.074e+4,5.342e+2,3.277e-13
505.3,1.699e+4,1.646e+4,5.236e+2,5.418e-13
505.4,2.544e+4,2.491e+4,5.251e+2,8.786e-13
505.5,3.758e+4,3.705e+4,5.379e+2,1.398e-12
505.6,5.463e+4,5.407e+4,5.609e+2,2.181e-12
505.7,7.803e+4,7.743e+4,5.929e+2,3.338e-12
505.8,1.094e+5,1.088e+5,6.322e+2,5.011e-12
505.9,1.505e+5,1.499e+5,6.772e+2,7.379e-12
506,2.032e+5,2.025e+5,7.260e+2,1.066e-11
506.1,2.692e+5,2.684e+5,7.766e+2,1.510e-11
506.2,3.497e+5,3.489e+5,8.273e+2,2.098e-11
506.3,4.457e+5,4.449e+5,8.761e+2,2.861e-11
506.4,5.573e+5,5.564e+5,9.214e+2,3.825e-11
506.5,6.836e+5,6.826e+5,9.618e+2,5.017e-11
506.6,8.226e+5,8.216e+5,9.960e+2,6.454e-11
506.7,9.711e+5,9.701e+5,1.023e+3,8.144e-11
506.8,1.125e+6,1.124e+6,1.042e+3,1.008e-10
506.9,1.279e+6,1.278e+6,1.053e+3,1.224e-10
507,1.427e+6,1.426e+6,1.056e+3,1.458e-10
507.1,1.563e+6,1.562e+6,1.050e+3,1.703e-10
507.2,1.681e+6,1.680e+6,1.036e+3,1.951e-10
507.3,1.777e+6,1.776e+6,1.016e+3,2.193e-10
507.4,1.847e+6,1.846e+6,9.900e+2,2.418e-10
507.5,1.889e+6,1.888e+6,9.599e+2,2.615e-10
507.6,1.902e+6,1.901e+6,9.274e+2,2.774e-10
507.7,1.890e+6,1.889e+6,8.945e+2,2.886e-10
507.8,1.856e+6,1.855e+6,8.636e+2,2.945e-10
507.9,1.804e+6,1.803e+6,8.367e+2,2.949e-10
508,1.741e+6,1.740e+6,8.163e+2,2.896e-10
508.1,1.672e+6,1.671e+6,8.046e+2,2.790e-10
508.2,1.603e+6,1.602e+6,8.036e+2,2.636e-10
508.3,1.538e+6,1.537e+6,8.151e+2,2.444e-10
508.4,1.480e+6,1.479e+6,8.407e+2,2.223e-10
508.5,1.430e+6,1.429e+6,8.814e+2,1.985e-10
508.6,1.388e+6,1.387e+6,9.378e+2,1.739e-10
508.7,1.353e+6,1.352e+6,1.010e+3,1.496e-10
508.8,1.320e+6,1.319e+6,1.097e+3,1.266e-10
508.9,1.288e+6,1.287e+6,1.198e+3,1.054e-10
509,1.252e+6,1.251e+6,1.310e+3,8.664e-11
509.1,1.210e+6,1.208e+6,1.431e+3,7.054e-11
509.2,1.159e+6,1.157e+6,1.556e+3,5.726e-11
509.3,1.098e+6,1.096e+6,1.681e+3,4.678e-11
509.4,1.027e+6,1.025e+6,1.801e+3,3.896e-11
509.5,9.462e+5,9.443e+5,1.911e+3,3.359e-11
509.6,8.587e+5,8.567e+5,2.005e+3,3.040e-11
509.7,7.665e+5,7.645e+5,2.079e+3,2.909e-11
509.8,6.726e+5,6.705e+5,2.128e+3,2.937e-11
509.9,5.799e+5,5.777e+5,2.150e+3,3.095e-11
510,4.910e+5,4.888e+5,2.141e+3,3.354e-11
510.1,4.081e+5,4.060e+5,2.102e+3,3.688e-11
510.2,3.331e+5,3.310e+5,2.035e+3,4.072e-11
510.3,2.668e+5,2.649e+5,1.942e+3,4.484e-11
510.4,2.098e+5,2.080e+5,1.826e+3,4.901e-11
510.5,1.620e+5,1.603e+5,1.693e+3,5.306e-11
510.6,1.228e+5,1.213e+5,1.548e+3,5.680e-11
510.7,9.166e+4,9.026e+4,1.397e+3,6.010e-11
510.8,6.750e+4,6.626e+4,1.246e+3,6.282e-11
510.9,4.945e+4,4.835e+4,1.099e+3,6.490e-11
511,3.667e+4,3.571e+4,9.601e+2,6.626e-11
511.1,2.853e+4,2.770e+4,8.323e+2,6.691e-11
511.2,2.465e+4,2.394e+4,7.175e+2,6.687e-11
511.3,2.505e+4,2.444e+4,6.165e+2,6.618e-11
511.4,3.018e+4,2.965e+4,5.292e+2,6.495e-11
511.5,4.101e+4,4.055e+4,4.547e+2,6.327e-11
511.6,5.917e+4,5.877e+4,3.917e+2,6.128e-11
511.7,8.699e+4,8.665e+4,3.387e+2,5.910e-11
511.8,1.276e+5,1.273e+5,2.941e+2,5.686e-11
511.9,1.851e+5,1.849e+5,2.562e+2,5.467e-11
512,2.643e+5,2.641e+5,2.239e+2,5.263e-11
512.1,3.709e+5,3.707e+5,1.962e+2,5.080e-11
512.2,5.112e+5,5.110e+5,1.726e+2,4.925e-11
512.3,6.916e+5,6.915e+5,1.526e+2,4.798e-11
512.4,9.185e+5,9.184e+5,1.366e+2,4.700e-11
512.5,1.197e+6,1.197e+6,1.247e+2,4.629e-11
512.6,1.532e+6,1.532e+6,1.177e+2,4.581e-11
512.7,1.924e+6,1.924e+6,1.164e+2,4.552e-11
512.8,2.372e+6,2.372e+6,1.218e+2,4.538e-11
512.9,2.869e+6,2.869e+6,1.348e+2,4.532e-11
513,3.407e+6,3.407e+6,1.567e+2,4.532e-11
513.1,3.971e+6,3.971e+6,1.884e+2,4.531e-11
513.2,4.542e+6,4.542e+6,2.311e+2,4.528e-11
513.3,5.099e+6,5.099e+6,2.853e+2,4.520e-11
513.4,5.619e+6,5.619e+6,3.516e+2,4.505e-11
513.5,6.077e+6,6.076e+6,4.299e+2,4.483e-11
513.6,6.450e+6,6.450e+6,5.196e+2,4.455e-11
513.7,6.720e+6,6.719e+6,6.194e+2,4.423e-11
513.8,6.872e+6,6.871e+6,7.275e+2,4.390e-11
513.9,6.898e+6,6.897e+6,8.412e+2,4.357e-11
514,6.798e+6,6.797e+6,9.571e+2,4.327e-11
514.1,6.578e+6,6.577e+6,1.071e+3,4.300e-11
514.2,6.253e+6,6.252e+6,1.180e+3,4.276e-11
514.3,5.842e+6,5.841e+6,1.279e+3,4.252e-11
514.4,5.370e+6,5.369e+6,1.363e+3,4.226e-11
514.5,4.866e+6,4.864e+6,1.430e+3,4.191e-11
514.6,4.357e+6,4.355e+6,1.477e+3,4.141e-11
514.7,3.873e+6,3.872e+6,1.501e+3,4.070e-11
514.8,3.442e+6,3.441e+6,1.502e+3,3.972e-11
514.9,3.089e+6,3.087e+6,1.480e+3,3.841e-11
515,2.834e+6,2.833e+6,1.437e+3,3.676e-11
515.1,2.696e+6,2.695e+6,1.375e+3,3.476e-11
515.2,2.689e+6,2.688e+6,1.298e+3,3.244e-11
515.3,2.822e+6,2.821e+6,1.209e+3,2.984e-11
515.4,3.099e+6,3.098e+6,1.112e+3,2.704e-11
515.5,3.519e+6,3.518e+6,1.012e+3,2.411e-11
515.6,4.075e+6,4.074e+6,9.125e+2,2.115e-11
515.7,4.753e+6,4.752e+6,8.167e+2,1.823e-11
515.8,5.532e+6,5.532e+6,7.273e+2,1.545e-11
515.9,6.386e+6,6.386e+6,6.463e+2,1.286e-11
516,7.282e+6,7.281e+6,5.751e+2,1.052e-11
516.1,8.180e+6,8.179e+6,5.142e+2,8.447e-12
516.2,9.039e+6,9.038e+6,4.637e+2,6.660e-12
516.3,9.817e+6,9.816e+6,4.232e+2,5.155e-12
516.4,1.047e+7,1.047e+7,3.918e+2,3.917e-12
516.5,1.097e+7,1.097e+7,3.688e+2,2.922e-12
516.6,1.129e+7,1.129e+7,3.529e+2,2.139e-12
516.7,1.141e+7,1.141e+7,3.432e+2,1.537e-12
516.8,1.133e+7,1.133e+7,3.387e+2,1.084e-12
516.9,1.105e+7,1.105e+7,3.383e+2,7.501e-13
517,1.060e+7,1.060e+7,3.412e+2,5.094e-13
517.1,1.000e+7,1.000e+7,3.468e+2,3.396e-13
517.2,9.312e+6,9.312e+6,3.541e+2,2.221e-13
517.3,8.567e+6,8.566e+6,3.626e+2,1.426e-13
517.4,7.817e+6,7.816e+6,3.717e+2,8.984e-14
517.5,7.110e+6,7.110e+6,3.808e+2,5.555e-14
517.6,6.492e+6,6.492e+6,3.894e+2,3.372e-14
517.7,6.000e+6,5.999e+6,3.972e+2,2.011e-14
517.8,5.663e+6,5.663e+6,4.039e+2,1.182e-14
517.9,5.501e+6,5.501e+6,4.093e+2,6.894e-15
518,5.523e+6,5.522e+6,4.135e+2,4.091e-15
518.1,5.725e+6,5.724e+6,4.169e+2,2.629e-15
518.2,6.094e+6,6.094e+6,4.200e+2,2.060e-15
518.3,6.607e+6,6.606e+6,4.232e+2,2.169e-15
518.4,7.229e+6,7.229e+6,4.275e+2,2.916e-15
518.5,7.922e+6,7.921e+6,4.336e+2,4.414e-15
518.6,8.639e+6,8.639e+6,4.424e+2,6.928e-15
518.7,9.334e+6,9.333e+6,4.544e+2,1.090e-14
518.8,9.959e+6,9.958e+6,4.703e+2,1.701e-14
518.9,1.047e+7,1.047e+7,4.903e+2,2.623e-14
519,1.084e+7,1.084e+7,5.144e+2,3.993e-14
519.1,1.103e+7,1.103e+7,5.424e+2,6.003e-14
519.2,1.103e+7,1.102e+7,5.736e+2,8.917e-14
519.3,1.083e+7,1.083e+7,6.073e+2,1.309e-13
519.4,1.045e+7,1.045e+7,6.424e+2,1.901e-13
519.5,9.897e+6,9.896e+6,6.782e+2,2.733e-13
519.6,9.206e+6,9.205e+6,7.136e+2,3.888e-13
519.7,8.408e+6,8.407e+6,7.480e+2,5.480e-13
519.8,7.540e+6,7.540e+6,7.815e+2,7.656e-13
519.9,6.641e+6,6.641e+6,8.141e+2,1.061e-12
520,5.746e+6,5.746e+6,8.468e+2,1.459e-12
520.1,4.887e+6,4.887e+6,8.811e+2,1.994e-12
520.2,4.091e+6,4.090e+6,9.190e+2,2.708e-12
520.3,3.377e+6,3.376e+6,9.626e+2,3.663e-12
520.4,2.761e+6,2.760e+6,1.015e+3,4.939e-12
520.5,2.253e+6,2.252e+6,1.077e+3,6.650e-12
520.6,1.859e+6,1.858e+6,1.153e+3,8.956e-12
520.7,1.582e+6,1.581e+6,1.242e+3,1.209e-11
520.8,1.426e+6,1.425e+6,1.346e+3,1.637e-11
520.9,1.395e+6,1.393e+6,1.463e+3,2.227e-11
521,1.493e+6,1.491e+6,1.593e+3,3.048e-11
521.1,1.727e+6,1.725e+6,1.733e+3,4.193e-11
521.2,2.107e+6,2.105e+6,1.879e+3,5.796e-11
521.3,2.643e+6,2.641e+6,2.028e+3,8.040e-11
521.4,3.348e+6,3.346e+6,2.173e+3,1.117e-10
521.5,4.231e+6,4.228e+6,2.313e+3,1.552e-10
521.6,5.300e+6,5.297e+6,2.441e+3,2.151e-10
521.7,6.558e+6,6.556e+6,2.554e+3,2.967e-10
521.8,8.002e+6,7.999e+6,2.649e+3,4.069e-10
521.9,9.619e+6,9.616e+6,2.724e+3,5.536e-10
522,1.139e+7,1.138e+7,2.777e+3,7.463e-10
522.1,1.327e+7,1.327e+7,2.807e+3,9.960e-10
522.2,1.523e+7,1.523e+7,2.814e+3,1.315e-9
522.3,1.721e+7,1.721e+7,2.798e+3,1.715e-9
522.4,1.915e+7,1.915e+7,2.759e+3,2.211e-9
522.5,2.099e+7,2.098e+7,2.700e+3,2.814e-9
522.6,2.265e+7,2.264e+7,2.622e+3,3.537e-9
522.7,2.406e+7,2.406e+7,2.526e+3,4.388e-9
522.8,2.519e+7,2.518e+7,2.415e+3,5.372e-9
522.9,2.596e+7,2.596e+7,2.291e+3,6.491e-9
523,2.635e+7,2.635e+7,2.160e+3,7.739e-9
523.1,2.634e+7,2.634e+7,2.023e+3,9.102e-9
523.2,2.593e+7,2.593e+7,1.886e+3,1.056e-8
523.3,2.513e+7,2.513e+7,1.752e+3,1.209e-8
523.4,2.399e+7,2.398e+7,1.626e+3,1.364e-8
523.5,2.254e+7,2.254e+7,1.512e+3,1.518e-8
523.6,2.085e+7,2.085e+7,1.414e+3,1.665e-8
523.7,1.898e+7,1.898e+7,1.335e+3,1.800e-8
523.8,1.701e+7,1.701e+7,1.277e+3,1.918e-8
523.9,1.500e+7,1.500e+7,1.243e+3,2.014e-8
524,1.303e+7,1.303e+7,1.232e+3,2.082e-8
524.1,1.113e+7,1.113e+7,1.247e+3,2.121e-8
524.2,9.369e+6,9.368e+6,1.287e+3,2.126e-8
524.3,7.772e+6,7.771e+6,1.350e+3,2.099e-8
524.4,6.367e+6,6.365e+6,1.436e+3,2.039e-8
524.5,5.168e+6,5.166e+6,1.544e+3,1.949e-8
524.6,4.183e+6,4.182e+6,1.670e+3,1.833e-8
524.7,3.415e+6,3.413e+6,1.813e+3,1.696e-8
524.8,2.863e+6,2.861e+6,1.970e+3,1.543e-8
524.9,2.524e+6,2.522e+6,2.138e+3,1.381e-8
525,2.399e+6,2.396e+6,2.312e+3,1.216e-8
525.1,2.488e+6,2.486e+6,2.490e+3,1.053e-8
525.2,2.798e+6,2.795e+6,2.665e+3,8.967e-9
525.3,3.335e+6,3.332e+6,2.832e+3,7.523e-9
525.4,4.108e+6,4.105e+6,2.985e+3,6.223e-9
525.5,5.127e+6,5.124e+6,3.119e+3,5.090e-9
525.6,6.395e+6,6.392e+6,3.226e+3,4.135e-9
525.7,7.914e+6,7.911e+6,3.303e+3,3.365e-9
525.8,9.672e+6,9.669e+6,3.343e+3,2.778e-9
525.9,1.165e+7,1.165e+7,3.343e+3,2.370e-9
526,1.381e+7,1.380e+7,3.302e+3,2.134e-9
526.1,1.610e+7,1.609e+7,3.219e+3,2.064e-9
526.2,1.845e+7,1.845e+7,3.097e+3,2.151e-9
526.3,2.080e+7,2.079e+7,2.938e+3,2.391e-9
526.4,2.304e+7,2.304e+7,2.749e+3,2.775e-9
526.5,2.509e+7,2.509e+7,2.536e+3,3.298e-9
526.6,2.687e+7,2.687e+7,2.306e+3,3.952e-9
526.7,2.829e+7,2.829e+7,2.067e+3,4.728e-9
526.8,2.929e+7,2.929e+7,1.827e+3,5.611e-9
526.9,2.982e+7,2.982e+7,1.593e+3,6.585e-9
527,2.987e+7,2.987e+7,1.370e+3,7.627e-9
527.1,2.944e+7,2.944e+7,1.164e+3,8.711e-9
527.2,2.856e+7,2.856e+7,9.778e+2,9.805e-9
527.3,2.729e+7,2.729e+7,8.143e+2,1.088e-8
527.4,2.570e+7,2.570e+7,6.745e+2,1.189e-8
527.5,2.387e+7,2.387e+7,5.587e+2,1.280e-8
527.6,2.188e+7,2.188e+7,4.665e+2,1.358e-8
527.7,1.982e+7,1.982e+7,3.966e+2,1.421e-8
527.8,1.776e+7,1.776e+7,3.475e+2,1.465e-8
527.9,1.577e+7,1.577e+7,3.175e+2,1.489e-8
528,1.389e+7,1.389e+7,3.044e+2,1.492e-8
528.1,1.217e+7,1.217e+7,3.062e+2,1.476e-8
528.2,1.061e+7,1.061e+7,3.206e+2,1.442e-8
528.3,9.222e+6,9.221e+6,3.452e+2,1.392e-8
528.4,8.000e+6,7.999e+6,3.776e+2,1.330e-8
528.5,6.931e+6,6.930e+6,4.152e+2,1.260e-8
528.6,5.997e+6,5.997e+6,4.555e+2,1.187e-8
528.7,5.181e+6,5.181e+6,4.961e+2,1.114e-8
528.8,4.465e+6,4.465e+6,5.344e+2,1.046e-8
528.9,3.833e+6,3.833e+6,5.685e+2,9.870e-9
529,3.274e+6,3.273e+6,5.964e+2,9.396e-9
529.1,2.777e+6,2.776e+6,6.169e+2,9.057e-9
529.2,2.335e+6,2.335e+6,6.293e+2,8.861e-9
529.3,1.945e+6,1.945e+6,6.332e+2,8.804e-9
529.4,1.603e+6,1.602e+6,6.291e+2,8.872e-9
529.5,1.306e+6,1.305e+6,6.180e+2,9.040e-9
529.6,1.052e+6,1.052e+6,6.011e+2,9.276e-9
529.7,8.405e+5,8.399e+5,5.802e+2,9.542e-9
529.8,6.690e+5,6.684e+5,5.572e+2,9.800e-9
529.9,5.362e+5,5.357e+5,5.339e+2,1.001e-8
530,4.413e+5,4.408e+5,5.122e+2,1.015e-8
530.1,3.841e+5,3.836e+5,4.937e+2,1.017e-8
530.2,3.658e+5,3.654e+5,4.795e+2,1.007e-8
530.3,3.892e+5,3.888e+5,4.705e+2,9.840e-9
530.4,4.592e+5,4.587e+5,4.672e+2,9.474e-9
530.5,5.827e+5,5.822e+5,4.694e+2,8.982e-9
530.6,7.691e+5,7.687e+5,4.770e+2,8.384e-9
530.7,1.030e+6,1.030e+6,4.890e+2,7.700e-9
530.8,1.379e+6,1.379e+6,5.044e+2,6.959e-9
530.9,1.831e+6,1.830e+6,5.220e+2,6.186e-9
531,2.400e+6,2.399e+6,5.403e+2,5.410e-9
531.1,3.099e+6,3.099e+6,5.577e+2,4.654e-9
531.2,3.941e+6,3.940e+6,5.727e+2,3.938e-9
531.3,4.931e+6,4.930e+6,5.840e+2,3.279e-9
531.4,6.069e+6,6.068e+6,5.902e+2,2.687e-9
531.5,7.349e+6,7.348e+6,5.905e+2,2.167e-9
531.6,8.753e+6,8.752e+6,5.844e+2,1.722e-9
531.7,1.025e+7,1.025e+7,5.716e+2,1.348e-9
531.8,1.182e+7,1.182e+7,5.527e+2,1.041e-9
531.9,1.340e+7,1.340e+7,5.283e+2,7.938e-10
532,1.494e+7,1.494e+7,4.996e+2,5.992e-10
532.1,1.639e+7,1.639e+7,4.682e+2,4.488e-10
532.2,1.769e+7,1.769e+7,4.358e+2,3.347e-10
532.3,1.879e+7,1.879e+7,4.045e+2,2.497e-10
532.4,1.962e+7,1.962e+7,3.760e+2,1.873e-10
532.5,2.016e+7,2.016e+7,3.523e+2,1.423e-10
532.6,2.038e+7,2.038e+7,3.347e+2,1.101e-10
532.7,2.026e+7,2.026e+7,3.245e+2,8.717e-11
532.8,1.982e+7,1.982e+7,3.225e+2,7.084e-11
532.9,1.907e+7,1.907e+7,3.289e+2,5.906e-11
533,1.805e+7,1.805e+7,3.433e+2,5.033e-11
533.1,1.681e+7,1.681e+7,3.650e+2,4.362e-11
533.2,1.540e+7,1.540e+7,3.926e+2,3.821e-11
533.3,1.387e+7,1.387e+7,4.244e+2,3.364e-11
533.4,1.230e+7,1.230e+7,4.584e+2,2.962e-11
533.5,1.072e+7,1.072e+7,4.923e+2,2.598e-11
533.6,9.196e+6,9.195e+6,5.238e+2,2.264e-11
533.7,7.759e+6,7.759e+6,5.508e+2,1.957e-11
533.8,6.442e+6,6.442e+6,5.715e+2,1.674e-11
533.9,5.265e+6,5.265e+6,5.842e+2,1.418e-11
534,4.240e+6,4.240e+6,5.882e+2,1.190e-11
534.1,3.371e+6,3.370e+6,5.829e+2,9.897e-12
534.2,2.654e+6,2.653e+6,5.687e+2,8.198e-12
534.3,2.084e+6,2.083e+6,5.463e+2,6.803e-12
534.4,1.651e+6,1.651e+6,5.170e+2,5.716e-12
534.5,1.348e+6,1.347e+6,4.825e+2,4.939e-12
534.6,1.165e+6,1.165e+6,4.447e+2,4.469e-12
534.7,1.099e+6,1.099e+6,4.058e+2,4.308e-12
534.8,1.147e+6,1.147e+6,3.678e+2,4.454e-12
534.9,1.312e+6,1.311e+6,3.324e+2,4.908e-12
535,1.598e+6,1.598e+6,3.013e+2,5.670e-12
535.1,2.015e+6,2.014e+6,2.757e+2,6.740e-12
535.2,2.573e+6,2.573e+6,2.563e+2,8.113e-12
535.3,3.284e+6,3.284e+6,2.435e+2,9.780e-12
535.4,4.159e+6,4.158e+6,2.371e+2,1.172e-11
535.5,5.205e+6,5.205e+6,2.367e+2,1.392e-11
535.6,6.426e+6,6.426e+6,2.414e+2,1.633e-11
535.7,7.819e+6,7.819e+6,2.501e+2,1.891e-11
535.8,9.371e+6,9.371e+6,2.615e+2,2.161e-11
535.9,1.106e+7,1.106e+7,2.742e+2,2.435e-11
536,1.286e+7,1.286e+7,2.870e+2,2.707e-11
536.1,1.473e+7,1.473e+7,2.984e+2,2.970e-11
536.2,1.661e+7,1.661e+7,3.076e+2,3.216e-11
536.3,1.846e+7,1.846e+7,3.135e+2,3.439e-11
536.4,2.022e+7,2.022e+7,3.159e+2,3.632e-11
536.5,2.183e+7,2.183e+7,3.144e+2,3.791e-11
536.6,2.324e+7,2.324e+7,3.095e+2,3.913e-11
536.7,2.441e+7,2.441e+7,3.015e+2,3.994e-11
536.8,2.530e+7,2.530e+7,2.914e+2,4.033e-11
536.9,2.591e+7,2.591e+7,2.802e+2,4.031e-11
537,2.622e+7,2.622e+7,2.694e+2,3.988e-11
537.1,2.625e+7,2.625e+7,2.601e+2,3.906e-11
537.2,2.602e+7,2.602e+7,2.537e+2,3.788e-11
537.3,2.558e+7,2.558e+7,2.516e+2,3.637e-11
537.4,2.495e+7,2.495e+7,2.546e+2,3.457e-11
537.5,2.419e+7,2.419e+7,2.637e+2,3.252e-11
537.6,2.333e+7,2.333e+7,2.792e+2,3.027e-11
537.7,2.241e+7,2.241e+7,3.014e+2,2.787e-11
537.8,2.147e+7,2.147e+7,3.298e+2,2.537e-11
537.9,2.052e+7,2.052e+7,3.641e+2,2.282e-11
538,1.958e+7,1.958e+7,4.032e+2,2.029e-11
538.1,1.865e+7,1.865e+7,4.460e+2,1.781e-11
538.2,1.775e+7,1.775e+7,4.912e+2,1.543e-11
538.3,1.688e+7,1.687e+7,5.375e+2,1.319e-11
538.4,1.603e+7,1.603e+7,5.835e+2,1.113e-11
538.5,1.522e+7,1.522e+7,6.279e+2,9.265e-12
538.6,1.445e+7,1.445e+7,6.697e+2,7.610e-12
538.7,1.374e+7,1.374e+7,7.081e+2,6.171e-12
538.8,1.312e+7,1.311e+7,7.425e+2,4.945e-12
538.9,1.259e+7,1.259e+7,7.726e+2,3.922e-12
539,1.218e+7,1.218e+7,7.983e+2,3.087e-12
539.1,1.191e+7,1.191e+7,8.196e+2,2.422e-12
539.2,1.181e+7,1.181e+7,8.368e+2,1.905e-12
539.3,1.187e+7,1.187e+7,8.499e+2,1.514e-12
539.4,1.211e+7,1.211e+7,8.590e+2,1.227e-12
539.5,1.252e+7,1.252e+7,8.642e+2,1.024e-12
539.6,1.310e+7,1.309e+7,8.654e+2,8.858e-13
539.7,1.382e+7,1.382e+7,8.625e+2,7.959e-13
539.8,1.466e+7,1.466e+7,8.551e+2,7.400e-13
539.9,1.560e+7,1.560e+7,8.430e+2,7.063e-13
540,1.661e+7,1.661e+7,8.261e+2,6.854e-13
540.1,1.764e+7,1.764e+7,8.041e+2,6.701e-13
540.2,1.867e+7,1.867e+7,7.771e+2,6.549e-13
540.3,1.965e+7,1.965e+7,7.455e+2,6.363e-13
540.4,2.056e+7,2.056e+7,7.095e+2,6.122e-13
540.5,2.136e+7,2.136e+7,6.699e+2,5.818e-13
540.6,2.203e+7,2.203e+7,6.274e+2,5.452e-13
540.7,2.255e+7,2.255e+7,5.830e+2,5.031e-13
540.8,2.289e+7,2.289e+7,5.378e+2,4.569e-13
540.9,2.304e+7,2.304e+7,4.927e+2,4.082e-13
541,2.299e+7,2.299e+7,4.490e+2,3.587e-13
541.1,2.275e+7,2.275e+7,4.076e+2,3.100e-13
541.2,2.231e+7,2.231e+7,3.696e+2,2.633e-13
541.3,2.169e+7,2.169e+7,3.357e+2,2.199e-13
541.4,2.090e+7,2.090e+7,3.067e+2,1.806e-13
541.5,1.998e+7,1.998e+7,2.831e+2,1.457e-13
541.6,1.894e+7,1.894e+7,2.655e+2,1.156e-13
541.7,1.781e+7,1.781e+7,2.540e+2,9.020e-14
541.8,1.665e+7,1.665e+7,2.487e+2,6.916e-14
541.9,1.548e+7,1.548e+7,2.494e+2,5.213e-14
542,1.433e+7,1.433e+7,2.556e+2,3.862e-14
542.1,1.324e+7,1.324e+7,2.668e+2,2.813e-14
542.2,1.223e+7,1.223e+7,2.820e+2,2.014e-14
542.3,1.132e+7,1.132e+7,3.004e+2,1.418e-14
542.4,1.052e+7,1.052e+7,3.207e+2,9.808e-15
542.5,9.841e+6,9.841e+6,3.416e+2,6.670e-15
542.6,9.271e+6,9.271e+6,3.621e+2,4.459e-15
542.7,8.803e+6,8.802e+6,3.809e+2,2.931e-15
542.8,8.422e+6,8.421e+6,3.971e+2,1.893e-15
542.9,8.112e+6,8.111e+6,4.100e+2,1.202e-15
543,7.855e+6,7.855e+6,4.191e+2,7.506e-16
543.1,7.635e+6,7.635e+6,4.243e+2,4.606e-16
543.2,7.438e+6,7.438e+6,4.259e+2,2.779e-16
543.3,7.254e+6,7.254e+6,4.243e+2,1.648e-16
543.4,7.076e+6,7.076e+6,4.202e+2,9.604e-17
543.5,6.901e+6,6.901e+6,4.144e+2,5.503e-17
543.6,6.730e+6,6.730e+6,4.078e+2,3.100e-17
543.7,6.567e+6,6.566e+6,4.011e+2,1.716e-17
543.8,6.415e+6,6.415e+6,3.951e+2,9.343e-18
543.9,6.280e+6,6.279e+6,3.903e+2,4.999e-18
544,6.166e+6,6.166e+6,3.869e+2,2.629e-18
544.1,6.076e+6,6.076e+6,3.851e+2,1.359e-18
544.2,6.012e+6,6.011e+6,3.846e+2,6.909e-19
544.3,5.972e+6,5.972e+6,3.852e+2,3.452e-19
544.4,5.955e+6,5.955e+6,3.865e+2,1.695e-19
544.5,5.956e+6,5.956e+6,3.880e+2,8.185e-20
544.6,5.970e+6,5.970e+6,3.894e+2,3.884e-20
544.7,5.992e+6,5.992e+6,3.903e+2,1.812e-20
544.8,6.016e+6,6.016e+6,3.906e+2,8.310e-21
544.9,6.038e+6,6.037e+6,3.903e+2,3.746e-21
545,6.052e+6,6.052e+6,3.896e+2,1.660e-21
545.1,6.055e+6,6.055e+6,3.886e+2,7.232e-22
545.2,6.045e+6,6.045e+6,3.877e+2,3.097e-22
545.3,6.019e+6,6.019e+6,3.875e+2,1.304e-22
545.4,5.976e+6,5.975e+6,3.881e+2,5.394e-23
545.5,5.913e+6,5.913e+6,3.901e+2,2.194e-23
545.6,5.831e+6,5.830e+6,3.935e+2,8.773e-24
545.7,5.727e+6,5.727e+6,3.987e+2,3.448e-24
545.8,5.601e+6,5.601e+6,4.054e+2,1.332e-24
545.9,5.453e+6,5.452e+6,4.136e+2,5.061e-25
546,5.282e+6,5.282e+6,4.230e+2,1.890e-25
546.1,5.090e+6,5.089e+6,4.333e+2,6.935e-26
546.2,4.878e+6,4.878e+6,4.441e+2,2.502e-26
546.3,4.649e+6,4.648e+6,4.552e+2,8.874e-27
546.4,4.406e+6,4.406e+6,4.664e+2,3.094e-27
546.5,4.155e+6,4.154e+6,4.775e+2,1.060e-27
546.6,3.899e+6,3.898e+6,4.887e+2,3.572e-28
546.7,3.643e+6,3.643e+6,5.002e+2,1.183e-28
546.8,3.394e+6,3.393e+6,5.124e+2,
546.9,3.153e+6,3.153e+6,5.259e+2,
547,2.926e+6,2.926e+6,5.411e+2,
547.1,2.714e+6,2.713e+6,5.586e+2,
547.2,2.518e+6,2.517e+6,5.792e+2,
547.3,2.337e+6,2.337e+6,6.031e+2,
547.4,2.171e+6,2.171e+6,6.307e+2,
547.5,2.018e+6,2.017e+6,6.621e+2,
547.6,1.874e+6,1.873e+6,6.972e+2,
547.7,1.738e+6,1.737e+6,7.357e+2,
547.8,1.607e+6,1.606e+6,7.771e+2,
547.9,1.478e+6,1.477e+6,8.209e+2,
548,1.352e+6,1.351e+6,8.662e+2,
548.1,1.226e+6,1.225e+6,9.123e+2,
548.2,1.103e+6,1.102e+6,9.583e+2,
548.3,9.808e+5,9.798e+5,1.004e+3,
548.4,8.625e+5,8.615e+5,1.048e+3,
548.5,7.491e+5,7.480e+5,1.090e+3,
548.6,6.419e+5,6.408e+5,1.130e+3,
548.7,5.425e+5,5.414e+5,1.167e+3,
548.8,4.519e+5,4.507e+5,1.203e+3,
548.9,3.709e+5,3.697e+5,1.238e+3,
549,2.999e+5,2.986e+5,1.271e+3,
549.1,2.388e+5,2.375e+5,1.305e+3,
549.2,1.872e+5,1.859e+5,1.340e+3,
549.3,1.446e+5,1.432e+5,1.377e+3,
549.4,1.100e+5,1.086e+5,1.416e+3,
549.5,8.242e+4,8.096e+4,1.459e+3,
549.6,6.091e+4,5.940e+4,1.505e+3,
549.7,4.443e+4,4.287e+4,1.555e+3,
549.8,3.204e+4,3.044e+4,1.606e+3,
549.9,2.291e+4,2.126e+4,1.657e+3,
550,1.631e+4,1.460e+4,1.705e+3,
550.1,1.161e+4,9.865e+3,1.749e+3,
550.2,8.340e+3,6.555e+3,1.785e+3,
550.3,6.094e+3,4.284e+3,1.810e+3,
550.4,4.574e+3,2.754e+3,1.820e+3,
550.5,3.556e+3,1.741e+3,1.815e+3,
550.6,2.873e+3,1.082e+3,1.791e+3,
550.7,2.410e+3,6.618e+2,1.748e+3,
550.8,2.084e+3,3.980e+2,1.686e+3,
550.9,1.842e+3,2.354e+2,1.607e+3,
551,1.649e+3,1.369e+2,1.512e+3,
551.1,1.482e+3,7.833e+1,1.404e+3,
551.2,1.330e+3,4.407e+1,1.286e+3,
551.3,1.187e+3,2.438e+1,1.163e+3,
551.4,1.051e+3,1.327e+1,1.037e+3,
551.5,9.207e+2,7.102e+0,9.136e+2,
551.6,7.986e+2,3.738e+0,7.949e+2,
551.7,6.857e+2,1.935e+0,6.838e+2,
551.8,5.836e+2,9.860e-1,5.826e+2,
551.9,4.932e+2,4.957e-1,4.927e+2,
552,4.152e+2,2.487e-1,4.150e+2,
552.1,3.497e+2,1.308e-1,3.496e+2,
552.2,2.964e+2,8.516e-2,2.963e+2,
552.3,2.545e+2,8.936e-2,2.544e+2,
552.4,2.229e+2,1.466e-1,2.228e+2,
552.5,2.006e+2,2.875e-1,2.003e+2,
552.6,1.863e+2,5.846e-1,1.857e+2,
552.7,1.788e+2,1.184e+0,1.776e+2,
552.8,1.772e+2,2.366e+0,1.749e+2,
552.9,1.810e+2,4.656e+0,1.764e+2,
553,1.902e+2,9.022e+0,1.812e+2,
553.1,2.058e+2,1.721e+1,1.886e+2,
553.2,2.303e+2,3.231e+1,1.980e+2,
553.3,2.686e+2,5.971e+1,2.088e+2,
553.4,3.295e+2,1.086e+2,2.209e+2,
553.5,4.283e+2,1.945e+2,2.337e+2,
553.6,5.902e+2,3.430e+2,2.472e+2,
553.7,8.563e+2,5.952e+2,2.610e+2,
553.8,1.292e+3,1.017e+3,2.748e+2,
553.9,1.999e+3,1.710e+3,2.883e+2,
554,3.133e+3,2.832e+3,3.011e+2,
554.1,4.929e+3,4.616e+3,3.125e+2,
554.2,7.730e+3,7.408e+3,3.220e+2,
554.3,1.203e+4,1.170e+4,3.292e+2,
554.4,1.853e+4,1.820e+4,3.335e+2,
554.5,2.820e+4,2.787e+4,3.344e+2,
554.6,4.235e+4,4.201e+4,3.317e+2,
554.7,6.268e+4,6.236e+4,3.253e+2,
554.8,9.143e+4,9.112e+4,3.150e+2,
554.9,1.314e+5,1.311e+5,3.013e+2,
555,1.860e+5,1.857e+5,2.844e+2,
555.1,2.592e+5,2.590e+5,2.648e+2,
555.2,3.558e+5,3.556e+5,2.433e+2,
555.3,4.810e+5,4.808e+5,2.205e+2,
555.4,6.403e+5,6.401e+5,1.971e+2,
555.5,8.392e+5,8.391e+5,1.739e+2,
555.6,1.083e+6,1.083e+6,1.516e+2,
555.7,1.377e+6,1.377e+6,1.307e+2,
555.8,1.724e+6,1.724e+6,1.118e+2,
555.9,2.125e+6,2.125e+6,9.510e+1,
556,2.581e+6,2.581e+6,8.100e+1,
556.1,3.087e+6,3.087e+6,6.963e+1,
556.2,3.638e+6,3.638e+6,6.107e+1,
556.3,4.225e+6,4.225e+6,5.531e+1,
556.4,4.835e+6,4.835e+6,5.231e+1,
556.5,5.454e+6,5.454e+6,5.196e+1,
556.6,6.067e+6,6.067e+6,5.413e+1,
556.7,6.658e+6,6.658e+6,5.866e+1,
556.8,7.211e+6,7.211e+6,6.537e+1,
556.9,7.713e+6,7.713e+6,7.404e+1,
557,8.151e+6,8.151e+6,8.447e+1,
557.1,8.520e+6,8.520e+6,9.643e+1,
557.2,8.815e+6,8.815e+6,1.097e+2,
557.3,9.039e+6,9.039e+6,1.239e+2,
557.4,9.196e+6,9.196e+6,1.389e+2,
557.5,9.294e+6,9.293e+6,1.543e+2,
557.6,9.343e+6,9.342e+6,1.698e+2,
557.7,9.353e+6,9.353e+6,1.852e+2,
557.8,9.335e+6,9.335e+6,2.000e+2,
557.9,9.297e+6,9.296e+6,2.140e+2,
558,9.242e+6,9.242e+6,2.268e+2,
558.1,9.173e+6,9.173e+6,2.381e+2,
558.2,9.088e+6,9.087e+6,2.475e+2,
558.3,8.980e+6,8.980e+6,2.548e+2,
558.4,8.843e+6,8.843e+6,2.596e+2,
558.5,8.669e+6,8.669e+6,2.618e+2,
558.6,8.449e+6,8.449e+6,2.611e+2,
558.7,8.177e+6,8.177e+6,2.576e+2,
558.8,7.851e+6,7.850e+6,2.511e+2,
558.9,7.469e+6,7.469e+6,2.419e+2,
559,7.038e+6,7.038e+6,2.302e+2,
559.1,6.566e+6,6.566e+6,2.163e+2,
559.2,6.066e+6,6.066e+6,2.005e+2,
559.3,5.555e+6,5.555e+6,1.835e+2,3.178e-27
559.4,5.051e+6,5.051e+6,1.656e+2,9.109e-27
559.5,4.574e+6,4.574e+6,1.473e+2,2.570e-26
559.6,4.145e+6,4.145e+6,1.293e+2,7.141e-26
559.7,3.784e+6,3.783e+6,1.118e+2,1.953e-25
559.8,3.508e+6,3.507e+6,9.523e+1,5.260e-25
559.9,3.333e+6,3.333e+6,7.994e+1,1.394e-24
560,3.272e+6,3.272e+6,6.611e+1,3.640e-24
560.1,3.334e+6,3.334e+6,5.384e+1,9.353e-24
560.2,3.524e+6,3.524e+6,4.319e+1,2.366e-23
560.3,3.842e+6,3.842e+6,3.412e+1,5.894e-23
560.4,4.283e+6,4.283e+6,2.653e+1,1.445e-22
560.5,4.836e+6,4.836e+6,2.032e+1,3.489e-22
560.6,5.487e+6,5.487e+6,1.532e+1,8.293e-22
560.7,6.215e+6,6.215e+6,1.137e+1,1.941e-21
560.8,6.994e+6,6.994e+6,8.311e+0,4.471e-21
560.9,7.794e+6,7.794e+6,5.983e+0,1.014e-20
561,8.582e+6,8.582e+6,4.245e+0,2.265e-20
561.1,9.326e+6,9.326e+6,2.974e+0,4.979e-20
561.2,9.991e+6,9.991e+6,2.067e+0,1.078e-19
561.3,1.055e+7,1.055e+7,1.441e+0,2.297e-19
561.4,1.097e+7,1.097e+7,1.033e+0,4.819e-19
561.5,1.123e+7,1.123e+7,7.979e-1,9.953e-19
561.6,1.132e+7,1.132e+7,7.087e-1,2.024e-18
561.7,1.124e+7,1.124e+7,7.555e-1,4.052e-18
561.8,1.099e+7,1.099e+7,9.450e-1,7.988e-18
561.9,1.058e+7,1.058e+7,1.301e+0,1.550e-17
562,1.003e+7,1.003e+7,1.868e+0,2.962e-17
562.1,9.369e+6,9.369e+6,2.707e+0,5.571e-17
562.2,8.622e+6,8.622e+6,3.905e+0,1.032e-16
562.3,7.820e+6,7.820e+6,5.572e+0,1.881e-16
562.4,6.993e+6,6.993e+6,7.843e+0,3.376e-16
562.5,6.170e+6,6.170e+6,1.088e+1,5.967e-16
562.6,5.374e+6,5.374e+6,1.486e+1,1.038e-15
562.7,4.625e+6,4.625e+6,2.000e+1,1.779e-15
562.8,3.937e+6,3.937e+6,2.651e+1,2.999e-15
562.9,3.320e+6,3.320e+6,3.460e+1,4.980e-15
563,2.778e+6,2.778e+6,4.448e+1,8.142e-15
563.1,2.310e+6,2.310e+6,5.632e+1,1.310e-14
563.2,1.914e+6,1.914e+6,7.022e+1,2.076e-14
563.3,1.583e+6,1.583e+6,8.624e+1,3.239e-14
563.4,1.310e+6,1.310e+6,1.043e+2,4.976e-14
563.5,1.087e+6,1.087e+6,1.243e+2,7.525e-14
563.6,9.052e+5,9.051e+5,1.459e+2,1.120e-13
563.7,7.573e+5,7.571e+5,1.686e+2,1.642e-13
563.8,6.362e+5,6.361e+5,1.920e+2,2.371e-13
563.9,5.364e+5,5.362e+5,2.153e+2,3.369e-13
564,4.531e+5,4.529e+5,2.379e+2,4.714e-13
564.1,3.827e+5,3.825e+5,2.590e+2,6.496e-13
564.2,3.226e+5,3.223e+5,2.777e+2,8.812e-13
564.3,2.706e+5,2.703e+5,2.933e+2,1.177e-12
564.4,2.256e+5,2.253e+5,3.052e+2,1.549e-12
564.5,1.865e+5,1.862e+5,3.129e+2,2.006e-12
564.6,1.527e+5,1.524e+5,3.161e+2,2.559e-12
564.7,1.236e+5,1.233e+5,3.146e+2,3.215e-12
564.8,9.886e+4,9.856e+4,3.084e+2,3.979e-12
564.9,7.807e+4,7.777e+4,2.980e+2,4.850e-12
565,6.082e+4,6.054e+4,2.836e+2,5.824e-12
565.1,4.674e+4,4.647e+4,2.660e+2,6.890e-12
565.2,3.542e+4,3.517e+4,2.458e+2,8.032e-12
565.3,2.648e+4,2.625e+4,2.239e+2,9.228e-12
565.4,1.955e+4,1.935e+4,2.009e+2,1.045e-11
565.5,1.429e+4,1.411e+4,1.776e+2,1.167e-11
565.6,1.041e+4,1.026e+4,1.547e+2,1.285e-11
565.7,7.657e+3,7.524e+3,1.328e+2,1.396e-11
565.8,5.833e+3,5.720e+3,1.124e+2,1.496e-11
565.9,4.801e+3,4.707e+3,9.370e+1,1.584e-11
566,4.480e+3,4.403e+3,7.697e+1,1.656e-11
566.1,4.853e+3,4.790e+3,6.231e+1,1.710e-11
566.2,5.960e+3,5.911e+3,4.971e+1,1.747e-11
566.3,7.909e+3,7.870e+3,3.907e+1,1.766e-11
566.4,1.087e+4,1.084e+4,3.027e+1,1.767e-11
566.5,1.507e+4,1.505e+4,2.310e+1,1.752e-11
566.6,2.082e+4,2.081e+4,1.738e+1,1.722e-11
566.7,2.847e+4,2.846e+4,1.288e+1,1.679e-11
566.8,3.842e+4,3.841e+4,9.407e+0,1.626e-11
566.9,5.110e+4,5.109e+4,6.770e+0,1.564e-11
567,6.695e+4,6.694e+4,4.801e+0,1.496e-11
567.1,8.639e+4,8.639e+4,3.355e+0,1.424e-11
567.2,1.098e+5,1.098e+5,2.310e+0,1.349e-11
567.3,1.374e+5,1.374e+5,1.567e+0,1.274e-11
567.4,1.692e+5,1.692e+5,1.047e+0,1.200e-11
567.5,2.053e+5,2.053e+5,6.896e-1,1.128e-11
567.6,2.453e+5,2.453e+5,4.474e-1,1.061e-11
567.7,2.885e+5,2.885e+5,2.860e-1,9.991e-12
567.8,3.342e+5,3.342e+5,1.801e-1,9.444e-12
567.9,3.811e+5,3.811e+5,1.117e-1,8.981e-12
568,4.280e+5,4.280e+5,6.831e-2,8.610e-12
568.1,4.732e+5,4.732e+5,4.114e-2,8.338e-12
568.2,5.152e+5,5.152e+5,2.442e-2,8.167e-12
568.3,5.524e+5,5.524e+5,1.429e-2,8.095e-12
568.4,5.831e+5,5.831e+5,8.284e-3,8.116e-12
568.5,6.061e+5,6.061e+5,4.804e-3,8.217e-12
568.6,6.203e+5,6.203e+5,2.885e-3,8.383e-12
568.7,6.251e+5,6.251e+5,1.962e-3,8.597e-12
568.8,6.203e+5,6.203e+5,1.747e-3,8.839e-12
568.9,6.061e+5,6.061e+5,2.163e-3,9.090e-12
569,5.831e+5,5.831e+5,3.316e-3,9.335e-12
569.1,5.524e+5,5.524e+5,5.518e-3,9.563e-12
569.2,5.152e+5,5.152e+5,9.346e-3,9.767e-12
569.3,4.732e+5,4.732e+5,1.575e-2,9.950e-12
569.4,4.280e+5,4.280e+5,2.621e-2,1.012e-11
569.5,3.811e+5,3.811e+5,4.300e-2,1.030e-11
569.6,3.342e+5,3.342e+5,6.951e-2,1.050e-11
569.7,2.885e+5,2.885e+5,1.107e-1,1.076e-11
569.8,2.453e+5,2.453e+5,1.735e-1,1.111e-11
569.9,2.053e+5,2.053e+5,2.679e-1,1.158e-11
570,1.692e+5,1.692e+5,4.075e-1,1.220e-11
570.1,1.374e+5,1.374e+5,6.104e-1,1.300e-11
570.2,1.098e+5,1.098e+5,9.004e-1,1.401e-11
570.3,8.638e+4,8.638e+4,1.308e+0,1.524e-11
570.4,6.693e+4,6.693e+4,1.872e+0,1.668e-11
570.5,5.106e+4,5.106e+4,2.638e+0,1.834e-11
570.6,3.836e+4,3.836e+4,3.661e+0,2.020e-11
570.7,2.838e+4,2.837e+4,5.005e+0,2.223e-11
570.8,2.067e+4,2.067e+4,6.738e+0,2.440e-11
570.9,1.483e+4,1.482e+4,8.933e+0,2.667e-11
571,1.048e+4,1.047e+4,1.167e+1,2.901e-11
571.1,7.292e+3,7.277e+3,1.500e+1,3.136e-11
571.2,5.002e+3,4.983e+3,1.900e+1,3.370e-11
571.3,3.383e+3,3.359e+3,2.370e+1,3.600e-11
571.4,2.259e+3,2.230e+3,2.912e+1,3.821e-11
571.5,1.493e+3,1.457e+3,3.523e+1,4.034e-11
571.6,9.800e+2,9.381e+2,4.199e+1,4.236e-11
571.7,6.438e+2,5.946e+2,4.928e+1,4.428e-11
571.8,4.281e+2,3.712e+2,5.696e+1,4.612e-11
571.9,2.932e+2,2.283e+2,6.484e+1,4.789e-11
572,2.114e+2,1.387e+2,7.269e+1,4.961e-11
572.1,1.640e+2,8.375e+1,8.027e+1,5.131e-11
572.2,1.385e+2,5.118e+1,8.729e+1,5.301e-11
572.3,1.268e+2,3.335e+1,9.349e+1,5.476e-11
572.4,1.244e+2,2.583e+1,9.861e+1,5.656e-11
572.5,1.292e+2,2.671e+1,1.024e+2,5.843e-11
572.6,1.411e+2,3.628e+1,1.048e+2,6.038e-11
572.7,1.627e+2,5.704e+1,1.056e+2,6.242e-11
572.8,1.990e+2,9.423e+1,1.048e+2,6.452e-11
572.9,2.592e+2,1.568e+2,1.024e+2,6.669e-11
573,3.573e+2,2.587e+2,9.861e+1,6.889e-11
573.1,5.151e+2,4.216e+2,9.349e+1,7.111e-11
573.2,7.645e+2,6.772e+2,8.729e+1,7.333e-11
573.3,1.152e+3,1.072e+3,8.027e+1,7.552e-11
573.4,1.744e+3,1.671e+3,7.269e+1,7.767e-11
573.5,2.631e+3,2.566e+3,6.484e+1,7.976e-11
573.6,3.939e+3,3.882e+3,5.696e+1,8.180e-11
573.7,5.835e+3,5.786e+3,4.928e+1,8.378e-11
573.8,8.535e+3,8.493e+3,4.199e+1,8.570e-11
573.9,1.232e+4,1.228e+4,3.523e+1,8.758e-11
574,1.752e+4,1.749e+4,2.912e+1,8.942e-11
574.1,2.457e+4,2.455e+4,2.371e+1,9.122e-11
574.2,3.395e+4,3.393e+4,1.901e+1,9.299e-11
574.3,4.621e+4,4.620e+4,1.501e+1,9.471e-11
574.4,6.197e+4,6.196e+4,1.169e+1,9.637e-11
574.5,8.187e+4,8.186e+4,8.971e+0,9.793e-11
574.6,1.065e+5,1.065e+5,6.802e+0,9.935e-11
574.7,1.366e+5,1.366e+5,5.111e+0,1.006e-10
574.8,1.725e+5,1.725e+5,3.836e+0,1.016e-10
574.9,2.145e+5,2.145e+5,2.921e+0,1.022e-10
575,2.629e+5,2.629e+5,2.323e+0,1.025e-10
575.1,3.173e+5,3.173e+5,2.016e+0,1.022e-10
575.2,3.773e+5,3.773e+5,1.997e+0,1.014e-10
575.3,4.419e+5,4.419e+5,2.283e+0,9.998e-11
575.4,5.099e+5,5.099e+5,2.923e+0,9.789e-11
575.5,5.795e+5,5.795e+5,3.997e+0,9.511e-11
575.6,6.487e+5,6.487e+5,5.623e+0,9.165e-11
575.7,7.154e+5,7.154e+5,7.960e+0,8.754e-11
575.8,7.772e+5,7.772e+5,1.122e+1,8.284e-11
575.9,8.317e+5,8.317e+5,1.564e+1,7.765e-11
576,8.767e+5,8.767e+5,2.155e+1,7.208e-11
576.1,9.103e+5,9.103e+5,2.930e+1,6.625e-11
576.2,9.311e+5,9.311e+5,3.928e+1,6.030e-11
576.3,9.382e+5,9.381e+5,5.192e+1,5.436e-11
576.4,9.311e+5,9.311e+5,6.767e+1,4.857e-11
576.5,9.104e+5,9.103e+5,8.696e+1,4.303e-11
576.6,8.768e+5,8.767e+5,1.102e+2,3.784e-11
576.7,8.318e+5,8.317e+5,1.376e+2,3.306e-11
576.8,7.774e+5,7.772e+5,1.695e+2,2.874e-11
576.9,7.156e+5,7.154e+5,2.058e+2,2.489e-11
577,6.490e+5,6.487e+5,2.464e+2,2.152e-11
577.1,5.798e+5,5.795e+5,2.908e+2,1.860e-11
577.2,5.102e+5,5.099e+5,3.385e+2,1.610e-11
577.3,4.423e+5,4.419e+5,3.884e+2,1.398e-11
577.4,3.777e+5,3.773e+5,4.395e+2,1.218e-11
577.5,3.178e+5,3.173e+5,4.904e+2,1.067e-11
577.6,2.634e+5,2.629e+5,5.395e+2,9.388e-12
577.7,2.151e+5,2.145e+5,5.853e+2,8.309e-12
577.8,1.731e+5,1.725e+5,6.261e+2,7.399e-12
577.9,1.372e+5,1.366e+5,6.603e+2,6.636e-12
578,1.072e+5,1.065e+5,6.867e+2,6.002e-12
578.1,8.256e+4,8.186e+4,7.042e+2,5.488e-12
578.2,6.267e+4,6.196e+4,7.120e+2,5.090e-12
578.3,4.691e+4,4.620e+4,7.099e+2,4.806e-12
578.4,3.463e+4,3.393e+4,6.979e+2,4.637e-12
578.5,2.522e+4,2.455e+4,6.764e+2,4.586e-12
578.6,1.814e+4,1.749e+4,6.465e+2,4.654e-12
578.7,1.289e+4,1.228e+4,6.092e+2,4.844e-12
578.8,9.059e+3,8.493e+3,5.660e+2,5.157e-12
578.9,6.304e+3,5.786e+3,5.185e+2,5.591e-12
579,4.351e+3,3.882e+3,4.683e+2,6.147e-12
579.1,2.983e+3,2.566e+3,4.170e+2,6.824e-12
579.2,2.037e+3,1.671e+3,3.661e+2,7.624e-12
579.3,1.389e+3,1.072e+3,3.169e+2,8.553e-12
579.4,9.475e+2,6.771e+2,2.704e+2,9.624e-12
579.5,6.489e+2,4.214e+2,2.275e+2,1.086e-11
579.6,4.470e+2,2.583e+2,1.887e+2,1.232e-11
579.7,3.103e+2,1.560e+2,1.543e+2,1.405e-11
579.8,2.172e+2,9.281e+1,1.243e+2,1.619e-11
579.9,1.532e+2,5.439e+1,9.880e+1,1.891e-11
580,1.088e+2,3.139e+1,7.738e+1,2.247e-11
580.1,7.759e+1,1.785e+1,5.974e+1,2.728e-11
580.2,5.547e+1,9.999e+0,4.547e+1,3.392e-11
580.3,3.962e+1,5.517e+0,3.411e+1,4.323e-11
580.4,2.822e+1,2.998e+0,2.522e+1,5.641e-11
580.5,1.999e+1,1.605e+0,1.838e+1,7.512e-11
580.6,1.405e+1,8.466e-1,1.320e+1,1.017e-10
580.7,9.789e+0,4.398e-1,9.349e+0,1.391e-10
580.8,6.749e+0,2.251e-1,6.524e+0,1.916e-10
580.9,4.601e+0,1.135e-1,4.487e+0,2.643e-10
581,3.098e+0,5.634e-2,3.042e+0,3.639e-10
581.1,2.060e+0,2.756e-2,2.032e+0,4.986e-10
581.2,1.351e+0,1.328e-2,1.338e+0,6.782e-10
581.3,8.749e-1,6.302e-3,8.686e-1,9.141e-10
581.4,5.588e-1,2.947e-3,5.559e-1,1.219e-9
581.5,3.525e-1,1.357e-3,3.511e-1,1.608e-9
581.6,2.201e-1,6.157e-4,2.195e-1,2.094e-9
581.7,1.371e-1,2.751e-4,1.368e-1,2.693e-9
581.8,8.691e-2,1.211e-4,8.679e-2,3.416e-9
581.9,5.878e-2,5.252e-5,5.873e-2,4.276e-9
582,4.625e-2,2.244e-5,4.623e-2,5.278e-9
582.1,4.598e-2,9.441e-6,4.597e-2,6.423e-9
582.2,5.714e-2,3.913e-6,5.714e-2,7.706e-9
582.3,8.111e-2,1.598e-6,8.111e-2,9.114e-9
582.4,1.214e-1,6.426e-7,1.214e-1,1.063e-8
582.5,1.839e-1,2.546e-7,1.839e-1,1.221e-8
582.6,2.771e-1,9.936e-8,2.771e-1,1.383e-8
582.7,4.131e-1,3.820e-8,4.131e-1,1.543e-8
582.8,6.077e-1,1.446e-8,6.077e-1,1.697e-8
582.9,8.814e-1,5.396e-9,8.814e-1,1.840e-8
583,1.260e+0,1.983e-9,1.260e+0,1.965e-8
583.1,1.775e+0,7.177e-10,1.775e+0,2.069e-8
583.2,2.465e+0,2.559e-10,2.465e+0,2.146e-8
583.3,3.373e+0,8.988e-11,3.373e+0,2.194e-8
583.4,4.549e+0,,4.549e+0,2.210e-8
583.5,6.046e+0,,6.046e+0,2.194e-8
583.6,7.920e+0,,7.920e+0,2.147e-8
583.7,1.022e+1,,1.022e+1,2.070e-8
583.8,1.301e+1,,1.301e+1,1.967e-8
583.9,1.631e+1,,1.631e+1,1.842e-8
584,2.015e+1,,2.015e+1,1.700e-8
584.1,2.453e+1,,2.453e+1,1.546e-8
584.2,2.944e+1,,2.944e+1,1.387e-8
584.3,3.482e+1,,3.482e+1,1.226e-8
584.4,4.058e+1,,4.058e+1,1.068e-8
584.5,4.662e+1,,4.662e+1,9.179e-9
584.6,5.277e+1,,5.277e+1,7.779e-9
584.7,5.888e+1,,5.888e+1,6.504e-9
584.8,6.474e+1,,6.474e+1,5.367e-9
584.9,7.016e+1,,7.016e+1,4.374e-9
585,7.493e+1,,7.493e+1,3.522e-9
585.1,7.887e+1,,7.887e+1,2.806e-9
585.2,8.183e+1,,8.183e+1,2.214e-9
585.3,8.369e+1,,8.369e+1,1.733e-9
585.4,8.437e+1,,8.437e+1,1.349e-9
585.5,8.388e+1,,8.388e+1,1.048e-9
585.6,8.224e+1,,8.224e+1,8.146e-10
585.7,7.956e+1,,7.956e+1,6.368e-10
585.8,7.599e+1,,7.599e+1,5.035e-10
585.9,7.175e+1,,7.175e+1,4.051e-10
586,6.706e+1,,6.706e+1,3.343e-10
586.1,6.219e+1,,6.219e+1,2.852e-10
586.2,5.742e+1,,5.742e+1,2.538e-10
586.3,5.306e+1,,5.306e+1,2.375e-10
586.4,4.937e+1,,4.937e+1,2.354e-10
586.5,4.663e+1,,4.663e+1,2.477e-10
586.6,4.510e+1,,4.510e+1,2.764e-10
586.7,4.499e+1,,4.499e+1,3.243e-10
586.8,4.649e+1,,4.649e+1,3.959e-10
586.9,4.976e+1,,4.976e+1,4.969e-10
587,5.487e+1,,5.487e+1,6.344e-10
587.1,6.188e+1,,6.188e+1,8.167e-10
587.2,7.076e+1,,7.076e+1,1.053e-9
587.3,8.142e+1,,8.142e+1,1.354e-9
587.4,9.369e+1,,9.369e+1,1.729e-9
587.5,1.073e+2,,1.073e+2,2.190e-9
587.6,1.221e+2,,1.221e+2,2.745e-9
587.7,1.375e+2,,1.375e+2,3.401e-9
587.8,1.533e+2,,1.533e+2,4.163e-9
587.9,1.689e+2,,1.689e+2,5.031e-9
588,1.840e+2,,1.840e+2,6.000e-9
588.1,1.982e+2,,1.982e+2,7.060e-9
588.2,2.111e+2,,2.111e+2,8.193e-9
588.3,2.225e+2,,2.225e+2,9.378e-9
588.4,2.323e+2,,2.323e+2,1.059e-8
588.5,2.404e+2,,2.404e+2,1.178e-8
588.6,2.470e+2,,2.470e+2,1.293e-8
588.7,2.523e+2,,2.523e+2,1.399e-8
588.8,2.565e+2,,2.565e+2,1.492e-8
588.9,2.602e+2,,2.602e+2,1.569e-8
589,2.636e+2,,2.636e+2,1.626e-8
589.1,2.671e+2,,2.671e+2,1.662e-8
589.2,2.711e+2,,2.711e+2,1.675e-8
589.3,2.757e+2,,2.757e+2,1.663e-8
589.4,2.811e+2,,2.811e+2,1.629e-8
589.5,2.871e+2,,2.871e+2,1.573e-8
589.6,2.935e+2,,2.935e+2,1.498e-8
589.7,3.000e+2,,3.000e+2,1.407e-8
589.8,3.062e+2,,3.062e+2,1.304e-8
589.9,3.113e+2,,3.113e+2,1.193e-8
590,3.150e+2,,3.150e+2,1.078e-8
590.1,3.166e+2,,3.166e+2,9.638e-9
590.2,3.157e+2,,3.157e+2,8.532e-9
590.3,3.119e+2,,3.119e+2,7.498e-9
590.4,3.050e+2,,3.050e+2,6.563e-9
590.5,2.950e+2,,2.950e+2,5.750e-9
590.6,2.820e+2,,2.820e+2,5.072e-9
590.7,2.663e+2,,2.663e+2,4.541e-9
590.8,2.483e+2,,2.483e+2,4.159e-9
590.9,2.284e+2,,2.284e+2,3.927e-9
591,2.074e+2,,2.074e+2,3.842e-9
591.1,1.858e+2,,1.858e+2,3.897e-9
591.2,1.641e+2,,1.641e+2,4.085e-9
591.3,1.430e+2,,1.430e+2,4.395e-9
591.4,1.228e+2,,1.228e+2,4.817e-9
591.5,1.041e+2,,1.041e+2,5.339e-9
591.6,8.690e+1,,8.690e+1,5.947e-9
591.7,7.156e+1,,7.156e+1,6.627e-9
591.8,5.810e+1,,5.810e+1,7.365e-9
591.9,4.651e+1,,4.651e+1,8.142e-9
592,3.670e+1,,3.670e+1,8.939e-9
592.1,2.857e+1,,2.857e+1,9.738e-9
592.2,2.194e+1,,2.194e+1,1.051e-8
592.3,1.663e+1,,1.663e+1,1.125e-8
592.4,1.248e+1,,1.248e+1,1.191e-8
592.5,9.304e+0,,9.304e+0,1.249e-8
592.6,6.950e+0,,6.950e+0,1.296e-8
592.7,5.288e+0,,5.288e+0,1.329e-8
592.8,4.219e+0,,4.219e+0,1.349e-8
592.9,3.673e+0,,3.673e+0,1.354e-8
593,3.616e+0,,3.616e+0,1.344e-8
593.1,4.051e+0,,4.051e+0,1.318e-8
593.2,5.020e+0,,5.020e+0,1.279e-8
593.3,6.603e+0,,6.603e+0,1.227e-8
593.4,8.927e+0,,8.927e+0,1.165e-8
593.5,1.216e+1,,1.216e+1,1.096e-8
593.6,1.651e+1,,1.651e+1,1.022e-8
593.7,2.225e+1,,2.225e+1,9.452e-9
593.8,2.967e+1,,2.967e+1,8.698e-9
593.9,3.912e+1,,3.912e+1,7.979e-9
594,5.097e+1,,5.097e+1,7.319e-9
594.1,6.562e+1,,6.562e+1,6.735e-9
594.2,8.346e+1,,8.346e+1,6.241e-9
594.3,1.049e+2,,1.049e+2,5.844e-9
594.4,1.302e+2,,1.302e+2,5.544e-9
594.5,1.598e+2,,1.598e+2,5.338e-9
594.6,1.937e+2,,1.937e+2,5.216e-9
594.7,2.319e+2,,2.319e+2,5.164e-9
594.8,2.745e+2,,2.745e+2,5.166e-9
594.9,3.210e+2,,3.210e+2,5.204e-9
595,3.708e+2,,3.708e+2,5.260e-9
595.1,4.234e+2,,4.234e+2,5.315e-9
595.2,4.776e+2,,4.776e+2,5.355e-9
595.3,5.324e+2,,5.324e+2,5.365e-9
595.4,5.863e+2,,5.863e+2,5.337e-9
595.5,6.380e+2,,6.380e+2,5.266e-9
595.6,6.859e+2,,6.859e+2,5.149e-9
595.7,7.286e+2,,7.286e+2,4.989e-9
595.8,7.645e+2,,7.645e+2,4.793e-9
595.9,7.926e+2,,7.926e+2,4.570e-9
596,8.116e+2,,8.116e+2,4.332e-9
596.1,8.210e+2,,8.210e+2,4.091e-9
596.2,8.203e+2,,8.203e+2,3.860e-9
596.3,8.096e+2,,8.096e+2,3.653e-9
596.4,7.892e+2,,7.892e+2,3.481e-9
596.5,7.597e+2,,7.597e+2,3.353e-9
596.6,7.223e+2,,7.223e+2,3.275e-9
596.7,6.782e+2,,6.782e+2,3.253e-9
596.8,6.288e+2,,6.288e+2,3.285e-9
596.9,5.757e+2,,5.757e+2,3.370e-9
597,5.204e+2,,5.204e+2,3.501e-9
597.1,4.646e+2,,4.646e+2,3.671e-9
597.2,4.094e+2,,4.094e+2,3.869e-9
597.3,3.563e+2,,3.563e+2,4.083e-9
597.4,3.061e+2,,3.061e+2,4.301e-9
597.5,2.596e+2,,2.596e+2,4.513e-9
597.6,2.174e+2,,2.174e+2,4.708e-9
597.7,1.797e+2,,1.797e+2,4.876e-9
597.8,1.467e+2,,1.467e+2,5.014e-9
597.9,1.181e+2,,1.181e+2,5.119e-9
598,9.395e+1,,9.395e+1,5.190e-9
598.1,7.375e+1,,7.375e+1,5.233e-9
598.2,5.715e+1,,5.715e+1,5.255e-9
598.3,4.371e+1,,4.371e+1,5.265e-9
598.4,3.300e+1,,3.300e+1,5.274e-9
598.5,2.460e+1,,2.460e+1,5.293e-9
598.6,1.809e+1,,1.809e+1,5.335e-9
598.7,1.314e+1,,1.314e+1,5.408e-9
598.8,9.414e+0,,9.414e+0,5.520e-9
598.9,6.659e+0,,6.659e+0,5.674e-9
599,4.648e+0,,4.648e+0,5.871e-9
599.1,3.203e+0,,3.203e+0,6.107e-9
599.2,2.178e+0,,2.178e+0,6.374e-9
599.3,1.462e+0,,1.462e+0,6.660e-9
599.4,9.683e-1,,9.683e-1,6.949e-9
599.5,6.330e-1,,6.330e-1,7.226e-9
599.6,4.084e-1,,4.084e-1,7.473e-9
599.7,2.600e-1,,2.600e-1,7.673e-9
599.8,1.634e-1,,1.634e-1,7.811e-9
599.9,1.013e-1,,1.013e-1,7.872e-9
600,6.199e-2,,6.199e-2,7.849e-9
600.1,3.743e-2,,3.743e-2,7.737e-9