Wavelength (nm),Sum,Fe I (4.4e-02),Fe II (9.5e-01),Fe III (2.2e-03)
200.1,1.299e+8,,1.299e+8,4.303e+3
200.2,1.097e+8,,1.097e+8,5.584e+3
200.3,8.434e+7,,8.433e+7,6.787e+3
200.4,6.197e+7,,6.196e+7,7.730e+3
200.5,4.839e+7,,4.838e+7,8.260e+3
200.6,4.576e+7,,4.576e+7,8.297e+3
200.7,5.321e+7,,5.320e+7,7.857e+3
200.8,6.784e+7,,6.783e+7,7.041e+3
200.9,8.552e+7,,8.551e+7,6.011e+3
201,1.017e+8,,1.017e+8,4.946e+3
201.1,1.128e+8,,1.128e+8,3.990e+3
201.2,1.175e+8,,1.175e+8,3.221e+3
201.3,1.172e+8,,1.172e+8,2.637e+3
201.4,1.156e+8,,1.156e+8,2.194e+3
201.5,1.162e+8,,1.162e+8,1.840e+3
201.6,1.210e+8,,1.210e+8,1.542e+3
201.7,1.292e+8,,1.292e+8,1.289e+3
201.8,1.374e+8,,1.374e+8,1.084e+3
201.9,1.408e+8,,1.408e+8,9.402e+2
202,1.356e+8,,1.356e+8,8.729e+2
202.1,1.205e+8,,1.205e+8,8.923e+2
202.2,9.775e+7,,9.775e+7,9.946e+2
202.3,7.220e+7,,7.220e+7,1.153e+3
202.4,4.895e+7,,4.895e+7,1.318e+3
202.5,3.188e+7,,3.188e+7,1.431e+3
202.6,2.296e+7,,2.296e+7,1.449e+3
202.7,2.253e+7,,2.253e+7,1.367e+3
202.8,2.972e+7,,2.971e+7,1.227e+3
202.9,4.260e+7,,4.260e+7,1.104e+3
203,5.819e+7,,5.818e+7,1.085e+3
203.1,7.289e+7,,7.289e+7,1.235e+3
203.2,8.363e+7,,8.363e+7,1.583e+3
203.3,8.911e+7,,8.910e+7,2.105e+3
203.4,9.036e+7,,9.035e+7,2.729e+3
203.5,9.032e+7,,9.031e+7,3.351e+3
203.6,9.251e+7,,9.251e+7,3.865e+3
203.7,9.946e+7,,9.946e+7,4.200e+3
203.8,1.112e+8,,1.112e+8,4.335e+3
203.9,1.247e+8,,1.247e+8,4.303e+3
204,1.344e+8,,1.344e+8,4.169e+3
204.1,1.347e+8,,1.347e+8,4.000e+3
204.2,1.233e+8,,1.233e+8,3.842e+3
204.3,1.025e+8,,1.024e+8,3.699e+3
204.4,7.813e+7,,7.813e+7,3.535e+3
204.5,5.749e+7,,5.749e+7,3.303e+3
204.6,4.585e+7,,4.585e+7,2.980e+3
204.7,4.517e+7,,4.517e+7,2.583e+3
204.8,5.395e+7,,5.395e+7,2.171e+3
204.9,6.809e+7,,6.809e+7,1.832e+3
205,8.242e+7,,8.241e+7,1.669e+3
205.1,9.233e+7,,9.233e+7,1.815e+3
205.2,9.527e+7,,9.527e+7,2.457e+3
205.3,9.108e+7,,9.108e+7,3.893e+3
205.4,8.137e+7,,8.137e+7,6.643e+3
205.5,6.844e+7,,6.843e+7,1.158e+4
205.6,5.458e+7,,5.456e+7,1.996e+4
205.7,4.191e+7,,4.188e+7,3.308e+4
205.8,3.245e+7,,3.240e+7,5.153e+4
205.9,2.796e+7,,2.789e+7,7.425e+4
206,2.946e+7,,2.936e+7,9.822e+4
206.1,3.675e+7,,3.663e+7,1.195e+5
206.2,4.828e+7,,4.814e+7,1.355e+5
206.3,6.146e+7,,6.132e+7,1.466e+5
206.4,7.337e+7,,7.321e+7,1.561e+5
206.5,8.154e+7,,8.138e+7,1.670e+5
206.6,8.451e+7,,8.433e+7,1.790e+5
206.7,8.190e+7,,8.171e+7,1.871e+5
206.8,7.426e+7,,7.408e+7,1.849e+5
206.9,6.289e+7,,6.272e+7,1.689e+5
207,4.957e+7,,4.943e+7,1.410e+5
207.1,3.630e+7,,3.619e+7,1.089e+5
207.2,2.489e+7,,2.481e+7,8.253e+4
207.3,1.666e+7,,1.659e+7,7.045e+4
207.4,1.226e+7,,1.218e+7,7.778e+4
207.5,1.173e+7,,1.163e+7,1.048e+5
207.6,1.459e+7,,1.444e+7,1.461e+5
207.7,1.977e+7,,1.958e+7,1.911e+5
207.8,2.571e+7,,2.548e+7,2.263e+5
207.9,3.064e+7,,3.040e+7,2.402e+5
208,3.331e+7,,3.308e+7,2.279e+5
208.1,3.363e+7,,3.344e+7,1.938e+5
208.2,3.297e+7,,3.282e+7,1.483e+5
208.3,3.354e+7,,3.344e+7,1.031e+5
208.4,3.721e+7,,3.714e+7,6.658e+4
208.5,4.430e+7,,4.426e+7,4.166e+4
208.6,5.310e+7,,5.307e+7,2.720e+4
208.7,6.048e+7,,6.046e+7,2.014e+4
208.8,6.341e+7,,6.340e+7,1.730e+4
208.9,6.049e+7,,6.048e+7,1.627e+4
209,5.257e+7,,5.255e+7,1.566e+4
209.1,4.207e+7,,4.205e+7,1.500e+4
209.2,3.165e+7,,3.164e+7,1.446e+4
209.3,2.303e+7,,2.302e+7,1.454e+4
209.4,1.665e+7,,1.664e+7,1.554e+4
209.5,1.209e+7,,1.208e+7,1.727e+4
209.6,8.757e+6,,8.738e+6,1.901e+4
209.7,6.244e+6,,6.224e+6,1.983e+4
209.8,4.428e+6,,4.408e+6,1.906e+4
209.9,3.312e+6,,3.296e+6,1.669e+4
210,2.939e+6,,2.925e+6,1.329e+4
210.1,3.398e+6,,3.388e+6,9.762e+3
210.2,4.910e+6,,4.903e+6,6.890e+3
210.3,7.854e+6,,7.849e+6,5.084e+3
210.4,1.265e+7,,1.265e+7,4.317e+3
210.5,1.950e+7,,1.950e+7,4.253e+3
210.6,2.805e+7,5.042e-10,2.805e+7,4.439e+3
210.7,3.723e+7,8.334e-9,3.722e+7,4.487e+3
210.8,4.536e+7,1.234e-7,4.536e+7,4.193e+3
210.9,5.073e+7,1.636e-6,5.072e+7,3.566e+3
211,5.218e+7,1.944e-5,5.218e+7,2.763e+3
211.1,4.970e+7,2.069e-4,4.970e+7,1.985e+3
211.2,4.442e+7,1.973e-3,4.442e+7,1.384e+3
211.3,3.813e+7,1.685e-2,3.813e+7,1.019e+3
211.4,3.244e+7,1.290e-1,3.244e+7,8.681e+2
211.5,2.814e+7,8.841e-1,2.814e+7,8.609e+2
211.6,2.502e+7,5.429e+0,2.502e+7,9.157e+2
211.7,2.230e+7,2.987e+1,2.230e+7,9.625e+2
211.8,1.923e+7,1.472e+2,1.923e+7,9.574e+2
211.9,1.562e+7,6.499e+2,1.561e+7,8.869e+2
212,1.182e+7,2.570e+3,1.182e+7,7.641e+2
212.1,8.494e+6,9.107e+3,8.484e+6,6.170e+2
212.2,6.213e+6,2.890e+4,6.183e+6,4.742e+2
212.3,5.274e+6,8.219e+4,5.191e+6,3.540e+2
212.4,5.707e+6,2.093e+5,5.497e+6,2.617e+2
212.5,7.379e+6,4.777e+5,6.901e+6,1.938e+2
212.6,1.008e+7,9.765e+5,9.101e+6,1.449e+2
212.7,1.351e+7,1.788e+6,1.172e+7,1.120e+2
212.8,1.726e+7,2.934e+6,1.433e+7,9.659e+1
212.9,2.077e+7,4.311e+6,1.646e+7,1.028e+2
213,2.342e+7,5.676e+6,1.774e+7,1.365e+2
213.1,2.474e+7,6.694e+6,1.804e+7,2.025e+2
213.2,2.462e+7,7.072e+6,1.754e+7,3.011e+2
213.3,2.335e+7,6.694e+6,1.666e+7,4.246e+2
213.4,2.148e+7,5.676e+6,1.580e+7,5.560e+2
213.5,1.945e+7,4.311e+6,1.514e+7,6.732e+2
213.6,1.743e+7,2.934e+6,1.449e+7,7.588e+2
213.7,1.531e+7,1.788e+6,1.352e+7,8.110e+2
213.8,1.295e+7,9.765e+5,1.197e+7,8.488e+2
213.9,1.040e+7,4.777e+5,9.923e+6,9.040e+2
214,8.007e+6,2.093e+5,7.797e+6,1.004e+3
214.1,6.300e+6,8.219e+4,6.216e+6,1.154e+3
214.2,5.851e+6,2.890e+4,5.821e+6,1.324e+3
214.3,7.149e+6,9.107e+3,7.138e+6,1.466e+3
214.4,1.050e+7,2.570e+3,1.050e+7,1.529e+3
214.5,1.596e+7,6.499e+2,1.596e+7,1.488e+3
214.6,2.319e+7,1.472e+2,2.319e+7,1.353e+3
214.7,3.138e+7,2.999e+1,3.137e+7,1.165e+3
214.8,3.922e+7,6.361e+0,3.922e+7,9.759e+2
214.9,4.520e+7,7.562e+0,4.520e+7,8.230e+2
215,4.793e+7,4.319e+1,4.792e+7,7.191e+2
215.1,4.671e+7,2.496e+2,4.671e+7,6.516e+2
215.2,4.192e+7,1.300e+3,4.191e+7,5.960e+2
215.3,3.508e+7,6.092e+3,3.507e+7,5.323e+2
215.4,2.857e+7,2.565e+4,2.855e+7,4.544e+2
215.5,2.507e+7,9.712e+4,2.497e+7,3.694e+2
215.6,2.696e+7,3.305e+5,2.663e+7,2.895e+2
215.7,3.583e+7,1.011e+6,3.482e+7,2.228e+2
215.8,5.205e+7,2.781e+6,4.927e+7,1.708e+2
215.9,7.462e+7,6.876e+6,6.775e+7,1.302e+2
216,1.016e+8,1.528e+7,8.628e+7,9.672e+1
216.1,1.308e+8,3.054e+7,1.002e+8,6.837e+1
216.2,1.609e+8,5.486e+7,1.060e+8,4.514e+1
216.3,1.912e+8,8.859e+7,1.026e+8,2.793e+1
216.4,2.204e+8,1.286e+8,9.176e+7,1.778e+1
216.5,2.450e+8,1.678e+8,7.718e+7,1.635e+1
216.6,2.595e+8,1.969e+8,6.255e+7,2.791e+1
216.7,2.581e+8,2.077e+8,5.046e+7,6.184e+1
216.8,2.390e+8,1.969e+8,4.213e+7,1.343e+2
216.9,2.059e+8,1.678e+8,3.804e+7,2.661e+2
217,1.671e+8,1.286e+8,3.846e+7,4.758e+2
217.1,1.319e+8,8.859e+7,4.334e+7,7.656e+2
217.2,1.066e+8,5.486e+7,5.178e+7,1.108e+3
217.3,9.218e+7,3.054e+7,6.164e+7,1.444e+3
217.4,8.506e+7,1.528e+7,6.977e+7,1.692e+3
217.5,8.005e+7,6.876e+6,7.318e+7,1.784e+3
217.6,7.303e+7,2.781e+6,7.025e+7,1.692e+3
217.7,6.250e+7,1.012e+6,6.149e+7,1.444e+3
217.8,4.955e+7,3.329e+5,4.922e+7,1.108e+3
217.9,3.655e+7,1.067e+5,3.644e+7,7.656e+2
218,2.569e+7,6.081e+4,2.563e+7,4.758e+2
218.1,1.816e+7,1.226e+5,1.804e+7,2.660e+2
218.2,1.396e+7,3.492e+5,1.361e+7,1.338e+2
218.3,1.245e+7,9.373e+5,1.151e+7,6.054e+1
218.4,1.297e+7,2.277e+6,1.069e+7,2.464e+1
218.5,1.539e+7,4.993e+6,1.039e+7,9.026e+0
218.6,2.018e+7,9.893e+6,1.029e+7,2.974e+0
218.7,2.814e+7,1.773e+7,1.042e+7,8.818e-1
218.8,3.973e+7,2.878e+7,1.095e+7,2.352e-1
218.9,5.439e+7,4.246e+7,1.193e+7,5.643e-2
219,7.029e+7,5.714e+7,1.315e+7,1.218e-2
219.1,8.478e+7,7.053e+7,1.424e+7,2.378e-3
219.2,9.542e+7,8.052e+7,1.490e+7,4.822e-4
219.3,1.011e+8,8.592e+7,1.514e+7,4.382e-4
219.4,1.023e+8,8.690e+7,1.541e+7,1.836e-3
219.5,1.010e+8,8.465e+7,1.639e+7,8.076e-3
219.6,9.942e+7,8.070e+7,1.872e+7,3.221e-2
219.7,9.880e+7,7.618e+7,2.262e+7,1.159e-1
219.8,9.933e+7,7.148e+7,2.785e+7,3.768e-1
219.9,1.001e+8,6.626e+7,3.387e+7,1.105e+0
220,1.001e+8,5.986e+7,4.026e+7,2.925e+0
220.1,9.890e+7,5.183e+7,4.707e+7,6.990e+0
220.2,9.712e+7,4.233e+7,5.479e+7,1.508e+1
220.3,9.618e+7,3.220e+7,6.397e+7,2.935e+1
220.4,9.728e+7,2.259e+7,7.469e+7,5.156e+1
220.5,1.007e+8,1.452e+7,8.617e+7,8.178e+1
220.6,1.055e+8,8.512e+6,9.701e+7,1.171e+2
220.7,1.106e+8,4.537e+6,1.061e+8,1.512e+2
220.8,1.155e+8,2.194e+6,1.133e+8,1.764e+2
220.9,1.213e+8,9.618e+5,1.204e+8,1.856e+2
221,1.301e+8,3.818e+5,1.297e+8,1.764e+2
221.1,1.434e+8,1.371e+5,1.433e+8,1.512e+2
221.2,1.615e+8,4.457e+4,1.615e+8,1.171e+2
221.3,1.828e+8,1.310e+4,1.828e+8,8.178e+1
221.4,2.053e+8,3.483e+3,2.053e+8,5.156e+1
221.5,2.278e+8,8.370e+2,2.278e+8,2.935e+1
221.6,2.502e+8,1.819e+2,2.502e+8,1.508e+1
221.7,2.722e+8,3.571e+1,2.722e+8,7.003e+0
221.8,2.920e+8,6.338e+0,2.920e+8,2.966e+0
221.9,3.053e+8,1.017e+0,3.053e+8,1.222e+0
222,3.066e+8,1.473e-1,3.066e+8,6.819e-1
222.1,2.927e+8,1.929e-2,2.927e+8,8.335e-1
222.2,2.640e+8,2.281e-3,2.640e+8,1.558e+0
222.3,2.255e+8,2.437e-4,2.255e+8,2.943e+0
222.4,1.846e+8,2.352e-5,1.846e+8,5.108e+0
222.5,1.482e+8,2.050e-6,1.482e+8,8.034e+0
222.6,1.207e+8,1.613e-7,1.207e+8,1.144e+1
222.7,1.037e+8,1.146e-8,1.037e+8,1.476e+1
222.8,9.600e+7,6.630e-10,9.600e+7,1.729e+1
222.9,9.564e+7,,9.564e+7,1.853e+1
223,1.003e+8,,1.003e+8,1.843e+1
223.1,1.077e+8,,1.077e+8,1.762e+1
223.2,1.158e+8,1.690e-10,1.158e+8,1.723e+1
223.3,1.224e+8,2.497e-9,1.224e+8,1.855e+1
223.4,1.260e+8,3.346e-8,1.260e+8,2.268e+1
223.5,1.260e+8,4.066e-7,1.260e+8,3.015e+1
223.6,1.228e+8,4.479e-6,1.228e+8,4.082e+1
223.7,1.178e+8,4.475e-5,1.178e+8,5.391e+1
223.8,1.127e+8,4.053e-4,1.127e+8,6.805e+1
223.9,1.093e+8,3.328e-3,1.093e+8,8.133e+1
224,1.091e+8,2.478e-2,1.091e+8,9.148e+1
224.1,1.136e+8,1.673e-1,1.136e+8,9.625e+1
224.2,1.239e+8,1.024e+0,1.239e+8,9.416e+1
224.3,1.403e+8,5.685e+0,1.403e+8,8.511e+1
224.4,1.619e+8,2.861e+1,1.619e+8,7.073e+1
224.5,1.870e+8,1.305e+2,1.870e+8,5.380e+1
224.6,2.128e+8,5.401e+2,2.128e+8,3.734e+1
224.7,2.367e+8,2.026e+3,2.367e+8,2.358e+1
224.8,2.561e+8,6.892e+3,2.561e+8,1.354e+1
224.9,2.694e+8,2.126e+4,2.694e+8,7.052e+0
225,2.760e+8,5.944e+4,2.759e+8,3.332e+0
225.1,2.761e+8,1.507e+5,2.760e+8,1.427e+0
225.2,2.708e+8,3.465e+5,2.705e+8,5.537e-1
225.3,2.612e+8,7.222e+5,2.605e+8,1.951e-1
225.4,2.482e+8,1.365e+6,2.468e+8,6.319e-2
225.5,2.320e+8,2.339e+6,2.297e+8,2.011e-2
225.6,2.128e+8,3.635e+6,2.092e+8,8.325e-3
225.7,1.910e+8,5.121e+6,1.859e+8,6.640e-3
225.8,1.678e+8,6.541e+6,1.613e+8,8.084e-3
225.9,1.456e+8,7.576e+6,1.380e+8,1.050e-2
226,1.266e+8,7.956e+6,1.187e+8,1.310e-2
226.1,1.123e+8,7.576e+6,1.048e+8,1.536e-2
226.2,1.024e+8,6.542e+6,9.584e+7,1.686e-2
226.3,9.497e+7,5.124e+6,8.985e+7,1.725e-2
226.4,8.764e+7,3.646e+6,8.399e+7,1.644e-2
226.5,7.847e+7,2.373e+6,7.610e+7,1.464e-2
226.6,6.690e+7,1.457e+6,6.545e+7,1.237e-2
226.7,5.377e+7,9.523e+5,5.281e+7,1.025e-2
226.8,4.077e+7,8.690e+5,3.990e+7,8.830e-3
226.9,2.973e+7,1.229e+6,2.850e+7,8.379e-3
227,2.203e+7,2.078e+6,1.995e+7,8.810e-3
227.1,1.848e+7,3.455e+6,1.502e+7,9.716e-3
227.2,1.951e+7,5.314e+6,1.420e+7,1.053e-2
227.3,2.549e+7,7.455e+6,1.803e+7,1.075e-2
227.4,3.680e+7,9.525e+6,2.727e+7,1.013e-2
227.5,5.357e+7,1.110e+7,4.246e+7,8.721e-3
227.6,7.511e+7,1.187e+7,6.324e+7,6.841e-3
227.7,9.935e+7,1.177e+7,8.758e+7,4.910e-3
227.8,1.227e+8,1.107e+7,1.117e+8,3.350e-3
227.9,1.409e+8,1.026e+7,1.307e+8,2.681e-3
228,1.503e+8,9.859e+6,1.404e+8,4.105e-3
228.1,1.490e+8,1.017e+7,1.388e+8,1.119e-2
228.2,1.380e+8,1.120e+7,1.268e+8,3.404e-2
228.3,1.203e+8,1.263e+7,1.077e+8,9.859e-2
228.4,9.966e+7,1.397e+7,8.569e+7,2.650e-1
228.5,7.934e+7,1.474e+7,6.459e+7,6.600e-1
228.6,6.147e+7,1.465e+7,4.683e+7,1.523e+0
228.7,4.708e+7,1.365e+7,3.343e+7,3.262e+0
228.8,3.649e+7,1.202e+7,2.447e+7,6.480e+0
228.9,2.984e+7,1.030e+7,1.954e+7,1.193e+1
229,2.734e+7,9.211e+6,1.813e+7,2.033e+1
229.1,2.921e+7,9.559e+6,1.965e+7,3.201e+1
229.2,3.547e+7,1.206e+7,2.340e+7,4.646e+1
229.3,4.556e+7,1.714e+7,2.843e+7,6.203e+1
229.4,5.815e+7,2.460e+7,3.355e+7,7.603e+1
229.5,7.107e+7,3.348e+7,3.760e+7,8.540e+1
229.6,8.176e+7,4.208e+7,3.968e+7,8.776e+1
229.7,8.790e+7,4.837e+7,3.954e+7,8.242e+1
229.8,8.832e+7,5.066e+7,3.765e+7,7.066e+1
229.9,8.344e+7,4.830e+7,3.513e+7,5.524e+1
230,7.525e+7,4.191e+7,3.335e+7,3.937e+1
230.1,6.657e+7,3.308e+7,3.348e+7,2.556e+1
230.2,5.991e+7,2.378e+7,3.613e+7,1.511e+1
230.3,5.669e+7,1.560e+7,4.109e+7,8.134e+0
230.4,5.692e+7,9.450e+6,4.747e+7,3.988e+0
230.5,5.955e+7,5.506e+6,5.405e+7,1.792e+0
230.6,6.319e+7,3.511e+6,5.968e+7,7.777e-1
230.7,6.668e+7,3.050e+6,6.363e+7,4.490e-1
230.8,6.933e+7,3.725e+6,6.560e+7,6.226e-1
230.9,7.084e+7,5.189e+6,6.565e+7,1.443e+0
231,7.106e+7,7.101e+6,6.396e+7,3.431e+0
231.1,6.989e+7,9.104e+6,6.078e+7,7.546e+0
231.2,6.732e+7,1.087e+7,5.645e+7,1.515e+1
231.3,6.368e+7,1.222e+7,5.146e+7,2.772e+1
231.4,5.977e+7,1.317e+7,4.660e+7,4.623e+1
231.5,5.689e+7,1.398e+7,4.291e+7,7.026e+1
231.6,5.677e+7,1.491e+7,4.186e+7,9.733e+1
231.7,6.169e+7,1.607e+7,4.562e+7,1.229e+2
231.8,7.493e+7,1.726e+7,5.767e+7,1.417e+2
231.9,1.015e+8,1.805e+7,8.346e+7,1.493e+2
232,1.487e+8,1.793e+7,1.308e+8,1.443e+2
232.1,2.258e+8,1.663e+7,2.091e+8,1.291e+2
232.2,3.421e+8,1.424e+7,3.278e+8,1.089e+2
232.3,5.047e+8,1.120e+7,4.935e+8,9.006e+1
232.4,7.164e+8,8.059e+6,7.084e+8,7.741e+1
232.5,9.760e+8,5.295e+6,9.707e+8,7.332e+1
232.6,1.281e+9,3.173e+6,1.278e+9,7.713e+1
232.7,1.631e+9,1.734e+6,1.629e+9,8.585e+1
232.8,2.021e+9,8.640e+5,2.020e+9,9.549e+1
232.9,2.441e+9,3.923e+5,2.440e+9,1.025e+2
233,2.858e+9,1.623e+5,2.858e+9,1.052e+2
233.1,3.225e+9,6.122e+4,3.224e+9,1.047e+2
233.2,3.487e+9,2.104e+4,3.487e+9,1.048e+2
233.3,3.614e+9,6.591e+3,3.614e+9,1.111e+2
233.4,3.617e+9,1.881e+3,3.617e+9,1.280e+2
233.5,3.561e+9,4.894e+2,3.561e+9,1.572e+2
233.6,3.541e+9,1.160e+2,3.541e+9,1.951e+2
233.7,3.663e+9,2.506e+1,3.663e+9,2.336e+2
233.8,4.007e+9,4.935e+0,4.007e+9,2.622e+2
233.9,4.600e+9,8.854e-1,4.600e+9,2.719e+2
234,5.398e+9,1.448e-1,5.398e+9,2.586e+2
234.1,6.287e+9,2.157e-2,6.287e+9,2.251e+2
234.2,7.111e+9,2.929e-3,7.111e+9,1.790e+2
234.3,7.712e+9,3.625e-4,7.712e+9,1.299e+2
234.4,7.984e+9,4.088e-5,7.984e+9,8.610e+1
234.5,7.894e+9,4.201e-6,7.894e+9,5.208e+1
234.6,7.479e+9,3.935e-7,7.479e+9,2.875e+1
234.7,6.815e+9,3.358e-8,6.815e+9,1.449e+1
234.8,5.988e+9,2.612e-9,5.988e+9,6.662e+0
234.9,5.083e+9,1.852e-10,5.083e+9,2.796e+0
235,4.182e+9,,4.182e+9,1.071e+0
235.1,3.371e+9,,3.371e+9,3.744e-1
235.2,2.730e+9,,2.730e+9,1.194e-1
235.3,2.320e+9,,2.320e+9,3.478e-2
235.4,2.169e+9,,2.169e+9,9.242e-3
235.5,2.267e+9,,2.267e+9,2.242e-3
235.6,2.564e+9,,2.564e+9,4.963e-4
235.7,2.982e+9,,2.982e+9,1.009e-4
235.8,3.421e+9,,3.421e+9,2.226e-5
235.9,3.787e+9,,3.787e+9,2.256e-5
236,4.012e+9,,4.012e+9,9.205e-5
236.1,4.073e+9,,4.073e+9,3.946e-4
236.2,3.988e+9,,3.988e+9,1.556e-3
236.3,3.798e+9,,3.798e+9,5.614e-3
236.4,3.552e+9,,3.552e+9,1.855e-2
236.5,3.287e+9,,3.287e+9,5.607e-2
236.6,3.028e+9,,3.028e+9,1.552e-1
236.7,2.797e+9,,2.797e+9,3.931e-1
236.8,2.616e+9,,2.616e+9,9.113e-1
236.9,2.509e+9,,2.509e+9,1.934e+0
237,2.494e+9,,2.494e+9,3.756e+0
237.1,2.579e+9,,2.579e+9,6.677e+0
237.2,2.768e+9,,2.768e+9,1.086e+1
237.3,3.076e+9,,3.076e+9,1.618e+1
237.4,3.551e+9,,3.551e+9,2.206e+1
237.5,4.285e+9,,4.285e+9,2.753e+1
237.6,5.400e+9,,5.400e+9,3.144e+1
237.7,6.983e+9,,6.983e+9,3.290e+1
237.8,9.008e+9,,9.008e+9,3.159e+1
237.9,1.127e+10,,1.127e+10,2.795e+1
238,1.340e+10,,1.340e+10,2.314e+1
238.1,1.494e+10,,1.494e+10,1.867e+1
238.2,1.552e+10,,1.552e+10,1.610e+1
238.3,1.502e+10,,1.502e+10,1.678e+1
238.4,1.360e+10,,1.360e+10,2.161e+1
238.5,1.163e+10,,1.163e+10,3.083e+1
238.6,9.579e+9,,9.579e+9,4.377e+1
238.7,7.809e+9,,7.809e+9,5.862e+1
238.8,6.540e+9,,6.540e+9,7.264e+1
238.9,5.847e+9,,5.847e+9,8.271e+1
239,5.726e+9,,5.726e+9,8.638e+1
239.1,6.141e+9,,6.141e+9,8.269e+1
239.2,7.023e+9,,7.023e+9,7.255e+1
239.3,8.240e+9,,8.240e+9,5.842e+1
239.4,9.568e+9,,9.568e+9,4.334e+1
239.5,1.072e+10,,1.072e+10,3.000e+1
239.6,1.143e+10,,1.143e+10,2.014e+1
239.7,1.155e+10,,1.155e+10,1.449e+1
239.8,1.111e+10,,1.111e+10,1.296e+1
239.9,1.032e+10,,1.032e+10,1.495e+1
240,9.468e+9,,9.468e+9,1.953e+1
240.1,8.828e+9,,8.828e+9,2.550e+1
240.2,8.548e+9,,8.548e+9,3.142e+1
240.3,8.620e+9,,8.620e+9,3.583e+1
240.4,8.911e+9,,8.911e+9,3.761e+1
240.5,9.239e+9,,9.239e+9,3.626e+1
240.6,9.453e+9,,9.453e+9,3.212e+1
240.7,9.479e+9,,9.479e+9,2.613e+1
240.8,9.314e+9,1.619e-10,9.314e+9,1.953e+1
240.9,8.982e+9,1.936e-9,8.982e+9,1.341e+1
241,8.493e+9,2.384e-8,8.493e+9,8.471e+0
241.1,7.835e+9,2.455e-7,7.835e+9,4.919e+0
241.2,6.996e+9,2.332e-6,6.996e+9,2.628e+0
241.3,5.992e+9,2.043e-5,5.992e+9,1.292e+0
241.4,4.893e+9,1.651e-4,4.893e+9,5.853e-1
241.5,3.800e+9,1.233e-3,3.800e+9,2.442e-1
241.6,2.821e+9,8.497e-3,2.821e+9,9.393e-2
241.7,2.037e+9,5.413e-2,2.037e+9,3.332e-2
241.8,1.481e+9,3.188e-1,1.481e+9,1.091e-2
241.9,1.145e+9,1.736e+0,1.145e+9,3.297e-3
242,9.926e+8,8.751e+0,9.926e+8,9.204e-4
242.1,9.724e+8,4.082e+1,9.724e+8,2.374e-4
242.2,1.033e+9,1.763e+2,1.033e+9,5.659e-5
242.3,1.130e+9,7.049e+2,1.130e+9,1.247e-5
242.4,1.233e+9,2.610e+3,1.233e+9,2.546e-6
242.5,1.326e+9,8.953e+3,1.326e+9,5.157e-7
242.6,1.405e+9,2.844e+4,1.405e+9,3.092e-7
242.7,1.475e+9,8.369e+4,1.475e+9,1.265e-6
242.8,1.541e+9,2.280e+5,1.541e+9,6.376e-6
242.9,1.603e+9,5.755e+5,1.602e+9,2.986e-5
243,1.657e+9,1.345e+6,1.655e+9,1.287e-4
243.1,1.694e+9,2.913e+6,1.691e+9,5.102e-4
243.2,1.709e+9,5.842e+6,1.703e+9,1.861e-3
243.3,1.698e+9,1.086e+7,1.687e+9,6.242e-3
243.4,1.662e+9,1.873e+7,1.643e+9,1.927e-2
243.5,1.607e+9,2.997e+7,1.577e+9,5.469e-2
243.6,1.542e+9,4.455e+7,1.498e+9,1.428e-1
243.7,1.477e+9,6.161e+7,1.415e+9,3.432e-1
243.8,1.421e+9,7.935e+7,1.342e+9,7.585e-1
243.9,1.386e+9,9.532e+7,1.290e+9,1.542e+0
244,1.380e+9,1.070e+8,1.273e+9,2.884e+0
244.1,1.411e+9,1.123e+8,1.299e+9,4.962e+0
244.2,1.476e+9,1.103e+8,1.366e+9,7.853e+0
244.3,1.559e+9,1.015e+8,1.457e+9,1.143e+1
244.4,1.632e+9,8.765e+7,1.544e+9,1.531e+1
244.5,1.663e+9,7.106e+7,1.592e+9,1.887e+1
244.6,1.628e+9,5.437e+7,1.574e+9,2.138e+1
244.7,1.519e+9,3.976e+7,1.480e+9,2.230e+1
244.8,1.350e+9,2.864e+7,1.322e+9,2.138e+1
244.9,1.151e+9,2.159e+7,1.129e+9,1.887e+1
245,9.566e+8,1.848e+7,9.382e+8,1.531e+1
245.1,7.998e+8,1.879e+7,7.810e+8,1.143e+1
245.2,7.022e+8,2.191e+7,6.803e+8,7.853e+0
245.3,6.743e+8,2.733e+7,6.469e+8,4.962e+0
245.4,7.169e+8,3.474e+7,6.822e+8,2.884e+0
245.5,8.240e+8,4.404e+7,7.800e+8,1.542e+0
245.6,9.839e+8,5.523e+7,9.287e+8,7.585e-1
245.7,1.180e+9,6.836e+7,1.112e+9,3.432e-1
245.8,1.391e+9,8.327e+7,1.308e+9,1.428e-1
245.9,1.594e+9,9.944e+7,1.495e+9,5.469e-2
246,1.766e+9,1.157e+8,1.650e+9,1.927e-2
246.1,1.888e+9,1.302e+8,1.758e+9,6.242e-3
246.2,1.952e+9,1.410e+8,1.811e+9,1.861e-3
246.3,1.956e+9,1.464e+8,1.810e+9,5.102e-4
246.4,1.911e+9,1.462e+8,1.765e+9,1.287e-4
246.5,1.829e+9,1.421e+8,1.687e+9,2.986e-5
246.6,1.728e+9,1.374e+8,1.591e+9,6.374e-6
246.7,1.625e+9,1.364e+8,1.488e+9,1.252e-6
246.8,1.531e+9,1.422e+8,1.389e+9,2.261e-7
246.9,1.453e+9,1.561e+8,1.297e+9,3.757e-8
247,1.391e+9,1.768e+8,1.214e+9,5.743e-9
247.1,1.341e+9,2.011e+8,1.140e+9,8.075e-10
247.2,1.298e+9,2.253e+8,1.072e+9,1.045e-10
247.3,1.261e+9,2.485e+8,1.013e+9,1.243e-11
247.4,1.240e+9,2.735e+8,9.662e+8,1.361e-12
247.5,1.248e+9,3.084e+8,9.398e+8,1.370e-13
247.6,1.305e+9,3.645e+8,9.405e+8,1.269e-14
247.7,1.425e+9,4.531e+8,9.715e+8,1.082e-15
247.8,1.610e+9,5.806e+8,1.030e+9,
247.9,1.850e+9,7.445e+8,1.106e+9,
248,2.117e+9,9.320e+8,1.185e+9,
248.1,2.378e+9,1.123e+9,1.255e+9,
248.2,2.603e+9,1.294e+9,1.309e+9,
248.3,2.780e+9,1.430e+9,1.351e+9,
248.4,2.919e+9,1.522e+9,1.397e+9,
248.5,3.050e+9,1.576e+9,1.473e+9,
248.6,3.208e+9,1.599e+9,1.609e+9,
248.7,3.420e+9,1.597e+9,1.823e+9,
248.8,3.686e+9,1.570e+9,2.116e+9,
248.9,3.971e+9,1.508e+9,2.463e+9,
249,4.218e+9,1.405e+9,2.812e+9,
249.1,4.359e+9,1.258e+9,3.101e+9,
249.2,4.344e+9,1.074e+9,3.270e+9,
249.3,4.157e+9,8.700e+8,3.287e+9,
249.4,3.825e+9,6.686e+8,3.156e+9,
249.5,3.405e+9,4.902e+8,2.915e+9,
249.6,2.967e+9,3.480e+8,2.619e+9,
249.7,2.571e+9,2.463e+8,2.324e+9,
249.8,2.247e+9,1.812e+8,2.066e+9,
249.9,2.001e+9,1.436e+8,1.857e+9,
250,1.814e+9,1.233e+8,1.690e+9,
250.1,1.661e+9,1.115e+8,1.550e+9,
250.2,1.524e+9,1.028e+8,1.421e+9,
250.3,1.391e+9,9.507e+7,1.296e+9,
250.4,1.263e+9,8.903e+7,1.174e+9,
250.5,1.150e+9,8.646e+7,1.064e+9,
250.6,1.064e+9,8.888e+7,9.752e+8,
250.7,1.016e+9,9.649e+7,9.190e+8,
250.8,1.009e+9,1.078e+8,9.008e+8,
250.9,1.037e+9,1.202e+8,9.172e+8,
251,1.087e+9,1.310e+8,9.557e+8,
251.1,1.136e+9,1.383e+8,9.976e+8,
251.2,1.167e+9,1.425e+8,1.024e+9,
251.3,1.170e+9,1.459e+8,1.024e+9,
251.4,1.149e+9,1.522e+8,9.971e+8,
251.5,1.121e+9,1.656e+8,9.556e+8,
251.6,1.109e+9,1.898e+8,9.191e+8,
251.7,1.137e+9,2.270e+8,9.096e+8,
251.8,1.223e+9,2.777e+8,9.455e+8,
251.9,1.379e+9,3.404e+8,1.038e+9,
252,1.602e+9,4.112e+8,1.191e+9,
252.1,1.880e+9,4.840e+8,1.396e+9,
252.2,2.188e+9,5.511e+8,1.637e+9,
252.3,2.492e+9,6.049e+8,1.888e+9,
252.4,2.760e+9,6.388e+8,2.121e+9,
252.5,2.961e+9,6.490e+8,2.312e+9,
252.6,3.081e+9,6.348e+8,2.446e+9,
252.7,3.123e+9,5.980e+8,2.525e+9,
252.8,3.106e+9,5.431e+8,2.562e+9,
252.9,3.062e+9,4.765e+8,2.586e+9,
253,3.029e+9,4.062e+8,2.623e+9,
253.1,3.037e+9,3.403e+8,2.697e+9,
253.2,3.108e+9,2.862e+8,2.822e+9,
253.3,3.244e+9,2.487e+8,2.995e+9,
253.4,3.429e+9,2.293e+8,3.199e+9,
253.5,3.631e+9,2.262e+8,3.405e+9,
253.6,3.810e+9,2.357e+8,3.574e+9,
253.7,3.923e+9,2.534e+8,3.670e+9,
253.8,3.938e+9,2.752e+8,3.663e+9,
253.9,3.841e+9,2.976e+8,3.544e+9,
254,3.642e+9,3.176e+8,3.324e+9,
254.1,3.369e+9,3.322e+8,3.036e+9,
254.2,3.064e+9,3.389e+8,2.725e+9,
254.3,2.772e+9,3.353e+8,2.436e+9,
254.4,2.525e+9,3.207e+8,2.204e+9,
254.5,2.340e+9,2.958e+8,2.044e+9,
254.6,2.212e+9,2.629e+8,1.950e+9,
254.7,2.120e+9,2.252e+8,1.894e+9,
254.8,2.031e+9,1.863e+8,1.845e+9,
254.9,1.916e+9,1.490e+8,1.767e+9,
255,1.758e+9,1.154e+8,1.643e+9,
255.1,1.558e+9,8.658e+7,1.471e+9,
255.2,1.334e+9,6.281e+7,1.271e+9,
255.3,1.120e+9,4.392e+7,1.076e+9,
255.4,9.573e+8,2.947e+7,9.279e+8,
255.5,8.828e+8,1.886e+7,8.639e+8,
255.6,9.261e+8,1.145e+7,9.147e+8,
255.7,1.102e+9,6.566e+6,1.096e+9,
255.8,1.405e+9,3.536e+6,1.401e+9,
255.9,1.805e+9,1.783e+6,1.803e+9,
256,2.246e+9,8.399e+5,2.245e+9,
256.1,2.655e+9,3.690e+5,2.654e+9,
256.2,2.957e+9,1.524e+5,2.957e+9,
256.3,3.093e+9,6.329e+4,3.093e+9,
256.4,3.041e+9,3.755e+4,3.041e+9,
256.5,2.817e+9,5.145e+4,2.817e+9,
256.6,2.473e+9,1.088e+5,2.472e+9,
256.7,2.074e+9,2.361e+5,2.074e+9,
256.8,1.688e+9,4.822e+5,1.687e+9,
256.9,1.361e+9,9.154e+5,1.360e+9,
257,1.117e+9,1.614e+6,1.116e+9,
257.1,9.599e+8,2.642e+6,9.573e+8,
257.2,8.770e+8,4.025e+6,8.730e+8,
257.3,8.500e+8,5.719e+6,8.443e+8,
257.4,8.611e+8,7.607e+6,8.535e+8,
257.5,8.981e+8,9.543e+6,8.886e+8,
257.6,9.588e+8,1.142e+7,9.474e+8,
257.7,1.052e+9,1.324e+7,1.038e+9,9.430e-16
257.8,1.195e+9,1.518e+7,1.180e+9,9.541e-15
257.9,1.412e+9,1.752e+7,1.394e+9,8.971e-14
258,1.720e+9,2.049e+7,1.700e+9,7.837e-13
258.1,2.122e+9,2.412e+7,2.098e+9,6.361e-12
258.2,2.593e+9,2.808e+7,2.565e+9,4.798e-11
258.3,3.079e+9,3.170e+7,3.047e+9,3.362e-10
258.4,3.508e+9,3.414e+7,3.474e+9,2.189e-9
258.5,3.807e+9,3.469e+7,3.772e+9,1.324e-8
258.6,3.929e+9,3.302e+7,3.896e+9,7.445e-8
258.7,3.879e+9,2.933e+7,3.849e+9,3.889e-7
258.8,3.715e+9,2.427e+7,3.691e+9,1.887e-6
258.9,3.550e+9,1.872e+7,3.532e+9,8.511e-6
259,3.529e+9,1.353e+7,3.516e+9,3.566e-5
259.1,3.803e+9,9.310e+6,3.793e+9,1.388e-4
259.2,4.499e+9,6.387e+6,4.492e+9,5.023e-4
259.3,5.686e+9,4.807e+6,5.681e+9,1.688e-3
259.4,7.338e+9,4.442e+6,7.333e+9,5.273e-3
259.5,9.309e+9,5.070e+6,9.304e+9,1.530e-2
259.6,1.133e+10,6.425e+6,1.133e+10,4.126e-2
259.7,1.307e+10,8.232e+6,1.306e+10,1.034e-1
259.8,1.418e+10,1.024e+7,1.417e+10,2.406e-1
259.9,1.445e+10,1.226e+7,1.444e+10,5.206e-1
260,1.385e+10,1.422e+7,1.384e+10,1.047e+0
260.1,1.256e+10,1.618e+7,1.255e+10,1.955e+0
260.2,1.089e+10,1.823e+7,1.087e+10,3.396e+0
260.3,9.203e+9,2.046e+7,9.182e+9,5.484e+0
260.4,7.787e+9,2.277e+7,7.764e+9,8.241e+0
260.5,6.813e+9,2.488e+7,6.788e+9,1.153e+1
260.6,6.313e+9,2.633e+7,6.287e+9,1.507e+1
260.7,6.215e+9,2.669e+7,6.188e+9,1.843e+1
260.8,6.393e+9,2.571e+7,6.368e+9,2.122e+1
260.9,6.708e+9,2.346e+7,6.684e+9,2.321e+1
261,7.026e+9,2.033e+7,7.005e+9,2.444e+1
261.1,7.235e+9,1.689e+7,7.218e+9,2.522e+1
261.2,7.254e+9,1.376e+7,7.240e+9,2.597e+1
261.3,7.041e+9,1.142e+7,7.029e+9,2.701e+1
261.4,6.601e+9,1.009e+7,6.591e+9,2.835e+1
261.5,5.988e+9,9.757e+6,5.978e+9,2.966e+1
261.6,5.285e+9,1.024e+7,5.275e+9,3.039e+1
261.7,4.585e+9,1.128e+7,4.573e+9,2.996e+1
261.8,3.971e+9,1.262e+7,3.958e+9,2.805e+1
261.9,3.506e+9,1.407e+7,3.492e+9,2.472e+1
262,3.230e+9,1.548e+7,3.214e+9,2.040e+1
262.1,3.162e+9,1.671e+7,3.145e+9,1.572e+1
262.2,3.307e+9,1.758e+7,3.289e+9,1.129e+1
262.3,3.651e+9,1.793e+7,3.633e+9,7.542e+0
262.4,4.165e+9,1.763e+7,4.148e+9,4.688e+0
262.5,4.799e+9,1.668e+7,4.782e+9,2.710e+0
262.6,5.482e+9,1.525e+7,5.467e+9,1.457e+0
262.7,6.127e+9,1.366e+7,6.113e+9,7.281e-1
262.8,6.636e+9,1.227e+7,6.624e+9,3.383e-1
262.9,6.918e+9,1.138e+7,6.906e+9,1.461e-1
263,6.902e+9,1.116e+7,6.891e+9,5.866e-2
263.1,6.560e+9,1.158e+7,6.548e+9,2.190e-2
263.2,5.916e+9,1.246e+7,5.903e+9,7.598e-3
263.3,5.047e+9,1.350e+7,5.034e+9,2.451e-3
263.4,4.064e+9,1.439e+7,4.050e+9,7.349e-4
263.5,3.086e+9,1.488e+7,3.071e+9,2.048e-4
263.6,2.210e+9,1.483e+7,2.195e+9,5.308e-5
263.7,1.497e+9,1.431e+7,1.483e+9,1.279e-5
263.8,9.654e+8,1.347e+7,9.520e+8,2.863e-6
263.9,5.995e+8,1.255e+7,5.869e+8,5.959e-7
264,3.656e+8,1.178e+7,3.538e+8,1.153e-7
264.1,2.252e+8,1.123e+7,2.140e+8,2.074e-8
264.2,1.448e+8,1.086e+7,1.339e+8,3.469e-9
264.3,9.990e+7,1.052e+7,8.939e+7,5.392e-10
264.4,7.485e+7,1.000e+7,6.485e+7,7.792e-11
264.5,6.069e+7,9.197e+6,5.150e+7,1.047e-11
264.6,5.269e+7,8.092e+6,4.460e+7,1.307e-12
264.7,4.829e+7,6.803e+6,4.149e+7,1.517e-13
264.8,4.600e+7,5.521e+6,4.048e+7,1.637e-14
264.9,4.477e+7,4.450e+6,4.032e+7,1.642e-15
265,4.392e+7,3.739e+6,4.018e+7,
265.1,4.311e+7,3.445e+6,3.966e+7,
265.2,4.241e+7,3.528e+6,3.888e+7,
265.3,4.231e+7,3.867e+6,3.845e+7,
265.4,4.372e+7,4.296e+6,3.942e+7,
265.5,4.803e+7,4.656e+6,4.337e+7,
265.6,5.727e+7,4.835e+6,5.243e+7,
265.7,7.415e+7,4.810e+6,6.934e+7,
265.8,1.019e+8,4.652e+6,9.722e+7,
265.9,1.434e+8,4.516e+6,1.389e+8,
266,2.005e+8,4.593e+6,1.959e+8,
266.1,2.718e+8,5.057e+6,2.667e+8,
266.2,3.522e+8,6.001e+6,3.462e+8,2.484e-16
266.3,4.327e+8,7.396e+6,4.253e+8,2.327e-15
266.4,5.016e+8,9.075e+6,4.925e+8,2.043e-14
266.5,5.471e+8,1.076e+7,5.364e+8,1.668e-13
266.6,5.610e+8,1.214e+7,5.488e+8,1.272e-12
266.7,5.404e+8,1.293e+7,5.275e+8,9.054e-12
266.8,4.892e+8,1.301e+7,4.762e+8,6.017e-11
266.9,4.166e+8,1.242e+7,4.041e+8,3.733e-10
267,3.341e+8,1.141e+7,3.227e+8,2.162e-9
267.1,2.534e+8,1.034e+7,2.430e+8,1.169e-8
267.2,1.830e+8,9.622e+6,1.733e+8,5.905e-8
267.3,1.278e+8,9.575e+6,1.182e+8,2.784e-7
267.4,8.927e+7,1.034e+7,7.892e+7,1.226e-6
267.5,6.623e+7,1.185e+7,5.438e+7,5.040e-6
267.6,5.644e+7,1.378e+7,4.266e+7,1.935e-5
267.7,5.749e+7,1.570e+7,4.179e+7,6.939e-5
267.8,6.737e+7,1.713e+7,5.024e+7,2.324e-4
267.9,8.440e+7,1.771e+7,6.669e+7,7.271e-4
268,1.069e+8,1.734e+7,8.960e+7,2.125e-3
268.1,1.329e+8,1.614e+7,1.167e+8,5.804e-3
268.2,1.595e+8,1.448e+7,1.450e+8,1.481e-2
268.3,1.837e+8,1.282e+7,1.709e+8,3.532e-2
268.4,2.028e+8,1.152e+7,1.913e+8,7.874e-2
268.5,2.153e+8,1.079e+7,2.045e+8,1.641e-1
268.6,2.215e+8,1.061e+7,2.109e+8,3.200e-1
268.7,2.236e+8,1.075e+7,2.129e+8,5.839e-1
268.8,2.246e+8,1.089e+7,2.137e+8,9.970e-1
268.9,2.268e+8,1.075e+7,2.161e+8,1.594e+0
269,2.313e+8,1.013e+7,2.211e+8,2.389e+0
269.1,2.366e+8,9.032e+6,2.275e+8,3.358e+0
269.2,2.399e+8,7.584e+6,2.323e+8,4.432e+0
269.3,2.382e+8,6.005e+6,2.322e+8,5.497e+0
269.4,2.299e+8,4.533e+6,2.253e+8,6.420e+0
269.5,2.156e+8,3.368e+6,2.122e+8,7.074e+0
269.6,1.984e+8,2.651e+6,1.958e+8,7.375e+0
269.7,1.828e+8,2.470e+6,1.803e+8,7.299e+0
269.8,1.734e+8,2.890e+6,1.705e+8,6.891e+0
269.9,1.736e+8,3.972e+6,1.696e+8,6.242e+0
270,1.845e+8,5.774e+6,1.787e+8,5.464e+0
270.1,2.050e+8,8.328e+6,1.967e+8,4.663e+0
270.2,2.325e+8,1.160e+7,2.209e+8,3.917e+0
270.3,2.640e+8,1.543e+7,2.485e+8,3.269e+0
270.4,2.980e+8,1.955e+7,2.784e+8,2.730e+0
270.5,3.355e+8,2.361e+7,3.119e+8,2.291e+0
270.6,3.803e+8,2.730e+7,3.530e+8,1.931e+0
270.7,4.378e+8,3.052e+7,4.073e+8,1.630e+0
270.8,5.126e+8,3.363e+7,4.789e+8,1.368e+0
270.9,6.062e+8,3.760e+7,5.686e+8,1.135e+0
271,7.149e+8,4.413e+7,6.708e+8,9.218e-1
271.1,8.293e+8,5.552e+7,7.738e+8,7.287e-1
271.2,9.360e+8,7.429e+7,8.617e+8,5.567e-1
271.3,1.021e+9,1.025e+8,9.180e+8,4.086e-1
271.4,1.072e+9,1.410e+8,9.311e+8,2.866e-1
271.5,1.086e+9,1.883e+8,8.975e+8,1.913e-1
271.6,1.064e+9,2.405e+8,8.236e+8,1.210e-1
271.7,1.015e+9,2.913e+8,7.241e+8,7.238e-2
271.8,9.526e+8,3.335e+8,6.191e+8,4.081e-2
271.9,8.891e+8,3.603e+8,5.289e+8,2.165e-2
272,8.378e+8,3.672e+8,4.706e+8,1.079e-2
272.1,8.087e+8,3.536e+8,4.551e+8,5.050e-3
272.2,8.082e+8,3.222e+8,4.860e+8,2.216e-3
272.3,8.377e+8,2.788e+8,5.589e+8,9.113e-4
272.4,8.927e+8,2.302e+8,6.625e+8,3.510e-4
272.5,9.631e+8,1.832e+8,7.799e+8,1.266e-4
272.6,1.035e+9,1.429e+8,8.924e+8,4.274e-5
272.7,1.096e+9,1.126e+8,9.834e+8,1.350e-5
272.8,1.138e+9,9.385e+7,1.044e+9,3.991e-6
272.9,1.164e+9,8.628e+7,1.078e+9,1.104e-6
273,1.191e+9,8.843e+7,1.103e+9,2.855e-7
273.1,1.248e+9,9.784e+7,1.151e+9,6.908e-8
273.2,1.373e+9,1.115e+8,1.261e+9,1.563e-8
273.3,1.602e+9,1.262e+8,1.476e+9,3.308e-9
273.4,1.965e+9,1.392e+8,1.826e+9,6.548e-10
273.5,2.471e+9,1.484e+8,2.323e+9,1.212e-10
273.6,3.109e+9,1.530e+8,2.956e+9,2.097e-11
273.7,3.844e+9,1.532e+8,3.690e+9,3.394e-12
273.8,4.628e+9,1.501e+8,4.477e+9,5.135e-13
273.9,5.413e+9,1.449e+8,5.268e+9,7.265e-14
274,6.165e+9,1.387e+8,6.026e+9,9.608e-15
274.1,6.869e+9,1.318e+8,6.737e+9,1.188e-15
274.2,7.528e+9,1.244e+8,7.404e+9,1.373e-16
274.3,8.149e+9,1.163e+8,8.033e+9,1.230e-17
274.4,8.724e+9,1.075e+8,8.617e+9,
274.5,9.222e+9,9.857e+7,9.123e+9,
274.6,9.588e+9,8.987e+7,9.498e+9,
274.7,9.763e+9,8.197e+7,9.681e+9,
274.8,9.708e+9,7.514e+7,9.633e+9,
274.9,9.426e+9,6.930e+7,9.357e+9,
275,8.964e+9,6.419e+7,8.900e+9,
275.1,8.401e+9,5.947e+7,8.342e+9,
275.2,7.815e+9,5.497e+7,7.760e+9,
275.3,7.258e+9,5.070e+7,7.208e+9,
275.4,6.738e+9,4.681e+7,6.691e+9,
275.5,6.224e+9,4.344e+7,6.180e+9,
275.6,5.669e+9,4.069e+7,5.628e+9,
275.7,5.038e+9,3.853e+7,5.000e+9,
275.8,4.330e+9,3.685e+7,4.293e+9,
275.9,3.577e+9,3.550e+7,3.542e+9,
276,2.838e+9,3.434e+7,2.804e+9,
276.1,2.174e+9,3.325e+7,2.140e+9,
276.2,1.631e+9,3.214e+7,1.599e+9,
276.3,1.232e+9,3.100e+7,1.201e+9,
276.4,9.688e+8,2.981e+7,9.390e+8,
276.5,8.167e+8,2.855e+7,7.882e+8,
276.6,7.391e+8,2.719e+7,7.120e+8,
276.7,6.994e+8,2.564e+7,6.738e+8,
276.8,6.680e+8,2.382e+7,6.442e+8,
276.9,6.268e+8,2.172e+7,6.050e+8,
277,5.693e+8,1.941e+7,5.498e+8,
277.1,4.991e+8,1.709e+7,4.820e+8,
277.2,4.256e+8,1.503e+7,4.106e+8,
277.3,3.599e+8,1.348e+7,3.464e+8,
277.4,3.105e+8,1.258e+7,2.979e+8,
277.5,2.818e+8,1.236e+7,2.695e+8,
277.6,2.737e+8,1.274e+7,2.609e+8,
277.7,2.824e+8,1.363e+7,2.688e+8,
277.8,3.026e+8,1.504e+7,2.876e+8,
277.9,3.285e+8,1.716e+7,3.113e+8,
278,3.550e+8,2.041e+7,3.346e+8,
278.1,3.779e+8,2.528e+7,3.526e+8,
278.2,3.940e+8,3.216e+7,3.618e+8,
278.3,4.005e+8,4.110e+7,3.594e+8,
278.4,3.957e+8,5.156e+7,3.442e+8,
278.5,3.791e+8,6.241e+7,3.167e+8,
278.6,3.514e+8,7.202e+7,2.794e+8,
278.7,3.152e+8,7.870e+7,2.365e+8,
278.8,2.740e+8,8.111e+7,1.929e+8,
278.9,2.318e+8,7.866e+7,1.532e+8,
279,1.924e+8,7.170e+7,1.207e+8,
279.1,1.583e+8,6.140e+7,9.694e+7,
279.2,1.309e+8,4.941e+7,8.148e+7,
279.3,1.101e+8,3.741e+7,7.268e+7,
279.4,9.502e+7,2.676e+7,6.826e+7,
279.5,8.431e+7,1.831e+7,6.600e+7,
279.6,7.651e+7,1.238e+7,6.414e+7,
279.7,7.044e+7,8.900e+6,6.154e+7,
279.8,6.528e+7,7.605e+6,5.768e+7,
279.9,6.064e+7,8.137e+6,5.251e+7,
280,5.645e+7,1.013e+7,4.631e+7,
280.1,5.280e+7,1.323e+7,3.957e+7,
280.2,4.987e+7,1.705e+7,3.282e+7,
280.3,4.780e+7,2.123e+7,2.657e+7,
280.4,4.663e+7,2.539e+7,2.124e+7,
280.5,4.630e+7,2.927e+7,1.703e+7,
280.6,4.671e+7,3.274e+7,1.397e+7,
280.7,4.771e+7,3.579e+7,1.192e+7,
280.8,4.911e+7,3.847e+7,1.064e+7,
280.9,5.065e+7,4.082e+7,9.830e+6,
281,5.196e+7,4.271e+7,9.247e+6,
281.1,5.259e+7,4.388e+7,8.717e+6,
281.2,5.211e+7,4.396e+7,8.155e+6,
281.3,5.021e+7,4.266e+7,7.549e+6,
281.4,4.684e+7,3.991e+7,6.930e+6,
281.5,4.230e+7,3.596e+7,6.333e+6,
281.6,3.716e+7,3.137e+7,5.790e+6,
281.7,3.216e+7,2.682e+7,5.336e+6,
281.8,2.805e+7,2.301e+7,5.037e+6,
281.9,2.544e+7,2.041e+7,5.033e+6,
282,2.476e+7,1.918e+7,5.577e+6,
282.1,2.627e+7,1.920e+7,7.063e+6,
282.2,3.017e+7,2.013e+7,1.004e+7,
282.3,3.670e+7,2.154e+7,1.516e+7,
282.4,4.621e+7,2.305e+7,2.315e+7,3.758e-19
282.5,5.903e+7,2.441e+7,3.463e+7,7.388e-18
282.6,7.543e+7,2.550e+7,4.993e+7,5.731e-17
282.7,9.527e+7,2.635e+7,6.892e+7,4.182e-16
282.8,1.179e+8,2.700e+7,9.091e+7,2.871e-15
282.9,1.421e+8,2.746e+7,1.146e+8,1.854e-14
283,1.661e+8,2.766e+7,1.384e+8,1.126e-13
283.1,1.881e+8,2.749e+7,1.607e+8,6.435e-13
283.2,2.069e+8,2.684e+7,1.800e+8,3.459e-12
283.3,2.216e+8,2.569e+7,1.959e+8,1.749e-11
283.4,2.324e+8,2.414e+7,2.083e+8,8.318e-11
283.5,2.400e+8,2.244e+7,2.176e+8,3.722e-10
283.6,2.453e+8,2.090e+7,2.244e+8,1.566e-9
283.7,2.489e+8,1.982e+7,2.291e+8,6.201e-9
283.8,2.507e+8,1.941e+7,2.313e+8,2.309e-8
283.9,2.502e+8,1.974e+7,2.305e+8,8.090e-8
284,2.467e+8,2.069e+7,2.260e+8,2.666e-7
284.1,2.397e+8,2.201e+7,2.177e+8,8.264e-7
284.2,2.292e+8,2.334e+7,2.059e+8,2.410e-6
284.3,2.158e+8,2.436e+7,1.915e+8,6.610e-6
284.4,2.007e+8,2.484e+7,1.759e+8,1.706e-5
284.5,1.851e+8,2.471e+7,1.604e+8,4.140e-5
284.6,1.700e+8,2.408e+7,1.459e+8,9.453e-5
284.7,1.563e+8,2.317e+7,1.332e+8,2.030e-4
284.8,1.448e+8,2.219e+7,1.226e+8,4.102e-4
284.9,1.360e+8,2.127e+7,1.147e+8,7.796e-4
285,1.306e+8,2.040e+7,1.102e+8,1.394e-3
285.1,1.289e+8,1.945e+7,1.095e+8,2.344e-3
285.2,1.312e+8,1.822e+7,1.129e+8,3.708e-3
285.3,1.367e+8,1.659e+7,1.201e+8,5.518e-3
285.4,1.442e+8,1.452e+7,1.296e+8,7.724e-3
285.5,1.514e+8,1.214e+7,1.393e+8,1.017e-2
285.6,1.560e+8,9.636e+6,1.464e+8,1.260e-2
285.7,1.559e+8,7.236e+6,1.486e+8,1.468e-2
285.8,1.497e+8,5.129e+6,1.446e+8,1.609e-2
285.9,1.376e+8,3.427e+6,1.342e+8,1.659e-2
286,1.208e+8,2.156e+6,1.187e+8,1.609e-2
286.1,1.016e+8,1.277e+6,1.003e+8,1.468e-2
286.2,8.252e+7,7.114e+5,8.181e+7,1.260e-2
286.3,6.612e+7,3.729e+5,6.575e+7,1.017e-2
286.4,5.433e+7,1.838e+5,5.414e+7,7.724e-3
286.5,4.830e+7,8.521e+4,4.822e+7,5.518e-3
286.6,4.844e+7,3.715e+4,4.840e+7,3.708e-3
286.7,5.438e+7,1.524e+4,5.437e+7,2.344e-3
286.8,6.513e+7,5.885e+3,6.512e+7,1.394e-3
286.9,7.910e+7,2.166e+3,7.910e+7,7.796e-4
287,9.430e+7,8.370e+2,9.430e+7,4.102e-4
287.1,1.085e+8,5.497e+2,1.085e+8,2.030e-4
287.2,1.197e+8,9.250e+2,1.197e+8,9.453e-5
287.3,1.263e+8,2.194e+3,1.263e+8,4.140e-5
287.4,1.278e+8,5.219e+3,1.278e+8,1.706e-5
287.5,1.244e+8,1.180e+4,1.244e+8,6.610e-6
287.6,1.173e+8,2.518e+4,1.173e+8,2.410e-6
287.7,1.084e+8,5.078e+4,1.084e+8,8.264e-7
287.8,9.939e+7,9.679e+4,9.930e+7,2.666e-7
287.9,9.165e+7,1.746e+5,9.148e+7,8.090e-8
288,8.584e+7,2.985e+5,8.554e+7,2.309e-8
288.1,8.182e+7,4.847e+5,8.134e+7,6.201e-9
288.2,7.887e+7,7.494e+5,7.812e+7,1.566e-9
288.3,7.597e+7,1.107e+6,7.486e+7,3.722e-10
288.4,7.226e+7,1.568e+6,7.069e+7,8.318e-11
288.5,6.732e+7,2.139e+6,6.518e+7,1.749e-11
288.6,6.132e+7,2.824e+6,5.850e+7,3.459e-12
288.7,5.496e+7,3.625e+6,5.133e+7,6.435e-13
288.8,4.921e+7,4.538e+6,4.467e+7,1.126e-13
288.9,4.504e+7,5.556e+6,3.948e+7,1.854e-14
289,4.306e+7,6.659e+6,3.640e+7,2.871e-15
289.1,4.341e+7,7.809e+6,3.560e+7,4.182e-16
289.2,4.563e+7,8.950e+6,3.668e+7,5.731e-17
289.3,4.884e+7,1.002e+7,3.883e+7,7.388e-18
289.4,5.197e+7,1.094e+7,4.103e+7,8.958e-19
289.5,5.398e+7,1.165e+7,4.232e+7,
289.6,5.413e+7,1.213e+7,4.200e+7,
289.7,5.214e+7,1.236e+7,3.979e+7,
289.8,4.818e+7,1.234e+7,3.584e+7,
289.9,4.276e+7,1.212e+7,3.064e+7,
290,3.658e+7,1.171e+7,2.487e+7,
290.1,3.037e+7,1.118e+7,1.918e+7,
290.2,2.468e+7,1.057e+7,1.411e+7,
290.3,1.990e+7,9.934e+6,9.966e+6,
290.4,1.616e+7,9.314e+6,6.841e+6,
290.5,1.342e+7,8.753e+6,4.664e+6,
290.6,1.154e+7,8.277e+6,3.265e+6,
290.7,1.035e+7,7.909e+6,2.439e+6,
290.8,9.680e+6,7.682e+6,1.997e+6,
290.9,9.449e+6,7.661e+6,1.787e+6,
291,9.651e+6,7.945e+6,1.706e+6,
291.1,1.036e+7,8.663e+6,1.699e+6,
291.2,1.170e+7,9.944e+6,1.761e+6,
291.3,1.382e+7,1.188e+7,1.940e+6,
291.4,1.683e+7,1.448e+7,2.352e+6,
291.5,2.085e+7,1.766e+7,3.198e+6,
291.6,2.603e+7,2.124e+7,4.791e+6,
291.7,3.255e+7,2.498e+7,7.564e+6,
291.8,4.070e+7,2.865e+7,1.205e+7,
291.9,5.082e+7,3.199e+7,1.883e+7,
292,6.319e+7,3.486e+7,2.833e+7,
292.1,7.781e+7,3.712e+7,4.070e+7,
292.2,9.425e+7,3.873e+7,5.552e+7,
292.3,1.114e+8,3.968e+7,7.174e+7,
292.4,1.277e+8,4.000e+7,8.766e+7,
292.5,1.410e+8,3.976e+7,1.012e+8,
292.6,1.494e+8,3.907e+7,1.103e+8,
292.7,1.515e+8,3.804e+7,1.135e+8,
292.8,1.471e+8,3.685e+7,1.103e+8,
292.9,1.368e+8,3.571e+7,1.011e+8,
293,1.225e+8,3.486e+7,8.763e+7,
293.1,1.065e+8,3.452e+7,7.195e+7,
293.2,9.110e+7,3.479e+7,5.631e+7,
293.3,7.832e+7,3.564e+7,4.268e+7,
293.4,6.931e+7,3.681e+7,3.250e+7,
293.5,6.456e+7,3.791e+7,2.664e+7,
293.6,6.405e+7,3.848e+7,2.556e+7,
293.7,6.758e+7,3.818e+7,2.939e+7,
293.8,7.498e+7,3.693e+7,3.806e+7,
293.9,8.622e+7,3.495e+7,5.127e+7,
294,1.013e+8,3.280e+7,6.849e+7,
294.1,1.200e+8,3.114e+7,8.882e+7,
294.2,1.416e+8,3.061e+7,1.110e+8,
294.3,1.651e+8,3.162e+7,1.335e+8,
294.4,1.889e+8,3.422e+7,1.546e+8,
294.5,2.109e+8,3.811e+7,1.728e+8,
294.6,2.295e+8,4.274e+7,1.867e+8,
294.7,2.431e+8,4.746e+7,1.957e+8,
294.8,2.510e+8,5.170e+7,1.993e+8,
294.9,2.532e+8,5.509e+7,1.981e+8,
295,2.499e+8,5.749e+7,1.925e+8,
295.1,2.421e+8,5.893e+7,1.832e+8,
295.2,2.305e+8,5.955e+7,1.710e+8,
295.3,2.158e+8,5.949e+7,1.563e+8,
295.4,1.984e+8,5.888e+7,1.396e+8,
295.5,1.792e+8,5.788e+7,1.213e+8,
295.6,1.588e+8,5.672e+7,1.021e+8,
295.7,1.387e+8,5.577e+7,8.297e+7,
295.8,1.204e+8,5.558e+7,6.484e+7,
295.9,1.055e+8,5.681e+7,4.870e+7,
296,9.537e+7,6.008e+7,3.529e+7,
296.1,9.087e+7,6.584e+7,2.503e+7,
296.2,9.216e+7,7.419e+7,1.796e+7,
296.3,9.858e+7,8.475e+7,1.383e+7,
296.4,1.088e+8,9.669e+7,1.214e+7,
296.5,1.211e+8,1.088e+8,1.231e+7,
296.6,1.335e+8,1.199e+8,1.368e+7,
296.7,1.443e+8,1.286e+8,1.562e+7,
296.8,1.519e+8,1.343e+8,1.755e+7,
296.9,1.555e+8,1.365e+8,1.906e+7,
297,1.551e+8,1.351e+8,1.993e+7,3.246e-17
297.1,1.508e+8,1.305e+8,2.029e+7,1.062e-15
297.2,1.438e+8,1.232e+8,2.066e+7,7.561e-15
297.3,1.358e+8,1.138e+8,2.199e+7,5.095e-14
297.4,1.291e+8,1.033e+8,2.572e+7,3.249e-13
297.5,1.265e+8,9.278e+7,3.370e+7,1.960e-12
297.6,1.313e+8,8.328e+7,4.804e+7,1.119e-11
297.7,1.466e+8,7.583e+7,7.081e+7,6.047e-11
297.8,1.746e+8,7.109e+7,1.036e+8,3.091e-10
297.9,2.158e+8,6.920e+7,1.466e+8,1.495e-9
298,2.684e+8,6.972e+7,1.987e+8,6.846e-9
298.1,3.278e+8,7.174e+7,2.560e+8,2.966e-8
298.2,3.871e+8,7.410e+7,3.130e+8,1.216e-7
298.3,4.385e+8,7.572e+7,3.627e+8,4.720e-7
298.4,4.740e+8,7.595e+7,3.981e+8,1.734e-6
298.5,4.883e+8,7.466e+7,4.137e+8,6.028e-6
298.6,4.793e+8,7.235e+7,4.069e+8,1.985e-5
298.7,4.488e+8,6.988e+7,3.790e+8,6.187e-5
298.8,4.024e+8,6.824e+7,3.341e+8,1.827e-4
298.9,3.472e+8,6.821e+7,2.790e+8,5.115e-4
299,2.911e+8,7.015e+7,2.210e+8,1.357e-3
299.1,2.405e+8,7.394e+7,1.665e+8,3.418e-3
299.2,1.995e+8,7.908e+7,1.205e+8,8.177e-3
299.3,1.703e+8,8.484e+7,8.548e+7,1.861e-2
299.4,1.529e+8,9.055e+7,6.239e+7,4.034e-2
299.5,1.463e+8,9.567e+7,5.064e+7,8.350e-2
299.6,1.487e+8,9.986e+7,4.880e+7,1.655e-1
299.7,1.579e+8,1.029e+8,5.498e+7,3.149e-1
299.8,1.716e+8,1.046e+8,6.698e+7,5.775e-1
299.9,1.871e+8,1.048e+8,8.231e+7,1.024e+0
300,2.017e+8,1.034e+8,9.828e+7,1.759e+0
300.1,2.126e+8,1.004e+8,1.122e+8,2.935e+0
300.2,2.176e+8,9.594e+7,1.216e+8,4.760e+0
300.3,2.155e+8,9.058e+7,1.249e+8,7.500e+0
300.4,2.064e+8,8.491e+7,1.215e+8,1.145e+1
300.5,1.913e+8,7.950e+7,1.118e+8,1.691e+1
300.6,1.721e+8,7.479e+7,9.729e+7,2.405e+1
300.7,1.511e+8,7.100e+7,8.012e+7,3.284e+1
300.8,1.307e+8,6.827e+7,6.243e+7,4.295e+1
300.9,1.129e+8,6.688e+7,4.602e+7,5.362e+1
301,9.954e+7,6.745e+7,3.209e+7,6.380e+1
301.1,9.231e+7,7.114e+7,2.117e+7,7.221e+1
301.2,9.278e+7,7.957e+7,1.321e+7,7.764e+1
301.3,1.023e+8,9.450e+7,7.802e+6,7.922e+1
301.4,1.217e+8,1.173e+8,4.358e+6,7.666e+1
301.5,1.508e+8,1.485e+8,2.303e+6,7.031e+1
301.6,1.881e+8,1.870e+8,1.151e+6,6.109e+1
301.7,2.304e+8,2.298e+8,5.447e+5,5.028e+1
301.8,2.729e+8,2.727e+8,2.439e+5,3.919e+1
301.9,3.103e+8,3.102e+8,1.036e+5,2.892e+1
302,3.374e+8,3.374e+8,4.232e+4,2.020e+1
302.1,3.504e+8,3.504e+8,1.809e+4,1.336e+1
302.2,3.477e+8,3.477e+8,1.126e+4,8.362e+0
302.3,3.300e+8,3.300e+8,1.429e+4,4.954e+0
302.4,3.002e+8,3.002e+8,2.637e+4,2.778e+0
302.5,2.627e+8,2.627e+8,5.091e+4,1.474e+0
302.6,2.220e+8,2.219e+8,9.467e+4,7.406e-1
302.7,1.823e+8,1.821e+8,1.672e+5,3.521e-1
302.8,1.465e+8,1.462e+8,2.798e+5,1.584e-1
302.9,1.165e+8,1.161e+8,4.436e+5,6.747e-2
303,9.302e+7,9.235e+7,6.662e+5,2.719e-2
303.1,7.585e+7,7.490e+7,9.479e+5,1.037e-2
303.2,6.424e+7,6.296e+7,1.278e+6,3.745e-3
303.3,5.706e+7,5.543e+7,1.632e+6,1.280e-3
303.4,5.303e+7,5.106e+7,1.976e+6,4.138e-4
303.5,5.088e+7,4.861e+7,2.270e+6,1.266e-4
303.6,4.949e+7,4.701e+7,2.476e+6,3.668e-5
303.7,4.807e+7,4.550e+7,2.572e+6,1.005e-5
303.8,4.629e+7,4.374e+7,2.554e+6,2.608e-6
303.9,4.424e+7,4.180e+7,2.446e+6,6.404e-7
304,4.238e+7,4.009e+7,2.288e+6,1.488e-7
304.1,4.134e+7,3.920e+7,2.135e+6,3.273e-8
304.2,4.168e+7,3.964e+7,2.040e+6,6.812e-9
304.3,4.370e+7,4.165e+7,2.043e+6,1.342e-9
304.4,4.726e+7,4.510e+7,2.162e+6,2.502e-10
304.5,5.186e+7,4.947e+7,2.391e+6,4.414e-11
304.6,5.671e+7,5.401e+7,2.702e+6,7.371e-12
304.7,6.105e+7,5.799e+7,3.058e+6,1.165e-12
304.8,6.431e+7,6.089e+7,3.420e+6,1.742e-13
304.9,6.639e+7,6.262e+7,3.764e+6,2.466e-14
305,6.759e+7,6.350e+7,4.093e+6,3.304e-15
305.1,6.860e+7,6.416e+7,4.435e+6,
305.2,7.016e+7,6.531e+7,4.850e+6,
305.3,7.286e+7,6.744e+7,5.412e+6,
305.4,7.683e+7,7.063e+7,6.202e+6,
305.5,8.175e+7,7.447e+7,7.277e+6,
305.6,8.684e+7,7.818e+7,8.654e+6,
305.7,9.114e+7,8.085e+7,1.028e+7,
305.8,9.375e+7,8.170e+7,1.205e+7,
305.9,9.409e+7,8.034e+7,1.375e+7,
306,9.202e+7,7.686e+7,1.516e+7,
306.1,8.785e+7,7.177e+7,1.609e+7,
306.2,8.218e+7,6.582e+7,1.637e+7,
306.3,7.573e+7,5.976e+7,1.598e+7,
306.4,6.915e+7,5.414e+7,1.501e+7,
306.5,6.293e+7,4.923e+7,1.370e+7,
306.6,5.734e+7,4.501e+7,1.234e+7,
306.7,5.258e+7,4.131e+7,1.126e+7,
306.8,4.875e+7,3.795e+7,1.079e+7,
306.9,4.600e+7,3.485e+7,1.116e+7,
307,4.450e+7,3.201e+7,1.248e+7,
307.1,4.433e+7,2.957e+7,1.476e+7,
307.2,4.544e+7,2.761e+7,1.783e+7,
307.3,4.756e+7,2.617e+7,2.139e+7,
307.4,5.018e+7,2.516e+7,2.502e+7,
307.5,5.266e+7,2.442e+7,2.824e+7,
307.6,5.432e+7,2.376e+7,3.057e+7,
307.7,5.464e+7,2.300e+7,3.164e+7,
307.8,5.333e+7,2.208e+7,3.125e+7,
307.9,5.044e+7,2.101e+7,2.943e+7,
308,4.625e+7,1.983e+7,2.641e+7,
308.1,4.122e+7,1.864e+7,2.258e+7,
308.2,3.587e+7,1.749e+7,1.838e+7,
308.3,3.063e+7,1.638e+7,1.425e+7,
308.4,2.585e+7,1.533e+7,1.051e+7,
308.5,2.172e+7,1.433e+7,7.385e+6,
308.6,1.835e+7,1.342e+7,4.938e+6,
308.7,1.578e+7,1.264e+7,3.143e+6,
308.8,1.401e+7,1.210e+7,1.904e+6,
308.9,1.302e+7,1.193e+7,1.098e+6,
309,1.284e+7,1.224e+7,6.024e+5,
309.1,1.347e+7,1.316e+7,3.145e+5,
309.2,1.495e+7,1.479e+7,1.562e+5,
309.3,1.728e+7,1.721e+7,7.383e+4,
309.4,2.041e+7,2.038e+7,3.319e+4,
309.5,2.420e+7,2.418e+7,1.419e+4,
309.6,2.833e+7,2.833e+7,5.770e+3,
309.7,3.239e+7,3.239e+7,2.231e+3,
309.8,3.585e+7,3.585e+7,8.201e+2,
309.9,3.817e+7,3.817e+7,2.865e+2,
310,3.895e+7,3.895e+7,9.516e+1,
310.1,3.797e+7,3.797e+7,3.003e+1,
310.2,3.531e+7,3.531e+7,9.008e+0,
310.3,3.127e+7,3.127e+7,2.567e+0,
310.4,2.636e+7,2.636e+7,6.947e-1,
310.5,2.114e+7,2.114e+7,1.786e-1,
310.6,1.613e+7,1.613e+7,4.362e-2,
310.7,1.172e+7,1.172e+7,1.012e-2,
310.8,8.127e+6,8.127e+6,2.228e-3,
310.9,5.414e+6,5.414e+6,4.658e-4,
311,3.523e+6,3.523e+6,9.247e-5,
311.1,2.326e+6,2.326e+6,1.743e-5,
311.2,1.668e+6,1.668e+6,3.118e-6,
311.3,1.402e+6,1.402e+6,5.295e-7,
311.4,1.405e+6,1.405e+6,8.538e-8,
311.5,1.577e+6,1.577e+6,1.332e-8,
311.6,1.844e+6,1.844e+6,9.356e-9,
311.7,2.151e+6,2.151e+6,4.850e-8,
311.8,2.460e+6,2.460e+6,2.975e-7,
311.9,2.747e+6,2.747e+6,1.738e-6,
312,3.003e+6,3.003e+6,9.671e-6,
312.1,3.225e+6,3.225e+6,5.125e-5,
312.2,3.419e+6,3.419e+6,2.585e-4,
312.3,3.588e+6,3.588e+6,1.242e-3,
312.4,3.737e+6,3.737e+6,5.680e-3,
312.5,3.867e+6,3.867e+6,2.473e-2,
312.6,3.976e+6,3.976e+6,1.025e-1,
312.7,4.064e+6,4.064e+6,4.042e-1,
312.8,4.128e+6,4.128e+6,1.518e+0,
312.9,4.166e+6,4.166e+6,5.423e+0,
313,4.174e+6,4.174e+6,1.844e+1,
313.1,4.148e+6,4.148e+6,5.966e+1,
313.2,4.087e+6,4.086e+6,1.837e+2,
313.3,4.000e+6,3.999e+6,5.382e+2,
313.4,3.911e+6,3.910e+6,1.500e+3,
313.5,3.861e+6,3.857e+6,3.978e+3,
313.6,3.898e+6,3.888e+6,1.004e+4,
313.7,4.075e+6,4.051e+6,2.409e+4,
313.8,4.430e+6,4.375e+6,5.502e+4,
313.9,4.977e+6,4.857e+6,1.195e+5,
314,5.706e+6,5.459e+6,2.470e+5,
314.1,6.590e+6,6.105e+6,4.854e+5,
314.2,7.611e+6,6.703e+6,9.076e+5,
314.3,8.782e+6,7.168e+6,1.614e+6,
314.4,1.018e+7,7.446e+6,2.731e+6,
314.5,1.193e+7,7.536e+6,4.394e+6,
314.6,1.422e+7,7.498e+6,6.725e+6,
314.7,1.723e+7,7.441e+6,9.789e+6,
314.8,2.105e+7,7.501e+6,1.355e+7,
314.9,2.566e+7,7.811e+6,1.785e+7,
315,3.082e+7,8.467e+6,2.236e+7,
315.1,3.614e+7,9.501e+6,2.664e+7,
315.2,4.107e+7,1.088e+7,3.019e+7,
315.3,4.504e+7,1.248e+7,3.256e+7,
315.4,4.760e+7,1.415e+7,3.344e+7,
315.5,4.845e+7,1.571e+7,3.274e+7,
315.6,4.758e+7,1.696e+7,3.062e+7,
315.7,4.525e+7,1.778e+7,2.748e+7,
315.8,4.192e+7,1.806e+7,2.386e+7,
315.9,3.815e+7,1.781e+7,2.035e+7,
316,3.451e+7,1.706e+7,1.745e+7,
316.1,3.144e+7,1.591e+7,1.553e+7,
316.2,2.924e+7,1.450e+7,1.474e+7,
316.3,2.799e+7,1.297e+7,1.502e+7,
316.4,2.759e+7,1.147e+7,1.612e+7,
316.5,2.783e+7,1.013e+7,1.771e+7,
316.6,2.843e+7,9.043e+6,1.939e+7,
316.7,2.913e+7,8.295e+6,2.083e+7,
316.8,2.977e+7,7.936e+6,2.183e+7,
316.9,3.033e+7,7.995e+6,2.234e+7,
317,3.095e+7,8.480e+6,2.247e+7,
317.1,3.182e+7,9.379e+6,2.244e+7,
317.2,3.317e+7,1.066e+7,2.252e+7,
317.3,3.515e+7,1.226e+7,2.289e+7,
317.4,3.771e+7,1.409e+7,2.362e+7,
317.5,4.065e+7,1.603e+7,2.461e+7,
317.6,4.355e+7,1.794e+7,2.561e+7,
317.7,4.594e+7,1.964e+7,2.630e+7,
317.8,4.734e+7,2.097e+7,2.637e+7,
317.9,4.740e+7,2.179e+7,2.560e+7,
318,4.597e+7,2.204e+7,2.393e+7,
318.1,4.318e+7,2.172e+7,2.146e+7,
318.2,3.936e+7,2.095e+7,1.841e+7,
318.3,3.501e+7,1.991e+7,1.510e+7,
318.4,3.069e+7,1.886e+7,1.183e+7,
318.5,2.692e+7,1.807e+7,8.842e+6,
318.6,2.410e+7,1.779e+7,6.307e+6,
318.7,2.249e+7,1.819e+7,4.293e+6,
318.8,2.215e+7,1.936e+7,2.787e+6,
318.9,2.300e+7,2.127e+7,1.727e+6,
319,2.482e+7,2.380e+7,1.021e+6,
319.1,2.729e+7,2.671e+7,5.757e+5,
319.2,3.004e+7,2.973e+7,3.098e+5,
319.3,3.270e+7,3.254e+7,1.590e+5,
319.4,3.493e+7,3.485e+7,7.789e+4,
319.5,3.644e+7,3.641e+7,3.640e+4,
319.6,3.708e+7,3.706e+7,1.623e+4,
319.7,3.679e+7,3.678e+7,6.901e+3,
319.8,3.566e+7,3.566e+7,2.800e+3,
319.9,3.391e+7,3.391e+7,1.084e+3,
320,3.185e+7,3.185e+7,4.008e+2,
320.1,2.984e+7,2.984e+7,1.433e+2,
320.2,2.829e+7,2.829e+7,5.607e+1,
320.3,2.754e+7,2.754e+7,4.495e+1,
320.4,2.792e+7,2.792e+7,1.012e+2,
320.5,2.963e+7,2.963e+7,2.996e+2,
320.6,3.277e+7,3.277e+7,8.785e+2,
320.7,3.732e+7,3.732e+7,2.464e+3,
320.8,4.309e+7,4.308e+7,6.591e+3,
320.9,4.973e+7,4.971e+7,1.680e+4,
321,5.679e+7,5.675e+7,4.083e+4,
321.1,6.378e+7,6.369e+7,9.457e+4,
321.2,7.025e+7,7.004e+7,2.088e+5,
321.3,7.589e+7,7.545e+7,4.393e+5,
321.4,8.064e+7,7.976e+7,8.809e+5,
321.5,8.470e+7,8.302e+7,1.684e+6,
321.6,8.854e+7,8.547e+7,3.068e+6,
321.7,9.280e+7,8.747e+7,5.328e+6,
321.8,9.817e+7,8.935e+7,8.819e+6,
321.9,1.053e+8,9.137e+7,1.391e+7,
322,1.145e+8,9.358e+7,2.092e+7,
322.1,1.259e+8,9.588e+7,2.998e+7,
322.2,1.389e+8,9.795e+7,4.096e+7,
322.3,1.527e+8,9.940e+7,5.333e+7,
322.4,1.660e+8,9.981e+7,6.619e+7,
322.5,1.771e+8,9.882e+7,7.830e+7,
322.6,1.845e+8,9.621e+7,8.828e+7,
322.7,1.868e+8,9.194e+7,9.487e+7,
322.8,1.833e+8,8.618e+7,9.717e+7,
322.9,1.741e+8,7.924e+7,9.487e+7,
323,1.598e+8,7.156e+7,8.828e+7,
323.1,1.419e+8,6.360e+7,7.830e+7,
323.2,1.220e+8,5.579e+7,6.619e+7,
323.3,1.018e+8,4.851e+7,5.333e+7,
323.4,8.297e+7,4.201e+7,4.096e+7,
323.5,6.642e+7,3.643e+7,2.998e+7,
323.6,5.275e+7,3.183e+7,2.092e+7,
323.7,4.209e+7,2.818e+7,1.391e+7,
323.8,3.421e+7,2.539e+7,8.819e+6,
323.9,2.867e+7,2.334e+7,5.330e+6,
324,2.493e+7,2.186e+7,3.072e+6,
324.1,2.248e+7,2.078e+7,1.694e+6,
324.2,2.086e+7,1.995e+7,9.046e+5,
324.3,1.973e+7,1.924e+7,4.907e+5,
324.4,1.885e+7,1.854e+7,3.155e+5,
324.5,1.811e+7,1.780e+7,3.059e+5,
324.6,1.746e+7,1.702e+7,4.398e+5,
324.7,1.695e+7,1.622e+7,7.354e+5,
324.8,1.669e+7,1.545e+7,1.241e+6,
324.9,1.676e+7,1.473e+7,2.027e+6,
325,1.726e+7,1.410e+7,3.167e+6,
325.1,1.824e+7,1.351e+7,4.724e+6,
325.2,1.966e+7,1.293e+7,6.725e+6,
325.3,2.143e+7,1.229e+7,9.132e+6,
325.4,2.338e+7,1.155e+7,1.183e+7,
325.5,2.532e+7,1.069e+7,1.462e+7,
325.6,2.698e+7,9.743e+6,1.724e+7,
325.7,2.817e+7,8.774e+6,1.940e+7,
325.8,2.871e+7,7.891e+6,2.081e+7,
325.9,2.851e+7,7.202e+6,2.131e+7,
326,2.761e+7,6.798e+6,2.081e+7,
326.1,2.613e+7,6.732e+6,1.940e+7,
326.2,2.425e+7,7.008e+6,1.724e+7,
326.3,2.220e+7,7.577e+6,1.462e+7,
326.4,2.018e+7,8.352e+6,1.183e+7,
326.5,1.835e+7,9.222e+6,9.132e+6,
326.6,1.679e+7,1.007e+7,6.724e+6,
326.7,1.551e+7,1.079e+7,4.724e+6,
326.8,1.446e+7,1.129e+7,3.166e+6,
326.9,1.356e+7,1.154e+7,2.024e+6,
327,1.276e+7,1.152e+7,1.235e+6,
327.1,1.201e+7,1.129e+7,7.186e+5,
327.2,1.131e+7,1.091e+7,3.989e+5,
327.3,1.071e+7,1.050e+7,2.113e+5,
327.4,1.026e+7,1.015e+7,1.068e+5,
327.5,1.005e+7,1.000e+7,5.146e+4,
327.6,1.015e+7,1.012e+7,2.367e+4,
327.7,1.059e+7,1.058e+7,1.038e+4,
327.8,1.141e+7,1.140e+7,4.346e+3,
327.9,1.257e+7,1.257e+7,1.735e+3,
328,1.403e+7,1.403e+7,6.610e+2,
328.1,1.573e+7,1.573e+7,2.402e+2,
328.2,1.757e+7,1.757e+7,8.329e+1,
328.3,1.944e+7,1.944e+7,2.755e+1,
328.4,2.120e+7,2.120e+7,8.693e+0,
328.5,2.272e+7,2.272e+7,2.617e+0,
328.6,2.387e+7,2.387e+7,7.516e-1,
328.7,2.454e+7,2.454e+7,2.059e-1,
328.8,2.464e+7,2.464e+7,5.383e-2,
328.9,2.416e+7,2.416e+7,1.342e-2,
329,2.313e+7,2.313e+7,3.193e-3,
329.1,2.163e+7,2.163e+7,7.247e-4,
329.2,1.978e+7,1.978e+7,1.569e-4,
329.3,1.777e+7,1.777e+7,3.241e-5,
329.4,1.580e+7,1.580e+7,6.387e-6,
329.5,1.410e+7,1.410e+7,1.201e-6,
329.6,1.289e+7,1.289e+7,2.154e-7,
329.7,1.240e+7,1.240e+7,3.685e-8,
329.8,1.277e+7,1.277e+7,6.016e-9,
329.9,1.409e+7,1.409e+7,4.402e-10,
330,1.631e+7,1.631e+7,,
330.1,1.927e+7,1.927e+7,,
330.2,2.266e+7,2.266e+7,,
330.3,2.608e+7,2.608e+7,,
330.4,2.908e+7,2.908e+7,,
330.5,3.127e+7,3.127e+7,,
330.6,3.236e+7,3.236e+7,,
330.7,3.222e+7,3.222e+7,,
330.8,3.092e+7,3.092e+7,,
330.9,2.868e+7,2.868e+7,,
331,2.582e+7,2.582e+7,,
331.1,2.270e+7,2.270e+7,,
331.2,1.963e+7,1.963e+7,,
331.3,1.685e+7,1.685e+7,,
331.4,1.448e+7,1.448e+7,,
331.5,1.255e+7,1.255e+7,,
331.6,1.104e+7,1.104e+7,,
331.7,9.891e+6,9.891e+6,,
331.8,9.029e+6,9.029e+6,,
331.9,8.401e+6,8.401e+6,,
332,7.957e+6,7.957e+6,,
332.1,7.654e+6,7.654e+6,,
332.2,7.449e+6,7.449e+6,,
332.3,7.296e+6,7.296e+6,,
332.4,7.149e+6,7.149e+6,,
332.5,6.968e+6,6.968e+6,,
332.6,6.716e+6,6.716e+6,,
332.7,6.373e+6,6.373e+6,,
332.8,5.930e+6,5.930e+6,,
332.9,5.392e+6,5.392e+6,,
333,4.777e+6,4.777e+6,,
333.1,4.114e+6,4.114e+6,,
333.2,3.435e+6,3.435e+6,,
333.3,2.775e+6,2.775e+6,,
333.4,2.166e+6,2.166e+6,,
333.5,1.630e+6,1.630e+6,,
333.6,1.181e+6,1.181e+6,,
333.7,8.239e+5,8.239e+5,,
333.8,5.544e+5,5.544e+5,,
333.9,3.627e+5,3.627e+5,,
334,2.371e+5,2.371e+5,,
334.1,1.663e+5,1.663e+5,,
334.2,1.422e+5,1.422e+5,,
334.3,1.609e+5,1.609e+5,,
334.4,2.234e+5,2.234e+5,,
334.5,3.339e+5,3.339e+5,,
334.6,4.986e+5,4.986e+5,,
334.7,7.226e+5,7.226e+5,,
334.8,1.006e+6,1.006e+6,,
334.9,1.342e+6,1.342e+6,,
335,1.714e+6,1.714e+6,,
335.1,2.095e+6,2.095e+6,,
335.2,2.450e+6,2.450e+6,,
335.3,2.744e+6,2.744e+6,,
335.4,2.947e+6,2.947e+6,,
335.5,3.042e+6,3.042e+6,,
335.6,3.031e+6,3.031e+6,,
335.7,2.939e+6,2.939e+6,,
335.8,2.813e+6,2.813e+6,,
335.9,2.718e+6,2.718e+6,,
336,2.729e+6,2.729e+6,,
336.1,2.922e+6,2.922e+6,,
336.2,3.358e+6,3.358e+6,,
336.3,4.075e+6,4.075e+6,,
336.4,5.074e+6,5.074e+6,,
336.5,6.312e+6,6.312e+6,,
336.6,7.703e+6,7.703e+6,,
336.7,9.122e+6,9.122e+6,,
336.8,1.042e+7,1.042e+7,,
336.9,1.146e+7,1.146e+7,,
337,1.212e+7,1.212e+7,,
337.1,1.232e+7,1.232e+7,,
337.2,1.208e+7,1.208e+7,,
337.3,1.143e+7,1.143e+7,,
337.4,1.048e+7,1.048e+7,,
337.5,9.362e+6,9.362e+6,,
337.6,8.192e+6,8.192e+6,,
337.7,7.070e+6,7.070e+6,,
337.8,6.063e+6,6.063e+6,,
337.9,5.201e+6,5.201e+6,,
338,4.488e+6,4.488e+6,,
338.1,3.917e+6,3.917e+6,,
338.2,3.480e+6,3.480e+6,,
338.3,3.179e+6,3.179e+6,,
338.4,3.025e+6,3.025e+6,,
338.5,3.038e+6,3.038e+6,,
338.6,3.234e+6,3.234e+6,,
338.7,3.625e+6,3.625e+6,,
338.8,4.208e+6,4.208e+6,,
338.9,4.964e+6,4.964e+6,,
339,5.866e+6,5.866e+6,,
339.1,6.883e+6,6.883e+6,,
339.2,7.991e+6,7.991e+6,,
339.3,9.183e+6,9.183e+6,,
339.4,1.047e+7,1.047e+7,,
339.5,1.190e+7,1.190e+7,,
339.6,1.352e+7,1.352e+7,,
339.7,1.539e+7,1.539e+7,,
339.8,1.757e+7,1.757e+7,,
339.9,2.009e+7,2.009e+7,,
340,2.293e+7,2.293e+7,,
340.1,2.603e+7,2.603e+7,,
340.2,2.924e+7,2.924e+7,,
340.3,3.237e+7,3.237e+7,,
340.4,3.521e+7,3.521e+7,,
340.5,3.751e+7,3.751e+7,,
340.6,3.908e+7,3.908e+7,,
340.7,3.978e+7,3.978e+7,,
340.8,3.957e+7,3.957e+7,,
340.9,3.853e+7,3.853e+7,,
341,3.681e+7,3.681e+7,,
341.1,3.464e+7,3.464e+7,,
341.2,3.228e+7,3.228e+7,,
341.3,2.999e+7,2.999e+7,,
341.4,2.798e+7,2.798e+7,,
341.5,2.643e+7,2.643e+7,,
341.6,2.548e+7,2.548e+7,,
341.7,2.519e+7,2.519e+7,,
341.8,2.560e+7,2.560e+7,,
341.9,2.667e+7,2.667e+7,,
342,2.831e+7,2.831e+7,,
342.1,3.036e+7,3.036e+7,,
342.2,3.261e+7,3.261e+7,,
342.3,3.477e+7,3.477e+7,,
342.4,3.655e+7,3.655e+7,,
342.5,3.767e+7,3.767e+7,,
342.6,3.795e+7,3.795e+7,,
342.7,3.735e+7,3.735e+7,,
342.8,3.598e+7,3.598e+7,,
342.9,3.415e+7,3.415e+7,,
343,3.231e+7,3.231e+7,,
343.1,3.102e+7,3.102e+7,,
343.2,3.081e+7,3.081e+7,,
343.3,3.216e+7,3.216e+7,,
343.4,3.534e+7,3.534e+7,,
343.5,4.034e+7,4.034e+7,,
343.6,4.688e+7,4.688e+7,,
343.7,5.438e+7,5.438e+7,,
343.8,6.202e+7,6.202e+7,,
343.9,6.891e+7,6.891e+7,,
344,7.416e+7,7.416e+7,,
344.1,7.710e+7,7.710e+7,,
344.2,7.732e+7,7.732e+7,,
344.3,7.480e+7,7.480e+7,,
344.4,6.982e+7,6.982e+7,,
344.5,6.297e+7,6.297e+7,,
344.6,5.495e+7,5.495e+7,,
344.7,4.651e+7,4.651e+7,,
344.8,3.830e+7,3.830e+7,,
344.9,3.080e+7,3.080e+7,,
345,2.431e+7,2.431e+7,,
345.1,1.895e+7,1.895e+7,,
345.2,1.471e+7,1.471e+7,,
345.3,1.149e+7,1.149e+7,,
345.4,9.156e+6,9.156e+6,,
345.5,7.591e+6,7.591e+6,,
345.6,6.685e+6,6.685e+6,,
345.7,6.352e+6,6.352e+6,,
345.8,6.525e+6,6.525e+6,,
345.9,7.139e+6,7.139e+6,,
346,8.125e+6,8.125e+6,,
346.1,9.401e+6,9.401e+6,,
346.2,1.087e+7,1.087e+7,,
346.3,1.244e+7,1.244e+7,,
346.4,1.401e+7,1.401e+7,,
346.5,1.553e+7,1.553e+7,,
346.6,1.696e+7,1.696e+7,,
346.7,1.832e+7,1.832e+7,,
346.8,1.964e+7,1.964e+7,,
346.9,2.097e+7,2.097e+7,,
347,2.231e+7,2.231e+7,,
347.1,2.363e+7,2.363e+7,,
347.2,2.483e+7,2.483e+7,,
347.3,2.577e+7,2.577e+7,,
347.4,2.629e+7,2.629e+7,,
347.5,2.623e+7,2.623e+7,,
347.6,2.552e+7,2.552e+7,,
347.7,2.415e+7,2.415e+7,,
347.8,2.224e+7,2.224e+7,,
347.9,1.998e+7,1.998e+7,,
348,1.763e+7,1.763e+7,,
348.1,1.548e+7,1.548e+7,,
348.2,1.378e+7,1.378e+7,,
348.3,1.273e+7,1.273e+7,,
348.4,1.241e+7,1.241e+7,,
348.5,1.284e+7,1.284e+7,,
348.6,1.391e+7,1.391e+7,,
348.7,1.545e+7,1.545e+7,,
348.8,1.724e+7,1.724e+7,,
348.9,1.902e+7,1.902e+7,,
349,2.057e+7,2.057e+7,,
349.1,2.171e+7,2.171e+7,,
349.2,2.231e+7,2.231e+7,,
349.3,2.232e+7,2.232e+7,,
349.4,2.177e+7,2.177e+7,,
349.5,2.071e+7,2.071e+7,,
349.6,1.924e+7,1.924e+7,,
349.7,1.749e+7,1.749e+7,,
349.8,1.557e+7,1.557e+7,,
349.9,1.360e+7,1.360e+7,,
350,1.167e+7,1.167e+7,,
350.1,9.890e+6,9.890e+6,,
350.2,8.326e+6,8.326e+6,,
350.3,7.041e+6,7.041e+6,,
350.4,6.077e+6,6.077e+6,,
350.5,5.453e+6,5.453e+6,,
350.6,5.165e+6,5.165e+6,,
350.7,5.192e+6,5.192e+6,,
350.8,5.497e+6,5.497e+6,,
350.9,6.036e+6,6.036e+6,,
351,6.764e+6,6.764e+6,,
351.1,7.643e+6,7.643e+6,,
351.2,8.650e+6,8.650e+6,,
351.3,9.785e+6,9.785e+6,,
351.4,1.107e+7,1.107e+7,,
351.5,1.255e+7,1.255e+7,,
351.6,1.429e+7,1.429e+7,,
351.7,1.636e+7,1.636e+7,,
351.8,1.881e+7,1.881e+7,,
351.9,2.166e+7,2.166e+7,,
352,2.489e+7,2.489e+7,,
352.1,2.842e+7,2.842e+7,,
352.2,3.214e+7,3.214e+7,,
352.3,3.586e+7,3.586e+7,,
352.4,3.940e+7,3.940e+7,,
352.5,4.260e+7,4.260e+7,,
352.6,4.532e+7,4.532e+7,,
352.7,4.749e+7,4.749e+7,,
352.8,4.914e+7,4.914e+7,,
352.9,5.038e+7,5.038e+7,,
353,5.135e+7,5.135e+7,,
353.1,5.226e+7,5.226e+7,,
353.2,5.329e+7,5.329e+7,,
353.3,5.457e+7,5.457e+7,,
353.4,5.618e+7,5.618e+7,,
353.5,5.806e+7,5.806e+7,,
353.6,6.007e+7,6.007e+7,,
353.7,6.199e+7,6.199e+7,,
353.8,6.351e+7,6.351e+7,,
353.9,6.436e+7,6.436e+7,,
354,6.431e+7,6.431e+7,,
354.1,6.324e+7,6.324e+7,,
354.2,6.122e+7,6.122e+7,,
354.3,5.847e+7,5.847e+7,,
354.4,5.539e+7,5.539e+7,,
354.5,5.250e+7,5.250e+7,,
354.6,5.035e+7,5.035e+7,,
354.7,4.945e+7,4.945e+7,,
354.8,5.016e+7,5.016e+7,,
354.9,5.264e+7,5.264e+7,,
355,5.680e+7,5.680e+7,,
355.1,6.233e+7,6.233e+7,,
355.2,6.872e+7,6.872e+7,,
355.3,7.541e+7,7.541e+7,,
355.4,8.187e+7,8.187e+7,,
355.5,8.771e+7,8.771e+7,,
355.6,9.278e+7,9.278e+7,,
355.7,9.719e+7,9.719e+7,,
355.8,1.013e+8,1.013e+8,,
355.9,1.056e+8,1.056e+8,,
356,1.107e+8,1.107e+8,,
356.1,1.169e+8,1.169e+8,,
356.2,1.247e+8,1.247e+8,,
356.3,1.338e+8,1.338e+8,,
356.4,1.439e+8,1.439e+8,,
356.5,1.545e+8,1.545e+8,,
356.6,1.646e+8,1.646e+8,,
356.7,1.737e+8,1.737e+8,,
356.8,1.810e+8,1.810e+8,,
356.9,1.863e+8,1.863e+8,,
357,1.898e+8,1.898e+8,,
357.1,1.922e+8,1.922e+8,,
357.2,1.946e+8,1.946e+8,,
357.3,1.982e+8,1.982e+8,,
357.4,2.040e+8,2.040e+8,,
357.5,2.128e+8,2.128e+8,,
357.6,2.246e+8,2.246e+8,,
357.7,2.385e+8,2.385e+8,,
357.8,2.532e+8,2.532e+8,,
357.9,2.665e+8,2.665e+8,,
358,2.764e+8,2.764e+8,,
358.1,2.809e+8,2.809e+8,,
358.2,2.787e+8,2.787e+8,,
358.3,2.694e+8,2.694e+8,,
358.4,2.534e+8,2.534e+8,,
358.5,2.317e+8,2.317e+8,,
358.6,2.061e+8,2.061e+8,,
358.7,1.785e+8,1.785e+8,,
358.8,1.507e+8,1.507e+8,,
358.9,1.243e+8,1.243e+8,,
359,1.006e+8,1.006e+8,,
359.1,8.029e+7,8.029e+7,,
359.2,6.375e+7,6.375e+7,,
359.3,5.108e+7,5.108e+7,,
359.4,4.214e+7,4.214e+7,,
359.5,3.673e+7,3.673e+7,,
359.6,3.458e+7,3.458e+7,,
359.7,3.545e+7,3.545e+7,,
359.8,3.913e+7,3.913e+7,,
359.9,4.540e+7,4.540e+7,,
360,5.399e+7,5.399e+7,,
360.1,6.451e+7,6.451e+7,,
360.2,7.647e+7,7.647e+7,,
360.3,8.919e+7,8.919e+7,,
360.4,1.019e+8,1.019e+8,,
360.5,1.137e+8,1.137e+8,,
360.6,1.238e+8,1.238e+8,,
360.7,1.315e+8,1.315e+8,,
360.8,1.367e+8,1.367e+8,,
360.9,1.391e+8,1.391e+8,,
361,1.393e+8,1.393e+8,,
361.1,1.380e+8,1.380e+8,,
361.2,1.358e+8,1.358e+8,,
361.3,1.336e+8,1.336e+8,,
361.4,1.319e+8,1.319e+8,,
361.5,1.310e+8,1.310e+8,,
361.6,1.307e+8,1.307e+8,,
361.7,1.307e+8,1.307e+8,,
361.8,1.304e+8,1.304e+8,,
361.9,1.293e+8,1.293e+8,,
362,1.270e+8,1.270e+8,,
362.1,1.236e+8,1.236e+8,,
362.2,1.193e+8,1.193e+8,,
362.3,1.147e+8,1.147e+8,1.936e-11,
362.4,1.105e+8,1.105e+8,9.758e-11,
362.5,1.071e+8,1.071e+8,4.739e-10,
362.6,1.048e+8,1.048e+8,2.217e-9,
362.7,1.037e+8,1.037e+8,9.996e-9,
362.8,1.034e+8,1.034e+8,4.342e-8,
362.9,1.033e+8,1.033e+8,1.817e-7,
363,1.028e+8,1.028e+8,7.327e-7,
363.1,1.012e+8,1.012e+8,2.847e-6,
363.2,9.810e+7,9.810e+7,1.066e-5,
363.3,9.346e+7,9.346e+7,3.844e-5,
363.4,8.748e+7,8.748e+7,1.336e-4,
363.5,8.063e+7,8.063e+7,4.472e-4,
363.6,7.358e+7,7.358e+7,1.443e-3,
363.7,6.705e+7,6.705e+7,4.485e-3,
363.8,6.171e+7,6.171e+7,1.343e-2,
363.9,5.809e+7,5.809e+7,3.875e-2,
364,5.652e+7,5.652e+7,1.077e-1,
364.1,5.708e+7,5.708e+7,2.886e-1,
364.2,5.964e+7,5.964e+7,7.449e-1,
364.3,6.380e+7,6.380e+7,1.852e+0,
364.4,6.899e+7,6.899e+7,4.438e+0,
364.5,7.447e+7,7.447e+7,1.025e+1,
364.6,7.944e+7,7.944e+7,2.279e+1,
364.7,8.316e+7,8.316e+7,4.884e+1,
364.8,8.499e+7,8.499e+7,1.009e+2,
364.9,8.452e+7,8.452e+7,2.006e+2,
365,8.164e+7,8.164e+7,3.846e+2,
365.1,7.648e+7,7.648e+7,7.103e+2,
365.2,6.947e+7,6.947e+7,1.264e+3,
365.3,6.119e+7,6.119e+7,2.167e+3,
365.4,5.229e+7,5.228e+7,3.580e+3,
365.5,4.342e+7,4.341e+7,5.699e+3,
365.6,3.512e+7,3.511e+7,8.739e+3,
365.7,2.778e+7,2.777e+7,1.291e+4,
365.8,2.165e+7,2.163e+7,1.838e+4,
365.9,1.678e+7,1.676e+7,2.522e+4,
366,1.315e+7,1.311e+7,3.333e+4,
366.1,1.062e+7,1.057e+7,4.244e+4,
366.2,9.028e+6,8.976e+6,5.207e+4,
366.3,8.198e+6,8.137e+6,6.155e+4,
366.4,7.959e+6,7.889e+6,7.011e+4,
366.5,8.160e+6,8.083e+6,7.694e+4,
366.6,8.683e+6,8.601e+6,8.135e+4,
366.7,9.437e+6,9.354e+6,8.288e+4,
366.8,1.037e+7,1.029e+7,8.135e+4,
366.9,1.145e+7,1.138e+7,7.694e+4,
367,1.270e+7,1.263e+7,7.011e+4,
367.1,1.415e+7,1.409e+7,6.155e+4,
367.2,1.584e+7,1.579e+7,5.207e+4,
367.3,1.782e+7,1.778e+7,4.244e+4,
367.4,2.014e+7,2.011e+7,3.333e+4,
367.5,2.281e+7,2.279e+7,2.522e+4,
367.6,2.582e+7,2.580e+7,1.838e+4,
367.7,2.911e+7,2.910e+7,1.291e+4,
367.8,3.262e+7,3.261e+7,8.739e+3,
367.9,3.622e+7,3.622e+7,5.699e+3,
368,3.981e+7,3.981e+7,3.580e+3,
368.1,4.324e+7,4.323e+7,2.167e+3,
368.2,4.637e+7,4.637e+7,1.264e+3,
368.3,4.909e+7,4.909e+7,7.103e+2,
368.4,5.128e+7,5.128e+7,3.846e+2,
368.5,5.285e+7,5.285e+7,2.006e+2,
368.6,5.375e+7,5.375e+7,1.009e+2,
368.7,5.399e+7,5.399e+7,4.884e+1,
368.8,5.359e+7,5.359e+7,2.279e+1,
368.9,5.263e+7,5.263e+7,1.025e+1,
369,5.122e+7,5.122e+7,4.438e+0,
369.1,4.950e+7,4.950e+7,1.852e+0,
369.2,4.761e+7,4.761e+7,7.449e-1,
369.3,4.568e+7,4.568e+7,2.886e-1,
369.4,4.386e+7,4.386e+7,1.077e-1,
369.5,4.226e+7,4.226e+7,3.875e-2,
369.6,4.099e+7,4.099e+7,1.343e-2,
369.7,4.012e+7,4.012e+7,4.485e-3,
369.8,3.973e+7,3.973e+7,1.443e-3,
369.9,3.983e+7,3.983e+7,4.472e-4,
370,4.042e+7,4.042e+7,1.336e-4,
370.1,4.143e+7,4.143e+7,3.844e-5,
370.2,4.276e+7,4.276e+7,1.066e-5,
370.3,4.429e+7,4.429e+7,2.847e-6,
370.4,4.586e+7,4.586e+7,7.327e-7,
370.5,4.733e+7,4.733e+7,1.817e-7,
370.6,4.861e+7,4.861e+7,4.342e-8,
370.7,4.969e+7,4.969e+7,9.996e-9,
370.8,5.064e+7,5.064e+7,2.217e-9,
370.9,5.166e+7,5.166e+7,4.739e-10,
371,5.301e+7,5.301e+7,9.758e-11,
371.1,5.501e+7,5.501e+7,1.936e-11,
371.2,5.793e+7,5.793e+7,3.701e-12,
371.3,6.198e+7,6.198e+7,,
371.4,6.719e+7,6.719e+7,,
371.5,7.341e+7,7.341e+7,,
371.6,8.030e+7,8.030e+7,,
371.7,8.738e+7,8.738e+7,,
371.8,9.412e+7,9.412e+7,,
371.9,1.001e+8,1.001e+8,,
372,1.050e+8,1.050e+8,,
372.1,1.088e+8,1.088e+8,,
372.2,1.118e+8,1.118e+8,,
372.3,1.147e+8,1.147e+8,,
372.4,1.183e+8,1.183e+8,,
372.5,1.236e+8,1.236e+8,,
372.6,1.314e+8,1.314e+8,,
372.7,1.423e+8,1.423e+8,,
372.8,1.566e+8,1.566e+8,,
372.9,1.740e+8,1.740e+8,,
373,1.935e+8,1.935e+8,,
373.1,2.140e+8,2.140e+8,,
373.2,2.336e+8,2.336e+8,,
373.3,2.507e+8,2.507e+8,,
373.4,2.637e+8,2.637e+8,,
373.5,2.716e+8,2.716e+8,,
373.6,2.739e+8,2.739e+8,,
373.7,2.711e+8,2.711e+8,,
373.8,2.641e+8,2.641e+8,,
373.9,2.546e+8,2.546e+8,,
374,2.443e+8,2.443e+8,,
374.1,2.347e+8,2.347e+8,,
374.2,2.271e+8,2.271e+8,,
374.3,2.221e+8,2.221e+8,,
374.4,2.194e+8,2.194e+8,,
374.5,2.186e+8,2.186e+8,,
374.6,2.184e+8,2.184e+8,,
374.7,2.178e+8,2.178e+8,,
374.8,2.159e+8,2.159e+8,,
374.9,2.119e+8,2.119e+8,,
375,2.058e+8,2.058e+8,,
375.1,1.979e+8,1.979e+8,,
375.2,1.888e+8,1.888e+8,,
375.3,1.793e+8,1.793e+8,,
375.4,1.703e+8,1.703e+8,,
375.5,1.625e+8,1.625e+8,,
375.6,1.561e+8,1.561e+8,,
375.7,1.514e+8,1.514e+8,,
375.8,1.480e+8,1.480e+8,,
375.9,1.457e+8,1.457e+8,,
376,1.438e+8,1.438e+8,,
376.1,1.419e+8,1.419e+8,,
376.2,1.395e+8,1.395e+8,,
376.3,1.359e+8,1.359e+8,,
376.4,1.309e+8,1.309e+8,,
376.5,1.242e+8,1.242e+8,,
376.6,1.159e+8,1.159e+8,,
376.7,1.060e+8,1.060e+8,,
376.8,9.479e+7,9.479e+7,,
376.9,8.279e+7,8.279e+7,,
377,7.052e+7,7.052e+7,,
377.1,5.851e+7,5.851e+7,,
377.2,4.729e+7,4.729e+7,,
377.3,3.726e+7,3.726e+7,,
377.4,2.869e+7,2.869e+7,,
377.5,2.171e+7,2.171e+7,,
377.6,1.633e+7,1.633e+7,,
377.7,1.244e+7,1.244e+7,,
377.8,9.874e+6,9.874e+6,,
377.9,8.446e+6,8.446e+6,,
378,7.949e+6,7.949e+6,,
378.1,8.194e+6,8.194e+6,,
378.2,9.018e+6,9.018e+6,,
378.3,1.028e+7,1.028e+7,,
378.4,1.187e+7,1.187e+7,,
378.5,1.371e+7,1.371e+7,,
378.6,1.573e+7,1.573e+7,,
378.7,1.792e+7,1.792e+7,,
378.8,2.026e+7,2.026e+7,,
378.9,2.275e+7,2.275e+7,,
379,2.540e+7,2.540e+7,,
379.1,2.822e+7,2.822e+7,,
379.2,3.117e+7,3.117e+7,,
379.3,3.421e+7,3.421e+7,,
379.4,3.722e+7,3.722e+7,,
379.5,4.012e+7,4.012e+7,,
379.6,4.276e+7,4.276e+7,,
379.7,4.503e+7,4.503e+7,,
379.8,4.686e+7,4.686e+7,,
379.9,4.820e+7,4.820e+7,,
380,4.911e+7,4.911e+7,,
380.1,4.967e+7,4.967e+7,,
380.2,5.008e+7,5.008e+7,,
380.3,5.060e+7,5.060e+7,,
380.4,5.156e+7,5.156e+7,,
380.5,5.335e+7,5.335e+7,,
380.6,5.642e+7,5.642e+7,,
380.7,6.119e+7,6.119e+7,,
380.8,6.807e+7,6.807e+7,,
380.9,7.735e+7,7.735e+7,,
381,8.920e+7,8.920e+7,,
381.1,1.035e+8,1.035e+8,,
381.2,1.201e+8,1.201e+8,,
381.3,1.383e+8,1.383e+8,,
381.4,1.574e+8,1.574e+8,,
381.5,1.764e+8,1.764e+8,,
381.6,1.945e+8,1.945e+8,,
381.7,2.107e+8,2.107e+8,,
381.8,2.243e+8,2.243e+8,,
381.9,2.347e+8,2.347e+8,,
382,2.415e+8,2.415e+8,,
382.1,2.448e+8,2.448e+8,,
382.2,2.445e+8,2.445e+8,,
382.3,2.411e+8,2.411e+8,,
382.4,2.349e+8,2.349e+8,,
382.5,2.264e+8,2.264e+8,,
382.6,2.160e+8,2.160e+8,,
382.7,2.042e+8,2.042e+8,,
382.8,1.915e+8,1.915e+8,,
382.9,1.786e+8,1.786e+8,,
383,1.659e+8,1.659e+8,,
383.1,1.539e+8,1.539e+8,,
383.2,1.431e+8,1.431e+8,,
383.3,1.337e+8,1.337e+8,,
383.4,1.259e+8,1.259e+8,,
383.5,1.197e+8,1.197e+8,,
383.6,1.146e+8,1.146e+8,,
383.7,1.105e+8,1.105e+8,,
383.8,1.069e+8,1.069e+8,,
383.9,1.033e+8,1.033e+8,,
384,9.934e+7,9.934e+7,,
384.1,9.481e+7,9.481e+7,,
384.2,8.956e+7,8.956e+7,,
384.3,8.364e+7,8.364e+7,,
384.4,7.723e+7,7.723e+7,,
384.5,7.063e+7,7.063e+7,,
384.6,6.416e+7,6.416e+7,,
384.7,5.819e+7,5.819e+7,,
384.8,5.302e+7,5.302e+7,,
384.9,4.892e+7,4.892e+7,,
385,4.603e+7,4.603e+7,,
385.1,4.443e+7,4.443e+7,,
385.2,4.406e+7,4.406e+7,,
385.3,4.479e+7,4.479e+7,,
385.4,4.639e+7,4.639e+7,,
385.5,4.855e+7,4.855e+7,,
385.6,5.091e+7,5.091e+7,,
385.7,5.313e+7,5.313e+7,,
385.8,5.485e+7,5.485e+7,,
385.9,5.581e+7,5.581e+7,,
386,5.583e+7,5.583e+7,,
386.1,5.487e+7,5.487e+7,,
386.2,5.300e+7,5.300e+7,,
386.3,5.037e+7,5.037e+7,,
386.4,4.725e+7,4.725e+7,,
386.5,4.392e+7,4.392e+7,,
386.6,4.067e+7,4.067e+7,,
386.7,3.773e+7,3.773e+7,,
386.8,3.529e+7,3.529e+7,,
386.9,3.346e+7,3.346e+7,,
387,3.229e+7,3.229e+7,,
387.1,3.173e+7,3.173e+7,,
387.2,3.173e+7,3.173e+7,,
387.3,3.216e+7,3.216e+7,,
387.4,3.291e+7,3.291e+7,,
387.5,3.387e+7,3.387e+7,,
387.6,3.495e+7,3.495e+7,,
387.7,3.607e+7,3.607e+7,,
387.8,3.720e+7,3.720e+7,,
387.9,3.832e+7,3.832e+7,,
388,3.941e+7,3.941e+7,,
388.1,4.045e+7,4.045e+7,,
388.2,4.143e+7,4.143e+7,,
388.3,4.227e+7,4.227e+7,,
388.4,4.292e+7,4.292e+7,,
388.5,4.327e+7,4.327e+7,,
388.6,4.325e+7,4.325e+7,,
388.7,4.280e+7,4.280e+7,,
388.8,4.190e+7,4.190e+7,,
388.9,4.057e+7,4.057e+7,,
389,3.891e+7,3.891e+7,,
389.1,3.703e+7,3.703e+7,,
389.2,3.510e+7,3.510e+7,,
389.3,3.327e+7,3.327e+7,,
389.4,3.166e+7,3.166e+7,,
389.5,3.037e+7,3.037e+7,,
389.6,2.941e+7,2.941e+7,,
389.7,2.876e+7,2.876e+7,,
389.8,2.833e+7,2.833e+7,,
389.9,2.799e+7,2.799e+7,,
390,2.760e+7,2.760e+7,,
390.1,2.702e+7,2.702e+7,,
390.2,2.615e+7,2.615e+7,,
390.3,2.492e+7,2.492e+7,,
390.4,2.333e+7,2.333e+7,,
390.5,2.143e+7,2.143e+7,,
390.6,1.930e+7,1.930e+7,,1.004e-17
390.7,1.708e+7,1.708e+7,,4.586e-17
390.8,1.490e+7,1.490e+7,,2.029e-16
390.9,1.291e+7,1.291e+7,,8.691e-16
391,1.122e+7,1.122e+7,,3.606e-15
391.1,9.908e+6,9.908e+6,,1.449e-14
391.2,9.028e+6,9.028e+6,,5.640e-14
391.3,8.583e+6,8.583e+6,,2.126e-13
391.4,8.541e+6,8.541e+6,,7.763e-13
391.5,8.847e+6,8.847e+6,,2.745e-12
391.6,9.423e+6,9.423e+6,,9.402e-12
391.7,1.019e+7,1.019e+7,,3.119e-11
391.8,1.106e+7,1.106e+7,,1.002e-10
391.9,1.197e+7,1.197e+7,,3.118e-10
392,1.286e+7,1.286e+7,,9.396e-10
392.1,1.368e+7,1.368e+7,,2.743e-9
392.2,1.439e+7,1.439e+7,,7.753e-9
392.3,1.497e+7,1.497e+7,,2.123e-8
392.4,1.540e+7,1.540e+7,,5.630e-8
392.5,1.566e+7,1.566e+7,,1.446e-7
392.6,1.573e+7,1.573e+7,,3.597e-7
392.7,1.559e+7,1.559e+7,,8.666e-7
392.8,1.524e+7,1.524e+7,,2.022e-6
392.9,1.467e+7,1.467e+7,,4.570e-6
393,1.389e+7,1.389e+7,,1.000e-5
393.1,1.293e+7,1.293e+7,,2.121e-5
393.2,1.183e+7,1.183e+7,,4.355e-5
393.3,1.065e+7,1.065e+7,,8.661e-5
393.4,9.436e+6,9.436e+6,,1.668e-4
393.5,8.265e+6,8.265e+6,,3.112e-4
393.6,7.198e+6,7.198e+6,,5.623e-4
393.7,6.294e+6,6.294e+6,,9.839e-4
393.8,5.600e+6,5.600e+6,,1.668e-3
393.9,5.151e+6,5.151e+6,,2.738e-3
394,4.972e+6,4.972e+6,,4.352e-3
394.1,5.069e+6,5.069e+6,,6.702e-3
394.2,5.438e+6,5.438e+6,,9.995e-3
394.3,6.058e+6,6.058e+6,,1.444e-2
394.4,6.896e+6,6.896e+6,,2.020e-2
394.5,7.906e+6,7.906e+6,,2.737e-2
394.6,9.037e+6,9.037e+6,,3.593e-2
394.7,1.023e+7,1.023e+7,,4.568e-2
394.8,1.143e+7,1.143e+7,,5.625e-2
394.9,1.257e+7,1.257e+7,,6.711e-2
395,1.361e+7,1.361e+7,,7.758e-2
395.1,1.450e+7,1.450e+7,,8.691e-2
395.2,1.522e+7,1.522e+7,,9.439e-2
395.3,1.576e+7,1.576e+7,,9.946e-2
395.4,1.611e+7,1.611e+7,,1.018e-1
395.5,1.628e+7,1.628e+7,,1.013e-1
395.6,1.632e+7,1.632e+7,,9.823e-2
395.7,1.626e+7,1.626e+7,,9.323e-2
395.8,1.618e+7,1.618e+7,,8.704e-2
395.9,1.614e+7,1.614e+7,,8.052e-2
396,1.620e+7,1.620e+7,,7.453e-2
396.1,1.641e+7,1.641e+7,,6.976e-2
396.2,1.679e+7,1.679e+7,,6.665e-2
396.3,1.733e+7,1.733e+7,,6.539e-2
396.4,1.797e+7,1.797e+7,,6.587e-2
396.5,1.863e+7,1.863e+7,,6.772e-2
396.6,1.920e+7,1.920e+7,,7.043e-2
396.7,1.957e+7,1.957e+7,,7.343e-2
396.8,1.963e+7,1.963e+7,,7.618e-2
396.9,1.931e+7,1.931e+7,,7.825e-2
397,1.858e+7,1.858e+7,,7.937e-2
397.1,1.746e+7,1.746e+7,,7.944e-2
397.2,1.599e+7,1.599e+7,,7.851e-2
397.3,1.427e+7,1.427e+7,,7.673e-2
397.4,1.241e+7,1.241e+7,,7.428e-2
397.5,1.052e+7,1.052e+7,,7.133e-2
397.6,8.690e+6,8.690e+6,,6.800e-2
397.7,7.008e+6,7.008e+6,,6.434e-2
397.8,5.526e+6,5.526e+6,,6.035e-2
397.9,4.271e+6,4.271e+6,,5.599e-2
398,3.250e+6,3.250e+6,,5.127e-2
398.1,2.453e+6,2.453e+6,,4.619e-2
398.2,1.862e+6,1.862e+6,,4.085e-2
398.3,1.456e+6,1.456e+6,,3.537e-2
398.4,1.214e+6,1.214e+6,,2.993e-2
398.5,1.122e+6,1.122e+6,,2.473e-2
398.6,1.166e+6,1.166e+6,,1.993e-2
398.7,1.341e+6,1.341e+6,,1.568e-2
398.8,1.640e+6,1.640e+6,,1.208e-2
398.9,2.060e+6,2.060e+6,,9.164e-3
399,2.594e+6,2.594e+6,,6.932e-3
399.1,3.233e+6,3.233e+6,,5.333e-3
399.2,3.964e+6,3.964e+6,,4.295e-3
399.3,4.771e+6,4.771e+6,,3.728e-3
399.4,5.635e+6,5.635e+6,,3.538e-3
399.5,6.533e+6,6.533e+6,,3.635e-3
399.6,7.444e+6,7.444e+6,,3.932e-3
399.7,8.343e+6,8.343e+6,,4.353e-3
399.8,9.206e+6,9.206e+6,,4.828e-3
399.9,1.001e+7,1.001e+7,,5.299e-3
400,1.071e+7,1.071e+7,,5.720e-3
400.1,1.129e+7,1.129e+7,,6.054e-3
400.2,1.172e+7,1.172e+7,,6.276e-3
400.3,1.196e+7,1.196e+7,,6.375e-3
400.4,1.199e+7,1.199e+7,,6.347e-3
400.5,1.182e+7,1.182e+7,,6.198e-3
400.6,1.144e+7,1.144e+7,,5.942e-3
400.7,1.089e+7,1.089e+7,,5.594e-3
400.8,1.020e+7,1.020e+7,,5.173e-3
400.9,9.428e+6,9.428e+6,,4.701e-3
401,8.625e+6,8.625e+6,,4.196e-3
401.1,7.845e+6,7.845e+6,,3.677e-3
401.2,7.133e+6,7.133e+6,,3.164e-3
401.3,6.523e+6,6.523e+6,,2.674e-3
401.4,6.031e+6,6.031e+6,,2.224e-3
401.5,5.663e+6,5.663e+6,,1.831e-3
401.6,5.410e+6,5.410e+6,,1.513e-3
401.7,5.257e+6,5.257e+6,,1.289e-3
401.8,5.183e+6,5.183e+6,,1.183e-3
401.9,5.166e+6,5.166e+6,,1.224e-3
402,5.182e+6,5.182e+6,,1.450e-3
402.1,5.210e+6,5.210e+6,,1.906e-3
402.2,5.232e+6,5.232e+6,,2.648e-3
402.3,5.236e+6,5.236e+6,,3.732e-3
402.4,5.214e+6,5.214e+6,,5.215e-3
402.5,5.167e+6,5.167e+6,,7.140e-3
402.6,5.104e+6,5.104e+6,,9.523e-3
402.7,5.050e+6,5.050e+6,,1.234e-2
402.8,5.043e+6,5.043e+6,,1.553e-2
402.9,5.145e+6,5.145e+6,,1.896e-2
403,5.442e+6,5.442e+6,,2.245e-2
403.1,6.047e+6,6.047e+6,,2.578e-2
403.2,7.100e+6,7.100e+6,,2.873e-2
403.3,8.762e+6,8.762e+6,,3.107e-2
403.4,1.120e+7,1.120e+7,,3.261e-2
403.5,1.458e+7,1.458e+7,,3.325e-2
403.6,1.903e+7,1.903e+7,,3.298e-2
403.7,2.459e+7,2.459e+7,,3.188e-2
403.8,3.122e+7,3.122e+7,,3.015e-2
403.9,3.876e+7,3.876e+7,,2.805e-2
404,4.689e+7,4.689e+7,,2.589e-2
404.1,5.518e+7,5.518e+7,,2.401e-2
404.2,6.309e+7,6.309e+7,,2.271e-2
404.3,7.006e+7,7.006e+7,,2.222e-2
404.4,7.553e+7,7.553e+7,,2.271e-2
404.5,7.904e+7,7.904e+7,,2.421e-2
404.6,8.030e+7,8.030e+7,,2.665e-2
404.7,7.925e+7,7.925e+7,,2.983e-2
404.8,7.603e+7,7.603e+7,,3.347e-2
404.9,7.102e+7,7.102e+7,,3.721e-2
405,6.475e+7,6.475e+7,,4.065e-2
405.1,5.789e+7,5.789e+7,,4.342e-2
405.2,5.108e+7,5.108e+7,,4.520e-2
405.3,4.497e+7,4.497e+7,,4.579e-2
405.4,4.006e+7,4.006e+7,,4.509e-2
405.5,3.669e+7,3.669e+7,,4.313e-2
405.6,3.506e+7,3.506e+7,,4.007e-2
405.7,3.516e+7,3.516e+7,,3.617e-2
405.8,3.682e+7,3.682e+7,,3.173e-2
405.9,3.977e+7,3.977e+7,,2.706e-2
406,4.362e+7,4.362e+7,,2.248e-2
406.1,4.797e+7,4.797e+7,,1.823e-2
406.2,5.241e+7,5.241e+7,,1.449e-2
406.3,5.656e+7,5.656e+7,,1.138e-2
406.4,6.011e+7,6.011e+7,,8.982e-3
406.5,6.285e+7,6.285e+7,,7.318e-3
406.6,6.463e+7,6.463e+7,,6.406e-3
406.7,6.538e+7,6.538e+7,,6.260e-3
406.8,6.512e+7,6.512e+7,,6.904e-3
406.9,6.387e+7,6.387e+7,,8.373e-3
407,6.171e+7,6.171e+7,,1.071e-2
407.1,5.874e+7,5.874e+7,,1.394e-2
407.2,5.506e+7,5.506e+7,,1.806e-2
407.3,5.080e+7,5.080e+7,,2.301e-2
407.4,4.610e+7,4.610e+7,,2.864e-2
407.5,4.114e+7,4.114e+7,,3.473e-2
407.6,3.607e+7,3.607e+7,,4.096e-2
407.7,3.108e+7,3.108e+7,,4.695e-2
407.8,2.633e+7,2.633e+7,,5.227e-2
407.9,2.195e+7,2.195e+7,,5.655e-2
408,1.803e+7,1.803e+7,,5.943e-2
408.1,1.463e+7,1.463e+7,,6.071e-2
408.2,1.176e+7,1.176e+7,,6.030e-2
408.3,9.399e+6,9.399e+6,,5.828e-2
408.4,7.492e+6,7.492e+6,,5.487e-2
408.5,5.973e+6,5.973e+6,,5.041e-2
408.6,4.771e+6,4.771e+6,,4.529e-2
408.7,3.817e+6,3.817e+6,,3.992e-2
408.8,3.055e+6,3.055e+6,,3.466e-2
408.9,2.439e+6,2.439e+6,,2.980e-2
409,1.934e+6,1.934e+6,,2.554e-2
409.1,1.518e+6,1.518e+6,,2.196e-2
409.2,1.175e+6,1.175e+6,,1.906e-2
409.3,8.944e+5,8.944e+5,,1.678e-2
409.4,6.689e+5,6.689e+5,,1.501e-2
409.5,4.924e+5,4.924e+5,,1.361e-2
409.6,3.597e+5,3.597e+5,,1.247e-2
409.7,2.660e+5,2.660e+5,,1.149e-2
409.8,2.078e+5,2.078e+5,,1.059e-2
409.9,1.824e+5,1.824e+5,,9.742e-3
410,1.893e+5,1.893e+5,,8.938e-3
410.1,2.302e+5,2.302e+5,,8.204e-3
410.2,3.094e+5,3.094e+5,,7.598e-3
410.3,4.335e+5,4.335e+5,,7.208e-3
410.4,6.119e+5,6.119e+5,,7.155e-3
410.5,8.555e+5,8.555e+5,,7.602e-3
410.6,1.176e+6,1.176e+6,,8.757e-3
410.7,1.586e+6,1.586e+6,,1.087e-2
410.8,2.092e+6,2.092e+6,,1.425e-2
410.9,2.701e+6,2.701e+6,,1.923e-2
411,3.410e+6,3.410e+6,,2.612e-2
411.1,4.207e+6,4.207e+6,,3.522e-2
411.2,5.072e+6,5.072e+6,,4.674e-2
411.3,5.974e+6,5.974e+6,,6.070e-2
411.4,6.873e+6,6.873e+6,,7.693e-2
411.5,7.727e+6,7.727e+6,,9.500e-2
411.6,8.491e+6,8.491e+6,,1.142e-1
411.7,9.128e+6,9.128e+6,,1.335e-1
411.8,9.613e+6,9.613e+6,,1.519e-1
411.9,9.940e+6,9.940e+6,,1.682e-1
412,1.012e+7,1.012e+7,,1.812e-1
412.1,1.019e+7,1.019e+7,,1.902e-1
412.2,1.019e+7,1.019e+7,,1.946e-1
412.3,1.017e+7,1.017e+7,,1.946e-1
412.4,1.020e+7,1.020e+7,,1.907e-1
412.5,1.033e+7,1.033e+7,,1.840e-1
412.6,1.058e+7,1.058e+7,,1.759e-1
412.7,1.098e+7,1.098e+7,,1.680e-1
412.8,1.152e+7,1.152e+7,,1.620e-1
412.9,1.218e+7,1.218e+7,,1.592e-1
413,1.293e+7,1.293e+7,,1.606e-1
413.1,1.374e+7,1.374e+7,,1.665e-1
413.2,1.458e+7,1.458e+7,,1.768e-1
413.3,1.543e+7,1.543e+7,,1.905e-1
413.4,1.627e+7,1.627e+7,,2.061e-1
413.5,1.710e+7,1.710e+7,,2.220e-1
413.6,1.791e+7,1.791e+7,,2.362e-1
413.7,1.871e+7,1.871e+7,,2.468e-1
413.8,1.948e+7,1.948e+7,,2.523e-1
413.9,2.018e+7,2.018e+7,,2.519e-1
414,2.079e+7,2.079e+7,,2.452e-1
414.1,2.125e+7,2.125e+7,,2.324e-1
414.2,2.153e+7,2.153e+7,,2.144e-1
414.3,2.160e+7,2.160e+7,,1.927e-1
414.4,2.144e+7,2.144e+7,,1.686e-1
414.5,2.106e+7,2.106e+7,,1.439e-1
414.6,2.050e+7,2.050e+7,,1.201e-1
414.7,1.981e+7,1.981e+7,,9.847e-2
414.8,1.906e+7,1.906e+7,,7.998e-2
414.9,1.829e+7,1.829e+7,,6.536e-2
415,1.757e+7,1.757e+7,,5.508e-2
415.1,1.691e+7,1.691e+7,,4.945e-2
415.2,1.631e+7,1.631e+7,,4.865e-2
415.3,1.575e+7,1.575e+7,,5.280e-2
415.4,1.519e+7,1.519e+7,,6.197e-2
415.5,1.458e+7,1.458e+7,,7.614e-2
415.6,1.388e+7,1.388e+7,,9.515e-2
415.7,1.306e+7,1.306e+7,,1.186e-1
415.8,1.211e+7,1.211e+7,,1.458e-1
415.9,1.104e+7,1.104e+7,,1.756e-1
416,9.873e+6,9.873e+6,,2.066e-1
416.1,8.659e+6,8.659e+6,,2.369e-1
416.2,7.446e+6,7.446e+6,,2.647e-1
416.3,6.287e+6,6.287e+6,,2.879e-1
416.4,5.229e+6,5.229e+6,,3.047e-1
416.5,4.311e+6,4.311e+6,,3.139e-1
416.6,3.563e+6,3.563e+6,,3.146e-1
416.7,3.001e+6,3.001e+6,,3.069e-1
416.8,2.632e+6,2.632e+6,,2.914e-1
416.9,2.453e+6,2.453e+6,,2.693e-1
417,2.459e+6,2.459e+6,,2.424e-1
417.1,2.639e+6,2.639e+6,,2.125e-1
417.2,2.981e+6,2.981e+6,,1.815e-1
417.3,3.473e+6,3.473e+6,,1.512e-1
417.4,4.104e+6,4.104e+6,,1.229e-1
417.5,4.864e+6,4.864e+6,,9.759e-2
417.6,5.741e+6,5.741e+6,,7.584e-2
417.7,6.723e+6,6.723e+6,,5.779e-2
417.8,7.798e+6,7.798e+6,,4.331e-2
417.9,8.949e+6,8.949e+6,,3.206e-2
418,1.016e+7,1.016e+7,,2.357e-2
418.1,1.140e+7,1.140e+7,,1.734e-2
418.2,1.266e+7,1.266e+7,,1.289e-2
418.3,1.391e+7,1.391e+7,,9.775e-3
418.4,1.515e+7,1.515e+7,,7.645e-3
418.5,1.636e+7,1.636e+7,,6.206e-3
418.6,1.754e+7,1.754e+7,,5.241e-3
418.7,1.871e+7,1.871e+7,,4.589e-3
418.8,1.988e+7,1.988e+7,,4.137e-3
418.9,2.109e+7,2.109e+7,,3.811e-3
419,2.234e+7,2.234e+7,,3.561e-3
419.1,2.364e+7,2.364e+7,,3.356e-3
419.2,2.500e+7,2.500e+7,,3.181e-3
419.3,2.637e+7,2.637e+7,,3.026e-3
419.4,2.769e+7,2.769e+7,,2.889e-3
419.5,2.888e+7,2.888e+7,,2.772e-3
419.6,2.984e+7,2.984e+7,,2.679e-3
419.7,3.046e+7,3.046e+7,,2.615e-3
419.8,3.065e+7,3.065e+7,,2.587e-3
419.9,3.034e+7,3.034e+7,,2.600e-3
420,2.948e+7,2.948e+7,,2.660e-3
420.1,2.810e+7,2.810e+7,,2.771e-3
420.2,2.624e+7,2.624e+7,,2.936e-3
420.3,2.401e+7,2.401e+7,,3.161e-3
420.4,2.153e+7,2.153e+7,,3.455e-3
420.5,1.894e+7,1.894e+7,,3.829e-3
420.6,1.640e+7,1.640e+7,,4.305e-3
420.7,1.404e+7,1.404e+7,,4.913e-3
420.8,1.198e+7,1.198e+7,,5.691e-3
420.9,1.031e+7,1.031e+7,,6.687e-3
421,9.080e+6,9.080e+6,,7.953e-3
421.1,8.307e+6,8.307e+6,,9.539e-3
421.2,7.987e+6,7.987e+6,,1.148e-2
421.3,8.089e+6,8.089e+6,,1.379e-2
421.4,8.565e+6,8.565e+6,,1.645e-2
421.5,9.354e+6,9.354e+6,,1.938e-2
421.6,1.039e+7,1.039e+7,,2.249e-2
421.7,1.161e+7,1.161e+7,,2.561e-2
421.8,1.295e+7,1.295e+7,,2.856e-2
421.9,1.435e+7,1.435e+7,,3.113e-2
422,1.575e+7,1.575e+7,,3.314e-2
422.1,1.709e+7,1.709e+7,,3.443e-2
422.2,1.834e+7,1.834e+7,,3.491e-2
422.3,1.945e+7,1.945e+7,,3.457e-2
422.4,2.040e+7,2.040e+7,,3.348e-2
422.5,2.115e+7,2.115e+7,,3.178e-2
422.6,2.170e+7,2.170e+7,,2.969e-2
422.7,2.206e+7,2.206e+7,,2.745e-2
422.8,2.223e+7,2.223e+7,,2.532e-2
422.9,2.222e+7,2.222e+7,,2.354e-2
423,2.207e+7,2.207e+7,,2.230e-2
423.1,2.180e+7,2.180e+7,,2.171e-2
423.2,2.142e+7,2.142e+7,,2.182e-2
423.3,2.096e+7,2.096e+7,,2.258e-2
423.4,2.043e+7,2.043e+7,,2.390e-2
423.5,1.985e+7,1.985e+7,,2.562e-2
423.6,1.923e+7,1.923e+7,,2.757e-2
423.7,1.860e+7,1.860e+7,,2.954e-2
423.8,1.800e+7,1.800e+7,,3.138e-2
423.9,1.746e+7,1.746e+7,,3.295e-2
424,1.703e+7,1.703e+7,,3.416e-2
424.1,1.676e+7,1.676e+7,,3.497e-2
424.2,1.668e+7,1.668e+7,,3.536e-2
424.3,1.681e+7,1.681e+7,,3.537e-2
424.4,1.715e+7,1.715e+7,,3.504e-2
424.5,1.769e+7,1.769e+7,,3.442e-2
424.6,1.839e+7,1.839e+7,,3.355e-2
424.7,1.920e+7,1.920e+7,,3.245e-2
424.8,2.008e+7,2.008e+7,,3.116e-2
424.9,2.097e+7,2.097e+7,,2.969e-2
425,2.185e+7,2.185e+7,,2.805e-2
425.1,2.267e+7,2.267e+7,,2.629e-2
425.2,2.345e+7,2.345e+7,,2.443e-2
425.3,2.416e+7,2.416e+7,,2.253e-2
425.4,2.481e+7,2.481e+7,,2.064e-2
425.5,2.542e+7,2.542e+7,,1.881e-2
425.6,2.598e+7,2.598e+7,,1.711e-2
425.7,2.650e+7,2.650e+7,,1.558e-2
425.8,2.699e+7,2.699e+7,,1.425e-2
425.9,2.747e+7,2.747e+7,,1.315e-2
426,2.796e+7,2.796e+7,,1.227e-2
426.1,2.851e+7,2.851e+7,,1.164e-2
426.2,2.916e+7,2.916e+7,,1.123e-2
426.3,2.995e+7,2.995e+7,,1.104e-2
426.4,3.090e+7,3.090e+7,,1.107e-2
426.5,3.202e+7,3.202e+7,,1.128e-2
426.6,3.327e+7,3.327e+7,,1.167e-2
426.7,3.455e+7,3.455e+7,,1.218e-2
426.8,3.577e+7,3.577e+7,,1.278e-2
426.9,3.675e+7,3.675e+7,,1.342e-2
427,3.737e+7,3.737e+7,,1.405e-2
427.1,3.747e+7,3.747e+7,,1.462e-2
427.2,3.697e+7,3.697e+7,,1.511e-2
427.3,3.583e+7,3.583e+7,,1.551e-2
427.4,3.405e+7,3.405e+7,,1.583e-2
427.5,3.172e+7,3.172e+7,,1.611e-2
427.6,2.897e+7,2.897e+7,,1.640e-2
427.7,2.594e+7,2.594e+7,,1.675e-2
427.8,2.281e+7,2.281e+7,,1.722e-2
427.9,1.973e+7,1.973e+7,,1.785e-2
428,1.683e+7,1.683e+7,,1.865e-2
428.1,1.422e+7,1.422e+7,,1.963e-2
428.2,1.195e+7,1.195e+7,,2.074e-2
428.3,1.007e+7,1.007e+7,,2.194e-2
428.4,8.576e+6,8.576e+6,,2.318e-2
428.5,7.457e+6,7.457e+6,,2.443e-2
428.6,6.690e+6,6.690e+6,,2.567e-2
428.7,6.245e+6,6.245e+6,,2.689e-2
428.8,6.092e+6,6.092e+6,,2.814e-2
428.9,6.204e+6,6.204e+6,,2.946e-2
429,6.553e+6,6.553e+6,,3.091e-2
429.1,7.119e+6,7.119e+6,,3.257e-2
429.2,7.884e+6,7.884e+6,,3.448e-2
429.3,8.837e+6,8.837e+6,,3.668e-2
429.4,9.971e+6,9.971e+6,,3.918e-2
429.5,1.129e+7,1.129e+7,,4.198e-2
429.6,1.279e+7,1.279e+7,,4.507e-2
429.7,1.450e+7,1.450e+7,,4.840e-2
429.8,1.639e+7,1.639e+7,,5.193e-2
429.9,1.848e+7,1.848e+7,,5.559e-2
430,2.072e+7,2.072e+7,,5.932e-2
430.1,2.306e+7,2.306e+7,,6.299e-2
430.2,2.543e+7,2.543e+7,,6.649e-2
430.3,2.771e+7,2.771e+7,,6.964e-2
430.4,2.976e+7,2.976e+7,,7.227e-2
430.5,3.146e+7,3.146e+7,,7.417e-2
430.6,3.266e+7,3.266e+7,,7.516e-2
430.7,3.328e+7,3.328e+7,,7.509e-2
430.8,3.326e+7,3.326e+7,,7.383e-2
430.9,3.260e+7,3.260e+7,,7.137e-2
431,3.138e+7,3.138e+7,,6.774e-2
431.1,2.973e+7,2.973e+7,,6.306e-2
431.2,2.783e+7,2.783e+7,,5.752e-2
431.3,2.591e+7,2.591e+7,,5.138e-2
431.4,2.419e+7,2.419e+7,,4.490e-2
431.5,2.289e+7,2.289e+7,,3.838e-2
431.6,2.215e+7,2.215e+7,,3.206e-2
431.7,2.209e+7,2.209e+7,,2.617e-2
431.8,2.274e+7,2.274e+7,,2.086e-2
431.9,2.403e+7,2.403e+7,,1.623e-2
432,2.584e+7,2.584e+7,,1.233e-2
432.1,2.796e+7,2.796e+7,,9.132e-3
432.2,3.017e+7,3.017e+7,,6.600e-3
432.3,3.221e+7,3.221e+7,,4.652e-3
432.4,3.383e+7,3.383e+7,,3.196e-3
432.5,3.482e+7,3.482e+7,,2.141e-3
432.6,3.505e+7,3.505e+7,,1.398e-3
432.7,3.443e+7,3.443e+7,,8.895e-4
432.8,3.299e+7,3.299e+7,,5.515e-4
432.9,3.081e+7,3.081e+7,,3.331e-4
433,2.803e+7,2.803e+7,,1.960e-4
433.1,2.484e+7,2.484e+7,,1.124e-4
433.2,2.144e+7,2.144e+7,,6.274e-5
433.3,1.802e+7,1.802e+7,,3.412e-5
433.4,1.474e+7,1.474e+7,,1.807e-5
433.5,1.175e+7,1.175e+7,,9.320e-6
433.6,9.112e+6,9.112e+6,,4.684e-6
433.7,6.882e+6,6.882e+6,,2.298e-6
433.8,5.061e+6,5.061e+6,,1.114e-6
433.9,3.624e+6,3.624e+6,,5.640e-7
434,2.527e+6,2.527e+6,,3.659e-7
434.1,1.715e+6,1.715e+6,,4.158e-7
434.2,1.133e+6,1.133e+6,,7.466e-7
434.3,7.293e+5,7.293e+5,,1.547e-6
434.4,4.569e+5,4.569e+5,,3.244e-6
434.5,2.787e+5,2.787e+5,,6.680e-6
434.6,1.655e+5,1.655e+5,,1.342e-5
434.7,9.572e+4,9.572e+4,,2.627e-5
434.8,5.389e+4,5.389e+4,,5.011e-5
434.9,2.954e+4,2.954e+4,,9.313e-5
435,1.578e+4,1.578e+4,,1.686e-4
435.1,8.234e+3,8.234e+3,,2.975e-4
435.2,4.243e+3,4.243e+3,,5.113e-4
435.3,2.266e+3,2.266e+3,,8.563e-4
435.4,1.475e+3,1.475e+3,,1.397e-3
435.5,1.526e+3,1.526e+3,,2.221e-3
435.6,2.453e+3,2.453e+3,,3.440e-3
435.7,4.684e+3,4.684e+3,,5.191e-3
435.8,9.191e+3,9.191e+3,,7.631e-3
435.9,1.779e+4,1.779e+4,,1.093e-2
436,3.363e+4,3.363e+4,,1.526e-2
436.1,6.198e+4,6.198e+4,,2.075e-2
436.2,1.113e+5,1.113e+5,,2.749e-2
436.3,1.948e+5,1.948e+5,,3.548e-2
436.4,3.321e+5,3.321e+5,,4.462e-2
436.5,5.517e+5,5.517e+5,,5.468e-2
436.6,8.930e+5,8.930e+5,,6.528e-2
436.7,1.408e+6,1.408e+6,,7.594e-2
436.8,2.164e+6,2.164e+6,,8.606e-2
436.9,3.240e+6,3.240e+6,,9.504e-2
437,4.727e+6,4.727e+6,,1.023e-1
437.1,6.718e+6,6.718e+6,,1.072e-1
437.2,9.304e+6,9.304e+6,,1.095e-1
437.3,1.255e+7,1.255e+7,,1.090e-1
437.4,1.651e+7,1.651e+7,,1.056e-1
437.5,2.115e+7,2.115e+7,,9.981e-2
437.6,2.639e+7,2.639e+7,,9.187e-2
437.7,3.210e+7,3.210e+7,,8.239e-2
437.8,3.805e+7,3.805e+7,,7.200e-2
437.9,4.393e+7,4.393e+7,,6.130e-2
438,4.944e+7,4.944e+7,,5.085e-2
438.1,5.420e+7,5.420e+7,,4.110e-2
438.2,5.792e+7,5.792e+7,,3.237e-2
438.3,6.031e+7,6.031e+7,,2.484e-2
438.4,6.121e+7,6.121e+7,,1.857e-2
438.5,6.057e+7,6.057e+7,,1.353e-2
438.6,5.844e+7,5.844e+7,,9.603e-3
438.7,5.502e+7,5.502e+7,,6.641e-3
438.8,5.058e+7,5.058e+7,,4.475e-3
438.9,4.548e+7,4.548e+7,,2.938e-3
439,4.009e+7,4.009e+7,,1.879e-3
439.1,3.479e+7,3.479e+7,,1.171e-3
439.2,2.990e+7,2.990e+7,,7.114e-4
439.3,2.571e+7,2.571e+7,,4.210e-4
439.4,2.239e+7,2.239e+7,,2.427e-4
439.5,2.005e+7,2.005e+7,,1.364e-4
439.6,1.869e+7,1.869e+7,,7.463e-5
439.7,1.827e+7,1.827e+7,,3.980e-5
439.8,1.866e+7,1.866e+7,,2.068e-5
439.9,1.968e+7,1.968e+7,,1.047e-5
440,2.114e+7,2.114e+7,,5.167e-6
440.1,2.281e+7,2.281e+7,,2.484e-6
440.2,2.448e+7,2.448e+7,,1.163e-6
440.3,2.597e+7,2.597e+7,,5.308e-7
440.4,2.712e+7,2.712e+7,,2.360e-7
440.5,2.783e+7,2.783e+7,,1.023e-7
440.6,2.804e+7,2.804e+7,,4.317e-8
440.7,2.774e+7,2.774e+7,,1.776e-8
440.8,2.696e+7,2.696e+7,,7.116e-9
440.9,2.578e+7,2.578e+7,,2.779e-9
441,2.429e+7,2.429e+7,,1.057e-9
441.1,2.258e+7,2.258e+7,,3.919e-10
441.2,2.074e+7,2.074e+7,,1.416e-10
441.3,1.885e+7,1.885e+7,,4.982e-11
441.4,1.697e+7,1.697e+7,,1.708e-11
441.5,1.513e+7,1.513e+7,,5.708e-12
441.6,1.338e+7,1.338e+7,,1.858e-12
441.7,1.172e+7,1.172e+7,,5.894e-13
441.8,1.016e+7,1.016e+7,,1.822e-13
441.9,8.717e+6,8.717e+6,,5.486e-14
442,7.390e+6,7.390e+6,,1.610e-14
442.1,6.188e+6,6.188e+6,,4.602e-15
442.2,5.120e+6,5.120e+6,,1.282e-15
442.3,4.192e+6,4.192e+6,,3.479e-16
442.4,3.404e+6,3.404e+6,,9.200e-17
442.5,2.755e+6,2.755e+6,,2.371e-17
442.6,2.236e+6,2.236e+6,,3.882e-18
442.7,1.837e+6,1.837e+6,,
442.8,1.539e+6,1.539e+6,,
442.9,1.324e+6,1.324e+6,,
443,1.173e+6,1.173e+6,,
443.1,1.067e+6,1.067e+6,,
443.2,9.893e+5,9.893e+5,,
443.3,9.261e+5,9.261e+5,,
443.4,8.673e+5,8.673e+5,,
443.5,8.063e+5,8.063e+5,,
443.6,7.398e+5,7.398e+5,,
443.7,6.671e+5,6.671e+5,,
443.8,5.896e+5,5.896e+5,,
443.9,5.097e+5,5.097e+5,,
444,4.306e+5,4.306e+5,,
444.1,3.553e+5,3.553e+5,,
444.2,2.865e+5,2.865e+5,,
444.3,2.260e+5,2.260e+5,,
444.4,1.751e+5,1.751e+5,,
444.5,1.345e+5,1.345e+5,,
444.6,1.045e+5,1.045e+5,,
444.7,8.544e+4,8.544e+4,,
444.8,7.767e+4,7.767e+4,,
444.9,8.220e+4,8.220e+4,,
445,1.007e+5,1.007e+5,,
445.1,1.359e+5,1.359e+5,,
445.2,1.913e+5,1.913e+5,,
445.3,2.712e+5,2.712e+5,,
445.4,3.806e+5,3.806e+5,,
445.5,5.242e+5,5.242e+5,,
445.6,7.063e+5,7.063e+5,,
445.7,9.295e+5,9.295e+5,,
445.8,1.194e+6,1.194e+6,,
445.9,1.497e+6,1.497e+6,,
446,1.832e+6,1.832e+6,,
446.1,2.187e+6,2.187e+6,,
446.2,2.547e+6,2.547e+6,,
446.3,2.895e+6,2.895e+6,,
446.4,3.211e+6,3.211e+6,,
446.5,3.475e+6,3.475e+6,,
446.6,3.670e+6,3.670e+6,,
446.7,3.783e+6,3.783e+6,,
446.8,3.804e+6,3.804e+6,,
446.9,3.733e+6,3.733e+6,,
447,3.575e+6,3.575e+6,,
447.1,3.340e+6,3.340e+6,,
447.2,3.046e+6,3.046e+6,,
447.3,2.711e+6,2.711e+6,,
447.4,2.354e+6,2.354e+6,,
447.5,1.995e+6,1.995e+6,,
447.6,1.650e+6,1.650e+6,,
447.7,1.332e+6,1.332e+6,,
447.8,1.049e+6,1.049e+6,,
447.9,8.061e+5,8.061e+5,,
448,6.047e+5,6.047e+5,,
448.1,4.426e+5,4.426e+5,,
448.2,3.162e+5,3.162e+5,,
448.3,2.204e+5,2.204e+5,,
448.4,1.499e+5,1.499e+5,,
448.5,9.955e+4,9.955e+4,,
448.6,6.449e+4,6.449e+4,,
448.7,4.078e+4,4.078e+4,,
448.8,2.516e+4,2.516e+4,,
448.9,1.515e+4,1.515e+4,,
449,8.900e+3,8.900e+3,,
449.1,5.103e+3,5.103e+3,,
449.2,2.855e+3,2.855e+3,,
449.3,1.559e+3,1.559e+3,,
449.4,8.315e+2,8.315e+2,,
449.5,4.339e+2,4.339e+2,,
449.6,2.238e+2,2.238e+2,,
449.7,1.189e+2,1.189e+2,,
449.8,7.496e+1,7.496e+1,,
449.9,7.217e+1,7.217e+1,,
450,1.088e+2,1.088e+2,,
450.1,2.003e+2,2.003e+2,,
450.2,3.839e+2,3.839e+2,,
450.3,7.292e+2,7.292e+2,,
450.4,1.356e+3,1.356e+3,,
450.5,2.465e+3,2.465e+3,,
450.6,4.370e+3,4.370e+3,,
450.7,7.564e+3,7.564e+3,,
450.8,1.278e+4,1.278e+4,,
450.9,2.106e+4,2.106e+4,,
451,3.388e+4,3.388e+4,,
451.1,5.319e+4,5.319e+4,,
451.2,8.149e+4,8.149e+4,,
451.3,1.218e+5,1.218e+5,,
451.4,1.778e+5,1.778e+5,,
451.5,2.532e+5,2.532e+5,,
451.6,3.519e+5,3.519e+5,,
451.7,4.773e+5,4.773e+5,,
451.8,6.317e+5,6.317e+5,,
451.9,8.160e+5,8.160e+5,,
452,1.029e+6,1.029e+6,,
452.1,1.266e+6,1.266e+6,,
452.2,1.520e+6,1.520e+6,,
452.3,1.780e+6,1.780e+6,,
452.4,2.036e+6,2.036e+6,,
452.5,2.272e+6,2.272e+6,,
452.6,2.474e+6,2.474e+6,,
452.7,2.630e+6,2.630e+6,,
452.8,2.728e+6,2.728e+6,,
452.9,2.761e+6,2.761e+6,,
453,2.728e+6,2.728e+6,,
453.1,2.630e+6,2.630e+6,,
453.2,2.474e+6,2.474e+6,,
453.3,2.272e+6,2.272e+6,,
453.4,2.036e+6,2.036e+6,,
453.5,1.780e+6,1.780e+6,,
453.6,1.520e+6,1.520e+6,,
453.7,1.266e+6,1.266e+6,,
453.8,1.029e+6,1.029e+6,,
453.9,8.160e+5,8.160e+5,,
454,6.317e+5,6.317e+5,,
454.1,4.773e+5,4.773e+5,,
454.2,3.519e+5,3.519e+5,,
454.3,2.532e+5,2.532e+5,,
454.4,1.778e+5,1.778e+5,,
454.5,1.218e+5,1.218e+5,,
454.6,8.149e+4,8.149e+4,,
454.7,5.319e+4,5.319e+4,,
454.8,3.388e+4,3.388e+4,,
454.9,2.106e+4,2.106e+4,,
455,1.278e+4,1.278e+4,,
455.1,7.564e+3,7.564e+3,,
455.2,4.370e+3,4.370e+3,,
455.3,2.464e+3,2.464e+3,,
455.4,1.356e+3,1.356e+3,,
455.5,7.283e+2,7.283e+2,,
455.6,3.817e+2,3.817e+2,,
455.7,1.952e+2,1.952e+2,,
455.8,9.744e+1,9.744e+1,,
455.9,4.747e+1,4.747e+1,,
456,2.257e+1,2.257e+1,,
456.1,1.047e+1,1.047e+1,,
456.2,4.740e+0,4.740e+0,,
456.3,2.095e+0,2.095e+0,,
456.4,9.033e-1,9.033e-1,,
456.5,3.801e-1,3.801e-1,,
456.6,1.561e-1,1.561e-1,,
456.7,6.258e-2,6.258e-2,,
456.8,2.448e-2,2.448e-2,,
456.9,9.344e-3,9.344e-3,,
457,3.481e-3,3.481e-3,,
457.1,1.266e-3,1.266e-3,,
457.2,4.490e-4,4.490e-4,,
457.3,1.555e-4,1.555e-4,,
457.4,5.254e-5,5.254e-5,,
457.5,1.733e-5,1.733e-5,,
457.6,5.577e-6,5.577e-6,,
457.7,1.752e-6,1.752e-6,,
457.8,5.369e-7,5.369e-7,,
457.9,1.606e-7,1.606e-7,,
458,4.689e-8,4.689e-8,,
458.1,1.336e-8,1.336e-8,,
458.2,3.715e-9,3.715e-9,,
458.3,1.008e-9,1.008e-9,,
481.2,4.280e-10,4.280e-10,,
481.3,1.734e-9,1.734e-9,,
481.4,5.844e-9,5.844e-9,,
481.5,1.928e-8,1.928e-8,,
481.6,6.229e-8,6.229e-8,,
481.7,1.971e-7,1.971e-7,,
481.8,6.105e-7,6.105e-7,,
481.9,1.852e-6,1.852e-6,,
482,5.501e-6,5.501e-6,,
482.1,1.600e-5,1.600e-5,,
482.2,4.557e-5,4.557e-5,,
482.3,1.271e-4,1.271e-4,,
482.4,3.471e-4,3.471e-4,,
482.5,9.282e-4,9.282e-4,,
482.6,2.431e-3,2.431e-3,,
482.7,6.233e-3,6.233e-3,,
482.8,1.565e-2,1.565e-2,,
482.9,3.848e-2,3.848e-2,,
483,9.264e-2,9.264e-2,,
483.1,2.184e-1,2.184e-1,,
483.2,5.042e-1,5.042e-1,,
483.3,1.140e+0,1.140e+0,,
483.4,2.523e+0,2.523e+0,,
483.5,5.470e+0,5.470e+0,,
483.6,1.161e+1,1.161e+1,,
483.7,2.413e+1,2.413e+1,,
483.8,4.912e+1,4.912e+1,,
483.9,9.791e+1,9.791e+1,,
484,1.911e+2,1.911e+2,,
484.1,3.652e+2,3.652e+2,,
484.2,6.835e+2,6.835e+2,,
484.3,1.253e+3,1.253e+3,,
484.4,2.248e+3,2.248e+3,,
484.5,3.950e+3,3.950e+3,,
484.6,6.797e+3,6.797e+3,,
484.7,1.145e+4,1.145e+4,,
484.8,1.890e+4,1.890e+4,,
484.9,3.054e+4,3.054e+4,1.156e-11,
485,4.832e+4,4.832e+4,3.894e-11,
485.1,7.486e+4,7.486e+4,1.284e-10,
485.2,1.136e+5,1.136e+5,4.150e-10,
485.3,1.688e+5,1.688e+5,1.313e-9,
485.4,2.455e+5,2.455e+5,4.097e-9,
485.5,3.498e+5,3.498e+5,1.245e-8,
485.6,4.881e+5,4.881e+5,3.703e-8,
485.7,6.668e+5,6.668e+5,1.079e-7,
485.8,8.921e+5,8.921e+5,3.082e-7,
485.9,1.169e+6,1.169e+6,8.619e-7,
486,1.499e+6,1.499e+6,2.361e-6,
486.1,1.884e+6,1.884e+6,6.337e-6,
486.2,2.318e+6,2.318e+6,1.666e-5,
486.3,2.793e+6,2.793e+6,4.290e-5,
486.4,3.297e+6,3.297e+6,1.082e-4,
486.5,3.811e+6,3.811e+6,2.675e-4,
486.6,4.316e+6,4.316e+6,6.476e-4,
486.7,4.789e+6,4.789e+6,1.536e-3,
486.8,5.208e+6,5.208e+6,3.570e-3,
486.9,5.553e+6,5.553e+6,8.127e-3,
487,5.809e+6,5.809e+6,1.813e-2,
487.1,5.968e+6,5.968e+6,3.962e-2,
487.2,6.028e+6,6.028e+6,8.484e-2,
487.3,6.000e+6,6.000e+6,1.780e-1,
487.4,5.901e+6,5.901e+6,3.660e-1,
487.5,5.754e+6,5.754e+6,7.375e-1,
487.6,5.593e+6,5.593e+6,1.456e+0,
487.7,5.449e+6,5.449e+6,2.818e+0,
487.8,5.358e+6,5.358e+6,5.344e+0,
487.9,5.349e+6,5.349e+6,9.933e+0,
488,5.444e+6,5.444e+6,1.810e+1,
488.1,5.659e+6,5.659e+6,3.232e+1,
488.2,5.994e+6,5.994e+6,5.660e+1,
488.3,6.441e+6,6.441e+6,9.716e+1,
488.4,6.976e+6,6.976e+6,1.635e+2,
488.5,7.568e+6,7.568e+6,2.699e+2,
488.6,8.175e+6,8.174e+6,4.369e+2,
488.7,8.752e+6,8.751e+6,6.936e+2,
488.8,9.252e+6,9.251e+6,1.080e+3,
488.9,9.635e+6,9.633e+6,1.650e+3,
489,9.865e+6,9.862e+6,2.472e+3,
489.1,9.918e+6,9.915e+6,3.635e+3,
489.2,9.784e+6,9.779e+6,5.244e+3,
489.3,9.465e+6,9.458e+6,7.426e+3,
489.4,8.978e+6,8.967e+6,1.032e+4,
489.5,8.349e+6,8.335e+6,1.408e+4,
489.6,7.615e+6,7.596e+6,1.885e+4,
489.7,6.816e+6,6.791e+6,2.479e+4,
489.8,5.995e+6,5.963e+6,3.200e+4,
489.9,5.195e+6,5.155e+6,4.056e+4,
490,4.453e+6,4.403e+6,5.048e+4,
490.1,3.803e+6,3.742e+6,6.170e+4,
490.2,3.272e+6,3.198e+6,7.407e+4,
490.3,2.881e+6,2.794e+6,8.732e+4,
490.4,2.646e+6,2.545e+6,1.011e+5,
490.5,2.579e+6,2.464e+6,1.149e+5,
490.6,2.687e+6,2.558e+6,1.284e+5,
490.7,2.972e+6,2.831e+6,1.408e+5,
490.8,3.434e+6,3.282e+6,1.516e+5,
490.9,4.066e+6,3.906e+6,1.603e+5,
491,4.855e+6,4.689e+6,1.664e+5,
491.1,5.783e+6,5.613e+6,1.696e+5,
491.2,6.820e+6,6.650e+6,1.698e+5,
491.3,7.931e+6,7.764e+6,1.668e+5,
491.4,9.070e+6,8.909e+6,1.608e+5,
491.5,1.019e+7,1.004e+7,1.522e+5,
491.6,1.123e+7,1.109e+7,1.413e+5,
491.7,1.214e+7,1.201e+7,1.288e+5,
491.8,1.286e+7,1.275e+7,1.151e+5,
491.9,1.336e+7,1.326e+7,1.010e+5,
492,1.361e+7,1.352e+7,8.688e+4,
492.1,1.359e+7,1.351e+7,7.335e+4,
492.2,1.329e+7,1.323e+7,6.077e+4,
492.3,1.274e+7,1.269e+7,4.944e+4,
492.4,1.197e+7,1.193e+7,3.955e+4,
492.5,1.102e+7,1.099e+7,3.120e+4,
492.6,9.945e+6,9.921e+6,2.442e+4,
492.7,8.794e+6,8.775e+6,1.920e+4,
492.8,7.621e+6,7.605e+6,1.550e+4,
492.9,6.473e+6,6.460e+6,1.327e+4,
493,5.391e+6,5.378e+6,1.253e+4,
493.1,4.404e+6,4.391e+6,1.330e+4,
493.2,3.534e+6,3.518e+6,1.568e+4,
493.3,2.792e+6,2.772e+6,1.982e+4,
493.4,2.182e+6,2.156e+6,2.592e+4,
493.5,1.702e+6,1.668e+6,3.421e+4,
493.6,1.349e+6,1.304e+6,4.492e+4,
493.7,1.116e+6,1.058e+6,5.826e+4,
493.8,9.996e+5,9.252e+5,7.437e+4,
493.9,9.964e+5,9.031e+5,9.326e+4,
494,1.108e+6,9.933e+5,1.148e+5,
494.1,1.340e+6,1.201e+6,1.387e+5,
494.2,1.700e+6,1.535e+6,1.644e+5,
494.3,2.198e+6,2.007e+6,1.911e+5,
494.4,2.847e+6,2.629e+6,2.180e+5,
494.5,3.655e+6,3.411e+6,2.440e+5,
494.6,4.627e+6,4.359e+6,2.678e+5,
494.7,5.761e+6,5.472e+6,2.885e+5,
494.8,7.044e+6,6.739e+6,3.048e+5,
494.9,8.454e+6,8.138e+6,3.160e+5,
495,9.953e+6,9.631e+6,3.213e+5,
495.1,1.149e+7,1.117e+7,3.206e+5,
495.2,1.301e+7,1.270e+7,3.138e+5,
495.3,1.445e+7,1.415e+7,3.014e+5,
495.4,1.573e+7,1.544e+7,2.841e+5,
495.5,1.678e+7,1.652e+7,2.627e+5,
495.6,1.755e+7,1.731e+7,2.386e+5,
495.7,1.800e+7,1.778e+7,2.128e+5,
495.8,1.809e+7,1.790e+7,1.866e+5,
495.9,1.782e+7,1.766e+7,1.612e+5,
496,1.720e+7,1.707e+7,1.375e+5,
496.1,1.628e+7,1.616e+7,1.162e+5,
496.2,1.510e+7,1.500e+7,9.816e+4,
496.3,1.373e+7,1.365e+7,8.361e+4,
496.4,1.224e+7,1.217e+7,7.281e+4,
496.5,1.070e+7,1.063e+7,6.583e+4,
496.6,9.168e+6,9.106e+6,6.259e+4,
496.7,7.711e+6,7.648e+6,6.292e+4,
496.8,6.369e+6,6.302e+6,6.657e+4,
496.9,5.173e+6,5.100e+6,7.325e+4,
497,4.140e+6,4.057e+6,8.260e+4,
497.1,3.277e+6,3.182e+6,9.426e+4,
497.2,2.578e+6,2.471e+6,1.078e+5,
497.3,2.034e+6,1.911e+6,1.230e+5,
497.4,1.626e+6,1.487e+6,1.393e+5,
497.5,1.336e+6,1.180e+6,1.564e+5,
497.6,1.144e+6,9.699e+5,1.740e+5,
497.7,1.030e+6,8.379e+5,1.918e+5,
497.8,9.756e+5,7.660e+5,2.096e+5,
497.9,9.661e+5,7.388e+5,2.273e+5,
498,9.880e+5,7.430e+5,2.450e+5,
498.1,1.031e+6,7.682e+5,2.627e+5,
498.2,1.087e+6,8.063e+5,2.807e+5,
498.3,1.152e+6,8.523e+5,2.996e+5,
498.4,1.223e+6,9.032e+5,3.198e+5,
498.5,1.301e+6,9.587e+5,3.423e+5,
498.6,1.389e+6,1.021e+6,3.680e+5,
498.7,1.491e+6,1.093e+6,3.981e+5,
498.8,1.614e+6,1.180e+6,4.337e+5,
498.9,1.764e+6,1.288e+6,4.760e+5,
499,1.950e+6,1.424e+6,5.258e+5,
499.1,2.176e+6,1.592e+6,5.840e+5,
499.2,2.448e+6,1.797e+6,6.505e+5,
499.3,2.765e+6,2.040e+6,7.251e+5,
499.4,3.127e+6,2.320e+6,8.064e+5,
499.5,3.526e+6,2.634e+6,8.924e+5,
499.6,3.952e+6,2.972e+6,9.804e+5,
499.7,4.392e+6,3.325e+6,1.067e+6,
499.8,4.828e+6,3.680e+6,1.148e+6,
499.9,5.242e+6,4.023e+6,1.219e+6,
500,5.616e+6,4.339e+6,1.277e+6,
500.1,5.931e+6,4.614e+6,1.318e+6,
500.2,6.175e+6,4.836e+6,1.339e+6,
500.3,6.336e+6,4.997e+6,1.340e+6,
500.4,6.410e+6,5.091e+6,1.319e+6,
500.5,6.396e+6,5.117e+6,1.279e+6,
500.6,6.299e+6,5.078e+6,1.222e+6,
500.7,6.130e+6,4.979e+6,1.150e+6,
500.8,5.900e+6,4.831e+6,1.070e+6,
500.9,5.625e+6,4.642e+6,9.836e+5,
501,5.320e+6,4.423e+6,8.969e+5,
501.1,4.999e+6,4.186e+6,8.136e+5,
501.2,4.675e+6,3.938e+6,7.370e+5,
501.3,4.359e+6,3.689e+6,6.700e+5,
501.4,4.057e+6,3.442e+6,6.141e+5,
501.5,3.773e+6,3.203e+6,5.705e+5,
501.6,3.511e+6,2.972e+6,5.394e+5,6.420e-19
501.7,3.270e+6,2.750e+6,5.203e+5,2.932e-18
501.8,3.049e+6,2.536e+6,5.125e+5,9.529e-18
501.9,2.845e+6,2.330e+6,5.149e+5,3.037e-17
502,2.656e+6,2.130e+6,5.264e+5,9.496e-17
502.1,2.481e+6,1.936e+6,5.457e+5,2.912e-16
502.2,2.319e+6,1.747e+6,5.717e+5,8.759e-16
502.3,2.167e+6,1.564e+6,6.032e+5,2.584e-15
502.4,2.026e+6,1.387e+6,6.390e+5,7.479e-15
502.5,1.895e+6,1.217e+6,6.780e+5,2.123e-14
502.6,1.775e+6,1.057e+6,7.187e+5,5.911e-14
502.7,1.666e+6,9.061e+5,7.598e+5,1.614e-13
502.8,1.567e+6,7.671e+5,7.997e+5,4.325e-13
502.9,1.477e+6,6.407e+5,8.365e+5,1.136e-12
503,1.396e+6,5.276e+5,8.685e+5,2.929e-12
503.1,1.322e+6,4.281e+5,8.941e+5,7.404e-12
503.2,1.254e+6,3.421e+5,9.116e+5,1.836e-11
503.3,1.189e+6,2.691e+5,9.197e+5,4.466e-11
503.4,1.126e+6,2.083e+5,9.178e+5,1.065e-10
503.5,1.064e+6,1.586e+5,9.054e+5,2.493e-10
503.6,1.001e+6,1.187e+5,8.828e+5,5.723e-10
503.7,9.381e+5,8.732e+4,8.507e+5,1.289e-9
503.8,8.736e+5,6.313e+4,8.105e+5,2.846e-9
503.9,8.084e+5,4.484e+4,7.635e+5,6.164e-9
504,7.431e+5,3.129e+4,7.118e+5,1.310e-8
504.1,6.786e+5,2.144e+4,6.572e+5,2.730e-8
504.2,6.160e+5,1.444e+4,6.015e+5,5.581e-8
504.3,5.561e+5,9.571e+3,5.466e+5,1.119e-7
504.4,5.000e+5,6.271e+3,4.938e+5,2.201e-7
504.5,4.485e+5,4.112e+3,4.444e+5,4.247e-7
504.6,4.021e+5,2.787e+3,3.993e+5,8.037e-7
504.7,3.614e+5,2.092e+3,3.593e+5,1.492e-6
504.8,3.267e+5,1.914e+3,3.248e+5,2.716e-6
504.9,2.984e+5,2.227e+3,2.962e+5,4.851e-6
505,2.765e+5,3.092e+3,2.735e+5,8.498e-6
505.1,2.614e+5,4.656e+3,2.568e+5,1.460e-5
505.2,2.532e+5,7.171e+3,2.461e+5,2.461e-5
505.3,2.522e+5,1.100e+4,2.412e+5,4.069e-5
505.4,2.585e+5,1.665e+4,2.418e+5,6.599e-5
505.5,2.725e+5,2.477e+4,2.477e+5,1.050e-4
505.6,2.945e+5,3.615e+4,2.584e+5,1.638e-4
505.7,3.249e+5,5.177e+4,2.731e+5,2.507e-4
505.8,3.641e+5,7.272e+4,2.913e+5,3.763e-4
505.9,4.124e+5,1.002e+5,3.122e+5,5.541e-4
506,4.702e+5,1.354e+5,3.348e+5,8.003e-4
506.1,5.378e+5,1.794e+5,3.583e+5,1.134e-3
506.2,6.152e+5,2.333e+5,3.819e+5,1.576e-3
506.3,7.022e+5,2.974e+5,4.047e+5,2.148e-3
506.4,7.980e+5,3.720e+5,4.260e+5,2.872e-3
506.5,9.016e+5,4.564e+5,4.452e+5,3.767e-3
506.6,1.011e+6,5.493e+5,4.615e+5,4.846e-3
506.7,1.123e+6,6.486e+5,4.746e+5,6.115e-3
506.8,1.236e+6,7.514e+5,4.842e+5,7.569e-3
506.9,1.344e+6,8.543e+5,4.900e+5,9.189e-3
507,1.445e+6,9.532e+5,4.919e+5,1.094e-2
507.1,1.534e+6,1.044e+6,4.900e+5,1.278e-2
507.2,1.608e+6,1.124e+6,4.845e+5,1.465e-2
507.3,1.664e+6,1.188e+6,4.759e+5,1.646e-2
507.4,1.699e+6,1.235e+6,4.645e+5,1.815e-2
507.5,1.714e+6,1.263e+6,4.511e+5,1.963e-2
507.6,1.709e+6,1.272e+6,4.365e+5,2.082e-2
507.7,1.686e+6,1.264e+6,4.217e+5,2.166e-2
507.8,1.649e+6,1.242e+6,4.076e+5,2.211e-2
507.9,1.603e+6,1.208e+6,3.953e+5,2.214e-2
508,1.552e+6,1.166e+6,3.859e+5,2.174e-2
508.1,1.501e+6,1.121e+6,3.804e+5,2.094e-2
508.2,1.455e+6,1.075e+6,3.798e+5,1.980e-2
508.3,1.417e+6,1.032e+6,3.850e+5,1.836e-2
508.4,1.391e+6,9.941e+5,3.967e+5,1.671e-2
508.5,1.377e+6,9.616e+5,4.156e+5,1.493e-2
508.6,1.376e+6,9.343e+5,4.418e+5,1.310e-2
508.7,1.386e+6,9.110e+5,4.753e+5,1.130e-2
508.8,1.406e+6,8.899e+5,5.160e+5,9.599e-3
508.9,1.432e+6,8.686e+5,5.632e+5,8.050e-3
509,1.461e+6,8.449e+5,6.158e+5,6.691e-3
509.1,1.489e+6,8.166e+5,6.723e+5,5.549e-3
509.2,1.513e+6,7.822e+5,7.310e+5,4.636e-3
509.3,1.531e+6,7.411e+5,7.899e+5,3.953e-3
509.4,1.539e+6,6.930e+5,8.463e+5,3.492e-3
509.5,1.537e+6,6.387e+5,8.980e+5,3.238e-3
509.6,1.522e+6,5.795e+5,9.424e+5,3.173e-3
509.7,1.494e+6,5.172e+5,9.771e+5,3.274e-3
509.8,1.454e+6,4.536e+5,1.000e+6,3.517e-3
509.9,1.401e+6,3.909e+5,1.010e+6,3.880e-3
510,1.337e+6,3.307e+5,1.006e+6,4.337e-3
510.1,1.263e+6,2.747e+5,9.881e+5,4.863e-3
510.2,1.180e+6,2.240e+5,9.564e+5,5.433e-3
510.3,1.092e+6,1.792e+5,9.125e+5,6.024e-3
510.4,9.988e+5,1.407e+5,8.581e+5,6.612e-3
510.5,9.040e+5,1.084e+5,7.956e+5,7.175e-3
510.6,8.096e+5,8.202e+4,7.276e+5,7.691e-3
510.7,7.178e+5,6.097e+4,6.568e+5,8.143e-3
510.8,6.304e+5,4.463e+4,5.858e+5,8.516e-3
510.9,5.491e+5,3.236e+4,5.167e+5,8.800e-3
511,4.751e+5,2.354e+4,4.516e+5,8.987e-3
511.1,4.093e+5,1.766e+4,3.917e+5,9.077e-3
511.2,3.523e+5,1.438e+4,3.379e+5,9.072e-3
511.3,3.041e+5,1.355e+4,2.906e+5,8.981e-3
511.4,2.649e+5,1.523e+4,2.497e+5,8.815e-3
511.5,2.346e+5,1.976e+4,2.148e+5,8.589e-3
511.6,2.131e+5,2.781e+4,1.853e+5,8.321e-3
511.7,2.008e+5,4.036e+4,1.605e+5,8.027e-3
511.8,1.983e+5,5.875e+4,1.395e+5,7.724e-3
511.9,2.065e+5,8.473e+4,1.218e+5,7.429e-3
512,2.270e+5,1.204e+5,1.066e+5,7.153e-3
512.1,2.617e+5,1.682e+5,9.351e+4,6.907e-3
512.2,3.132e+5,2.308e+5,8.232e+4,6.697e-3
512.3,3.839e+5,3.110e+5,7.290e+4,6.525e-3
512.4,4.766e+5,4.113e+5,6.529e+4,6.392e-3
512.5,5.936e+5,5.340e+5,5.969e+4,6.296e-3
512.6,7.368e+5,6.804e+5,5.640e+4,6.231e-3
512.7,9.069e+5,8.511e+5,5.581e+4,6.191e-3
512.8,1.103e+6,1.045e+6,5.841e+4,6.171e-3
512.9,1.324e+6,1.259e+6,6.470e+4,6.163e-3
513,1.565e+6,1.489e+6,7.522e+4,6.161e-3
513.1,1.820e+6,1.729e+6,9.049e+4,6.160e-3
513.2,2.082e+6,1.971e+6,1.110e+5,6.154e-3
513.3,2.341e+6,2.204e+6,1.370e+5,6.142e-3
513.4,2.589e+6,2.420e+6,1.688e+5,6.120e-3
513.5,2.815e+6,2.608e+6,2.064e+5,6.089e-3
513.6,3.008e+6,2.759e+6,2.494e+5,6.049e-3
513.7,3.162e+6,2.864e+6,2.973e+5,6.005e-3
513.8,3.268e+6,2.919e+6,3.492e+5,5.958e-3
513.9,3.324e+6,2.920e+6,4.037e+5,5.911e-3
514,3.326e+6,2.867e+6,4.592e+5,5.868e-3
514.1,3.278e+6,2.764e+6,5.140e+5,5.830e-3
514.2,3.183e+6,2.617e+6,5.661e+5,5.796e-3
514.3,3.046e+6,2.433e+6,6.134e+5,5.763e-3
514.4,2.877e+6,2.223e+6,6.539e+5,5.725e-3
514.5,2.684e+6,1.998e+6,6.860e+5,5.677e-3
514.6,2.477e+6,1.768e+6,7.082e+5,5.608e-3
514.7,2.265e+6,1.546e+6,7.198e+5,5.510e-3
514.8,2.059e+6,1.339e+6,7.202e+5,5.376e-3
514.9,1.866e+6,1.157e+6,7.096e+5,5.199e-3
515,1.695e+6,1.006e+6,6.889e+5,4.974e-3
515.1,1.550e+6,8.905e+5,6.592e+5,4.703e-3
515.2,1.437e+6,8.145e+5,6.221e+5,4.389e-3
515.3,1.359e+6,7.793e+5,5.794e+5,4.037e-3
515.4,1.318e+6,7.848e+5,5.331e+5,3.658e-3
515.5,1.315e+6,8.297e+5,4.851e+5,3.262e-3
515.6,1.349e+6,9.112e+5,4.374e+5,2.861e-3
515.7,1.416e+6,1.025e+6,3.915e+5,2.467e-3
515.8,1.514e+6,1.166e+6,3.486e+5,2.090e-3
515.9,1.636e+6,1.326e+6,3.098e+5,1.740e-3
516,1.774e+6,1.499e+6,2.756e+5,1.423e-3
516.1,1.921e+6,1.675e+6,2.463e+5,1.143e-3
516.2,2.067e+6,1.845e+6,2.220e+5,9.009e-4
516.3,2.203e+6,2.001e+6,2.024e+5,6.973e-4
516.4,2.320e+6,2.133e+6,1.873e+5,5.299e-4
516.5,2.410e+6,2.234e+6,1.760e+5,3.952e-4
516.6,2.468e+6,2.300e+6,1.682e+5,2.893e-4
516.7,2.490e+6,2.327e+6,1.633e+5,2.079e-4
516.8,2.474e+6,2.313e+6,1.608e+5,1.466e-4
516.9,2.424e+6,2.263e+6,1.603e+5,1.015e-4
517,2.342e+6,2.181e+6,1.614e+5,6.891e-5
517.1,2.237e+6,2.074e+6,1.637e+5,4.593e-5
517.2,2.118e+6,1.951e+6,1.669e+5,3.005e-5
517.3,1.996e+6,1.825e+6,1.706e+5,1.929e-5
517.4,1.881e+6,1.706e+6,1.747e+5,1.215e-5
517.5,1.785e+6,1.607e+6,1.788e+5,7.517e-6
517.6,1.720e+6,1.537e+6,1.827e+5,4.568e-6
517.7,1.693e+6,1.507e+6,1.862e+5,2.733e-6
517.8,1.714e+6,1.524e+6,1.893e+5,1.622e-6
517.9,1.785e+6,1.593e+6,1.918e+5,9.751e-7
518,1.911e+6,1.717e+6,1.939e+5,6.282e-7
518.1,2.088e+6,1.893e+6,1.956e+5,4.846e-7
518.2,2.314e+6,2.117e+6,1.971e+5,4.971e-7
518.3,2.581e+6,2.382e+6,1.987e+5,6.567e-7
518.4,2.877e+6,2.676e+6,2.009e+5,9.880e-7
518.5,3.189e+6,2.985e+6,2.039e+5,1.549e-6
518.6,3.502e+6,3.294e+6,2.080e+5,2.438e-6
518.7,3.800e+6,3.586e+6,2.137e+5,3.798e-6
518.8,4.067e+6,3.846e+6,2.212e+5,5.833e-6
518.9,4.287e+6,4.057e+6,2.305e+5,8.823e-6
519,4.448e+6,4.206e+6,2.417e+5,1.314e-5
519.1,4.540e+6,4.285e+6,2.546e+5,1.928e-5
519.2,4.557e+6,4.288e+6,2.690e+5,2.788e-5
519.3,4.498e+6,4.214e+6,2.846e+5,3.973e-5
519.4,4.367e+6,4.066e+6,3.008e+5,5.585e-5
519.5,4.169e+6,3.852e+6,3.172e+5,7.748e-5
519.6,3.916e+6,3.583e+6,3.335e+5,1.061e-4
519.7,3.622e+6,3.272e+6,3.494e+5,1.436e-4
519.8,3.299e+6,2.934e+6,3.649e+5,1.922e-4
519.9,2.964e+6,2.584e+6,3.801e+5,2.544e-4
520,2.630e+6,2.234e+6,3.954e+5,3.333e-4
520.1,2.311e+6,1.899e+6,4.117e+5,4.325e-4
520.2,2.017e+6,1.587e+6,4.297e+5,5.563e-4
520.3,1.757e+6,1.306e+6,4.506e+5,7.097e-4
520.4,1.538e+6,1.063e+6,4.756e+5,8.986e-4
520.5,1.365e+6,8.590e+5,5.057e+5,1.130e-3
520.6,1.239e+6,6.972e+5,5.419e+5,1.413e-3
520.7,1.163e+6,5.778e+5,5.849e+5,1.756e-3
520.8,1.136e+6,5.010e+5,6.348e+5,2.175e-3
520.9,1.158e+6,4.670e+5,6.913e+5,2.683e-3
521,1.230e+6,4.765e+5,7.537e+5,3.304e-3
521.1,1.351e+6,5.308e+5,8.207e+5,4.063e-3
521.2,1.523e+6,6.321e+5,8.907e+5,4.996e-3
521.3,1.745e+6,7.834e+5,9.616e+5,6.149e-3
521.4,2.019e+6,9.881e+5,1.031e+6,7.581e-3
521.5,2.347e+6,1.250e+6,1.098e+6,9.369e-3
521.6,2.730e+6,1.571e+6,1.159e+6,1.161e-2
521.7,3.167e+6,1.954e+6,1.213e+6,1.442e-2
521.8,3.658e+6,2.400e+6,1.258e+6,1.796e-2
521.9,4.198e+6,2.905e+6,1.293e+6,2.239e-2
522,4.782e+6,3.464e+6,1.318e+6,2.792e-2
522.1,5.401e+6,4.069e+6,1.332e+6,3.479e-2
522.2,6.043e+6,4.707e+6,1.335e+6,4.325e-2
522.3,6.691e+6,5.363e+6,1.328e+6,5.358e-2
522.4,7.327e+6,6.018e+6,1.309e+6,6.606e-2
522.5,7.931e+6,6.651e+6,1.281e+6,8.097e-2
522.6,8.481e+6,7.238e+6,1.243e+6,9.855e-2
522.7,8.955e+6,7.758e+6,1.197e+6,1.190e-1
522.8,9.333e+6,8.188e+6,1.144e+6,1.424e-1
522.9,9.597e+6,8.511e+6,1.086e+6,1.688e-1
523,9.734e+6,8.711e+6,1.023e+6,1.980e-1
523.1,9.737e+6,8.779e+6,9.581e+5,2.299e-1
523.2,9.603e+6,8.710e+6,8.930e+5,2.638e-1
523.3,9.337e+6,8.507e+6,8.298e+5,2.991e-1
523.4,8.949e+6,8.178e+6,7.703e+5,3.350e-1
523.5,8.455e+6,7.739e+6,7.167e+5,3.705e-1
523.6,7.877e+6,7.206e+6,6.707e+5,4.044e-1
523.7,7.236e+6,6.603e+6,6.337e+5,4.355e-1
523.8,6.559e+6,5.952e+6,6.070e+5,4.624e-1
523.9,5.871e+6,5.279e+6,5.914e+5,4.841e-1
524,5.194e+6,4.607e+6,5.874e+5,4.995e-1
524.1,4.551e+6,3.955e+6,5.953e+5,5.078e-1
524.2,3.957e+6,3.342e+6,6.148e+5,5.084e-1
524.3,3.427e+6,2.782e+6,6.455e+5,5.013e-1
524.4,2.970e+6,2.283e+6,6.869e+5,4.865e-1
524.5,2.590e+6,1.852e+6,7.381e+5,4.647e-1
524.6,2.291e+6,1.493e+6,7.980e+5,4.368e-1
524.7,2.071e+6,1.206e+6,8.655e+5,4.040e-1
524.8,1.929e+6,9.896e+5,9.392e+5,3.675e-1
524.9,1.860e+6,8.420e+5,1.018e+6,3.288e-1
525,1.860e+6,7.612e+5,1.099e+6,2.894e-1
525.1,1.926e+6,7.450e+5,1.181e+6,2.506e-1
525.2,2.054e+6,7.921e+5,1.262e+6,2.135e-1
525.3,2.240e+6,9.016e+5,1.339e+6,1.792e-1
525.4,2.482e+6,1.073e+6,1.409e+6,1.484e-1
525.5,2.775e+6,1.305e+6,1.470e+6,1.215e-1
525.6,3.116e+6,1.597e+6,1.519e+6,9.901e-2
525.7,3.498e+6,1.946e+6,1.553e+6,8.091e-2
525.8,3.917e+6,2.347e+6,1.570e+6,6.723e-2
525.9,4.361e+6,2.793e+6,1.569e+6,5.786e-2
526,4.822e+6,3.273e+6,1.548e+6,5.266e-2
526.1,5.284e+6,3.776e+6,1.509e+6,5.146e-2
526.2,5.735e+6,4.284e+6,1.451e+6,5.408e-2
526.3,6.157e+6,4.780e+6,1.376e+6,6.036e-2
526.4,6.534e+6,5.246e+6,1.287e+6,7.015e-2
526.5,6.850e+6,5.663e+6,1.187e+6,8.326e-2
526.6,7.092e+6,6.012e+6,1.080e+6,9.951e-2
526.7,7.249e+6,6.281e+6,9.681e+5,1.186e-1
526.8,7.313e+6,6.457e+6,8.559e+5,1.403e-1
526.9,7.282e+6,6.536e+6,7.464e+5,1.641e-1
527,7.158e+6,6.516e+6,6.423e+5,1.894e-1
527.1,6.949e+6,6.403e+6,5.459e+5,2.156e-1
527.2,6.665e+6,6.206e+6,4.589e+5,2.420e-1
527.3,6.322e+6,5.939e+6,3.824e+5,2.677e-1
527.4,5.935e+6,5.618e+6,3.171e+5,2.919e-1
527.5,5.523e+6,5.260e+6,2.629e+5,3.137e-1
527.6,5.101e+6,4.881e+6,2.197e+5,3.323e-1
527.7,4.685e+6,4.498e+6,1.870e+5,3.470e-1
527.8,4.287e+6,4.123e+6,1.640e+5,3.574e-1
527.9,3.915e+6,3.765e+6,1.500e+5,3.630e-1
528,3.576e+6,3.432e+6,1.439e+5,3.637e-1
528.1,3.270e+6,3.125e+6,1.449e+5,3.597e-1
528.2,2.996e+6,2.845e+6,1.517e+5,3.514e-1
528.3,2.753e+6,2.589e+6,1.633e+5,3.395e-1
528.4,2.534e+6,2.356e+6,1.787e+5,3.246e-1
528.5,2.336e+6,2.139e+6,1.965e+5,3.078e-1
528.6,2.152e+6,1.937e+6,2.155e+5,2.901e-1
528.7,1.980e+6,1.745e+6,2.347e+5,2.726e-1
528.8,1.815e+6,1.562e+6,2.529e+5,2.563e-1
528.9,1.656e+6,1.387e+6,2.690e+5,2.421e-1
529,1.501e+6,1.219e+6,2.822e+5,2.306e-1
529.1,1.351e+6,1.059e+6,2.920e+5,2.224e-1
529.2,1.207e+6,9.088e+5,2.978e+5,2.175e-1
529.3,1.069e+6,7.694e+5,2.997e+5,2.159e-1
529.4,9.402e+5,6.423e+5,2.978e+5,2.173e-1
529.5,8.214e+5,5.287e+5,2.926e+5,2.211e-1
529.6,7.142e+5,4.295e+5,2.847e+5,2.266e-1
529.7,6.198e+5,3.450e+5,2.748e+5,2.328e-1
529.8,5.394e+5,2.754e+5,2.639e+5,2.388e-1
529.9,4.736e+5,2.207e+5,2.529e+5,2.438e-1
530,4.231e+5,1.805e+5,2.426e+5,2.470e-1
530.1,3.887e+5,1.550e+5,2.337e+5,2.478e-1
530.2,3.713e+5,1.444e+5,2.269e+5,2.456e-1
530.3,3.720e+5,1.496e+5,2.224e+5,2.403e-1
530.4,3.923e+5,1.718e+5,2.205e+5,2.318e-1
530.5,4.345e+5,2.132e+5,2.213e+5,2.205e-1
530.6,5.010e+5,2.766e+5,2.244e+5,2.066e-1
530.7,5.950e+5,3.653e+5,2.296e+5,1.906e-1
530.8,7.196e+5,4.832e+5,2.364e+5,1.733e-1
530.9,8.784e+5,6.342e+5,2.442e+5,1.552e-1
531,1.074e+6,8.222e+5,2.523e+5,1.370e-1
531.1,1.310e+6,1.050e+6,2.600e+5,1.191e-1
531.2,1.587e+6,1.320e+6,2.666e+5,1.022e-1
531.3,1.904e+6,1.633e+6,2.715e+5,8.653e-2
531.4,2.259e+6,1.985e+6,2.740e+5,7.237e-2
531.5,2.648e+6,2.374e+6,2.739e+5,5.988e-2
531.6,3.062e+6,2.791e+6,2.708e+5,4.909e-2
531.7,3.491e+6,3.227e+6,2.647e+5,3.997e-2
531.8,3.924e+6,3.668e+6,2.558e+5,3.242e-2
531.9,4.344e+6,4.099e+6,2.444e+5,2.629e-2
532,4.737e+6,4.506e+6,2.310e+5,2.139e-2
532.1,5.086e+6,4.869e+6,2.165e+5,1.754e-2
532.2,5.377e+6,5.175e+6,2.015e+5,1.456e-2
532.3,5.596e+6,5.409e+6,1.870e+5,1.228e-2
532.4,5.734e+6,5.561e+6,1.738e+5,1.053e-2
532.5,5.784e+6,5.621e+6,1.628e+5,9.202e-3
532.6,5.744e+6,5.589e+6,1.548e+5,8.170e-3
532.7,5.616e+6,5.466e+6,1.501e+5,7.351e-3
532.8,5.407e+6,5.258e+6,1.492e+5,6.677e-3
532.9,5.127e+6,4.975e+6,1.522e+5,6.097e-3
533,4.788e+6,4.630e+6,1.589e+5,5.577e-3
533.1,4.407e+6,4.238e+6,1.689e+5,5.092e-3
533.2,3.998e+6,3.817e+6,1.817e+5,4.628e-3
533.3,3.577e+6,3.381e+6,1.965e+5,4.179e-3
533.4,3.159e+6,2.947e+6,2.122e+5,3.743e-3
533.5,2.755e+6,2.527e+6,2.279e+5,3.320e-3
533.6,2.375e+6,2.132e+6,2.425e+5,2.914e-3
533.7,2.026e+6,1.771e+6,2.550e+5,2.530e-3
533.8,1.714e+6,1.450e+6,2.646e+5,2.172e-3
533.9,1.441e+6,1.171e+6,2.705e+5,1.846e-3
534,1.207e+6,9.351e+5,2.724e+5,1.554e-3
534.1,1.013e+6,7.431e+5,2.699e+5,1.300e-3
534.2,8.568e+5,5.935e+5,2.634e+5,1.086e-3
534.3,7.379e+5,4.849e+5,2.530e+5,9.146e-4
534.4,6.557e+5,4.162e+5,2.394e+5,7.867e-4
534.5,6.108e+5,3.873e+5,2.235e+5,7.036e-4
534.6,6.051e+5,3.990e+5,2.061e+5,6.664e-4
534.7,6.420e+5,4.539e+5,1.881e+5,6.763e-4
534.8,7.264e+5,5.559e+5,1.706e+5,7.346e-4
534.9,8.648e+5,7.106e+5,1.543e+5,8.428e-4
535,1.065e+6,9.249e+5,1.400e+5,1.002e-3
535.1,1.335e+6,1.207e+6,1.282e+5,1.214e-3
535.2,1.683e+6,1.564e+6,1.194e+5,1.478e-3
535.3,2.118e+6,2.004e+6,1.136e+5,1.794e-3
535.4,2.645e+6,2.534e+6,1.108e+5,2.159e-3
535.5,3.267e+6,3.156e+6,1.108e+5,2.568e-3
535.6,3.985e+6,3.872e+6,1.132e+5,3.017e-3
535.7,4.794e+6,4.677e+6,1.174e+5,3.497e-3
535.8,5.684e+6,5.561e+6,1.229e+5,3.997e-3
535.9,6.639e+6,6.510e+6,1.290e+5,4.506e-3
536,7.639e+6,7.504e+6,1.350e+5,5.010e-3
536.1,8.658e+6,8.518e+6,1.405e+5,5.498e-3
536.2,9.668e+6,9.524e+6,1.448e+5,5.954e-3
536.3,1.064e+7,1.049e+7,1.476e+5,6.368e-3
536.4,1.154e+7,1.139e+7,1.487e+5,6.728e-3
536.5,1.234e+7,1.219e+7,1.481e+5,7.025e-3
536.6,1.302e+7,1.287e+7,1.458e+5,7.251e-3
536.7,1.356e+7,1.341e+7,1.420e+5,7.404e-3
536.8,1.394e+7,1.381e+7,1.373e+5,7.479e-3
536.9,1.418e+7,1.405e+7,1.321e+5,7.477e-3
537,1.427e+7,1.415e+7,1.270e+5,7.400e-3
537.1,1.423e+7,1.411e+7,1.226e+5,7.251e-3
537.2,1.408e+7,1.396e+7,1.197e+5,7.034e-3
537.3,1.384e+7,1.372e+7,1.187e+5,6.756e-3
537.4,1.354e+7,1.342e+7,1.202e+5,6.424e-3
537.5,1.319e+7,1.306e+7,1.246e+5,6.046e-3
537.6,1.281e+7,1.268e+7,1.320e+5,5.629e-3
537.7,1.243e+7,1.228e+7,1.426e+5,5.185e-3
537.8,1.204e+7,1.188e+7,1.562e+5,4.721e-3
537.9,1.165e+7,1.148e+7,1.725e+5,4.250e-3
538,1.126e+7,1.107e+7,1.911e+5,3.779e-3
538.1,1.087e+7,1.066e+7,2.116e+5,3.319e-3
538.2,1.046e+7,1.023e+7,2.332e+5,2.878e-3
538.3,1.004e+7,9.785e+6,2.553e+5,2.464e-3
538.4,9.599e+6,9.322e+6,2.774e+5,2.082e-3
538.5,9.140e+6,8.841e+6,2.987e+5,1.737e-3
538.6,8.669e+6,8.350e+6,3.189e+5,1.433e-3
538.7,8.197e+6,7.859e+6,3.375e+5,1.169e-3
538.8,7.738e+6,7.384e+6,3.542e+5,9.457e-4
538.9,7.309e+6,6.941e+6,3.689e+5,7.612e-4
539,6.932e+6,6.550e+6,3.816e+5,6.128e-4
539.1,6.623e+6,6.231e+6,3.922e+5,4.968e-4
539.2,6.402e+6,6.001e+6,4.008e+5,4.093e-4
539.3,6.282e+6,5.874e+6,4.075e+5,3.460e-4
539.4,6.274e+6,5.862e+6,4.122e+5,3.025e-4
539.5,6.383e+6,5.967e+6,4.151e+5,2.747e-4
539.6,6.608e+6,6.192e+6,4.160e+5,2.588e-4
539.7,6.944e+6,6.529e+6,4.149e+5,2.512e-4
539.8,7.381e+6,6.969e+6,4.115e+5,2.491e-4
539.9,7.904e+6,7.498e+6,4.059e+5,2.496e-4
540,8.495e+6,8.097e+6,3.979e+5,2.509e-4
540.1,9.134e+6,8.747e+6,3.875e+5,2.512e-4
540.2,9.800e+6,9.425e+6,3.746e+5,2.495e-4
540.3,1.047e+7,1.011e+7,3.594e+5,2.449e-4
540.4,1.112e+7,1.078e+7,3.421e+5,2.373e-4
540.5,1.173e+7,1.141e+7,3.231e+5,2.264e-4
540.6,1.228e+7,1.198e+7,3.026e+5,2.127e-4
540.7,1.275e+7,1.247e+7,2.813e+5,1.966e-4
540.8,1.312e+7,1.286e+7,2.595e+5,1.788e-4
540.9,1.338e+7,1.314e+7,2.378e+5,1.598e-4
541,1.351e+7,1.330e+7,2.168e+5,1.405e-4
541.1,1.352e+7,1.332e+7,1.969e+5,1.214e-4
541.2,1.338e+7,1.320e+7,1.786e+5,1.032e-4
541.3,1.311e+7,1.295e+7,1.623e+5,8.618e-5
541.4,1.271e+7,1.256e+7,1.483e+5,7.077e-5
541.5,1.218e+7,1.204e+7,1.370e+5,5.712e-5
541.6,1.155e+7,1.142e+7,1.285e+5,4.533e-5
541.7,1.082e+7,1.070e+7,1.230e+5,3.535e-5
541.8,1.003e+7,9.913e+6,1.205e+5,2.711e-5
541.9,9.199e+6,9.078e+6,1.208e+5,2.043e-5
542,8.345e+6,8.221e+6,1.239e+5,1.514e-5
542.1,7.494e+6,7.365e+6,1.293e+5,1.103e-5
542.2,6.669e+6,6.532e+6,1.367e+5,7.895e-6
542.3,5.887e+6,5.742e+6,1.456e+5,5.556e-6
542.4,5.164e+6,5.008e+6,1.554e+5,3.844e-6
542.5,4.509e+6,4.343e+6,1.655e+5,2.614e-6
542.6,3.927e+6,3.752e+6,1.754e+5,1.748e-6
542.7,3.421e+6,3.237e+6,1.845e+5,1.149e-6
542.8,2.989e+6,2.797e+6,1.923e+5,7.421e-7
542.9,2.625e+6,2.427e+6,1.985e+5,4.713e-7
543,2.323e+6,2.120e+6,2.029e+5,2.942e-7
543.1,2.075e+6,1.869e+6,2.054e+5,1.805e-7
543.2,1.873e+6,1.667e+6,2.061e+5,1.089e-7
543.3,1.709e+6,1.503e+6,2.053e+5,6.458e-8
543.4,1.576e+6,1.373e+6,2.032e+5,3.764e-8
543.5,1.469e+6,1.269e+6,2.003e+5,2.157e-8
543.6,1.383e+6,1.186e+6,1.970e+5,1.215e-8
543.7,1.314e+6,1.120e+6,1.937e+5,6.728e-9
543.8,1.260e+6,1.069e+6,1.907e+5,3.662e-9
543.9,1.220e+6,1.031e+6,1.883e+5,1.959e-9
544,1.191e+6,1.005e+6,1.866e+5,1.031e-9
544.1,1.174e+6,9.882e+5,1.857e+5,5.328e-10
544.2,1.167e+6,9.818e+5,1.854e+5,2.708e-10
544.3,1.171e+6,9.849e+5,1.857e+5,1.353e-10
544.4,1.184e+6,9.974e+5,1.863e+5,6.645e-11
544.5,1.206e+6,1.019e+6,1.870e+5,3.208e-11
544.6,1.238e+6,1.050e+6,1.877e+5,1.522e-11
544.7,1.278e+6,1.090e+6,1.883e+5,7.103e-12
544.8,1.327e+6,1.139e+6,1.885e+5,3.257e-12
544.9,1.385e+6,1.196e+6,1.885e+5,1.468e-12
545,1.451e+6,1.263e+6,1.882e+5,6.507e-13
545.1,1.526e+6,1.338e+6,1.879e+5,2.835e-13
545.2,1.608e+6,1.420e+6,1.876e+5,1.214e-13
545.3,1.696e+6,1.508e+6,1.877e+5,5.109e-14
545.4,1.789e+6,1.601e+6,1.881e+5,2.114e-14
545.5,1.884e+6,1.695e+6,1.892e+5,8.600e-15
545.6,1.979e+6,1.788e+6,1.910e+5,3.439e-15
545.7,2.070e+6,1.876e+6,1.936e+5,1.352e-15
545.8,2.154e+6,1.957e+6,1.969e+5,5.222e-16
545.9,2.226e+6,2.025e+6,2.008e+5,1.984e-16
546,2.284e+6,2.079e+6,2.054e+5,7.406e-17
546.1,2.326e+6,2.115e+6,2.103e+5,2.718e-17
546.2,2.348e+6,2.132e+6,2.154e+5,9.807e-18
546.3,2.349e+6,2.129e+6,2.206e+5,3.478e-18
546.4,2.331e+6,2.106e+6,2.257e+5,1.213e-18
546.5,2.294e+6,2.064e+6,2.308e+5,4.156e-19
546.6,2.241e+6,2.005e+6,2.358e+5,1.400e-19
546.7,2.173e+6,1.932e+6,2.410e+5,4.636e-20
546.8,2.096e+6,1.849e+6,2.464e+5,
546.9,2.011e+6,1.759e+6,2.523e+5,
547,1.924e+6,1.665e+6,2.591e+5,
547.1,1.836e+6,1.569e+6,2.669e+5,
547.2,1.750e+6,1.474e+6,2.762e+5,
547.3,1.669e+6,1.382e+6,2.870e+5,
547.4,1.592e+6,1.292e+6,2.997e+5,
547.5,1.520e+6,1.206e+6,3.141e+5,
547.6,1.453e+6,1.123e+6,3.304e+5,
547.7,1.390e+6,1.042e+6,3.483e+5,
547.8,1.330e+6,9.626e+5,3.677e+5,
547.9,1.273e+6,8.847e+5,3.882e+5,
548,1.217e+6,8.076e+5,4.094e+5,
548.1,1.162e+6,7.314e+5,4.311e+5,
548.2,1.109e+6,6.563e+5,4.527e+5,
548.3,1.057e+6,5.828e+5,4.740e+5,
548.4,1.006e+6,5.116e+5,4.945e+5,
548.5,9.577e+5,4.436e+5,5.141e+5,
548.6,9.122e+5,3.795e+5,5.327e+5,
548.7,8.705e+5,3.203e+5,5.502e+5,
548.8,8.331e+5,2.665e+5,5.666e+5,
548.9,8.007e+5,2.184e+5,5.823e+5,
549,7.739e+5,1.763e+5,5.976e+5,
549.1,7.529e+5,1.401e+5,6.128e+5,
549.2,7.380e+5,1.097e+5,6.284e+5,
549.3,7.293e+5,8.444e+4,6.449e+5,
549.4,7.266e+5,6.399e+4,6.626e+5,
549.5,7.296e+5,4.772e+4,6.819e+5,
549.6,7.377e+5,3.500e+4,7.027e+5,
549.7,7.501e+5,2.526e+4,7.249e+5,
549.8,7.659e+5,1.793e+4,7.479e+5,
549.9,7.836e+5,1.252e+4,7.710e+5,
550,8.018e+5,8.601e+3,7.932e+5,
550.1,8.189e+5,5.811e+3,8.131e+5,
550.2,8.332e+5,3.861e+3,8.294e+5,
550.3,8.431e+5,2.523e+3,8.405e+5,
550.4,8.469e+5,1.622e+3,8.453e+5,
550.5,8.435e+5,1.025e+3,8.425e+5,
550.6,8.319e+5,6.374e+2,8.313e+5,
550.7,8.118e+5,3.898e+2,8.114e+5,
550.8,7.830e+5,2.344e+2,7.827e+5,
550.9,7.460e+5,1.386e+2,7.459e+5,
551,7.018e+5,8.064e+1,7.017e+5,
551.1,6.517e+5,4.613e+1,6.516e+5,
551.2,5.971e+5,2.595e+1,5.971e+5,
551.3,5.399e+5,1.436e+1,5.399e+5,
551.4,4.817e+5,7.814e+0,4.817e+5,
551.5,4.243e+5,4.182e+0,4.243e+5,
551.6,3.692e+5,2.201e+0,3.692e+5,
551.7,3.177e+5,1.140e+0,3.177e+5,
551.8,2.707e+5,5.805e-1,2.707e+5,
551.9,2.289e+5,2.915e-1,2.289e+5,
552,1.928e+5,1.455e-1,1.928e+5,
552.1,1.624e+5,7.495e-2,1.624e+5,
552.2,1.376e+5,4.555e-2,1.376e+5,
552.3,1.181e+5,4.267e-2,1.181e+5,
552.4,1.033e+5,6.511e-2,1.033e+5,
552.5,9.284e+4,1.248e-1,9.284e+4,
552.6,8.598e+4,2.524e-1,8.598e+4,
552.7,8.216e+4,5.105e-1,8.216e+4,
552.8,8.082e+4,1.020e+0,8.082e+4,
552.9,8.145e+4,2.007e+0,8.145e+4,
553,8.363e+4,3.888e+0,8.363e+4,
553.1,8.700e+4,7.416e+0,8.700e+4,
553.2,9.129e+4,1.392e+1,9.127e+4,
553.3,9.627e+4,2.573e+1,9.624e+4,
553.4,1.018e+5,4.681e+1,1.017e+5,
553.5,1.077e+5,8.382e+1,1.076e+5,
553.6,1.140e+5,1.478e+2,1.138e+5,
553.7,1.204e+5,2.564e+2,1.202e+5,
553.8,1.270e+5,4.380e+2,1.265e+5,
553.9,1.334e+5,7.367e+2,1.327e+5,
554,1.398e+5,1.220e+3,1.385e+5,
554.1,1.458e+5,1.988e+3,1.438e+5,
554.2,1.513e+5,3.190e+3,1.482e+5,
554.3,1.565e+5,5.039e+3,1.514e+5,
554.4,1.612e+5,7.836e+3,1.534e+5,
554.5,1.658e+5,1.200e+4,1.538e+5,
554.6,1.707e+5,1.808e+4,1.526e+5,
554.7,1.764e+5,2.684e+4,1.496e+5,
554.8,1.841e+5,3.921e+4,1.449e+5,
554.9,1.950e+5,5.641e+4,1.386e+5,
555,2.107e+5,7.989e+4,1.308e+5,
555.1,2.332e+5,1.114e+5,1.218e+5,
555.2,2.648e+5,1.530e+5,1.119e+5,
555.3,3.082e+5,2.068e+5,1.014e+5,
555.4,3.659e+5,2.753e+5,9.065e+4,
555.5,4.408e+5,3.608e+5,8.000e+4,
555.6,5.354e+5,4.657e+5,6.975e+4,
555.7,6.520e+5,5.919e+5,6.015e+4,
555.8,7.923e+5,7.409e+5,5.145e+4,
555.9,9.571e+5,9.133e+5,4.381e+4,
556,1.146e+6,1.109e+6,3.735e+4,
556.1,1.359e+6,1.326e+6,3.216e+4,
556.2,1.591e+6,1.563e+6,2.826e+4,
556.3,1.840e+6,1.814e+6,2.567e+4,
556.4,2.100e+6,2.076e+6,2.435e+4,
556.5,2.366e+6,2.342e+6,2.427e+4,
556.6,2.630e+6,2.604e+6,2.536e+4,
556.7,2.885e+6,2.857e+6,2.755e+4,
556.8,3.124e+6,3.094e+6,3.075e+4,
556.9,3.342e+6,3.307e+6,3.487e+4,
557,3.534e+6,3.494e+6,3.982e+4,
557.1,3.696e+6,3.650e+6,4.547e+4,
557.2,3.827e+6,3.775e+6,5.173e+4,
557.3,3.927e+6,3.868e+6,5.845e+4,
557.4,3.998e+6,3.933e+6,6.552e+4,
557.5,4.044e+6,3.971e+6,7.279e+4,
557.6,4.069e+6,3.989e+6,8.012e+4,
557.7,4.077e+6,3.990e+6,8.736e+4,
557.8,4.072e+6,3.978e+6,9.436e+4,
557.9,4.058e+6,3.957e+6,1.010e+5,
558,4.037e+6,3.930e+6,1.070e+5,
558.1,4.009e+6,3.896e+6,1.123e+5,
558.2,3.973e+6,3.856e+6,1.167e+5,
558.3,3.927e+6,3.807e+6,1.202e+5,
558.4,3.868e+6,3.746e+6,1.224e+5,
558.5,3.792e+6,3.669e+6,1.234e+5,
558.6,3.696e+6,3.573e+6,1.231e+5,
558.7,3.578e+6,3.456e+6,1.214e+5,
558.8,3.435e+6,3.317e+6,1.184e+5,
558.9,3.268e+6,3.154e+6,1.140e+5,
559,3.079e+6,2.971e+6,1.085e+5,
559.1,2.872e+6,2.770e+6,1.019e+5,
559.2,2.653e+6,2.559e+6,9.453e+4,
559.3,2.428e+6,2.342e+6,8.649e+4,6.082e-19
559.4,2.206e+6,2.128e+6,7.805e+4,1.743e-18
559.5,1.996e+6,1.926e+6,6.945e+4,4.919e-18
559.6,1.805e+6,1.744e+6,6.092e+4,1.367e-17
559.7,1.643e+6,1.590e+6,5.268e+4,3.738e-17
559.8,1.517e+6,1.472e+6,4.488e+4,1.007e-16
559.9,1.433e+6,1.396e+6,3.768e+4,2.669e-16
560,1.398e+6,1.367e+6,3.116e+4,6.966e-16
560.1,1.415e+6,1.390e+6,2.538e+4,1.790e-15
560.2,1.486e+6,1.465e+6,2.036e+4,4.529e-15
560.3,1.611e+6,1.595e+6,1.608e+4,1.128e-14
560.4,1.787e+6,1.775e+6,1.251e+4,2.766e-14
560.5,2.012e+6,2.002e+6,9.576e+3,6.678e-14
560.6,2.278e+6,2.270e+6,7.220e+3,1.587e-13
560.7,2.576e+6,2.570e+6,5.359e+3,3.714e-13
560.8,2.895e+6,2.892e+6,3.917e+3,8.558e-13
560.9,3.225e+6,3.222e+6,2.819e+3,1.941e-12
561,3.550e+6,3.548e+6,2.000e+3,4.335e-12
561.1,3.857e+6,3.856e+6,1.401e+3,9.530e-12
561.2,4.132e+6,4.131e+6,9.736e+2,2.063e-11
561.3,4.363e+6,4.362e+6,6.783e+2,4.396e-11
561.4,4.538e+6,4.538e+6,4.854e+2,9.222e-11
561.5,4.649e+6,4.649e+6,3.737e+2,1.905e-10
561.6,4.692e+6,4.691e+6,3.303e+2,3.874e-10
561.7,4.663e+6,4.662e+6,3.502e+2,7.756e-10
561.8,4.565e+6,4.564e+6,4.363e+2,1.529e-9
561.9,4.403e+6,4.402e+6,5.996e+2,2.967e-9
562,4.185e+6,4.184e+6,8.596e+2,5.668e-9
562.1,3.921e+6,3.920e+6,1.245e+3,1.066e-8
562.2,3.624e+6,3.622e+6,1.796e+3,1.975e-8
562.3,3.306e+6,3.303e+6,2.563e+3,3.600e-8
562.4,2.979e+6,2.975e+6,3.607e+3,6.462e-8
562.5,2.654e+6,2.649e+6,5.003e+3,1.142e-7
562.6,2.341e+6,2.334e+6,6.836e+3,1.987e-7
562.7,2.048e+6,2.039e+6,9.199e+3,3.404e-7
562.8,1.781e+6,1.769e+6,1.219e+4,5.741e-7
562.9,1.543e+6,1.527e+6,1.591e+4,9.532e-7
563,1.335e+6,1.315e+6,2.046e+4,1.558e-6
563.1,1.157e+6,1.131e+6,2.590e+4,2.508e-6
563.2,1.007e+6,9.743e+5,3.229e+4,3.974e-6
563.3,8.817e+5,8.420e+5,3.966e+4,6.200e-6
563.4,7.788e+5,7.308e+5,4.797e+4,9.523e-6
563.5,6.942e+5,6.371e+5,5.716e+4,1.440e-5
563.6,6.247e+5,5.576e+5,6.708e+4,2.144e-5
563.7,5.669e+5,4.894e+5,7.754e+4,3.144e-5
563.8,5.182e+5,4.299e+5,8.829e+4,4.537e-5
563.9,4.762e+5,3.772e+5,9.903e+4,6.448e-5
564,4.393e+5,3.299e+5,1.094e+5,9.023e-5
564.1,4.060e+5,2.869e+5,1.191e+5,1.243e-4
564.2,3.754e+5,2.477e+5,1.277e+5,1.687e-4
564.3,3.467e+5,2.119e+5,1.349e+5,2.253e-4
564.4,3.197e+5,1.793e+5,1.404e+5,2.964e-4
564.5,2.939e+5,1.500e+5,1.439e+5,3.839e-4
564.6,2.693e+5,1.239e+5,1.454e+5,4.898e-4
564.7,2.457e+5,1.010e+5,1.447e+5,6.154e-4
564.8,2.230e+5,8.121e+4,1.418e+5,7.616e-4
564.9,2.014e+5,6.436e+4,1.370e+5,9.283e-4
565,1.807e+5,5.026e+4,1.304e+5,1.115e-3
565.1,1.610e+5,3.867e+4,1.223e+5,1.319e-3
565.2,1.424e+5,2.932e+4,1.130e+5,1.537e-3
565.3,1.248e+5,2.191e+4,1.029e+5,1.766e-3
565.4,1.085e+5,1.615e+4,9.236e+4,2.000e-3
565.5,9.344e+4,1.177e+4,8.166e+4,2.234e-3
565.6,7.968e+4,8.529e+3,7.115e+4,2.460e-3
565.7,6.729e+4,6.211e+3,6.108e+4,2.672e-3
565.8,5.633e+4,4.651e+3,5.168e+4,2.865e-3
565.9,4.680e+4,3.725e+3,4.308e+4,3.032e-3
566,3.874e+4,3.355e+3,3.539e+4,3.170e-3
566.1,3.216e+4,3.509e+3,2.865e+4,3.275e-3
566.2,2.706e+4,4.204e+3,2.285e+4,3.346e-3
566.3,2.347e+4,5.500e+3,1.796e+4,3.382e-3
566.4,2.142e+4,7.508e+3,1.392e+4,3.385e-3
566.5,2.101e+4,1.038e+4,1.062e+4,3.356e-3
566.6,2.232e+4,1.433e+4,7.990e+3,3.299e-3
566.7,2.550e+4,1.958e+4,5.922e+3,3.218e-3
566.8,3.074e+4,2.642e+4,4.325e+3,3.116e-3
566.9,3.825e+4,3.513e+4,3.113e+3,2.999e-3
567,4.824e+4,4.603e+4,2.207e+3,2.869e-3
567.1,6.094e+4,5.940e+4,1.542e+3,2.732e-3
567.2,7.654e+4,7.548e+4,1.062e+3,2.589e-3
567.3,9.517e+4,9.445e+4,7.203e+2,2.446e-3
567.4,1.169e+5,1.164e+5,4.814e+2,2.305e-3
567.5,1.415e+5,1.412e+5,3.170e+2,2.170e-3
567.6,1.689e+5,1.687e+5,2.057e+2,2.043e-3
567.7,1.985e+5,1.984e+5,1.315e+2,1.928e-3
567.8,2.299e+5,2.298e+5,8.280e+1,1.828e-3
567.9,2.621e+5,2.621e+5,5.137e+1,1.744e-3
568,2.943e+5,2.943e+5,3.140e+1,1.679e-3
568.1,3.254e+5,3.254e+5,1.891e+1,1.634e-3
568.2,3.543e+5,3.543e+5,1.122e+1,1.611e-3
568.3,3.798e+5,3.798e+5,6.572e+0,1.608e-3
568.4,4.009e+5,4.009e+5,3.810e+0,1.624e-3
568.5,4.167e+5,4.167e+5,2.212e+0,1.658e-3
568.6,4.265e+5,4.265e+5,1.333e+0,1.705e-3
568.7,4.298e+5,4.298e+5,9.150e-1,1.762e-3
568.8,4.265e+5,4.265e+5,8.272e-1,1.825e-3
568.9,4.167e+5,4.167e+5,1.038e+0,1.889e-3
569,4.009e+5,4.009e+5,1.601e+0,1.952e-3
569.1,3.798e+5,3.798e+5,2.671e+0,2.008e-3
569.2,3.543e+5,3.543e+5,4.527e+0,2.056e-3
569.3,3.254e+5,3.254e+5,7.629e+0,2.096e-3
569.4,2.943e+5,2.943e+5,1.270e+1,2.126e-3
569.5,2.621e+5,2.621e+5,2.084e+1,2.149e-3
569.6,2.298e+5,2.298e+5,3.368e+1,2.168e-3
569.7,1.984e+5,1.984e+5,5.361e+1,2.186e-3
569.8,1.687e+5,1.687e+5,8.406e+1,2.209e-3
569.9,1.413e+5,1.412e+5,1.298e+2,2.241e-3
570,1.166e+5,1.164e+5,1.974e+2,2.289e-3
570.1,9.474e+4,9.445e+4,2.957e+2,2.356e-3
570.2,7.591e+4,7.548e+4,4.363e+2,2.448e-3
570.3,6.003e+4,5.939e+4,6.338e+2,2.567e-3
570.4,4.692e+4,4.602e+4,9.070e+2,2.715e-3
570.5,3.639e+4,3.511e+4,1.278e+3,2.893e-3
570.6,2.815e+4,2.637e+4,1.774e+3,3.099e-3
570.7,2.193e+4,1.951e+4,2.425e+3,3.331e-3
570.8,1.747e+4,1.421e+4,3.264e+3,3.585e-3
570.9,1.452e+4,1.019e+4,4.328e+3,3.856e-3
571,1.285e+4,7.196e+3,5.652e+3,4.140e-3
571.1,1.227e+4,5.004e+3,7.269e+3,4.431e-3
571.2,1.263e+4,3.426e+3,9.206e+3,4.723e-3
571.3,1.379e+4,2.310e+3,1.148e+4,5.012e-3
571.4,1.564e+4,1.533e+3,1.411e+4,5.294e-3
571.5,1.807e+4,1.002e+3,1.707e+4,5.567e-3
571.6,2.099e+4,6.450e+2,2.034e+4,5.829e-3
571.7,2.428e+4,4.088e+2,2.387e+4,6.079e-3
571.8,2.785e+4,2.552e+2,2.760e+4,6.320e-3
571.9,3.157e+4,1.570e+2,3.141e+4,6.553e-3
572,3.532e+4,9.530e+1,3.522e+4,6.782e-3
572.1,3.895e+4,5.742e+1,3.889e+4,7.008e-3
572.2,4.233e+4,3.489e+1,4.229e+4,7.237e-3
572.3,4.532e+4,2.237e+1,4.530e+4,7.471e-3
572.4,4.779e+4,1.675e+1,4.778e+4,7.714e-3
572.5,4.965e+4,1.657e+1,4.963e+4,7.966e-3
572.6,5.080e+4,2.179e+1,5.078e+4,8.230e-3
572.7,5.120e+4,3.376e+1,5.117e+4,8.505e-3
572.8,5.084e+4,5.547e+1,5.078e+4,8.790e-3
572.9,4.973e+4,9.212e+1,4.963e+4,9.084e-3
573,4.793e+4,1.519e+2,4.778e+4,9.383e-3
573.1,4.554e+4,2.476e+2,4.530e+4,9.684e-3
573.2,4.269e+4,3.976e+2,4.229e+4,9.985e-3
573.3,3.952e+4,6.292e+2,3.889e+4,1.028e-2
573.4,3.620e+4,9.810e+2,3.522e+4,1.057e-2
573.5,3.292e+4,1.507e+3,3.141e+4,1.086e-2
573.6,2.988e+4,2.279e+3,2.760e+4,1.114e-2
573.7,2.727e+4,3.397e+3,2.388e+4,1.141e-2
573.8,2.533e+4,4.987e+3,2.034e+4,1.168e-2
573.9,2.428e+4,7.211e+3,1.707e+4,1.194e-2
574,2.438e+4,1.027e+4,1.411e+4,1.219e-2
574.1,2.590e+4,1.441e+4,1.149e+4,1.244e-2
574.2,2.913e+4,1.992e+4,9.210e+3,1.269e-2
574.3,3.440e+4,2.712e+4,7.275e+3,1.294e-2
574.4,4.204e+4,3.638e+4,5.662e+3,1.318e-2
574.5,5.241e+4,4.806e+4,4.346e+3,1.341e-2
574.6,6.584e+4,6.255e+4,3.295e+3,1.362e-2
574.7,8.266e+4,8.019e+4,2.475e+3,1.380e-2
574.8,1.031e+5,1.013e+5,1.857e+3,1.395e-2
574.9,1.274e+5,1.260e+5,1.412e+3,1.406e-2
575,1.555e+5,1.543e+5,1.121e+3,1.411e-2
575.1,1.873e+5,1.863e+5,9.699e+2,1.410e-2
575.2,2.225e+5,2.215e+5,9.565e+2,1.401e-2
575.3,2.606e+5,2.595e+5,1.090e+3,1.383e-2
575.4,3.007e+5,2.994e+5,1.392e+3,1.356e-2
575.5,3.421e+5,3.402e+5,1.901e+3,1.320e-2
575.6,3.836e+5,3.809e+5,2.672e+3,1.274e-2
575.7,4.238e+5,4.200e+5,3.782e+3,1.219e-2
575.8,4.616e+5,4.563e+5,5.329e+3,1.156e-2
575.9,4.957e+5,4.883e+5,7.434e+3,1.087e-2
576,5.250e+5,5.147e+5,1.024e+4,1.012e-2
576.1,5.484e+5,5.345e+5,1.393e+4,9.336e-3
576.2,5.653e+5,5.467e+5,1.868e+4,8.537e-3
576.3,5.755e+5,5.508e+5,2.469e+4,7.740e-3
576.4,5.788e+5,5.467e+5,3.219e+4,6.963e-3
576.5,5.758e+5,5.345e+5,4.138e+4,6.221e-3
576.6,5.671e+5,5.147e+5,5.243e+4,5.528e-3
576.7,5.538e+5,4.883e+5,6.551e+4,4.890e-3
576.8,5.370e+5,4.563e+5,8.070e+4,4.315e-3
576.9,5.181e+5,4.200e+5,9.801e+4,3.803e-3
577,4.983e+5,3.809e+5,1.174e+5,3.355e-3
577.1,4.788e+5,3.402e+5,1.386e+5,2.965e-3
577.2,4.607e+5,2.994e+5,1.613e+5,2.630e-3
577.3,4.447e+5,2.595e+5,1.852e+5,2.343e-3
577.4,4.312e+5,2.215e+5,2.096e+5,2.098e-3
577.5,4.203e+5,1.863e+5,2.340e+5,1.888e-3
577.6,4.118e+5,1.543e+5,2.575e+5,1.709e-3
577.7,4.053e+5,1.260e+5,2.794e+5,1.554e-3
577.8,4.002e+5,1.013e+5,2.989e+5,1.422e-3
577.9,3.956e+5,8.019e+4,3.154e+5,1.309e-3
578,3.906e+5,6.255e+4,3.281e+5,1.214e-3
578.1,3.846e+5,4.806e+4,3.365e+5,1.138e-3
578.2,3.767e+5,3.638e+4,3.403e+5,1.080e-3
578.3,3.665e+5,2.712e+4,3.394e+5,1.041e-3
578.4,3.537e+5,1.992e+4,3.337e+5,1.021e-3
578.5,3.380e+5,1.441e+4,3.236e+5,1.021e-3
578.6,3.196e+5,1.027e+4,3.093e+5,1.042e-3
578.7,2.988e+5,7.211e+3,2.916e+5,1.083e-3
578.8,2.760e+5,4.987e+3,2.710e+5,1.146e-3
578.9,2.517e+5,3.397e+3,2.483e+5,1.228e-3
579,2.266e+5,2.279e+3,2.243e+5,1.330e-3
579.1,2.013e+5,1.507e+3,1.998e+5,1.451e-3
579.2,1.764e+5,9.810e+2,1.754e+5,1.589e-3
579.3,1.525e+5,6.292e+2,1.519e+5,1.745e-3
579.4,1.300e+5,3.975e+2,1.296e+5,1.917e-3
579.5,1.093e+5,2.474e+2,1.091e+5,2.106e-3
579.6,9.065e+4,1.517e+2,9.050e+4,2.314e-3
579.7,7.410e+4,9.160e+1,7.401e+4,2.542e-3
579.8,5.972e+4,5.449e+1,5.966e+4,2.794e-3
579.9,4.744e+4,3.193e+1,4.741e+4,3.078e-3
580,3.716e+4,1.843e+1,3.714e+4,3.400e-3
580.1,2.869e+4,1.048e+1,2.868e+4,3.772e-3
580.2,2.184e+4,5.871e+0,2.183e+4,4.211e-3
580.3,1.638e+4,3.239e+0,1.638e+4,4.736e-3
580.4,1.212e+4,1.760e+0,1.211e+4,5.378e-3
580.5,8.831e+3,9.425e-1,8.830e+3,6.173e-3
580.6,6.345e+3,4.971e-1,6.344e+3,7.173e-3
580.7,4.493e+3,2.582e-1,4.492e+3,8.447e-3
580.8,3.136e+3,1.321e-1,3.135e+3,1.008e-2
580.9,2.157e+3,6.661e-2,2.157e+3,1.220e-2
581,1.462e+3,3.308e-2,1.462e+3,1.494e-2
581.1,9.771e+2,1.618e-2,9.770e+2,1.850e-2
581.2,6.435e+2,7.796e-3,6.434e+2,2.308e-2
581.3,4.177e+2,3.700e-3,4.177e+2,2.896e-2
581.4,2.674e+2,1.730e-3,2.673e+2,3.642e-2
581.5,1.689e+2,7.968e-4,1.689e+2,4.580e-2
581.6,1.056e+2,3.615e-4,1.056e+2,5.744e-2
581.7,6.590e+1,1.615e-4,6.582e+1,7.167e-2
581.8,4.183e+1,7.111e-5,4.174e+1,8.881e-2
581.9,2.835e+1,3.084e-5,2.824e+1,1.091e-1
582,2.235e+1,1.317e-5,2.221e+1,1.327e-1
582.1,2.223e+1,5.543e-6,2.207e+1,1.597e-1
582.2,2.760e+1,2.297e-6,2.741e+1,1.899e-1
582.3,3.912e+1,9.380e-7,3.890e+1,2.231e-1
582.4,5.846e+1,3.773e-7,5.821e+1,2.587e-1
582.5,8.845e+1,1.495e-7,8.816e+1,2.960e-1
582.6,1.332e+2,5.833e-8,1.329e+2,3.341e-1
582.7,1.985e+2,2.243e-8,1.981e+2,3.720e-1
582.8,2.918e+2,8.492e-9,2.914e+2,4.084e-1
582.9,4.230e+2,3.168e-9,4.226e+2,4.421e-1
583,6.046e+2,1.164e-9,6.041e+2,4.718e-1
583.1,8.517e+2,4.214e-10,8.512e+2,4.964e-1
583.2,1.182e+3,1.502e-10,1.182e+3,5.148e-1
583.3,1.618e+3,5.277e-11,1.617e+3,5.262e-1
583.4,2.182e+3,,2.181e+3,5.303e-1
583.5,2.899e+3,,2.899e+3,5.268e-1
583.6,3.798e+3,,3.797e+3,5.159e-1
583.7,4.902e+3,,4.902e+3,4.981e-1
583.8,6.236e+3,,6.236e+3,4.742e-1
583.9,7.818e+3,,7.818e+3,4.453e-1
584,9.660e+3,,9.660e+3,4.123e-1
584.1,1.176e+4,,1.176e+4,3.768e-1
584.2,1.412e+4,,1.412e+4,3.398e-1
584.3,1.669e+4,,1.669e+4,3.026e-1
584.4,1.946e+4,,1.946e+4,2.663e-1
584.5,2.235e+4,,2.235e+4,2.318e-1
584.6,2.530e+4,,2.530e+4,1.998e-1
584.7,2.823e+4,,2.823e+4,1.707e-1
584.8,3.104e+4,,3.104e+4,1.449e-1
584.9,3.364e+4,,3.364e+4,1.223e-1
585,3.592e+4,,3.592e+4,1.031e-1
585.1,3.782e+4,,3.782e+4,8.690e-2
585.2,3.923e+4,,3.923e+4,7.353e-2
585.3,4.012e+4,,4.012e+4,6.262e-2
585.4,4.045e+4,,4.045e+4,5.382e-2
585.5,4.022e+4,,4.022e+4,4.678e-2
585.6,3.943e+4,,3.943e+4,4.117e-2
585.7,3.815e+4,,3.815e+4,3.671e-2
585.8,3.644e+4,,3.644e+4,3.314e-2
585.9,3.440e+4,,3.440e+4,3.028e-2
586,3.215e+4,,3.215e+4,2.795e-2
586.1,2.982e+4,,2.982e+4,2.608e-2
586.2,2.754e+4,,2.754e+4,2.458e-2
586.3,2.544e+4,,2.544e+4,2.343e-2
586.4,2.368e+4,,2.368e+4,2.263e-2
586.5,2.236e+4,,2.236e+4,2.222e-2
586.6,2.163e+4,,2.163e+4,2.225e-2
586.7,2.158e+4,,2.158e+4,2.281e-2
586.8,2.231e+4,,2.231e+4,2.399e-2
586.9,2.387e+4,,2.387e+4,2.594e-2
587,2.633e+4,,2.633e+4,2.881e-2
587.1,2.970e+4,,2.970e+4,3.277e-2
587.2,3.396e+4,,3.396e+4,3.804e-2
587.3,3.908e+4,,3.908e+4,4.484e-2
587.4,4.497e+4,,4.497e+4,5.339e-2
587.5,5.152e+4,,5.152e+4,6.392e-2
587.6,5.858e+4,,5.858e+4,7.663e-2
587.7,6.599e+4,,6.599e+4,9.168e-2
587.8,7.355e+4,,7.355e+4,1.092e-1
587.9,8.104e+4,,8.104e+4,1.291e-1
588,8.827e+4,,8.827e+4,1.515e-1
588.1,9.505e+4,,9.505e+4,1.759e-1
588.2,1.012e+5,,1.012e+5,2.021e-1
588.3,1.067e+5,,1.067e+5,2.295e-1
588.4,1.113e+5,,1.113e+5,2.575e-1
588.5,1.152e+5,,1.152e+5,2.853e-1
588.6,1.182e+5,,1.182e+5,3.120e-1
588.7,1.207e+5,,1.207e+5,3.368e-1
588.8,1.226e+5,,1.226e+5,3.586e-1
588.9,1.243e+5,,1.243e+5,3.767e-1
589,1.258e+5,,1.258e+5,3.903e-1
589.1,1.273e+5,,1.273e+5,3.989e-1
589.2,1.290e+5,,1.290e+5,4.020e-1
589.3,1.311e+5,,1.311e+5,3.997e-1
589.4,1.335e+5,,1.335e+5,3.919e-1
589.5,1.362e+5,,1.362e+5,3.790e-1
589.6,1.391e+5,,1.391e+5,3.616e-1
589.7,1.421e+5,,1.421e+5,3.404e-1
589.8,1.448e+5,,1.448e+5,3.163e-1
589.9,1.472e+5,,1.472e+5,2.903e-1
590,1.488e+5,,1.488e+5,2.634e-1
590.1,1.495e+5,,1.495e+5,2.365e-1
590.2,1.490e+5,,1.490e+5,2.106e-1
590.3,1.472e+5,,1.472e+5,1.863e-1
590.4,1.439e+5,,1.439e+5,1.645e-1
590.5,1.391e+5,,1.391e+5,1.455e-1
590.6,1.330e+5,,1.330e+5,1.298e-1
590.7,1.256e+5,,1.256e+5,1.177e-1
590.8,1.170e+5,,1.170e+5,1.091e-1
590.9,1.077e+5,,1.077e+5,1.042e-1
591,9.777e+4,,9.777e+4,1.029e-1
591.1,8.756e+4,,8.756e+4,1.050e-1
591.2,7.735e+4,,7.735e+4,1.102e-1
591.3,6.739e+4,,6.739e+4,1.184e-1
591.4,5.789e+4,,5.789e+4,1.291e-1
591.5,4.904e+4,,4.904e+4,1.422e-1
591.6,4.096e+4,,4.096e+4,1.572e-1
591.7,3.373e+4,,3.373e+4,1.738e-1
591.8,2.738e+4,,2.738e+4,1.915e-1
591.9,2.192e+4,,2.192e+4,2.100e-1
592,1.730e+4,,1.730e+4,2.288e-1
592.1,1.346e+4,,1.346e+4,2.474e-1
592.2,1.034e+4,,1.034e+4,2.653e-1
592.3,7.840e+3,,7.840e+3,2.820e-1
592.4,5.882e+3,,5.882e+3,2.970e-1
592.5,4.385e+3,,4.384e+3,3.097e-1
592.6,3.275e+3,,3.275e+3,3.199e-1
592.7,2.492e+3,,2.491e+3,3.270e-1
592.8,1.987e+3,,1.987e+3,3.308e-1
592.9,1.729e+3,,1.729e+3,3.312e-1
593,1.701e+3,,1.701e+3,3.281e-1
593.1,1.904e+3,,1.904e+3,3.216e-1
593.2,2.357e+3,,2.357e+3,3.120e-1
593.3,3.099e+3,,3.098e+3,2.997e-1
593.4,4.186e+3,,4.186e+3,2.850e-1
593.5,5.698e+3,,5.698e+3,2.688e-1
593.6,7.735e+3,,7.734e+3,2.515e-1
593.7,1.042e+4,,1.042e+4,2.338e-1
593.8,1.388e+4,,1.388e+4,2.165e-1
593.9,1.829e+4,,1.829e+4,2.001e-1
594,2.382e+4,,2.382e+4,1.852e-1
594.1,3.066e+4,,3.066e+4,1.721e-1
594.2,3.897e+4,,3.897e+4,1.612e-1
594.3,4.895e+4,,4.895e+4,1.525e-1
594.4,6.074e+4,,6.074e+4,1.462e-1
594.5,7.447e+4,,7.447e+4,1.421e-1
594.6,9.021e+4,,9.021e+4,1.400e-1
594.7,1.080e+5,,1.080e+5,1.395e-1
594.8,1.277e+5,,1.277e+5,1.402e-1
594.9,1.493e+5,,1.493e+5,1.417e-1
595,1.724e+5,,1.724e+5,1.435e-1
595.1,1.967e+5,,1.967e+5,1.452e-1
595.2,2.217e+5,,2.217e+5,1.464e-1
595.3,2.470e+5,,2.470e+5,1.467e-1
595.4,2.719e+5,,2.719e+5,1.460e-1
595.5,2.957e+5,,2.957e+5,1.441e-1
595.6,3.178e+5,,3.178e+5,1.410e-1
595.7,3.374e+5,,3.374e+5,1.367e-1
595.8,3.539e+5,,3.539e+5,1.315e-1
595.9,3.667e+5,,3.667e+5,1.255e-1
596,3.753e+5,,3.753e+5,1.192e-1
596.1,3.795e+5,,3.795e+5,1.128e-1
596.2,3.791e+5,,3.791e+5,1.067e-1
596.3,3.740e+5,,3.740e+5,1.014e-1
596.4,3.644e+5,,3.644e+5,9.695e-2
596.5,3.507e+5,,3.507e+5,9.380e-2
596.6,3.333e+5,,3.333e+5,9.208e-2
596.7,3.129e+5,,3.129e+5,9.192e-2
596.8,2.900e+5,,2.900e+5,9.333e-2
596.9,2.654e+5,,2.654e+5,9.624e-2
597,2.399e+5,,2.399e+5,1.005e-1
597.1,2.141e+5,,2.141e+5,1.059e-1
597.2,1.887e+5,,1.887e+5,1.121e-1
597.3,1.641e+5,,1.641e+5,1.189e-1
597.4,1.410e+5,,1.410e+5,1.258e-1
597.5,1.196e+5,,1.196e+5,1.326e-1
597.6,1.001e+5,,1.001e+5,1.390e-1
597.7,8.274e+4,,8.274e+4,1.447e-1
597.8,6.751e+4,,6.751e+4,1.495e-1
597.9,5.438e+4,,5.438e+4,1.533e-1
598,4.324e+4,,4.324e+4,1.561e-1
598.1,3.394e+4,,3.394e+4,1.580e-1
598.2,2.630e+4,,2.630e+4,1.592e-1
598.3,2.011e+4,,2.011e+4,1.599e-1
598.4,1.518e+4,,1.518e+4,1.603e-1
598.5,1.132e+4,,1.132e+4,1.607e-1
598.6,8.323e+3,,8.323e+3,1.616e-1
598.7,6.043e+3,,6.043e+3,1.630e-1
598.8,4.330e+3,,4.330e+3,1.653e-1
598.9,3.063e+3,,3.063e+3,1.685e-1
599,2.138e+3,,2.138e+3,1.727e-1
599.1,1.473e+3,,1.473e+3,1.778e-1
599.2,1.002e+3,,1.002e+3,1.836e-1
599.3,6.724e+2,,6.722e+2,1.898e-1
599.4,4.455e+2,,4.453e+2,1.961e-1
599.5,2.913e+2,,2.911e+2,2.021e-1
599.6,1.880e+2,,1.878e+2,2.073e-1
599.7,1.198e+2,,1.196e+2,2.114e-1
599.8,7.533e+1,,7.512e+1,2.138e-1
599.9,4.679e+1,,4.658e+1,2.144e-1
600,2.871e+1,,2.850e+1,2.128e-1
600.1,1.742e+1,,1.721e+1,2.089e-1