element,ionization_stage,observed_wavelength_nm,ritz_wavelength_nm,relative_intensity,Aki,lower_energy,upper_energy
Fe,I,184.1582,184.157518,,,0.0,54301.34
Fe,I,184.19939,184.199262,24.0,,0.0,54289.034
Fe,I,184.79265,184.792604,52.0,,415.933,54530.653
Fe,I,184.8318,184.831804,0.0,,704.007,54807.25
Fe,I,185.1248,185.124913,2.0,,0.0,54017.581
Fe,I,185.13802,185.138037,174.0,,0.0,54013.752
Fe,I,185.1688,185.169007,1.0,,0.0,54004.718
Fe,I,185.177,185.177024,,,704.007,54706.387
Fe,I,185.2424,185.242497,,,0.0,53983.293
Fe,I,185.38609,185.386116,19.0,,415.933,54357.405
Fe,I,185.43643,185.436397,42.0,,415.933,54342.779
Fe,I,185.53173,185.531741,,,704.007,54603.14
Fe,I,185.5579,185.55793,324.0,,0.0,53891.526
Fe,I,185.5914,185.591404,25.0,,0.0,53881.806
Fe,I,185.62149,185.621392,50.0,,415.933,54289.034
Fe,I,185.693,185.693732,,,0.0,53852.114
Fe,I,185.7296,185.72949,,,415.933,54257.679
Fe,I,185.74307,185.742926,36.0,,0.0,53837.851
Fe,I,185.7724,185.772336,,,6928.268,60757.596
Fe,I,185.78163,185.781592,40.0,,704.007,54530.653
Fe,I,185.8106,185.810558,0.0,,888.132,54706.387
Fe,I,185.92634,185.926308,50.0,,0.0,53784.75
Fe,I,186.10328,186.103316,41.0,,0.0,53733.594
Fe,I,186.1542,186.154838,,,415.933,54134.655
Fe,I,186.1675,186.167709,1.0,,888.132,54603.14
Fe,I,186.23256,186.232581,135.0,,415.933,54112.23
Fe,I,186.3543,186.354807,2.0,,0.0,53661.079
Fe,I,186.41917,186.419277,35.0,,888.132,54530.653
Fe,I,186.43213,186.432307,26.0,,704.007,54342.779
Fe,I,186.47464,186.474644,,,415.933,54042.527
Fe,I,186.53091,186.53093,309.0,,0.0,53610.412
Fe,I,186.5612,186.561428,1.0,,415.933,54017.581
Fe,I,186.60619,186.606209,186.0,,415.933,54004.718
Fe,I,186.61413,186.614131,26.0,,0.0,53586.51
Fe,I,186.6191,186.619296,1.0,,704.007,54289.034
Fe,I,186.68189,186.681907,50.0,,704.007,54271.062
Fe,I,186.92604,186.926066,141.0,,415.933,53913.02
Fe,I,187.0011,187.001199,1.0,,415.933,53891.526
Fe,I,187.03519,187.035195,41.0,,415.933,53881.806
Fe,I,187.18912,187.189086,34.0,,415.933,53837.851
Fe,I,187.23708,187.237085,191.0,,704.007,54112.23
Fe,I,187.30575,187.305774,148.0,,0.0,53388.637
Fe,I,187.3258,187.325799,112.0,,888.132,54271.062
Fe,I,187.4897,187.489613,1.0,,888.132,54224.42
Fe,I,187.51587,187.515816,20.0,,0.0,53328.835
Fe,I,187.5697,187.569971,,,0.0,53313.438
Fe,I,187.61475,187.614758,21.0,,704.007,54004.718
Fe,I,187.64196,187.641946,78.0,,978.074,54271.062
Fe,I,187.71684,187.7168,50.0,,704.007,53975.744
Fe,I,187.81044,187.810547,16.0,,415.933,53661.079
Fe,I,187.88478,187.884819,45.0,,888.132,54112.23
Fe,I,187.93806,187.938085,39.0,,704.007,53913.02
Fe,I,188.01405,188.014034,52.0,,704.007,53891.526
Fe,I,188.13114,188.131198,112.0,,888.132,54042.527
Fe,I,188.2036,188.203963,0.0,,704.007,53837.851
Fe,I,188.36797,188.36786,16.0,,888.132,53975.744
Fe,I,188.37788,188.37788,49.0,,0.0,53084.789
Fe,I,188.39225,188.392239,66.0,,704.007,53784.75
Fe,I,188.4684,188.46847,0.0,,704.007,53763.28
Fe,I,188.51766,188.517767,11.0,,704.007,53749.405
Fe,I,188.5741,188.574156,,,7728.06,60757.596
Fe,I,188.59073,188.590686,41.0,,888.132,53913.02
Fe,I,188.7047,188.704667,,,704.007,53696.867
Fe,I,188.77646,188.776469,251.0,,415.933,53388.637
Fe,I,188.83219,188.832192,100.0,,704.007,53661.079
Fe,I,188.964,188.963675,,,888.132,53808.356
Fe,I,188.98978,188.989823,55.0,,415.933,53328.835
Fe,I,189.17438,189.174408,24.0,,888.132,53749.405
Fe,I,189.2689,189.268667,,,888.132,53723.079
Fe,I,189.2853,189.28538,,,978.074,53808.356
Fe,I,189.68579,189.685678,23.0,,978.074,53696.867
Fe,I,189.92088,189.920869,18.0,,704.007,53357.515
Fe,I,190.33948,190.339523,42.0,,415.933,52953.629
Fe,I,191.74067,191.740594,21.0,,704.007,52857.804
Fe,I,192.422,192.422032,1.0,,0.0,51969.101
Fe,I,192.7483,192.748839,,,415.933,52296.92
Fe,I,193.0701,193.069619,,,888.132,52682.92
Fe,I,193.3757,193.375482,,,7376.764,59089.628
Fe,I,193.4535,193.453495,309.0,25000000.0,0.0,51692.01
Fe,I,193.72683,193.726831,240.0,22000000.0,0.0,51619.076
Fe,I,193.9741,193.9745,,,415.933,51969.101
Fe,I,194.06603,194.066039,191.0,26000000.0,415.933,51944.784
Fe,I,194.14,194.139989,,,704.007,52213.23
Fe,I,194.50912,194.509086,50.0,,415.933,51827.413
Fe,I,194.52756,194.527574,60.0,,704.007,52110.601
Fe,I,194.62277,194.622741,30.0,,0.0,51381.457
Fe,I,194.6839,194.683918,68.0,,0.0,51365.311
Fe,I,194.69878,194.698777,490.0,,0.0,51361.391
Fe,I,194.91425,194.914281,19.0,,0.0,51304.604
Fe,I,194.96071,194.960756,32.0,,415.933,51708.307
Fe,I,195.02269,195.02272,132.0,,415.933,51692.01
Fe,I,195.0646,195.064501,0.0,,704.007,51969.101
Fe,I,195.15706,195.157072,224.0,,704.007,51944.784
Fe,I,195.22684,195.226825,166.0,,888.132,52110.601
Fe,I,195.25885,195.25885,309.0,,415.933,51630.001
Fe,I,195.3005,195.300511,316.0,,415.933,51619.076
Fe,I,195.57021,195.570229,115.0,,978.074,52110.601
Fe,I,195.60344,195.603433,219.0,,704.007,51827.854
Fe,I,195.60511,195.605121,214.0,,704.007,51827.413
Fe,I,195.78427,195.784264,650.0,,0.0,51076.628
Fe,I,195.8569,195.856902,65.0,,888.132,51945.817
Fe,I,195.86085,195.860865,158.0,,888.132,51944.784
Fe,I,195.8733,195.87331,54.0,,888.132,51941.54
Fe,I,196.01439,196.0144,620.0,,0.0,51016.66
Fe,I,196.0621,196.061901,,,704.007,51708.307
Fe,I,196.10463,196.104613,29.0,,415.933,51409.124
Fe,I,196.12457,196.124567,263.0,,704.007,51692.01
Fe,I,196.20252,196.202528,83.0,,978.074,51945.817
Fe,I,196.21107,196.21107,437.0,,415.933,51381.457
Fe,I,196.27332,196.27325,33.0,,415.933,51365.311
Fe,I,196.28835,196.288352,83.0,,415.933,51361.391
Fe,I,196.31042,196.310455,26.0,,888.132,51827.854
Fe,I,196.31217,196.312154,112.0,,888.132,51827.413
Fe,I,196.36336,196.363374,44.0,,704.007,51630.001
Fe,I,196.4055,196.405508,87.0,,704.007,51619.076
Fe,I,196.5076,196.507392,,,415.933,51304.604
Fe,I,196.658,196.657685,,,978.074,51827.854
Fe,I,196.7127,196.71271,1.0,,6928.268,57763.824
Fe,I,197.076,197.07591,,,888.132,51630.001
Fe,I,197.39162,197.391686,14.0,,415.933,51076.628
Fe,I,197.4056,197.404588,,,704.007,51361.391
Fe,I,197.5177,197.517708,1.0,,0.0,50628.372
Fe,I,197.619,197.618663,,,7728.06,58330.568
Fe,I,197.9769,197.976855,,,6928.268,57439.223
Fe,I,198.0776,198.0777,,,415.933,50901.172
Fe,I,198.4634,198.463653,,,7376.764,57763.824
Fe,I,198.7957,198.794411,,,0.0,50303.225
Fe,I,199.1044,199.104416,1.0,,6928.268,57153.171
Fe,I,199.1255,199.125774,0.0,,6928.268,57147.784
Fe,I,199.154,199.153839,0.0,,415.933,50628.372
Fe,I,199.2146,199.214438,,,704.007,50901.172
Fe,I,199.2599,199.259778,1.0,,0.0,50185.743
Fe,I,199.45704,199.457165,24.0,,6928.268,57064.346
Fe,I,199.7507,199.750476,,,7376.764,57439.223
Fe,I,199.756,199.755643,,,7376.764,57437.928
Fe,I,199.756,199.75615,,,7376.764,57437.801
Fe,I,199.79133,199.791442,35.0,,0.0,50052.194
Fe,I,199.9318,199.931655,0.0,,415.933,50433.025
Fe,I,200.0578,200.057726,2.0,,7376.764,57346.148
Fe,I,200.0671,200.067016,2.0,,7376.764,57343.828
Fe,I,200.23799,200.238154,13.0,,704.007,50628.372
Fe,I,200.3605,200.360565,1.0,,7728.06,57621.928
Fe,I,200.3728,200.373105,,,7728.06,57618.806
Fe,I,200.38696,200.38698,14.0,,415.933,50303.225
Fe,I,200.5297,200.529848,2.0,,704.007,50555.762
Fe,I,200.5594,200.559229,2.0,,7728.06,57572.513
Fe,I,200.62444,200.624516,27.0,,6928.268,56756.503
Fe,I,200.6245,200.623707,,,6928.268,56756.704
Fe,I,200.6318,200.631673,1.0,,6928.268,56754.726
Fe,I,200.6464,200.64628,1.0,,6928.268,56751.099
Fe,I,200.7179,200.71709,,,0.0,49805.257
Fe,I,200.72193,200.721886,22.0,,6928.268,56732.335
Fe,I,200.8233,200.822913,2.0,,6928.268,56707.284
Fe,I,200.8478,200.84744,,,7376.764,57149.702
Fe,I,200.8505,200.849817,,,7376.764,57149.113
Fe,I,200.8552,200.855181,1.0,,7376.764,57147.784
Fe,I,200.9031,200.903114,,,7985.785,57744.932
Fe,I,201.0248,201.024852,,,704.007,50433.025
Fe,I,201.1441,201.144199,,,7728.06,57427.576
Fe,I,201.1926,201.192517,1.0,,7376.764,57064.346
Fe,I,201.344,201.344035,,,7376.764,57026.96
Fe,I,201.494,201.493677,2.0,,6928.268,56541.596
Fe,I,201.5782,201.577951,0.0,,415.933,50008.522
Fe,I,201.65087,201.650746,16.0,,6928.268,56502.957
Fe,I,201.7159,201.715675,0.0,,0.0,49558.734
Fe,I,201.9075,201.907491,0.0,,7376.764,56888.423
Fe,I,201.9775,201.977169,1.0,,7376.764,56871.345
Fe,I,202.0452,202.04511,,,8154.714,57632.654
Fe,I,202.1099,202.10961,1.0,,7728.06,57190.212
Fe,I,202.1443,202.144153,0.0,,7985.785,57439.486
Fe,I,202.1714,202.171294,,,7985.785,57432.848
Fe,I,202.19829,202.198254,22.0,,7728.06,57168.531
Fe,I,202.2415,202.241207,,,7985.785,57415.757
Fe,I,202.2779,202.277711,1.0,,7728.06,57149.113
Fe,I,202.3013,202.301022,0.0,,7985.785,57401.144
Fe,I,202.4067,202.407678,1.0,,415.933,49805.257
Fe,I,202.4135,202.413092,,,7376.764,56764.767
Fe,I,202.4692,202.469133,0.0,,7376.764,56751.099
Fe,I,202.5361,202.535973,,,7985.785,57343.828
Fe,I,202.54615,202.546119,20.0,,7376.764,56732.335
Fe,I,202.5823,202.581899,1.0,,7728.06,57074.915
Fe,I,202.6261,202.625303,,,7728.06,57064.346
Fe,I,202.6491,202.64899,0.0,,7376.764,56707.284
Fe,I,202.8464,202.846558,,,8154.714,57437.194
Fe,I,202.8719,202.871582,1.0,,8154.714,57431.116
Fe,I,202.9955,202.995069,1.0,,8154.714,57401.144
Fe,I,203.1686,203.168379,2.0,,7985.785,57190.212
Fe,I,203.4214,203.421187,3.0,,7728.06,56871.345
Fe,I,203.4347,203.434871,,,7376.764,56516.744
Fe,I,203.4555,203.455397,,,0.0,49135.023
Fe,I,203.492,203.491972,,,7376.764,56502.957
Fe,I,203.7452,203.745221,,,978.074,50043.213
Fe,I,203.8685,203.868398,,,8154.714,57190.212
Fe,I,203.9984,203.99831,0.0,,7728.06,56732.335
Fe,I,204.3491,204.348949,,,8154.714,57074.915
Fe,I,204.4936,204.493773,,,7985.785,56871.345
Fe,I,204.7248,204.724676,1.0,,11976.239,60806.67
Fe,I,204.7402,204.740372,,,415.933,49242.621
Fe,I,205.8105,205.810358,1.0,,11976.239,60549.116
Fe,I,207.2059,207.206084,0.0,,12560.934,60806.67
Fe,I,207.2693,207.268197,,,0.0,48231.28
Fe,I,207.41887,207.41897,,,11976.239,60172.464
Fe,I,207.7348,207.734935,,,0.0,48122.928
Fe,I,207.75029,207.75034,18.0,,11976.239,60095.599
Fe,I,208.41212,208.412115,890.0,,0.0,47966.585
Fe,I,208.502,208.501827,,,415.933,48361.882
Fe,I,208.5712,208.571229,0.0,,0.0,47929.997
Fe,I,208.7511,208.75107,78.0,,415.933,48304.643
Fe,I,208.98738,208.987455,9.0,,0.0,47834.55
Fe,I,209.03831,209.038311,117.0,,415.933,48238.847
Fe,I,209.08546,209.085461,,,704.007,48516.138
Fe,I,209.08546,209.085518,,,0.0,47812.118
Fe,I,209.36846,209.368457,560.0,,415.933,48163.446
Fe,I,209.54639,209.546297,16.0,,415.933,48122.928
Fe,I,209.81196,209.811947,14.0,,704.007,48350.606
Fe,I,209.89388,209.893864,58.0,,888.132,48516.138
Fe,I,209.96659,209.966506,3.0,,12560.934,60172.464
Fe,I,209.9904,209.990397,6.0,,0.0,47606.114
Fe,I,210.01462,210.014566,,,704.007,48304.643
Fe,I,210.0614,210.061296,,,0.0,47590.048
Fe,I,210.07977,210.079768,251.0,,704.007,48289.871
Fe,I,210.23536,210.235354,282.0,,415.933,47966.585
Fe,I,210.29104,210.291031,39.0,,978.074,48516.138
Fe,I,210.30529,210.305296,115.0,,704.007,48238.847
Fe,I,210.30607,210.30607,,,12560.934,60095.599
Fe,I,210.3972,210.397265,6.0,,415.933,47929.997
Fe,I,210.626,210.625987,54.0,,888.132,48350.606
Fe,I,210.63947,210.639458,363.0,,704.007,48163.446
Fe,I,210.6693,210.6693,,,0.0,47452.717
Fe,I,210.8137,210.813653,,,0.0,47420.228
Fe,I,210.81937,210.819464,7.0,,704.007,48122.928
Fe,I,210.83027,210.830181,34.0,,888.132,48304.643
Fe,I,210.8959,210.895891,302.0,,888.132,48289.871
Fe,I,211.02353,211.023526,105.0,,6928.268,54301.34
Fe,I,211.12322,211.123174,17.0,,888.132,48238.847
Fe,I,211.29687,211.296862,155.0,,978.074,48289.871
Fe,I,211.30871,211.308699,47.0,,6928.268,54237.415
Fe,I,211.45995,211.459942,115.0,,888.132,48163.446
Fe,I,211.51699,211.516932,59.0,,704.007,47966.585
Fe,I,211.7798,211.779849,,,12968.554,60172.464
Fe,I,211.91365,211.913624,8.0,,415.933,47590.048
Fe,I,212.18687,212.186799,16.0,,11976.239,59089.628
Fe,I,212.21784,212.217906,5.0,,0.0,47106.484
Fe,I,212.2799,212.279975,9.0,,0.0,47092.712
Fe,I,212.2957,212.295299,,,6928.268,54017.581
Fe,I,212.31244,212.312565,4.0,,6928.268,54013.752
Fe,I,212.45014,212.450013,9.0,,6928.268,53983.293
Fe,I,212.5324,212.532411,,,415.933,47452.717
Fe,I,212.62105,212.621001,14.0,,0.0,47017.188
Fe,I,212.66093,212.660886,8.0,,0.0,47008.371
Fe,I,212.68164,212.681777,2.0,,415.933,47419.687
Fe,I,212.7474,212.747514,15.0,,704.007,47693.239
Fe,I,212.78644,212.786422,16.0,,7376.764,54357.405
Fe,I,212.7969,212.796904,,,7728.06,54706.387
Fe,I,213.04075,213.040686,8.0,,7376.764,54301.34
Fe,I,213.04404,213.044001,5.0,,6928.268,53852.114
Fe,I,213.09658,213.096577,151.0,,7376.764,54289.034
Fe,I,213.20171,213.201699,510.0,7600000.0,0.0,46889.142
Fe,I,213.33134,213.331339,5.0,,7376.764,54237.415
Fe,I,213.50994,213.509902,13.0,,7985.785,54807.25
Fe,I,213.59605,213.596004,74.0,,7728.06,54530.653
Fe,I,213.6941,213.694255,,,415.933,47197.01
Fe,I,213.80026,213.800232,11.0,,7376.764,54134.655
Fe,I,213.85924,213.859231,115.0,2800000.0,0.0,46744.993
Fe,I,213.9698,213.969792,468.0,,0.0,46720.842
Fe,I,,213.972957,,,415.933,47136.084
Fe,I,213.99344,213.993438,72.0,,704.007,47419.687
Fe,I,214.10858,214.108623,11.0,,415.933,47106.484
Fe,I,214.14717,214.147186,9.0,,6928.268,53610.412
Fe,I,214.17181,214.171803,162.0,,415.933,47092.712
Fe,I,214.2146,214.214493,4.0,,888.132,47555.61
Fe,I,214.25662,214.256902,14.0,,6928.268,53586.51
Fe,I,214.28316,214.28311,9.0,,8154.714,54807.25
Fe,I,214.33692,214.336957,9.0,,7376.764,54017.581
Fe,I,214.355,214.354557,,,7376.764,54013.752
Fe,I,214.38964,214.389696,23.0,,7728.06,54357.405
Fe,I,214.44485,214.444843,40.0,,7985.785,54603.14
Fe,I,214.45681,214.456971,31.0,,7728.06,54342.779
Fe,I,214.51895,214.518938,275.0,5700000.0,415.933,47017.188
Fe,I,214.62821,214.628192,14.0,,978.074,47555.61
Fe,I,214.67205,214.672055,28.0,,704.007,47272.027
Fe,I,214.70454,214.704545,48.0,,7728.06,54289.034
Fe,I,214.7479,214.747447,,,8154.714,54706.387
Fe,I,214.77883,214.778848,10.0,,7985.785,54530.653
Fe,I,214.84031,214.840304,40.0,,888.132,47419.687
Fe,I,214.84928,214.849244,6.0,,7728.06,54257.679
Fe,I,214.91786,214.917876,7.0,,7376.764,53891.526
Fe,I,214.96294,214.962801,6.0,,7376.764,53881.806
Fe,I,215.01847,215.01847,91.0,,704.007,47197.01
Fe,I,215.10023,215.100151,12.0,,7376.764,53852.114
Fe,I,215.10994,215.109978,,,704.007,47177.234
Fe,I,215.10994,215.110061,,,415.933,46889.142
Fe,I,215.16953,215.169517,151.0,,6928.268,53388.637
Fe,I,215.22487,215.224848,32.0,,8154.714,54603.14
Fe,I,215.248007,,630.0,,,
Fe,I,215.30065,215.300638,219.0,6900000.0,704.007,47136.084
Fe,I,215.41244,215.412416,4.0,,7376.764,53784.75
Fe,I,215.44454,215.444564,18.0,,12560.934,58961.996
Fe,I,215.44689,215.446862,38.0,,6928.268,53328.835
Fe,I,215.50197,215.50196,72.0,,704.007,47092.712
Fe,I,215.52429,215.52431,11.0,,888.132,47272.027
Fe,I,215.56139,215.561288,3.0,,8154.714,54530.653
Fe,I,215.56472,215.564477,3.0,,12968.554,59343.807
Fe,I,215.58144,215.581368,15.0,,7985.785,54357.405
Fe,I,215.64301,215.642973,11.0,,11976.239,58334.613
Fe,I,215.6495,215.649393,42.0,,7985.785,54342.779
Fe,I,215.77944,215.779433,620.0,,415.933,46744.993
Fe,I,215.84743,215.847429,52.0,,7728.06,54042.527
Fe,I,215.85342,215.853423,91.0,,704.007,47017.188
Fe,I,215.86294,215.862932,65.0,,415.933,46727.074
Fe,I,215.87348,215.873482,68.0,,888.132,47197.01
Fe,I,215.892,215.891988,126.0,,415.933,46720.842
Fe,I,215.89977,215.899729,6.0,,7985.785,54289.034
Fe,I,215.915,215.914783,,,11976.239,58276.26
Fe,I,215.9431,215.943087,55.0,,978.074,47272.027
Fe,I,215.96374,215.963765,33.0,,7728.06,54017.581
Fe,I,215.96557,215.96572,89.0,,888.132,47177.234
Fe,I,215.98809,215.988059,76.0,,7376.764,53661.079
Fe,I,215.99235,215.992334,110.0,,888.132,47171.531
Fe,I,216.02382,216.0238,11.0,,7728.06,54004.718
Fe,I,216.04615,216.046044,6.0,,7985.785,54257.679
Fe,I,216.1579,216.1579,200.0,5000000.0,888.132,47136.084
Fe,I,216.22479,216.224784,112.0,,7376.764,53610.412
Fe,I,216.33665,216.336638,100.0,,7376.764,53586.51
Fe,I,216.38622,216.386215,79.0,,978.074,47177.234
Fe,I,216.3927,216.392468,,,704.007,46901.832
Fe,I,216.43813,216.438199,22.0,,8154.714,54342.779
Fe,I,216.45275,216.452752,,,7728.06,53913.02
Fe,I,216.45487,216.454861,316.0,,704.007,46888.517
Fe,I,216.55351,216.553545,5.0,,7728.06,53891.526
Fe,I,216.58614,216.586132,224.0,,6928.268,53084.789
Fe,I,216.59911,216.599156,19.0,,7728.06,53881.806
Fe,I,216.6222,216.622044,,,7985.785,54134.655
Fe,I,216.65858,216.658578,126.0,,6928.268,53069.357
Fe,I,216.67732,216.677326,3240.0,270000000.0,0.0,46137.097
Fe,I,216.72761,216.727369,11.0,,7985.785,54112.23
Fe,I,216.7386,216.738605,25.0,,7728.06,53852.114
Fe,I,216.7526,216.752611,,,12968.554,59089.628
Fe,I,216.80565,216.805655,22.0,,7728.06,53837.851
Fe,I,216.83776,216.837759,20.0,,8154.714,54257.679
Fe,I,216.99436,216.994317,18.0,,8154.714,54224.42
Fe,I,217.05298,217.052929,7.0,,11976.239,58033.506
Fe,I,217.05543,217.055403,,,7985.785,54042.527
Fe,I,217.05543,217.055648,,,7728.06,53784.75
Fe,I,217.12338,217.12339,59.0,,11976.239,58018.561
Fe,I,217.1297,217.129691,245.0,5100000.0,704.007,46744.993
Fe,I,217.13702,217.137125,3.0,,12560.934,58600.344
Fe,I,217.21423,217.214239,36.0,,704.007,46727.074
Fe,I,217.2225,217.222368,0.0,,7728.06,53749.405
Fe,I,217.25847,217.258462,155.0,,888.132,46901.832
Fe,I,217.26708,217.26709,,,7376.764,53388.637
Fe,I,217.32136,217.321355,123.0,8300000.0,888.132,46888.517
Fe,I,217.3469,217.346712,0.0,,7728.06,53723.079
Fe,I,217.3543,217.354165,,,12968.554,58961.996
Fe,I,217.3706,217.37063,2.0,,7985.785,53975.744
Fe,I,217.41429,217.414163,21.0,,7376.764,53357.515
Fe,I,217.5239,217.524094,,,8154.714,54112.23
Fe,I,217.54989,217.549872,15.0,,7376.764,53328.835
Fe,I,217.60233,217.602232,3.0,,11976.239,57917.254
Fe,I,217.6228,217.622797,9.0,,7376.764,53313.438
Fe,I,217.64006,217.640116,5.0,,7728.06,53661.079
Fe,I,217.6677,217.667528,2.0,,7985.785,53913.02
Fe,I,217.68401,217.68401,174.0,10000000.0,978.074,46901.832
Fe,I,217.7697,217.769455,8.0,,7985.785,53891.526
Fe,I,217.80806,217.808067,930.0,,415.933,46313.537
Fe,I,217.81185,217.811831,398.0,,704.007,46600.818
Fe,I,217.8805,217.880478,1.0,,7728.06,53610.412
Fe,I,217.8981,217.897666,,,6928.268,52807.001
Fe,I,218.025,218.024406,,,7985.785,53837.851
Fe,I,218.0869,218.086835,10.0,,888.132,46727.074
Fe,I,218.11406,218.11405,,,0.0,45833.223
Fe,I,218.1652,218.164759,,,7985.785,53808.356
Fe,I,218.17186,218.1721,105.0,,8154.714,53975.744
Fe,I,218.34664,218.346626,16.0,,888.132,46672.54
Fe,I,218.39797,218.397811,35.0,,12560.934,58334.613
Fe,I,218.44601,218.44582,18.0,,7985.785,53749.405
Fe,I,218.52138,218.521326,5.0,,7985.785,53733.594
Fe,I,218.62496,218.624939,59.0,,0.0,45726.13
Fe,I,218.64868,218.648687,1290.0,,415.933,46137.097
Fe,I,218.6767,218.676612,,,12560.934,58276.26
Fe,I,218.68924,218.689243,398.0,,888.132,46600.818
Fe,I,218.7119,218.711545,,,7376.764,53084.789
Fe,I,218.71943,218.719447,930.0,,704.007,46410.381
Fe,I,218.91877,218.918775,4.0,,11976.239,57641.001
Fe,I,218.93884,218.938842,10.0,,7728.06,53388.637
Fe,I,219.07696,219.076975,9.0,,12968.554,58600.344
Fe,I,219.0881,219.088187,4.0,,7728.06,53357.515
Fe,I,219.12042,219.120418,162.0,7300000.0,978.074,46600.818
Fe,I,219.18389,219.183908,1550.0,120000000.0,704.007,46313.537
Fe,I,219.2261,219.225994,0.0,,7728.06,53328.835
Fe,I,219.28232,219.282306,16.0,,11976.239,57565.305
Fe,I,219.34102,219.341014,16.0,,7376.764,52953.629
Fe,I,219.356,219.355907,3.0,,11976.239,57550.01
Fe,I,219.60418,219.604199,910.0,120000000.0,888.132,46410.381
Fe,I,219.7234,219.723359,5.0,,415.933,45913.497
Fe,I,220.0086,220.00887,0.0,,12560.934,57999.461
Fe,I,220.03519,220.0352,214.0,,704.007,46137.097
Fe,I,220.03898,220.038993,331.0,89000000.0,978.074,46410.381
Fe,I,220.04914,220.04902,9.0,,7376.764,52807.001
Fe,I,220.0577,220.057909,,,0.0,45428.402
Fe,I,220.07241,220.072429,363.0,28000000.0,888.132,46313.537
Fe,I,220.11178,220.111755,52.0,,415.933,45833.223
Fe,I,220.4074,220.407669,0.0,,12560.934,57917.254
Fe,I,220.644,220.644185,0.0,,12968.554,58276.26
Fe,I,220.70684,220.706836,50.0,,0.0,45294.846
Fe,I,220.8723,220.872141,,,704.007,45964.957
Fe,I,221.06883,221.068847,52.0,,0.0,45220.681
Fe,I,221.12353,221.123576,,,704.007,45913.497
Fe,I,221.3481,221.347813,,,12968.554,58132.249
Fe,I,221.4257,221.425715,,,12560.934,57708.741
Fe,I,221.7585,221.758476,1.0,,12560.934,57641.001
Fe,I,221.7743,221.774427,32.0,,888.132,45964.957
Fe,I,222.0915,222.091538,18.0,,415.933,45428.402
Fe,I,222.1317,222.131504,0.0,,12560.934,57565.305
Fe,I,222.2071,222.20703,0.0,,12560.934,57550.01
Fe,I,222.27632,222.276276,27.0,,11976.239,56951.301
Fe,I,222.3767,222.376173,,,7728.06,52682.92
Fe,I,222.7868,222.786756,,,7985.785,52857.804
Fe,I,222.81715,222.817144,102.0,2100000.0,415.933,45281.833
Fe,I,222.85174,222.851584,,,704.007,45562.974
Fe,I,222.90732,222.907277,23.0,,704.007,45551.767
Fe,I,223.1101,223.109658,1.0,,11976.239,56783.322
Fe,I,223.1213,223.121287,120.0,,415.933,45220.681
Fe,I,223.44327,223.443287,19.0,,12968.554,57708.741
Fe,I,223.7817,223.782143,,,12968.554,57641.001
Fe,I,,223.826298,,,888.132,45551.767
Fe,I,224.06297,224.062963,69.0,,11976.239,56592.703
Fe,I,224.25699,224.257189,87.0,,704.007,45281.833
Fe,I,224.27807,224.277985,6.0,,978.074,45551.767
Fe,I,224.3908,224.390549,,,0.0,44551.335
Fe,I,224.50734,224.507114,38.0,,8154.714,52682.92
Fe,I,224.56526,224.565278,158.0,,704.007,45220.681
Fe,I,224.7244,224.724328,,,7728.06,52213.23
Fe,I,224.74607,224.746126,48.0,,6928.268,51409.124
Fe,I,224.886,224.886018,126.0,,6928.268,51381.457
Fe,I,225.07902,225.079023,468.0,1230000.0,0.0,44415.074
Fe,I,225.123,225.122876,0.0,,11976.239,56382.662
Fe,I,225.18732,225.187396,79.0,,888.132,45281.833
Fe,I,225.2752,225.275523,,,6928.268,51304.604
Fe,I,225.58609,225.586102,115.0,,7376.764,51692.01
Fe,I,225.607,225.607033,,,7985.785,52296.92
Fe,I,225.67548,225.675366,14.0,,12560.934,56858.653
Fe,I,225.92825,225.928244,56.0,1300000.0,415.933,44664.075
Fe,I,225.95101,225.951006,2090.0,5660000.0,0.0,44243.685
Fe,I,225.95802,225.958018,54.0,,7376.764,51619.076
Fe,I,226.05971,226.059831,59.0,,12560.934,56783.322
Fe,I,226.08871,226.088791,33.0,,7728.06,51944.784
Fe,I,226.19968,226.199756,,,7985.785,52180.82
Fe,I,226.34741,226.347419,,,0.0,44166.206
Fe,I,226.43891,226.438924,288.0,,6928.268,51076.628
Fe,I,226.50541,226.505412,650.0,1430000.0,415.933,44551.335
Fe,I,226.5595,226.559758,1.0,,7985.785,52110.601
Fe,I,226.5758,226.576289,2.0,,11976.239,56097.836
Fe,I,226.69058,226.690586,95.0,,7728.06,51827.413
Fe,I,226.70845,226.708447,1070.0,4570000.0,415.933,44511.812
Fe,I,226.74694,226.74695,490.0,,6928.268,51016.66
Fe,I,226.90987,226.909873,191.0,,704.007,44760.746
Fe,I,227.0678,227.06777,,,8154.714,52180.82
Fe,I,227.08624,227.086242,355.0,,0.0,44022.525
Fe,I,227.17828,227.178273,182.0,,7376.764,51381.457
Fe,I,227.20694,227.206942,,2920000.0,415.933,44415.074
Fe,I,227.26167,227.261666,21.0,,7376.764,51365.311
Fe,I,227.28192,227.281922,,,7376.764,51361.391
Fe,I,227.3892,227.388827,0.0,,7728.06,51692.01
Fe,I,227.40907,227.408909,,,704.007,44664.075
Fe,I,227.40907,227.409095,,,7985.785,51945.817
Fe,I,227.4138,227.414439,,,7985.785,51944.784
Fe,I,227.4303,227.430541,,,8154.714,52110.601
Fe,I,227.51914,227.519159,219.0,6190000.0,888.132,44826.9
Fe,I,227.55968,227.559709,65.0,,11976.239,55907.178
Fe,I,227.5679,227.568216,,,11976.239,55905.536
Fe,I,227.5757,227.575764,1.0,,7376.764,51304.604
Fe,I,227.60257,227.602564,2450.0,12500000.0,0.0,43922.668
Fe,I,227.71003,227.71003,102.0,,7728.06,51630.001
Fe,I,227.7667,227.766715,132.0,,7728.06,51619.076
Fe,I,227.77146,227.771474,39.0,,12968.554,56858.653
Fe,I,227.8623,227.862259,,,888.132,44760.746
Fe,I,227.878,227.878325,0.0,,415.933,44285.454
Fe,I,227.9153,227.91559,0.0,,12560.934,56423.283
Fe,I,227.9937,227.993675,363.0,1880000.0,704.007,44551.335
Fe,I,228.02099,228.021026,65.0,,7985.785,51827.854
Fe,I,228.02331,228.02332,38.0,,7985.785,51827.413
Fe,I,228.1629,228.163119,,,12968.554,56783.322
Fe,I,228.19931,228.199387,11.0,,704.007,44511.812
Fe,I,228.28643,228.286431,28.0,,8154.714,51945.817
Fe,I,228.2922,228.291817,6.0,,8154.714,51944.784
Fe,I,228.30872,228.308731,58.0,,8154.714,51941.54
Fe,I,228.3304,228.330395,269.0,2590000.0,978.074,44760.746
Fe,I,228.36551,228.365496,457.0,1530000.0,888.132,44664.075
Fe,I,228.40855,228.408535,2240.0,12900000.0,415.933,44183.628
Fe,I,228.6443,228.644542,1.0,,7985.785,51708.307
Fe,I,228.72495,228.724949,2450.0,22300000.0,704.007,44411.16
Fe,I,228.7293,228.729806,46.0,,7985.785,51692.01
Fe,I,228.7631,228.763103,145.0,,7376.764,51076.628
Fe,I,228.8616,228.86157,,,7728.06,51409.124
Fe,I,228.89681,228.896834,,,704.007,44378.342
Fe,I,228.90308,228.903098,126.0,,8154.714,51827.854
Fe,I,228.90544,228.90541,24.0,,8154.714,51827.413
Fe,I,229.0066,229.006633,,,7728.06,51381.457
Fe,I,229.0477,229.04761,0.0,,19390.168,63035.756
Fe,I,229.0548,229.054811,105.0,,7985.785,51630.001
Fe,I,229.07744,229.077488,117.0,,7376.764,51016.66
Fe,I,229.09131,229.091374,36.0,,7728.06,51365.311
Fe,I,229.11198,229.111957,,,7728.06,51361.391
Fe,I,229.11198,229.112167,,,7985.785,51619.076
Fe,I,229.16247,229.162649,141.0,,888.132,44511.812
Fe,I,229.25246,229.252458,2400.0,2960000.0,415.933,44022.525
Fe,I,229.3848,229.384741,427.0,1090000.0,704.007,44285.454
Fe,I,229.4107,229.410552,0.0,,7728.06,51304.604
Fe,I,229.44079,229.440788,1380.0,36100000.0,888.132,44458.934
Fe,I,229.55404,229.553961,18.0,,11976.239,55525.562
Fe,I,229.6196,229.619458,,,12560.934,56097.836
Fe,I,229.69267,229.692661,389.0,4040000.0,888.132,44411.16
Fe,I,229.7787,229.778687,3390.0,14400000.0,415.933,43922.668
Fe,I,229.81688,229.816882,7900.0,30900000.0,0.0,43499.505
Fe,I,229.86602,229.866004,257.0,1590000.0,888.132,44378.342
Fe,I,229.922,229.921991,1260.0,7030000.0,704.007,44183.628
Fe,I,229.94489,229.944913,27.0,,8154.714,51630.001
Fe,I,229.9743,229.974105,,,11976.239,55446.008
Fe,I,230.01417,230.014164,3390.0,4990000.0,704.007,44166.206
Fe,I,230.02513,230.025163,28.0,,0.0,43460.121
Fe,I,230.05976,230.059791,72.0,,11976.239,55429.819
Fe,I,230.11739,230.117387,,,0.0,43442.705
Fe,I,230.16837,230.168355,780.0,8680000.0,978.074,44411.16
Fe,I,230.34242,230.342417,1350.0,7330000.0,978.074,44378.342
Fe,I,230.35805,230.358055,2190.0,4830000.0,888.132,44285.454
Fe,I,230.453,230.452565,,,7985.785,51365.311
Fe,I,230.4735,230.473394,,,7985.785,51361.391
Fe,I,230.61738,230.617161,34.0,,7728.06,51076.628
Fe,I,230.63821,230.638264,78.0,,12560.934,55905.536
Fe,I,230.89988,230.899878,1950.0,10200000.0,888.132,44183.628
Fe,I,231.31039,231.310413,2340.0,11800000.0,704.007,43922.668
Fe,I,231.35639,231.35617,580.0,,7376.764,50586.878
Fe,I,231.78978,231.789811,71.0,,12968.554,56097.836
Fe,I,231.81867,231.818601,50.0,,6928.268,50052.194
Fe,I,232.03576,232.035752,3090.0,14100000.0,415.933,43499.505
Fe,I,232.34219,232.342091,,,415.933,43442.705
Fe,I,232.34219,232.34211,,,19350.891,62377.66
Fe,I,232.3623,232.362544,,,0.0,43022.985
Fe,I,232.5319,232.531664,,,0.0,42991.697
Fe,I,232.8855,232.885076,4.0,,7376.764,50303.225
Fe,I,232.96404,232.964014,93.0,,0.0,42911.917
Fe,I,232.9742,232.974254,0.0,,415.933,43325.964
Fe,I,233.45239,233.452456,16.0,,12968.554,55790.696
Fe,I,233.96452,233.964502,132.0,,19350.891,62079.322
Fe,I,234.0024,234.002167,1.0,,415.933,43137.487
Fe,I,234.1595,234.158773,1.0,,415.933,43108.917
Fe,I,234.2508,234.251098,,,6928.268,49604.427
Fe,I,234.2551,234.2551,,,7376.764,50052.194
Fe,I,234.50274,234.502198,98.0,,6928.268,49558.734
Fe,I,234.5037,234.50313,,,19562.439,62192.735
Fe,I,234.5494,234.549018,0.0,,704.007,43325.964
Fe,I,234.5563,234.55633,8.0,,19757.032,62377.66
Fe,I,234.6307,234.631076,,,415.933,43022.985
Fe,I,235.0413,235.041045,6.0,161000.0,0.0,42532.741
Fe,I,235.18864,235.188825,33.0,,704.007,43210.025
Fe,I,235.1901,235.189505,2.0,,6928.268,49434.163
Fe,I,235.5909,235.590902,479.0,517000.0,704.007,43137.487
Fe,I,235.619,235.618595,,,7376.764,49805.257
Fe,I,235.619,235.618645,,,18378.186,60806.67
Fe,I,236.1942,236.194213,52.0,,11976.239,54301.34
Fe,I,236.2122,236.212118,,,888.132,43210.025
Fe,I,236.263,236.262912,0.0,,11976.239,54289.034
Fe,I,236.4437,236.443603,,,7728.06,50008.522
Fe,I,236.532041,,490.0,,,
Fe,I,236.55149,236.551513,28.0,,11976.239,54237.415
Fe,I,236.7391,236.739262,,,7376.764,49604.427
Fe,I,236.94561,236.945612,1050.0,2530000.0,888.132,43079.023
Fe,I,237.077365,,650.0,,,
Fe,I,237.14303,237.143028,1550.0,2670000.0,704.007,42859.778
Fe,I,237.36244,237.36243,5000.0,6530000.0,415.933,42532.741
Fe,I,237.380514,,790.0,,,
Fe,I,237.45184,237.45185,1320.0,3140000.0,978.074,43079.023
Fe,I,237.465304,,810.0,,,
Fe,I,237.586,237.585899,,,7728.06,49805.257
Fe,I,237.78842,237.78854,191.0,,11976.239,54017.581
Fe,I,237.79946,237.799435,51.0,,12560.934,54600.35
Fe,I,237.8616,237.861322,1.0,,11976.239,54004.718
Fe,I,238.18361,238.183431,2690.0,4340000.0,888.132,42859.778
Fe,I,238.55889,238.559042,59.0,,11976.239,53881.806
Fe,I,238.72818,238.728205,68.0,,11976.239,53852.114
Fe,I,238.7847,238.783823,,,7376.764,49242.886
Fe,I,238.80968,238.80955,35.0,,11976.239,53837.851
Fe,I,238.9406,238.940362,1.0,,12968.554,54807.25
Fe,I,238.99727,238.997273,2750.0,4470000.0,704.007,42532.741
Fe,I,239.1819,239.181771,7.0,,12560.934,54357.405
Fe,I,239.2656,239.265505,2.0,,12560.934,54342.779
Fe,I,239.4009,239.400658,,,7376.764,49135.023
Fe,I,239.5026,239.503061,1.0,,12560.934,54301.34
Fe,I,239.51767,239.517827,66.0,,12968.554,54706.387
Fe,I,239.5495,239.55055,,,7376.764,49108.896
Fe,I,239.5745,239.573699,4.0,,12560.934,54289.034
Fe,I,239.7062,239.705998,,,7728.06,49433.131
Fe,I,239.8227,239.822345,4.0,,11976.239,53661.079
Fe,I,239.8704,239.870449,1.0,,12560.934,54237.415
Fe,I,240.11434,240.114221,43.0,,11976.239,53610.412
Fe,I,240.4639,240.463396,,,12560.934,54134.655
Fe,I,240.8045,240.804556,22.0,,7728.06,49242.886
Fe,I,240.80608,240.806093,51.0,,7728.06,49242.621
Fe,I,241.009723,,407.0,,,
Fe,I,241.1557,241.155969,,,6928.268,48382.603
Fe,I,241.19645,241.196637,32.0,,7985.785,49433.131
Fe,I,241.218,241.217369,0.0,,12560.934,54004.718
Fe,I,241.2769,241.276581,1.0,,6928.268,48361.882
Fe,I,,241.400199,,,11976.239,53388.637
Fe,I,241.7498,241.749326,3.0,,11976.239,53328.835
Fe,I,241.8787,241.878041,,,12560.934,53891.526
Fe,I,241.90628,241.90626,52.0,,7376.764,48702.535
Fe,I,241.94015,241.93991,36.0,,21715.732,63035.756
Fe,I,241.98785,241.987782,42.0,,7985.785,49297.635
Fe,I,242.03955,242.039567,112.0,105000.0,6928.268,48231.28
Fe,I,242.3105,242.310486,129.0,,7985.785,49242.621
Fe,I,242.6315,242.630965,4.0,,12560.934,53763.28
Fe,I,242.71249,242.712705,100.0,,12560.934,53749.405
Fe,I,242.8871,242.886814,2.0,,19390.168,60549.116
Fe,I,242.9439,242.944133,,,7985.785,49135.023
Fe,I,242.98144,242.981437,135.0,,8154.714,49297.635
Fe,I,243.01898,243.018835,62.0,,19621.006,60757.596
Fe,I,243.10246,243.102451,132.0,,18378.186,59500.628
Fe,I,243.2343,243.234344,,,12560.934,53661.079
Fe,I,243.24172,243.241583,,,7376.764,48475.686
Fe,I,243.30676,243.306797,60.0,,8154.714,49242.621
Fe,I,243.3892,243.389343,0.0,,12968.554,54042.527
Fe,I,243.81824,243.818221,710.0,7090000.0,6928.268,47929.997
Fe,I,243.91704,243.917046,126.0,,7376.764,48361.882
Fe,I,243.93556,243.935534,85.0,,18378.186,59360.198
Fe,I,243.96305,243.96305,48.0,,11976.239,52953.629
Fe,I,243.97448,243.974488,1740.0,346000000.0,19390.168,60365.637
Fe,I,244.01096,244.01096,447.0,,19788.251,60757.596
Fe,I,244.03317,244.033143,34.0,,18378.186,59343.807
Fe,I,244.159,244.159239,0.0,,12968.554,53913.02
Fe,I,244.25683,244.256819,437.0,312000000.0,19621.006,60549.116
Fe,I,244.2644,244.26419,3.0,,6928.268,47855.143
Fe,I,244.38716,244.387166,1580.0,5890000.0,6928.268,47834.55
Fe,I,244.52128,244.521265,355.0,1180000.0,6928.268,47812.118
Fe,I,244.6966,244.696847,0.0,,7376.764,48231.28
Fe,I,244.77093,244.770917,1120.0,3300000.0,0.0,40842.154
Fe,I,244.83923,244.839214,59.0,,11976.239,52807.001
Fe,I,244.85742,244.85756,29.0,,12560.934,53388.637
Fe,I,245.04434,245.044365,115.0,,12560.934,53357.515
Fe,I,245.13872,245.138891,93.0,,12968.554,53749.405
Fe,I,245.16754,245.16757,54.0,,19757.032,60533.113
Fe,I,245.21676,245.216765,58.0,,12560.934,53328.835
Fe,I,245.2338,245.233977,4.0,,12968.554,53733.594
Fe,I,245.25918,245.259097,26.0,,19788.251,60549.116
Fe,I,245.29745,245.297254,,,12968.554,53723.079
Fe,I,245.33854,245.338788,38.0,,7728.06,48475.686
Fe,I,245.34758,245.347592,780.0,18900000.0,7376.764,48122.928
Fe,I,245.35688,245.356823,42.0,12300000.0,19621.006,60365.637
Fe,I,245.67081,245.671021,,,12968.554,53661.079
Fe,I,245.7589,245.759275,,,19788.251,60466.164
Fe,I,245.75966,245.75968,11000.0,48100000.0,6928.268,47606.114
Fe,I,245.82,245.819934,,,17726.988,58394.864
Fe,I,245.85686,245.85679,288.0,1070000.0,6928.268,47590.048
Fe,I,246.0075,246.007624,0.0,,11976.239,52613.09
Fe,I,246.02592,246.025963,33.0,,7728.06,48361.882
Fe,I,246.03006,246.029948,16.0,,19621.006,60254.17
Fe,I,246.10598,246.10594,83.0,,19912.495,60533.113
Fe,I,246.21808,246.218086,1580.0,11000000.0,415.933,41018.051
Fe,I,246.26471,246.264707,9300.0,58500000.0,0.0,40594.432
Fe,I,246.33965,246.339741,31.0,,17550.181,58132.249
Fe,I,246.37303,246.373043,1290.0,16400000.0,7728.06,48304.643
Fe,I,246.51491,246.514911,6900.0,43500000.0,7376.764,47929.997
Fe,I,246.5392,246.538993,0.0,,17726.988,58276.26
Fe,I,246.62821,246.62833,32.0,,19562.439,60097.024
Fe,I,246.66965,246.66993,204.0,,19350.891,59878.64
Fe,I,246.6897,246.69002,1.0,,6928.268,47452.717
Fe,I,246.75687,246.75679,,,19562.439,60075.924
Fe,I,246.75687,246.75683,,,20019.635,60533.113
Fe,I,246.77334,246.773221,1320.0,,7728.06,48238.847
Fe,I,246.829592,,690.0,,,
Fe,I,246.88797,246.887968,7100.0,24000000.0,6928.268,47420.228
Fe,I,246.9008,246.900523,,,7985.785,48475.686
Fe,I,246.96677,246.966671,37.0,,415.933,40894.99
Fe,I,246.99389,246.993911,34.0,,19621.006,60095.599
Fe,I,247.09653,247.096525,910.0,2360000.0,7376.764,47834.55
Fe,I,247.2332,247.233419,,,7728.06,48163.446
Fe,I,247.2341,247.233614,,10700000.0,7376.764,47812.118
Fe,I,247.2341,247.235118,,7210000.0,6928.268,47363.376
Fe,I,247.28711,247.287203,1510.0,21000000.0,704.007,41130.599
Fe,I,247.28947,247.289473,3980.0,130000000.0,415.933,40842.154
Fe,I,247.31566,247.315677,4470.0,2750000.0,0.0,40421.938
Fe,I,247.48142,247.481423,2570.0,61300000.0,7728.06,48122.928
Fe,I,247.4943,247.494738,,,12560.934,52953.629
Fe,I,247.54671,247.546723,43.0,,19788.251,60172.464
Fe,I,247.57619,247.575974,55.0,,18378.186,58757.628
Fe,I,247.60311,247.60313,81.0,,19350.891,59725.904
Fe,I,247.64717,247.64718,151.0,,19350.891,59718.724
Fe,I,247.66565,247.665658,1020.0,30500000.0,7985.785,48350.606
Fe,I,247.68654,247.686504,129.0,2930000.0,8154.714,48516.138
Fe,I,247.8179,247.818363,,,19621.006,59960.956
Fe,I,247.81791,247.81811,23.0,,19757.032,60097.024
Fe,I,247.82109,247.821275,,,19621.006,59960.482
Fe,I,247.91481,247.91479,,,19562.439,59886.7
Fe,I,247.94802,247.9478,,,19757.032,60075.924
Fe,I,247.94802,247.948014,,21000000.0,7985.785,48304.643
Fe,I,247.96278,247.96267,129.0,706000.0,7376.764,47693.239
Fe,I,247.96425,247.96436,,,19562.439,59878.64
Fe,I,247.97762,247.977624,7600.0,174000000.0,704.007,41018.051
Fe,I,248.01879,248.018822,91.0,,19788.251,60095.599
Fe,I,248.03892,248.038896,48.0,,7985.785,48289.871
Fe,I,248.1991,248.1995,,,19757.032,60035.04
Fe,I,248.32707,248.327095,38000.0,480000000.0,0.0,40257.314
Fe,I,248.35332,248.353328,1740.0,20900000.0,7985.785,48238.847
Fe,I,248.41875,248.418719,10000.0,226000000.0,888.132,41130.599
Fe,I,248.45253,248.452529,,,11976.239,52213.23
Fe,I,248.4997,248.499723,14.0,,7376.764,47606.114
Fe,I,248.5443,248.544159,0.0,,18378.186,58600.344
Fe,I,248.59901,248.59901,790.0,2940000.0,7376.764,47590.048
Fe,I,248.63725,248.637304,5800.0,3080000.0,0.0,40207.091
Fe,I,248.66917,248.669182,2040.0,14700000.0,7728.06,47929.997
Fe,I,248.70658,248.706582,1860.0,64000000.0,8154.714,48350.606
Fe,I,248.7243,248.724775,,,17550.181,57743.133
Fe,I,248.73697,248.736961,870.0,2740000.0,704.007,40894.99
Fe,I,248.74148,248.7416,102.0,,19350.891,59541.124
Fe,I,248.77676,248.77691,76.0,,19912.495,60097.024
Fe,I,248.7926,248.79289,0.0,,19350.891,59532.84
Fe,I,248.81423,248.814253,7200.0,420000000.0,415.933,40594.432
Fe,I,248.81601,248.816005,,,6928.268,47106.484
Fe,I,248.8482,248.84826,,,19912.495,60085.504
Fe,I,248.8482,248.8484,,,19350.891,59523.88
Fe,I,248.8528,248.853077,0.0,,19788.251,59960.482
Fe,I,248.89443,248.894412,112.0,,20641.11,60806.67
Fe,I,248.90746,248.9074,,,19562.439,59725.904
Fe,I,248.90746,248.90762,,,19912.495,60075.924
Fe,I,248.9347,248.934619,,,19788.251,59947.324
Fe,I,248.95207,248.9519,71.0,,19562.439,59718.724
Fe,I,248.97523,248.975218,3800.0,231000000.0,978.074,41130.599
Fe,I,248.99131,248.991317,690.0,8720000.0,8154.714,48304.643
Fe,I,249.0418,249.04164,,,18378.186,58520.003
Fe,I,249.06442,249.06441,18200.0,344000000.0,704.007,40842.154
Fe,I,249.07082,249.070641,3020.0,,7985.785,48122.928
Fe,I,249.08299,249.082966,,,8154.714,48289.871
Fe,I,249.11548,249.11548,13200.0,291000000.0,888.132,41018.051
Fe,I,249.1477,249.14764,7.0,,19350.891,59475.63
Fe,I,249.1607,249.16127,1.0,,19912.495,60035.04
Fe,I,249.1643,249.164739,,,12560.934,52682.92
Fe,I,249.167,249.16709,,,19757.032,59878.64
Fe,I,,249.198902,,32500000.0,20641.11,60757.596
Fe,I,249.22307,249.2229,148.0,,19350.891,59463.514
Fe,I,249.2455,249.24563,1.0,,20019.635,60128.6
Fe,I,249.26305,249.263061,200.0,535000.0,7728.06,47834.221
Fe,I,249.28203,249.282132,21.0,,7728.06,47831.153
Fe,I,249.40008,249.400052,,8890000.0,8154.714,48238.847
Fe,I,249.40008,249.400518,,,7728.06,47812.118
Fe,I,249.42022,249.420083,,,17550.181,57631.095
Fe,I,249.42513,249.42513,540.0,1100000.0,6928.268,47008.371
Fe,I,249.45098,249.450961,62.0,,7376.764,47452.717
Fe,I,249.52762,249.52768,100.0,,19757.032,59820.664
Fe,I,249.5872,249.587367,13.0,1430000.0,6928.268,46982.32
Fe,I,249.65337,249.653365,6000.0,21500000.0,7376.764,47420.228
Fe,I,249.78528,249.785193,33.0,,17550.181,57572.513
Fe,I,249.8122,249.812584,1.0,,17726.988,57744.932
Fe,I,249.82054,249.820487,37.0,,18378.186,58394.864
Fe,I,249.83416,249.834186,52.0,,17726.988,57741.472
Fe,I,249.8697,249.870107,2.0,,8154.714,48163.446
Fe,I,249.88182,249.881812,71.0,122000.0,888.132,40894.99
Fe,I,249.88737,249.88714,,59000.0,415.933,40421.938
Fe,I,249.96255,249.9629,15.0,,19562.439,59556.32
Fe,I,249.9693,249.969267,,,11976.239,51969.101
Fe,I,250.04857,250.04872,45.0,,20019.635,59999.79
Fe,I,250.0861,250.08594,3.0,,19912.495,59886.7
Fe,I,250.11318,250.113174,5800.0,67500000.0,0.0,39969.853
Fe,I,250.14235,250.142428,19.0,156000.0,7728.06,47693.239
Fe,I,250.16939,250.169377,,3690000.0,6928.268,46889.142
Fe,I,250.1734,250.173128,,,19562.439,59522.714
Fe,I,250.2225,250.222555,2.0,,18378.186,58330.568
Fe,I,250.24905,250.249065,62.0,,19552.478,59500.628
Fe,I,250.34915,250.349103,52.0,,20874.482,60806.67
Fe,I,250.3555,250.35612,,,19912.495,59843.564
Fe,I,250.4102,250.40983,3.0,,20641.11,60563.614
Fe,I,250.4541,250.454436,0.0,,17726.988,57642.383
Fe,I,250.4627,250.463109,0.0,,17726.988,57641.001
Fe,I,250.50077,250.50081,34.0,25600000.0,20641.11,60549.116
Fe,I,250.54435,250.54433,102.0,,19562.439,59463.514
Fe,I,250.56322,250.563174,204.0,,18378.186,58276.26
Fe,I,250.6329,250.632662,,,17550.181,57437.194
Fe,I,250.65722,250.657165,120.0,20400000.0,20874.482,60757.596
Fe,I,250.75253,250.75227,66.0,,19912.495,59780.484
Fe,I,250.79001,250.790017,4900.0,19300000.0,7728.06,47590.048
Fe,I,250.87531,250.875314,630.0,1710000.0,7985.785,47834.221
Fe,I,250.8942,250.893643,,,17726.988,57572.513
Fe,I,250.8945,250.894632,47.0,,7985.785,47831.153
Fe,I,250.9391,250.939041,2.0,,17726.988,57565.305
Fe,I,251.02969,251.02971,,,20019.635,59843.564
Fe,I,251.08348,251.083468,6000.0,129000000.0,415.933,40231.336
Fe,I,251.1026,251.10277,,,19757.032,59569.374
Fe,I,251.1317,251.131931,,,19552.478,59360.198
Fe,I,251.22753,251.227524,540.0,2190000.0,6928.268,46720.842
Fe,I,251.23647,251.236465,3090.0,2000000.0,415.933,40207.091
Fe,I,251.28997,251.28976,38.0,,19350.891,59133.61
Fe,I,251.2973,251.29707,3.0,,19757.032,59538.594
Fe,I,251.33301,251.3331,93.0,,19350.891,59126.75
Fe,I,251.3332,251.33343,,,19757.032,59532.84
Fe,I,251.34997,251.35002,72.0,,19350.891,59124.074
Fe,I,251.38479,251.384781,79.0,,21038.987,60806.67
Fe,I,251.42798,251.42799,105.0,,20019.635,59780.484
Fe,I,251.45189,251.45171,,,19757.032,59514.13
Fe,I,251.4709,251.470913,83.0,,18378.186,58132.249
Fe,I,251.58536,251.585322,42.0,1220000.0,12560.934,52296.92
Fe,I,251.62504,251.625003,,373000.0,7376.764,47106.484
Fe,I,251.65707,251.657076,650.0,1710000.0,7728.06,47452.717
Fe,I,251.6956,251.69547,,,19757.032,59475.63
Fe,I,251.7127,251.712263,,,7376.764,47092.712
Fe,I,251.72203,251.722291,,,12968.554,52682.92
Fe,I,251.7481,251.748663,,,17726.988,57437.194
Fe,I,251.7529,251.75292,1.0,,20019.635,59729.17
Fe,I,251.76609,251.766112,1550.0,15800000.0,7985.785,47693.239
Fe,I,251.7798,251.779948,1.0,,17927.382,57632.654
Fe,I,251.81015,251.810145,5100.0,193000000.0,704.007,40404.518
Fe,I,251.86463,251.864479,316.0,,11976.239,51668.186
Fe,I,251.8667,251.86651,,,7728.06,47419.687
Fe,I,251.88234,251.88234,65.0,,20874.482,60563.614
Fe,I,251.96292,251.96293,1700.0,13400000.0,8154.714,47831.153
Fe,I,251.9848,251.9845,0.0,,19562.439,59235.48
Fe,I,252.0872,252.08721,5.0,,19912.495,59569.374
Fe,I,252.09709,252.097126,62.0,,18378.186,58033.506
Fe,I,252.10597,252.105906,29.0,,11976.239,51630.178
Fe,I,252.1159,252.116352,,,12560.934,52213.23
Fe,I,252.1621,252.16192,2.0,,17927.382,57572.513
Fe,I,252.1769,252.176513,,,11976.239,51619.076
Fe,I,252.19188,252.191864,380.0,2420000.0,7376.764,47017.188
Fe,I,252.2194,252.219366,,,415.933,40052.035
Fe,I,252.24798,252.247974,590.0,1140000.0,7376.764,47008.371
Fe,I,252.28493,252.284917,11700.0,213000000.0,0.0,39625.804
Fe,I,252.31375,252.31376,245.0,,18378.186,57999.461
Fe,I,252.3271,252.327227,,,17726.988,57346.148
Fe,I,252.3271,252.327616,,,17927.382,57546.481
Fe,I,252.33234,252.332387,43.0,,17550.181,57168.531
Fe,I,252.3661,252.366086,870.0,,20641.11,60254.17
Fe,I,252.39968,252.39955,135.0,,19912.495,59520.304
Fe,I,252.42923,252.429228,3160.0,323000000.0,888.132,40491.284
Fe,I,252.4394,252.4389,,,19912.495,59514.13
Fe,I,252.4563,252.45613,,,17550.181,57149.113
Fe,I,252.50236,252.50236,660.0,,20874.482,60466.164
Fe,I,252.5111,252.511541,,,17550.181,57140.424
Fe,I,252.67711,252.67706,26.0,,19562.439,59126.75
Fe,I,252.72661,252.726548,158.0,34600000.0,19390.168,58946.732
Fe,I,252.74348,252.743442,6600.0,193000000.0,415.933,39969.853
Fe,I,252.7699,252.77016,,,20019.635,59569.374
Fe,I,252.80127,252.80127,110.0,,19757.032,59301.904
Fe,I,252.8077,252.80747,2.0,,12968.554,52512.457
Fe,I,252.8172,252.8176,9.0,,22650.416,62192.735
Fe,I,252.88777,252.887728,83.0,,20641.11,60172.464
Fe,I,252.91348,252.91348,4900.0,99100000.0,704.007,40231.336
Fe,I,252.93075,252.93077,910.0,486000000.0,21038.987,60563.614
Fe,I,252.98352,252.983523,2190.0,38300000.0,888.132,40404.518
Fe,I,253.0257,253.025619,2.0,,17927.382,57437.194
Fe,I,253.06915,253.068716,1410.0,640000.0,704.007,40207.091
Fe,I,253.12472,253.12463,20.0,,19757.032,59251.39
Fe,I,253.1632,253.162988,0.0,,17927.382,57415.757
Fe,I,253.2271,253.2267,,,19757.032,59235.48
Fe,I,253.2374,253.23736,32.0,,17550.181,57026.96
Fe,I,253.28759,253.287593,60.0,1430000.0,7728.06,47197.01
Fe,I,253.31414,253.314095,98.0,20700000.0,19621.006,59085.827
Fe,I,253.3273,253.326991,1.0,,20037.816,59500.628
Fe,I,253.3804,253.380435,191.0,,20641.11,60095.599
Fe,I,253.4634,253.463608,1.0,,17726.988,57168.531
Fe,I,253.5128,253.512724,,,7985.785,47419.687
Fe,I,253.54484,253.54485,263.0,,22650.416,62079.322
Fe,I,253.56068,253.560682,4170.0,95900000.0,978.074,40404.518
Fe,I,253.6444,253.644373,0.0,,17726.988,57140.424
Fe,I,253.6801,253.679209,,,7728.06,47136.084
Fe,I,253.69718,253.697274,324.0,,11976.239,51381.457
Fe,I,253.713,253.712612,,,19562.439,58965.275
Fe,I,253.71745,253.717435,2090.0,370000000.0,19390.168,58792.255
Fe,I,253.74587,253.745876,240.0,3190000.0,11976.239,51373.91
Fe,I,253.8008,253.801274,,,11976.239,51365.311
Fe,I,253.8397,253.83911,,,17550.181,56933.382
Fe,I,253.86992,253.869907,145.0,274000.0,7728.06,47106.484
Fe,I,253.93567,253.935655,209.0,2410000.0,7376.764,46744.993
Fe,I,253.95869,253.958731,68.0,,7728.06,47092.712
Fe,I,254.0293,254.029812,1.0,,19552.478,58906.116
Fe,I,254.0663,254.066685,,,17726.988,57074.915
Fe,I,254.06633,254.066032,2630.0,1410000.0,704.007,40052.035
Fe,I,254.0732,254.07354,,,22845.869,62192.735
Fe,I,254.09154,254.091541,76.0,,7376.764,46720.842
Fe,I,254.0972,254.097186,4680.0,95900000.0,888.132,40231.336
Fe,I,254.12534,254.12502,20.0,,19912.495,59251.39
Fe,I,254.12931,254.129239,52.0,,17550.181,56888.423
Fe,I,254.1929,254.19306,,,12968.554,52296.92
Fe,I,254.1929,254.193066,,,11976.239,51304.604
Fe,I,254.21011,254.210125,1820.0,447000000.0,19621.006,58946.732
Fe,I,254.2314,254.231745,,,20037.816,59360.198
Fe,I,254.2391,254.23962,,,17550.181,56871.345
Fe,I,254.27359,254.273663,,,19390.168,58706.068
Fe,I,254.30508,254.304796,26.0,,19350.891,58661.978
Fe,I,254.33778,254.337769,,,20037.816,59343.807
Fe,I,254.3378,254.338274,,,20641.11,59947.023
Fe,I,254.3678,254.36763,3.0,,19788.251,59089.628
Fe,I,254.3896,254.389607,316.0,,20874.482,60172.464
Fe,I,254.39224,254.392235,1480.0,470000000.0,19788.251,59085.827
Fe,I,254.4465,254.446939,4.0,,7728.06,47017.188
Fe,I,254.46565,254.465632,186.0,2860000.0,7985.785,47272.027
Fe,I,254.470616,,1200.0,,,
Fe,I,254.59783,254.597818,5600.0,71600000.0,704.007,39969.853
Fe,I,254.61746,254.617377,,,17927.382,57190.212
Fe,I,254.61746,254.617474,,,18378.186,57641.001
Fe,I,254.68674,254.68674,72.0,,23783.619,63035.756
Fe,I,254.7689,254.768654,1.0,,17550.181,56789.699
Fe,I,254.80802,254.80804,166.0,,22845.869,62079.322
Fe,I,254.81,254.810067,65.0,,17550.181,56783.322
Fe,I,254.8393,254.839065,0.0,,17927.382,57156.059
Fe,I,254.8508,254.850694,0.0,,17927.382,57154.269
Fe,I,254.8883,254.888189,2.0,,20874.482,60095.599
Fe,I,254.9226,254.922282,1.0,,17550.181,56766.053
Fe,I,254.93067,254.930642,26.0,,17550.181,56764.767
Fe,I,254.95252,254.952495,93.0,662000.0,7985.785,47197.01
Fe,I,254.96132,254.961299,11200.0,23100000.0,415.933,39625.804
Fe,I,254.9948,254.994599,1.0,,17550.181,56754.932
Fe,I,255.051,255.05114,6.0,,22996.674,62192.735
Fe,I,255.0811,255.081152,71.0,,7985.785,47177.234
Fe,I,255.10932,255.109339,650.0,,18378.186,57565.305
Fe,I,255.1414,255.141668,0.0,,17550.181,56732.335
Fe,I,255.26057,255.260576,1050.0,619000.0,888.132,40052.035
Fe,I,255.27682,255.276664,17.0,,17726.988,56888.423
Fe,I,255.28305,255.283039,158.0,1430000.0,7728.06,46888.517
Fe,I,255.3493,255.34928,18.0,,7985.785,47136.084
Fe,I,255.3549,255.355118,,,19757.032,58906.436
Fe,I,255.3671,255.367323,,,17927.382,57074.915
Fe,I,255.3881,255.388043,26.0,,17726.988,56871.345
Fe,I,255.4071,255.407704,,,19350.891,58492.235
Fe,I,255.56465,255.564619,48.0,,8154.714,47272.027
Fe,I,255.63036,255.630372,186.0,2550000.0,12560.934,51668.186
Fe,I,255.68627,255.686269,1020.0,751000.0,6928.268,46026.971
Fe,I,255.72705,255.72698,105.0,,11976.239,51068.718
Fe,I,255.7421,255.741622,2.0,,19621.006,58711.247
Fe,I,255.7829,255.783071,,,19621.006,58704.913
Fe,I,255.79785,255.79768,34.0,,19621.006,58702.681
Fe,I,255.81143,255.811695,13.0,,19621.006,58700.54
Fe,I,255.8522,255.852616,1.0,,20874.482,59947.766
Fe,I,255.8579,255.857481,,,20874.482,59947.023
Fe,I,255.9092,255.909266,1.0,,17726.988,56791.623
Fe,I,255.9561,255.956353,,,20019.635,59077.084
Fe,I,255.9884,255.988463,1.0,,17726.988,56779.538
Fe,I,256.0028,256.003384,,,17726.988,56777.262
Fe,I,256.05571,256.0557,,1590000.0,8154.714,47197.01
Fe,I,256.0584,256.058534,,,21715.732,60757.596
Fe,I,256.0766,256.076893,0.0,,17726.988,56766.053
Fe,I,256.0869,256.086694,,,18378.186,57415.757
Fe,I,256.12717,256.127165,68.0,,7985.785,47017.188
Fe,I,256.1855,256.185473,105.0,1670000.0,8154.714,47177.234
Fe,I,256.22247,256.22216,224.0,,7728.06,46744.993
Fe,I,256.2228,256.222922,8.0,,8154.714,47171.531
Fe,I,256.33987,256.339895,138.0,1120000.0,7728.06,46727.074
Fe,I,256.3898,256.389856,,,17550.181,56541.596
Fe,I,256.45592,256.455928,178.0,1430000.0,8154.714,47136.084
Fe,I,256.5276,256.527519,0.0,,19350.891,58321.383
Fe,I,256.54692,256.54705,34.0,,19552.478,58520.003
Fe,I,256.5531,256.553386,0.0,,17550.181,56516.744
Fe,I,256.5595,256.55945,0.0,,18378.186,57343.828
Fe,I,256.8154,256.815652,2.0,,19757.032,58683.804
Fe,I,256.8407,256.840568,,,19788.251,58711.247
Fe,I,256.88646,256.886433,138.0,2040000.0,7985.785,46901.832
Fe,I,256.9029,256.902945,,,21038.987,59952.533
Fe,I,256.9089,256.909303,,,19788.251,58700.834
Fe,I,256.9345,256.934422,3.0,,21038.987,59947.766
Fe,I,256.95968,256.959678,269.0,1010000.0,6928.268,45833.223
Fe,I,256.97434,256.974362,120.0,1170000.0,7985.785,46888.517
Fe,I,257.2549,257.255006,,,19621.006,58481.301
Fe,I,257.27552,257.275372,129.0,2490000.0,12968.554,51825.773
Fe,I,257.57451,257.57452,560.0,,19788.251,58600.344
Fe,I,257.669,257.669004,2570.0,11300000.0,6928.268,45726.13
Fe,I,257.6984,257.697832,,,12968.554,51762.076
Fe,I,257.7187,257.718939,,,18378.186,57168.531
Fe,I,257.80032,257.800391,89.0,,19552.478,58330.568
Fe,I,257.821032,,398.0,,,
Fe,I,,257.925989,,,7985.785,46744.993
Fe,I,257.927,257.927001,295.0,315000.0,7376.764,46135.82
Fe,I,257.9272,257.927746,,,19562.439,58321.383
Fe,I,257.98438,257.98441,87.0,,21715.732,60466.164
Fe,I,258.00646,258.006473,74.0,,8154.714,46901.832
Fe,I,258.02939,258.029436,71.0,,12560.934,51304.604
Fe,I,258.04526,258.045295,69.0,,7985.785,46727.074
Fe,I,258.05542,258.055527,30.0,,12968.554,51708.307
Fe,I,258.09507,258.09517,36.0,,8154.714,46888.517
Fe,I,258.22979,258.229821,630.0,,19621.006,58334.613
Fe,I,258.3667,258.367023,,,19788.251,58481.301
Fe,I,258.45359,258.453576,9100.0,31500000.0,6928.268,45608.361
Fe,I,258.547,258.54642,,,23711.456,62377.66
Fe,I,258.6477,258.647814,0.0,,19350.891,58001.938
Fe,I,258.6556,258.65546,2.0,,21715.732,60365.637
Fe,I,258.7374,258.736872,0.0,,11976.239,50613.983
Fe,I,258.7877,258.78735,,,20641.11,59271.318
Fe,I,258.79952,258.79951,720.0,,19390.168,58018.561
Fe,I,258.8303,258.830462,,,20641.11,59264.884
Fe,I,258.848,258.847787,,,20641.11,59262.299
Fe,I,258.8891,258.889055,0.0,,7985.785,46600.818
Fe,I,258.9907,258.99061,302.0,,19912.495,58512.387
Fe,I,259.0879,259.087373,,,7728.06,46313.537
Fe,I,259.12566,259.125695,110.0,,19552.478,58132.249
Fe,I,259.1757,259.175485,0.0,,8154.714,46727.074
Fe,I,259.2286,259.229313,,,19757.032,58321.383
Fe,I,259.22862,259.22842,16.0,,21999.13,60563.614
Fe,I,259.326,259.32592,1.0,,21999.13,60549.116
Fe,I,259.35008,259.350299,31.0,,19788.251,58334.613
Fe,I,259.35159,259.35166,100.0,,19350.891,57897.051
Fe,I,259.40361,259.403628,170.0,,21715.732,60254.17
Fe,I,259.41508,259.415106,214.0,1860000.0,7376.764,45913.497
Fe,I,259.5427,259.542451,4.0,,8154.714,46672.54
Fe,I,259.607,259.607556,,,22249.429,60757.596
Fe,I,259.66159,259.661726,46.0,57900.0,6928.268,45428.402
Fe,I,259.7829,259.78283,46.0,,20037.816,58520.003
Fe,I,259.7883,259.78896,0.0,,23711.456,62192.735
Fe,I,259.79456,259.794445,,,18378.186,56858.653
Fe,I,259.88523,259.88517,40.0,,21999.13,60466.164
Fe,I,259.9217,259.921616,,,21038.987,59500.628
Fe,I,259.95667,259.956642,2510.0,14700000.0,7376.764,45833.223
Fe,I,260.0098,260.010336,7.0,,20641.11,59089.628
Fe,I,260.02068,260.02072,,,19552.478,57999.461
Fe,I,260.02701,260.026663,590.0,,8154.714,46600.818
Fe,I,260.3043,260.304059,0.0,,18378.186,56783.322
Fe,I,260.35544,260.355455,65.0,,19621.006,58018.561
Fe,I,260.3607,260.360331,,,20874.482,59271.318
Fe,I,260.36082,260.360866,13.0,,12968.554,51365.311
Fe,I,260.4219,260.421505,,,20874.482,59262.299
Fe,I,260.47545,260.475452,87.0,,21715.732,60095.599
Fe,I,260.56571,260.565678,2450.0,1450000.0,6928.268,45294.846
Fe,I,260.63035,260.630421,79.0,,20037.816,58394.864
Fe,I,260.68261,260.682632,5000.0,24300000.0,7376.764,45726.13
Fe,I,260.7212,260.72055,,,20019.635,58363.424
Fe,I,260.783,260.78297,2.0,,19562.439,57897.051
Fe,I,260.8296,260.829647,,,7985.785,46313.537
Fe,I,260.92208,260.92201,60.0,46000000.0,22249.429,60563.614
Fe,I,261.07507,261.075038,126.0,361000.0,704.007,38995.736
Fe,I,261.2772,261.277178,282.0,507000.0,415.933,38678.039
Fe,I,261.32542,261.32544,43.0,,21999.13,60254.17
Fe,I,261.44945,261.449444,282.0,1800000.0,7728.06,45964.957
Fe,I,261.478,261.477907,0.0,,12968.554,51201.289
Fe,I,261.4944,261.494494,0.0,,19788.251,58018.561
Fe,I,261.585,261.584853,,,19757.032,57974.137
Fe,I,261.5879,261.58739,,,22249.429,60466.164
Fe,I,261.5984,261.598263,1.0,,20874.482,59089.628
Fe,I,261.80179,261.801804,2140.0,15000000.0,7728.06,45913.497
Fe,I,261.87105,261.870949,170.0,521000.0,0.0,38175.355
Fe,I,261.88489,261.884814,35.0,,21999.13,60172.464
Fe,I,261.9848,261.984409,,,8154.714,46313.537
Fe,I,262.33658,262.336554,240.0,861000.0,888.132,38995.736
Fe,I,262.35337,262.35336,3310.0,21300000.0,7728.06,45833.223
Fe,I,262.39927,262.399149,42.0,,19562.439,57660.953
Fe,I,262.4129,262.413235,,,21999.13,60095.599
Fe,I,262.47475,262.474937,54.0,,20874.482,58961.996
Fe,I,262.7128,262.712677,36.0,,12560.934,50613.983
Fe,I,262.7224,262.722419,76.0,109000.0,7376.764,45428.402
Fe,I,262.8998,262.899951,,,12560.934,50586.878
Fe,I,,262.957226,,2000000.0,978.074,38995.736
Fe,I,263.22375,263.223736,1660.0,12100000.0,7985.785,45964.957
Fe,I,263.25938,263.259367,174.0,900000.0,704.007,38678.039
Fe,I,263.29871,263.298787,26.0,,22838.323,60806.67
Fe,I,263.36185,263.362002,,,20641.11,58600.344
Fe,I,263.3812,263.381465,,,19350.891,57307.32
Fe,I,263.4922,263.492321,,,19757.032,57697.493
Fe,I,263.57211,263.571918,76.0,4290000.0,19621.006,57550.01
Fe,I,263.58087,263.580897,2090.0,21100000.0,7985.785,45913.497
Fe,I,263.6136,263.613406,,,22249.429,60172.464
Fe,I,263.6136,263.613587,,,21038.987,58961.996
Fe,I,263.64785,263.647842,490.0,786000.0,7376.764,45294.846
Fe,I,263.9676,263.968029,,,12560.934,50433.025
Fe,I,264.10292,264.102912,33.0,7710000.0,19788.251,57641.001
Fe,I,264.149,264.148832,,,22249.429,60095.599
Fe,I,264.16436,264.164559,,6470000.0,7376.764,45220.681
Fe,I,264.2276,264.227422,0.0,,7728.06,45562.974
Fe,I,264.39984,264.399839,1150.0,23400000.0,8154.714,45964.957
Fe,I,264.4375,264.436748,,,19350.891,57155.857
Fe,I,264.4792,264.478998,,,19562.439,57361.366
Fe,I,264.54214,264.54213,132.0,338000.0,888.132,38678.039
Fe,I,264.6393,264.640002,251.0,,19350.891,57126.823
Fe,I,264.6511,264.651023,0.0,,19350.891,57125.25
Fe,I,264.7395,264.739334,,,19788.251,57550.01
Fe,I,264.75574,264.75572,170.0,520000.0,415.933,38175.355
Fe,I,264.8165,264.816536,,,11976.239,49726.99
Fe,I,264.85798,264.857722,,,19562.439,57307.32
Fe,I,264.8752,264.875898,,,12560.934,50303.225
Fe,I,264.99119,264.991254,437.0,,20874.482,58600.344
Fe,I,265.1706,265.170642,437.0,972000.0,7728.06,45428.402
Fe,I,265.2188,265.218756,,,20641.11,58334.613
Fe,I,265.3051,265.30511,0.0,,19757.032,57438.267
Fe,I,265.3138,265.313785,0.0,,19390.168,57070.171
Fe,I,265.5139,265.513622,0.0,,11976.239,49627.884
Fe,I,265.61453,265.614508,479.0,16300000.0,19390.168,57027.513
Fe,I,265.63,265.63,1.0,,20641.11,58276.26
Fe,I,265.67917,265.67915,,1450000.0,11976.239,49604.427
Fe,I,265.84762,265.847691,55.0,,19757.032,57361.366
Fe,I,265.892,265.89127,0.0,,19912.495,57510.666
Fe,I,265.89465,265.894581,51.0,,19562.439,57160.142
Fe,I,265.9251,265.92489,2.0,,19562.439,57155.857
Fe,I,266.0397,266.039745,437.0,632000.0,7985.785,45562.974
Fe,I,266.11931,266.119117,123.0,,7985.785,45551.767
Fe,I,266.13045,266.130439,132.0,,19562.439,57126.823
Fe,I,266.14152,266.141584,50.0,,19562.439,57125.25
Fe,I,266.1521,266.151887,0.0,,21038.987,58600.344
Fe,I,266.20564,266.205639,580.0,4640000.0,7728.06,45281.833
Fe,I,266.2303,266.230347,145.0,,19757.032,57307.32
Fe,I,266.3163,266.316303,,,19912.495,57450.664
Fe,I,266.344,266.344423,0.0,,19757.032,57291.238
Fe,I,266.40428,266.404288,110.0,,19912.495,57438.267
Fe,I,266.41672,266.416692,79.0,,19350.891,56874.916
Fe,I,266.5806,266.581073,0.0,,11976.239,49477.127
Fe,I,266.6364,266.635902,,,19562.439,57055.616
Fe,I,266.63985,266.639857,178.0,1790000.0,7728.06,45220.681
Fe,I,266.64539,266.645397,41.0,,19350.891,56842.733
Fe,I,266.68123,266.681221,3630.0,8910000.0,6928.268,44415.074
Fe,I,266.69648,266.696468,468.0,5160000.0,11976.239,49460.902
Fe,I,266.7218,266.72242,,,21038.987,58520.003
Fe,I,266.7521,266.752348,,,19757.032,57233.843
Fe,I,266.79125,266.79124,135.0,169000.0,704.007,38175.355
Fe,I,266.87085,266.871133,35.0,,20874.482,58334.613
Fe,I,266.89094,266.890762,,,19350.891,56808.267
Fe,I,266.9009,266.899955,,,20874.482,58330.568
Fe,I,266.94931,266.949283,447.0,13400000.0,19621.006,57070.171
Fe,I,267.07858,267.078632,50.0,,20019.635,57450.664
Fe,I,267.2217,267.221721,0.0,,19350.891,56761.878
Fe,I,267.2446,267.244117,,,19912.495,57320.347
Fe,I,267.2781,267.278001,1.0,,19757.032,57160.142
Fe,I,267.3089,267.308626,2.0,,19757.032,57155.857
Fe,I,267.3213,267.321293,229.0,2270000.0,8154.714,45551.767
Fe,I,267.3548,267.354588,1.0,,20641.11,58033.506
Fe,I,267.4182,267.41822,0.0,,20019.635,57403.134
Fe,I,267.4617,267.461493,1.0,,20641.11,58018.561
Fe,I,267.4714,267.471541,1.0,,18378.186,55754.233
Fe,I,267.52754,267.527582,107.0,,19757.032,57125.25
Fe,I,267.6161,267.615968,1.0,,21038.987,58394.864
Fe,I,267.7719,267.771783,1.0,,22838.323,60172.464
Fe,I,267.8213,267.821227,0.0,,19757.032,57084.281
Fe,I,267.9024,267.90221,288.0,11000000.0,19788.251,57104.217
Fe,I,267.90616,267.906153,8100.0,15000000.0,6928.268,44243.685
Fe,I,267.921,267.921073,,,19757.032,57070.371
Fe,I,267.9715,267.971398,1.0,,19912.495,57218.827
Fe,I,268.0116,268.011775,52.0,,20019.635,57320.347
Fe,I,268.0271,268.027067,1.0,,19757.032,57055.616
Fe,I,268.04529,268.045292,447.0,3420000.0,7985.785,45281.833
Fe,I,268.09126,268.091242,33.0,,12560.934,49850.59
Fe,I,268.14607,268.14604,,,19562.439,56844.475
Fe,I,268.15856,268.15857,257.0,,19562.439,56842.733
Fe,I,268.1887,268.188426,1.0,,20641.11,57917.254
Fe,I,268.22108,268.221103,132.0,,20019.635,57291.238
Fe,I,268.39364,268.39362,135.0,,19912.495,57160.142
Fe,I,268.40673,268.406729,,,19562.439,56808.267
Fe,I,268.4585,268.45804,1.0,,19788.251,57026.96
Fe,I,268.48558,268.485536,66.0,187000.0,7985.785,45220.681
Fe,I,268.5135,268.513633,1.0,,21715.732,58946.732
Fe,I,268.74141,268.74146,62.0,,19562.439,56761.878
Fe,I,268.7723,268.772227,0.0,,19757.032,56952.213
Fe,I,268.78004,268.779974,78.0,,20019.635,57213.744
Fe,I,268.92121,268.921246,,16800000.0,7376.764,44551.335
Fe,I,268.94136,268.941395,182.0,,19912.495,57084.281
Fe,I,268.98287,268.982861,316.0,3040000.0,12560.934,49726.99
Fe,I,268.98798,268.987985,,,19912.495,57077.843
Fe,I,268.98798,268.988137,,,19350.891,56516.218
Fe,I,,269.004619,,1690000.0,19788.251,56951.301
Fe,I,269.0068,269.00682,324.0,253000.0,0.0,37162.746
Fe,I,269.042,269.042078,1.0,,19912.495,57070.371
Fe,I,269.14923,269.148961,21.0,,19912.495,57055.616
Fe,I,269.2248,269.224811,105.0,627000.0,11976.239,49108.896
Fe,I,269.2601,269.259344,,,19621.006,56748.901
Fe,I,269.26501,269.264972,95.0,399000.0,8154.714,45281.833
Fe,I,269.281,269.28049,0.0,,20874.482,57999.461
Fe,I,269.45357,269.453622,389.0,,19350.891,56452.018
Fe,I,269.50353,269.503529,520.0,477000.0,6928.268,44022.525
Fe,I,269.5211,269.520917,,,19912.495,57004.359
Fe,I,269.5303,269.530843,,,21999.13,59089.628
Fe,I,269.55309,269.553047,295.0,,19757.032,56844.475
Fe,I,269.55882,269.558469,59.0,,21999.13,59085.827
Fe,I,269.56512,269.565142,191.0,,19757.032,56842.811
Fe,I,269.59894,269.59894,457.0,,19350.891,56432.021
Fe,I,269.61232,269.61261,,,22996.674,60075.924
Fe,I,269.62809,269.628347,630.0,,19350.891,56427.977
Fe,I,269.70208,269.702081,355.0,3510000.0,12560.934,49627.884
Fe,I,269.766,269.765707,,,20019.635,57077.843
Fe,I,269.81648,269.81648,123.0,,19757.032,56808.267
Fe,I,269.8239,269.824243,0.0,,17550.181,54600.35
Fe,I,269.8784,269.878127,0.0,,20874.482,57917.254
Fe,I,269.90017,269.90038,560.0,,19912.495,56952.213
Fe,I,269.91065,269.910641,2820.0,5590000.0,7376.764,44415.074
Fe,I,270.0608,270.06121,,,23110.939,60128.6
Fe,I,270.18086,270.180827,240.0,,20641.11,57642.383
Fe,I,270.19103,270.190919,60.0,10500000.0,20641.11,57641.001
Fe,I,270.2263,270.226124,,,19788.251,56783.322
Fe,I,270.23,270.230156,1.0,,21038.987,58033.506
Fe,I,270.245,270.24495,107.0,4230000.0,19390.168,56382.662
Fe,I,270.25599,270.256092,66.0,,19350.891,56341.86
Fe,I,270.2637,270.263281,,,20641.11,57631.095
Fe,I,270.2768,270.276361,0.0,,19562.439,56550.634
Fe,I,270.29151,270.29178,35.0,,23110.939,60097.024
Fe,I,270.3013,270.301728,,,20019.635,57004.359
Fe,I,270.3304,270.330279,,,20641.11,57621.928
Fe,I,270.3805,270.380299,1.0,,23783.619,60757.596
Fe,I,270.4099,270.410411,0.0,,19757.032,56726.892
Fe,I,270.4337,270.433666,0.0,,19788.251,56754.932
Fe,I,270.44643,270.44607,331.0,,23110.939,60075.924
Fe,I,270.45773,270.45784,,,19757.032,56720.409
Fe,I,270.46149,270.461711,166.0,,19788.251,56751.099
Fe,I,270.4793,270.47908,0.0,,21038.987,57999.461
Fe,I,270.5279,270.52809,0.0,,19562.439,56516.218
Fe,I,270.60124,270.601226,810.0,22800000.0,19390.168,56333.96
Fe,I,270.65817,270.658205,6500.0,26900000.0,7728.06,44664.075
Fe,I,270.6582,270.65758,,,23192.5,60128.6
Fe,I,270.6999,270.699975,,,19912.495,56842.811
Fe,I,270.7034,270.70341,2.0,,26105.908,63035.756
Fe,I,270.74483,270.744852,78.0,,20641.11,57565.305
Fe,I,270.7451,270.74554,,,23110.939,60035.04
Fe,I,270.8038,270.803542,,,12560.934,49477.127
Fe,I,270.8038,270.804129,,,19757.032,56673.145
Fe,I,270.85707,270.857054,720.0,64900000.0,20641.11,57550.01
Fe,I,270.8649,270.86461,1.0,,23270.384,60178.254
Fe,I,270.88927,270.88917,60.0,,23192.5,60097.024
Fe,I,270.95396,270.953684,24.0,,19621.006,56516.744
Fe,I,270.99888,270.998924,,,19562.439,56452.018
Fe,I,271.04146,271.04167,60.0,,23244.838,60128.6
Fe,I,271.0442,271.04415,0.0,,23192.5,60075.924
Fe,I,271.05435,271.054351,520.0,5990000.0,12968.554,49850.59
Fe,I,271.0545,271.0549,,,22996.674,59878.64
Fe,I,271.0545,271.054976,,,19621.006,56502.957
Fe,I,271.09739,271.097603,372.0,,17726.988,54603.14
Fe,I,271.1273,271.126683,,,12560.934,49433.131
Fe,I,271.14587,271.145914,42.0,,19562.439,56432.021
Fe,I,271.1655,271.165486,3090.0,4990000.0,7376.764,44243.685
Fe,I,271.345,271.34494,3.0,,23192.5,60035.04
Fe,I,271.40599,271.40595,132.0,,20874.482,57708.741
Fe,I,271.4869,271.487642,,,20019.635,56842.811
Fe,I,271.48691,271.486912,479.0,838000.0,7728.06,44551.335
Fe,I,271.53223,271.53205,65.0,,704.007,37521.161
Fe,I,271.55207,271.552386,37.0,,19912.495,56726.892
Fe,I,271.5626,271.56197,,,22650.416,59463.514
Fe,I,271.6004,271.600217,1.0,,19912.495,56720.409
Fe,I,271.6043,271.60482,,,23192.5,59999.79
Fe,I,271.62573,271.625767,87.0,3700000.0,19788.251,56592.703
Fe,I,271.64185,271.641821,81.0,4960000.0,19621.006,56423.283
Fe,I,271.7132,271.713285,0.0,,17550.181,54342.779
Fe,I,271.7309,271.73098,,,23244.838,60035.04
Fe,I,271.73661,271.736595,166.0,192000.0,7376.764,44166.206
Fe,I,271.77864,271.778632,447.0,1920000.0,7728.06,44511.812
Fe,I,271.84361,271.843604,3390.0,37900000.0,7985.785,44760.746
Fe,I,271.90272,271.90272,10700.0,142000000.0,0.0,36766.966
Fe,I,,271.906026,,74000000.0,20874.482,57641.001
Fe,I,271.9138,271.91358,,,23783.619,60549.116
Fe,I,271.94202,271.941996,1000.0,32000000.0,19621.006,56382.662
Fe,I,271.96801,271.967773,,,20874.482,57632.654
Fe,I,272.01966,272.019674,590.0,,17550.181,54301.34
Fe,I,272.05189,272.051847,78.0,,415.933,37162.746
Fe,I,272.09021,272.090204,8100.0,104000000.0,415.933,37157.566
Fe,I,272.11067,272.110794,91.0,,17550.181,54289.034
Fe,I,272.1815,272.18079,,,23270.384,59999.79
Fe,I,272.1815,272.18209,,,22996.674,59725.904
Fe,I,272.20388,272.203836,117.0,631000.0,11976.239,48702.535
Fe,I,272.2237,272.22321,2.0,,23244.838,59968.52
Fe,I,272.23241,272.232487,42.0,,19757.032,56479.463
Fe,I,272.2351,272.23531,1.0,,22996.674,59718.724
Fe,I,272.2834,272.28371,,,20019.635,56735.158
Fe,I,272.3025,272.302764,1.0,,19621.006,56333.96
Fe,I,272.3209,272.32133,1.0,,22845.869,59556.32
Fe,I,272.3266,272.32672,,,23110.939,59820.664
Fe,I,272.35773,272.357709,8900.0,56900000.0,704.007,37409.555
Fe,I,272.37863,272.378711,42.0,,20641.11,57343.828
Fe,I,272.4127,272.41272,,,23270.384,59968.52
Fe,I,272.43411,272.43411,115.0,,22845.869,59541.124
Fe,I,272.4417,272.44194,1.0,,23192.5,59886.7
Fe,I,272.46692,272.467019,93.0,,20874.482,57565.305
Fe,I,272.49531,272.495309,,4760000.0,7728.06,44415.074
Fe,I,272.49531,272.49563,,,22845.869,59532.84
Fe,I,272.5016,272.501534,59.0,31000.0,0.0,36686.176
Fe,I,272.52845,272.52851,60.0,,23783.619,60466.164
Fe,I,272.53291,272.532915,87.0,,12560.934,49242.886
Fe,I,272.56018,272.560127,145.0,492000.0,7985.785,44664.075
Fe,I,272.5625,272.5622,,,22845.869,59523.88
Fe,I,272.58058,272.580654,42.0,2410000.0,20874.482,57550.01
Fe,I,272.60551,272.605496,1580.0,55200000.0,8154.714,44826.9
Fe,I,272.62326,272.623577,,,21038.987,57708.741
Fe,I,272.6367,272.6364,,,22996.674,59664.704
Fe,I,272.67867,272.678971,47.0,,22838.323,59500.628
Fe,I,272.80208,272.802081,3160.0,3450000.0,7376.764,44022.525
Fe,I,272.845,272.845155,,,19621.006,56260.982
Fe,I,272.882,272.881978,710.0,29800000.0,19788.251,56423.283
Fe,I,272.89696,272.896899,120.0,156000.0,888.132,37521.161
Fe,I,272.93288,272.93315,,,23192.5,59820.664
Fe,I,273.0022,273.002341,,,21715.732,58334.613
Fe,I,273.09818,273.098172,810.0,6280000.0,8154.714,44760.746
Fe,I,273.12812,273.128153,,6840000.0,21038.987,57641.001
Fe,I,273.13399,273.134123,29.0,,21999.13,58600.344
Fe,I,273.2018,273.202097,,,21038.987,57631.095
Fe,I,273.2778,273.27746,,,23783.619,60365.637
Fe,I,273.29397,273.293884,,,21038.987,57618.806
Fe,I,273.33654,273.336703,76.0,475000.0,12560.934,49135.023
Fe,I,273.35803,273.35802,15100.0,71000000.0,6928.268,43499.505
Fe,I,273.3896,273.389935,,,19912.495,56479.463
Fe,I,273.40053,273.400538,980.0,2200000.0,7985.785,44551.335
Fe,I,273.42671,273.426718,,,17550.181,54112.23
Fe,I,273.42671,273.426741,,,17726.988,54289.034
Fe,I,273.4447,273.44469,60.0,,22996.674,59556.32
Fe,I,273.4615,273.461537,447.0,968000.0,7728.06,44285.454
Fe,I,273.48814,273.488335,43.0,,22946.816,59500.628
Fe,I,273.4886,273.48869,,,23110.939,59664.704
Fe,I,273.5317,273.532113,0.0,,12560.934,49108.896
Fe,I,273.54751,273.547518,8100.0,50300000.0,7376.764,43922.668
Fe,I,273.5612,273.561217,680.0,,17726.988,54271.062
Fe,I,273.6199,273.62043,,,22996.674,59532.84
Fe,I,273.6397,273.640204,1.0,,21038.987,57572.513
Fe,I,273.6491,273.64936,,,22650.416,59182.72
Fe,I,273.65272,273.652736,251.0,,6928.268,43460.121
Fe,I,273.6612,273.661441,0.0,,17726.988,54257.679
Fe,I,273.67623,273.67622,123.0,,22650.416,59179.134
Fe,I,273.69659,273.696387,,,7985.785,44511.812
Fe,I,273.71396,273.71435,42.0,,22996.674,59520.304
Fe,I,273.7309,273.730891,10700.0,72500000.0,888.132,37409.555
Fe,I,273.76407,273.763973,437.0,11400000.0,19390.168,55907.178
Fe,I,273.78327,273.783265,2140.0,,6928.268,43442.705
Fe,I,273.82131,273.821332,145.0,410000.0,8154.714,44664.075
Fe,I,273.8278,273.8271,,,20641.11,57149.702
Fe,I,273.8278,273.827242,,,12968.554,49477.127
Fe,I,273.8316,273.831518,324.0,,20641.11,57149.113
Fe,I,273.8455,273.846085,8.0,,20641.11,57147.171
Fe,I,273.8973,273.896627,,,19621.006,56120.331
Fe,I,273.91046,273.910834,27.0,,17726.988,54224.42
Fe,I,273.922,273.92193,1.0,,22650.416,59146.37
Fe,I,274.0261,274.025421,,,21999.13,58481.301
Fe,I,274.06886,274.06927,63.0,,22650.416,59126.75
Fe,I,274.0892,274.08938,72.0,,22650.416,59124.074
Fe,I,274.10461,274.104353,52.0,,20874.482,57346.148
Fe,I,274.1101,274.11008,,,24335.766,60806.67
Fe,I,274.1216,274.121791,1.0,,20874.482,57343.828
Fe,I,274.1358,274.13642,,,17550.181,54017.581
Fe,I,274.15766,274.157644,59.0,699000.0,12968.554,49433.131
Fe,I,274.16842,274.1687,204.0,,20641.11,57104.217
Fe,I,274.20157,274.201546,590.0,411000.0,704.007,37162.746
Fe,I,274.2254,274.225398,4270.0,34100000.0,7728.06,44183.628
Fe,I,274.23316,274.233154,850.0,,17550.181,54004.718
Fe,I,274.24052,274.240512,16200.0,47000000.0,704.007,37157.566
Fe,I,274.2756,274.275733,,,23051.75,59500.628
Fe,I,274.306,274.30646,0.0,,24118.819,60563.614
Fe,I,274.35652,274.356519,2750.0,4840000.0,7728.06,44166.206
Fe,I,274.40673,274.406714,6300.0,30900000.0,978.074,37409.555
Fe,I,274.4352,274.43554,,,23110.939,59538.594
Fe,I,274.45273,274.452716,1950.0,25300000.0,7985.785,44411.16
Fe,I,274.4786,274.47889,0.0,,23110.939,59532.84
Fe,I,274.52803,274.527921,,,17927.382,54342.779
Fe,I,274.5735,274.5734,,,23110.939,59520.304
Fe,I,274.5856,274.586211,,,17726.988,54134.655
Fe,I,274.59606,274.596039,170.0,,11976.239,48382.603
Fe,I,274.667,274.666757,,,22946.816,59343.807
Fe,I,274.69818,274.69818,,,6928.268,
Fe,I,,274.700224,,6610000.0,7985.785,44378.342
Fe,I,274.7533,274.75299,,,23711.456,60097.024
Fe,I,274.75544,274.755454,288.0,,17726.988,54112.23
Fe,I,274.8197,274.819446,,,21038.987,57415.757
Fe,I,274.96825,274.968153,71.0,485000.0,8154.714,44511.812
Fe,I,275.00507,275.00482,123.0,,24180.862,60533.113
Fe,I,275.01404,275.014032,21400.0,27400000.0,415.933,36766.966
Fe,I,275.0419,275.04194,,,24118.819,60466.164
Fe,I,275.0517,275.05141,,,23192.5,59538.594
Fe,I,275.05233,275.052,76.0,,23244.838,59590.85
Fe,I,275.06966,275.069676,141.0,,17927.382,54271.062
Fe,I,275.08734,275.08735,830.0,,17550.181,53891.526
Fe,I,275.1208,275.12137,,,22845.869,59182.72
Fe,I,275.13175,275.131733,46.0,,21999.13,58334.613
Fe,I,275.18659,275.186886,98.0,,18378.186,54706.387
Fe,I,275.215,275.21465,,,23244.838,59569.374
Fe,I,275.30976,275.309822,120.0,,23783.619,60095.599
Fe,I,275.324,275.323387,,,20641.11,56951.301
Fe,I,275.3285,275.327982,,,19788.251,56097.836
Fe,I,275.36867,275.368672,1510.0,40000000.0,8154.714,44458.934
Fe,I,275.37918,275.379224,98.0,,21715.732,58018.561
Fe,I,275.3866,275.386021,1.0,,17550.181,53852.114
Fe,I,275.39661,275.39689,38.0,,22845.869,59146.37
Fe,I,275.40319,275.403198,2510.0,7290000.0,7985.785,44285.454
Fe,I,275.4233,275.423161,0.0,,17927.382,54224.42
Fe,I,275.44271,275.442688,1780.0,1620000.0,7728.06,44022.525
Fe,I,275.4552,275.45573,,,25899.989,62192.735
Fe,I,275.4941,275.49373,,,22845.869,59133.61
Fe,I,275.49433,275.494268,132.0,,17550.181,53837.851
Fe,I,275.51817,275.51811,174.0,5130000.0,19621.006,55905.536
Fe,I,275.5454,275.54582,0.0,,22845.869,59126.75
Fe,I,275.5659,275.56615,,,22845.869,59124.074
Fe,I,275.589,275.588825,,,20874.482,57149.702
Fe,I,275.595,275.595572,,,12968.554,49242.886
Fe,I,275.6086,275.608056,3.0,,20874.482,57147.171
Fe,I,275.62666,275.626644,1820.0,656000.0,415.933,36686.176
Fe,I,275.6328,275.632792,6300.0,14100000.0,888.132,37157.566
Fe,I,275.73153,275.731536,2290.0,28500000.0,8154.714,44411.16
Fe,I,275.74224,275.742222,690.0,726000.0,11976.239,48231.28
Fe,I,275.7712,275.770641,1.0,,22838.323,59089.628
Fe,I,275.8012,275.801014,,,20641.11,56888.423
Fe,I,275.89831,275.898021,100.0,,17550.181,53784.75
Fe,I,275.9179,275.91747,,,24574.655,60806.67
Fe,I,275.9179,275.918559,,,22249.429,58481.301
Fe,I,275.9723,275.97207,0.0,,24338.767,60563.614
Fe,I,275.98136,275.981357,1740.0,7600000.0,8154.714,44378.342
Fe,I,275.9922,275.992512,0.0,,18378.186,54600.35
Fe,I,276.06127,276.061603,,1810000.0,17550.181,53763.28
Fe,I,276.14976,276.149891,54.0,,21715.732,57917.254
Fe,I,276.17796,276.177959,2630.0,19400000.0,7985.785,44183.628
Fe,I,276.20264,276.202644,3630.0,17600000.0,7728.06,43922.668
Fe,I,276.26811,276.268,,,22996.674,59182.72
Fe,I,276.26811,276.268107,,,17726.988,53913.02
Fe,I,276.27714,276.277147,363.0,,17927.382,54112.23
Fe,I,276.292,276.291709,,,24574.655,60757.596
Fe,I,,276.309213,,393000.0,6928.268,43108.917
Fe,I,276.31094,276.310954,3550.0,3270000.0,7985.785,44166.206
Fe,I,276.3503,276.3505,,,23711.456,59886.7
Fe,I,276.41192,276.4121,85.0,,23711.456,59878.64
Fe,I,276.43229,276.432313,760.0,,17726.988,53891.526
Fe,I,276.5236,276.524616,,,18378.186,54530.653
Fe,I,276.5689,276.56882,1.0,,11976.239,48122.928
Fe,I,276.6026,276.603081,0.0,,20641.11,56783.322
Fe,I,276.6439,276.64347,,,22996.674,59133.61
Fe,I,276.655,276.655602,,,24118.819,60254.17
Fe,I,276.65514,276.654898,,,21038.987,57174.43
Fe,I,276.65514,276.655273,,,19390.168,55525.562
Fe,I,276.69089,276.690911,2240.0,4040000.0,8154.714,44285.454
Fe,I,276.7449,276.745044,,,22838.323,58961.996
Fe,I,276.7522,276.752184,250.0,14800000.0,7376.764,43499.505
Fe,I,276.7944,276.793994,,,19788.251,55905.536
Fe,I,276.80382,276.803774,126.0,,21038.987,57154.996
Fe,I,276.81037,276.810396,224.0,,17927.382,54042.527
Fe,I,276.84313,276.842953,,,17550.181,53661.079
Fe,I,276.84313,276.843222,,,17726.988,53837.851
Fe,I,276.84313,276.84326,,,21038.987,57149.845
Fe,I,276.85572,276.85591,44.0,,23711.456,59820.664
Fe,I,276.87862,276.87848,,,23110.939,59217.204
Fe,I,276.91526,276.915509,,,21038.987,57140.424
Fe,I,276.9298,276.9298,930.0,18000000.0,19390.168,55489.742
Fe,I,276.96691,276.967066,550.0,717000.0,6928.268,43022.985
Fe,I,277.0408,277.04024,0.0,,22249.429,58334.613
Fe,I,277.0539,277.054268,1.0,,7376.764,43460.121
Fe,I,277.06949,277.069541,95.0,,17726.988,53808.356
Fe,I,277.0846,277.08487,0.0,,0.0,36079.372
Fe,I,277.1734,277.173828,,,22838.323,58906.116
Fe,I,277.18808,277.188062,479.0,,7376.764,43442.705
Fe,I,277.20738,277.207371,3720.0,2340000.0,6928.268,42991.697
Fe,I,277.211,277.210984,2750.0,4120000.0,704.007,36766.966
Fe,I,277.23195,277.231956,240.0,,17550.181,53610.412
Fe,I,277.25084,277.25094,174.0,,17726.988,53784.75
Fe,I,277.2822,277.282601,3.0,,24118.819,60172.464
Fe,I,277.32324,277.32324,510.0,,17927.382,53975.744
Fe,I,277.39049,277.390274,54.0,,19390.168,55429.819
Fe,I,277.4164,277.416132,1.0,,17726.988,53763.28
Fe,I,277.41931,277.418934,331.0,,21038.987,57074.915
Fe,I,277.47297,277.472944,,2640000.0,8154.714,44183.628
Fe,I,277.49377,277.49388,145.0,,24506.917,60533.113
Fe,I,277.5055,277.50537,1.0,,23192.5,59217.204
Fe,I,277.5229,277.522991,0.0,,17726.988,53749.405
Fe,I,277.5458,277.545999,0.0,,21999.13,58018.561
Fe,I,277.5791,277.578761,2.0,,22946.816,58961.996
Fe,I,277.58437,277.5844,112.0,,23711.456,59725.904
Fe,I,277.6397,277.63976,141.0,,23711.456,59718.724
Fe,I,277.645,277.644862,,,17726.988,53733.594
Fe,I,277.67669,277.676952,,,19788.251,55790.696
Fe,I,277.7266,277.72597,,,17726.988,53723.079
Fe,I,277.7812,277.78101,,,24574.655,60563.614
Fe,I,277.78883,277.78862,,,21038.987,57026.96
Fe,I,277.80674,277.806647,,,17927.382,53913.02
Fe,I,277.82201,277.822004,9100.0,9080000.0,6928.268,42911.917
Fe,I,277.8563,277.856213,3.0,,18378.186,54357.405
Fe,I,277.8753,277.875051,2.0,,24118.819,60095.599
Fe,I,277.88421,277.88422,2690.0,,6928.268,42903.861
Fe,I,277.8928,277.89296,,,24574.655,60549.116
Fe,I,277.9694,277.969217,2.0,,18378.186,54342.779
Fe,I,278.0528,278.05299,2.0,,11976.239,47929.997
Fe,I,278.0571,278.05693,0.0,,23711.456,59664.704
Fe,I,278.06971,278.069735,263.0,9010000.0,20641.11,56592.703
Fe,I,278.08817,278.088246,155.0,72000.0,7376.764,43325.964
Fe,I,278.18354,278.183563,650.0,2250000.0,7985.785,43922.668
Fe,I,278.20511,278.205178,78.0,,17726.988,53661.079
Fe,I,278.2769,278.27695,,,23110.939,59035.762
Fe,I,278.3081,278.30782,,,23192.5,59113.339
Fe,I,278.3199,278.319706,,,22838.323,58757.628
Fe,I,278.3286,278.328858,,,21999.13,57917.254
Fe,I,278.34436,278.34406,43.0,,24180.862,60097.024
Fe,I,278.35496,278.354991,63.0,,12560.934,48475.686
Fe,I,278.3852,278.385253,1.0,,18378.186,54289.034
Fe,I,278.40084,278.400821,83.0,,20874.482,56783.322
Fe,I,278.4341,278.43337,,,24180.862,60085.504
Fe,I,278.43419,278.434041,100.0,2300000.0,19621.006,55525.562
Fe,I,278.5132,278.51286,3.0,,21038.987,56933.382
Fe,I,278.5349,278.53526,,,24574.655,60466.164
Fe,I,278.6171,278.617045,2.0,,17927.382,53808.356
Fe,I,278.7125,278.712111,0.0,,19621.006,55489.742
Fe,I,278.79312,278.793144,1290.0,2270000.0,11976.239,47834.55
Fe,I,278.79578,278.795702,60.0,,11976.239,47834.221
Fe,I,278.81047,278.810461,4570.0,59200000.0,6928.268,42784.352
Fe,I,278.8628,278.862167,,,21038.987,56888.423
Fe,I,278.8981,278.89774,,,23711.456,59556.32
Fe,I,278.9476,278.947607,263.0,,17550.181,53388.637
Fe,I,278.96765,278.967668,85.0,,11976.239,47812.118
Fe,I,278.98014,278.980132,407.0,23600000.0,21715.732,57550.01
Fe,I,278.9839,278.984656,2.0,,24338.767,60172.464
Fe,I,279.0757,279.075578,,,17927.382,53749.405
Fe,I,279.0808,279.08056,1.0,,23711.456,59532.84
Fe,I,279.0946,279.093943,1.0,,21038.987,56858.653
Fe,I,279.1504,279.1504,1.0,,23711.456,59523.88
Fe,I,279.159,279.159474,1.0,,23711.456,59522.714
Fe,I,279.17856,279.17826,,,23711.456,59520.304
Fe,I,279.17856,279.178536,,,19621.006,55429.819
Fe,I,279.1899,279.190068,,,17550.181,53357.515
Fe,I,279.23987,279.239871,720.0,1170000.0,12560.934,48361.882
Fe,I,279.2807,279.280835,1.0,,17927.382,53723.079
Fe,I,279.4143,279.413876,1.0,,17550.181,53328.835
Fe,I,279.47019,279.470189,398.0,1100000.0,7728.06,43499.505
Fe,I,279.4852,279.4855,0.0,,17927.382,53696.867
Fe,I,279.50045,279.500515,170.0,92900.0,0.0,35767.564
Fe,I,279.5149,279.514442,,,22996.674,58762.456
Fe,I,279.5268,279.52701,0.0,,23711.456,59475.63
Fe,I,279.55398,279.553986,650.0,1420000.0,7376.764,43137.487
Fe,I,279.5865,279.587247,,,18378.186,54134.655
Fe,I,279.62161,279.62174,63.0,,23711.456,59463.514
Fe,I,279.68674,279.68706,100.0,,12560.934,48304.643
Fe,I,279.7041,279.70394,,,20641.11,56382.662
Fe,I,279.7374,279.737135,,,19788.251,55525.562
Fe,I,279.76306,279.762711,62.0,,18378.186,54112.23
Fe,I,279.77751,279.777518,7200.0,4520000.0,7376.764,43108.917
Fe,I,279.8967,279.89622,,,11976.239,47693.239
Fe,I,279.91467,279.914677,,,7728.06,43442.705
Fe,I,279.98401,279.98372,288.0,,24180.862,59886.7
Fe,I,280.04664,280.0469,166.0,,24180.862,59878.64
Fe,I,280.1895,280.190294,1.0,,24574.655,60254.17
Fe,I,280.3166,280.316602,46.0,60000.0,415.933,36079.372
Fe,I,280.36132,280.361272,427.0,10400000.0,19788.251,55446.008
Fe,I,280.45201,280.452009,2690.0,10500000.0,7376.764,43022.985
Fe,I,280.48615,280.486239,126.0,24000000.0,21999.13,57641.001
Fe,I,280.5025,280.50252,,,24180.862,59820.664
Fe,I,280.5759,280.575544,,,17726.988,53357.515
Fe,I,280.58101,280.580679,33.0,,11976.239,47606.114
Fe,I,280.6072,280.607008,3.0,,18378.186,54004.718
Fe,I,280.6984,280.6984,6300.0,11500000.0,7376.764,42991.697
Fe,I,280.72437,280.724476,195.0,167000.0,0.0,35611.625
Fe,I,280.83268,280.832685,930.0,448000.0,7728.06,43325.964
Fe,I,280.8355,280.83541,,,18378.186,53975.744
Fe,I,280.8947,280.89421,0.0,,24506.917,60097.024
Fe,I,281.0311,281.030367,1.0,,23110.939,58683.804
Fe,I,281.0837,281.083232,3.0,,21999.13,57565.305
Fe,I,281.1167,281.11628,2.0,,12560.934,48122.928
Fe,I,281.1597,281.159395,,,22838.323,58394.864
Fe,I,281.1775,281.177165,,,24118.819,59673.113
Fe,I,281.1859,281.18627,,,24118.819,59671.962
Fe,I,281.1906,281.190183,,,24118.819,59671.467
Fe,I,281.20401,281.20417,63.0,5000000.0,21999.13,57550.01
Fe,I,281.2212,281.220614,,,20874.482,56423.283
Fe,I,281.2307,281.230243,1.0,,12968.554,48516.138
Fe,I,281.24997,281.25036,47.0,,24180.862,59725.904
Fe,I,281.32863,281.328628,12000.0,34200000.0,7376.764,42911.917
Fe,I,281.50172,281.501434,209.0,,18378.186,53891.526
Fe,I,281.55064,281.550654,650.0,1450000.0,12968.554,48475.686
Fe,I,281.56152,281.56163,63.0,,23711.456,59217.204
Fe,I,281.584,281.583797,,,17726.988,53229.941
Fe,I,281.669,281.668755,2.0,,22838.323,58330.568
Fe,I,281.75036,281.750365,437.0,1490000.0,7728.06,43210.025
Fe,I,281.7766,281.776454,,,23783.619,59262.299
Fe,I,281.7945,281.793944,2.0,117000.0,11976.239,47452.717
Fe,I,281.8023,281.8016,2.0,,22845.869,58321.383
Fe,I,281.8596,281.85929,1.0,,23051.75,58520.003
Fe,I,281.92751,281.927562,145.0,,18378.186,53837.851
Fe,I,281.93024,281.93037,166.0,,22249.429,57708.741
Fe,I,282.0192,282.01996,,,22946.816,58394.864
Fe,I,282.0529,282.052258,,,11976.239,47420.228
Fe,I,,282.080273,,61000.0,415.933,35856.402
Fe,I,282.0814,282.081172,,,21999.13,57439.486
Fe,I,282.0923,282.09224,,,23244.838,58683.804
Fe,I,282.1625,282.162273,,,18378.186,53808.356
Fe,I,282.1625,282.163213,,,21715.732,57145.784
Fe,I,282.2262,282.22613,,,23711.456,59133.61
Fe,I,282.2807,282.2808,2.0,,23711.456,59126.75
Fe,I,282.32755,282.327574,4790.0,15100000.0,7728.06,43137.487
Fe,I,282.3511,282.350404,1.0,,18378.186,53784.75
Fe,I,282.4576,282.457564,,,19912.495,55305.627
Fe,I,282.4706,282.470014,2.0,,22249.429,57641.001
Fe,I,282.4952,282.49466,,,21715.732,57104.217
Fe,I,282.53226,282.532445,138.0,,22946.816,58330.568
Fe,I,282.55555,282.555564,9500.0,13200000.0,7728.06,43108.917
Fe,I,282.56873,282.568734,1150.0,87900.0,0.0,35379.208
Fe,I,282.5848,282.585285,2.0,,19757.032,55134.168
Fe,I,282.5997,282.599433,,,704.007,36079.372
Fe,I,282.64964,282.649788,107.0,,12560.934,47929.997
Fe,I,282.6739,282.673358,,,17550.181,52916.295
Fe,I,282.75897,282.758959,79.0,,18378.186,53733.594
Fe,I,282.767,282.76671,0.0,,21715.732,57070.171
Fe,I,282.78918,282.789171,191.0,148000.0,415.933,35767.564
Fe,I,282.7894,282.790043,,,22650.416,58001.938
Fe,I,282.8266,282.826078,1.0,,21999.13,57346.148
Fe,I,282.8451,282.844644,0.0,,21999.13,57343.828
Fe,I,282.8581,282.857321,,,23051.75,58394.864
Fe,I,282.86782,282.86742,,,24180.862,59522.714
Fe,I,282.8808,282.880813,2000.0,1870000.0,7985.785,43325.964
Fe,I,282.9089,282.90909,0.0,,24506.917,59843.564
Fe,I,282.9365,282.93615,,,24180.862,59514.13
Fe,I,282.9365,282.93673,,,24338.767,59671.962
Fe,I,283.0054,283.0047,,,22996.674,58321.383
Fe,I,283.0529,283.05301,,,18378.186,53696.867
Fe,I,283.0565,283.05698,,,26874.55,62192.735
Fe,I,283.0759,283.07549,1.0,,22249.429,57565.305
Fe,I,283.0924,283.09256,,,24506.917,59820.664
Fe,I,283.18376,283.183618,263.0,,19562.439,54864.831
Fe,I,283.1977,283.19815,,,22249.429,57550.01
Fe,I,283.24353,283.243532,14500.0,23800000.0,7728.06,43022.985
Fe,I,283.3013,283.30066,,,23192.5,58480.308
Fe,I,283.3402,283.340127,105.0,,18378.186,53661.079
Fe,I,283.4058,283.40523,,,22996.674,58271.462
Fe,I,283.41732,283.417293,145.0,235000.0,12560.934,47834.221
Fe,I,283.4417,283.441352,,,12968.554,48238.847
Fe,I,283.4417,283.441947,,,12560.934,47831.153
Fe,I,283.47524,283.475311,224.0,5410000.0,20641.11,55907.178
Fe,I,283.524,283.52407,1.0,,24506.917,59766.92
Fe,I,283.54562,283.545618,760.0,324000.0,0.0,35257.324
Fe,I,283.5658,283.566144,91.0,,19552.478,54807.25
Fe,I,283.59505,283.595008,479.0,1300000.0,12560.934,47812.118
Fe,I,283.63145,283.63161,234.0,,22650.416,57897.051
Fe,I,283.81193,283.811948,4680.0,12800000.0,7985.785,43210.025
Fe,I,283.9232,283.92316,,,23110.939,58321.383
Fe,I,283.99759,283.9974,182.0,,22996.674,58197.914
Fe,I,284.04221,284.042166,630.0,412000.0,415.933,35611.625
Fe,I,284.046,284.046274,,,22838.323,58033.506
Fe,I,284.09372,284.093707,100.0,2370000.0,17726.988,52916.295
Fe,I,284.1252,284.124988,1.0,,22946.816,58132.249
Fe,I,284.2793,284.279353,1.0,,22249.429,57415.757
Fe,I,284.2911,284.29121,2.0,,24335.766,59500.628
Fe,I,284.3055,284.30535,,,23783.619,58946.732
Fe,I,284.32139,284.32132,55.0,,22838.323,57999.461
Fe,I,284.3624,284.362314,,,22845.869,58001.938
Fe,I,284.36306,284.363058,5100.0,6960000.0,7376.764,42532.741
Fe,I,284.37957,284.379787,115.0,,19552.478,54706.387
Fe,I,284.3921,284.392036,,273000.0,704.007,35856.402
Fe,I,284.39762,284.397643,15800.0,31700000.0,7985.785,43137.487
Fe,I,284.4141,284.414764,,,20641.11,55790.696
Fe,I,284.4279,284.427267,,,21999.13,57147.171
Fe,I,284.4413,284.442118,,,24118.819,59265.025
Fe,I,284.55474,284.55467,191.0,776000.0,12560.934,47693.239
Fe,I,284.55945,284.559425,,7860000.0,7728.06,42859.778
Fe,I,284.57131,284.571357,302.0,732000.0,11976.239,47106.484
Fe,I,284.58173,284.581354,100.0,,19350.891,54479.902
Fe,I,284.64597,284.64593,219.0,,24180.862,59301.904
Fe,I,284.68296,284.682965,219.0,874000.0,11976.239,47092.712
Fe,I,284.6989,284.698694,0.0,,20019.635,55134.168
Fe,I,284.7535,284.753305,,,19757.032,54864.831
Fe,I,284.8627,284.862037,,,22249.429,57343.828
Fe,I,284.87145,284.871461,1200.0,2700000.0,7985.785,43079.023
Fe,I,285.15098,285.150903,79.0,,21038.987,56097.836
Fe,I,285.17967,285.179684,15100.0,33700000.0,8154.714,43210.025
Fe,I,285.20146,285.20137,55.0,,22946.816,57999.461
Fe,I,285.2169,285.217511,,,19552.478,54603.14
Fe,I,285.2973,285.296574,,,11976.239,47017.188
Fe,I,285.334,285.33409,,,24180.862,59217.204
Fe,I,285.36838,285.368382,219.0,329000.0,11976.239,47008.371
Fe,I,285.37715,285.37716,209.0,5910000.0,20874.482,55905.536
Fe,I,285.4183,285.41904,,,27166.82,62192.735
Fe,I,285.7694,285.76944,,,27394.691,62377.66
Fe,I,285.79928,285.79918,100.0,,18378.186,53357.515
Fe,I,285.80892,285.80861,44.0,,19552.478,54530.653
Fe,I,285.8677,285.86835,,,23711.456,58682.322
Fe,I,285.88962,285.889571,,212000.0,888.132,35856.402
Fe,I,286.02,286.019908,2.0,,19912.495,54864.831
Fe,I,286.2273,286.227585,,,24338.767,59265.744
Fe,I,286.24945,286.249452,760.0,1170000.0,8154.714,43079.023
Fe,I,286.2743,286.274167,,,23783.619,58704.913
Fe,I,286.3057,286.305577,2.0,,19562.439,54479.902
Fe,I,286.31,286.310022,,,23783.619,58700.54
Fe,I,286.34298,286.342974,1260.0,4130000.0,11976.239,46889.142
Fe,I,286.38629,286.386328,1580.0,569000.0,704.007,35611.625
Fe,I,286.6153,286.61515,,,20874.482,55754.233
Fe,I,286.6153,286.615154,,,23711.456,58591.206
Fe,I,286.638,286.637993,1.0,,21715.732,56592.703
Fe,I,286.66247,286.662471,1480.0,1990000.0,7985.785,42859.778
Fe,I,286.73092,286.73093,760.0,1250000.0,12968.554,47834.221
Fe,I,286.75615,286.756164,600.0,2370000.0,12968.554,47831.153
Fe,I,286.78778,286.787803,129.0,,12560.934,47419.687
Fe,I,286.82145,286.821335,288.0,,19757.032,54611.71
Fe,I,286.84539,286.845391,309.0,14500000.0,18378.186,53229.941
Fe,I,286.92281,286.922905,129.0,,19562.439,54404.779
Fe,I,286.93076,286.930721,4170.0,925000.0,415.933,35257.324
Fe,I,286.98251,286.982517,79.0,,19912.495,54747.598
Fe,I,287.1724,287.172165,2.0,,19788.251,54600.35
Fe,I,287.23337,287.233374,2510.0,1980000.0,7728.06,42532.741
Fe,I,287.24984,287.249906,71.0,,22838.323,57641.001
Fe,I,287.2802,287.280589,,,24180.862,58979.823
Fe,I,287.35198,287.352102,158.0,,19552.478,54342.779
Fe,I,287.36542,287.365253,158.0,,20641.11,55429.819
Fe,I,287.4172,287.417205,6200.0,930000.0,0.0,34782.421
Fe,I,287.48778,287.488026,209.0,,19350.891,54124.744
Fe,I,287.5249,287.524566,1.0,,20037.816,54807.25
Fe,I,287.5301,287.52938,,,23711.456,58480.308
Fe,I,287.5302,287.53019,500.0,1520000.0,11976.239,46744.993
Fe,I,287.5478,287.548592,,,24338.767,59105.296
Fe,I,287.64,287.63953,,,17927.382,52682.92
Fe,I,287.67125,287.671224,100.0,,21038.987,55790.696
Fe,I,287.73005,287.730061,2240.0,4610000.0,11976.239,46720.842
Fe,I,287.8629,287.86257,2.0,,24772.018,59500.628
Fe,I,287.8684,287.867935,2.0,,20019.635,54747.598
Fe,I,287.87604,287.876067,151.0,,22838.323,57565.305
Fe,I,287.89496,287.89511,120.0,361000.0,12968.554,47693.239
Fe,I,287.9102,287.91016,2.0,,19757.032,54479.902
Fe,I,287.9458,287.945704,2.0,,19552.478,54271.062
Fe,I,287.9735,287.97339,1.0,,21038.987,55754.233
Fe,I,288.0375,288.037242,0.0,,21715.732,56423.283
Fe,I,288.05791,288.057884,209.0,,8154.714,42859.778
Fe,I,288.1073,288.106442,,,19912.495,54611.71
Fe,I,288.1741,288.173931,,,24574.655,59265.744
Fe,I,288.1805,288.179904,,,24574.655,59265.025
Fe,I,288.1805,288.181075,,,24574.655,59264.884
Fe,I,288.2026,288.202552,,,24574.655,59262.299
Fe,I,288.2632,288.263303,0.0,,19621.006,54301.34
Fe,I,288.3747,288.374765,229.0,2910000.0,21715.732,56382.662
Fe,I,288.53464,288.534434,,,19757.032,54404.779
Fe,I,288.53464,288.53445,,,24506.917,59154.662
Fe,I,288.63158,288.631663,380.0,1290000.0,12560.934,47197.01
Fe,I,288.7143,288.71374,3.0,,24335.766,58961.996
Fe,I,288.736,288.735805,2.0,,19390.168,54013.752
Fe,I,288.7538,288.753669,,,23192.5,57813.942
Fe,I,288.78049,288.78048,1150.0,7980000.0,21715.732,56333.96
Fe,I,288.7958,288.795654,3.0,1410000.0,19621.006,54237.415
Fe,I,288.8497,288.84974,1.0,,23711.456,58321.383
Fe,I,288.9864,288.986304,2.0,,21999.13,56592.703
Fe,I,288.98998,288.99005,200.0,567000.0,19390.168,53983.293
Fe,I,288.99877,288.998819,110.0,,20019.635,54611.71
Fe,I,289.032,289.03136,,,24772.018,59360.198
Fe,I,289.0411,289.040758,1.0,,12968.554,47555.61
Fe,I,289.0823,289.082893,,,24118.819,58700.834
Fe,I,289.0859,289.08552,,,26224.969,60806.67
Fe,I,289.0859,289.086413,,,24180.862,58762.456
Fe,I,289.1404,289.140294,1.0,,12560.934,47136.084
Fe,I,289.1692,289.168405,,,24772.018,59343.807
Fe,I,289.17082,289.17061,110.0,,20874.482,55446.008
Fe,I,289.1844,289.183939,0.0,,17726.988,52296.92
Fe,I,289.1906,289.190448,129.0,,19788.251,54357.405
Fe,I,289.2229,289.222493,,,20037.816,54603.14
Fe,I,289.24774,289.247758,302.0,8780000.0,19562.439,54124.744
Fe,I,289.3431,289.34245,0.0,,23783.619,58334.613
Fe,I,289.37625,289.376274,331.0,176000.0,7985.785,42532.741
Fe,I,289.3833,289.383688,,,23244.838,57790.909
Fe,I,289.38804,289.388053,710.0,688000.0,12560.934,47106.484
Fe,I,289.4504,289.450402,2820.0,48300000.0,18378.186,52916.295
Fe,I,289.4863,289.485741,,,22249.429,56783.322
Fe,I,289.4957,289.49635,,,26224.969,60757.596
Fe,I,289.50346,289.503472,2820.0,4240000.0,12560.934,47092.712
Fe,I,289.6444,289.64443,,,24574.655,59089.628
Fe,I,289.6771,289.67634,0.0,,24574.655,59085.827
Fe,I,289.7457,289.74544,0.0,,24180.862,58683.804
Fe,I,289.7643,289.76357,1.0,,19788.251,54289.034
Fe,I,289.83504,289.834972,251.0,,19912.495,54404.779
Fe,I,289.8541,289.853754,,,19552.478,54042.527
Fe,I,289.8863,289.885753,3.0,,17726.988,52213.23
Fe,I,289.92549,289.92541,,,24118.819,58600.344
Fe,I,289.94144,289.941447,,46800000.0,18378.186,52857.804
Fe,I,289.9681,289.968452,,,22650.416,57126.823
Fe,I,290.0938,290.094302,0.0,,22845.869,57307.32
Fe,I,290.13805,290.138059,1150.0,2460000.0,12560.934,47017.188
Fe,I,290.1585,290.158455,0.0,,17726.988,52180.82
Fe,I,290.1805,290.181188,5.0,,12968.554,47419.687
Fe,I,290.19102,290.191002,830.0,17800000.0,19350.891,53800.859
Fe,I,290.1975,290.197775,1.0,,19788.251,54237.415
Fe,I,290.2615,290.261569,0.0,,22996.674,57438.267
Fe,I,290.40844,290.408629,120.0,1780000.0,21999.13,56423.283
Fe,I,290.416,290.41611,191.0,,19552.478,53975.744
Fe,I,290.4531,290.452784,0.0,,17550.181,51969.101
Fe,I,290.5181,290.517848,,,24180.862,58592.074
Fe,I,290.5363,290.53628,3.0,,25091.599,59500.628
Fe,I,290.5504,290.54988,,,23711.456,58118.875
Fe,I,290.5571,290.55716,0.0,,26351.04,60757.596
Fe,I,290.64143,290.641479,269.0,,19621.006,54017.581
Fe,I,290.6583,290.658144,,,17550.181,51944.784
Fe,I,290.674,290.673838,,,19621.006,54013.752
Fe,I,290.75172,290.751736,1450.0,16100000.0,21999.13,56382.662
Fe,I,290.7792,290.779298,,,24338.767,58719.04
Fe,I,290.88558,290.88558,309.0,8980000.0,19757.032,54124.744
Fe,I,290.9113,290.911144,,,22996.674,57361.366
Fe,I,290.93145,290.93151,110.0,,19621.006,53983.293
Fe,I,291.0663,291.066049,,,19788.251,54134.655
Fe,I,291.0928,291.092577,3.0,2390000.0,22249.429,56592.703
Fe,I,291.123,291.122663,0.0,,23110.939,57450.664
Fe,I,291.1915,291.1922,,,24180.862,58512.387
Fe,I,291.21571,291.215723,12900.0,2610000.0,0.0,34328.752
Fe,I,291.22565,291.225641,468.0,1360000.0,12560.934,46888.517
Fe,I,291.2273,291.227804,,,23110.939,57438.267
Fe,I,291.3058,291.30556,0.0,,23192.5,57510.666
Fe,I,291.369,291.369407,1.0,,22996.674,57307.32
Fe,I,291.41964,291.419623,219.0,,18378.186,52682.92
Fe,I,291.43032,291.430336,500.0,3300000.0,12968.554,47272.027
Fe,I,291.4513,291.45141,,,24180.862,58481.855
Fe,I,291.4649,291.46455,,,24180.862,58480.308
Fe,I,291.5271,291.526186,,,23110.939,57403.134
Fe,I,291.598,291.598647,0.0,,23244.838,57528.512
Fe,I,291.6214,291.621784,,,22845.869,57126.823
Fe,I,291.7872,291.78672,,,24338.767,58600.344
Fe,I,291.80246,291.80246,,118000000.0,26105.908,60365.637
Fe,I,291.81588,291.815793,110.0,,23192.5,57450.664
Fe,I,291.83526,291.835267,680.0,,19552.478,53808.356
Fe,I,291.8672,291.866538,1.0,,25091.599,59343.807
Fe,I,291.88167,291.881715,158.0,,23110.939,57361.366
Fe,I,291.92131,291.921435,170.0,,23192.5,57438.267
Fe,I,291.9608,291.96042,,,26224.969,60466.164
Fe,I,291.98403,291.984079,347.0,7440000.0,19562.439,53800.859
Fe,I,292.0283,292.028212,2.0,,20037.816,54271.062
Fe,I,292.0623,292.061623,0.0,,19788.251,54017.581
Fe,I,292.06904,292.069081,2750.0,6380000.0,12968.554,47197.01
Fe,I,292.1031,292.102842,1.0,,22650.416,56874.916
Fe,I,292.1602,292.160074,,,17726.988,51944.784
Fe,I,292.1715,292.171422,2.0,,19788.251,54004.718
Fe,I,292.1771,292.17717,1.0,,24118.819,58334.613
Fe,I,292.22126,292.221241,100.0,,23192.5,57403.134
Fe,I,292.23789,292.237933,158.0,,12968.554,47177.234
Fe,I,292.26232,292.262317,288.0,,23244.838,57450.664
Fe,I,292.32854,292.32855,1230.0,139000000.0,26351.04,60549.116
Fe,I,292.3389,292.338376,1.0,,19552.478,53749.405
Fe,I,292.343,292.343377,,,19390.168,53586.51
Fe,I,292.34305,292.343043,680.0,,23110.939,57307.32
Fe,I,292.38524,292.38524,2950.0,29700000.0,21715.732,55907.178
Fe,I,292.39914,292.39928,89.0,,21715.732,55905.536
Fe,I,292.4355,292.43529,2.0,,23711.456,57897.051
Fe,I,292.4489,292.448426,,,12560.934,46744.993
Fe,I,292.4811,292.480599,,,23110.939,57291.238
Fe,I,292.5096,292.5098,,,24506.917,58683.804
Fe,I,292.53575,292.535761,1350.0,16900000.0,22249.429,56423.283
Fe,I,292.5639,292.563612,,,19552.478,53723.079
Fe,I,292.571,292.57093,0.0,,20641.11,54810.856
Fe,I,292.57843,292.578468,347.0,,23192.5,57361.366
Fe,I,292.58987,292.589909,910.0,810000.0,12968.554,47136.084
Fe,I,292.6019,292.601813,1.0,,12560.934,46727.074
Fe,I,292.6246,292.624699,,,22996.674,57160.142
Fe,I,292.6552,292.655196,209.0,,12560.934,46720.842
Fe,I,292.66151,292.661408,182.0,,22996.674,57155.857
Fe,I,292.6694,292.669008,2.0,,23244.838,57403.134
Fe,I,292.6768,292.67633,1.0,,24118.819,58276.26
Fe,I,292.7549,292.75501,2.0,,26105.908,60254.17
Fe,I,292.78813,292.78822,151.0,,19552.478,53696.867
Fe,I,292.81022,292.810172,209.0,,17550.181,51692.01
Fe,I,292.8218,292.82139,1.0,,24180.862,58321.383
Fe,I,292.87495,292.875009,288.0,,18378.186,52512.457
Fe,I,292.8805,292.88047,2.0,,23783.619,57917.254
Fe,I,292.90069,292.900692,16600.0,5100000.0,415.933,34547.211
Fe,I,292.91082,292.910382,2040.0,,22996.674,57126.823
Fe,I,292.9117,292.91177,10.0,153000000.0,26627.609,60757.596
Fe,I,292.92379,292.923883,158.0,,22996.674,57125.25
Fe,I,292.9304,292.93014,0.0,,23192.5,57320.347
Fe,I,292.96177,292.961809,490.0,672000.0,12968.554,47092.712
Fe,I,293.0393,293.03939,1.0,,26351.04,60466.164
Fe,I,293.1413,293.141211,3.0,,19788.251,53891.526
Fe,I,293.1481,293.147993,,,23711.456,57813.942
Fe,I,293.1657,293.165712,,,17726.988,51827.413
Fe,I,293.18033,293.180216,,,23192.5,57291.238
Fe,I,293.18033,293.180492,,,21999.13,56097.836
Fe,I,293.3804,293.38008,2.0,,23244.838,57320.347
Fe,I,293.4371,293.437042,3.0,,17550.181,51619.076
Fe,I,293.5232,293.522797,,,22996.674,57055.616
Fe,I,293.5679,293.56771,,,26479.381,60533.113
Fe,I,293.60322,293.603333,110.0,,19788.251,53837.851
Fe,I,293.60672,293.606756,182.0,,23110.939,57160.142
Fe,I,293.61172,293.611663,182.0,,12968.554,47017.188
Fe,I,293.64376,293.643712,200.0,,23110.939,57155.857
Fe,I,293.6749,293.674552,,,23192.5,57233.843
Fe,I,293.69032,293.690315,105000.0,14000000.0,0.0,34039.516
Fe,I,293.7465,293.74636,,,22838.323,56871.345
Fe,I,293.78065,293.780672,1320.0,,22845.869,56874.916
Fe,I,293.804,293.804157,2.0,,23192.5,57218.827
Fe,I,293.8482,293.848056,1.0,,23192.5,57213.744
Fe,I,293.872,293.872321,1.0,,17927.382,51945.817
Fe,I,293.885,293.88427,,,24180.862,58197.914
Fe,I,293.90532,293.90548,158.0,,26351.04,60365.637
Fe,I,293.908,293.907952,,,23110.939,57125.25
Fe,I,294.05875,294.058791,398.0,,22845.869,56842.733
Fe,I,294.06221,294.061948,79.0,,19788.251,53784.75
Fe,I,294.12346,294.123317,158.0,,19621.006,53610.412
Fe,I,294.127,294.126787,,,23244.838,57233.843
Fe,I,294.13425,294.134264,15100.0,5120000.0,704.007,34692.148
Fe,I,294.1523,294.152474,0.0,,23711.456,57697.493
Fe,I,294.2625,294.26197,,,24506.917,58480.308
Fe,I,294.2625,294.262396,,,23110.939,57084.281
Fe,I,294.3003,294.300826,1.0,,23244.838,57213.744
Fe,I,294.3117,294.311778,,,23192.5,57160.142
Fe,I,294.3303,294.330304,0.0,,19621.006,53586.51
Fe,I,294.35712,294.357223,120.0,,22845.869,56808.267
Fe,I,294.4525,294.452788,3.0,,22838.323,56789.699
Fe,I,294.50514,294.505122,,,19788.251,53733.594
Fe,I,294.50514,294.50528,,,26140.179,60085.504
Fe,I,294.5105,294.510901,2.0,,23110.939,57055.616
Fe,I,294.5223,294.522328,0.0,,23270.384,57213.744
Fe,I,294.5471,294.5472,1.0,,24335.766,58276.26
Fe,I,294.5601,294.560696,0.0,,22838.323,56777.262
Fe,I,294.5693,294.56873,,,24180.862,58118.875
Fe,I,294.56969,294.56947,120.0,,20037.816,53975.744
Fe,I,294.586,294.58616,0.0,,26627.609,60563.614
Fe,I,294.6099,294.609839,,,12968.554,46901.832
Fe,I,294.6974,294.69676,,,19390.168,53313.438
Fe,I,294.71205,294.71207,89.0,,26627.609,60549.116
Fe,I,294.7253,294.72549,,,12968.554,46888.517
Fe,I,294.7361,294.73668,,,23110.939,57029.614
Fe,I,294.73618,294.73617,710.0,9300000.0,18378.186,52296.92
Fe,I,294.78758,294.787579,83000.0,18300000.0,415.933,34328.752
Fe,I,294.84334,294.84334,3310.0,33200000.0,21999.13,55905.536
Fe,I,294.8723,294.87183,,,26351.04,60254.17
Fe,I,294.87268,294.872847,229.0,,17726.988,51630.001
Fe,I,294.89495,294.89495,282.0,,17927.382,51827.854
Fe,I,294.8985,294.898786,1.0,,17927.382,51827.413
Fe,I,294.968,294.967902,1.0,,17726.988,51619.076
Fe,I,294.9702,294.970574,2.0,,23192.5,57084.281
Fe,I,295.02411,295.0241,1950.0,,22650.416,56536.048
Fe,I,295.0917,295.091692,1.0,,23192.5,57070.371
Fe,I,295.13583,295.135627,89.0,,19788.251,53661.079
Fe,I,295.15488,295.15478,100.0,,26224.969,60095.599
Fe,I,295.2196,295.220277,,,23192.5,57055.616
Fe,I,295.2564,295.256663,0.0,,17550.181,51409.124
Fe,I,295.34855,295.348572,2000.0,36400000.0,22249.429,56097.836
Fe,I,295.35389,295.35386,120.0,,22996.674,56844.475
Fe,I,295.36908,295.369062,191.0,,22996.674,56842.733
Fe,I,295.39398,295.39398,69000.0,18900000.0,704.007,34547.211
Fe,I,295.4107,295.410827,,,23110.939,56952.213
Fe,I,295.43441,295.43454,,,26339.696,60178.254
Fe,I,295.43441,295.43457,,,26627.609,60466.164
Fe,I,295.46521,295.465223,1410.0,10600000.0,18378.186,52213.23
Fe,I,295.4928,295.492639,1.0,,20874.482,54706.387
Fe,I,295.4983,295.498133,,,17550.181,51381.457
Fe,I,295.4983,295.4985,,,19562.439,53393.673
Fe,I,295.67012,295.670161,240.0,,22996.674,56808.267
Fe,I,295.6856,295.685579,324.0,1770000.0,21715.732,55525.562
Fe,I,295.73643,295.736437,46800.0,17700000.0,888.132,34692.148
Fe,I,295.74844,295.748528,720.0,13100000.0,18378.186,52180.82
Fe,I,295.7854,295.78527,,,24118.819,57917.254
Fe,I,295.802,295.802357,,,24335.766,58132.249
Fe,I,295.8301,295.83044,,,24180.862,57974.137
Fe,I,295.84526,295.845401,120.0,,21999.13,55790.696
Fe,I,295.8678,295.86871,,,26339.696,60128.6
Fe,I,295.93245,295.932639,257.0,,22650.416,56432.021
Fe,I,295.968,295.968071,690.0,,22650.416,56427.977
Fe,I,295.9992,295.99919,8500.0,50200000.0,21715.732,55489.742
Fe,I,296.02961,296.029607,660.0,,20037.816,53808.356
Fe,I,296.0499,296.049569,,,21038.987,54807.25
Fe,I,296.05506,296.05511,324.0,,19621.006,53388.637
Fe,I,296.06592,296.06598,288.0,8480000.0,23783.619,57550.01
Fe,I,296.0766,296.076391,2.0,,22996.674,56761.878
Fe,I,296.0803,296.08068,,,25899.989,59664.704
Fe,I,296.1222,296.1224,0.0,,24574.655,58334.613
Fe,I,296.135,296.135015,1.0,,12968.554,46727.074
Fe,I,296.1449,296.14547,1.0,,26339.696,60097.024
Fe,I,296.1711,296.170961,0.0,,17550.181,51304.604
Fe,I,296.21093,296.210733,110.0,,11976.239,45726.13
Fe,I,296.2407,296.2403,1.0,,26140.179,59886.7
Fe,I,296.2461,296.24657,,,26339.696,60085.504
Fe,I,296.2573,296.25754,1.0,,26351.04,60095.599
Fe,I,296.3304,296.3307,,,26339.696,60075.924
Fe,I,296.3544,296.354351,,,23110.939,56844.475
Fe,I,296.3642,296.364199,0.0,,18378.186,52110.601
Fe,I,296.3691,296.36897,3.0,,23110.939,56842.811
Fe,I,296.41328,296.413445,,,23711.456,57438.267
Fe,I,296.4215,296.421733,2.0,,20874.482,54600.35
Fe,I,296.52542,296.525319,,,21715.732,55429.819
Fe,I,296.52542,296.525433,,11600000.0,978.074,34692.148
Fe,I,296.5583,296.557515,,,19350.891,53061.318
Fe,I,296.58037,296.580373,650.0,,19621.006,53328.835
Fe,I,296.5836,296.584367,0.0,,23244.838,56952.213
Fe,I,296.6076,296.607335,2.0,,22845.869,56550.634
Fe,I,296.61972,296.61948,,,26140.179,59843.564
Fe,I,296.61972,296.619692,,,19390.168,53093.529
Fe,I,296.6262,296.626222,363.0,,17927.382,51630.001
Fe,I,296.6598,296.6592,,,26479.381,60178.254
Fe,I,296.6684,296.669172,,,24335.766,58033.506
Fe,I,296.6898,296.689802,,27200000.0,0.0,33695.397
Fe,I,296.68984,296.6903,,,26339.696,60035.04
Fe,I,296.7173,296.71591,,,19621.006,53313.438
Fe,I,296.8332,296.832589,,,19390.168,53069.357
Fe,I,296.84776,296.847802,447.0,8260000.0,19552.478,53229.941
Fe,I,296.8566,296.856547,1.0,,22996.674,56673.145
Fe,I,296.9359,296.936532,,,21038.987,54706.387
Fe,I,296.93596,296.935959,19100.0,3660000.0,888.132,34555.597
Fe,I,296.94744,296.947434,11200.0,2100000.0,6928.268,40594.432
Fe,I,297.00992,297.009942,56000.0,10800000.0,888.132,34547.211
Fe,I,297.01058,297.01019,,,20037.816,53696.867
Fe,I,297.01179,297.011822,39800.0,3430000.0,704.007,34362.873
Fe,I,297.0359,297.035606,,,20874.482,54530.653
Fe,I,297.0359,297.03617,,,22249.429,55905.536
Fe,I,297.0917,297.090876,0.0,,23711.456,57361.366
Fe,I,297.097,297.09698,,,26479.381,60128.6
Fe,I,297.1092,297.108412,,,20641.11,54289.034
Fe,I,297.176,297.17571,3.0,,26140.179,59780.484
Fe,I,297.1936,297.193216,1.0,,17726.988,51365.311
Fe,I,297.22782,297.227854,930.0,,17726.988,51361.391
Fe,I,297.2416,297.2416,,,25899.989,59532.84
Fe,I,297.2774,297.27717,,,26339.696,59968.52
Fe,I,297.2856,297.28644,,,26550.479,60178.254
Fe,I,297.31322,297.31323,89000.0,13500000.0,704.007,34328.752
Fe,I,297.32352,297.323506,100000.0,18300000.0,415.933,34039.516
Fe,I,297.391,297.390994,0.0,,23110.939,56726.892
Fe,I,297.4483,297.448361,,,23110.939,56720.409
Fe,I,297.47776,297.477756,,,22845.869,56452.018
Fe,I,297.47776,297.47799,,,26479.381,60085.504
Fe,I,297.5287,297.528781,0.0,,19788.251,53388.637
Fe,I,297.5648,297.564923,0.0,,20641.11,54237.415
Fe,I,297.61264,297.612673,1510.0,9700000.0,18378.186,51969.101
Fe,I,297.6505,297.649713,0.0,,11976.239,45562.974
Fe,I,297.65498,297.65488,200.0,,22845.869,56432.021
Fe,I,297.6585,297.65866,,,26140.179,59725.904
Fe,I,297.6907,297.690726,3.0,,22845.869,56427.977
Fe,I,297.805,297.804631,2.0,,19788.251,53357.515
Fe,I,297.8196,297.819119,,,18378.186,51945.817
Fe,I,297.8282,297.828285,,,18378.186,51944.784
Fe,I,297.8502,297.849981,,,21038.987,54603.14
Fe,I,297.8555,297.85555,1.0,,25899.989,59463.514
Fe,I,297.8674,297.867261,1.0,,23110.939,56673.145
Fe,I,297.9408,297.940466,3.0,,22996.674,56550.634
Fe,I,298.0211,298.02134,2.0,,26627.609,60172.464
Fe,I,298.0409,298.04086,0.0,,23192.5,56735.158
Fe,I,298.05322,298.05322,1910.0,16600000.0,22249.429,55790.696
Fe,I,298.0592,298.05929,,,19788.251,53328.835
Fe,I,298.114,298.114328,,,23192.5,56726.892
Fe,I,298.14448,298.144486,107000.0,6530000.0,415.933,33946.933
Fe,I,298.1722,298.171974,,,23192.5,56720.409
Fe,I,298.18507,298.184977,,18600000.0,17550.181,51076.628
Fe,I,298.18507,298.18511,,,21999.13,55525.562
Fe,I,298.197,298.19618,0.0,,19788.251,53313.438
Fe,I,298.2015,298.20207,0.0,,26140.179,59664.704
Fe,I,298.2228,298.222916,2.0,3470000.0,24118.819,57641.001
Fe,I,298.238,298.2387,0.0,,26479.381,59999.79
Fe,I,298.3419,298.34175,,,19390.168,52898.998
Fe,I,298.35695,298.356951,,27900000.0,0.0,33507.123
Fe,I,298.37752,298.3776,141.0,,22249.429,55754.233
Fe,I,298.3856,298.38594,0.0,,26339.696,59843.564
Fe,I,298.4557,298.456111,5.0,,22845.869,56341.86
Fe,I,298.47679,298.476794,2450.0,258000.0,6928.268,40421.938
Fe,I,298.4952,298.494654,,,21038.987,54530.653
Fe,I,298.5168,298.51718,1.0,,26479.381,59968.52
Fe,I,298.57279,298.5726,170.0,,20874.482,54357.405
Fe,I,298.5901,298.59003,1.0,,26339.696,59820.664
Fe,I,298.64557,298.645581,3800.0,219000.0,888.132,34362.873
Fe,I,298.66544,298.665371,302.0,,19621.006,53093.529
Fe,I,298.7032,298.703085,0.0,,20874.482,54342.779
Fe,I,298.7055,298.70583,0.0,,26627.609,60095.599
Fe,I,298.72903,298.72946,,,22996.674,56462.016
Fe,I,298.72904,298.729033,12300.0,5250000.0,7376.764,40842.154
Fe,I,298.7429,298.74338,,,19621.006,53084.789
Fe,I,298.8187,298.81874,,,22996.674,56452.018
Fe,I,298.84711,298.847156,1550.0,544000.0,11976.239,45428.402
Fe,I,298.8783,298.878223,0.0,,23711.456,57160.142
Fe,I,298.88824,298.888043,182.0,,18378.186,51825.773
Fe,I,298.8943,298.89438,100.0,799000.0,21999.13,55446.008
Fe,I,298.9161,298.916517,,,23711.456,57155.857
Fe,I,298.9487,298.94881,,,26339.696,59780.484
Fe,I,299.03913,299.039127,5200.0,35000000.0,21999.13,55429.819
Fe,I,299.0599,299.05957,,,25091.599,58520.003
Fe,I,299.16312,299.163126,1860.0,,19390.168,52807.001
Fe,I,299.1763,299.176252,3.0,,23711.456,57126.823
Fe,I,299.1827,299.183549,,,20874.482,54289.034
Fe,I,299.1904,299.190336,,,23711.456,57125.25
Fe,I,299.328,299.32811,,,26140.179,59538.594
Fe,I,299.3791,299.3797,3.0,,26140.179,59532.84
Fe,I,299.4074,299.4083,,,26339.696,59729.17
Fe,I,299.44266,299.442662,,43900000.0,415.933,33801.572
Fe,I,299.45019,299.450197,26300.0,1490000.0,978.074,34362.873
Fe,I,299.52497,299.524918,100.0,,20641.11,54017.581
Fe,I,299.5475,299.5475,1.0,,26140.179,59514.13
Fe,I,299.5594,299.559285,,,20641.11,54013.752
Fe,I,299.583,299.58324,2.0,,24338.767,57708.741
Fe,I,299.5956,299.596256,0.0,,23110.939,56479.463
Fe,I,299.63855,299.638525,1410.0,17000000.0,19552.478,52916.295
Fe,I,299.657,299.657692,0.0,,22845.869,56207.552
Fe,I,299.7526,299.75299,,,23110.939,56462.016
Fe,I,299.8326,299.83295,,,20641.11,53983.293
Fe,I,299.8436,299.842881,,,23110.939,56452.018
Fe,I,299.8478,299.84852,0.0,,22996.674,56337.126
Fe,I,299.893,299.8931,,,25899.989,59235.48
Fe,I,299.893,299.8935,,,26140.179,59475.63
Fe,I,299.9188,299.91895,468.0,,19621.006,52953.629
Fe,I,299.95116,299.95114,112000.0,17000000.0,6928.268,40257.314
Fe,I,300.04509,300.045121,24000.0,5410000.0,11976.239,45294.846
Fe,I,300.0577,300.05766,,,25899.989,59217.204
Fe,I,300.09476,300.09476,81000.0,64200000.0,704.007,34017.103
Fe,I,300.1658,300.165594,13.0,,24335.766,57641.001
Fe,I,300.1787,300.1786,,,21038.987,54342.779
Fe,I,300.1827,300.18335,,,25091.599,58394.864
Fe,I,300.1924,300.192644,,,24338.767,57641.001
Fe,I,300.30305,300.30305,9800.0,7500000.0,7728.06,41018.051
Fe,I,300.3251,300.32517,1.0,,26479.381,59766.92
Fe,I,300.3338,300.33408,,,23783.619,57070.171
Fe,I,300.3686,300.36856,,,25899.989,59182.72
Fe,I,300.41134,300.41133,790.0,2790000.0,19621.006,52898.998
Fe,I,300.46267,300.462829,257.0,,12560.934,45833.223
Fe,I,300.5006,300.501404,0.0,,22845.869,56113.887
Fe,I,300.53025,300.53026,1290.0,2940000.0,19390.168,52654.992
Fe,I,300.5726,300.572286,,,20874.482,54134.655
Fe,I,300.5966,300.597303,1.0,,24180.862,57438.267
Fe,I,300.6539,300.6538,2.0,,26339.696,59590.85
Fe,I,300.6596,300.65968,1.0,,26140.179,59390.684
Fe,I,300.6608,300.660489,,,20641.11,53891.526
Fe,I,300.7145,300.71452,11000.0,7340000.0,11976.239,45220.681
Fe,I,300.72822,300.728234,58000.0,2730000.0,704.007,33946.933
Fe,I,300.7471,300.746655,,,18378.186,51619.076
Fe,I,300.8138,300.813796,85000.0,107000000.0,888.132,34121.603
Fe,I,300.8483,300.84813,0.0,,26339.696,59569.374
Fe,I,300.8495,300.849392,,,24335.766,57565.305
Fe,I,300.8677,300.86837,1.0,,24772.018,57999.461
Fe,I,300.8789,300.879744,0.0,,23110.939,56337.126
Fe,I,300.90929,300.909315,2140.0,7770000.0,19390.168,52613.09
Fe,I,300.95691,300.956911,52000.0,14300000.0,7376.764,40594.432
Fe,I,300.9681,300.96803,,,26550.479,59766.92
Fe,I,301.0168,301.017303,,,20641.11,53852.114
Fe,I,301.1271,301.12707,1.0,,26339.696,59538.594
Fe,I,301.1474,301.14664,,,20641.11,53837.851
Fe,I,301.14808,301.14811,6800.0,37900000.0,22249.429,55446.008
Fe,I,301.18847,301.18852,191.0,,20037.816,53229.941
Fe,I,301.24412,301.244159,520.0,,19621.006,52807.001
Fe,I,301.2933,301.29307,,,26339.696,59520.304
Fe,I,301.2933,301.294014,,,24180.862,57361.366
Fe,I,301.3489,301.3491,0.0,,26339.696,59514.13
Fe,I,301.4099,301.41049,,,23783.619,56951.301
Fe,I,301.41732,301.417327,1000.0,257000.0,7728.06,40894.99
Fe,I,301.4315,301.431433,,,19788.251,52953.629
Fe,I,301.59188,301.59186,1380.0,6300000.0,19621.006,52768.743
Fe,I,301.61845,301.618458,5400.0,8850000.0,7985.785,41130.599
Fe,I,301.7251,301.725835,,,23711.456,56844.475
Fe,I,301.74173,301.7417,372.0,,23711.456,56842.733
Fe,I,301.7627,301.762704,29500.0,6810000.0,888.132,34017.103
Fe,I,301.7861,301.785597,,,24180.862,57307.32
Fe,I,301.81348,301.813533,407.0,,19390.168,52513.56
Fe,I,301.8247,301.824668,,,20641.11,53763.28
Fe,I,301.87,301.869847,,,22996.674,56113.887
Fe,I,301.89828,301.898281,26300.0,10300000.0,7728.06,40842.154
Fe,I,301.9221,301.9222,,,26479.381,59590.85
Fe,I,301.92873,301.9288,680.0,2330000.0,19788.251,52898.998
Fe,I,301.9926,301.992894,0.0,,24335.766,57439.486
Fe,I,302.04905,302.049056,107000.0,19400000.0,704.007,33801.572
Fe,I,302.06388,302.063878,,75900000.0,0.0,33095.941
Fe,I,302.10725,302.107248,,45500000.0,415.933,33507.123
Fe,I,302.3426,302.34309,,,24335.766,57401.144
Fe,I,302.40324,302.403247,123000.0,4870000.0,888.132,33946.933
Fe,I,302.4793,302.479916,3.0,,23711.456,56761.878
Fe,I,302.52798,302.527956,1910.0,166000.0,7376.764,40421.938
Fe,I,302.56362,302.56362,20000.0,58600000.0,19390.168,52431.447
Fe,I,302.58422,302.584226,120000.0,34800000.0,978.074,34017.103
Fe,I,302.64617,302.646179,15500.0,11000000.0,7985.785,41018.051
Fe,I,302.7589,302.758893,,,20641.11,53661.079
Fe,I,302.77,302.77007,0.0,,19788.251,52807.001
Fe,I,302.9074,302.90769,1.0,,24506.917,57510.666
Fe,I,302.92338,302.923379,2190.0,698000.0,12560.934,45562.974
Fe,I,303.01481,303.014796,13800.0,50400000.0,19621.006,52613.09
Fe,I,303.06036,303.06035,,,18378.186,51365.311
Fe,I,303.0759,303.07622,,,24118.819,57104.217
Fe,I,303.0958,303.09637,0.0,,18378.186,51361.391
Fe,I,303.12123,303.1213,1480.0,,19788.251,52768.743
Fe,I,303.133,303.132444,,,24180.862,57160.142
Fe,I,303.1471,303.147593,0.0,,20874.482,53852.114
Fe,I,303.16364,303.163654,10500.0,13800000.0,8154.714,41130.599
Fe,I,303.1712,303.171837,2.0,,24180.862,57155.857
Fe,I,303.186,303.18531,,,27559.583,60533.113
Fe,I,303.2051,303.205695,,,23783.619,56754.932
Fe,I,303.3097,303.309963,3.0,5260000.0,19552.478,52512.457
Fe,I,303.3796,303.379975,0.0,,22838.323,55790.696
Fe,I,303.4479,303.4484,,,12968.554,45913.497
Fe,I,303.45364,303.453511,347.0,,24180.862,57125.25
Fe,I,303.4592,303.459415,1.0,,24506.917,57450.664
Fe,I,303.57354,303.573657,214.0,,24506.917,57438.267
Fe,I,303.7161,303.71606,,,22838.323,55754.233
Fe,I,303.73885,303.738855,98000.0,29100000.0,888.132,33801.572
Fe,I,303.7542,303.75497,,,26339.696,59251.39
Fe,I,303.7685,303.768132,,,20874.482,53784.75
Fe,I,303.77794,303.777944,850.0,344000.0,7985.785,40894.99
Fe,I,303.7782,303.77888,,,27166.82,60075.924
Fe,I,303.8312,303.831365,3.0,,24180.862,57084.281
Fe,I,303.8974,303.897886,0.0,,24506.917,57403.134
Fe,I,303.93169,303.93173,309.0,1600000.0,19621.006,52513.56
Fe,I,303.9598,303.95987,,,24180.862,57070.371
Fe,I,304.04271,304.042694,16600.0,2450000.0,7376.764,40257.314
Fe,I,304.0759,304.07651,1.0,,26623.735,59500.628
Fe,I,304.0956,304.094737,,,20874.482,53749.405
Fe,I,304.0956,304.0963,,,24180.862,57055.616
Fe,I,304.1029,304.10297,,,21038.987,53913.02
Fe,I,304.1637,304.163715,11000.0,4240000.0,12560.934,45428.402
Fe,I,304.17386,304.173858,13800.0,5200000.0,7728.06,40594.432
Fe,I,304.189,304.18971,0.0,,26224.969,59089.628
Fe,I,304.20194,304.20195,4790.0,4700000.0,8154.714,41018.051
Fe,I,304.26646,304.266466,9500.0,5200000.0,7985.785,40842.154
Fe,I,304.284,304.284248,,,24506.917,57361.366
Fe,I,304.284,304.284313,,,24574.655,57429.097
Fe,I,304.3796,304.37944,,,26874.55,59718.724
Fe,I,304.4103,304.41049,,,26105.908,58946.732
Fe,I,304.4216,304.421433,0.0,,26140.179,58979.823
Fe,I,304.4255,304.425754,0.0,,23711.456,56550.634
Fe,I,304.50782,304.50783,3390.0,697000.0,7376.764,40207.091
Fe,I,304.55885,304.558742,191.0,1780000.0,19788.251,52613.09
Fe,I,304.5746,304.574851,1.0,,18378.186,51201.289
Fe,I,304.6505,304.65038,,,26339.696,59154.662
Fe,I,304.6643,304.66464,2.0,,24506.917,57320.347
Fe,I,304.6803,304.68046,1.0,,21999.13,54810.856
Fe,I,304.69238,304.692395,89.0,,19621.006,52431.447
Fe,I,304.70491,304.704998,89.0,,23783.619,56592.703
Fe,I,304.7204,304.72048,,,22946.816,55754.233
Fe,I,304.7454,304.745144,,,23711.456,56516.218
Fe,I,304.76043,304.760437,,28400000.0,704.007,33507.123
Fe,I,304.8001,304.799947,,,21038.987,53837.851
Fe,I,304.9144,304.913992,,,20874.482,53661.079
Fe,I,304.93526,304.935161,209.0,,24506.917,57291.238
Fe,I,304.9538,304.95365,2.0,,25899.989,58682.322
Fe,I,305.077,305.076127,,,24574.655,57343.828
Fe,I,305.2491,305.24952,1.0,,23711.456,56462.016
Fe,I,305.30654,305.306552,2040.0,15300000.0,19552.478,52296.92
Fe,I,305.34281,305.342735,457.0,,23711.456,56452.018
Fe,I,305.34533,305.345402,245.0,117000.0,8154.714,40894.99
Fe,I,305.3755,305.375707,1.0,,26224.969,58961.996
Fe,I,305.3855,305.385941,,,20874.482,53610.412
Fe,I,305.52622,305.526232,10000.0,9480000.0,12560.934,45281.833
Fe,I,305.52933,305.529351,257.0,,23711.456,56432.021
Fe,I,305.5356,305.5357,,,27166.82,59886.7
Fe,I,305.56815,305.568201,158.0,,20641.11,53357.515
Fe,I,305.6101,305.610192,,,24506.917,57218.827
Fe,I,305.6101,305.611,,,27166.82,59878.64
Fe,I,305.62416,305.624132,269.0,,21038.987,53749.405
Fe,I,305.658,305.657689,1.0,,24506.917,57213.744
Fe,I,305.74456,305.744545,120000.0,31300000.0,6928.268,39625.804
Fe,I,305.7584,305.75829,,,26339.696,59035.762
Fe,I,305.7718,305.771937,0.0,,21038.987,53733.594
Fe,I,305.77882,305.778755,389.0,,7728.06,40421.938
Fe,I,305.7957,305.795526,2.0,,25899.989,58592.074
Fe,I,305.8038,305.803646,3.0,,25899.989,58591.206
Fe,I,305.8078,305.80743,,,27394.691,60085.504
Fe,I,305.8362,305.836316,,,20641.11,53328.835
Fe,I,305.84912,305.84921,309.0,,26105.908,58792.255
Fe,I,305.90856,305.908538,204000.0,16300000.0,415.933,33095.941
Fe,I,305.953,305.95279,0.0,,26479.381,59154.662
Fe,I,306.05376,306.053751,372.0,6750000.0,24118.819,56783.322
Fe,I,306.0626,306.062091,3.0,,24180.862,56844.475
Fe,I,306.07764,306.077684,229.0,,24180.862,56842.811
Fe,I,306.09831,306.098321,,908000.0,12560.934,45220.681
Fe,I,306.1107,306.110544,,,24118.819,56777.262
Fe,I,306.1162,306.11582,0.0,,21038.987,53696.867
Fe,I,306.1969,306.196,,,26874.55,59523.88
Fe,I,306.2164,306.215647,,,24118.819,56766.053
Fe,I,306.2826,306.282325,0.0,,26339.696,58979.823
Fe,I,306.2873,306.286669,,,23783.619,56423.283
Fe,I,306.3151,306.314928,1.0,,17550.181,50186.834
Fe,I,306.39292,306.392955,510.0,,19552.478,52180.82
Fe,I,306.402,306.401754,3.0,,24180.862,56808.267
Fe,I,306.4695,306.469678,,,25899.989,58520.163
Fe,I,306.4837,306.4838,2.0,,27559.583,60178.254
Fe,I,306.64787,306.647863,1000.0,9110000.0,21999.13,54600.35
Fe,I,306.6486,306.6492,,,26874.55,59475.63
Fe,I,306.6689,306.668342,1.0,,23783.619,56382.662
Fe,I,306.6812,306.68095,0.0,,26479.381,59077.084
Fe,I,306.69968,306.69987,437.0,17100000.0,26351.04,58946.732
Fe,I,306.71181,306.71184,13500.0,3890000.0,12968.554,45562.974
Fe,I,306.72437,306.724366,68000.0,31200000.0,7376.764,39969.853
Fe,I,306.7948,306.794786,510.0,,21715.732,54301.34
Fe,I,306.81733,306.817338,7100.0,11100000.0,12968.554,45551.767
Fe,I,306.8301,306.83002,,,25899.989,58481.855
Fe,I,306.8451,306.84459,1.0,,25899.989,58480.308
Fe,I,306.8726,306.872427,2.0,,24506.917,57084.281
Fe,I,306.894,306.893793,,,11976.239,44551.335
Fe,I,306.9332,306.933086,3.0,,24506.917,57077.843
Fe,I,306.944,306.94306,5.0,,26140.179,58710.047
Fe,I,307.0033,307.003517,,,24506.917,57070.371
Fe,I,307.0226,307.02263,0.0,,22249.429,54810.856
Fe,I,307.054,307.053788,,,19552.478,52110.601
Fe,I,307.0694,307.07022,,,26479.381,59035.762
Fe,I,307.0785,307.078235,,,26406.465,58961.996
Fe,I,307.11249,307.11245,,,27166.82,59718.724
Fe,I,307.1277,307.1272,,,23783.619,56333.96
Fe,I,307.1428,307.142694,0.0,,24506.917,57055.616
Fe,I,307.1679,307.167883,1.0,,24180.862,56726.892
Fe,I,307.2046,307.20457,2.0,,26140.179,58682.322
Fe,I,307.2293,307.229084,3.0,,24180.862,56720.409
Fe,I,307.2487,307.24897,2.0,,27559.583,60097.024
Fe,I,307.3235,307.32339,2.0,,24574.655,57104.217
Fe,I,307.3871,307.38647,,,24335.766,56858.653
Fe,I,307.39783,307.39785,437.0,3830000.0,21715.732,54237.415
Fe,I,307.41479,307.41484,479.0,,24338.767,56858.653
Fe,I,307.4693,307.469025,,,20874.482,53388.637
Fe,I,307.57194,307.57194,41700.0,31400000.0,7728.06,40231.336
Fe,I,307.5996,307.598761,,,26479.381,58979.823
Fe,I,307.6277,307.627158,0.0,,24506.917,57004.359
Fe,I,307.6759,307.676004,0.0,,24180.862,56673.145
Fe,I,307.7013,307.70055,,,24574.655,57064.346
Fe,I,307.7548,307.7549,1.0,,27394.691,59878.64
Fe,I,307.76357,307.763622,,,20874.482,53357.515
Fe,I,307.80155,307.801546,3160.0,311000.0,7728.06,40207.091
Fe,I,307.8354,307.8354,0.0,,27559.583,60035.04
Fe,I,307.8432,307.84316,1200.0,15200000.0,20037.816,52512.457
Fe,I,307.8502,307.850333,,,24118.819,56592.703
Fe,I,307.9609,307.96065,3.0,,27666.348,60128.6
Fe,I,307.9833,307.983476,,,17726.988,50186.834
Fe,I,307.99883,307.99892,339.0,8350000.0,26627.609,59085.827
Fe,I,308.01083,308.010881,500.0,,22249.429,54706.387
Fe,I,308.0356,308.035605,0.0,,20874.482,53328.835
Fe,I,308.059,308.058937,,,26140.179,58592.074
Fe,I,308.0879,308.08763,,,27394.691,59843.564
Fe,I,308.10012,308.100134,141.0,,24335.766,56783.322
Fe,I,308.1223,308.121595,0.0,,24506.917,56952.213
Fe,I,308.1292,308.128633,0.0,,24338.767,56783.322
Fe,I,308.17,308.1699,0.0,,27559.583,59999.79
Fe,I,308.1831,308.182968,1.0,,11976.239,44415.074
Fe,I,308.3057,308.304959,,,24338.767,56764.767
Fe,I,308.3057,308.30522,,,27394.691,59820.664
Fe,I,308.315,308.314667,,,19788.251,52213.23
Fe,I,308.349,308.34876,0.0,,25899.989,58321.383
Fe,I,308.37407,308.374072,25700.0,30800000.0,7985.785,40404.518
Fe,I,308.5291,308.529224,,,23711.456,56113.887
Fe,I,308.6524,308.6524,4.0,,27166.82,59556.32
Fe,I,308.7434,308.743116,2.0,,26140.179,58520.163
Fe,I,308.8171,308.81728,,,26140.179,58512.387
Fe,I,308.82143,308.82142,,,27166.82,59538.594
Fe,I,308.8244,308.82429,0.0,,25899.989,58271.462
Fe,I,308.8346,308.835,2.0,,26339.696,58710.047
Fe,I,308.8761,308.8763,3.0,,27166.82,59532.84
Fe,I,308.95,308.950258,3.0,,21999.13,54357.405
Fe,I,308.9623,308.9619,5.0,,27166.82,59523.88
Fe,I,309.02046,309.020492,457.0,2380000.0,22249.429,54600.35
Fe,I,309.0728,309.07263,0.0,,26479.381,58824.845
Fe,I,309.1002,309.09975,,,26339.696,58682.322
Fe,I,309.109,309.10883,4.0,,26140.179,58481.855
Fe,I,309.1419,309.141474,,,26623.735,58961.996
Fe,I,309.15763,309.157641,14100.0,55300000.0,8154.714,40491.284
Fe,I,309.1688,309.169248,,,24180.862,56516.218
Fe,I,309.1875,309.1876,1.0,,27666.348,59999.79
Fe,I,309.2079,309.20887,,,27394.691,59725.904
Fe,I,309.2482,309.248,0.0,,27559.583,59886.7
Fe,I,309.27815,309.278108,1350.0,84000.0,7728.06,40052.035
Fe,I,309.331,309.330236,,,21038.987,53357.515
Fe,I,309.3529,309.352282,,,17726.988,50043.213
Fe,I,309.38049,309.380486,1510.0,1280000.0,12968.554,45281.833
Fe,I,309.38775,309.387763,1020.0,,20641.11,52953.629
Fe,I,309.4291,309.42941,4.0,,26874.55,59182.72
Fe,I,309.4871,309.486506,,,21999.13,54301.34
Fe,I,309.4871,309.48687,,,27666.348,59968.52
Fe,I,309.48995,309.489965,257.0,,21715.732,54017.581
Fe,I,309.5216,309.521089,,,24180.862,56479.463
Fe,I,309.5266,309.52757,,,25899.989,58197.914
Fe,I,309.52667,309.526657,910.0,1930000.0,21715.732,54013.752
Fe,I,309.6045,309.604459,2.0,,21999.13,54289.034
Fe,I,309.6615,309.66126,1.0,,27559.583,59843.564
Fe,I,309.68762,309.687711,191.0,,22249.429,54530.653
Fe,I,309.6877,309.68838,,,24180.862,56462.016
Fe,I,309.6975,309.69755,,,26479.381,58759.579
Fe,I,309.7493,309.749363,1.0,,19562.439,51837.238
Fe,I,309.7779,309.77796,5.0,,26874.55,59146.37
Fe,I,309.7959,309.7953,,,27394.691,59664.704
Fe,I,309.81891,309.81885,3160.0,7520000.0,21715.732,53983.293
Fe,I,309.8548,309.854551,0.0,,24118.819,56382.662
Fe,I,309.897,309.896728,1.0,,17927.382,50186.834
Fe,I,309.8998,309.9005,,,26874.55,59133.61
Fe,I,309.9122,309.91175,,,20641.11,52898.998
Fe,I,309.9385,309.938773,,,17550.181,49805.257
Fe,I,309.9501,309.949728,,,24338.767,56592.703
Fe,I,309.967,309.96641,,,26874.55,59126.75
Fe,I,309.967,309.967114,,,12968.554,45220.681
Fe,I,309.98943,309.989442,17800.0,19300000.0,8154.714,40404.518
Fe,I,309.99679,309.996786,47900.0,8230000.0,7376.764,39625.804
Fe,I,310.03033,310.030329,28200.0,18700000.0,7985.785,40231.336
Fe,I,310.06647,310.066467,38000.0,13500000.0,7728.06,39969.853
Fe,I,310.0836,310.083615,2290.0,2730000.0,19390.168,51630.178
Fe,I,310.10022,310.100208,910.0,5530000.0,21999.13,54237.415
Fe,I,310.15999,310.15979,219.0,,25899.989,58132.081
Fe,I,310.2259,310.225772,0.0,,17927.382,50152.619
Fe,I,310.26365,310.263621,457.0,30000.0,7985.785,40207.091
Fe,I,310.2763,310.276439,1.0,,24506.917,56726.892
Fe,I,310.2869,310.28693,,,25899.989,58118.875
Fe,I,310.3768,310.376405,2.0,,19552.478,51762.076
Fe,I,310.38522,310.385136,,,18378.186,50586.878
Fe,I,310.38522,310.385377,,,24574.655,56783.322
Fe,I,310.3981,310.39819,0.0,,27559.583,59766.92
Fe,I,310.5556,310.556172,,,21038.987,53229.941
Fe,I,310.5658,310.565695,0.0,,11976.239,44166.206
Fe,I,310.6512,310.65027,0.0,,26140.179,58321.383
Fe,I,310.6539,310.653683,,,19788.251,51969.101
Fe,I,310.7332,310.73247,,,26339.696,58512.387
Fe,I,310.7623,310.7625,,,27559.583,59729.17
Fe,I,310.7976,310.796392,,,21715.732,53881.806
Fe,I,310.7976,310.798161,,,20641.11,52807.001
Fe,I,310.8917,310.891212,,,24180.862,56337.126
Fe,I,310.8957,310.895417,2.0,,19552.478,51708.307
Fe,I,311.01948,311.01947,251.0,,20037.816,52180.82
Fe,I,311.02757,311.02765,457.0,,26339.696,58481.855
Fe,I,311.0663,311.0665,1.0,,27394.691,59532.84
Fe,I,311.08358,311.08356,,,21715.732,53852.114
Fe,I,311.0928,311.091856,,,21999.13,54134.655
Fe,I,311.16812,311.16828,324.0,,20641.11,52768.743
Fe,I,311.2077,311.207742,1150.0,5240000.0,23783.619,55907.178
Fe,I,311.2238,311.22365,2.0,,23783.619,55905.536
Fe,I,311.2836,311.282631,,,17927.382,50043.213
Fe,I,311.3433,311.34261,1.0,,26224.969,58334.613
Fe,I,311.35879,311.358787,479.0,,22249.429,54357.405
Fe,I,311.3666,311.366564,0.0,,19912.495,52019.669
Fe,I,311.3822,311.38184,,,26224.969,58330.568
Fe,I,311.4065,311.405682,,,12560.934,44664.075
Fe,I,311.4296,311.4306,,,27666.348,59766.92
Fe,I,311.501,311.500689,0.0,,22249.429,54342.779
Fe,I,311.5657,311.56588,158.0,,24772.018,56858.653
Fe,I,311.5858,311.58593,0.0,,27166.82,59251.39
Fe,I,311.587,311.586459,,,24338.767,56423.283
Fe,I,311.6192,311.61925,0.0,,17927.382,50008.522
Fe,I,311.628,311.628323,1.0,,19757.032,51837.238
Fe,I,311.6393,311.638611,2.0,,20874.482,52953.629
Fe,I,311.6474,311.647141,0.0,,17726.988,49805.257
Fe,I,311.66313,311.663143,4070.0,3040000.0,8154.714,40231.336
Fe,I,311.6997,311.698875,,,26140.179,58213.124
Fe,I,311.7412,311.7405,,,27166.82,59235.48
Fe,I,311.76398,311.763956,760.0,43000.0,7985.785,40052.035
Fe,I,311.7977,311.7973,,,27666.348,59729.17
Fe,I,311.8164,311.817062,,,23244.838,55305.627
Fe,I,311.9038,311.903435,0.0,,22249.429,54301.34
Fe,I,311.9181,311.9183,1.0,,27166.82,59217.204
Fe,I,311.94947,311.949482,4370.0,8280000.0,19621.006,51668.186
Fe,I,311.95812,311.958184,309.0,,11976.239,44022.525
Fe,I,312.0018,312.001735,,,20874.482,52916.295
Fe,I,312.0232,312.023237,170.0,,22249.429,54289.034
Fe,I,312.04351,312.043525,3800.0,7260000.0,19788.251,51825.773
Fe,I,312.08752,312.08752,650.0,,26479.381,58512.387
Fe,I,312.149,312.149068,,,24180.862,56207.552
Fe,I,312.1777,312.17794,5.0,,26339.696,58363.424
Fe,I,312.22945,312.229393,407.0,,21999.13,54017.581
Fe,I,312.2324,312.233323,1.0,,24574.655,56592.703
Fe,I,312.2536,312.25427,0.0,,27166.82,59182.72
Fe,I,312.2667,312.266738,2.0,,21999.13,54013.752
Fe,I,312.3129,312.31387,,,27559.583,59569.374
Fe,I,312.3199,312.319908,,,19621.006,51630.178
Fe,I,312.3264,312.325948,1.0,,17550.181,49558.734
Fe,I,312.335,312.334681,4.0,,19562.439,51570.097
Fe,I,312.3551,312.354883,2.0,,21999.13,54004.718
Fe,I,312.4093,312.409098,1.0,,20019.635,52019.669
Fe,I,312.4886,312.48851,5.0,,26140.179,58132.081
Fe,I,312.5037,312.503174,,,12560.934,44551.335
Fe,I,312.5269,312.526768,3.0,,22249.429,54237.415
Fe,I,312.5646,312.56413,,,21999.13,53983.293
Fe,I,312.5646,312.565523,,,19350.891,51334.911
Fe,I,312.56503,312.565054,6200.0,2120000.0,7985.785,39969.853
Fe,I,312.56823,312.56824,6300.0,8460000.0,19390.168,51373.91
Fe,I,312.5694,312.56989,,,26351.04,58334.613
Fe,I,312.61763,312.61756,1350.0,,26140.179,58118.875
Fe,I,312.6754,312.67585,3.0,,26627.609,58600.344
Fe,I,312.6837,312.683233,,,20641.11,52613.09
Fe,I,312.7125,312.713096,,,22838.323,54807.25
Fe,I,312.88978,312.889753,398.0,,12560.934,44511.812
Fe,I,312.93329,312.933329,1290.0,905000.0,11976.239,43922.668
Fe,I,312.9801,312.979975,0.0,,23192.5,55134.168
Fe,I,313.0205,313.0212,,,26874.55,58812.015
Fe,I,313.1235,313.1243,0.0,,17550.181,49477.127
Fe,I,313.1455,313.145909,0.0,,19912.495,51837.238
Fe,I,313.25177,313.251786,680.0,33900000.0,25899.989,57813.942
Fe,I,313.2649,313.26455,3.0,,26105.908,58018.561
Fe,I,313.317,313.317301,,,26224.969,58132.249
Fe,I,313.3963,313.396362,,,19562.439,51461.67
Fe,I,313.41098,313.410973,5800.0,786000.0,7728.06,39625.804
Fe,I,313.4248,313.42548,,,26623.735,58520.003
Fe,I,313.4412,313.441082,4.0,,21715.732,53610.412
Fe,I,313.4639,313.46353,1.0,,21999.13,53891.526
Fe,I,313.4934,313.493669,,,23244.838,55134.168
Fe,I,313.54571,313.54565,251.0,,26479.381,58363.424
Fe,I,313.55905,313.559099,263.0,,21999.13,53881.806
Fe,I,313.58604,313.586059,,486000.0,19788.251,51668.186
Fe,I,313.65006,313.650081,490.0,,26339.696,58213.124
Fe,I,313.6761,313.676161,0.0,,21715.732,53586.51
Fe,I,313.7021,313.70196,,,22996.674,54864.831
Fe,I,313.7021,313.702876,,,22838.323,54706.387
Fe,I,313.7781,313.778005,1.0,,22946.816,54807.25
Fe,I,313.8398,313.840006,,,12560.934,44415.074
Fe,I,313.85142,313.851396,309.0,,21999.13,53852.114
Fe,I,313.9023,313.9027,,,27666.348,59514.13
Fe,I,313.9605,313.960384,,,19788.251,51630.178
Fe,I,313.96598,313.965758,209.0,,19350.891,51192.273
Fe,I,313.9918,313.992,7.0,,21999.13,53837.851
Fe,I,314.03896,314.03898,830.0,,26140.179,57974.137
Fe,I,314.1512,314.15193,,,27394.691,59217.204
Fe,I,314.1886,314.188422,,,21038.987,52857.804
Fe,I,314.24537,314.245232,1380.0,3930000.0,19757.032,51570.097
Fe,I,314.2456,314.24642,,,26550.479,58363.424
Fe,I,314.28887,314.28887,2510.0,5650000.0,18378.186,50186.834
Fe,I,314.2895,314.289967,,,26224.969,58033.506
Fe,I,314.2944,314.295204,,,24574.655,56382.662
Fe,I,314.32424,314.324218,1780.0,12700.0,0.0,31805.071
Fe,I,314.39903,314.399022,1950.0,61000000.0,25899.989,57697.493
Fe,I,314.4428,314.442594,2.0,,22249.429,54042.527
Fe,I,314.44965,314.44965,830.0,,26339.696,58132.081
Fe,I,314.4923,314.491857,,,19621.006,51409.124
Fe,I,314.50568,314.50572,740.0,4650000.0,24118.819,55905.536
Fe,I,314.5165,314.516574,,,21999.13,53784.75
Fe,I,314.627,314.62673,1.0,,26224.969,57999.461
Fe,I,314.6469,314.646731,1.0,,19562.439,51334.911
Fe,I,314.6604,314.660032,,,26623.735,58394.864
Fe,I,314.6895,314.68952,0.0,,22249.429,54017.581
Fe,I,314.72911,314.72917,,,21999.13,53763.28
Fe,I,314.7601,314.76074,,,25899.989,57660.953
Fe,I,314.7749,314.774548,,,22946.816,54706.387
Fe,I,314.77946,314.779524,550.0,7590000.0,24338.767,56097.836
Fe,I,314.8165,314.816995,,,22249.429,54004.718
Fe,I,314.8314,314.830846,1.0,,23110.939,54864.831
Fe,I,314.84056,314.840642,389.0,,19621.006,51373.91
Fe,I,314.84652,314.846632,295.0,,19350.891,51103.191
Fe,I,314.86807,314.868062,151.0,,17726.988,49477.127
Fe,I,314.9495,314.949366,0.0,,23783.619,55525.562
Fe,I,314.9723,314.972457,1.0,,27166.82,58906.436
Fe,I,315.02,315.019643,,,20019.635,51754.497
Fe,I,315.024,315.023594,0.0,,21999.13,53733.594
Fe,I,315.03066,315.030752,427.0,,26479.381,58213.124
Fe,I,315.0759,315.07624,,,28819.954,60549.116
Fe,I,315.1102,315.109786,,,26406.465,58132.249
Fe,I,315.18653,315.186545,1170.0,13700.0,415.933,32133.991
Fe,I,315.20043,315.200478,200.0,,26874.55,58591.206
Fe,I,315.2968,315.29643,0.0,,26627.609,58334.613
Fe,I,315.3056,315.304995,,,17726.988,49433.131
Fe,I,315.3056,315.30519,,,23783.619,55489.742
Fe,I,315.31995,315.319962,2950.0,7910000.0,19757.032,51461.67
Fe,I,315.33134,315.331421,590.0,2630000.0,19757.032,51460.518
Fe,I,315.411,315.410665,,,12968.554,44664.075
Fe,I,315.43849,315.438692,269.0,,17550.181,49242.886
Fe,I,315.44293,315.44287,209.0,,26224.969,57917.254
Fe,I,315.4433,315.442424,,,22838.323,54530.653
Fe,I,315.44964,315.449611,1020.0,4640000.0,19912.495,51604.103
Fe,I,315.5118,315.511627,,,20019.635,51705.014
Fe,I,315.52932,315.529364,1170.0,,19621.006,51304.604
Fe,I,315.57956,315.579645,540.0,,19390.168,51068.718
Fe,I,315.62736,315.627342,1260.0,63600000.0,26140.179,57813.942
Fe,I,315.6421,315.641613,,,23192.5,54864.831
Fe,I,315.64628,315.646138,,,24118.819,55790.696
Fe,I,315.6894,315.68956,1.0,,26351.04,58018.561
Fe,I,315.70359,315.703585,5200.0,12600000.0,19562.439,51228.553
Fe,I,315.7143,315.714423,580.0,1810000.0,18378.186,50043.213
Fe,I,315.7204,315.72058,0.0,,27166.82,58831.23
Fe,I,315.7288,315.728742,2.0,,22249.429,53913.02
Fe,I,315.7409,315.74073,,,23783.619,55446.008
Fe,I,315.74511,315.745116,339.0,,21999.13,53661.079
Fe,I,315.78848,315.78828,,,27559.583,59217.204
Fe,I,315.78848,315.788474,,16100000.0,19912.495,51570.097
Fe,I,315.79871,315.798709,630.0,2250000.0,19562.439,51219.015
Fe,I,315.8213,315.821346,,,19912.495,51566.802
Fe,I,315.8391,315.83913,3.0,,26623.735,58276.26
Fe,I,315.8567,315.85704,,,26140.179,57790.909
Fe,I,315.90208,315.902255,389.0,,23783.619,55429.819
Fe,I,315.9123,315.9123,,,27166.82,58812.015
Fe,I,315.925,315.924888,,,21038.987,52682.92
Fe,I,315.9435,315.94322,1.0,,22249.429,53891.526
Fe,I,316.01962,316.01969,600.0,,26339.696,57974.137
Fe,I,316.0243,316.023761,3.0,,22845.869,54479.902
Fe,I,316.03413,316.034142,3800.0,,19390.168,51023.162
Fe,I,316.06572,316.065717,6000.0,19300000.0,19562.439,51192.273
Fe,I,316.07738,316.077169,209.0,,19350.891,50979.579
Fe,I,316.0918,316.09179,324.0,,19912.495,51539.72
Fe,I,316.13708,316.137083,1020.0,2140000.0,12560.934,44183.628
Fe,I,316.1551,316.155289,219.0,,19788.251,51409.124
Fe,I,316.19461,316.194619,3310.0,4650000.0,19350.891,50967.831
Fe,I,316.23298,316.232898,,,19757.032,51370.145
Fe,I,316.23298,316.232998,,,21715.732,53328.835
Fe,I,316.2516,316.251216,2.0,,21999.13,53610.412
Fe,I,316.2568,316.25727,0.0,,25899.989,57510.666
Fe,I,,316.311356,,,12560.934,44166.206
Fe,I,316.3372,316.33725,,,22249.429,53852.114
Fe,I,316.38711,316.3871,980.0,,21715.732,53313.438
Fe,I,316.42959,316.429621,331.0,,19757.032,51350.492
Fe,I,316.4811,316.48009,,,22249.429,53837.851
Fe,I,316.4916,316.49053,,,21999.13,53586.51
Fe,I,316.50034,316.50026,890.0,,19562.439,51148.848
Fe,I,316.5076,316.507775,0.0,,19788.251,51373.91
Fe,I,316.5128,316.513057,,,27394.691,58979.823
Fe,I,316.5161,316.515963,1.0,,17550.181,49135.023
Fe,I,316.5262,316.526035,1.0,,22946.816,54530.653
Fe,I,316.58575,316.585758,1860.0,5350000.0,19757.032,51334.911
Fe,I,316.5933,316.593969,,,19788.251,51365.311
Fe,I,316.62442,316.624453,407.0,,19757.032,51331.052
Fe,I,316.6336,316.633278,,,19788.251,51361.391
Fe,I,316.64353,316.643508,3630.0,11400000.0,20641.11,52213.23
Fe,I,316.65865,316.65891,158.0,,27394.691,58965.275
Fe,I,316.6591,316.658282,,,17726.988,49297.635
Fe,I,316.6861,316.68633,,,28604.613,60172.464
Fe,I,316.6974,316.69719,1.0,,24338.767,55905.536
Fe,I,316.7781,316.778011,1.0,,17550.181,49108.896
Fe,I,316.79206,316.792075,740.0,,26140.179,57697.493
Fe,I,316.8142,316.814323,182.0,,23192.5,54747.598
Fe,I,316.852,316.851558,,,23051.75,54603.14
Fe,I,316.88539,316.885375,660.0,2600000.0,19912.495,51460.518
Fe,I,316.8942,316.893974,3.0,,20019.635,51566.802
Fe,I,316.9335,316.933247,,,12968.554,44511.812
Fe,I,316.9335,316.93356,,,27166.82,58710.047
Fe,I,317.0131,317.013017,1.0,,22249.429,53784.75
Fe,I,317.1348,317.134252,,,11976.239,43499.505
Fe,I,317.13511,317.135108,2190.0,18500000.0,24574.655,56097.836
Fe,I,317.16621,317.166259,417.0,2750000.0,20019.635,51539.72
Fe,I,317.1764,317.176352,0.0,,22838.323,54357.405
Fe,I,317.20381,317.203817,760.0,,19788.251,51304.604
Fe,I,317.20835,317.208397,620.0,715000.0,17726.988,49242.886
Fe,I,317.21118,317.211064,309.0,,17726.988,49242.621
Fe,I,317.229,317.229002,1.0,,22249.429,53763.28
Fe,I,317.2499,317.250204,,,27394.691,58906.436
Fe,I,317.3238,317.323607,,,22838.323,54342.779
Fe,I,317.34061,317.340691,347.0,,23244.838,54747.598
Fe,I,317.36063,317.360729,,,23110.939,54611.71
Fe,I,317.36876,317.368739,680.0,,22249.429,53749.405
Fe,I,317.4218,317.42134,1.0,,26479.381,57974.137
Fe,I,317.53117,317.530979,324.0,,11976.239,43460.121
Fe,I,317.5312,317.53209,,,26224.969,57708.741
Fe,I,317.538,317.537575,1.0,,22996.674,54479.902
Fe,I,317.54445,317.544444,6800.0,14400000.0,19350.891,50833.438
Fe,I,317.5984,317.598245,4.0,,23270.384,54747.598
Fe,I,317.6282,317.628196,4.0,,26339.696,57813.942
Fe,I,317.63591,317.636027,520.0,5900000.0,21038.987,52512.457
Fe,I,317.7071,317.70673,,,11976.239,43442.705
Fe,I,317.80126,317.801268,4900.0,12800000.0,19350.891,50807.997
Fe,I,317.817,317.816262,2.0,,19621.006,51076.628
Fe,I,317.85362,317.85358,620.0,,24338.767,55790.696
Fe,I,317.8607,317.860816,,,26339.696,57790.909
Fe,I,317.8657,317.86589,,,22838.323,54289.034
Fe,I,317.89619,317.896204,3090.0,,19621.006,51068.718
Fe,I,317.9047,317.90509,1.0,,26874.55,58321.383
Fe,I,317.94783,317.94783,363.0,,12968.554,44411.16
Fe,I,318.0094,318.00919,0.0,,27394.691,58831.23
Fe,I,318.02231,318.022325,14800.0,44200000.0,19757.032,51192.273
Fe,I,318.0479,318.04764,1.0,,22838.323,54271.062
Fe,I,318.07552,318.07552,11700.0,123000.0,704.007,32133.991
Fe,I,318.1044,318.105003,,,18378.186,49805.257
Fe,I,318.1237,318.123397,,,27166.82,58592.074
Fe,I,318.15192,318.151907,2040.0,18400000.0,20874.482,52296.92
Fe,I,318.1749,318.174164,,,27559.583,58979.823
Fe,I,318.1847,318.184595,550.0,,23192.5,54611.71
Fe,I,318.19112,318.191209,520.0,1780000.0,19912.495,51331.052
Fe,I,318.1924,318.19212,,,24335.766,55754.233
Fe,I,318.20553,318.20556,1450.0,3230000.0,19562.439,50979.579
Fe,I,318.2225,318.22252,0.0,,24338.767,55754.233
Fe,I,318.2336,318.23329,,,26339.696,57754.099
Fe,I,318.2808,318.280217,,,26623.735,58033.506
Fe,I,318.2973,318.2971,,,22996.674,54404.779
Fe,I,318.2973,318.29781,,14200000.0,17726.988,49135.023
Fe,I,318.3109,318.310904,,,24118.819,55525.562
Fe,I,318.35749,318.357402,650.0,,19621.006,51023.162
Fe,I,318.4107,318.41058,3.0,,26874.55,58271.462
Fe,I,318.4201,318.420202,182.0,,22946.816,54342.779
Fe,I,318.46172,318.461639,1020.0,,19757.032,51148.91
Fe,I,318.4618,318.462268,,,19757.032,51148.848
Fe,I,318.48945,318.489439,33900.0,235000.0,415.933,31805.071
Fe,I,318.6254,318.62559,,,26623.735,57999.461
Fe,I,318.6786,318.6788,,,26140.179,57510.666
Fe,I,318.68093,318.681178,209.0,,17927.382,49297.635
Fe,I,318.6943,318.693329,,,21715.732,53084.789
Fe,I,318.6943,318.694284,,,23110.939,54479.902
Fe,I,318.7157,318.71553,,,23244.838,54611.71
Fe,I,318.76781,318.767747,251.0,,12560.934,43922.668
Fe,I,318.80171,318.801792,500.0,,21999.13,53357.515
Fe,I,318.8494,318.850193,,,21715.732,53069.357
Fe,I,318.853,318.853061,,,27166.82,58520.163
Fe,I,318.85673,318.856763,2450.0,5000000.0,19350.891,50703.87
Fe,I,318.88188,318.881875,5000.0,25300000.0,20019.635,51370.145
Fe,I,319.00161,319.001562,457.0,,20874.482,52213.23
Fe,I,319.06493,319.064942,1230.0,5750000.0,24574.655,55907.178
Fe,I,319.08165,319.08166,1170.0,5550000.0,24574.655,55905.536
Fe,I,319.0932,319.093642,1.0,,21999.13,53328.835
Fe,I,319.11114,319.1111,560.0,1330000.0,20641.11,51969.101
Fe,I,319.1192,319.11927,0.0,,24118.819,55446.008
Fe,I,319.1374,319.13734,,,27166.82,58492.235
Fe,I,319.1499,319.149253,,,22946.816,54271.062
Fe,I,319.1659,319.165893,39800.0,237000.0,0.0,31322.613
Fe,I,319.2406,319.23986,,,27394.691,58710.047
Fe,I,319.24091,319.241051,500.0,,17927.382,49242.621
Fe,I,319.25054,319.25054,372.0,,21999.13,53313.438
Fe,I,319.28002,319.280021,9300.0,50100000.0,20019.635,51331.052
Fe,I,319.28431,319.284273,269.0,,24118.819,55429.819
Fe,I,319.32257,319.322569,87000.0,443000.0,0.0,31307.245
Fe,I,319.32996,319.329965,9500.0,30700000.0,19912.495,51219.015
Fe,I,319.373,319.37326,1.0,,26406.465,57708.741
Fe,I,319.4335,319.433921,,,22838.323,54134.655
Fe,I,319.44236,319.442383,1320.0,10800000.0,19912.495,51207.998
Fe,I,319.45936,319.459359,810.0,,23110.939,54404.779
Fe,I,319.507,319.50762,,,27394.691,58683.804
Fe,I,319.523,319.52276,3.0,,27394.691,58682.322
Fe,I,319.59592,319.595939,457.0,,19788.251,51068.718
Fe,I,319.61224,319.612206,1820.0,14000000.0,22845.869,54124.744
Fe,I,319.6549,319.65469,0.0,,26479.381,57754.099
Fe,I,319.6626,319.66298,,,22838.323,54112.23
Fe,I,319.69272,319.692708,,59700000.0,19562.439,50833.438
Fe,I,319.69866,319.698648,20400.0,194000.0,415.933,31686.351
Fe,I,319.731,319.73066,,,27394.691,58661.978
Fe,I,319.75138,319.75137,229.0,,27559.583,58824.845
Fe,I,319.7749,319.774968,,,26140.179,57403.134
Fe,I,319.8032,319.803632,0.0,,25899.989,57160.142
Fe,I,319.8264,319.826346,251.0,,21038.987,52296.92
Fe,I,319.8475,319.847477,2.0,,25899.989,57155.857
Fe,I,319.94994,319.949937,11700.0,123000.0,888.132,32133.991
Fe,I,319.95302,319.95302,9500.0,22300000.0,19562.439,50807.997
Fe,I,319.9653,319.96565,1.0,,26874.55,58118.875
Fe,I,319.9937,319.993423,,,19757.032,50998.645
Fe,I,320.03157,320.03149,447.0,,21715.732,52953.629
Fe,I,320.04713,320.04731,14800.0,,19912.495,51148.848
Fe,I,320.0474,320.046674,,,19912.495,51148.91
Fe,I,320.07842,320.07841,3090.0,59000.0,704.007,31937.325
Fe,I,320.1446,320.144874,0.0,,25899.989,57126.823
Fe,I,320.1613,320.161003,0.0,,25899.989,57125.25
Fe,I,320.25556,320.255569,1410.0,6180000.0,24574.655,55790.696
Fe,I,320.2657,320.26549,,,12968.554,44183.628
Fe,I,320.2947,320.294171,,,23192.5,54404.779
Fe,I,320.383,320.38306,,,26550.479,57754.099
Fe,I,320.4305,320.43081,1.0,,26351.04,57550.01
Fe,I,320.4462,320.447109,,,27394.691,58592.074
Fe,I,320.521,320.520868,3.0,,22650.416,53840.62
Fe,I,320.53978,320.539789,12300.0,97700000.0,20019.635,51207.998
Fe,I,320.5777,320.577822,1.0,,20641.11,51825.773
Fe,I,320.6855,320.684979,,,21038.987,52213.23
Fe,I,320.7075,320.707509,930.0,1320000.0,19350.891,50522.944
Fe,I,320.7187,320.71865,0.0,,26339.696,57510.666
Fe,I,320.7243,320.724703,0.0,,25899.989,57070.371
Fe,I,320.75815,320.758055,740.0,,26140.179,57307.32
Fe,I,320.7656,320.765733,1.0,,22838.323,54004.718
Fe,I,320.84704,320.84704,1350.0,,27666.348,58824.845
Fe,I,320.8761,320.8766,,,25899.989,57055.616
Fe,I,320.8876,320.88756,,,27166.82,58321.383
Fe,I,320.9104,320.910314,1.0,,17550.181,48702.535
Fe,I,320.92979,320.92979,,,27559.583,58710.047
Fe,I,320.92979,320.930002,,,22650.416,53800.859
Fe,I,321.01863,321.018735,740.0,,21038.987,52180.82
Fe,I,321.02289,321.022879,6500.0,11500000.0,19562.439,50703.87
Fe,I,321.0382,321.03747,,,26406.465,57546.481
Fe,I,321.0643,321.06422,3.0,,22838.323,53975.744
Fe,I,321.0829,321.082878,,92400000.0,19912.495,51048.107
Fe,I,321.1137,321.113138,0.0,,11976.239,43108.917
Fe,I,321.14826,321.148243,3020.0,,20019.635,51148.91
Fe,I,321.16073,321.160675,690.0,3070000.0,22996.674,54124.744
Fe,I,321.16772,321.167712,5500.0,,26874.55,58001.938
Fe,I,321.18749,321.187483,2880.0,,27394.691,58520.163
Fe,I,321.19871,321.198577,16600.0,46400000.0,19350.891,50475.288
Fe,I,321.1995,321.20039,,,27559.583,58683.804
Fe,I,321.216,321.21569,7.0,,27559.583,58682.322
Fe,I,321.232,321.231791,3.0,,26224.969,57346.148
Fe,I,321.2557,321.255741,3.0,,26224.969,57343.828
Fe,I,321.2673,321.26775,,,27394.691,58512.387
Fe,I,321.3673,321.366998,0.0,,22249.429,53357.515
Fe,I,321.3756,321.37573,,1090000.0,24338.767,55446.008
Fe,I,321.4012,321.401115,,83800000.0,19757.032,50861.816
Fe,I,321.4012,321.40258,,,27166.82,58271.462
Fe,I,321.40614,321.406168,22900.0,118000000.0,19757.032,50861.327
Fe,I,321.43956,321.439559,33100.0,222000.0,704.007,31805.071
Fe,I,321.46124,321.461503,200.0,,18378.186,49477.127
Fe,I,321.5215,321.52054,4.0,,27666.348,58759.579
Fe,I,321.54085,321.540829,660.0,,21715.732,52807.001
Fe,I,321.58332,321.58329,372.0,,27394.691,58481.855
Fe,I,321.59378,321.59378,14800.0,61900000.0,19912.495,50998.645
Fe,I,321.5985,321.598859,,,21999.13,53084.789
Fe,I,321.5985,321.59929,,,27394.691,58480.308
Fe,I,321.605,321.60562,,,26623.735,57708.741
Fe,I,321.6718,321.671411,3.0,,26140.179,57218.827
Fe,I,321.7377,321.737689,10200.0,15000000.0,19350.891,50423.137
Fe,I,321.9368,321.93699,,,21715.732,52768.743
Fe,I,321.95819,321.958202,20000.0,46400000.0,19757.032,50807.997
Fe,I,321.9766,321.976577,1350.0,18000.0,888.132,31937.325
Fe,I,321.98043,321.980425,13800.0,36100000.0,19562.439,50611.261
Fe,I,322.1644,322.16438,,,27166.82,58197.914
Fe,I,322.187,322.18687,2.0,,22946.816,53975.744
Fe,I,322.1916,322.191603,1580.0,12200000.0,20019.635,51048.107
Fe,I,322.2058,322.2061,14.0,,20641.11,51668.186
Fe,I,322.20669,322.206713,46800.0,86500000.0,19350.891,50377.908
Fe,I,322.3084,322.308009,0.0,,26623.735,57641.001
Fe,I,322.3255,322.324512,,,26140.179,57155.857
Fe,I,322.32672,322.326798,590.0,31000.0,11976.239,42991.697
Fe,I,322.3437,322.343979,1.0,,23110.939,54124.744
Fe,I,322.3478,322.348271,,,26627.609,57641.001
Fe,I,322.3842,322.384042,1.0,,7985.785,38995.736
Fe,I,322.49238,322.492441,219.0,,22838.323,53837.851
Fe,I,322.5051,322.50512,,,26105.908,57104.217
Fe,I,322.56072,322.560609,490.0,465000.0,19621.006,50613.983
Fe,I,322.5787,322.578709,66000.0,118000000.0,19350.891,50342.129
Fe,I,322.60133,322.601299,760.0,659000.0,20641.11,51630.178
Fe,I,322.6435,322.642915,,,26140.179,57125.25
Fe,I,322.67144,322.671314,980.0,,704.007,31686.351
Fe,I,322.672,322.67266,,,24772.018,55754.233
Fe,I,322.6892,322.68895,,,26339.696,57320.347
Fe,I,322.70609,322.706042,950.0,4520000.0,20019.635,50998.645
Fe,I,322.7269,322.72698,,,27543.003,58520.003
Fe,I,322.77953,322.779521,19100.0,49600000.0,19562.439,50534.397
Fe,I,322.79951,322.799585,980.0,,22838.323,53808.356
Fe,I,322.82487,322.824874,5400.0,37200000.0,19912.495,50880.102
Fe,I,322.8396,322.839501,,,22946.816,53913.02
Fe,I,322.8494,322.84933,4.0,,27166.82,58132.081
Fe,I,322.85973,322.85974,630.0,1740000.0,26105.908,57070.171
Fe,I,322.88984,322.889835,1860.0,,20019.635,50981.012
Fe,I,322.91201,322.912009,10000.0,167000.0,978.074,31937.325
Fe,I,322.957,322.956459,11.0,,22845.869,53800.859
Fe,I,322.9612,322.961582,,,21999.13,52953.629
Fe,I,322.97936,322.97927,200.0,,27559.583,58512.387
Fe,I,322.98707,322.98708,1000.0,,27166.82,58118.875
Fe,I,322.9955,322.995057,,,20874.482,51825.773
Fe,I,322.99906,322.999065,3240.0,10600000.0,24574.655,55525.562
Fe,I,323.0096,323.00875,,,7728.06,38678.039
Fe,I,323.01561,323.015618,590.0,1510000.0,19912.495,50861.816
Fe,I,323.0207,323.020722,4370.0,20600000.0,19912.495,50861.327
Fe,I,323.0213,323.021285,,,26623.735,57572.513
Fe,I,323.0847,323.084278,1.0,,25899.989,56842.733
Fe,I,323.09634,323.096349,10500.0,37000000.0,19757.032,50698.62
Fe,I,323.15792,323.158076,269.0,,11976.239,42911.917
Fe,I,323.2161,323.215396,,,26140.179,57070.371
Fe,I,323.2161,323.216211,,,21038.987,51969.101
Fe,I,323.2703,323.270112,,,22838.323,53763.28
Fe,I,323.2796,323.28018,4.0,,23051.75,53975.744
Fe,I,323.2937,323.29323,4.0,,26623.735,57546.481
Fe,I,323.30516,323.30516,17800.0,41900000.0,26105.908,57027.513
Fe,I,323.32793,323.327702,,,18378.186,49297.635
Fe,I,323.3704,323.369662,,,26140.179,57055.616
Fe,I,323.39672,323.396736,10700.0,20800000.0,19562.439,50475.288
Fe,I,323.4449,323.444564,,,25899.989,56808.267
Fe,I,323.4613,323.461288,20900.0,115000.0,415.933,31322.613
Fe,I,323.5323,323.5326,,,21999.13,52898.998
Fe,I,323.55883,323.558883,324.0,,21715.732,52613.09
Fe,I,323.5813,323.58074,1.0,,22838.323,53733.594
Fe,I,323.62221,323.622211,46800.0,218000.0,415.933,31307.245
Fe,I,323.6418,323.64188,,,26140.179,57029.614
Fe,I,323.72224,323.7222,398.0,,12560.934,43442.705
Fe,I,323.7497,323.749876,,,26339.696,57218.827
Fe,I,323.8318,323.83145,,,24574.655,55446.008
Fe,I,323.90117,323.901253,427.0,,18378.186,49242.886
Fe,I,323.90419,323.904034,170.0,,18378.186,49242.621
Fe,I,323.9307,323.930756,1.0,,25899.989,56761.878
Fe,I,323.9344,323.934419,,,22946.816,53808.356
Fe,I,323.94327,323.943258,21400.0,29500000.0,19562.439,50423.137
Fe,I,323.94571,323.945683,1350.0,6740000.0,20019.635,50880.102
Fe,I,323.96586,323.96587,240.0,,22838.323,53696.867
Fe,I,324.00121,324.00136,191.0,,24574.655,55429.819
Fe,I,324.0111,324.011179,0.0,,19757.032,50611.261
Fe,I,324.0362,324.036049,,,27543.003,58394.864
Fe,I,324.097,324.09721,,,27666.348,58512.387
Fe,I,324.1508,324.149935,,,8154.714,38995.736
Fe,I,324.1508,324.15052,,,26479.381,57320.347
Fe,I,324.1682,324.16723,,,26224.969,57064.346
Fe,I,324.22576,324.225598,200.0,,20874.482,51708.307
Fe,I,324.2986,324.298404,2.0,,25899.989,56726.892
Fe,I,324.31082,324.310723,850.0,481000.0,19788.251,50613.983
Fe,I,324.33994,324.34007,,,26874.55,57697.493
Fe,I,324.38747,324.387535,219.0,,27394.691,58213.124
Fe,I,324.41874,324.418738,18200.0,30600000.0,19562.439,50377.908
Fe,I,324.4547,324.454906,,,26140.179,56952.213
Fe,I,324.5375,324.537581,,,22996.674,53800.859
Fe,I,324.541,324.54121,1.0,,27559.583,58363.424
Fe,I,324.59655,324.596529,1170.0,155000.0,7376.764,38175.355
Fe,I,324.60046,324.60045,19500.0,168000.0,888.132,31686.351
Fe,I,324.648,324.648045,2000.0,2500000.0,20874.482,51668.186
Fe,I,324.69604,324.696065,4470.0,10900000.0,17726.988,48516.138
Fe,I,324.72098,324.720998,1170.0,1690000.0,21038.987,51825.773
Fe,I,324.72799,324.727971,2340.0,,19912.495,50698.62
Fe,I,324.8204,324.820399,7400.0,19200000.0,19757.032,50534.397
Fe,I,324.91909,324.919122,1450.0,,20641.11,51409.124
Fe,I,324.95062,324.950638,200.0,,12560.934,43325.964
Fe,I,325.03966,325.039643,331.0,,23051.75,53808.356
Fe,I,325.06232,325.062303,,3830000.0,17550.181,48304.643
Fe,I,325.07587,325.07589,760.0,2850000.0,26351.04,57104.217
Fe,I,325.24286,325.24285,760.0,,27394.691,58132.081
Fe,I,325.29142,325.291431,2290.0,2200000.0,20641.11,51373.91
Fe,I,325.35988,325.35991,2140.0,16200000.0,26224.969,56951.301
Fe,I,325.38237,325.382476,,,20641.11,51365.311
Fe,I,325.38237,325.38266,,,27394.691,58118.875
Fe,I,325.39425,325.394253,1350.0,,21038.987,51762.076
Fe,I,325.43617,325.43618,16200.0,42400000.0,26351.04,57070.171
Fe,I,325.47231,325.472374,457.0,573000.0,21715.732,52431.447
Fe,I,325.67005,325.67001,282.0,,27666.348,58363.424
Fe,I,,325.721172,,,7985.785,38678.039
Fe,I,325.72343,325.72348,950.0,4760000.0,24118.819,54810.856
Fe,I,325.75924,325.759256,4900.0,8940000.0,17550.181,48238.847
Fe,I,325.99892,325.998925,2000.0,2990000.0,19757.032,50423.137
Fe,I,326.02669,326.026684,1620.0,,20641.11,51304.604
Fe,I,326.13254,326.132547,372.0,,27559.583,58213.124
Fe,I,326.20081,326.200857,510.0,,27166.82,57813.942
Fe,I,326.33691,326.336797,690.0,,19552.478,50186.834
Fe,I,326.4512,326.451229,2570.0,10100000.0,17726.988,48350.606
Fe,I,326.46944,326.469523,288.0,,19912.495,50534.397
Fe,I,326.50467,326.504668,16600.0,88900.0,704.007,31322.613
Fe,I,326.55431,326.55422,240.0,,21999.13,52613.09
Fe,I,326.56163,326.561634,17400.0,30600000.0,17550.181,48163.446
Fe,I,326.82327,326.823298,2630.0,6060000.0,17927.382,48516.138
Fe,I,326.92288,326.9228,347.0,,27394.691,57974.137
Fe,I,327.09997,327.09998,17400.0,64000000.0,17726.988,48289.871
Fe,I,327.14845,327.148471,650.0,8470000.0,26224.969,56783.322
Fe,I,327.16833,327.168289,930.0,152000.0,11976.239,42532.741
Fe,I,327.25962,327.259531,650.0,45000.0,12560.934,43108.917
Fe,I,327.44506,327.445084,,,27166.82,57697.493
Fe,I,327.64702,327.646997,1350.0,3160000.0,17726.988,48238.847
Fe,I,327.87311,327.872988,1780.0,,20874.482,51365.311
Fe,I,327.97308,327.973005,389.0,,24118.819,54600.35
Fe,I,328.02602,328.02599,,42100000.0,26627.609,57104.217
Fe,I,328.28901,328.28904,2090.0,34200000.0,26406.465,56858.653
Fe,I,328.45872,328.458713,2880.0,5640000.0,17726.988,48163.446
Fe,I,328.51931,328.519267,324.0,,24180.862,54611.71
Fe,I,328.60149,328.601596,510.0,,17927.382,48350.606
Fe,I,328.64446,328.644516,309.0,,27394.691,57813.942
Fe,I,328.67528,328.675278,51000.0,59900000.0,17550.181,47966.585
Fe,I,328.70894,328.708954,580.0,,23711.456,54124.744
Fe,I,328.86487,328.864907,540.0,,19552.478,49951.344
Fe,I,328.89651,328.896566,830.0,1100000.0,17726.988,48122.928
Fe,I,328.94349,328.94334,389.0,,22838.323,53229.941
Fe,I,329.0712,329.071132,760.0,,17550.181,47929.997
Fe,I,329.09881,329.098811,4790.0,7580000.0,17927.382,48304.643
Fe,I,329.20206,329.20206,7200.0,57700000.0,26224.969,56592.703
Fe,I,329.25893,329.25893,8500.0,30000000.0,17927.382,48289.871
Fe,I,329.31404,329.314019,980.0,67000.0,12968.554,43325.964
Fe,I,329.64635,329.646344,720.0,,20874.482,51201.289
Fe,I,329.8132,329.813198,,9010000.0,17927.382,48238.847
Fe,I,330.12192,330.121859,363.0,,22946.816,53229.941
Fe,I,330.35294,330.353003,457.0,,17550.181,47812.118
Fe,I,330.35687,330.356867,580.0,1460000.0,24338.767,54600.35
Fe,I,330.58519,330.585214,427.0,,24506.917,54747.598
Fe,I,330.59705,330.597065,36300.0,40500000.0,17726.988,47966.585
Fe,I,330.60806,330.608118,200.0,,24118.819,54357.405
Fe,I,330.63393,330.6342,16200.0,57400000.0,24574.655,54810.856
Fe,I,330.63545,330.635695,30200.0,48400000.0,17927.382,48163.446
Fe,I,330.64816,330.64823,910.0,,26623.735,56858.653
Fe,I,330.65849,330.658683,209.0,,23783.619,54017.581
Fe,I,330.70051,330.700567,810.0,,23783.619,54013.752
Fe,I,330.72334,330.72333,8300.0,19700000.0,26105.908,56333.96
Fe,I,330.76859,330.768582,650.0,,24180.862,54404.779
Fe,I,331.0341,331.03412,2090.0,3780000.0,23783.619,53983.293
Fe,I,331.04905,331.049027,1100.0,6170000.0,26224.969,56423.283
Fe,I,331.22213,331.222254,309.0,,24118.819,54301.34
Fe,I,331.4066,331.40654,302.0,,27543.003,57708.741
Fe,I,331.44426,331.444293,1200.0,,21038.987,51201.289
Fe,I,331.47411,331.474131,5900.0,72500000.0,26623.735,56783.322
Fe,I,331.71207,331.712093,1580.0,3110000.0,18378.186,48516.138
Fe,I,331.92529,331.925278,980.0,3730000.0,24118.819,54237.415
Fe,I,332.06428,332.064332,560.0,,19621.006,49726.99
Fe,I,332.07736,332.07747,479.0,,24506.917,54611.71
Fe,I,332.24727,332.247325,1550.0,8210000.0,23711.456,53800.859
Fe,I,332.37362,332.373598,4370.0,28000000.0,22838.323,52916.295
Fe,I,332.43701,332.43692,479.0,,26351.04,56423.283
Fe,I,332.45364,332.453603,2880.0,1720000.0,19390.168,49460.902
Fe,I,332.47818,332.47836,219.0,,23783.619,53852.114
Fe,I,332.54644,332.546445,2190.0,2370000.0,19788.251,49850.59
Fe,I,332.74955,332.749495,630.0,,19390.168,49434.163
Fe,I,332.88657,332.886592,6800.0,22100000.0,26351.04,56382.662
Fe,I,332.95227,332.952305,620.0,,24574.655,54600.35
Fe,I,333.16109,333.161103,1100.0,1780000.0,19621.006,49627.884
Fe,I,333.17748,333.177547,,,20037.816,50043.213
Fe,I,333.42174,333.421754,790.0,491000.0,19621.006,49604.427
Fe,I,333.42716,333.42733,257.0,,26351.04,56333.96
Fe,I,333.55109,333.550958,182.0,,12560.934,42532.741
Fe,I,333.57153,333.571393,257.0,,21999.13,51969.101
Fe,I,333.57682,333.576869,1510.0,7480000.0,22946.816,52916.295
Fe,I,333.62565,333.625685,950.0,4910000.0,26627.609,56592.703
Fe,I,333.76649,333.766481,4790.0,6060000.0,21715.732,51668.186
Fe,I,333.86205,333.862031,740.0,,24180.862,54124.744
Fe,I,333.91944,333.919385,1170.0,1370000.0,19788.251,49726.99
Fe,I,333.95766,333.957792,363.0,,24335.766,54271.062
Fe,I,334.05641,334.056432,3550.0,4950000.0,18378.186,48304.643
Fe,I,334.19057,334.19056,4170.0,3020000.0,21715.732,51630.178
Fe,I,334.22141,334.221412,1740.0,,18378.186,48289.871
Fe,I,334.22916,334.2292,1290.0,9420000.0,22946.816,52857.804
Fe,I,334.32392,334.323674,309.0,,17550.181,47452.717
Fe,I,334.37603,334.37594,251.0,,24506.917,54404.779
Fe,I,334.49391,334.4938,182.0,,26874.55,56761.878
Fe,I,334.582988,,10200.0,,,
Fe,I,334.69343,334.693385,720.0,,17550.181,47419.687
Fe,I,334.79253,334.792527,2880.0,4910000.0,18378.186,48238.847
Fe,I,334.97241,334.972737,257.0,,22838.323,52682.92
Fe,I,335.15216,335.15214,1170.0,1570000.0,17726.988,47555.61
Fe,I,335.17438,335.174378,2040.0,2190000.0,21999.13,51825.773
Fe,I,335.32601,335.326,510.0,409000.0,19621.006,49434.163
Fe,I,335.40591,335.40591,1260.0,13400000.0,23051.75,52857.804
Fe,I,335.52275,335.52276,5800.0,25900000.0,26627.609,56423.283
Fe,I,335.63123,335.631941,,,7376.764,37162.746
Fe,I,335.64012,335.63996,,,29320.026,59105.296
Fe,I,335.64012,335.640078,,1560000.0,18378.186,48163.446
Fe,I,335.66829,335.668365,331.0,,24574.655,54357.405
Fe,I,335.94861,335.948591,1170.0,,6928.268,36686.176
Fe,I,335.98086,335.98083,540.0,,26627.609,56382.662
Fe,I,336.09246,336.09261,288.0,,19552.478,49297.635
Fe,I,336.19484,336.194934,302.0,,22946.816,52682.92
Fe,I,336.22679,336.226696,288.0,,24118.819,53852.114
Fe,I,336.42609,336.42634,209.0,,25091.599,54807.25
Fe,I,336.67852,336.67854,5600.0,,21715.732,51409.124
Fe,I,336.68637,336.686401,5100.0,,17726.988,47419.687
Fe,I,336.71538,336.715387,680.0,,19552.478,49242.621
Fe,I,336.72159,336.72166,,,27394.691,57084.281
Fe,I,336.91388,336.913887,324.0,,19788.251,49460.902
Fe,I,336.95471,336.95471,18600.0,21500000.0,21999.13,51668.186
Fe,I,337.07832,337.078304,34700.0,28900000.0,21715.732,51373.91
Fe,I,337.20736,337.207344,2240.0,1300000.0,17550.181,47197.01
Fe,I,337.23436,337.23428,257.0,,24118.819,53763.28
Fe,I,337.3871,337.38694,,282000.0,21999.13,51630.178
Fe,I,337.41918,337.419054,1230.0,,17927.382,47555.61
Fe,I,337.64908,337.6489,191.0,,29469.024,59077.084
Fe,I,337.86787,337.867868,9300.0,,21715.732,51304.604
Fe,I,337.87329,337.873269,510.0,,18378.186,47966.585
Fe,I,337.90177,337.901774,6200.0,4590000.0,17550.181,47136.084
Fe,I,338.01098,338.010987,14800.0,16600000.0,22249.429,51825.773
Fe,I,338.07466,338.07481,200.0,,24772.018,54342.779
Fe,I,338.13337,338.13335,417.0,2710000.0,22946.816,52512.457
Fe,I,338.24018,338.240187,3470.0,797000.0,17550.181,47106.484
Fe,I,338.36914,338.369144,5800.0,8330000.0,17726.988,47272.027
Fe,I,338.39788,338.397871,18200.0,6520000.0,17550.181,47092.712
Fe,I,338.54358,338.54355,720.0,,23783.619,53313.438
Fe,I,338.74053,338.740537,3720.0,,22249.429,51762.076
Fe,I,338.7617,338.76175,,,29469.024,58979.823
Fe,I,338.7617,338.76188,,,27559.583,57070.371
Fe,I,338.86187,338.861813,540.0,,24335.766,53837.851
Fe,I,338.97416,338.974187,1950.0,,17927.382,47419.687
Fe,I,339.20093,339.20094,1550.0,,24335.766,53808.356
Fe,I,339.2305,339.2304,,,27559.583,57029.614
Fe,I,339.2305,339.230502,,9930000.0,17726.988,47197.01
Fe,I,339.26521,339.265213,36300.0,18800000.0,17550.181,47017.188
Fe,I,339.33773,339.33776,630.0,,23051.75,52512.457
Fe,I,339.39134,339.39127,347.0,,29056.324,58512.387
Fe,I,339.40772,339.407721,890.0,482000.0,19788.251,49242.886
Fe,I,339.45829,339.458304,6500.0,8700000.0,17726.988,47177.234
Fe,I,339.63764,339.637757,219.0,,7728.06,37162.746
Fe,I,339.69753,339.69754,2630.0,433000.0,7728.06,37157.566
Fe,I,339.72035,339.72054,288.0,,24335.766,53763.28
Fe,I,339.75513,339.75518,324.0,,24338.767,53763.28
Fe,I,339.7638,339.763764,398.0,129000.0,7985.785,37409.555
Fe,I,339.82167,339.82166,550.0,615000.0,22249.429,51668.186
Fe,I,339.9228,339.92292,1290.0,,21999.13,51409.124
Fe,I,339.93329,339.933299,38900.0,27600000.0,17726.988,47136.084
Fe,I,340.15185,340.151837,7900.0,719000.0,7376.764,36766.966
Fe,I,340.2256,340.22556,,21900000.0,26105.908,55489.742
Fe,I,340.32898,340.32895,930.0,3980000.0,22838.323,52213.23
Fe,I,,340.364817,,0.18,0.0,29371.812
Fe,I,340.427,340.427,3240.0,302000.0,8154.714,37521.161
Fe,I,340.43006,340.430084,7100.0,,21999.13,51365.311
Fe,I,340.43537,340.435382,31600.0,10900000.0,17726.988,47092.712
Fe,I,340.58312,340.58312,2950.0,,21715.732,51068.718
Fe,I,340.64364,340.64368,3020.0,27000000.0,26406.465,55754.233
Fe,I,340.67992,340.679933,14800.0,20800000.0,17927.382,47272.027
Fe,I,340.6832,340.68338,,,29732.736,59077.084
Fe,I,340.74594,340.745937,145000.0,60900000.0,17550.181,46889.142
Fe,I,340.75315,340.753196,2750.0,1880000.0,17550.181,46888.517
Fe,I,340.95879,340.958801,269.0,,19788.251,49108.896
Fe,I,341.00275,341.002694,680.0,,24574.655,53891.526
Fe,I,341.0169,341.0169,3890.0,50700000.0,27543.003,56858.653
Fe,I,341.0895,341.089479,740.0,31000.0,7376.764,36686.176
Fe,I,341.11255,341.11255,1550.0,,21715.732,51023.162
Fe,I,341.13529,341.135315,7400.0,6000000.0,21999.13,51304.604
Fe,I,341.31321,341.313213,62000.0,32300000.0,17726.988,47017.188
Fe,I,341.5531,341.553111,7200.0,4640000.0,17927.382,47197.01
Fe,I,341.6046,341.60478,870.0,,27166.82,56432.021
Fe,I,341.62798,341.628186,680.0,,24574.655,53837.851
Fe,I,341.7256,341.725756,540.0,,8154.714,37409.555
Fe,I,341.78403,341.784044,31600.0,40100000.0,17927.382,47177.234
Fe,I,341.8164,341.81636,580.0,,29732.736,58979.823
Fe,I,341.85069,341.8507,21900.0,98800000.0,17927.382,47171.531
Fe,I,341.91448,341.914455,407.0,,24118.819,53357.515
Fe,I,341.96937,341.96933,950.0,,22946.816,52180.82
Fe,I,342.24922,342.24925,5100.0,,24574.655,53784.75
Fe,I,342.26557,342.265573,19500.0,13800000.0,17927.382,47136.084
Fe,I,342.42842,342.428418,31600.0,16100000.0,17550.181,46744.993
Fe,I,342.501,342.501,,25700000.0,24574.655,53763.28
Fe,I,342.63241,342.632491,2690.0,4520000.0,18378.186,47555.61
Fe,I,342.6382,342.637928,,999000.0,7985.785,37162.746
Fe,I,342.6382,342.638727,,,17550.181,46727.074
Fe,I,342.66278,342.662792,12900.0,19400000.0,17726.988,46901.832
Fe,I,342.66656,342.66657,3800.0,10700000.0,26351.04,55525.562
Fe,I,342.69877,342.698772,1380.0,283000.0,7985.785,37157.566
Fe,I,342.71193,342.71193,138000.0,50400000.0,17550.181,46720.842
Fe,I,342.80095,342.80094,363.0,,26627.609,55790.696
Fe,I,342.81924,342.819254,25700.0,17100000.0,17726.988,46888.517
Fe,I,342.8748,342.87486,,,29056.324,58213.124
Fe,I,343.18114,343.181152,2240.0,5530000.0,22838.323,51969.101
Fe,I,343.18425,343.18445,417.0,,26623.735,55754.233
Fe,I,343.35677,343.356732,2510.0,,22249.429,51365.311
Fe,I,343.70443,343.704486,3160.0,,24574.655,53661.079
Fe,I,343.79486,343.79485,2040.0,,26351.04,55429.819
Fe,I,343.83063,343.83058,1320.0,,29056.324,58132.081
Fe,I,343.90355,343.90355,2820.0,,21999.13,51068.718
Fe,I,343.98681,343.98683,1700.0,,29056.324,58118.875
Fe,I,344.06057,344.060547,1350000.0,17100000.0,0.0,29056.324
Fe,I,344.09885,344.098835,1290000.0,12400000.0,415.933,29469.024
Fe,I,344.2139,344.21409,,,29469.024,58512.387
Fe,I,344.23616,344.236163,12000.0,4550000.0,18378.186,47419.687
Fe,I,344.26688,344.266926,3020.0,175000.0,7728.06,36766.966
Fe,I,344.29722,344.29737,650.0,,24772.018,53808.356
Fe,I,344.38763,344.387624,620000.0,7920000.0,704.007,29732.736
Fe,I,344.51489,344.514901,46800.0,23400000.0,17726.988,46744.993
Fe,I,344.57643,344.57634,1120.0,,29469.024,58481.855
Fe,I,344.67866,344.678575,324.0,,21038.987,50043.213
Fe,I,344.72779,344.727782,16200.0,10700000.0,17726.988,46727.074
Fe,I,344.87813,344.878058,363.0,,22838.323,51825.773
Fe,I,345.03279,345.032799,16200.0,23400000.0,17927.382,46901.832
Fe,I,345.16132,345.16134,2190.0,5080000.0,19552.478,48516.138
Fe,I,345.19142,345.191434,16200.0,11300000.0,17927.382,46888.517
Fe,I,345.22744,345.227423,23400.0,749000.0,7728.06,36686.176
Fe,I,,345.254094,,0.052,415.933,29371.812
Fe,I,345.30201,345.30202,6000.0,,22249.429,51201.289
Fe,I,,345.433856,,0.021,415.933,29356.744
Fe,I,345.6244,345.62449,468.0,,24772.018,53696.867
Fe,I,345.70867,345.70858,790.0,,29056.324,57974.137
Fe,I,345.83031,345.83031,5200.0,29200000.0,19552.478,48460.113
Fe,I,345.94262,345.94261,2400.0,1450000.0,21715.732,50613.983
Fe,I,345.99138,345.99141,3800.0,21700000.0,24335.766,53229.941
Fe,I,,345.995412,,477000.0,18378.186,47272.027
Fe,I,346.23518,346.235211,1260.0,,17726.988,46600.818
Fe,I,346.33026,346.330151,550.0,150000.0,11976.239,40842.154
Fe,I,346.49105,346.49109,363.0,,20874.482,49726.99
Fe,I,346.58604,346.586035,870000.0,11900000.0,888.132,29732.736
Fe,I,346.62827,346.628,550.0,95000.0,19390.168,48231.28
Fe,I,346.64985,346.649828,2820.0,124000.0,6928.268,35767.564
Fe,I,346.68925,346.689247,2510.0,,20641.11,49477.127
Fe,I,346.88442,346.884432,5100.0,2610000.0,20641.11,49460.902
Fe,I,346.90117,346.9012,3470.0,8580000.0,26627.609,55446.008
Fe,I,346.98303,346.983029,2510.0,2190000.0,21038.987,49850.59
Fe,I,347.12654,347.126539,6300.0,3980000.0,17927.382,46727.074
Fe,I,347.13429,347.134301,5400.0,7360000.0,18378.186,47177.234
Fe,I,347.32968,347.329542,1050.0,,24574.655,53357.515
Fe,I,347.36839,347.36827,309.0,,29732.736,58512.387
Fe,I,347.545,347.544997,1200000.0,9750000.0,704.007,29469.024
Fe,I,347.56514,347.565068,5600.0,8610000.0,17550.181,46313.537
Fe,I,347.58631,347.586325,1740.0,,19621.006,48382.603
Fe,I,347.63442,347.63442,1000.0,27000000.0,29056.324,57813.942
Fe,I,347.67016,347.670157,490000.0,5720000.0,978.074,29732.736
Fe,I,347.68541,347.685393,4570.0,3210000.0,20874.482,49627.884
Fe,I,347.70035,347.700352,1200.0,,19552.478,48304.643
Fe,I,347.78506,347.78511,2190.0,,17927.382,46672.54
Fe,I,347.83695,347.836928,710.0,,19621.006,48361.882
Fe,I,347.86226,347.86226,2690.0,,24574.655,53313.438
Fe,I,347.96771,347.96793,282.0,,28819.954,57550.01
Fe,I,348.03372,348.033396,324.0,,26140.179,54864.831
Fe,I,348.15633,348.156131,309.0,,18378.186,47092.712
Fe,I,348.30069,348.300698,3310.0,145000.0,7376.764,36079.372
Fe,I,348.48503,348.48492,1120.0,134000.0,19788.251,48475.686
Fe,I,348.4978,348.497873,,1840000.0,19552.478,48238.847
Fe,I,348.534,348.53403,5900.0,13000000.0,17726.988,46410.381
Fe,I,348.65515,348.655065,680.0,,17927.382,46600.818
Fe,I,,348.723551,,0.037,704.007,29371.812
Fe,I,,348.723551,,0.002,704.007,29371.812
Fe,I,,348.906944,,0.083,704.007,29356.744
Fe,I,348.94114,348.9412,580.0,,24118.819,52768.743
Fe,I,348.96675,348.96673,6200.0,7470000.0,23783.619,52431.447
Fe,I,349.05738,349.057352,1320000.0,6140000.0,415.933,29056.324
Fe,I,349.07436,349.074282,1230.0,,18378.186,47017.188
Fe,I,349.32803,349.32811,540.0,94000.0,11976.239,40594.432
Fe,I,349.3689,349.368776,,,24338.767,52953.629
Fe,I,349.3689,349.36889,,859000.0,21999.13,50613.983
Fe,I,349.52865,349.528625,17400.0,9460000.0,20641.11,49242.886
Fe,I,349.70028,349.70014,560.0,,21999.13,50586.878
Fe,I,349.71031,349.710322,15100.0,9020000.0,17550.181,46137.097
Fe,I,349.7148,349.714811,2950.0,4290000.0,17726.988,46313.537
Fe,I,349.78403,349.784032,479000.0,3080000.0,888.132,29469.024
Fe,I,349.78867,349.78847,1660.0,,24335.766,52916.295
Fe,I,349.79593,349.796014,980.0,,25899.989,54479.902
Fe,I,350.05645,350.05647,3800.0,5280000.0,20874.482,49433.131
Fe,I,350.15673,350.15678,380.0,,29732.736,58283.204
Fe,I,350.4861,350.486058,1910.0,2940000.0,18378.186,46901.832
Fe,I,350.50583,350.50582,2290.0,17700000.0,24335.766,52857.804
Fe,I,350.64975,350.649748,10500.0,7350000.0,18378.186,46888.517
Fe,I,350.658,350.658013,650.0,,23244.838,51754.497
Fe,I,350.84743,350.84739,4570.0,6460000.0,24118.819,52613.09
Fe,I,350.8518,350.851796,3310.0,2070000.0,20641.11,49135.023
Fe,I,350.91186,350.911785,407.0,500000.0,22845.869,51334.911
Fe,I,350.97256,350.97251,620.0,,23270.384,51754.497
Fe,I,350.98614,350.98624,790.0,1700000.0,17927.382,46410.381
Fe,I,351.04388,351.04388,3020.0,6240000.0,20037.816,48516.138
Fe,I,,351.163618,,0.07,888.132,29356.744
Fe,I,351.17375,351.173808,660.0,250000.0,20641.11,49108.896
Fe,I,351.22253,351.222444,1100.0,2510000.0,22996.674,51460.518
Fe,I,351.29541,351.29552,910.0,,24772.018,53229.941
Fe,I,351.30529,351.305472,930.0,380000.0,12560.934,41018.051
Fe,I,351.38177,351.381746,191000.0,3400000.0,6928.268,35379.208
Fe,I,351.4627,351.462761,2240.0,472000.0,19390.168,47834.55
Fe,I,,351.617137,,0.1,888.132,29320.026
Fe,I,351.64087,351.64086,3090.0,3600000.0,24338.767,52768.743
Fe,I,351.65572,351.655641,1410.0,6820000.0,23110.939,51539.72
Fe,I,351.86826,351.868262,1260.0,2350000.0,23192.5,51604.103
Fe,I,351.88694,351.886766,1260.0,851000.0,17726.988,46137.097
Fe,I,352.00228,352.00229,520.0,,26406.465,54807.25
Fe,I,352.08463,352.08463,1150.0,1500000.0,21038.987,49433.131
Fe,I,352.1261,352.126097,,6140000.0,7376.764,35767.564
Fe,I,352.18366,352.183719,2510.0,3510000.0,17927.382,46313.537
Fe,I,352.22678,352.22679,3800.0,5030000.0,22845.869,51228.553
Fe,I,352.28973,352.289932,1230.0,3510000.0,23192.5,51570.097
Fe,I,352.31746,352.317445,339.0,,26224.969,54600.35
Fe,I,352.33084,352.33084,1480.0,10600000.0,23192.5,51566.802
Fe,I,352.40739,352.40739,12600.0,9900000.0,20874.482,49242.621
Fe,I,352.42395,352.423938,10000.0,5040000.0,18378.186,46744.993
Fe,I,352.45186,352.45193,790.0,,22249.429,50613.983
Fe,I,352.58533,352.585389,1660.0,,22996.674,51350.492
Fe,I,352.60406,352.604056,339000.0,1140000.0,704.007,29056.324
Fe,I,352.61656,352.616556,100000.0,4140000.0,7728.06,36079.372
Fe,I,352.62377,352.623782,9100.0,17000000.0,23110.939,51461.67
Fe,I,352.63811,352.638112,17000.0,41300000.0,23110.939,51460.518
Fe,I,352.64672,352.646707,20000.0,12900000.0,18378.186,46727.074
Fe,I,352.66743,352.667458,15100.0,52600000.0,23192.5,51539.72
Fe,I,,352.733011,,0.089,978.074,29320.026
Fe,I,352.77926,352.779254,12000.0,21700000.0,22996.674,51334.911
Fe,I,352.78895,352.78906,620.0,,22249.429,50586.878
Fe,I,352.82382,352.823579,288.0,,19788.251,48122.928
Fe,I,352.9524,352.95231,850.0,,24574.655,52898.998
Fe,I,352.98196,352.98196,11700.0,77500000.0,23244.838,51566.802
Fe,I,353.03865,353.038663,4680.0,4650000.0,22650.416,50967.831
Fe,I,353.14376,353.143721,850.0,665000.0,19621.006,47929.997
Fe,I,353.25688,353.25689,1480.0,,26406.465,54706.387
Fe,I,353.30064,353.30064,12900.0,85200000.0,23270.384,51566.802
Fe,I,353.31979,353.319818,24500.0,82500000.0,23244.838,51539.72
Fe,I,353.4525,353.45247,,2200000.0,28819.954,57104.217
Fe,I,353.4525,353.45255,,,29356.744,57641.001
Fe,I,353.4906,353.490503,560.0,110000.0,12560.934,40842.154
Fe,I,353.65556,353.655599,39800.0,99500000.0,23192.5,51460.518
Fe,I,353.74918,353.749169,3470.0,2270000.0,20874.482,49135.023
Fe,I,353.77288,353.77287,10500.0,13300000.0,21038.987,49297.635
Fe,I,353.78947,353.789469,8900.0,8000000.0,22845.869,51103.191
Fe,I,353.82513,353.82514,780.0,,22946.816,51201.289
Fe,I,353.8553,353.85543,324.0,,20037.816,48289.871
Fe,I,353.8782,353.87845,479.0,,28819.954,57070.171
Fe,I,354.01209,354.012088,7200.0,9480000.0,23110.939,51350.492
Fe,I,354.07094,354.070918,4570.0,245000.0,7376.764,35611.625
Fe,I,354.08006,354.08,3890.0,,19621.006,47855.143
Fe,I,354.10831,354.108318,60000.0,86500000.0,22996.674,51228.553
Fe,I,354.20754,354.207525,52000.0,95100000.0,23110.939,51334.911
Fe,I,354.22432,354.224343,3470.0,,18378.186,46600.818
Fe,I,354.33849,354.338447,2140.0,488000.0,19621.006,47834.55
Fe,I,354.36746,354.36751,3470.0,16000000.0,27543.003,55754.233
Fe,I,354.46296,354.462956,2950.0,1600000.0,21038.987,49242.621
Fe,I,354.56397,354.563971,9800.0,20500000.0,22996.674,51192.273
Fe,I,354.58305,354.58297,1200.0,,24574.655,52768.743
Fe,I,354.62051,354.620407,890.0,,19621.006,47812.118
Fe,I,354.7194,354.71937,2190.0,7130000.0,26627.609,54810.856
Fe,I,354.80204,354.80191,1550.0,,24335.766,52512.457
Fe,I,354.98646,354.986433,830.0,610000.0,12968.554,41130.599
Fe,I,355.21058,355.21055,1450.0,4800000.0,24772.018,52916.295
Fe,I,355.24247,355.242496,417.0,,19788.251,47929.997
Fe,I,355.28277,355.282821,4900.0,17400000.0,23192.5,51331.052
Fe,I,355.28549,355.28547,1320.0,5910000.0,25091.599,53229.941
Fe,I,355.37383,355.37382,21900.0,109000000.0,28819.954,56951.301
Fe,I,355.4118,355.411785,10700.0,657000.0,7728.06,35856.402
Fe,I,355.4501,355.450138,,9870000.0,23244.838,51370.145
Fe,I,355.4643,355.46428,520.0,,26406.465,54530.653
Fe,I,355.49243,355.492419,110000.0,140000000.0,22845.869,50967.831
Fe,I,355.5448,355.54491,407.0,,26224.969,54342.779
Fe,I,355.66803,355.668045,1510.0,3150000.0,23110.939,51219.015
Fe,I,355.68776,355.687773,38000.0,41000000.0,22996.674,51103.191
Fe,I,355.8412,355.84105,380.0,,24118.819,52213.23
Fe,I,355.85148,355.851482,380000.0,17700000.0,7985.785,36079.372
Fe,I,355.9503,355.95033,3980.0,22000000.0,24772.018,52857.804
Fe,I,356.06965,356.069691,3160.0,7400000.0,26224.969,54301.34
Fe,I,356.4515,356.451489,2240.0,250000.0,19788.251,47834.55
Fe,I,356.45567,356.45567,2090.0,639000.0,19788.251,47834.221
Fe,I,356.53787,356.537873,760000.0,42900000.0,7728.06,35767.564
Fe,I,356.55811,356.558156,11500.0,,23110.939,51148.848
Fe,I,356.63095,356.63084,600.0,3300000.0,18378.186,46410.381
Fe,I,356.65803,356.658003,1070.0,,19390.168,47420.228
Fe,I,356.70309,356.703117,3890.0,8340000.0,23192.5,51219.015
Fe,I,356.73688,356.736823,1950.0,471000.0,19788.251,47812.118
Fe,I,356.84322,356.843393,930.0,5320000.0,23192.5,51207.998
Fe,I,356.88231,356.882273,2690.0,6720000.0,26224.969,54237.415
Fe,I,356.89742,356.89741,6800.0,4640000.0,21715.732,49726.99
Fe,I,357.001,357.000977,10700.0,6030000.0,19552.478,47555.61
Fe,I,357.00975,357.009748,,67600000.0,7376.764,35379.208
Fe,I,357.02539,357.02541,138000.0,,22650.416,50651.632
Fe,I,357.12254,357.122363,1700.0,230000.0,11976.239,39969.853
Fe,I,357.1995,357.199499,20000.0,28900000.0,22845.869,50833.438
Fe,I,357.25903,357.259037,1550.0,3310000.0,22996.674,50979.579
Fe,I,357.33934,357.339362,2750.0,10500000.0,26623.735,54600.35
Fe,I,357.38289,357.38288,17000.0,2410000.0,19390.168,47363.376
Fe,I,357.38884,357.388852,13800.0,57300000.0,26627.609,54600.35
Fe,I,357.4244,357.42431,,,26479.381,54449.347
Fe,I,357.51133,357.511307,2240.0,16000000.0,23244.838,51207.998
Fe,I,357.52449,357.524502,4370.0,7430000.0,22845.869,50807.997
Fe,I,357.53697,357.53696,9300.0,30600000.0,24335.766,52296.92
Fe,I,357.59772,357.597629,2750.0,,23192.5,51148.91
Fe,I,357.67584,357.675803,4790.0,8800000.0,26351.04,54301.34
Fe,I,357.83822,357.83822,1480.0,7820000.0,23270.384,51207.998
Fe,I,357.8676,357.867211,500.0,1800000.0,18378.186,46313.537
Fe,I,358.11928,358.11928,,102000000.0,6928.268,34843.957
Fe,I,358.16465,358.164658,4370.0,3210000.0,21715.732,49627.884
Fe,I,358.18073,358.180699,2290.0,8680000.0,24772.018,52682.92
Fe,I,358.21996,358.21995,23400.0,23500000.0,26105.908,54013.752
Fe,I,358.23199,358.23183,980.0,,26623.735,54530.653
Fe,I,358.2564,358.256612,560.0,244000.0,19788.251,47693.239
Fe,I,358.26831,358.268373,850.0,,23244.838,51148.91
Fe,I,358.36815,358.368241,690.0,,26479.381,54375.677
Fe,I,358.46592,358.46592,62000.0,32900000.0,21715.732,49604.427
Fe,I,358.47855,358.478629,4790.0,15600000.0,23110.939,50998.645
Fe,I,358.49574,358.49574,23400.0,67400000.0,26351.04,54237.415
Fe,I,358.51895,358.51898,2570.0,3190000.0,23783.619,51668.186
Fe,I,358.53187,358.531869,288000.0,11700000.0,7728.06,35611.625
Fe,I,358.57051,358.570513,166000.0,3750000.0,7376.764,35257.324
Fe,I,358.60039,358.60044,479.0,,31937.325,59815.558
Fe,I,358.61124,358.61135,50000.0,70200000.0,26105.908,53983.293
Fe,I,358.6738,358.673845,,3620000.0,22650.416,50522.944
Fe,I,358.69845,358.698438,269000.0,16600000.0,7985.785,35856.402
Fe,I,358.7239,358.723885,5600.0,7730000.0,23110.939,50979.579
Fe,I,358.74228,358.742306,9300.0,,19552.478,47419.687
Fe,I,358.775156,,8700.0,,,
Fe,I,358.85262,358.852642,1860.0,7210000.0,23711.456,51570.097
Fe,I,358.8609,358.860886,9800.0,11900000.0,22845.869,50703.87
Fe,I,358.89176,358.891728,4680.0,21500000.0,23192.5,51048.107
Fe,I,358.91048,358.910463,27500.0,361000.0,6928.268,34782.421
Fe,I,358.94517,358.945168,11200.0,10500000.0,21999.13,49850.59
Fe,I,358.96052,358.960351,650.0,928000.0,24118.819,51969.101
Fe,I,359.00837,359.00834,1700.0,923000.0,23783.619,51630.178
Fe,I,359.13491,359.134673,1860.0,780000.0,22996.674,50833.438
Fe,I,359.14838,359.14831,690.0,6300000.0,26550.479,54386.186
Fe,I,359.24699,359.247096,760.0,220000.0,20874.482,48702.535
Fe,I,359.26747,359.267365,930.0,4300000.0,26140.179,53966.662
Fe,I,359.2892,359.289367,398.0,,17726.988,45551.767
Fe,I,359.33225,359.33245,1260.0,,26339.696,54161.139
Fe,I,359.4632,359.463208,18200.0,31400000.0,22996.674,50807.997
Fe,I,359.53011,359.530148,2290.0,8210000.0,23192.5,50998.645
Fe,I,359.58643,359.586378,1170.0,414000.0,19788.251,47590.048
Fe,I,359.61957,359.619686,1950.0,432000.0,19621.006,47420.228
Fe,I,359.70209,359.702073,550.0,18000000.0,26339.696,54132.551
Fe,I,359.70523,359.70522,2040.0,,26224.969,54017.581
Fe,I,359.8717,359.871779,950.0,3100000.0,26224.969,54004.718
Fe,I,359.8929,359.892871,339.0,,26479.381,54257.502
Fe,I,359.89791,359.89803,457.0,,23270.384,51048.107
Fe,I,359.96249,359.96249,4680.0,23300000.0,28819.954,56592.703
Fe,I,360.20825,360.208167,1320.0,3200000.0,23244.838,50998.645
Fe,I,360.24619,360.2462,2950.0,10200000.0,23110.939,50861.816
Fe,I,360.25252,360.252548,5900.0,21200000.0,23110.939,50861.327
Fe,I,360.27645,360.27635,437.0,,22838.323,50586.878
Fe,I,360.30884,360.30895,380.0,,27559.583,55305.627
Fe,I,360.32033,360.320302,49000.0,25900000.0,21715.732,49460.902
Fe,I,360.35672,360.35667,850.0,,19621.006,47363.376
Fe,I,360.36808,360.368062,870.0,455000.0,20641.11,48382.603
Fe,I,360.38177,360.38175,3390.0,17000000.0,24772.018,52512.457
Fe,I,360.39412,360.394253,590.0,,27394.691,55134.168
Fe,I,360.43713,360.43717,1000.0,,23244.838,50981.012
Fe,I,360.5201,360.520077,,,26627.609,54357.405
Fe,I,360.54525,360.54525,68000.0,46600000.0,21999.13,49726.99
Fe,I,360.55004,360.550035,15800.0,21200000.0,22650.416,50377.908
Fe,I,360.63757,360.637441,780.0,173000.0,20641.11,48361.882
Fe,I,360.65332,360.653353,1820.0,3160000.0,19552.478,47272.027
Fe,I,360.65995,360.65992,1230.0,,26623.735,54342.779
Fe,I,360.66791,360.6679,191000.0,82900000.0,21715.732,49434.163
Fe,I,360.81414,360.814151,4900.0,6220000.0,22996.674,50703.87
Fe,I,360.8174,360.817303,660.0,,24118.819,51825.773
Fe,I,360.88591,360.885895,720000.0,81300000.0,8154.714,35856.402
Fe,I,360.93364,360.933805,1070.0,,27166.82,54864.831
Fe,I,361.01588,361.015895,56000.0,59000000.0,22650.416,50342.129
Fe,I,361.02783,361.027851,810.0,,26140.179,53830.975
Fe,I,361.06944,361.0695,2190.0,10500000.0,23192.5,50880.102
Fe,I,361.20684,361.206836,11000.0,11100000.0,22845.869,50522.944
Fe,I,361.2936,361.292668,,,17550.181,45220.681
Fe,I,361.2936,361.293947,,,12560.934,40231.336
Fe,I,361.31445,361.314514,1070.0,3390000.0,23192.5,50861.327
Fe,I,361.3443,361.34416,,7000000.0,26224.969,53891.526
Fe,I,361.3443,361.34437,,,26351.04,54017.581
Fe,I,361.36059,361.360592,1320.0,,26623.735,54289.034
Fe,I,361.37157,361.371473,520.0,,19788.251,47452.717
Fe,I,361.4112,361.411202,1620.0,,26627.609,54289.034
Fe,I,361.45554,361.45557,1910.0,,31307.245,58965.275
Fe,I,361.47119,361.47116,1700.0,,26224.969,53881.806
Fe,I,361.47721,361.477184,1070.0,2670000.0,24180.862,51837.238
Fe,I,361.51909,361.519093,760.0,6100000.0,26479.381,54132.551
Fe,I,,361.56623,,112000.0,11976.239,39625.804
Fe,I,361.61481,361.614896,1000.0,,25899.989,53545.833
Fe,I,361.63197,361.632059,1350.0,686000.0,19552.478,47197.01
Fe,I,361.6565,361.65652,1740.0,,31322.613,58965.275
Fe,I,361.74261,361.7429,650.0,,26406.465,54042.527
Fe,I,361.77858,361.778596,36300.0,70900000.0,24335.766,51969.101
Fe,I,361.79625,361.796376,468.0,,19788.251,47420.228
Fe,I,361.82987,361.829873,4370.0,4890000.0,22845.869,50475.288
Fe,I,361.8386,361.83798,690.0,,26140.179,53768.979
Fe,I,361.8386,361.838582,,8880000.0,21999.13,49627.884
Fe,I,361.85968,361.859656,3020.0,,26224.969,53852.114
Fe,I,361.87677,361.87675,830000.0,72200000.0,7985.785,35611.625
Fe,I,361.88123,361.88114,3720.0,,23783.619,51409.124
Fe,I,361.97685,361.976819,2000.0,281000.0,19390.168,47008.371
Fe,I,362.024,362.02422,520.0,1300000.0,22996.674,50611.261
Fe,I,362.04654,362.046574,1620.0,,26224.969,53837.851
Fe,I,362.1196,362.119504,380.0,,26140.179,53747.5
Fe,I,362.14604,362.14605,85000.0,44500000.0,21999.13,49604.427
Fe,I,362.17188,362.17188,3470.0,10700000.0,28819.954,56423.283
Fe,I,362.20031,362.200323,54000.0,51400000.0,22249.429,49850.59
Fe,I,362.31858,362.31859,50000.0,6680000.0,19390.168,46982.32
Fe,I,362.34463,362.344616,9500.0,1150000.0,20641.11,48231.28
Fe,I,362.37728,362.377308,2950.0,,23110.939,50698.62
Fe,I,362.40618,362.405907,1260.0,,26339.696,53925.2
Fe,I,362.43077,362.430844,1260.0,1020000.0,19552.478,47136.084
Fe,I,362.51415,362.514143,6600.0,8150000.0,22845.869,50423.137
Fe,I,362.7056,362.70565,930.0,1980000.0,28819.954,56382.662
Fe,I,362.80914,362.80915,1510.0,576000.0,17726.988,45281.833
Fe,I,362.88103,362.88129,510.0,350000.0,24118.819,51668.186
Fe,I,363.03475,363.034738,4900.0,10400000.0,22996.674,50534.397
Fe,I,363.10968,363.109689,15500.0,21500000.0,22845.869,50377.908
Fe,I,363.1264,363.12648,1350.0,,26351.04,53881.806
Fe,I,363.14629,363.146292,1150000.0,51700000.0,7728.06,35257.324
Fe,I,363.20386,363.20384,20000.0,67400000.0,24772.018,52296.92
Fe,I,363.25551,363.255538,8300.0,5690000.0,23783.619,51304.604
Fe,I,363.29767,363.29766,5000.0,6060000.0,20037.816,47555.61
Fe,I,363.30688,363.306866,2820.0,3540000.0,23711.456,51228.553
Fe,I,363.38266,363.38264,2400.0,1580000.0,24118.819,51630.178
Fe,I,363.3885,363.38844,447.0,,26623.735,54134.655
Fe,I,363.41879,363.41876,,,26224.969,53733.594
Fe,I,363.41879,363.41886,,,31322.613,58831.23
Fe,I,363.43275,363.432842,4680.0,10500000.0,23711.456,51219.015
Fe,I,363.43962,363.43962,1290.0,,26627.609,54134.655
Fe,I,363.4461,363.44611,240.0,,26406.465,53913.02
Fe,I,363.46967,363.4697,3800.0,,31307.245,58812.015
Fe,I,363.51849,363.518545,2690.0,,26351.04,53852.114
Fe,I,363.6161,363.616139,,978000.0,17726.988,45220.681
Fe,I,363.6161,363.616258,,,25899.989,53393.673
Fe,I,363.62233,363.62236,3630.0,22000000.0,28604.613,56097.836
Fe,I,363.64808,363.648069,1150.0,,26339.696,53830.975
Fe,I,363.66488,363.664896,2570.0,2970000.0,24335.766,51825.773
Fe,I,363.69939,363.699388,10500.0,1960000.0,20874.482,48361.882
Fe,I,363.70455,363.704601,510.0,,24338.767,51825.773
Fe,I,363.72484,363.724821,3800.0,898000.0,19621.006,47106.484
Fe,I,363.7734,363.773263,417.0,,20641.11,48122.928
Fe,I,363.78673,363.786514,4370.0,5900000.0,23711.456,51192.273
Fe,I,363.81576,363.81568,398.0,,22996.674,50475.288
Fe,I,363.82384,363.823849,1000.0,484000.0,21999.13,49477.127
Fe,I,363.82962,363.82962,33900.0,23600000.0,22249.429,49726.99
Fe,I,364.03883,364.03881,68000.0,35700000.0,21999.13,49460.902
Fe,I,364.3623,364.362292,,,23711.456,51148.848
Fe,I,364.37151,364.3715,10000.0,2610000.0,21038.987,48475.686
Fe,I,364.37935,364.379318,1480.0,,26224.969,53661.079
Fe,I,364.4585,364.458346,257.0,,20874.482,48304.643
Fe,I,364.47949,364.47946,1780.0,8300000.0,26140.179,53568.751
Fe,I,364.50745,364.507488,2450.0,2910000.0,22996.674,50423.137
Fe,I,364.54937,364.549412,3720.0,,24338.767,51762.076
Fe,I,364.58199,364.582,10500.0,48700000.0,25091.599,52512.457
Fe,I,,364.74081,,,12560.934,39969.853
Fe,I,364.74236,364.74237,6000.0,33800000.0,24772.018,52180.82
Fe,I,364.7843,364.784225,,29100000.0,7376.764,34782.421
Fe,I,364.7843,364.784265,,,26140.179,53545.833
Fe,I,364.93027,364.930251,16600.0,45000.0,0.0,27394.691
Fe,I,364.93329,364.933514,740.0,1310000.0,24574.655,51969.101
Fe,I,364.95061,364.950594,85000.0,39400000.0,21715.732,49108.896
Fe,I,365.00294,365.002947,8300.0,22600000.0,24180.862,51570.097
Fe,I,365.0279,365.02787,,6150000.0,19621.006,47008.371
Fe,I,365.10973,365.109607,630.0,772000.0,22996.674,50377.908
Fe,I,365.14667,365.146668,87000.0,58300000.0,22249.429,49627.884
Fe,I,365.37543,365.37543,3720.0,612000.0,19621.006,46982.32
Fe,I,365.39664,365.39686,510.0,,31322.613,58682.322
Fe,I,365.46738,365.467099,339.0,160000.0,17927.382,45281.833
Fe,I,365.53511,365.535211,479.0,,19552.478,46901.832
Fe,I,365.54647,365.546479,9300.0,11800000.0,22838.323,50186.834
Fe,I,365.62095,365.62096,2190.0,,26406.465,53749.405
Fe,I,365.6348,365.634907,240.0,,23192.5,50534.397
Fe,I,365.71327,365.713263,1860.0,1220000.0,19552.478,46888.517
Fe,I,365.78982,365.789779,1620.0,3230000.0,24506.917,51837.238
Fe,I,365.802,365.80185,720.0,563000.0,24338.767,51668.186
Fe,I,365.95166,365.951641,29500.0,6310000.0,19788.251,47106.484
Fe,I,365.97333,365.97333,630.0,,26406.465,53723.079
Fe,I,366.0326,366.032505,,,23110.939,50423.137
Fe,I,366.13632,366.136227,720.0,280000.0,19788.251,47092.712
Fe,I,366.28373,366.28365,1020.0,,31686.351,58979.823
Fe,I,366.32589,366.32615,1740.0,1110000.0,24118.819,51409.124
Fe,I,366.34511,366.345189,2000.0,1100000.0,20641.11,47929.997
Fe,I,366.396,366.39605,1740.0,,23783.619,51068.718
Fe,I,366.45371,366.453682,2690.0,4680000.0,24180.862,51461.67
Fe,I,366.46911,366.469158,1000.0,880000.0,24180.862,51460.518
Fe,I,366.6241,366.623984,,3870000.0,19621.006,46889.142
Fe,I,366.6241,366.624159,,,23711.456,50979.579
Fe,I,366.67667,366.67628,372.0,,27543.003,54807.25
Fe,I,366.72529,366.725284,3890.0,13000000.0,25899.989,53160.593
Fe,I,366.7986,366.79859,,,25899.989,53155.145
Fe,I,366.7986,366.799465,,,24118.819,51373.91
Fe,I,366.821,366.820959,,3200000.0,26140.179,53393.673
Fe,I,366.88919,366.888918,407.0,270000.0,20874.482,48122.928
Fe,I,366.91516,366.91523,7800.0,8030000.0,24118.819,51365.311
Fe,I,366.95209,366.952079,42700.0,23400000.0,21999.13,49242.886
Fe,I,367.00241,367.002435,6500.0,8600000.0,22946.816,50186.834
Fe,I,367.00881,367.00884,26300.0,7200000.0,23783.619,51023.162
Fe,I,367.08072,367.08069,1510.0,1830000.0,20037.816,47272.027
Fe,I,367.16876,367.168501,780.0,647000.0,22249.429,49477.127
Fe,I,367.27072,367.270722,2040.0,348000.0,19788.251,47008.371
Fe,I,367.3082,367.30828,760.0,,31937.325,59154.662
Fe,I,367.40404,367.404054,910.0,,26627.609,53837.851
Fe,I,367.44061,367.44068,1780.0,,26105.908,53313.438
Fe,I,367.47634,367.476335,3980.0,7910000.0,22838.323,50043.213
Fe,I,367.63107,367.631068,26900.0,4630000.0,20641.11,47834.55
Fe,I,367.68723,367.687277,690.0,2500000.0,24180.862,51370.145
Fe,I,367.73059,367.73056,7900.0,22800000.0,28604.613,55790.696
Fe,I,367.74536,367.74534,1660.0,,31307.245,58492.235
Fe,I,367.75035,367.75033,1170.0,,26623.735,53808.356
Fe,I,367.76274,367.76277,58000.0,60800000.0,22249.429,49433.131
Fe,I,367.88601,367.886005,7200.0,4590000.0,19552.478,46727.074
Fe,I,,367.899747,,722000.0,18378.186,45551.767
Fe,I,367.93459,367.934587,437.0,,20641.11,47812.118
Fe,I,367.99131,367.991309,910000.0,1380000.0,0.0,27166.82
Fe,I,368.03777,368.03786,720.0,,27543.003,54706.387
Fe,I,368.0657,368.065705,,,25899.989,53061.318
Fe,I,368.08094,368.08095,1450.0,,31805.071,58965.275
Fe,I,368.0939,368.09399,479.0,,31322.613,58481.855
Fe,I,368.1225,368.12247,1120.0,,26627.609,53784.75
Fe,I,368.16437,368.164385,790.0,1670000.0,24180.862,51334.911
Fe,I,368.21673,368.216716,2240.0,10400000.0,24180.862,51331.052
Fe,I,368.2244,368.22445,,150000000.0,28604.613,55754.233
Fe,I,368.30545,368.305437,62000.0,265000.0,415.933,27559.583
Fe,I,368.41074,368.410722,45700.0,29700000.0,21999.13,49135.023
Fe,I,368.41374,368.41374,3090.0,9290000.0,26627.609,53763.28
Fe,I,368.59969,368.599687,24000.0,33400000.0,23711.456,50833.438
Fe,I,368.62577,368.62578,4570.0,13000000.0,19552.478,46672.54
Fe,I,368.70969,368.709642,5600.0,1720000.0,17550.181,44664.075
Fe,I,368.74564,368.745628,355000.0,8000000.0,6928.268,34039.516
Fe,I,368.76578,368.765787,16200.0,7380000.0,21999.13,49108.896
Fe,I,368.84602,368.846062,2690.0,7300000.0,26224.969,53328.835
Fe,I,368.90766,368.90761,417.0,,26623.735,53723.079
Fe,I,368.93687,368.936992,1150.0,2620000.0,24506.917,51604.103
Fe,I,368.94579,368.945775,20900.0,37000000.0,23711.456,50807.997
Fe,I,369.04545,369.04547,1700.0,12200000.0,25091.599,52180.82
Fe,I,369.07264,369.07268,9100.0,29900000.0,28819.954,55907.178
Fe,I,369.26476,369.26479,1000.0,,26623.735,53696.867
Fe,I,369.3026,369.30265,,2040000.0,24338.767,51409.124
Fe,I,369.3777,369.377522,288.0,,12560.934,39625.804
Fe,I,369.40058,369.400589,30900.0,83500000.0,24506.917,51570.097
Fe,I,369.5051,369.50514,,,24574.655,51630.178
Fe,I,369.5051,369.505245,,20100000.0,20874.482,47929.997
Fe,I,369.55143,369.551496,500.0,161000.0,20641.11,47693.239
Fe,I,369.60299,369.603265,339.0,,19552.478,46600.818
Fe,I,369.74252,369.742522,8900.0,19400000.0,24180.862,51219.015
Fe,I,369.75357,369.753585,1660.0,,26623.735,53661.079
Fe,I,369.86026,369.860275,3800.0,3600000.0,24335.766,51365.311
Fe,I,369.91384,369.913924,1150.0,4900000.0,24335.766,51361.391
Fe,I,370.1086,370.108586,31600.0,63500000.0,24180.862,51192.273
Fe,I,370.20291,370.20292,5500.0,37000000.0,22946.816,49951.344
Fe,I,,370.247195,,,12968.554,39969.853
Fe,I,370.24917,370.24918,2950.0,413000.0,17550.181,44551.335
Fe,I,370.35476,370.35476,7800.0,3840000.0,22249.429,49242.886
Fe,I,370.3584,370.358396,3240.0,,22249.429,49242.621
Fe,I,370.36906,370.369071,5200.0,6310000.0,23711.456,50703.87
Fe,I,370.3821,370.382121,5600.0,10200000.0,23051.75,50043.213
Fe,I,370.40138,370.401402,1150.0,1700000.0,24772.018,51762.076
Fe,I,370.43496,370.43485,510.0,,26105.908,53093.529
Fe,I,370.4461,370.446079,34700.0,14200000.0,21715.732,48702.535
Fe,I,370.55658,370.556548,1290000.0,3210000.0,415.933,27394.691
Fe,I,370.56976,370.569776,1580.0,,26351.04,53328.835
Fe,I,370.70442,370.704566,13500.0,,24180.862,51148.848
Fe,I,370.73393,370.734109,980.0,,24338.767,51304.604
Fe,I,370.74563,370.745562,2240.0,799000.0,20641.11,47606.114
Fe,I,370.75614,370.75638,910.0,,31307.245,58271.462
Fe,I,370.78218,370.782181,81000.0,633000.0,704.007,27666.348
Fe,I,370.79196,370.791945,93000.0,33200000.0,17550.181,44511.812
Fe,I,370.86023,370.860172,1350.0,810000.0,20874.482,47831.153
Fe,I,370.92461,370.924612,398000.0,15600000.0,7376.764,34328.752
Fe,I,370.95335,370.95336,14500.0,,24118.819,51068.718
Fe,I,370.96651,370.966593,3020.0,951000.0,20641.11,47590.048
Fe,I,371.12224,371.12224,14100.0,3620000.0,20874.482,47812.118
Fe,I,371.1408,371.140799,4270.0,12800000.0,24772.018,51708.307
Fe,I,371.59113,371.591113,7600.0,2600000.0,18378.186,45281.833
Fe,I,371.64419,371.644188,19100.0,34900000.0,23711.456,50611.261
Fe,I,371.84062,371.840634,8500.0,5170000.0,22249.429,49135.023
Fe,I,371.99345,371.993444,,16200000.0,0.0,26874.55
Fe,I,372.11847,372.11844,2000.0,,24335.766,51201.289
Fe,I,372.1272,372.127166,,872000.0,17550.181,44415.074
Fe,I,372.1272,372.127236,,,26874.55,53739.438
Fe,I,372.13932,372.13932,2750.0,6720000.0,20037.816,46901.832
Fe,I,372.15025,372.150232,4900.0,19400000.0,24506.917,51370.145
Fe,I,372.16002,372.16001,6000.0,,24338.767,51201.289
Fe,I,372.20239,372.202343,1380.0,676000.0,22249.429,49108.896
Fe,I,372.22275,372.222909,510.0,,24772.018,51630.001
Fe,I,372.25627,372.256272,1290000.0,4970000.0,704.007,27559.583
Fe,I,372.43767,372.437686,40700.0,10400000.0,18378.186,45220.681
Fe,I,372.54906,372.54908,2570.0,1700000.0,24574.655,51409.124
Fe,I,372.68958,372.68966,2880.0,529000.0,17726.988,44551.335
Fe,I,372.69263,372.69261,11700.0,45700000.0,24506.917,51331.052
Fe,I,372.70922,372.709201,7800.0,17100000.0,23711.456,50534.397
Fe,I,372.75267,372.752838,490.0,,27559.583,54379.384
Fe,I,372.76188,372.761872,355000.0,22400000.0,7728.06,34547.211
Fe,I,372.76735,372.767349,5500.0,2200000.0,20874.482,47693.239
Fe,I,372.78089,372.780888,6500.0,19100000.0,24180.862,50998.645
Fe,I,372.86678,372.866759,5400.0,1300000.0,20641.11,47452.717
Fe,I,373.03861,373.038621,12900.0,9730000.0,24574.655,51373.91
Fe,I,373.04602,373.04611,2340.0,3090000.0,24180.862,50979.579
Fe,I,373.0946,373.0946,14800.0,3500000.0,21038.987,47834.221
Fe,I,373.13734,373.137327,7400.0,3370000.0,21038.987,47831.153
Fe,I,373.23961,373.23961,74000.0,26900000.0,17726.988,44511.812
Fe,I,373.31912,373.319141,1860.0,,20641.11,47420.228
Fe,I,373.33173,373.331716,1000000.0,6480000.0,888.132,27666.348
Fe,I,373.48636,373.486354,,90100000.0,6928.268,33695.397
Fe,I,373.53235,373.532365,17400.0,27000000.0,23711.456,50475.288
Fe,I,373.71313,373.713125,,14100000.0,415.933,27166.82
Fe,I,373.83049,373.83049,34700.0,34400000.0,26351.04,53093.529
Fe,I,373.85,373.85002,,,29356.744,56097.836
Fe,I,373.91156,373.911527,1510.0,451000.0,17927.382,44664.075
Fe,I,373.93139,373.93139,1660.0,530000.0,17550.181,44285.454
Fe,I,373.95229,373.952271,5900.0,,26623.735,53357.515
Fe,I,374.00588,374.005868,2000.0,,24574.655,51304.604
Fe,I,374.02392,374.023905,5400.0,13000000.0,26224.969,52953.629
Fe,I,374.14746,374.147398,339.0,,27666.348,54386.186
Fe,I,374.21403,374.21387,407.0,,31805.071,58520.163
Fe,I,374.25558,374.255813,500.0,,24506.917,51219.015
Fe,I,374.26163,374.261655,6900.0,6750000.0,23711.456,50423.137
Fe,I,374.29442,374.294613,427.0,,27666.348,54375.677
Fe,I,374.33619,374.336183,245000.0,26000000.0,7985.785,34692.148
Fe,I,374.3468,374.34677,26300.0,60500000.0,28819.954,55525.562
Fe,I,374.37763,374.377651,1320.0,355000.0,21999.13,48702.535
Fe,I,374.4102,374.41007,,,26105.908,52807.001
Fe,I,374.4102,374.410236,,31700000.0,24506.917,51207.998
Fe,I,374.54711,374.54708,10500.0,,26224.969,52916.295
Fe,I,374.5561,374.556086,2510000.0,11500000.0,704.007,27394.691
Fe,I,374.58993,374.58991,1100000.0,7320000.0,978.074,27666.348
Fe,I,374.64744,374.647495,1350.0,610000.0,17726.988,44411.16
Fe,I,374.69267,374.692683,9300.0,23300000.0,24180.862,50861.816
Fe,I,374.6996,374.69955,1170.0,,24180.862,50861.327
Fe,I,,374.820904,,,27394.691,54066.518
Fe,I,374.82619,374.826189,1910000.0,9150000.0,888.132,27559.583
Fe,I,374.89039,374.890566,1290.0,,21715.732,48382.603
Fe,I,374.89643,374.896457,11700.0,14800000.0,23711.456,50377.908
Fe,I,374.94851,374.948483,1150000.0,76300000.0,7376.764,34039.516
Fe,I,375.0681,375.068056,468.0,,21038.987,47693.239
Fe,I,375.1089,375.10884,560.0,,17726.988,44378.342
Fe,I,375.18212,375.182102,2750.0,474000.0,21715.732,48361.882
Fe,I,375.24142,375.241517,1170.0,,24506.917,51148.848
Fe,I,375.28551,375.285566,372.0,,22838.323,49477.127
Fe,I,375.31375,375.31376,2400.0,114000.0,19390.168,46026.971
Fe,I,375.36107,375.361052,22400.0,12200000.0,17550.181,44183.628
Fe,I,375.44999,375.450034,1820.0,2420000.0,24180.862,50807.997
Fe,I,375.6068,375.606757,4070.0,513000.0,17550.181,44166.206
Fe,I,375.69371,375.69371,9500.0,22000000.0,28819.954,55429.819
Fe,I,375.74544,375.74538,2090.0,8260000.0,26623.735,53229.941
Fe,I,375.79663,375.796467,437.0,,26351.04,52953.629
Fe,I,375.80259,375.802542,680.0,,27166.82,53768.979
Fe,I,375.82327,375.823267,740000.0,63400000.0,7728.06,34328.752
Fe,I,375.91545,375.91544,950.0,4550000.0,29313.008,55907.178
Fe,I,376.00494,376.00494,117000.0,4470000.0,19390.168,45978.008
Fe,I,376.05316,376.053169,14800.0,5500000.0,17927.382,44511.812
Fe,I,376.14083,376.140823,4570.0,1040000.0,20874.482,47452.717
Fe,I,376.22034,376.220335,1120.0,2400000.0,27166.82,53739.438
Fe,I,376.35683,376.35653,520.0,,20037.816,46600.818
Fe,I,376.37888,376.378864,590000.0,54400000.0,7985.785,34547.211
Fe,I,376.42079,376.42081,620.0,,17726.988,44285.454
Fe,I,376.55387,376.55384,115000.0,95100000.0,26105.908,52654.992
Fe,I,376.57,376.56981,,2360000.0,26351.04,52898.998
Fe,I,376.60885,376.608864,1380.0,770000.0,20874.482,47419.687
Fe,I,376.6659,376.665837,1860.0,7580000.0,24506.917,51048.107
Fe,I,376.71915,376.71915,457000.0,63900000.0,8154.714,34692.148
Fe,I,376.80267,376.80267,2750.0,10800000.0,17927.382,44458.934
Fe,I,376.99871,376.99868,3240.0,,24180.862,50698.62
Fe,I,377.03012,377.030102,11200.0,1310000.0,21715.732,48231.28
Fe,I,377.04043,377.04054,2400.0,215000.0,19621.006,46135.82
Fe,I,377.1491,377.148987,,,27559.583,54066.773
Fe,I,377.1491,377.1491,,640000.0,26105.908,52613.09
Fe,I,377.25828,377.25809,363.0,,27543.003,54042.527
Fe,I,377.33583,377.33586,1170.0,310000.0,24574.655,51068.718
Fe,I,377.36913,377.369117,1350.0,4410000.0,24506.917,50998.645
Fe,I,377.4824,377.4824,5900.0,5570000.0,17927.382,44411.16
Fe,I,377.58539,377.58537,1150.0,338000.0,21999.13,48475.686
Fe,I,377.64545,377.645447,21400.0,1670000.0,17550.181,44022.525
Fe,I,377.70663,377.70659,1740.0,943000.0,24118.819,50586.878
Fe,I,377.73301,377.733075,468.0,,27666.348,54132.551
Fe,I,377.74492,377.744907,4790.0,858000.0,20641.11,47106.484
Fe,I,377.83144,377.83145,1660.0,2210000.0,22838.323,49297.635
Fe,I,377.85088,377.850889,3800.0,11700000.0,26224.969,52682.92
Fe,I,377.86966,377.869613,1320.0,910000.0,17726.988,44183.628
Fe,I,377.92024,377.920096,437.0,,22249.429,48702.535
Fe,I,377.94157,377.941584,1950.0,676000.0,20641.11,47092.712
Fe,I,377.94535,377.94534,1620.0,10500000.0,26406.465,52857.804
Fe,I,377.95079,377.95076,1510.0,851000.0,17927.382,44378.342
Fe,I,378.1186,378.118615,6200.0,765000.0,17726.988,44166.206
Fe,I,378.19396,378.19394,1350.0,3800000.0,29356.744,55790.696
Fe,I,378.2117,378.21127,760.0,,27543.003,53975.744
Fe,I,378.24487,378.244784,1170.0,1180000.0,24180.862,50611.261
Fe,I,378.26093,378.26093,1580.0,,24772.018,51201.289
Fe,I,378.57061,378.5706,1580.0,1510000.0,26105.908,52513.56
Fe,I,378.57862,378.578819,417.0,,27559.583,53966.662
Fe,I,378.59481,378.59479,79000.0,4140000.0,19621.006,46026.971
Fe,I,378.61491,378.614893,5100.0,3200000.0,22838.323,49242.886
Fe,I,378.61867,378.618693,9800.0,13000000.0,22838.323,49242.621
Fe,I,378.66766,378.667669,41700.0,2770000.0,8154.714,34555.597
Fe,I,378.7163,378.71636,1580.0,9900000.0,29356.744,55754.233
Fe,I,378.78799,378.787991,224000.0,12900000.0,8154.714,34547.211
Fe,I,378.91758,378.917552,7400.0,2160000.0,21999.13,48382.603
Fe,I,378.95736,378.957382,760.0,,21038.987,47419.687
Fe,I,378.98189,378.981618,1230.0,4100000.0,27166.82,53545.833
Fe,I,379.00927,379.009277,120000.0,2680000.0,7985.785,34362.873
Fe,I,379.02384,379.023791,331.0,,20641.11,47017.188
Fe,I,379.0412,379.04101,363.0,,31322.613,57697.493
Fe,I,379.04952,379.049515,380.0,,27394.691,53768.979
Fe,I,379.06544,379.065368,930.0,4410000.0,24506.917,50880.102
Fe,I,379.07538,379.075401,1950.0,965000.0,17550.181,43922.668
Fe,I,379.15055,379.150536,2140.0,446000.0,20641.11,47008.371
Fe,I,379.17421,379.174178,680.0,6700000.0,27559.583,53925.2
Fe,I,379.21542,379.215386,11200.0,1930000.0,21999.13,48361.882
Fe,I,379.28264,379.28272,1660.0,296000.0,17927.382,44285.454
Fe,I,379.33531,379.335423,1150.0,,24506.917,50861.327
Fe,I,379.34804,379.348018,3240.0,7920000.0,24180.862,50534.397
Fe,I,379.35869,379.358469,830.0,,27394.691,53747.5
Fe,I,379.38714,379.38712,4680.0,6130000.0,22946.816,49297.635
Fe,I,379.43395,379.43392,60000.0,4150000.0,19788.251,46135.82
Fe,I,379.50019,379.500205,309000.0,11500000.0,7985.785,34328.752
Fe,I,379.75146,379.75145,42700.0,45700000.0,26105.908,52431.447
Fe,I,379.79489,379.794887,2040.0,937000.0,20874.482,47197.01
Fe,I,379.85111,379.851096,251000.0,3230000.0,7376.764,33695.397
Fe,I,379.95473,379.954711,316000.0,7310000.0,7728.06,34039.516
Fe,I,380.16791,380.167922,10700.0,6260000.0,22838.323,49135.023
Fe,I,380.18084,380.180862,3980.0,,22946.816,49242.621
Fe,I,380.19837,380.198342,1910.0,3700000.0,26874.55,53169.146
Fe,I,380.22786,380.22778,1380.0,5630000.0,26623.735,52916.295
Fe,I,380.40092,380.400898,1780.0,4600000.0,26874.55,53155.145
Fe,I,380.46108,380.460834,417.0,,26406.465,52682.92
Fe,I,380.47911,380.47877,560.0,,24338.767,50613.983
Fe,I,380.5342,380.534158,,,27559.583,53830.975
Fe,I,380.5342,380.5342,,86000000.0,26627.609,52898.998
Fe,I,380.5789,380.57881,229.0,,33946.933,60215.243
Fe,I,380.62164,380.62165,3390.0,25000000.0,27543.003,53808.356
Fe,I,380.66954,380.66953,32400.0,43500000.0,26351.04,52613.09
Fe,I,380.67601,380.676019,437.0,,20874.482,47136.084
Fe,I,380.75366,380.753675,17000.0,9370000.0,17927.382,44183.628
Fe,I,380.82807,380.82814,890.0,759000.0,24335.766,50586.878
Fe,I,380.87283,380.87283,9500.0,3540000.0,20641.11,46889.142
Fe,I,380.90396,380.90399,1020.0,1700000.0,23051.75,49297.635
Fe,I,380.95641,380.956388,1620.0,1430000.0,24180.862,50423.137
Fe,I,381.07554,381.07555,3020.0,19400000.0,26623.735,52857.804
Fe,I,381.10348,381.103432,1700.0,206000.0,21999.13,48231.28
Fe,I,381.18042,381.180404,780.0,,27166.82,53393.673
Fe,I,381.18907,381.18907,11000.0,2520000.0,22249.429,48475.686
Fe,I,,381.207789,,0.014,0.0,26224.969
Fe,I,,381.207789,,0.007,0.0,26224.969
Fe,I,381.29643,381.296424,398000.0,7910000.0,7728.06,33946.933
Fe,I,381.30578,381.305775,17000.0,5520000.0,20874.482,47092.712
Fe,I,381.36347,381.36345,3390.0,2070000.0,21715.732,47929.997
Fe,I,381.38842,381.38834,2950.0,6620000.0,29313.008,55525.562
Fe,I,381.39331,381.39325,331.0,291000.0,19621.006,45833.223
Fe,I,381.45229,381.452303,28200.0,624000.0,8154.714,34362.873
Fe,I,381.47787,381.47788,2040.0,,27543.003,53749.405
Fe,I,381.584,381.58397,760000.0,112000000.0,11976.239,38175.355
Fe,I,381.634,381.634022,8300.0,4160000.0,17726.988,43922.668
Fe,I,381.7451,381.74517,590.0,,31322.613,57510.666
Fe,I,381.76392,381.763905,3550.0,7700000.0,26874.55,53061.318
Fe,I,381.8618,381.86149,479.0,,27543.003,53723.079
Fe,I,381.9493,381.949263,1100.0,4900000.0,27394.691,53568.751
Fe,I,382.04249,382.042491,,66700000.0,6928.268,33095.941
Fe,I,382.11776,382.11774,65000.0,55400000.0,26351.04,52513.56
Fe,I,382.18342,382.183434,12300.0,7300000.0,21038.987,47197.01
Fe,I,382.40744,382.407361,3470.0,,20874.482,47017.188
Fe,I,382.43035,382.43036,22900.0,,26627.609,52768.743
Fe,I,382.44435,382.444329,1000000.0,2830000.0,0.0,26140.179
Fe,I,382.45553,382.45557,9800.0,,21715.732,47855.143
Fe,I,382.54025,382.540229,1150.0,647000.0,18378.186,44511.812
Fe,I,382.58809,382.588058,760000.0,59700000.0,7376.764,33507.123
Fe,I,382.6626,382.66294,380.0,,19788.251,45913.497
Fe,I,382.68412,382.684148,1780.0,2290000.0,21999.13,48122.928
Fe,I,382.75713,382.757115,7600.0,1560000.0,21715.732,47834.55
Fe,I,382.78224,382.78222,590000.0,105000000.0,12560.934,38678.039
Fe,I,382.815,382.814995,,,27166.82,53281.689
Fe,I,382.85037,382.850415,1820.0,322000.0,22249.429,48361.882
Fe,I,382.94516,382.94517,2340.0,13200000.0,26406.465,52512.457
Fe,I,382.9764,382.976109,660.0,750000.0,20641.11,46744.993
Fe,I,383.07572,383.075697,1740.0,1040000.0,21038.987,47136.084
Fe,I,383.08617,383.086134,4370.0,1070000.0,21715.732,47812.118
Fe,I,383.33079,383.330771,14100.0,4680000.0,20641.11,46720.842
Fe,I,383.42222,383.422219,590000.0,45200000.0,7728.06,33801.572
Fe,I,383.44552,383.44518,1170.0,,26224.969,52296.92
Fe,I,383.63301,383.633025,11500.0,32900000.0,26623.735,52682.92
Fe,I,383.69151,383.691494,398.0,,22249.429,48304.643
Fe,I,383.71347,383.713423,2750.0,1080000.0,21038.987,47092.712
Fe,I,383.92556,383.92558,47900.0,23500000.0,24574.655,50613.983
Fe,I,384.04372,384.04372,380000.0,47000000.0,7985.785,34017.103
Fe,I,384.10477,384.10475,457000.0,136000000.0,12968.554,38995.736
Fe,I,384.2896,384.289641,1120.0,487000.0,20874.482,46889.142
Fe,I,384.29885,384.298874,690.0,391000.0,20874.482,46888.517
Fe,I,384.32565,384.32565,50000.0,37000000.0,24574.655,50586.878
Fe,I,384.51686,384.516842,7900.0,6070000.0,19552.478,45551.767
Fe,I,384.5215,384.521383,468.0,,27394.691,53393.673
Fe,I,384.56948,384.569383,1260.0,5890000.0,28604.613,54600.35
Fe,I,384.59849,384.59844,980.0,4500000.0,27166.82,53160.593
Fe,I,384.62832,384.62823,500.0,,29798.936,55790.696
Fe,I,384.64091,384.64092,6000.0,16800000.0,28819.954,54810.856
Fe,I,384.68,384.679066,,,27166.82,53155.145
Fe,I,384.68,384.68001,,62000000.0,26224.969,52213.23
Fe,I,384.69333,384.69343,1200.0,344000.0,19621.006,45608.361
Fe,I,384.82885,384.828984,780.0,480000.0,21038.987,47017.188
Fe,I,384.99664,384.996631,204000.0,60500000.0,8154.714,34121.603
Fe,I,385.08176,385.081771,91000.0,1660000.0,7985.785,33946.933
Fe,I,385.25724,385.25724,12900.0,3260000.0,17550.181,43499.505
Fe,I,385.34565,385.34564,680.0,580000.0,23783.619,49726.99
Fe,I,385.43663,385.4366,2240.0,5070000.0,25899.989,51837.238
Fe,I,385.53135,385.531464,720.0,,21999.13,47929.997
Fe,I,385.58451,385.584654,1860.0,,26140.179,52067.469
Fe,I,385.63713,385.637115,1100000.0,4640000.0,415.933,26339.696
Fe,I,,385.69715,,0.011,704.007,26623.735
Fe,I,385.92123,385.921236,81000.0,7250000.0,19390.168,45294.846
Fe,I,385.99111,385.991106,,9690000.0,0.0,25899.989
Fe,I,386.134,386.134337,4680.0,,21715.732,47606.114
Fe,I,386.36903,386.36913,620.0,4370000.0,26339.696,52214.345
Fe,I,386.37411,386.374103,5800.0,1840000.0,21715.732,47590.048
Fe,I,386.4593,386.45911,372.0,,33946.933,59815.558
Fe,I,386.55228,386.552292,178000.0,15500000.0,8154.714,34017.103
Fe,I,386.7019,386.7021,710.0,,34362.873,60215.243
Fe,I,386.72157,386.721579,21400.0,31600000.0,24335.766,50186.834
Fe,I,386.79203,386.792023,1660.0,706000.0,20874.482,46720.842
Fe,I,386.8232,386.823378,760.0,,23783.619,49627.884
Fe,I,386.9558,386.955814,8100.0,1590000.0,21999.13,47834.55
Fe,I,386.96078,386.96074,4270.0,983000.0,21999.13,47834.221
Fe,I,387.17477,387.1748,10200.0,5830000.0,23783.619,49604.427
Fe,I,387.25009,387.250102,234000.0,10500000.0,7985.785,33801.572
Fe,I,387.2921,387.292094,3240.0,886000.0,21999.13,47812.118
Fe,I,387.37603,387.376015,63000.0,6570000.0,19621.006,45428.402
Fe,I,387.40532,387.405348,479.0,,18378.186,44183.628
Fe,I,387.60397,387.603965,7200.0,115000.0,8154.714,33946.933
Fe,I,387.66701,387.66708,620.0,,18378.186,44166.206
Fe,I,387.8018,387.801779,275000.0,7720000.0,7728.06,33507.123
Fe,I,387.8182,387.818297,1510.0,,26479.381,52257.346
Fe,I,387.8573,387.857282,1290000.0,6170000.0,704.007,26479.381
Fe,I,387.86707,387.867079,49000.0,7020000.0,19788.251,45562.974
Fe,I,387.87256,387.87262,10500.0,53400000.0,26406.465,52180.82
Fe,I,388.19734,388.197393,690.0,,28604.613,54357.405
Fe,I,388.32797,388.327981,6500.0,12800000.0,26224.969,51969.101
Fe,I,388.43584,388.435819,17400.0,3990000.0,21715.732,47452.717
Fe,I,388.51453,388.514529,1320.0,836000.0,24118.819,49850.59
Fe,I,388.55103,388.551012,16600.0,7260000.0,19552.478,45281.833
Fe,I,388.59202,388.59223,479.0,,29798.936,55525.562
Fe,I,388.6282,388.628183,550000.0,5290000.0,415.933,26140.179
Fe,I,388.7048,388.704779,251000.0,3520000.0,7376.764,33095.941
Fe,I,388.8416,388.841607,2090.0,,26339.696,52049.823
Fe,I,388.85132,388.851317,200000.0,25000000.0,12968.554,38678.039
Fe,I,388.88213,388.882145,10200.0,19500000.0,24335.766,50043.213
Fe,I,388.99199,388.991865,407.0,,26339.696,52039.892
Fe,I,389.03955,389.039353,710.0,1670000.0,26140.179,51837.238
Fe,I,389.08402,389.084021,7900.0,3060000.0,21999.13,47693.239
Fe,I,389.19262,389.19264,4790.0,27100000.0,27543.003,53229.941
Fe,I,389.2892,389.289184,1510.0,,22249.429,47929.997
Fe,I,389.29819,389.298204,500.0,,26339.696,52019.669
Fe,I,389.33091,389.330922,3160.0,4520000.0,22838.323,48516.138
Fe,I,389.33901,389.338988,18600.0,10000000.0,23783.619,49460.902
Fe,I,389.39122,389.391202,7100.0,545000.0,19621.006,45294.846
Fe,I,389.40117,389.40114,2750.0,10300000.0,26623.735,52296.92
Fe,I,,389.542538,,3380000.0,26550.479,52214.345
Fe,I,389.56562,389.565597,740000.0,9390000.0,888.132,26550.479
Fe,I,389.74485,389.74486,4270.0,1780000.0,23783.619,49434.163
Fe,I,389.78896,389.78893,45700.0,6200000.0,21715.732,47363.376
Fe,I,389.80086,389.800874,19500.0,800000.0,8154.714,33801.572
Fe,I,389.90286,389.902841,7200.0,760000.0,19788.251,45428.402
Fe,I,389.97071,389.970707,1070000.0,2580000.0,704.007,26339.696
Fe,I,390.0515,390.051516,,7900000.0,26140.179,51770.557
Fe,I,390.29455,390.294512,302000.0,21400000.0,12560.934,38175.355
Fe,I,390.38976,390.38977,11200.0,7610000.0,24118.819,49726.99
Fe,I,390.64795,390.647918,234000.0,832000.0,888.132,26479.381
Fe,I,390.6532,390.652971,380.0,,21999.13,47590.048
Fe,I,390.67468,390.6747,3160.0,7050000.0,26623.735,52213.23
Fe,I,390.7465,390.74651,3090.0,815000.0,22249.429,47834.221
Fe,I,390.79338,390.793374,12300.0,6670000.0,22249.429,47831.153
Fe,I,390.88423,390.88418,910.0,,33946.933,59522.714
Fe,I,390.96573,390.965801,1910.0,5700000.0,26479.381,52049.823
Fe,I,390.98293,390.982927,3630.0,6990000.0,22946.816,48516.138
Fe,I,391.08434,391.084381,5100.0,1370000.0,22249.429,47812.118
Fe,I,391.09988,391.099803,680.0,2680000.0,25899.989,51461.67
Fe,I,391.36316,391.363135,4570.0,1350000.0,18378.186,43922.668
Fe,I,391.42727,391.427403,1660.0,5800000.0,26479.381,52019.669
Fe,I,391.67307,391.67305,17000.0,9830000.0,26105.908,51630.178
Fe,I,391.71807,391.718051,19100.0,434000.0,7985.785,33507.123
Fe,I,,391.76418,,0.012,888.132,26406.465
Fe,I,,391.76418,,0.004,888.132,26406.465
Fe,I,391.8315,391.83147,7900.0,6030000.0,20037.816,45551.767
Fe,I,391.84152,391.84151,7900.0,42200000.0,22946.816,48460.113
Fe,I,391.86414,391.864151,13800.0,11700000.0,24338.767,49850.59
Fe,I,391.90652,391.906519,5400.0,3720000.0,24118.819,49627.884
Fe,I,392.02578,392.025748,650000.0,2600000.0,978.074,26479.381
Fe,I,392.0837,392.083636,,2920000.0,26339.696,51837.238
Fe,I,392.12721,392.12719,1070.0,55400.0,20641.11,46135.82
Fe,I,392.29115,392.291129,1000000.0,1080000.0,415.933,25899.989
Fe,I,392.52002,392.520109,1380.0,6200000.0,26550.479,52019.669
Fe,I,392.56435,392.564346,6900.0,8040000.0,22838.323,48304.643
Fe,I,392.5941,392.594131,9300.0,16700000.0,23051.75,48516.138
Fe,I,392.60129,392.601285,2450.0,7260000.0,26140.179,51604.103
Fe,I,392.77495,392.77465,407.0,,34362.873,59815.558
Fe,I,392.792,392.791947,,2600000.0,888.132,26339.696
Fe,I,392.792,392.792194,,,22838.323,48289.871
Fe,I,392.80827,392.808323,6200.0,5640000.0,25899.989,51350.492
Fe,I,392.91161,392.911653,2290.0,811000.0,22249.429,47693.239
Fe,I,392.9208,392.92081,1910.0,2090000.0,26224.969,51668.186
Fe,I,393.02964,393.02964,1150000.0,1990000.0,704.007,26140.179
Fe,I,393.1117,393.111722,2090.0,4800000.0,26339.696,51770.557
Fe,I,,393.149908,,0.011,978.074,26406.465
Fe,I,393.2244,393.224338,490.0,,29056.324,54479.902
Fe,I,393.26271,393.262701,8500.0,2700000.0,21999.13,47420.228
Fe,I,393.3599,393.35954,,,33507.123,58921.963
Fe,I,393.3599,393.359909,,5920000.0,24772.018,50186.834
Fe,I,393.3599,393.360141,,,26339.696,51754.497
Fe,I,393.53065,393.530643,1050.0,2200000.0,22946.816,48350.606
Fe,I,393.58122,393.581244,9300.0,11400000.0,22838.323,48238.847
Fe,I,393.58602,393.585893,407.0,,26339.696,51739.92
Fe,I,393.73276,393.732723,7800.0,1660000.0,21715.732,47106.484
Fe,I,394.08773,394.08771,10000.0,120000.0,7728.06,33095.941
Fe,I,394.1183,394.11849,560.0,,31307.245,56673.145
Fe,I,394.1275,394.12753,2570.0,9100000.0,26339.696,51705.014
Fe,I,394.23638,394.236485,1100.0,517000.0,24118.819,49477.127
Fe,I,394.24397,394.243963,8300.0,9620000.0,22946.816,48304.643
Fe,I,394.33404,394.33404,3630.0,646000.0,17726.988,43079.023
Fe,I,394.35751,394.35742,510.0,,31322.613,56673.145
Fe,I,394.47385,394.473766,437.0,1300000.0,22946.816,48289.871
Fe,I,394.4889,394.488896,2820.0,1400000.0,24118.819,49460.902
Fe,I,,394.498096,,570000.0,26627.609,51969.101
Fe,I,394.51169,394.511687,5500.0,1650000.0,22249.429,47590.048
Fe,I,394.69946,394.699457,3470.0,3910000.0,25899.989,51228.553
Fe,I,394.73786,394.737625,398.0,,19350.891,44677.006
Fe,I,394.75306,394.753087,4270.0,5120000.0,22838.323,48163.446
Fe,I,394.8097,394.80971,8300.0,13100000.0,26140.179,51461.67
Fe,I,394.8276,394.827673,269.0,,26140.179,51460.518
Fe,I,394.87746,394.87747,20400.0,20800000.0,26351.04,51668.186
Fe,I,394.91412,394.91405,560.0,4200000.0,27543.003,52857.804
Fe,I,394.99527,394.99525,29500.0,4790000.0,17550.181,42859.778
Fe,I,395.0138,395.01382,760.0,,28604.613,53913.02
Fe,I,395.11629,395.11632,15100.0,42900000.0,26406.465,51708.307
Fe,I,395.2601,395.26009,,2970000.0,21715.732,47008.371
Fe,I,395.26955,395.269592,2040.0,3480000.0,22946.816,48238.847
Fe,I,395.31511,395.315139,4680.0,2970000.0,24338.767,49627.884
Fe,I,395.38574,395.385684,910.0,640000.0,22838.323,48122.928
Fe,I,395.4712,395.47119,,,26351.04,51630.178
Fe,I,395.5341,395.534127,2400.0,15000000.0,26479.381,51754.497
Fe,I,395.59552,395.595498,2570.0,4190000.0,24772.018,50043.213
Fe,I,395.64551,395.645488,23400.0,17600000.0,26105.908,51373.91
Fe,I,395.6677,395.66763,,12200000.0,21715.732,46982.32
Fe,I,395.70181,395.701788,6800.0,16700000.0,26339.696,51604.103
Fe,I,396.02789,396.027858,1000.0,4100000.0,29356.744,54600.35
Fe,I,396.114,396.113928,1050.0,2600000.0,23051.75,48289.871
Fe,I,396.23517,396.235134,407.0,1200000.0,26339.696,51570.097
Fe,I,396.31002,396.31003,5500.0,15000000.0,26479.381,51705.014
Fe,I,396.3432,396.342978,200.0,,26406.465,51630.001
Fe,I,396.4515,396.451526,1660.0,2170000.0,22946.816,48163.446
Fe,I,396.55086,396.550868,1150.0,785000.0,26140.179,51350.492
Fe,I,396.5915,396.59152,324.0,,33946.933,59154.662
Fe,I,396.60614,396.606119,19500.0,1320000.0,12968.554,38175.355
Fe,I,396.64992,396.649913,2630.0,,26550.479,51754.497
Fe,I,396.68097,396.681077,930.0,681000.0,26623.735,51825.773
Fe,I,396.74204,396.742064,14800.0,15200000.0,26627.609,51825.773
Fe,I,396.79611,396.796109,3720.0,6090000.0,26140.179,51334.911
Fe,I,396.9257,396.925691,427000.0,22600000.0,11976.239,37162.746
Fe,I,396.96274,396.96276,3240.0,,26224.969,51409.124
Fe,I,397.02605,397.02611,1620.0,,28604.613,53784.75
Fe,I,397.03888,397.03889,5400.0,39000000.0,24772.018,49951.344
Fe,I,397.13224,397.132205,13500.0,4970000.0,21715.732,46889.142
Fe,I,397.2915,397.29115,355.0,,28819.954,53983.293
Fe,I,397.3649,397.36493,2400.0,5810000.0,28604.613,53763.28
Fe,I,397.4256,397.42515,219.0,,33507.123,58661.978
Fe,I,397.43805,397.438009,500.0,820000.0,26140.179,51294.22
Fe,I,397.47573,397.47593,720.0,344000.0,17927.382,43079.023
Fe,I,397.52053,397.5203,490.0,120000.0,19912.495,45061.329
Fe,I,397.5841,397.5842,363.0,,28604.613,53749.405
Fe,I,397.6385,397.638461,,398000.0,24335.766,49477.127
Fe,I,397.6546,397.654579,680.0,,26224.969,51365.311
Fe,I,397.6613,397.661301,,12000000.0,27543.003,52682.92
Fe,I,397.6861,397.685932,,,24338.767,49477.127
Fe,I,397.6861,397.686232,,,26623.735,51762.076
Fe,I,397.77407,397.77407,38000.0,6410000.0,17726.988,42859.778
Fe,I,397.8456,397.845749,229.0,,22838.323,47966.585
Fe,I,398.17708,398.17706,17400.0,3570000.0,21999.13,47106.484
Fe,I,398.39561,398.395594,18200.0,5720000.0,21999.13,47092.712
Fe,I,398.4934,398.49343,282.0,,26479.381,51566.802
Fe,I,398.53157,398.531577,417.0,,20641.11,45726.13
Fe,I,398.5387,398.538695,2630.0,8530000.0,26623.735,51708.307
Fe,I,398.61714,398.61715,7400.0,,26224.969,51304.604
Fe,I,398.98569,398.985748,1350.0,5300000.0,28604.613,53661.079
Fe,I,399.03731,399.0373,2340.0,1430000.0,24574.655,49627.884
Fe,I,399.3617,399.36152,680.0,,33946.933,58979.823
Fe,I,399.41129,399.41127,2140.0,922000.0,24574.655,49604.427
Fe,I,399.52044,399.52042,331.0,,33095.941,58118.875
Fe,I,399.5861,399.58613,257.0,,33946.933,58965.752
Fe,I,399.59833,399.598289,3630.0,1600000.0,21999.13,47017.188
Fe,I,399.69636,399.69635,2240.0,7950000.0,29798.936,54810.856
Fe,I,399.73919,399.73917,76000.0,12600000.0,21999.13,47008.371
Fe,I,399.74835,399.748313,710.0,,26140.179,51148.848
Fe,I,399.80525,399.805211,17400.0,5700000.0,21715.732,46720.842
Fe,I,400.0252,400.025248,,2200000.0,26339.696,51331.052
Fe,I,400.0457,400.045722,1480.0,1010000.0,24118.819,49108.896
Fe,I,400.16615,400.166094,4470.0,747000.0,17550.181,42532.741
Fe,I,400.26606,400.26607,407.0,,26224.969,51201.289
Fe,I,400.37616,400.37614,760.0,6760000.0,27543.003,52512.457
Fe,I,400.48272,400.4827,3470.0,,26105.908,51068.718
Fe,I,400.49782,400.4978,930.0,,24335.766,49297.635
Fe,I,400.52417,400.524148,209000.0,20400000.0,12560.934,37521.161
Fe,I,400.53858,400.538478,309.0,,19552.478,44511.812
Fe,I,400.5482,400.548,,,20874.482,45833.223
Fe,I,400.61574,400.615684,186.0,,26339.696,51294.22
Fe,I,400.63105,400.631097,4790.0,5100000.0,26351.04,51304.604
Fe,I,400.6624,400.66241,2820.0,5890000.0,25091.599,50043.213
Fe,I,400.72718,400.727179,6600.0,4400000.0,22249.429,47197.01
Fe,I,400.9542,400.954312,,,25899.989,50833.438
Fe,I,400.97125,400.97125,20900.0,4640000.0,17927.382,42859.778
Fe,I,401.01761,401.017377,120.0,790000.0,29371.812,54301.34
Fe,I,401.0748,401.07462,437.0,,21038.987,45964.957
Fe,I,401.14072,401.140701,1000.0,226000.0,20641.11,45562.974
Fe,I,401.1711,401.171125,257.0,110000.0,19757.032,44677.006
Fe,I,401.21488,401.21492,309.0,,26105.908,51023.162
Fe,I,401.36392,401.363855,347.0,,25899.989,50807.997
Fe,I,401.37815,401.378165,810.0,419000.0,24335.766,49242.886
Fe,I,401.38246,401.382435,2340.0,,24335.766,49242.621
Fe,I,401.42649,401.426533,324.0,,24338.767,49242.886
Fe,I,401.45306,401.453083,29500.0,15300000.0,24574.655,49477.127
Fe,I,401.4878,401.48799,,,31307.245,56207.552
Fe,I,401.5606,401.56053,,,33695.397,58591.206
Fe,I,401.64191,401.64192,710.0,,26479.381,51370.145
Fe,I,401.70832,401.708236,680.0,842000.0,22249.429,47136.084
Fe,I,401.71483,401.714822,3800.0,3250000.0,24574.655,49460.902
Fe,I,401.74616,401.7463,389.0,,33946.933,58831.23
Fe,I,401.82673,401.826688,1410.0,3440000.0,26339.696,51219.015
Fe,I,401.90417,401.90437,204.0,110000.0,21038.987,45913.497
Fe,I,402.0483,402.048342,363.0,820000.0,29371.812,54237.415
Fe,I,402.16025,402.160281,89.0,,19552.478,44411.16
Fe,I,402.1866,402.186604,,8550000.0,22249.429,47106.484
Fe,I,402.22124,402.221217,269.0,,22838.323,47693.239
Fe,I,402.2735,402.273738,,,26479.381,51331.052
Fe,I,402.2735,402.273932,,,26224.969,51076.628
Fe,I,402.4096,402.409563,780.0,107000.0,22249.429,47092.712
Fe,I,402.47248,402.472471,5100.0,8090000.0,26140.179,50979.579
Fe,I,402.9629,402.963187,1660.0,,26339.696,51148.848
Fe,I,403.01846,403.018404,1200.0,285000.0,17726.988,42532.741
Fe,I,403.04883,403.048821,7900.0,10400000.0,25899.989,50703.87
Fe,I,403.08902,403.088913,479.0,5020000.0,29798.936,54600.35
Fe,I,403.124,403.123974,170.0,,24335.766,49135.023
Fe,I,403.17277,403.172764,263.0,,24338.767,49135.023
Fe,I,403.19604,403.19605,5800.0,7600000.0,26406.465,51201.289
Fe,I,403.24556,403.24541,447.0,,34362.873,59154.662
Fe,I,403.26272,403.262684,2000.0,246000.0,11976.239,36766.966
Fe,I,403.31861,403.318569,660.0,84000.0,20641.11,45428.402
Fe,I,403.55941,403.5594,191.0,,34039.516,58812.015
Fe,I,403.6366,403.636651,219.0,96000.0,22249.429,47017.188
Fe,I,403.87896,403.878924,457.0,,28604.613,53357.515
Fe,I,403.9938,403.99381,219.0,,21999.13,46744.993
Fe,I,404.06379,404.063812,2880.0,4800000.0,26623.735,51365.311
Fe,I,404.1271,404.127091,,,26627.609,51365.311
Fe,I,404.1271,404.127843,,,26623.735,51361.391
Fe,I,404.16489,404.16488,195.0,,33946.933,58682.322
Fe,I,,404.388486,,,21999.13,46720.842
Fe,I,404.38964,404.389713,2690.0,8690000.0,26140.179,50861.816
Fe,I,404.39767,404.397712,660.0,,26140.179,50861.327
Fe,I,404.44906,404.4492,166.0,,33095.941,57813.942
Fe,I,404.45444,404.45449,398.0,,26351.04,51068.718
Fe,I,404.46089,404.460883,6800.0,8170000.0,22838.323,47555.61
Fe,I,404.51116,404.51122,510.0,,34362.873,59077.084
Fe,I,404.55936,404.559336,3470.0,7390000.0,25899.989,50611.261
Fe,I,404.58122,404.581193,1000000.0,86200000.0,11976.239,36686.176
Fe,I,404.6062,404.606181,1620.0,6850000.0,26339.696,51048.107
Fe,I,404.73037,404.73025,288.0,215000.0,18378.186,43079.023
Fe,I,404.93267,404.932629,1410.0,211000.0,20874.482,45562.974
Fe,I,405.06739,405.06732,229.0,,33801.572,58481.855
Fe,I,405.19051,405.190535,870.0,3300000.0,27394.691,52067.469
Fe,I,405.2013,405.20131,295.0,,26351.04,51023.162
Fe,I,405.22952,405.229296,479.0,,27166.82,51837.238
Fe,I,405.24404,405.2439,324.0,,26479.381,51148.91
Fe,I,405.26528,405.265223,407.0,,24574.655,49242.886
Fe,I,405.27224,405.272009,186.0,,26140.179,50807.997
Fe,I,405.41768,405.417774,257.0,770000.0,26339.696,50998.645
Fe,I,405.48053,405.480541,1660.0,,27394.691,52049.823
Fe,I,405.48666,405.486626,1320.0,9610000.0,27559.583,52214.345
Fe,I,405.50352,405.503501,4790.0,443000.0,20641.11,45294.846
Fe,I,405.63446,405.63459,141.0,,29371.812,54017.581
Fe,I,405.73433,405.734287,1050.0,495000.0,22249.429,46889.142
Fe,I,405.8217,405.821663,,4470000.0,25899.989,50534.397
Fe,I,405.87537,405.875343,1230.0,652000.0,19552.478,44183.628
Fe,I,405.97133,405.9713,980.0,5710000.0,28604.613,53229.941
Fe,I,406.10963,406.10947,191.0,,34362.873,58979.823
Fe,I,406.19543,406.19524,245.0,,33507.123,58118.875
Fe,I,406.24406,406.244071,15100.0,18500000.0,22946.816,47555.61
Fe,I,406.32754,406.327571,4070.0,,27166.82,51770.557
Fe,I,406.34166,406.34174,200.0,,34362.873,58965.752
Fe,I,406.35939,406.359365,830000.0,66500000.0,12560.934,37162.746
Fe,I,406.4449,406.444945,550.0,,12560.934,37157.566
Fe,I,406.53809,406.538067,930.0,17000000.0,27666.348,52257.346
Fe,I,406.6585,406.658491,2450.0,1170000.0,24118.819,48702.535
Fe,I,406.69739,406.697402,13800.0,,22838.323,47419.687
Fe,I,406.72709,406.72707,8300.0,2190000.0,20641.11,45220.681
Fe,I,406.74869,406.748716,145.0,,23783.619,48361.882
Fe,I,406.79775,406.797774,10500.0,15100000.0,25899.989,50475.288
Fe,I,406.9067,406.906609,195.0,1900000.0,26479.381,51048.107
Fe,I,407.07705,407.077024,5000.0,11000000.0,26140.179,50698.62
Fe,I,407.15198,407.151979,3470.0,428000.0,20874.482,45428.402
Fe,I,407.17377,407.173752,710000.0,76400000.0,12968.554,37521.161
Fe,I,407.25021,407.250219,780.0,4880000.0,27666.348,52214.345
Fe,I,407.3762,407.376195,3550.0,16800000.0,26339.696,50880.102
Fe,I,407.4786,407.478563,,3430000.0,24574.655,49108.896
Fe,I,407.62177,407.62185,890.0,1400000.0,24772.018,49297.635
Fe,I,407.64895,407.648942,2950.0,443000.0,21038.987,45562.974
Fe,I,407.66288,407.662889,11200.0,13200000.0,25899.989,50423.137
Fe,I,407.67997,407.679979,1260.0,3810000.0,26339.696,50861.816
Fe,I,407.68808,407.688109,195.0,,26339.696,50861.327
Fe,I,407.83536,407.835319,5400.0,4550000.0,21038.987,45551.767
Fe,I,407.91678,407.916762,540.0,5400000.0,27559.583,52067.469
Fe,I,407.98377,407.983784,4570.0,5830000.0,23051.75,47555.61
Fe,I,408.02089,408.0209,1820.0,23000000.0,26479.381,50981.012
Fe,I,408.08766,408.087574,398.0,2300000.0,26550.479,51048.107
Fe,I,408.12673,408.12663,151.0,,34017.103,58512.387
Fe,I,408.21076,408.210685,720.0,2500000.0,27559.583,52049.823
Fe,I,408.24243,408.24252,347.0,4000000.0,29320.026,53808.356
Fe,I,408.35489,408.35489,1020.0,184000.0,18378.186,42859.778
Fe,I,408.37629,408.376288,810.0,,27559.583,52039.892
Fe,I,408.44913,408.449152,7100.0,8660000.0,26874.55,51350.492
Fe,I,408.50038,408.500408,7800.0,4700000.0,22946.816,47419.687
Fe,I,408.5248,408.524747,363.0,,22249.429,46720.842
Fe,I,408.53028,408.530273,5000.0,8920000.0,26140.179,50611.261
Fe,I,408.5984,408.5982,331.0,5100000.0,33507.123,57974.137
Fe,I,408.70936,408.709336,1050.0,1900000.0,26874.55,51334.911
Fe,I,408.8204,408.81998,30.0,,36079.372,60533.113
Fe,I,408.85565,408.85558,560.0,4200000.0,29356.744,53808.356
Fe,I,408.92166,408.921655,2290.0,345000.0,23783.619,48231.28
Fe,I,409.00724,409.007214,398.0,1000000.0,27394.691,51837.238
Fe,I,409.09533,409.095319,468.0,1100000.0,27166.82,51604.103
Fe,I,409.15528,409.155244,690.0,1140000.0,22838.323,47272.027
Fe,I,409.22767,409.22768,540.0,,29320.026,53749.405
Fe,I,409.25057,409.25068,309.0,,29356.744,53784.75
Fe,I,409.59705,409.597024,5600.0,2650000.0,20874.482,45281.833
Fe,I,409.61069,409.6107,760.0,,29356.744,53763.28
Fe,I,409.621,409.620856,468.0,,7728.06,32133.991
Fe,I,409.669,409.66917,100.0,,29320.026,53723.079
Fe,I,409.695,409.694921,209.0,,19621.006,44022.525
Fe,I,409.7017,409.701603,141.0,,27666.348,52067.469
Fe,I,409.70831,409.708319,500.0,2900000.0,26479.381,50880.102
Fe,I,409.81755,409.817542,3800.0,7490000.0,26140.179,50534.397
Fe,I,410.0347,410.03476,240.0,,34328.752,58710.047
Fe,I,410.07376,410.073752,10000.0,29200.0,6928.268,31307.245
Fe,I,410.12608,410.12609,1150.0,2600000.0,27394.691,51770.557
Fe,I,410.1652,410.165162,234.0,,27666.348,52039.892
Fe,I,410.1685,410.16853,214.0,390000.0,20037.816,44411.16
Fe,I,410.3613,410.36106,89.0,,26224.969,50586.878
Fe,I,410.41133,410.411344,1700.0,,26339.696,50698.62
Fe,I,410.41536,410.415337,580.0,,22838.323,47197.01
Fe,I,410.446,410.44601,204.0,,24118.819,48475.686
Fe,I,410.494,410.494274,158.0,260000.0,26874.55,51228.553
Fe,I,410.62585,410.625858,930.0,330000.0,20874.482,45220.681
Fe,I,410.64226,410.642219,930.0,2520000.0,27394.691,51739.92
Fe,I,410.74881,410.748817,14500.0,17400000.0,22838.323,47177.234
Fe,I,410.8133,410.812992,158.0,350000.0,26140.179,50475.288
Fe,I,410.90558,410.905627,950.0,3620000.0,26550.479,50880.102
Fe,I,410.98015,410.980156,11500.0,15100000.0,22946.816,47272.027
Fe,I,411.23182,411.231852,580.0,1500000.0,27394.691,51705.014
Fe,I,411.2912,411.29114,120.0,,33507.123,57813.942
Fe,I,411.29586,411.29584,1120.0,11000000.0,33695.397,58001.938
Fe,I,411.44447,411.444464,5200.0,3920000.0,22838.323,47136.084
Fe,I,411.49374,411.493764,740.0,1570000.0,27166.82,51461.67
Fe,I,411.5136,411.513277,110.0,,27166.82,51460.518
Fe,I,411.78526,411.785216,389.0,,27559.583,51837.238
Fe,I,411.85447,411.85443,47900.0,49600000.0,28819.954,53093.529
Fe,I,411.88865,411.88854,282.0,1900000.0,26339.696,50611.261
Fe,I,412.02062,412.020628,6500.0,1930000.0,24118.819,48382.603
Fe,I,412.18024,412.180229,5900.0,1990000.0,22838.323,47092.712
Fe,I,412.25152,412.251533,4790.0,3230000.0,22946.816,47197.01
Fe,I,412.3728,412.372797,3390.0,604000.0,24118.819,48361.882
Fe,I,412.37658,412.376489,950.0,,21038.987,45281.833
Fe,I,412.4487,412.448728,100.0,,29371.812,53610.412
Fe,I,412.5617,412.56199,,9900000.0,34039.516,58271.462
Fe,I,412.58801,412.588004,910.0,796000.0,22946.816,47177.234
Fe,I,412.61824,412.618265,2880.0,4200000.0,26874.55,51103.191
Fe,I,412.6854,412.68514,240.0,1300000.0,22946.816,47171.531
Fe,I,412.76075,412.760758,11000.0,14300000.0,23051.75,47272.027
Fe,I,412.7784,412.778449,690.0,,26479.381,50698.62
Fe,I,412.78125,412.781278,2290.0,,27543.003,51762.076
Fe,I,412.9461,412.946006,234.0,650000.0,27394.691,51604.103
Fe,I,413.0036,413.0036,,,25091.599,49297.635
Fe,I,413.0036,413.003668,,,12560.934,36766.966
Fe,I,413.19351,413.193455,380.0,,27559.583,51754.497
Fe,I,413.1972,413.197092,324.0,,26339.696,50534.397
Fe,I,413.20579,413.205785,224000.0,11800000.0,12968.554,37162.746
Fe,I,413.25326,413.25329,427.0,,34328.752,58520.163
Fe,I,413.28989,413.2899,11700.0,7700000.0,22946.816,47136.084
Fe,I,413.38554,413.385535,1620.0,2120000.0,27166.82,51350.492
Fe,I,413.4336,413.433575,1170.0,1060.0,0.0,24180.862
Fe,I,413.442,413.441953,,2620000.0,24335.766,48516.138
Fe,I,413.442,413.442551,,,27559.583,51739.92
Fe,I,413.46773,413.467722,26900.0,12500000.0,22838.323,47017.188
Fe,I,413.65211,413.652047,620.0,1320000.0,27166.82,51334.911
Fe,I,413.69974,413.699755,9300.0,27500000.0,27543.003,51708.307
Fe,I,413.9927,413.992679,2950.0,18300.0,7985.785,32133.991
Fe,I,414.0402,414.040259,,,27559.583,51705.014
Fe,I,414.1863,414.18628,2400.0,657000.0,24338.767,48475.686
Fe,I,414.2589,414.25874,282.0,7500000.0,34692.148,58824.845
Fe,I,414.34143,414.341445,63000.0,27000000.0,24574.655,48702.535
Fe,I,414.34969,414.349688,930.0,,27166.82,51294.22
Fe,I,414.38678,414.386752,363000.0,13300000.0,12560.934,36686.176
Fe,I,414.5199,414.51993,240.0,78000.0,21715.732,45833.223
Fe,I,414.60639,414.606405,3240.0,378000.0,24118.819,48231.28
Fe,I,414.73418,414.734238,229.0,,26874.55,50979.579
Fe,I,414.76687,414.766863,6900.0,436000.0,11976.239,36079.372
Fe,I,414.93648,414.936469,3720.0,4230000.0,26874.55,50967.831
Fe,I,414.97607,414.976032,263.0,,415.933,24506.917
Fe,I,415.02488,415.024873,1410.0,7700000.0,27666.348,51754.497
Fe,I,415.0447,415.044706,95.0,,27543.003,51630.001
Fe,I,415.176,415.17638,79.0,,34039.516,58118.875
Fe,I,415.19446,415.194518,790.0,,28604.613,52682.92
Fe,I,415.21689,415.216867,7800.0,32400.0,7728.06,31805.071
Fe,I,415.33868,415.33862,680.0,,19390.168,43460.121
Fe,I,,415.372136,,0.016,704.007,24772.018
Fe,I,415.38994,415.389948,12300.0,20500000.0,27394.691,51461.67
Fe,I,415.40982,415.409833,760.0,,27394.691,51460.518
Fe,I,415.44984,415.449849,18600.0,26400000.0,22838.323,46901.832
Fe,I,415.48052,415.480514,10500.0,14000000.0,27166.82,51228.553
Fe,I,415.6454,415.645278,219.0,,27166.82,51219.015
Fe,I,415.66711,415.667123,2450.0,527000.0,23783.619,47834.55
Fe,I,415.67985,415.679861,19100.0,12000000.0,22838.323,46888.517
Fe,I,415.77798,415.777954,8300.0,21800000.0,27559.583,51604.103
Fe,I,415.87922,415.879208,4170.0,16000000.0,27666.348,51705.014
Fe,I,416.05519,416.05518,288.0,,23783.619,47812.118
Fe,I,416.10766,416.107929,123.0,950000.0,27166.82,51192.273
Fe,I,416.14842,416.148427,1100.0,301000.0,24338.767,48361.882
Fe,I,416.3676,416.368842,363.0,,21715.732,45726.13
Fe,I,416.4781,416.477932,930.0,,24118.819,48122.928
Fe,I,416.5358,416.535856,200.0,,29356.744,53357.515
Fe,I,416.54175,416.54177,447.0,,29313.008,53313.438
Fe,I,416.78584,416.78587,1050.0,585000.0,26627.609,50613.983
Fe,I,416.79549,416.7956,650.0,,29798.936,53784.75
Fe,I,416.86145,416.861404,282.0,680000.0,27166.82,51148.848
Fe,I,416.89413,416.894277,417.0,1900000.0,27559.583,51539.72
Fe,I,416.9756,416.975708,263.0,1000000.0,27394.691,51370.145
Fe,I,417.09015,417.090127,5100.0,6290000.0,24335.766,48304.643
Fe,I,417.10404,417.1044,1550.0,,34843.957,58812.015
Fe,I,417.16905,417.16902,930.0,2010000.0,29798.936,53763.28
Fe,I,417.1899,417.18993,1350.0,1090000.0,26623.735,50586.878
Fe,I,417.20391,,2950.0,,,
Fe,I,417.21219,417.212183,6600.0,9800000.0,26224.969,50186.834
Fe,I,417.2573,417.25739,158.0,,26627.609,50586.878
Fe,I,417.26405,417.264025,1290.0,2240000.0,26874.55,50833.438
Fe,I,417.27445,417.274423,11500.0,64600.0,7728.06,31686.351
Fe,I,417.2962,417.29632,209.0,,34017.103,57974.137
Fe,I,417.3181,417.317796,158.0,,27394.691,51350.492
Fe,I,417.33148,417.331471,1580.0,2630000.0,22946.816,46901.832
Fe,I,417.3472,417.347343,520.0,,24335.766,48289.871
Fe,I,417.39205,417.392038,4470.0,65000.0,7985.785,31937.325
Fe,I,417.4402,417.43999,240.0,,28819.954,52768.743
Fe,I,417.49128,417.491238,13500.0,58700.0,7376.764,31322.613
Fe,I,417.56358,417.563572,15800.0,11400000.0,22946.816,46888.517
Fe,I,417.5898,417.589404,240.0,,27394.691,51334.911
Fe,I,417.65656,417.656554,6600.0,,27166.82,51103.191
Fe,I,417.6864,417.68669,240.0,,34547.211,58481.855
Fe,I,417.7085,417.707581,141.0,,26874.55,50807.997
Fe,I,417.75936,417.759354,12900.0,37100.0,7376.764,31307.245
Fe,I,418.041,418.04085,186.0,,21999.13,45913.497
Fe,I,418.1186,418.11869,71.0,,29320.026,53229.941
Fe,I,418.15497,418.15491,417.0,,28604.613,52512.457
Fe,I,418.17544,418.175449,49000.0,23200000.0,22838.323,46744.993
Fe,I,418.23823,418.238239,3980.0,5040000.0,24335.766,48238.847
Fe,I,418.27575,418.275792,417.0,1300000.0,27559.583,51460.518
Fe,I,418.3006,418.300399,129.0,400000.0,27394.691,51294.22
Fe,I,418.48915,418.48913,16600.0,10300000.0,22838.323,46727.074
Fe,I,418.70387,418.703842,49000.0,21500000.0,19757.032,43633.533
Fe,I,418.75868,418.758722,1000.0,4480000.0,27666.348,51539.72
Fe,I,418.77952,418.779491,52000.0,15200000.0,19562.439,43434.627
Fe,I,418.8327,418.83258,182.0,,34328.752,58197.914
Fe,I,418.87313,418.8731,1580.0,,34843.957,58710.811
Fe,I,418.95563,418.955784,479.0,2700000.0,29798.936,53661.079
Fe,I,419.14304,419.142997,33900.0,27300000.0,19912.495,43763.98
Fe,I,419.16763,419.167654,2690.0,4060000.0,23051.75,46901.832
Fe,I,419.36039,419.36049,65.0,,19621.006,43460.121
Fe,I,419.4493,419.44886,89.0,,21999.13,45833.223
Fe,I,419.53288,419.532874,9100.0,11100000.0,26874.55,50703.87
Fe,I,419.56176,419.56175,1150.0,1210000.0,24335.766,48163.446
Fe,I,419.62081,419.620852,4790.0,10900000.0,27394.691,51219.015
Fe,I,419.65308,419.65307,1020.0,300000.0,23783.619,47606.114
Fe,I,419.66712,419.66709,890.0,,19621.006,43442.705
Fe,I,419.7097,419.709607,,,7985.785,31805.071
Fe,I,419.82466,419.824651,9100.0,14700000.0,27166.82,50979.579
Fe,I,419.83041,419.830363,29500.0,8030000.0,19350.891,43163.326
Fe,I,419.8528,419.852526,219.0,,24118.819,47929.997
Fe,I,419.86338,419.863389,3390.0,12500000.0,27559.583,51370.145
Fe,I,419.9095,419.909489,,49200000.0,24574.655,48382.603
Fe,I,419.9361,419.936282,158.0,,23783.619,47590.048
Fe,I,419.99832,419.998366,1320.0,,704.007,24506.917
Fe,I,420.0779,420.077749,71.0,,12968.554,36766.966
Fe,I,420.09239,420.092401,2340.0,6250000.0,27394.691,51192.273
Fe,I,420.20289,420.202885,148000.0,8220000.0,11976.239,35767.564
Fe,I,420.233,420.233478,229.0,,20874.482,44664.075
Fe,I,420.27527,420.275278,1910.0,253000.0,24574.655,48361.882
Fe,I,420.35675,420.356851,1050.0,17000.0,8154.714,31937.325
Fe,I,420.3938,420.3938,2750.0,2970000.0,29313.008,53093.529
Fe,I,420.39845,420.398445,12300.0,7370000.0,22946.816,46727.074
Fe,I,420.55382,420.553882,980.0,2770000.0,27559.583,51331.052
Fe,I,420.66964,420.669619,11500.0,5900.0,415.933,24180.862
Fe,I,420.71268,420.712709,3550.0,4800000.0,22838.323,46600.818
Fe,I,420.86038,420.860387,2750.0,,27394.691,51148.848
Fe,I,420.9829,420.98282,50.0,,34843.957,58591.206
Fe,I,421.03433,421.0343,18200.0,14800000.0,20019.635,43763.98
Fe,I,421.0383,421.03829,3720.0,7180000.0,24772.018,48516.138
Fe,I,421.36471,421.36476,6600.0,21000000.0,22946.816,46672.54
Fe,I,421.5423,421.54231,3020.0,598000.0,24118.819,47834.55
Fe,I,421.5477,421.54816,240.0,,24118.819,47834.221
Fe,I,421.59675,421.59673,650.0,,21715.732,45428.402
Fe,I,421.61835,421.618312,54000.0,18400.0,0.0,23711.456
Fe,I,421.75453,421.75454,6900.0,24600000.0,27666.348,51370.145
Fe,I,421.93601,421.93595,32400.0,28800000.0,28819.954,52513.56
Fe,I,421.94141,421.94142,1740.0,529000.0,24118.819,47812.118
Fe,I,422.0049,422.00483,174.0,2800000.0,31686.351,55376.09
Fe,I,422.03414,422.03412,3310.0,18300000.0,24772.018,48460.113
Fe,I,422.22128,422.22127,20400.0,5760000.0,19757.032,43434.627
Fe,I,422.32329,422.32339,282.0,,19788.251,43460.121
Fe,I,422.37286,422.37285,324.0,,23783.619,47452.717
Fe,I,422.41714,422.41711,8100.0,10600000.0,27166.82,50833.438
Fe,I,422.45125,422.45128,1950.0,6810000.0,27666.348,51331.052
Fe,I,422.5454,422.54541,7900.0,16500000.0,27559.583,51219.015
Fe,I,422.5713,422.5714,229.0,,34039.516,57697.493
Fe,I,422.59554,422.59555,10500.0,1320000.0,24574.655,48231.28
Fe,I,422.63426,422.63434,380.0,,19788.251,43442.705
Fe,I,422.64237,422.64241,3160.0,4300000.0,22946.816,46600.818
Fe,I,422.74263,422.74264,54000.0,52900000.0,26874.55,50522.944
Fe,I,422.8718,422.8717,71.0,,27166.82,50807.997
Fe,I,422.9404,422.94052,105.0,,20874.482,44511.812
Fe,I,422.951,422.95093,1120.0,2930000.0,26406.465,50043.213
Fe,I,422.97514,422.97531,780.0,19900.0,11976.239,35611.625
Fe,I,423.2726,423.27261,1200.0,878.0,888.132,24506.917
Fe,I,423.36025,423.36021,42700.0,18500000.0,20019.635,43633.533
Fe,I,423.5387,423.53857,427.0,1570000.0,27394.691,50998.645
Fe,I,423.5817,423.58209,40.0,,19390.168,42991.697
Fe,I,423.59367,423.59361,89000.0,18800000.0,19562.439,43163.326
Fe,I,423.70739,423.70733,540.0,2220.0,7728.06,31322.613
Fe,I,423.7671,423.76701,251.0,,24338.767,47929.997
Fe,I,423.80235,423.80231,3390.0,,27559.583,51148.848
Fe,I,423.8608,423.86116,219.0,,29313.008,52898.998
Fe,I,423.88097,423.88096,15100.0,24100000.0,27394.691,50979.579
Fe,I,423.9361,423.93617,510.0,1300000.0,29371.812,52953.629
Fe,I,423.97321,423.9732,6300.0,846000.0,23783.619,47363.376
Fe,I,423.98474,423.98477,8500.0,767000.0,21715.732,45294.846
Fe,I,423.99421,423.99422,372.0,,24772.018,48350.606
Fe,I,424.03705,424.03704,1000.0,6700000.0,28604.613,52180.82
Fe,I,424.06938,424.06919,339.0,,24118.819,47693.239
Fe,I,424.1114,424.11168,195.0,430000.0,22838.323,46410.381
Fe,I,424.25957,424.25952,540.0,119000.0,21999.13,45562.974
Fe,I,424.27291,424.27294,1200.0,1320000.0,26623.735,50186.834
Fe,I,424.33682,424.33683,600.0,,29356.744,52916.295
Fe,I,424.3541,424.35434,224.0,,29798.936,53357.515
Fe,I,424.38159,424.38152,389.0,2500000.0,31322.613,54879.683
Fe,I,424.52569,424.52573,5600.0,9000000.0,23051.75,46600.818
Fe,I,424.53441,424.5344,1170.0,1010000.0,26874.55,50423.137
Fe,I,424.60125,424.60126,240.0,,26406.465,49951.344
Fe,I,424.60847,424.60841,1260.0,5850000.0,29371.812,52916.295
Fe,I,424.73058,424.73054,1450.0,102000.0,19788.251,43325.964
Fe,I,424.74253,424.7425,15800.0,19400000.0,27166.82,50703.87
Fe,I,424.82238,424.82237,2820.0,3820000.0,24772.018,48304.643
Fe,I,424.84023,424.84021,316.0,,8154.714,31686.351
Fe,I,424.9579,424.95833,145.0,,20641.11,44166.206
Fe,I,425.01192,425.01188,71000.0,20700000.0,19912.495,43434.627
Fe,I,425.0191,425.0188,219.0,,19390.168,42911.917
Fe,I,425.07866,425.07864,214000.0,10200000.0,12560.934,36079.372
Fe,I,425.08915,425.08921,398.0,,24772.018,48289.871
Fe,I,425.1497,425.14979,,,29798.936,53313.438
Fe,I,425.1641,425.16442,50.0,,19390.168,42903.861
Fe,I,425.393,425.39297,191.0,,29356.744,52857.804
Fe,I,425.4945,425.49447,690.0,143000.0,24338.767,47834.221
Fe,I,425.55001,425.55004,890.0,713000.0,24338.767,47831.153
Fe,I,425.6205,425.62001,135.0,,27559.583,51048.107
Fe,I,425.6309,425.63112,204.0,,19621.006,43108.917
Fe,I,425.6807,425.68043,71.0,,34328.752,57813.942
Fe,I,425.83156,425.83157,3240.0,2540.0,704.007,24180.862
Fe,I,425.86109,425.86133,331.0,800000.0,22838.323,46313.537
Fe,I,425.89514,425.89513,980.0,234000.0,24338.767,47812.118
Fe,I,425.9336,425.93364,151.0,41900.0,24118.819,47590.048
Fe,I,425.99989,425.99989,1200.0,1570000.0,26874.55,50342.129
Fe,I,426.00803,426.00813,200.0,,27394.691,50861.816
Fe,I,426.01349,426.0135,1410.0,2200000.0,24772.018,48238.847
Fe,I,426.04741,426.04736,224000.0,39900000.0,19350.891,42815.855
Fe,I,426.07286,426.07277,219.0,,22946.816,46410.381
Fe,I,426.42032,426.42033,870.0,1620000.0,27166.82,50611.261
Fe,I,426.5236,426.52359,170.0,,31937.325,55376.09
Fe,I,426.52678,426.52683,437.0,,31686.351,55124.938
Fe,I,426.69642,426.69641,6200.0,627000.0,21999.13,45428.402
Fe,I,426.7389,426.73914,120.0,,34547.211,57974.137
Fe,I,426.78262,426.78263,4680.0,8170000.0,25091.599,48516.138
Fe,I,426.87485,426.87486,1660.0,3300000.0,26623.735,50043.213
Fe,I,427.11535,427.11531,87000.0,18200000.0,19757.032,43163.326
Fe,I,427.17602,427.17599,630000.0,22800000.0,11976.239,35379.208
Fe,I,427.1942,427.19406,288.0,,19621.006,43022.985
Fe,I,427.38682,427.38676,479.0,,24772.018,48163.446
Fe,I,427.5698,427.56979,288.0,55900.0,20641.11,44022.525
Fe,I,427.66758,427.66743,479.0,2600000.0,31307.245,54683.322
Fe,I,427.82311,427.823,580.0,1000000.0,27166.82,50534.397
Fe,I,427.9488,427.94878,398.0,1500000.0,31322.613,54683.322
Fe,I,427.987,427.98685,115.0,650000.0,23051.75,46410.381
Fe,I,428.0539,428.0535,,310000.0,26105.908,49460.902
Fe,I,428.24026,428.24026,89000.0,12100000.0,17550.181,40894.99
Fe,I,428.4405,428.44051,,110000.0,24118.819,47452.717
Fe,I,428.4405,428.4408,,,35257.324,58591.206
Fe,I,428.54417,428.54415,4170.0,1780000.0,26105.908,49434.163
Fe,I,428.5822,428.58234,324.0,1300000.0,29356.744,52682.92
Fe,I,428.6434,428.64319,520.0,170000.0,23783.619,47106.484
Fe,I,428.6864,428.68631,316.0,,27559.583,50880.102
Fe,I,428.69834,428.69829,590.0,,31805.071,55124.938
Fe,I,428.7938,428.79396,229.0,,27666.348,50981.012
Fe,I,428.81455,428.81455,3470.0,449000.0,22249.429,45562.974
Fe,I,428.8956,428.89548,339.0,292000.0,20874.482,44183.628
Fe,I,428.99143,428.99149,417.0,,27394.691,50698.62
Fe,I,429.03786,429.03789,1780.0,629000.0,24118.819,47420.228
Fe,I,429.08644,429.08641,269.0,383000.0,22838.323,46137.097
Fe,I,429.14634,429.14629,9800.0,3350.0,415.933,23711.456
Fe,I,429.2117,429.2117,145.0,,17550.181,40842.154
Fe,I,429.2163,429.21629,166.0,,20874.482,44166.206
Fe,I,429.22841,429.22847,234.0,,17726.988,41018.051
Fe,I,429.3798,429.37979,600.0,,19621.006,42903.861
Fe,I,429.40374,429.40371,407.0,,20641.11,43922.668
Fe,I,429.41245,429.41244,58000.0,3120000.0,11976.239,35257.324
Fe,I,429.80362,429.80364,6300.0,1230000.0,24574.655,47834.55
Fe,I,429.9235,429.9234,,12900000.0,19562.439,42815.855
Fe,I,429.9235,429.92394,,,26351.04,49604.427
Fe,I,429.9467,429.94666,219.0,,26224.969,49477.127
Fe,I,429.96283,429.96288,500.0,265000.0,24338.767,47590.048
Fe,I,430.0206,430.02036,115.0,650000.0,31307.245,54555.418
Fe,I,430.21855,430.21856,2750.0,770000.0,24574.655,47812.118
Fe,I,430.45405,430.45402,1550.0,306000.0,23783.619,47008.371
Fe,I,430.5131,430.51336,120.0,,21999.13,45220.681
Fe,I,430.52067,430.52061,347.0,470000.0,28604.613,51825.773
Fe,I,430.54502,430.54501,3890.0,5540000.0,24335.766,47555.61
Fe,I,430.6578,430.65796,129.0,,27666.348,50880.102
Fe,I,430.7704,430.77042,182.0,,26351.04,49558.734
Fe,I,430.7902,430.79017,630000.0,33800000.0,12560.934,35767.564
Fe,I,430.8495,430.84928,52.0,,19788.251,42991.697
Fe,I,430.90304,430.90303,2290.0,1960000.0,29313.008,52513.56
Fe,I,430.93742,430.93741,10500.0,1780000.0,23783.619,46982.32
Fe,I,430.94535,430.94538,331.0,,25091.599,48289.871
Fe,I,431.0374,431.03717,324.0,2400000.0,31686.351,54879.683
Fe,I,431.50843,431.50844,62000.0,7760000.0,17726.988,40894.99
Fe,I,431.7047,431.70482,129.0,520000.0,28604.613,51762.076
Fe,I,431.8801,431.88051,309.0,,20874.482,44022.525
Fe,I,432.0483,432.0486,120.0,,27559.583,50698.62
Fe,I,432.4948,432.49479,398.0,,17726.988,40842.154
Fe,I,432.51747,432.51754,407.0,,24338.767,47452.717
Fe,I,,432.573891,,,0.0,23110.939
Fe,I,432.57616,432.57616,830000.0,51600000.0,12968.554,36079.372
Fe,I,432.59397,432.59405,720.0,481000.0,26351.04,49460.902
Fe,I,432.6753,432.67529,1200.0,463000.0,23783.619,46889.142
Fe,I,432.70953,432.70954,3630.0,11200000.0,28604.613,51708.307
Fe,I,432.79031,432.79034,790.0,716000.0,26627.609,49726.99
Fe,I,433.09516,433.09517,200.0,,26351.04,49434.163
Fe,I,433.7046,433.70454,22900.0,1020000.0,12560.934,35611.625
Fe,I,433.7517,433.75168,100.0,,20874.482,43922.668
Fe,I,433.82475,433.82574,295.0,79000.0,17550.181,40594.432
Fe,I,434.049,434.04889,170.0,,22249.429,45281.833
Fe,I,434.1813,434.18115,89.0,,28604.613,51630.001
Fe,I,434.32161,434.32153,316.0,,33095.941,56113.887
Fe,I,434.3271,434.32708,,1600000.0,26224.969,49242.621
Fe,I,434.36972,434.36971,1260.0,621000.0,24574.655,47590.048
Fe,I,434.3869,434.38726,110.0,,28604.613,51619.076
Fe,I,434.44993,434.4499,331.0,,29056.324,52067.469
Fe,I,434.489,434.48861,182.0,,33507.123,56516.218
Fe,I,434.65523,434.65522,1450.0,752000.0,26627.609,49627.884
Fe,I,434.72333,434.723287,398.0,123.0,0.0,22996.674
Fe,I,434.78323,434.78332,407.0,1700000.0,29056.324,52049.823
Fe,I,434.89363,434.89366,1070.0,282000.0,24118.819,47106.484
Fe,I,435.15436,435.15437,2340.0,939000.0,24118.819,47092.712
Fe,I,435.27344,435.27345,36300.0,3630000.0,17927.382,40894.99
Fe,I,435.84989,435.85007,1860.0,809000.0,23783.619,46720.842
Fe,I,435.8684,435.86835,155.0,,24335.766,47272.027
Fe,I,436.08029,436.0804,166.0,1000000.0,29371.812,52296.92
Fe,I,436.58964,436.58963,520.0,281000.0,24118.819,47017.188
Fe,I,436.75782,436.75781,9100.0,1560000.0,24118.819,47008.371
Fe,I,436.79033,436.79032,1860.0,90900.0,12968.554,35856.402
Fe,I,436.97715,436.97716,27500.0,6090000.0,24574.655,47452.717
Fe,I,437.0981,437.09763,71.0,,17550.181,40421.938
Fe,I,437.29814,437.29863,347.0,180000.0,24335.766,47197.01
Fe,I,437.35604,437.35605,1510.0,1040000.0,24338.767,47197.01
Fe,I,437.44889,437.44888,620.0,168000.0,26623.735,49477.127
Fe,I,437.5476,437.54768,141.0,153000.0,28819.954,51668.186
Fe,I,437.59298,437.592935,138000.0,29500.0,0.0,22845.869
Fe,I,437.59859,437.5986,389.0,,24574.655,47420.228
Fe,I,437.6774,437.67725,,535000.0,24335.766,47177.234
Fe,I,437.6774,437.67821,,,29371.812,52213.23
Fe,I,437.77913,437.77906,372.0,380000.0,26406.465,49242.621
Fe,I,438.27677,438.27676,2450.0,1540000.0,28819.954,51630.178
Fe,I,438.35447,438.35444,141000.0,50000000.0,11976.239,34782.421
Fe,I,438.46719,438.46718,520.0,540000.0,24335.766,47136.084
Fe,I,438.52493,438.5249,209.0,,24338.767,47136.084
Fe,I,438.78909,438.78908,3240.0,3460000.0,24772.018,47555.61
Fe,I,438.84065,438.84066,5100.0,10300000.0,29056.324,51837.238
Fe,I,438.9245,438.92442,,1810.0,415.933,23192.5
Fe,I,439.04477,439.04478,251.0,140000.0,24118.819,46889.142
Fe,I,439.0752,439.07509,151.0,,34039.516,56808.267
Fe,I,439.09502,439.09503,5500.0,1160000.0,24338.767,47106.484
Fe,I,439.1863,439.1861,363.0,1100000.0,31686.351,54449.347
Fe,I,439.2579,439.25795,166.0,410000.0,31307.245,54066.518
Fe,I,439.3024,439.30286,40.0,,24335.766,47092.712
Fe,I,439.309,439.30914,141.0,,33695.397,56452.018
Fe,I,439.52738,439.52739,251.0,1700000.0,29469.024,52214.345
Fe,I,439.5497,439.54983,209.0,,31322.613,54066.773
Fe,I,440.12896,440.12897,2190.0,6400000.0,29056.324,51770.557
Fe,I,440.14426,440.14425,950.0,818000.0,22838.323,45551.767
Fe,I,440.3175,440.31749,162.0,,36686.176,59390.684
Fe,I,440.47501,440.47498,810000.0,27500000.0,12560.934,35257.324
Fe,I,440.50187,440.50185,1070.0,295.0,415.933,23110.939
Fe,I,440.7233,440.72342,257.0,,29056.324,51739.92
Fe,I,440.7657,440.76567,158.0,,24335.766,47017.188
Fe,I,440.77089,440.77086,2690.0,730000.0,17550.181,40231.336
Fe,I,440.84132,440.84132,3890.0,1920000.0,17726.988,40404.518
Fe,I,440.91192,440.91189,468.0,740000.0,26623.735,49297.635
Fe,I,441.4931,441.49315,151.0,,31322.613,53966.662
Fe,I,441.51222,441.51221,288000.0,11900000.0,12968.554,35611.625
Fe,I,441.8419,441.84194,138.0,,24118.819,46744.993
Fe,I,442.25678,442.25677,12300.0,8720000.0,22946.816,45551.767
Fe,I,442.31412,442.31407,295.0,130000.0,24118.819,46720.842
Fe,I,442.38405,442.3841,427.0,1800000.0,29469.024,52067.469
Fe,I,442.4068,442.40673,120.0,237000.0,29371.812,51969.101
Fe,I,442.41876,442.41873,251.0,,28604.613,51201.289
Fe,I,442.5656,442.56574,200.0,,28819.954,51409.124
Fe,I,442.5752,442.57511,89.0,,26339.696,48928.388
Fe,I,,442.72981,,,29469.024,52049.823
Fe,I,442.73096,442.73095,117000.0,34100.0,415.933,22996.674
Fe,I,442.8567,442.85702,110.0,,31805.071,54379.384
Fe,I,442.9187,442.91906,195.0,,31686.351,54257.502
Fe,I,443.01888,443.01887,1120.0,2000000.0,24335.766,46901.832
Fe,I,443.06137,443.06136,4170.0,7450000.0,17927.382,40491.284
Fe,I,443.25675,443.25674,810.0,840000.0,28819.954,51373.91
Fe,I,443.32184,443.32183,3720.0,21000000.0,29469.024,52019.669
Fe,I,443.37821,443.37818,1230.0,2620000.0,29056.324,51604.103
Fe,I,443.51486,443.51485,4900.0,4720.0,704.007,23244.838
Fe,I,443.69203,443.69204,1100.0,282000.0,24574.655,47106.484
Fe,I,443.8343,443.83425,417.0,8500000.0,29732.736,52257.346
Fe,I,443.9634,443.9634,,,36686.176,59204.233
Fe,I,443.9634,443.96341,,79000.0,24574.655,47092.712
Fe,I,443.98805,443.98812,680.0,67300.0,18378.186,40894.99
Fe,I,444.0479,444.04789,145.0,450000.0,29056.324,51570.097
Fe,I,444.08236,444.08243,102.0,3000000.0,31937.325,54449.347
Fe,I,444.0969,444.09691,40.0,,26623.735,49135.023
Fe,I,444.1545,444.15464,71.0,,31322.613,53830.975
Fe,I,444.23387,444.23386,13500.0,3760000.0,17726.988,40231.336
Fe,I,444.28313,444.2831,1910.0,109000.0,17550.181,40052.035
Fe,I,444.3194,444.31938,,10200000.0,23051.75,45551.767
Fe,I,444.3194,444.31953,,,24772.018,47272.027
Fe,I,444.54712,444.54707,427.0,244.0,704.007,23192.5
Fe,I,444.68318,444.68319,760.0,5380000.0,29732.736,52214.345
Fe,I,444.6896,444.68956,105.0,,26627.609,49108.896
Fe,I,444.71301,444.71298,1780.0,89100.0,17726.988,40207.091
Fe,I,444.7717,444.77169,9500.0,5110000.0,17927.382,40404.518
Fe,I,444.7805,444.78027,162.0,,34039.516,56516.218
Fe,I,445.03153,445.03156,760.0,1150000.0,25091.599,47555.61
Fe,I,445.0767,445.07667,71.0,230000.0,31307.245,53768.979
Fe,I,445.2609,445.26109,,830000.0,31805.071,54257.502
Fe,I,445.2799,445.27991,214.0,,20874.482,43325.964
Fe,I,445.43807,445.43808,8300.0,3380000.0,22838.323,45281.833
Fe,I,445.46709,445.46706,209.0,,29320.026,51762.076
Fe,I,445.5027,445.50269,740.0,4100000.0,31307.245,53747.5
Fe,I,445.63254,445.63255,1150.0,206000.0,24574.655,47008.371
Fe,I,445.66299,445.6628,219.0,680000.0,31307.245,53739.438
Fe,I,445.80799,445.808,830.0,,31322.613,53747.5
Fe,I,,445.85765,,0.03,415.933,22838.323
Fe,I,,445.85765,,0.003,415.933,22838.323
Fe,I,445.91173,445.9117,9500.0,2520000.0,17550.181,39969.853
Fe,I,445.93524,445.93521,550.0,,33695.397,56113.887
Fe,I,446.11964,446.11955,457.0,,24335.766,46744.993
Fe,I,446.13726,446.13719,269.0,,27543.003,49951.344
Fe,I,446.16525,446.16524,74000.0,29500.0,704.007,23110.939
Fe,I,446.197,446.19682,,2310000.0,29056.324,51461.67
Fe,I,446.197,446.1971,,,29356.744,51762.076
Fe,I,446.2195,446.21977,200.0,,29056.324,51460.518
Fe,I,446.3132,446.31302,25.0,,24772.018,47171.531
Fe,I,446.3407,446.34038,170.0,,34328.752,56726.892
Fe,I,446.46872,446.46903,234.0,,26140.179,48531.865
Fe,I,446.47662,446.47657,890.0,666000.0,24335.766,46727.074
Fe,I,446.65515,446.6551,45700.0,12000000.0,22838.323,45220.681
Fe,I,446.69383,446.69374,510.0,3200000.0,31686.351,54066.773
Fe,I,446.93753,446.93754,8300.0,15900000.0,29469.024,51837.238
Fe,I,447.1677,447.1676,132.0,112.0,888.132,23244.838
Fe,I,447.2711,447.27049,780.0,,29356.744,51708.307
Fe,I,447.60183,447.60184,25100.0,10100000.0,22946.816,45281.833
Fe,I,447.60752,447.60753,8100.0,,29732.736,52067.469
Fe,I,447.80179,447.80174,151.0,16000.0,17726.988,40052.035
Fe,I,447.96025,447.95979,1230.0,,29313.008,51630.178
Fe,I,447.99626,447.99621,447.0,,32133.991,54449.347
Fe,I,448.01363,448.01366,1150.0,431000.0,24574.655,46889.142
Fe,I,448.0271,448.02703,158.0,,29056.324,51370.145
Fe,I,448.1609,448.16089,540.0,4500000.0,29732.736,52039.892
Fe,I,448.21696,448.21691,37200.0,20900.0,888.132,23192.5
Fe,I,448.22524,448.22523,7800.0,2190000.0,17927.382,40231.336
Fe,I,448.2739,448.27389,850.0,2300000.0,29469.024,51770.557
Fe,I,448.3777,448.37762,110.0,140000.0,29371.812,51668.186
Fe,I,448.42195,448.42198,4570.0,5040000.0,29056.324,51350.492
Fe,I,448.56753,448.56756,1700.0,11000000.0,29732.736,52019.669
Fe,I,448.5972,448.59695,151.0,530000.0,29469.024,51754.497
Fe,I,448.7736,448.77372,110.0,58000.0,26105.908,48382.603
Fe,I,448.81328,448.81335,389.0,1400000.0,29056.324,51331.052
Fe,I,448.89066,448.89057,457.0,976000.0,29469.024,51739.92
Fe,I,448.97388,448.97387,12900.0,11900.0,978.074,23244.838
Fe,I,449.00837,449.0084,2240.0,3300000.0,24335.766,46600.818
Fe,I,449.07597,449.07596,790.0,,31805.071,54066.773
Fe,I,449.08104,449.08111,166.0,,31805.071,54066.518
Fe,I,449.2678,449.26783,107.0,2600000.0,32133.991,54386.186
Fe,I,449.337,449.33711,129.0,,28819.954,51068.718
Fe,I,449.40552,449.40521,191.0,,32133.991,54379.384
Fe,I,449.44645,449.44644,240.0,,23783.619,46026.971
Fe,I,449.45629,449.45628,12600.0,3450000.0,17726.988,39969.853
Fe,I,,449.45742,,0.044,704.007,22946.816
Fe,I,,449.45742,,0.004,704.007,22946.816
Fe,I,449.55677,449.55672,170.0,,29056.324,51294.22
Fe,I,449.59528,449.59525,437.0,1400000.0,29469.024,51705.014
Fe,I,449.8533,449.8536,62.0,,31322.613,53545.833
Fe,I,449.9136,449.91353,110.0,,36686.176,58906.436
Fe,I,450.063,450.06348,141.0,,36766.966,58979.823
Fe,I,450.25906,450.25907,620.0,120000.0,28819.954,51023.162
Fe,I,450.48303,450.48304,427.0,280000.0,26339.696,48531.865
Fe,I,450.7213,450.72151,79.0,,25091.599,47272.027
Fe,I,450.97339,450.97346,162.0,,34039.516,56207.552
Fe,I,,451.06336,,0.1,888.132,23051.75
Fe,I,451.082,451.08223,71.0,,29056.324,51219.015
Fe,I,451.41836,451.41839,830.0,440000.0,24574.655,46720.842
Fe,I,451.4416,451.44149,129.0,,36686.176,58831.23
Fe,I,451.45,451.45026,257.0,,31686.351,53830.975
Fe,I,451.5166,451.5165,89.0,44000.0,23192.5,45333.875
Fe,I,451.75242,451.75239,1120.0,1510000.0,24772.018,46901.832
Fe,I,451.84318,451.84308,170.0,21000.0,26105.908,48231.28
Fe,I,451.85768,451.85777,195.0,9100.0,17927.382,40052.035
Fe,I,452.33984,452.33987,245.0,520000.0,29469.024,51570.097
Fe,I,452.51365,452.51364,6000.0,,29056.324,51148.91
Fe,I,452.5863,452.58635,60.0,47000.0,23244.838,45333.875
Fe,I,452.63986,452.63981,650.0,,31307.245,53393.673
Fe,I,452.65605,452.65606,468.0,,25091.599,47177.234
Fe,I,452.77824,452.77827,209.0,130000.0,26224.969,48304.643
Fe,I,452.8479,452.84788,135.0,,36686.176,58762.456
Fe,I,452.86139,452.86136,65000.0,5440000.0,17550.181,39625.804
Fe,I,452.87567,452.87566,710.0,369000.0,26627.609,48702.535
Fe,I,452.88207,452.88204,200.0,,24335.766,46410.381
Fe,I,452.95508,452.95499,680.0,,31322.613,53393.673
Fe,I,452.96758,,1620.0,,,
Fe,I,453.11478,453.11477,13800.0,252000.0,11976.239,34039.516
Fe,I,453.163,453.16255,,,25899.989,47960.94
Fe,I,453.163,453.16356,,,29313.008,51373.91
Fe,I,453.3956,453.39576,63.0,,23783.619,45833.223
Fe,I,453.6486,453.64866,71.0,,29371.812,51409.124
Fe,I,453.7673,453.76703,,31000.0,26351.04,48382.603
Fe,I,453.88363,453.88362,178.0,,31805.071,53830.975
Fe,I,454.06719,454.06716,145.0,,24118.819,46135.82
Fe,I,454.13138,454.13158,98.0,,26224.969,48238.847
Fe,I,454.19413,454.19422,120.0,30000.0,26351.04,48361.882
Fe,I,454.24118,454.24117,295.0,450000.0,29356.744,51365.311
Fe,I,454.26983,454.26971,162.0,,29732.736,51739.92
Fe,I,454.70166,454.70169,148.0,15000.0,12560.934,34547.211
Fe,I,454.78471,454.78468,7800.0,4480000.0,28604.613,50586.878
Fe,I,454.94666,454.94655,830.0,,31307.245,53281.689
Fe,I,455.16467,455.16479,204.0,330000.0,31805.071,53768.979
Fe,I,455.25413,,1740.0,,,
Fe,I,455.44509,455.4451,186.0,47000.0,23110.939,45061.329
Fe,I,455.61256,455.61259,4070.0,10500000.0,29056.324,50998.645
Fe,I,455.69247,455.69242,71.0,140000.0,26224.969,48163.446
Fe,I,455.81051,455.81054,209.0,,29371.812,51304.604
Fe,I,456.00878,456.00883,380.0,470000.0,29056.324,50979.579
Fe,I,456.1414,456.14132,120.0,,35611.625,57528.512
Fe,I,456.46983,456.46969,209.0,,29469.024,51370.145
Fe,I,456.48211,456.48218,269.0,,24772.018,46672.54
Fe,I,456.53099,456.53104,178.0,220000.0,26406.465,48304.643
Fe,I,456.54112,456.54107,100.0,,35856.402,57754.099
Fe,I,456.56616,456.56615,427.0,400000.0,26140.179,48036.673
Fe,I,456.65142,456.65147,398.0,448000.0,26623.735,48516.138
Fe,I,456.68665,456.6865,129.0,,34782.421,56673.145
Fe,I,456.69882,456.69893,71.0,590000.0,27543.003,49433.131
Fe,I,456.8602,456.86022,40.0,,31686.351,53568.751
Fe,I,456.87629,456.87634,347.0,,26339.696,48221.324
Fe,I,456.88389,456.88396,275.0,,29320.026,51201.289
Fe,I,456.9055,456.90532,,,26351.04,48231.28
Fe,I,457.14375,457.14374,76.0,28000.0,23192.5,45061.329
Fe,I,457.42159,457.42153,309.0,160000.0,25899.989,47755.537
Fe,I,457.47176,457.47173,295.0,82000.0,18378.186,40231.336
Fe,I,457.57799,457.57795,269.0,,26627.609,48475.686
Fe,I,457.6517,457.65194,79.0,,29356.744,51201.289
Fe,I,457.9066,457.9069,20.0,,26406.465,48238.847
Fe,I,457.9326,457.93302,,,22845.869,44677.006
Fe,I,458.0459,458.04601,30.0,,22838.323,44664.075
Fe,I,458.05771,458.05767,245.0,400000.0,29469.024,51294.22
Fe,I,458.1191,458.11937,60.0,,37157.566,58979.823
Fe,I,458.1508,458.15077,,590000.0,26140.179,47960.94
Fe,I,458.2939,458.29425,60.0,,22946.816,44760.746
Fe,I,458.37205,458.37193,112.0,,25091.599,46901.832
Fe,I,458.4716,458.47159,282.0,,29056.324,50861.816
Fe,I,458.48189,458.48188,407.0,,29056.324,50861.327
Fe,I,458.534,458.5339,30.0,,37162.746,58965.275
Fe,I,458.6231,458.62303,182.0,,35257.324,57055.616
Fe,I,458.6992,458.69908,71.0,,24118.819,45913.497
Fe,I,458.71273,458.71274,1510.0,645000.0,28819.954,50613.983
Fe,I,458.772,458.7721,89.0,790000.0,32133.991,53925.2
Fe,I,459.0789,459.07885,155.0,,35379.208,57155.857
Fe,I,459.26508,459.26509,4570.0,161000.0,12560.934,34328.752
Fe,I,459.3525,459.35242,,580000.0,31805.071,53568.751
Fe,I,459.52077,459.5207,204.0,,29313.008,51068.718
Fe,I,459.5358,459.53582,,501000.0,26627.609,48382.603
Fe,I,459.60602,459.60598,680.0,1500000.0,29056.324,50807.997
Fe,I,459.64152,459.64153,117.0,230000.0,29469.024,51219.015
Fe,I,459.65745,459.6575,166.0,,26105.908,47855.143
Fe,I,459.7251,459.725,50.0,,35379.208,57125.25
Fe,I,459.73799,459.73813,129.0,,36766.966,58512.387
Fe,I,459.77451,459.77473,110.0,,37162.746,58906.436
Fe,I,459.78711,459.78716,191.0,,35767.564,57510.666
Fe,I,459.81168,459.81167,1620.0,,26479.381,48221.324
Fe,I,459.8367,459.83665,50.0,,31805.071,53545.833
Fe,I,459.874,459.87447,71.0,,29469.024,51207.998
Fe,I,459.9741,459.97394,71.0,,26627.609,48361.882
Fe,I,459.98422,459.98401,437.0,,34782.421,56516.218
Fe,I,460.09337,460.09314,372.0,77900.0,26105.908,47834.55
Fe,I,460.20007,460.20006,760.0,73600.0,12968.554,34692.148
Fe,I,460.29407,460.29405,12900.0,172000.0,11976.239,33695.397
Fe,I,460.33421,460.3343,95.0,53000.0,22946.816,44664.075
Fe,I,460.39486,460.39483,100.0,58000.0,24118.819,45833.223
Fe,I,460.45572,460.45563,275.0,,36079.372,57790.909
Fe,I,460.48512,460.48496,117.0,,29313.008,51023.162
Fe,I,460.55875,460.55872,204.0,,34843.957,56550.634
Fe,I,460.7647,460.76448,,,32133.991,53830.975
Fe,I,460.7647,460.76462,,,26339.696,48036.673
Fe,I,461.1064,461.10613,89.0,,26623.735,48304.643
Fe,I,461.11846,461.11838,145.0,66400.0,22996.674,44677.006
Fe,I,461.12786,461.12787,4170.0,,29469.024,51148.91
Fe,I,461.32024,461.32025,1450.0,2500000.0,26550.479,48221.324
Fe,I,461.3903,461.39085,79.0,,37409.555,59077.084
Fe,I,461.42051,461.42052,145.0,280000.0,26623.735,48289.871
Fe,I,461.55623,461.55648,138.0,,36940.59,58600.344
Fe,I,461.87574,461.87572,1660.0,136000.0,23783.619,45428.402
Fe,I,461.92877,461.9288,2450.0,5200000.0,29056.324,50698.62
Fe,I,462.5045,462.50449,3470.0,,26140.179,47755.537
Fe,I,462.75464,462.75469,234.0,,26627.609,48231.28
Fe,I,463.012,463.01197,830.0,115000.0,18378.186,39969.853
Fe,I,463.28201,463.28198,324.0,,29469.024,51048.107
Fe,I,463.29114,463.29113,1510.0,75900.0,12968.554,34547.211
Fe,I,463.3756,463.37546,,47000.0,24338.767,45913.497
Fe,I,463.47121,463.47131,129.0,,37409.555,58979.823
Fe,I,463.5617,463.56159,89.0,10000.0,23110.939,44677.006
Fe,I,463.58459,463.58462,870.0,272000.0,22946.816,44511.812
Fe,I,463.667,463.66699,110.0,,24574.655,46135.82
Fe,I,463.7503,463.75029,2950.0,2800000.0,26479.381,48036.673
Fe,I,463.801,463.80096,,3370000.0,29056.324,50611.261
Fe,I,463.96598,463.96533,219.0,,37162.746,58710.047
Fe,I,464.34631,464.34634,1410.0,4410000.0,29469.024,50998.645
Fe,I,464.71788,464.71789,174.0,,37409.555,58921.963
Fe,I,464.74339,464.7434,16200.0,1250000.0,23783.619,45294.846
Fe,I,464.8977,464.89737,132.0,,26351.04,47855.143
Fe,I,464.98162,464.98163,219.0,64000.0,26105.908,47606.114
Fe,I,465.349,465.34887,79.0,,7985.785,29469.024
Fe,I,465.4498,465.44977,3020.0,56400.0,12560.934,34039.516
Fe,I,465.4605,465.4608,,3680000.0,29056.324,50534.397
Fe,I,465.46283,465.46312,3630.0,,25899.989,47377.955
Fe,I,465.6457,465.64519,170.0,,35257.324,56726.892
Fe,I,465.75845,465.75852,170.0,150000.0,22946.816,44411.16
Fe,I,465.82944,465.8294,123.0,35000.0,26351.04,47812.118
Fe,I,466.0431,466.04255,110.0,,35767.564,57218.827
Fe,I,466.1319,466.13233,30.0,,22838.323,44285.454
Fe,I,466.15341,466.15348,158.0,3300000.0,36766.966,58213.124
Fe,I,466.1876,466.18755,151.0,,37521.161,58965.752
Fe,I,466.19699,466.19703,1100.0,138000.0,24118.819,45562.974
Fe,I,466.31779,466.31782,195.0,430000.0,28604.613,50043.213
Fe,I,466.4718,466.47175,110.0,,22946.816,44378.342
Fe,I,466.6111,466.61098,100.0,,34782.421,56207.552
Fe,I,466.74528,466.74533,5400.0,6030000.0,29056.324,50475.288
Fe,I,466.80613,466.80614,380.0,,29732.736,51148.91
Fe,I,466.81341,466.8134,5500.0,,26339.696,47755.537
Fe,I,466.91708,466.91724,1230.0,6270000.0,29469.024,50880.102
Fe,I,467.1414,467.14145,60.0,,37521.161,58921.963
Fe,I,467.283,467.283,110.0,,12968.554,34362.873
Fe,I,467.31633,467.31636,1380.0,3810000.0,29469.024,50861.816
Fe,I,467.32697,467.32704,229.0,,29469.024,50861.327
Fe,I,467.46474,467.4648,120.0,1200.0,12560.934,33946.933
Fe,I,467.5096,467.50935,145.0,,33095.941,54479.902
Fe,I,467.7589,467.75874,79.0,,33507.123,54879.683
Fe,I,467.88455,467.88456,6200.0,4970000.0,29056.324,50423.137
Fe,I,467.9224,467.92174,,,36766.966,58132.081
Fe,I,467.9224,467.92253,,129000.0,26224.969,47590.048
Fe,I,468.02945,468.02946,269.0,7320.0,12968.554,34328.752
Fe,I,468.04669,468.04672,170.0,190000.0,23051.75,44411.16
Fe,I,468.055,468.05516,126.0,,36975.588,58334.613
Fe,I,468.21108,468.21115,234.0,,36766.966,58118.875
Fe,I,468.25601,468.2558,129.0,37000.0,23711.456,45061.329
Fe,I,468.35594,468.35601,468.0,292000.0,22838.323,44183.628
Fe,I,468.4597,468.45954,60.0,,35611.625,56952.213
Fe,I,468.50243,468.50235,155.0,32000.0,22946.816,44285.454
Fe,I,468.73026,468.73023,170.0,,7728.06,29056.324
Fe,I,468.73862,468.7386,560.0,75000.0,22838.323,44166.206
Fe,I,468.7671,468.76698,60.0,,23051.75,44378.342
Fe,I,468.81757,468.81761,229.0,,37157.566,58481.855
Fe,I,469.0138,469.01375,,2290000.0,29732.736,51048.107
Fe,I,469.0369,469.03688,,,26105.908,47420.228
Fe,I,469.0369,469.0371,,,8154.714,29469.024
Fe,I,469.14114,469.14115,11200.0,1010000.0,24118.819,45428.402
Fe,I,469.4859,469.48586,105.0,,35379.208,56673.145
Fe,I,469.4919,469.49175,100.0,,33412.717,54706.387
Fe,I,470.0158,470.01577,,,34843.957,56113.887
Fe,I,470.1044,470.10447,,840000.0,19912.495,41178.412
Fe,I,470.1044,470.10464,,720000.0,29732.736,50998.645
Fe,I,470.2601,470.25977,30.0,,35257.324,56516.218
Fe,I,470.2912,470.29132,79.0,,26105.908,47363.376
Fe,I,470.49478,470.49477,950.0,8800000.0,29732.736,50981.012
Fe,I,470.54567,470.54568,295.0,230000.0,28604.613,49850.59
Fe,I,470.62989,470.62999,65.0,,29371.812,50613.983
Fe,I,470.72742,470.72738,9500.0,,26140.179,47377.955
Fe,I,470.74874,470.74875,780.0,292000.0,22946.816,44183.628
Fe,I,470.89682,470.89683,780.0,398000.0,29356.744,50586.878
Fe,I,470.90878,470.90876,1320.0,,29469.024,50698.62
Fe,I,471.0283,471.02833,8900.0,1050000.0,24338.767,45562.974
Fe,I,471.21053,471.21052,138.0,85000.0,24335.766,45551.767
Fe,I,471.2357,471.23564,120.0,,20019.635,41234.505
Fe,I,471.407,471.40672,45.0,1800000.0,36766.966,57974.137
Fe,I,471.4118,471.41183,20.0,65000.0,26627.609,47834.55
Fe,I,471.41912,471.41915,240.0,,26627.609,47834.221
Fe,I,471.4359,471.43591,129.0,,37157.566,58363.424
Fe,I,471.6839,471.6837,,,26224.969,47419.687
Fe,I,471.6839,471.68424,,,35257.324,56452.018
Fe,I,472.10003,472.10004,790.0,43000.0,24118.819,45294.846
Fe,I,472.5934,472.59377,50.0,,34636.792,55790.696
Fe,I,472.61367,472.61368,89.0,39000.0,24180.862,45333.875
Fe,I,472.7263,472.72667,20.0,,35856.402,57004.359
Fe,I,472.73943,472.73989,2090.0,6850000.0,29732.736,50880.102
Fe,I,472.8164,472.81628,155.0,,32873.632,54017.581
Fe,I,472.85454,472.85457,2090.0,2870000.0,29469.024,50611.261
Fe,I,472.90189,472.90192,780.0,659000.0,32873.632,54013.752
Fe,I,472.96763,472.96784,174.0,160000.0,27394.691,48531.865
Fe,I,473.1041,473.1041,129.0,,32873.632,54004.718
Fe,I,473.35913,473.35912,2690.0,34100.0,11976.239,33095.941
Fe,I,473.40977,473.4098,302.0,1600000.0,34636.792,55754.233
Fe,I,473.58436,473.58428,63.0,1280000.0,32873.632,53983.293
Fe,I,473.67731,473.67727,18200.0,4780000.0,25899.989,47005.506
Fe,I,473.7373,473.73754,20.0,,37409.555,58512.387
Fe,I,473.7594,473.75932,,,24118.819,45220.681
Fe,I,473.7635,473.76347,510.0,187000.0,26351.04,47452.717
Fe,I,474.03398,474.03399,710.0,76900.0,24338.767,45428.402
Fe,I,474.10693,474.10694,288.0,,26874.55,47960.94
Fe,I,474.15294,474.15292,1510.0,729000.0,22838.323,43922.668
Fe,I,474.2938,474.29316,50.0,,33801.572,54879.683
Fe,I,474.3197,474.32016,158.0,,35767.564,56844.475
Fe,I,474.4942,474.49403,60.0,,26351.04,47420.228
Fe,I,474.5128,474.51281,40.0,8200.0,17927.382,38995.736
Fe,I,474.57998,474.57996,1550.0,2270000.0,29469.024,50534.397
Fe,I,474.99474,474.9948,166.0,2000000.0,36766.966,57813.942
Fe,I,475.1084,475.10839,138.0,,33765.306,54807.25
Fe,I,475.4039,475.4036,240.0,,38175.355,59204.233
Fe,I,475.75777,475.7578,1550.0,,26406.465,47419.687
Fe,I,476.6786,476.6787,120.0,,37045.934,58018.561
Fe,I,476.68656,476.68654,158.0,230000.0,27559.583,48531.865
Fe,I,476.832,476.83201,1020.0,,29732.736,50698.62
Fe,I,476.83962,476.83961,690.0,113000.0,23711.456,44677.006
Fe,I,476.86985,476.86988,141.0,,32873.632,53837.851
Fe,I,477.16962,477.16961,229.0,34200.0,17726.988,38678.039
Fe,I,477.28027,477.28037,620.0,53000.0,12560.934,33507.123
Fe,I,477.283,477.28315,950.0,376000.0,24335.766,45281.833
Fe,I,477.3146,477.31457,85.0,,33412.717,54357.405
Fe,I,477.3972,477.39679,141.0,,33765.306,54706.387
Fe,I,477.6067,477.60675,229.0,220000.0,26623.735,47555.61
Fe,I,477.63769,477.63751,132.0,,36766.966,57697.493
Fe,I,477.6481,477.64813,,,33412.717,54342.779
Fe,I,477.94391,477.94389,510.0,2790000.0,27543.003,48460.113
Fe,I,478.59562,478.5957,263.0,400000.0,33412.717,54301.34
Fe,I,478.68067,478.68067,4170.0,1030000.0,24335.766,45220.681
Fe,I,478.78266,478.78265,372.0,105000.0,24180.862,45061.329
Fe,I,478.87566,478.87565,3470.0,386000.0,26105.908,46982.32
Fe,I,,478.919921,,0.039,0.0,20874.482
Fe,I,478.96505,478.96508,11500.0,4570000.0,28604.613,49477.127
Fe,I,479.0743,479.07459,79.0,27000.0,26224.969,47092.712
Fe,I,479.12458,479.12466,324.0,356000.0,26406.465,47272.027
Fe,I,479.2532,479.25329,170.0,,32873.632,53733.594
Fe,I,479.39616,479.39612,141.0,11000.0,24574.655,45428.402
Fe,I,479.7038,479.70331,71.0,,35611.625,56452.018
Fe,I,479.82646,479.82647,479.0,2770000.0,33765.306,54600.35
Fe,I,479.8731,479.87313,174.0,4100.0,12968.554,33801.572
Fe,I,479.94058,479.94059,380.0,370000.0,29356.744,50186.834
Fe,I,480.0128,480.01276,,120000.0,24506.917,45333.875
Fe,I,480.05537,480.0554,115.0,,26627.609,47452.717
Fe,I,480.06487,480.06485,980.0,3010000.0,33412.717,54237.415
Fe,I,480.28794,480.28744,,,29798.936,50613.983
Fe,I,480.28794,480.28802,,1770000.0,29371.812,50186.834
Fe,I,480.45189,480.45172,229.0,,28819.954,49627.884
Fe,I,480.77084,480.77081,720.0,230000.0,27166.82,47960.94
Fe,I,480.8058,480.80551,60.0,,26627.609,47420.228
Fe,I,480.8148,480.81476,229.0,76000.0,26224.969,47017.188
Fe,I,480.86797,480.86793,174.0,,38175.355,58965.275
Fe,I,480.91377,480.91369,129.0,,29798.936,50586.878
Fe,I,480.99381,480.99396,148.0,55000.0,28819.954,49604.427
Fe,I,481.1028,481.10331,60.0,,24772.018,45551.767
Fe,I,481.31125,481.31131,129.0,140000.0,26406.465,47177.234
Fe,I,481.4371,481.43698,71.0,,33765.306,54530.653
Fe,I,481.5235,481.52295,120.0,,27543.003,48304.643
Fe,I,481.77778,481.77781,170.0,21000.0,17927.382,38678.039
Fe,I,482.41656,482.41645,427.0,,29320.026,50043.213
Fe,I,483.1202,483.1197,,,28604.613,49297.635
Fe,I,483.27273,483.27274,740.0,1760000.0,29356.744,50043.213
Fe,I,483.45065,483.45062,158.0,27000.0,19552.478,40231.336
Fe,I,483.58676,483.58672,550.0,1100000.0,33095.941,53768.979
Fe,I,483.788,483.78754,309.0,,35767.564,56432.021
Fe,I,483.8084,483.80882,79.0,,26224.969,46888.517
Fe,I,483.85115,483.85113,710.0,1200000.0,27559.583,48221.324
Fe,I,483.95442,483.95443,3090.0,390000.0,26351.04,47008.371
Fe,I,483.9768,483.9768,141.0,,37157.566,57813.942
Fe,I,484.03214,484.0321,457.0,1700000.0,33507.123,54161.139
Fe,I,484.0896,484.08969,95.0,,33095.941,53747.5
Fe,I,484.17847,484.17841,186.0,,33801.572,54449.347
Fe,I,484.2714,484.2715,60.0,,34039.516,54683.322
Fe,I,484.27881,484.27875,380.0,750000.0,33095.941,53739.438
Fe,I,484.31435,484.31429,1380.0,920000.0,27394.691,48036.673
Fe,I,,484.334752,,0.42,0.0,20641.11
Fe,I,484.40135,484.40133,760.0,362000.0,28604.613,49242.886
Fe,I,484.56478,484.56463,590.0,,29320.026,49951.344
Fe,I,,484.7588,,0.025,415.933,21038.987
Fe,I,484.88832,484.88822,245.0,68900.0,18378.186,38995.736
Fe,I,484.9668,484.9668,89.0,,28819.954,49434.163
Fe,I,485.56729,485.56728,1480.0,,27166.82,47755.537
Fe,I,485.8244,485.8246,79.0,,33801.572,54379.384
Fe,I,485.91215,485.91214,295.0,1100000.0,33801.572,54375.677
Fe,I,485.97411,485.97414,24500.0,16200000.0,23192.5,43763.98
Fe,I,486.09781,486.09775,457.0,130000.0,27394.691,47960.94
Fe,I,486.25966,486.25981,209.0,,33507.123,54066.518
Fe,I,486.36434,486.36435,1350.0,,27666.348,48221.324
Fe,I,486.3779,486.37769,60.0,,24506.917,45061.329
Fe,I,486.8373,486.83731,71.0,,12560.934,33095.941
Fe,I,486.843,486.84348,71.0,,37162.746,57697.493
Fe,I,486.94636,486.94632,245.0,130000.0,28604.613,49135.023
Fe,I,487.0036,487.00363,98.0,388000.0,31686.351,52214.345
Fe,I,487.13179,487.13178,63000.0,24400000.0,23110.939,43633.533
Fe,I,487.19278,487.19279,540.0,284000.0,26224.969,46744.993
Fe,I,487.21375,487.21373,38000.0,25400000.0,23244.838,43763.98
Fe,I,487.2907,487.29068,89.0,,34039.516,54555.418
Fe,I,487.321,487.32101,120.0,,31322.613,51837.238
Fe,I,487.3751,487.37508,112.0,55000.0,26623.735,47136.084
Fe,I,487.43534,487.4353,195.0,,24772.018,45281.833
Fe,I,487.50298,487.50299,151.0,,38175.355,58682.322
Fe,I,487.58773,487.58769,1120.0,340000.0,26874.55,47377.955
Fe,I,487.6188,487.6186,71.0,27000.0,26224.969,46727.074
Fe,I,487.7606,487.76042,151.0,26000.0,24180.862,44677.006
Fe,I,487.82108,487.82107,18200.0,12100000.0,23270.384,43763.98
Fe,I,488.0527,488.05239,89.0,,32873.632,53357.515
Fe,I,488.17175,488.17174,2820.0,515000.0,26627.609,47106.484
Fe,I,488.21431,488.21429,1700.0,,27559.583,48036.673
Fe,I,488.54303,488.54301,2000.0,,31307.245,51770.557
Fe,I,488.63315,488.63311,2000.0,,33507.123,53966.662
Fe,I,,488.65675,,0.23,415.933,20874.482
Fe,I,488.71936,488.71932,1000.0,,33801.572,54257.502
Fe,I,488.7365,488.73669,89.0,,32873.632,53328.835
Fe,I,488.8262,488.82559,,,34039.516,54490.999
Fe,I,488.86366,488.86362,1780.0,,33095.941,53545.833
Fe,I,488.90012,488.90008,1170.0,113000.0,17726.988,38175.355
Fe,I,488.91018,488.91019,1170.0,,31322.613,51770.557
Fe,I,489.07548,489.07549,58000.0,22500000.0,23192.5,43633.533
Fe,I,489.1048,489.10485,,,32873.632,53313.438
Fe,I,489.1144,489.11464,60.0,,33412.717,53852.114
Fe,I,489.14921,489.1492,117000.0,30800000.0,22996.674,43434.627
Fe,I,489.28586,489.28587,630.0,,34017.103,54449.347
Fe,I,489.64382,489.64383,275.0,540000.0,31322.613,51739.92
Fe,I,490.0822,490.08218,20.0,,38678.039,59077.084
Fe,I,490.2163,490.21657,100.0,,26623.735,47017.188
Fe,I,490.33099,490.33097,17400.0,6580000.0,23244.838,43633.533
Fe,I,490.51325,490.51326,245.0,530000.0,31686.351,52067.469
Fe,I,490.5216,490.52183,30.0,,26627.609,47008.371
Fe,I,490.77315,490.77316,1000.0,,27666.348,48036.673
Fe,I,490.80298,490.80308,275.0,,34017.103,54386.186
Fe,I,490.8599,490.86046,60.0,,20037.816,40404.518
Fe,I,490.93831,490.93832,1100.0,,31686.351,52049.823
Fe,I,491.00166,491.00164,3090.0,,27394.691,47755.537
Fe,I,491.03255,491.03249,1740.0,,33801.572,54161.139
Fe,I,491.05645,491.05644,1510.0,,34017.103,54375.677
Fe,I,491.15291,491.15303,107.0,190000.0,34328.752,54683.322
Fe,I,491.17791,491.17787,407.0,1600000.0,31686.351,52039.892
Fe,I,491.2498,491.24974,50.0,,33412.717,53763.28
Fe,I,491.3143,491.31355,76.0,,37162.746,57510.666
Fe,I,,491.6262,,0.092,704.007,21038.987
Fe,I,491.72297,491.72295,950.0,6400000.0,33801.572,54132.551
Fe,I,491.80122,491.80121,620.0,4200000.0,34121.603,54449.347
Fe,I,491.89535,491.89539,1230.0,,33507.123,53830.975
Fe,I,491.89937,491.89936,69000.0,17900000.0,23110.939,43434.627
Fe,I,492.05028,492.05021,195000.0,35800000.0,22845.869,43163.326
Fe,I,492.4298,492.43008,,,38678.039,58979.823
Fe,I,492.4298,492.43025,,,40231.336,60533.113
Fe,I,492.47692,492.47693,3890.0,423000.0,18378.186,38678.039
Fe,I,492.52831,492.52839,129.0,,33095.941,53393.673
Fe,I,492.74179,492.74177,690.0,258000.0,28819.954,49108.896
Fe,I,492.749,492.74887,60.0,,36766.966,57055.616
Fe,I,492.78679,,1100.0,,,
Fe,I,493.0315,493.03149,1050.0,5750000.0,31937.325,52214.345
Fe,I,493.3191,493.31904,,,33801.572,54066.773
Fe,I,493.32945,493.32924,204.0,,26623.735,46888.517
Fe,I,493.3341,493.33408,1550.0,,34121.603,54386.186
Fe,I,493.38727,493.38728,447.0,,31805.071,52067.469
Fe,I,493.40049,493.40048,1820.0,,33507.123,53768.979
Fe,I,493.40836,493.40834,229.0,,26627.609,46889.142
Fe,I,493.7298,493.7293,79.0,,33412.717,53661.079
Fe,I,493.81735,493.81734,2000.0,,31805.071,52049.823
Fe,I,493.88135,493.88138,13200.0,3270000.0,23192.5,43434.627
Fe,I,493.9239,493.92354,,,34017.103,54257.502
Fe,I,493.9239,493.92408,,,33507.123,53747.5
Fe,I,493.96864,493.96862,11700.0,13900.0,6928.268,27166.82
Fe,I,494.24589,494.24585,630.0,967000.0,34039.516,54266.716
Fe,I,494.25901,494.2589,98.0,,34328.752,54555.418
Fe,I,,494.29529,,0.077,415.933,20641.11
Fe,I,494.5637,494.56356,417.0,1300000.0,33946.933,54161.139
Fe,I,494.63878,494.63871,6000.0,,27166.82,47377.955
Fe,I,495.01057,495.01053,1550.0,,27559.583,47755.537
Fe,I,,495.63583,,0.079,704.007,20874.482
Fe,I,495.72983,495.72979,66000.0,11800000.0,22996.674,43163.326
Fe,I,495.75965,495.75961,295000.0,42200000.0,22650.416,42815.855
Fe,I,495.76793,495.76819,2140.0,,33801.572,53966.662
Fe,I,495.9197,495.91978,30.0,,38995.736,59154.662
Fe,I,,496.11841,,0.045,888.132,21038.987
Fe,I,496.19137,496.19132,234.0,140000.0,29313.008,49460.902
Fe,I,496.25715,496.25711,680.0,1370000.0,33695.397,53840.62
Fe,I,496.578,496.57796,60.0,,22946.816,43079.023
Fe,I,496.60886,496.60882,13200.0,3310000.0,26874.55,47005.506
Fe,I,496.6289,496.62885,40.0,,31937.325,52067.469
Fe,I,496.7897,496.78966,2290.0,,33801.572,53925.2
Fe,I,496.83923,496.83917,126.0,,34039.516,54161.139
Fe,I,496.86975,496.86979,1510.0,710000.0,29356.744,49477.127
Fe,I,496.99173,496.99169,1820.0,,34017.103,54132.551
Fe,I,497.04955,497.04958,1100.0,982000.0,29320.026,49433.131
Fe,I,497.06457,497.06458,257.0,,31937.325,52049.823
Fe,I,497.31016,497.31014,3240.0,11000000.0,31937.325,52039.892
Fe,I,497.54118,497.54117,151.0,,26627.609,46720.842
Fe,I,497.76483,497.76479,186.0,,31686.351,51770.557
Fe,I,497.8112,497.81094,100.0,,31937.325,52019.669
Fe,I,497.8603,497.86028,2090.0,11900000.0,32133.991,52214.345
Fe,I,497.8691,497.86913,83.0,,32873.632,52953.629
Fe,I,497.95857,497.95866,182.0,,29356.744,49433.131
Fe,I,498.02831,498.02824,110.0,,33695.397,53768.979
Fe,I,498.0539,498.05397,40.0,,33765.306,53837.851
Fe,I,498.24996,498.2499,12300.0,,33095.941,53160.593
Fe,I,498.32504,498.325,6500.0,,33507.123,53568.751
Fe,I,498.3341,498.33412,71.0,,37157.566,57218.827
Fe,I,498.38526,498.38522,8900.0,,33095.941,53155.145
Fe,I,498.52526,498.52527,7200.0,14800000.0,31686.351,51739.92
Fe,I,498.55469,498.55465,6900.0,1390000.0,23110.939,43163.326
Fe,I,498.59838,498.59829,117.0,,34328.752,54379.384
Fe,I,498.62223,498.62221,500.0,2300000.0,34017.103,54066.773
Fe,I,498.6903,498.69049,52.0,,34328.752,54375.677
Fe,I,498.89498,498.89494,2880.0,5200000.0,33507.123,53545.833
Fe,I,499.1268,499.12676,2750.0,,33801.572,53830.975
Fe,I,499.18,499.17984,30.0,,23051.75,43079.023
Fe,I,499.1867,499.1866,35.0,390000.0,34039.516,54066.518
Fe,I,499.2785,499.27857,20.0,,34362.873,54386.186
Fe,I,499.36802,499.36795,302.0,1900000.0,33946.933,53966.662
Fe,I,499.3751,499.37506,191.0,,33765.306,53784.75
Fe,I,499.41292,499.4129,18600.0,31800.0,7376.764,27394.691
Fe,I,499.54094,499.54075,112.0,730000.0,34362.873,54375.677
Fe,I,499.796,499.79618,50.0,,37157.566,57160.142
Fe,I,499.91122,499.9112,316.0,730000.0,33765.306,53763.28
Fe,I,500.021,500.02109,65.0,,37409.555,57403.134
Fe,I,500.18633,500.18631,20900.0,37000000.0,31307.245,51294.22
Fe,I,500.2581,500.25829,,,33765.306,53749.405
Fe,I,500.2581,500.2586,,,38995.736,58979.823
Fe,I,500.27924,500.2792,2570.0,880000.0,27394.691,47377.955
Fe,I,500.4044,500.40433,468.0,3700000.0,33946.933,53925.2
Fe,I,500.4341,500.43399,105.0,,26623.735,46600.818
Fe,I,500.5712,500.5712,15800.0,,31322.613,51294.22
Fe,I,500.61188,500.61184,41700.0,5870000.0,22845.869,42815.855
Fe,I,500.7275,500.7274,5400.0,,33095.941,53061.318
Fe,I,500.8639,500.86415,105.0,,36766.966,56726.892
Fe,I,501.1212,501.1212,60.0,,24335.766,44285.454
Fe,I,501.20681,501.20677,65000.0,55000.0,6928.268,26874.55
Fe,I,501.21576,501.21566,740.0,,33801.572,53747.5
Fe,I,501.26944,501.26945,275.0,650000.0,34547.211,54490.999
Fe,I,501.49421,501.49422,12900.0,26400000.0,31805.071,51739.92
Fe,I,501.64787,501.6477,79.0,,34328.752,54257.502
Fe,I,501.97303,501.97309,123.0,,32133.991,52049.823
Fe,I,502.08166,502.08167,135.0,,28604.613,48516.138
Fe,I,502.1591,502.15895,,6180000.0,34328.752,54237.213
Fe,I,502.16832,502.16813,174.0,,34017.103,53925.2
Fe,I,502.22352,502.22353,7100.0,24000000.0,32133.991,52039.892
Fe,I,502.2789,502.27891,,187000.0,24118.819,44022.525
Fe,I,502.31863,502.31854,316.0,2300000.0,34547.211,54449.347
Fe,I,502.34975,502.34971,234.0,600000.0,34782.421,54683.322
Fe,I,502.47933,502.47919,302.0,,33765.306,53661.079
Fe,I,502.5084,502.50808,17.0,,34362.873,54257.502
Fe,I,502.53023,502.53029,98.0,,34555.597,54449.347
Fe,I,502.71227,502.71223,4470.0,,33507.123,53393.673
Fe,I,502.7225,502.72255,,491000.0,29356.744,49242.886
Fe,I,502.73422,502.73428,200.0,,32133.991,52019.669
Fe,I,502.77563,502.77564,690.0,2200000.0,33946.933,53830.975
Fe,I,502.8126,502.81259,6300.0,2210000.0,28819.954,48702.535
Fe,I,502.96173,502.96176,1200.0,530000.0,27543.003,47419.687
Fe,I,503.07783,503.07778,620.0,26000.0,26105.908,45978.008
Fe,I,503.1036,503.10376,166.0,,29371.812,49242.886
Fe,I,503.1914,503.19138,170.0,840000.0,35257.324,55124.938
Fe,I,503.56999,,5200.0,,,
Fe,I,503.6922,503.69214,,47000.0,24335.766,44183.628
Fe,I,503.92516,503.92512,2690.0,638000.0,27166.82,47005.506
Fe,I,504.024,504.02535,,,34039.516,53874.257
Fe,I,504.08522,504.08518,850.0,,34328.752,54161.139
Fe,I,504.09058,504.09062,2820.0,,34547.211,54379.384
Fe,I,504.10713,504.10714,17800.0,42900.0,7728.06,27559.583
Fe,I,504.13471,504.13467,204.0,,24335.766,44166.206
Fe,I,504.14473,504.14479,91.0,,36686.176,56516.218
Fe,I,504.17557,504.17555,56000.0,235000.0,11976.239,31805.071
Fe,I,504.18482,504.18486,68.0,,34547.211,54375.677
Fe,I,504.42111,504.42106,1660.0,229000.0,22996.674,42815.855
Fe,I,504.6363,504.63637,129.0,,40404.518,60215.243
Fe,I,504.8436,504.84356,,4880000.0,31937.325,51739.92
Fe,I,504.98194,504.98193,27500.0,1650000.0,18378.186,38175.355
Fe,I,505.16342,505.16343,38900.0,46500.0,7376.764,27166.82
Fe,I,,505.20951,,0.0082,0.0,19788.251
Fe,I,505.29811,505.29814,324.0,,26351.04,46135.82
Fe,I,505.46423,505.46423,550.0,447000.0,29356.744,49135.023
Fe,I,505.5991,505.59926,79.0,300000.0,34782.421,54555.418
Fe,I,505.68408,505.68414,158.0,1000000.0,34362.873,54132.551
Fe,I,505.7483,505.74789,,,35611.625,55378.811
Fe,I,505.7483,505.74807,,,33801.572,53568.751
Fe,I,505.84971,505.84962,45.0,,29371.812,49135.023
Fe,I,506.00341,506.00355,20.0,,34692.148,54449.347
Fe,I,506.00787,506.00782,930.0,138.0,0.0,19757.032
Fe,I,506.459,506.45833,50.0,,32873.632,52613.09
Fe,I,506.49524,506.4952,510.0,,34328.752,54066.773
Fe,I,506.50181,506.50174,6900.0,,34328.752,54066.518
Fe,I,506.51924,506.51925,2040.0,886000.0,29371.812,49108.896
Fe,I,506.71492,506.7149,1550.0,,34039.516,53768.979
Fe,I,506.87655,506.87656,12900.0,3370000.0,23711.456,43434.627
Fe,I,506.9423,506.94231,100.0,,34636.792,54357.405
Fe,I,507.1511,507.15103,105.0,,36766.966,56479.463
Fe,I,507.2078,507.20779,2190.0,,34547.211,54257.502
Fe,I,507.26718,507.26716,1100.0,,34039.516,53747.5
Fe,I,507.3897,507.38912,,,32133.991,51837.238
Fe,I,507.4748,507.47476,10200.0,14000000.0,34039.516,53739.438
Fe,I,507.62642,507.62638,1320.0,,34692.148,54386.186
Fe,I,507.89745,507.8974,4790.0,,34692.148,54375.677
Fe,I,507.92227,507.92223,3980.0,738000.0,17726.988,37409.555
Fe,I,507.97396,507.97395,11200.0,51900.0,7985.785,27666.348
Fe,I,508.03514,508.03518,417.0,,29798.936,49477.127
Fe,I,508.07878,508.07879,138.0,,23783.619,43460.121
Fe,I,508.09358,508.09353,316.0,18000.0,26351.04,46026.971
Fe,I,508.33382,508.3338,23400.0,40600.0,7728.06,27394.691
Fe,I,508.4545,508.45441,76.0,,29798.936,49460.902
Fe,I,508.81528,508.81526,229.0,510000.0,33507.123,53155.145
Fe,I,509.07736,509.07727,3550.0,19000000.0,34328.752,53966.662
Fe,I,509.69977,509.69972,4470.0,,34547.211,54161.139
Fe,I,509.85719,509.85723,2290.0,,31686.351,51294.22
Fe,I,509.86978,509.86981,6800.0,483000.0,17550.181,37157.566
Fe,I,509.9077,509.90768,780.0,2790000.0,32133.991,51739.92
Fe,I,510.40298,510.40302,245.0,57000.0,24335.766,43922.668
Fe,I,510.41909,510.41891,224.0,270000.0,33695.397,53281.689
Fe,I,510.44372,510.44372,275.0,1800000.0,34547.211,54132.551
Fe,I,510.74471,510.74472,15800.0,41800.0,7985.785,27559.583
Fe,I,510.76407,510.76406,34700.0,195000.0,12560.934,32133.991
Fe,I,510.8403,510.83967,129.0,,36766.966,56337.126
Fe,I,510.96517,510.96515,1580.0,,34692.148,54257.502
Fe,I,511.03585,511.0358,3090.0,999000.0,28819.954,48382.603
Fe,I,511.04128,511.04129,40700.0,4930.0,0.0,19562.439
Fe,I,,511.17772,,0.023,7985.785,27543.003
Fe,I,511.2917,511.29163,105.0,,39969.853,59522.714
Fe,I,511.57778,511.57768,427.0,58000.0,28819.954,48361.882
Fe,I,512.16388,512.16386,1700.0,7900000.0,34547.211,54066.773
Fe,I,512.1973,512.19659,20.0,,28604.613,48122.928
Fe,I,512.328,512.32788,89.0,,35611.625,55124.938
Fe,I,512.37196,512.37197,15100.0,72400.0,8154.714,27666.348
Fe,I,512.46195,512.46187,195.0,,26627.609,46135.82
Fe,I,512.51168,512.51163,8300.0,,34039.516,53545.833
Fe,I,512.5834,512.58361,200.0,,33412.717,52916.295
Fe,I,512.6193,512.61922,,3200000.0,34328.752,53830.975
Fe,I,512.7359,512.73588,13500.0,11400.0,7376.764,26874.55
Fe,I,512.76793,512.76807,191.0,38.0,415.933,19912.495
Fe,I,512.96305,512.96311,417.0,550000.0,31805.071,51294.22
Fe,I,513.14684,513.14679,1380.0,258000.0,17927.382,37409.555
Fe,I,513.36882,513.36877,20900.0,,33695.397,53169.146
Fe,I,513.6093,513.60915,151.0,680000.0,33765.306,53229.941
Fe,I,513.73818,513.73814,6900.0,10000000.0,33695.397,53155.145
Fe,I,513.92511,513.92504,22400.0,9160000.0,24180.862,43633.533
Fe,I,513.94625,513.9462,45700.0,8690000.0,23711.456,43163.326
Fe,I,514.17387,514.17385,2820.0,486000.0,19552.478,38995.736
Fe,I,514.24938,514.24936,1000.0,,34692.148,54132.551
Fe,I,514.25409,514.25402,3890.0,,34328.752,53768.979
Fe,I,514.29282,514.29283,15800.0,24000.0,7728.06,27166.82
Fe,I,514.37234,514.37226,102.0,7300.0,17726.988,37162.746
Fe,I,514.50933,514.50939,363.0,67000.0,17726.988,37157.566
Fe,I,514.6306,514.6307,151.0,270000.0,35257.324,54683.322
Fe,I,514.80425,514.8042,2040.0,,34547.211,53966.662
Fe,I,514.82288,514.82284,3470.0,,34328.752,53747.5
Fe,I,515.01968,515.01968,331.0,,28819.954,48231.28
Fe,I,515.08392,515.0839,13800.0,33000.0,7985.785,27394.691
Fe,I,515.1911,515.19106,,23900.0,8154.714,27559.583
Fe,I,,515.41003,,443000.0,31307.245,50703.87
Fe,I,,515.63163,,0.011,8154.714,27543.003
Fe,I,515.90573,515.90571,1580.0,,34547.211,53925.2
Fe,I,,516.05674,,0.0015,415.933,19788.251
Fe,I,516.1297,516.12907,151.0,,34555.597,53925.2
Fe,I,516.22725,516.22721,9800.0,,33695.397,53061.318
Fe,I,516.45503,516.45514,380.0,1600000.0,35767.564,55124.938
Fe,I,516.49102,516.49111,339.0,,33412.717,52768.743
Fe,I,516.54103,516.54099,3240.0,,34039.516,53393.673
Fe,I,516.62819,516.62817,15500.0,1450.0,0.0,19350.891
Fe,I,516.74881,516.74879,760000.0,2720000.0,11976.239,31322.613
Fe,I,516.7711,516.77177,398.0,,27543.003,46888.517
Fe,I,516.88978,516.88973,22400.0,3830.0,415.933,19757.032
Fe,I,516.9298,516.92985,158.0,,32873.632,52213.23
Fe,I,517.1314,517.13165,141.0,,39969.853,59301.904
Fe,I,517.1596,517.15961,162000.0,446000.0,11976.239,31307.245
Fe,I,517.16728,517.16718,710.0,,29371.812,48702.535
Fe,I,517.31249,517.31236,182.0,,23783.619,43108.917
Fe,I,517.3503,517.35016,186.0,,24118.819,43442.705
Fe,I,517.72337,517.72327,355.0,120000.0,29798.936,49108.896
Fe,I,517.88002,517.88006,234.0,420000.0,35379.208,54683.322
Fe,I,518.2223,518.22196,50.0,,40231.336,59522.714
Fe,I,518.41757,518.41763,170.0,,34782.421,54066.518
Fe,I,518.42657,518.42658,1150.0,3800000.0,34547.211,53830.975
Fe,I,518.57257,518.57247,720.0,,28819.954,48098.293
Fe,I,518.79138,518.79142,910.0,2110000.0,33412.717,52682.92
Fe,I,519.14546,519.14542,31600.0,23200000.0,24506.917,43763.98
Fe,I,519.23439,519.23434,47900.0,13400000.0,24180.862,43434.627
Fe,I,519.49414,519.49412,72000.0,287000.0,12560.934,31805.071
Fe,I,519.54719,519.54715,6500.0,,34039.516,53281.689
Fe,I,519.60593,519.60585,1780.0,,34328.752,53568.751
Fe,I,519.79369,519.79354,282.0,2000000.0,34692.148,53925.2
Fe,I,519.87108,519.87106,2950.0,362000.0,17927.382,37157.566
Fe,I,520.22561,520.22553,1510.0,,34328.752,53545.833
Fe,I,520.23357,520.23355,8300.0,511000.0,17550.181,36766.966
Fe,I,520.45823,520.45826,6600.0,2290.0,704.007,19912.495
Fe,I,520.495,520.49465,407.0,,24118.819,43325.964
Fe,I,520.79372,520.79381,209.0,320000.0,29320.026,48516.138
Fe,I,520.85936,520.85937,12300.0,6230000.0,26140.179,45333.875
Fe,I,520.98843,520.98852,257.0,,26105.908,45294.846
Fe,I,521.3841,521.38408,437.0,,37162.746,56337.126
Fe,I,521.4608,521.46067,141.0,,34636.792,53808.356
Fe,I,521.51803,521.51801,11500.0,11000000.0,26339.696,45509.152
Fe,I,521.62737,521.62737,58000.0,347000.0,12968.554,32133.991
Fe,I,521.7389,521.73891,8900.0,2410000.0,25899.989,45061.329
Fe,I,521.79189,521.7919,479.0,1560000.0,29356.744,48516.138
Fe,I,,522.05648,,0.57,888.132,20037.816
Fe,I,522.10378,522.10354,372.0,,34636.792,53784.75
Fe,I,522.1763,522.17597,89.0,,26406.465,45551.767
Fe,I,522.31851,522.31825,550.0,4030000.0,29320.026,48460.113
Fe,I,522.4298,522.42994,191.0,2800.0,17550.181,36686.176
Fe,I,522.55257,522.55261,2240.0,1320.0,888.132,20019.635
Fe,I,522.60658,522.60631,810.0,,27543.003,46672.54
Fe,I,522.6862,522.68612,30900.0,13600000.0,24506.917,43633.533
Fe,I,522.71503,522.71496,8700.0,,19552.478,38678.039
Fe,I,522.71891,522.71889,437000.0,2890000.0,12560.934,31686.351
Fe,I,522.83764,522.83754,870.0,1900000.0,34039.516,53160.593
Fe,I,522.98482,522.98447,8700.0,,26479.381,45595.086
Fe,I,522.98739,522.98655,1260.0,,34039.516,53155.145
Fe,I,523.1388,523.13942,115.0,,28819.954,47929.997
Fe,I,523.294,523.29398,123000.0,19400000.0,23711.456,42815.855
Fe,I,523.53864,523.5387,2290.0,3750000.0,32873.632,51969.101
Fe,I,523.62038,523.62017,389.0,2580000.0,33765.306,52857.804
Fe,I,524.0355,524.03561,71.0,,26351.04,45428.402
Fe,I,524.24907,524.24905,8900.0,2380000.0,29313.008,48382.603
Fe,I,524.37766,524.37758,950.0,2000000.0,34328.752,53393.673
Fe,I,524.70501,524.70499,1580.0,392.0,704.007,19757.032
Fe,I,524.91051,524.91049,263.0,1200000.0,36079.372,55124.938
Fe,I,525.02086,525.02089,1550.0,930.0,978.074,20019.635
Fe,I,525.06456,525.06454,4470.0,228000.0,17726.988,36766.966
Fe,I,525.19655,525.19664,2400.0,,28819.954,47855.143
Fe,I,525.34614,525.34617,2290.0,2150000.0,26479.381,45509.152
Fe,I,525.49551,525.49552,3310.0,831.0,888.132,19912.495
Fe,I,525.56651,525.56627,110.0,,34039.516,53061.318
Fe,I,525.57353,525.57351,141.0,,34547.211,53568.751
Fe,I,525.76549,525.76544,229.0,,28819.954,47834.55
Fe,I,526.28806,526.28812,100.0,87000.0,26224.969,45220.681
Fe,I,526.33059,526.3306,11500.0,6360000.0,26339.696,45333.875
Fe,I,526.38646,526.38644,870.0,196000.0,28819.954,47812.118
Fe,I,526.52436,526.52414,229.0,,24338.767,43325.964
Fe,I,526.6555,526.65543,51000.0,11000000.0,24180.862,43163.326
Fe,I,526.727,526.72688,209.0,677000.0,35257.324,54237.213
Fe,I,526.906,526.90691,324.0,,40842.154,59815.558
Fe,I,526.9537,526.95366,1020000.0,1270000.0,6928.268,25899.989
Fe,I,527.0356,527.03561,288000.0,3670000.0,12968.554,31937.325
Fe,I,527.31632,527.31633,7800.0,8120000.0,26550.479,45509.152
Fe,I,527.33732,527.33727,3160.0,555000.0,20037.816,38995.736
Fe,I,527.4981,527.49807,155.0,,32873.632,51825.773
Fe,I,527.858,527.85743,79.0,,26623.735,45562.974
Fe,I,528.03616,528.03609,540.0,727000.0,29371.812,48304.643
Fe,I,528.163,528.16299,,,40594.432,59522.714
Fe,I,528.179,528.17895,15800.0,5000000.0,24506.917,43434.627
Fe,I,528.36207,528.36207,33900.0,10200000.0,26140.179,45061.329
Fe,I,528.44245,528.44245,660.0,82900.0,29313.008,48231.28
Fe,I,528.46083,528.46084,214.0,,33765.306,52682.92
Fe,I,528.51282,528.51269,214.0,640000.0,35767.564,54683.322
Fe,I,528.85243,528.85264,2190.0,822000.0,29798.936,48702.535
Fe,I,,529.07442,,0.22,7728.06,26623.735
Fe,I,529.3029,529.30319,89.0,100000.0,35379.208,54266.716
Fe,I,529.39585,529.39583,245.0,690000.0,33412.717,52296.92
Fe,I,529.45478,529.45471,89.0,73000.0,29356.744,48238.847
Fe,I,529.53118,529.53124,234.0,730000.0,35611.625,54490.999
Fe,I,529.87755,529.87756,363.0,458000.0,29371.812,48238.847
Fe,I,529.8949,529.89452,200.0,,39625.804,58492.235
Fe,I,530.2299,530.23001,25.0,9040000.0,26479.381,45333.875
Fe,I,,530.39944,,0.46,704.007,19552.478
Fe,I,,530.40693,,0.18,7376.764,26224.969
Fe,I,530.4761,530.47608,,,40231.336,59077.084
Fe,I,530.54223,530.54162,620.0,,29320.026,48163.446
Fe,I,530.73607,530.73605,7800.0,34800.0,12968.554,31805.071
Fe,I,531.40246,531.40198,288.0,,42911.917,61724.829
Fe,I,531.5771,531.57745,141.0,,29356.744,48163.446
Fe,I,532.0035,532.0037,191.0,150000.0,29371.812,48163.446
Fe,I,532.11076,532.11074,355.0,2130000.0,35767.564,54555.418
Fe,I,532.18342,532.18351,347.0,,29313.008,48098.293
Fe,I,532.20404,532.20405,830.0,52900.0,18378.186,37162.746
Fe,I,532.41787,532.41785,78000.0,20600000.0,25899.989,44677.006
Fe,I,532.61424,532.61422,560.0,222000.0,28819.954,47590.048
Fe,I,532.80383,532.80381,740000.0,1150000.0,7376.764,26140.179
Fe,I,532.85313,532.85311,105000.0,474000.0,12560.934,31322.613
Fe,I,532.99887,532.99894,2040.0,1290000.0,32873.632,51630.178
Fe,I,533.26598,533.26605,427.0,680000.0,33765.306,52512.457
Fe,I,533.28994,533.28994,11000.0,43600.0,12560.934,31307.245
Fe,I,533.9929,533.99291,19500.0,6360000.0,26339.696,45061.329
Fe,I,534.10237,534.10235,81000.0,521000.0,12968.554,31686.351
Fe,I,534.97373,534.97371,479.0,1400000.0,35379.208,54066.518
Fe,I,535.33732,535.33736,1910.0,,33095.941,51770.557
Fe,I,,535.63193,,0.001,888.132,19552.478
Fe,I,535.8114,535.8113,79.0,,26623.735,45281.833
Fe,I,536.16248,536.16249,339.0,1800000.0,35611.625,54257.502
Fe,I,,536.39053,,0.02,7985.785,26623.735
Fe,I,536.48709,536.48704,10000.0,55900000.0,35856.402,54490.999
Fe,I,536.53987,536.53985,8700.0,2460000.0,28819.954,47452.717
Fe,I,536.7466,536.74654,,71300000.0,35611.625,54237.213
Fe,I,536.99615,536.99607,20400.0,72200000.0,35257.324,53874.257
Fe,I,537.14893,537.14891,389000.0,1050000.0,7728.06,26339.696
Fe,I,537.37082,537.37083,1170.0,3700000.0,36079.372,54683.322
Fe,I,537.6729,537.67259,209.0,,40231.336,58824.845
Fe,I,537.6833,537.683,132.0,400000.0,34636.792,53229.941
Fe,I,537.8511,537.85098,100.0,,43137.487,61724.829
Fe,I,537.95737,537.95734,1860.0,641000.0,29798.936,48382.603
Fe,I,,538.22562,,0.079,978.074,19552.478
Fe,I,538.33688,538.3368,30900.0,78100000.0,34782.421,53352.989
Fe,I,538.5575,538.55785,100.0,31000.0,29798.936,48361.882
Fe,I,538.63337,538.63329,263.0,840000.0,33507.123,52067.469
Fe,I,538.6959,538.69601,79.0,,29371.812,47929.997
Fe,I,538.748,538.7483,200.0,303000.0,33412.717,51969.101
Fe,I,538.94788,538.94783,2450.0,,35611.625,54161.139
Fe,I,539.1246,539.12489,,,28819.954,47363.376
Fe,I,539.14582,539.14588,1170.0,,33507.123,52049.823
Fe,I,539.16222,539.16231,1070.0,,29313.008,47855.143
Fe,I,539.31673,539.3167,16600.0,4910000.0,26140.179,44677.006
Fe,I,539.5218,539.52169,129.0,540000.0,35856.402,54386.186
Fe,I,539.71276,539.71274,132000.0,258000.0,7376.764,25899.989
Fe,I,539.72019,539.71982,129.0,,35856.402,54379.384
Fe,I,539.76175,539.76178,427.0,,29313.008,47834.55
Fe,I,539.82791,539.82786,1380.0,9000000.0,35856.402,54375.677
Fe,I,539.8815,539.88121,120.0,,40404.518,58921.963
Fe,I,540.05018,540.05007,4680.0,,35257.324,53768.979
Fe,I,540.06555,540.06547,174.0,,29320.026,47831.153
Fe,I,540.12686,540.1266,151.0,220000.0,34843.957,53352.989
Fe,I,540.38212,540.38218,2090.0,1920000.0,32873.632,51373.91
Fe,I,540.41168,540.41169,9500.0,,34782.421,53281.689
Fe,I,540.41513,540.41508,17000.0,69200000.0,35767.564,54266.716
Fe,I,540.53496,540.53497,347.0,845000.0,35379.208,53874.257
Fe,I,540.57749,540.57743,145000.0,1090000.0,7985.785,26479.381
Fe,I,540.67747,540.67742,355.0,,35257.324,53747.5
Fe,I,540.7375,540.73816,,,28604.613,47092.712
Fe,I,540.91332,540.91327,500.0,1100000.0,35257.324,53739.438
Fe,I,541.09095,541.09092,11200.0,63300000.0,36079.372,54555.418
Fe,I,541.2785,541.27833,76.0,486000.0,35767.564,54237.213
Fe,I,,541.29674,,0.022,8154.714,26623.735
Fe,I,541.51989,541.51984,22400.0,76700000.0,35379.208,53840.62
Fe,I,541.70328,541.70364,170.0,1000000.0,35611.625,54066.773
Fe,I,542.3738,542.37383,191.0,,29798.936,48231.28
Fe,I,542.40678,542.40673,28800.0,,34843.957,53275.183
Fe,I,,542.71727,,0.17,7985.785,26406.465
Fe,I,542.95041,542.95033,830.0,7270000.0,33801.572,52214.345
Fe,I,542.96964,542.96962,145000.0,427000.0,7728.06,26140.179
Fe,I,542.98391,542.98412,407.0,,36079.372,54490.999
Fe,I,543.29475,543.29476,830.0,4300000.0,35856.402,54257.502
Fe,I,543.45235,543.45233,107000.0,1700000.0,8154.714,26550.479
Fe,I,543.62954,543.62946,269.0,770000.0,35379.208,53768.979
Fe,I,543.65958,543.65876,141.0,35000.0,18378.186,36766.966
Fe,I,543.7192,543.71952,79.0,,34782.421,53169.146
Fe,I,,543.97215,,0.0053,0.0,18378.186
Fe,I,544.13383,544.13387,170.0,500000.0,34782.421,53155.145
Fe,I,544.50421,544.50415,7100.0,,35379.208,53739.438
Fe,I,544.65826,544.65821,1510.0,,35611.625,53966.662
Fe,I,544.68743,544.68723,3890.0,25000.0,12968.554,31322.613
Fe,I,544.69164,544.69162,182000.0,548000.0,7985.785,26339.696
Fe,I,545.20879,545.20897,178.0,,29356.744,47693.239
Fe,I,545.54541,545.54535,9800.0,,34843.957,53169.146
Fe,I,545.56092,545.56089,115000.0,605000.0,8154.714,26479.381
Fe,I,546.0876,546.08724,89.0,,24772.018,43079.023
Fe,I,546.15495,546.1549,123.0,420000.0,35856.402,54161.139
Fe,I,546.29591,546.29592,3160.0,,36079.372,54379.384
Fe,I,546.32759,546.3275,5000.0,29000000.0,35767.564,54066.518
Fe,I,546.42792,546.42796,417.0,1770000.0,33412.717,51708.307
Fe,I,546.63958,546.63953,1820.0,,35257.324,53545.833
Fe,I,546.69874,546.69869,437.0,145000.0,28819.954,47106.484
Fe,I,547.00936,547.00922,123.0,1200000.0,35856.402,54132.551
Fe,I,547.27087,547.27085,275.0,2370000.0,33946.933,52214.345
Fe,I,547.3164,547.31624,115.0,350000.0,33801.572,52067.469
Fe,I,547.39001,547.39005,1910.0,5200000.0,33507.123,51770.557
Fe,I,547.62882,547.62888,1910.0,2870000.0,33412.717,51668.186
Fe,I,547.65639,547.65642,5000.0,8700000.0,33095.941,51350.492
Fe,I,,547.74044,,0.082,8154.714,26406.465
Fe,I,547.84552,547.8455,245.0,680000.0,33801.572,52049.823
Fe,I,548.08604,548.08602,620.0,13000000.0,34017.103,52257.346
Fe,I,548.12427,548.12427,447.0,1410000.0,33095.941,51334.911
Fe,I,548.14383,548.14381,355.0,2800000.0,33801.572,52039.892
Fe,I,548.1899,548.18956,79.0,,40594.432,58831.23
Fe,I,548.2461,548.24599,30.0,,40257.314,58492.235
Fe,I,548.30985,548.30985,437.0,1740000.0,33507.123,51739.92
Fe,I,548.71448,548.71454,245.0,990000.0,35611.625,53830.975
Fe,I,548.73948,548.73942,240.0,,37157.566,55376.09
Fe,I,548.7482,548.7481,71.0,,29371.812,47590.048
Fe,I,548.7521,548.75228,60.0,,33801.572,52019.669
Fe,I,,548.77379,,249000.0,17550.181,35767.564
Fe,I,548.77457,548.77445,2090.0,,34843.957,53061.318
Fe,I,549.18311,549.18342,191.0,205000.0,33765.306,51969.101
Fe,I,549.20782,549.20753,1620.0,,32873.632,51076.628
Fe,I,,549.33216,,1550000.0,29356.744,47555.61
Fe,I,549.34985,549.34988,269.0,500000.0,33095.941,51294.22
Fe,I,549.4462,549.44629,,180000.0,32873.632,51068.718
Fe,I,549.75157,549.75158,19100.0,62500.0,8154.714,26339.696
Fe,I,549.8478,549.84821,50.0,,41178.412,59360.198
Fe,I,550.14649,550.14647,14500.0,22000.0,7728.06,25899.989
Fe,I,550.4362,550.43614,20.0,,28819.954,46982.32
Fe,I,550.58813,550.58808,234.0,,35611.625,53768.979
Fe,I,550.67788,550.67785,22400.0,50100.0,7985.785,26140.179
Fe,I,550.8408,550.84085,50.0,,39969.853,58118.875
Fe,I,551.22563,551.22576,229.0,990000.0,35257.324,53393.673
Fe,I,551.2402,551.24017,126.0,,35611.625,53747.5
Fe,I,551.7065,551.7068,60.0,200000.0,33946.933,52067.469
Fe,I,552.24461,552.24459,347.0,1300000.0,33946.933,52049.823
Fe,I,552.3993,552.39908,79.0,,41178.412,59276.239
Fe,I,552.55439,552.55434,520.0,6000000.0,34121.603,52214.345
Fe,I,552.8899,552.88972,110.0,,36079.372,54161.139
Fe,I,552.91598,552.91608,204.0,51000.0,29371.812,47452.717
Fe,I,553.1984,553.19805,40.0,610000.0,39625.804,57697.493
Fe,I,553.27468,553.27462,275.0,190000.0,28819.954,46889.142
Fe,I,553.2868,553.28657,,,35856.402,53925.2
Fe,I,553.46631,553.46591,110.0,,29356.744,47419.687
Fe,I,553.54175,553.54179,1260.0,2160000.0,33765.306,51825.773
Fe,I,553.658,553.65828,120.0,8100.0,22838.323,40894.99
Fe,I,553.8516,553.8515,,,29313.008,47363.376
Fe,I,553.8516,553.85156,,,34017.103,52067.469
Fe,I,553.92796,553.928,151.0,110000.0,29371.812,47419.687
Fe,I,554.3029,554.30298,158.0,,33801.572,51837.238
Fe,I,554.31892,554.31887,910.0,,39625.804,57660.953
Fe,I,554.39353,554.39354,690.0,3400000.0,34017.103,52049.823
Fe,I,554.65055,554.65052,417.0,1000000.0,35257.324,53281.689
Fe,I,554.6992,554.69902,100.0,960000.0,34017.103,52039.892
Fe,I,554.9952,554.99487,110.0,33000.0,29798.936,47812.118
Fe,I,555.2693,555.26916,40.0,450000.0,39969.853,57974.137
Fe,I,555.35774,555.35765,229.0,990000.0,35767.564,53768.979
Fe,I,555.48947,555.48939,1740.0,,36686.176,54683.322
Fe,I,555.7902,555.78963,,,25091.599,43079.023
Fe,I,555.7902,555.79034,,,36079.372,54066.773
Fe,I,555.79818,555.79822,182.0,1300000.0,36079.372,54066.518
Fe,I,556.02112,556.0211,417.0,2100000.0,35767.564,53747.5
Fe,I,556.1242,556.12422,30.0,,37157.566,55134.168
Fe,I,556.27061,556.27052,560.0,,35767.564,53739.438
Fe,I,556.35999,556.35996,1120.0,3400000.0,33801.572,51770.557
Fe,I,556.36946,556.36931,135.0,,19552.478,37521.161
Fe,I,,556.56848,,0.36,415.933,18378.186
Fe,I,556.57036,556.57037,1660.0,,37162.746,55124.938
Fe,I,556.7278,556.72739,85.0,,35611.625,53568.751
Fe,I,556.73907,556.73908,407.0,153000.0,21038.987,38995.736
Fe,I,556.96177,556.96178,9800.0,23400000.0,27559.583,45509.152
Fe,I,557.2842,557.28421,17800.0,22800000.0,27394.691,45333.875
Fe,I,557.31021,557.31018,372.0,2070000.0,33801.572,51739.92
Fe,I,557.60884,557.60891,5400.0,25000000.0,27666.348,45595.086
Fe,I,558.47643,558.47644,200.0,130000.0,28819.954,46720.842
Fe,I,558.67555,558.67553,25700.0,21900000.0,27166.82,45061.329
Fe,I,558.75736,558.7574,263.0,,33412.717,51304.604
Fe,I,559.2234,559.22321,27.0,,29320.026,47197.01
Fe,I,559.46549,559.4655,457.0,5200000.0,36686.176,54555.418
Fe,I,560.0099,560.00971,40.0,,40871.412,58723.289
Fe,I,560.02238,560.02242,170.0,2690000.0,34362.873,52214.345
Fe,I,560.2767,560.27673,690.0,1730000.0,33507.123,51350.492
Fe,I,560.29447,560.29448,4570.0,10000000.0,27666.348,45509.152
Fe,I,560.3746,560.37419,51.0,,29356.744,47197.01
Fe,I,560.7663,560.76641,45.0,,33507.123,51334.911
Fe,I,560.8972,560.89742,79.0,,33946.933,51770.557
Fe,I,561.136,561.13562,54.0,,29320.026,47136.084
Fe,I,561.1679,561.16715,49.0,,40894.99,58710.047
Fe,I,561.4271,561.42755,41.0,,41018.051,58824.845
Fe,I,561.52962,561.52963,680.0,239000.0,20874.482,38678.039
Fe,I,561.56435,561.56436,37200.0,26400000.0,26874.55,44677.006
Fe,I,561.7136,561.71373,63.0,,34039.516,51837.238
Fe,I,561.86324,561.86321,355.0,2240000.0,33946.933,51739.92
Fe,I,561.9225,561.92243,6.0,,29798.936,47590.048
Fe,I,561.9595,561.95951,105.0,350000.0,35379.208,53169.146
Fe,I,562.0027,562.00266,71.0,,33412.717,51201.289
Fe,I,562.042,562.04184,22.0,,40894.99,58682.322
Fe,I,562.0492,562.04927,141.0,530000.0,33507.123,51294.22
Fe,I,562.2946,562.29449,24.0,,29356.744,47136.084
Fe,I,562.40216,562.40213,282.0,830000.0,35379.208,53155.145
Fe,I,562.45418,562.45418,5900.0,7410000.0,27559.583,45333.875
Fe,I,562.7086,562.70806,4.0,,33695.397,51461.67
Fe,I,562.7716,562.77144,11.0,,29371.812,47136.084
Fe,I,563.39461,563.39459,417.0,7700000.0,40257.314,58001.938
Fe,I,563.58222,563.5822,158.0,580000.0,34328.752,52067.469
Fe,I,563.6211,563.62096,7.0,,33095.941,50833.438
Fe,I,563.6246,563.62424,7.0,,34017.103,51754.497
Fe,I,563.66958,563.66955,110.0,83000.0,29356.744,47092.712
Fe,I,563.71077,563.71074,93.0,,29371.812,47106.484
Fe,I,563.82618,563.82618,1000.0,4400000.0,34039.516,51770.557
Fe,I,563.9344,563.93435,6.0,,39969.853,57697.493
Fe,I,,563.95509,,0.14,0.0,17726.988
Fe,I,564.031,564.03066,34.0,,37409.555,55134.168
Fe,I,564.0876,564.08782,13.0,,34017.103,51739.92
Fe,I,564.14336,564.1434,457.0,3000000.0,34328.752,52049.823
Fe,I,564.14909,564.14884,27.0,,29371.812,47092.712
Fe,I,564.27509,564.27504,26.0,330000.0,37162.746,54879.683
Fe,I,564.39258,564.39262,51.0,290000.0,32873.632,50586.878
Fe,I,564.40255,564.4025,55.0,,36766.966,54479.902
Fe,I,564.4357,564.43576,4.0,,33507.123,51219.015
Fe,I,564.58334,564.58325,29.0,,37157.566,54864.831
Fe,I,564.6684,564.66837,20.0,,34362.873,52067.469
Fe,I,564.7766,564.77715,4.0,,18378.186,36079.372
Fe,I,564.96303,564.963,115.0,36000.0,29313.008,47008.371
Fe,I,564.99869,564.99867,110.0,5100000.0,41130.599,58824.845
Fe,I,565.0705,565.07052,,3300000.0,41018.051,58710.047
Fe,I,565.14686,565.14683,55.0,,36079.372,53768.979
Fe,I,565.1524,565.15246,288.0,,35856.402,53545.833
Fe,I,565.23176,565.23173,107.0,500000.0,34362.873,52049.823
Fe,I,565.38664,565.38645,135.0,460000.0,35379.208,53061.318
Fe,I,565.51761,565.51761,155.0,4700000.0,40842.154,58520.163
Fe,I,565.549,565.54893,,,40594.432,58271.462
Fe,I,565.549,565.54929,,,34362.873,52039.892
Fe,I,,565.64016,,0.0018,704.007,18378.186
Fe,I,565.85313,565.85313,398.0,580000.0,27666.348,45333.875
Fe,I,565.86575,565.86572,295.0,4520000.0,34547.211,52214.345
Fe,I,565.8816,565.88161,5400.0,4340000.0,27394.691,45061.329
Fe,I,565.95743,565.95744,31.0,,41018.051,58682.322
Fe,I,566.08008,566.08008,41.0,44000.0,29356.744,47017.188
Fe,I,566.1021,566.10201,7.0,,36940.59,54600.35
Fe,I,566.13451,566.13445,58.0,1220000.0,34555.597,52214.345
Fe,I,566.197,566.19704,10.0,,34362.873,52019.669
Fe,I,566.25158,566.25159,2090.0,6180000.0,33695.397,51350.492
Fe,I,566.29376,566.29374,347.0,245000.0,29798.936,47452.717
Fe,I,566.5633,566.56348,11.0,,29371.812,47017.188
Fe,I,566.6791,566.67874,4.0,,33507.123,51148.91
Fe,I,566.746,566.74576,,,40842.154,58481.855
Fe,I,566.75176,566.75177,178.0,612000.0,33695.397,51334.911
Fe,I,566.7664,566.76661,2.0,48000.0,21038.987,38678.039
Fe,I,566.9647,566.96455,4.0,,34121.603,51754.497
Fe,I,567.183,567.1828,4.0,,35767.564,53393.673
Fe,I,567.2264,567.22614,2.0,,36975.588,54600.35
Fe,I,567.3376,567.33784,2.0,,29798.936,47420.228
Fe,I,567.76844,567.76841,14.0,,33095.941,50703.87
Fe,I,567.83784,567.83788,13.0,,31322.613,48928.388
Fe,I,567.8601,567.86004,4.0,,19552.478,37157.566
Fe,I,567.90226,567.90233,389.0,3700000.0,37521.161,55124.938
Fe,I,568.024,568.02404,55.0,84000.0,33765.306,51365.311
Fe,I,568.15061,568.15058,34.0,,33765.306,51361.391
Fe,I,568.2498,568.24947,6.0,,39625.804,57218.827
Fe,I,568.4484,568.44844,4.0,,40894.99,58481.855
Fe,I,568.5863,568.58614,2.0,,40231.336,57813.942
Fe,I,568.612,568.61201,10.0,,29320.026,46901.832
Fe,I,568.65298,568.65296,720.0,6710000.0,36686.176,54266.716
Fe,I,569.14967,569.14964,182.0,6700000.0,34692.148,52257.346
Fe,I,569.3318,569.33196,4.0,,40231.336,57790.909
Fe,I,569.36421,,363.0,,,
Fe,I,569.60892,569.60886,30.0,435000.0,36686.176,54237.213
Fe,I,,569.63664,,0.12,0.0,17550.181
Fe,I,569.80196,569.802,39.0,160000.0,29356.744,46901.832
Fe,I,569.83645,569.83643,36.0,,34636.792,52180.82
Fe,I,569.941,569.94087,8.0,,39969.853,57510.666
Fe,I,570.15442,570.15436,1120.0,178000.0,20641.11,38175.355
Fe,I,570.1898,570.18978,4.0,,33695.397,51228.553
Fe,I,570.23475,570.23476,26.0,63000.0,29356.744,46888.517
Fe,I,570.2906,570.29071,8.0,,39625.804,57155.857
Fe,I,570.47333,570.47327,34.0,,40594.432,58118.875
Fe,I,570.54642,570.5464,182.0,3010000.0,34692.148,52214.345
Fe,I,570.59918,570.59918,780.0,6100000.0,37162.746,54683.322
Fe,I,570.60957,570.60954,81.0,,34547.211,52067.469
Fe,I,570.70491,570.70492,87.0,100000.0,29371.812,46889.142
Fe,I,570.7248,570.72528,13.0,,29371.812,46888.517
Fe,I,570.7704,570.77041,3.0,,33095.941,50611.261
Fe,I,570.80942,570.80936,151.0,530000.0,35767.564,53281.689
Fe,I,,570.89658,,0.15,415.933,17927.382
Fe,I,570.93779,570.93776,3160.0,2130000.0,27166.82,44677.006
Fe,I,570.99319,570.9932,24.0,,34328.752,51837.238
Fe,I,571.18483,571.18483,219.0,1500000.0,34547.211,52049.823
Fe,I,571.21312,571.21309,302.0,299000.0,27559.583,45061.329
Fe,I,571.2888,571.28817,2.0,,39625.804,57125.25
Fe,I,571.41531,,76.0,,,
Fe,I,571.45487,571.45504,9.0,,41018.051,58512.387
Fe,I,571.5098,571.50911,,,34547.211,52039.892
Fe,I,571.5098,571.51019,,,33801.572,51294.22
Fe,I,571.5469,571.54698,4.0,,33507.123,50998.645
Fe,I,,571.59495,,0.034,888.132,18378.186
Fe,I,,571.59495,,0.0038,888.132,18378.186
Fe,I,571.6172,571.61701,2.0,,36079.372,53568.751
Fe,I,571.78325,571.78322,500.0,5400000.0,34555.597,52039.892
Fe,I,572.08978,572.08857,43.0,,36686.176,54161.139
Fe,I,572.1707,572.17059,,,34547.211,52019.669
Fe,I,572.1707,572.17066,,,33507.123,50979.579
Fe,I,572.3672,572.36705,10.0,,36079.372,53545.833
Fe,I,572.44544,572.44534,10.0,,34555.597,52019.669
Fe,I,573.0857,573.08541,,,39625.804,57070.371
Fe,I,573.17619,573.17616,347.0,1600000.0,34328.752,51770.557
Fe,I,573.22956,573.2296,23.0,,40257.314,57697.493
Fe,I,573.2863,573.28624,5.0,,33095.941,50534.397
Fe,I,573.45648,573.45642,9.0,,39969.853,57403.134
Fe,I,573.5708,573.57055,10.0,,39625.804,57055.616
Fe,I,573.82273,573.82267,25.0,,34039.516,51461.67
Fe,I,573.978,573.97788,2.0,,33801.572,51219.015
Fe,I,574.1848,574.18474,112.0,859000.0,34328.752,51739.92
Fe,I,574.29596,574.29603,25.0,62000.0,33695.397,51103.191
Fe,I,574.3929,574.39324,7.0,,40871.412,58276.26
Fe,I,,574.54958,,0.002,978.074,18378.186
Fe,I,574.7453,574.74575,5.0,,36766.966,54161.139
Fe,I,574.78378,574.78356,8.0,,35767.564,53160.593
Fe,I,574.79538,574.79536,98.0,880000.0,37162.746,54555.418
Fe,I,574.9409,574.94157,4.0,,29356.744,46744.993
Fe,I,574.9636,574.96365,2.0,,35767.564,53155.145
Fe,I,575.0033,575.00301,5.0,,40404.518,57790.909
Fe,I,575.20316,575.20313,288.0,,36686.176,54066.518
Fe,I,575.31223,575.3122,1020.0,8260000.0,34362.873,51739.92
Fe,I,575.33832,575.33819,7.0,,34328.752,51705.014
Fe,I,575.36931,575.36935,9.0,,34692.148,52067.469
Fe,I,575.3969,575.39671,4.0,,19788.251,37162.746
Fe,I,575.44022,575.44023,35.0,65000.0,29371.812,46744.993
Fe,I,575.5132,575.51347,2.0,,40842.154,58213.124
Fe,I,575.5348,575.53467,4.0,,29356.744,46727.074
Fe,I,575.68141,,56.0,,,
Fe,I,575.92618,575.92618,17.0,,37521.161,54879.683
Fe,I,575.95408,575.95428,31.0,,34692.148,52049.823
Fe,I,576.03442,576.03436,83.0,150000.0,29371.812,46727.074
Fe,I,576.0531,576.05325,5.0,,33507.123,50861.816
Fe,I,576.0693,576.06918,,,26105.908,43460.121
Fe,I,576.0693,576.06948,,,33507.123,50861.327
Fe,I,576.1082,576.10806,2.0,,34017.103,51370.145
Fe,I,576.12555,576.12559,10.0,,29320.026,46672.54
Fe,I,576.22311,576.22298,6.0,,40404.518,57754.099
Fe,I,576.24131,576.24128,100.0,130000.0,29371.812,46720.842
Fe,I,576.2605,576.26075,2.0,,36940.59,54289.034
Fe,I,576.2838,576.284,60.0,,34692.148,52039.892
Fe,I,576.29918,576.29918,2040.0,9600000.0,33946.933,51294.22
Fe,I,576.7972,576.79721,2.0,,34636.792,51969.101
Fe,I,576.93225,576.93222,13.0,,37162.746,54490.999
Fe,I,576.9569,576.95659,1.0,,34692.148,52019.669
Fe,I,576.9672,576.96741,2.0,,33095.941,50423.137
Fe,I,577.0156,577.0155,3.0,,36975.588,54301.34
Fe,I,577.345,577.34493,6.0,,28819.954,46135.82
Fe,I,577.47046,577.47016,10.0,,32873.632,50185.743
Fe,I,,577.50539,,0.0096,415.933,17726.988
Fe,I,577.50802,577.50802,331.0,1120000.0,34039.516,51350.492
Fe,I,577.563,577.56291,,,40052.035,57361.366
Fe,I,577.6224,577.62241,7.0,,29798.936,47106.484
Fe,I,577.8453,577.84524,,,33507.123,50807.997
Fe,I,577.8453,577.84527,,10600.0,20874.482,38175.355
Fe,I,577.8809,577.88088,2.0,,36766.966,54066.773
Fe,I,577.9688,577.96878,4.0,,40231.336,57528.512
Fe,I,578.02825,578.02829,13.0,,34039.516,51334.911
Fe,I,578.05997,578.05994,112.0,76000.0,26140.179,43434.627
Fe,I,578.0804,578.08037,54.0,,26339.696,43633.533
Fe,I,578.1494,578.1491,2.0,,37157.566,54449.347
Fe,I,578.21093,578.2111,36.0,,40842.154,58132.081
Fe,I,578.38943,578.38933,22.0,,26479.381,43763.98
Fe,I,578.4034,578.40329,2.0,,33695.397,50979.579
Fe,I,578.4658,578.46577,95.0,65000.0,27394.691,44677.006
Fe,I,578.5171,578.51676,1.0,,29320.026,46600.818
Fe,I,578.552,578.55184,2.0,,42815.855,60095.599
Fe,I,578.56577,578.5657,14.0,,40231.336,57510.666
Fe,I,578.6991,578.69897,3.0,,34328.752,51604.103
Fe,I,578.7962,578.7967,,,33695.397,50967.831
Fe,I,579.0406,579.04079,14.0,,41018.051,58283.204
Fe,I,579.10176,579.1017,162.0,129000.0,25899.989,43163.326
Fe,I,579.11937,579.11921,5.0,,40491.284,57754.099
Fe,I,579.15235,579.15236,19.0,,36975.588,54237.415
Fe,I,579.1851,579.18558,2.0,,40871.412,58132.249
Fe,I,579.3678,579.36787,2.0,,37045.934,54301.34
Fe,I,579.39144,579.39144,110.0,610000.0,34039.516,51294.22
Fe,I,579.643,579.64309,2.0,,37157.566,54404.779
Fe,I,579.6659,579.66588,3.0,,33801.572,51048.107
Fe,I,579.8171,579.8171,170.0,570000.0,31686.351,48928.388
Fe,I,580.12685,580.12705,4.0,,41130.599,58363.424
Fe,I,580.40346,580.4034,89.0,160000.0,31307.245,48531.865
Fe,I,,580.44536,,0.088,704.007,17927.382
Fe,I,580.44623,580.44633,25.0,280000.0,34547.211,51770.557
Fe,I,580.57567,580.57564,15.0,,40594.432,57813.942
Fe,I,580.6626,580.66268,4.0,,39625.804,56842.733
Fe,I,580.67245,580.67249,204.0,2700000.0,37162.746,54379.384
Fe,I,580.77834,580.77831,13.0,,26550.479,43763.98
Fe,I,580.79751,580.79755,6.0,,37162.746,54375.677
Fe,I,580.91549,580.91553,19.0,,29798.936,47008.371
Fe,I,580.92177,580.92171,219.0,450000.0,31322.613,48531.865
Fe,I,580.9882,580.98808,2.0,,34547.211,51754.497
Fe,I,580.99709,580.99717,5.0,,28819.954,46026.971
Fe,I,581.19141,581.19142,56.0,,33412.717,50613.983
Fe,I,581.2445,581.24447,3.0,,36766.966,53966.662
Fe,I,581.333,581.33312,1.0,,33801.572,50998.645
Fe,I,581.40077,581.40074,6.0,,41018.051,58213.124
Fe,I,581.48071,581.48069,63.0,460000.0,34547.211,51739.92
Fe,I,581.5217,581.52168,,100000.0,33507.123,50698.62
Fe,I,581.5217,581.52222,,,37045.934,54237.415
Fe,I,581.5514,581.55131,1.0,,34636.792,51827.413
Fe,I,581.5628,581.56255,4.0,,39969.853,57160.142
Fe,I,581.60605,581.6068,26.0,,34636.792,51825.773
Fe,I,581.63732,581.63725,447.0,4490000.0,36686.176,53874.257
Fe,I,581.70761,581.70755,18.0,,39969.853,57155.857
Fe,I,581.928,581.92781,1.0,,34039.516,51219.015
Fe,I,582.1889,582.18879,7.0,,40231.336,57403.134
Fe,I,582.6638,582.66367,4.0,,34547.211,51705.014
Fe,I,582.7454,582.74538,6.0,,39969.853,57125.25
Fe,I,582.78767,582.78768,21.0,,26479.381,43633.533
Fe,I,582.84041,582.84024,55.0,,41130.599,58283.204
Fe,I,583.3359,583.33555,1.0,,33695.397,50833.438
Fe,I,583.39263,583.3925,14.0,,21038.987,38175.355
Fe,I,583.40294,583.40251,28.0,,39625.804,56761.878
Fe,I,,583.46468,,0.09,415.933,17550.181
Fe,I,583.51004,583.50997,28.0,,34328.752,51461.67
Fe,I,583.54175,583.54182,7.0,,40842.154,57974.137
Fe,I,583.5496,583.54921,,,34328.752,51460.518
Fe,I,583.55731,583.55725,5.0,,22838.323,39969.853
Fe,I,583.6755,583.6759,1.0,,40871.412,57999.461
Fe,I,583.77009,583.77009,42.0,,34636.792,51762.076
Fe,I,583.8141,583.81407,7.0,,40404.518,57528.512
Fe,I,583.83714,583.83715,44.0,200000.0,31805.071,48928.388
Fe,I,584.11341,,59.0,,,
Fe,I,584.2027,584.20279,1.0,,33695.397,50807.997
Fe,I,584.3152,584.31438,1.0,,34039.516,51148.848
Fe,I,584.3226,584.32295,1.0,,26351.04,43460.121
Fe,I,584.49185,584.49182,5.0,,33507.123,50611.261
Fe,I,584.52865,584.52862,8.0,,40594.432,57697.493
Fe,I,584.5962,584.59606,5.0,,39625.804,56726.892
Fe,I,584.80661,584.80662,25.0,,26339.696,43434.627
Fe,I,584.81291,584.8126,79.0,,37162.746,54257.502
Fe,I,584.91846,584.91837,10.0,,26351.04,43442.705
Fe,I,584.96837,584.9683,19.0,,29798.936,46889.142
Fe,I,585.009,585.00921,2.0,,40231.336,57320.347
Fe,I,585.12048,585.12042,5.0,,39969.853,57055.616
Fe,I,585.22184,585.22181,129.0,1100000.0,36686.176,53768.979
Fe,I,585.31479,585.31493,41.0,,11976.239,29056.324
Fe,I,585.36822,585.36823,8.0,,33801.572,50880.102
Fe,I,585.463,585.46274,2.0,,36079.372,53155.145
Fe,I,585.50762,585.50752,76.0,719000.0,37162.746,54237.213
Fe,I,585.60876,585.60877,115.0,1830000.0,34636.792,51708.307
Fe,I,585.8265,585.82651,6.0,,19621.006,36686.176
Fe,I,585.87776,585.87783,25.0,,34039.516,51103.191
Fe,I,585.92339,585.92336,7.0,,34692.148,51754.497
Fe,I,585.95863,585.95857,540.0,,36686.176,53747.5
Fe,I,585.9954,585.99566,2.0,,33801.572,50861.816
Fe,I,586.11092,586.11082,16.0,,34547.211,51604.103
Fe,I,586.23561,586.23558,890.0,,36686.176,53739.438
Fe,I,586.4244,586.42437,14.0,,34692.148,51739.92
Fe,I,586.4396,586.4392,2.0,,39625.804,56673.145
Fe,I,586.6233,586.62323,4.0,,36975.588,54017.581
Fe,I,586.6445,586.64389,1.0,,34328.752,51370.145
Fe,I,586.699,586.69901,2.0,,37409.555,54449.347
Fe,I,,586.71767,,0.021,888.132,17927.382
Fe,I,587.13033,587.13034,7.0,,33507.123,50534.397
Fe,I,587.2726,587.27268,1.0,,26140.179,43163.326
Fe,I,,587.27841,,0.034,704.007,17726.988
Fe,I,587.32125,587.32122,37.0,,34328.752,51350.492
Fe,I,587.6133,587.61366,1.0,,28819.954,45833.223
Fe,I,587.62778,587.62758,10.0,,34692.148,51705.014
Fe,I,587.7788,587.77935,,,33695.397,50703.87
Fe,I,587.9487,587.94846,,,40052.035,57055.616
Fe,I,587.9487,587.94874,,210000.0,37157.566,54161.139
Fe,I,588.00268,588.00268,23.0,,36766.966,53768.979
Fe,I,588.12797,588.12791,28.0,,37162.746,54161.139
Fe,I,588.1751,588.17507,1.0,,17550.181,34547.211
Fe,I,588.3075,588.30732,2.0,,34636.792,51630.001
Fe,I,588.38166,588.38163,520.0,1900000.0,31937.325,48928.388
Fe,I,588.6816,588.6815,2.0,,40231.336,57213.744
Fe,I,588.74643,588.74647,6.0,,36766.966,53747.5
Fe,I,588.8817,588.88182,2.0,,37409.555,54386.186
Fe,I,588.9389,588.93892,2.0,,37157.566,54132.551
Fe,I,589.0496,589.04986,2.0,,40842.154,57813.942
Fe,I,589.11755,589.11755,35.0,,37521.161,54490.999
Fe,I,589.18782,589.18769,17.0,,37045.934,54013.752
Fe,I,589.24648,589.24659,7.0,,37409.555,54375.677
Fe,I,589.26933,589.2693,40.0,,34328.752,51294.22
Fe,I,589.2801,589.28,1.0,,17726.988,34692.148
Fe,I,589.32345,589.32346,4.0,,34017.103,50981.012
Fe,I,589.5017,589.50155,1.0,,37045.934,54004.718
Fe,I,589.51629,589.51626,4.0,,28604.613,45562.974
Fe,I,589.6743,589.67357,,,41178.412,58132.249
Fe,I,589.7752,589.77448,1.0,,36940.59,53891.526
Fe,I,589.82149,589.82156,23.0,,38175.355,55124.938
Fe,I,589.851,589.85,,,40207.091,57155.857
Fe,I,589.851,589.85038,,,40842.154,57790.909
Fe,I,589.90631,589.9061,4.0,,28604.613,45551.767
Fe,I,590.1531,590.15304,14.0,,34039.516,50979.579
Fe,I,590.1742,590.17516,2.0,,40421.938,57361.366
Fe,I,590.24732,590.24725,40.0,,37045.934,53983.293
Fe,I,590.56716,590.5671,288.0,11000000.0,37521.161,54449.347
Fe,I,590.6255,590.62578,1.0,,34121.603,51048.107
Fe,I,590.68427,590.6842,24.0,,39625.804,56550.634
Fe,I,590.7863,590.78627,16.0,,29798.936,46720.842
Fe,I,590.9844,590.98436,2.0,,40594.432,57510.666
Fe,I,590.99732,590.99722,71.0,44900.0,25899.989,42815.855
Fe,I,591.41117,591.41114,550.0,,37162.746,54066.773
Fe,I,591.42009,591.42006,740.0,,37162.746,54066.518
Fe,I,591.604,591.60306,2.0,,40257.314,57155.857
Fe,I,591.6247,591.6247,309.0,21500.0,19788.251,36686.176
Fe,I,591.655,591.65541,1.0,,33801.572,50698.62
Fe,I,591.8932,591.89308,4.0,,34328.752,51219.015
Fe,I,592.0503,592.04991,2.0,,26105.908,42991.697
Fe,I,592.3515,592.35157,2.0,,40207.091,57084.281
Fe,I,592.3749,592.37487,3.0,,36975.588,53852.114
Fe,I,592.6823,592.68252,1.0,,36940.59,53808.356
Fe,I,592.77887,592.77884,129.0,5400000.0,37521.161,54386.186
Fe,I,592.96768,592.96758,123.0,1100000.0,36686.176,53545.833
Fe,I,593.01795,593.01802,1070.0,,37521.161,54379.384
Fe,I,593.189,593.18921,3.0,,32873.632,49726.99
Fe,I,593.38,593.37972,8.0,,37409.555,54257.502
Fe,I,,593.44217,,0.039,704.007,17550.181
Fe,I,593.46546,593.46542,740.0,2000000.0,31686.351,48531.865
Fe,I,593.5129,593.51313,2.0,,36940.59,53784.75
Fe,I,593.6937,593.69377,1.0,,40231.336,57070.371
Fe,I,,593.70008,,0.053,888.132,17726.988
Fe,I,593.924,593.92384,1.0,,26627.609,43460.121
Fe,I,594.0452,594.04556,1.0,,40491.284,57320.347
Fe,I,594.09911,594.09908,38.0,,33695.397,50522.944
Fe,I,594.31003,594.31011,17.0,,33765.306,50586.878
Fe,I,594.3578,594.35777,10.0,,17726.988,34547.211
Fe,I,594.3624,594.36226,,,34328.752,51148.848
Fe,I,594.539,594.539,1.0,,26627.609,43442.705
Fe,I,594.75111,594.75122,14.0,,37157.566,53966.662
Fe,I,594.9279,594.92811,,,7376.764,24180.862
Fe,I,594.93466,594.93456,81.0,,37162.746,53966.662
Fe,I,595.14532,595.14575,15.0,,26105.908,42903.861
Fe,I,595.2718,595.27177,347.0,1500000.0,32133.991,48928.388
Fe,I,595.2885,595.2886,2.0,,34039.516,50833.438
Fe,I,595.3597,595.35968,1.0,,37045.934,53837.851
Fe,I,595.646,595.64616,1.0,,34547.211,51331.052
Fe,I,595.6694,595.66934,407.0,515.0,6928.268,23711.456
Fe,I,595.7864,595.78638,2.0,,33695.397,50475.288
Fe,I,595.8228,595.82274,,,36766.966,53545.833
Fe,I,595.8228,595.82309,,,7728.06,24506.917
Fe,I,595.83328,595.83325,14.0,,17550.181,34328.752
Fe,I,595.99142,595.99146,7.0,,33412.717,50186.834
Fe,I,596.0361,596.0362,1.0,,41018.051,57790.909
Fe,I,596.1524,596.15239,1.0,,40871.412,57641.001
Fe,I,596.1918,596.19178,2.0,,34039.516,50807.997
Fe,I,596.2219,596.2219,1.0,,37157.566,53925.2
Fe,I,596.3065,596.30543,2.0,,29371.812,46137.097
Fe,I,596.32382,596.32389,3.0,,17927.382,34692.148
Fe,I,596.5471,596.5469,2.0,,34121.603,50880.102
Fe,I,596.5694,596.56904,2.0,,26351.04,43108.917
Fe,I,596.59905,596.59887,5.0,,39969.853,56726.892
Fe,I,596.698,596.69812,2.0,,32873.632,49627.884
Fe,I,,596.88829,,0.024,978.074,17726.988
Fe,I,596.95618,596.95619,7.0,,34547.211,51294.22
Fe,I,597.347,597.34716,2.0,,41018.051,57754.099
Fe,I,597.5346,597.53471,,,32873.632,49604.427
Fe,I,597.5346,597.535,,,38995.736,
Fe,I,597.616,597.61601,4.0,,34636.792,51365.311
Fe,I,597.64387,597.64384,7.0,,33695.397,50423.137
Fe,I,597.67767,597.67764,490.0,,31805.071,48531.865
Fe,I,597.8323,597.83254,2.0,,40491.284,57213.744
Fe,I,597.8894,597.88914,2.0,,40231.336,56952.213
Fe,I,598.13647,598.13647,4.0,,29313.008,46026.971
Fe,I,598.1754,598.17494,,,40594.432,57307.32
Fe,I,598.2312,598.231,4.0,,39625.804,56337.126
Fe,I,598.36806,598.36796,437.0,,36686.176,53393.673
Fe,I,598.48147,598.48148,690.0,,38175.355,54879.683
Fe,I,598.5188,598.5186,4.0,,39969.853,56673.145
Fe,I,598.69559,598.69555,10.0,,26627.609,43325.964
Fe,I,598.70645,598.70645,363.0,,38678.039,55376.09
Fe,I,598.8556,598.85558,2.0,,40871.412,57565.305
Fe,I,599.1261,599.126,2.0,,40842.154,57528.512
Fe,I,599.2641,599.26416,1.0,,33695.397,50377.908
Fe,I,599.2998,599.29987,2.0,,34017.103,50698.62
Fe,I,599.4544,599.45429,1.0,,28604.613,45281.833
Fe,I,599.5914,599.5913,3.0,,37157.566,53830.975
Fe,I,599.76745,599.76746,4.0,,40842.154,57510.666
Fe,I,599.77774,599.77764,129.0,,37162.746,53830.975
Fe,I,599.89381,599.89385,3.0,,29313.008,45978.008
Fe,I,,600.0001,,0.0085,888.132,17550.181
Fe,I,600.063,600.06273,1.0,,41130.599,57790.909
Fe,I,600.30119,600.30108,980.0,,31307.245,47960.94
Fe,I,600.55409,600.55409,49.0,,20874.482,37521.161
Fe,I,600.77146,600.77143,6.0,,26351.04,42991.697
Fe,I,600.79597,600.79594,295.0,,37521.161,54161.139
Fe,I,600.85562,600.85556,1150.0,,31322.613,47960.94
Fe,I,600.9826,600.98209,,,36975.588,53610.412
Fe,I,600.9826,600.98263,,,26224.969,42859.778
Fe,I,601.22095,601.22095,56.0,16900.0,17927.382,34555.597
Fe,I,601.24373,601.24363,5.0,,38678.039,55305.627
Fe,I,601.2758,601.27548,1.0,,36766.966,53393.673
Fe,I,601.3914,601.39148,3.0,,41130.599,57754.099
Fe,I,601.52439,601.52432,5.0,,17927.382,34547.211
Fe,I,601.6047,601.60493,1.0,,40257.314,56874.916
Fe,I,601.82991,601.82991,13.0,,37521.161,54132.551
Fe,I,601.93655,601.93652,22.0,,28819.954,45428.402
Fe,I,602.00132,,195.0,,,
Fe,I,602.01688,602.01681,930.0,,37162.746,53768.979
Fe,I,602.17908,602.17887,44.0,,17726.988,34328.752
Fe,I,602.40576,602.40569,2290.0,,36686.176,53281.689
Fe,I,602.70505,602.70506,600.0,1360000.0,32873.632,49460.902
Fe,I,602.7723,602.77232,2.0,,40257.314,56842.733
Fe,I,602.7966,602.79649,2.0,,37162.746,53747.5
Fe,I,602.81063,602.8103,8.0,,45608.361,62192.735
Fe,I,603.40351,603.40347,19.0,,34782.421,51350.492
Fe,I,603.5337,603.53367,,,34636.792,51201.289
Fe,I,603.5337,603.53436,,,37045.934,53610.412
Fe,I,603.6457,603.64562,,,40594.432,57155.857
Fe,I,604.20948,,251.0,,,
Fe,I,604.2225,604.22254,2.0,,37521.161,54066.773
Fe,I,605.40738,605.40731,15.0,,35257.324,51770.557
Fe,I,605.5091,605.50895,,,41018.051,57528.512
Fe,I,605.5401,605.54016,4.0,,39969.853,56479.463
Fe,I,605.60043,605.60043,550.0,,38175.355,54683.322
Fe,I,605.72581,605.7253,13.0,,40257.314,56761.878
Fe,I,606.06239,606.06218,3.0,,12560.934,29056.324
Fe,I,606.0808,606.08088,2.0,,34039.516,50534.397
Fe,I,606.2848,606.28473,34.0,,17550.181,34039.516
Fe,I,606.2944,606.29436,2.0,,40231.336,56720.409
Fe,I,606.5482,606.54814,,1070000.0,21038.987,37521.161
Fe,I,606.5482,606.54848,,,39969.853,56452.018
Fe,I,606.58,606.58002,6.0,,26627.609,43108.917
Fe,I,607.142,607.14195,,,40207.091,56673.145
Fe,I,607.84907,607.84907,560.0,,38678.039,55124.938
Fe,I,607.90089,607.90074,148.0,2900000.0,37521.161,53966.662
Fe,I,608.171,608.17082,4.0,,35611.625,52049.823
Fe,I,608.1828,608.18284,2.0,,33412.717,49850.59
Fe,I,608.27102,608.27099,166.0,16100.0,17927.382,34362.873
Fe,I,608.3663,608.36601,4.0,,31322.613,47755.537
Fe,I,608.52587,608.52576,79.0,69900.0,22249.429,38678.039
Fe,I,608.7878,608.78819,,,33765.306,50186.834
Fe,I,609.172,609.17188,6.0,,37157.566,53568.751
Fe,I,609.3644,609.36422,68.0,1200000.0,37162.746,53568.751
Fe,I,609.43732,609.43725,33.0,730000.0,37521.161,53925.2
Fe,I,609.66649,609.66638,141.0,340000.0,32133.991,48531.865
Fe,I,609.7081,609.7081,14.0,,17550.181,33946.933
Fe,I,609.82443,609.82433,36.0,,36766.966,53160.593
Fe,I,610.02713,610.02705,22.0,,36766.966,53155.145
Fe,I,610.2177,610.21666,,,37162.746,53545.833
Fe,I,610.2177,610.2171,,,38995.736,55378.811
Fe,I,610.31847,610.31847,257.0,,38995.736,55376.09
Fe,I,610.32935,610.32931,71.0,1520000.0,38175.355,54555.418
Fe,I,610.5131,610.51273,25.0,,36686.176,53061.318
Fe,I,610.7329,610.73233,26.0,,32873.632,49242.886
Fe,I,612.0249,612.02457,34.0,21.2,7376.764,23711.456
Fe,I,612.79062,612.79059,257.0,787000.0,33412.717,49726.99
Fe,I,613.579,613.57864,25.0,,40257.314,56550.634
Fe,I,613.66149,613.66146,112.0,1010000.0,19788.251,36079.372
Fe,I,613.69943,613.69936,245.0,66200.0,17726.988,34017.103
Fe,I,613.7286,613.72814,5.0,,36940.59,53229.941
Fe,I,613.7498,613.7498,4.0,,26874.55,43163.326
Fe,I,613.76913,613.7691,6800.0,1000000.0,20874.482,37162.746
Fe,I,613.9867,613.98603,4.0,,34328.752,50611.261
Fe,I,614.17316,614.17305,510.0,1230000.0,29056.324,45333.875
Fe,I,614.78343,614.7834,209.0,537000.0,32873.632,49135.023
Fe,I,615.16177,615.1617,132.0,17700.0,17550.181,33801.572
Fe,I,615.7728,615.77276,550.0,1200000.0,32873.632,49108.896
Fe,I,615.9377,615.9373,35.0,,37162.746,53393.673
Fe,I,616.35441,616.35434,105.0,8440.0,17726.988,33946.933
Fe,I,616.53599,616.53595,204.0,654000.0,33412.717,49627.884
Fe,I,616.9597,616.95974,27.0,,38175.355,54379.384
Fe,I,617.05067,617.05056,407.0,,38678.039,54879.683
Fe,I,617.33352,617.3334,240.0,231000.0,17927.382,34121.603
Fe,I,618.02038,618.02019,195.0,55900.0,21999.13,38175.355
Fe,I,618.5697,618.5697,34.0,,45562.974,61724.829
Fe,I,618.799,618.79889,191.0,410000.0,31805.071,47960.94
Fe,I,619.1558,619.15572,,741000.0,19621.006,35767.564
Fe,I,619.1558,619.15657,,,34328.752,50475.288
Fe,I,620.03125,620.03122,550.0,90600.0,21038.987,37162.746
Fe,I,621.34299,621.34291,457.0,190000.0,17927.382,34017.103
Fe,I,621.51434,621.51431,219.0,1180000.0,33765.306,49850.59
Fe,I,621.92806,621.92802,780.0,127000.0,17726.988,33801.572
Fe,I,622.0783,622.07794,62.0,,31307.245,47377.955
Fe,I,622.625,622.625,71.0,,29371.812,45428.402
Fe,I,622.6736,622.67339,65.0,,31322.613,47377.955
Fe,I,622.9228,622.92256,89.0,89700.0,22946.816,38995.736
Fe,I,623.07226,623.07219,6600.0,999000.0,20641.11,36686.176
Fe,I,,623.12605,,0.17,12560.934,28604.613
Fe,I,623.26408,623.264,790.0,3420000.0,29469.024,45509.152
Fe,I,624.031,624.03097,41.0,,33412.717,49433.131
Fe,I,624.06458,624.06459,288.0,23000.0,17927.382,33946.933
Fe,I,624.63184,624.63177,4900.0,3240000.0,29056.324,45061.329
Fe,I,625.2555,625.25546,9500.0,319000.0,19390.168,35379.208
Fe,I,625.3831,625.38282,50.0,,38175.355,54161.139
Fe,I,625.42581,625.42574,5100.0,213000.0,18378.186,34362.873
Fe,I,625.63611,625.63608,1380.0,74000.0,19788.251,35767.564
Fe,I,626.51335,626.5132,2690.0,68400.0,17550.181,33507.123
Fe,I,627.02246,627.02231,760.0,139000.0,23051.75,38995.736
Fe,I,627.1278,627.12776,200.0,30500.0,26874.55,42815.855
Fe,I,628.06178,628.06167,3800.0,626.0,6928.268,22845.869
Fe,I,628.0774,628.07694,50.0,,36940.59,52857.804
Fe,I,629.09652,629.09648,1780.0,,38175.355,54066.773
Fe,I,629.107,629.10658,100.0,,38175.355,54066.518
Fe,I,629.3925,629.39238,200.0,,38995.736,54879.683
Fe,I,629.77927,629.77923,4680.0,61200.0,17927.382,33801.572
Fe,I,630.15008,630.14996,33100.0,6430000.0,29469.024,45333.875
Fe,I,630.24932,630.24932,10700.0,,29732.736,45595.086
Fe,I,630.7854,630.78541,182.0,,29371.812,45220.681
Fe,I,631.14999,631.14991,1000.0,24200.0,22838.323,38678.039
Fe,I,631.277,631.27653,71.0,,35767.564,51604.103
Fe,I,631.53063,631.53056,7400.0,1400000.0,33412.717,49242.886
Fe,I,631.54121,631.54113,1510.0,,33412.717,49242.621
Fe,I,631.5811,631.58107,5000.0,400000.0,32873.632,48702.535
Fe,I,631.80171,631.80176,37200.0,375000.0,19788.251,35611.625
Fe,I,632.26851,632.26847,15500.0,69500.0,20874.482,36686.176
Fe,I,633.08491,633.08475,2000.0,640000.0,38175.355,53966.662
Fe,I,633.53304,633.53296,51000.0,158000.0,17726.988,33507.123
Fe,I,633.68239,633.68231,65000.0,7710000.0,29732.736,45509.152
Fe,I,633.88771,633.88755,3800.0,5100000.0,38678.039,54449.347
Fe,I,634.41487,634.41475,9500.0,18000.0,19621.006,35379.208
Fe,I,635.0544,635.0544,129.0,,36940.59,52682.92
Fe,I,635.1272,635.1273,151.0,,34782.421,50522.944
Fe,I,635.3836,635.38355,282.0,7.87,7376.764,23110.939
Fe,I,635.50286,635.50278,17000.0,169000.0,22946.816,38678.039
Fe,I,635.86333,635.86321,7800.0,519000.0,33412.717,49135.023
Fe,I,635.86972,635.8696,28200.0,432.0,6928.268,22650.416
Fe,I,636.28759,636.28755,6600.0,280000.0,33765.306,49477.127
Fe,I,636.43653,636.43637,2400.0,2100000.0,38678.039,54386.186
Fe,I,636.46947,636.46939,1230.0,,36975.588,52682.92
Fe,I,636.712,636.71208,182.0,,38678.039,54379.384
Fe,I,636.8379,636.83717,71.0,,31307.245,47005.506
Fe,I,636.8634,636.86244,50.0,,38678.039,54375.677
Fe,I,637.6199,637.62003,151.0,,34843.957,50522.944
Fe,I,638.07428,638.07429,15800.0,1380000.0,33765.306,49433.131
Fe,I,638.57181,638.57173,790.0,,38175.355,53830.975
Fe,I,639.25383,639.25375,1020.0,,18378.186,34017.103
Fe,I,639.36009,639.36001,302000.0,481000.0,19621.006,35257.324
Fe,I,,639.3706,,0.093,12968.554,28604.613
Fe,I,639.7968,639.79685,129.0,,36079.372,51705.014
Fe,I,639.9649,639.9646,151.0,,32133.991,47755.537
Fe,I,640.00008,640.0,490000.0,9270000.0,29056.324,44677.006
Fe,I,640.03175,640.03163,28200.0,869.0,7376.764,22996.674
Fe,I,640.80179,640.80171,74000.0,3120000.0,29732.736,45333.875
Fe,I,640.8335,640.83326,219.0,,35379.208,50979.579
Fe,I,641.1107,641.11054,417.0,,38175.355,53768.979
Fe,I,641.16489,641.16477,219000.0,4430000.0,29469.024,45061.329
Fe,I,641.2202,641.22021,71.0,,19788.251,35379.208
Fe,I,641.693,641.69328,,,38678.039,54257.502
Fe,I,641.9645,641.96437,1230.0,,31805.071,47377.955
Fe,I,641.99492,641.99484,36300.0,12000000.0,38175.355,53747.5
Fe,I,642.0065,642.0063,182.0,,36940.59,52512.457
Fe,I,642.13504,642.13496,257000.0,304000.0,18378.186,33946.933
Fe,I,643.0846,643.08447,209000.0,177000.0,17550.181,33095.941
Fe,I,643.4876,643.48764,50.0,,27543.003,43079.023
Fe,I,643.64068,643.64056,2040.0,,33765.306,49297.635
Fe,I,643.8459,643.84616,71.0,,43434.627,58961.996
Fe,I,643.87577,643.87573,680.0,,35767.564,51294.22
Fe,I,643.9562,643.95557,50.0,,36079.372,51604.103
Fe,I,644.61,644.60995,219.0,,32873.632,48382.603
Fe,I,645.9286,645.92839,71.0,,33765.306,49242.621
Fe,I,646.2725,646.27121,,97000.0,7376.764,22845.869
Fe,I,646.2725,646.27255,,56000.0,19788.251,35257.324
Fe,I,646.46638,646.46617,630.0,,7728.06,23192.5
Fe,I,646.91177,646.91173,870.0,,19390.168,34843.957
Fe,I,646.91926,646.91918,10200.0,8300000.0,38995.736,54449.347
Fe,I,647.2149,647.21507,100.0,,35257.324,50703.87
Fe,I,647.5624,647.56236,13200.0,26000.0,20641.11,36079.372
Fe,I,647.6609,647.66045,71.0,,33095.941,48531.865
Fe,I,648.18699,648.18695,15800.0,32900.0,18378.186,33801.572
Fe,I,648.3946,648.39437,398.0,,11976.239,27394.691
Fe,I,649.44995,649.44978,3470.0,,38175.355,53568.751
Fe,I,649.498,649.49801,870000.0,766000.0,19390.168,34782.421
Fe,I,649.57418,649.5741,5800.0,6400000.0,38995.736,54386.186
Fe,I,649.64661,649.64653,18600.0,7800000.0,38678.039,54066.773
Fe,I,649.89388,649.8938,19100.0,464.0,7728.06,23110.939
Fe,I,649.9616,649.96119,200.0,,35767.564,51148.848
Fe,I,650.0478,650.0477,,,43922.668,59301.904
Fe,I,650.16718,,15100.0,,,
Fe,I,650.41831,650.41814,580.0,,38175.355,53545.833
Fe,I,650.4509,650.45035,129.0,,33765.306,49135.023
Fe,I,650.96164,650.96151,1820.0,,32873.632,48231.28
Fe,I,651.83667,651.83654,18600.0,113000.0,22838.323,38175.355
Fe,I,652.85345,,6000.0,,,
Fe,I,653.3929,653.39277,6600.0,1200000.0,36766.966,52067.469
Fe,I,653.84934,653.84939,930.0,,33412.717,48702.535
Fe,I,654.6239,654.62373,224000.0,906000.0,22249.429,37521.161
Fe,I,654.7576,654.75742,129.0,,7728.06,22996.674
Fe,I,655.16776,655.16768,1260.0,,7985.785,23244.838
Fe,I,655.5869,655.58688,219.0,,32873.632,48122.928
Fe,I,655.67876,655.67868,1700.0,,38678.039,53925.2
Fe,I,655.9771,655.97687,282.0,,36940.59,52180.82
Fe,I,656.92151,656.92138,45700.0,6000000.0,38175.355,53393.673
Fe,I,657.1167,657.11655,417.0,,34636.792,49850.59
Fe,I,657.4228,657.42263,,306.0,7985.785,23192.5
Fe,I,657.50154,657.50154,22400.0,43000.0,20874.482,36079.372
Fe,I,658.12097,658.12089,4170.0,358.0,11976.239,27166.82
Fe,I,658.4579,658.45743,219.0,,43499.505,58682.322
Fe,I,659.13125,659.13125,1580.0,,37045.934,52213.23
Fe,I,659.2609,659.26082,,,39969.853,55134.168
Fe,I,659.29134,659.29121,155000.0,737000.0,21999.13,37162.746
Fe,I,659.38701,659.38692,71000.0,52800.0,19621.006,34782.421
Fe,I,659.75606,659.75589,8700.0,2000000.0,38678.039,53830.975
Fe,I,660.1122,660.11233,71.0,,40231.336,55376.09
Fe,I,660.3196,660.31961,200.0,,29371.812,44511.812
Fe,I,660.334,660.334,219.0,,19552.478,34692.148
Fe,I,660.45885,660.45855,1230.0,,38995.736,54132.551
Fe,I,660.80256,660.80247,1860.0,,18378.186,33507.123
Fe,I,660.89521,660.89512,500.0,,33801.572,48928.388
Fe,I,660.91098,660.91094,24000.0,34500.0,20641.11,35767.564
Fe,I,660.9678,660.96775,,,7985.785,23110.939
Fe,I,661.3825,661.38246,1480.0,,8154.714,23270.384
Fe,I,661.4949,661.49519,71.0,,43922.668,59035.762
Fe,I,662.2407,662.24073,151.0,,35379.208,50475.288
Fe,I,662.3791,662.37794,219.0,,32873.632,47966.585
Fe,I,662.50216,662.50212,3980.0,234.0,8154.714,23244.838
Fe,I,662.75444,662.75435,4680.0,,36686.176,51770.557
Fe,I,663.1979,663.19797,129.0,,40231.336,55305.627
Fe,I,663.34121,663.34116,3470.0,,38995.736,54066.773
Fe,I,663.37492,663.37483,12000.0,3440000.0,36766.966,51837.238
Fe,I,663.41067,663.41054,3980.0,,38678.039,53747.5
Fe,I,663.6964,663.69646,182.0,,33412.717,48475.686
Fe,I,663.98779,663.98757,1510.0,,32873.632,47929.997
Fe,I,664.5367,664.53646,151.0,,35379.208,50423.137
Fe,I,664.69314,664.69305,1170.0,,21038.987,36079.372
Fe,I,664.80806,664.80793,1120.0,36.4,8154.714,23192.5
Fe,I,665.38523,665.3851,1860.0,,33507.123,48531.865
Fe,I,666.32321,666.32312,6000.0,,36766.966,51770.557
Fe,I,666.34417,666.34408,63000.0,498000.0,19552.478,34555.597
Fe,I,666.5427,666.54267,324.0,,12560.934,27559.583
Fe,I,666.74187,666.74178,710.0,,19788.251,34782.421
Fe,I,666.77108,666.77099,980.0,166000.0,36975.588,51969.101
Fe,I,667.268,667.26779,182.0,,43499.505,58481.855
Fe,I,667.3814,667.38183,100.0,,38175.355,53155.145
Fe,I,667.6865,667.68653,200.0,,36766.966,51739.92
Fe,I,667.79865,667.79848,240000.0,634000.0,21715.732,36686.176
Fe,I,668.2236,668.22368,251.0,,32873.632,47834.55
Fe,I,668.74918,668.74904,1700.0,,33412.717,48361.882
Fe,I,669.2272,669.22711,780.0,,32873.632,47812.118
Fe,I,669.2469,669.24673,100.0,,36766.966,51705.014
Fe,I,669.91414,669.91409,1100.0,168000.0,37045.934,51969.101
Fe,I,670.3567,670.35656,8700.0,18000.0,22249.429,37162.746
Fe,I,670.44805,670.44792,1100.0,,34017.103,48928.388
Fe,I,670.5102,670.51006,4790.0,,37157.566,52067.469
Fe,I,670.74327,670.74309,680.0,,37162.746,52067.469
Fe,I,671.03191,671.03177,3550.0,,11976.239,26874.55
Fe,I,671.1821,671.18193,251.0,,39969.853,54864.831
Fe,I,671.2438,671.24394,282.0,,40231.336,55124.938
Fe,I,671.30465,671.30456,4070.0,,37157.566,52049.823
Fe,I,671.31957,671.31948,1550.0,,33412.717,48304.643
Fe,I,671.37444,671.37421,2820.0,,38678.039,53568.751
Fe,I,671.53828,671.53814,3980.0,,37162.746,52049.823
Fe,I,671.62368,671.62359,3890.0,,36940.59,51825.773
Fe,I,671.7301,671.73018,151.0,,40871.412,55754.233
Fe,I,671.75266,671.75253,2690.0,,37157.566,52039.892
Fe,I,672.53568,672.53554,3980.0,,33095.941,47960.94
Fe,I,672.66664,672.66659,5600.0,,37157.566,52019.669
Fe,I,673.02919,673.0291,550.0,,39625.804,54479.902
Fe,I,673.20644,673.20644,1950.0,,36975.588,51825.773
Fe,I,673.31508,673.31499,4680.0,,37409.555,52257.346
Fe,I,673.5006,673.5007,71.0,,35767.564,50611.261
Fe,I,673.65309,673.65328,710.0,,34636.792,49477.127
Fe,I,673.7269,673.72678,324.0,,26339.696,41178.412
Fe,I,673.79866,673.79848,3020.0,,36766.966,51604.103
Fe,I,673.95215,673.95201,2570.0,337.0,12560.934,27394.691
Fe,I,674.51008,674.50999,3020.0,,36940.59,51762.076
Fe,I,674.5956,674.59551,1510.0,,32873.632,47693.239
Fe,I,674.69545,674.69531,500.0,,21038.987,35856.402
Fe,I,675.0152,675.01511,52000.0,117000.0,19552.478,34362.873
Fe,I,675.27067,675.27067,7200.0,3050000.0,37409.555,52214.345
Fe,I,675.34635,675.34635,650.0,,36766.966,51570.097
Fe,I,675.5605,,4170.0,,,
Fe,I,,676.06187,,0.13,6928.268,21715.732
Fe,I,676.41075,676.41065,468.0,,37045.934,51825.773
Fe,I,676.9659,676.96589,324.0,,36940.59,51708.307
Fe,I,677.74089,677.7408,710.0,,33765.306,48516.138
Fe,I,678.3265,678.32639,282.0,,20641.11,35379.208
Fe,I,678.37035,678.37034,790.0,,20874.482,35611.625
Fe,I,678.574,678.57405,520.0,,36975.588,51708.307
Fe,I,678.585,678.58497,347.0,,32873.632,47606.114
Fe,I,678.64264,678.6425,630.0,,26140.179,40871.412
Fe,I,678.68599,678.68581,3800.0,200000.0,33801.572,48531.865
Fe,I,678.7162,678.71544,,,40404.518,55134.168
Fe,I,679.32588,679.32579,2040.0,75800.0,32873.632,47590.048
Fe,I,679.4618,679.46185,219.0,,39969.853,54683.322
Fe,I,679.60472,679.60453,650.0,,33765.306,48475.686
Fe,I,679.61248,679.61234,850.0,,33412.717,48122.928
Fe,I,680.187,680.18649,151.0,,12968.554,27666.348
Fe,I,680.3831,680.38286,182.0,,36766.966,51460.518
Fe,I,680.40004,680.3999,1290.0,1530000.0,37521.161,52214.345
Fe,I,680.42709,680.42704,1480.0,246000.0,36975.588,51668.186
Fe,I,680.68444,680.68426,3090.0,120000.0,21999.13,36686.176
Fe,I,681.02623,681.02619,2000.0,2120000.0,37157.566,51837.238
Fe,I,681.4742,681.47422,100.0,,26224.969,40894.99
Fe,I,681.959,681.95884,219.0,,33095.941,47755.537
Fe,I,682.03715,682.0371,870.0,1500000.0,37409.555,52067.469
Fe,I,682.4823,682.48255,71.0,,40231.336,54879.683
Fe,I,682.85908,682.85917,1620.0,3700000.0,37409.555,52049.823
Fe,I,683.3225,683.32269,182.0,,37409.555,52039.892
Fe,I,,683.69519,,0.072,7376.764,21999.13
Fe,I,683.70057,683.70052,630.0,326000.0,37045.934,51668.186
Fe,I,683.8832,683.88325,251.0,,47106.484,61724.829
Fe,I,683.98301,683.98296,580.0,7100.0,20641.11,35257.324
Fe,I,684.1339,684.13382,,3400000.0,37157.566,51770.557
Fe,I,684.26854,684.26854,389.0,2400000.0,37409.555,52019.669
Fe,I,684.36555,684.3655,1290.0,2600000.0,36686.176,51294.22
Fe,I,684.4657,684.46662,71.0,,12560.934,27166.82
Fe,I,684.7595,684.75964,71.0,,34328.752,48928.388
Fe,I,685.1634,685.16357,71.0,,12968.554,27559.583
Fe,I,685.4822,685.48233,324.0,153000.0,37045.934,51630.178
Fe,I,685.51617,685.51607,1450.0,2860000.0,36766.966,51350.492
Fe,I,685.5713,685.57117,200.0,,37157.566,51739.92
Fe,I,685.6073,685.60634,50.0,,43163.326,57744.932
Fe,I,685.72499,685.72489,389.0,,32873.632,47452.717
Fe,I,685.81493,685.81479,560.0,3330000.0,37162.746,51739.92
Fe,I,686.1942,686.19368,100.0,,19552.478,34121.603
Fe,I,687.6001,687.59956,50.0,,33765.306,48304.643
Fe,I,688.063,688.06272,100.0,,33507.123,48036.673
Fe,I,,688.45036,,0.028,7728.06,22249.429
Fe,I,688.5756,688.57545,282.0,2100000.0,37521.161,52039.892
Fe,I,691.6681,691.66796,186.0,620000.0,33507.123,47960.94
Fe,I,694.52048,694.52038,372.0,91100.0,19552.478,33946.933
Fe,I,695.1245,695.12455,50.0,,36766.966,51148.91
Fe,I,,696.30211,,897000.0,33765.306,48122.928
Fe,I,,697.19318,,12500.0,24338.767,38678.039
Fe,I,,697.20796,,0.026,7376.764,21715.732
Fe,I,697.88512,697.88502,339.0,144000.0,20037.816,34362.873
Fe,I,699.98836,699.98831,71.0,470000.0,33095.941,47377.955
Fe,I,,700.06145,,80000.0,33412.717,47693.239
Fe,I,,700.52511,,0.032,7728.06,21999.13
Fe,I,700.797,700.79652,30.0,,33695.397,47960.94
Fe,I,,700.88983,,0.022,7985.785,22249.429
Fe,I,701.1343,701.13433,20.0,,37045.934,51304.604
Fe,I,,701.62344,,0.033,11976.239,26224.969
Fe,I,701.63916,701.63901,79.0,1200000.0,33507.123,47755.537
Fe,I,702.29535,702.2952,79.0,1700000.0,33801.572,48036.673
Fe,I,,702.40617,,93000.0,32873.632,47106.484
Fe,I,,702.46407,,2250000.0,36766.966,50998.645
Fe,I,703.8223,703.822,71.0,2500000.0,34017.103,48221.324
Fe,I,706.8409,706.84088,,899000.0,32873.632,47017.188
Fe,I,709.03831,709.03841,89.0,3000000.0,34121.603,48221.324
Fe,I,710.7461,710.74595,30.0,1200000.0,33765.306,47831.153
Fe,I,,711.21675,,19300.0,24118.819,38175.355
Fe,I,713.09217,713.09206,191.0,4100000.0,34017.103,48036.673
Fe,I,713.29858,713.29863,40.0,343000.0,32873.632,46889.142
Fe,I,714.8148,714.81456,71.0,,43163.326,57149.113
Fe,I,716.44481,716.44471,324.0,,33801.572,47755.537
Fe,I,718.11955,718.11939,89.0,,34039.516,47960.94
Fe,I,718.73175,718.73165,1000.0,8360000.0,33095.941,47005.506
Fe,I,,718.91482,,36600.0,24772.018,38678.039
Fe,I,720.71111,720.71116,89.0,982000.0,32873.632,46744.993
Fe,I,720.73876,720.73865,680.0,,33507.123,47377.955
Fe,I,721.9685,721.96817,50.0,,32873.632,46720.842
Fe,I,722.366,722.36573,50.0,113000.0,24335.766,38175.355
Fe,I,723.9867,723.98665,60.0,,33946.933,47755.537
Fe,I,724.8107,724.81075,7400.0,,43633.533,57426.437
Fe,I,726.1514,726.15183,30.0,,36766.966,50534.397
Fe,I,728.4835,728.48342,30.0,,33412.717,47136.084
Fe,I,728.8738,728.87358,79.0,,34039.516,47755.537
Fe,I,729.2829,729.28294,40.0,1100000.0,36766.966,50475.288
Fe,I,729.30449,729.30428,100.0,,34328.752,48036.673
Fe,I,730.6562,730.65618,30.0,,33695.397,47377.955
Fe,I,730.79313,730.79307,71.0,525000.0,33412.717,47092.712
Fe,I,731.10754,731.10743,79.0,,34547.211,48221.324
Fe,I,,731.64666,,0.02,12560.934,26224.969
Fe,I,732.0682,732.06799,40.0,967000.0,36766.966,50423.137
Fe,I,,732.12106,,0.011,12968.554,26623.735
Fe,I,734.3946,734.39442,50.0,,43442.705,57055.616
Fe,I,738.63327,738.63332,1070.0,,39625.804,53160.593
Fe,I,738.9308,738.93076,490.0,,39625.804,53155.145
Fe,I,738.93983,738.93977,1950.0,,34692.148,48221.324
Fe,I,739.6507,739.65088,,,43633.533,57149.702
Fe,I,739.6507,739.65115,,,40231.336,53747.5
Fe,I,740.16844,740.16827,331.0,1800000.0,33765.306,47272.027
Fe,I,741.11539,741.11528,3240.0,,34547.211,48036.673
Fe,I,741.8667,741.86664,520.0,1020000.0,33412.717,46888.517
Fe,I,742.1558,742.15594,55.0,,37409.555,50880.102
Fe,I,743.08562,743.08556,269.0,,37157.566,50611.261
Fe,I,,743.95839,,0.016,12968.554,26406.465
Fe,I,744.09118,744.09112,500.0,,39625.804,53061.318
Fe,I,744.30219,744.30218,407.0,,33765.306,47197.01
Fe,I,744.57504,744.57487,5800.0,,34328.752,47755.537
Fe,I,744.73933,744.73932,191.0,,39969.853,53393.673
Fe,I,745.3997,745.39967,63.0,,33765.306,47177.234
Fe,I,746.036,746.03596,17.0,,45281.833,58682.322
Fe,I,746.15201,746.15195,58.0,,20641.11,34039.516
Fe,I,746.3382,746.33839,37.0,,40842.154,54237.213
Fe,I,746.6519,746.65216,15.0,,38678.039,52067.469
Fe,I,746.9191,746.9187,12.0,,43922.668,57307.32
Fe,I,747.2751,747.27501,23.0,,43163.326,56541.596
Fe,I,747.35535,747.3554,49.0,,37157.566,50534.397
Fe,I,747.63754,747.63748,79.0,,38678.039,52049.823
Fe,I,747.7508,747.7506,29.0,,31307.245,44677.006
Fe,I,748.1319,748.1319,30.0,,48361.882,61724.829
Fe,I,748.1741,748.17395,6.0,,22249.429,35611.625
Fe,I,748.19321,748.19315,68.0,,38678.039,52039.892
Fe,I,748.22228,748.22227,47.0,,41018.051,54379.384
Fe,I,748.4297,748.42992,,,41018.051,54375.677
Fe,I,748.611,748.61111,17.0,,31322.613,44677.006
Fe,I,748.6661,748.66577,25.0,,43163.326,56516.744
Fe,I,749.1426,749.14302,45.0,,43434.627,56779.538
Fe,I,749.16481,749.16469,830.0,,34692.148,48036.673
Fe,I,749.5067,749.50652,5000.0,,34039.516,47377.955
Fe,I,749.853,749.85299,91.0,,33412.717,46744.993
Fe,I,750.1276,750.127,19.0,,33765.306,47092.712
Fe,I,750.60139,750.60127,87.0,,40842.154,54161.139
Fe,I,750.6146,750.61463,4.0,,41130.599,54449.347
Fe,I,750.72658,750.72652,740.0,,35611.625,48928.388
Fe,I,750.8617,750.86218,5.0,,33412.717,46727.074
Fe,I,751.102,751.10182,7800.0,13500000.0,33695.397,47005.506
Fe,I,751.2138,751.2138,16.0,,33412.717,46720.842
Fe,I,751.4199,751.41983,42.0,,42815.855,56120.331
Fe,I,751.51028,,219.0,,,
Fe,I,752.8145,752.81468,14.0,,40594.432,53874.257
Fe,I,753.11447,753.11435,2340.0,,35257.324,48531.865
Fe,I,754.043,754.04292,15.0,,21999.13,35257.324
Fe,I,754.1531,754.15305,17.0,,31805.071,45061.329
Fe,I,754.19123,754.19122,38.0,,41130.599,54386.186
Fe,I,754.5582,754.558,14.0,,48475.686,61724.829
Fe,I,754.61769,,1150.0,,,
Fe,I,754.78963,754.78962,81.0,,41130.599,54375.677
Fe,I,755.1108,755.11042,66.0,,41018.051,54257.502
Fe,I,755.9573,755.95732,20.0,,40842.154,54066.773
Fe,I,755.97196,755.97189,123.0,,40842.154,54066.518
Fe,I,756.30103,756.30102,68.0,,38995.736,52214.345
Fe,I,756.88995,756.88982,1230.0,,34547.211,47755.537
Fe,I,758.21214,758.21208,62.0,,39969.853,53155.145
Fe,I,758.37877,758.37876,1320.0,302000.0,24338.767,37521.161
Fe,I,758.60182,758.60176,6000.0,,34782.421,47960.94
Fe,I,758.83048,758.83047,132.0,,40594.432,53768.979
Fe,I,759.425,759.42501,5.0,,40404.518,53568.751
Fe,I,760.06954,760.06965,44.0,,40594.432,53747.5
Fe,I,760.53588,760.53581,186.0,,40594.432,53739.438
Fe,I,760.64692,760.6468,74.0,,41018.051,54161.139
Fe,I,761.02677,761.02676,31.0,,33765.306,46901.832
Fe,I,761.5083,761.50796,17.0,,21715.732,34843.957
Fe,I,761.5848,761.58465,25.0,,41130.599,54257.502
Fe,I,761.72375,761.72363,54.0,,40842.154,53966.662
Fe,I,761.79892,761.79892,48.0,,33765.306,46888.517
Fe,I,762.05123,762.05128,890.0,,38175.355,51294.22
Fe,I,762.3049,762.30493,14.0,,41018.051,54132.551
Fe,I,763.4006,763.40074,33.0,,40257.314,53352.989
Fe,I,763.5848,763.58482,26.0,,38678.039,51770.557
Fe,I,764.76482,764.76452,500.0,,44378.342,57450.664
Fe,I,764.78413,764.78418,51.0,,35856.402,48928.388
Fe,I,765.09445,765.09421,71.0,,21715.732,34782.421
Fe,I,765.37591,765.37584,398.0,2960000.0,38678.039,51739.92
Fe,I,765.8329,765.83281,23.0,,38995.736,52049.823
Fe,I,766.11969,766.11945,1290.0,,34328.752,47377.955
Fe,I,766.14764,766.14769,45.0,,41018.051,54066.773
Fe,I,766.41582,766.41587,155.0,,38995.736,52039.892
Fe,I,766.42928,766.42933,1950.0,337000.0,24118.819,37162.746
Fe,I,767.6065,767.60594,8.0,,38995.736,52019.669
Fe,I,768.9036,768.90365,60.0,,41130.599,54132.551
Fe,I,769.68122,769.68098,30.0,,40842.154,53830.975
Fe,I,771.0096,771.00957,9.0,,40871.412,53837.851
Fe,I,771.0364,771.03627,910.0,786000.0,34039.516,47005.506
Fe,I,771.46061,,120.0,,,
Fe,I,771.90481,771.9048,145.0,,40594.432,53545.833
Fe,I,772.07125,772.07112,33.0,,41018.051,53966.662
Fe,I,772.32075,772.32068,437.0,3860.0,18378.186,31322.613
Fe,I,773.37227,773.37233,52.0,,40842.154,53768.979
Fe,I,773.76656,773.76649,20.0,,35611.625,48531.865
Fe,I,774.27043,774.27036,257.0,,40257.314,53169.146
Fe,I,774.55135,774.55128,115.0,,41018.051,53925.2
Fe,I,774.65938,774.65949,91.0,,40842.154,53747.5
Fe,I,774.82689,774.82694,2750.0,219000.0,23783.619,36686.176
Fe,I,775.11086,775.11086,316.0,,40257.314,53155.145
Fe,I,775.4026,775.40243,22.0,,45428.402,58321.383
Fe,I,775.5024,775.50222,20.0,,44511.812,57403.134
Fe,I,777.9811,777.98102,14.0,,45281.833,58132.081
Fe,I,778.05568,778.05561,2880.0,,36079.372,48928.388
Fe,I,778.8744,778.8742,8.0,,33765.306,46600.818
Fe,I,780.24723,780.24729,65.0,,41018.051,53830.975
Fe,I,780.79086,780.79085,520.0,,40257.314,53061.318
Fe,I,781.08142,781.08141,95.0,,40594.432,53393.673
Fe,I,781.3646,781.36467,11.0,,41130.599,53925.2
Fe,I,782.08029,782.08022,48.0,,34636.792,47419.687
Fe,I,783.21963,783.21949,3470.0,,35767.564,48531.865
Fe,I,783.2661,783.26576,16.0,,46313.537,59077.084
Fe,I,784.45584,784.45583,71.0,,38995.736,51739.92
Fe,I,785.3637,785.36388,,,41018.051,53747.5
Fe,I,785.53983,785.53988,148.0,,40842.154,53568.751
Fe,I,786.961,786.95704,,,40842.154,53545.833
Fe,I,786.961,786.96094,,,35257.324,47960.94
Fe,I,787.97579,787.97566,58.0,,40594.432,53281.689
Fe,I,788.7087,788.70884,11.0,,35856.402,48531.865
Fe,I,789.2546,789.2543,14.0,,46410.381,59077.084
Fe,I,789.2798,789.28028,12.0,,46313.537,58979.823
Fe,I,791.28665,791.28657,302.0,168.0,6928.268,19562.439
Fe,I,791.4712,791.47075,85.0,,44243.685,56874.916
Fe,I,791.55135,791.5514,32.0,,41178.412,53808.356
Fe,I,792.41498,792.41491,74.0,,38678.039,51294.22
Fe,I,,793.5323,,0.064,11976.239,24574.655
Fe,I,793.71401,793.71387,5200.0,,34782.421,47377.955
Fe,I,794.10887,794.10873,120.0,182000.0,26406.465,38995.736
Fe,I,794.18325,794.18317,14.0,,24574.655,37162.746
Fe,I,794.58464,794.58457,5100.0,,35379.208,47960.94
Fe,I,794.59866,794.5984,7.0,,19552.478,32133.991
Fe,I,795.0826,795.0826,13.0,,41234.505,53808.356
Fe,I,795.3616,795.36149,18.0,,46410.381,58979.823
Fe,I,795.49339,795.49345,26.0,,24118.819,36686.176
Fe,I,795.56917,795.56916,115.0,,40594.432,53160.593
Fe,I,795.9143,795.91423,105.0,,40594.432,53155.145
Fe,I,796.49725,796.49724,59.0,,40842.154,53393.673
Fe,I,797.4491,797.44911,4.0,,36940.59,49477.127
Fe,I,798.19112,798.19124,129.0,,46137.097,58661.978
Fe,I,798.6012,798.601,12.0,,41178.412,53696.867
Fe,I,799.44803,,930.0,,,
Fe,I,799.68159,799.68158,28.0,,36975.588,49477.127
Fe,I,799.7302,799.73013,10.0,,33412.717,45913.497
Fe,I,799.8252,799.82534,11.0,,34636.792,47136.084
Fe,I,799.89453,799.89439,4270.0,,35257.324,47755.537
Fe,I,800.2576,800.25718,,,44511.812,57004.359
Fe,I,800.2576,800.25757,,,36940.59,49433.131
Fe,I,801.3016,801.30149,35.0,,46600.818,59077.084
Fe,I,802.1958,802.1955,10.0,,41234.505,53696.867
Fe,I,802.79413,802.79406,71.0,,26224.969,38678.039
Fe,I,802.8314,802.83126,710.0,,36079.372,48531.865
Fe,I,804.60474,804.6046,3630.0,,35611.625,48036.673
Fe,I,804.7618,804.76166,324.0,,6928.268,19350.891
Fe,I,804.8992,804.89883,7.0,,33412.717,45833.223
Fe,I,805.2581,805.25788,13.0,,37045.934,49460.902
Fe,I,805.93503,805.9346,105.0,,46672.54,59077.084
Fe,I,807.21642,807.21634,66.0,,19552.478,31937.325
Fe,I,807.51504,807.5149,155.0,119.0,7376.764,19757.032
Fe,I,807.8398,807.8397,6.0,,46137.097,58512.387
Fe,I,808.05469,808.05449,63.0,,26623.735,38995.736
Fe,I,808.51718,808.51711,2950.0,,35856.402,48221.324
Fe,I,808.9353,808.93535,34.0,,40871.412,53229.941
Fe,I,809.03264,809.0325,89.0,,36940.59,49297.635
Fe,I,809.0967,809.0964,19.0,,43434.627,55790.696
Fe,I,809.4932,809.49322,,,44166.206,56516.218
Fe,I,809.4932,809.49335,,,46727.074,59077.084
Fe,I,809.68749,809.68748,204.0,,32873.632,45220.681
Fe,I,809.8385,809.83775,,,46137.097,58481.855
Fe,I,810.6694,810.66965,11.0,,42532.741,54864.831
Fe,I,810.83206,810.83192,17.0,,21999.13,34328.752
Fe,I,811.2163,811.21603,36.0,,21715.732,34039.516
Fe,I,812.6323,812.63296,24.0,,36940.59,49242.886
Fe,I,812.65061,812.65046,28.0,,36940.59,49242.621
Fe,I,814.54752,,363.0,,,
Fe,I,814.66768,814.6674,25.0,,26406.465,38678.039
Fe,I,814.95152,814.95137,71.0,,36975.588,49242.886
Fe,I,814.96892,814.96898,148.0,,36975.588,49242.621
Fe,I,815.176,815.1754,11.0,,49460.902,61724.829
Fe,I,816.8596,816.8598,17.0,,45333.875,57572.513
Fe,I,817.11413,817.11405,21.0,,46744.993,58979.823
Fe,I,817.282,817.28171,15.0,,45509.152,57741.472
Fe,I,817.89935,817.8992,79.0,,34782.421,47005.506
Fe,I,818.67952,818.67957,316.0,,39625.804,51837.238
Fe,I,819.0828,819.08303,34.0,,47755.537,59960.956
Fe,I,819.5247,819.5241,9.0,,46313.537,58512.387
Fe,I,819.65164,819.65163,43.0,,37045.934,49242.886
Fe,I,819.8271,819.82727,33.0,,44677.006,56871.345
Fe,I,819.89216,819.89201,1660.0,,35767.564,47960.94
Fe,I,820.2154,820.2155,6.0,,46888.517,59077.084
Fe,I,820.41024,820.41017,22.0,9.76,7376.764,19562.439
Fe,I,820.49367,820.49366,63.0,,7728.06,19912.495
Fe,I,820.77424,820.77416,780.0,,35856.402,48036.673
Fe,I,821.58042,821.58041,16.0,,46313.537,58481.855
Fe,I,822.03784,822.0377,18600.0,16900000.0,34843.957,47005.506
Fe,I,823.0639,823.0639,18.0,,45595.086,57741.472
Fe,I,823.17451,823.17457,100.0,,39625.804,51770.557
Fe,I,823.23172,823.23157,980.0,,35611.625,47755.537
Fe,I,823.8591,823.85931,9.0,,47960.94,60095.599
Fe,I,823.91276,823.91268,510.0,13000.0,19552.478,31686.351
Fe,I,824.2517,824.25165,36.0,,45061.329,57190.212
Fe,I,824.81304,824.81282,810.0,,35257.324,47377.955
Fe,I,825.728,825.72769,19.0,,45061.329,57168.531
Fe,I,826.3435,826.34381,21.0,,44243.685,56341.86
Fe,I,826.3719,826.3714,16.0,,46727.074,58824.845
Fe,I,826.38262,826.38199,46.0,,39969.853,52067.469
Fe,I,826.42784,826.4278,105.0,,49627.884,61724.829
Fe,I,826.8134,826.81325,15.0,,46888.517,58979.823
Fe,I,826.8834,826.88328,23.0,,34636.792,46727.074
Fe,I,826.96482,826.96488,110.0,,37045.934,49135.023
Fe,I,827.4581,827.45818,43.0,,45333.875,57415.757
Fe,I,827.58916,827.58914,174.0,,39969.853,52049.823
Fe,I,827.8593,827.85937,17.0,,46137.097,58213.124
Fe,I,828.7279,828.72859,17.0,,45509.152,57572.513
Fe,I,829.17645,,1070.0,,,
Fe,I,829.24413,,830.0,,,
Fe,I,829.2809,829.28074,46.0,,44677.006,56732.335
Fe,I,829.35141,829.35125,380.0,141000.0,26623.735,38678.039
Fe,I,829.99995,829.99994,29.0,,40871.412,52916.295
Fe,I,831.00697,831.00758,195.0,,44677.006,56707.284
Fe,I,831.4465,831.44631,9.0,,45978.008,58001.938
Fe,I,,832.15286,,0.041,12560.934,24574.655
Fe,I,832.1915,832.19158,71.0,,45220.681,57233.843
Fe,I,832.4148,832.41394,9.0,,45333.875,57343.828
Fe,I,832.70558,832.70549,21900.0,957000.0,17726.988,29732.736
Fe,I,832.8947,832.89496,21.0,,45061.329,57064.346
Fe,I,833.19151,833.19136,4680.0,,35379.208,47377.955
Fe,I,833.2541,833.2544,37.0,,49726.99,61724.829
Fe,I,833.4531,833.45275,11.0,,46137.097,58132.081
Fe,I,833.94034,833.94018,1860.0,,35767.564,47755.537
Fe,I,834.0503,834.05018,48.0,,40871.412,52857.804
Fe,I,834.2202,834.22048,36.0,,23783.619,35767.564
Fe,I,834.28566,834.28565,60.0,,40231.336,52214.345
Fe,I,834.3707,834.37136,19.0,,46137.097,58118.875
Fe,I,834.90444,834.90449,58.0,,7376.764,19350.891
Fe,I,835.8522,835.85203,,,24118.819,36079.372
Fe,I,836.07951,836.07935,479.0,,36079.372,48036.673
Fe,I,836.5633,836.56315,560.0,169000.0,26224.969,38175.355
Fe,I,837.21133,837.21118,302.0,,46720.842,58661.978
Fe,I,838.77719,838.77711,26300.0,609000.0,17550.181,29469.024
Fe,I,839.7134,839.7134,51.0,,47171.531,59077.084
Fe,I,840.13995,840.13994,224.0,,20037.816,31937.325
Fe,I,841.4088,841.40854,41.0,,36079.372,47960.94
Fe,I,841.9278,841.9279,95.0,,49850.59,61724.829
Fe,I,842.29136,842.29127,178.0,,33412.717,45281.833
Fe,I,842.41401,842.41413,195.0,,39969.853,51837.238
Fe,I,843.4493,843.44874,55.0,,40404.518,52257.346
Fe,I,843.95715,843.95707,1170.0,,36686.176,48531.865
Fe,I,844.63839,844.63844,186.0,,40231.336,52067.469
Fe,I,844.6568,844.6575,52.0,,39625.804,51461.67
Fe,I,844.7639,844.76363,21.0,,7728.06,19562.439
Fe,I,846.5198,846.51986,25.0,,40404.518,52214.345
Fe,I,846.6112,846.61097,18.0,,40231.336,52039.892
Fe,I,846.6531,846.65342,54.0,,33412.717,45220.681
Fe,I,846.84069,846.8406,6800.0,263000.0,17927.382,29732.736
Fe,I,847.17438,847.17429,209.0,,39969.853,51770.557
Fe,I,848.0631,848.06335,87.0,,40231.336,52019.669
Fe,I,848.19813,848.19804,112.0,,33765.306,45551.767
Fe,I,849.3256,849.32498,214.0,,37157.566,48928.388
Fe,I,849.3796,849.37946,,,39969.853,51739.92
Fe,I,849.699,849.69891,760.0,,37162.746,48928.388
Fe,I,851.40716,851.40714,5200.0,109000.0,17726.988,29469.024
Fe,I,851.5108,851.51092,,111000.0,24338.767,36079.372
Fe,I,852.5029,852.50265,25.0,,36975.588,48702.535
Fe,I,852.66684,852.6669,500.0,1770000.0,39625.804,51350.492
Fe,I,852.7853,852.78524,60.0,,40491.284,52214.345
Fe,I,853.80147,853.80153,123.0,,39625.804,51334.911
Fe,I,855.9741,855.9738,24.0,,41178.412,52857.804
Fe,I,856.2106,856.21037,72.0,,36079.372,47755.537
Fe,I,856.779,856.77898,16.0,,39625.804,51294.22
Fe,I,857.0099,857.00946,71.0,,45509.152,57174.43
Fe,I,857.18047,857.18045,162.0,,40404.518,52067.469
Fe,I,858.22568,858.22581,710.0,74000.0,24118.819,35767.564
Fe,I,858.4795,858.47933,27.0,,40404.518,52049.823
Fe,I,859.29502,859.29507,251.0,,39969.853,51604.103
Fe,I,859.88297,859.8828,490.0,669000.0,35379.208,47005.506
Fe,I,860.708,860.70803,81.0,,40404.518,52019.669
Fe,I,861.06114,861.06091,200.0,,35767.564,47377.955
Fe,I,861.18034,861.18033,4680.0,1270000.0,22946.816,34555.597
Fe,I,861.39404,861.39395,182.0,,40231.336,51837.238
Fe,I,861.6279,861.62803,263.0,,39625.804,51228.553
Fe,I,861.6474,861.64816,138.0,,28604.613,40207.091
Fe,I,862.16001,862.16007,550.0,38900.0,23783.619,35379.208
Fe,I,863.2414,863.24133,68.0,,33095.941,44677.006
Fe,I,865.6678,865.66745,22.0,,40491.284,52039.892
Fe,I,866.18994,866.18993,20900.0,516000.0,17927.382,29469.024
Fe,I,866.3715,866.37166,105.0,,40231.336,51770.557
Fe,I,867.1859,867.186,24.0,,40491.284,52019.669
Fe,I,867.47459,867.47457,6900.0,617000.0,22838.323,34362.873
Fe,I,867.9635,867.96321,62.0,,40052.035,51570.097
Fe,I,868.126,868.12624,1150.0,,42859.778,54375.677
Fe,I,868.86249,868.86233,8100.0,774000.0,17550.181,29056.324
Fe,I,868.9864,868.98581,48.0,,41178.412,52682.92
Fe,I,869.8706,869.87061,22.0,,24118.819,35611.625
Fe,I,869.8826,869.88303,31.0,,45562.974,57055.616
Fe,I,869.94534,869.94548,890.0,4080000.0,39969.853,51461.67
Fe,I,871.03909,871.03922,1230.0,,39625.804,51103.191
Fe,I,871.2885,871.28898,85.0,,45833.223,57307.32
Fe,I,,871.31875,,33300.0,23783.619,35257.324
Fe,I,871.32029,871.3208,331.0,,40231.336,51705.014
Fe,I,872.9147,872.9143,37.0,,27543.003,38995.736
Fe,I,874.7424,874.7425,,,24338.767,35767.564
Fe,I,875.1026,875.1022,85.0,,47966.585,59390.684
Fe,I,875.71871,875.71869,3630.0,352000.0,22946.816,34362.873
Fe,I,876.39658,876.39656,3020.0,,37521.161,48928.388
Fe,I,878.44399,878.44405,145.0,,39969.853,51350.492
Fe,I,879.05211,879.05209,427.0,3200000.0,40231.336,51604.103
Fe,I,879.33433,879.33416,3800.0,,37162.746,48531.865
Fe,I,879.6483,879.64836,95.0,,39969.853,51334.911
Fe,I,880.46253,880.46243,355.0,16700.0,18378.186,29732.736
Fe,I,880.81704,880.81702,170.0,,40404.518,51754.497
Fe,I,881.45185,881.45082,1050.0,,40871.412,52213.23
Fe,I,881.6886,881.68846,32.0,,40231.336,51570.097
Fe,I,881.9488,881.94973,91.0,,40404.518,51739.92
Fe,I,882.42205,882.42195,23400.0,353000.0,17726.988,29056.324
Fe,I,882.8087,882.80915,30.0,,39969.853,51294.22
Fe,I,883.2967,883.2972,28.0,,40052.035,51370.145
Fe,I,883.82987,883.82962,331.0,,46901.832,58213.124
Fe,I,883.84284,883.84282,3720.0,383000.0,23051.75,34362.873
Fe,I,884.67401,884.67399,347.0,,40404.518,51705.014
Fe,I,884.975,884.97487,26.0,,43079.023,54375.677
Fe,I,886.2051,886.20495,69.0,,43210.025,54490.999
Fe,I,886.3588,886.35871,47.0,,40052.035,51331.052
Fe,I,886.69324,886.69306,5400.0,,36686.176,47960.94
Fe,I,886.84284,886.84298,204.0,,24338.767,35611.625
Fe,I,887.60235,887.60241,170.0,,40491.284,51754.497
Fe,I,887.8243,887.82502,44.0,,24118.819,35379.208
Fe,I,887.875,887.87485,,,33801.572,45061.329
Fe,I,887.8946,887.89441,28.0,,20874.482,32133.991
Fe,I,889.1404,889.14037,,,43022.985,54266.716
Fe,I,890.2924,890.29238,28.0,,40231.336,51460.518
Fe,I,890.5994,890.59908,115.0,,40842.154,52067.469
Fe,I,892.00131,892.00129,560.0,,40842.154,52049.823
Fe,I,892.2651,892.26505,55.0,,40257.314,51461.67
Fe,I,892.66574,,1320.0,,,
Fe,I,892.90771,892.90753,372.0,3570000.0,41018.051,52214.345
Fe,I,894.0331,894.03352,1260.0,,39625.804,50807.997
Fe,I,894.2895,894.28927,60.0,,39969.853,51148.848
Fe,I,894.30633,894.30647,102.0,,22838.323,34017.103
Fe,I,894.51895,894.51893,1170.0,,40594.432,51770.557
Fe,I,894.62613,894.62603,56.0,,22946.816,34121.603
Fe,I,895.01883,895.01881,65.0,,33507.123,44677.006
Fe,I,895.0615,895.0608,68.0,,43210.025,54379.384
Fe,I,895.39102,,720.0,,,
Fe,I,895.49384,895.49358,65.0,,20641.11,31805.071
Fe,I,895.9881,895.98812,51.0,,43108.917,54266.716
Fe,I,896.1358,896.13558,35.0,,40052.035,51207.998
Fe,I,896.9417,896.94103,12.0,,25899.989,37045.934
Fe,I,897.1463,897.1458,24.0,,40207.091,51350.492
Fe,I,897.54001,897.54015,790.0,55900.0,24118.819,35257.324
Fe,I,897.8196,897.81977,28.0,,27543.003,38678.039
Fe,I,898.4888,898.48862,234.0,,41130.599,52257.346
Fe,I,898.7137,898.71364,38.0,,40207.091,51331.052
Fe,I,899.4627,899.4628,21.0,,26406.465,37521.161
Fe,I,899.9556,899.95558,14500.0,1060000.0,22838.323,33946.933
Fe,I,900.6763,900.67589,,,43137.487,54237.213
Fe,I,900.6763,900.6767,,,40231.336,51331.052
Fe,I,900.84115,900.84121,112.0,,40871.412,51969.101
Fe,I,901.0594,901.05922,650.0,18300.0,21038.987,32133.991
Fe,I,901.2074,901.20754,1580.0,4460000.0,40257.314,51350.492
Fe,I,901.3977,901.39768,132.0,,18378.186,29469.024
Fe,I,901.97463,901.97445,148.0,,41130.599,52214.345
Fe,I,902.43685,902.43691,1120.0,,39625.804,50703.87
Fe,I,902.47514,902.47512,93.0,,40257.314,51334.911
Fe,I,902.6441,902.64453,,,40491.284,51566.802
Fe,I,903.07123,903.07105,58.0,,22946.816,34017.103
Fe,I,903.4679,903.46809,10.0,,42859.778,53925.2
Fe,I,903.67547,903.67536,46.0,,40231.336,51294.22
Fe,I,904.7767,904.77668,31.0,,41018.051,52067.469
Fe,I,904.9349,904.93565,35.0,,43210.025,54257.502
Fe,I,905.25935,905.25883,55.0,,43022.985,54066.518
Fe,I,905.7612,,316.0,,,
Fe,I,905.7971,905.79714,13.0,,24574.655,35611.625
Fe,I,905.876,905.87593,4170.0,,42532.741,53568.751
Fe,I,906.00153,,427.0,,,
Fe,I,906.22396,906.22394,186.0,,41018.051,52049.823
Fe,I,906.4689,906.4688,5.0,,39969.853,50998.645
Fe,I,906.8916,906.89146,11.0,,43137.487,54161.139
Fe,I,907.04025,907.04047,117.0,,41018.051,52039.892
Fe,I,907.8571,907.85733,27.0,,40207.091,51219.015
Fe,I,907.95803,907.95792,810.0,,37521.161,48531.865
Fe,I,908.0387,908.03858,,,39969.853,50979.579
Fe,I,908.41848,908.41837,43.0,,34328.752,45333.875
Fe,I,908.45962,,275.0,,,
Fe,I,908.54198,908.54254,155.0,,45428.402,56432.021
Fe,I,908.6434,908.64254,129.0,,41178.412,52180.82
Fe,I,908.8318,908.83178,3550.0,217000.0,22946.816,33946.933
Fe,I,908.8507,908.85,93.0,,47812.118,58812.015
Fe,I,908.94038,908.94044,1740.0,155000.0,23783.619,34782.421
Fe,I,909.1664,909.16611,6.0,,40052.035,51048.107
Fe,I,909.2477,909.2478,16.0,,40842.154,51837.238
Fe,I,,909.36839,,0.034,18378.186,29371.812
Fe,I,,909.36839,,0.003,18378.186,29371.812
Fe,I,909.59416,,740.0,,,
Fe,I,909.86044,909.86058,68.0,,40231.336,51219.015
Fe,I,910.04456,910.04462,158.0,,39625.804,50611.261
Fe,I,910.06742,910.0674,148.0,,40207.091,51192.273
Fe,I,910.36369,910.3635,102.0,,33695.397,44677.006
Fe,I,,910.6165,,0.028,18378.186,29356.744
Fe,I,,910.6165,,0.002,18378.186,29356.744
Fe,I,911.22417,911.22398,76.0,,40257.314,51228.553
Fe,I,911.69043,911.69033,55.0,,40404.518,51370.145
Fe,I,911.71321,911.71311,62.0,,23051.75,34017.103
Fe,I,911.8881,911.88808,810.0,123000.0,22838.323,33801.572
Fe,I,911.99699,911.99689,23.0,,34547.211,45509.152
Fe,I,912.358,912.35811,16.0,,43108.917,54066.518
Fe,I,913.2741,913.27417,,,40052.035,50998.645
Fe,I,913.6739,913.67406,34.0,,40207.091,51148.91
Fe,I,913.6793,913.67923,76.0,,40207.091,51148.848
Fe,I,914.0117,914.0117,48.0,,26224.969,37162.746
Fe,I,914.6129,914.61276,1320.0,17900.0,20874.482,31805.071
Fe,I,914.7218,914.7218,10.0,,43137.487,54066.773
Fe,I,914.7706,914.7706,107.0,,42911.917,53840.62
Fe,I,914.7957,914.79571,195.0,,40842.154,51770.557
Fe,I,914.9524,914.95219,18.0,,40404.518,51331.052
Fe,I,915.5647,915.56472,29.0,,41130.599,52049.823
Fe,I,915.6206,915.62065,65.0,,24338.767,35257.324
Fe,I,915.7081,915.70829,204.0,,40231.336,51148.848
Fe,I,916.3982,916.39818,78.0,,41130.599,52039.892
Fe,I,916.4571,916.45699,129.0,,39625.804,50534.397
Fe,I,916.9323,916.93232,10.0,,34692.148,45595.086
Fe,I,916.9779,916.97825,21.0,,46888.517,57790.909
Fe,I,917.3195,917.31935,234.0,,21038.987,31937.325
Fe,I,917.3543,917.3538,4370.0,,47812.118,58710.047
Fe,I,917.3675,917.3675,132.0,,40842.154,51739.92
Fe,I,917.3961,917.39612,16.0,,26623.735,37521.161
Fe,I,917.4218,917.42188,45.0,,43633.533,54530.653
Fe,I,917.856,917.85625,132.0,,39969.853,50861.816
Fe,I,917.8971,917.89746,16.0,,39969.853,50861.327
Fe,I,917.9743,917.97424,51.0,,36940.59,47831.153
Fe,I,918.1021,918.1023,148.0,,45562.974,56452.018
Fe,I,918.5225,918.52246,13.0,,37045.934,47929.997
Fe,I,918.9408,918.9409,9.0,,37157.566,48036.673
Fe,I,919.5144,919.5149,5600.0,,48163.446,59035.762
Fe,I,919.9445,919.94455,93.0,,40594.432,51461.67
Fe,I,,920.38106,,0.013,11976.239,22838.323
Fe,I,920.40962,,2000.0,,,
Fe,I,920.4785,920.47869,20.0,,42532.741,53393.673
Fe,I,920.9341,920.93377,8.0,,36975.588,47831.153
Fe,I,921.0025,921.00241,282.0,62000.0,22946.816,33801.572
Fe,I,921.2981,921.29812,93.0,,43022.985,53874.257
Fe,I,921.42675,,138.0,,,
Fe,I,921.4497,921.44995,,,39625.804,50475.288
Fe,I,921.4975,921.4976,59.0,,42991.697,53840.62
Fe,I,921.7562,921.75639,331.0,,40257.314,51103.191
Fe,I,922.4141,922.41407,40.0,,39969.853,50807.997
Fe,I,923.1781,923.17804,31.0,,43137.487,53966.662
Fe,I,923.3191,923.31906,71.0,,42911.917,53739.438
Fe,I,923.68286,,224.0,,,
Fe,I,923.9938,923.99366,,,45608.361,56427.977
Fe,I,924.0305,924.0303,28.0,,41018.051,51837.238
Fe,I,924.2175,924.21678,6.0,,34692.148,45509.152
Fe,I,924.2367,924.23669,85.0,,40231.336,51048.107
Fe,I,924.2696,924.27035,8.0,,48163.446,58979.823
Fe,I,924.6558,924.65573,380.0,18000.0,20874.482,31686.351
Fe,I,924.8129,924.81354,9.0,,40894.99,51705.014
Fe,I,924.876,924.87617,23.0,,40052.035,50861.327
Fe,I,925.8269,925.82673,980.0,,37162.746,47960.94
Fe,I,925.9005,925.90056,398.0,1540000.0,39625.804,50423.137
Fe,I,925.923,925.92251,10.0,,40421.938,51219.015
Fe,I,926.3962,926.39639,49.0,,40207.091,50998.645
Fe,I,928.0362,928.036,62.0,,40207.091,50979.579
Fe,I,928.2214,928.22152,45.0,,40421.938,51192.273
Fe,I,928.4826,928.48239,14.0,,40231.336,50998.645
Fe,I,928.5882,928.58803,71.0,,21038.987,31805.071
Fe,I,928.6524,928.65221,51.0,,43108.917,53874.257
Fe,I,928.9448,928.94482,123.0,,40842.154,51604.103
Fe,I,929.4534,929.45342,126.0,,40594.432,51350.492
Fe,I,929.715,929.71507,87.0,,38175.355,48928.388
Fe,I,929.7606,929.76063,18.0,,41018.051,51770.557
Fe,I,929.7955,929.7954,15.0,,39625.804,50377.908
Fe,I,930.1729,930.17284,11.0,,42991.697,53739.438
Fe,I,930.3243,930.32406,15.0,,43022.985,53768.979
Fe,I,930.4627,930.46278,14.0,,40404.518,51148.91
Fe,I,930.8019,930.80177,309.0,,40594.432,51334.911
Fe,I,931.1514,931.15141,120.0,,41018.051,51754.497
Fe,I,931.8178,931.81788,195.0,,39969.853,50698.62
Fe,I,931.8892,931.88945,8.0,,40842.154,51570.097
Fe,I,931.9792,931.97919,21.0,,40421.938,51148.848
Fe,I,932.0791,932.07877,16.0,,47755.537,58481.301
Fe,I,932.383,932.38293,28.0,,40257.314,50979.579
Fe,I,932.4174,932.41737,93.0,,41018.051,51739.92
Fe,I,932.7838,932.78433,398.0,,36975.588,47693.239
Fe,I,932.8887,932.88861,5.0,,43022.985,53739.438
Fe,I,932.9511,932.9509,20.0,,47966.585,58682.322
Fe,I,933.4056,933.40564,251.0,,40257.314,50967.831
Fe,I,934.3416,934.34159,186.0,,40594.432,51294.22
Fe,I,934.8916,934.89206,6.0,,43137.487,53830.975
Fe,I,935.0417,935.04149,630.0,,36686.176,47377.955
Fe,I,935.463,935.46286,170.0,,41018.051,51705.014
Fe,I,935.839,935.83888,38.0,,24574.655,35257.324
Fe,I,935.9412,935.94104,540.0,15000.0,20641.11,31322.613
Fe,I,936.2361,936.23598,550.0,7660.0,18378.186,29056.324
Fe,I,937.2897,937.28957,980.0,20500.0,20641.11,31307.245
Fe,I,937.5121,937.51221,117.0,,24118.819,34782.421
Fe,I,938.2931,938.2933,129.0,,40207.091,50861.816
Fe,I,938.3359,938.33637,9.0,,40207.091,50861.327
Fe,I,938.6477,938.6477,,,47831.153,58481.855
Fe,I,938.8183,938.81837,234.0,,40231.336,50880.102
Fe,I,938.9422,938.94199,30.0,,21038.987,31686.351
Fe,I,939.4675,939.46752,269.0,,39969.853,50611.261
Fe,I,940.1113,940.11129,930.0,2640000.0,40594.432,51228.553
Fe,I,940.3436,940.34376,5.0,,43137.487,53768.979
Fe,I,940.433,940.43328,93.0,,40231.336,50861.816
Fe,I,940.4769,940.47654,7.0,,40231.336,50861.327
Fe,I,940.6651,940.66583,,,42532.741,53160.593
Fe,I,940.8755,940.87502,21.0,,47966.585,58592.074
Fe,I,940.9551,940.95526,34.0,,40594.432,51219.015
Fe,I,941.0158,941.01593,372.0,,41130.599,51754.497
Fe,I,941.1483,941.14828,5.0,,42532.741,53155.145
Fe,I,,941.19178,,0.01,6928.268,17550.181
Fe,I,941.4042,941.40423,1350.0,3980000.0,40842.154,51461.67
Fe,I,941.5063,941.50636,87.0,,40842.154,51460.518
Fe,I,942.2476,942.24741,6.0,,43137.487,53747.5
Fe,I,943.00976,,1510.0,,,
Fe,I,943.0569,943.05688,,,40207.091,50807.997
Fe,I,943.0569,943.05794,,,26339.696,36940.59
Fe,I,943.3293,943.32962,23.0,,40594.432,51192.273
Fe,I,943.7795,943.77934,263.0,,37162.746,47755.537
Fe,I,944.3802,944.38015,1050.0,6390000.0,41018.051,51604.103
Fe,I,945.2335,945.23359,112.0,,40404.518,50981.012
Fe,I,945.2667,945.26666,115.0,,40257.314,50833.438
Fe,I,945.4195,945.41943,580.0,,41130.599,51705.014
Fe,I,946.3028,946.30279,251.0,,39969.853,50534.397
Fe,I,946.7791,946.77938,8.0,,40052.035,50611.261
Fe,I,946.9949,946.99489,10.0,,40491.284,51048.107
Fe,I,947.211,947.21086,47.0,,40594.432,51148.848
Fe,I,947.4238,947.4236,30.0,,41018.051,51570.097
Fe,I,947.5458,947.546,11.0,,40257.314,50807.997
Fe,I,948.1364,948.13632,8.0,,37045.934,47590.048
Fe,I,948.5954,948.59541,34.0,,26623.735,37162.746
Fe,I,949.4161,949.41664,6.0,,41178.412,51708.307
Fe,I,949.5885,949.58834,30.0,,40842.154,51370.145
Fe,I,950.0528,950.05245,52.0,,43022.985,53545.833
Fe,I,950.1588,950.15891,35.0,,41018.051,51539.72
Fe,I,950.32,950.32004,38.0,,47693.239,58213.124
Fe,I,950.411,950.4112,4.0,,48163.446,58682.322
Fe,I,950.7155,950.71525,83.0,,37521.161,48036.673
Fe,I,950.7372,950.7371,14.0,,47966.585,58481.855
Fe,I,951.3262,951.32618,850.0,,40594.432,51103.191
Fe,I,951.3646,951.3643,23.0,,40842.154,51350.492
Fe,I,952.7771,952.77701,62.0,,40842.154,51334.911
Fe,I,952.952,952.9519,447.0,,42784.352,53275.183
Fe,I,953.1275,953.12755,28.0,,40842.154,51331.052
Fe,I,953.2848,953.2853,288.0,,47834.221,58321.383
Fe,I,954.1981,954.19821,27.0,,36975.588,47452.717
Fe,I,954.3391,954.33894,22.0,,40404.518,50880.102
Fe,I,955.0956,955.09568,83.0,,40231.336,50698.62
Fe,I,955.6505,955.65051,148.0,,26224.969,36686.176
Fe,I,956.4862,956.48629,62.0,,40842.154,51294.22
Fe,I,956.9907,956.99078,1380.0,2500000.0,40257.314,50703.87
Fe,I,957.3655,957.36552,21.0,,41018.051,51460.518
Fe,I,957.4937,957.49343,87.0,,42911.917,53352.989
Fe,I,957.8756,957.8751,,,47834.55,58271.462
Fe,I,957.94,957.94015,6.0,,41130.599,51566.802
Fe,I,958.256,958.25601,69.0,,20874.482,31307.245
