element,ionization_stage,observed_wavelength_nm,ritz_wavelength_nm,relative_intensity,Aki,lower_energy,upper_energy
Ti,I,203.60291,203.60277,0.0,,0.0,49099.463
Ti,I,203.68215,203.68216,4.0,,0.0,49080.327
Ti,I,204.09868,204.09861,0.0,,170.1328,49150.329
Ti,I,204.31073,204.31082,5.0,,170.1328,49099.463
Ti,I,205.00592,205.0059,5.0,,386.874,49150.329
Ti,I,205.67711,205.67746,0.0,,170.1328,48774.39
Ti,I,205.93997,205.93997,4.0,,0.0,48542.31
Ti,I,206.05923,206.05928,5.0,,170.1328,48684.34
Ti,I,206.17054,206.17073,6.0,,386.874,48874.86
Ti,I,206.28734,206.2873,4.0,,0.0,48460.59
Ti,I,206.29143,206.29178,4.0,,170.1328,48629.67
Ti,I,206.59877,206.59887,7.0,,386.874,48774.39
Ti,I,206.66438,206.66439,4.0,,170.1328,48542.31
Ti,I,206.98398,206.98412,1.0,,386.874,48684.34
Ti,I,207.21857,207.218652,,,170.1328,48412.9432
Ti,I,207.21857,207.218734,,,0.0,48242.7911
Ti,I,211.38076,211.38084,0.0,,170.1328,47463.135
Ti,I,211.85342,211.85348,5.0,,0.0,47187.507
Ti,I,212.19432,212.19416,6.0,,170.1328,47281.887
Ti,I,212.35489,212.35417,10.0,,386.874,47463.135
Ti,I,213.94896,213.94893,8.0,,0.0,46725.398
Ti,I,214.21292,214.21278,9.0,,170.1328,46837.984
Ti,I,214.36167,214.36157,10.0,,386.874,47022.337
Ti,I,214.7304,214.73088,0.0,,170.1328,46725.398
Ti,I,215.21236,215.21241,0.0,,386.874,46837.984
Ti,I,221.1381,221.13821,0.0,,0.0,45206.499
Ti,I,221.8376,221.83784,,,0.0,45063.941
Ti,I,221.97356,221.97368,5.0,,170.1328,45206.499
Ti,I,222.14474,222.14478,9.0,,0.0,45001.681
Ti,I,222.31845,222.31847,8.0,,0.0,44966.527
Ti,I,222.51111,222.51122,10.0,,170.1328,45097.711
Ti,I,222.67851,222.67862,8.0,,170.1328,45063.941
Ti,I,222.97246,222.972504,8.0,,0.0,44834.642
Ti,I,222.98793,222.98789,0.0,,170.1328,45001.681
Ti,I,223.02191,223.02182,10.0,,386.874,45211.603
Ti,I,223.04709,223.04722,10.0,,386.874,45206.499
Ti,I,223.38016,223.38008,9.0,,170.1328,44922.979
Ti,I,223.8221,223.821917,6.0,,170.1328,44834.642
Ti,I,223.8743,223.87419,10.0,,386.874,45040.955
Ti,I,224.4675,224.46729,7.0,,386.874,44922.979
Ti,I,226.178,226.17806,1.0,,170.1328,44369.406
Ti,I,226.4016,226.40181,12.0,23000000.0,0.0,44155.596
Ti,I,226.6148,226.61481,0.0,,170.1328,44284.231
Ti,I,226.7367,226.73671,6.0,,386.874,44477.256
Ti,I,226.7545,226.754289,13.0,,170.1328,44257.098
Ti,I,226.7914,226.79135,10.0,,0.0,44079.761
Ti,I,226.8751,226.87512,9.0,,170.1328,44233.62
Ti,I,227.2612,227.26126,13.0,,386.874,44375.5
Ti,I,227.2773,227.2776,5.0,,170.1328,44155.596
Ti,I,227.2927,227.29275,1.0,,386.874,44369.406
Ti,I,227.3279,227.32799,14.0,,0.0,43975.715
Ti,I,227.6702,227.67016,14.0,130000000.0,170.1328,44079.761
Ti,I,227.8747,227.874673,6.0,,386.874,44257.098
Ti,I,227.9967,227.9967,15.0,94000000.0,386.874,44233.62
Ti,I,229.3747,229.374698,8.0,,0.0,43583.355
Ti,I,229.4205,229.42047,8.0,,170.1328,43744.793
Ti,I,229.9858,229.98591,14.0,69000000.0,0.0,43467.537
Ti,I,230.2736,230.273678,14.0,57000000.0,170.1328,43583.355
Ti,I,230.5674,230.56742,15.0,52000000.0,386.874,43744.793
Ti,I,230.8898,230.8897,7.0,,170.1328,43467.537
Ti,I,231.4292,231.429193,6.0,,386.874,43583.355
Ti,I,232.8798,232.88032,0.0,,0.0,42927.337
Ti,I,236.5034,236.50366,0.0,,0.0,42269.727
Ti,I,236.8567,236.85655,,,0.0,42206.755
Ti,I,236.8581,236.85875,,,170.1328,42376.495
Ti,I,236.9282,236.928438,4.0,,0.0,42193.949
Ti,I,237.1959,237.19605,7.0,,0.0,42146.348
Ti,I,237.2256,237.22542,4.0,,170.1328,42311.264
Ti,I,237.3522,237.35319,4.0,,386.874,42505.322
Ti,I,237.4592,237.45949,6.0,,170.1328,42269.727
Ti,I,237.815,237.81524,8.0,,170.1328,42206.755
Ti,I,238.0814,238.08146,7.0,,386.874,42376.495
Ti,I,238.4517,238.45193,10.0,9000000.0,386.874,42311.264
Ti,I,239.0725,239.07253,0.0,,170.1328,41985.701
Ti,I,239.4665,239.466953,0.0,,6661.006,48407.7054
Ti,I,239.7046,239.70433,1.0,,386.874,42092.236
Ti,I,239.9371,239.936843,0.0,,6742.756,48407.7054
Ti,I,239.9554,239.95538,6.0,,6742.756,48404.487
Ti,I,240.3987,240.3987,0.0,,0.0,41584.908
Ti,I,240.43831,240.438309,10.0,,6661.006,48239.0643
Ti,I,240.4543,240.454349,1.0,,6661.006,48236.2911
Ti,I,240.48327,240.483296,6.0,,6661.006,48231.287
Ti,I,240.48508,240.485031,6.0,,6842.962,48412.9432
Ti,I,240.53443,240.534447,15.0,,6842.962,48404.4036
Ti,I,240.55396,240.553974,5.0,,6556.833,48114.901
Ti,I,240.65424,240.654227,5.0,,6556.833,48097.5899
Ti,I,240.88399,240.884004,6.0,,6598.765,48099.8996
Ti,I,240.9272,240.928125,0.0,,6742.756,48236.2911
Ti,I,240.95719,240.957187,5.0,,6742.756,48231.287
Ti,I,241.1369,241.13675,7.0,,0.0,41457.639
Ti,I,241.1568,241.15742,4.0,,170.1328,41624.219
Ti,I,241.15937,241.15937,10.0,,6556.833,48010.5835
Ti,I,241.3864,241.38634,0.0,,170.1328,41584.908
Ti,I,241.47703,241.476973,9.0,,6598.765,47997.9976
Ti,I,241.5685,241.569566,0.0,,6842.962,48226.3275
Ti,I,241.8362,241.83617,12.0,12000000.0,0.0,41337.748
Ti,I,242.1305,242.13047,,13000000.0,170.1328,41457.639
Ti,I,242.4255,242.42502,,17000000.0,386.874,41624.219
Ti,I,242.6562,242.65636,0.0,,386.874,41584.908
Ti,I,242.8214,242.82157,10.0,7700000.0,0.0,41170.006
Ti,I,242.8355,242.83567,8.0,,170.1328,41337.748
Ti,I,243.1783,243.17858,4.0,,7255.355,48364.925
Ti,I,243.3218,243.32195,11.0,,170.1328,41255.481
Ti,I,243.408,243.40836,8.0,,386.874,41457.639
Ti,I,243.829,243.82926,6.0,,170.1328,41170.006
Ti,I,244.098,244.09841,12.0,7200000.0,386.874,41341.543
Ti,I,244.6122,244.61247,7.0,,386.874,41255.481
Ti,I,244.7585,244.75895,0.0,,0.0,40844.151
Ti,I,245.7826,245.78281,5.0,,170.1328,40844.151
Ti,I,245.8037,245.80402,4.0,,0.0,40670.509
Ti,I,245.9089,245.90992,3.0,,386.874,41039.87
Ti,I,245.9652,245.96611,8.0,,8436.618,49080.327
Ti,I,246.1879,246.18823,4.0,,8492.422,49099.463
Ti,I,246.3045,246.30431,4.0,,8492.422,49080.327
Ti,I,246.4979,246.49801,6.0,,0.0,40556.014
Ti,I,246.5467,246.54682,5.0,,8602.3441,49150.329
Ti,I,246.8366,246.83666,6.0,,170.1328,40670.509
Ti,I,246.8564,246.85651,2.0,,8602.3441,49099.463
Ti,I,247.0996,247.09963,6.0,,386.874,40844.151
Ti,I,250.451,250.45012,7.0,,386.874,40302.957
Ti,I,251.7155,251.71549,1.0,,0.0,39715.439
Ti,I,251.9025,251.90245,10.0,5900000.0,0.0,39685.964
Ti,I,252.0542,252.05415,,38000000.0,0.0,39662.081
Ti,I,252.7985,252.7985,10.0,6800000.0,170.1328,39715.439
Ti,I,252.9871,252.98707,5.0,38000000.0,170.1328,39685.964
Ti,I,254.1908,254.19177,,43000000.0,386.874,39715.439
Ti,I,255.6445,255.64449,3.0,,7255.355,46360.447
Ti,I,255.7054,255.70601,6.0,,170.1328,39265.818
Ti,I,255.8236,255.82335,4.0,,0.0,39077.753
Ti,I,257.8883,257.88849,3.0,,0.0,38764.844
Ti,I,258.3221,258.32192,5.0,,0.0,38699.805
Ti,I,258.6277,258.6276,4.0,,0.0,38654.068
Ti,I,259.0255,259.02538,8.0,4700000.0,170.1328,38764.844
Ti,I,259.364,259.36407,11.0,6900000.0,0.0,38544.316
Ti,I,259.4628,259.46265,2.0,,170.1328,38699.805
Ti,I,259.6584,259.65865,11.0,6900000.0,170.1328,38670.723
Ti,I,259.9904,259.99146,,67000000.0,0.0,38451.309
Ti,I,260.4891,260.48833,6.0,,386.874,38764.844
Ti,I,260.5133,260.51403,15.0,64000000.0,170.1328,38544.316
Ti,I,261.1285,261.12878,15.0,64000000.0,386.874,38670.723
Ti,I,261.1469,261.14701,11.0,33000000.0,170.1328,38451.309
Ti,I,261.9802,261.98003,5.0,,0.0,38159.461
Ti,I,261.9934,261.99389,13.0,21000000.0,386.874,38544.316
Ti,I,263.1525,263.15336,14.0,17000000.0,170.1328,38159.461
Ti,I,263.2411,263.24164,14.0,27000000.0,0.0,37976.589
Ti,I,263.6164,263.61635,0.0,,7255.355,45177.966
Ti,I,264.1087,264.10953,15.0,180000000.0,0.0,37851.802
Ti,I,264.2275,264.22746,3.0,,6742.756,44577.664
Ti,I,264.2442,264.24439,0.0,,6556.833,44389.317
Ti,I,264.3853,264.38517,3.0,,6661.006,44473.347
Ti,I,264.4253,264.42632,15.0,140000000.0,170.1328,37976.589
Ti,I,264.5376,264.53761,5.0,,6598.765,44389.317
Ti,I,264.6493,264.64894,4.0,,6556.833,44331.489
Ti,I,264.6625,264.66344,15.0,150000000.0,386.874,38159.461
Ti,I,264.8554,264.85531,3.0,,6556.833,44302.058
Ti,I,264.8642,264.86417,5.0,,0.0,37743.962
Ti,I,264.9296,264.92917,6.0,,6842.962,44577.664
Ti,I,264.9584,264.95804,7.0,,6742.756,44473.347
Ti,I,264.9742,264.97405,5.0,,6661.006,44389.317
Ti,I,265.114,265.11397,2.0,,6661.006,44369.406
Ti,I,265.2753,265.27532,2.0,,6598.765,44284.231
Ti,I,265.2978,265.29758,8.0,,170.1328,37852.437
Ti,I,265.4152,265.41534,2.0,,6556.833,44222.42
Ti,I,265.4921,265.49215,8.0,,0.0,37654.69
Ti,I,265.6361,265.63604,5.0,,6842.962,44477.256
Ti,I,265.6902,265.69001,3.0,,6742.756,44369.406
Ti,I,265.694,265.69414,3.0,,6556.833,44182.898
Ti,I,265.7118,265.71116,,,6598.765,44222.42
Ti,I,265.7142,265.7142,,,6661.006,44284.231
Ti,I,265.7186,265.71879,,3200000.0,0.0,37622.575
Ti,I,265.9905,265.99059,1.0,,6598.765,44182.898
Ti,I,266.0636,266.06354,6.0,,170.1328,37743.962
Ti,I,266.1959,266.19653,14.0,8900000.0,0.0,37555.058
Ti,I,266.2929,266.29285,0.0,,6742.756,44284.231
Ti,I,266.3569,266.35626,2.0,,6842.962,44375.5
Ti,I,266.4865,266.48546,0.0,,6742.756,44257.098
Ti,I,266.6967,266.69722,0.0,,170.1328,37654.69
Ti,I,266.8324,266.83244,3.0,,386.874,37852.437
Ti,I,266.9262,266.92592,5.0,,170.1328,37622.575
Ti,I,266.9587,266.95929,14.0,10000000.0,170.1328,37617.894
Ti,I,267.408,267.40802,6.0,,170.1328,37555.058
Ti,I,267.6073,267.60729,3.0,,386.874,37743.962
Ti,I,267.8354,267.83442,3.0,,0.0,37325.41
Ti,I,267.991,267.99208,15.0,13000000.0,386.874,37690.327
Ti,I,268.04,268.03982,2.0,,6842.962,44139.772
Ti,I,268.163,268.16297,0.0,,6661.006,43940.689
Ti,I,268.236,268.23631,0.0,,6598.765,43868.255
Ti,I,268.3234,268.32394,0.0,,6556.833,43814.152
Ti,I,268.48,268.47973,7.0,,386.874,37622.575
Ti,I,268.5137,268.51349,6.0,,386.874,37617.894
Ti,I,268.816,268.81639,1.0,,170.1328,37359.203
Ti,I,268.9328,268.93269,2.0,,0.0,37172.989
Ti,I,268.9676,268.96746,4.0,,386.874,37555.058
Ti,I,269.0609,269.0609,3.0,,170.1328,37325.41
Ti,I,269.337,269.337748,0.0,,12118.393,49235.4807
Ti,I,269.4763,269.47599,0.0,,11776.812,48874.86
Ti,I,270.2077,270.20781,2.0,,11776.812,48774.39
Ti,I,270.264,270.2642,1.0,,11639.8109,48629.67
Ti,I,270.349,270.34894,0.0,,7255.355,44233.62
Ti,I,270.711,270.71088,0.0,,11531.761,48460.59
Ti,I,270.8671,270.86712,0.0,,11776.812,48684.34
Ti,I,270.9045,270.90404,2.0,,11639.8109,48542.31
Ti,I,271.6107,271.61042,0.0,,6661.006,43467.537
Ti,I,272.248,272.24784,2.0,,7255.355,43975.715
Ti,I,272.5064,272.50623,9.0,,8492.422,45177.966
Ti,I,272.7416,272.74157,8.0,,8436.618,45090.509
Ti,I,272.936,272.937413,0.0,,11776.812,48404.4036
Ti,I,273.1121,273.11218,7.0,,8602.3441,45206.499
Ti,I,273.1574,273.15746,6.0,,8492.422,45090.509
Ti,I,273.2324,273.23193,4.0,,11776.812,48364.925
Ti,I,273.3253,273.32525,13.0,190000000.0,8602.3441,45177.966
Ti,I,273.3561,273.35591,6.0,,8492.422,45063.941
Ti,I,273.5284,273.52863,8.0,410000000.0,8492.422,45040.849
Ti,I,273.5605,273.5609,10.0,,7255.355,43799.471
Ti,I,273.6674,273.6673,4.0,,8436.618,44966.527
Ti,I,273.9802,273.9804,10.0,,8602.3441,45090.509
Ti,I,274.0861,274.08602,3.0,,8492.422,44966.527
Ti,I,274.1799,274.18005,3.0,,8602.3441,45063.941
Ti,I,274.4838,274.48372,7.0,,8436.618,44857.879
Ti,I,274.9051,274.90495,8.0,,8492.422,44857.879
Ti,I,275.7385,275.73847,5.0,,8602.3441,44857.879
Ti,I,275.8068,275.80696,11.0,,12118.393,48364.925
Ti,I,279.0142,279.01332,0.0,,170.1328,36000.148
Ti,I,279.0653,279.06544,2.0,,11639.8109,47463.135
Ti,I,279.4215,279.42109,0.0,,6598.765,42376.495
Ti,I,279.5399,279.53958,,,6742.756,42505.322
Ti,I,279.9086,279.90806,,,6661.006,42376.495
Ti,I,279.9295,279.9284,3.0,,6556.833,42269.727
Ti,I,280.1368,280.13684,4.0,,11776.812,47463.135
Ti,I,280.2494,280.24947,,,7255.355,42927.337
Ti,I,280.3246,280.32508,6.0,,6842.962,42505.322
Ti,I,280.3769,280.37709,3.0,,11531.761,47187.507
Ti,I,280.4202,280.42025,0.0,,6661.006,42311.264
Ti,I,280.5235,280.52367,2.0,,6556.833,42193.949
Ti,I,280.5502,280.55025,4.0,,6742.756,42376.495
Ti,I,280.5696,280.56965,10.0,,8602.3441,44233.62
Ti,I,280.7114,280.71148,0.0,,386.874,36000.148
Ti,I,280.7468,280.74737,5.0,,6661.006,42269.727
Ti,I,280.752,280.75313,0.0,,6598.765,42206.755
Ti,I,280.8506,280.85056,,,6556.833,42152.472
Ti,I,280.8539,280.85415,,,6598.765,42193.949
Ti,I,280.9161,280.91606,10.0,,8492.422,44079.761
Ti,I,280.9969,280.99702,1.0,,0.0,35577.086
Ti,I,281.0651,281.06479,3.0,,6742.756,42311.264
Ti,I,281.2297,281.22936,0.0,,11639.8109,47187.507
Ti,I,281.2448,281.24476,0.0,,6661.006,42206.755
Ti,I,281.2975,281.29741,6.0,,8436.618,43975.715
Ti,I,281.3873,281.38727,0.0,,0.0,35527.748
Ti,I,281.5672,281.56697,0.0,,11776.812,47281.887
Ti,I,281.74,281.73982,,,8492.422,43975.715
Ti,I,281.744,281.74399,,,170.1328,35652.9
Ti,I,282.1541,282.15383,3.0,,6661.006,42092.236
Ti,I,282.3474,282.3473,1.0,,170.1328,35577.086
Ti,I,282.5072,282.50702,2.0,,6598.765,41985.701
Ti,I,282.5393,282.5391,6.0,,6842.962,42225.88
Ti,I,282.6154,282.61536,0.0,,8602.3441,43975.715
Ti,I,282.6383,282.63814,0.0,,386.874,35757.394
Ti,I,282.805,282.80567,,,6556.833,41906.402
Ti,I,282.805,282.80638,,,6742.756,42092.236
Ti,I,282.8443,282.84429,0.0,,12118.393,47463.135
Ti,I,283.0047,283.00482,4.0,,6661.006,41985.701
Ti,I,283.1425,283.14155,4.0,,6598.765,41906.402
Ti,I,283.227,283.22704,3.0,,6556.833,41853.813
Ti,I,283.4755,283.47565,2.0,,386.874,35652.9
Ti,I,283.5421,283.54215,2.0,,6842.962,42100.717
Ti,I,283.5639,283.56392,2.0,,6598.765,41853.813
Ti,I,283.6103,283.61038,3.0,,6842.962,42092.236
Ti,I,283.642,283.64158,5.0,,6661.006,41906.402
Ti,I,283.661,283.66131,3.0,,6742.756,41985.701
Ti,I,283.8503,283.85034,1.0,,6742.756,41962.232
Ti,I,284.0222,284.02214,1.0,,11639.8109,46837.984
Ti,I,284.0587,284.05875,0.0,,11531.761,46725.398
Ti,I,284.1148,284.11492,0.0,,6661.006,41847.686
Ti,I,284.3023,284.30227,2.0,,12118.393,47281.887
Ti,I,284.5534,284.55358,0.0,,6556.833,41689.272
Ti,I,284.6601,284.66029,1.0,,6842.962,41962.232
Ti,I,284.7765,284.77658,0.0,,6742.756,41847.686
Ti,I,284.8499,284.85006,0.0,,6661.006,41756.88
Ti,I,284.8939,284.89363,0.0,,6598.765,41689.272
Ti,I,284.9333,284.93358,1.0,,11639.8109,46725.398
Ti,I,285.1752,285.17482,0.0,,7255.355,42311.264
Ti,I,285.3432,285.3439,2.0,,0.0,35035.137
Ti,I,285.5131,285.51313,2.0,,7255.355,42269.727
Ti,I,286.0276,286.02757,3.0,,7255.355,42206.755
Ti,I,286.5228,286.52279,0.0,,7255.355,42146.348
Ti,I,288.195,288.1952,2.0,,7255.355,41943.884
Ti,I,288.3229,288.32286,2.0,,7255.355,41928.526
Ti,I,289.9329,289.93205,3.0,,11776.812,46257.548
Ti,I,290.3168,290.31786,2.0,,8492.422,42927.337
Ti,I,290.9931,290.9936,,,14105.634,48460.59
Ti,I,291.2083,291.20893,,130000000.0,7255.355,41584.908
Ti,I,291.2473,291.24762,2.0,,8602.3441,42927.337
Ti,I,292.2927,292.29259,7.0,,7255.355,41457.639
Ti,I,292.8327,292.83311,10.0,,12118.393,46257.548
Ti,I,293.3207,293.32082,0.0,,7255.355,41337.748
Ti,I,293.3528,293.35238,,,14028.436,48107.1632
Ti,I,293.3528,293.3528,,,15156.802,49235.4807
Ti,I,293.3528,293.35342,,9600000.0,0.0,34078.606
Ti,I,293.7304,293.73056,,7700000.0,170.1328,34204.985
Ti,I,294.1995,294.19908,,100000000.0,0.0,33980.653
Ti,I,294.7717,294.77165,10.0,,7255.355,41170.006
Ti,I,294.8242,294.82536,,93000000.0,170.1328,34078.606
Ti,I,295.6123,295.61317,,97000000.0,386.874,34204.985
Ti,I,295.6782,295.67954,,18000000.0,170.1328,33980.653
Ti,I,295.877,295.87701,4.0,,16961.442,50749.398
Ti,I,295.9704,295.97031,9.0,,8492.422,42269.727
Ti,I,295.9985,295.99796,10.0,,8602.3441,42376.495
Ti,I,296.1459,296.14545,6.0,,8436.618,42193.949
Ti,I,296.5233,296.52316,13.0,,8492.422,42206.755
Ti,I,296.5644,296.56365,,,8436.618,42146.348
Ti,I,296.5718,296.57077,,,8602.3441,42311.264
Ti,I,296.6365,296.63583,4.0,,8492.422,42193.949
Ti,I,296.7225,296.72208,14.0,11000000.0,386.874,34078.606
Ti,I,296.8239,296.82326,14.0,,0.0,33680.248
Ti,I,296.9372,296.93668,5.0,,8602.3441,42269.727
Ti,I,297.0379,297.03827,,7400000.0,0.0,33655.869
Ti,I,297.0512,297.0506,6.0,,15220.393,48874.86
Ti,I,297.0558,297.05542,10.0,,8492.422,42146.348
Ti,I,297.3772,297.3765,0.0,,15156.802,48774.39
Ti,I,297.494,297.49314,10.0,,8602.3441,42206.755
Ti,I,297.6073,297.60656,0.0,,8602.3441,42193.949
Ti,I,297.6323,297.63234,6.0,,7255.355,40844.05
Ti,I,297.8279,297.82749,2.0,,11639.8109,45206.499
Ti,I,297.9407,297.9401,1.0,,15220.393,48774.39
Ti,I,298.0296,298.0289,3.0,,8602.3441,42146.348
Ti,I,298.1346,298.13399,1.0,,11531.761,45063.941
Ti,I,298.1473,298.1467,12.0,730000.0,170.1328,33700.884
Ti,I,298.2287,298.2285,0.0,,15108.111,48629.67
Ti,I,298.3305,298.33031,,11000000.0,170.1328,33680.248
Ti,I,298.3567,298.35568,5.0,,8436.618,41943.884
Ti,I,298.5481,298.54752,11.0,,170.1328,33655.869
Ti,I,298.6631,298.6623,0.0,,15156.802,48629.67
Ti,I,298.689,298.6886,3.0,,11531.761,45001.681
Ti,I,298.742,298.74192,1.0,,15220.393,48684.34
Ti,I,298.7965,298.79591,4.0,,11639.8109,45097.711
Ti,I,298.9914,298.9907,2.0,,8492.422,41928.526
Ti,I,299.0485,299.04809,9.0,,11776.812,45206.499
Ti,I,299.0983,299.09781,7.0,,11639.8109,45063.941
Ti,I,299.1787,299.17816,3.0,,7255.355,40670.509
Ti,I,299.3041,299.30365,3.0,,11639.8109,45040.955
Ti,I,299.3931,299.39263,2.0,,11531.761,44922.979
Ti,I,299.4436,299.44384,3.0,,15156.802,48542.31
Ti,I,299.6565,299.65601,2.0,,11639.8109,45001.681
Ti,I,299.7409,299.7404,1.0,,15108.111,48460.59
Ti,I,299.8388,299.83874,2.0,,8602.3441,41943.884
Ti,I,299.9773,299.97692,2.0,,8602.3441,41928.526
Ti,I,300.0249,300.02448,3.0,,11776.812,45097.711
Ti,I,300.0865,300.08653,,12000000.0,386.874,33700.884
Ti,I,300.1871,300.18681,5.0,,11531.761,44834.642
Ti,I,300.2077,300.20684,4.0,,7255.355,40556.014
Ti,I,300.27262,300.27253,,,386.874,33680.248
Ti,I,300.365,300.36461,5.0,,11639.8109,44922.979
Ti,I,300.5367,300.53641,5.0,,11776.812,45040.955
Ti,I,301.0118,301.01161,2.0,,7255.355,40466.987
Ti,I,302.1353,302.13541,0.0,,12118.393,45206.499
Ti,I,302.5059,302.50573,3.0,,7255.355,40302.957
Ti,I,303.1026,303.10226,5.0,,8602.3441,41584.908
Ti,I,304.2535,304.25393,5.0,,0.0,32857.723
Ti,I,304.2753,304.274386,4.0,,15156.802,48012.3158
Ti,I,304.3682,304.36877,0.0,,8492.422,41337.748
Ti,I,306.4349,306.43528,0.0,,11531.761,44155.596
Ti,I,306.5406,306.5406,2.0,,15975.631,48588.258
Ti,I,306.6714,306.67168,3.0,,11776.812,44375.5
Ti,I,306.8388,306.83889,3.0,,15877.081,48458.006
Ti,I,306.9639,306.96385,1.0,,8602.3441,41170.006
Ti,I,306.9744,306.9749,6.0,,16106.076,48672.566
Ti,I,307.2789,307.27857,5.0,,15975.631,48509.938
Ti,I,307.5639,307.5639,3.0,,16267.48,48771.606
Ti,I,307.7719,307.77169,3.0,,16106.076,48588.258
Ti,I,307.7899,307.78965,1.0,,11776.812,44257.098
Ti,I,307.9815,307.98122,4.0,,7255.355,39715.439
Ti,I,308.1355,308.13434,5.0,,11531.761,43975.715
Ti,I,308.1724,308.17237,3.0,,11639.8109,44079.761
Ti,I,308.2613,308.26114,6.0,,7255.355,39685.964
Ti,I,308.4817,308.48161,8.0,,8436.618,40844.05
Ti,I,308.4883,308.48833,0.0,,7255.355,39662.081
Ti,I,308.5032,308.50394,,,16267.48,48672.566
Ti,I,308.6818,308.68176,3.0,,11776.812,44163.232
Ti,I,308.9738,308.97302,0.0,,16106.076,48461.967
Ti,I,309.0137,309.01374,10.0,,8492.422,40844.05
Ti,I,309.2034,309.2032,2.0,,15877.081,48208.887
Ti,I,309.3839,309.38378,6.0,,16458.671,48771.606
Ti,I,310.06665,310.06633,14.0,,8602.3441,40844.151
Ti,I,310.1486,310.14859,11.0,,15975.631,48208.887
Ti,I,310.1766,310.17655,5.0,,15877.081,48107.432
Ti,I,310.2504,310.25048,6.0,,16106.076,48328.747
Ti,I,310.5221,310.52209,6.0,,16267.48,48461.967
Ti,I,310.68037,310.68036,12.0,,8492.422,40670.509
Ti,I,310.74621,310.74631,10.0,,15877.081,48048.339
Ti,I,311.06103,311.06107,14.0,,12118.393,44257.098
Ti,I,311.12774,311.12791,9.0,,15975.631,48107.432
Ti,I,311.1936,311.19296,1.0,,15156.802,47281.887
Ti,I,311.24814,311.24808,10.0,,8436.618,40556.014
Ti,I,311.388,311.38782,1.0,,11639.8109,43744.793
Ti,I,311.40875,311.40888,11.0,,16106.076,48208.887
Ti,I,311.4569,311.45677,2.0,,16817.16,48915.035
Ti,I,311.6374,311.63619,12.0,,15108.111,47187.507
Ti,I,311.6795,311.67942,2.0,,16961.442,49036.389
Ti,I,311.74537,311.74534,9.0,,8602.3441,40670.509
Ti,I,311.78995,311.7898,7.0,,8492.422,40556.014
Ti,I,311.796,311.7962,5.0,,16961.442,49024.376
Ti,I,311.81236,311.81241,9.0,,16267.48,48328.747
Ti,I,311.8284,311.8281,0.0,,15877.081,47936.73
Ti,I,311.9068,311.90652,0.0,,11531.761,43583.355
Ti,I,311.97229,311.97227,,,12118.393,44163.232
Ti,I,311.9952,311.99542,,,15975.631,48018.093
Ti,I,311.9978,311.99806,,,16817.16,48859.35
Ti,I,312.0203,312.02026,6.0,,16875.124,48915.035
Ti,I,312.2801,312.28003,5.0,,16106.076,48119.335
Ti,I,312.30734,312.30731,10.0,,7255.355,39265.818
Ti,I,312.37728,312.37725,12.0,,16458.671,48461.967
Ti,I,312.474,312.47399,8.0,,15877.081,47870.47
Ti,I,312.55462,312.55458,5.0,,16817.16,48802.3
Ti,I,312.56354,312.56351,6.0,,16875.124,48859.35
Ti,I,312.658,312.65795,1.0,,8492.422,40466.987
Ti,I,312.7226,312.72235,5.0,,11776.812,43744.793
Ti,I,312.7427,312.74271,6.0,,16267.48,48233.38
Ti,I,312.7562,312.75559,3.0,,16875.124,48839.708
Ti,I,312.7684,312.7684,13.0,,15877.081,47840.36
Ti,I,312.79,312.78938,,,17075.258,49036.389
Ti,I,312.79,312.7897,,,15975.631,47936.73
Ti,I,312.86316,312.86317,8.0,,16961.442,48915.035
Ti,I,312.90708,312.90699,8.0,,17075.258,49024.376
Ti,I,312.9193,312.91913,0.0,,8436.618,40384.497
Ti,I,312.9618,312.96159,4.0,,11639.8109,43583.355
Ti,I,313.0166,313.01672,10.0,,15975.631,47913.55
Ti,I,313.0383,313.03772,6.0,,11531.761,43467.537
Ti,I,313.2709,313.27079,7.0,,16106.076,48018.093
Ti,I,313.3122,313.31224,3.0,,16817.16,48724.955
Ti,I,313.3187,313.31866,0.0,,16817.16,48724.302
Ti,I,313.4397,313.43952,0.0,,15975.631,47870.47
Ti,I,313.4668,313.46669,3.0,,8492.422,40384.497
Ti,I,313.5052,313.50379,13.0,,16106.076,47994.377
Ti,I,313.6025,313.60248,5.0,,16961.442,48839.708
Ti,I,313.614,313.61385,0.0,,8492.422,40369.532
Ti,I,313.7367,313.73656,0.0,,8602.3441,40466.987
Ti,I,313.8627,313.86252,7.0,,16267.48,48119.335
Ti,I,313.8826,313.88247,4.0,,16875.124,48724.955
Ti,I,313.889,313.8889,3.0,,16875.124,48724.302
Ti,I,313.98753,313.98748,11.0,,16267.48,48106.659
Ti,I,314.1004,314.10047,3.0,,11639.8109,43467.537
Ti,I,314.15312,314.15307,12.0,,7255.355,39077.753
Ti,I,314.16687,314.16688,9.0,,17215.39,49036.389
Ti,I,314.3098,314.30967,1.0,,11776.812,43583.355
Ti,I,314.33448,314.33447,11.0,,16458.671,48262.705
Ti,I,314.3551,314.35513,2.0,,15220.393,47022.337
Ti,I,314.5508,314.55089,6.0,,8602.3441,40384.497
Ti,I,314.6246,314.62458,7.0,,16458.671,48233.38
Ti,I,314.7262,314.7262,8.0,,17075.258,48839.708
Ti,I,314.7419,314.74195,6.0,,16961.442,48724.302
Ti,I,314.8628,314.86336,0.0,,16267.48,48018.093
Ti,I,315.1114,315.11156,2.0,,0.0,31725.605
Ti,I,315.2552,315.25547,0.0,,16961.442,48672.566
Ti,I,315.35999,315.36,10.0,,8602.3441,40302.957
Ti,I,315.4378,315.43797,2.0,,16817.16,48509.938
Ti,I,315.5533,315.55343,2.0,,15156.802,46837.984
Ti,I,315.7586,315.75793,0.0,,16458.671,48119.335
Ti,I,315.76628,315.76619,9.0,,170.1328,31829.969
Ti,I,315.9559,315.95571,3.0,,16817.16,48458.006
Ti,I,316.0079,316.00786,3.0,,170.1328,31805.758
Ti,I,316.016,316.01596,3.0,,16875.124,48509.938
Ti,I,316.0961,316.09588,5.0,,16961.442,48588.258
Ti,I,316.1908,316.19115,5.0,,15108.111,46725.398
Ti,I,316.3911,316.39108,6.0,,17075.258,48672.566
Ti,I,316.5355,316.53561,2.0,,16875.124,48458.006
Ti,I,316.8034,316.8031,5.0,,17215.39,48771.606
Ti,I,316.8807,316.88062,4.0,,16961.442,48509.938
Ti,I,317.09266,317.0925,11.0,,386.874,31914.291
Ti,I,317.238,317.23757,4.0,,17075.258,48588.258
Ti,I,317.27284,317.27292,9.0,,7255.355,38764.844
Ti,I,317.801,317.80056,4.0,,17215.39,48672.566
Ti,I,317.92924,317.92918,8.0,,7255.355,38699.805
Ti,I,317.9431,317.94288,4.0,,386.874,31829.969
Ti,I,318.3924,318.39231,3.0,,7255.355,38654.068
Ti,I,318.5123,318.51409,7.0,,17075.258,48461.967
Ti,I,318.6451,318.64508,,80000000.0,0.0,31373.807
Ti,I,318.7115,318.71113,2.0,,16961.442,48328.747
Ti,I,319.0531,319.05231,3.0,,16875.124,48208.887
Ti,I,319.19931,319.19922,,85000000.0,170.1328,31489.476
Ti,I,319.4962,319.49579,0.0,,16817.16,48107.432
Ti,I,319.8719,319.87182,6.0,,17075.258,48328.747
Ti,I,319.9337,319.9337,5.0,,16961.442,48208.887
Ti,I,319.94252,319.94259,7.0,,17215.39,48461.967
Ti,I,319.99149,319.99136,,94000000.0,386.874,31628.688
Ti,I,320.0887,320.08876,3.0,,16875.124,48107.432
Ti,I,320.1005,320.10033,3.0,,16817.16,48048.339
Ti,I,320.1589,320.15893,11.0,,8436.618,39662.081
Ti,I,320.3585,320.35855,6.0,,0.0,31206.007
Ti,I,320.38254,320.3825,,7200000.0,170.1328,31373.807
Ti,I,320.48667,320.48657,11.0,,8492.422,39685.964
Ti,I,320.51616,320.51609,11.0,,0.0,31190.669
Ti,I,320.5846,320.58453,5.0,,0.0,31184.01
Ti,I,320.63369,320.63395,8.0,13900000.0,16267.48,47446.684
Ti,I,320.68222,320.68221,9.0,21800000.0,16106.076,47280.588
Ti,I,320.6955,320.69555,3.0,,16875.124,48048.339
Ti,I,320.73224,320.73214,12.0,,8492.422,39662.081
Ti,I,320.78938,320.78931,11.0,25700000.0,15975.631,47139.735
Ti,I,320.90219,320.90212,8.0,16300000.0,15877.081,47030.23
Ti,I,320.976,320.97589,3.0,,16961.442,48107.432
Ti,I,321.103,321.10333,4.0,,17075.258,48208.887
Ti,I,321.31535,321.31526,13.0,,8602.3441,39715.439
Ti,I,321.42373,321.42366,,6500000.0,386.874,31489.476
Ti,I,321.6079,321.60733,2.0,,17995.487,49080.327
Ti,I,321.62003,321.61996,9.0,,8602.3441,39685.964
Ti,I,321.79381,321.79378,11.0,125000000.0,15877.081,46943.911
Ti,I,321.8477,321.8479,5.0,,16875.124,47936.73
Ti,I,321.8673,321.86727,3.0,,8602.3441,39662.081
Ti,I,321.8995,321.89925,8.0,,16961.442,48018.093
Ti,I,321.9207,321.92053,10.0,93100000.0,15975.631,47030.23
Ti,I,321.934,321.93389,7.0,,16817.16,47870.47
Ti,I,322.0297,322.02964,8.0,,17075.258,48119.335
Ti,I,322.092,322.0919,2.0,,18061.387,49099.463
Ti,I,322.11481,322.11476,9.0,,170.1328,31206.007
Ti,I,322.13775,322.13775,11.0,119000000.0,16106.076,47139.735
Ti,I,322.27412,322.27403,,,170.1328,31190.669
Ti,I,322.30045,322.30049,8.0,,17215.39,48233.38
Ti,I,322.35116,322.35122,12.0,127000000.0,16267.48,47280.588
Ti,I,322.4349,322.43508,4.0,,18145.286,49150.329
Ti,I,322.5361,322.53595,3.0,,16875.124,47870.47
Ti,I,322.61221,322.61228,12.0,156000000.0,16458.671,47446.684
Ti,I,322.62363,322.62353,7.0,,386.874,31373.807
Ti,I,322.81779,322.81786,8.0,27400000.0,15975.631,46943.911
Ti,I,322.9648,322.96494,2.0,,18145.286,49099.463
Ti,I,322.9865,322.98653,6.0,,16961.442,47913.55
Ti,I,323.0832,323.08333,2.0,,17075.258,48018.093
Ti,I,323.27858,323.27851,7.0,25600000.0,16106.076,47030.23
Ti,I,323.4901,323.48992,,,17215.39,48119.335
Ti,I,323.6227,323.62266,,,17215.39,48106.659
Ti,I,323.82209,323.82199,10.0,22600000.0,16267.48,47139.735
Ti,I,324.35094,324.35087,7.0,15000000.0,16458.671,47280.588
Ti,I,324.38023,324.38017,10.0,,386.874,31206.007
Ti,I,324.7983,324.79784,6.0,,11531.761,42311.264
Ti,I,324.86,324.85977,15.0,,18287.554,49061.1894
Ti,I,324.9499,324.9499,0.0,,17075.258,47840.36
Ti,I,325.2369,325.23676,3.0,,11531.761,42269.727
Ti,I,325.2506,325.25032,3.0,,11639.8109,42376.495
Ti,I,325.8265,325.827,6.0,,18192.57,48874.86
Ti,I,325.9045,325.90445,4.0,,11531.761,42206.755
Ti,I,325.942,325.94208,5.0,,11639.8109,42311.264
Ti,I,326.02706,326.0269,15.0,,8602.3441,39265.818
Ti,I,326.0403,326.04057,5.0,,11531.761,42193.949
Ti,I,326.2644,326.2646,4.0,,8436.618,39077.753
Ti,I,326.3841,326.3841,7.0,,11639.8109,42269.727
Ti,I,326.54762,326.54753,9.0,,11531.761,42146.348
Ti,I,326.70664,326.70659,6.0,,11776.812,42376.495
Ti,I,326.7411,326.74114,3.0,,7255.355,37851.802
Ti,I,326.86002,326.8599,6.0,,8492.422,39077.753
Ti,I,327.05667,327.05652,11.0,,11639.8109,42206.755
Ti,I,327.3121,327.31212,5.0,,18141.265,48684.34
Ti,I,327.40448,327.40456,8.0,,11776.812,42311.264
Ti,I,327.7198,327.71963,3.0,,18037.213,48542.31
Ti,I,327.7817,327.78174,4.0,,18525.059,49024.376
Ti,I,327.89688,327.89688,,,7255.355,37743.962
Ti,I,328.03871,328.03889,0.0,,8602.3441,39077.753
Ti,I,328.39422,328.39415,5.0,,18593.947,49036.389
Ti,I,328.5029,328.50401,7.0,,18482.774,48915.035
Ti,I,328.5237,328.52379,5.0,,18593.947,49024.376
Ti,I,328.7216,328.72155,0.0,,11531.761,41943.884
Ti,I,328.8889,328.88912,4.0,,18462.722,48859.35
Ti,I,328.9613,328.96111,4.0,,18525.059,48915.035
Ti,I,329.1063,329.10623,2.0,,18482.774,48859.35
Ti,I,329.2076,329.20763,,,7255.355,37622.575
Ti,I,329.48929,329.48937,9.0,,18695.134,49036.389
Ti,I,329.5649,329.56501,5.0,,18525.059,48859.35
Ti,I,329.6197,329.61988,4.0,,18695.134,49024.376
Ti,I,329.63655,329.63651,7.0,,18037.213,48364.925
Ti,I,329.7087,329.70852,5.0,,18593.947,48915.035
Ti,I,329.7251,329.72551,5.0,,18482.774,48802.3
Ti,I,329.7784,329.77856,5.0,,18525.059,48839.708
Ti,I,329.94145,329.94123,13.0,,7255.355,37555.058
Ti,I,330.0603,330.06093,1.0,,11639.8109,41928.526
Ti,I,330.3497,330.34983,3.0,,18818.099,49080.327
Ti,I,330.5296,330.52969,5.0,,18593.947,48839.708
Ti,I,330.5759,330.57595,5.0,,18482.774,48724.302
Ti,I,330.68787,330.68787,11.0,77200000.0,17215.39,47446.684
Ti,I,330.83933,330.83937,15.0,,8436.618,38654.068
Ti,I,330.9497,330.94963,,,8492.422,38699.805
Ti,I,330.97223,330.97213,10.0,64200000.0,17075.258,47280.588
Ti,I,331.0315,331.03168,3.0,,18525.059,48724.955
Ti,I,331.0395,331.03884,,,18525.059,48724.302
Ti,I,331.0395,331.04065,,,18037.213,48236.2911
Ti,I,331.1086,331.10871,3.0,,12118.393,42311.264
Ti,I,331.26866,331.26866,10.0,59500000.0,16961.442,47139.735
Ti,I,331.4421,331.44212,,,8602.3441,38764.844
Ti,I,331.45149,331.4515,,,8492.422,38654.068
Ti,I,331.52363,331.52339,,47800000.0,16875.124,47030.23
Ti,I,331.6389,331.63922,5.0,,18695.134,48839.708
Ti,I,331.83553,331.83543,10.0,55200000.0,16817.16,46943.911
Ti,I,332.0878,332.08789,1.0,,7255.355,37359.203
Ti,I,332.15842,332.15837,,,8602.3441,38699.805
Ti,I,332.36655,332.36645,8.0,,18593.947,48672.566
Ti,I,332.38023,332.38024,7.0,,18287.554,48364.925
Ti,I,332.39024,332.39018,8.0,,18695.134,48771.606
Ti,I,332.4611,332.46111,4.0,,7255.355,37325.41
Ti,I,332.47515,332.47512,,,16961.442,47030.23
Ti,I,332.47515,332.47513,,,16875.124,46943.911
Ti,I,332.51468,332.51482,5.0,7940000.0,17215.39,47280.588
Ti,I,332.5227,332.5228,6.0,16500000.0,17075.258,47139.735
Ti,I,332.53685,332.53693,7.0,,18525.059,48588.258
Ti,I,332.66398,332.66391,,,8602.3441,38654.068
Ti,I,332.73,332.72977,,,18061.387,48107.1632
Ti,I,332.8834,332.88336,0.0,,15975.631,46007.545
Ti,I,333.0583,333.05862,0.0,,15877.081,45893.192
Ti,I,333.2899,333.28988,5.0,,18462.722,48458.006
Ti,I,333.3006,333.3007,5.0,,18593.947,48588.258
Ti,I,333.39084,333.39086,5.0,,0.0,29986.199
Ti,I,333.4054,333.40554,,,18525.059,48509.938
Ti,I,333.4098,333.41078,,,11639.8109,41624.219
Ti,I,333.4319,333.43234,3.0,,16961.442,46943.911
Ti,I,333.4884,333.48837,6.0,,18695.134,48672.566
Ti,I,333.6619,333.66229,4.0,,18141.265,48103.072
Ti,I,333.7382,333.73842,1.0,,17075.258,47030.23
Ti,I,333.88318,333.88333,8.0,,8602.3441,38544.316
Ti,I,333.8943,333.89518,2.0,,15156.802,45097.711
Ti,I,333.9513,333.95157,4.0,,15877.081,45812.935
Ti,I,333.9839,333.984,3.0,,18525.059,48458.006
Ti,I,334.0626,334.0629,2.0,,11531.761,41457.639
Ti,I,334.0796,334.08001,2.0,,17215.39,47139.735
Ti,I,334.0957,334.09562,3.0,,17540.188,47463.135
Ti,I,334.15555,334.15577,6.0,,15975.631,45893.192
Ti,I,334.1874,334.18731,,65000000.0,0.0,29914.737
Ti,I,334.21474,334.2147,,,0.0,29912.286
Ti,I,334.27064,334.27057,10.0,,0.0,29907.286
Ti,I,334.3353,334.3356,5.0,,16106.076,46007.545
Ti,I,334.4244,334.42395,0.0,,15108.111,45001.681
Ti,I,334.429,334.42894,4.0,,18695.134,48588.258
Ti,I,334.461,334.46122,4.0,,16267.48,46157.719
Ti,I,334.49201,334.49209,7.0,,15877.081,45764.562
Ti,I,334.5291,334.52934,0.0,,15156.802,45040.955
Ti,I,334.7774,334.77676,0.0,,15975.631,45837.698
Ti,I,334.8219,334.82202,3.0,,17423.856,47281.887
Ti,I,334.85316,334.85315,10.0,910000.0,0.0,29855.255
Ti,I,335.05458,335.05462,10.0,,15975.631,45812.935
Ti,I,335.1948,335.19355,1.0,,16106.076,45931.013
Ti,I,335.2423,335.24273,4.0,,15220.393,45040.955
Ti,I,335.2729,335.27347,6.0,,11639.8109,41457.639
Ti,I,335.29337,335.29328,12.0,970000.0,170.1328,29986.199
Ti,I,335.3061,335.30676,2.0,,15108.111,44922.979
Ti,I,335.4066,335.40667,5.0,,11531.761,41337.748
Ti,I,335.46336,335.46332,,69000000.0,170.1328,29971.086
Ti,I,335.61928,335.61916,10.0,,16106.076,45893.192
Ti,I,335.82711,335.82708,,7600000.0,0.0,29768.675
Ti,I,335.84803,335.84786,3.0,,18695.134,48461.967
Ti,I,336.0814,336.08046,3.0,,15975.631,45721.863
Ti,I,336.09894,336.09886,,,170.1328,29914.737
Ti,I,336.12659,336.12655,,,170.1328,29912.286
Ti,I,336.15026,336.15016,,,16267.48,46007.545
Ti,I,336.18315,336.18307,,,170.1328,29907.286
Ti,I,336.20975,336.20968,10.0,,18593.947,48328.747
Ti,I,336.2471,336.24562,2.0,,16106.076,45837.698
Ti,I,336.3031,336.3032,4.0,,15108.111,44834.642
Ti,I,336.61445,336.61442,,,16458.671,46157.719
Ti,I,336.6265,336.62702,2.0,,11639.8109,41337.748
Ti,I,336.6829,336.68353,2.0,,16267.48,45960.432
Ti,I,336.78694,336.78702,10.0,,18525.059,48208.887
Ti,I,336.8212,336.82108,3.0,,11776.812,41457.639
Ti,I,336.904,336.90463,8.0,,386.874,30060.34
Ti,I,337.0193,337.01745,3.0,,16267.48,45931.013
Ti,I,337.04344,337.04339,,76000000.0,0.0,29661.25
Ti,I,337.14523,337.14517,,72000000.0,386.874,30039.17
Ti,I,337.3039,337.30501,,,11531.761,41170.006
Ti,I,337.3577,337.35774,8.0,,18695.134,48328.747
Ti,I,337.45981,337.45972,11.0,,18482.774,48107.432
Ti,I,337.5621,337.56213,5.0,,11639.8109,41255.481
Ti,I,337.5689,337.57046,9.0,,18593.947,48208.887
Ti,I,337.7088,337.70894,2.0,,19421.58,49024.376
Ti,I,337.74861,337.74855,,,386.874,29986.199
Ti,I,337.75752,337.75748,,69000000.0,170.1328,29768.675
Ti,I,337.8324,337.83157,3.0,,19322.984,48915.035
Ti,I,337.90501,337.90504,5.0,,18462.722,48048.339
Ti,I,337.92111,337.92109,,6200000.0,386.874,29971.086
Ti,I,337.942,337.9421,7.0,,18525.059,48107.432
Ti,I,338.1343,338.13422,7.0,,18482.774,48048.339
Ti,I,338.14376,338.14376,5.0,,11776.812,41341.543
Ti,I,338.23091,338.23087,,,8602.3441,38159.461
Ti,I,338.46857,338.46851,6.0,,19322.984,48859.35
Ti,I,338.56606,338.56598,,5200000.0,386.874,29914.737
Ti,I,338.59414,338.59408,,50000000.0,386.874,29912.286
Ti,I,338.6185,338.61853,4.0,,18525.059,48048.339
Ti,I,338.7285,338.72784,,,18695.134,48208.887
Ti,I,338.7314,338.73092,,,18593.947,48107.432
Ti,I,338.8661,338.86553,2.0,,16458.671,45960.432
Ti,I,338.9611,338.96097,6.0,,19421.58,48915.035
Ti,I,339.06781,339.06775,13.0,,8492.422,37976.589
Ti,I,339.131,339.13099,0.0,,11776.812,41255.481
Ti,I,339.27096,339.27088,15.0,,12118.393,41584.908
Ti,I,339.4566,339.45651,,,19573.974,49024.376
Ti,I,339.8288,339.82893,2.0,,19421.58,48839.708
Ti,I,339.86303,339.86294,12.0,,8436.618,37851.802
Ti,I,339.9033,339.9035,4.0,,18525.059,47936.73
Ti,I,340.01572,340.01568,7.0,,19322.984,48724.955
Ti,I,340.023,340.02323,3.0,,19322.984,48724.302
Ti,I,340.1799,340.18084,3.0,,18482.774,47870.47
Ti,I,340.33658,340.33663,11.0,,8602.3441,37976.589
Ti,I,340.4699,340.47044,0.0,,16267.48,45630.18
Ti,I,340.50903,340.50895,11.0,,8492.422,37851.802
Ti,I,341.16718,341.16735,9.0,,19421.58,48724.302
Ti,I,341.59856,341.59856,9.0,,19573.974,48839.708
Ti,I,341.6957,341.69596,,,6742.756,36000.148
Ti,I,341.7894,341.78865,8.0,,8602.3441,37851.802
Ti,I,342.0962,342.09635,2.0,,12118.393,41341.543
Ti,I,342.1488,342.14848,2.0,,15156.802,44375.5
Ti,I,342.31673,342.31669,6.0,,11639.8109,40844.151
Ti,I,342.8104,342.81057,3.0,,8492.422,37654.69
Ti,I,342.89469,342.89477,9.0,,15220.393,44375.5
Ti,I,342.9658,342.96646,,,15220.393,44369.406
Ti,I,342.9658,342.96676,,,15108.111,44257.098
Ti,I,343.05339,343.05349,5.0,,8602.3441,37743.962
Ti,I,343.08705,343.08728,6.0,,11531.761,40670.509
Ti,I,343.1066,343.10683,3.0,,12118.393,41255.481
Ti,I,343.1313,343.13116,2.0,,19322.984,48458.006
Ti,I,343.54057,343.54064,8.0,,15156.802,44257.098
Ti,I,343.6815,343.68163,2.0,,19421.58,48509.938
Ti,I,343.7511,343.75132,3.0,,17075.258,46157.719
Ti,I,343.93023,343.93016,13.0,,11776.812,40844.151
Ti,I,344.0864,344.08647,0.0,,6598.765,35652.9
Ti,I,344.1074,344.10766,1.0,,8602.3441,37654.69
Ti,I,344.116,344.11634,6.0,,12118.393,41170.006
Ti,I,344.16503,344.16525,8.0,,15108.111,44155.596
Ti,I,344.1813,344.18162,4.0,,16961.442,46007.545
Ti,I,344.2927,344.29302,2.0,,15220.393,44257.098
Ti,I,344.36427,344.36426,11.0,,11639.8109,40670.509
Ti,I,344.44068,344.44074,,,11531.761,40556.014
Ti,I,344.4879,344.48848,4.0,,8602.3441,37622.575
Ti,I,344.5138,344.51415,6.0,,16875.124,45893.192
Ti,I,344.5546,344.55488,5.0,,6742.756,35757.394
Ti,I,344.743,344.74314,3.0,,15156.802,44155.596
Ti,I,344.7789,344.77904,4.0,,16817.16,45812.935
Ti,I,344.82519,344.82519,6.0,,6661.006,35652.9
Ti,I,344.98717,344.98671,5.0,,6598.765,35577.086
Ti,I,345.0002,345.00029,0.0,,19937.855,48915.035
Ti,I,345.0745,345.0749,5.0,,6556.833,35527.748
Ti,I,345.0918,345.09091,1.0,,16961.442,45931.013
Ti,I,345.2915,345.29184,2.0,,8602.3441,37555.058
Ti,I,345.355,345.3552,5.0,,16817.16,45764.562
Ti,I,345.3649,345.36518,5.0,,6556.833,35503.399
Ti,I,345.41581,345.41574,14.0,,17215.39,46157.719
Ti,I,345.46976,345.46967,5.0,,16875.124,45812.935
Ti,I,345.53551,345.53563,6.0,,17075.258,46007.545
Ti,I,345.54221,345.54204,5.0,,16961.442,45893.192
Ti,I,345.57507,345.5751,6.0,,6598.765,35527.748
Ti,I,345.66482,345.66479,12.0,,12118.393,41039.87
Ti,I,345.72936,345.7293,8.0,,6661.006,35577.086
Ti,I,345.74912,345.74901,10.0,,6842.962,35757.394
Ti,I,345.80041,345.80029,9.0,,6742.756,35652.9
Ti,I,345.8137,345.81403,6.0,,20006.039,48915.035
Ti,I,345.9414,345.94186,9.0,,20126.062,49024.376
Ti,I,346.0481,346.04815,5.0,,16875.124,45764.562
Ti,I,346.31964,346.31976,7.0,,8492.422,37359.203
Ti,I,346.4815,346.48144,0.0,,20006.039,48859.35
Ti,I,346.4912,346.49079,0.0,,17215.39,46067.923
Ti,I,346.5033,346.50328,3.0,,16961.442,45812.935
Ti,I,346.7175,346.71748,3.0,,20006.039,48839.708
Ti,I,346.72578,346.72567,,,8492.422,37325.41
Ti,I,346.76454,346.76441,,,18192.57,47022.337
Ti,I,346.9061,346.9068,8.0,,17075.258,45893.192
Ti,I,346.9326,346.93209,8.0,,16961.442,45777.275
Ti,I,347.2173,347.21741,4.0,,17215.39,46007.545
Ti,I,347.2559,347.25579,1.0,,20126.062,48915.035
Ti,I,347.2781,347.27838,6.0,,19937.855,48724.955
Ti,I,347.2859,347.28626,3.0,,19937.855,48724.302
Ti,I,347.3112,347.31038,0.0,,19322.984,48107.432
Ti,I,347.5759,347.57614,2.0,,17075.258,45837.698
Ti,I,347.6437,347.6436,9.0,,8602.3441,37359.203
Ti,I,347.7865,347.78651,0.0,,17215.39,45960.432
Ti,I,347.89151,347.89146,12.0,,8436.618,37172.989
Ti,I,348.0201,348.02,2.0,,12118.393,40844.151
Ti,I,348.0249,348.02488,2.0,,19322.984,48048.339
Ti,I,348.05252,348.05261,15.0,,8602.3441,37325.41
Ti,I,348.103,348.10291,3.0,,20006.039,48724.955
Ti,I,348.111,348.11083,7.0,,20006.039,48724.302
Ti,I,348.16681,348.1668,8.0,,20126.062,48839.708
Ti,I,348.2987,348.29864,7.0,,0.0,28702.778
Ti,I,348.372,348.37218,5.0,,18141.265,46837.984
Ti,I,348.4761,348.47581,2.0,,18037.213,46725.398
Ti,I,348.5043,348.50415,4.0,,19421.58,48107.432
Ti,I,348.56844,348.56837,11.0,,8492.422,37172.989
Ti,I,348.7801,348.78023,0.0,,11639.8109,40302.957
Ti,I,349.0761,349.07624,7.0,,0.0,28638.841
Ti,I,349.1244,349.12413,,,19573.974,48208.887
Ti,I,349.32758,349.32745,11.0,360000.0,170.1328,28788.38
Ti,I,349.57491,349.57489,13.0,,8492.422,37090.413
Ti,I,349.59551,349.5954,10.0,,0.0,28596.313
Ti,I,349.90963,349.90949,12.0,,8602.3441,37172.989
Ti,I,350.37539,350.37551,7.0,,170.1328,28702.778
Ti,I,350.47678,350.47679,8.0,,15220.393,43744.793
Ti,I,350.66393,350.66384,13.0,680000.0,386.874,28896.059
Ti,I,351.1625,351.16243,11.0,420000.0,170.1328,28638.841
Ti,I,351.68319,351.6832,10.0,,15156.802,43583.355
Ti,I,351.99349,351.99336,14.0,,386.874,28788.38
Ti,I,352.01619,352.01589,,,14105.634,42505.322
Ti,I,352.51573,352.51566,10.0,,15108.111,43467.537
Ti,I,352.65706,352.65702,5.0,,14028.436,42376.495
Ti,I,353.05755,353.0575,7.0,,386.874,28702.778
Ti,I,353.4064,353.40635,3.0,,13981.773,42269.727
Ti,I,353.4699,353.47041,0.0,,14028.436,42311.264
Ti,I,353.6199,353.62003,2.0,,14105.634,42376.495
Ti,I,353.9901,353.9903,3.0,,14028.436,42269.727
Ti,I,354.25309,354.25318,8.0,,18037.213,46257.548
Ti,I,354.3558,354.35563,3.0,,13981.773,42193.949
Ti,I,354.4377,354.43787,1.0,,14105.634,42311.264
Ti,I,354.7028,354.7028,,,12118.393,40302.957
Ti,I,354.711,354.7112,,,7255.355,35439.251
Ti,I,354.8776,354.87738,2.0,,13981.773,42152.472
Ti,I,354.943,354.94272,0.0,,14028.436,42193.949
Ti,I,354.9615,354.96062,2.0,,14105.634,42269.727
Ti,I,355.0696,355.06923,0.0,,20209.447,48364.925
Ti,I,355.0857,355.08531,1.0,,11531.761,39685.964
Ti,I,355.3869,355.38679,4.0,,11531.761,39662.081
Ti,I,355.6383,355.63758,2.0,,19937.855,48048.339
Ti,I,355.7524,355.75263,0.0,,20006.039,48107.432
Ti,I,355.8645,355.86443,0.0,,15877.081,43969.646
Ti,I,356.0795,356.07911,4.0,,11639.8109,39715.439
Ti,I,356.45326,356.45334,7.0,,11639.8109,39685.964
Ti,I,356.5031,356.50232,,,20006.039,48048.339
Ti,I,356.5714,356.57017,7.0,,15877.081,43914.045
Ti,I,357.0609,357.06089,5.0,,15877.081,43875.514
Ti,I,357.1182,357.11725,8.0,,15975.631,43969.646
Ti,I,357.42398,357.42395,14.0,,18287.554,46257.548
Ti,I,357.4666,357.46656,6.0,,15877.081,43843.741
Ti,I,357.8256,357.82525,10.0,,11776.812,39715.439
Ti,I,357.88439,357.88429,6.0,,16106.076,44040.0941
Ti,I,357.987,357.98674,6.0,,15975.631,43901.6548
Ti,I,358.4775,358.47738,8.0,,0.0,27887.803
Ti,I,358.731,358.73071,4.0,,15975.631,43843.741
Ti,I,358.76469,358.76469,7.0,,16106.076,43971.5467
Ti,I,358.78944,358.78916,6.0,,16106.076,43969.646
Ti,I,358.8123,358.81184,1.0,,8436.618,36298.427
Ti,I,358.8932,358.89308,6.0,,16267.48,44122.9818
Ti,I,358.9867,358.98653,3.0,,8492.422,36340.673
Ti,I,359.4524,359.45204,3.0,,8602.3441,36414.531
Ti,I,359.53191,359.53196,6.0,,8492.422,36298.427
Ti,I,359.6671,359.66682,6.0,,16106.076,43901.6548
Ti,I,359.81843,359.81859,8.0,,16267.48,44051.3351
Ti,I,359.8346,359.83429,1.0,,17423.856,45206.499
Ti,I,359.8713,359.87135,,,7255.355,35035.137
Ti,I,359.9647,359.96423,,,16267.48,44040.0941
Ti,I,360.1351,360.13484,,,15877.081,43636.5388
Ti,I,360.38444,360.38437,14.0,,0.0,27740.238
Ti,I,360.4101,360.40917,2.0,,8602.3441,36340.673
Ti,I,360.4184,360.4178,0.0,,16106.076,43843.741
Ti,I,360.42805,360.42799,13.0,,170.1328,27907.013
Ti,I,360.60351,360.60341,9.0,,15975.631,43699.0187
Ti,I,360.6351,360.63473,1.0,,17369.529,45090.509
Ti,I,360.67788,360.6778,13.0,,170.1328,27887.803
Ti,I,360.71211,360.71204,11.0,,15877.081,43592.1203
Ti,I,360.8145,360.8135,1.0,,19322.984,47030.23
Ti,I,360.8553,360.85491,,,16267.48,43971.5467
Ti,I,360.95911,360.95893,6.0,,8602.3441,36298.427
Ti,I,360.9811,360.98071,3.0,,17369.529,45063.941
Ti,I,361.01532,361.01527,,,7255.355,34947.116
Ti,I,361.22081,361.22104,,,16458.671,44134.658
Ti,I,361.22387,361.22401,,,16106.076,43781.8353
Ti,I,361.2818,361.28196,3.0,,17369.529,45040.849
Ti,I,361.3429,361.34291,,,17423.856,45090.509
Ti,I,361.3474,361.34737,,,17540.188,45206.499
Ti,I,361.35919,361.35926,10.0,,0.0,27665.401
Ti,I,361.37372,361.3735,8.0,,16458.671,44122.9818
Ti,I,361.41807,361.41796,11.0,,15975.631,43636.5388
Ti,I,361.6899,361.69024,3.0,,17423.856,45063.941
Ti,I,361.72062,361.72044,5.0,,17540.188,45177.966
Ti,I,361.7677,361.7676,2.0,,16267.48,43901.6548
Ti,I,361.94559,361.94553,10.0,,16267.48,43888.0708
Ti,I,361.99917,361.99928,7.0,,15975.631,43592.1203
Ti,I,362.1018,362.10207,,,19421.58,47030.23
Ti,I,362.2545,362.255,6.0,,17369.529,44966.527
Ti,I,362.30828,362.3082,13.0,,16106.076,43699.0187
Ti,I,362.60832,362.60833,14.0,,170.1328,27740.238
Ti,I,362.92565,362.92576,6.0,,11531.761,39077.753
Ti,I,362.9697,362.9695,2.0,,17423.856,44966.527
Ti,I,363.13057,363.13048,8.0,,16106.076,43636.5388
Ti,I,363.34318,363.34307,12.0,,16267.48,43781.8353
Ti,I,363.3633,363.36261,3.0,,16458.671,43971.5467
Ti,I,363.52054,363.52046,,,386.874,27887.803
Ti,I,363.54625,363.5462,,90900000.0,0.0,27498.982
Ti,I,363.7965,363.79646,,930000.0,0.0,27480.066
Ti,I,363.8486,363.84836,3.0,,11639.8109,39115.957
Ti,I,364.02813,364.02803,7.0,,18695.134,46157.719
Ti,I,364.2243,364.22288,3.0,,21588.495,49036.389
Ti,I,364.26739,364.26731,,89500000.0,170.1328,27614.679
Ti,I,364.43988,364.44004,9.0,,16267.48,43699.0187
Ti,I,364.46851,364.46846,12.0,,16458.671,43888.0708
Ti,I,364.6196,364.61962,,2600000.0,0.0,27418.029
Ti,I,364.67818,364.67855,6.0,,18593.947,46007.545
Ti,I,365.1873,365.18887,0.0,,11776.812,39152.103
Ti,I,365.2846,365.28439,6.0,,18525.059,45893.192
Ti,I,365.34949,365.34943,,86900000.0,386.874,27750.135
Ti,I,365.45899,365.45895,,8700000.0,0.0,27355.061
Ti,I,365.6996,365.69952,2.0,,18593.947,45931.013
Ti,I,365.7927,365.79192,,,18482.774,45812.935
Ti,I,365.80952,365.80948,,6420000.0,170.1328,27498.982
Ti,I,365.88535,365.88559,7.0,,16458.671,43781.8353
Ti,I,366.0298,366.02965,5.0,,18695.134,46007.545
Ti,I,366.06292,366.06286,,3000000.0,170.1328,27480.066
Ti,I,366.1711,366.17138,2.0,,18462.722,45764.562
Ti,I,366.2064,366.20619,3.0,,18593.947,45893.192
Ti,I,366.3596,366.35876,,,18525.059,45812.935
Ti,I,366.4394,366.44052,5.0,,18482.774,45764.562
Ti,I,366.8524,366.85166,2.0,,21588.495,48839.708
Ti,I,366.89634,366.89632,,5400000.0,170.1328,27418.029
Ti,I,367.0106,367.00937,7.0,,18525.059,45764.562
Ti,I,367.0578,367.05821,3.0,,18695.134,45931.013
Ti,I,367.16711,367.16706,,5060000.0,386.874,27614.679
Ti,I,367.4901,367.48996,3.0,,15877.081,43080.9622
Ti,I,367.77634,367.77639,8.0,,11776.812,38959.507
Ti,I,367.9134,367.91355,3.0,,15975.631,43148.1922
Ti,I,367.97491,367.97473,8.0,,11531.761,38699.805
Ti,I,368.12645,368.12638,9.0,,15877.081,43033.933
Ti,I,368.5202,368.51906,,,18593.947,45721.863
Ti,I,368.55843,368.55822,11.0,,11639.8109,38764.844
Ti,I,368.59522,368.59527,14.0,,11531.761,38654.068
Ti,I,368.67296,368.67313,11.0,,18061.387,45177.966
Ti,I,368.73396,368.73393,13.0,368000.0,386.874,27498.982
Ti,I,368.82614,368.82612,9.0,,15975.631,43080.9622
Ti,I,368.9406,368.94109,3.0,,16817.16,43914.045
Ti,I,368.96649,368.96646,7.0,,17995.487,45090.509
Ti,I,368.99142,368.99138,,4070000.0,386.874,27480.066
Ti,I,369.1071,369.10757,3.0,,8492.422,35577.086
Ti,I,369.44406,369.44408,15.0,,11639.8109,38699.805
Ti,I,369.4663,369.46648,7.0,,16817.16,43875.514
Ti,I,369.5721,369.57299,0.0,,8602.3441,35652.9
Ti,I,369.68869,369.68833,11.0,,16106.076,43148.1922
Ti,I,369.73274,369.73202,8.0,,16875.124,43914.045
Ti,I,369.81729,369.81738,11.0,,18145.286,45177.966
Ti,I,369.843,369.84157,8.0,,11639.8109,38670.723
Ti,I,369.8657,369.86511,,,15877.081,42906.2727
Ti,I,369.8657,369.86606,,,18061.387,45090.509
Ti,I,369.9334,369.93355,2.0,,20006.039,47030.23
Ti,I,370.0041,370.00418,13.0,,18192.57,45211.603
Ti,I,370.0928,370.09291,3.0,,11531.761,38544.316
Ti,I,370.1527,370.15253,10.0,,16961.442,43969.646
Ti,I,370.1819,370.18198,0.0,,19937.855,46943.911
Ti,I,370.2145,370.2137,2.0,,18037.213,45040.955
Ti,I,370.22899,370.2289,14.0,,8436.618,35439.251
Ti,I,370.2595,370.25966,5.0,,16875.124,43875.514
Ti,I,370.2983,370.29842,12.0,,12118.393,39115.957
Ti,I,370.42914,370.42921,14.0,,11776.812,38764.844
Ti,I,370.54695,370.54688,6.0,,18061.387,45040.849
Ti,I,370.74798,370.74787,,,17075.258,44040.0941
Ti,I,370.75271,370.75235,,,16267.48,43231.9903
Ti,I,370.75271,370.75293,,,18037.213,45001.681
Ti,I,370.8405,370.84013,1.0,,6742.756,33700.884
Ti,I,370.8636,370.86327,,,18141.265,45097.711
Ti,I,370.91627,370.91615,6.0,,16961.442,43914.045
Ti,I,370.99572,370.99563,15.0,,8492.422,35439.251
Ti,I,371.01782,371.01774,8.0,,18145.286,45090.509
Ti,I,371.0868,371.08674,5.0,,16961.442,43901.6548
Ti,I,371.37161,371.37161,9.0,,11531.761,38451.309
Ti,I,371.53683,371.53663,12.0,,17215.39,44122.9818
Ti,I,371.57908,371.57926,12.0,,11639.8109,38544.316
Ti,I,371.6459,371.64578,8.0,,18141.265,45040.955
Ti,I,371.6929,371.69278,7.0,,17075.258,43971.5467
Ti,I,371.7183,371.71905,,,17075.258,43969.646
Ti,I,371.72564,371.72564,,,11776.812,38670.723
Ti,I,371.73916,371.73912,,4300000.0,0.0,26892.936
Ti,I,371.8382,371.83825,6.0,,18037.213,44922.979
Ti,I,372.03791,372.03794,,,16458.671,43330.0066
Ti,I,372.1636,372.1634,,,13981.773,40844.05
Ti,I,372.2044,372.20523,2.0,,21469.488,48328.747
Ti,I,372.2249,372.22375,2.0,,6842.962,33700.884
Ti,I,372.25703,372.25696,,3400000.0,170.1328,27025.659
Ti,I,372.45689,372.45685,,91000000.0,12118.393,38959.507
Ti,I,372.51533,372.51524,14.0,73000000.0,8602.3441,35439.251
Ti,I,372.5284,372.52859,7.0,,17215.39,44051.3351
Ti,I,372.5581,372.55773,3.0,,22081.189,48915.035
Ti,I,372.6849,372.6847,5.0,,17215.39,44040.0941
Ti,I,372.705,372.70489,5.0,,7255.355,34078.606
Ti,I,372.8684,372.86827,7.0,,11639.8109,38451.309
Ti,I,372.98065,372.98065,,49300000.0,0.0,26803.42
Ti,I,373.077,373.07709,7.0,,18061.387,44857.879
Ti,I,373.3321,373.33248,5.0,,22081.189,48859.35
Ti,I,373.37733,373.37711,12.0,,16817.16,43592.1203
Ti,I,373.48091,373.48112,11.0,,11776.812,38544.316
Ti,I,373.56609,373.5661,12.0,,16875.124,43636.5388
Ti,I,373.6392,373.63952,5.0,,17215.39,43971.5467
Ti,I,373.89922,373.89917,13.0,,16961.442,43699.0187
Ti,I,374.0713,374.07096,,,7255.355,33980.653
Ti,I,374.10597,374.10588,,48100000.0,170.1328,26892.936
Ti,I,374.114,374.11349,1.0,,21739.707,48461.967
Ti,I,374.18727,374.18719,9.0,,16875.124,43592.1203
Ti,I,374.2495,374.24888,,,18145.286,44857.879
Ti,I,374.33323,374.33318,13.0,,17075.258,43781.8353
Ti,I,374.5829,374.58343,1.0,,13981.773,40670.509
Ti,I,374.77508,374.77496,9.0,,16961.442,43636.5388
Ti,I,374.80893,374.80891,,,17215.39,43888.0708
Ti,I,375.2063,375.20732,7.0,,20006.039,46650.398
Ti,I,375.2249,375.22487,5.0,,22081.189,48724.302
Ti,I,375.241,375.23952,3.0,,14028.436,40670.509
Ti,I,375.28588,375.28583,,58100000.0,386.874,27025.659
Ti,I,375.36332,375.3633,,8200000.0,170.1328,26803.42
Ti,I,375.4412,375.44207,11.0,,11531.761,38159.461
Ti,I,375.49776,375.49762,9.0,,17075.258,43699.0187
Ti,I,376.3082,376.30775,,,17215.39,43781.8353
Ti,I,376.33683,376.33673,7.0,,0.0,26564.4
Ti,I,376.5606,376.56063,6.0,,21469.488,48018.093
Ti,I,376.64415,376.64419,13.0,,8492.422,35035.137
Ti,I,376.9058,376.90518,1.0,,20126.062,46650.398
Ti,I,376.97212,376.97178,8.0,,11639.8109,38159.461
Ti,I,377.0414,377.04196,,,19322.984,45837.698
Ti,I,377.1047,377.1048,1.0,,22404.739,48915.035
Ti,I,377.1171,377.11707,6.0,,19421.58,45931.013
Ti,I,377.16511,377.16504,,6950000.0,386.874,26892.936
Ti,I,377.3319,377.33205,3.0,,0.0,26494.33
Ti,I,377.43248,377.43244,10.0,37200.0,170.1328,26657.416
Ti,I,377.7157,377.71575,5.0,,15156.802,41624.219
Ti,I,377.90337,377.90317,8.0,,19322.984,45777.275
Ti,I,378.03847,378.0384,8.0,,11531.761,37976.589
Ti,I,378.0495,378.0493,3.0,,21469.488,47913.55
Ti,I,378.21055,378.21053,12.0,,8602.3441,35035.137
Ti,I,378.2566,378.25625,0.0,,21588.495,48018.093
Ti,I,378.3236,378.3236,7.0,,7255.355,33680.248
Ti,I,378.44933,378.44927,8.0,,19421.58,45837.698
Ti,I,378.60425,378.60437,,140000000.0,7255.355,33660.652
Ti,I,378.6255,378.62546,,,15220.393,41624.219
Ti,I,378.673,378.67296,3.0,,7255.355,33655.869
Ti,I,378.7618,378.76259,8.0,,170.1328,26564.4
Ti,I,378.88001,378.87991,11.0,14400000.0,386.874,26772.968
Ti,I,378.9294,378.92939,14.0,,11776.812,38159.461
Ti,I,379.1546,379.15498,2.0,,21739.707,48106.659
Ti,I,379.2974,379.29758,10.0,,19573.974,45931.013
Ti,I,379.3678,379.36747,4.0,,18825.782,45177.966
Ti,I,379.4055,379.40571,5.0,,15108.111,41457.639
Ti,I,379.4742,379.4742,12.0,,8602.3441,34947.116
Ti,I,379.58934,379.58939,14.0,,11639.8109,37976.589
Ti,I,379.7708,379.7708,2.0,,170.1328,26494.33
Ti,I,379.83086,379.83078,13.0,,11531.761,37851.802
Ti,I,380.10805,380.10812,13.0,,15156.802,41457.639
Ti,I,380.11616,380.11613,2.0,,19421.58,45721.863
Ti,I,380.15549,380.15547,11.0,,20062.886,46360.447
Ti,I,380.1908,380.19098,7.0,,18911.394,45206.499
Ti,I,380.3416,380.34169,7.0,,18192.57,44477.256
Ti,I,380.50978,380.50988,9.0,,16875.124,43148.1922
Ti,I,380.5188,380.51941,5.0,,18818.099,45090.509
Ti,I,380.5462,380.54638,,,16961.442,43231.9903
Ti,I,380.5462,380.54647,,,386.874,26657.416
Ti,I,380.6043,380.60399,7.0,,18911.394,45177.966
Ti,I,380.6305,380.63073,5.0,,18825.782,45090.509
Ti,I,380.6442,380.64413,10.0,,16817.16,43080.9622
Ti,I,380.65857,380.65852,7.0,,16267.48,42530.2894
Ti,I,380.67022,380.67,8.0,,16106.076,42368.0934
Ti,I,380.71998,380.71995,10.0,,19573.974,45832.546
Ti,I,380.77549,380.77539,10.0,,17075.258,43330.0066
Ti,I,381.00198,381.00194,1.0,,15975.631,42214.7689
Ti,I,381.0156,381.0162,5.0,,18825.782,45063.941
Ti,I,381.0727,381.07314,,,18141.265,44375.5
Ti,I,381.14005,381.13995,13.0,,15108.111,41337.748
Ti,I,381.1617,381.16169,4.0,,18141.265,44369.406
Ti,I,381.2818,381.28171,5.0,,18037.213,44257.098
Ti,I,381.32691,381.32697,10.0,,16817.16,43033.933
Ti,I,381.3516,381.35178,4.0,,18825.782,45040.849
Ti,I,381.3877,381.38729,2.0,,11639.8109,37852.437
Ti,I,381.3936,381.39348,2.0,,11531.761,37743.962
Ti,I,381.48603,381.48609,53.0,,16875.124,43080.9622
Ti,I,381.76415,381.76416,80.0,,16961.442,43148.1922
Ti,I,381.81988,381.81987,99.0,,18192.57,44375.5
Ti,I,382.17214,382.17195,24.0,,16875.124,43033.933
Ti,I,382.20227,382.20229,120.0,,17075.258,43231.9903
Ti,I,382.28606,382.28607,20.0,,20209.447,46360.447
Ti,I,382.69685,382.69688,59.0,,11531.761,37654.69
Ti,I,382.74684,382.74682,38.0,,16961.442,43080.9622
Ti,I,382.76362,382.76349,58.0,,18037.213,44155.596
Ti,I,382.80098,382.80086,80.0,,18141.265,44257.098
Ti,I,382.81875,382.8187,200.0,,17215.39,43330.0066
Ti,I,382.90523,382.90555,4.0,,16106.076,42214.7689
Ti,I,382.97225,382.97218,86.0,,11639.8109,37743.962
Ti,I,383.16834,383.16829,7.0,,16875.124,42965.9148
Ti,I,383.2044,383.20437,14.0,,18145.286,44233.62
Ti,I,383.31841,383.31842,100.0,,19322.984,45403.556
Ti,I,383.36745,383.36748,120.0,,19421.58,45498.815
Ti,I,383.39116,383.39115,120.0,,11776.812,37852.437
Ti,I,383.43082,383.43072,42.0,,17075.258,43148.1922
Ti,I,383.67669,383.67689,150.0,,19573.974,45630.18
Ti,I,383.90022,383.89993,6.0,,12118.393,38159.461
Ti,I,384.03242,384.03223,27.0,,18825.782,44857.879
Ti,I,384.16217,384.16209,43.0,,11531.761,37555.058
Ti,I,384.23456,384.23478,11.0,,18061.387,44079.761
Ti,I,384.261,384.26098,31.0,,17215.39,43231.9903
Ti,I,384.28642,384.2864,5.0,,11639.8109,37654.69
Ti,I,384.31542,384.31572,11.0,,15975.631,41988.5259
Ti,I,384.50946,384.50937,35.0,,15975.631,41975.4249
Ti,I,384.64391,384.64391,160.0,,15877.081,41867.7812
Ti,I,384.77314,384.77307,9.0,,19421.58,45403.556
Ti,I,384.79894,384.79896,4.0,,17995.487,43975.715
Ti,I,384.83091,384.83073,71.0,,11639.8109,37617.894
Ti,I,385.29926,385.2994,55.0,,18911.394,44857.879
Ti,I,385.30465,385.30464,170.0,,15877.081,41823.213
Ti,I,385.3725,385.37253,290.0,60400000.0,15975.631,41917.1924
Ti,I,385.78967,385.78963,89.0,,11776.812,37690.327
Ti,I,385.81367,385.81369,340.0,63300000.0,16106.076,42017.9751
Ti,I,386.108,386.10797,69.0,,15975.631,41867.7812
Ti,I,386.28248,386.28255,200.0,,15877.081,41757.529
Ti,I,386.4483,386.44829,50.0,,16106.076,41975.4249
Ti,I,386.46811,386.46782,19.0,,18287.554,44155.596
Ti,I,386.60212,386.60198,36.0,,7255.355,33114.42
Ti,I,386.64394,386.64396,400.0,65900000.0,16267.48,42123.7378
Ti,I,386.77368,386.77374,120.0,,15975.631,41823.213
Ti,I,386.80054,386.80096,9.0,,11776.812,37622.575
Ti,I,386.8396,386.83965,330.0,71000000.0,15975.631,41818.8088
Ti,I,386.89599,386.89591,22.0,,19937.855,45777.275
Ti,I,386.92719,386.9272,150.0,,15877.081,41714.4115
Ti,I,386.96013,386.95998,57.0,,7255.355,33090.497
Ti,I,387.01203,387.01215,29.0,,20006.039,45837.698
Ti,I,387.32011,387.32018,240.0,50500000.0,16106.076,41917.1924
Ti,I,387.41255,387.41272,44.0,,20126.062,45931.013
Ti,I,387.52573,387.52612,430.0,,16106.076,41903.4757
Ti,I,387.7591,387.75913,68.0,,15975.631,41757.529
Ti,I,387.91937,387.91956,9.0,,20006.039,45777.275
Ti,I,387.93448,387.93452,13.0,,19322.984,45093.226
Ti,I,388.0629,388.06308,7.0,,16106.076,41867.7812
Ti,I,388.13955,388.13942,240.0,300000.0,170.1328,25926.771
Ti,I,388.21464,388.21462,480.0,73800000.0,16267.48,42019.1293
Ti,I,388.23204,388.23202,310.0,57500000.0,16267.48,42017.9751
Ti,I,388.2891,388.28916,900.0,149000000.0,16458.671,42205.377
Ti,I,388.40881,388.40872,30.0,,15975.631,41714.4115
Ti,I,388.73554,388.73561,13.0,,16106.076,41823.213
Ti,I,388.80218,388.8022,63.0,13300000.0,16106.076,41818.8088
Ti,I,388.81874,388.81879,9.0,,20126.062,45837.698
Ti,I,388.8752,388.87461,,,16267.48,41975.4249
Ti,I,388.99503,388.99503,290.0,510000.0,0.0,25699.987
Ti,I,389.36228,389.36234,16.0,,19421.58,45097.323
Ti,I,389.52426,389.52431,330.0,54100000.0,16458.671,42123.7378
Ti,I,389.73092,389.73105,25.0,,16106.076,41757.529
Ti,I,389.75749,389.75749,21.0,4010000.0,16267.48,41917.1924
Ti,I,389.84886,389.84886,200.0,377000.0,0.0,25643.701
Ti,I,389.96599,389.96604,78.0,,16267.48,41903.4757
Ti,I,389.97022,389.97016,28.0,,0.0,25635.725
Ti,I,390.09594,390.0959,1400.0,1470000.0,170.1328,25797.595
Ti,I,390.4784,390.47826,3500.0,,7255.355,32857.723
Ti,I,391.11849,391.11851,120.0,18300000.0,16458.671,42019.1293
Ti,I,391.13634,391.13617,15.0,2820000.0,16458.671,42017.9751
Ti,I,391.258,391.25826,2.0,4570000.0,16267.48,41818.8088
Ti,I,391.28962,391.28955,8.0,,22404.739,47954.025
Ti,I,391.43347,391.4334,3100.0,2300000.0,386.874,25926.771
Ti,I,391.47377,391.47342,180.0,830000.0,0.0,25537.286
Ti,I,391.58749,391.58738,78.0,,170.1328,25699.987
Ti,I,391.60947,391.60958,20.0,,19573.974,45102.381
Ti,I,391.98169,391.98156,84.0,,12118.393,37622.575
Ti,I,392.05359,392.05351,5.0,,12118.393,37617.894
Ti,I,392.14225,392.14222,1600.0,2480000.0,0.0,25493.733
Ti,I,392.45268,392.45264,3600.0,8100000.0,170.1328,25643.701
Ti,I,392.6318,392.6318,78.0,,20795.603,46257.548
Ti,I,392.8761,392.87557,,,18593.947,44040.0941
Ti,I,392.8967,392.89629,,,16458.671,41903.4757
Ti,I,392.9874,392.98737,3200.0,8510000.0,0.0,25438.908
Ti,I,393.02222,393.02202,17.0,,12118.393,37555.058
Ti,I,393.15866,393.15831,9.0,,18695.134,44122.9818
Ti,I,393.42336,393.4233,310.0,450000.0,386.874,25797.595
Ti,I,393.8,393.79983,,,18593.947,43980.372
Ti,I,394.77686,394.77683,5700.0,9600000.0,170.1328,25493.733
Ti,I,394.86708,394.86705,7000.0,56000000.0,0.0,25317.814
Ti,I,395.63343,395.63338,8000.0,34600000.0,170.1328,25438.908
Ti,I,395.82016,395.82055,8600.0,48800000.0,386.874,25643.701
Ti,I,396.28508,396.28507,2500.0,4710000.0,0.0,25227.222
Ti,I,396.42694,396.42687,2800.0,3640000.0,170.1328,25388.331
Ti,I,397.57073,397.57123,8.0,,16961.442,42107.0545
Ti,I,398.08102,398.08117,15.0,,16875.124,41988.5259
Ti,I,398.14496,398.14512,24.0,,17075.258,42184.6261
Ti,I,398.17616,398.17616,8800.0,44200000.0,0.0,25107.411
Ti,I,398.24806,398.24811,3400.0,4500000.0,0.0,25102.875
Ti,I,398.38254,398.38274,14.0,,17075.258,42169.6496
Ti,I,398.43145,398.43136,,,16961.442,42052.7717
Ti,I,398.43145,398.43208,,,20006.039,45097.323
Ti,I,398.5443,398.54433,30.0,,16817.16,41901.3771
Ti,I,398.55795,398.55796,44.0,,16875.124,41958.4833
Ti,I,398.95685,398.95642,33.0,,8602.3441,33660.652
Ti,I,398.97586,398.97582,8800.0,44800000.0,170.1328,25227.222
Ti,I,399.01363,399.0138,18.0,,16817.16,41871.8642
Ti,I,399.02195,399.02175,28.0,,16817.16,41871.365
Ti,I,399.37885,399.37897,11.0,,17075.258,42107.0545
Ti,I,399.46742,399.46743,55.0,,16875.124,41901.3771
Ti,I,399.6635,399.66339,17.0,,16961.442,41975.4249
Ti,I,399.86366,399.86363,10000.0,48100000.0,386.874,25388.331
Ti,I,399.8963,399.89687,,,17215.39,42214.7689
Ti,I,399.93424,399.93427,88.0,,16961.442,41958.4833
Ti,I,400.0043,400.00442,12.0,,16875.124,41867.7812
Ti,I,400.24681,400.24694,100.0,,17075.258,42052.7717
Ti,I,400.3797,400.37963,120.0,,17215.39,42184.6261
Ti,I,400.59599,400.596,68.0,13600000.0,16961.442,41917.1924
Ti,I,400.64616,400.64595,5.0,,17423.856,42376.495
Ti,I,400.71891,400.71902,34.0,,16875.124,41823.213
Ti,I,400.80533,400.80532,120.0,21900000.0,17075.258,42017.9751
Ti,I,400.89273,400.89274,3300.0,8070000.0,170.1328,25107.411
Ti,I,400.96565,400.96568,1200.0,1390000.0,170.1328,25102.875
Ti,I,401.27913,401.27911,32.0,,17075.258,41988.5259
Ti,I,401.3241,401.32496,,20000000.0,16961.442,41871.8642
Ti,I,401.35833,401.35838,160.0,27400000.0,17215.39,42123.7378
Ti,I,401.48991,401.48975,13.0,,17369.529,42269.727
Ti,I,401.53738,401.53726,150.0,,16817.16,41714.4115
Ti,I,401.62761,401.62739,74.0,,17215.39,42107.0545
Ti,I,401.69636,401.69608,26.0,,17423.856,42311.264
Ti,I,401.77674,401.77685,170.0,,16875.124,41757.529
Ti,I,402.11078,402.11031,5.0,,16961.442,41823.213
Ti,I,402.18151,402.18156,230.0,50000000.0,16961.442,41818.8088
Ti,I,402.36789,402.36765,12.0,,17423.856,42269.727
Ti,I,402.4307,402.43141,,1690000.0,17075.258,41917.1924
Ti,I,402.45709,402.45711,3600.0,6910000.0,386.874,25227.222
Ti,I,402.47414,402.47429,39.0,,16875.124,41714.4115
Ti,I,402.50762,402.5077,21.0,,17369.529,42206.755
Ti,I,402.52245,402.52259,25.0,,17540.188,42376.495
Ti,I,402.65374,402.65374,260.0,,17075.258,41903.4757
Ti,I,402.7149,402.71534,,,17369.529,42193.949
Ti,I,403.05111,403.05112,310.0,50800000.0,17215.39,42019.1293
Ti,I,403.0698,403.06988,8.0,1200000.0,17215.39,42017.9751
Ti,I,403.1755,403.17551,39.0,,16961.442,41757.529
Ti,I,403.39019,403.39006,61.0,,17423.856,42206.755
Ti,I,403.48905,403.48905,41.0,,17369.529,42146.348
Ti,I,403.58254,403.5826,130.0,,17540.188,42311.264
Ti,I,404.03166,404.03156,36.0,8070000.0,17075.258,41818.8088
Ti,I,404.37542,404.37573,21.0,,17423.856,42146.348
Ti,I,404.93935,404.93929,19.0,,17215.39,41903.4757
Ti,I,405.29214,405.29256,,,17540.188,42206.755
Ti,I,405.50112,405.50115,550.0,28000000.0,8436.618,33090.497
Ti,I,405.76189,405.76178,58.0,,18593.947,43231.9903
Ti,I,405.81404,405.81401,90.0,,18695.134,43330.0066
Ti,I,406.00753,406.00749,36.0,,18525.059,43148.1922
Ti,I,406.02621,406.02621,710.0,24000000.0,8492.422,33114.42
Ti,I,406.4144,406.41515,,,21469.488,46067.923
Ti,I,406.42097,406.4211,420.0,24000000.0,8492.422,33090.497
Ti,I,406.50952,406.50945,560.0,70000000.0,8492.422,33085.151
Ti,I,406.55858,406.55847,21.0,,17369.529,41959.293
Ti,I,406.81325,406.8134,34.0,,17369.529,41943.884
Ti,I,406.86489,406.86546,13.0,,18462.722,43033.933
Ti,I,406.89849,406.89861,31.0,,22081.189,46650.398
Ti,I,407.06769,407.06781,7.0,,17369.529,41928.526
Ti,I,407.1191,407.1191,22.0,,18525.059,43080.9622
Ti,I,407.14671,407.14659,26.0,,18593.947,43148.1922
Ti,I,407.43494,407.43513,22.0,,18695.134,43231.9903
Ti,I,407.63614,407.63611,120.0,,170.1328,24694.892
Ti,I,407.71481,407.71476,36.0,,17423.856,41943.884
Ti,I,407.84705,407.84703,1800.0,,8602.3441,33114.42
Ti,I,407.96978,407.9703,50.0,,17423.856,41928.526
Ti,I,408.2455,408.24548,650.0,,8602.3441,33090.497
Ti,I,409.9165,409.91635,100.0,,17540.188,41928.526
Ti,I,411.2708,411.27085,2100.0,882000.0,386.874,24694.892
Ti,I,412.003,412.00305,26.0,,18593.947,42858.7661
Ti,I,412.1635,412.16341,59.0,,8602.3441,32857.723
Ti,I,412.2143,412.21446,100.0,,21469.488,45721.863
Ti,I,412.3288,412.32864,67.0,,22404.739,46650.398
Ti,I,412.356,412.35599,110.0,,21588.495,45832.546
Ti,I,412.4036,412.40429,,,18482.774,42723.9855
Ti,I,412.5748,412.57454,7.0,,18145.286,42376.495
Ti,I,412.7531,412.75312,150.0,,21739.707,45960.432
Ti,I,413.1249,413.12494,44.0,,18525.059,42723.9855
Ti,I,413.6884,413.68822,26.0,,18145.286,42311.264
Ti,I,413.7284,413.72838,140.0,,18695.134,42858.7661
Ti,I,413.9837,413.98371,17.0,,18462.722,42611.451
Ti,I,414.2475,414.24722,12.0,,21588.495,45721.863
Ti,I,414.3042,414.30438,97.0,,18593.947,42723.9855
Ti,I,414.3276,414.32776,41.0,,18482.774,42611.451
Ti,I,414.5033,414.50342,12.0,,7255.355,31373.807
Ti,I,414.5985,414.59844,9.0,,25037.405,49150.329
Ti,I,414.9441,414.94408,17.0,,21739.707,45832.546
Ti,I,415.055,415.05515,39.0,,18525.059,42611.451
Ti,I,415.0799,415.07981,16.0,,18061.387,42146.348
Ti,I,415.0959,415.09584,220.0,,17540.188,41624.219
Ti,I,415.4849,415.48507,24.0,,18145.286,42206.755
Ti,I,415.9637,415.96371,150.0,,17423.856,41457.639
Ti,I,416.0186,416.01844,9.0,,25068.842,49099.463
Ti,I,416.0408,416.04084,8.0,,21469.488,45498.815
Ti,I,416.4132,416.4131,53.0,,15108.111,39115.957
Ti,I,416.6308,416.63081,70.0,,15156.802,39152.103
Ti,I,416.7688,416.7686,6.0,,25092.958,49080.327
Ti,I,416.9326,416.93265,96.0,,15220.393,39198.323
Ti,I,417.1017,417.10158,110.0,,17369.529,41337.748
Ti,I,417.2594,417.25937,8.0,,15156.802,39115.957
Ti,I,417.4072,417.40751,43.0,,7255.355,31206.007
Ti,I,417.4467,417.44682,39.0,,17995.487,41943.884
Ti,I,417.6967,417.69674,7.0,,21469.488,45403.556
Ti,I,417.738,417.7379,9.0,,15220.393,39152.103
Ti,I,417.987,417.98695,12.0,,17540.188,41457.639
Ti,I,418.0495,418.04916,16.0,,17423.856,41337.748
Ti,I,418.1119,418.11161,9.0,,21588.495,45498.815
Ti,I,418.3287,418.32881,43.0,,18061.387,41959.293
Ti,I,418.4589,418.45896,11.0,,21739.707,45630.18
Ti,I,418.5988,418.59872,14.0,,18061.387,41943.884
Ti,I,418.6118,418.61173,910.0,21000000.0,12118.393,36000.148
Ti,I,418.8683,418.86808,55.0,,18061.387,41928.526
Ti,I,420.0745,420.07447,69.0,,18145.286,41943.884
Ti,I,420.3459,420.34573,110.0,,18145.286,41928.526
Ti,I,421.172,421.17195,34.0,,20062.886,43799.471
Ti,I,422.4786,422.47841,66.0,,22404.739,46067.923
Ti,I,423.2358,423.23611,4.0,,18593.947,42214.7689
Ti,I,423.4649,423.46523,,,15156.802,38764.844
Ti,I,423.7584,423.75868,4.0,,15108.111,38699.805
Ti,I,423.777,423.77691,36.0,,18593.947,42184.6261
Ti,I,423.7887,423.78868,180.0,,20209.447,43799.471
Ti,I,424.5506,424.55049,21.0,,18037.213,41584.908
Ti,I,424.6111,424.61108,10.0,,19421.58,42965.9148
Ti,I,424.9112,424.91107,68.0,,18525.059,42052.7717
Ti,I,425.0572,425.05701,17.0,,18695.134,42214.7689
Ti,I,425.1602,425.1603,49.0,,15156.802,38670.723
Ti,I,425.1756,425.17501,,,18593.947,42107.0545
Ti,I,425.6026,425.60247,160.0,,18695.134,42184.6261
Ti,I,425.8525,425.85235,76.0,,18482.774,41958.4833
Ti,I,426.0746,426.07455,30.0,,18525.059,41988.5259
Ti,I,426.159,426.15886,120.0,,18593.947,42052.7717
Ti,I,426.3133,426.31324,750.0,,15220.393,38670.723
Ti,I,426.5259,426.52559,45.0,,18462.722,41901.3771
Ti,I,426.5703,426.57018,52.0,,15108.111,38544.316
Ti,I,426.5831,426.58266,15.0,,19573.974,43009.4937
Ti,I,426.6209,426.6208,58.0,31000000.0,18525.059,41958.4833
Ti,I,426.8916,426.89081,,,18482.774,41901.3771
Ti,I,427.0127,427.01266,110.0,,18695.134,42107.0545
Ti,I,427.2328,427.23257,13.0,,18911.394,42311.264
Ti,I,427.2424,427.24235,180.0,,6661.006,30060.34
Ti,I,427.3295,427.3292,36.0,,18593.947,41988.5259
Ti,I,427.4293,427.42948,5.0,,18482.774,41871.8642
Ti,I,427.4383,427.4386,40.0,,18482.774,41871.365
Ti,I,427.4588,427.45829,660.0,,15156.802,38544.316
Ti,I,427.5779,427.57787,10.0,,18825.782,42206.755
Ti,I,427.6427,427.64268,190.0,,13981.773,37359.203
Ti,I,427.6632,427.66302,59.0,,18525.059,41901.3771
Ti,I,427.822,427.82204,140.0,,20795.603,44163.232
Ti,I,427.8788,427.87867,57.0,,18593.947,41958.4833
Ti,I,428.0053,428.00505,27.0,,18695.134,42052.7717
Ti,I,428.1364,428.13674,280.0,3180000.0,6556.833,29907.286
Ti,I,428.1716,428.17082,,,19421.58,42770.1745
Ti,I,428.262,428.26176,53.0,,13981.773,37325.41
Ti,I,428.2699,428.26981,510.0,,15108.111,38451.309
Ti,I,428.4701,428.46987,17.0,,19573.974,42906.2727
Ti,I,428.4859,428.48668,8.0,,19322.984,42654.3674
Ti,I,428.4981,428.498,330.0,32000000.0,14028.436,37359.203
Ti,I,428.5442,428.54426,5.0,,18818.099,42146.348
Ti,I,428.6004,428.6004,2200.0,,6661.006,29986.199
Ti,I,428.7403,428.74027,2200.0,14600000.0,6742.756,30060.34
Ti,I,428.8146,428.81499,73.0,,6598.765,29912.286
Ti,I,428.8179,428.81839,98.0,,8492.422,31805.758
Ti,I,428.8368,428.83647,16.0,,18145.286,41457.639
Ti,I,428.907,428.90698,2300.0,30000000.0,6598.765,29907.286
Ti,I,428.9907,428.99087,83.0,,17540.188,40844.151
Ti,I,429.0929,429.09289,1900.0,45000000.0,6556.833,29855.255
Ti,I,429.1126,429.11257,190.0,,18287.554,41584.908
Ti,I,429.1195,429.11951,,,27750.135,51047.112
Ti,I,429.1195,429.11957,,,14028.436,37325.41
Ti,I,429.2668,429.26674,76.0,,8436.618,31725.605
Ti,I,429.5749,429.57493,1900.0,130000000.0,6556.833,29829.112
Ti,I,429.8666,429.86657,3200.0,,6598.765,29855.255
Ti,I,429.9203,429.92057,480.0,,14105.634,37359.203
Ti,I,429.9629,429.9629,740.0,,6661.006,29912.286
Ti,I,430.0489,430.04848,,,17423.856,40670.509
Ti,I,430.0554,430.05538,4400.0,,6661.006,29907.286
Ti,I,430.1079,430.10787,4900.0,,6742.756,29986.199
Ti,I,430.2979,430.29781,33.0,,8492.422,31725.605
Ti,I,430.3571,430.35716,6.0,,15877.081,39107.06
Ti,I,430.5463,430.54627,56.0,,14105.634,37325.41
Ti,I,430.5738,430.57423,,,18037.213,41255.481
Ti,I,430.5908,430.59074,6400.0,,6842.962,30060.34
Ti,I,430.6939,430.69344,23.0,,6556.833,29768.675
Ti,I,430.85,430.84988,170.0,,8602.3441,31805.758
Ti,I,430.9088,430.90812,42.0,,18141.265,41341.543
Ti,I,431.0359,431.03585,70.0,,8492.422,31685.825
Ti,I,431.1645,431.16446,54.0,,17369.529,40556.014
Ti,I,431.4035,431.40329,9.0,,15975.631,39149.28
Ti,I,431.4344,431.43434,200.0,,6742.756,29914.737
Ti,I,431.4729,431.4729,200.0,,6598.765,29768.675
Ti,I,431.48,431.47998,2100.0,,6742.756,29912.286
Ti,I,431.8629,431.86316,570.0,,18192.57,41341.543
Ti,I,432.1654,432.16522,330.0,,18037.213,41170.006
Ti,I,432.177,432.17709,15.0,,17423.856,40556.014
Ti,I,432.2114,432.21141,11.0,,17540.188,40670.509
Ti,I,432.3431,432.34338,98.0,,8602.3441,31725.605
Ti,I,432.5126,432.51256,470.0,,18141.265,41255.481
Ti,I,432.6235,432.62355,11.0,,16106.076,39214.362
Ti,I,432.6351,432.63511,380.0,,6661.006,29768.675
Ti,I,432.696,432.696,42.0,,6556.833,29661.25
Ti,I,433.4828,433.48256,49.0,,25037.405,48099.8996
Ti,I,433.8465,433.84683,,,17423.856,40466.987
Ti,I,433.9996,433.99948,16.0,,16267.48,39302.506
Ti,I,434.3777,434.37773,29.0,,17369.529,40384.497
Ti,I,434.6103,434.61021,180.0,,18037.213,41039.87
Ti,I,434.6605,434.66036,26.0,,17369.529,40369.532
Ti,I,435.4054,435.40553,,,17423.856,40384.497
Ti,I,435.4054,435.40644,,,25037.405,47997.9976
Ti,I,435.5283,435.52818,19.0,,16458.671,39412.846
Ti,I,436.0482,436.04824,130.0,,17540.188,40466.987
Ti,I,436.8934,436.89333,35.0,,18287.554,41170.006
Ti,I,437.2375,437.2373,55.0,,20062.886,42927.337
Ti,I,438.854,438.85421,21.0,,20126.062,42906.2727
Ti,I,439.1645,439.16412,10.0,,20006.039,42770.1745
Ti,I,439.3922,439.39226,570.0,33000000.0,18287.554,41039.87
Ti,I,439.4875,439.48738,160.0,,8436.618,31184.01
Ti,I,439.5465,439.54662,7.0,,15108.111,37852.437
Ti,I,439.7721,439.77134,,,20126.062,42858.7661
Ti,I,440.058,440.05812,17.0,,20209.447,42927.337
Ti,I,440.0841,440.0848,49.0,,19937.855,42654.3674
Ti,I,440.4275,440.42696,,,18145.286,40844.151
Ti,I,440.4389,440.43895,400.0,,8492.422,31190.669
Ti,I,440.4897,440.48964,180.0,,15156.802,37852.437
Ti,I,440.568,440.5682,130.0,,8492.422,31184.01
Ti,I,441.2422,441.24212,23.0,,7255.355,29912.286
Ti,I,441.4096,441.40972,9.0,,20006.039,42654.3674
Ti,I,441.4923,441.49191,20.0,,20126.062,42770.1745
Ti,I,441.5565,441.5566,21.0,,19573.974,42214.7689
Ti,I,441.6531,441.65304,150.0,,15108.111,37743.962
Ti,I,441.7274,441.72734,720.0,36000000.0,15220.393,37852.437
Ti,I,441.7444,441.74397,20.0,,19421.58,42052.7717
Ti,I,442.1451,442.14526,32.0,,19573.974,42184.6261
Ti,I,442.1752,442.17518,200.0,,18061.387,40670.509
Ti,I,442.282,442.28198,810.0,,8602.3441,31206.007
Ti,I,442.4385,442.43832,52.0,,19573.974,42169.6496
Ti,I,442.5824,442.5823,140.0,,8602.3441,31190.669
Ti,I,442.6055,442.60513,480.0,,15156.802,37743.962
Ti,I,442.7098,442.70976,2900.0,,12118.393,34700.215
Ti,I,443.0017,443.00159,47.0,,19421.58,41988.5259
Ti,I,443.0364,443.03614,,,25643.701,48208.887
Ti,I,443.0364,443.03638,,,11639.8109,34204.985
Ti,I,443.1276,443.12764,91.0,,17995.487,40556.014
Ti,I,443.2592,443.25893,42.0,,19421.58,41975.4249
Ti,I,443.3566,443.35652,55.0,,19322.984,41871.8642
Ti,I,443.3964,443.39654,210.0,,11531.761,34078.606
Ti,I,443.4017,443.40178,400.0,,15108.111,37654.69
Ti,I,443.4366,443.43682,26.0,,19322.984,41867.7812
Ti,I,443.6586,443.65865,140.0,,15156.802,37690.327
Ti,I,443.6675,443.6674,45.0,,19573.974,42107.0545
Ti,I,443.8221,443.82217,48.0,,18145.286,40670.509
Ti,I,444.0338,444.03426,,,15108.111,37622.575
Ti,I,444.1266,444.1266,120.0,6100000.0,15108.111,37617.894
Ti,I,444.4258,444.42584,53.0,,18061.387,40556.014
Ti,I,444.9143,444.91425,2200.0,97000000.0,15220.393,37690.327
Ti,I,444.9974,444.99665,18.0,,15156.802,37622.575
Ti,I,445.0894,445.08939,1600.0,96000000.0,15156.802,37617.894
Ti,I,445.3049,445.30367,,,19421.58,41871.8642
Ti,I,445.3313,445.33128,1400.0,59800000.0,11531.761,33980.653
Ti,I,445.3699,445.36987,1000.0,47000000.0,15108.111,37555.058
Ti,I,445.3851,445.38467,,,19421.58,41867.7812
Ti,I,445.5318,445.53168,1900.0,48000000.0,11639.8109,34078.606
Ti,I,445.7427,445.74268,2600.0,56000000.0,11776.812,34204.985
Ti,I,446.2088,446.20891,130.0,42800.0,0.0,22404.739
Ti,I,446.2746,446.27441,10.0,,19573.974,41975.4249
Ti,I,446.338,446.33807,210.0,,15156.802,37555.058
Ti,I,446.3533,446.35311,220.0,,15220.393,37617.894
Ti,I,446.5806,446.58054,610.0,32800000.0,14028.436,36414.531
Ti,I,447.1237,447.12372,640.0,,13981.773,36340.673
Ti,I,447.4852,447.48513,210.0,,11639.8109,33980.653
Ti,I,447.5171,447.51727,14.0,,16875.124,39214.362
Ti,I,447.5499,447.55032,,,17075.258,39412.846
Ti,I,447.6595,447.65991,9.0,,16817.16,39149.28
Ti,I,447.8401,447.84059,,,18061.387,40384.497
Ti,I,447.9701,447.97015,220.0,,13981.773,36298.427
Ti,I,448.0589,448.05884,120.0,,14028.436,36340.673
Ti,I,448.1259,448.12592,1200.0,57000000.0,14105.634,36414.531
Ti,I,448.1415,448.14102,,,18061.387,40369.532
Ti,I,448.2687,448.26865,220.0,,11776.812,34078.606
Ti,I,448.453,448.45449,2.0,,17369.529,39662.081
Ti,I,448.5076,448.50785,17.0,,16817.16,39107.06
Ti,I,448.8249,448.82487,22.0,,16875.124,39149.28
Ti,I,448.9088,448.90881,590.0,,14028.436,36298.427
Ti,I,449.0675,449.06777,11.0,,17423.856,39685.964
Ti,I,449.2532,449.25225,,,19937.855,42190.8217
Ti,I,449.2532,449.25319,,,16961.442,39214.362
Ti,I,449.5,449.49984,,,20126.062,42366.7719
Ti,I,449.6145,449.61448,610.0,44000000.0,14105.634,36340.673
Ti,I,449.6234,449.62323,250.0,110000.0,170.1328,22404.739
Ti,I,449.6766,449.67724,,,16875.124,39107.06
Ti,I,449.772,449.77208,50.0,,17075.258,39302.506
Ti,I,450.0593,450.05967,11.0,,25068.842,47281.887
Ti,I,450.3757,450.37574,81.0,,17215.39,39412.846
Ti,I,450.5487,450.54882,7.0,,25092.958,47281.887
Ti,I,450.5707,450.57098,11.0,,16961.442,39149.28
Ti,I,450.6321,450.63303,,,20006.039,42190.8217
Ti,I,450.8266,450.82673,14.0,,17540.188,39715.439
Ti,I,451.2733,451.27339,3000.0,9860000.0,6742.756,28896.059
Ti,I,451.3714,451.37152,24.0,,11531.761,33680.248
Ti,I,451.5614,451.5622,,,25797.595,47936.73
Ti,I,451.8022,451.8022,3700.0,17200000.0,6661.006,28788.38
Ti,I,451.8689,451.8689,380.0,6500000.0,11531.761,33655.869
Ti,I,451.9801,451.9801,4.0,,25068.842,47187.507
Ti,I,452.2797,452.2797,3500.0,19000000.0,6598.765,28702.778
Ti,I,452.4736,452.47344,14.0,,25092.958,47187.507
Ti,I,452.5935,452.59311,,,20126.062,42214.7689
Ti,I,452.6251,452.62571,8.0,,17215.39,39302.506
Ti,I,452.6371,452.63645,18.0,,12118.393,34204.985
Ti,I,452.7305,452.73041,2300.0,22000000.0,6556.833,28638.841
Ti,I,452.7469,452.74721,44.0,,0.0,22081.189
Ti,I,453.1603,453.16004,12.0,,11639.8109,33700.884
Ti,I,453.2118,453.21159,23.0,,20126.062,42184.6261
Ti,I,453.324,453.32394,9200.0,88300000.0,6842.962,28896.059
Ti,I,453.4776,453.47761,7900.0,68700000.0,6742.756,28788.38
Ti,I,453.5568,453.55686,6100.0,,6661.006,28702.778
Ti,I,453.5844,453.58433,320.0,,11639.8109,33680.248
Ti,I,453.5918,453.59176,4700.0,,6598.765,28638.841
Ti,I,453.604,453.60403,4000.0,,6556.833,28596.313
Ti,I,454.0494,454.04934,79.0,,386.874,22404.739
Ti,I,454.0865,454.08661,47.0,,11639.8109,33655.869
Ti,I,454.1,454.10012,16.0,,18287.554,40302.957
Ti,I,454.4687,454.46871,2300.0,33000000.0,6598.765,28596.313
Ti,I,454.7794,454.78009,,,20006.039,41988.5259
Ti,I,454.811,454.81101,40.0,8400000.0,20126.062,42107.0545
Ti,I,454.8763,454.87635,3400.0,28500000.0,6661.006,28638.841
Ti,I,455.2454,455.24533,3400.0,21000000.0,6742.756,28702.778
Ti,I,455.3398,455.33897,,,24694.892,46650.398
Ti,I,455.5069,455.50682,70.0,,19421.58,41368.996
Ti,I,455.5484,455.54829,2700.0,11600000.0,6842.962,28788.38
Ti,I,455.7854,455.78524,44.0,,19937.855,41871.8642
Ti,I,455.811,455.81127,,,18911.394,40844.151
Ti,I,455.9918,455.99183,260.0,,11776.812,33700.884
Ti,I,456.2626,456.26271,380.0,163000.0,170.1328,22081.189
Ti,I,456.3423,456.34234,120.0,21000000.0,19573.974,41481.207
Ti,I,456.4213,456.42145,32.0,,11776.812,33680.248
Ti,I,457.0902,457.09012,69.0,,19322.984,41194.378
Ti,I,457.2064,457.20654,9.0,,20006.039,41871.8642
Ti,I,458.6917,458.69184,6.0,,19573.974,41368.996
Ti,I,459.1603,459.16004,7.0,,19421.58,41194.378
Ti,I,461.429,461.42716,1.0,,19421.58,41087.404
Ti,I,461.7268,461.72689,2600.0,85100000.0,14105.634,35757.394
Ti,I,461.952,461.95209,49.0,,18825.782,40466.987
Ti,I,462.3097,462.30972,1500.0,57400000.0,14028.436,35652.9
Ti,I,462.9336,462.93379,620.0,,13981.773,35577.086
Ti,I,463.4742,463.47378,27.0,,18145.286,39715.439
Ti,I,463.5547,463.55448,38.0,,18818.099,40384.497
Ti,I,463.7869,463.78685,170.0,,18911.394,40466.987
Ti,I,463.9361,463.93628,940.0,,14028.436,35577.086
Ti,I,463.9661,463.96608,790.0,,14105.634,35652.9
Ti,I,463.994,463.99388,760.0,66400000.0,13981.773,35527.748
Ti,I,464.0415,464.0418,49.0,50000000.0,18825.782,40369.532
Ti,I,464.5189,464.5188,340.0,85700000.0,13981.773,35503.399
Ti,I,465.001,465.00097,270.0,26000000.0,14028.436,35527.748
Ti,I,465.5686,465.56853,63.0,,18911.394,40384.497
Ti,I,465.6043,465.60433,110.0,9300000.0,14105.634,35577.086
Ti,I,465.6468,465.64693,8400.0,2290000.0,0.0,21469.488
Ti,I,466.7584,466.75845,10000.0,2510000.0,170.1328,21588.495
Ti,I,466.8345,466.83469,26.0,,8492.422,29907.286
Ti,I,467.5116,467.51167,200.0,1850000.0,8602.3441,29986.199
Ti,I,467.6528,467.6524,8.0,,21588.495,42965.9148
Ti,I,467.6951,467.69526,8.0,,20209.447,41584.908
Ti,I,467.7485,467.74843,21.0,,24694.892,46067.923
Ti,I,467.9706,467.97173,,,8492.422,29855.255
Ti,I,468.1399,468.1402,15.0,,20126.062,41481.207
Ti,I,468.1908,468.19089,13000.0,2710000.0,386.874,21739.707
Ti,I,468.4507,468.45076,24.0,,17423.856,38764.844
Ti,I,468.686,468.68674,25.0,,25699.987,47030.23
Ti,I,468.695,468.69494,39.0,,22081.189,43411.059
Ti,I,468.7815,468.78083,9.0,,11531.761,32857.723
Ti,I,469.0795,469.07929,76.0,440000.0,8602.3441,29914.737
Ti,I,469.1332,469.13325,750.0,,8602.3441,29912.286
Ti,I,469.2431,469.24335,12.0,,8602.3441,29907.286
Ti,I,469.3664,469.36643,330.0,85000.0,170.1328,21469.488
Ti,I,469.6931,469.69316,70.0,,17369.529,38654.068
Ti,I,469.876,469.87609,590.0,,8492.422,29768.675
Ti,I,469.8829,469.8828,110.0,,17423.856,38699.805
Ti,I,470.019,470.01894,11.0,,21739.707,43009.4937
Ti,I,470.3122,470.31222,9.0,,19937.855,41194.378
Ti,I,470.8952,470.8951,18.0,,17423.856,38654.068
Ti,I,471.0186,471.01837,490.0,,17540.188,38764.844
Ti,I,471.1679,471.16808,7.0,,11639.8109,32857.723
Ti,I,471.5299,471.53012,300.0,69000.0,386.874,21588.495
Ti,I,472.2606,472.26059,220.0,4700000.0,8492.422,29661.25
Ti,I,472.3162,472.31631,210.0,,8602.3441,29768.675
Ti,I,472.4662,472.46617,15.0,,17540.188,38699.805
Ti,I,473.1165,473.11644,160.0,,17540.188,38670.723
Ti,I,473.3421,473.34213,100.0,,17423.856,38544.316
Ti,I,473.467,473.467,61.0,,18037.213,39152.103
Ti,I,474.2108,474.21061,54.0,,17369.529,38451.309
Ti,I,474.22953,474.23016,,3200000.0,11776.812,32857.723
Ti,I,474.2789,474.27892,870.0,53000000.0,18037.213,39115.957
Ti,I,474.7261,474.72571,17.0,,8602.3441,29661.25
Ti,I,474.7673,474.76737,76.0,,18141.265,39198.323
Ti,I,475.438,475.43581,1.0,,17423.856,38451.309
Ti,I,475.8118,475.81178,1600.0,71300000.0,18141.265,39152.103
Ti,I,475.89,475.89013,100.0,180000.0,6742.756,27750.135
Ti,I,475.9269,475.92697,1800.0,74000000.0,18192.57,39198.323
Ti,I,476.6318,476.63177,79.0,,18141.265,39115.957
Ti,I,476.9767,476.9765,81.0,,18192.57,39152.103
Ti,I,477.1096,477.1099,61.0,140000.0,6661.006,27614.679
Ti,I,477.8255,477.82547,240.0,20000000.0,18037.213,38959.507
Ti,I,478.1711,478.17106,170.0,290000.0,6842.962,27750.135
Ti,I,478.3306,478.33021,17.0,62000.0,6598.765,27498.982
Ti,I,478.7634,478.76352,13.0,,6598.765,27480.066
Ti,I,478.9788,478.97864,25.0,45000.0,6742.756,27614.679
Ti,I,479.148,479.14792,15.0,,18287.554,39152.103
Ti,I,479.2251,479.22494,12.0,,6556.833,27418.029
Ti,I,479.2483,479.24823,280.0,,18825.782,39685.964
Ti,I,479.6211,479.62071,120.0,,18818.099,39662.081
Ti,I,479.7975,479.79757,94.0,,18825.782,39662.081
Ti,I,479.9795,479.97946,480.0,,18287.554,39115.957
Ti,I,480.1908,480.19016,24.0,,6598.765,27418.029
Ti,I,480.1954,480.19486,17.0,,6661.006,27480.066
Ti,I,480.5415,480.54144,510.0,58000000.0,18911.394,39715.439
Ti,I,480.6758,480.67584,25.0,,6556.833,27355.061
Ti,I,480.8526,480.85261,120.0,,21739.707,42530.2894
Ti,I,481.1065,481.10679,75.0,,21588.495,42368.0934
Ti,I,481.2229,481.22324,95.0,,18911.394,39685.964
Ti,I,481.2892,481.28934,7.0,11000.0,6842.962,27614.679
Ti,I,481.6469,481.64692,,,6598.765,27355.061
Ti,I,481.9028,481.90267,43.0,,21469.488,42214.7689
Ti,I,482.041,482.04094,980.0,14900000.0,12118.393,32857.723
Ti,I,482.1272,482.12754,,,17423.856,38159.461
Ti,I,482.5439,482.54394,50.0,,18695.134,39412.846
Ti,I,482.6044,482.6039,10.0,,21469.488,42184.6261
Ti,I,482.7572,482.75722,35.0,,18593.947,39302.506
Ti,I,483.2068,483.20654,23.0,,18525.059,39214.362
Ti,I,483.6122,483.6121,140.0,,18287.554,38959.507
Ti,I,483.7396,483.73957,14.0,,18482.774,39149.28
Ti,I,483.9253,483.92514,25.0,,17995.487,38654.068
Ti,I,484.0873,484.08737,6600.0,17600000.0,7255.355,27907.013
Ti,I,484.2599,484.25902,,,18462.722,39107.06
Ti,I,484.3975,484.39793,38.0,,18061.387,38699.805
Ti,I,484.4855,484.48511,5.0,,20209.447,40844.151
Ti,I,484.6333,484.63349,19.0,,21739.707,42368.0934
Ti,I,484.6828,484.68313,12.0,,21588.495,42214.7689
Ti,I,484.7303,484.72985,,,18482.774,39107.06
Ti,I,484.7303,484.73137,,,18525.059,39149.28
Ti,I,484.8207,484.82085,10.0,,18593.947,39214.362
Ti,I,484.8409,484.841,64.0,,18145.286,38764.844
Ti,I,484.8477,484.8477,130.0,,17540.188,38159.461
Ti,I,485.1274,485.12771,6.0,,18695.134,39302.506
Ti,I,485.1359,485.13505,12.0,,17369.529,37976.589
Ti,I,485.4737,485.47381,27.0,,18061.387,38654.068
Ti,I,485.601,485.60103,2200.0,52000000.0,18192.57,38779.856
Ti,I,485.7457,485.7457,24.0,,21588.495,42169.6496
Ti,I,486.3753,486.37516,34.0,,18145.286,38699.805
Ti,I,486.4175,486.41743,81.0,,17423.856,37976.589
Ti,I,486.8142,486.8144,,15600000.0,26910.709,47446.684
Ti,I,486.8259,486.82596,1300.0,,18037.213,38572.699
Ti,I,487.0127,487.01246,1900.0,,18141.265,38668.887
Ti,I,487.4594,487.45985,,,18145.286,38654.068
Ti,I,487.4872,487.48747,11.0,10300000.0,26772.968,47280.588
Ti,I,487.5269,487.52748,,,21469.488,41975.4249
Ti,I,488.0285,488.02856,37.0,,7255.355,27740.238
Ti,I,488.0907,488.09075,61.0,,17369.529,37851.802
Ti,I,488.2324,488.23272,79.0,,18192.57,38668.887
Ti,I,488.2629,488.26265,7.0,,21739.707,42214.7689
Ti,I,488.4819,488.4829,9.0,,26564.4,47030.23
Ti,I,488.5081,488.50794,3700.0,49000000.0,15220.393,35685.174
Ti,I,488.5973,488.59674,14.0,,20209.447,40670.509
Ti,I,488.8713,488.87105,6.0,13400000.0,26494.33,46943.911
Ti,I,488.9825,488.98253,7.0,,21739.707,42184.6261
Ti,I,489.0995,489.09935,19.0,,18825.782,39265.818
Ti,I,489.1855,489.18634,18.0,,17540.188,37976.589
Ti,I,489.3052,489.30527,76.0,,18141.265,38572.699
Ti,I,489.3409,489.34099,43.0,,21739.707,42169.6496
Ti,I,489.3891,489.38882,12.0,,17423.856,37851.802
Ti,I,489.9909,489.99088,3200.0,,15156.802,35559.648
Ti,I,490.0026,490.00216,,,21469.488,41871.8642
Ti,I,490.0584,490.0585,20.0,,21588.495,41988.5259
Ti,I,490.0997,490.10025,16.0,,21469.488,41867.7812
Ti,I,490.3737,490.37342,28.0,,21588.495,41975.4249
Ti,I,490.8449,490.8449,22.0,,21739.707,42107.0545
Ti,I,490.9098,490.90985,76.0,,6661.006,27025.659
Ti,I,491.3615,491.36134,2500.0,44400000.0,15108.111,35454.052
Ti,I,491.523,491.52287,200.0,2400000.0,15220.393,35559.648
Ti,I,491.7781,491.77814,,1470000.0,21588.495,41917.1924
Ti,I,491.9861,491.98607,630.0,,17423.856,37743.962
Ti,I,492.1765,492.17638,860.0,,17540.188,37852.437
Ti,I,492.54,492.54008,200.0,,15156.802,35454.052
Ti,I,492.6151,492.61481,120.0,265000.0,6598.765,26892.936
Ti,I,492.8337,492.83362,,62000000.0,17369.529,37654.69
Ti,I,492.8337,492.83401,,,18287.554,38572.699
Ti,I,492.8878,492.88848,,,6742.756,27025.659
Ti,I,493.7727,493.77258,140.0,,6556.833,26803.42
Ti,I,493.8036,493.80424,7.0,178000.0,16106.076,36351.365
Ti,I,493.8291,493.82917,500.0,,20795.603,41039.87
Ti,I,494.0969,494.09689,14.0,398000.0,15975.631,36208.929
Ti,I,494.1306,494.1303,28.0,,6661.006,26892.936
Ti,I,494.1569,494.15707,96.0,5300000.0,17423.856,37654.69
Ti,I,494.3066,494.30668,24.0,,7255.355,27480.066
Ti,I,494.4351,494.43503,,530000.0,15877.081,36096.542
Ti,I,494.4351,494.43552,,,19421.58,39641.021
Ti,I,494.6186,494.61879,6.0,,19573.974,39785.923
Ti,I,494.797,494.79735,35.0,,6598.765,26803.42
Ti,I,494.8188,494.81893,88.0,,17540.188,37743.962
Ti,I,495.8277,495.82759,83.0,,7255.355,27418.029
Ti,I,496.4716,496.4717,150.0,8170000.0,15877.081,36013.597
Ti,I,496.6028,496.60275,29.0,,17423.856,37555.058
Ti,I,496.7299,496.72958,25.0,,0.0,20126.062
Ti,I,496.8568,496.85675,220.0,8920000.0,15975.631,36096.542
Ti,I,497.0156,497.01506,4.0,,17540.188,37654.69
Ti,I,497.3029,497.30307,230.0,7320000.0,16106.076,36208.929
Ti,I,497.5342,497.53431,620.0,,20209.447,40302.957
Ti,I,497.7728,497.77275,150.0,4410000.0,16267.48,36351.365
Ti,I,497.8187,497.81878,510.0,,15877.081,35959.109
Ti,I,497.9257,497.92594,19.0,,17540.188,37617.894
Ti,I,498.1731,498.17305,14000.0,66000000.0,6842.962,26910.709
Ti,I,498.9134,498.91346,660.0,37000000.0,15975.631,36013.597
Ti,I,499.1067,499.1066,13000.0,58400000.0,6742.756,26772.968
Ti,I,499.5066,499.50653,43.0,,18145.286,38159.461
Ti,I,499.7093,499.70967,1700.0,469000.0,0.0,20006.039
Ti,I,499.7726,499.77185,,,25037.405,45040.955
Ti,I,499.9502,499.9503,12000.0,52700000.0,6661.006,26657.416
Ti,I,500.0988,500.09896,910.0,36500000.0,16106.076,36096.542
Ti,I,500.2155,500.21534,6.0,,25107.411,45093.226
Ti,I,500.7206,500.72093,10000.0,49200000.0,6598.765,26564.4
Ti,I,500.9645,500.96447,,241000.0,170.1328,20126.062
Ti,I,500.9645,500.96568,,,17369.529,37325.41
Ti,I,501.3282,501.32824,1200.0,38600000.0,16267.48,36208.929
Ti,I,501.4186,501.41861,11000.0,5080000.0,0.0,19937.855
Ti,I,501.4275,501.42762,8700.0,68000000.0,6556.833,26494.33
Ti,I,501.6161,501.61609,3800.0,6430000.0,6842.962,26772.968
Ti,I,501.9889,501.98897,24.0,,18061.387,37976.589
Ti,I,502.0025,502.00263,5100.0,11300000.0,6742.756,26657.416
Ti,I,502.2866,502.28679,4800.0,13900000.0,6661.006,26564.4
Ti,I,502.3334,502.33323,26.0,,17423.856,37325.41
Ti,I,502.4844,502.48444,3500.0,13200000.0,6598.765,26494.33
Ti,I,502.557,502.55696,1400.0,42600000.0,16458.671,36351.365
Ti,I,503.1282,503.1284,13.0,,25227.222,45097.323
Ti,I,503.4767,503.47772,6.0,,17995.487,37851.802
Ti,I,503.5336,503.53295,,,25068.842,44922.979
Ti,I,503.5903,503.5903,4900.0,,11776.812,31628.688
Ti,I,503.6464,503.64639,4000.0,39400000.0,11639.8109,31489.476
Ti,I,503.8397,503.83979,3300.0,38700000.0,11531.761,31373.807
Ti,I,503.9955,503.99574,14000.0,4490000.0,170.1328,20006.039
Ti,I,504.0611,504.06136,250.0,857000.0,6661.006,26494.33
Ti,I,504.3582,504.35838,320.0,693000.0,6742.756,26564.4
Ti,I,504.4251,504.42529,12.0,,17540.188,37359.203
Ti,I,504.5415,504.5414,170.0,292000.0,6842.962,26657.416
Ti,I,504.8209,504.8215,57.0,,17369.529,37172.989
Ti,I,505.2869,505.28685,410.0,,17540.188,37325.41
Ti,I,505.4075,505.40745,79.0,,21588.495,41368.996
Ti,I,506.2101,506.21021,310.0,29800000.0,17423.856,37172.989
Ti,I,506.4056,506.40594,110.0,13000000.0,21739.707,41481.207
Ti,I,506.4652,506.46526,17000.0,4370000.0,386.874,20126.062
Ti,I,506.5988,506.59851,300.0,,11639.8109,31373.807
Ti,I,506.8324,506.83238,76.0,,21469.488,41194.378
Ti,I,506.9354,506.93534,130.0,,17369.529,37090.413
Ti,I,507.1115,507.11107,16.0,,25388.331,45102.381
Ti,I,507.1467,507.14673,330.0,2490000.0,11776.812,31489.476
Ti,I,508.138,508.13705,5.0,,11531.761,31206.007
Ti,I,508.5333,508.53351,200.0,,11531.761,31190.669
Ti,I,508.706,508.70582,930.0,14000000.0,11531.761,31184.01
Ti,I,509.0851,509.0858,,,7255.355,26892.936
Ti,I,509.5962,509.59611,6.0,,21469.488,41087.404
Ti,I,509.8372,509.83697,18.0,,25493.733,45102.381
Ti,I,509.9689,509.96852,4.0,,25493.733,45097.323
Ti,I,510.1403,510.14014,7.0,,11776.812,31373.807
Ti,I,510.3125,510.3125,43.0,,22081.189,41671.567
Ti,I,510.5648,510.56518,2.0,,18037.213,37617.894
Ti,I,510.9431,510.94316,220.0,,11639.8109,31206.007
Ti,I,511.1044,511.10405,19.0,,25537.286,45097.323
Ti,I,511.2112,511.21112,5.0,,25537.286,45093.226
Ti,I,511.344,511.34401,1400.0,8410000.0,11639.8109,31190.669
Ti,I,511.3909,511.39099,3.0,,18141.265,37690.327
Ti,I,512.0415,512.0415,1500.0,,20795.603,40319.829
Ti,I,512.1959,512.19651,,,25574.908,45093.226
Ti,I,512.2082,512.20892,35.0,,18037.213,37555.058
Ti,I,512.4072,512.40714,30.0,,12118.393,31628.688
Ti,I,512.7061,512.70635,21.0,,21588.495,41087.404
Ti,I,512.7369,512.73664,55.0,,18192.57,37690.327
Ti,I,513.2929,513.29286,44.0,,18141.265,37617.894
Ti,I,514.546,514.54602,2000.0,9600000.0,11776.812,31206.007
Ti,I,514.7477,514.74777,2300.0,458000.0,0.0,19421.58
Ti,I,515.2184,515.21835,2000.0,351000.0,170.1328,19573.974
Ti,I,517.0521,517.05222,24.0,,18287.554,37622.575
Ti,I,517.374,517.37431,15000.0,4230000.0,0.0,19322.984
Ti,I,517.8649,517.86517,36.0,,8602.3441,27907.013
Ti,I,518.3177,518.31791,29.0,,22081.189,41368.996
Ti,I,518.3809,518.38102,75.0,,8602.3441,27887.803
Ti,I,518.6328,518.63252,120.0,3790000.0,17075.258,36351.365
Ti,I,518.7886,518.79063,,,26494.33,45764.562
Ti,I,518.8832,518.8823,15.0,,22404.739,41671.567
Ti,I,518.9578,518.95785,46.0,,18061.387,37325.41
Ti,I,519.2969,519.29686,17000.0,3860000.0,170.1328,19421.58
Ti,I,519.3875,519.38805,,,18911.394,38159.461
Ti,I,519.3954,519.39483,19.0,,8492.422,27740.238
Ti,I,519.4034,519.4037,180.0,6180000.0,16961.442,36208.929
Ti,I,520.1081,520.10815,170.0,7670000.0,16875.124,36096.542
Ti,I,520.3117,520.3112,8.0,,18145.286,37359.203
Ti,I,520.6085,520.60885,200.0,,20062.886,39265.818
Ti,I,520.7849,520.785,110.0,7080000.0,16817.16,36013.597
Ti,I,521.0384,521.03843,21000.0,3890000.0,386.874,19573.974
Ti,I,521.1215,521.12222,,310000.0,6742.756,25926.771
Ti,I,521.228,521.22794,100.0,,18145.286,37325.41
Ti,I,521.2993,521.2992,45.0,,17995.487,37172.989
Ti,I,521.8085,521.80838,35.0,,19322.984,38481.773
Ti,I,521.9629,521.96337,6.0,,19322.984,38476.084
Ti,I,521.9699,521.97015,1100.0,271000.0,170.1328,19322.984
Ti,I,522.0259,522.02587,11.0,,18825.782,37976.589
Ti,I,522.2673,522.26744,210.0,19500000.0,16817.16,35959.109
Ti,I,522.3621,522.3623,260.0,15900000.0,16875.124,36013.597
Ti,I,522.4134,522.41372,68.0,,6661.006,25797.595
Ti,I,522.4305,522.43049,950.0,30000000.0,17215.39,36351.365
Ti,I,522.4544,522.45438,380.0,18200000.0,16961.442,36096.542
Ti,I,522.4933,522.4934,630.0,23000000.0,17075.258,36208.929
Ti,I,522.719,522.71734,2.0,,17075.258,36200.732
Ti,I,523.0972,523.09675,40.0,,18061.387,37172.989
Ti,I,523.3808,523.38101,60.0,,6598.765,25699.987
Ti,I,523.7537,523.75415,13.0,,12118.393,31206.007
Ti,I,523.8522,523.85375,,,16875.124,35959.109
Ti,I,523.8574,523.85858,290.0,,6842.962,25926.771
Ti,I,523.9937,523.99359,37.0,,6556.833,25635.725
Ti,I,524.3702,524.37005,7.0,,18911.394,37976.589
Ti,I,524.6127,524.61286,47.0,,20209.447,39265.818
Ti,I,524.635,524.63532,22.0,,6556.833,25612.388
Ti,I,524.6486,524.64964,,,19421.58,38476.615
Ti,I,524.6546,524.65504,170.0,,6742.756,25797.595
Ti,I,524.6643,524.66426,53.0,,19421.58,38476.084
Ti,I,524.7288,524.72895,160.0,11100000.0,16961.442,36013.597
Ti,I,524.8386,524.83837,23.0,,15156.802,34204.985
Ti,I,525.0924,525.09204,110.0,,6661.006,25699.987
Ti,I,525.1478,525.14778,72.0,,6598.765,25635.725
Ti,I,525.2099,525.20997,790.0,142000.0,386.874,19421.58
Ti,I,525.2378,525.23765,3.0,,18818.099,37851.802
Ti,I,525.3665,525.36674,23.0,,18061.387,37090.413
Ti,I,525.403,525.40327,5.0,,18145.286,37172.989
Ti,I,525.4495,525.44975,6.0,,18825.782,37851.802
Ti,I,525.5806,525.58058,180.0,8520000.0,17075.258,36096.542
Ti,I,525.6696,525.66926,19.0,,6556.833,25574.908
Ti,I,525.758,525.75795,43.0,,20062.886,39077.753
Ti,I,525.9973,525.99729,110.0,23000000.0,22081.189,41087.404
Ti,I,526.3483,526.34833,130.0,4950000.0,17215.39,36208.929
Ti,I,526.5963,526.59639,450.0,,15220.393,34204.985
Ti,I,,526.64902,0.0,2800.0,6661.006,25643.701
Ti,I,526.7109,526.71123,2.0,,6556.833,25537.286
Ti,I,526.8332,526.83347,6.0,,30060.34,49036.389
Ti,I,526.9879,526.98771,23.0,,15108.111,34078.606
Ti,I,527.1609,527.16106,40.0,,22404.739,41368.996
Ti,I,527.8768,527.87744,2.0,,6598.765,25537.286
Ti,I,528.2374,528.23764,300.0,2400000.0,8492.422,27418.029
Ti,I,528.3437,528.34381,350.0,,15156.802,34078.606
Ti,I,528.4374,528.43768,130.0,,8436.618,27355.061
Ti,I,528.8794,528.87944,70.0,,19573.974,38476.615
Ti,I,528.9267,528.9269,33.0,48000.0,6742.756,25643.701
Ti,I,529.0471,529.04746,4.0,,8602.3441,27498.982
Ti,I,529.5775,529.57758,460.0,791000.0,8602.3441,27480.066
Ti,I,529.7233,529.72294,260.0,,15108.111,33980.653
Ti,I,529.8418,529.84186,210.0,,20209.447,39077.753
Ti,I,530.001,530.00105,96.0,2700000.0,8492.422,27355.061
Ti,I,531.3236,531.32367,78.0,,8602.3441,27418.029
Ti,I,532.3925,532.39275,25.0,35000.0,6661.006,25438.908
Ti,I,532.8735,532.87294,5.0,780000.0,6556.833,25317.814
Ti,I,533.1078,533.10777,7.0,,8602.3441,27355.061
Ti,I,533.8305,533.83061,31.0,350000.0,6661.006,25388.331
Ti,I,534.0663,534.06662,12.0,52000.0,6598.765,25317.814
Ti,I,534.1487,534.14886,36.0,,24694.892,43411.059
Ti,I,534.4394,534.43953,10.0,,27907.013,46613.001
Ti,I,535.1067,535.10672,160.0,34000000.0,22404.739,41087.404
Ti,I,536.1712,536.17117,18.0,23000.0,6742.756,25388.331
Ti,I,536.6637,536.66387,50.0,86400.0,6598.765,25227.222
Ti,I,537.3151,537.31511,2.0,,26892.936,45498.815
Ti,I,537.3543,537.35434,4.0,,27025.659,45630.18
Ti,I,537.481,537.48102,2.0,,26803.42,45403.556
Ti,I,537.6599,537.65992,19.0,,0.0,18593.947
Ti,I,538.291,538.29132,23.0,,15108.111,33680.248
Ti,I,538.4629,538.46299,26.0,40000.0,6661.006,25227.222
Ti,I,538.9164,538.9156,,,28896.059,47446.684
Ti,I,538.9164,538.91692,,330000.0,6556.833,25107.411
Ti,I,538.9988,538.99886,170.0,,15108.111,33655.869
Ti,I,539.0494,539.04873,11.0,,6556.833,25102.875
Ti,I,539.1058,539.1057,24.0,,15156.802,33700.884
Ti,I,539.4159,539.41582,6.0,,18825.782,37359.203
Ti,I,539.6596,539.65931,89.0,,0.0,18525.059
Ti,I,539.7062,539.7063,270.0,,15156.802,33680.248
Ti,I,540.138,540.13787,20.0,59000.0,6598.765,25107.411
Ti,I,540.2705,540.27028,5.0,,6598.765,25102.875
Ti,I,540.4014,540.40117,50.0,,18825.782,37325.41
Ti,I,540.6185,540.61801,7.0,11700000.0,28788.38,47280.588
Ti,I,540.894,540.89396,36.0,12800.0,0.0,18482.774
Ti,I,540.9605,540.96078,390.0,,15220.393,33700.884
Ti,I,541.2679,541.26673,7.0,,20006.039,38476.084
Ti,I,541.9189,541.91915,13.0,,18911.394,37359.203
Ti,I,542.238,542.23813,6.0,12200000.0,28702.778,47139.735
Ti,I,542.6248,542.62494,200.0,36800.0,170.1328,18593.947
Ti,I,542.914,542.91368,120.0,,18911.394,37325.41
Ti,I,543.2334,543.23341,11.0,,19421.58,37824.758
Ti,I,543.5839,543.5816,,10500000.0,28638.841,47030.23
Ti,I,543.6717,543.67159,43.0,100000.0,7255.355,25643.701
Ti,I,543.8306,543.83041,21.0,,11531.761,29914.737
Ti,I,543.9031,543.90293,9.0,,11531.761,29912.286
Ti,I,544.0509,544.05093,8.0,,11531.761,29907.286
Ti,I,544.6619,544.66149,,25000.0,170.1328,18525.059
Ti,I,544.6619,544.66257,,,18818.099,37172.989
Ti,I,544.7912,544.7913,10.0,,20126.062,38476.615
Ti,I,544.8787,544.87904,3.0,12700000.0,28596.313,46943.911
Ti,I,544.8911,544.89065,23.0,,18825.782,37172.989
Ti,I,544.9151,544.91497,36.0,,11639.8109,29986.199
Ti,I,545.1935,545.19372,13.0,,19322.984,37659.992
Ti,I,545.3639,545.36423,77.0,610000.0,11639.8109,29971.086
Ti,I,545.5957,545.59582,10.0,,11531.761,29855.255
Ti,I,545.6896,545.68933,12.0,,20795.603,39115.957
Ti,I,545.9679,545.96815,4.0,,8492.422,26803.42
Ti,I,546.0498,546.0498,310.0,45000.0,386.874,18695.134
Ti,I,546.5771,546.57728,8.0,,8602.3441,26892.936
Ti,I,546.6006,546.60076,12.0,,26803.42,45093.226
Ti,I,546.8361,546.83621,7.0,,7255.355,25537.286
Ti,I,547.0454,547.04582,15.0,,11639.8109,29914.737
Ti,I,547.1197,547.1192,85.0,1300000.0,11639.8109,29912.286
Ti,I,547.2687,547.26896,56.0,,11639.8109,29907.286
Ti,I,547.3544,547.35418,35.0,,18825.782,37090.413
Ti,I,547.4223,547.4223,170.0,1200000.0,11776.812,30039.17
Ti,I,547.4451,547.44517,48.0,,18911.394,37172.989
Ti,I,547.7693,547.76946,260.0,,19573.974,37824.758
Ti,I,548.0177,548.01824,2.0,,25797.595,44040.0941
Ti,I,548.1409,548.14104,190.0,,19421.58,37659.992
Ti,I,548.1859,548.18607,120.0,,11531.761,29768.675
Ti,I,548.6088,548.60822,5.0,,27498.982,45721.863
Ti,I,548.7604,548.75921,,,27614.679,45832.546
Ti,I,548.8193,548.81913,140.0,,19322.984,37538.862
Ti,I,548.9873,548.9873,5.0,,27750.135,45960.432
Ti,I,549.0148,549.01477,330.0,3690000.0,11776.812,29986.199
Ti,I,549.0848,549.08454,69.0,14000.0,386.874,18593.947
Ti,I,549.1657,549.16556,18.0,,26892.936,45097.323
Ti,I,549.4121,549.41232,3.0,,25926.771,44122.9818
Ti,I,549.472,549.47081,6.0,,11776.812,29971.086
Ti,I,549.7942,549.79478,,62000.0,7255.355,25438.908
Ti,I,550.3897,550.38953,210.0,26000000.0,20795.603,38959.507
Ti,I,551.1778,551.17787,76.0,,11776.812,29914.737
Ti,I,551.2524,551.25236,940.0,,11776.812,29912.286
Ti,I,551.4343,551.43434,630.0,,11531.761,29661.25
Ti,I,551.4532,551.45335,930.0,,11639.8109,29768.675
Ti,I,551.8058,551.80589,15.0,,19421.58,37538.862
Ti,I,552.7595,552.75977,13.0,,19573.974,37659.992
Ti,I,553.0435,553.044,23.0,,27025.659,45102.381
Ti,I,553.7857,553.78529,2.0,,21588.495,39641.021
Ti,I,553.9794,553.97893,3.0,,21739.707,39785.923
Ti,I,,556.27074,0.0,42000.0,7255.355,25227.222
Ti,I,556.5473,556.54735,340.0,,18037.213,36000.148
Ti,I,557.8557,557.85662,3.0,,12118.393,30039.17
Ti,I,559.5108,559.51046,2.0,,12118.393,29986.199
Ti,I,559.8017,559.8019,2.0,,25107.411,42965.9148
Ti,I,560.0038,560.0041,7.0,19000.0,7255.355,25107.411
Ti,I,560.0785,560.07861,9.0,,25107.411,42957.092
Ti,I,560.1465,560.14642,4.0,,7255.355,25102.875
Ti,I,561.8346,561.8346,5.0,,12118.393,29912.286
Ti,I,562.2015,562.20178,3.0,,25227.222,43009.4937
Ti,I,563.0371,563.03708,3.0,,25102.875,42858.7661
Ti,I,563.5828,563.58297,12.0,,25227.222,42965.9148
Ti,I,563.5993,563.59974,5.0,,27355.061,45093.226
Ti,I,564.4133,564.41339,790.0,,18287.554,36000.148
Ti,I,564.8562,564.85661,150.0,13000000.0,20126.062,37824.758
Ti,I,565.4765,565.4765,7.0,,27418.029,45097.323
Ti,I,565.6079,565.60759,3.0,,27418.029,45093.226
Ti,I,565.9095,565.90967,20.0,,7255.355,24921.117
Ti,I,566.2148,566.21516,350.0,19400000.0,18695.134,36351.365
Ti,I,566.2881,566.28822,110.0,,20006.039,37659.992
Ti,I,566.7592,566.75935,9.0,,25317.814,42957.092
Ti,I,567.3047,567.3049,11.0,,27480.066,45102.381
Ti,I,567.3419,567.34201,20.0,,25388.331,43009.4937
Ti,I,567.4679,567.4678,3.0,,27480.066,45097.323
Ti,I,567.5409,567.54108,230.0,15600000.0,18593.947,36208.929
Ti,I,567.9914,567.9917,72.0,11000000.0,19937.855,37538.862
Ti,I,568.9459,568.94606,160.0,12800000.0,18525.059,36096.542
Ti,I,569.8401,569.8403,5.0,,18141.265,35685.174
Ti,I,570.1641,570.16461,7.0,,20126.062,37659.992
Ti,I,570.2005,570.20061,9.0,,20006.039,37538.862
Ti,I,570.2659,570.26566,100.0,10400000.0,18482.774,36013.597
Ti,I,570.3897,570.38982,8.0,,25438.908,42965.9148
Ti,I,570.5385,570.53865,3.0,,18037.213,35559.648
Ti,I,570.6768,570.6771,3.0,,25438.908,42957.092
Ti,I,570.8198,570.82011,52.0,3430000.0,18695.134,36208.929
Ti,I,570.9904,570.99026,2.0,,25102.875,42611.451
Ti,I,571.1853,571.18539,77.0,5990000.0,18593.947,36096.542
Ti,I,571.3881,571.3881,51.0,,18462.722,35959.109
Ti,I,571.5114,571.5116,200.0,,18192.57,35685.174
Ti,I,571.6442,571.6445,74.0,7700000.0,18525.059,36013.597
Ti,I,572.0435,572.04366,51.0,8600000.0,18482.774,35959.109
Ti,I,572.3375,572.33743,2.0,,25438.908,42906.2727
Ti,I,573.1113,573.11179,4.0,,17995.487,35439.251
Ti,I,573.4192,573.41977,2.0,,25797.595,43231.9903
Ti,I,573.431,573.43112,9.0,,18525.059,35959.109
Ti,I,573.9049,573.90516,9.0,850000.0,18593.947,36013.597
Ti,I,573.9468,573.9469,170.0,4600000.0,18141.265,35559.648
Ti,I,573.9978,573.99778,82.0,4800000.0,18037.213,35454.052
Ti,I,574.1197,574.1201,17.0,,20209.447,37622.575
Ti,I,574.1394,574.13951,2.0,,25493.733,42906.2727
Ti,I,574.4462,574.44646,4.0,,25926.771,43330.0066
Ti,I,574.5065,574.50679,5.0,311000.0,18695.134,36096.542
Ti,I,575.1749,575.17527,3.0,,26494.33,43875.514
Ti,I,575.2853,575.28515,11.0,,18061.387,35439.251
Ti,I,575.6424,575.64244,7.0,,18192.57,35559.648
Ti,I,575.6848,575.68505,18.0,,25643.701,43009.4937
Ti,I,576.2209,576.22086,5.0,,26564.4,43914.045
Ti,I,576.2284,576.22863,50.0,,26494.33,43843.741
Ti,I,576.3547,576.35487,6.0,,20209.447,37555.058
Ti,I,576.6326,576.63266,61.0,,26564.4,43901.6548
Ti,I,576.6561,576.65599,3.0,,25317.814,42654.3674
Ti,I,576.8322,576.8319,3.0,,25438.908,42770.1745
Ti,I,577.1334,577.13336,5.0,,25643.701,42965.9148
Ti,I,577.4026,577.4028,75.0,55000000.0,26657.416,43971.5467
Ti,I,577.4475,577.44761,7.0,,18141.265,35454.052
Ti,I,577.4663,577.46619,6.0,,26657.416,43969.646
Ti,I,578.076,578.07609,23.0,,18145.286,35439.251
Ti,I,578.5652,578.56534,10.0,,26564.4,43843.741
Ti,I,578.5977,578.59795,90.0,61000000.0,26772.968,44051.3351
Ti,I,578.808,578.80809,4.0,,18287.554,35559.648
Ti,I,578.9748,578.97462,8.0,,26772.968,44040.0941
Ti,I,579.1274,579.12737,4.0,,25643.701,42906.2727
Ti,I,579.743,579.74307,16.0,,26657.416,43901.6548
Ti,I,580.4262,580.42601,98.0,68000000.0,26910.709,44134.658
Ti,I,580.7123,580.71225,2.0,,25438.908,42654.3674
Ti,I,580.8198,580.81976,8.0,,26910.709,44122.9818
Ti,I,580.9788,580.97866,3.0,,8492.422,25699.987
Ti,I,581.282,581.28223,17.0,,26772.968,43971.5467
Ti,I,581.3946,581.39473,19.0,,8602.3441,25797.595
Ti,I,582.3686,582.36854,65.0,,18287.554,35454.052
Ti,I,583.1936,583.19372,7.0,,26494.33,43636.5388
Ti,I,583.2473,583.24757,13.0,,26910.709,44051.3351
Ti,I,583.4522,583.45206,11.0,,26564.4,43699.0187
Ti,I,583.7294,583.72954,4.0,,25643.701,42770.1745
Ti,I,583.7996,583.79957,15.0,,26657.416,43781.8353
Ti,I,583.9514,583.95143,12.0,,8492.422,25612.388
Ti,I,583.976,583.97596,,,11776.812,28896.059
Ti,I,584.1173,584.11736,15.0,,26772.968,43888.0708
Ti,I,584.6103,584.61042,3.0,,8436.618,25537.286
Ti,I,584.7087,584.70882,10.0,,26494.33,43592.1203
Ti,I,585.2324,585.23267,27.0,,8492.422,25574.908
Ti,I,585.5873,585.58737,9.0,,26564.4,43636.5388
Ti,I,586.5244,586.52442,7.0,,8492.422,25537.286
Ti,I,586.6362,586.63667,24.0,,26657.416,43699.0187
Ti,I,586.6449,586.64513,1100.0,4000000.0,8602.3441,25643.701
Ti,I,586.9195,586.91983,3.0,,8602.3441,25635.725
Ti,I,587.1146,587.11495,2.0,,26564.4,43592.1203
Ti,I,587.2425,587.2433,,,25699.987,42723.9855
Ti,I,587.7657,587.76573,14.0,,26772.968,43781.8353
Ti,I,588.0268,588.02696,140.0,348000.0,8492.422,25493.733
Ti,I,588.8574,588.85647,,,26910.709,43888.0708
Ti,I,588.9813,588.98178,2.0,,18061.387,35035.137
Ti,I,589.4092,589.40917,3.0,,0.0,16961.442
Ti,I,589.9291,589.92936,670.0,2690000.0,8492.422,25438.908
Ti,I,590.3315,590.3315,150.0,457000.0,8602.3441,25537.286
Ti,I,590.4334,590.43424,,,25926.771,42858.7661
Ti,I,590.6296,590.62974,3.0,,25797.595,42723.9855
Ti,I,590.642,590.6416,2.0,,26772.968,43699.0187
Ti,I,,590.64456,0.0,670000.0,11776.812,28702.778
Ti,I,591.3723,591.37272,15.0,,170.1328,17075.258
Ti,I,591.8534,591.85363,300.0,1300000.0,8602.3441,25493.733
Ti,I,591.907,591.90752,6.0,,18145.286,35035.137
Ti,I,592.2108,592.211,310.0,2170000.0,8436.618,25317.814
Ti,I,593.7807,593.78091,99.0,490000.0,8602.3441,25438.908
Ti,I,594.0646,594.06487,24.0,,386.874,17215.39
Ti,I,594.175,594.17517,230.0,1900000.0,8492.422,25317.814
Ti,I,594.4658,594.46603,19.0,,0.0,16817.16
Ti,I,595.3157,595.3159,1400.0,6790000.0,15220.393,32013.544
Ti,I,595.7361,595.73569,10.0,,25388.331,42169.6496
Ti,I,595.8746,595.87516,3.0,119000.0,19573.974,36351.365
Ti,I,596.4461,596.44707,,,25227.222,41988.5259
Ti,I,596.4802,596.4803,4.0,,25107.411,41867.7812
Ti,I,596.5825,596.58285,1200.0,6640000.0,15156.802,31914.291
Ti,I,596.9138,596.91363,7.0,,25227.222,41975.4249
Ti,I,597.1175,597.1176,13.0,,19322.984,36065.466
Ti,I,597.8539,597.8541,1000.0,6620000.0,15108.111,31829.969
Ti,I,597.9657,597.96615,2.0,,25388.331,42107.0545
Ti,I,598.0822,598.08255,9.0,,8602.3441,25317.814
Ti,I,598.253,598.25316,17.0,,19421.58,36132.283
Ti,I,598.4576,598.45772,20.0,,170.1328,16875.124
Ti,I,598.8551,598.8554,51.0,,15220.393,31914.291
Ti,I,599.0526,599.05327,2.0,,386.874,17075.258
Ti,I,599.5662,599.56631,19.0,,24694.892,41368.996
Ti,I,599.5996,599.6,51.0,,15156.802,31829.969
Ti,I,599.9008,599.90116,20.0,,17540.188,34204.985
Ti,I,599.9657,599.96579,140.0,,18037.213,34700.215
Ti,I,600.263,600.26306,15.0,,17423.856,34078.606
Ti,I,601.2727,601.27364,,,19573.974,36200.732
Ti,I,601.3413,601.34164,15.0,21000.0,8602.3441,25227.222
Ti,I,601.4765,601.47644,3.0,,18818.099,35439.251
Ti,I,601.6994,601.69955,4.0,8600.0,8492.422,25107.411
Ti,I,601.7545,601.7546,7.0,,18825.782,35439.251
Ti,I,601.8394,601.83955,13.0,,17369.529,33980.653
Ti,I,601.8636,601.86386,21.0,,8492.422,25102.875
Ti,I,603.1668,603.16695,12.0,,386.874,16961.442
Ti,I,604.8717,604.87163,5.0,,18911.394,35439.251
Ti,I,605.7067,605.70684,5.0,,8602.3441,25107.411
Ti,I,605.8731,605.87335,7.0,,8602.3441,25102.875
Ti,I,606.4623,606.4626,250.0,688000.0,8436.618,24921.117
Ti,I,606.9271,606.92699,2.0,,15156.802,31628.688
Ti,I,608.5225,608.52261,620.0,,8492.422,24921.117
Ti,I,609.1169,609.1171,360.0,6170000.0,18287.554,34700.215
Ti,I,609.279,609.27918,53.0,683000.0,15220.393,31628.688
Ti,I,609.8657,609.86581,96.0,25000000.0,24694.892,41087.404
Ti,I,610.2809,610.2808,2.0,,15108.111,31489.476
Ti,I,612.0999,612.10019,45.0,,15156.802,31489.476
Ti,I,612.6214,612.62161,860.0,2230000.0,8602.3441,24921.117
Ti,I,613.2781,613.2783,5.0,,27498.172,43799.471
Ti,I,613.8415,613.84161,30.0,,17369.529,33655.869
Ti,I,614.5633,614.56378,2.0,,11639.8109,27907.013
Ti,I,614.6207,614.62068,34.0,,15108.111,31373.807
Ti,I,614.7758,614.77606,3.0,,25107.411,41368.996
Ti,I,614.917,614.91711,4.0,,25926.771,42184.6261
Ti,I,614.9725,614.97245,46.0,,17423.856,33680.248
Ti,I,615.0634,615.06352,3.0,,25227.222,41481.207
Ti,I,615.7343,615.73487,9.0,,21588.495,37824.758
Ti,I,615.8961,615.89609,6.0,,17423.856,33655.869
Ti,I,617.4751,617.47513,9.0,,21469.488,37659.992
Ti,I,618.6138,618.61406,64.0,,17540.188,33700.884
Ti,I,619.339,619.33923,16.0,,25227.222,41368.996
Ti,I,619.405,619.405,6.0,,17540.188,33680.248
Ti,I,620.0317,620.0318,2.0,,18911.394,35035.137
Ti,I,620.0747,620.075,4.0,,22404.739,38527.359
Ti,I,620.1239,620.1245,,,18825.782,34947.116
Ti,I,620.5224,620.5226,22.0,,11776.812,27887.803
Ti,I,620.9291,620.92974,7.0,,11639.8109,27740.238
Ti,I,621.2211,621.2211,24.0,,25388.331,41481.207
Ti,I,621.2739,621.2741,3.0,,25102.875,41194.378
Ti,I,621.4494,621.44928,13.0,,25107.411,41194.378
Ti,I,621.523,621.52331,200.0,,21739.707,37824.758
Ti,I,622.0472,622.04748,150.0,18000000.0,21588.495,37659.992
Ti,I,622.1296,622.12966,120.0,,21469.488,37538.862
Ti,I,622.143,622.1433,3.0,,29768.675,45837.698
Ti,I,624.0964,624.0967,2.0,,29912.286,45931.013
Ti,I,625.7802,625.78027,12.0,,0.0,15975.631
Ti,I,625.8099,625.81016,1600.0,8360000.0,11639.8109,27614.679
Ti,I,625.8705,625.87069,2200.0,8900000.0,11776.812,27750.135
Ti,I,626.1096,626.10988,1200.0,8070000.0,11531.761,27498.982
Ti,I,626.4808,626.48097,8.0,,14028.436,29986.199
Ti,I,626.6009,626.601,16.0,,14105.634,30060.34
Ti,I,626.8522,626.8525,41.0,,11531.761,27480.066
Ti,I,627.3386,627.33876,12.0,,170.1328,16106.076
Ti,I,627.7492,627.74963,3.0,,13981.773,29907.286
Ti,I,629.3001,629.30042,5.0,,11531.761,27418.029
Ti,I,629.5253,629.52449,,,27025.659,42906.2727
Ti,I,629.5253,629.52642,,,14105.634,29986.199
Ti,I,629.5943,629.59441,6.0,,14028.436,29907.286
Ti,I,629.6644,629.66456,43.0,,0.0,15877.081
Ti,I,629.6861,629.68506,,,25317.814,41194.378
Ti,I,629.8073,629.80732,4.0,,13981.773,29855.255
Ti,I,630.3355,630.33547,4.0,,25227.222,41087.404
Ti,I,630.3754,630.37565,110.0,651000.0,11639.8109,27498.982
Ti,I,631.1281,631.12843,10.0,,11639.8109,27480.066
Ti,I,631.2234,631.2236,110.0,522000.0,11776.812,27614.679
Ti,I,631.238,631.23799,8.0,,25643.701,41481.207
Ti,I,631.8044,631.80471,96.0,,11531.761,27355.061
Ti,I,632.4659,632.4664,4.0,,25037.405,40844.151
Ti,I,632.5162,632.51632,28.0,,170.1328,15975.631
Ti,I,633.6096,633.60993,140.0,601000.0,11639.8109,27418.029
Ti,I,634.5242,634.52476,2.0,,25438.908,41194.378
Ti,I,635.7423,635.74235,,,25643.701,41368.996
Ti,I,635.7423,635.7426,,,33114.42,48839.708
Ti,I,635.8685,635.86871,6.0,68000.0,11776.812,27498.982
Ti,I,635.9173,635.91733,5.0,,17369.529,33090.497
Ti,I,635.9885,635.98877,14.0,,386.874,16106.076
Ti,I,636.1335,636.1337,5.0,,17369.529,33085.151
Ti,I,636.485,636.48495,5.0,,170.1328,15877.081
Ti,I,636.6344,636.63468,150.0,,11776.812,27480.066
Ti,I,637.1495,637.14957,10.0,,17423.856,33114.42
Ti,I,638.1223,638.12251,9.0,,17423.856,33090.497
Ti,I,639.5467,639.54718,11.0,33000.0,12118.393,27750.135
Ti,I,640.78,640.78003,3.0,,25068.842,40670.509
Ti,I,641.3102,641.3107,3.0,,386.874,15975.631
Ti,I,641.9087,641.90881,22.0,,17540.188,33114.42
Ti,I,647.9444,647.9442,3.0,,27498.172,42927.337
Ti,I,649.7682,649.76838,43.0,,11639.8109,27025.659
Ti,I,,649.99056,0.0,1900.0,12118.393,27498.982
Ti,I,650.8119,650.81205,37.0,,11531.761,26892.936
Ti,I,650.8383,650.83814,3.0,1020000.0,26657.416,42017.9751
Ti,I,651.1675,651.16739,,1010000.0,26564.4,41917.1924
Ti,I,651.2531,651.25319,3.0,820000.0,26772.968,42123.7378
Ti,I,651.8243,651.82447,4.0,,28702.778,44040.0941
Ti,I,651.9398,651.93984,2.0,,28788.38,44122.9818
Ti,I,652.1013,652.1013,5.0,,28638.841,43969.646
Ti,I,652.6578,652.65785,3.0,,28596.313,43914.045
Ti,I,653.6422,653.64205,6.0,2100000.0,26910.709,42205.377
Ti,I,654.3039,654.30373,9.0,,28596.313,43875.514
Ti,I,654.4749,654.47494,12.0,,28638.841,43914.045
Ti,I,654.6266,654.62686,190.0,,11531.761,26803.42
Ti,I,654.8324,654.8323,18.0,,28702.778,43969.646
Ti,I,655.4222,655.4223,280.0,1340000.0,11639.8109,26892.936
Ti,I,655.4826,655.48293,27.0,,28788.38,44040.0941
Ti,I,655.6061,655.60618,380.0,1450000.0,11776.812,27025.659
Ti,I,656.1305,656.13001,4.0,,28638.841,43875.514
Ti,I,656.4256,656.42594,3.0,,20209.447,35439.251
Ti,I,656.5502,656.55015,39.0,,28896.059,44122.9818
Ti,I,657.2259,657.22589,6.0,,28702.778,43914.045
Ti,I,657.5164,657.5165,40.0,,20795.603,36000.148
Ti,I,658.5245,658.5247,6.0,,28788.38,43969.646
Ti,I,659.2914,659.29151,6.0,,11639.8109,26803.42
Ti,I,659.9105,659.91058,330.0,180000.0,7255.355,22404.739
Ti,I,660.1447,660.14367,,,28896.059,44040.0941
Ti,I,660.1447,660.14561,,,27025.659,42169.6496
Ti,I,661.3625,661.36207,,,20126.062,35242.198
Ti,I,661.3625,661.36259,,,11776.812,26892.936
Ti,I,662.2307,662.231,3.0,,32857.723,47954.025
Ti,I,662.2622,662.26223,6.0,,26892.936,41988.5259
Ti,I,662.2874,662.2877,4.0,,17995.487,33090.497
Ti,I,662.8376,662.83749,6.0,,26892.936,41975.4249
Ti,I,662.8852,662.88555,7.0,,27025.659,42107.0545
Ti,I,663.4551,663.4553,5.0,,26803.42,41871.8642
Ti,I,663.635,663.63512,3.0,,26803.42,41867.7812
Ti,I,664.1343,664.13455,6.0,,18061.387,33114.42
Ti,I,,665.03555,0.0,33000.0,11531.761,26564.4
Ti,I,665.1922,665.19171,3.0,,18061.387,33090.497
Ti,I,665.4283,665.4284,6.0,,18061.387,33085.151
Ti,I,,665.70131,0.0,51000.0,11639.8109,26657.416
Ti,I,666.585,666.58494,18.0,,28638.841,43636.5388
Ti,I,666.6501,666.64971,25.0,,28702.778,43699.0187
Ti,I,666.655,666.65348,,330000.0,11776.812,26772.968
Ti,I,666.6691,666.66898,13.0,,28596.313,43592.1203
Ti,I,666.7733,666.77356,29.0,,28788.38,43781.8353
Ti,I,666.8375,666.83776,34.0,,28896.059,43888.0708
Ti,I,667.7175,667.7179,31.0,,20062.886,35035.137
Ti,I,667.8569,667.85692,28.0,,18145.286,33114.42
Ti,I,668.5645,668.56504,2.0,,28638.841,43592.1203
Ti,I,668.9258,668.92597,15.0,,18145.286,33090.497
Ti,I,669.4383,669.43886,2.0,,28702.778,43636.5388
Ti,I,670.6284,670.62867,4.0,,12118.393,27025.659
Ti,I,671.6665,671.6666,49.0,,20062.886,34947.116
Ti,I,674.3119,674.31217,630.0,690000.0,7255.355,22081.189
Ti,I,674.32,674.3187,54.0,,20209.447,35035.137
Ti,I,674.5546,674.5544,35.0,,18037.213,32857.723
Ti,I,674.633,674.6333,11.0,,15220.393,30039.17
Ti,I,674.8377,674.83791,4.0,,15156.802,29971.086
Ti,I,675.194,675.18694,0.0,,15108.111,29914.737
Ti,I,676.3961,676.39622,22.0,,27750.135,42530.2894
Ti,I,677.622,677.62217,17.0,,27614.679,42368.0934
Ti,I,678.3461,678.3461,12.0,,20209.447,34947.116
Ti,I,679.3546,679.35483,11.0,,27498.982,42214.7689
Ti,I,681.102,681.1022,3.0,,25037.405,39715.439
Ti,I,681.8112,681.81006,,,21469.488,36132.283
Ti,I,683.9428,683.9405,,,25068.842,39685.964
Ti,I,684.168,684.1691,2.0,,21588.495,36200.732
Ti,I,684.9314,684.93125,31.0,,21469.488,36065.466
Ti,I,686.1447,686.1445,98.0,3700000.0,18287.554,32857.723
Ti,I,687.3891,687.38912,35.0,,21588.495,36132.283
Ti,I,690.5616,690.56172,3.0,,21588.495,36065.466
Ti,I,691.3232,691.3232,48.0,,21739.707,36200.732
Ti,I,691.5854,691.58513,2.0,,27025.659,41481.207
Ti,I,692.0701,692.0703,3.0,,28702.778,43148.1922
Ti,I,692.1571,692.15673,5.0,,28788.38,43231.9903
Ti,I,692.2278,692.2281,2.0,,28638.841,43080.9622
Ti,I,692.62,692.6201,7.0,,28896.059,43330.0066
Ti,I,693.0961,693.09599,2.0,,25102.875,39526.912
Ti,I,693.3139,693.31402,15.0,,25107.411,39526.912
Ti,I,693.5882,693.5883,22.0,,25227.222,39641.021
Ti,I,694.3689,694.36905,26.0,,25388.331,39785.923
Ti,I,694.6112,694.61105,3.0,,21739.707,36132.283
Ti,I,696.3767,696.3771,4.0,,17369.529,31725.605
Ti,I,698.3119,698.3121,16.0,,17369.529,31685.825
Ti,I,699.0226,699.02239,28.0,,17423.856,31725.605
Ti,I,699.123,699.12304,2.0,,25227.222,39526.912
Ti,I,699.6637,699.66381,41.0,,18825.782,33114.42
Ti,I,699.7458,699.74598,3.0,,11639.8109,25926.771
Ti,I,700.0141,700.0143,2.0,,19937.855,34219.338
Ti,I,700.4601,700.4599,34.0,,18818.099,33090.497
Ti,I,700.7954,700.7952,28.0,,17540.188,31805.758
Ti,I,700.8373,700.8372,25.0,,18825.782,33090.497
Ti,I,701.1001,701.1,31.0,,18825.782,33085.151
Ti,I,701.4282,701.4285,2.0,,25388.331,39641.021
Ti,I,703.331,703.3312,6.0,,7255.355,21469.488
Ti,I,703.5802,703.58042,23.0,,25317.814,39526.912
Ti,I,703.8812,703.88122,100.0,,18911.394,33114.42
Ti,I,703.9264,703.92647,25.0,,25438.908,39641.021
Ti,I,705.0686,705.06881,32.0,,18911.394,33090.497
Ti,I,706.1299,706.13052,3.0,,11639.8109,25797.595
Ti,I,706.521,706.52102,40.0,,11776.812,25926.771
Ti,I,706.9073,706.90755,48.0,,25643.701,39785.923
Ti,I,708.4244,708.42447,3.0,13000.0,11531.761,25643.701
Ti,I,710.9077,710.90795,13.0,,30060.34,44122.9818
Ti,I,710.9218,710.9222,6.0,,29907.286,43969.646
Ti,I,711.0328,711.0326,7.0,,11639.8109,25699.987
Ti,I,711.1026,711.10273,5.0,,29855.255,43914.045
Ti,I,711.3501,711.3504,7.0,,29986.199,44040.0941
Ti,I,711.7296,711.7299,3.0,,29829.112,43875.514
Ti,I,713.0303,713.03037,34.0,,11776.812,25797.595
Ti,I,713.0572,713.057,2.0,,29855.255,43875.514
Ti,I,713.7436,713.74428,2.0,,29907.286,43914.045
Ti,I,713.8074,713.80717,10.0,,11531.761,25537.286
Ti,I,713.8903,713.8905,99.0,480000.0,11639.8109,25643.701
Ti,I,714.2252,714.22559,3.0,,25643.701,39641.021
Ti,I,714.9345,714.93418,2.0,,29986.199,43969.646
Ti,I,715.1227,715.12304,2.0,,30060.34,44040.0941
Ti,I,716.0336,716.03383,37.0,,11531.761,25493.733
Ti,I,718.8562,718.85661,72.0,450000.0,11531.761,25438.908
Ti,I,718.9877,718.9877,170.0,,20795.603,34700.215
Ti,I,720.9434,720.94359,1300.0,5800000.0,11776.812,25643.701
Ti,I,721.3348,721.3349,41.0,,14028.436,27887.803
Ti,I,721.6182,721.61838,320.0,1800000.0,11639.8109,25493.733
Ti,I,722.7375,722.7377,7.0,,24694.892,38527.359
Ti,I,723.33,723.32998,16.0,,17369.529,31190.669
Ti,I,723.339,723.3387,4.0,,18192.57,32013.544
Ti,I,723.6786,723.67865,17.0,,17369.529,31184.01
Ti,I,724.3124,724.31234,10.0,,8602.3441,22404.739
Ti,I,724.4853,724.48545,770.0,3900000.0,11639.8109,25438.908
Ti,I,725.1708,725.17095,650.0,7200000.0,11531.761,25317.814
Ti,I,725.3754,725.3753,,,14105.634,27887.803
Ti,I,725.3754,725.37626,,,17423.856,31206.007
Ti,I,725.8567,725.8568,3.0,,18141.265,31914.291
Ti,I,726.1844,726.18442,26.0,,17423.856,31190.669
Ti,I,726.5359,726.53585,9.0,,17423.856,31184.01
Ti,I,726.6246,726.625,42.0,1700000.0,13981.773,27740.238
Ti,I,726.7932,726.7934,4.0,,32857.723,46613.001
Ti,I,726.8445,726.84418,11.0,,27614.679,41368.996
Ti,I,727.1505,727.15064,27.0,78000.0,11639.8109,25388.331
Ti,I,727.3704,727.3702,51.0,,18061.387,31805.758
Ti,I,728.0748,728.0746,16.0,,27750.135,41481.207
Ti,I,728.1257,728.1252,42.0,,17995.487,31725.605
Ti,I,728.174,728.1734,,,35400.235,49129.444
Ti,I,729.0975,729.0979,7.0,,14028.436,27740.238
Ti,I,729.9689,729.9678,,210000.0,11531.761,25227.222
Ti,I,729.9689,729.9713,,,27498.982,41194.378
Ti,I,730.5989,730.599,16.0,,13981.773,27665.401
Ti,I,731.5511,731.55115,62.0,,17540.188,31206.007
Ti,I,731.6372,731.63686,41.0,,18061.387,31725.605
Ti,I,731.8376,731.8375,190.0,,18145.286,31805.758
Ti,I,732.373,732.37314,11.0,,17540.188,31190.669
Ti,I,733.099,733.099,47.0,,14028.436,27665.401
Ti,I,733.226,733.226,47.0,,14105.634,27740.238
Ti,I,733.7728,733.7731,40.0,,18061.387,31685.825
Ti,I,734.4695,734.46952,430.0,1400000.0,11776.812,25388.331
Ti,I,735.2119,735.2124,32.0,,20062.886,33660.652
Ti,I,735.6994,735.69927,4.0,,8492.422,22081.189
Ti,I,735.7726,735.77268,340.0,1330000.0,11639.8109,25227.222
Ti,I,736.157,736.15693,44.0,,18145.286,31725.605
Ti,I,736.4099,736.41012,250.0,1600000.0,11531.761,25107.411
Ti,I,736.6559,736.65625,54.0,,11531.761,25102.875
Ti,I,739.1511,739.15109,6.0,,12118.393,25643.701
Ti,I,739.7489,739.7491,4.0,,25699.987,39214.362
Ti,I,739.7933,739.794,2.0,,25635.725,39149.28
Ti,I,740.2671,740.2675,6.0,,25797.595,39302.506
Ti,I,741.2253,741.2273,3.0,,18141.265,31628.688
Ti,I,741.3012,741.3014,9.0,,25926.771,39412.846
Ti,I,741.6989,741.69905,8.0,,8602.3441,22081.189
Ti,I,742.036,742.036,4.0,,27614.679,41087.404
Ti,I,742.3184,742.31833,8.0,55000.0,11639.8109,25107.411
Ti,I,742.4585,742.45859,9.0,,6661.006,20126.062
Ti,I,743.1642,743.16466,3.0,,18037.213,31489.476
Ti,I,743.2225,743.2231,4.0,,20209.447,33660.652
Ti,I,743.267,743.26705,5.0,6900.0,11776.812,25227.222
Ti,I,743.3318,743.3288,,,25699.987,39149.28
Ti,I,743.3318,743.3336,,,6556.833,20006.039
Ti,I,744.0576,744.0577,68.0,2200000.0,18192.57,31628.688
Ti,I,745.6582,745.6584,9.0,8000.0,6598.765,20006.039
Ti,I,746.9938,746.99382,13.0,12000.0,6742.756,20126.062
Ti,I,747.4162,747.4166,2.0,,25926.771,39302.506
Ti,I,747.493,747.4934,1.0,,25107.411,38481.773
Ti,I,748.9579,748.9578,59.0,,18141.265,31489.476
Ti,I,749.136,749.13617,6.0,7000.0,6661.006,20006.039
Ti,I,749.6103,749.61021,41.0,,18037.213,31373.807
Ti,I,754.2918,754.2923,3.0,,34700.215,47954.025
Ti,I,754.5742,754.574,4.0,,25227.222,38476.084
Ti,I,755.3967,755.3966,5.0,,19322.984,32557.419
Ti,I,756.7821,756.7825,4.0,,32857.723,46067.923
Ti,I,758.0265,758.0263,29.0,,17995.487,31184.01
Ti,I,759.4409,759.4408,6.0,,25317.814,38481.773
Ti,I,759.7699,759.7692,3.0,,25317.814,38476.084
Ti,I,761.4464,761.44666,59.0,,18061.387,31190.669
Ti,I,761.8048,761.8071,6.0,,28896.059,42019.1293
Ti,I,761.8331,761.83305,23.0,,18061.387,31184.01
Ti,I,762.0614,762.06157,2.0,,28638.841,41757.529
Ti,I,762.0825,762.0827,6.0,,19421.58,32539.905
Ti,I,762.2159,762.21595,3.0,,28702.778,41818.8088
Ti,I,762.2677,762.2703,,,28788.38,41903.4757
Ti,I,763.8321,763.8318,6.0,,25388.331,38476.615
Ti,I,763.9504,763.95039,9.0,,18287.554,31373.807
Ti,I,765.4436,765.44382,99.0,,18145.286,31206.007
Ti,I,766.3437,766.34379,21.0,,18145.286,31190.669
Ti,I,766.4914,766.4917,2.0,,25438.908,38481.773
Ti,I,766.5221,766.52171,2.0,,29914.737,42957.092
Ti,I,766.7355,766.73517,2.0,,18145.286,31184.01
Ti,I,766.825,766.8262,,,25438.908,38476.084
Ti,I,769.3254,769.32514,2.0,,29971.086,42965.9148
Ti,I,770.7781,770.77865,3.0,,30039.17,43009.4937
Ti,I,772.5496,772.5496,9.0,,19573.974,32514.566
Ti,I,773.8954,773.89587,5.0,,11776.812,24694.892
Ti,I,774.5298,774.5299,3.0,,18818.099,31725.605
Ti,I,774.991,774.9912,3.0,,18825.782,31725.605
Ti,I,775.3205,775.3193,2.0,,18911.394,31805.758
Ti,I,776.6325,776.63211,2.0,,29986.199,42858.7661
Ti,I,776.7439,776.74435,14.0,14000.0,7255.355,20126.062
Ti,I,777.3889,777.3885,3.0,,18825.782,31685.825
Ti,I,779.0316,779.0319,14.0,,25643.701,38476.615
Ti,I,779.0628,779.0641,3.0,,25643.701,38476.084
Ti,I,779.1351,779.13485,2.0,,6742.756,19573.974
Ti,I,780.0169,780.01744,2.0,,29907.286,42723.9855
Ti,I,780.743,780.7432,2.0,,27498.172,40302.957
Ti,I,781.1308,781.13114,5.0,,30060.34,42858.7661
Ti,I,783.4499,783.44825,3.0,,6661.006,19421.58
Ti,I,783.4671,783.46728,12.0,,27025.659,39785.923
Ti,I,783.7171,783.71714,2.0,,29855.255,42611.451
Ti,I,784.0557,784.0559,10.0,11000.0,7255.355,20006.039
Ti,I,784.2157,784.21578,9.0,,26892.936,39641.021
Ti,I,784.8492,784.84982,2.0,,29986.199,42723.9855
Ti,I,785.2675,785.26746,,28000.0,6842.962,19573.974
Ti,I,785.2675,785.26814,,,15156.802,27887.803
Ti,I,785.7316,785.73158,7.0,,26803.42,39526.912
Ti,I,786.9272,786.92693,2.0,,29907.286,42611.451
Ti,I,788.4996,788.49976,14.0,14000.0,6742.756,19421.58
Ti,I,789.5477,789.54882,3.0,,6661.006,19322.984
Ti,I,789.9876,789.9873,7.0,,26494.33,39149.28
Ti,I,790.2987,790.2988,9.0,,26564.4,39214.362
Ti,I,790.4045,790.4041,8.0,,20209.447,32857.723
Ti,I,790.604,790.6033,10.0,,26657.416,39302.506
Ti,I,792.2022,792.2025,11.0,,19937.855,32557.419
Ti,I,792.6316,792.6317,23.0,,26494.33,39107.06
Ti,I,793.3039,793.3035,4.0,,19937.855,32539.905
Ti,I,793.8521,793.8526,6.0,38000.0,15156.802,27750.135
Ti,I,794.3865,794.3858,31.0,,26564.4,39149.28
Ti,I,794.9151,794.9152,240.0,410000.0,12118.393,24694.892
Ti,I,796.1533,796.153,41.0,,26657.416,39214.362
Ti,I,796.5064,796.5061,4.0,,20006.039,32557.419
Ti,I,797.6194,797.619,16.0,,20006.039,32539.905
Ti,I,797.8815,797.8816,130.0,,15220.393,27750.135
Ti,I,797.8954,797.8946,51.0,,26772.968,39302.506
Ti,I,799.2346,799.2348,4.0,,20006.039,32514.566
Ti,I,799.3606,799.36,6.0,,15108.111,27614.679
Ti,I,799.6434,799.6433,72.0,,26910.709,39412.846
Ti,I,800.3481,800.3486,12.0,,30039.17,42530.2894
Ti,I,802.484,802.4843,100.0,830000.0,15156.802,27614.679
Ti,I,805.3306,805.3309,,,20126.062,32539.905
Ti,I,806.4247,806.4245,8.0,,29971.086,42368.0934
Ti,I,806.6018,806.6016,6.0,34000.0,15220.393,27614.679
Ti,I,806.824,806.8239,74.0,770000.0,15108.111,27498.982
Ti,I,806.9781,806.9781,27.0,,20126.062,32514.566
Ti,I,808.0457,808.0482,3.0,,17540.188,29912.286
Ti,I,808.452,808.4524,7.0,,18818.099,31184.01
Ti,I,808.5194,808.5194,12.0,,18825.782,31190.669
Ti,I,808.9546,808.9551,4.0,,18825.782,31184.01
Ti,I,809.8343,809.8337,4.0,,17423.856,29768.675
Ti,I,810.007,810.0069,6.0,45000.0,15156.802,27498.982
Ti,I,812.7827,812.78254,4.0,,29914.737,42214.7689
Ti,I,813.1404,813.1408,13.0,,18911.394,31206.007
Ti,I,813.3316,813.3321,3.0,,17369.529,29661.25
Ti,I,814.1565,814.1565,2.0,,18911.394,31190.669
Ti,I,818.0343,818.0331,,,25438.908,37659.992
Ti,I,818.0343,818.0355,,,25317.814,37538.862
Ti,I,820.7211,820.7212,4.0,,25643.701,37824.758
Ti,I,821.3824,821.3829,2.0,,27614.679,39785.923
Ti,I,821.7204,821.7195,2.0,,25493.733,37659.992
Ti,I,830.6271,830.6271,19.0,,27750.135,39785.923
Ti,I,830.7416,830.7417,28.0,12000.0,6661.006,18695.134
Ti,I,831.1699,831.1698,13.0,,27498.982,39526.912
Ti,I,831.28,831.2796,16.0,,27614.679,39641.021
Ti,I,833.4389,833.439,58.0,32000.0,6598.765,18593.947
Ti,I,834.8887,834.8883,8.0,,16817.16,28791.519
Ti,I,835.316,835.3162,57.0,46000.0,6556.833,18525.059
Ti,I,836.2002,836.2,9.0,,16817.16,28772.736
Ti,I,836.3578,836.3589,13.0,,16875.124,28828.429
Ti,I,836.4237,836.4237,400.0,207000.0,6742.756,18695.134
Ti,I,837.7204,837.7207,4.0,,18037.213,29971.086
Ti,I,837.7859,837.7861,620.0,348000.0,6661.006,18593.947
Ti,I,838.2529,838.2531,610.0,486000.0,6598.765,18525.059
Ti,I,838.2779,838.2779,450.0,611000.0,6556.833,18482.774
Ti,I,838.6306,838.6305,13.0,,16961.442,28882.368
Ti,I,838.9493,838.9494,17.0,,16875.124,28791.519
Ti,I,839.6894,839.6897,470.0,,6556.833,18462.722
Ti,I,840.2535,840.2532,4.0,,18141.265,30039.17
Ti,I,841.2356,841.2357,960.0,1280000.0,6598.765,18482.774
Ti,I,841.6952,841.695,43.0,,18037.213,29914.737
Ti,I,841.7529,841.7524,10.0,,17075.258,28951.972
Ti,I,841.8693,841.8687,3.0,,18037.213,29912.286
Ti,I,842.309,842.3097,7.0,,15156.802,27025.659
Ti,I,842.441,842.4424,50.0,,16961.442,28828.429
Ti,I,842.6504,842.6507,1500.0,1200000.0,6661.006,18525.059
Ti,I,843.4959,843.4954,3100.0,1550000.0,6842.962,18695.134
Ti,I,843.565,843.5653,2100.0,1290000.0,6742.756,18593.947
Ti,I,843.8919,843.8922,95.0,,18192.57,30039.17
Ti,I,844.297,844.2975,9.0,,18145.286,29986.199
Ti,I,845.089,845.0891,78.0,,18141.265,29971.086
Ti,I,845.71,845.7099,30.0,,14105.634,25926.771
Ti,I,846.7147,846.7147,47.0,,17075.258,28882.368
Ti,I,846.847,846.8469,140.0,,15220.393,27025.659
Ti,I,848.3162,848.3158,8.0,,15108.111,26892.936
Ti,I,849.4222,849.4239,3.0,,18145.286,29914.737
Ti,I,849.4448,849.445,18.0,,14028.436,25797.595
Ti,I,849.551,849.5542,15.0,,27498.172,39265.818
Ti,I,849.6014,849.6009,27.0,,18145.286,29912.286
Ti,I,851.8028,851.8028,65.0,,17215.39,28951.972
Ti,I,851.8352,851.8353,110.0,,15156.802,26892.936
Ti,I,853.1381,853.138,8.0,,13981.773,25699.987
Ti,I,853.9346,853.9342,23.0,,18061.387,29768.675
Ti,I,854.8088,854.8088,91.0,,15108.111,26803.42
Ti,I,855.0538,855.0536,8.0,,14105.634,25797.595
Ti,I,856.5488,856.5488,11.0,,14028.436,25699.987
Ti,I,856.9738,856.9738,11.0,,17995.487,29661.25
Ti,I,857.8426,857.8424,10.0,,13981.773,25635.725
Ti,I,859.5637,859.5636,3.0,,13981.773,25612.388
Ti,I,859.8172,859.8174,17.0,,18287.554,29914.737
Ti,I,860.0977,860.098,6.0,,18145.286,29768.675
Ti,I,861.291,861.291,3.0,,14028.436,25635.725
Ti,I,861.8087,861.8084,5.0,,29768.675,41368.996
Ti,I,861.8427,861.8424,8.0,,18061.387,29661.25
Ti,I,862.2504,862.252,,,14105.634,25699.987
Ti,I,862.3429,862.3426,3.0,,13981.773,25574.908
Ti,I,864.1483,864.1475,6.0,,29912.286,41481.207
Ti,I,867.5371,867.5372,550.0,461000.0,8602.3441,20126.062
Ti,I,868.298,868.2983,310.0,359000.0,8492.422,20006.039
Ti,I,868.4233,868.4233,7.0,,13981.773,25493.733
Ti,I,869.2329,869.233,150.0,299000.0,8436.618,19937.855
Ti,I,871.9579,871.9577,16.0,,14028.436,25493.733
Ti,I,872.2585,872.2592,3.0,,27498.172,38959.507
Ti,I,872.5801,872.5789,3.0,,13981.773,25438.908
Ti,I,873.4711,873.4711,110.0,230000.0,8492.422,19937.855
Ti,I,873.7316,873.7303,3.0,,30039.17,41481.207
Ti,I,875.0191,875.0183,2.0,,34204.985,45630.18
Ti,I,876.1482,876.1473,7.0,,14028.436,25438.908
Ti,I,876.6682,876.668,100.0,120000.0,8602.3441,20006.039
Ti,I,877.114,877.113,2.0,,29971.086,41368.996
Ti,I,877.8688,877.8686,25.0,,14105.634,25493.733
Ti,I,879.4434,879.4433,3.0,,34700.215,46067.923
Ti,I,881.9419,881.9413,9.0,,8602.3441,19937.855
Ti,I,882.1153,882.1153,8.0,,14105.634,25438.908
Ti,I,886.3109,886.3097,3.0,,29914.737,41194.378
Ti,I,898.489,898.4914,,,27355.061,38481.773
Ti,I,898.5783,898.5782,11.0,,13981.773,25107.411
Ti,I,898.9445,898.9447,150.0,,13981.773,25102.875
Ti,I,899.3309,899.3316,2.0,,29971.086,41087.404
Ti,I,902.363,902.3629,22.0,,14028.436,25107.411
Ti,I,902.7012,902.7026,4.0,,18911.394,29986.199
Ti,I,902.7325,902.7325,320.0,,14028.436,25102.875
Ti,I,904.0703,904.07,2.0,,27418.029,38476.084
Ti,I,908.5657,908.5653,,,18911.394,29914.737
Ti,I,908.5657,908.5664,,,18825.782,29829.112
Ti,I,908.6947,908.6947,36.0,,14105.634,25107.411
Ti,I,908.7678,908.7678,18.0,,18911.394,29912.286
Ti,I,909.0694,909.0695,520.0,,14105.634,25102.875
Ti,I,909.1249,909.1258,6.0,,20209.447,31206.007
Ti,I,909.127,909.1267,4.0,,27480.066,38476.615
Ti,I,912.3201,912.3203,72.0,,25107.411,36065.466
Ti,I,913.5845,913.5844,9.0,,18825.782,29768.675
Ti,I,914.5104,914.5096,4.0,,26892.936,37824.758
Ti,I,916.7541,916.7538,91.0,,25227.222,36132.283
Ti,I,917.0444,917.0447,11.0,,31628.688,42530.2894
Ti,I,918.9833,918.9823,8.0,,31489.476,42368.0934
Ti,I,920.7875,920.7882,5.0,,18911.394,29768.675
Ti,I,920.8478,920.8484,4.0,,26803.42,37659.992
Ti,I,921.9871,921.9881,3.0,,18818.099,29661.25
Ti,I,922.1755,922.1743,4.0,,31373.807,42214.7689
Ti,I,922.642,922.6419,3.0,,18825.782,29661.25
Ti,I,923.0596,923.0598,6.0,,8492.422,19322.984
Ti,I,924.0259,924.0261,16.0,,8602.3441,19421.58
Ti,I,924.6107,924.6102,120.0,,25388.331,36200.732
Ti,I,925.7486,925.7491,54.0,,27025.659,37824.758
Ti,I,928.5042,928.5042,41.0,,26892.936,37659.992
Ti,I,930.5008,930.5009,12.0,,25388.331,36132.283
Ti,I,930.897,930.8948,,,31628.688,42368.0934
Ti,I,931.2385,931.2385,32.0,,26803.42,37538.862
Ti,I,932.122,932.1197,,,31489.476,42214.7689
Ti,I,932.5244,932.5243,3.0,,8602.3441,19322.984
Ti,I,936.0565,936.0575,4.0,,31489.476,42169.6496
Ti,I,939.0693,939.0688,5.0,,26892.936,37538.862
Ti,I,940.0907,940.0925,4.0,,27025.659,37659.992
Ti,I,940.6595,940.6592,6.0,,11776.812,22404.739
Ti,I,940.9655,940.9656,16.0,,28788.38,39412.846
Ti,I,942.992,942.9935,,,31373.807,41975.4249
Ti,I,943.1625,943.1617,23.0,,28702.778,39302.506
Ti,I,945.3209,945.3206,22.0,,28638.841,39214.362
Ti,I,947.3414,947.3409,15.0,,28596.313,39149.28
Ti,I,947.6607,947.6587,5.0,,11531.761,22081.189
Ti,I,947.85,947.8494,4.0,,24694.892,35242.198
Ti,I,948.42,948.4199,13.0,,31628.688,42169.6496
Ti,I,950.6002,950.6,140.0,,28896.059,39412.846
Ti,I,950.8416,950.8406,97.0,,28788.38,39302.506
Ti,I,951.0705,951.0705,60.0,,28702.778,39214.362
Ti,I,951.1459,951.1462,31.0,,28596.313,39107.06
Ti,I,951.1746,951.1741,39.0,,28638.841,39149.28
Ti,I,952.6672,952.6665,4.0,,31373.807,41867.7812
Ti,I,953.3965,953.3956,8.0,,31489.476,41975.4249
Ti,I,953.6494,953.6495,8.0,,17423.856,27907.013
Ti,I,954.6077,954.6078,2500.0,,6742.756,17215.39
Ti,I,955.0114,955.0104,15.0,,28638.841,39107.06
Ti,I,955.4004,955.4003,23.0,,17423.856,27887.803
Ti,I,956.9966,956.9957,24.0,,28702.778,39149.28
Ti,I,957.468,957.4654,,,11639.8109,22081.189
Ti,I,958.8791,958.8793,24.0,,28788.38,39214.362
Ti,I,959.0072,959.0069,16.0,450000.0,25926.771,36351.365
Ti,I,959.9592,959.9593,3800.0,,6661.006,17075.258
