Wavelength (nm),Sum,Ca I (1.4e-01),Ca II (8.6e-01),Ca III (4.4e-04)
200.11,2.826e-15,,,2.826e-15
200.16,2.686e-15,,,2.686e-15
200.21,2.333e-15,,,2.333e-15
200.26,1.876e-15,,,1.876e-15
200.31,1.414e-15,,,1.414e-15
200.36,1.007e-15,,,1.007e-15
200.41,6.758e-16,,,6.758e-16
200.46,4.241e-16,,,4.241e-16
200.51,2.456e-16,,,2.456e-16
200.56,1.295e-16,,,1.295e-16
200.61,6.156e-17,,,6.156e-17
200.66,2.617e-17,,,2.617e-17
200.72,8.039e-18,,,8.039e-18
200.77,2.634e-18,,,2.634e-18
200.82,7.641e-19,,,7.641e-19
200.87,1.960e-19,,,1.960e-19
200.92,4.441e-20,,,4.441e-20
200.97,8.895e-21,,,8.895e-21
201.02,1.613e-21,,,1.613e-21
201.07,5.595e-22,,,5.595e-22
201.12,2.138e-21,,,2.138e-21
201.17,1.247e-20,,,1.247e-20
201.22,6.533e-20,,,6.533e-20
201.27,3.028e-19,,,3.028e-19
201.32,1.242e-18,,,1.242e-18
201.37,4.503e-18,,,4.503e-18
201.42,1.444e-17,,,1.444e-17
201.47,4.099e-17,,,4.099e-17
201.52,1.029e-16,,,1.029e-16
201.57,2.284e-16,,,2.284e-16
201.62,4.485e-16,,,4.485e-16
201.67,7.789e-16,,,7.789e-16
201.72,1.197e-15,,,1.197e-15
201.77,1.626e-15,,,1.626e-15
201.82,1.955e-15,,,1.955e-15
201.87,2.079e-15,,,2.079e-15
201.92,1.955e-15,,,1.955e-15
201.97,1.626e-15,,,1.626e-15
202.02,1.197e-15,,,1.197e-15
202.07,7.809e-16,,,7.809e-16
202.12,4.554e-16,,,4.554e-16
202.17,2.499e-16,,,2.499e-16
202.22,1.624e-16,,,1.624e-16
202.27,1.864e-16,,,1.864e-16
202.32,3.291e-16,,,3.291e-16
202.37,6.077e-16,,,6.077e-16
202.42,1.026e-15,,,1.026e-15
202.47,1.542e-15,,,1.542e-15
202.52,2.055e-15,,,2.055e-15
202.57,2.427e-15,,,2.427e-15
202.62,2.541e-15,,,2.541e-15
202.67,2.358e-15,,,2.358e-15
202.72,1.939e-15,,,1.939e-15
202.77,1.416e-15,,,1.416e-15
202.82,9.213e-16,,,9.213e-16
202.87,5.487e-16,,,5.487e-16
202.92,3.392e-16,,,3.392e-16
202.97,3.096e-16,,,3.096e-16
203.02,4.846e-16,,,4.846e-16
203.07,9.082e-16,,,9.082e-16
203.12,1.617e-15,,,1.617e-15
203.17,2.584e-15,,,2.584e-15
203.22,3.668e-15,,,3.668e-15
203.27,4.616e-15,,,4.616e-15
203.32,5.146e-15,,,5.146e-15
203.37,5.086e-15,,,5.086e-15
203.42,4.461e-15,,,4.461e-15
203.47,3.507e-15,,,3.507e-15
203.52,2.637e-15,,,2.637e-15
203.57,2.570e-15,,,2.570e-15
203.62,5.039e-15,,,5.039e-15
203.67,1.468e-14,,,1.468e-14
203.72,4.278e-14,,,4.278e-14
203.77,1.127e-13,,,1.127e-13
203.82,2.640e-13,,,2.640e-13
203.87,5.487e-13,,,5.487e-13
203.92,1.012e-12,,,1.012e-12
203.97,1.655e-12,,,1.655e-12
204.02,2.400e-12,,,2.400e-12
204.07,3.088e-12,,,3.088e-12
204.12,3.523e-12,,,3.523e-12
204.17,3.566e-12,,,3.566e-12
204.22,3.201e-12,,,3.201e-12
204.27,2.549e-12,,,2.549e-12
204.32,1.800e-12,,,1.800e-12
204.37,1.128e-12,,,1.128e-12
204.42,6.281e-13,,,6.281e-13
204.47,3.113e-13,,,3.113e-13
204.52,1.385e-13,,,1.385e-13
204.57,5.650e-14,,,5.650e-14
204.62,2.244e-14,,,2.244e-14
204.67,9.739e-15,,,9.739e-15
204.72,5.147e-15,,,5.147e-15
204.77,3.206e-15,,,3.206e-15
204.82,2.080e-15,,,2.080e-15
204.87,1.288e-15,,,1.288e-15
204.92,7.332e-16,,,7.332e-16
204.97,3.783e-16,,,3.783e-16
205.02,1.760e-16,,,1.760e-16
205.07,7.362e-17,,,7.362e-17
205.12,2.763e-17,,,2.763e-17
205.17,9.287e-18,,,9.287e-18
205.22,2.793e-18,,,2.793e-18
205.27,7.504e-19,,,7.504e-19
205.32,1.800e-19,,,1.800e-19
205.37,3.853e-20,,,3.853e-20
205.42,7.482e-21,,,7.482e-21
205.47,2.102e-21,,,2.102e-21
205.52,4.890e-21,,,4.890e-21
205.57,2.302e-20,,,2.302e-20
205.62,9.997e-20,,,9.997e-20
205.67,3.864e-19,,,3.864e-19
205.72,1.328e-18,,,1.328e-18
205.77,4.058e-18,,,4.058e-18
205.82,1.103e-17,,,1.103e-17
205.87,2.663e-17,,,2.663e-17
205.92,5.718e-17,,,5.718e-17
205.97,1.092e-16,,,1.092e-16
206.02,1.853e-16,,,1.853e-16
206.07,2.797e-16,,,2.797e-16
206.12,3.752e-16,,,3.752e-16
206.17,4.476e-16,,,4.476e-16
206.22,4.747e-16,,,4.747e-16
206.27,4.476e-16,,,4.476e-16
206.32,3.752e-16,,,3.752e-16
206.37,2.797e-16,,,2.797e-16
206.42,1.853e-16,,,1.853e-16
206.47,1.092e-16,,,1.092e-16
206.52,5.718e-17,,,5.718e-17
206.57,2.663e-17,,,2.663e-17
206.62,1.103e-17,,,1.103e-17
206.67,4.059e-18,,,4.059e-18
206.72,1.330e-18,,,1.330e-18
206.77,3.950e-19,,,3.950e-19
206.82,1.420e-19,,,1.420e-19
206.87,2.066e-19,,,2.066e-19
206.92,7.191e-19,,,7.191e-19
206.97,2.476e-18,,,2.476e-18
207.02,7.638e-18,,,7.638e-18
207.07,2.098e-17,,,2.098e-17
207.12,5.132e-17,,,5.132e-17
207.17,1.118e-16,,,1.118e-16
207.22,2.168e-16,,,2.168e-16
207.27,3.749e-16,,,3.749e-16
207.32,5.788e-16,,,5.788e-16
207.37,8.011e-16,,,8.011e-16
207.42,1.005e-15,,,1.005e-15
207.47,1.170e-15,,,1.170e-15
207.52,1.329e-15,,,1.329e-15
207.57,1.587e-15,,,1.587e-15
207.62,2.094e-15,,,2.094e-15
207.67,2.978e-15,,,2.978e-15
207.72,4.242e-15,,,4.242e-15
207.77,5.698e-15,,,5.698e-15
207.82,6.986e-15,,,6.986e-15
207.87,7.704e-15,,,7.704e-15
207.92,7.597e-15,,,7.597e-15
207.97,6.683e-15,,,6.683e-15
208.02,5.240e-15,,,5.240e-15
208.07,3.660e-15,,,3.660e-15
208.12,2.277e-15,,,2.277e-15
208.17,1.262e-15,,,1.262e-15
208.22,6.233e-16,,,6.233e-16
208.27,2.741e-16,,,2.741e-16
208.32,1.074e-16,,,1.074e-16
208.37,3.748e-17,,,3.748e-17
208.42,1.165e-17,,,1.165e-17
208.47,3.226e-18,,,3.226e-18
208.52,7.955e-19,,,7.955e-19
208.57,1.748e-19,,,1.748e-19
208.62,3.420e-20,,,3.420e-20
208.67,5.961e-21,,,5.961e-21
208.72,9.256e-22,,,9.256e-22
208.77,1.280e-22,,,1.280e-22
208.82,1.598e-23,,,1.598e-23
208.87,3.789e-24,,,3.789e-24
208.92,1.817e-23,,,1.817e-23
208.97,1.406e-22,,,1.406e-22
209.02,9.797e-22,,,9.797e-22
209.07,1.418e-8,,1.418e-8,6.095e-21
209.12,2.261e-7,,2.261e-7,3.385e-20
209.17,3.220e-6,,3.220e-6,1.678e-19
209.22,4.096e-5,,4.096e-5,7.427e-19
209.27,4.653e-4,,4.653e-4,2.934e-18
209.32,4.721e-3,,4.721e-3,1.035e-17
209.37,4.279e-2,,4.279e-2,3.257e-17
209.42,3.463e-1,,3.463e-1,9.153e-17
209.47,2.503e+0,,2.503e+0,2.296e-16
209.52,1.616e+1,,1.616e+1,5.141e-16
209.57,9.318e+1,,9.318e+1,1.028e-15
209.62,4.798e+2,,4.798e+2,1.834e-15
209.67,2.207e+3,,2.207e+3,2.921e-15
209.72,9.066e+3,,9.066e+3,4.153e-15
209.77,3.326e+4,,3.326e+4,5.272e-15
209.82,1.090e+5,,1.090e+5,5.973e-15
209.87,3.189e+5,,3.189e+5,6.041e-15
209.92,8.335e+5,,8.335e+5,5.454e-15
209.97,1.946e+6,,1.946e+6,4.396e-15
210.02,4.057e+6,,4.057e+6,3.163e-15
210.07,7.554e+6,,7.554e+6,2.031e-15
210.12,1.256e+7,,1.256e+7,1.165e-15
210.17,1.866e+7,,1.866e+7,5.965e-16
210.22,2.475e+7,,2.475e+7,2.740e-16
210.27,2.932e+7,,2.932e+7,1.162e-16
210.32,3.103e+7,,3.103e+7,5.356e-17
210.37,2.932e+7,,2.932e+7,4.305e-17
210.42,2.475e+7,,2.475e+7,6.463e-17
210.47,1.866e+7,,1.866e+7,1.115e-16
210.52,1.256e+7,,1.256e+7,1.795e-16
210.57,7.554e+6,,7.554e+6,2.600e-16
210.62,4.060e+6,,4.060e+6,3.369e-16
210.67,1.959e+6,,1.959e+6,3.900e-16
210.72,8.844e+5,,8.844e+5,4.037e-16
210.77,4.882e+5,,4.882e+5,3.742e-16
210.82,6.126e+5,,6.126e+5,3.139e-16
210.87,1.373e+6,,1.373e+6,2.501e-16
210.92,3.195e+6,,3.195e+6,2.275e-16
210.97,6.780e+6,,6.780e+6,3.236e-16
211.02,1.289e+7,,1.289e+7,6.835e-16
211.07,2.193e+7,,2.193e+7,1.563e-15
211.12,3.337e+7,,3.337e+7,3.344e-15
211.17,4.541e+7,,4.541e+7,6.454e-15
211.22,5.526e+7,,5.526e+7,1.116e-14
211.27,6.014e+7,,6.014e+7,1.726e-14
211.32,5.854e+7,,5.854e+7,2.387e-14
211.37,5.097e+7,,5.097e+7,2.952e-14
211.42,3.969e+7,,3.969e+7,3.265e-14
211.47,2.765e+7,,2.765e+7,3.229e-14
211.52,1.722e+7,,1.722e+7,2.855e-14
211.57,9.599e+6,,9.599e+6,2.257e-14
211.62,4.785e+6,,4.785e+6,1.596e-14
211.67,2.134e+6,,2.134e+6,1.010e-14
211.72,8.512e+5,,8.512e+5,5.735e-15
211.77,3.038e+5,,3.038e+5,2.989e-15
211.82,9.699e+4,,9.699e+4,1.628e-15
211.87,2.770e+4,,2.770e+4,1.419e-15
211.92,7.079e+3,,7.079e+3,2.381e-15
211.97,1.619e+3,,1.619e+3,4.876e-15
212.02,3.311e+2,,3.311e+2,9.490e-15
212.07,6.061e+1,,6.061e+1,1.668e-14
212.12,9.927e+0,,9.927e+0,2.628e-14
212.17,1.455e+0,,1.455e+0,3.707e-14
212.22,1.908e-1,,1.908e-1,4.679e-14
212.27,2.239e-2,,2.239e-2,5.287e-14
212.32,2.352e-3,,2.352e-3,5.346e-14
212.37,2.210e-4,,2.210e-4,4.839e-14
212.42,1.859e-5,,1.859e-5,3.923e-14
212.47,1.400e-6,,1.400e-6,2.854e-14
212.52,9.430e-8,,9.430e-8,1.877e-14
212.57,5.686e-9,,5.686e-9,1.147e-14
212.62,7.143e-15,,,7.143e-15
212.67,5.489e-15,,,5.489e-15
212.72,5.844e-15,,,5.844e-15
212.77,7.416e-15,,,7.416e-15
212.82,9.382e-15,,,9.382e-15
212.87,1.097e-14,,,1.097e-14
212.92,1.163e-14,,,1.163e-14
212.97,1.117e-14,,,1.117e-14
213.02,9.888e-15,,,9.888e-15
213.07,8.427e-15,,,8.427e-15
213.12,7.531e-15,,,7.531e-15
213.17,7.741e-15,,,7.741e-15
213.22,9.172e-15,,,9.172e-15
213.27,1.144e-14,,,1.144e-14
213.32,1.377e-14,,,1.377e-14
213.37,1.529e-14,,,1.529e-14
213.42,1.538e-14,,,1.538e-14
213.47,1.391e-14,,,1.391e-14
213.52,1.132e-14,,,1.132e-14
213.57,8.335e-15,,,8.335e-15
213.62,5.704e-15,,,5.704e-15
213.67,3.978e-15,,,3.978e-15
213.72,3.455e-15,,,3.455e-15
213.77,2.345e-9,2.345e-9,,4.237e-15
213.82,3.772e-8,3.772e-8,,6.249e-15
213.87,5.445e-7,5.445e-7,,9.195e-15
213.92,7.055e-6,7.055e-6,,1.250e-14
213.97,8.205e-5,8.205e-5,,1.535e-14
214.02,8.564e-4,8.564e-4,,1.695e-14
214.07,8.024e-3,8.024e-3,,1.681e-14
214.12,6.747e-2,6.747e-2,,1.499e-14
214.17,5.092e-1,5.092e-1,,1.206e-14
214.22,3.450e+0,3.450e+0,,8.807e-15
214.27,2.098e+1,2.098e+1,,5.901e-15
214.32,1.145e+2,1.145e+2,,3.702e-15
214.37,5.607e+2,5.607e+2,,2.240e-15
214.42,2.465e+3,2.465e+3,,1.352e-15
214.47,9.727e+3,9.727e+3,,8.304e-16
214.52,3.445e+4,3.445e+4,,5.150e-16
214.57,1.095e+5,1.095e+5,,3.139e-16
214.62,3.125e+5,3.125e+5,,1.854e-16
214.67,8.002e+5,8.002e+5,,1.157e-16
214.72,1.839e+6,1.839e+6,,1.110e-16
214.77,3.794e+6,3.794e+6,,2.083e-16
214.82,7.026e+6,7.026e+6,,4.990e-16
214.87,1.168e+7,1.168e+7,,1.154e-15
214.92,1.742e+7,1.742e+7,,2.426e-15
214.97,2.332e+7,2.332e+7,,4.584e-15
215.02,2.803e+7,2.803e+7,,7.779e-15
215.07,3.023e+7,3.023e+7,,1.185e-14
215.12,2.926e+7,2.926e+7,,1.620e-14
215.17,2.543e+7,2.543e+7,,1.989e-14
215.22,1.983e+7,1.983e+7,,2.192e-14
215.27,1.388e+7,1.388e+7,,2.169e-14
215.32,8.722e+6,8.722e+6,,1.926e-14
215.37,4.918e+6,4.918e+6,,1.535e-14
215.42,2.489e+6,2.489e+6,,1.099e-14
215.47,1.131e+6,1.131e+6,,7.059e-15
215.52,4.611e+5,4.611e+5,,4.071e-15
215.57,1.687e+5,1.687e+5,,2.108e-15
215.62,5.543e+4,5.543e+4,,9.795e-16
215.67,1.634e+4,1.634e+4,,4.088e-16
215.72,4.324e+3,4.324e+3,,1.535e-16
215.77,1.027e+3,1.027e+3,,5.293e-17
215.82,2.189e+2,2.189e+2,,2.023e-17
215.87,4.189e+1,4.189e+1,,1.775e-17
215.92,7.194e+0,7.194e+0,,3.607e-17
215.97,1.109e+0,1.109e+0,,8.172e-17
216.02,1.534e-1,1.534e-1,,1.704e-16
216.07,1.905e-2,1.905e-2,,3.199e-16
216.12,2.123e-3,2.123e-3,,5.399e-16
216.17,2.124e-4,2.124e-4,,8.190e-16
216.22,1.907e-5,1.907e-5,,1.116e-15
216.27,1.537e-6,1.537e-6,,1.368e-15
216.32,1.112e-7,1.112e-7,,1.506e-15
216.37,7.216e-9,7.216e-9,,1.490e-15
216.42,1.325e-15,,,1.325e-15
216.47,1.059e-15,,,1.059e-15
216.52,7.617e-16,,,7.617e-16
216.57,4.966e-16,,,4.966e-16
216.62,3.048e-16,,,3.048e-16
216.67,2.084e-16,,,2.084e-16
216.72,2.293e-16,,,2.293e-16
216.77,4.116e-16,,,4.116e-16
216.82,8.338e-16,,,8.338e-16
216.87,1.597e-15,,,1.597e-15
216.92,2.776e-15,,,2.776e-15
216.97,4.350e-15,,,4.350e-15
217.02,6.134e-15,,,6.134e-15
217.07,7.783e-15,,,7.783e-15
217.12,8.885e-15,,,8.885e-15
217.17,9.125e-15,,,9.125e-15
217.22,8.431e-15,,,8.431e-15
217.27,7.011e-15,,,7.011e-15
217.32,5.250e-15,,,5.250e-15
217.37,3.553e-15,,,3.553e-15
217.42,2.208e-15,,,2.208e-15
217.47,1.341e-15,,,1.341e-15
217.52,9.549e-16,,,9.549e-16
217.57,1.000e-15,,,1.000e-15
217.62,1.410e-15,,,1.410e-15
217.67,2.098e-15,,,2.098e-15
217.72,2.934e-15,,,2.934e-15
217.77,3.735e-15,,,3.735e-15
217.82,4.299e-15,,,4.299e-15
217.87,4.474e-15,,,4.474e-15
217.92,4.227e-15,,,4.227e-15
217.97,3.657e-15,,,3.657e-15
218.02,2.940e-15,,,2.940e-15
218.07,2.253e-15,,,2.253e-15
218.12,1.699e-15,,,1.699e-15
218.17,1.298e-15,,,1.298e-15
218.22,1.011e-15,,,1.011e-15
218.27,7.860e-16,,,7.860e-16
218.32,5.903e-16,,,5.903e-16
218.37,4.161e-16,,,4.161e-16
218.42,2.700e-16,,,2.700e-16
218.47,2.869e-9,,2.869e-9,1.597e-16
218.52,4.103e-8,,4.103e-8,8.581e-17
218.57,5.290e-7,,5.290e-7,4.265e-17
218.62,6.151e-6,,6.151e-6,2.213e-17
218.67,6.448e-5,,6.448e-5,1.823e-17
218.72,6.095e-4,,6.095e-4,2.959e-17
218.77,5.194e-3,6.131e-8,5.194e-3,5.996e-17
218.82,3.992e-2,8.527e-7,3.992e-2,1.166e-16
218.87,2.766e-1,1.070e-5,2.766e-1,2.065e-16
218.92,1.728e+0,1.210e-4,1.728e+0,3.298e-16
218.97,9.735e+0,1.235e-3,9.734e+0,4.749e-16
219.02,4.945e+1,1.137e-2,4.944e+1,6.161e-16
219.07,2.265e+2,9.436e-2,2.264e+2,7.203e-16
219.12,9.357e+2,7.065e-1,9.350e+2,7.588e-16
219.17,3.486e+3,4.770e+0,3.481e+3,7.203e-16
219.22,1.172e+4,2.905e+1,1.169e+4,6.161e-16
219.27,3.554e+4,1.596e+2,3.538e+4,4.749e-16
219.32,9.736e+4,7.905e+2,9.657e+4,3.298e-16
219.37,2.412e+5,3.532e+3,2.377e+5,2.064e-16
219.42,5.416e+5,1.423e+4,5.274e+5,1.164e-16
219.47,1.107e+6,5.173e+4,1.055e+6,5.917e-17
219.52,2.073e+6,1.696e+5,1.904e+6,2.712e-17
219.57,3.598e+6,5.013e+5,3.096e+6,1.128e-17
219.62,5.878e+6,1.337e+6,4.541e+6,4.517e-18
219.67,9.221e+6,3.215e+6,6.006e+6,2.624e-18
219.72,1.413e+7,6.973e+6,7.161e+6,4.220e-18
219.77,2.134e+7,1.364e+7,7.699e+6,1.071e-17
219.82,3.153e+7,2.407e+7,7.464e+6,2.674e-17
219.87,4.483e+7,3.830e+7,6.524e+6,6.096e-17
219.92,6.011e+7,5.497e+7,5.142e+6,1.261e-16
219.97,7.481e+7,7.116e+7,3.654e+6,2.369e-16
220.02,8.542e+7,8.308e+7,2.341e+6,4.056e-16
220.07,8.883e+7,8.748e+7,1.353e+6,6.349e-16
220.12,8.378e+7,8.308e+7,7.049e+5,9.133e-16
220.17,7.149e+7,7.116e+7,3.319e+5,1.214e-15
220.22,5.512e+7,5.497e+7,1.436e+5,1.498e-15
220.27,3.837e+7,3.830e+7,6.569e+4,1.727e-15
220.32,2.413e+7,2.407e+7,5.715e+4,1.864e-15
220.37,1.376e+7,1.364e+7,1.170e+5,1.885e-15
220.42,7.264e+6,6.973e+6,2.903e+5,1.782e-15
220.47,3.891e+6,3.215e+6,6.764e+5,1.568e-15
220.52,2.765e+6,1.337e+6,1.429e+6,1.277e-15
220.57,3.226e+6,5.013e+5,2.725e+6,9.577e-16
220.62,4.861e+6,1.696e+5,4.691e+6,6.577e-16
220.67,7.342e+6,5.173e+4,7.290e+6,4.120e-16
220.72,1.024e+7,1.423e+4,1.022e+7,2.347e-16
220.77,1.295e+7,3.532e+3,1.294e+7,1.213e-16
220.82,1.479e+7,7.905e+2,1.479e+7,5.675e-17
220.87,1.525e+7,1.596e+2,1.525e+7,2.402e-17
220.92,1.419e+7,2.905e+1,1.419e+7,9.191e-18
220.97,1.192e+7,4.770e+0,1.192e+7,3.177e-18
221.02,9.041e+6,7.065e-1,9.041e+6,9.913e-19
221.07,6.187e+6,9.436e-2,6.187e+6,2.793e-19
221.12,3.822e+6,1.137e-2,3.822e+6,7.115e-20
221.17,2.131e+6,1.235e-3,2.131e+6,1.706e-20
221.22,1.072e+6,1.210e-4,1.072e+6,7.217e-21
221.27,4.870e+5,1.070e-5,4.870e+5,1.806e-20
221.32,1.996e+5,8.527e-7,1.996e+5,7.153e-20
221.37,7.386e+4,6.131e-8,7.386e+4,2.644e-19
221.42,2.466e+4,3.975e-9,2.466e+4,8.845e-19
221.47,7.434e+3,,7.434e+3,2.673e-18
221.52,2.022e+3,,2.022e+3,7.299e-18
221.57,4.966e+2,,4.966e+2,1.801e-17
221.62,1.101e+2,,1.101e+2,4.014e-17
221.67,2.202e+1,,2.202e+1,8.084e-17
221.72,3.975e+0,,3.975e+0,1.471e-16
221.77,6.477e-1,,6.477e-1,2.418e-16
221.82,9.527e-2,,9.527e-2,3.593e-16
221.87,1.265e-2,,1.265e-2,4.822e-16
221.92,1.515e-3,,1.515e-3,5.847e-16
221.97,1.639e-4,,1.639e-4,6.406e-16
222.02,1.599e-5,,1.599e-5,6.341e-16
222.07,1.409e-6,,1.409e-6,5.672e-16
222.12,1.120e-7,,1.120e-7,4.583e-16
222.17,8.042e-9,,8.042e-9,3.346e-16
222.22,2.207e-16,,,2.207e-16
222.27,1.316e-16,,,1.316e-16
222.32,7.085e-17,,,7.085e-17
222.37,3.447e-17,,,3.447e-17
222.42,1.515e-17,,,1.515e-17
222.47,6.019e-18,,,6.019e-18
222.52,2.160e-18,,,2.160e-18
222.57,7.004e-19,,,7.004e-19
222.62,2.052e-19,,,2.052e-19
222.67,5.431e-20,,,5.431e-20
222.72,1.299e-20,,,1.299e-20
222.77,2.806e-21,,,2.806e-21
222.82,5.478e-22,,,5.478e-22
222.87,9.663e-23,,,9.663e-23
222.92,1.540e-23,,,1.540e-23
222.97,2.217e-24,,,2.217e-24
223.02,2.885e-25,,,2.885e-25
223.07,3.391e-26,,,3.391e-26
223.12,3.601e-27,,,3.601e-27
223.17,3.456e-28,,,3.456e-28
223.22,2.996e-29,,,2.996e-29
223.27,2.347e-30,,,2.347e-30
223.32,1.661e-31,,,1.661e-31
226.17,2.228e-8,2.228e-8,,
226.22,3.051e-7,3.051e-7,,
226.27,3.794e-6,3.794e-6,,7.392e-31
226.32,4.283e-5,4.283e-5,,1.010e-29
226.37,4.390e-4,4.390e-4,,1.253e-28
226.42,4.086e-3,4.086e-3,,1.411e-27
226.47,3.452e-2,3.452e-2,,1.443e-26
226.52,2.649e-1,2.649e-1,,1.340e-25
226.57,1.845e+0,1.845e+0,,1.130e-24
226.62,1.167e+1,1.167e+1,,8.655e-24
226.67,6.700e+1,6.700e+1,,6.018e-23
226.72,3.493e+2,3.493e+2,,3.800e-22
226.77,1.654e+3,1.654e+3,,2.178e-21
226.82,7.108e+3,7.108e+3,,1.134e-20
226.87,2.774e+4,2.774e+4,,5.361e-20
226.92,9.828e+4,9.828e+4,,2.301e-19
226.97,3.162e+5,3.162e+5,,8.968e-19
227.02,9.235e+5,9.235e+5,,3.174e-18
227.07,2.449e+6,2.449e+6,,1.020e-17
227.12,5.897e+6,5.897e+6,,2.976e-17
227.17,1.289e+7,1.289e+7,,7.886e-17
227.22,2.559e+7,2.559e+7,,1.897e-16
227.27,4.613e+7,4.613e+7,,4.145e-16
227.32,7.548e+7,7.548e+7,,8.223e-16
227.37,1.121e+8,1.121e+8,,1.481e-15
227.42,1.513e+8,1.513e+8,,2.423e-15
227.47,1.853e+8,1.853e+8,,3.598e-15
227.52,2.061e+8,2.061e+8,,4.853e-15
227.57,2.081e+8,2.081e+8,,5.943e-15
227.62,1.907e+8,1.907e+8,,6.608e-15
227.67,1.588e+8,1.588e+8,,6.672e-15
227.72,1.200e+8,1.200e+8,,6.117e-15
227.77,8.233e+7,8.233e+7,,5.093e-15
227.82,5.129e+7,5.129e+7,,3.850e-15
227.87,2.902e+7,2.902e+7,,2.643e-15
227.92,1.490e+7,1.490e+7,,1.647e-15
227.97,6.949e+6,6.949e+6,,9.324e-16
228.02,2.942e+6,2.942e+6,,4.793e-16
228.07,1.131e+6,1.131e+6,,2.239e-16
228.12,3.948e+5,3.948e+5,,9.508e-17
228.17,1.251e+5,1.251e+5,,3.681e-17
228.22,3.600e+4,3.600e+4,,1.306e-17
228.27,9.405e+3,9.405e+3,,4.314e-18
228.32,2.231e+3,2.231e+3,,1.371e-18
228.37,4.804e+2,4.804e+2,,4.469e-19
228.42,9.394e+1,9.394e+1,,1.613e-19
228.47,1.668e+1,1.668e+1,,6.607e-20
228.52,2.689e+0,2.689e+0,,2.907e-20
228.57,3.935e-1,3.935e-1,,1.272e-20
228.62,5.229e-2,5.229e-2,,5.269e-21
228.67,6.309e-3,6.309e-3,,2.015e-21
228.72,6.912e-4,6.912e-4,,7.043e-22
228.77,6.875e-5,6.875e-5,,2.242e-22
228.82,6.208e-6,6.208e-6,,6.490e-23
228.87,5.091e-7,5.091e-7,,1.707e-23
228.92,3.790e-8,3.790e-8,,4.082e-24
228.97,8.975e-25,,,8.975e-25
229.02,2.322e-25,,,2.322e-25
229.07,2.856e-25,,,2.856e-25
229.12,1.028e-24,,,1.028e-24
229.17,3.740e-24,,,3.740e-24
229.22,1.244e-23,,,1.244e-23
229.27,3.766e-23,,,3.766e-23
229.32,1.037e-22,,,1.037e-22
229.37,2.597e-22,,,2.597e-22
229.42,5.917e-22,,,5.917e-22
229.47,1.226e-21,,,1.226e-21
229.52,2.312e-21,,,2.312e-21
229.57,3.966e-21,,,3.966e-21
229.62,6.189e-21,,,6.189e-21
229.67,8.784e-21,,,8.784e-21
229.72,1.134e-20,,,1.134e-20
229.77,1.332e-20,,,1.332e-20
229.82,1.423e-20,,,1.423e-20
229.87,1.384e-20,,,1.384e-20
229.92,1.223e-20,,,1.223e-20
229.97,9.841e-21,,,9.841e-21
230.02,7.205e-21,,,7.205e-21
230.07,4.830e-21,,,4.830e-21
230.12,3.187e-21,,,3.187e-21
230.17,3.593e-21,,,3.593e-21
230.22,1.364e-20,,,1.364e-20
230.27,7.617e-20,,,7.617e-20
230.32,4.101e-19,,,4.101e-19
230.37,2.028e-18,,,2.028e-18
230.42,9.175e-18,,,9.175e-18
230.47,3.792e-17,,,3.792e-17
230.52,1.431e-16,,,1.431e-16
230.57,4.925e-16,,,4.925e-16
230.62,1.547e-15,,,1.547e-15
230.67,4.430e-15,,,4.430e-15
230.72,1.156e-14,,,1.156e-14
230.77,2.752e-14,,,2.752e-14
230.82,5.967e-14,,,5.967e-14
230.87,1.179e-13,,,1.179e-13
230.92,2.122e-13,,,2.122e-13
230.97,3.480e-13,,,3.480e-13
231.02,5.198e-13,,,5.198e-13
231.07,7.073e-13,,,7.073e-13
231.12,8.765e-13,,,8.765e-13
231.17,9.895e-13,,,9.895e-13
231.22,1.017e-12,,,1.017e-12
231.27,9.525e-13,,,9.525e-13
231.32,8.123e-13,,,8.123e-13
231.37,6.309e-13,,,6.309e-13
231.42,4.463e-13,,,4.463e-13
231.47,2.875e-13,,,2.875e-13
231.52,1.687e-13,,,1.687e-13
231.58,7.863e-14,,,7.863e-14
231.63,3.756e-14,,,3.756e-14
231.68,1.634e-14,,,1.634e-14
231.73,6.471e-15,,,6.471e-15
231.78,2.335e-15,,,2.335e-15
231.83,7.670e-16,,,7.670e-16
231.88,2.295e-16,,,2.295e-16
231.93,6.256e-17,,,6.256e-17
231.98,1.555e-17,,,1.555e-17
232.03,3.542e-18,,,3.542e-18
232.08,7.642e-19,,,7.642e-19
232.13,1.832e-19,,,1.832e-19
232.18,7.399e-20,,,7.399e-20
232.23,5.469e-20,,,5.469e-20
232.28,4.907e-20,,,4.907e-20
232.33,4.371e-20,,,4.371e-20
232.38,3.701e-20,,,3.701e-20
232.43,2.946e-20,,,2.946e-20
232.48,2.189e-20,,,2.189e-20
232.53,1.510e-20,,,1.510e-20
232.58,9.632e-21,,,9.632e-21
232.63,5.656e-21,,,5.656e-21
232.68,3.049e-21,,,3.049e-21
232.73,1.506e-21,,,1.506e-21
232.78,6.807e-22,,,6.807e-22
232.83,2.831e-22,,,2.831e-22
232.88,1.140e-22,,,1.140e-22
232.93,6.130e-23,,,6.130e-23
232.98,8.041e-23,,,8.041e-23
233.03,1.775e-22,,,1.775e-22
233.08,4.023e-22,,,4.023e-22
233.13,8.443e-22,,,8.443e-22
233.18,1.620e-21,,,1.620e-21
233.23,2.838e-21,,,2.838e-21
233.28,4.544e-21,,,4.544e-21
233.33,6.654e-21,,,6.654e-21
233.38,8.937e-21,,,8.937e-21
233.43,1.106e-20,,,1.106e-20
233.48,1.271e-20,,,1.271e-20
233.53,1.376e-20,,,1.376e-20
233.58,1.434e-20,,,1.434e-20
233.63,1.478e-20,,,1.478e-20
233.68,1.545e-20,,,1.545e-20
233.73,1.652e-20,,,1.652e-20
233.78,1.789e-20,,,1.789e-20
233.83,1.928e-20,,,1.928e-20
233.88,2.034e-20,,,2.034e-20
233.93,2.093e-20,,,2.093e-20
233.98,2.109e-20,,,2.109e-20
234.03,2.099e-20,,,2.099e-20
234.08,2.076e-20,,,2.076e-20
234.13,2.043e-20,,,2.043e-20
234.18,1.993e-20,,,1.993e-20
234.23,1.927e-20,,,1.927e-20
234.28,1.892e-20,,,1.892e-20
234.33,2.117e-20,,,2.117e-20
234.38,3.485e-20,,,3.485e-20
234.43,9.011e-20,,,9.011e-20
234.48,2.797e-19,,,2.797e-19
234.53,8.594e-19,,,8.594e-19
234.58,2.461e-18,,,2.461e-18
234.63,6.466e-18,,,6.466e-18
234.68,1.554e-17,,,1.554e-17
234.73,3.413e-17,,,3.413e-17
234.78,6.848e-17,,,6.848e-17
234.83,1.255e-16,,,1.255e-16
234.88,2.102e-16,,,2.102e-16
234.93,3.215e-16,,,3.215e-16
234.98,4.492e-16,,,4.492e-16
235.03,5.734e-16,,,5.734e-16
235.08,6.687e-16,,,6.687e-16
235.13,7.124e-16,,,7.124e-16
235.18,6.934e-16,,,6.934e-16
235.23,6.165e-16,,,6.165e-16
235.28,5.007e-16,,,5.007e-16
235.33,3.715e-16,,,3.715e-16
235.38,2.518e-16,,,2.518e-16
235.43,1.560e-16,,,1.560e-16
235.48,8.824e-17,,,8.824e-17
235.53,4.562e-17,,,4.562e-17
235.58,2.156e-17,,,2.156e-17
235.63,9.321e-18,,,9.321e-18
235.68,3.694e-18,,,3.694e-18
235.73,1.348e-18,,,1.348e-18
235.78,4.580e-19,,,4.580e-19
235.83,1.485e-19,,,1.485e-19
235.88,4.812e-20,,,4.812e-20
235.93,1.667e-20,,,1.667e-20
235.98,6.456e-21,,,6.456e-21
236.03,2.740e-21,,,2.740e-21
236.08,1.195e-21,,,1.195e-21
236.13,5.060e-22,,,5.060e-22
236.18,2.014e-22,,,2.014e-22
236.23,7.422e-23,,,7.422e-23
236.28,2.515e-23,,,2.515e-23
236.33,7.814e-24,,,7.814e-24
236.38,2.223e-24,,,2.223e-24
236.43,5.788e-25,,,5.788e-25
236.48,1.379e-25,,,1.379e-25
236.53,3.003e-26,,,3.003e-26
236.58,5.981e-27,,,5.981e-27
236.63,1.089e-27,,,1.089e-27
236.68,1.813e-28,,,1.813e-28
236.73,2.760e-29,,,2.760e-29
236.78,3.839e-30,,,3.839e-30
236.83,4.882e-31,,,4.882e-31
236.88,5.674e-32,,,5.674e-32
236.93,6.028e-33,,,6.028e-33
236.98,5.846e-34,,,5.846e-34
237.03,5.189e-35,,,5.189e-35
237.08,4.209e-36,,,4.209e-36
237.88,6.715e-31,,,6.715e-31
237.93,7.944e-30,,,7.944e-30
237.98,8.612e-29,,,8.612e-29
238.03,8.556e-28,,,8.556e-28
238.08,7.789e-27,,,7.789e-27
238.13,6.499e-26,,,6.499e-26
238.18,4.969e-25,,,4.969e-25
238.23,3.481e-24,,,3.481e-24
238.28,2.235e-23,,,2.235e-23
238.33,1.315e-22,,,1.315e-22
238.38,7.091e-22,,,7.091e-22
238.43,5.710e-8,5.710e-8,,3.504e-21
238.48,6.565e-7,6.565e-7,,1.587e-20
238.53,6.920e-6,6.920e-6,,6.584e-20
238.58,6.687e-5,6.687e-5,,2.504e-19
238.63,5.924e-4,5.924e-4,,8.725e-19
238.68,4.811e-3,4.811e-3,,2.786e-18
238.73,3.582e-2,3.582e-2,,8.154e-18
238.78,2.445e-1,2.445e-1,,2.187e-17
238.83,1.530e+0,1.530e+0,,5.374e-17
238.88,8.778e+0,8.778e+0,,1.210e-16
238.93,4.616e+1,4.616e+1,,2.498e-16
238.98,2.226e+2,2.226e+2,,4.725e-16
239.03,9.838e+2,9.838e+2,,8.190e-16
239.08,3.987e+3,3.987e+3,,1.301e-15
239.13,1.481e+4,1.481e+4,,1.893e-15
239.18,5.044e+4,5.044e+4,,2.526e-15
239.23,1.575e+5,1.575e+5,,3.087e-15
239.28,4.507e+5,4.507e+5,,3.458e-15
239.33,1.183e+6,1.183e+6,,3.550e-15
239.38,2.845e+6,2.845e+6,,3.340e-15
239.43,6.274e+6,6.274e+6,,2.879e-15
239.48,1.268e+7,1.268e+7,,2.274e-15
239.53,2.351e+7,2.351e+7,,1.647e-15
239.58,3.995e+7,3.995e+7,,1.092e-15
239.63,6.223e+7,6.223e+7,,6.642e-16
239.68,8.887e+7,8.887e+7,,3.700e-16
239.73,1.164e+8,1.164e+8,,1.889e-16
239.78,1.396e+8,1.396e+8,,8.840e-17
239.83,1.537e+8,1.537e+8,,3.790e-17
239.88,1.550e+8,1.550e+8,,1.489e-17
239.93,1.433e+8,1.433e+8,,5.363e-18
239.98,1.215e+8,1.215e+8,,1.770e-18
240.03,9.445e+7,9.445e+7,,5.351e-19
240.08,6.729e+7,6.729e+7,,1.483e-19
240.13,4.396e+7,4.396e+7,,3.766e-20
240.18,2.632e+7,2.632e+7,,8.763e-21
240.23,1.445e+7,1.445e+7,,1.869e-21
240.28,7.273e+6,7.273e+6,,3.652e-22
240.33,3.356e+6,3.356e+6,,6.541e-23
240.38,1.419e+6,1.419e+6,,1.074e-23
240.43,5.504e+5,5.504e+5,,1.615e-24
240.48,1.957e+5,1.957e+5,,2.225e-25
240.53,6.377e+4,6.377e+4,,2.811e-26
240.58,1.905e+4,1.905e+4,,3.253e-27
240.63,5.219e+3,5.219e+3,,3.451e-28
240.68,1.311e+3,1.311e+3,,3.354e-29
240.73,3.017e+2,3.017e+2,,2.988e-30
240.78,6.367e+1,6.367e+1,,2.439e-31
240.83,1.232e+1,1.232e+1,,
240.88,2.185e+0,2.185e+0,,
240.93,3.553e-1,3.553e-1,,
240.98,5.297e-2,5.297e-2,,
241.03,7.239e-3,7.239e-3,,
241.08,9.069e-4,9.069e-4,,
241.13,1.042e-4,1.042e-4,,
241.18,1.097e-5,1.097e-5,,
241.23,1.059e-6,1.059e-6,,
241.28,9.370e-8,9.370e-8,,
241.63,7.129e-32,,,7.129e-32
241.68,8.360e-31,,,8.360e-31
241.73,9.008e-30,,,9.008e-30
241.78,8.919e-29,,,8.919e-29
241.83,8.115e-28,,,8.115e-28
241.88,6.784e-27,,,6.784e-27
241.93,5.211e-26,,,5.211e-26
241.98,3.678e-25,,,3.678e-25
242.03,2.386e-24,,,2.386e-24
242.08,1.422e-23,,,1.422e-23
242.13,7.787e-23,,,7.787e-23
242.18,3.918e-22,,,3.918e-22
242.23,1.812e-21,,,1.812e-21
242.28,7.698e-21,,,7.698e-21
242.33,3.006e-20,,,3.006e-20
242.38,1.078e-19,,,1.078e-19
242.43,3.554e-19,,,3.554e-19
242.48,1.077e-18,,,1.077e-18
242.53,2.997e-18,,,2.997e-18
242.58,7.664e-18,,,7.664e-18
242.63,1.801e-17,,,1.801e-17
242.68,3.890e-17,,,3.890e-17
242.73,7.718e-17,,,7.718e-17
242.78,1.407e-16,,,1.407e-16
242.83,2.358e-16,,,2.358e-16
242.88,3.630e-16,,,3.630e-16
242.93,5.135e-16,,,5.135e-16
242.98,6.674e-16,,,6.674e-16
243.03,7.972e-16,,,7.972e-16
243.08,8.749e-16,,,8.749e-16
243.13,8.824e-16,,,8.824e-16
243.18,8.177e-16,,,8.177e-16
243.23,6.963e-16,,,6.963e-16
243.28,5.448e-16,,,5.448e-16
243.33,3.917e-16,,,3.917e-16
243.38,2.588e-16,,,2.588e-16
243.43,1.571e-16,,,1.571e-16
243.48,8.767e-17,,,8.767e-17
243.53,4.507e-17,,,4.507e-17
243.58,2.167e-17,,,2.167e-17
243.63,1.067e-17,,,1.067e-17
243.68,7.747e-18,,,7.747e-18
243.73,1.157e-17,,,1.157e-17
243.78,2.392e-17,,,2.392e-17
243.83,4.962e-17,,,4.962e-17
243.88,9.599e-17,,,9.599e-17
243.93,1.711e-16,,,1.711e-16
243.98,2.805e-16,,,2.805e-16
244.03,4.229e-16,,,4.229e-16
244.08,5.864e-16,,,5.864e-16
244.13,7.478e-16,,,7.478e-16
244.18,8.768e-16,,,8.768e-16
244.23,9.455e-16,,,9.455e-16
244.28,9.376e-16,,,9.376e-16
244.33,8.551e-16,,,8.551e-16
244.38,7.171e-16,,,7.171e-16
244.43,5.530e-16,,,5.530e-16
244.48,3.922e-16,,,3.922e-16
244.53,2.558e-16,,,2.558e-16
244.58,1.534e-16,,,1.534e-16
244.63,8.461e-17,,,8.461e-17
244.68,4.292e-17,,,4.292e-17
244.73,2.002e-17,,,2.002e-17
244.78,8.586e-18,,,8.586e-18
244.83,3.387e-18,,,3.387e-18
244.88,1.229e-18,,,1.229e-18
244.93,4.098e-19,,,4.098e-19
244.98,1.257e-19,,,1.257e-19
245.03,3.546e-20,,,3.546e-20
245.08,9.200e-21,,,9.200e-21
245.13,2.195e-21,,,2.195e-21
245.18,4.815e-22,,,4.815e-22
245.23,9.714e-23,,,9.714e-23
245.28,1.802e-23,,,1.802e-23
245.33,3.075e-24,,,3.075e-24
245.38,4.825e-25,,,4.825e-25
245.43,6.962e-26,,,6.962e-26
245.48,9.237e-27,,,9.237e-27
245.53,1.127e-27,,,1.127e-27
245.58,1.269e-28,,,1.269e-28
245.63,1.706e-29,,,1.706e-29
245.68,3.944e-29,,,3.944e-29
245.73,3.351e-28,,,3.351e-28
245.78,2.707e-27,,,2.707e-27
245.83,2.016e-26,,,2.016e-26
245.88,1.382e-25,,,1.382e-25
245.93,8.737e-25,,,8.737e-25
245.98,5.087e-24,,,5.087e-24
246.03,2.729e-23,,,2.729e-23
246.08,1.349e-22,,,1.349e-22
246.13,6.146e-22,,,6.146e-22
246.18,2.580e-21,,,2.580e-21
246.23,9.981e-21,,,9.981e-21
246.28,3.559e-20,,,3.559e-20
246.33,1.170e-19,,,1.170e-19
246.38,3.545e-19,,,3.545e-19
246.43,9.911e-19,,,9.911e-19
246.48,2.557e-18,,,2.557e-18
246.53,6.091e-18,,,6.091e-18
246.58,1.341e-17,,,1.341e-17
246.63,2.734e-17,,,2.734e-17
246.68,5.166e-17,,,5.166e-17
246.73,9.072e-17,,,9.072e-17
246.78,1.485e-16,,,1.485e-16
246.83,2.274e-16,,,2.274e-16
246.88,3.272e-16,,,3.272e-16
246.93,4.442e-16,,,4.442e-16
246.98,5.714e-16,,,5.714e-16
247.03,6.984e-16,,,6.984e-16
247.08,8.124e-16,,,8.124e-16
247.13,8.985e-16,,,8.985e-16
247.18,9.425e-16,,,9.425e-16
247.23,9.341e-16,,,9.341e-16
247.28,8.708e-16,,,8.708e-16
247.33,7.604e-16,,,7.604e-16
247.38,6.196e-16,,,6.196e-16
247.43,4.696e-16,,,4.696e-16
247.48,3.302e-16,,,3.302e-16
247.53,2.150e-16,,,2.150e-16
247.58,1.294e-16,,,1.294e-16
247.63,7.200e-17,,,7.200e-17
247.68,3.697e-17,,,3.697e-17
247.73,1.751e-17,,,1.751e-17
247.78,7.651e-18,,,7.651e-18
247.83,3.082e-18,,,3.082e-18
247.88,1.144e-18,,,1.144e-18
247.93,3.917e-19,,,3.917e-19
247.98,1.236e-19,,,1.236e-19
248.03,3.593e-20,,,3.593e-20
248.08,9.627e-21,,,9.627e-21
248.13,2.377e-21,,,2.377e-21
248.18,5.411e-22,,,5.411e-22
248.23,1.147e-22,,,1.147e-22
248.28,2.965e-23,,,2.965e-23
248.33,4.547e-23,,,4.547e-23
248.38,2.066e-22,,,2.066e-22
248.43,9.420e-22,,,9.420e-22
248.48,3.975e-21,,,3.975e-21
248.53,1.549e-20,,,1.549e-20
248.58,5.573e-20,,,5.573e-20
248.63,1.854e-19,,,1.854e-19
248.68,5.709e-19,,,5.709e-19
248.73,1.633e-18,,,1.633e-18
248.78,4.364e-18,,,4.364e-18
248.83,1.101e-17,,,1.101e-17
248.88,2.670e-17,,,2.670e-17
248.93,6.375e-17,,,6.375e-17
248.98,1.541e-16,,,1.541e-16
249.03,3.835e-16,,,3.835e-16
249.08,9.786e-16,,,9.786e-16
249.13,2.503e-15,,,2.503e-15
249.18,6.246e-15,,,6.246e-15
249.23,1.486e-14,,,1.486e-14
249.28,3.325e-14,,,3.325e-14
249.33,6.934e-14,,,6.934e-14
249.38,1.341e-13,,,1.341e-13
249.43,2.401e-13,,,2.401e-13
249.48,3.973e-13,,,3.973e-13
249.53,6.071e-13,,,6.071e-13
249.58,8.565e-13,,,8.565e-13
249.63,1.116e-12,,,1.116e-12
249.68,1.341e-12,,,1.341e-12
249.73,1.489e-12,,,1.489e-12
249.78,1.525e-12,,,1.525e-12
249.83,1.442e-12,,,1.442e-12
249.88,1.258e-12,,,1.258e-12
249.93,1.013e-12,,,1.013e-12
249.98,7.532e-13,,,7.532e-13
250.03,5.168e-13,,,5.168e-13
250.08,3.273e-13,,,3.273e-13
250.13,1.913e-13,,,1.913e-13
250.18,1.032e-13,,,1.032e-13
250.23,5.139e-14,,,5.139e-14
250.28,2.362e-14,,,2.362e-14
250.33,1.002e-14,,,1.002e-14
250.38,3.923e-15,,,3.923e-15
250.43,1.418e-15,,,1.418e-15
250.48,4.728e-16,,,4.728e-16
250.53,1.456e-16,,,1.456e-16
250.58,4.136e-17,,,4.136e-17
250.63,1.085e-17,,,1.085e-17
250.68,2.625e-18,,,2.625e-18
250.73,5.866e-19,,,5.866e-19
250.78,1.210e-19,,,1.210e-19
250.83,2.302e-20,,,2.302e-20
250.88,4.044e-21,,,4.044e-21
250.93,6.557e-22,,,6.557e-22
250.98,9.813e-23,,,9.813e-23
251.03,1.355e-23,,,1.355e-23
251.08,1.728e-24,,,1.728e-24
251.13,2.033e-25,,,2.033e-25
251.18,2.208e-26,,,2.208e-26
251.23,2.214e-27,,,2.214e-27
251.28,2.048e-28,,,2.048e-28
252.63,8.705e-28,,,8.705e-28
252.68,8.809e-27,,,8.809e-27
252.73,8.251e-26,,,8.251e-26
252.78,7.152e-25,,,7.152e-25
252.83,5.738e-24,,,5.738e-24
252.88,4.261e-23,,,4.261e-23
252.93,2.928e-22,,,2.928e-22
252.98,1.862e-21,,,1.862e-21
253.03,1.096e-20,,,1.096e-20
253.08,5.972e-20,,,5.972e-20
253.13,3.011e-19,,,3.011e-19
253.18,1.405e-18,,,1.405e-18
253.23,6.070e-18,,,6.070e-18
253.28,2.426e-17,,,2.426e-17
253.33,8.976e-17,,,8.976e-17
253.38,3.073e-16,,,3.073e-16
253.43,9.739e-16,,,9.739e-16
253.48,2.856e-15,,,2.856e-15
253.53,7.753e-15,,,7.753e-15
253.58,1.948e-14,,,1.948e-14
253.63,4.529e-14,,,4.529e-14
253.68,9.745e-14,,,9.745e-14
253.73,1.941e-13,,,1.941e-13
253.78,3.577e-13,,,3.577e-13
253.83,6.103e-13,,,6.103e-13
253.88,9.636e-13,,,9.636e-13
253.93,1.408e-12,,,1.408e-12
253.98,1.904e-12,,,1.904e-12
254.03,2.384e-12,,,2.384e-12
254.08,2.761e-12,,,2.761e-12
254.13,2.960e-12,,,2.960e-12
254.18,2.938e-12,,,2.938e-12
254.23,2.698e-12,,,2.698e-12
254.28,2.293e-12,,,2.293e-12
254.33,1.804e-12,,,1.804e-12
254.38,1.313e-12,,,1.313e-12
254.43,8.849e-13,,,8.849e-13
254.48,5.519e-13,,,5.519e-13
254.53,3.185e-13,,,3.185e-13
254.58,1.702e-13,,,1.702e-13
254.63,8.412e-14,,,8.412e-14
254.68,3.849e-14,,,3.849e-14
254.73,1.630e-14,,,1.630e-14
254.78,6.389e-15,,,6.389e-15
254.83,2.318e-15,,,2.318e-15
254.88,7.781e-16,,,7.781e-16
254.93,2.418e-16,,,2.418e-16
254.98,6.952e-17,,,6.952e-17
255.03,1.850e-17,,,1.850e-17
255.08,4.558e-18,,,4.558e-18
255.13,1.039e-18,,,1.039e-18
255.18,2.192e-19,,,2.192e-19
255.23,4.281e-20,,,4.281e-20
255.28,7.738e-21,,,7.738e-21
255.33,1.294e-21,,,1.294e-21
255.38,2.004e-22,,,2.004e-22
255.43,2.871e-23,,,2.871e-23
255.48,3.807e-24,,,3.807e-24
255.53,4.672e-25,,,4.672e-25
255.58,5.307e-26,,,5.307e-26
255.63,5.579e-27,,,5.579e-27
255.68,5.428e-28,,,5.428e-28
260.48,1.476e-28,,,1.476e-28
260.53,1.462e-27,,,1.462e-27
260.58,1.347e-26,,,1.347e-26
260.63,1.153e-25,,,1.153e-25
260.68,9.181e-25,,,9.181e-25
260.73,6.797e-24,,,6.797e-24
260.78,4.678e-23,,,4.678e-23
260.83,2.994e-22,,,2.994e-22
260.88,1.781e-21,,,1.781e-21
260.93,9.856e-21,,,9.856e-21
260.98,5.070e-20,,,5.070e-20
261.03,2.425e-19,,,2.425e-19
261.08,1.079e-18,,,1.079e-18
261.13,4.460e-18,,,4.460e-18
261.18,1.715e-17,,,1.715e-17
261.23,6.129e-17,,,6.129e-17
261.28,2.037e-16,,,2.037e-16
261.33,6.296e-16,,,6.296e-16
261.38,1.809e-15,,,1.809e-15
261.43,4.834e-15,,,4.834e-15
261.48,1.201e-14,,,1.201e-14
261.53,2.773e-14,,,2.773e-14
261.58,5.956e-14,,,5.956e-14
261.63,1.189e-13,,,1.189e-13
261.68,2.208e-13,,,2.208e-13
261.73,3.812e-13,,,3.812e-13
261.78,6.118e-13,,,6.118e-13
261.83,9.131e-13,,,9.131e-13
261.88,1.267e-12,,,1.267e-12
261.93,1.635e-12,,,1.635e-12
261.98,1.961e-12,,,1.961e-12
262.03,2.187e-12,,,2.187e-12
262.08,2.268e-12,,,2.268e-12
262.13,2.187e-12,,,2.187e-12
262.18,1.961e-12,,,1.961e-12
262.23,1.635e-12,,,1.635e-12
262.28,1.267e-12,,,1.267e-12
262.33,9.131e-13,,,9.131e-13
262.38,6.118e-13,,,6.118e-13
262.44,3.437e-13,,,3.437e-13
262.49,1.963e-13,,,1.963e-13
262.54,1.042e-13,,,1.042e-13
262.59,5.159e-14,,,5.159e-14
262.64,2.414e-14,,,2.414e-14
262.69,1.165e-14,,,1.165e-14
262.74,8.292e-15,,,8.292e-15
262.79,1.236e-14,,,1.236e-14
262.84,2.617e-14,,,2.617e-14
262.89,5.646e-14,,,5.646e-14
262.94,1.149e-13,,,1.149e-13
262.99,2.182e-13,,,2.182e-13
263.04,3.856e-13,,,3.856e-13
263.09,6.339e-13,,,6.339e-13
263.14,9.698e-13,,,9.698e-13
263.19,1.380e-12,,,1.380e-12
263.24,1.828e-12,,,1.828e-12
263.29,2.253e-12,,,2.253e-12
263.34,2.584e-12,,,2.584e-12
263.39,2.757e-12,,,2.757e-12
263.44,2.737e-12,,,2.737e-12
263.49,2.529e-12,,,2.529e-12
263.54,2.174e-12,,,2.174e-12
263.59,1.738e-12,,,1.738e-12
263.64,1.294e-12,,,1.294e-12
263.69,8.959e-13,,,8.959e-13
263.74,5.772e-13,,,5.772e-13
263.79,3.461e-13,,,3.461e-13
263.84,1.930e-13,,,1.930e-13
263.89,1.002e-13,,,1.002e-13
263.94,4.839e-14,,,4.839e-14
263.99,2.175e-14,,,2.175e-14
264.04,9.094e-15,,,9.094e-15
264.09,3.538e-15,,,3.538e-15
264.14,1.281e-15,,,1.281e-15
264.19,4.315e-16,,,4.315e-16
264.24,1.352e-16,,,1.352e-16
264.29,3.944e-17,,,3.944e-17
264.34,1.070e-17,,,1.070e-17
264.39,2.702e-18,,,2.702e-18
264.44,6.349e-19,,,6.349e-19
264.49,1.388e-19,,,1.388e-19
264.54,2.841e-20,,,2.841e-20
264.59,6.047e-21,,,6.047e-21
264.64,3.552e-21,,,3.552e-21
264.69,9.185e-21,,,9.185e-21
264.74,2.912e-20,,,2.912e-20
264.79,8.734e-20,,,8.734e-20
264.84,2.442e-19,,,2.442e-19
264.89,6.361e-19,,,6.361e-19
264.94,1.543e-18,,,1.543e-18
264.99,3.488e-18,,,3.488e-18
265.04,7.345e-18,,,7.345e-18
265.09,1.441e-17,,,1.441e-17
265.14,2.632e-17,,,2.632e-17
265.19,4.480e-17,,,4.480e-17
265.24,7.104e-17,,,7.104e-17
265.29,1.049e-16,,,1.049e-16
265.34,1.444e-16,,,1.444e-16
265.39,1.850e-16,,,1.850e-16
265.44,2.209e-16,,,2.209e-16
265.49,2.457e-16,,,2.457e-16
265.54,2.546e-16,,,2.546e-16
265.59,2.457e-16,,,2.457e-16
265.64,2.209e-16,,,2.209e-16
265.69,1.850e-16,,,1.850e-16
265.74,1.444e-16,,,1.444e-16
265.79,1.049e-16,,,1.049e-16
265.84,7.104e-17,,,7.104e-17
265.89,4.480e-17,,,4.480e-17
265.94,2.632e-17,,,2.632e-17
265.99,1.441e-17,,,1.441e-17
266.04,7.345e-18,,,7.345e-18
266.09,3.488e-18,,,3.488e-18
266.14,1.543e-18,,,1.543e-18
266.19,6.361e-19,,,6.361e-19
266.24,2.442e-19,,,2.442e-19
266.29,8.734e-20,,,8.734e-20
266.34,2.910e-20,,,2.910e-20
266.39,9.031e-21,,,9.031e-21
266.44,2.611e-21,,,2.611e-21
266.49,7.032e-22,,,7.032e-22
266.54,1.764e-22,,,1.764e-22
266.59,4.123e-23,,,4.123e-23
266.64,8.976e-24,,,8.976e-24
266.69,1.820e-24,,,1.820e-24
266.74,3.439e-25,,,3.439e-25
266.79,6.053e-26,,,6.053e-26
266.84,9.923e-27,,,9.923e-27
266.89,1.515e-27,,,1.515e-27
266.94,2.156e-28,,,2.156e-28
266.99,2.857e-29,,,2.857e-29
267.04,3.527e-30,,,3.527e-30
267.09,4.056e-31,,,4.056e-31
267.14,5.058e-28,,,5.058e-28
267.19,4.729e-27,,,4.729e-27
267.24,4.127e-26,,,4.127e-26
267.29,3.361e-25,,,3.361e-25
267.34,2.554e-24,,,2.554e-24
267.39,1.811e-23,,,1.811e-23
267.44,1.198e-22,,,1.198e-22
267.49,7.396e-22,,,7.396e-22
267.54,4.260e-21,,,4.260e-21
267.59,2.290e-20,,,2.290e-20
267.64,1.149e-19,,,1.149e-19
267.69,5.377e-19,,,5.377e-19
267.74,2.349e-18,,,2.349e-18
267.79,9.572e-18,,,9.572e-18
267.84,3.640e-17,,,3.640e-17
267.89,1.292e-16,,,1.292e-16
267.94,4.278e-16,,,4.278e-16
267.99,1.322e-15,,,1.322e-15
268.04,3.812e-15,,,3.812e-15
268.09,1.026e-14,,,1.026e-14
268.14,2.575e-14,,,2.575e-14
268.19,6.032e-14,,,6.032e-14
268.24,1.319e-13,,,1.319e-13
268.29,2.690e-13,,,2.690e-13
268.34,5.120e-13,,,5.120e-13
268.39,9.094e-13,,,9.094e-13
268.44,1.507e-12,,,1.507e-12
268.49,2.331e-12,,,2.331e-12
268.54,3.364e-12,,,3.364e-12
268.59,4.530e-12,,,4.530e-12
268.64,5.693e-12,,,5.693e-12
268.69,6.675e-12,,,6.675e-12
268.74,7.303e-12,,,7.303e-12
268.79,7.457e-12,,,7.457e-12
268.84,7.104e-12,,,7.104e-12
268.89,6.315e-12,,,6.315e-12
268.94,5.239e-12,,,5.239e-12
268.99,4.055e-12,,,4.055e-12
269.04,2.929e-12,,,2.929e-12
269.09,1.974e-12,,,1.974e-12
269.14,1.242e-12,,,1.242e-12
269.19,7.287e-13,,,7.287e-13
269.24,3.991e-13,,,3.991e-13
269.29,2.039e-13,,,2.039e-13
269.34,9.724e-14,,,9.724e-14
269.39,4.327e-14,,,4.327e-14
269.44,1.797e-14,,,1.797e-14
269.49,6.962e-15,,,6.962e-15
269.54,2.525e-15,,,2.525e-15
269.59,8.797e-16,,,8.797e-16
269.64,3.691e-16,,,3.691e-16
269.69,3.932e-16,,,3.932e-16
269.74,9.294e-16,,,9.294e-16
269.79,2.451e-15,,,2.451e-15
269.84,6.154e-15,,,6.154e-15
269.89,1.446e-14,,,1.446e-14
269.94,3.172e-14,,,3.172e-14
269.99,6.502e-14,,,6.502e-14
270.04,1.244e-13,,,1.244e-13
270.09,2.225e-13,,,2.225e-13
270.14,3.714e-13,,,3.714e-13
270.19,5.791e-13,,,5.791e-13
270.24,8.434e-13,,,8.434e-13
270.29,1.147e-12,,,1.147e-12
270.34,1.457e-12,,,1.457e-12
270.39,1.729e-12,,,1.729e-12
270.44,1.915e-12,,,1.915e-12
270.49,1.982e-12,,,1.982e-12
270.54,1.915e-12,,,1.915e-12
270.59,1.729e-12,,,1.729e-12
270.64,1.457e-12,,,1.457e-12
270.69,1.147e-12,,,1.147e-12
270.74,8.434e-13,,,8.434e-13
270.79,5.791e-13,,,5.791e-13
270.84,3.714e-13,,,3.714e-13
270.89,2.225e-13,,,2.225e-13
270.94,1.244e-13,,,1.244e-13
270.99,6.502e-14,,,6.502e-14
271.04,3.172e-14,,,3.172e-14
271.09,1.446e-14,,,1.446e-14
271.14,6.153e-15,,,6.153e-15
271.19,2.446e-15,,,2.446e-15
271.24,9.079e-16,,,9.079e-16
271.29,3.148e-16,,,3.148e-16
271.34,1.019e-16,,,1.019e-16
271.39,3.082e-17,,,3.082e-17
271.44,8.705e-18,,,8.705e-18
271.49,2.296e-18,,,2.296e-18
271.54,5.657e-19,,,5.657e-19
271.59,1.302e-19,,,1.302e-19
271.64,2.797e-20,,,2.797e-20
271.69,5.613e-21,,,5.613e-21
271.74,1.052e-21,,,1.052e-21
271.79,1.841e-22,,,1.841e-22
271.84,3.010e-23,,,3.010e-23
271.89,4.597e-24,,,4.597e-24
271.94,6.555e-25,,,6.555e-25
271.99,8.729e-26,,,8.729e-26
272.04,1.086e-26,,,1.086e-26
272.09,1.261e-27,,,1.261e-27
273.54,2.189e-35,,,2.189e-35
273.59,1.847e-34,,,1.847e-34
273.64,1.459e-33,,,1.459e-33
273.69,1.079e-32,,,1.079e-32
273.74,7.466e-32,,,7.466e-32
273.79,4.837e-31,,,4.837e-31
273.84,2.934e-30,,,2.934e-30
273.89,1.666e-29,,,1.666e-29
273.94,8.855e-29,,,8.855e-29
273.99,4.406e-28,,,4.406e-28
274.04,2.052e-27,,,2.052e-27
274.09,8.946e-27,,,8.946e-27
274.14,3.651e-26,,,3.651e-26
274.19,1.395e-25,,,1.395e-25
274.24,4.989e-25,,,4.989e-25
274.29,1.670e-24,,,1.670e-24
274.34,5.235e-24,,,5.235e-24
274.39,1.536e-23,,,1.536e-23
274.44,4.217e-23,,,4.217e-23
274.49,1.084e-22,,,1.084e-22
274.54,2.609e-22,,,2.609e-22
274.59,5.878e-22,,,5.878e-22
274.64,1.240e-21,,,1.240e-21
274.69,2.447e-21,,,2.447e-21
274.74,4.522e-21,,,4.522e-21
274.79,7.822e-21,,,7.822e-21
274.84,1.267e-20,,,1.267e-20
274.89,1.920e-20,,,1.920e-20
274.94,2.725e-20,,,2.725e-20
274.99,3.619e-20,,,3.619e-20
275.04,4.500e-20,,,4.500e-20
275.09,5.239e-20,,,5.239e-20
275.14,5.708e-20,,,5.708e-20
275.19,5.822e-20,,,5.822e-20
275.24,5.559e-20,,,5.559e-20
275.29,4.969e-20,,,4.969e-20
275.34,4.158e-20,,,4.158e-20
275.39,3.256e-20,,,3.256e-20
275.44,2.388e-20,,,2.388e-20
275.49,1.639e-20,,,1.639e-20
275.54,1.053e-20,,,1.053e-20
275.59,6.344e-21,,,6.344e-21
275.64,3.598e-21,,,3.598e-21
275.69,1.967e-21,,,1.967e-21
275.74,1.153e-21,,,1.153e-21
275.79,9.991e-22,,,9.991e-22
275.84,1.677e-21,,,1.677e-21
275.89,4.405e-21,,,4.405e-21
275.94,1.456e-20,,,1.456e-20
275.99,5.456e-20,,,5.456e-20
276.04,2.134e-19,,,2.134e-19
276.09,8.229e-19,,,8.229e-19
276.14,3.040e-18,,,3.040e-18
276.19,1.062e-17,,,1.062e-17
276.24,3.487e-17,,,3.487e-17
276.29,1.074e-16,,,1.074e-16
276.34,3.104e-16,,,3.104e-16
276.39,8.404e-16,,,8.404e-16
276.44,2.132e-15,,,2.132e-15
276.49,5.068e-15,,,5.068e-15
276.54,1.129e-14,,,1.129e-14
276.59,2.355e-14,,,2.355e-14
276.64,4.606e-14,,,4.606e-14
276.69,8.438e-14,,,8.438e-14
276.74,1.449e-13,,,1.449e-13
276.79,2.330e-13,,,2.330e-13
276.84,3.511e-13,,,3.511e-13
276.89,4.958e-13,,,4.958e-13
276.94,6.560e-13,,,6.560e-13
276.99,8.132e-13,,,8.132e-13
277.04,9.446e-13,,,9.446e-13
277.09,1.028e-12,,,1.028e-12
277.14,1.048e-12,,,1.048e-12
277.19,1.002e-12,,,1.002e-12
277.24,8.966e-13,,,8.966e-13
277.29,7.521e-13,,,7.521e-13
277.34,5.911e-13,,,5.911e-13
277.39,4.353e-13,,,4.353e-13
277.44,3.003e-13,,,3.003e-13
277.49,1.942e-13,,,1.942e-13
277.54,1.176e-13,,,1.176e-13
277.59,6.675e-14,,,6.675e-14
277.64,3.550e-14,,,3.550e-14
277.69,1.769e-14,,,1.769e-14
277.74,8.258e-15,,,8.258e-15
277.79,3.612e-15,,,3.612e-15
277.84,1.481e-15,,,1.481e-15
277.89,5.686e-16,,,5.686e-16
277.94,2.046e-16,,,2.046e-16
277.99,6.901e-17,,,6.901e-17
278.04,2.196e-17,,,2.196e-17
278.09,7.159e-18,,,7.159e-18
278.14,4.505e-18,,,4.505e-18
278.19,1.020e-17,,,1.020e-17
278.24,3.285e-17,,,3.285e-17
278.29,1.033e-16,,,1.033e-16
278.34,3.053e-16,,,3.053e-16
278.39,8.469e-16,,,8.469e-16
278.44,2.203e-15,,,2.203e-15
278.49,5.374e-15,,,5.374e-15
278.54,1.230e-14,,,1.230e-14
278.59,2.639e-14,,,2.639e-14
278.64,5.310e-14,,,5.310e-14
278.69,1.002e-13,,,1.002e-13
278.74,1.774e-13,,,1.774e-13
278.79,2.945e-13,,,2.945e-13
278.84,4.585e-13,,,4.585e-13
278.89,6.695e-13,,,6.695e-13
278.94,9.168e-13,,,9.168e-13
278.99,1.177e-12,,,1.177e-12
279.04,1.418e-12,,,1.418e-12
279.09,1.602e-12,,,1.602e-12
279.14,1.697e-12,,,1.697e-12
279.19,1.687e-12,,,1.687e-12
279.24,1.572e-12,,,1.572e-12
279.29,1.373e-12,,,1.373e-12
279.34,1.126e-12,,,1.126e-12
279.39,8.654e-13,,,8.654e-13
279.44,6.239e-13,,,6.239e-13
279.49,4.218e-13,,,4.218e-13
279.54,2.675e-13,,,2.675e-13
279.59,1.591e-13,,,1.591e-13
279.64,8.872e-14,,,8.872e-14
279.69,4.641e-14,,,4.641e-14
279.74,2.277e-14,,,2.277e-14
279.79,1.047e-14,,,1.047e-14
279.84,4.520e-15,,,4.520e-15
279.89,1.829e-15,,,1.829e-15
279.94,6.944e-16,,,6.944e-16
279.99,2.473e-16,,,2.473e-16
280.04,8.266e-17,,,8.266e-17
280.09,2.597e-17,,,2.597e-17
280.14,7.695e-18,,,7.695e-18
280.19,2.191e-18,,,2.191e-18
280.24,7.104e-19,,,7.104e-19
280.29,6.569e-19,,,6.569e-19
280.34,1.965e-18,,,1.965e-18
280.39,7.007e-18,,,7.007e-18
280.44,2.395e-17,,,2.395e-17
280.49,7.702e-17,,,7.702e-17
280.54,2.325e-16,,,2.325e-16
280.59,6.592e-16,,,6.592e-16
280.64,1.754e-15,,,1.754e-15
280.69,4.383e-15,,,4.383e-15
280.74,1.028e-14,,,1.028e-14
280.79,2.264e-14,,,2.264e-14
280.84,4.679e-14,,,4.679e-14
280.89,9.081e-14,,,9.081e-14
280.94,1.655e-13,,,1.655e-13
280.99,2.830e-13,,,2.830e-13
281.04,4.544e-13,,,4.544e-13
281.09,6.851e-13,,,6.851e-13
281.14,9.696e-13,,,9.696e-13
281.19,1.288e-12,,,1.288e-12
281.24,1.607e-12,,,1.607e-12
281.29,1.882e-12,,,1.882e-12
281.34,2.069e-12,,,2.069e-12
281.39,2.135e-12,,,2.135e-12
281.44,2.069e-12,,,2.069e-12
281.49,1.882e-12,,,1.882e-12
281.54,1.607e-12,,,1.607e-12
281.59,1.288e-12,,,1.288e-12
281.64,9.696e-13,,,9.696e-13
281.69,6.851e-13,,,6.851e-13
281.74,4.544e-13,,,4.544e-13
281.79,2.830e-13,,,2.830e-13
281.84,1.655e-13,,,1.655e-13
281.89,9.081e-14,,,9.081e-14
281.94,4.679e-14,,,4.679e-14
281.99,2.264e-14,,,2.264e-14
282.04,1.028e-14,,,1.028e-14
282.09,4.383e-15,,,4.383e-15
282.14,1.754e-15,,,1.754e-15
282.19,6.593e-16,,,6.593e-16
282.24,2.327e-16,,,2.327e-16
282.29,7.712e-17,,,7.712e-17
282.34,2.405e-17,,,2.405e-17
282.39,7.085e-18,,,7.085e-18
282.44,2.005e-18,,,2.005e-18
282.49,5.774e-19,,,5.774e-19
282.54,1.983e-19,,,1.983e-19
282.59,1.013e-19,,,1.013e-19
282.64,7.572e-20,,,7.572e-20
282.69,6.724e-20,,,6.724e-20
282.74,6.250e-20,,,6.250e-20
282.79,5.801e-20,,,5.801e-20
282.84,5.266e-20,,,5.266e-20
282.89,4.616e-20,,,4.616e-20
282.94,3.871e-20,,,3.871e-20
282.99,3.087e-20,,,3.087e-20
283.04,2.330e-20,,,2.330e-20
283.09,1.660e-20,,,1.660e-20
283.14,1.114e-20,,,1.114e-20
283.19,7.037e-21,,,7.037e-21
283.24,4.181e-21,,,4.181e-21
283.29,2.335e-21,,,2.335e-21
283.34,1.226e-21,,,1.226e-21
283.39,6.067e-22,,,6.067e-22
283.44,2.870e-22,,,2.870e-22
283.49,1.421e-22,,,1.421e-22
283.54,1.048e-22,,,1.048e-22
283.59,1.596e-22,,,1.596e-22
283.64,3.451e-22,,,3.451e-22
283.69,7.692e-22,,,7.692e-22
283.74,1.639e-21,,,1.639e-21
283.79,3.298e-21,,,3.298e-21
283.84,6.262e-21,,,6.262e-21
283.89,1.122e-20,,,1.122e-20
283.94,1.899e-20,,,1.899e-20
283.99,3.039e-20,,,3.039e-20
284.04,4.602e-20,,,4.602e-20
284.09,6.605e-20,,,6.605e-20
284.14,8.994e-20,,,8.994e-20
284.19,1.163e-19,,,1.163e-19
284.24,1.431e-19,,,1.431e-19
284.29,1.676e-19,,,1.676e-19
284.34,1.870e-19,,,1.870e-19
284.39,1.988e-19,,,1.988e-19
284.44,2.014e-19,,,2.014e-19
284.49,1.945e-19,,,1.945e-19
284.54,1.787e-19,,,1.787e-19
284.59,1.562e-19,,,1.562e-19
284.64,1.298e-19,,,1.298e-19
284.69,1.023e-19,,,1.023e-19
284.74,7.641e-20,,,7.641e-20
284.79,5.404e-20,,,5.404e-20
284.84,3.614e-20,,,3.614e-20
284.89,2.283e-20,,,2.283e-20
284.94,1.362e-20,,,1.362e-20
284.99,7.658e-21,,,7.658e-21
285.04,4.060e-21,,,4.060e-21
285.09,2.028e-21,,,2.028e-21
285.14,9.554e-22,,,9.554e-22
285.19,4.317e-22,,,4.317e-22
285.24,2.293e-22,,,2.293e-22
285.29,3.563e-22,,,3.563e-22
285.34,1.484e-21,,,1.484e-21
285.39,6.977e-21,,,6.977e-21
285.44,3.132e-20,,,3.132e-20
285.49,1.325e-19,,,1.325e-19
285.54,5.273e-19,,,5.273e-19
285.59,1.975e-18,,,1.975e-18
285.64,6.960e-18,,,6.960e-18
285.69,2.308e-17,,,2.308e-17
285.74,7.202e-17,,,7.202e-17
285.79,2.115e-16,,,2.115e-16
285.84,5.845e-16,,,5.845e-16
285.89,1.520e-15,,,1.520e-15
285.94,3.722e-15,,,3.722e-15
285.99,8.577e-15,,,8.577e-15
286.04,1.861e-14,,,1.861e-14
286.09,3.804e-14,,,3.804e-14
286.14,7.325e-14,,,7.325e-14
286.19,1.330e-13,,,1.330e-13
286.24,2.280e-13,,,2.280e-13
286.29,3.696e-13,,,3.696e-13
286.34,5.675e-13,,,5.675e-13
286.39,8.282e-13,,,8.282e-13
286.44,1.153e-12,,,1.153e-12
286.49,1.541e-12,,,1.541e-12
286.54,1.989e-12,,,1.989e-12
286.59,2.494e-12,,,2.494e-12
286.64,3.058e-12,,,3.058e-12
286.69,3.678e-12,,,3.678e-12
286.74,4.342e-12,,,4.342e-12
286.79,5.015e-12,,,5.015e-12
286.84,5.637e-12,,,5.637e-12
286.89,6.125e-12,,,6.125e-12
286.94,6.393e-12,,,6.393e-12
286.99,6.375e-12,,,6.375e-12
287.04,6.047e-12,,,6.047e-12
287.09,5.437e-12,,,5.437e-12
287.14,4.624e-12,,,4.624e-12
287.19,3.714e-12,,,3.714e-12
287.24,2.813e-12,,,2.813e-12
287.29,2.009e-12,,,2.009e-12
287.34,1.352e-12,,,1.352e-12
287.39,8.589e-13,,,8.589e-13
287.44,5.181e-13,,,5.181e-13
287.49,3.047e-13,,,3.047e-13
287.54,1.917e-13,,,1.917e-13
287.59,1.599e-13,,,1.599e-13
287.64,2.022e-13,,,2.022e-13
287.69,3.258e-13,,,3.258e-13
287.74,5.497e-13,,,5.497e-13
287.79,8.979e-13,,,8.979e-13
287.84,1.390e-12,,,1.390e-12
287.89,2.031e-12,,,2.031e-12
287.94,2.794e-12,,,2.794e-12
287.99,3.619e-12,,,3.619e-12
288.04,4.415e-12,,,4.415e-12
288.09,5.070e-12,,,5.070e-12
288.14,5.483e-12,,,5.483e-12
288.19,5.583e-12,,,5.583e-12
288.24,5.353e-12,,,5.353e-12
288.29,4.832e-12,,,4.832e-12
288.34,4.107e-12,,,4.107e-12
288.39,3.287e-12,,,3.287e-12
288.44,2.477e-12,,,2.477e-12
288.49,1.757e-12,,,1.757e-12
288.54,1.174e-12,,,1.174e-12
288.59,7.384e-13,,,7.384e-13
288.64,4.374e-13,,,4.374e-13
288.69,2.439e-13,,,2.439e-13
288.74,1.281e-13,,,1.281e-13
288.79,6.331e-14,,,6.331e-14
288.84,2.948e-14,,,2.948e-14
288.89,1.294e-14,,,1.294e-14
288.94,5.398e-15,,,5.398e-15
288.99,2.294e-15,,,2.294e-15
289.04,1.457e-15,,,1.457e-15
289.09,2.337e-15,,,2.337e-15
289.14,5.891e-15,,,5.891e-15
289.19,1.533e-14,,,1.533e-14
289.24,3.802e-14,,,3.802e-14
289.29,8.896e-14,,,8.896e-14
289.34,1.962e-13,,,1.962e-13
289.39,4.077e-13,,,4.077e-13
289.44,7.982e-13,,,7.982e-13
289.49,1.473e-12,,,1.473e-12
289.54,2.560e-12,,,2.560e-12
289.59,4.194e-12,,,4.194e-12
289.64,6.473e-12,,,6.473e-12
289.69,9.415e-12,,,9.415e-12
289.74,1.290e-11,,,1.290e-11
289.79,1.666e-11,,,1.666e-11
289.84,2.027e-11,,,2.027e-11
289.89,2.324e-11,,,2.324e-11
289.94,2.511e-11,,,2.511e-11
289.99,2.557e-11,,,2.557e-11
290.04,2.452e-11,,,2.452e-11
290.09,2.217e-11,,,2.217e-11
290.14,1.888e-11,,,1.888e-11
290.19,1.515e-11,,,1.515e-11
290.24,1.146e-11,,,1.146e-11
290.29,8.163e-12,,,8.163e-12
290.34,5.480e-12,,,5.480e-12
290.39,3.467e-12,,,3.467e-12
290.44,2.067e-12,,,2.067e-12
290.49,1.161e-12,,,1.161e-12
290.54,6.144e-13,,,6.144e-13
290.59,3.064e-13,,,3.064e-13
290.64,1.440e-13,,,1.440e-13
290.69,6.377e-14,,,6.377e-14
290.74,2.661e-14,,,2.661e-14
290.79,1.046e-14,,,1.046e-14
290.84,3.875e-15,,,3.875e-15
290.89,1.353e-15,,,1.353e-15
290.94,4.449e-16,,,4.449e-16
290.99,1.379e-16,,,1.379e-16
291.04,4.027e-17,,,4.027e-17
291.09,1.109e-17,,,1.109e-17
291.14,2.889e-18,,,2.889e-18
291.19,7.678e-19,,,7.678e-19
291.24,4.335e-19,,,4.335e-19
291.29,1.097e-18,,,1.097e-18
291.34,3.918e-18,,,3.918e-18
291.39,1.359e-17,,,1.359e-17
291.44,4.452e-17,,,4.452e-17
291.49,1.376e-16,,,1.376e-16
291.54,4.012e-16,,,4.012e-16
291.59,1.103e-15,,,1.103e-15
291.64,2.861e-15,,,2.861e-15
291.69,6.998e-15,,,6.998e-15
291.74,1.615e-14,,,1.615e-14
291.79,3.514e-14,,,3.514e-14
291.84,7.214e-14,,,7.214e-14
291.89,1.397e-13,,,1.397e-13
291.94,2.550e-13,,,2.550e-13
291.99,4.393e-13,,,4.393e-13
292.04,7.137e-13,,,7.137e-13
292.09,1.094e-12,,,1.094e-12
292.14,1.581e-12,,,1.581e-12
292.19,2.155e-12,,,2.155e-12
292.24,2.771e-12,,,2.771e-12
292.29,3.361e-12,,,3.361e-12
292.34,3.844e-12,,,3.844e-12
292.39,4.148e-12,,,4.148e-12
292.44,4.221e-12,,,4.221e-12
292.49,4.052e-12,,,4.052e-12
292.54,3.669e-12,,,3.669e-12
292.59,3.133e-12,,,3.133e-12
292.64,2.523e-12,,,2.523e-12
292.69,1.917e-12,,,1.917e-12
292.74,1.374e-12,,,1.374e-12
292.79,9.285e-13,,,9.285e-13
292.84,5.919e-13,,,5.919e-13
292.89,3.559e-13,,,3.559e-13
292.94,2.019e-13,,,2.019e-13
292.99,1.080e-13,,,1.080e-13
293.04,5.448e-14,,,5.448e-14
293.09,2.593e-14,,,2.593e-14
293.14,1.164e-14,,,1.164e-14
293.19,4.928e-15,,,4.928e-15
293.24,1.968e-15,,,1.968e-15
293.3,6.054e-16,,,6.054e-16
293.35,2.126e-16,,,2.126e-16
293.4,7.041e-17,,,7.041e-17
293.45,2.200e-17,,,2.200e-17
293.5,6.481e-18,,,6.481e-18
293.55,1.801e-18,,,1.801e-18
293.6,4.721e-19,,,4.721e-19
293.65,1.167e-19,,,1.167e-19
293.7,2.722e-20,,,2.722e-20
293.75,5.988e-21,,,5.988e-21
293.8,1.242e-21,,,1.242e-21
293.85,2.431e-22,,,2.431e-22
293.9,4.487e-23,,,4.487e-23
293.95,7.811e-24,,,7.811e-24
294,1.283e-24,,,1.283e-24
294.05,1.986e-25,,,1.986e-25
294.1,2.902e-26,,,2.902e-26
294.15,3.998e-27,,,3.998e-27
294.2,5.196e-28,,,5.196e-28
297.05,1.140e-27,,,1.140e-27
297.1,8.413e-27,,,8.413e-27
297.15,5.968e-26,,,5.968e-26
297.2,3.942e-25,,,3.942e-25
297.25,2.462e-24,,,2.462e-24
297.3,1.454e-23,,,1.454e-23
297.35,8.123e-23,,,8.123e-23
297.4,4.291e-22,,,4.291e-22
297.45,2.144e-21,,,2.144e-21
297.5,1.013e-20,,,1.013e-20
297.55,4.525e-20,,,4.525e-20
297.6,1.912e-19,,,1.912e-19
297.65,7.640e-19,,,7.640e-19
297.7,1.341e-8,1.341e-8,,2.887e-18
297.75,9.704e-8,9.704e-8,,1.032e-17
297.8,6.640e-7,6.640e-7,,3.489e-17
297.85,4.297e-6,4.297e-6,,1.116e-16
297.9,2.630e-5,2.630e-5,,3.374e-16
297.95,1.523e-4,1.523e-4,,9.650e-16
298,8.337e-4,8.337e-4,,2.611e-15
298.05,4.317e-3,4.317e-3,,6.681e-15
298.1,2.114e-2,2.114e-2,,1.617e-14
298.15,9.795e-2,9.795e-2,,3.703e-14
298.2,4.292e-1,4.292e-1,,8.020e-14
298.25,1.778e+0,1.778e+0,,1.643e-13
298.3,6.971e+0,6.971e+0,,3.185e-13
298.35,2.584e+1,2.584e+1,,5.841e-13
298.4,9.063e+1,9.063e+1,,1.013e-12
298.45,3.006e+2,3.006e+2,,1.663e-12
298.5,9.434e+2,9.434e+2,,2.583e-12
298.55,2.800e+3,2.800e+3,,3.795e-12
298.6,7.864e+3,7.864e+3,,5.277e-12
298.65,2.090e+4,2.090e+4,,6.942e-12
298.7,5.254e+4,5.254e+4,,8.643e-12
298.75,1.250e+5,1.250e+5,,1.018e-11
298.8,2.816e+5,2.816e+5,,1.135e-11
298.85,6.006e+5,6.006e+5,,1.198e-11
298.9,1.213e+6,1.213e+6,,1.196e-11
298.95,2.322e+6,2.322e+6,,1.131e-11
299,4.212e+6,4.212e+6,,1.012e-11
299.05,7.248e+6,7.248e+6,,8.571e-12
299.1,1.184e+7,1.184e+7,,6.872e-12
299.15,1.838e+7,1.838e+7,,5.217e-12
299.2,2.715e+7,2.715e+7,,3.749e-12
299.25,3.821e+7,3.821e+7,,2.550e-12
299.3,5.135e+7,5.135e+7,,1.643e-12
299.35,6.604e+7,6.604e+7,,1.002e-12
299.4,8.152e+7,8.152e+7,,5.787e-13
299.45,9.691e+7,9.691e+7,,3.165e-13
299.5,1.114e+8,1.114e+8,,1.639e-13
299.55,1.243e+8,1.243e+8,,8.038e-14
299.6,1.355e+8,1.355e+8,,3.733e-14
299.65,1.448e+8,1.448e+8,,1.642e-14
299.7,1.527e+8,1.527e+8,,6.837e-15
299.75,1.595e+8,1.595e+8,,2.697e-15
299.8,1.652e+8,1.652e+8,,1.007e-15
299.85,1.699e+8,1.699e+8,,3.564e-16
299.9,1.729e+8,1.729e+8,,1.194e-16
299.95,1.735e+8,1.735e+8,,3.788e-17
300,1.708e+8,1.708e+8,,1.138e-17
300.05,1.645e+8,1.645e+8,,3.238e-18
300.1,1.546e+8,1.546e+8,,8.726e-19
300.15,1.424e+8,1.424e+8,,2.226e-19
300.2,1.299e+8,1.299e+8,,5.379e-20
300.25,1.198e+8,1.198e+8,,1.231e-20
300.3,1.149e+8,1.149e+8,,2.666e-21
300.35,1.175e+8,1.175e+8,,5.468e-22
300.4,1.289e+8,1.289e+8,,1.062e-22
300.45,1.486e+8,1.486e+8,,1.952e-23
300.5,1.746e+8,1.746e+8,,3.397e-24
300.55,2.035e+8,2.035e+8,,5.597e-25
300.6,2.310e+8,2.310e+8,,8.729e-26
300.65,2.528e+8,2.528e+8,,1.289e-26
300.7,2.654e+8,2.654e+8,,1.466e-27
300.75,2.669e+8,2.669e+8,,1.967e-28
300.8,2.571e+8,2.571e+8,,
300.85,2.374e+8,2.374e+8,,
300.9,2.103e+8,2.103e+8,,
300.95,1.790e+8,1.790e+8,,
301,1.465e+8,1.465e+8,,
301.05,1.153e+8,1.153e+8,,4.850e-28
301.1,8.720e+7,8.720e+7,,3.395e-27
301.15,6.339e+7,6.339e+7,,2.251e-26
301.2,4.425e+7,4.425e+7,,1.413e-25
301.25,2.961e+7,2.961e+7,,8.401e-25
301.3,1.896e+7,1.896e+7,,4.730e-24
301.35,1.161e+7,1.161e+7,,2.521e-23
301.4,6.782e+6,6.782e+6,,1.273e-22
301.45,3.776e+6,3.776e+6,,6.084e-22
301.5,2.001e+6,2.001e+6,,2.754e-21
301.55,1.008e+6,1.008e+6,,1.181e-20
301.6,4.821e+5,4.821e+5,,4.792e-20
301.65,2.189e+5,2.189e+5,,1.842e-19
301.7,9.431e+4,9.431e+4,,6.704e-19
301.75,3.851e+4,3.851e+4,,2.311e-18
301.8,1.490e+4,1.490e+4,,7.542e-18
301.85,5.464e+3,5.464e+3,,2.331e-17
301.9,1.897e+3,1.897e+3,,6.822e-17
301.95,6.238e+2,6.238e+2,,1.891e-16
302,1.942e+2,1.942e+2,,4.962e-16
302.05,5.724e+1,5.724e+1,,1.233e-15
302.1,1.597e+1,1.597e+1,,2.902e-15
302.15,4.216e+0,4.216e+0,,6.467e-15
302.2,1.054e+0,1.054e+0,,1.365e-14
302.25,2.492e-1,2.492e-1,,2.727e-14
302.3,5.579e-2,5.579e-2,,5.160e-14
302.35,1.182e-2,1.182e-2,,9.247e-14
302.4,2.370e-3,2.370e-3,,1.569e-13
302.45,4.496e-4,4.496e-4,,2.521e-13
302.5,8.072e-5,8.072e-5,,3.836e-13
302.55,1.371e-5,1.371e-5,,5.527e-13
302.6,2.204e-6,2.204e-6,,7.542e-13
302.65,3.354e-7,3.354e-7,,9.744e-13
302.7,4.829e-8,4.829e-8,,1.192e-12
302.75,6.580e-9,6.579e-9,,1.381e-12
302.8,1.515e-12,,,1.515e-12
302.85,1.574e-12,,,1.574e-12
302.9,1.549e-12,,,1.549e-12
302.95,1.443e-12,,,1.443e-12
303,1.273e-12,,,1.273e-12
303.05,1.063e-12,,,1.063e-12
303.1,8.410e-13,,,8.410e-13
303.15,6.300e-13,,,6.300e-13
303.2,4.469e-13,,,4.469e-13
303.25,3.002e-13,,,3.002e-13
303.3,1.909e-13,,,1.909e-13
303.35,1.150e-13,,,1.150e-13
303.4,6.559e-14,,,6.559e-14
303.45,3.543e-14,,,3.543e-14
303.5,1.812e-14,,,1.812e-14
303.55,8.776e-15,,,8.776e-15
303.6,4.025e-15,,,4.025e-15
303.65,1.748e-15,,,1.748e-15
303.7,7.188e-16,,,7.188e-16
303.75,2.799e-16,,,2.799e-16
303.8,1.032e-16,,,1.032e-16
303.85,3.605e-17,,,3.605e-17
303.9,1.192e-17,,,1.192e-17
303.95,3.733e-18,,,3.733e-18
304,1.107e-18,,,1.107e-18
304.05,3.108e-19,,,3.108e-19
304.1,8.265e-20,,,8.265e-20
304.15,2.081e-20,,,2.081e-20
304.2,4.962e-21,,,4.962e-21
304.25,1.120e-21,,,1.120e-21
304.3,2.395e-22,,,2.395e-22
304.35,4.850e-23,,,4.850e-23
304.4,9.298e-24,,,9.298e-24
304.45,1.688e-24,,,1.688e-24
304.5,2.902e-25,,,2.902e-25
304.55,4.724e-26,,,4.724e-26
304.6,7.283e-27,,,7.283e-27
304.65,1.063e-27,,,1.063e-27
304.7,1.470e-28,,,1.470e-28
310.1,8.344e-28,,,8.344e-28
310.15,5.555e-27,,,5.555e-27
310.2,3.513e-26,,,3.513e-26
310.25,2.110e-25,,,2.110e-25
310.3,1.204e-24,,,1.204e-24
310.35,6.529e-24,,,6.529e-24
310.4,3.362e-23,,,3.362e-23
310.45,1.644e-22,,,1.644e-22
310.5,7.641e-22,,,7.641e-22
310.55,3.373e-21,,,3.373e-21
310.6,1.414e-20,,,1.414e-20
310.65,5.632e-20,,,5.632e-20
310.7,2.131e-19,,,2.131e-19
310.75,7.658e-19,,,7.658e-19
310.8,2.614e-18,,,2.614e-18
310.85,8.478e-18,,,8.478e-18
310.9,2.612e-17,,,2.612e-17
310.95,7.643e-17,,,7.643e-17
311,2.125e-16,,,2.125e-16
311.05,5.610e-16,,,5.610e-16
311.1,1.407e-15,,,1.407e-15
311.15,3.353e-15,,,3.353e-15
311.2,7.589e-15,,,7.589e-15
311.25,1.632e-14,,,1.632e-14
311.3,3.332e-14,,,3.332e-14
311.35,6.465e-14,,,6.465e-14
311.4,1.192e-13,,,1.192e-13
311.45,2.086e-13,,,2.086e-13
311.5,3.469e-13,,,3.469e-13
311.55,5.480e-13,,,5.480e-13
311.6,8.223e-13,,,8.223e-13
311.65,1.172e-12,,,1.172e-12
311.7,9.942e-10,9.926e-10,,1.587e-12
311.75,6.682e-9,6.680e-9,,2.041e-12
311.8,4.273e-8,4.273e-8,,2.494e-12
311.85,2.597e-7,2.597e-7,,2.895e-12
311.9,1.501e-6,1.501e-6,,3.192e-12
311.95,8.241e-6,8.241e-6,,3.343e-12
312,4.301e-5,4.301e-5,,3.326e-12
312.05,2.133e-4,2.133e-4,,3.143e-12
312.1,1.006e-3,1.006e-3,,2.822e-12
312.15,4.507e-3,4.507e-3,,2.406e-12
312.2,1.919e-2,1.919e-2,,1.949e-12
312.25,7.769e-2,7.769e-2,,1.500e-12
312.3,2.989e-1,2.989e-1,,1.096e-12
312.35,1.093e+0,1.093e+0,,7.613e-13
312.4,3.797e+0,3.797e+0,,5.021e-13
312.45,1.254e+1,1.254e+1,,3.146e-13
312.5,3.937e+1,3.937e+1,,1.873e-13
312.55,1.175e+2,1.175e+2,,1.059e-13
312.6,3.330e+2,3.330e+2,,5.686e-14
312.65,8.976e+2,8.976e+2,,2.901e-14
312.7,2.299e+3,2.299e+3,,1.406e-14
312.75,5.597e+3,5.597e+3,,6.472e-15
312.8,1.295e+4,1.295e+4,,2.830e-15
312.85,2.848e+4,2.848e+4,,1.176e-15
312.9,5.953e+4,5.953e+4,,4.639e-16
312.95,1.183e+5,1.183e+5,,1.739e-16
313,2.234e+5,2.234e+5,,6.191e-17
313.05,4.010e+5,4.010e+5,,2.094e-17
313.1,6.843e+5,6.843e+5,,6.728e-18
313.15,1.110e+6,1.110e+6,,2.053e-18
313.2,1.714e+6,1.714e+6,,5.953e-19
313.25,2.516e+6,2.516e+6,,1.640e-19
313.3,3.519e+6,3.519e+6,,4.289e-20
313.35,4.690e+6,4.690e+6,,1.066e-20
313.4,5.970e+6,5.970e+6,,2.516e-21
313.45,7.279e+6,7.279e+6,,5.643e-22
313.5,8.538e+6,8.538e+6,,1.202e-22
313.55,9.695e+6,9.695e+6,,2.432e-23
313.6,1.075e+7,1.075e+7,,4.675e-24
313.65,1.178e+7,1.178e+7,,8.536e-25
313.7,1.288e+7,1.288e+7,,1.481e-25
313.75,1.420e+7,1.420e+7,,2.439e-26
313.8,1.580e+7,1.580e+7,,3.818e-27
313.85,1.770e+7,1.770e+7,,5.676e-28
313.9,1.975e+7,1.975e+7,,
313.95,2.173e+7,2.173e+7,,
314,2.332e+7,2.332e+7,2.460e-7,
314.05,2.420e+7,2.420e+7,1.594e-6,
314.1,2.414e+7,2.414e+7,9.829e-6,
314.15,2.307e+7,2.307e+7,5.764e-5,
314.2,2.106e+7,2.106e+7,3.215e-4,
314.25,1.835e+7,1.835e+7,1.705e-3,
314.3,1.528e+7,1.528e+7,8.604e-3,
314.35,1.220e+7,1.220e+7,4.129e-2,
314.4,9.458e+6,9.458e+6,1.884e-1,
314.45,7.338e+6,7.338e+6,8.181e-1,
314.5,6.056e+6,6.056e+6,3.378e+0,
314.55,5.777e+6,5.777e+6,1.327e+1,
314.6,6.635e+6,6.635e+6,4.955e+1,
314.65,8.732e+6,8.731e+6,1.761e+2,
314.7,1.212e+7,1.212e+7,5.949e+2,
314.75,1.674e+7,1.674e+7,1.912e+3,
314.8,2.241e+7,2.241e+7,5.845e+3,
314.85,2.874e+7,2.873e+7,1.699e+4,
314.9,3.517e+7,3.512e+7,4.700e+4,
314.95,4.101e+7,4.089e+7,1.236e+5,
315,4.561e+7,4.530e+7,3.092e+5,
315.05,4.848e+7,4.774e+7,7.358e+5,
315.1,4.953e+7,4.786e+7,1.665e+6,
315.15,4.924e+7,4.565e+7,3.585e+6,
315.2,4.876e+7,4.142e+7,7.339e+6,
315.25,5.004e+7,3.575e+7,1.429e+7,
315.3,5.583e+7,2.936e+7,2.647e+7,
315.35,6.956e+7,2.293e+7,4.663e+7,
315.4,9.517e+7,1.704e+7,7.813e+7,
315.45,1.366e+8,1.205e+7,1.245e+8,
315.5,1.968e+8,8.107e+6,1.887e+8,
315.55,2.772e+8,5.189e+6,2.721e+8,
315.6,3.762e+8,3.160e+6,3.730e+8,
315.65,4.883e+8,1.831e+6,4.865e+8,
315.7,6.045e+8,1.009e+6,6.035e+8,
315.75,7.125e+8,5.295e+5,7.120e+8,
315.8,7.992e+8,2.643e+5,7.990e+8,
315.85,8.529e+8,1.256e+5,8.527e+8,
315.9,8.657e+8,5.675e+4,8.657e+8,
315.95,8.359e+8,2.441e+4,8.358e+8,
316,7.676e+8,9.990e+3,7.676e+8,
316.05,6.705e+8,3.891e+3,6.704e+8,
316.1,5.570e+8,1.442e+3,5.570e+8,
316.15,4.401e+8,5.088e+2,4.401e+8,
316.2,3.308e+8,1.708e+2,3.308e+8,
316.25,2.364e+8,5.457e+1,2.364e+8,
316.3,1.608e+8,1.659e+1,1.608e+8,
316.35,1.040e+8,4.801e+0,1.040e+8,
316.4,6.394e+7,1.322e+0,6.394e+7,
316.45,3.740e+7,3.467e-1,3.740e+7,
316.5,2.081e+7,8.678e-2,2.081e+7,
316.55,1.101e+7,2.191e-2,1.101e+7,
316.6,5.543e+6,1.055e-2,5.543e+6,
316.65,2.654e+6,2.516e-2,2.654e+6,
316.7,1.209e+6,9.429e-2,1.209e+6,
316.75,5.249e+5,3.487e-1,5.249e+5,
316.8,2.204e+5,1.230e+0,2.204e+5,
316.85,9.895e+4,4.127e+0,9.895e+4,
316.9,7.262e+4,1.319e+1,7.260e+4,
316.95,1.224e+5,4.010e+1,1.223e+5,
317,2.900e+5,1.161e+2,2.899e+5,
317.05,7.022e+5,3.197e+2,7.019e+5,
317.1,1.635e+6,8.381e+2,1.634e+6,
317.15,3.626e+6,2.091e+3,3.624e+6,
317.2,7.659e+6,4.967e+3,7.654e+6,
317.25,1.540e+7,1.123e+4,1.539e+7,
317.3,2.947e+7,2.416e+4,2.945e+7,
317.35,5.370e+7,4.946e+4,5.365e+7,
317.4,9.315e+7,9.640e+4,9.305e+7,
317.45,1.538e+8,1.788e+5,1.536e+8,
317.5,2.419e+8,3.157e+5,2.416e+8,
317.55,3.622e+8,5.305e+5,3.616e+8,
317.6,5.165e+8,8.484e+5,5.156e+8,
317.65,7.014e+8,1.291e+6,7.001e+8,
317.7,9.075e+8,1.871e+6,9.056e+8,
317.75,1.119e+9,2.580e+6,1.116e+9,
317.8,1.314e+9,3.386e+6,1.311e+9,
317.85,1.472e+9,4.229e+6,1.468e+9,
317.9,1.572e+9,5.028e+6,1.567e+9,
317.95,1.601e+9,5.689e+6,1.595e+9,
318,1.556e+9,6.127e+6,1.550e+9,
318.05,1.444e+9,6.281e+6,1.438e+9,
318.1,1.280e+9,6.127e+6,1.274e+9,
318.15,1.085e+9,5.689e+6,1.079e+9,
318.2,8.793e+8,5.028e+6,8.743e+8,
318.25,6.821e+8,4.229e+6,6.779e+8,
318.3,5.068e+8,3.386e+6,5.034e+8,
318.35,3.610e+8,2.580e+6,3.584e+8,
318.4,2.466e+8,1.871e+6,2.448e+8,
318.45,1.617e+8,1.291e+6,1.604e+8,
318.5,1.019e+8,8.484e+5,1.010e+8,
318.55,6.163e+7,5.305e+5,6.110e+7,
318.6,3.584e+7,3.157e+5,3.552e+7,
318.65,2.003e+7,1.788e+5,1.985e+7,
318.7,1.076e+7,9.640e+4,1.066e+7,
318.75,5.549e+6,4.946e+4,5.500e+6,
318.8,2.749e+6,2.416e+4,2.725e+6,
318.85,1.307e+6,1.123e+4,1.296e+6,
318.9,5.961e+5,4.967e+3,5.911e+5,
318.95,2.605e+5,2.091e+3,2.584e+5,
319,1.090e+5,8.381e+2,1.082e+5,
319.05,4.367e+4,3.197e+2,4.335e+4,
319.1,1.673e+4,1.161e+2,1.661e+4,
319.15,6.123e+3,4.010e+1,6.082e+3,
319.2,2.141e+3,1.319e+1,2.127e+3,
319.25,7.145e+2,4.127e+0,7.104e+2,
319.3,2.276e+2,1.230e+0,2.263e+2,
319.35,6.913e+1,3.487e-1,6.878e+1,
319.4,2.003e+1,9.435e-2,1.993e+1,
319.45,5.531e+0,2.542e-2,5.505e+0,
319.5,1.460e+0,1.142e-2,1.449e+0,
319.55,3.879e-1,2.447e-2,3.634e-1,
319.6,1.792e-1,9.236e-2,8.682e-2,
319.65,3.695e-1,3.497e-1,1.975e-2,
319.7,1.269e+0,1.265e+0,4.281e-3,
319.75,4.361e+0,4.360e+0,8.833e-4,
319.8,1.432e+1,1.432e+1,1.736e-4,
319.85,4.478e+1,4.478e+1,3.247e-5,
319.9,1.334e+2,1.334e+2,5.751e-6,
319.95,3.787e+2,3.787e+2,9.760e-7,
320,1.024e+3,1.024e+3,1.577e-7,
320.05,2.638e+3,2.638e+3,2.424e-8,
320.1,6.474e+3,6.474e+3,,
320.15,1.514e+4,1.514e+4,,
320.2,3.371e+4,3.371e+4,,
320.25,7.152e+4,7.152e+4,,
320.3,1.446e+5,1.446e+5,,
320.35,2.784e+5,2.784e+5,,
320.4,5.107e+5,5.107e+5,,
320.45,8.926e+5,8.926e+5,,
320.5,1.487e+6,1.487e+6,,
320.55,2.359e+6,2.359e+6,,
320.6,3.570e+6,3.570e+6,,
320.65,5.150e+6,5.150e+6,,
320.7,7.091e+6,7.091e+6,,
320.75,9.327e+6,9.327e+6,,
320.8,1.174e+7,1.174e+7,,
320.85,1.418e+7,1.418e+7,,
320.9,1.652e+7,1.652e+7,,
320.95,1.866e+7,1.866e+7,,
321,2.064e+7,2.064e+7,,
321.05,2.262e+7,2.262e+7,,
321.1,2.483e+7,2.483e+7,,
321.15,2.758e+7,2.758e+7,,
321.2,3.108e+7,3.108e+7,,
321.25,3.540e+7,3.540e+7,,
321.3,4.035e+7,4.035e+7,,
321.35,4.545e+7,4.545e+7,,
321.4,5.006e+7,5.006e+7,,
321.45,5.344e+7,5.344e+7,,
321.5,5.495e+7,5.495e+7,,
321.55,5.422e+7,5.422e+7,,
321.6,5.119e+7,5.119e+7,,
321.65,4.617e+7,4.617e+7,,
321.7,3.976e+7,3.976e+7,,
321.75,3.270e+7,3.270e+7,,
321.8,2.574e+7,2.574e+7,,
321.85,1.951e+7,1.951e+7,,
321.9,1.450e+7,1.450e+7,,
321.95,1.102e+7,1.102e+7,,
322,9.282e+6,9.282e+6,,
322.05,9.459e+6,9.459e+6,,
322.1,1.172e+7,1.172e+7,,
322.15,1.623e+7,1.623e+7,,
322.2,2.313e+7,2.313e+7,,
322.25,3.238e+7,3.238e+7,,
322.3,4.371e+7,4.371e+7,,
322.35,5.648e+7,5.648e+7,,
322.4,6.965e+7,6.965e+7,,
322.45,8.192e+7,8.192e+7,,
322.5,9.186e+7,9.186e+7,,
322.55,9.819e+7,9.819e+7,,
322.6,1.000e+8,1.000e+8,,
322.65,9.716e+7,9.716e+7,,
322.7,8.994e+7,8.994e+7,,
322.75,7.937e+7,7.937e+7,,
322.8,6.676e+7,6.676e+7,,
322.85,5.352e+7,5.352e+7,,
322.9,4.090e+7,4.090e+7,,
322.95,2.980e+7,2.980e+7,,
323,2.069e+7,2.069e+7,,
323.05,1.370e+7,1.370e+7,,
323.1,8.641e+6,8.641e+6,,
323.15,5.196e+6,5.196e+6,,
323.2,2.979e+6,2.979e+6,,
323.25,1.628e+6,1.628e+6,,
323.3,8.479e+5,8.479e+5,,
323.35,4.210e+5,4.210e+5,,
323.4,1.993e+5,1.993e+5,,
323.45,8.990e+4,8.990e+4,,
323.5,3.866e+4,3.866e+4,,
323.55,1.585e+4,1.585e+4,,
323.6,6.194e+3,6.194e+3,,
323.65,2.307e+3,2.307e+3,,
323.7,8.192e+2,8.192e+2,,
323.75,2.773e+2,2.773e+2,,
323.8,8.947e+1,8.947e+1,,
323.85,2.752e+1,2.752e+1,,
323.9,8.068e+0,8.068e+0,,
323.95,2.255e+0,2.255e+0,,
324,6.007e-1,6.007e-1,,
324.05,1.526e-1,1.526e-1,,
324.1,3.693e-2,3.693e-2,,
324.15,8.524e-3,8.524e-3,,
324.21,1.377e-3,1.377e-3,,
324.26,2.861e-4,2.861e-4,,
324.31,5.664e-5,5.664e-5,,
324.36,1.069e-5,1.069e-5,,
324.41,1.924e-6,1.924e-6,,
324.46,3.300e-7,3.300e-7,,
324.51,5.395e-8,5.395e-8,,
324.56,3.000e-9,3.000e-9,,
325.51,2.027e-9,2.027e-9,,
325.56,1.232e-8,1.232e-8,,
325.61,7.143e-8,7.143e-8,,
325.66,3.954e-7,3.954e-7,,
325.71,2.089e-6,2.089e-6,,
325.76,1.053e-5,1.053e-5,,
325.81,5.070e-5,5.070e-5,,
325.86,2.329e-4,2.329e-4,,
325.91,1.021e-3,1.021e-3,,
325.96,4.273e-3,4.273e-3,,
326.01,1.707e-2,1.707e-2,,
326.06,6.507e-2,6.507e-2,,
326.11,2.367e-1,2.367e-1,,
326.16,8.221e-1,8.221e-1,,
326.21,2.725e+0,2.725e+0,,
326.26,8.620e+0,8.620e+0,,
326.31,2.603e+1,2.603e+1,,
326.36,7.501e+1,7.501e+1,,
326.41,2.063e+2,2.063e+2,,
326.46,5.416e+2,5.416e+2,,
326.51,1.357e+3,1.357e+3,,
326.56,3.246e+3,3.246e+3,,
326.61,7.408e+3,7.408e+3,,
326.66,1.614e+4,1.614e+4,,
326.71,3.356e+4,3.356e+4,,
326.76,6.660e+4,6.660e+4,,
326.81,1.262e+5,1.262e+5,,
326.86,2.281e+5,2.281e+5,,
326.91,3.935e+5,3.935e+5,,
326.96,6.481e+5,6.481e+5,,
327.01,1.019e+6,1.019e+6,,
327.06,1.528e+6,1.528e+6,,
327.11,2.189e+6,2.189e+6,,
327.16,2.991e+6,2.991e+6,,
327.21,3.902e+6,3.902e+6,,
327.26,4.858e+6,4.858e+6,,
327.31,5.773e+6,5.773e+6,,
327.36,6.547e+6,6.547e+6,,
327.41,7.087e+6,7.087e+6,,
327.46,7.322e+6,7.322e+6,,
327.51,7.221e+6,7.221e+6,,
327.56,6.796e+6,6.796e+6,,
327.61,6.106e+6,6.106e+6,,
327.66,5.237e+6,5.237e+6,,
327.71,4.290e+6,4.290e+6,,
327.76,3.361e+6,3.361e+6,,
327.81,2.528e+6,2.528e+6,,
327.86,1.845e+6,1.845e+6,,
327.91,1.343e+6,1.343e+6,,
327.96,1.038e+6,1.038e+6,,
328.01,9.416e+5,9.416e+5,,
328.06,1.066e+6,1.066e+6,,
328.11,1.430e+6,1.430e+6,,
328.16,2.058e+6,2.058e+6,,
328.21,2.966e+6,2.966e+6,,
328.26,4.157e+6,4.157e+6,,
328.31,5.598e+6,5.598e+6,,
328.36,7.212e+6,7.212e+6,,
328.41,8.880e+6,8.880e+6,,
328.46,1.044e+7,1.044e+7,,
328.51,1.172e+7,1.172e+7,,
328.56,1.256e+7,1.256e+7,,
328.61,1.286e+7,1.286e+7,,
328.66,1.256e+7,1.256e+7,,
328.71,1.172e+7,1.172e+7,,
328.76,1.044e+7,1.044e+7,,
328.81,8.878e+6,8.878e+6,,
328.86,7.208e+6,7.208e+6,,
328.91,5.587e+6,5.587e+6,,
328.96,4.135e+6,4.135e+6,,
329.01,2.922e+6,2.922e+6,,
329.06,1.971e+6,1.971e+6,,
329.11,1.270e+6,1.270e+6,,
329.16,7.808e+5,7.808e+5,,
329.21,4.585e+5,4.585e+5,,
329.26,2.570e+5,2.570e+5,,
329.31,1.375e+5,1.375e+5,,
329.36,7.028e+4,7.028e+4,,
329.41,3.429e+4,3.429e+4,,
329.46,1.597e+4,1.597e+4,,
329.51,7.103e+3,7.103e+3,,
329.56,3.016e+3,3.016e+3,,
329.61,1.223e+3,1.223e+3,,
329.66,4.732e+2,4.732e+2,,
329.71,1.749e+2,1.749e+2,,
329.76,6.169e+1,6.169e+1,,
329.81,2.078e+1,2.078e+1,,
329.86,6.683e+0,6.683e+0,,
329.91,2.052e+0,2.052e+0,,
329.96,6.015e-1,6.015e-1,,
330.01,1.684e-1,1.684e-1,,
330.06,4.499e-2,4.499e-2,,
330.11,1.148e-2,1.148e-2,,
330.16,2.796e-3,2.796e-3,,
330.21,6.503e-4,6.503e-4,,
330.26,1.444e-4,1.444e-4,,
330.31,3.061e-5,3.061e-5,,
330.36,6.196e-6,6.196e-6,,
330.41,1.197e-6,1.197e-6,,
330.46,2.209e-7,2.209e-7,,
330.51,3.892e-8,3.892e-8,,
330.56,6.545e-9,6.545e-9,,
332.46,1.684e-8,1.684e-8,,
332.51,9.753e-8,9.753e-8,,
332.56,5.403e-7,5.403e-7,,
332.61,2.863e-6,2.863e-6,,
332.66,1.450e-5,1.450e-5,,
332.71,7.026e-5,7.026e-5,,
332.76,3.255e-4,3.255e-4,,
332.81,1.442e-3,1.442e-3,,
332.86,6.111e-3,6.111e-3,,
332.91,2.476e-2,2.476e-2,,
332.96,9.592e-2,9.592e-2,,
333.01,3.554e-1,3.554e-1,,
333.06,1.259e+0,1.259e+0,,
333.11,4.266e+0,4.266e+0,,
333.16,1.382e+1,1.382e+1,,
333.21,4.283e+1,4.283e+1,,
333.26,1.269e+2,1.269e+2,,
333.31,3.596e+2,3.596e+2,,
333.36,9.744e+2,9.744e+2,,
333.41,2.525e+3,2.525e+3,,
333.46,6.256e+3,6.256e+3,,
333.51,1.482e+4,1.482e+4,,
333.56,3.359e+4,3.359e+4,,
333.61,7.279e+4,7.279e+4,,
333.66,1.508e+5,1.508e+5,,
333.71,2.989e+5,2.989e+5,,
333.76,5.665e+5,5.665e+5,,
333.81,1.027e+6,1.027e+6,,
333.86,1.779e+6,1.779e+6,,
333.91,2.949e+6,2.949e+6,,
333.96,4.675e+6,4.675e+6,,
334.01,7.090e+6,7.090e+6,,
334.06,1.029e+7,1.029e+7,,
334.11,1.428e+7,1.428e+7,,
334.16,1.898e+7,1.898e+7,,
334.21,2.417e+7,2.417e+7,,
334.26,2.952e+7,2.952e+7,,
334.31,3.467e+7,3.467e+7,,
334.36,3.926e+7,3.926e+7,,
334.41,4.309e+7,4.309e+7,,
334.46,4.617e+7,4.617e+7,,
334.51,4.880e+7,4.880e+7,,
334.56,5.149e+7,5.149e+7,,
334.61,5.492e+7,5.492e+7,,
334.66,5.968e+7,5.968e+7,,
334.71,6.616e+7,6.616e+7,,
334.76,7.431e+7,7.431e+7,,
334.81,8.362e+7,8.362e+7,,
334.86,9.309e+7,9.309e+7,,
334.91,1.014e+8,1.014e+8,,
334.96,1.073e+8,1.073e+8,,
335.01,1.096e+8,1.096e+8,,
335.06,1.077e+8,1.077e+8,,
335.11,1.016e+8,1.016e+8,,
335.16,9.189e+7,9.189e+7,,
335.21,7.960e+7,7.960e+7,,
335.26,6.603e+7,6.603e+7,,3.214e-27
335.31,5.248e+7,5.248e+7,,1.840e-26
335.36,4.006e+7,4.006e+7,,1.008e-25
335.41,2.955e+7,2.955e+7,,5.289e-25
335.46,2.144e+7,2.144e+7,,2.654e-24
335.51,1.595e+7,1.595e+7,,1.275e-23
335.56,1.319e+7,1.319e+7,,5.860e-23
335.61,1.326e+7,1.326e+7,,2.578e-22
335.66,1.628e+7,1.628e+7,,1.085e-21
335.71,2.250e+7,2.250e+7,,4.371e-21
335.76,3.214e+7,3.214e+7,,1.685e-20
335.81,4.529e+7,4.529e+7,,6.218e-20
335.86,6.178e+7,6.178e+7,,2.195e-19
335.91,8.096e+7,8.096e+7,,7.419e-19
335.96,1.017e+8,1.017e+8,,2.399e-18
336.01,1.222e+8,1.222e+8,,7.424e-18
336.06,1.405e+8,1.405e+8,,2.199e-17
336.11,1.547e+8,1.547e+8,,6.231e-17
336.16,1.629e+8,1.629e+8,,1.690e-16
336.21,1.641e+8,1.641e+8,,4.387e-16
336.26,1.582e+8,1.582e+8,,1.090e-15
336.31,1.459e+8,1.459e+8,,2.591e-15
336.36,1.287e+8,1.287e+8,,5.894e-15
336.41,1.087e+8,1.087e+8,,1.283e-14
336.46,8.777e+7,8.777e+7,,2.674e-14
336.51,6.783e+7,6.783e+7,,5.331e-14
336.56,5.016e+7,5.016e+7,,1.017e-13
336.61,3.549e+7,3.549e+7,,1.858e-13
336.66,2.402e+7,2.402e+7,,3.246e-13
336.71,1.556e+7,1.556e+7,,5.429e-13
336.76,9.639e+6,9.639e+6,,8.690e-13
336.81,5.714e+6,5.714e+6,,1.331e-12
336.86,3.241e+6,3.241e+6,,1.951e-12
336.91,1.759e+6,1.759e+6,,2.737e-12
336.96,9.134e+5,9.134e+5,,3.674e-12
337.01,4.538e+5,4.538e+5,,4.720e-12
337.06,2.157e+5,2.157e+5,,5.804e-12
337.11,9.810e+4,9.810e+4,,6.829e-12
337.16,4.269e+4,4.269e+4,,7.689e-12
337.21,1.777e+4,1.777e+4,,8.286e-12
337.26,7.079e+3,7.079e+3,,8.544e-12
337.31,2.698e+3,2.698e+3,,8.433e-12
337.36,9.839e+2,9.839e+2,,7.964e-12
337.41,3.433e+2,3.433e+2,,7.198e-12
337.46,1.146e+2,1.146e+2,,6.226e-12
337.51,3.660e+1,3.660e+1,,5.154e-12
337.56,1.118e+1,1.118e+1,,4.083e-12
337.61,3.270e+0,3.270e+0,,3.095e-12
337.66,9.147e-1,9.147e-1,,2.246e-12
337.71,2.448e-1,2.448e-1,,1.559e-12
337.76,6.270e-2,6.270e-2,,1.036e-12
337.81,1.536e-2,1.536e-2,,6.588e-13
337.86,3.601e-3,3.601e-3,,4.009e-13
337.91,8.078e-4,8.078e-4,,2.335e-13
337.96,1.734e-4,1.734e-4,,1.301e-13
338.01,3.560e-5,3.560e-5,,6.940e-14
338.06,6.994e-6,6.994e-6,,3.542e-14
338.11,1.315e-6,1.315e-6,,1.730e-14
338.16,2.364e-7,2.364e-7,,8.088e-15
338.21,4.069e-8,4.069e-8,,3.618e-15
338.26,2.027e-9,2.027e-9,,1.549e-15
338.31,6.346e-16,,,6.346e-16
338.36,2.488e-16,,,2.488e-16
338.41,9.337e-17,,,9.337e-17
338.46,3.353e-17,,,3.353e-17
338.51,1.152e-17,,,1.152e-17
338.56,3.789e-18,,,3.789e-18
338.61,1.193e-18,,,1.193e-18
338.66,3.592e-19,,,3.592e-19
338.71,1.035e-19,,,1.035e-19
338.76,2.856e-20,,,2.856e-20
338.81,7.539e-21,,,7.539e-21
338.86,1.905e-21,,,1.905e-21
338.91,4.605e-22,,,4.605e-22
338.96,1.065e-22,,,1.065e-22
339.01,2.359e-23,,,2.359e-23
339.06,4.999e-24,,,4.999e-24
339.11,1.014e-24,,,1.014e-24
339.16,1.967e-25,,,1.967e-25
339.21,3.653e-26,,,3.653e-26
339.26,6.493e-27,,,6.493e-27
339.31,1.104e-27,,,1.104e-27
345.41,5.270e-9,5.270e-9,,
345.46,2.867e-8,2.867e-8,,
345.51,1.496e-7,1.496e-7,,
345.56,7.492e-7,7.492e-7,,
345.61,3.599e-6,3.599e-6,,
345.66,1.659e-5,1.659e-5,,
345.71,7.337e-5,7.337e-5,,
345.76,3.113e-4,3.113e-4,,
345.81,1.267e-3,1.267e-3,,
345.86,4.950e-3,4.950e-3,,
345.91,1.855e-2,1.855e-2,,
345.96,6.668e-2,6.668e-2,,
346.01,2.300e-1,2.300e-1,,
346.06,7.612e-1,7.612e-1,,
346.11,2.417e+0,2.417e+0,,
346.16,7.363e+0,7.363e+0,,
346.21,2.152e+1,2.152e+1,,
346.26,6.035e+1,6.035e+1,,
346.31,1.624e+2,1.624e+2,,
346.36,4.192e+2,4.192e+2,,
346.41,1.038e+3,1.038e+3,,
346.46,2.467e+3,2.467e+3,,
346.51,5.624e+3,5.624e+3,,
346.56,1.230e+4,1.230e+4,,
346.61,2.581e+4,2.581e+4,,
346.66,5.198e+4,5.198e+4,,
346.71,1.004e+5,1.004e+5,,
346.76,1.861e+5,1.861e+5,,
346.81,3.309e+5,3.309e+5,,
346.86,5.646e+5,5.646e+5,,
346.91,9.241e+5,9.241e+5,,
346.96,1.451e+6,1.451e+6,,
347.01,2.187e+6,2.187e+6,,
347.06,3.161e+6,3.161e+6,,
347.11,4.385e+6,4.385e+6,,
347.16,5.835e+6,5.835e+6,,
347.21,7.450e+6,7.450e+6,,
347.26,9.126e+6,9.126e+6,,
347.31,1.073e+7,1.073e+7,,
347.36,1.209e+7,1.209e+7,,
347.41,1.308e+7,1.308e+7,,
347.46,1.358e+7,1.358e+7,,
347.51,1.353e+7,1.353e+7,,
347.56,1.292e+7,1.292e+7,,
347.61,1.185e+7,1.185e+7,,
347.66,1.042e+7,1.042e+7,,
347.71,8.795e+6,8.795e+6,,
347.76,7.125e+6,7.125e+6,,
347.81,5.543e+6,5.543e+6,,
347.86,4.150e+6,4.150e+6,,
347.91,3.007e+6,3.007e+6,,
347.96,2.140e+6,2.140e+6,,
348.01,1.555e+6,1.555e+6,,
348.06,1.248e+6,1.248e+6,,
348.11,1.220e+6,1.220e+6,,
348.16,1.485e+6,1.485e+6,,
348.21,2.072e+6,2.072e+6,,
348.26,3.025e+6,3.025e+6,,
348.31,4.385e+6,4.385e+6,,
348.36,6.177e+6,6.177e+6,,
348.41,8.388e+6,8.388e+6,,
348.46,1.095e+7,1.095e+7,,
348.51,1.372e+7,1.372e+7,,
348.56,1.651e+7,1.651e+7,,
348.61,1.906e+7,1.906e+7,,
348.66,2.113e+7,2.113e+7,,
348.71,2.247e+7,2.247e+7,,
348.76,2.294e+7,2.294e+7,,
348.81,2.247e+7,2.247e+7,,
348.86,2.113e+7,2.113e+7,,
348.91,1.906e+7,1.906e+7,,
348.96,1.651e+7,1.651e+7,,
349.01,1.372e+7,1.372e+7,,
349.06,1.094e+7,1.094e+7,,
349.11,8.378e+6,8.378e+6,,
349.16,6.155e+6,6.155e+6,,
349.21,4.340e+6,4.340e+6,,
349.26,2.937e+6,2.937e+6,,
349.31,1.907e+6,1.907e+6,,
349.36,1.189e+6,1.189e+6,,
349.41,7.112e+5,7.112e+5,,
349.46,4.083e+5,4.083e+5,,
349.51,2.250e+5,2.250e+5,,
349.56,1.190e+5,1.190e+5,,
349.61,6.037e+4,6.037e+4,,
349.66,2.940e+4,2.940e+4,,
349.71,1.374e+4,1.374e+4,,
349.76,6.166e+3,6.166e+3,,
349.81,2.655e+3,2.655e+3,,
349.86,1.097e+3,1.097e+3,,
349.91,4.350e+2,4.350e+2,,
349.96,1.656e+2,1.656e+2,,
350.01,6.048e+1,6.048e+1,,
350.06,2.120e+1,2.120e+1,,
350.11,7.133e+0,7.133e+0,,
350.16,2.303e+0,2.303e+0,,
350.21,7.137e-1,7.137e-1,,
350.26,2.123e-1,2.123e-1,,
350.31,6.058e-2,6.058e-2,,
350.36,1.660e-2,1.660e-2,,
350.41,4.363e-3,4.363e-3,,
350.46,1.101e-3,1.101e-3,,
350.51,2.666e-4,2.666e-4,,
350.56,6.195e-5,6.195e-5,,
350.61,1.382e-5,1.382e-5,,
350.66,2.958e-6,2.958e-6,,
350.71,6.076e-7,6.076e-7,,
350.76,1.198e-7,1.198e-7,,
350.81,2.267e-8,2.267e-8,,
350.86,4.117e-9,4.117e-9,,
351.66,6.167e-28,,,6.167e-28
351.71,3.289e-27,,,3.289e-27
351.76,1.685e-26,,,1.685e-26
351.81,8.296e-26,,,8.296e-26
351.86,3.924e-25,,,3.924e-25
351.91,1.784e-24,,,1.784e-24
351.96,7.790e-24,,,7.790e-24
352.01,3.269e-23,,,3.269e-23
352.06,1.318e-22,,,1.318e-22
352.11,5.106e-22,,,5.106e-22
352.16,1.900e-21,,,1.900e-21
352.21,6.797e-21,,,6.797e-21
352.26,2.336e-20,,,2.336e-20
352.31,7.712e-20,,,7.712e-20
352.36,2.447e-19,,,2.447e-19
352.41,7.459e-19,,,7.459e-19
352.46,2.185e-18,,,2.185e-18
352.51,6.148e-18,,,6.148e-18
352.56,1.662e-17,,,1.662e-17
352.61,4.319e-17,,,4.319e-17
352.66,1.078e-16,,,1.078e-16
352.71,2.586e-16,,,2.586e-16
352.76,5.960e-16,,,5.960e-16
352.81,1.320e-15,,,1.320e-15
352.86,2.808e-15,,,2.808e-15
352.91,5.741e-15,,,5.741e-15
352.96,1.128e-14,,,1.128e-14
353.01,2.128e-14,,,2.128e-14
353.06,3.860e-14,,,3.860e-14
353.11,6.726e-14,,,6.726e-14
353.16,1.126e-13,,,1.126e-13
353.21,1.811e-13,,,1.811e-13
353.26,2.800e-13,,,2.800e-13
353.31,4.158e-13,,,4.158e-13
353.36,5.933e-13,,,5.933e-13
353.41,8.135e-13,,,8.135e-13
353.46,1.072e-12,,,1.072e-12
353.51,1.357e-12,,,1.357e-12
353.56,1.650e-12,,,1.650e-12
353.61,1.928e-12,,,1.928e-12
353.66,2.165e-12,,,2.165e-12
353.71,2.336e-12,,,2.336e-12
353.76,2.421e-12,,,2.421e-12
353.81,2.411e-12,,,2.411e-12
353.86,2.308e-12,,,2.308e-12
353.91,2.122e-12,,,2.122e-12
353.96,1.875e-12,,,1.875e-12
354.01,1.592e-12,,,1.592e-12
354.06,1.298e-12,,,1.298e-12
354.11,1.017e-12,,,1.017e-12
354.16,7.662e-13,,,7.662e-13
354.21,5.544e-13,,,5.544e-13
354.26,3.854e-13,,,3.854e-13
354.31,2.575e-13,,,2.575e-13
354.36,1.652e-13,,,1.652e-13
354.41,1.019e-13,,,1.019e-13
354.46,6.038e-14,,,6.038e-14
354.51,3.438e-14,,,3.438e-14
354.56,1.881e-14,,,1.881e-14
354.61,9.885e-15,,,9.885e-15
354.66,4.992e-15,,,4.992e-15
354.71,2.422e-15,,,2.422e-15
354.76,1.129e-15,,,1.129e-15
354.81,5.060e-16,,,5.060e-16
354.86,2.178e-16,,,2.178e-16
354.91,9.008e-17,,,9.008e-17
354.96,3.580e-17,,,3.580e-17
355.01,1.367e-17,,,1.367e-17
355.07,4.084e-18,,,4.084e-18
355.12,1.428e-18,,,1.428e-18
355.17,4.799e-19,,,4.799e-19
355.22,1.549e-19,,,1.549e-19
355.27,4.806e-20,,,4.806e-20
355.32,1.432e-20,,,1.432e-20
355.37,4.102e-21,,,4.102e-21
355.42,1.129e-21,,,1.129e-21
355.47,2.985e-22,,,2.985e-22
355.52,7.582e-23,,,7.582e-23
355.57,1.851e-23,,,1.851e-23
355.62,4.340e-24,,,4.340e-24
355.67,9.781e-25,,,9.781e-25
355.72,2.118e-25,,,2.118e-25
355.77,4.406e-26,,,4.406e-26
355.82,8.808e-27,,,8.808e-27
355.87,1.692e-27,,,1.692e-27
355.92,3.122e-28,,,3.122e-28
360.22,9.951e-9,9.951e-9,,
360.27,5.173e-8,5.173e-8,,
360.32,2.589e-7,2.589e-7,,
360.37,1.247e-6,1.247e-6,,
360.42,5.783e-6,5.783e-6,,
360.47,2.582e-5,2.582e-5,,
360.52,1.110e-4,1.110e-4,,
360.57,4.590e-4,4.590e-4,,
360.62,1.828e-3,1.828e-3,,
360.67,7.008e-3,7.008e-3,,
360.72,2.586e-2,2.586e-2,,
360.77,9.188e-2,9.188e-2,,
360.82,3.142e-1,3.142e-1,,
360.87,1.034e+0,1.034e+0,,
360.92,3.278e+0,3.278e+0,,
360.97,1.000e+1,1.000e+1,,
361.02,2.937e+1,2.937e+1,,
361.07,8.304e+1,8.304e+1,,
361.12,2.260e+2,2.260e+2,,
361.17,5.921e+2,5.921e+2,,
361.22,1.493e+3,1.493e+3,,
361.27,3.626e+3,3.626e+3,,
361.32,8.473e+3,8.473e+3,,
361.37,1.906e+4,1.906e+4,,
361.42,4.129e+4,4.129e+4,,
361.47,8.608e+4,8.608e+4,,
361.52,1.728e+5,1.728e+5,,
361.57,3.338e+5,3.338e+5,,
361.62,6.209e+5,6.209e+5,,
361.67,1.112e+6,1.112e+6,,
361.72,1.916e+6,1.916e+6,,
361.77,3.179e+6,3.179e+6,,
361.82,5.078e+6,5.078e+6,,
361.87,7.809e+6,7.809e+6,,
361.92,1.156e+7,1.156e+7,,
361.97,1.648e+7,1.648e+7,,
362.02,2.262e+7,2.262e+7,,
362.07,2.990e+7,2.990e+7,,
362.12,3.808e+7,3.808e+7,,
362.17,4.675e+7,4.675e+7,,
362.22,5.537e+7,5.537e+7,,
362.27,6.335e+7,6.335e+7,,
362.32,7.019e+7,7.019e+7,,
362.37,7.557e+7,7.557e+7,,
362.42,7.952e+7,7.952e+7,,
362.47,8.242e+7,8.242e+7,,
362.52,8.507e+7,8.507e+7,,
362.57,8.853e+7,8.853e+7,,
362.62,9.396e+7,9.396e+7,,
362.67,1.024e+8,1.024e+8,,
362.72,1.144e+8,1.144e+8,,
362.77,1.301e+8,1.301e+8,,
362.82,1.486e+8,1.486e+8,,
362.87,1.686e+8,1.686e+8,,
362.92,1.880e+8,1.880e+8,,
362.97,2.046e+8,2.046e+8,,
363.02,2.161e+8,2.161e+8,,
363.07,2.210e+8,2.210e+8,,
363.12,2.182e+8,2.182e+8,,
363.17,2.079e+8,2.079e+8,,
363.22,1.909e+8,1.909e+8,,
363.27,1.689e+8,1.689e+8,,
363.32,1.440e+8,1.440e+8,,
363.37,1.182e+8,1.182e+8,,
363.42,9.348e+7,9.348e+7,,
363.47,7.130e+7,7.130e+7,,
363.52,5.258e+7,5.258e+7,,
363.57,3.776e+7,3.776e+7,,
363.62,2.691e+7,2.691e+7,,
363.67,1.989e+7,1.989e+7,,
363.72,1.656e+7,1.656e+7,,
363.77,1.686e+7,1.686e+7,,
363.82,2.097e+7,2.097e+7,,
363.87,2.927e+7,2.927e+7,,
363.92,4.230e+7,4.230e+7,,
363.97,6.059e+7,6.059e+7,,
364.02,8.450e+7,8.450e+7,,
364.07,1.140e+8,1.140e+8,,
364.12,1.482e+8,1.482e+8,,
364.17,1.858e+8,1.858e+8,,
364.22,2.243e+8,2.243e+8,,
364.27,2.609e+8,2.609e+8,,
364.32,2.923e+8,2.923e+8,,
364.37,3.154e+8,3.154e+8,,
364.42,3.278e+8,3.278e+8,,
364.47,3.281e+8,3.281e+8,,
364.52,3.163e+8,3.163e+8,,
364.57,2.938e+8,2.938e+8,,
364.62,2.628e+8,2.628e+8,,
364.67,2.264e+8,2.264e+8,,
364.72,1.878e+8,1.878e+8,,
364.77,1.501e+8,1.501e+8,,
364.82,1.156e+8,1.156e+8,,
364.87,8.569e+7,8.569e+7,,
364.92,6.120e+7,6.120e+7,,
364.97,4.210e+7,4.210e+7,,
365.02,2.789e+7,2.789e+7,,
365.07,1.780e+7,1.780e+7,,
365.12,1.094e+7,1.094e+7,,
365.17,6.479e+6,6.479e+6,,
365.22,3.695e+6,3.695e+6,,
365.27,2.030e+6,2.030e+6,,
365.32,1.074e+6,1.074e+6,,
365.37,5.474e+5,5.474e+5,,
365.42,2.687e+5,2.687e+5,,
365.47,1.271e+5,1.271e+5,,
365.52,5.788e+4,5.788e+4,,
365.57,2.539e+4,2.539e+4,,
365.62,1.073e+4,1.073e+4,,
365.67,4.368e+3,4.368e+3,,
365.72,1.713e+3,1.713e+3,,
365.77,6.469e+2,6.469e+2,,
365.82,2.355e+2,2.355e+2,,
365.87,8.304e+1,8.304e+1,,
365.92,2.954e+1,2.954e+1,,
365.97,1.386e+1,1.386e+1,,
366.02,1.591e+1,1.591e+1,,
366.07,3.514e+1,3.514e+1,,
366.12,8.688e+1,8.688e+1,,
366.17,2.112e+2,2.112e+2,,
366.22,4.961e+2,4.961e+2,,
366.27,1.124e+3,1.124e+3,,
366.32,2.458e+3,2.458e+3,,
366.37,5.182e+3,5.182e+3,,
366.42,1.054e+4,1.054e+4,,
366.47,2.070e+4,2.070e+4,,
366.52,3.923e+4,3.923e+4,,
366.57,7.176e+4,7.176e+4,,
366.62,1.268e+5,1.268e+5,,
366.67,2.163e+5,2.163e+5,,
366.72,3.565e+5,3.565e+5,,
366.77,5.681e+5,5.681e+5,,
366.82,8.752e+5,8.752e+5,,
366.87,1.304e+6,1.304e+6,,
366.92,1.881e+6,1.881e+6,,
366.97,2.628e+6,2.628e+6,,
367.02,3.557e+6,3.557e+6,,
367.07,4.669e+6,4.669e+6,,
367.12,5.948e+6,5.948e+6,,
367.17,7.363e+6,7.363e+6,,
367.22,8.865e+6,8.865e+6,,
367.27,1.040e+7,1.040e+7,,
367.32,1.189e+7,1.189e+7,,
367.37,1.328e+7,1.328e+7,,
367.42,1.450e+7,1.450e+7,,
367.47,1.551e+7,1.551e+7,,
367.52,1.626e+7,1.626e+7,,
367.57,1.674e+7,1.674e+7,,
367.62,1.690e+7,1.690e+7,,
367.67,1.676e+7,1.676e+7,,
367.72,1.630e+7,1.630e+7,,
367.77,1.554e+7,1.554e+7,,
367.82,1.451e+7,1.451e+7,,
367.87,1.323e+7,1.323e+7,,
367.92,1.177e+7,1.177e+7,,
367.97,1.020e+7,1.020e+7,,
368.02,8.601e+6,8.601e+6,,
368.07,7.041e+6,7.041e+6,,
368.12,5.590e+6,5.590e+6,,
368.17,4.299e+6,4.299e+6,,
368.22,3.200e+6,3.200e+6,,
368.27,2.304e+6,2.304e+6,,
368.32,1.603e+6,1.603e+6,,
368.37,1.077e+6,1.077e+6,3.855e-8,
368.42,6.988e+5,6.988e+5,1.920e-7,
368.47,4.376e+5,4.376e+5,9.218e-7,
368.52,2.644e+5,2.644e+5,4.268e-6,
368.57,1.541e+5,1.541e+5,1.906e-5,
368.62,8.664e+4,8.664e+4,8.205e-5,
368.67,4.696e+4,4.696e+4,3.406e-4,
368.72,2.455e+4,2.455e+4,1.363e-3,
368.77,1.237e+4,1.237e+4,5.262e-3,
368.82,6.009e+3,6.009e+3,1.958e-2,
368.87,2.814e+3,2.814e+3,7.028e-2,
368.92,1.270e+3,1.270e+3,2.432e-1,
368.97,5.534e+2,5.526e+2,8.115e-1,
369.02,2.344e+2,2.317e+2,2.611e+0,
369.07,1.018e+2,9.367e+1,8.100e+0,
369.12,6.072e+1,3.649e+1,2.423e+1,
369.17,8.360e+1,1.370e+1,6.990e+1,
369.22,1.994e+2,4.957e+0,1.944e+2,
369.27,5.232e+2,1.729e+0,5.214e+2,
369.32,1.349e+3,5.810e-1,1.348e+3,
369.37,3.363e+3,1.882e-1,3.363e+3,
369.42,8.085e+3,5.874e-2,8.085e+3,
369.47,1.875e+4,1.767e-2,1.875e+4,
369.52,4.191e+4,5.124e-3,4.191e+4,
369.57,9.035e+4,1.432e-3,9.035e+4,
369.62,1.878e+5,3.855e-4,1.878e+5,
369.67,3.764e+5,1.000e-4,3.764e+5,
369.72,7.275e+5,2.502e-5,7.275e+5,
369.77,1.356e+6,6.030e-6,1.356e+6,
369.82,2.436e+6,1.401e-6,2.436e+6,
369.87,4.222e+6,3.135e-7,4.222e+6,
369.92,7.053e+6,6.764e-8,7.053e+6,
369.97,1.136e+7,1.406e-8,1.136e+7,
370.02,1.765e+7,2.818e-9,1.765e+7,
370.07,2.644e+7,,2.644e+7,
370.12,3.819e+7,,3.819e+7,
370.17,5.319e+7,,5.319e+7,
370.22,7.144e+7,,7.144e+7,
370.27,9.251e+7,,9.251e+7,
370.32,1.155e+8,,1.155e+8,
370.37,1.391e+8,,1.391e+8,
370.42,1.615e+8,,1.615e+8,
370.47,1.808e+8,,1.808e+8,
370.52,1.951e+8,,1.951e+8,
370.57,2.031e+8,,2.031e+8,
370.62,2.038e+8,,2.038e+8,
370.67,1.973e+8,,1.973e+8,
370.72,1.841e+8,,1.841e+8,
370.77,1.656e+8,,1.656e+8,
370.82,1.437e+8,,1.437e+8,
370.87,1.202e+8,,1.202e+8,
370.92,9.699e+7,,9.699e+7,
370.97,7.545e+7,,7.545e+7,
371.02,5.659e+7,,5.659e+7,
371.07,4.093e+7,,4.093e+7,
371.12,2.854e+7,,2.854e+7,
371.17,1.919e+7,,1.919e+7,
371.22,1.245e+7,,1.245e+7,
371.27,7.782e+6,,7.782e+6,
371.32,4.692e+6,,4.692e+6,
371.37,2.727e+6,,2.727e+6,
371.42,1.529e+6,,1.529e+6,
371.47,8.264e+5,,8.264e+5,
371.52,4.307e+5,,4.307e+5,
371.57,2.165e+5,,2.165e+5,
371.62,1.049e+5,,1.049e+5,
371.67,4.901e+4,,4.901e+4,
371.72,2.208e+4,,2.208e+4,
371.77,9.594e+3,,9.594e+3,
371.82,4.019e+3,,4.019e+3,
371.87,1.624e+3,,1.624e+3,
371.92,6.325e+2,,6.325e+2,
371.97,2.378e+2,,2.378e+2,
372.02,8.684e+1,,8.684e+1,
372.07,3.271e+1,,3.271e+1,
372.12,1.850e+1,,1.850e+1,
372.17,2.863e+1,,2.863e+1,
372.22,7.497e+1,,7.497e+1,
372.27,2.084e+2,,2.084e+2,
372.32,5.652e+2,,5.652e+2,
372.37,1.481e+3,,1.481e+3,
372.42,3.743e+3,,3.743e+3,
372.47,9.128e+3,,9.128e+3,
372.52,2.148e+4,,2.148e+4,
372.57,4.876e+4,1.376e-9,4.876e+4,
372.62,1.068e+5,6.753e-9,1.068e+5,
372.67,2.258e+5,3.198e-8,2.258e+5,
372.72,4.603e+5,1.461e-7,4.603e+5,
372.77,9.057e+5,6.466e-7,9.057e+5,
372.82,1.719e+6,2.753e-6,1.719e+6,
372.87,3.149e+6,1.132e-5,3.149e+6,
372.92,5.564e+6,4.488e-5,5.564e+6,
372.97,9.486e+6,1.718e-4,9.486e+6,
373.02,1.560e+7,6.347e-4,1.560e+7,
373.07,2.476e+7,2.263e-3,2.476e+7,
373.12,3.792e+7,7.789e-3,3.792e+7,
373.17,5.602e+7,2.587e-2,5.602e+7,
373.22,7.985e+7,8.296e-2,7.985e+7,
373.27,1.098e+8,2.568e-1,1.098e+8,
373.32,1.457e+8,7.671e-1,1.457e+8,
373.37,1.866e+8,2.212e+0,1.866e+8,
373.42,2.304e+8,6.158e+0,2.304e+8,
373.47,2.746e+8,1.655e+1,2.746e+8,
373.52,3.158e+8,4.294e+1,3.158e+8,
373.57,3.504e+8,1.076e+2,3.504e+8,
373.62,3.750e+8,2.603e+2,3.750e+8,
373.67,3.873e+8,6.079e+2,3.873e+8,
373.72,3.859e+8,1.371e+3,3.859e+8,
373.77,3.710e+8,2.988e+3,3.710e+8,
373.82,3.441e+8,6.290e+3,3.441e+8,
373.87,3.080e+8,1.279e+4,3.080e+8,
373.92,2.660e+8,2.513e+4,2.659e+8,
373.97,2.216e+8,4.772e+4,2.215e+8,
374.02,1.782e+8,8.759e+4,1.781e+8,
374.07,1.383e+8,1.554e+5,1.381e+8,
374.12,1.036e+8,2.668e+5,1.033e+8,
374.17,7.504e+7,4.429e+5,7.460e+7,
374.22,5.267e+7,7.115e+5,5.196e+7,
374.27,3.603e+7,1.106e+6,3.492e+7,
374.32,2.431e+7,1.666e+6,2.264e+7,
374.37,1.660e+7,2.432e+6,1.417e+7,
374.42,1.199e+7,3.440e+6,8.550e+6,
374.47,9.701e+6,4.722e+6,4.979e+6,
374.52,9.088e+6,6.290e+6,2.798e+6,
374.57,9.659e+6,8.143e+6,1.517e+6,
374.62,1.104e+7,1.025e+7,7.933e+5,
374.67,1.296e+7,1.256e+7,4.004e+5,
374.72,1.520e+7,1.501e+7,1.949e+5,
374.77,1.759e+7,1.750e+7,9.158e+4,
374.82,1.999e+7,1.995e+7,4.151e+4,
374.87,2.227e+7,2.226e+7,1.815e+4,
374.92,2.435e+7,2.434e+7,7.659e+3,
374.97,2.613e+7,2.613e+7,3.118e+3,
375.02,2.756e+7,2.756e+7,1.225e+3,
375.07,2.858e+7,2.858e+7,4.641e+2,
375.12,2.915e+7,2.915e+7,1.697e+2,
375.17,2.921e+7,2.921e+7,5.986e+1,
375.22,2.876e+7,2.876e+7,2.037e+1,
375.27,2.778e+7,2.778e+7,6.691e+0,
375.32,2.628e+7,2.628e+7,2.120e+0,
375.37,2.432e+7,2.432e+7,6.481e-1,
375.42,2.196e+7,2.196e+7,1.911e-1,
375.47,1.934e+7,1.934e+7,5.439e-2,
375.52,1.657e+7,1.657e+7,1.493e-2,
375.57,1.380e+7,1.380e+7,3.956e-3,
375.62,1.115e+7,1.115e+7,1.011e-3,
375.67,8.741e+6,8.741e+6,2.494e-4,
375.72,6.637e+6,6.637e+6,5.933e-5,
375.77,4.880e+6,4.880e+6,1.362e-5,
375.82,3.471e+6,3.471e+6,3.017e-6,
375.87,2.388e+6,2.388e+6,6.446e-7,
375.92,1.588e+6,1.588e+6,1.329e-7,
375.97,1.021e+6,1.021e+6,,
376.02,6.339e+5,6.339e+5,,
376.07,3.802e+5,3.802e+5,,
376.12,2.203e+5,2.203e+5,,
376.17,1.232e+5,1.232e+5,,
376.22,6.656e+4,6.656e+4,,
376.27,3.471e+4,3.471e+4,,
376.32,1.748e+4,1.748e+4,,
376.37,8.495e+3,8.495e+3,,
376.42,3.986e+3,3.986e+3,,
376.47,1.805e+3,1.805e+3,,
376.52,7.891e+2,7.891e+2,,
376.57,3.330e+2,3.330e+2,,
376.62,1.356e+2,1.356e+2,,
376.67,5.330e+1,5.330e+1,,
376.72,2.022e+1,2.022e+1,,
376.77,7.406e+0,7.406e+0,,
376.82,2.617e+0,2.617e+0,,
376.87,8.928e-1,8.928e-1,,
376.92,2.940e-1,2.940e-1,,
376.97,9.340e-2,9.340e-2,,
377.02,2.865e-2,2.865e-2,,
377.07,8.479e-3,8.479e-3,,
377.12,2.422e-3,2.422e-3,,
377.17,6.678e-4,6.678e-4,,
377.22,1.777e-4,1.777e-4,,
377.27,4.564e-5,4.564e-5,,
377.32,1.131e-5,1.131e-5,,
377.37,2.706e-6,2.706e-6,,
377.42,6.247e-7,6.247e-7,,
377.47,1.392e-7,1.392e-7,,
377.52,2.994e-8,2.994e-8,,
377.57,6.214e-9,6.214e-9,,
384.72,3.552e-9,3.552e-9,,
384.77,1.655e-8,1.655e-8,,
384.82,7.455e-8,7.455e-8,,
384.87,3.249e-7,3.249e-7,,
384.92,1.373e-6,1.373e-6,,
384.97,5.599e-6,5.599e-6,,
385.02,2.208e-5,2.208e-5,,
385.07,8.424e-5,8.424e-5,,
385.12,3.109e-4,3.109e-4,,
385.17,1.109e-3,1.109e-3,,
385.22,3.830e-3,3.830e-3,,
385.27,1.279e-2,1.279e-2,,
385.32,4.131e-2,4.131e-2,,
385.37,1.291e-1,1.291e-1,,
385.42,3.902e-1,3.902e-1,,
385.47,1.141e+0,1.141e+0,,
385.52,3.226e+0,3.226e+0,,
385.57,8.828e+0,8.828e+0,,
385.62,2.337e+1,2.337e+1,,
385.67,5.985e+1,5.985e+1,,
385.72,1.483e+2,1.483e+2,,
385.77,3.555e+2,3.555e+2,,
385.82,8.246e+2,8.246e+2,,
385.87,1.851e+3,1.851e+3,,
385.93,4.678e+3,4.678e+3,,
385.98,9.770e+3,9.770e+3,,
386.03,1.975e+4,1.975e+4,,
386.08,3.866e+4,3.866e+4,,
386.13,7.324e+4,7.324e+4,,
386.18,1.344e+5,1.344e+5,,
386.23,2.387e+5,2.387e+5,,
386.28,4.108e+5,4.108e+5,,
386.33,6.847e+5,6.847e+5,,
386.38,1.106e+6,1.106e+6,,
386.43,1.732e+6,1.732e+6,,
386.48,2.628e+6,2.628e+6,,
386.53,3.869e+6,3.869e+6,,
386.58,5.526e+6,5.526e+6,,
386.63,7.661e+6,7.661e+6,,
386.68,1.032e+7,1.032e+7,,
386.73,1.350e+7,1.350e+7,,
386.78,1.718e+7,1.718e+7,,
386.83,2.129e+7,2.129e+7,,
386.88,2.571e+7,2.571e+7,,
386.93,3.029e+7,3.029e+7,,
386.98,3.488e+7,3.488e+7,,
387.03,3.931e+7,3.931e+7,,
387.08,4.343e+7,4.343e+7,,
387.13,4.714e+7,4.714e+7,,
387.18,5.035e+7,5.035e+7,,
387.23,5.299e+7,5.299e+7,,
387.28,5.501e+7,5.501e+7,,
387.33,5.637e+7,5.637e+7,,
387.38,5.701e+7,5.701e+7,,
387.43,5.686e+7,5.686e+7,,
387.48,5.587e+7,5.587e+7,,
387.53,5.398e+7,5.398e+7,,
387.58,5.118e+7,5.118e+7,,
387.63,4.755e+7,4.755e+7,,
387.68,4.318e+7,4.318e+7,,
387.73,3.828e+7,3.828e+7,,
387.78,3.306e+7,3.306e+7,,
387.83,2.778e+7,2.778e+7,,
387.88,2.270e+7,2.270e+7,,
387.93,1.800e+7,1.800e+7,,
387.98,1.386e+7,1.386e+7,,
388.03,1.034e+7,1.034e+7,,
388.08,7.479e+6,7.479e+6,,
388.13,5.241e+6,5.241e+6,,
388.18,3.557e+6,3.557e+6,,
388.23,2.337e+6,2.337e+6,,
388.28,1.486e+6,1.486e+6,,
388.33,9.151e+5,9.151e+5,,
388.38,5.452e+5,5.452e+5,,
388.43,3.143e+5,3.143e+5,,
388.48,1.753e+5,1.753e+5,,
388.53,9.462e+4,9.462e+4,,
388.58,4.940e+4,4.940e+4,,
388.63,2.495e+4,2.495e+4,,
388.68,1.219e+4,1.219e+4,,
388.73,5.764e+3,5.764e+3,,
388.78,2.635e+3,2.635e+3,,
388.83,1.166e+3,1.166e+3,,
388.88,4.987e+2,4.987e+2,,
388.93,2.064e+2,2.064e+2,,
388.98,8.263e+1,8.263e+1,,
389.03,3.200e+1,3.200e+1,,
389.08,1.198e+1,1.198e+1,,
389.13,4.342e+0,4.342e+0,,
389.18,1.522e+0,1.522e+0,,
389.23,5.158e-1,5.158e-1,,
389.28,1.691e-1,1.691e-1,,
389.33,5.364e-2,5.364e-2,,
389.38,1.645e-2,1.645e-2,,
389.43,4.883e-3,4.883e-3,,
389.48,1.401e-3,1.401e-3,,
389.53,3.891e-4,3.891e-4,,
389.58,1.045e-4,1.045e-4,,
389.63,2.714e-5,2.714e-5,,
389.68,6.818e-6,6.818e-6,,
389.73,1.657e-6,1.657e-6,,
389.78,3.895e-7,3.895e-7,,
389.83,8.855e-8,8.855e-8,,
389.88,1.947e-8,1.947e-8,,
389.93,4.142e-9,4.142e-9,,
390.98,6.435e-6,,6.435e-6,
391.03,2.967e-5,,2.967e-5,
391.08,1.325e-4,,1.325e-4,
391.13,5.725e-4,,5.725e-4,
391.18,2.396e-3,,2.396e-3,
391.23,9.707e-3,,9.707e-3,
391.28,3.808e-2,,3.808e-2,
391.33,1.446e-1,,1.446e-1,
391.38,5.319e-1,,5.319e-1,
391.43,1.894e+0,,1.894e+0,
391.48,6.528e+0,,6.528e+0,
391.53,2.179e+1,,2.179e+1,
391.58,7.041e+1,,7.041e+1,
391.63,2.203e+2,,2.203e+2,
391.68,6.674e+2,,6.674e+2,
391.73,1.957e+3,,1.957e+3,
391.78,5.559e+3,,5.559e+3,
391.83,1.528e+4,,1.528e+4,
391.88,4.068e+4,,4.068e+4,
391.93,1.049e+5,,1.049e+5,
391.98,2.617e+5,,2.617e+5,
392.03,6.322e+5,,6.322e+5,
392.08,1.479e+6,,1.479e+6,
392.13,3.349e+6,,3.349e+6,
392.18,7.345e+6,,7.345e+6,
392.23,1.559e+7,,1.559e+7,
392.28,3.205e+7,,3.205e+7,
392.33,6.380e+7,,6.380e+7,
392.38,1.229e+8,,1.229e+8,
392.43,2.294e+8,,2.294e+8,
392.48,4.143e+8,,4.143e+8,
392.53,7.246e+8,4.390e-9,7.246e+8,
392.58,1.227e+9,1.962e-8,1.227e+9,
392.63,2.012e+9,8.494e-8,2.012e+9,
392.68,3.193e+9,3.561e-7,3.193e+9,
392.73,4.908e+9,1.446e-6,4.908e+9,
392.78,7.303e+9,5.685e-6,7.303e+9,
392.83,1.052e+10,2.165e-5,1.052e+10,
392.88,1.468e+10,7.983e-5,1.468e+10,
392.93,1.982e+10,2.851e-4,1.982e+10,
392.98,2.592e+10,9.860e-4,2.592e+10,
393.03,3.281e+10,3.303e-3,3.281e+10,
393.08,4.022e+10,1.071e-2,4.022e+10,
393.13,4.773e+10,3.366e-2,4.773e+10,
393.18,5.485e+10,1.024e-1,5.485e+10,
393.23,6.102e+10,3.017e-1,6.102e+10,
393.28,6.573e+10,8.608e-1,6.573e+10,
393.33,6.855e+10,2.379e+0,6.855e+10,
393.38,6.922e+10,6.365e+0,6.922e+10,
393.43,6.767e+10,1.650e+1,6.767e+10,
393.48,6.405e+10,4.141e+1,6.405e+10,
393.53,5.870e+10,1.006e+2,5.870e+10,
393.58,5.208e+10,2.369e+2,5.208e+10,
393.63,4.475e+10,5.401e+2,4.475e+10,
393.68,3.722e+10,1.192e+3,3.722e+10,
393.73,2.997e+10,2.549e+3,2.997e+10,
393.78,2.337e+10,5.279e+3,2.337e+10,
393.83,1.764e+10,1.059e+4,1.764e+10,
393.88,1.290e+10,2.056e+4,1.290e+10,
393.93,9.127e+9,3.866e+4,9.127e+9,
393.98,6.254e+9,7.042e+4,6.254e+9,
394.03,4.149e+9,1.242e+5,4.149e+9,
394.08,2.665e+9,2.122e+5,2.665e+9,
394.13,1.657e+9,3.511e+5,1.657e+9,
394.18,9.983e+8,5.624e+5,9.978e+8,
394.23,5.825e+8,8.727e+5,5.817e+8,
394.28,3.296e+8,1.311e+6,3.283e+8,
394.33,1.813e+8,1.908e+6,1.794e+8,
394.38,9.762e+7,2.690e+6,9.493e+7,
394.43,5.230e+7,3.671e+6,4.863e+7,
394.48,2.897e+7,4.854e+6,2.412e+7,
394.53,1.780e+7,6.215e+6,1.158e+7,
394.58,1.310e+7,7.710e+6,5.386e+6,
394.63,1.169e+7,9.266e+6,2.425e+6,
394.68,1.185e+7,1.079e+7,1.057e+6,
394.73,1.263e+7,1.219e+7,4.459e+5,
394.78,1.354e+7,1.336e+7,1.822e+5,
394.83,1.430e+7,1.423e+7,7.208e+4,
394.88,1.479e+7,1.476e+7,2.761e+4,
394.93,1.498e+7,1.497e+7,1.024e+4,
394.98,1.492e+7,1.492e+7,3.683e+3,
395.03,1.475e+7,1.475e+7,1.302e+3,
395.08,1.461e+7,1.461e+7,5.074e+2,
395.13,1.471e+7,1.471e+7,3.743e+2,
395.18,1.524e+7,1.524e+7,7.312e+2,
395.23,1.636e+7,1.636e+7,1.966e+3,
395.28,1.817e+7,1.816e+7,5.380e+3,
395.33,2.070e+7,2.068e+7,1.434e+4,
395.38,2.387e+7,2.384e+7,3.705e+4,
395.43,2.754e+7,2.745e+7,9.274e+4,
395.48,3.147e+7,3.124e+7,2.249e+5,
395.53,3.543e+7,3.490e+7,5.282e+5,
395.58,3.927e+7,3.807e+7,1.202e+6,
395.63,4.307e+7,4.041e+7,2.650e+6,
395.68,4.734e+7,4.168e+7,5.660e+6,
395.73,5.342e+7,4.171e+7,1.171e+7,
395.78,6.393e+7,4.046e+7,2.347e+7,
395.83,8.362e+7,3.805e+7,4.557e+7,
395.88,1.204e+8,3.466e+7,8.572e+7,
395.93,1.868e+8,3.060e+7,1.562e+8,
395.98,3.019e+8,2.616e+7,2.757e+8,
396.03,4.932e+8,2.167e+7,4.715e+8,
396.08,7.986e+8,1.738e+7,7.812e+8,
396.13,1.267e+9,1.351e+7,1.254e+9,
396.18,1.959e+9,1.017e+7,1.949e+9,
396.23,2.943e+9,7.428e+6,2.936e+9,
396.28,4.289e+9,5.271e+6,4.284e+9,
396.33,6.058e+9,3.655e+6,6.055e+9,
396.38,8.293e+9,2.518e+6,8.291e+9,
396.43,1.100e+10,1.794e+6,1.100e+10,
396.48,1.413e+10,1.434e+6,1.413e+10,
396.53,1.760e+10,1.414e+6,1.759e+10,
396.58,2.122e+10,1.748e+6,2.122e+10,
396.63,2.479e+10,2.487e+6,2.479e+10,
396.68,2.806e+10,3.720e+6,2.806e+10,
396.73,3.077e+10,5.566e+6,3.076e+10,
396.78,3.269e+10,8.165e+6,3.268e+10,
396.83,3.364e+10,1.165e+7,3.362e+10,
396.88,3.353e+10,1.613e+7,3.352e+10,
396.93,3.239e+10,2.165e+7,3.237e+10,
396.98,3.031e+10,2.815e+7,3.028e+10,
397.03,2.748e+10,3.548e+7,2.744e+10,
397.08,2.414e+10,4.331e+7,2.409e+10,
397.13,2.054e+10,5.122e+7,2.049e+10,
397.18,1.694e+10,5.869e+7,1.688e+10,
397.23,1.354e+10,6.516e+7,1.348e+10,
397.28,1.049e+10,7.008e+7,1.042e+10,
397.33,7.878e+9,7.302e+7,7.805e+9,
397.38,5.738e+9,7.372e+7,5.664e+9,
397.43,4.054e+9,7.210e+7,3.982e+9,
397.48,2.780e+9,6.833e+7,2.712e+9,
397.53,1.852e+9,6.273e+7,1.789e+9,
397.58,1.199e+9,5.579e+7,1.143e+9,
397.63,7.560e+8,4.808e+7,7.080e+8,
397.68,4.648e+8,4.014e+7,4.246e+8,
397.73,2.792e+8,3.246e+7,2.467e+8,
397.78,1.643e+8,2.544e+7,1.389e+8,
397.83,9.505e+7,1.931e+7,7.574e+7,
397.88,5.422e+7,1.421e+7,4.001e+7,
397.93,3.060e+7,1.012e+7,2.048e+7,
397.98,1.714e+7,6.989e+6,1.015e+7,
398.03,9.551e+6,4.675e+6,4.875e+6,
398.08,5.298e+6,3.030e+6,2.268e+6,
398.13,2.925e+6,1.902e+6,1.022e+6,
398.18,1.603e+6,1.157e+6,4.464e+5,
398.23,8.707e+5,6.818e+5,1.888e+5,
398.28,4.667e+5,3.893e+5,7.738e+4,
398.33,2.461e+5,2.153e+5,3.072e+4,
398.38,1.272e+5,1.154e+5,1.181e+4,
398.43,6.432e+4,5.991e+4,4.401e+3,
398.48,3.173e+4,3.014e+4,1.588e+3,
398.53,1.524e+4,1.469e+4,5.554e+2,
398.58,7.123e+3,6.935e+3,1.881e+2,
398.63,3.234e+3,3.172e+3,6.172e+1,
398.68,1.425e+3,1.406e+3,1.962e+1,
398.73,6.097e+2,6.036e+2,6.041e+0,
398.78,2.529e+2,2.511e+2,1.802e+0,
398.83,1.017e+2,1.012e+2,5.208e-1,
398.88,3.966e+1,3.951e+1,1.458e-1,
398.93,1.499e+1,1.495e+1,3.954e-2,
398.98,5.488e+0,5.478e+0,1.039e-2,
399.03,1.948e+0,1.945e+0,2.644e-3,
399.08,6.697e-1,6.691e-1,6.520e-4,
399.13,2.231e-1,2.230e-1,1.557e-4,
399.18,7.204e-2,7.200e-2,3.604e-5,
399.23,2.253e-2,2.252e-2,8.079e-6,
399.28,6.827e-3,6.827e-3,,
399.33,2.004e-3,2.004e-3,,
399.38,5.702e-4,5.702e-4,,
399.43,1.572e-4,1.572e-4,,
399.48,4.197e-5,4.197e-5,,
399.53,1.086e-5,1.086e-5,,
399.58,2.721e-6,2.721e-6,,
399.63,6.607e-7,6.607e-7,,
399.68,1.554e-7,1.554e-7,,
399.73,3.543e-8,3.543e-8,,
399.78,7.823e-9,7.823e-9,,
401.43,6.111e-34,,,6.111e-34
401.48,2.654e-33,,,2.654e-33
401.53,1.118e-32,,,1.118e-32
401.58,4.565e-32,,,4.565e-32
401.63,1.808e-31,,,1.808e-31
401.68,6.946e-31,,,6.946e-31
401.73,2.588e-30,,,2.588e-30
401.78,9.349e-30,,,9.349e-30
401.83,3.276e-29,,,3.276e-29
401.88,1.113e-28,,,1.113e-28
401.93,3.668e-28,,,3.668e-28
401.98,1.172e-27,,,1.172e-27
402.03,3.634e-27,,,3.634e-27
402.08,1.092e-26,,,1.092e-26
402.13,3.184e-26,,,3.184e-26
402.18,9.003e-26,,,9.003e-26
402.23,2.468e-25,,,2.468e-25
402.28,6.563e-25,,,6.563e-25
402.33,1.693e-24,,,1.693e-24
402.38,4.233e-24,,,4.233e-24
402.43,1.027e-23,,,1.027e-23
402.48,2.415e-23,,,2.415e-23
402.53,5.508e-23,,,5.508e-23
402.58,1.219e-22,,,1.219e-22
402.63,2.614e-22,,,2.614e-22
402.68,5.440e-22,,,5.440e-22
402.73,1.098e-21,,,1.098e-21
402.78,2.148e-21,,,2.148e-21
402.83,4.077e-21,,,4.077e-21
402.88,7.504e-21,,,7.504e-21
402.93,1.339e-20,,,1.339e-20
402.98,2.319e-20,,,2.319e-20
403.03,3.893e-20,,,3.893e-20
403.08,6.338e-20,,,6.338e-20
403.13,1.001e-19,,,1.001e-19
403.18,1.532e-19,,,1.532e-19
403.23,2.276e-19,,,2.276e-19
403.28,3.278e-19,,,3.278e-19
403.33,4.578e-19,,,4.578e-19
403.38,6.202e-19,,,6.202e-19
403.43,8.147e-19,,,8.147e-19
403.48,1.038e-18,,,1.038e-18
403.53,1.283e-18,,,1.283e-18
403.58,1.537e-18,,,1.537e-18
403.63,1.786e-18,,,1.786e-18
403.68,2.013e-18,,,2.013e-18
403.73,2.200e-18,,,2.200e-18
403.78,2.332e-18,,,2.332e-18
403.83,2.397e-18,,,2.397e-18
403.88,2.390e-18,,,2.390e-18
403.93,2.310e-18,,,2.310e-18
403.98,2.166e-18,,,2.166e-18
404.03,1.970e-18,,,1.970e-18
404.08,1.737e-18,,,1.737e-18
404.13,1.486e-18,,,1.486e-18
404.18,1.232e-18,,,1.232e-18
404.23,9.913e-19,,,9.913e-19
404.28,7.734e-19,,,7.734e-19
404.33,5.851e-19,,,5.851e-19
404.38,4.293e-19,,,4.293e-19
404.43,3.055e-19,,,3.055e-19
404.48,2.108e-19,,,2.108e-19
404.53,1.411e-19,,,1.411e-19
404.58,9.156e-20,,,9.156e-20
404.63,5.763e-20,,,5.763e-20
404.68,3.518e-20,,,3.518e-20
404.73,2.083e-20,,,2.083e-20
404.78,1.196e-20,,,1.196e-20
404.83,6.658e-21,,,6.658e-21
404.88,3.595e-21,,,3.595e-21
404.93,1.883e-21,,,1.883e-21
404.98,9.562e-22,,,9.562e-22
405.03,4.710e-22,,,4.710e-22
405.08,2.250e-22,,,2.250e-22
405.13,1.042e-22,,,1.042e-22
405.18,4.682e-23,,,4.682e-23
405.23,2.040e-23,,,2.040e-23
405.28,8.620e-24,,,8.620e-24
405.33,3.532e-24,,,3.532e-24
405.38,1.404e-24,,,1.404e-24
405.43,5.411e-25,,,5.411e-25
405.48,2.022e-25,,,2.022e-25
405.53,7.331e-26,,,7.331e-26
405.58,2.577e-26,,,2.577e-26
405.63,8.787e-27,,,8.787e-27
405.68,2.905e-27,,,2.905e-27
405.73,9.316e-28,,,9.316e-28
405.78,2.897e-28,,,2.897e-28
405.83,8.737e-29,,,8.737e-29
405.88,2.555e-29,,,2.555e-29
405.93,7.249e-30,,,7.249e-30
405.98,1.994e-30,,,1.994e-30
406.03,5.320e-31,,,5.320e-31
406.08,1.376e-31,,,1.376e-31
406.13,3.454e-32,,,3.454e-32
406.18,8.404e-33,,,8.404e-33
406.23,1.983e-33,,,1.983e-33
406.28,4.539e-34,,,4.539e-34
406.78,3.850e-9,3.850e-9,,
406.83,1.667e-8,1.667e-8,,
406.88,7.008e-8,7.008e-8,,
406.93,2.859e-7,2.859e-7,,
406.98,1.132e-6,1.132e-6,,
407.03,4.363e-6,4.363e-6,,
407.08,1.628e-5,1.628e-5,,
407.13,5.897e-5,5.897e-5,,
407.18,2.073e-4,2.073e-4,,
407.23,7.075e-4,7.075e-4,1.389e-11,
407.28,2.344e-3,2.344e-3,5.996e-11,
407.33,7.536e-3,7.536e-3,2.512e-10,
407.38,2.352e-2,2.352e-2,1.022e-9,
407.43,7.127e-2,7.127e-2,4.034e-9,
407.48,2.096e-1,2.096e-1,1.546e-8,
407.53,5.985e-1,5.985e-1,5.749e-8,
407.58,1.659e+0,1.659e+0,2.076e-7,
407.63,4.464e+0,4.464e+0,7.274e-7,
407.68,1.166e+1,1.166e+1,2.474e-6,
407.73,2.958e+1,2.958e+1,8.169e-6,
407.78,7.285e+1,7.285e+1,2.618e-5,
407.83,1.742e+2,1.742e+2,8.144e-5,
407.88,4.044e+2,4.044e+2,2.459e-4,
407.93,9.118e+2,9.118e+2,7.207e-4,
407.98,1.997e+3,1.997e+3,2.050e-3,
408.03,4.246e+3,4.246e+3,5.662e-3,
408.08,8.770e+3,8.770e+3,1.517e-2,
408.13,1.760e+4,1.760e+4,3.948e-2,
408.18,3.430e+4,3.430e+4,9.970e-2,
408.23,6.497e+4,6.497e+4,2.444e-1,
408.28,1.196e+5,1.196e+5,5.814e-1,
408.33,2.139e+5,2.139e+5,1.343e+0,
408.38,3.721e+5,3.721e+5,3.010e+0,
408.43,6.291e+5,6.291e+5,6.549e+0,
408.48,1.035e+6,1.035e+6,1.383e+1,
408.53,1.655e+6,1.655e+6,2.836e+1,
408.58,2.576e+6,2.576e+6,5.643e+1,
408.63,3.902e+6,3.902e+6,1.090e+2,
408.68,5.754e+6,5.754e+6,2.043e+2,
408.73,8.266e+6,8.265e+6,3.718e+2,
408.78,1.157e+7,1.157e+7,6.568e+2,
408.83,1.578e+7,1.578e+7,1.126e+3,
408.88,2.099e+7,2.099e+7,1.874e+3,
408.93,2.725e+7,2.725e+7,3.027e+3,
408.98,3.453e+7,3.453e+7,4.746e+3,
409.03,4.275e+7,4.275e+7,7.224e+3,
409.08,5.175e+7,5.174e+7,1.067e+4,
409.13,6.128e+7,6.127e+7,1.530e+4,
409.18,7.108e+7,7.106e+7,2.130e+4,
409.23,8.083e+7,8.080e+7,2.877e+4,
409.28,9.021e+7,9.017e+7,3.773e+4,
409.33,9.893e+7,9.888e+7,4.803e+4,
409.38,1.067e+8,1.067e+8,5.934e+4,
409.43,1.134e+8,1.133e+8,7.116e+4,
409.48,1.188e+8,1.187e+8,8.284e+4,
409.53,1.228e+8,1.227e+8,9.360e+4,
409.58,1.253e+8,1.252e+8,1.027e+5,
409.63,1.263e+8,1.262e+8,1.093e+5,
409.68,1.256e+8,1.255e+8,1.129e+5,
409.73,1.233e+8,1.231e+8,1.133e+5,
409.78,1.193e+8,1.192e+8,1.103e+5,
409.83,1.137e+8,1.136e+8,1.043e+5,
409.88,1.068e+8,1.067e+8,9.573e+4,
409.93,9.887e+7,9.878e+7,8.539e+4,
409.98,9.042e+7,9.034e+7,7.408e+4,
410.03,8.209e+7,8.203e+7,6.266e+4,
410.08,7.468e+7,7.463e+7,5.192e+4,
410.13,6.905e+7,6.901e+7,4.254e+4,
410.18,6.613e+7,6.609e+7,3.509e+4,
410.23,6.679e+7,6.676e+7,3.001e+4,
410.28,7.180e+7,7.178e+7,2.766e+4,
410.33,8.174e+7,8.171e+7,2.830e+4,
410.38,9.686e+7,9.682e+7,3.216e+4,
410.43,1.170e+8,1.170e+8,3.937e+4,
410.48,1.416e+8,1.415e+8,4.999e+4,
410.53,1.695e+8,1.694e+8,6.389e+4,
410.58,1.991e+8,1.990e+8,8.076e+4,
410.63,2.284e+8,2.283e+8,1.000e+5,
410.68,2.553e+8,2.552e+8,1.208e+5,
410.73,2.776e+8,2.774e+8,1.418e+5,
410.78,2.933e+8,2.931e+8,1.619e+5,
410.83,3.010e+8,3.008e+8,1.795e+5,
410.88,3.000e+8,2.998e+8,1.933e+5,
410.93,2.904e+8,2.902e+8,2.020e+5,
410.98,2.728e+8,2.726e+8,2.050e+5,
411.03,2.489e+8,2.487e+8,2.020e+5,
411.08,2.204e+8,2.202e+8,1.932e+5,
411.13,1.895e+8,1.894e+8,1.795e+5,1.103e-34
411.18,1.582e+8,1.581e+8,1.618e+5,4.659e-34
411.23,1.282e+8,1.281e+8,1.416e+5,1.937e-33
411.28,1.009e+8,1.008e+8,1.203e+5,7.721e-33
411.33,7.705e+7,7.695e+7,9.928e+4,2.990e-32
411.38,5.713e+7,5.705e+7,7.951e+4,1.124e-31
411.43,4.113e+7,4.107e+7,6.182e+4,4.106e-31
411.48,2.874e+7,2.870e+7,4.667e+4,1.457e-30
411.53,1.950e+7,1.947e+7,3.420e+4,5.018e-30
411.58,1.285e+7,1.282e+7,2.433e+4,1.679e-29
411.63,8.214e+6,8.197e+6,1.681e+4,5.457e-29
411.68,5.099e+6,5.088e+6,1.127e+4,1.723e-28
411.73,3.073e+6,3.066e+6,7.337e+3,5.281e-28
411.78,1.798e+6,1.794e+6,4.637e+3,1.572e-27
411.83,1.021e+6,1.019e+6,2.845e+3,4.547e-27
411.88,5.633e+5,5.616e+5,1.695e+3,1.277e-26
411.93,3.016e+5,3.006e+5,9.801e+2,3.484e-26
411.98,1.568e+5,1.562e+5,5.503e+2,9.230e-26
412.03,7.911e+4,7.881e+4,2.999e+2,2.375e-25
412.08,3.875e+4,3.859e+4,1.587e+2,5.937e-25
412.13,1.843e+4,1.835e+4,8.154e+1,1.441e-24
412.18,8.511e+3,8.470e+3,4.067e+1,3.398e-24
412.23,3.815e+3,3.795e+3,1.969e+1,7.781e-24
412.28,1.660e+3,1.651e+3,9.257e+0,1.731e-23
412.33,7.015e+2,6.973e+2,4.224e+0,3.738e-23
412.38,2.878e+2,2.859e+2,1.872e+0,7.844e-23
412.43,1.146e+2,1.138e+2,8.050e-1,1.598e-22
412.48,4.431e+1,4.397e+1,3.362e-1,3.164e-22
412.53,1.663e+1,1.650e+1,1.363e-1,6.083e-22
412.58,6.062e+0,6.008e+0,5.364e-2,1.136e-21
412.63,2.145e+0,2.124e+0,2.050e-2,2.060e-21
412.68,7.367e-1,7.291e-1,7.603e-3,3.629e-21
412.73,2.457e-1,2.430e-1,2.738e-3,6.210e-21
412.78,7.956e-2,7.860e-2,9.573e-4,1.032e-20
412.83,2.501e-2,2.468e-2,3.249e-4,1.666e-20
412.88,7.633e-3,7.526e-3,1.071e-4,2.612e-20
412.93,2.262e-3,2.228e-3,3.426e-5,3.978e-20
412.98,6.508e-4,6.401e-4,1.064e-5,5.885e-20
413.03,1.818e-4,1.786e-4,3.208e-6,8.456e-20
413.08,4.930e-5,4.836e-5,9.391e-7,1.180e-19
413.13,1.298e-5,1.272e-5,2.669e-7,1.600e-19
413.18,3.319e-6,3.246e-6,7.364e-8,2.107e-19
413.23,8.240e-7,8.043e-7,1.972e-8,2.695e-19
413.28,1.986e-7,1.935e-7,5.129e-9,3.348e-19
413.33,4.648e-8,4.519e-8,1.295e-9,4.040e-19
413.38,3.174e-10,,3.174e-10,4.736e-19
413.43,7.552e-11,,7.552e-11,5.393e-19
413.48,5.966e-19,,,5.966e-19
413.53,6.410e-19,,,6.410e-19
413.58,6.690e-19,,,6.690e-19
413.63,6.783e-19,,,6.783e-19
413.68,6.680e-19,,,6.680e-19
413.73,6.391e-19,,,6.391e-19
413.78,5.940e-19,,,5.940e-19
413.83,5.363e-19,,,5.363e-19
413.88,4.704e-19,,,4.704e-19
413.93,4.008e-19,,,4.008e-19
413.98,3.319e-19,,,3.319e-19
414.03,2.671e-19,,,2.671e-19
414.08,2.092e-19,,,2.092e-19
414.13,1.600e-19,,,1.600e-19
414.18,1.203e-19,,,1.203e-19
414.23,9.089e-20,,,9.089e-20
414.28,7.217e-20,,,7.217e-20
414.33,6.523e-20,,,6.523e-20
414.38,7.229e-20,,,7.229e-20
414.43,9.735e-20,,,9.735e-20
414.48,1.469e-19,,,1.469e-19
414.53,2.305e-19,,,2.305e-19
414.58,3.614e-19,,,3.614e-19
414.63,5.563e-19,,,5.563e-19
414.68,8.351e-19,,,8.351e-19
414.73,1.220e-18,,,1.220e-18
414.78,1.731e-18,,,1.731e-18
414.83,2.388e-18,,,2.388e-18
414.88,3.200e-18,,,3.200e-18
414.93,4.166e-18,,,4.166e-18
414.98,5.268e-18,,,5.268e-18
415.03,6.472e-18,,,6.472e-18
415.08,7.723e-18,,,7.723e-18
415.13,8.954e-18,,,8.954e-18
415.18,1.008e-17,,,1.008e-17
415.23,1.103e-17,,,1.103e-17
415.28,1.172e-17,,,1.172e-17
415.33,1.210e-17,,,1.210e-17
415.38,1.214e-17,,,1.214e-17
415.43,1.183e-17,,,1.183e-17
415.48,1.120e-17,,,1.120e-17
415.53,1.030e-17,,,1.030e-17
415.58,9.202e-18,,,9.202e-18
415.63,7.993e-18,,,7.993e-18
415.68,6.751e-18,,,6.751e-18
415.73,5.548e-18,,,5.548e-18
415.78,4.444e-18,,,4.444e-18
415.83,3.479e-18,,,3.479e-18
415.88,2.673e-18,,,2.673e-18
415.93,2.034e-18,,,2.034e-18
415.98,1.552e-18,,,1.552e-18
416.03,1.210e-18,,,1.210e-18
416.08,9.853e-19,,,9.853e-19
416.13,8.527e-19,,,8.527e-19
416.18,7.875e-19,,,7.875e-19
416.23,7.670e-19,,,7.670e-19
416.28,7.714e-19,,,7.714e-19
416.33,7.851e-19,,,7.851e-19
416.38,7.959e-19,,,7.959e-19
416.43,7.963e-19,,,7.963e-19
416.48,7.824e-19,,,7.824e-19
416.53,7.544e-19,,,7.544e-19
416.58,7.156e-19,,,7.156e-19
416.63,6.730e-19,,,6.730e-19
416.68,6.361e-19,,,6.361e-19
416.73,6.168e-19,,,6.168e-19
416.78,6.290e-19,,,6.290e-19
416.84,7.070e-19,,,7.070e-19
416.89,8.440e-19,,,8.440e-19
416.94,1.064e-18,,,1.064e-18
416.99,1.380e-18,,,1.380e-18
417.04,1.803e-18,,,1.803e-18
417.09,2.338e-18,,,2.338e-18
417.14,2.980e-18,,,2.980e-18
417.19,3.714e-18,,,3.714e-18
417.24,4.513e-18,,,4.513e-18
417.29,5.341e-18,,,5.341e-18
417.34,6.151e-18,,,6.151e-18
417.39,6.895e-18,,,6.895e-18
417.44,7.525e-18,,,7.525e-18
417.49,8.004e-18,,,8.004e-18
417.54,8.312e-18,,,8.312e-18
417.59,8.450e-18,,,8.450e-18
417.64,8.444e-18,,,8.444e-18
417.69,8.345e-18,,,8.345e-18
417.74,8.226e-18,,,8.226e-18
417.79,8.172e-18,,,8.172e-18
417.84,8.274e-18,,,8.274e-18
417.89,8.612e-18,,,8.612e-18
417.94,9.250e-18,,,9.250e-18
417.99,1.022e-17,,,1.022e-17
418.04,1.151e-17,,,1.151e-17
418.09,1.307e-17,,,1.307e-17
418.14,1.481e-17,,,1.481e-17
418.19,1.660e-17,,,1.660e-17
418.24,1.830e-17,,,1.830e-17
418.29,1.975e-17,,,1.975e-17
418.34,2.082e-17,,,2.082e-17
418.39,2.138e-17,,,2.138e-17
418.44,2.138e-17,,,2.138e-17
418.49,2.080e-17,,,2.080e-17
418.54,1.968e-17,,,1.968e-17
418.59,1.811e-17,,,1.811e-17
418.64,1.619e-17,,,1.619e-17
418.69,1.407e-17,,,1.407e-17
418.74,1.189e-17,,,1.189e-17
418.79,9.763e-18,,,9.763e-18
418.84,7.790e-18,,,7.790e-18
418.89,6.042e-18,,,6.042e-18
418.94,4.554e-18,,,4.554e-18
418.99,3.336e-18,,,3.336e-18
419.04,2.374e-18,,,2.374e-18
419.09,1.643e-18,,,1.643e-18
419.14,1.105e-18,,,1.105e-18
419.19,7.218e-19,,,7.218e-19
419.24,4.585e-19,,,4.585e-19
419.29,2.833e-19,,,2.833e-19
419.34,1.706e-19,,,1.706e-19
419.39,1.008e-19,,,1.008e-19
419.44,6.001e-20,,,6.001e-20
419.49,3.885e-20,,,3.885e-20
419.54,3.216e-20,,,3.216e-20
419.59,3.838e-20,,,3.838e-20
419.64,5.950e-20,,,5.950e-20
419.69,1.015e-19,,,1.015e-19
419.74,1.753e-19,,,1.753e-19
419.79,2.977e-19,,,2.977e-19
419.84,4.934e-19,,,4.934e-19
419.89,7.963e-19,,,7.963e-19
419.94,1.250e-18,,,1.250e-18
419.99,1.910e-18,,,1.910e-18
420.04,2.836e-18,,,2.836e-18
420.09,4.098e-18,,,4.098e-18
420.14,4.399e-6,4.399e-6,,5.757e-18
420.19,1.788e-5,1.788e-5,,7.865e-18
420.24,7.065e-5,7.065e-5,,1.045e-17
420.29,2.715e-4,2.715e-4,,1.351e-17
420.34,1.015e-3,1.015e-3,,1.697e-17
420.39,3.686e-3,3.686e-3,,2.075e-17
420.44,1.303e-2,1.303e-2,,2.467e-17
420.49,4.475e-2,4.475e-2,,2.854e-17
420.54,1.495e-1,1.495e-1,,3.212e-17
420.59,4.857e-1,4.857e-1,,3.520e-17
420.64,1.534e+0,1.534e+0,,3.756e-17
420.69,4.714e+0,4.714e+0,,3.907e-17
420.74,1.408e+1,1.408e+1,,3.963e-17
420.79,4.090e+1,4.090e+1,,3.925e-17
420.84,1.155e+2,1.155e+2,,3.802e-17
420.89,3.173e+2,3.173e+2,,3.609e-17
420.94,8.473e+2,8.473e+2,,3.365e-17
420.99,2.201e+3,2.201e+3,,3.091e-17
421.04,5.557e+3,5.557e+3,,2.806e-17
421.09,1.365e+4,1.365e+4,,2.528e-17
421.14,3.259e+4,3.259e+4,,2.266e-17
421.19,7.566e+4,7.566e+4,,2.026e-17
421.24,1.708e+5,1.708e+5,,1.810e-17
421.29,3.751e+5,3.751e+5,,1.616e-17
421.34,8.008e+5,8.008e+5,,1.439e-17
421.39,1.663e+6,1.663e+6,,1.276e-17
421.44,3.356e+6,3.356e+6,,1.121e-17
421.49,6.589e+6,6.589e+6,,9.742e-18
421.54,1.258e+7,1.258e+7,,8.338e-18
421.59,2.334e+7,2.334e+7,,7.010e-18
421.64,4.214e+7,4.214e+7,,5.774e-18
421.69,7.395e+7,7.395e+7,,4.652e-18
421.74,1.262e+8,1.262e+8,,3.660e-18
421.79,2.095e+8,2.095e+8,,2.810e-18
421.84,3.380e+8,3.380e+8,,2.104e-18
421.89,5.305e+8,5.305e+8,,1.536e-18
421.94,8.095e+8,8.095e+8,,1.097e-18
421.99,1.201e+9,1.201e+9,,7.693e-19
422.04,1.733e+9,1.733e+9,,5.362e-19
422.09,2.431e+9,2.431e+9,,3.805e-19
422.14,3.317e+9,3.317e+9,,2.870e-19
422.19,4.401e+9,4.401e+9,,2.428e-19
422.24,5.678e+9,5.678e+9,,2.382e-19
422.29,7.122e+9,7.122e+9,,2.656e-19
422.34,8.688e+9,8.688e+9,,3.195e-19
422.39,1.031e+10,1.031e+10,,3.957e-19
422.44,1.189e+10,1.189e+10,,4.903e-19
422.49,1.333e+10,1.333e+10,,5.994e-19
422.54,1.454e+10,1.454e+10,,7.191e-19
422.59,1.542e+10,1.542e+10,,8.449e-19
422.64,1.590e+10,1.590e+10,,9.727e-19
422.69,1.595e+10,1.595e+10,,1.099e-18
422.74,1.555e+10,1.555e+10,,1.220e-18
422.79,1.474e+10,1.474e+10,,1.336e-18
422.84,1.360e+10,1.360e+10,,1.445e-18
422.89,1.219e+10,1.219e+10,,1.549e-18
422.94,1.063e+10,1.063e+10,,1.649e-18
422.99,9.010e+9,9.010e+9,,1.747e-18
423.04,7.428e+9,7.428e+9,,1.844e-18
423.09,5.954e+9,5.954e+9,,1.938e-18
423.14,4.641e+9,4.641e+9,,2.026e-18
423.19,3.518e+9,3.518e+9,,2.102e-18
423.24,2.593e+9,2.593e+9,,2.163e-18
423.29,1.859e+9,1.859e+9,,2.200e-18
423.34,1.295e+9,1.295e+9,,2.212e-18
423.39,8.779e+8,8.779e+8,,2.195e-18
423.44,5.785e+8,5.785e+8,,2.152e-18
423.49,3.707e+8,3.707e+8,,2.089e-18
423.54,2.310e+8,2.310e+8,,2.011e-18
423.59,1.400e+8,1.400e+8,,1.931e-18
423.64,8.248e+7,8.248e+7,,1.856e-18
423.69,4.726e+7,4.726e+7,,1.795e-18
423.74,2.633e+7,2.633e+7,,1.753e-18
423.79,1.426e+7,1.426e+7,,1.732e-18
423.84,7.515e+6,7.515e+6,,1.727e-18
423.89,3.850e+6,3.850e+6,,1.732e-18
423.94,1.918e+6,1.918e+6,,1.738e-18
423.99,9.289e+5,9.289e+5,,1.735e-18
424.04,4.375e+5,4.375e+5,,1.714e-18
424.09,2.004e+5,2.004e+5,,1.668e-18
424.14,8.925e+4,8.925e+4,,1.594e-18
424.19,3.865e+4,3.865e+4,,1.490e-18
424.24,1.628e+4,1.628e+4,,1.361e-18
424.29,6.666e+3,6.666e+3,,1.213e-18
424.34,2.654e+3,2.654e+3,,1.054e-18
424.39,1.028e+3,1.028e+3,,8.918e-19
424.44,3.870e+2,3.870e+2,,7.346e-19
424.49,1.417e+2,1.417e+2,,5.889e-19
424.54,5.045e+1,5.045e+1,,4.595e-19
424.59,1.747e+1,1.747e+1,,3.488e-19
424.64,5.880e+0,5.880e+0,,2.577e-19
424.69,1.925e+0,1.925e+0,,1.855e-19
424.74,6.127e-1,6.127e-1,,1.302e-19
424.79,1.897e-1,1.897e-1,,8.957e-20
424.84,5.709e-2,5.709e-2,,6.094e-20
424.89,1.671e-2,1.671e-2,,4.189e-20
424.94,4.756e-3,4.756e-3,,3.029e-20
424.99,1.316e-3,1.316e-3,,2.445e-20
425.04,3.542e-4,3.542e-4,,2.307e-20
425.09,9.269e-5,9.269e-5,,2.523e-20
425.14,2.359e-5,2.359e-5,,3.027e-20
425.19,5.836e-6,5.836e-6,,3.771e-20
425.24,4.711e-20,,,4.711e-20
425.29,5.803e-20,,,5.803e-20
425.34,6.991e-20,,,6.991e-20
425.39,8.214e-20,,,8.214e-20
425.44,9.397e-20,,,9.397e-20
425.49,1.046e-19,,,1.046e-19
425.54,1.133e-19,,,1.133e-19
425.59,1.194e-19,,,1.194e-19
425.64,1.224e-19,,,1.224e-19
425.69,1.221e-19,,,1.221e-19
425.74,1.126e-7,1.126e-7,,1.184e-19
425.79,4.483e-7,4.483e-7,,1.118e-19
425.84,1.737e-6,1.737e-6,,1.026e-19
425.89,6.552e-6,6.552e-6,,9.170e-20
425.94,2.405e-5,2.405e-5,,7.976e-20
425.99,8.587e-5,8.587e-5,,6.760e-20
426.04,2.984e-4,2.984e-4,,5.596e-20
426.09,1.009e-3,1.009e-3,,4.550e-20
426.14,3.321e-3,3.321e-3,,3.681e-20
426.19,1.063e-2,1.063e-2,,3.043e-20
426.24,3.314e-2,3.314e-2,,2.699e-20
426.29,1.005e-1,1.005e-1,,2.733e-20
426.34,2.965e-1,2.965e-1,,3.264e-20
426.39,8.514e-1,8.514e-1,,4.469e-20
426.44,2.379e+0,2.379e+0,,6.601e-20
426.49,6.469e+0,6.469e+0,,1.001e-19
426.54,1.712e+1,1.712e+1,,1.517e-19
426.59,4.408e+1,4.408e+1,,2.265e-19
426.64,1.104e+2,1.104e+2,,3.315e-19
426.69,2.693e+2,2.693e+2,,4.747e-19
426.74,6.389e+2,6.389e+2,,6.642e-19
426.79,1.475e+3,1.475e+3,,9.083e-19
426.84,3.315e+3,3.315e+3,,1.214e-18
426.89,7.247e+3,7.247e+3,,1.585e-18
426.94,1.542e+4,1.542e+4,,2.025e-18
426.99,3.192e+4,3.192e+4,,2.531e-18
427.04,6.432e+4,6.432e+4,,3.097e-18
427.09,1.261e+5,1.261e+5,,3.714e-18
427.14,2.406e+5,2.406e+5,,4.369e-18
427.19,4.467e+5,4.467e+5,,5.047e-18
427.24,8.070e+5,8.070e+5,,5.733e-18
427.29,1.419e+6,1.419e+6,,6.412e-18
427.34,2.427e+6,2.427e+6,,7.070e-18
427.39,4.041e+6,4.041e+6,,7.693e-18
427.44,6.547e+6,6.547e+6,,8.271e-18
427.49,1.032e+7,1.032e+7,,8.791e-18
427.54,1.584e+7,1.584e+7,,9.240e-18
427.59,2.365e+7,2.365e+7,,9.602e-18
427.64,3.436e+7,3.436e+7,,9.860e-18
427.69,4.859e+7,4.859e+7,,9.997e-18
427.74,6.688e+7,6.688e+7,,9.998e-18
427.79,8.960e+7,8.960e+7,,9.850e-18
427.84,1.168e+8,1.168e+8,,9.550e-18
427.89,1.483e+8,1.483e+8,,9.105e-18
427.94,1.834e+8,1.834e+8,,8.529e-18
427.99,2.208e+8,2.208e+8,,7.848e-18
428.04,2.590e+8,2.590e+8,,7.097e-18
428.09,2.962e+8,2.962e+8,,6.309e-18
428.14,3.304e+8,3.304e+8,,5.524e-18
428.19,3.600e+8,3.600e+8,,4.771e-18
428.24,3.834e+8,3.834e+8,,4.078e-18
428.29,3.999e+8,3.999e+8,,3.462e-18
428.34,4.095e+8,4.095e+8,,2.931e-18
428.39,4.129e+8,4.129e+8,,2.487e-18
428.44,4.112e+8,4.112e+8,,2.125e-18
428.49,4.061e+8,4.061e+8,,1.835e-18
428.54,3.994e+8,3.994e+8,,1.608e-18
428.59,3.925e+8,3.925e+8,,1.433e-18
428.64,3.865e+8,3.865e+8,,1.300e-18
428.69,3.817e+8,3.817e+8,,1.199e-18
428.74,3.779e+8,3.779e+8,,1.122e-18
428.79,3.742e+8,3.742e+8,,1.063e-18
428.84,3.693e+8,3.693e+8,,1.017e-18
428.89,3.620e+8,3.620e+8,,9.764e-19
428.94,3.511e+8,3.511e+8,,9.391e-19
428.99,3.361e+8,3.361e+8,,9.026e-19
429.04,3.169e+8,3.169e+8,,8.673e-19
429.09,2.941e+8,2.941e+8,,8.372e-19
429.14,2.692e+8,2.692e+8,,8.212e-19
429.19,2.438e+8,2.438e+8,,8.348e-19
429.24,2.203e+8,2.203e+8,,9.022e-19
429.29,2.009e+8,2.009e+8,,1.059e-18
429.34,1.879e+8,1.879e+8,,1.354e-18
429.39,1.834e+8,1.834e+8,,1.855e-18
429.44,1.893e+8,1.893e+8,,2.645e-18
429.49,2.071e+8,2.071e+8,,3.830e-18
429.54,2.380e+8,2.380e+8,,5.532e-18
429.59,2.828e+8,2.828e+8,,7.885e-18
429.64,3.416e+8,3.416e+8,,1.102e-17
429.69,4.145e+8,4.145e+8,,1.507e-17
429.74,5.004e+8,5.004e+8,,2.009e-17
429.79,5.977e+8,5.977e+8,,2.613e-17
429.84,7.040e+8,7.040e+8,,3.313e-17
429.89,8.159e+8,8.159e+8,,4.091e-17
429.94,9.289e+8,9.289e+8,,4.923e-17
429.99,1.038e+9,1.038e+9,,5.769e-17
430.04,1.138e+9,1.138e+9,,6.586e-17
430.09,1.223e+9,1.223e+9,,7.323e-17
430.14,1.289e+9,1.289e+9,,7.930e-17
430.19,1.332e+9,1.332e+9,,8.364e-17
430.24,1.349e+9,1.349e+9,,8.591e-17
430.29,1.340e+9,1.340e+9,,8.594e-17
430.34,1.307e+9,1.307e+9,,8.371e-17
430.39,1.253e+9,1.253e+9,,7.941e-17
430.44,1.183e+9,1.183e+9,,7.335e-17
430.49,1.100e+9,1.100e+9,,6.597e-17
430.54,1.011e+9,1.011e+9,,5.778e-17
430.59,9.195e+8,9.195e+8,,4.928e-17
430.64,8.289e+8,8.289e+8,,4.092e-17
430.69,7.419e+8,7.419e+8,,3.308e-17
430.74,6.597e+8,6.597e+8,,2.604e-17
430.79,5.829e+8,5.829e+8,,1.996e-17
430.84,5.116e+8,5.116e+8,,1.489e-17
430.89,4.456e+8,4.456e+8,,1.082e-17
430.94,3.850e+8,3.850e+8,,7.653e-18
430.99,3.297e+8,3.297e+8,,5.270e-18
431.04,2.802e+8,2.802e+8,,3.533e-18
431.09,2.371e+8,2.371e+8,,2.306e-18
431.14,2.014e+8,2.014e+8,,1.465e-18
431.19,1.737e+8,1.737e+8,,9.063e-19
431.24,1.548e+8,1.548e+8,,5.458e-19
431.29,1.452e+8,1.452e+8,,3.199e-19
431.34,1.449e+8,1.449e+8,,1.826e-19
431.39,1.538e+8,1.538e+8,,1.014e-19
431.44,1.709e+8,1.709e+8,,5.486e-20
431.49,1.951e+8,1.951e+8,,2.890e-20
431.54,2.244e+8,2.244e+8,,1.484e-20
431.59,2.568e+8,2.568e+8,,7.464e-21
431.64,2.897e+8,2.897e+8,,3.749e-21
431.69,3.205e+8,3.205e+8,,2.015e-21
431.74,3.465e+8,3.465e+8,,1.389e-21
431.79,3.655e+8,3.655e+8,,1.477e-21
431.84,3.759e+8,3.759e+8,,2.187e-21
431.89,3.766e+8,3.766e+8,,3.640e-21
431.94,3.674e+8,3.674e+8,,6.145e-21
431.99,3.491e+8,3.491e+8,,1.021e-20
432.04,3.229e+8,3.229e+8,,1.656e-20
432.09,2.908e+8,2.908e+8,,2.617e-20
432.14,2.550e+8,2.550e+8,,4.031e-20
432.19,2.177e+8,2.177e+8,,6.049e-20
432.24,1.809e+8,1.809e+8,,8.845e-20
432.29,1.464e+8,1.464e+8,,1.261e-19
432.34,1.153e+8,1.153e+8,,1.751e-19
432.39,8.845e+7,8.845e+7,,2.373e-19
432.44,6.603e+7,6.603e+7,,3.136e-19
432.49,4.800e+7,4.800e+7,,4.046e-19
432.54,3.396e+7,3.396e+7,,5.097e-19
432.59,2.340e+7,2.340e+7,,6.274e-19
432.64,1.569e+7,1.569e+7,,7.553e-19
432.69,1.025e+7,1.025e+7,,8.901e-19
432.74,6.514e+6,6.514e+6,,1.028e-18
432.79,4.031e+6,4.031e+6,,1.164e-18
432.84,2.429e+6,2.429e+6,,1.295e-18
432.89,1.425e+6,1.425e+6,,1.417e-18
432.94,8.135e+5,8.135e+5,,1.526e-18
432.99,4.522e+5,4.522e+5,,1.620e-18
433.04,2.448e+5,2.448e+5,,1.696e-18
433.09,1.290e+5,1.290e+5,,1.754e-18
433.14,6.616e+4,6.616e+4,,1.789e-18
433.19,3.304e+4,3.304e+4,,1.803e-18
433.24,1.606e+4,1.606e+4,,1.792e-18
433.29,7.603e+3,7.603e+3,,1.756e-18
433.34,3.504e+3,3.504e+3,,1.696e-18
433.39,1.572e+3,1.572e+3,,1.613e-18
433.44,6.865e+2,6.865e+2,,1.508e-18
433.49,2.919e+2,2.919e+2,,1.386e-18
433.54,1.209e+2,1.209e+2,,1.252e-18
433.59,4.896e+1,4.896e+1,,1.111e-18
433.64,1.982e+1,1.982e+1,,9.703e-19
433.69,9.178e+0,9.178e+0,,8.349e-19
433.74,7.558e+0,7.558e+0,,7.099e-19
433.79,1.314e+1,1.314e+1,,5.989e-19
433.84,3.006e+1,3.006e+1,,5.040e-19
433.89,7.084e+1,7.084e+1,,4.260e-19
433.94,1.640e+2,1.640e+2,,3.644e-19
433.99,3.703e+2,3.703e+2,,3.177e-19
434.04,8.144e+2,8.144e+2,,2.838e-19
434.09,1.745e+3,1.745e+3,,2.602e-19
434.14,3.640e+3,3.640e+3,,2.445e-19
434.19,7.398e+3,7.398e+3,,2.343e-19
434.24,1.464e+4,1.464e+4,,2.274e-19
434.29,2.823e+4,2.823e+4,,2.222e-19
434.34,5.301e+4,5.301e+4,,2.172e-19
434.39,9.695e+4,9.695e+4,,2.113e-19
434.44,1.727e+5,1.727e+5,,2.037e-19
434.49,2.996e+5,2.996e+5,,1.941e-19
434.54,5.063e+5,5.063e+5,,1.825e-19
434.59,8.332e+5,8.332e+5,,1.692e-19
434.64,1.336e+6,1.336e+6,,1.550e-19
434.69,2.085e+6,2.085e+6,,1.411e-19
434.74,3.171e+6,3.171e+6,,1.293e-19
434.79,4.697e+6,4.697e+6,,1.218e-19
434.84,6.776e+6,6.776e+6,,1.218e-19
434.89,9.520e+6,9.520e+6,,1.335e-19
434.94,1.303e+7,1.303e+7,,1.622e-19
434.99,1.737e+7,1.737e+7,,2.150e-19
435.04,2.254e+7,2.254e+7,,3.003e-19
435.09,2.850e+7,2.850e+7,,4.286e-19
435.14,3.510e+7,3.510e+7,,6.115e-19
435.19,4.211e+7,4.211e+7,,8.610e-19
435.24,4.919e+7,4.919e+7,,1.189e-18
435.29,5.598e+7,5.598e+7,,1.604e-18
435.34,6.204e+7,6.204e+7,,2.111e-18
435.39,6.697e+7,6.697e+7,,2.709e-18
435.44,7.041e+7,7.041e+7,,3.387e-18
435.49,7.210e+7,7.210e+7,,4.126e-18
435.54,7.191e+7,7.191e+7,,4.895e-18
435.59,6.985e+7,6.985e+7,,5.658e-18
435.64,6.609e+7,6.609e+7,,6.369e-18
435.69,6.090e+7,6.090e+7,,6.984e-18
435.74,5.466e+7,5.466e+7,,7.459e-18
435.79,4.779e+7,4.779e+7,,7.759e-18
435.84,4.069e+7,4.069e+7,,7.862e-18
435.89,3.374e+7,3.374e+7,,7.759e-18
435.94,2.726e+7,2.726e+7,,7.459e-18
435.99,2.144e+7,2.144e+7,,6.984e-18
436.04,1.643e+7,1.643e+7,,6.369e-18
436.09,1.226e+7,1.226e+7,,5.658e-18
436.14,8.913e+6,8.913e+6,,4.895e-18
436.19,6.310e+6,6.310e+6,,4.125e-18
436.24,4.351e+6,4.351e+6,,3.386e-18
436.29,2.922e+6,2.922e+6,,2.707e-18
436.34,1.912e+6,1.912e+6,,2.108e-18
436.39,1.218e+6,1.218e+6,,1.599e-18
436.44,7.558e+5,7.558e+5,,1.182e-18
436.49,4.568e+5,4.568e+5,,8.503e-19
436.54,2.689e+5,2.689e+5,,5.960e-19
436.59,1.542e+5,1.542e+5,,4.069e-19
436.64,8.610e+4,8.610e+4,,2.706e-19
436.69,4.683e+4,4.683e+4,,1.753e-19
436.74,2.481e+4,2.481e+4,,1.106e-19
436.79,1.280e+4,1.280e+4,,6.794e-20
436.84,6.434e+3,6.434e+3,,4.066e-20
436.89,3.149e+3,3.149e+3,,2.371e-20
436.94,1.501e+3,1.501e+3,,1.346e-20
436.99,6.971e+2,6.971e+2,,7.445e-21
437.04,3.153e+2,3.153e+2,,4.011e-21
437.09,1.389e+2,1.389e+2,,2.105e-21
437.14,5.958e+1,5.958e+1,,1.076e-21
437.19,2.490e+1,2.490e+1,,5.354e-22
437.24,1.013e+1,1.013e+1,,2.596e-22
437.29,4.017e+0,4.017e+0,,1.226e-22
437.34,1.551e+0,1.551e+0,,5.640e-23
437.39,5.833e-1,5.833e-1,,2.527e-23
437.44,2.136e-1,2.136e-1,,1.103e-23
437.49,7.621e-2,7.621e-2,,4.688e-24
437.54,2.648e-2,2.648e-2,,1.941e-24
437.59,8.961e-3,8.961e-3,,7.829e-25
437.64,2.954e-3,2.954e-3,,3.075e-25
437.69,9.482e-4,9.482e-4,,1.178e-25
437.74,2.965e-4,2.965e-4,,4.424e-26
437.79,9.030e-5,9.030e-5,,1.714e-26
437.84,2.678e-5,2.678e-5,,9.329e-27
437.89,7.738e-6,7.738e-6,,1.286e-26
437.94,2.177e-6,2.177e-6,,3.208e-26
437.99,5.968e-7,5.968e-7,,8.830e-26
438.04,1.593e-7,1.593e-7,,2.407e-25
438.09,4.142e-8,4.142e-8,,6.405e-25
438.14,1.049e-8,1.049e-8,,1.661e-24
438.19,4.200e-24,,,4.200e-24
438.24,1.034e-23,,,1.034e-23
438.29,2.483e-23,,,2.483e-23
438.34,5.809e-23,,,5.809e-23
438.39,1.324e-22,,,1.324e-22
438.44,2.942e-22,,,2.942e-22
438.49,6.369e-22,,,6.369e-22
438.54,1.344e-21,,,1.344e-21
438.59,2.762e-21,,,2.762e-21
438.64,5.534e-21,,,5.534e-21
438.69,1.080e-20,,,1.080e-20
438.74,2.056e-20,,,2.056e-20
438.79,3.811e-20,,,3.811e-20
438.84,6.886e-20,,,6.886e-20
438.89,1.212e-19,,,1.212e-19
438.94,2.080e-19,,,2.080e-19
438.99,3.478e-19,,,3.478e-19
439.04,5.668e-19,,,5.668e-19
439.09,9.000e-19,,,9.000e-19
439.14,1.393e-18,,,1.393e-18
439.19,2.100e-18,,,2.100e-18
439.24,3.086e-18,,,3.086e-18
439.29,4.420e-18,,,4.420e-18
439.34,6.169e-18,,,6.169e-18
439.39,8.392e-18,,,8.392e-18
439.44,1.112e-17,,,1.112e-17
439.49,1.437e-17,,,1.437e-17
439.54,1.810e-17,,,1.810e-17
439.59,2.222e-17,,,2.222e-17
439.64,2.660e-17,,,2.660e-17
439.69,3.104e-17,,,3.104e-17
439.74,3.533e-17,,,3.533e-17
439.79,3.923e-17,,,3.923e-17
439.84,4.253e-17,,,4.253e-17
439.89,7.337e-8,7.337e-8,,4.502e-17
439.94,2.803e-7,2.803e-7,,4.660e-17
439.99,1.044e-6,1.044e-6,,4.721e-17
440.04,3.790e-6,3.790e-6,,4.689e-17
440.09,1.341e-5,1.341e-5,,4.575e-17
440.14,4.626e-5,4.626e-5,,4.397e-17
440.19,1.555e-4,1.555e-4,,4.177e-17
440.24,5.098e-4,5.098e-4,,3.937e-17
440.29,1.629e-3,1.629e-3,,3.694e-17
440.34,5.074e-3,5.074e-3,,3.466e-17
440.39,1.540e-2,1.540e-2,,3.259e-17
440.44,4.559e-2,4.559e-2,,3.076e-17
440.49,1.315e-1,1.315e-1,,2.914e-17
440.54,3.699e-1,3.699e-1,,2.765e-17
440.59,1.014e+0,1.014e+0,,2.620e-17
440.64,2.710e+0,2.710e+0,,2.470e-17
440.69,7.058e+0,7.058e+0,,2.308e-17
440.74,1.792e+1,1.792e+1,,2.129e-17
440.79,4.436e+1,4.436e+1,,1.933e-17
440.84,1.070e+2,1.070e+2,,1.723e-17
440.89,2.517e+2,2.517e+2,,1.505e-17
440.94,5.772e+2,5.772e+2,,1.287e-17
440.99,1.290e+3,1.290e+3,,1.075e-17
441.04,2.810e+3,2.810e+3,,8.772e-18
441.09,5.968e+3,5.968e+3,,6.986e-18
441.14,1.235e+4,1.235e+4,,5.427e-18
441.19,2.493e+4,2.493e+4,,4.113e-18
441.24,4.904e+4,4.904e+4,,3.039e-18
441.29,9.404e+4,9.404e+4,,2.189e-18
441.34,1.758e+5,1.758e+5,,1.537e-18
441.39,3.203e+5,3.203e+5,,1.052e-18
441.44,5.689e+5,5.689e+5,,7.022e-19
441.49,9.849e+5,9.849e+5,,4.566e-19
441.54,1.662e+6,1.662e+6,,2.895e-19
441.59,2.735e+6,2.735e+6,,1.789e-19
441.64,4.385e+6,4.385e+6,,1.080e-19
441.69,6.856e+6,6.856e+6,,6.390e-20
441.74,1.045e+7,1.045e+7,,3.765e-20
441.79,1.552e+7,1.552e+7,,2.320e-20
441.84,2.247e+7,2.247e+7,,1.693e-20
441.89,3.172e+7,3.172e+7,,1.722e-20
441.94,4.365e+7,4.365e+7,,2.421e-20
441.99,5.854e+7,5.854e+7,,3.991e-20
442.04,7.654e+7,7.654e+7,,6.850e-20
442.09,9.757e+7,9.757e+7,,1.169e-19
442.14,1.212e+8,1.212e+8,,1.956e-19
442.19,1.469e+8,1.469e+8,,3.196e-19
442.24,1.735e+8,1.735e+8,,5.092e-19
442.29,1.998e+8,1.998e+8,,7.910e-19
442.34,2.244e+8,2.244e+8,,1.198e-18
442.39,2.459e+8,2.459e+8,,1.768e-18
442.44,2.630e+8,2.630e+8,,2.545e-18
442.49,2.747e+8,2.747e+8,,3.571e-18
442.54,2.808e+8,2.808e+8,,4.885e-18
442.59,2.813e+8,2.813e+8,,6.513e-18
442.64,2.772e+8,2.772e+8,,8.466e-18
442.69,2.700e+8,2.700e+8,,1.073e-17
442.74,2.617e+8,2.617e+8,,1.325e-17
442.79,2.550e+8,2.550e+8,,1.596e-17
442.84,2.526e+8,2.526e+8,,1.874e-17
442.89,2.569e+8,2.569e+8,,2.145e-17
442.94,2.704e+8,2.704e+8,,2.393e-17
442.99,2.946e+8,2.946e+8,,2.602e-17
443.04,3.302e+8,3.302e+8,,2.759e-17
443.09,3.770e+8,3.770e+8,,2.852e-17
443.14,4.336e+8,4.336e+8,,2.874e-17
443.19,4.972e+8,4.972e+8,,2.823e-17
443.24,5.643e+8,5.643e+8,,2.704e-17
443.29,6.305e+8,6.305e+8,,2.524e-17
443.34,6.911e+8,6.911e+8,,2.297e-17
443.39,7.414e+8,7.414e+8,,2.038e-17
443.44,7.774e+8,7.774e+8,,1.763e-17
443.49,7.960e+8,7.960e+8,,1.486e-17
443.54,7.954e+8,7.954e+8,,1.222e-17
443.59,7.754e+8,7.754e+8,,9.789e-18
443.64,7.374e+8,7.374e+8,,7.647e-18
443.69,6.840e+8,6.840e+8,,5.823e-18
443.74,6.187e+8,6.187e+8,,4.323e-18
443.79,5.458e+8,5.458e+8,,3.128e-18
443.84,4.695e+8,4.695e+8,,2.207e-18
443.89,3.939e+8,3.939e+8,,1.518e-18
443.94,3.222e+8,3.222e+8,,1.018e-18
443.99,2.571e+8,2.571e+8,,6.652e-19
444.04,2.000e+8,2.000e+8,,4.239e-19
444.09,1.518e+8,1.518e+8,,2.633e-19
444.14,1.124e+8,1.124e+8,,1.594e-19
444.19,8.123e+7,8.123e+7,,9.412e-20
444.24,5.746e+7,5.746e+7,,5.416e-20
444.29,3.999e+7,3.999e+7,,3.039e-20
444.34,2.779e+7,2.779e+7,,1.662e-20
444.39,1.995e+7,1.995e+7,,8.860e-21
444.44,1.582e+7,1.582e+7,,4.605e-21
444.49,1.503e+7,1.503e+7,,2.333e-21
444.54,1.761e+7,1.761e+7,,1.153e-21
444.59,2.393e+7,2.393e+7,,5.550e-22
444.64,3.477e+7,3.477e+7,,2.605e-22
444.69,5.129e+7,5.129e+7,,1.192e-22
444.74,7.495e+7,7.495e+7,,5.319e-23
444.79,1.075e+8,1.075e+8,,2.313e-23
444.84,1.506e+8,1.506e+8,,9.807e-24
444.89,2.061e+8,2.061e+8,,4.053e-24
444.94,2.750e+8,2.750e+8,,1.633e-24
444.99,3.581e+8,3.581e+8,,6.415e-25
445.04,4.547e+8,4.547e+8,,2.456e-25
445.09,5.633e+8,5.633e+8,,9.169e-26
445.14,6.805e+8,6.805e+8,,3.336e-26
445.19,8.019e+8,8.019e+8,,1.184e-26
445.24,9.218e+8,9.218e+8,,4.093e-27
445.29,1.033e+9,1.033e+9,,1.380e-27
445.34,1.130e+9,1.130e+9,,4.535e-28
445.39,1.206e+9,1.206e+9,,1.453e-28
445.44,1.254e+9,1.254e+9,,4.539e-29
445.49,1.273e+9,1.273e+9,,1.382e-29
445.54,1.261e+9,1.261e+9,,4.102e-30
445.59,1.217e+9,1.217e+9,,1.187e-30
445.64,1.147e+9,1.147e+9,,3.349e-31
445.69,1.054e+9,1.054e+9,,9.209e-32
445.74,9.452e+8,9.452e+8,,2.493e-32
445.79,8.267e+8,8.267e+8,,8.121e-33
445.84,7.055e+8,7.055e+8,,6.224e-33
445.89,5.873e+8,5.873e+8,,2.265e-32
445.94,4.769e+8,4.769e+8,,8.040e-32
445.99,3.779e+8,3.779e+8,,2.784e-31
446.04,2.921e+8,2.921e+8,,9.408e-31
446.09,2.203e+8,2.203e+8,,3.101e-30
446.14,1.621e+8,1.621e+8,,9.973e-30
446.19,1.164e+8,1.164e+8,,3.129e-29
446.24,8.153e+7,8.153e+7,,9.578e-29
446.29,5.572e+7,5.572e+7,,2.860e-28
446.34,3.716e+7,3.716e+7,,8.332e-28
446.39,2.418e+7,2.418e+7,,2.368e-27
446.44,1.535e+7,1.535e+7,,6.566e-27
446.49,9.512e+6,9.512e+6,,1.776e-26
446.54,5.750e+6,5.750e+6,,4.688e-26
446.59,3.392e+6,3.392e+6,,1.207e-25
446.64,1.953e+6,1.953e+6,,3.032e-25
446.69,1.097e+6,1.097e+6,,7.429e-25
446.74,6.012e+5,6.012e+5,,1.776e-24
446.79,3.216e+5,3.216e+5,,4.142e-24
446.84,1.679e+5,1.679e+5,,9.426e-24
446.89,8.551e+4,8.551e+4,,2.092e-23
446.94,4.251e+4,4.251e+4,,4.532e-23
446.99,2.062e+4,2.062e+4,,9.575e-23
447.04,9.761e+3,9.761e+3,,1.974e-22
447.09,4.509e+3,4.509e+3,,3.969e-22
447.14,2.033e+3,2.033e+3,,7.786e-22
447.19,8.944e+2,8.944e+2,,1.490e-21
447.24,3.840e+2,3.840e+2,,2.783e-21
447.29,1.609e+2,1.609e+2,,5.069e-21
447.34,6.579e+1,6.579e+1,,9.009e-21
447.39,2.625e+1,2.625e+1,,1.562e-20
447.44,1.022e+1,1.022e+1,,2.642e-20
447.49,3.885e+0,3.885e+0,,4.360e-20
447.54,1.441e+0,1.441e+0,,7.019e-20
447.59,5.214e-1,5.214e-1,,1.102e-19
447.64,1.841e-1,1.841e-1,,1.689e-19
447.7,5.112e-2,5.112e-2,,2.728e-19
447.75,1.711e-2,1.711e-2,,3.959e-19
447.8,5.586e-3,5.586e-3,,5.604e-19
447.85,1.780e-3,1.780e-3,,7.740e-19
447.9,5.534e-4,5.534e-4,,1.043e-18
447.95,1.679e-4,1.679e-4,,1.371e-18
448,4.971e-5,4.971e-5,,1.758e-18
448.05,1.436e-5,1.436e-5,,2.199e-18
448.1,4.047e-6,4.047e-6,,2.684e-18
448.15,1.113e-6,1.113e-6,,3.195e-18
448.2,2.277e-7,2.277e-7,,3.712e-18
448.25,6.038e-8,6.038e-8,,4.206e-18
448.3,4.649e-18,,,4.649e-18
448.35,5.014e-18,,,5.014e-18
448.4,5.276e-18,,,5.276e-18
448.45,5.415e-18,,,5.415e-18
448.5,5.422e-18,,,5.422e-18
448.55,5.297e-18,,,5.297e-18
448.6,5.049e-18,,,5.049e-18
448.65,4.696e-18,,,4.696e-18
448.7,4.263e-18,,,4.263e-18
448.75,3.778e-18,,,3.778e-18
448.8,3.274e-18,,,3.274e-18
448.85,2.779e-18,,,2.779e-18
448.9,2.322e-18,,,2.322e-18
448.95,1.927e-18,,,1.927e-18
449,1.615e-18,,,1.615e-18
449.05,1.407e-18,,,1.407e-18
449.1,1.323e-18,,,1.323e-18
449.15,1.383e-18,,,1.383e-18
449.2,1.612e-18,,,1.612e-18
449.25,2.036e-18,,,2.036e-18
449.3,2.686e-18,,,2.686e-18
449.35,3.590e-18,,,3.590e-18
449.4,4.775e-18,,,4.775e-18
449.45,6.256e-18,,,6.256e-18
449.5,8.033e-18,,,8.033e-18
449.55,1.009e-17,,,1.009e-17
449.6,1.237e-17,,,1.237e-17
449.65,1.481e-17,,,1.481e-17
449.7,1.729e-17,,,1.729e-17
449.75,1.971e-17,,,1.971e-17
449.8,2.192e-17,,,2.192e-17
449.85,2.378e-17,,,2.378e-17
449.9,2.517e-17,,,2.517e-17
449.95,8.872e-9,8.872e-9,,2.599e-17
450,3.337e-8,3.337e-8,,2.618e-17
450.05,1.225e-7,1.225e-7,,2.573e-17
450.1,4.389e-7,4.389e-7,,2.467e-17
450.15,1.534e-6,1.534e-6,,2.308e-17
450.2,5.235e-6,5.235e-6,,2.107e-17
450.25,1.743e-5,1.743e-5,,1.876e-17
450.3,5.663e-5,5.663e-5,,1.630e-17
450.35,1.796e-4,1.796e-4,,1.381e-17
450.4,5.557e-4,5.557e-4,,1.143e-17
450.45,1.678e-3,1.678e-3,,9.225e-18
450.5,4.946e-3,4.946e-3,,7.274e-18
450.55,1.423e-2,1.423e-2,,5.609e-18
450.6,3.993e-2,3.993e-2,,4.243e-18
450.65,1.094e-1,1.094e-1,,3.169e-18
450.7,2.924e-1,2.924e-1,,2.370e-18
450.75,7.627e-1,7.627e-1,,1.824e-18
450.8,1.942e+0,1.942e+0,,1.508e-18
450.85,4.824e+0,4.824e+0,,1.405e-18
450.9,1.170e+1,1.170e+1,,1.506e-18
450.95,2.768e+1,2.768e+1,,1.806e-18
451,6.391e+1,6.391e+1,,2.311e-18
451.05,1.440e+2,1.440e+2,,3.024e-18
451.1,3.167e+2,3.167e+2,,3.953e-18
451.15,6.797e+2,6.797e+2,,5.094e-18
451.2,1.424e+3,1.424e+3,,6.437e-18
451.25,2.910e+3,2.910e+3,,7.954e-18
451.3,5.804e+3,5.804e+3,,9.599e-18
451.35,1.130e+4,1.130e+4,,1.131e-17
451.4,2.146e+4,2.146e+4,,1.300e-17
451.45,3.979e+4,3.979e+4,,1.459e-17
451.5,7.199e+4,7.199e+4,,1.597e-17
451.55,1.271e+5,1.271e+5,,1.707e-17
451.6,2.190e+5,2.190e+5,,1.779e-17
451.65,3.683e+5,3.683e+5,,1.810e-17
451.7,6.043e+5,6.043e+5,,1.797e-17
451.75,9.677e+5,9.677e+5,,1.740e-17
451.8,1.512e+6,1.512e+6,,1.645e-17
451.85,2.307e+6,2.307e+6,,1.517e-17
451.9,3.433e+6,3.433e+6,,1.365e-17
451.95,4.987e+6,4.987e+6,,1.199e-17
452,7.069e+6,7.069e+6,,1.028e-17
452.05,9.778e+6,9.778e+6,,8.592e-18
452.1,1.320e+7,1.320e+7,,7.010e-18
452.15,1.739e+7,1.739e+7,,5.582e-18
452.2,2.236e+7,2.236e+7,,4.336e-18
452.25,2.806e+7,2.806e+7,,3.287e-18
452.3,3.435e+7,3.435e+7,,2.432e-18
452.35,4.105e+7,4.105e+7,,1.755e-18
452.4,4.787e+7,4.787e+7,,1.236e-18
452.45,5.448e+7,5.448e+7,,8.496e-19
452.5,6.051e+7,6.051e+7,,5.698e-19
452.55,6.558e+7,6.558e+7,,3.729e-19
452.6,6.936e+7,6.936e+7,,2.381e-19
452.65,7.160e+7,7.160e+7,,1.484e-19
452.7,7.213e+7,7.213e+7,,9.021e-20
452.75,7.090e+7,7.090e+7,,5.352e-20
452.8,6.802e+7,6.802e+7,,3.098e-20
452.85,6.369e+7,6.369e+7,,1.750e-20
452.9,5.819e+7,5.819e+7,,9.648e-21
452.95,5.188e+7,5.188e+7,,5.190e-21
453,4.515e+7,4.515e+7,,2.724e-21
453.05,3.834e+7,3.834e+7,,1.395e-21
453.1,3.177e+7,3.177e+7,,6.972e-22
453.15,2.570e+7,2.570e+7,,3.400e-22
453.2,2.028e+7,2.028e+7,,1.618e-22
453.25,1.562e+7,1.562e+7,,7.512e-23
453.3,1.174e+7,1.174e+7,,3.403e-23
453.35,8.613e+6,8.613e+6,,1.505e-23
453.4,6.166e+6,6.166e+6,,6.499e-24
453.45,4.308e+6,4.308e+6,,2.752e-24
453.5,2.937e+6,2.937e+6,,1.170e-24
453.55,1.954e+6,1.954e+6,,5.631e-25
453.6,1.269e+6,1.269e+6,,4.398e-25
453.65,8.039e+5,8.039e+5,,6.677e-25
453.7,4.971e+5,4.971e+5,,1.359e-24
453.75,3.000e+5,3.000e+5,,2.903e-24
453.8,1.767e+5,1.767e+5,,6.129e-24
453.85,1.015e+5,1.015e+5,,1.266e-23
453.9,5.696e+4,5.696e+4,,2.554e-23
453.95,3.118e+4,3.118e+4,,5.029e-23
454,1.665e+4,1.665e+4,,9.668e-23
454.05,8.681e+3,8.681e+3,,1.814e-22
454.1,4.416e+3,4.416e+3,,3.324e-22
454.15,2.193e+3,2.193e+3,,5.943e-22
454.2,1.062e+3,1.062e+3,,1.037e-21
454.25,5.023e+2,5.023e+2,,1.768e-21
454.3,2.318e+2,2.318e+2,,2.941e-21
454.35,1.044e+2,1.044e+2,,4.775e-21
454.4,4.586e+1,4.586e+1,,7.569e-21
454.45,1.967e+1,1.967e+1,,1.171e-20
454.5,8.232e+0,8.232e+0,,1.769e-20
454.55,3.362e+0,3.362e+0,,2.608e-20
454.6,1.340e+0,1.340e+0,,3.754e-20
454.65,5.213e-1,5.213e-1,,5.274e-20
454.7,1.979e-1,1.979e-1,,7.234e-20
454.75,7.331e-2,7.331e-2,,9.685e-20
454.8,2.650e-2,2.650e-2,,1.266e-19
454.85,9.351e-3,9.351e-3,,1.615e-19
454.9,3.220e-3,3.220e-3,,2.011e-19
454.95,1.082e-3,1.082e-3,,2.445e-19
455,3.547e-4,3.547e-4,,2.902e-19
455.05,1.135e-4,1.135e-4,,3.362e-19
455.1,3.546e-5,3.546e-5,,3.802e-19
455.15,1.085e-5,1.085e-5,,4.197e-19
455.2,3.365e-6,3.365e-6,,4.522e-19
455.25,1.465e-6,1.465e-6,,4.757e-19
455.3,2.090e-6,2.090e-6,,4.885e-19
455.35,6.192e-6,6.192e-6,,4.897e-19
455.4,2.008e-5,2.008e-5,,4.792e-19
455.45,6.410e-5,6.410e-5,,4.577e-19
455.5,2.000e-4,2.000e-4,,4.268e-19
455.55,6.095e-4,6.095e-4,,3.886e-19
455.6,1.814e-3,1.814e-3,,3.453e-19
455.65,5.270e-3,5.270e-3,,2.997e-19
455.7,1.495e-2,1.495e-2,,2.541e-19
455.75,4.142e-2,4.142e-2,,2.108e-19
455.8,1.121e-1,1.121e-1,,1.715e-19
455.85,2.960e-1,2.960e-1,,1.379e-19
455.9,7.638e-1,7.638e-1,,1.113e-19
455.95,1.924e+0,1.924e+0,,9.332e-20
456,4.734e+0,4.734e+0,,8.605e-20
456.05,1.138e+1,1.138e+1,,9.272e-20
456.1,2.669e+1,2.669e+1,,1.184e-19
456.15,6.117e+1,6.117e+1,,1.709e-19
456.2,1.369e+2,1.369e+2,,2.617e-19
456.25,2.993e+2,2.993e+2,,4.071e-19
456.3,6.390e+2,6.390e+2,,6.290e-19
456.35,1.333e+3,1.333e+3,,9.557e-19
456.4,2.715e+3,2.715e+3,,1.422e-18
456.45,5.402e+3,5.402e+3,,2.068e-18
456.5,1.050e+4,1.050e+4,,2.939e-18
456.55,1.995e+4,1.995e+4,,4.078e-18
456.6,3.702e+4,3.702e+4,,5.525e-18
456.65,6.712e+4,6.712e+4,,7.309e-18
456.7,1.189e+5,1.189e+5,,9.441e-18
456.75,2.060e+5,2.060e+5,,1.191e-17
456.8,3.487e+5,3.487e+5,,1.466e-17
456.85,5.770e+5,5.770e+5,,1.763e-17
456.9,9.335e+5,9.335e+5,,2.069e-17
456.95,1.477e+6,1.477e+6,,2.371e-17
457,2.286e+6,2.286e+6,,2.653e-17
457.05,3.460e+6,3.460e+6,,2.899e-17
457.1,5.124e+6,5.124e+6,,3.092e-17
457.15,7.427e+6,7.427e+6,,3.220e-17
457.2,1.054e+7,1.054e+7,,3.275e-17
457.25,1.464e+7,1.464e+7,,3.251e-17
457.3,1.992e+7,1.992e+7,,3.152e-17
457.35,2.656e+7,2.656e+7,,2.983e-17
457.4,3.471e+7,3.471e+7,,2.757e-17
457.45,4.447e+7,4.447e+7,,2.487e-17
457.5,5.588e+7,5.588e+7,,2.191e-17
457.55,6.889e+7,6.889e+7,,1.885e-17
457.6,8.338e+7,8.338e+7,,1.583e-17
457.65,9.913e+7,9.913e+7,,1.298e-17
457.7,1.158e+8,1.158e+8,,1.039e-17
457.75,1.330e+8,1.330e+8,,8.120e-18
457.8,1.504e+8,1.504e+8,,6.197e-18
457.85,1.674e+8,1.674e+8,,4.618e-18
457.9,1.837e+8,1.837e+8,,3.359e-18
457.95,1.989e+8,1.989e+8,,2.386e-18
458,2.126e+8,2.126e+8,,1.655e-18
458.05,2.248e+8,2.248e+8,,1.121e-18
458.1,2.351e+8,2.351e+8,,7.409e-19
458.15,2.437e+8,2.437e+8,,4.783e-19
458.2,2.503e+8,2.503e+8,,3.014e-19
458.25,2.551e+8,2.551e+8,,1.855e-19
458.3,2.579e+8,2.579e+8,,1.114e-19
458.35,2.587e+8,2.587e+8,,6.538e-20
458.4,2.572e+8,2.572e+8,,3.744e-20
458.45,2.534e+8,2.534e+8,,2.094e-20
458.5,2.471e+8,2.471e+8,,1.143e-20
458.55,2.382e+8,2.382e+8,,6.095e-21
458.6,2.267e+8,2.267e+8,,3.172e-21
458.65,2.126e+8,2.126e+8,,1.612e-21
458.7,1.964e+8,1.964e+8,,7.999e-22
458.75,1.783e+8,1.783e+8,,3.875e-22
458.8,1.591e+8,1.591e+8,,1.833e-22
458.85,1.392e+8,1.392e+8,,8.465e-23
458.9,1.195e+8,1.195e+8,,3.817e-23
458.95,1.005e+8,1.005e+8,,1.681e-23
459,8.273e+7,8.273e+7,,7.224e-24
459.05,6.667e+7,6.667e+7,,3.032e-24
459.1,5.255e+7,5.255e+7,,1.242e-24
459.15,4.051e+7,4.051e+7,,4.970e-25
459.2,3.053e+7,3.053e+7,,1.942e-25
459.25,2.250e+7,2.250e+7,,7.405e-26
459.3,1.620e+7,1.620e+7,,2.757e-26
459.35,1.139e+7,1.139e+7,,1.003e-26
459.4,7.831e+6,7.831e+6,,3.559e-27
459.45,5.258e+6,5.258e+6,,1.234e-27
459.5,3.448e+6,3.448e+6,,4.174e-28
459.55,2.209e+6,2.209e+6,,1.379e-28
459.6,1.382e+6,1.382e+6,,4.449e-29
459.65,8.447e+5,8.447e+5,,1.401e-29
459.7,5.042e+5,5.042e+5,,4.310e-30
459.75,2.939e+5,2.939e+5,,1.294e-30
459.8,1.673e+5,1.673e+5,,3.794e-31
459.85,9.300e+4,9.300e+4,,1.086e-31
459.9,5.049e+4,5.049e+4,,3.035e-32
459.95,2.677e+4,2.677e+4,,8.281e-33
460,1.386e+4,1.386e+4,,
460.05,7.006e+3,7.006e+3,,
460.1,3.459e+3,3.459e+3,,
460.15,1.668e+3,1.668e+3,,
460.2,7.852e+2,7.852e+2,,
460.25,3.610e+2,3.610e+2,,
460.3,1.621e+2,1.621e+2,,
460.35,7.105e+1,7.105e+1,,
460.4,3.042e+1,3.042e+1,,
460.45,1.272e+1,1.272e+1,,
460.5,5.191e+0,5.191e+0,,2.934e-35
460.55,2.069e+0,2.069e+0,,1.064e-34
460.6,8.056e-1,8.056e-1,,3.770e-34
460.65,3.062e-1,3.062e-1,,1.305e-33
460.7,1.137e-1,1.137e-1,,4.412e-33
460.75,4.121e-2,4.121e-2,,1.458e-32
460.8,1.459e-2,1.459e-2,,4.705e-32
460.85,5.042e-3,5.042e-3,,1.484e-31
460.9,1.702e-3,1.702e-3,,4.571e-31
460.95,5.609e-4,5.609e-4,,1.376e-30
461,1.805e-4,1.805e-4,,4.045e-30
461.05,5.674e-5,5.674e-5,,1.162e-29
461.1,1.742e-5,1.742e-5,,3.262e-29
461.15,5.220e-6,5.220e-6,,8.944e-29
461.2,1.528e-6,1.528e-6,,2.396e-28
461.25,4.366e-7,4.366e-7,,6.271e-28
461.3,1.218e-7,1.218e-7,,1.603e-27
461.35,3.320e-8,3.320e-8,,4.005e-27
461.4,9.775e-27,,,9.775e-27
461.45,2.331e-26,,,2.331e-26
461.5,5.429e-26,,,5.429e-26
461.55,1.236e-25,,,1.236e-25
461.6,2.747e-25,,,2.747e-25
461.65,5.968e-25,,,5.968e-25
461.7,1.266e-24,,,1.266e-24
461.75,2.626e-24,,,2.626e-24
461.8,5.319e-24,,,5.319e-24
461.85,1.053e-23,,,1.053e-23
461.9,2.035e-23,,,2.035e-23
461.95,3.844e-23,,,3.844e-23
462,7.093e-23,,,7.093e-23
462.05,1.279e-22,,,1.279e-22
462.1,2.252e-22,,,2.252e-22
462.15,3.876e-22,,,3.876e-22
462.2,6.516e-22,,,6.516e-22
462.25,1.070e-21,,,1.070e-21
462.3,1.717e-21,,,1.717e-21
462.35,2.692e-21,,,2.692e-21
462.4,4.123e-21,,,4.123e-21
462.45,6.170e-21,,,6.170e-21
462.5,9.019e-21,,,9.019e-21
462.55,1.288e-20,,,1.288e-20
462.6,1.797e-20,,,1.797e-20
462.65,2.450e-20,,,2.450e-20
462.7,3.263e-20,,,3.263e-20
462.75,4.246e-20,,,4.246e-20
462.8,5.397e-20,,,5.397e-20
462.85,6.703e-20,,,6.703e-20
462.9,8.133e-20,,,8.133e-20
462.95,9.640e-20,,,9.640e-20
463,1.116e-19,,,1.116e-19
463.05,1.263e-19,,,1.263e-19
463.1,1.396e-19,,,1.396e-19
463.15,1.508e-19,,,1.508e-19
463.2,1.591e-19,,,1.591e-19
463.25,1.640e-19,,,1.640e-19
463.3,1.651e-19,,,1.651e-19
463.35,1.624e-19,,,1.624e-19
463.4,1.561e-19,,,1.561e-19
463.45,1.466e-19,,,1.466e-19
463.5,1.345e-19,,,1.345e-19
463.55,1.206e-19,,,1.206e-19
463.6,1.056e-19,,,1.056e-19
463.65,9.032e-20,,,9.032e-20
463.7,7.549e-20,,,7.549e-20
463.75,6.164e-20,,,6.164e-20
463.8,4.917e-20,,,4.917e-20
463.85,3.832e-20,,,3.832e-20
463.9,2.918e-20,,,2.918e-20
463.95,2.171e-20,,,2.171e-20
464,1.578e-20,,,1.578e-20
464.05,1.120e-20,,,1.120e-20
464.1,7.770e-21,,,7.770e-21
464.15,5.266e-21,,,5.266e-21
464.2,3.487e-21,,,3.487e-21
464.25,2.255e-21,,,2.255e-21
464.3,1.425e-21,,,1.425e-21
464.35,8.800e-22,,,8.800e-22
464.4,5.308e-22,,,5.308e-22
464.45,3.128e-22,,,3.128e-22
464.5,1.801e-22,,,1.801e-22
464.55,1.013e-22,,,1.013e-22
464.6,5.567e-23,,,5.567e-23
464.65,2.989e-23,,,2.989e-23
464.7,1.568e-23,,,1.568e-23
464.75,8.033e-24,,,8.033e-24
464.8,4.022e-24,,,4.022e-24
464.85,1.967e-24,,,1.967e-24
464.9,9.399e-25,,,9.399e-25
464.95,4.388e-25,,,4.388e-25
465,2.001e-25,,,2.001e-25
465.05,8.918e-26,,,8.918e-26
465.1,3.882e-26,,,3.882e-26
465.15,1.651e-26,,,1.651e-26
465.2,6.860e-27,,,6.860e-27
465.25,2.785e-27,,,2.785e-27
465.3,1.105e-27,,,1.105e-27
465.35,4.280e-28,,,4.280e-28
465.4,1.620e-28,,,1.620e-28
465.45,5.991e-29,,,5.991e-29
465.5,2.165e-29,,,2.165e-29
465.55,7.641e-30,,,7.641e-30
465.6,2.635e-30,,,2.635e-30
465.65,8.878e-31,,,8.878e-31
465.7,2.597e-9,2.597e-9,,2.922e-31
465.75,9.320e-9,9.320e-9,,9.398e-32
465.8,3.269e-8,3.269e-8,,2.953e-32
465.85,1.121e-7,1.121e-7,,9.063e-33
465.9,3.757e-7,3.757e-7,,2.718e-33
465.95,1.231e-6,1.231e-6,,7.963e-34
466,3.942e-6,3.942e-6,,2.279e-34
466.05,1.234e-5,1.234e-5,,6.373e-35
466.1,3.776e-5,3.776e-5,,
466.15,1.129e-4,1.129e-4,,
466.2,3.302e-4,3.302e-4,,
466.25,9.436e-4,9.436e-4,,
466.3,2.636e-3,2.636e-3,,
466.35,7.197e-3,7.197e-3,,
466.4,1.921e-2,1.921e-2,,
466.45,5.011e-2,5.011e-2,,
466.5,1.278e-1,1.278e-1,,
466.55,3.186e-1,3.186e-1,,
466.6,7.762e-1,7.762e-1,,
466.65,1.849e+0,1.849e+0,,
466.7,4.304e+0,4.304e+0,,
466.75,9.794e+0,9.794e+0,,
466.8,2.179e+1,2.179e+1,,
466.85,4.737e+1,4.737e+1,,
466.9,1.007e+2,1.007e+2,,
466.95,2.091e+2,2.091e+2,,
467,4.247e+2,4.247e+2,,
467.05,8.430e+2,8.430e+2,,
467.1,1.636e+3,1.636e+3,,
467.15,3.102e+3,3.102e+3,,
467.2,5.751e+3,5.751e+3,,
467.25,1.042e+4,1.042e+4,,
467.3,1.846e+4,1.846e+4,,
467.35,3.196e+4,3.196e+4,,
467.4,5.409e+4,5.409e+4,,
467.45,8.948e+4,8.948e+4,,
467.5,1.447e+5,1.447e+5,,
467.55,2.287e+5,2.287e+5,,
467.6,3.534e+5,3.534e+5,,
467.65,5.337e+5,5.337e+5,,
467.7,7.878e+5,7.878e+5,,
467.75,1.137e+6,1.137e+6,,
467.8,1.603e+6,1.603e+6,,
467.85,2.211e+6,2.211e+6,,
467.9,2.979e+6,2.979e+6,,
467.95,3.925e+6,3.925e+6,,
468,5.054e+6,5.054e+6,,
468.05,6.361e+6,6.361e+6,,1.076e-33
468.1,7.826e+6,7.826e+6,,3.811e-33
468.15,9.411e+6,9.411e+6,,1.320e-32
468.2,1.106e+7,1.106e+7,,4.472e-32
468.25,1.271e+7,1.271e+7,,1.481e-31
468.3,1.428e+7,1.428e+7,,4.794e-31
468.35,1.568e+7,1.568e+7,,1.518e-30
468.4,1.682e+7,1.682e+7,,4.697e-30
468.45,1.765e+7,1.765e+7,,1.421e-29
468.5,1.809e+7,1.809e+7,,4.204e-29
468.55,1.814e+7,1.814e+7,,1.216e-28
468.6,1.777e+7,1.777e+7,,3.439e-28
468.65,1.702e+7,1.702e+7,,9.508e-28
468.7,1.593e+7,1.593e+7,,2.570e-27
468.75,1.457e+7,1.457e+7,,6.793e-27
468.8,1.303e+7,1.303e+7,,1.755e-26
468.85,1.140e+7,1.140e+7,,4.435e-26
468.9,9.738e+6,9.738e+6,,1.095e-25
468.95,8.135e+6,8.135e+6,,2.645e-25
469,6.642e+6,6.642e+6,,6.246e-25
469.05,5.301e+6,5.301e+6,,1.442e-24
469.1,4.136e+6,4.136e+6,,3.255e-24
469.15,3.154e+6,3.154e+6,,7.182e-24
469.2,2.351e+6,2.351e+6,,1.549e-23
469.25,1.713e+6,1.713e+6,,3.268e-23
469.3,1.220e+6,1.220e+6,,6.741e-23
469.35,8.493e+5,8.493e+5,,1.359e-22
469.4,5.779e+5,5.779e+5,,2.679e-22
469.45,3.844e+5,3.844e+5,,5.165e-22
469.5,2.499e+5,2.499e+5,,9.733e-22
469.55,1.589e+5,1.589e+5,,1.793e-21
469.6,9.869e+4,9.869e+4,,3.230e-21
469.65,5.993e+4,5.993e+4,,5.689e-21
469.7,3.557e+4,3.557e+4,,9.796e-21
469.75,2.064e+4,2.064e+4,,1.649e-20
469.8,1.170e+4,1.170e+4,,2.715e-20
469.85,6.489e+3,6.489e+3,,4.369e-20
469.9,3.516e+3,3.516e+3,,6.874e-20
469.95,1.862e+3,1.862e+3,,1.058e-19
470,9.643e+2,9.643e+2,,1.591e-19
470.05,4.880e+2,4.880e+2,,2.339e-19
470.1,2.414e+2,2.414e+2,,3.364e-19
470.15,1.167e+2,1.167e+2,,4.729e-19
470.2,5.518e+1,5.518e+1,,6.501e-19
470.25,2.549e+1,2.549e+1,,8.738e-19
470.3,1.151e+1,1.151e+1,,1.148e-18
470.35,5.082e+0,5.082e+0,,1.476e-18
470.4,2.193e+0,2.193e+0,,1.855e-18
470.45,9.250e-1,9.250e-1,,2.281e-18
470.5,3.814e-1,3.814e-1,,2.743e-18
470.55,1.537e-1,1.537e-1,,3.227e-18
470.6,6.054e-2,6.054e-2,,3.716e-18
470.65,2.331e-2,2.331e-2,,4.190e-18
470.7,8.774e-3,8.774e-3,,4.627e-18
470.75,3.228e-3,3.228e-3,,5.010e-18
470.8,1.161e-3,1.161e-3,,5.322e-18
470.85,4.081e-4,4.081e-4,,5.556e-18
470.9,1.402e-4,1.402e-4,,5.709e-18
470.95,4.710e-5,4.710e-5,,5.787e-18
471,1.546e-5,1.546e-5,,5.804e-18
471.05,4.962e-6,4.962e-6,,5.777e-18
471.1,1.557e-6,1.557e-6,,5.727e-18
471.15,4.773e-7,4.773e-7,,5.676e-18
471.2,1.430e-7,1.430e-7,,5.642e-18
471.25,4.191e-8,4.191e-8,,5.636e-18
471.3,1.200e-8,1.200e-8,,5.664e-18
471.35,3.359e-9,3.359e-9,,5.720e-18
471.4,5.794e-18,,,5.794e-18
471.45,5.868e-18,,,5.868e-18
471.5,5.921e-18,,,5.921e-18
471.55,5.929e-18,,,5.929e-18
471.6,5.874e-18,,,5.874e-18
471.65,5.743e-18,,,5.743e-18
471.7,5.526e-18,,,5.526e-18
471.75,5.226e-18,,,5.226e-18
471.8,4.850e-18,,,4.850e-18
471.85,4.412e-18,,,4.412e-18
471.9,3.933e-18,,,3.933e-18
471.95,3.432e-18,,,3.432e-18
472,2.932e-18,,,2.932e-18
472.05,2.450e-18,,,2.450e-18
472.1,2.004e-18,,,2.004e-18
472.15,1.602e-18,,,1.602e-18
472.2,1.253e-18,,,1.253e-18
472.25,9.587e-19,,,9.587e-19
472.3,7.172e-19,,,7.172e-19
472.35,5.246e-19,,,5.246e-19
472.4,3.753e-19,,,3.753e-19
472.45,2.626e-19,,,2.626e-19
472.5,1.798e-19,,,1.798e-19
472.55,1.206e-19,,,1.206e-19
472.6,7.940e-20,,,7.940e-20
472.65,5.164e-20,,,5.164e-20
472.7,3.366e-20,,,3.366e-20
472.75,2.268e-20,,,2.268e-20
472.8,1.669e-20,,,1.669e-20
472.85,1.432e-20,,,1.432e-20
472.9,1.470e-20,,,1.470e-20
472.95,1.729e-20,,,1.729e-20
473,2.183e-20,,,2.183e-20
473.05,2.816e-20,,,2.816e-20
473.1,3.623e-20,,,3.623e-20
473.15,4.594e-20,,,4.594e-20
473.2,5.716e-20,,,5.716e-20
473.25,6.963e-20,,,6.963e-20
473.3,8.301e-20,,,8.301e-20
473.35,9.680e-20,,,9.680e-20
473.4,1.104e-19,,,1.104e-19
473.45,1.231e-19,,,1.231e-19
473.5,1.343e-19,,,1.343e-19
473.55,1.433e-19,,,1.433e-19
473.6,1.495e-19,,,1.495e-19
473.65,1.525e-19,,,1.525e-19
473.7,1.522e-19,,,1.522e-19
473.75,1.485e-19,,,1.485e-19
473.8,1.417e-19,,,1.417e-19
473.85,1.322e-19,,,1.322e-19
473.9,1.207e-19,,,1.207e-19
473.95,1.077e-19,,,1.077e-19
474,9.402e-20,,,9.402e-20
474.05,8.026e-20,,,8.026e-20
474.1,6.701e-20,,,6.701e-20
474.15,5.471e-20,,,5.471e-20
474.2,4.368e-20,,,4.368e-20
474.25,3.411e-20,,,3.411e-20
474.3,2.605e-20,,,2.605e-20
474.35,1.945e-20,,,1.945e-20
474.4,1.421e-20,,,1.421e-20
474.45,1.015e-20,,,1.015e-20
474.5,7.088e-21,,,7.088e-21
474.55,4.842e-21,,,4.842e-21
474.6,3.235e-21,,,3.235e-21
474.65,2.113e-21,,,2.113e-21
474.7,1.350e-21,,,1.350e-21
474.75,8.438e-22,,,8.438e-22
474.8,5.156e-22,,,5.156e-22
474.85,3.082e-22,,,3.082e-22
474.9,1.801e-22,,,1.801e-22
474.95,1.029e-22,,,1.029e-22
475,5.754e-23,,,5.754e-23
475.05,3.145e-23,,,3.145e-23
475.1,1.682e-23,,,1.682e-23
475.15,8.792e-24,,,8.792e-24
475.2,4.495e-24,,,4.495e-24
475.25,2.248e-24,,,2.248e-24
475.3,1.099e-24,,,1.099e-24
475.35,5.257e-25,,,5.257e-25
475.4,2.459e-25,,,2.459e-25
475.45,1.125e-25,,,1.125e-25
475.5,5.030e-26,,,5.030e-26
475.55,2.200e-26,,,2.200e-26
475.6,9.413e-27,,,9.413e-27
475.65,3.938e-27,,,3.938e-27
475.7,1.611e-27,,,1.611e-27
475.75,6.448e-28,,,6.448e-28
475.8,2.523e-28,,,2.523e-28
475.85,9.656e-29,,,9.656e-29
475.9,3.614e-29,,,3.614e-29
475.95,1.323e-29,,,1.323e-29
476,4.735e-30,,,4.735e-30
476.05,1.658e-30,,,1.658e-30
476.1,5.675e-31,,,5.675e-31
476.15,1.900e-31,,,1.900e-31
476.2,6.220e-32,,,6.220e-32
476.25,1.992e-32,,,1.992e-32
476.3,6.237e-33,,,6.237e-33
476.35,1.910e-33,,,1.910e-33
476.4,5.721e-34,,,5.721e-34
476.45,1.676e-34,,,1.676e-34
476.5,4.800e-35,,,4.800e-35
482.26,7.201e-35,,,7.201e-35
482.31,2.473e-34,,,2.473e-34
482.36,8.317e-34,,,8.317e-34
482.41,2.738e-33,,,2.738e-33
482.46,8.825e-33,,,8.825e-33
482.51,2.784e-32,,,2.784e-32
482.56,8.601e-32,,,8.601e-32
482.61,2.601e-31,,,2.601e-31
482.66,7.699e-31,,,7.699e-31
482.71,2.231e-30,,,2.231e-30
482.76,6.331e-30,,,6.331e-30
482.81,1.759e-29,,,1.759e-29
482.86,4.782e-29,,,4.782e-29
482.91,1.273e-28,,,1.273e-28
482.96,3.318e-28,,,3.318e-28
483.01,8.465e-28,,,8.465e-28
483.06,2.115e-27,,,2.115e-27
483.11,5.171e-27,,,5.171e-27
483.16,1.238e-26,,,1.238e-26
483.21,2.901e-26,,,2.901e-26
483.26,6.656e-26,,,6.656e-26
483.31,1.495e-25,,,1.495e-25
483.36,3.287e-25,,,3.287e-25
483.41,7.077e-25,,,7.077e-25
483.46,1.491e-24,,,1.491e-24
483.51,3.077e-24,,,3.077e-24
483.56,6.216e-24,,,6.216e-24
483.61,1.229e-23,,,1.229e-23
483.66,2.379e-23,,,2.379e-23
483.71,4.509e-23,,,4.509e-23
483.76,8.366e-23,,,8.366e-23
483.81,1.520e-22,,,1.520e-22
483.86,2.702e-22,,,2.702e-22
483.91,4.704e-22,,,4.704e-22
483.96,8.017e-22,,,8.017e-22
484.01,1.338e-21,,,1.338e-21
484.06,2.185e-21,,,2.185e-21
484.11,3.494e-21,,,3.494e-21
484.16,5.470e-21,,,5.470e-21
484.21,8.384e-21,,,8.384e-21
484.26,1.258e-20,,,1.258e-20
484.31,1.848e-20,,,1.848e-20
484.36,2.658e-20,,,2.658e-20
484.41,3.744e-20,,,3.744e-20
484.46,5.162e-20,,,5.162e-20
484.51,6.971e-20,,,6.971e-20
484.56,9.217e-20,,,9.217e-20
484.61,1.194e-19,,,1.194e-19
484.66,1.514e-19,,,1.514e-19
484.71,1.881e-19,,,1.881e-19
484.76,2.291e-19,,,2.291e-19
484.81,2.735e-19,,,2.735e-19
484.86,1.155e-8,1.155e-8,,3.202e-19
484.91,3.947e-8,3.947e-8,,3.678e-19
484.96,1.321e-7,1.321e-7,,4.151e-19
485.01,4.331e-7,4.331e-7,,4.605e-19
485.06,1.390e-6,1.390e-6,,5.029e-19
485.11,4.368e-6,4.368e-6,,5.417e-19
485.16,1.344e-5,1.344e-5,,5.766e-19
485.21,4.051e-5,4.051e-5,,6.079e-19
485.26,1.196e-4,1.196e-4,,6.367e-19
485.31,3.455e-4,3.455e-4,,6.642e-19
485.36,9.775e-4,9.775e-4,,6.921e-19
485.41,2.708e-3,2.708e-3,,7.219e-19
485.46,7.347e-3,7.347e-3,,7.546e-19
485.51,1.952e-2,1.952e-2,,7.909e-19
485.56,5.078e-2,5.078e-2,,8.305e-19
485.61,1.293e-1,1.293e-1,,8.721e-19
485.66,3.226e-1,3.226e-1,,9.136e-19
485.71,7.880e-1,7.880e-1,,9.522e-19
485.76,1.885e+0,1.885e+0,,9.845e-19
485.81,4.414e+0,4.414e+0,,1.007e-18
485.86,1.012e+1,1.012e+1,,1.017e-18
485.91,2.273e+1,2.273e+1,,1.013e-18
485.96,4.998e+1,4.998e+1,,9.918e-19
486.01,1.076e+2,1.076e+2,,9.545e-19
486.06,2.269e+2,2.269e+2,,9.019e-19
486.11,4.684e+2,4.684e+2,,8.361e-19
486.16,9.469e+2,9.469e+2,,7.600e-19
486.21,1.874e+3,1.874e+3,,6.771e-19
486.26,3.634e+3,3.634e+3,,5.912e-19
486.31,6.897e+3,6.897e+3,,5.056e-19
486.36,1.282e+4,1.282e+4,,4.236e-19
486.41,2.333e+4,2.333e+4,,3.475e-19
486.46,4.158e+4,4.158e+4,,2.793e-19
486.51,7.256e+4,7.256e+4,,2.197e-19
486.56,1.240e+5,1.240e+5,,1.693e-19
486.61,2.075e+5,2.075e+5,,1.277e-19
486.66,3.399e+5,3.399e+5,,9.431e-20
486.71,5.454e+5,5.454e+5,,6.820e-20
486.76,8.569e+5,8.569e+5,,4.829e-20
486.81,1.318e+6,1.318e+6,,3.347e-20
486.86,1.986e+6,1.986e+6,,2.272e-20
486.91,2.929e+6,2.929e+6,,1.510e-20
486.96,4.231e+6,4.231e+6,,9.821e-21
487.01,5.984e+6,5.984e+6,,6.255e-21
487.06,8.288e+6,8.288e+6,,3.901e-21
487.11,1.124e+7,1.124e+7,,2.382e-21
487.16,1.493e+7,1.493e+7,,1.424e-21
487.21,1.941e+7,1.941e+7,,8.333e-22
487.26,2.472e+7,2.472e+7,,4.778e-22
487.31,3.082e+7,3.082e+7,,2.688e-22
487.36,3.762e+7,3.762e+7,,1.490e-22
487.41,4.498e+7,4.498e+7,,8.293e-23
487.46,5.266e+7,5.266e+7,,4.899e-23
487.51,6.037e+7,6.037e+7,,3.522e-23
487.56,6.776e+7,6.776e+7,,3.602e-23
487.61,7.448e+7,7.448e+7,,5.050e-23
487.66,8.016e+7,8.016e+7,,8.183e-23
487.71,8.449e+7,8.449e+7,,1.374e-22
487.76,8.719e+7,8.719e+7,,2.298e-22
487.81,8.811e+7,8.811e+7,,3.782e-22
487.86,8.719e+7,8.719e+7,,6.101e-22
487.91,8.449e+7,8.449e+7,,9.644e-22
487.96,8.016e+7,8.016e+7,,1.493e-21
488.01,7.448e+7,7.448e+7,,2.263e-21
488.06,6.776e+7,6.776e+7,,3.361e-21
488.11,6.037e+7,6.037e+7,,4.886e-21
488.16,5.266e+7,5.266e+7,,6.958e-21
488.21,4.498e+7,4.498e+7,,9.703e-21
488.26,3.762e+7,3.762e+7,,1.325e-20
488.31,3.082e+7,3.082e+7,,1.772e-20
488.36,2.472e+7,2.472e+7,,2.321e-20
488.41,1.941e+7,1.941e+7,,2.977e-20
488.46,1.493e+7,1.493e+7,,3.740e-20
488.51,1.124e+7,1.124e+7,,4.602e-20
488.56,8.288e+6,8.288e+6,,5.545e-20
488.61,5.984e+6,5.984e+6,,6.546e-20
488.66,4.231e+6,4.231e+6,,7.569e-20
488.71,2.929e+6,2.929e+6,,8.574e-20
488.76,1.986e+6,1.986e+6,,9.519e-20
488.81,1.318e+6,1.318e+6,,1.036e-19
488.86,8.569e+5,8.569e+5,,1.106e-19
488.91,5.454e+5,5.454e+5,,1.158e-19
488.96,3.399e+5,3.399e+5,,1.192e-19
489.01,2.075e+5,2.075e+5,,1.206e-19
489.06,1.240e+5,1.240e+5,,1.204e-19
489.11,7.256e+4,7.256e+4,,1.188e-19
489.16,4.158e+4,4.158e+4,,1.163e-19
489.21,2.333e+4,2.333e+4,,1.135e-19
489.26,1.282e+4,1.282e+4,,1.110e-19
489.31,6.897e+3,6.897e+3,,1.095e-19
489.36,3.634e+3,3.634e+3,,1.096e-19
489.41,1.874e+3,1.874e+3,,1.115e-19
489.46,9.469e+2,9.469e+2,,1.155e-19
489.51,4.684e+2,4.684e+2,,1.216e-19
489.56,2.269e+2,2.269e+2,,1.296e-19
489.61,1.076e+2,1.076e+2,,1.389e-19
489.66,4.998e+1,4.998e+1,,1.489e-19
489.71,2.273e+1,2.273e+1,,1.588e-19
489.76,1.012e+1,1.012e+1,,1.678e-19
489.81,4.414e+0,4.414e+0,,1.751e-19
489.86,1.885e+0,1.885e+0,,1.800e-19
489.91,7.880e-1,7.880e-1,,1.818e-19
489.96,3.226e-1,3.226e-1,,1.804e-19
490.01,1.293e-1,1.293e-1,,1.757e-19
490.06,5.078e-2,5.078e-2,,1.677e-19
490.11,1.952e-2,1.952e-2,,1.570e-19
490.16,7.347e-3,7.347e-3,,1.440e-19
490.21,2.708e-3,2.708e-3,,1.294e-19
490.26,9.775e-4,9.775e-4,,1.139e-19
490.31,3.455e-4,3.455e-4,,9.819e-20
490.36,1.196e-4,1.196e-4,,8.294e-20
490.41,4.051e-5,4.051e-5,,6.865e-20
490.46,1.344e-5,1.344e-5,,5.569e-20
490.51,4.368e-6,4.368e-6,,4.432e-20
490.56,1.390e-6,1.390e-6,,3.467e-20
490.61,4.331e-7,4.331e-7,,2.678e-20
490.66,1.321e-7,1.321e-7,,2.064e-20
490.71,3.947e-8,3.947e-8,,1.620e-20
490.76,1.155e-8,1.155e-8,,1.343e-20
490.81,1.238e-20,,,1.238e-20
490.86,1.316e-20,,,1.316e-20
490.91,1.603e-20,,,1.603e-20
490.96,2.140e-20,,,2.140e-20
491.01,2.983e-20,,,2.983e-20
491.06,4.204e-20,,,4.204e-20
491.11,5.891e-20,,,5.891e-20
491.16,8.139e-20,,,8.139e-20
491.21,1.105e-19,,,1.105e-19
491.26,1.471e-19,,,1.471e-19
491.31,1.919e-19,,,1.919e-19
491.36,2.454e-19,,,2.454e-19
491.41,3.074e-19,,,3.074e-19
491.46,3.771e-19,,,3.771e-19
491.51,4.532e-19,,,4.532e-19
491.56,5.336e-19,,,5.336e-19
491.61,6.153e-19,,,6.153e-19
491.66,6.951e-19,,,6.951e-19
491.71,7.692e-19,,,7.692e-19
491.76,8.337e-19,,,8.337e-19
491.81,8.852e-19,,,8.852e-19
491.86,9.206e-19,,,9.206e-19
491.91,9.379e-19,,,9.379e-19
491.96,9.360e-19,,,9.360e-19
492.01,9.150e-19,,,9.150e-19
492.06,8.761e-19,,,8.761e-19
492.11,8.217e-19,,,8.217e-19
492.16,7.550e-19,,,7.550e-19
492.21,6.795e-19,,,6.795e-19
492.26,5.990e-19,,,5.990e-19
492.31,5.173e-19,,,5.173e-19
492.36,4.376e-19,,,4.376e-19
492.41,3.626e-19,,,3.626e-19
492.46,2.943e-19,,,2.943e-19
492.51,2.340e-19,,,2.340e-19
492.56,1.822e-19,,,1.822e-19
492.61,1.390e-19,,,1.390e-19
492.66,1.039e-19,,,1.039e-19
492.71,7.604e-20,,,7.604e-20
492.76,5.452e-20,,,5.452e-20
492.81,3.829e-20,,,3.829e-20
492.86,2.634e-20,,,2.634e-20
492.91,1.775e-20,,,1.775e-20
492.96,1.172e-20,,,1.172e-20
493.01,7.579e-21,,,7.579e-21
493.06,4.801e-21,,,4.801e-21
493.11,2.979e-21,,,2.979e-21
493.16,1.810e-21,,,1.810e-21
493.21,1.078e-21,,,1.078e-21
493.26,6.292e-22,,,6.292e-22
493.31,3.604e-22,,,3.604e-22
493.36,2.036e-22,,,2.036e-22
493.41,1.154e-22,,,1.154e-22
493.46,6.937e-23,,,6.937e-23
493.51,5.058e-23,,,5.058e-23
493.56,5.233e-23,,,5.233e-23
493.61,7.436e-23,,,7.436e-23
493.66,1.225e-22,,,1.225e-22
493.71,2.097e-22,,,2.097e-22
493.76,3.576e-22,,,3.576e-22
493.81,6.006e-22,,,6.006e-22
493.86,9.895e-22,,,9.895e-22
493.91,1.598e-21,,,1.598e-21
493.96,2.529e-21,,,2.529e-21
494.01,3.921e-21,,,3.921e-21
494.06,5.957e-21,,,5.957e-21
494.11,8.867e-21,,,8.867e-21
494.16,1.293e-20,,,1.293e-20
494.21,1.848e-20,,,1.848e-20
494.26,2.588e-20,,,2.588e-20
494.31,3.550e-20,,,3.550e-20
494.36,4.773e-20,,,4.773e-20
494.41,6.286e-20,,,6.286e-20
494.46,8.112e-20,,,8.112e-20
494.51,1.026e-19,,,1.026e-19
494.56,1.271e-19,,,1.271e-19
494.61,1.542e-19,,,1.542e-19
494.66,1.835e-19,,,1.835e-19
494.71,2.138e-19,,,2.138e-19
494.76,2.441e-19,,,2.441e-19
494.81,2.731e-19,,,2.731e-19
494.86,2.993e-19,,,2.993e-19
494.91,3.215e-19,,,3.215e-19
494.96,3.383e-19,,,3.383e-19
495.01,3.488e-19,,,3.488e-19
495.06,3.524e-19,,,3.524e-19
495.11,3.488e-19,,,3.488e-19
495.16,3.383e-19,,,3.383e-19
495.21,3.215e-19,,,3.215e-19
495.26,2.993e-19,,,2.993e-19
495.31,2.731e-19,,,2.731e-19
495.36,2.441e-19,,,2.441e-19
495.41,2.138e-19,,,2.138e-19
495.46,1.835e-19,,,1.835e-19
495.51,1.542e-19,,,1.542e-19
495.56,1.271e-19,,,1.271e-19
495.61,1.026e-19,,,1.026e-19
495.66,8.112e-20,,,8.112e-20
495.71,6.286e-20,,,6.286e-20
495.76,4.773e-20,,,4.773e-20
495.81,3.550e-20,,,3.550e-20
495.86,2.588e-20,,,2.588e-20
495.91,1.848e-20,,,1.848e-20
495.96,1.293e-20,,,1.293e-20
496.01,8.867e-21,,,8.867e-21
496.06,5.957e-21,,,5.957e-21
496.11,3.921e-21,,,3.921e-21
496.16,2.529e-21,,,2.529e-21
496.21,1.598e-21,,,1.598e-21
496.26,9.893e-22,,,9.893e-22
496.31,6.001e-22,,,6.001e-22
496.36,3.567e-22,,,3.567e-22
496.41,2.077e-22,,,2.077e-22
496.46,1.185e-22,,,1.185e-22
496.51,6.627e-23,,,6.627e-23
496.56,3.631e-23,,,3.631e-23
496.61,1.949e-23,,,1.949e-23
496.66,1.025e-23,,,1.025e-23
496.71,5.281e-24,,,5.281e-24
496.76,2.666e-24,,,2.666e-24
496.81,1.319e-24,,,1.319e-24
496.86,6.392e-25,,,6.392e-25
496.91,3.036e-25,,,3.036e-25
496.96,1.413e-25,,,1.413e-25
497.01,6.440e-26,,,6.440e-26
497.06,2.877e-26,,,2.877e-26
497.11,1.259e-26,,,1.259e-26
497.16,1.012e-10,,1.012e-10,5.400e-27
497.21,3.312e-10,,3.312e-10,2.269e-27
497.26,1.062e-9,,1.062e-9,9.341e-28
497.31,3.338e-9,,3.338e-9,3.768e-28
497.36,1.029e-8,,1.029e-8,1.489e-28
497.41,3.107e-8,,3.107e-8,5.767e-29
497.46,9.197e-8,,9.197e-8,2.188e-29
497.51,2.669e-7,,2.669e-7,8.135e-30
497.56,7.592e-7,,7.592e-7,2.963e-30
497.61,2.117e-6,,2.117e-6,1.058e-30
497.66,5.785e-6,,5.785e-6,3.699e-31
497.71,1.550e-5,,1.550e-5,1.267e-31
497.76,4.070e-5,,4.070e-5,4.255e-32
497.81,1.048e-4,,1.048e-4,1.400e-32
497.86,2.643e-4,,2.643e-4,4.636e-33
497.91,6.536e-4,,6.536e-4,1.839e-33
497.96,1.584e-3,,1.584e-3,1.787e-33
498.01,3.765e-3,,3.765e-3,4.418e-33
498.06,8.769e-3,,8.769e-3,1.337e-32
498.11,2.002e-2,,2.002e-2,4.089e-32
498.16,4.480e-2,,4.480e-2,1.226e-31
498.21,9.828e-2,,9.828e-2,3.604e-31
498.26,2.113e-1,,2.113e-1,1.038e-30
498.31,4.454e-1,,4.454e-1,2.933e-30
498.36,9.201e-1,,9.201e-1,8.120e-30
498.41,1.863e+0,,1.863e+0,2.204e-29
498.46,3.698e+0,,3.698e+0,5.863e-29
498.51,7.196e+0,,7.196e+0,1.529e-28
498.56,1.372e+1,,1.372e+1,3.909e-28
498.61,2.565e+1,,2.565e+1,9.796e-28
498.66,4.701e+1,,4.701e+1,2.407e-27
498.71,8.444e+1,,8.444e+1,5.795e-27
498.76,1.487e+2,,1.487e+2,1.368e-26
498.81,2.566e+2,,2.566e+2,3.166e-26
498.86,4.340e+2,,4.340e+2,7.181e-26
498.91,7.196e+2,,7.196e+2,1.597e-25
498.96,1.170e+3,,1.170e+3,3.481e-25
499.01,1.863e+3,,1.863e+3,7.437e-25
499.06,2.910e+3,,2.910e+3,1.558e-24
499.11,4.455e+3,,4.455e+3,3.199e-24
499.16,6.684e+3,,6.684e+3,6.438e-24
499.21,9.830e+3,,9.830e+3,1.270e-23
499.26,1.417e+4,,1.417e+4,2.457e-23
499.31,2.003e+4,,2.003e+4,4.658e-23
499.36,2.774e+4,,2.774e+4,8.656e-23
499.41,3.766e+4,,3.766e+4,1.577e-22
499.46,5.012e+4,,5.012e+4,2.816e-22
499.51,6.539e+4,,6.539e+4,4.931e-22
499.56,8.361e+4,,8.361e+4,8.462e-22
499.61,1.048e+5,,1.048e+5,1.423e-21
499.66,1.288e+5,,1.288e+5,2.347e-21
499.71,1.551e+5,,1.551e+5,3.795e-21
499.76,1.830e+5,,1.830e+5,6.013e-21
499.81,2.118e+5,,2.118e+5,9.341e-21
499.86,2.402e+5,,2.402e+5,1.422e-20
499.91,2.671e+5,,2.671e+5,2.123e-20
499.96,2.910e+5,,2.910e+5,3.106e-20
500.01,3.109e+5,,3.109e+5,4.456e-20
500.06,3.255e+5,,3.255e+5,6.265e-20
500.11,3.341e+5,,3.341e+5,8.635e-20
500.16,3.361e+5,,3.361e+5,1.167e-19
500.21,3.314e+5,,3.314e+5,1.545e-19
500.26,3.203e+5,,3.203e+5,2.006e-19
500.31,3.035e+5,,3.035e+5,2.553e-19
500.36,2.819e+5,,2.819e+5,3.185e-19
500.41,2.566e+5,,2.566e+5,3.896e-19
500.46,2.290e+5,,2.290e+5,4.670e-19
500.51,2.004e+5,,2.004e+5,5.488e-19
500.56,1.719e+5,,1.719e+5,6.323e-19
500.61,1.446e+5,,1.446e+5,7.140e-19
500.66,1.193e+5,,1.193e+5,7.904e-19
500.71,9.676e+4,,9.676e+4,8.577e-19
500.76,7.725e+4,,7.725e+4,9.123e-19
500.81,6.102e+4,,6.102e+4,9.513e-19
500.86,4.813e+4,,4.813e+4,9.724e-19
500.91,3.856e+4,,3.856e+4,9.743e-19
500.96,3.228e+4,,3.228e+4,9.570e-19
501.01,2.925e+4,,2.925e+4,9.214e-19
501.06,2.953e+4,,2.953e+4,8.697e-19
501.11,3.326e+4,8.903e-9,3.326e+4,8.047e-19
501.16,4.068e+4,2.927e-8,4.068e+4,7.298e-19
501.21,5.210e+4,9.434e-8,5.210e+4,6.488e-19
501.26,6.792e+4,2.982e-7,6.792e+4,5.655e-19
501.31,8.852e+4,9.240e-7,8.852e+4,4.831e-19
501.36,1.142e+5,2.808e-6,1.142e+5,4.046e-19
501.41,1.451e+5,8.366e-6,1.451e+5,3.322e-19
501.46,1.812e+5,2.444e-5,1.812e+5,2.673e-19
501.51,2.221e+5,7.001e-5,2.221e+5,2.109e-19
501.56,2.669e+5,1.966e-4,2.669e+5,1.631e-19
501.61,3.146e+5,5.416e-4,3.146e+5,1.236e-19
501.66,3.636e+5,1.462e-3,3.636e+5,9.185e-20
501.71,4.120e+5,3.872e-3,4.120e+5,6.691e-20
501.76,4.577e+5,1.005e-2,4.577e+5,4.778e-20
501.81,4.985e+5,2.559e-2,4.985e+5,3.344e-20
501.86,5.322e+5,6.388e-2,5.322e+5,2.295e-20
501.91,5.571e+5,1.563e-1,5.571e+5,1.543e-20
501.96,5.716e+5,3.752e-1,5.716e+5,1.018e-20
502.01,5.750e+5,8.828e-1,5.750e+5,6.577e-21
502.06,5.671e+5,2.037e+0,5.671e+5,4.167e-21
502.11,5.483e+5,4.607e+0,5.483e+5,2.588e-21
502.16,5.197e+5,1.022e+1,5.197e+5,1.576e-21
502.21,4.829e+5,2.223e+1,4.829e+5,9.404e-22
502.26,4.399e+5,4.740e+1,4.399e+5,5.502e-22
502.31,3.930e+5,9.912e+1,3.929e+5,3.155e-22
502.36,3.442e+5,2.032e+2,3.440e+5,1.774e-22
502.41,2.956e+5,4.086e+2,2.952e+5,9.775e-23
502.46,2.492e+5,8.054e+2,2.484e+5,5.281e-23
502.51,2.065e+5,1.557e+3,2.049e+5,2.797e-23
502.56,1.687e+5,2.950e+3,1.657e+5,1.453e-23
502.61,1.369e+5,5.482e+3,1.314e+5,7.410e-24
502.66,1.121e+5,9.989e+3,1.021e+5,3.737e-24
502.71,9.567e+4,1.785e+4,7.782e+4,1.917e-24
502.76,8.940e+4,3.126e+4,5.813e+4,1.113e-24
502.81,9.627e+4,5.370e+4,4.257e+4,9.346e-25
502.86,1.210e+5,9.044e+4,3.057e+4,1.289e-24
502.91,1.709e+5,1.493e+5,2.151e+4,2.339e-24
502.96,2.567e+5,2.418e+5,1.485e+4,4.562e-24
503.01,3.940e+5,3.839e+5,1.004e+4,8.931e-24
503.06,6.044e+5,5.977e+5,6.660e+3,1.725e-23
503.11,9.167e+5,9.124e+5,4.330e+3,3.273e-23
503.16,1.368e+6,1.366e+6,2.760e+3,6.102e-23
503.21,2.006e+6,2.004e+6,1.724e+3,1.117e-22
503.26,2.885e+6,2.884e+6,1.056e+3,2.008e-22
503.31,4.069e+6,4.069e+6,6.344e+2,3.546e-22
503.36,5.629e+6,5.629e+6,3.735e+2,6.152e-22
503.41,7.635e+6,7.635e+6,2.156e+2,1.049e-21
503.46,1.016e+7,1.016e+7,1.220e+2,1.757e-21
503.51,1.324e+7,1.324e+7,6.767e+1,2.895e-21
503.56,1.694e+7,1.694e+7,3.680e+1,4.687e-21
503.61,2.124e+7,2.124e+7,1.962e+1,7.464e-21
503.66,2.611e+7,2.611e+7,1.025e+1,1.169e-20
503.71,3.147e+7,3.147e+7,5.254e+0,1.801e-20
503.76,3.720e+7,3.720e+7,2.639e+0,2.730e-20
503.81,4.311e+7,4.311e+7,1.300e+0,4.072e-20
503.86,4.899e+7,4.899e+7,6.275e-1,5.978e-20
503.91,5.459e+7,5.459e+7,2.970e-1,8.638e-20
503.96,5.964e+7,5.964e+7,1.378e-1,1.229e-19
504.01,6.390e+7,6.390e+7,6.269e-2,1.720e-19
504.06,6.712e+7,6.712e+7,2.796e-2,2.371e-19
504.11,6.913e+7,6.913e+7,1.222e-2,3.216e-19
504.16,6.981e+7,6.981e+7,5.239e-3,4.296e-19
504.21,6.913e+7,6.913e+7,2.201e-3,5.647e-19
504.26,6.712e+7,6.712e+7,9.068e-4,7.306e-19
504.31,6.390e+7,6.390e+7,3.662e-4,9.303e-19
504.36,5.964e+7,5.964e+7,1.450e-4,1.166e-18
504.41,5.459e+7,5.459e+7,5.627e-5,1.437e-18
504.46,4.899e+7,4.899e+7,2.141e-5,1.742e-18
504.51,4.311e+7,4.311e+7,7.987e-6,2.077e-18
504.56,3.720e+7,3.720e+7,2.921e-6,2.435e-18
504.61,3.147e+7,3.147e+7,1.047e-6,2.807e-18
504.66,2.611e+7,2.611e+7,3.680e-7,3.180e-18
504.71,2.124e+7,2.124e+7,1.268e-7,3.541e-18
504.76,1.694e+7,1.694e+7,4.284e-8,3.874e-18
504.81,1.324e+7,1.324e+7,1.419e-8,4.164e-18
504.86,1.016e+7,1.016e+7,4.605e-9,4.395e-18
504.91,7.635e+6,7.635e+6,1.466e-9,4.557e-18
504.96,5.629e+6,5.629e+6,4.574e-10,4.639e-18
505.01,4.069e+6,4.069e+6,1.399e-10,4.637e-18
505.06,2.884e+6,2.884e+6,,4.550e-18
505.11,2.004e+6,2.004e+6,,4.383e-18
505.16,1.366e+6,1.366e+6,,4.143e-18
505.21,9.124e+5,9.124e+5,,3.845e-18
505.26,5.977e+5,5.977e+5,,3.501e-18
505.31,3.839e+5,3.839e+5,,3.130e-18
505.36,2.418e+5,2.418e+5,,2.746e-18
505.41,1.493e+5,1.493e+5,,2.366e-18
505.46,9.044e+4,9.044e+4,,2.002e-18
505.51,5.370e+4,5.370e+4,,1.666e-18
505.56,3.126e+4,3.126e+4,,1.365e-18
505.61,1.785e+4,1.785e+4,,1.104e-18
505.66,9.989e+3,9.989e+3,,8.859e-19
505.71,5.482e+3,5.482e+3,,7.090e-19
505.76,2.950e+3,2.950e+3,,5.717e-19
505.81,1.557e+3,1.557e+3,,4.703e-19
505.86,8.054e+2,8.054e+2,,4.002e-19
505.91,4.086e+2,4.086e+2,,3.566e-19
505.96,2.032e+2,2.032e+2,,3.342e-19
506.01,9.912e+1,9.912e+1,,3.282e-19
506.06,4.740e+1,4.740e+1,,3.338e-19
506.11,2.223e+1,2.223e+1,,3.467e-19
506.16,1.022e+1,1.022e+1,,3.630e-19
506.21,4.607e+0,4.607e+0,,3.795e-19
506.26,2.037e+0,2.037e+0,,3.934e-19
506.31,8.828e-1,8.828e-1,,4.027e-19
506.36,3.752e-1,3.752e-1,,4.058e-19
506.41,1.563e-1,1.563e-1,,4.021e-19
506.46,6.388e-2,6.388e-2,,3.912e-19
506.51,2.559e-2,2.559e-2,,3.736e-19
506.56,1.005e-2,1.005e-2,,3.501e-19
506.61,3.872e-3,3.872e-3,,3.218e-19
506.66,1.462e-3,1.462e-3,,2.901e-19
506.71,5.416e-4,5.416e-4,,2.565e-19
506.76,1.966e-4,1.966e-4,,2.225e-19
506.81,7.001e-5,7.001e-5,,1.892e-19
506.86,2.444e-5,2.444e-5,,1.578e-19
506.91,8.366e-6,8.366e-6,,1.291e-19
506.96,2.808e-6,2.808e-6,,1.036e-19
507.01,9.240e-7,9.240e-7,,8.149e-20
507.06,2.982e-7,2.982e-7,,6.288e-20
507.11,9.434e-8,9.434e-8,,4.758e-20
507.16,2.927e-8,2.927e-8,,3.530e-20
507.21,8.903e-9,8.903e-9,,2.569e-20
507.26,1.833e-20,,,1.833e-20
507.31,1.283e-20,,,1.283e-20
507.36,8.807e-21,,,8.807e-21
507.41,5.928e-21,,,5.928e-21
507.46,3.913e-21,,,3.913e-21
507.51,2.533e-21,,,2.533e-21
507.56,1.608e-21,,,1.608e-21
507.61,1.001e-21,,,1.001e-21
507.66,6.114e-22,,,6.114e-22
507.71,3.661e-22,,,3.661e-22
507.76,2.150e-22,,,2.150e-22
507.81,1.238e-22,,,1.238e-22
507.86,6.992e-23,,,6.992e-23
507.91,3.873e-23,,,3.873e-23
507.96,2.103e-23,,,2.103e-23
508.01,1.120e-23,,,1.120e-23
508.06,5.853e-24,,,5.853e-24
508.11,2.999e-24,,,2.999e-24
508.16,1.507e-24,,,1.507e-24
508.21,7.423e-25,,,7.423e-25
508.26,3.587e-25,,,3.587e-25
508.31,1.700e-25,,,1.700e-25
508.36,7.898e-26,,,7.898e-26
508.41,3.599e-26,,,3.599e-26
508.46,1.609e-26,,,1.609e-26
508.51,7.051e-27,,,7.051e-27
508.56,3.031e-27,,,3.031e-27
508.61,1.278e-27,,,1.278e-27
508.66,5.288e-28,,,5.288e-28
508.71,2.159e-28,,,2.159e-28
508.76,9.000e-29,,,9.000e-29
508.81,4.593e-29,,,4.593e-29
508.86,4.540e-29,,,4.540e-29
508.91,8.713e-29,,,8.713e-29
508.96,2.053e-28,,,2.053e-28
509.01,4.941e-28,,,4.941e-28
509.06,1.174e-27,,,1.174e-27
509.11,2.738e-27,,,2.738e-27
509.16,6.268e-27,,,6.268e-27
509.21,1.408e-26,,,1.408e-26
509.26,3.101e-26,,,3.101e-26
509.31,6.703e-26,,,6.703e-26
509.36,1.421e-25,,,1.421e-25
509.42,3.416e-25,,,3.416e-25
509.47,6.945e-25,,,6.945e-25
509.52,1.385e-24,,,1.385e-24
509.57,2.711e-24,,,2.711e-24
509.62,5.204e-24,,,5.204e-24
509.67,9.800e-24,,,9.800e-24
509.72,1.811e-23,,,1.811e-23
509.77,3.282e-23,,,3.282e-23
509.82,5.837e-23,,,5.837e-23
509.87,1.018e-22,,,1.018e-22
509.92,1.743e-22,,,1.743e-22
509.97,2.927e-22,,,2.927e-22
510.02,4.822e-22,,,4.822e-22
510.07,7.793e-22,,,7.793e-22
510.12,1.236e-21,,,1.236e-21
510.17,1.922e-21,,,1.922e-21
510.22,2.933e-21,,,2.933e-21
510.27,4.391e-21,,,4.391e-21
510.32,6.450e-21,,,6.450e-21
510.37,9.294e-21,,,9.294e-21
510.42,1.314e-20,,,1.314e-20
510.47,1.822e-20,,,1.822e-20
510.52,2.479e-20,,,2.479e-20
510.57,3.309e-20,,,3.309e-20
510.62,4.334e-20,,,4.334e-20
510.67,5.568e-20,,,5.568e-20
510.72,7.017e-20,,,7.017e-20
510.77,8.677e-20,,,8.677e-20
510.82,1.053e-19,,,1.053e-19
510.87,1.253e-19,,,1.253e-19
510.92,1.463e-19,,,1.463e-19
510.97,1.675e-19,,,1.675e-19
511.02,1.883e-19,,,1.883e-19
511.07,2.076e-19,,,2.076e-19
511.12,2.245e-19,,,2.245e-19
511.17,2.382e-19,,,2.382e-19
511.22,2.480e-19,,,2.480e-19
511.27,2.532e-19,,,2.532e-19
511.32,2.537e-19,,,2.537e-19
511.37,2.494e-19,,,2.494e-19
511.42,2.405e-19,,,2.405e-19
511.47,2.275e-19,,,2.275e-19
511.52,2.112e-19,,,2.112e-19
511.57,1.923e-19,,,1.923e-19
511.62,1.718e-19,,,1.718e-19
511.67,1.505e-19,,,1.505e-19
511.72,1.294e-19,,,1.294e-19
511.77,1.092e-19,,,1.092e-19
511.82,9.033e-20,,,9.033e-20
511.87,7.333e-20,,,7.333e-20
511.92,5.841e-20,,,5.841e-20
511.97,4.564e-20,,,4.564e-20
512.02,3.499e-20,,,3.499e-20
512.07,2.632e-20,,,2.632e-20
512.12,1.943e-20,,,1.943e-20
512.17,1.409e-20,,,1.409e-20
512.22,1.005e-20,,,1.005e-20
512.27,7.081e-21,,,7.081e-21
512.32,4.979e-21,,,4.979e-21
512.37,3.578e-21,,,3.578e-21
512.42,2.757e-21,,,2.757e-21
512.47,2.446e-21,,,2.446e-21
512.52,2.630e-21,,,2.630e-21
512.57,3.354e-21,,,3.354e-21
512.62,4.728e-21,,,4.728e-21
512.67,6.939e-21,,,6.939e-21
512.72,1.025e-20,,,1.025e-20
512.77,1.501e-20,,,1.501e-20
512.82,2.166e-20,,,2.166e-20
512.87,3.072e-20,,,3.072e-20
512.92,4.277e-20,,,4.277e-20
512.97,5.846e-20,,,5.846e-20
513.02,7.840e-20,,,7.840e-20
513.07,1.032e-19,,,1.032e-19
513.12,1.332e-19,,,1.332e-19
513.17,1.688e-19,,,1.688e-19
513.22,2.099e-19,,,2.099e-19
513.27,2.561e-19,,,2.561e-19
513.32,3.066e-19,,,3.066e-19
513.37,3.602e-19,,,3.602e-19
513.42,4.152e-19,,,4.152e-19
513.47,4.696e-19,,,4.696e-19
513.52,5.211e-19,,,5.211e-19
513.57,5.675e-19,,,5.675e-19
513.62,6.064e-19,,,6.064e-19
513.67,6.358e-19,,,6.358e-19
513.72,6.541e-19,,,6.541e-19
513.77,6.604e-19,,,6.604e-19
513.82,6.541e-19,,,6.541e-19
513.87,6.358e-19,,,6.358e-19
513.92,6.064e-19,,,6.064e-19
513.97,5.675e-19,,,5.675e-19
514.02,5.211e-19,,,5.211e-19
514.07,4.696e-19,,,4.696e-19
514.12,4.152e-19,,,4.152e-19
514.17,3.602e-19,,,3.602e-19
514.22,3.066e-19,,,3.066e-19
514.27,2.561e-19,,,2.561e-19
514.32,2.099e-19,,,2.099e-19
514.37,1.688e-19,,,1.688e-19
514.42,1.332e-19,,,1.332e-19
514.47,1.032e-19,,,1.032e-19
514.52,7.840e-20,,,7.840e-20
514.57,5.845e-20,,,5.845e-20
514.62,4.276e-20,,,4.276e-20
514.67,3.070e-20,,,3.070e-20
514.72,2.162e-20,,,2.162e-20
514.77,1.494e-20,,,1.494e-20
514.82,1.014e-20,,,1.014e-20
514.87,6.745e-21,,,6.745e-21
514.92,4.404e-21,,,4.404e-21
514.97,2.822e-21,,,2.822e-21
515.02,1.774e-21,,,1.774e-21
515.07,1.095e-21,,,1.095e-21
515.12,6.626e-22,,,6.626e-22
515.17,3.936e-22,,,3.936e-22
515.22,2.294e-22,,,2.294e-22
515.27,1.312e-22,,,1.312e-22
515.32,7.362e-23,,,7.362e-23
515.37,4.054e-23,,,4.054e-23
515.42,2.190e-23,,,2.190e-23
515.47,1.161e-23,,,1.161e-23
515.52,6.041e-24,,,6.041e-24
515.57,3.083e-24,,,3.083e-24
515.62,1.544e-24,,,1.544e-24
515.67,7.591e-25,,,7.591e-25
515.72,3.661e-25,,,3.661e-25
515.77,2.676e-8,2.676e-8,,1.732e-25
515.82,8.417e-8,8.417e-8,,8.044e-26
515.87,2.598e-7,2.598e-7,,3.665e-26
515.92,7.874e-7,7.874e-7,,1.638e-26
515.97,2.342e-6,2.342e-6,,7.188e-27
516.02,6.839e-6,6.839e-6,,3.094e-27
516.07,1.960e-5,1.960e-5,,1.307e-27
516.12,5.514e-5,5.514e-5,,5.416e-28
516.17,1.523e-4,1.523e-4,,2.202e-28
516.22,4.128e-4,4.128e-4,,8.789e-29
516.27,1.098e-3,1.098e-3,,3.441e-29
516.32,2.869e-3,2.869e-3,,1.322e-29
516.37,7.356e-3,7.356e-3,,4.985e-30
516.42,1.851e-2,1.851e-2,,1.844e-30
516.47,4.574e-2,4.574e-2,,6.693e-31
516.52,1.109e-1,1.109e-1,,2.384e-31
516.57,2.640e-1,2.640e-1,,8.331e-32
516.62,6.169e-1,6.169e-1,,2.857e-32
516.67,1.415e+0,1.415e+0,,9.614e-33
516.72,3.185e+0,3.185e+0,,3.174e-33
516.77,7.039e+0,7.039e+0,,1.028e-33
516.82,1.527e+1,1.527e+1,,3.269e-34
516.87,3.252e+1,3.252e+1,,1.020e-34
516.92,6.797e+1,6.797e+1,,
516.97,1.394e+2,1.394e+2,,
517.02,2.809e+2,2.809e+2,,9.357e-35
517.07,5.552e+2,5.552e+2,,2.938e-34
517.12,1.077e+3,1.077e+3,,9.053e-34
517.17,2.052e+3,2.052e+3,,2.739e-33
517.22,3.838e+3,3.838e+3,,8.135e-33
517.27,7.043e+3,7.043e+3,,2.372e-32
517.32,1.269e+4,1.269e+4,,6.789e-32
517.37,2.244e+4,2.244e+4,,1.907e-31
517.42,3.896e+4,3.896e+4,,5.261e-31
517.47,6.638e+4,6.638e+4,,1.425e-30
517.52,1.110e+5,1.110e+5,,3.787e-30
517.57,1.823e+5,1.823e+5,,9.883e-30
517.62,2.938e+5,2.938e+5,,2.532e-29
517.67,4.648e+5,4.648e+5,,6.367e-29
517.72,7.218e+5,7.218e+5,,1.572e-28
517.77,1.100e+6,1.100e+6,,3.810e-28
517.82,1.646e+6,1.646e+6,,9.065e-28
517.87,2.418e+6,2.418e+6,,2.117e-27
517.92,3.486e+6,3.486e+6,,4.855e-27
517.97,4.934e+6,4.934e+6,,1.093e-26
518.02,6.854e+6,6.854e+6,,2.415e-26
518.07,9.346e+6,9.346e+6,,5.238e-26
518.12,1.251e+7,1.251e+7,,1.115e-25
518.17,1.644e+7,1.644e+7,,2.332e-25
518.22,2.120e+7,2.120e+7,,4.785e-25
518.27,2.684e+7,2.684e+7,,9.641e-25
518.32,3.335e+7,3.335e+7,,1.907e-24
518.37,4.068e+7,4.068e+7,,3.702e-24
518.42,4.871e+7,4.871e+7,,7.056e-24
518.47,5.725e+7,5.725e+7,,1.320e-23
518.52,6.605e+7,6.605e+7,,2.425e-23
518.57,7.480e+7,7.480e+7,,4.373e-23
518.62,8.315e+7,8.315e+7,,7.741e-23
518.67,9.074e+7,9.074e+7,,1.345e-22
518.72,9.719e+7,9.719e+7,,2.295e-22
518.77,1.022e+8,1.022e+8,,3.843e-22
518.82,1.055e+8,1.055e+8,,6.318e-22
518.87,1.068e+8,1.068e+8,,1.020e-21
518.92,1.063e+8,1.063e+8,,1.616e-21
518.97,1.037e+8,1.037e+8,,2.513e-21
519.02,9.938e+7,9.938e+7,,3.837e-21
519.07,9.347e+7,9.347e+7,,5.751e-21
519.12,8.630e+7,8.630e+7,,8.462e-21
519.17,7.821e+7,7.821e+7,,1.222e-20
519.22,6.958e+7,6.958e+7,,1.733e-20
519.27,6.075e+7,6.075e+7,,2.413e-20
519.32,5.208e+7,5.208e+7,,3.298e-20
519.37,4.382e+7,4.382e+7,,4.424e-20
519.42,3.619e+7,3.619e+7,,5.827e-20
519.47,2.934e+7,2.934e+7,,7.534e-20
519.52,2.335e+7,2.335e+7,,9.562e-20
519.57,1.824e+7,1.824e+7,,1.191e-19
519.62,1.398e+7,1.398e+7,,1.457e-19
519.67,1.053e+7,1.053e+7,,1.750e-19
519.72,7.776e+6,7.776e+6,,2.063e-19
519.77,5.639e+6,5.639e+6,,2.387e-19
519.82,4.015e+6,4.015e+6,,2.712e-19
519.87,2.805e+6,2.805e+6,,3.024e-19
519.92,1.924e+6,1.924e+6,,3.311e-19
519.97,1.296e+6,1.296e+6,,3.558e-19
520.02,8.563e+5,8.563e+5,,3.754e-19
520.07,5.555e+5,5.555e+5,,3.888e-19
520.12,3.538e+5,3.538e+5,,3.954e-19
520.17,2.211e+5,2.211e+5,,3.946e-19
520.22,1.357e+5,1.357e+5,,3.867e-19
520.27,8.173e+4,8.173e+4,,3.720e-19
520.32,4.832e+4,4.832e+4,,3.513e-19
520.37,2.804e+4,2.804e+4,,3.256e-19
520.42,1.598e+4,1.598e+4,,2.963e-19
520.47,8.933e+3,8.933e+3,,2.647e-19
520.52,4.904e+3,4.904e+3,,2.322e-19
520.57,2.642e+3,2.642e+3,,1.999e-19
520.62,1.397e+3,1.397e+3,,1.690e-19
520.67,7.254e+2,7.254e+2,,1.402e-19
520.72,3.697e+2,3.697e+2,,1.142e-19
520.77,1.849e+2,1.849e+2,,9.131e-20
520.82,9.081e+1,9.081e+1,,7.167e-20
520.87,4.377e+1,4.377e+1,,5.523e-20
520.92,2.071e+1,2.071e+1,,4.178e-20
520.97,9.617e+0,9.617e+0,,3.103e-20
521.02,4.384e+0,4.384e+0,,2.262e-20
521.07,1.962e+0,1.962e+0,,1.619e-20
521.12,8.617e-1,8.617e-1,,1.137e-20
521.17,3.716e-1,3.716e-1,,7.845e-21
521.22,1.573e-1,1.573e-1,,5.312e-21
521.27,6.533e-2,6.533e-2,,3.532e-21
521.32,2.664e-2,2.664e-2,,2.307e-21
521.37,1.066e-2,1.066e-2,,1.482e-21
521.42,4.191e-3,4.191e-3,,9.403e-22
521.47,1.616e-3,1.616e-3,,5.961e-22
521.52,6.120e-4,6.120e-4,,3.902e-22
521.57,2.274e-4,2.274e-4,,2.848e-22
521.62,8.297e-5,8.297e-5,,2.602e-22
521.67,2.971e-5,2.971e-5,,3.138e-22
521.72,1.044e-5,1.044e-5,,4.597e-22
521.77,3.603e-6,3.603e-6,,7.324e-22
521.82,1.220e-6,1.220e-6,,1.191e-21
521.87,4.057e-7,4.057e-7,,1.926e-21
521.92,1.324e-7,1.324e-7,,3.074e-21
521.97,4.242e-8,4.242e-8,,4.823e-21
522.02,1.334e-8,1.334e-8,,7.435e-21
522.07,1.125e-20,,,1.125e-20
522.12,1.673e-20,,,1.673e-20
522.17,2.442e-20,,,2.442e-20
522.22,3.499e-20,,,3.499e-20
522.27,4.924e-20,,,4.924e-20
522.32,6.803e-20,,,6.803e-20
522.37,9.230e-20,,,9.230e-20
522.42,1.230e-19,,,1.230e-19
522.47,1.608e-19,,,1.608e-19
522.52,2.066e-19,,,2.066e-19
522.57,2.605e-19,,,2.605e-19
522.62,3.226e-19,,,3.226e-19
522.67,3.922e-19,,,3.922e-19
522.72,4.682e-19,,,4.682e-19
522.77,5.489e-19,,,5.489e-19
522.82,6.318e-19,,,6.318e-19
522.87,7.140e-19,,,7.140e-19
522.92,7.924e-19,,,7.924e-19
522.97,8.634e-19,,,8.634e-19
523.02,1.201e-8,1.201e-8,,9.238e-19
523.07,5.326e-8,5.326e-8,,9.706e-19
523.12,1.626e-7,1.626e-7,,1.001e-18
523.17,4.876e-7,4.876e-7,,1.014e-18
523.22,1.436e-6,1.436e-6,,1.009e-18
523.27,4.167e-6,4.167e-6,,9.857e-19
523.32,1.184e-5,1.184e-5,,9.459e-19
523.37,3.306e-5,3.306e-5,,8.917e-19
523.42,9.065e-5,9.065e-5,,8.262e-19
523.47,2.441e-4,2.441e-4,,7.529e-19
523.52,6.456e-4,6.456e-4,,6.757e-19
523.57,1.677e-3,1.677e-3,,5.986e-19
523.62,4.280e-3,4.280e-3,,5.253e-19
523.67,1.073e-2,1.073e-2,,4.595e-19
523.72,2.641e-2,2.641e-2,,4.045e-19
523.77,6.386e-2,6.386e-2,,3.631e-19
523.82,1.517e-1,1.517e-1,,3.382e-19
523.87,3.539e-1,3.539e-1,,3.318e-19
523.92,8.109e-1,8.109e-1,,3.461e-19
523.97,1.825e+0,1.825e+0,,3.825e-19
524.02,4.036e+0,4.036e+0,,4.424e-19
524.07,8.766e+0,8.766e+0,,5.265e-19
524.12,1.870e+1,1.870e+1,,6.347e-19
524.17,3.920e+1,3.920e+1,,7.661e-19
524.22,8.069e+1,8.069e+1,,9.189e-19
524.27,1.632e+2,1.632e+2,,1.090e-18
524.32,3.242e+2,3.242e+2,,1.274e-18
524.37,6.328e+2,6.328e+2,,1.466e-18
524.42,1.213e+3,1.213e+3,,1.659e-18
524.47,2.285e+3,2.285e+3,,1.845e-18
524.52,4.229e+3,4.229e+3,,2.016e-18
524.57,7.690e+3,7.690e+3,,2.163e-18
524.62,1.374e+4,1.374e+4,,2.279e-18
524.67,2.411e+4,2.411e+4,,2.359e-18
524.72,4.158e+4,4.158e+4,,2.398e-18
524.77,7.047e+4,7.047e+4,,2.394e-18
524.82,1.174e+5,1.174e+5,,2.346e-18
524.87,1.921e+5,1.921e+5,,2.258e-18
524.92,3.089e+5,3.089e+5,,2.135e-18
524.97,4.884e+5,4.884e+5,,1.982e-18
525.02,7.589e+5,7.589e+5,,1.806e-18
525.07,1.159e+6,1.159e+6,,1.617e-18
525.12,1.741e+6,1.741e+6,,1.421e-18
525.17,2.570e+6,2.570e+6,,1.227e-18
525.22,3.731e+6,3.731e+6,,1.040e-18
525.27,5.327e+6,5.327e+6,,8.657e-19
525.32,7.479e+6,7.479e+6,,7.077e-19
525.37,1.033e+7,1.033e+7,,5.681e-19
525.42,1.404e+7,1.404e+7,,4.479e-19
525.47,1.877e+7,1.877e+7,,3.468e-19
525.52,2.469e+7,2.469e+7,,2.637e-19
525.57,3.198e+7,3.198e+7,,1.970e-19
525.62,4.078e+7,4.078e+7,,1.447e-19
525.67,5.121e+7,5.121e+7,,1.046e-19
525.72,6.334e+7,6.334e+7,,7.476e-20
525.77,7.718e+7,7.718e+7,,5.326e-20
525.82,9.270e+7,9.270e+7,,3.857e-20
525.87,1.098e+8,1.098e+8,,2.950e-20
525.92,1.282e+8,1.282e+8,,2.528e-20
525.97,1.477e+8,1.477e+8,,2.557e-20
526.02,1.680e+8,1.680e+8,,3.048e-20
526.07,1.886e+8,1.886e+8,,4.060e-20
526.12,2.093e+8,2.093e+8,,5.701e-20
526.17,2.297e+8,2.297e+8,,8.127e-20
526.22,2.493e+8,2.493e+8,,1.155e-19
526.27,2.679e+8,2.679e+8,,1.621e-19
526.32,2.851e+8,2.851e+8,,2.241e-19
526.37,3.009e+8,3.009e+8,,3.046e-19
526.42,3.150e+8,3.150e+8,,4.068e-19
526.47,3.274e+8,3.274e+8,,5.337e-19
526.52,3.380e+8,3.380e+8,,6.878e-19
526.57,3.468e+8,3.468e+8,,8.705e-19
526.62,3.536e+8,3.536e+8,,1.082e-18
526.67,3.586e+8,3.586e+8,,1.321e-18
526.72,3.614e+8,3.614e+8,,1.585e-18
526.77,3.620e+8,3.620e+8,,1.867e-18
526.82,3.602e+8,3.602e+8,,2.159e-18
526.87,3.558e+8,3.558e+8,,2.454e-18
526.92,3.486e+8,3.486e+8,,2.738e-18
526.97,3.385e+8,3.385e+8,,3.001e-18
527.02,3.255e+8,3.255e+8,,3.231e-18
527.07,3.097e+8,3.097e+8,,3.416e-18
527.12,2.913e+8,2.913e+8,,3.548e-18
527.17,2.706e+8,2.706e+8,,3.619e-18
527.22,2.481e+8,2.481e+8,,3.625e-18
527.27,2.243e+8,2.243e+8,,3.567e-18
527.32,2.000e+8,2.000e+8,,3.447e-18
527.37,1.756e+8,1.756e+8,,3.272e-18
527.42,1.518e+8,1.518e+8,,3.050e-18
527.47,1.293e+8,1.293e+8,,2.793e-18
527.52,1.083e+8,1.083e+8,2.202e-11,2.512e-18
527.57,8.920e+7,8.920e+7,6.798e-11,2.218e-18
527.62,7.228e+7,7.228e+7,2.062e-10,1.925e-18
527.67,5.759e+7,5.759e+7,6.143e-10,1.640e-18
527.72,4.511e+7,4.511e+7,1.798e-9,1.372e-18
527.77,3.473e+7,3.473e+7,5.170e-9,1.128e-18
527.82,2.628e+7,2.628e+7,1.460e-8,9.106e-19
527.87,1.954e+7,1.954e+7,4.053e-8,7.220e-19
527.92,1.428e+7,1.428e+7,1.105e-7,5.623e-19
527.97,1.025e+7,1.025e+7,2.960e-7,4.301e-19
528.02,7.228e+6,7.228e+6,7.788e-7,3.231e-19
528.07,5.008e+6,5.008e+6,2.013e-6,2.384e-19
528.12,3.409e+6,3.409e+6,5.112e-6,1.728e-19
528.17,2.280e+6,2.280e+6,1.275e-5,1.230e-19
528.22,1.497e+6,1.497e+6,3.126e-5,8.599e-20
528.27,9.662e+5,9.662e+5,7.526e-5,5.907e-20
528.32,6.124e+5,6.124e+5,1.780e-4,3.990e-20
528.37,3.812e+5,3.812e+5,4.137e-4,2.652e-20
528.42,2.331e+5,2.331e+5,9.444e-4,1.741e-20
528.47,1.400e+5,1.400e+5,2.118e-3,1.138e-20
528.52,8.260e+4,8.260e+4,4.667e-3,7.553e-21
528.57,4.786e+4,4.786e+4,1.010e-2,5.302e-21
528.62,2.724e+4,2.724e+4,2.148e-2,4.215e-21
528.67,1.523e+4,1.523e+4,4.487e-2,4.043e-21
528.72,8.361e+3,8.360e+3,9.208e-2,4.678e-21
528.77,4.509e+3,4.508e+3,1.856e-1,6.127e-21
528.82,2.388e+3,2.388e+3,3.677e-1,8.499e-21
528.87,1.243e+3,1.242e+3,7.155e-1,1.200e-20
528.92,6.360e+2,6.347e+2,1.368e+0,1.693e-20
528.97,3.211e+2,3.185e+2,2.569e+0,2.367e-20
529.02,1.617e+2,1.570e+2,4.739e+0,3.273e-20
529.07,8.458e+1,7.599e+1,8.589e+0,4.469e-20
529.12,5.142e+1,3.613e+1,1.529e+1,6.023e-20
529.17,4.362e+1,1.687e+1,2.675e+1,8.011e-20
529.22,5.371e+1,7.738e+0,4.597e+1,1.052e-19
529.27,8.109e+1,3.486e+0,7.760e+1,1.362e-19
529.32,1.302e+2,1.542e+0,1.287e+2,1.741e-19
529.37,2.104e+2,6.701e-1,2.097e+2,2.195e-19
529.42,3.360e+2,2.860e-1,3.357e+2,2.729e-19
529.47,5.280e+2,1.199e-1,5.278e+2,3.347e-19
529.52,8.155e+2,4.935e-2,8.154e+2,4.047e-19
529.57,1.238e+3,1.996e-2,1.238e+3,4.824e-19
529.62,1.845e+3,7.925e-3,1.845e+3,5.667e-19
529.67,2.702e+3,3.091e-3,2.702e+3,6.559e-19
529.72,3.889e+3,1.184e-3,3.889e+3,7.478e-19
529.77,5.497e+3,4.456e-4,5.497e+3,8.397e-19
529.82,7.634e+3,1.647e-4,7.634e+3,9.284e-19
529.87,1.042e+4,5.976e-5,1.042e+4,1.010e-18
529.92,1.396e+4,2.130e-5,1.396e+4,1.082e-18
529.97,1.838e+4,7.459e-6,1.838e+4,1.141e-18
530.02,2.378e+4,2.565e-6,2.378e+4,1.183e-18
530.07,3.022e+4,8.663e-7,3.022e+4,1.207e-18
530.12,3.772e+4,2.874e-7,3.772e+4,1.211e-18
530.17,4.627e+4,9.362e-8,4.627e+4,1.195e-18
530.22,5.575e+4,,5.575e+4,1.160e-18
530.27,6.599e+4,,6.599e+4,1.106e-18
530.32,7.673e+4,,7.673e+4,1.038e-18
530.37,8.766e+4,,8.766e+4,9.567e-19
530.42,9.838e+4,,9.838e+4,8.670e-19
530.47,1.085e+5,,1.085e+5,7.723e-19
530.52,1.175e+5,,1.175e+5,6.762e-19
530.57,1.250e+5,,1.250e+5,5.819e-19
530.62,1.307e+5,,1.307e+5,4.922e-19
530.67,1.342e+5,,1.342e+5,4.094e-19
530.72,1.354e+5,,1.354e+5,3.351e-19
530.77,1.342e+5,,1.342e+5,2.701e-19
530.82,1.307e+5,,1.307e+5,2.151e-19
530.87,1.250e+5,,1.250e+5,1.700e-19
530.92,1.175e+5,,1.175e+5,1.346e-19
530.97,1.085e+5,,1.085e+5,1.087e-19
531.02,9.838e+4,,9.838e+4,9.184e-20
531.07,8.766e+4,,8.766e+4,8.390e-20
531.12,7.673e+4,,7.673e+4,8.489e-20
531.17,6.599e+4,,6.599e+4,9.513e-20
531.22,5.575e+4,,5.575e+4,1.152e-19
531.27,4.627e+4,,4.627e+4,1.460e-19
531.32,3.772e+4,,3.772e+4,1.885e-19
531.37,3.022e+4,,3.022e+4,2.438e-19
531.42,2.378e+4,,2.378e+4,3.131e-19
531.47,1.838e+4,,1.838e+4,3.972e-19
531.52,1.396e+4,,1.396e+4,4.963e-19
531.57,1.042e+4,,1.042e+4,6.103e-19
531.62,7.634e+3,,7.634e+3,7.380e-19
531.67,5.497e+3,,5.497e+3,8.775e-19
531.72,3.889e+3,,3.889e+3,1.026e-18
531.77,2.702e+3,,2.702e+3,1.179e-18
531.82,1.845e+3,,1.845e+3,1.333e-18
531.87,1.238e+3,,1.238e+3,1.482e-18
531.92,8.154e+2,,8.154e+2,1.621e-18
531.97,5.278e+2,,5.278e+2,1.746e-18
532.02,3.357e+2,,3.357e+2,1.851e-18
532.07,2.097e+2,,2.097e+2,1.934e-18
532.12,1.287e+2,,1.287e+2,1.992e-18
532.17,7.760e+1,,7.760e+1,2.024e-18
532.22,4.597e+1,,4.597e+1,2.031e-18
532.27,2.675e+1,,2.675e+1,2.016e-18
532.32,1.529e+1,,1.529e+1,1.980e-18
532.37,8.589e+0,,8.589e+0,1.927e-18
532.42,4.739e+0,,4.739e+0,1.862e-18
532.47,2.569e+0,,2.569e+0,1.789e-18
532.52,1.368e+0,,1.368e+0,1.710e-18
532.57,7.155e-1,,7.155e-1,1.628e-18
532.62,3.677e-1,,3.677e-1,1.546e-18
532.67,1.856e-1,,1.856e-1,1.465e-18
532.72,9.208e-2,,9.208e-2,1.385e-18
532.77,4.487e-2,,4.487e-2,1.306e-18
532.82,2.148e-2,,2.148e-2,1.227e-18
532.87,1.010e-2,,1.010e-2,1.149e-18
532.92,4.667e-3,,4.667e-3,1.070e-18
532.97,2.118e-3,,2.118e-3,9.909e-19
533.02,9.444e-4,,9.444e-4,9.116e-19
533.07,4.137e-4,,4.137e-4,8.323e-19
533.12,1.780e-4,,1.780e-4,7.539e-19
533.17,7.526e-5,,7.526e-5,6.771e-19
533.22,3.126e-5,,3.126e-5,6.030e-19
533.27,1.275e-5,,1.275e-5,5.324e-19
533.32,5.112e-6,,5.112e-6,4.661e-19
533.37,2.013e-6,,2.013e-6,4.047e-19
533.42,7.788e-7,,7.788e-7,3.486e-19
533.47,2.960e-7,,2.960e-7,2.980e-19
533.52,1.105e-7,,1.105e-7,2.528e-19
533.57,4.053e-8,,4.053e-8,2.130e-19
533.62,1.460e-8,,1.460e-8,1.781e-19
533.67,5.170e-9,,5.170e-9,1.480e-19
533.72,1.798e-9,,1.798e-9,1.220e-19
533.77,6.143e-10,,6.143e-10,9.997e-20
533.82,2.062e-10,,2.062e-10,8.139e-20
533.87,6.798e-11,,6.798e-11,6.598e-20
533.92,2.202e-11,,2.202e-11,5.343e-20
533.97,4.350e-20,,,4.350e-20
534.02,3.600e-20,,,3.600e-20
534.07,3.080e-20,,,3.080e-20
534.12,2.780e-20,,,2.780e-20
534.17,2.697e-20,,,2.697e-20
534.22,2.831e-20,,,2.831e-20
534.27,3.187e-20,,,3.187e-20
534.32,3.772e-20,,,3.772e-20
534.37,4.593e-20,,,4.593e-20
534.42,5.658e-20,,,5.658e-20
534.47,6.969e-20,,,6.969e-20
534.52,8.525e-20,,,8.525e-20
534.57,1.032e-19,,,1.032e-19
534.62,1.232e-19,,,1.232e-19
534.67,1.450e-19,,,1.450e-19
534.72,1.683e-19,,,1.683e-19
534.77,1.923e-19,,,1.923e-19
534.82,2.166e-19,,,2.166e-19
534.87,2.403e-19,,,2.403e-19
534.92,2.627e-19,,,2.627e-19
534.97,2.830e-19,,,2.830e-19
535.02,3.005e-19,,,3.005e-19
535.07,3.146e-19,,,3.146e-19
535.12,3.247e-19,,,3.247e-19
535.17,3.306e-19,,,3.306e-19
535.22,3.319e-19,,,3.319e-19
535.27,3.287e-19,,,3.287e-19
535.32,3.211e-19,,,3.211e-19
535.37,3.095e-19,,,3.095e-19
535.42,2.943e-19,,,2.943e-19
535.47,2.761e-19,,,2.761e-19
535.52,2.555e-19,,,2.555e-19
535.57,2.333e-19,,,2.333e-19
535.62,2.101e-19,,,2.101e-19
535.67,1.866e-19,,,1.866e-19
535.72,1.635e-19,,,1.635e-19
535.77,1.412e-19,,,1.412e-19
535.82,1.202e-19,,,1.202e-19
535.87,1.009e-19,,,1.009e-19
535.92,8.346e-20,,,8.346e-20
535.97,6.801e-20,,,6.801e-20
536.02,5.459e-20,,,5.459e-20
536.07,4.317e-20,,,4.317e-20
536.12,3.361e-20,,,3.361e-20
536.17,2.576e-20,,,2.576e-20
536.22,1.944e-20,,,1.944e-20
536.27,1.444e-20,,,1.444e-20
536.32,1.055e-20,,,1.055e-20
536.37,7.590e-21,,,7.590e-21
536.42,5.370e-21,,,5.370e-21
536.47,3.738e-21,,,3.738e-21
536.52,2.559e-21,,,2.559e-21
536.57,1.723e-21,,,1.723e-21
536.62,1.141e-21,,,1.141e-21
536.67,7.431e-22,,,7.431e-22
536.72,4.758e-22,,,4.758e-22
536.77,2.995e-22,,,2.995e-22
536.82,1.854e-22,,,1.854e-22
536.87,1.128e-22,,,1.128e-22
536.92,6.749e-23,,,6.749e-23
536.97,3.969e-23,,,3.969e-23
537.02,2.294e-23,,,2.294e-23
537.07,1.304e-23,,,1.304e-23
537.12,7.281e-24,,,7.281e-24
537.17,3.997e-24,,,3.997e-24
537.22,2.157e-24,,,2.157e-24
537.27,1.144e-24,,,1.144e-24
537.32,5.961e-25,,,5.961e-25
537.37,3.054e-25,,,3.054e-25
537.42,1.537e-25,,,1.537e-25
537.47,7.607e-26,,,7.607e-26
537.52,3.699e-26,,,3.699e-26
537.57,1.768e-26,,,1.768e-26
537.62,8.304e-27,,,8.304e-27
537.67,3.833e-27,,,3.833e-27
537.72,1.739e-27,,,1.739e-27
537.77,7.752e-28,,,7.752e-28
537.82,3.396e-28,,,3.396e-28
537.87,1.462e-28,,,1.462e-28
537.92,6.188e-29,,,6.188e-29
537.97,2.573e-29,,,2.573e-29
538.02,1.051e-29,,,1.051e-29
538.07,4.223e-30,,,4.223e-30
538.12,1.666e-30,,,1.666e-30
538.17,6.463e-31,,,6.463e-31
538.22,2.463e-31,,,2.463e-31
538.27,9.227e-32,,,9.227e-32
538.32,3.394e-32,,,3.394e-32
538.37,1.228e-32,,,1.228e-32
538.42,4.365e-33,,,4.365e-33
538.47,1.525e-33,,,1.525e-33
538.52,5.235e-34,,,5.235e-34
538.57,1.766e-34,,,1.766e-34
538.62,5.855e-35,,,5.855e-35
544.73,8.257e-35,,,8.257e-35
544.78,2.433e-34,,,2.433e-34
544.83,7.049e-34,,,7.049e-34
544.88,2.009e-33,,,2.009e-33
544.93,5.631e-33,,,5.631e-33
544.98,1.552e-32,,,1.552e-32
545.03,4.208e-32,,,4.208e-32
545.08,1.122e-31,,,1.122e-31
545.13,2.942e-31,,,2.942e-31
545.18,7.587e-31,,,7.587e-31
545.23,1.924e-30,,,1.924e-30
545.28,4.800e-30,,,4.800e-30
545.33,1.178e-29,,,1.178e-29
545.38,2.841e-29,,,2.841e-29
545.43,6.742e-29,,,6.742e-29
545.48,1.573e-28,,,1.573e-28
545.53,3.611e-28,,,3.611e-28
545.58,8.152e-28,,,8.152e-28
545.63,1.810e-27,,,1.810e-27
545.68,3.951e-27,,,3.951e-27
545.73,8.485e-27,,,8.485e-27
545.78,1.792e-26,,,1.792e-26
545.83,3.722e-26,,,3.722e-26
545.88,7.602e-26,,,7.602e-26
545.93,1.527e-25,,,1.527e-25
545.98,3.018e-25,,,3.018e-25
546.03,5.864e-25,,,5.864e-25
546.08,1.121e-24,,,1.121e-24
546.13,2.106e-24,,,2.106e-24
546.18,3.893e-24,,,3.893e-24
546.23,7.078e-24,,,7.078e-24
546.28,1.266e-23,,,1.266e-23
546.33,2.225e-23,,,2.225e-23
546.38,3.849e-23,,,3.849e-23
546.43,6.546e-23,,,6.546e-23
546.48,1.095e-22,,,1.095e-22
546.53,1.801e-22,,,1.801e-22
546.58,2.915e-22,,,2.915e-22
546.63,4.638e-22,,,4.638e-22
546.68,7.258e-22,,,7.258e-22
546.73,1.117e-21,,,1.117e-21
546.78,1.691e-21,,,1.691e-21
546.83,2.517e-21,,,2.517e-21
546.88,3.686e-21,,,3.686e-21
546.93,5.308e-21,,,5.308e-21
546.98,7.517e-21,,,7.517e-21
547.03,1.047e-20,,,1.047e-20
547.08,1.434e-20,,,1.434e-20
547.13,1.932e-20,,,1.932e-20
547.18,2.560e-20,,,2.560e-20
547.23,3.336e-20,,,3.336e-20
547.28,4.275e-20,,,4.275e-20
547.33,5.388e-20,,,5.388e-20
547.38,6.679e-20,,,6.679e-20
547.43,8.143e-20,,,8.143e-20
547.48,9.763e-20,,,9.763e-20
547.53,1.151e-19,,,1.151e-19
547.58,1.335e-19,,,1.335e-19
547.63,1.523e-19,,,1.523e-19
547.68,1.708e-19,,,1.708e-19
547.73,1.885e-19,,,1.885e-19
547.78,2.045e-19,,,2.045e-19
547.83,2.182e-19,,,2.182e-19
547.88,2.290e-19,,,2.290e-19
547.93,2.363e-19,,,2.363e-19
547.98,1.131e-8,1.131e-8,,2.399e-19
548.03,3.345e-8,3.345e-8,,2.395e-19
548.08,9.729e-8,9.729e-8,,2.352e-19
548.13,2.784e-7,2.784e-7,,2.271e-19
548.18,7.834e-7,7.834e-7,,2.157e-19
548.23,2.169e-6,2.169e-6,,2.014e-19
548.28,5.907e-6,5.907e-6,,1.850e-19
548.33,1.582e-5,1.582e-5,,1.672e-19
548.38,4.170e-5,4.170e-5,,1.485e-19
548.43,1.081e-4,1.081e-4,,1.298e-19
548.48,2.756e-4,2.756e-4,,1.115e-19
548.53,6.914e-4,6.914e-4,,9.428e-20
548.58,1.706e-3,1.706e-3,,7.837e-20
548.63,4.141e-3,4.141e-3,,6.407e-20
548.68,9.886e-3,9.886e-3,,5.151e-20
548.73,2.322e-2,2.322e-2,,4.074e-20
548.78,5.364e-2,5.364e-2,,3.168e-20
548.83,1.219e-1,1.219e-1,,2.423e-20
548.88,2.725e-1,2.725e-1,,1.823e-20
548.93,5.993e-1,5.993e-1,,1.348e-20
548.98,1.296e+0,1.296e+0,,9.811e-21
549.03,2.758e+0,2.758e+0,,7.021e-21
549.08,5.774e+0,5.774e+0,,4.941e-21
549.13,1.189e+1,1.189e+1,,3.420e-21
549.18,2.408e+1,2.408e+1,,2.328e-21
549.23,4.797e+1,4.797e+1,,1.559e-21
549.28,9.401e+1,9.401e+1,,1.026e-21
549.33,1.812e+2,1.812e+2,,6.645e-22
549.38,3.437e+2,3.437e+2,,4.232e-22
549.43,6.411e+2,6.411e+2,,2.651e-22
549.48,1.177e+3,1.177e+3,,1.633e-22
549.53,2.124e+3,2.124e+3,,9.892e-23
549.58,3.771e+3,3.771e+3,,5.894e-23
549.63,6.586e+3,6.586e+3,,3.454e-23
549.68,1.132e+4,1.132e+4,,1.990e-23
549.73,1.913e+4,1.913e+4,,1.128e-23
549.78,3.180e+4,3.180e+4,,6.289e-24
549.83,5.200e+4,5.200e+4,,3.448e-24
549.88,8.365e+4,8.365e+4,,1.859e-24
549.93,1.324e+5,1.324e+5,,9.858e-25
549.98,2.061e+5,2.061e+5,,5.141e-25
550.03,3.155e+5,3.155e+5,,2.637e-25
550.08,4.753e+5,4.753e+5,,1.330e-25
550.13,7.042e+5,7.042e+5,,6.599e-26
550.18,1.026e+6,1.026e+6,,3.220e-26
550.23,1.472e+6,1.472e+6,,1.545e-26
550.28,2.076e+6,2.076e+6,,7.292e-27
550.33,2.879e+6,2.879e+6,,3.384e-27
550.38,3.930e+6,3.930e+6,,1.545e-27
550.43,5.275e+6,5.275e+6,,6.936e-28
550.48,6.966e+6,6.966e+6,,3.062e-28
550.53,9.048e+6,9.048e+6,,1.330e-28
550.58,1.156e+7,1.156e+7,,5.679e-29
550.63,1.453e+7,1.453e+7,,2.385e-29
550.68,1.797e+7,1.797e+7,,9.854e-30
550.73,2.185e+7,2.185e+7,,4.003e-30
550.78,2.615e+7,2.615e+7,,1.600e-30
550.83,3.077e+7,3.077e+7,,6.286e-31
550.88,3.562e+7,3.562e+7,,2.429e-31
550.93,4.057e+7,4.057e+7,,9.233e-32
550.98,4.544e+7,4.544e+7,,3.452e-32
551.03,5.007e+7,5.007e+7,,1.269e-32
551.08,5.428e+7,5.428e+7,,4.588e-33
551.13,5.788e+7,5.788e+7,,1.632e-33
551.18,6.070e+7,6.070e+7,,5.706e-34
551.23,6.263e+7,6.263e+7,,1.963e-34
551.28,6.356e+7,6.356e+7,,6.639e-35
551.33,6.346e+7,6.346e+7,,
551.38,6.232e+7,6.232e+7,,
551.43,6.021e+7,6.021e+7,,
551.48,5.721e+7,5.721e+7,,
551.53,5.348e+7,5.348e+7,,
551.58,4.918e+7,4.918e+7,,
551.63,4.448e+7,4.448e+7,,
551.68,3.958e+7,3.958e+7,,
551.73,3.464e+7,3.464e+7,,
551.78,2.982e+7,2.982e+7,,
551.83,2.526e+7,2.526e+7,,
551.88,2.104e+7,2.104e+7,,
551.93,1.724e+7,1.724e+7,,
551.98,1.390e+7,1.390e+7,,
552.03,1.102e+7,1.102e+7,,
552.08,8.599e+6,8.599e+6,,
552.13,6.598e+6,6.598e+6,,
552.18,4.980e+6,4.980e+6,,
552.23,3.697e+6,3.697e+6,,
552.28,2.700e+6,2.700e+6,,
552.33,1.940e+6,1.940e+6,,
552.38,1.371e+6,1.371e+6,,
552.43,9.532e+5,9.532e+5,,
552.48,6.518e+5,6.518e+5,,
552.53,4.385e+5,4.385e+5,,
552.58,2.902e+5,2.902e+5,,
552.63,1.889e+5,1.889e+5,,
552.68,1.209e+5,1.209e+5,,
552.73,7.617e+4,7.617e+4,,
552.78,4.719e+4,4.719e+4,,
552.83,2.876e+4,2.876e+4,,
552.88,1.724e+4,1.724e+4,,
552.93,1.017e+4,1.017e+4,,
552.98,5.899e+3,5.899e+3,,
553.03,3.366e+3,3.366e+3,,
553.08,1.890e+3,1.890e+3,,
553.13,1.043e+3,1.043e+3,,
553.18,5.667e+2,5.667e+2,,
553.23,3.028e+2,3.028e+2,,
553.28,1.591e+2,1.591e+2,,
553.33,8.228e+1,8.228e+1,,
553.38,4.185e+1,4.185e+1,,
553.43,2.093e+1,2.093e+1,,
553.48,1.030e+1,1.030e+1,,
553.53,4.987e+0,4.987e+0,,
553.58,2.375e+0,2.375e+0,,
553.63,1.112e+0,1.112e+0,,
553.68,5.126e-1,5.126e-1,,
553.73,2.323e-1,2.323e-1,,1.874e-33
553.78,1.036e-1,1.036e-1,,5.435e-33
553.83,4.543e-2,4.543e-2,,1.552e-32
553.88,1.960e-2,1.960e-2,,4.358e-32
553.93,8.318e-3,8.318e-3,,1.205e-31
553.98,3.472e-3,3.472e-3,,3.277e-31
554.03,1.426e-3,1.426e-3,,8.769e-31
554.08,5.760e-4,5.760e-4,,2.310e-30
554.13,2.289e-4,2.289e-4,,5.985e-30
554.18,8.947e-5,8.947e-5,,1.526e-29
554.23,3.440e-5,3.440e-5,,3.830e-29
554.28,1.301e-5,1.301e-5,,9.457e-29
554.33,4.841e-6,4.841e-6,,2.298e-28
554.38,1.772e-6,1.772e-6,,5.494e-28
554.43,6.378e-7,6.378e-7,,1.293e-27
554.48,2.259e-7,2.259e-7,,2.993e-27
554.53,7.868e-8,7.868e-8,,6.818e-27
554.58,2.696e-8,2.696e-8,,1.528e-26
554.63,9.089e-9,9.089e-9,,3.371e-26
554.68,7.318e-26,,,7.318e-26
554.73,1.563e-25,,,1.563e-25
554.78,3.285e-25,,,3.285e-25
554.83,6.555e-9,6.555e-9,,6.795e-25
554.88,1.918e-8,1.918e-8,,1.383e-24
554.93,5.522e-8,5.522e-8,,2.769e-24
554.98,1.564e-7,1.564e-7,,5.457e-24
555.03,4.362e-7,4.362e-7,,1.058e-23
555.08,1.197e-6,1.197e-6,,2.019e-23
555.13,3.232e-6,3.232e-6,,3.791e-23
555.18,8.587e-6,8.587e-6,,7.004e-23
555.23,2.246e-5,2.246e-5,,1.273e-22
555.28,5.778e-5,5.778e-5,,2.278e-22
555.33,1.463e-4,1.463e-4,,4.011e-22
555.38,3.646e-4,3.646e-4,,6.948e-22
555.43,8.942e-4,8.942e-4,,1.184e-21
555.48,2.158e-3,2.158e-3,,1.986e-21
555.53,5.125e-3,5.125e-3,,3.279e-21
555.58,1.198e-2,1.198e-2,,5.325e-21
555.63,2.755e-2,2.755e-2,,8.511e-21
555.68,6.234e-2,6.234e-2,,1.338e-20
555.73,1.389e-1,1.389e-1,,2.071e-20
555.78,3.043e-1,3.043e-1,,3.154e-20
555.83,6.564e-1,6.564e-1,,4.726e-20
555.88,1.393e+0,1.393e+0,,6.969e-20
555.93,2.910e+0,2.910e+0,,1.011e-19
555.98,5.982e+0,5.982e+0,,1.444e-19
556.03,1.210e+1,1.210e+1,,2.028e-19
556.08,2.409e+1,2.409e+1,,2.804e-19
556.13,4.719e+1,4.719e+1,,3.815e-19
556.18,9.098e+1,9.098e+1,,5.106e-19
556.23,1.726e+2,1.726e+2,,6.726e-19
556.28,3.222e+2,3.222e+2,,8.719e-19
556.33,5.921e+2,5.921e+2,,1.112e-18
556.38,1.071e+3,1.071e+3,,1.396e-18
556.43,1.905e+3,1.905e+3,,1.724e-18
556.48,3.336e+3,3.336e+3,,2.096e-18
556.53,5.749e+3,5.749e+3,,2.506e-18
556.58,9.750e+3,9.750e+3,,2.950e-18
556.63,1.628e+4,1.628e+4,,3.417e-18
556.68,2.674e+4,2.674e+4,,3.895e-18
556.73,4.323e+4,4.323e+4,,4.369e-18
556.78,6.880e+4,6.880e+4,,4.823e-18
556.83,1.078e+5,1.078e+5,,5.241e-18
556.88,1.662e+5,1.662e+5,,5.605e-18
556.93,2.522e+5,2.522e+5,,5.902e-18
556.98,3.769e+5,3.769e+5,,6.117e-18
557.03,5.544e+5,5.544e+5,,6.242e-18
557.08,8.031e+5,8.031e+5,,6.274e-18
557.13,1.146e+6,1.146e+6,,6.211e-18
557.18,1.610e+6,1.610e+6,,6.059e-18
557.23,2.229e+6,2.229e+6,,5.827e-18
557.28,3.040e+6,3.040e+6,,5.527e-18
557.33,4.088e+6,4.088e+6,,5.174e-18
557.38,5.421e+6,5.421e+6,,4.784e-18
557.43,7.091e+6,7.091e+6,,4.374e-18
557.48,9.155e+6,9.155e+6,,3.960e-18
557.53,1.167e+7,1.167e+7,,3.554e-18
557.58,1.471e+7,1.471e+7,,3.168e-18
557.63,1.834e+7,1.834e+7,,2.810e-18
557.68,2.263e+7,2.263e+7,,2.486e-18
557.73,2.766e+7,2.766e+7,,2.196e-18
557.78,3.355e+7,3.355e+7,,1.941e-18
557.83,4.039e+7,4.039e+7,,1.719e-18
557.88,4.833e+7,4.833e+7,,1.526e-18
557.93,5.752e+7,5.752e+7,,1.359e-18
557.98,6.814e+7,6.814e+7,,1.212e-18
558.03,8.038e+7,8.038e+7,,1.081e-18
558.08,9.445e+7,9.445e+7,,9.635e-19
558.13,1.105e+8,1.105e+8,,8.562e-19
558.18,1.288e+8,1.288e+8,,7.571e-19
558.23,1.494e+8,1.494e+8,,6.649e-19
558.28,1.723e+8,1.723e+8,,5.790e-19
558.33,1.975e+8,1.975e+8,,4.992e-19
558.38,2.248e+8,2.248e+8,,4.256e-19
558.43,2.539e+8,2.539e+8,,3.584e-19
558.48,2.842e+8,2.842e+8,,2.979e-19
558.53,3.153e+8,3.153e+8,,2.442e-19
558.58,3.464e+8,3.464e+8,,1.973e-19
558.63,3.767e+8,3.767e+8,,1.572e-19
558.68,4.055e+8,4.055e+8,,1.233e-19
558.73,4.319e+8,4.319e+8,,9.526e-20
558.78,4.552e+8,4.552e+8,,7.247e-20
558.83,4.749e+8,4.749e+8,,5.428e-20
558.88,4.906e+8,4.906e+8,,4.002e-20
558.93,5.020e+8,5.020e+8,,2.905e-20
558.98,5.093e+8,5.093e+8,,2.075e-20
559.03,5.126e+8,5.126e+8,,1.459e-20
559.08,5.122e+8,5.122e+8,,1.009e-20
559.13,5.087e+8,5.087e+8,,6.874e-21
559.18,5.025e+8,5.025e+8,,4.607e-21
559.23,4.942e+8,4.942e+8,,3.038e-21
559.28,4.844e+8,4.844e+8,,1.972e-21
559.33,4.735e+8,4.735e+8,,1.260e-21
559.38,4.619e+8,4.619e+8,,7.918e-22
559.43,4.499e+8,4.499e+8,,4.897e-22
559.48,4.377e+8,4.377e+8,,2.981e-22
559.53,4.253e+8,4.253e+8,,1.786e-22
559.58,4.127e+8,4.127e+8,,1.053e-22
559.63,4.000e+8,4.000e+8,,6.106e-23
559.68,3.869e+8,3.869e+8,,3.486e-23
559.73,3.733e+8,3.733e+8,,1.958e-23
559.78,3.593e+8,3.593e+8,,1.082e-23
559.83,3.446e+8,3.446e+8,,5.889e-24
559.88,3.292e+8,3.292e+8,,3.152e-24
559.93,3.130e+8,3.130e+8,,1.661e-24
559.98,2.962e+8,2.962e+8,,8.609e-25
560.03,2.787e+8,2.787e+8,,4.392e-25
560.08,2.606e+8,2.606e+8,,2.205e-25
560.13,2.421e+8,2.421e+8,,1.089e-25
560.18,2.233e+8,2.233e+8,,5.295e-26
560.23,2.044e+8,2.044e+8,,2.533e-26
560.28,1.856e+8,1.856e+8,,1.192e-26
560.33,1.671e+8,1.671e+8,,5.524e-27
560.38,1.491e+8,1.491e+8,,2.518e-27
560.43,1.317e+8,1.317e+8,,1.130e-27
560.48,1.153e+8,1.153e+8,,4.988e-28
560.53,9.987e+7,9.987e+7,,2.167e-28
560.58,8.559e+7,8.559e+7,,9.263e-29
560.63,7.255e+7,7.255e+7,,3.897e-29
560.68,6.080e+7,6.080e+7,,1.613e-29
560.73,5.036e+7,5.036e+7,,6.573e-30
560.78,4.122e+7,4.122e+7,,2.635e-30
560.83,3.332e+7,3.332e+7,,1.040e-30
560.88,2.660e+7,2.660e+7,,4.036e-31
560.93,2.097e+7,2.097e+7,,1.542e-31
560.98,1.631e+7,1.631e+7,,5.797e-32
561.03,1.252e+7,1.252e+7,,2.145e-32
561.08,9.481e+6,9.481e+6,,7.808e-33
561.13,7.082e+6,7.082e+6,,2.798e-33
561.18,5.217e+6,5.217e+6,,9.863e-34
561.23,3.790e+6,3.790e+6,,3.422e-34
561.28,2.714e+6,2.714e+6,,1.168e-34
561.33,1.916e+6,1.916e+6,,
561.38,1.333e+6,1.333e+6,,
561.43,9.141e+5,9.141e+5,,
561.48,6.177e+5,6.177e+5,,
561.53,4.112e+5,4.112e+5,,
561.58,2.698e+5,2.698e+5,,
561.63,1.743e+5,1.743e+5,,
561.68,1.110e+5,1.110e+5,,
561.73,6.958e+4,6.958e+4,,
561.78,4.297e+4,4.297e+4,,
561.83,2.614e+4,2.614e+4,,
561.88,1.566e+4,1.566e+4,,
561.93,9.237e+3,9.237e+3,,
561.98,5.366e+3,5.366e+3,,
562.03,3.070e+3,3.070e+3,,
562.08,1.729e+3,1.729e+3,,
562.13,9.590e+2,9.590e+2,,
562.18,5.237e+2,5.237e+2,,
562.23,2.816e+2,2.816e+2,,
562.28,1.491e+2,1.491e+2,,
562.33,7.771e+1,7.771e+1,,
562.38,3.987e+1,3.987e+1,,
562.43,2.014e+1,2.014e+1,,
562.48,1.002e+1,1.002e+1,,
562.53,4.906e+0,4.906e+0,,
562.58,2.365e+0,2.365e+0,,
562.63,1.122e+0,1.122e+0,,
562.68,5.242e-1,5.242e-1,,
562.73,2.411e-1,2.411e-1,,
562.78,1.091e-1,1.091e-1,,
562.83,4.863e-2,4.863e-2,,
562.88,2.133e-2,2.133e-2,,
562.93,9.211e-3,9.211e-3,,
562.98,3.915e-3,3.915e-3,,2.497e-35
563.03,1.638e-3,1.638e-3,,7.128e-35
563.08,6.747e-4,6.747e-4,,2.003e-34
563.13,2.735e-4,2.735e-4,,5.544e-34
563.18,1.091e-4,1.091e-4,,1.510e-33
563.23,4.287e-5,4.287e-5,,4.052e-33
563.28,1.657e-5,1.657e-5,,1.070e-32
563.33,6.307e-6,6.307e-6,,2.782e-32
563.38,2.363e-6,2.363e-6,,7.121e-32
563.43,8.712e-7,8.712e-7,,1.795e-31
563.48,3.162e-7,3.162e-7,,4.453e-31
563.53,1.084e-7,1.084e-7,,1.088e-30
563.58,3.821e-8,3.821e-8,,2.616e-30
563.63,1.325e-8,1.325e-8,,6.195e-30
563.68,1.444e-29,,,1.444e-29
563.73,3.315e-29,,,3.315e-29
563.78,7.490e-29,,,7.490e-29
563.83,1.666e-28,,,1.666e-28
563.88,3.650e-28,,,3.650e-28
563.93,7.870e-28,,,7.870e-28
563.98,1.671e-27,,,1.671e-27
564.03,3.493e-27,,,3.493e-27
564.08,7.188e-27,,,7.188e-27
564.13,1.456e-26,,,1.456e-26
564.18,2.905e-26,,,2.905e-26
564.23,5.705e-26,,,5.705e-26
564.28,1.103e-25,,,1.103e-25
564.33,2.100e-25,,,2.100e-25
564.38,3.935e-25,,,3.935e-25
564.43,7.262e-25,,,7.262e-25
564.48,1.319e-24,,,1.319e-24
564.53,2.359e-24,,,2.359e-24
564.58,4.155e-24,,,4.155e-24
564.63,7.203e-24,,,7.203e-24
564.68,1.229e-23,,,1.229e-23
564.73,2.066e-23,,,2.066e-23
564.78,3.418e-23,,,3.418e-23
564.83,5.568e-23,,,5.568e-23
564.88,8.929e-23,,,8.929e-23
564.93,1.410e-22,,,1.410e-22
564.98,2.191e-22,,,2.191e-22
565.03,3.354e-22,,,3.354e-22
565.08,5.053e-22,,,5.053e-22
565.13,7.496e-22,,,7.496e-22
565.18,1.095e-21,,,1.095e-21
565.23,1.574e-21,,,1.574e-21
565.28,2.229e-21,,,2.229e-21
565.33,3.106e-21,,,3.106e-21
565.38,4.262e-21,,,4.262e-21
565.43,5.758e-21,,,5.758e-21
565.48,7.659e-21,,,7.659e-21
565.53,1.003e-20,,,1.003e-20
565.58,1.293e-20,,,1.293e-20
565.63,1.641e-20,,,1.641e-20
565.68,2.051e-20,,,2.051e-20
565.73,2.524e-20,,,2.524e-20
565.78,3.057e-20,,,3.057e-20
565.83,3.646e-20,,,3.646e-20
565.88,4.281e-20,,,4.281e-20
565.93,4.949e-20,,,4.949e-20
565.98,5.632e-20,,,5.632e-20
566.03,6.311e-20,,,6.311e-20
566.08,6.962e-20,,,6.962e-20
566.13,7.562e-20,,,7.562e-20
566.18,8.086e-20,,,8.086e-20
566.23,8.513e-20,,,8.513e-20
566.28,8.823e-20,,,8.823e-20
566.33,9.004e-20,,,9.004e-20
566.38,9.046e-20,,,9.046e-20
566.43,8.948e-20,,,8.948e-20
566.48,8.714e-20,,,8.714e-20
566.53,8.355e-20,,,8.355e-20
566.58,7.887e-20,,,7.887e-20
566.63,7.330e-20,,,7.330e-20
566.68,6.706e-20,,,6.706e-20
566.73,6.041e-20,,,6.041e-20
566.78,5.358e-20,,,5.358e-20
566.83,4.679e-20,,,4.679e-20
566.88,4.022e-20,,,4.022e-20
566.93,3.404e-20,,,3.404e-20
566.98,2.837e-20,,,2.837e-20
567.03,2.327e-20,,,2.327e-20
567.08,1.880e-20,,,1.880e-20
567.13,1.495e-20,,,1.495e-20
567.18,1.170e-20,,,1.170e-20
567.23,9.021e-21,,,9.021e-21
567.28,6.846e-21,,,6.846e-21
567.33,5.115e-21,,,5.115e-21
567.38,3.763e-21,,,3.763e-21
567.43,2.725e-21,,,2.725e-21
567.48,1.944e-21,,,1.944e-21
567.53,1.366e-21,,,1.366e-21
567.58,9.457e-22,,,9.457e-22
567.63,6.469e-22,,,6.469e-22
567.68,4.392e-22,,,4.392e-22
567.73,2.998e-22,,,2.998e-22
567.78,2.119e-22,,,2.119e-22
567.83,1.642e-22,,,1.642e-22
567.88,1.506e-22,,,1.506e-22
567.93,1.699e-22,,,1.699e-22
567.98,2.259e-22,,,2.259e-22
568.03,3.277e-22,,,3.277e-22
568.08,4.909e-22,,,4.909e-22
568.13,7.384e-22,,,7.384e-22
568.18,1.102e-21,,,1.102e-21
568.23,1.625e-21,,,1.625e-21
568.28,2.362e-21,,,2.362e-21
568.33,3.382e-21,,,3.382e-21
568.38,4.770e-21,,,4.770e-21
568.43,6.623e-21,,,6.623e-21
568.48,9.057e-21,,,9.057e-21
568.53,1.220e-20,,,1.220e-20
568.58,1.617e-20,,,1.617e-20
568.63,2.112e-20,,,2.112e-20
568.68,2.715e-20,,,2.715e-20
568.73,3.437e-20,,,3.437e-20
568.78,4.285e-20,,,4.285e-20
568.83,5.260e-20,,,5.260e-20
568.88,6.359e-20,,,6.359e-20
568.93,7.569e-20,,,7.569e-20
568.98,8.872e-20,,,8.872e-20
569.03,1.024e-19,,,1.024e-19
569.08,1.164e-19,,,1.164e-19
569.13,1.302e-19,,,1.302e-19
569.18,1.435e-19,,,1.435e-19
569.23,1.557e-19,,,1.557e-19
569.28,1.664e-19,,,1.664e-19
569.33,1.751e-19,,,1.751e-19
569.38,1.814e-19,,,1.814e-19
569.43,1.851e-19,,,1.851e-19
569.48,1.860e-19,,,1.860e-19
569.53,1.840e-19,,,1.840e-19
569.58,1.792e-19,,,1.792e-19
569.63,1.719e-19,,,1.719e-19
569.68,1.624e-19,,,1.624e-19
569.73,1.510e-19,,,1.510e-19
569.78,1.383e-19,,,1.383e-19
569.83,1.247e-19,,,1.247e-19
569.88,1.108e-19,,,1.108e-19
569.93,9.687e-20,,,9.687e-20
569.98,8.341e-20,,,8.341e-20
570.03,7.073e-20,,,7.073e-20
570.08,5.905e-20,,,5.905e-20
570.13,4.855e-20,,,4.855e-20
570.18,3.931e-20,,,3.931e-20
570.23,3.133e-20,,,3.133e-20
570.28,2.460e-20,,,2.460e-20
570.33,1.901e-20,,,1.901e-20
570.38,1.447e-20,,,1.447e-20
570.43,1.085e-20,,,1.085e-20
570.48,8.006e-21,,,8.006e-21
570.53,5.819e-21,,,5.819e-21
570.58,4.164e-21,,,4.164e-21
570.63,2.934e-21,,,2.934e-21
570.68,2.036e-21,,,2.036e-21
570.73,1.391e-21,,,1.391e-21
570.78,9.362e-22,,,9.362e-22
570.83,6.202e-22,,,6.202e-22
570.88,4.047e-22,,,4.047e-22
570.93,2.600e-22,,,2.600e-22
570.98,1.645e-22,,,1.645e-22
571.03,1.024e-22,,,1.024e-22
571.08,6.284e-23,,,6.284e-23
571.13,3.795e-23,,,3.795e-23
571.19,2.031e-23,,,2.031e-23
571.24,1.186e-23,,,1.186e-23
571.29,6.817e-24,,,6.817e-24
571.34,3.859e-24,,,3.859e-24
571.39,2.151e-24,,,2.151e-24
571.44,1.181e-24,,,1.181e-24
571.49,6.384e-25,,,6.384e-25
571.54,3.398e-25,,,3.398e-25
571.59,1.781e-25,,,1.781e-25
571.64,9.192e-26,,,9.192e-26
571.69,4.671e-26,,,4.671e-26
571.74,2.338e-26,,,2.338e-26
571.79,1.152e-26,,,1.152e-26
571.84,5.590e-27,,,5.590e-27
571.89,2.671e-27,,,2.671e-27
571.94,1.257e-27,,,1.257e-27
571.99,5.822e-28,,,5.822e-28
572.04,2.656e-28,,,2.656e-28
572.09,1.193e-28,,,1.193e-28
572.14,5.279e-29,,,5.279e-29
572.19,2.299e-29,,,2.299e-29
572.24,9.863e-30,,,9.863e-30
572.29,4.166e-30,,,4.166e-30
572.34,1.733e-30,,,1.733e-30
572.39,7.096e-31,,,7.096e-31
572.44,2.862e-31,,,2.862e-31
572.49,1.136e-31,,,1.136e-31
572.54,4.444e-32,,,4.444e-32
572.59,1.711e-32,,,1.711e-32
572.64,6.487e-33,,,6.487e-33
572.69,2.422e-33,,,2.422e-33
572.74,8.905e-34,,,8.905e-34
572.79,3.224e-34,,,3.224e-34
572.84,1.149e-34,,,1.149e-34
572.89,4.034e-35,,,4.034e-35
582.24,5.193e-8,5.193e-8,,
582.29,1.434e-7,1.434e-7,,
582.34,3.903e-7,3.903e-7,,
582.39,1.047e-6,1.047e-6,,
582.44,2.767e-6,2.767e-6,,
582.49,7.208e-6,7.208e-6,,
582.54,1.851e-5,1.851e-5,,
582.59,4.682e-5,4.682e-5,,
582.64,1.168e-4,1.168e-4,,
582.69,2.869e-4,2.869e-4,,
582.74,6.950e-4,6.950e-4,,
582.79,1.659e-3,1.659e-3,,
582.84,3.902e-3,3.902e-3,,
582.89,9.047e-3,9.047e-3,,
582.94,2.067e-2,2.067e-2,,
582.99,4.655e-2,4.655e-2,,
583.04,1.033e-1,1.033e-1,,
583.09,2.259e-1,2.259e-1,,
583.14,4.870e-1,4.870e-1,,
583.19,1.034e+0,1.034e+0,,
583.24,2.166e+0,2.166e+0,,
583.29,4.468e+0,4.468e+0,,
583.34,9.086e+0,9.086e+0,,
583.39,1.821e+1,1.821e+1,,
583.44,3.596e+1,3.596e+1,,
583.49,7.000e+1,7.000e+1,,
583.54,1.343e+2,1.343e+2,,
583.59,2.538e+2,2.538e+2,,
583.64,4.729e+2,4.729e+2,,
583.69,8.684e+2,8.684e+2,,
583.74,1.572e+3,1.572e+3,,
583.79,2.803e+3,2.803e+3,,
583.84,4.926e+3,4.926e+3,,
583.89,8.533e+3,8.533e+3,,
583.94,1.457e+4,1.457e+4,,
583.99,2.451e+4,2.451e+4,,
584.04,4.064e+4,4.064e+4,,
584.09,6.641e+4,6.641e+4,,
584.14,1.070e+5,1.070e+5,,
584.19,1.698e+5,1.698e+5,,
584.24,2.655e+5,2.655e+5,,
584.29,4.094e+5,4.094e+5,,
584.34,6.219e+5,6.219e+5,,
584.39,9.312e+5,9.312e+5,,
584.44,1.374e+6,1.374e+6,,
584.49,1.999e+6,1.999e+6,,
584.54,2.864e+6,2.864e+6,,
584.59,4.046e+6,4.046e+6,,
584.64,5.632e+6,5.632e+6,,
584.69,7.728e+6,7.728e+6,,
584.74,1.045e+7,1.045e+7,,
584.79,1.392e+7,1.392e+7,,
584.84,1.828e+7,1.828e+7,,
584.89,2.367e+7,2.367e+7,,
584.94,3.019e+7,3.019e+7,,
584.99,3.795e+7,3.795e+7,,
585.04,4.701e+7,4.701e+7,,
585.09,5.740e+7,5.740e+7,,
585.14,6.907e+7,6.907e+7,,
585.19,8.191e+7,8.191e+7,,
585.24,9.573e+7,9.573e+7,,
585.29,1.103e+8,1.103e+8,,
585.34,1.252e+8,1.252e+8,,
585.39,1.400e+8,1.400e+8,,
585.44,1.544e+8,1.544e+8,,
585.49,1.678e+8,1.678e+8,,
585.54,1.797e+8,1.797e+8,,
585.59,1.896e+8,1.896e+8,,
585.64,1.972e+8,1.972e+8,,
585.69,2.022e+8,2.022e+8,,
585.74,2.043e+8,2.043e+8,,
585.79,2.034e+8,2.034e+8,,
585.84,1.995e+8,1.995e+8,,
585.89,1.930e+8,1.930e+8,,
585.94,1.839e+8,1.839e+8,,
585.99,1.727e+8,1.727e+8,,
586.04,1.599e+8,1.599e+8,,
586.09,1.459e+8,1.459e+8,,
586.14,1.312e+8,1.312e+8,,
586.19,1.162e+8,1.162e+8,,
586.24,1.015e+8,1.015e+8,,
586.29,8.734e+7,8.734e+7,,
586.34,7.407e+7,7.407e+7,,
586.39,6.192e+7,6.192e+7,,
586.44,5.101e+7,5.101e+7,,
586.49,4.141e+7,4.141e+7,,
586.54,3.314e+7,3.314e+7,,
586.59,2.613e+7,2.613e+7,,
586.64,2.031e+7,2.031e+7,,
586.69,1.555e+7,1.555e+7,,
586.74,1.174e+7,1.174e+7,,
586.79,8.734e+6,8.734e+6,,
586.84,6.403e+6,6.403e+6,,
586.89,4.627e+6,4.627e+6,,
586.94,3.295e+6,3.295e+6,,
586.99,2.312e+6,2.312e+6,,
587.04,1.599e+6,1.599e+6,,
587.09,1.090e+6,1.090e+6,,
587.14,7.322e+5,7.322e+5,,
587.19,4.848e+5,4.848e+5,,
587.24,3.163e+5,3.163e+5,,
587.29,2.034e+5,2.034e+5,,
587.34,1.289e+5,1.289e+5,,
587.39,8.050e+4,8.050e+4,,
587.44,4.955e+4,4.955e+4,,
587.49,3.006e+4,3.006e+4,,
587.54,1.797e+4,1.797e+4,,
587.59,1.059e+4,1.059e+4,,
587.64,6.148e+3,6.148e+3,,
587.69,3.518e+3,3.518e+3,,
587.74,1.984e+3,1.984e+3,,
587.79,1.103e+3,1.103e+3,,
587.84,6.041e+2,6.041e+2,,
587.89,3.261e+2,3.261e+2,,
587.94,1.735e+2,1.735e+2,,
587.99,9.099e+1,9.099e+1,,
588.04,4.702e+1,4.702e+1,,
588.09,2.395e+1,2.395e+1,,
588.14,1.202e+1,1.202e+1,,
588.19,5.946e+0,5.946e+0,,
588.24,2.899e+0,2.899e+0,,
588.29,1.393e+0,1.393e+0,,
588.34,6.594e-1,6.594e-1,,
588.39,3.077e-1,3.077e-1,,
588.44,1.415e-1,1.415e-1,,
588.49,6.414e-2,6.414e-2,,
588.54,2.865e-2,2.865e-2,,
588.59,1.261e-2,1.261e-2,,
588.64,5.472e-3,5.472e-3,,
588.69,2.340e-3,2.340e-3,,
588.74,9.860e-4,9.860e-4,,
588.79,4.095e-4,4.095e-4,,
588.84,1.676e-4,1.676e-4,,
588.89,6.760e-5,6.760e-5,,
588.94,2.687e-5,2.687e-5,,
588.99,1.053e-5,1.053e-5,,
589.04,4.065e-6,4.065e-6,,
589.09,1.547e-6,1.547e-6,,
589.14,5.801e-7,5.801e-7,,
589.19,2.144e-7,2.144e-7,,
589.24,7.810e-8,7.810e-8,,