wavelength,intensity
180.0,0.0
180.03333333333333,0.0
180.06666666666666,0.0
180.1,0.0
180.13333333333333,0.0
180.16666666666663,0.0
180.2,0.0
180.2333333333333,0.0
180.26666666666665,0.0
180.3,0.0
180.3333333333333,0.0
180.36666666666665,0.0
180.4,0.0
180.4333333333333,0.0
180.46666666666664,0.0
180.5,0.0
180.5333333333333,0.0
180.56666666666663,0.0
180.6,0.0
180.6333333333333,0.0
180.66666666666663,0.0
180.7,0.0
180.7333333333333,0.0
180.76666666666665,0.0
180.79999999999995,0.0
180.8333333333333,0.0
180.86666666666665,0.0
180.89999999999995,0.0
180.93333333333328,0.0
180.9666666666666,0.0
180.99999999999997,0.0
181.03333333333327,0.0
181.0666666666666,0.0
181.09999999999997,0.0
181.13333333333327,0.0
181.1666666666666,0.0
181.19999999999996,0.0
181.2333333333333,0.0
181.2666666666666,0.0
181.29999999999995,0.0
181.3333333333333,0.0
181.3666666666666,0.0
181.39999999999992,0.0
181.43333333333325,0.0
181.46666666666655,0.0
181.49999999999991,0.0
181.53333333333325,0.0
181.56666666666655,0.0
181.5999999999999,0.0
181.63333333333324,0.0
181.66666666666657,0.0
181.6999999999999,0.0
181.73333333333323,0.0
181.76666666666657,0.0
181.7999999999999,0.0
181.83333333333323,0.0
181.86666666666656,0.0
181.8999999999999,0.0
181.9333333333332,0.0
181.96666666666653,0.0
181.9999999999999,0.0
182.0333333333332,0.0
182.06666666666652,0.0
182.09999999999988,0.0
182.1333333333332,0.0
182.16666666666652,0.0
182.19999999999987,0.0
182.2333333333332,0.0
182.2666666666665,0.0
182.29999999999987,0.0
182.3333333333332,0.0
182.36666666666653,0.0
182.39999999999984,0.0
182.4333333333332,0.0
182.46666666666653,0.0
182.49999999999983,0.0
182.5333333333332,0.0
182.5666666666665,0.0
182.59999999999985,0.0
182.6333333333332,0.0
182.6666666666665,0.0
182.69999999999985,0.0
182.7333333333332,0.0
182.7666666666665,0.0
182.79999999999984,0.0
182.8333333333332,0.0
182.8666666666665,0.0
182.89999999999984,0.0
182.9333333333332,0.0
182.9666666666665,0.0
182.99999999999983,0.0
183.0333333333332,0.0
183.0666666666665,0.0
183.09999999999985,0.0
183.1333333333332,0.0
183.1666666666665,0.0
183.19999999999985,0.0
183.23333333333315,0.0
183.26666666666648,0.0
183.2999999999998,0.0
183.33333333333317,0.0
183.36666666666648,0.0
183.3999999999998,0.0
183.43333333333317,0.0
183.46666666666647,0.0
183.4999999999998,0.0
183.53333333333316,0.0
183.5666666666665,0.0
183.5999999999998,0.0
183.63333333333316,0.0
183.6666666666665,0.0
183.6999999999998,0.0
183.73333333333312,0.0
183.76666666666645,0.0
183.79999999999976,0.0
183.83333333333312,0.0
183.86666666666645,0.0
183.89999999999975,0.0
183.9333333333331,0.0
183.96666666666644,0.0
183.99999999999977,0.0
184.0333333333331,0.0
184.06666666666644,0.0
184.09999999999977,0.0
184.1333333333331,0.0
184.16666666666643,0.0
184.19999999999976,0.0
184.2333333333331,0.0
184.2666666666664,0.0
184.29999999999976,0.0
184.3333333333331,0.0
184.3666666666664,0.0
184.39999999999972,0.0
184.43333333333308,0.0
184.4666666666664,0.0
184.49999999999972,0.0
184.53333333333308,0.0
184.5666666666664,0.0
184.5999999999997,0.0
184.63333333333307,0.0
184.6666666666664,0.0
184.69999999999973,0.0
184.73333333333304,0.0
184.7666666666664,0.0
184.79999999999973,0.0
184.83333333333303,0.0
184.8666666666664,0.0
184.8999999999997,0.0
184.93333333333305,0.0
184.9666666666664,0.0
184.9999999999997,0.0
185.03333333333305,0.0
185.0666666666664,0.0
185.0999999999997,0.0
185.13333333333304,0.0
185.1666666666664,0.0
185.1999999999997,0.0
185.23333333333304,0.0
185.2666666666664,0.0
185.2999999999997,0.0
185.33333333333303,0.0
185.3666666666664,0.0
185.3999999999997,0.0
185.43333333333305,0.0
185.4666666666664,0.0
185.4999999999997,0.0
185.53333333333305,0.0
185.56666666666635,0.0
185.59999999999968,0.0
185.633333333333,0.0
185.66666666666637,0.0
185.69999999999968,0.0
185.733333333333,0.0
185.76666666666637,0.0
185.79999999999967,0.0
185.833333333333,0.0
185.86666666666636,0.0
185.8999999999997,0.0
185.933333333333,0.0
185.96666666666636,0.0
185.9999999999997,0.0
186.033333333333,0.0
186.06666666666632,0.0
186.09999999999965,0.0
186.13333333333296,0.0
186.16666666666632,0.0
186.19999999999965,0.0
186.23333333333295,0.0
186.2666666666663,0.0
186.29999999999964,0.0
186.33333333333297,0.0
186.3666666666663,0.0
186.39999999999964,0.0
186.43333333333297,0.0
186.4666666666663,0.0
186.49999999999963,0.0
186.53333333333296,0.0
186.5666666666663,0.0
186.5999999999996,0.0
186.63333333333296,0.0
186.6666666666663,0.0
186.6999999999996,0.0
186.73333333333292,0.0
186.76666666666628,0.0
186.7999999999996,0.0
186.83333333333292,0.0
186.86666666666628,0.0
186.8999999999996,0.0
186.9333333333329,0.0
186.96666666666627,0.0
186.9999999999996,0.0
187.03333333333293,0.0
187.06666666666624,0.0
187.0999999999996,0.0
187.13333333333293,0.0
187.16666666666623,0.0
187.1999999999996,0.0
187.2333333333329,0.0
187.26666666666625,0.0
187.2999999999996,0.0
187.3333333333329,0.0
187.36666666666625,0.0
187.3999999999996,0.0
187.4333333333329,0.0
187.46666666666624,0.0
187.4999999999996,0.0
187.5333333333329,0.0
187.56666666666624,0.0
187.5999999999996,0.0
187.6333333333329,0.0
187.66666666666623,0.0
187.6999999999996,0.0
187.7333333333329,0.0
187.76666666666625,0.0
187.7999999999996,0.0
187.8333333333329,0.0
187.86666666666625,0.0
187.89999999999955,4.989596482262214
187.93333333333288,10.941183444330107
187.9666666666662,18.887566181501853
187.99999999999957,29.419591345262365
188.03333333333288,40.75582221586577
188.0666666666662,50.40002003368952
188.09999999999957,56.12894199901736
188.13333333333287,56.71153528812554
188.1666666666662,51.14419450241634
188.19999999999956,39.97118531981389
188.2333333333329,27.988725230099103
188.2666666666662,20.69787276769095
188.29999999999956,20.53085057706712
188.3333333333329,23.48010141746317
188.3666666666662,24.76954249174872
188.39999999999952,22.532398228974976
188.43333333333285,19.611069687969007
188.46666666666616,19.210843795060494
188.49999999999952,22.133346825092133
188.53333333333285,26.158592756936077
188.56666666666615,28.95505340179252
188.5999999999995,29.976342303689812
188.63333333333284,30.424312258582145
188.66666666666617,31.56340507889037
188.6999999999995,34.50183817663216
188.73333333333284,40.22873327741229
188.76666666666617,49.412213983368886
188.7999999999995,59.432567207456216
188.83333333333283,65.72819385337401
188.86666666666616,64.51427597645146
188.8999999999995,58.01713667478455
188.93333333333285,51.1905769292928
188.96666666666616,48.271339404751984
188.9999999999995,49.44442652495716
189.0333333333328,53.49834173288358
189.06666666666612,59.29158344202308
189.09999999999948,65.97808836687386
189.1333333333328,72.78831939655502
189.16666666666612,78.981957544045
189.19999999999948,83.9094597951153
189.2333333333328,86.93913141408706
189.2666666666661,87.51284160637833
189.29999999999947,85.24533449244578
189.3333333333328,79.78823384663096
189.3666666666661,71.91280613225975
189.3999999999995,64.4020482306182
189.4333333333328,60.19916088472864
189.46666666666613,60.00329909816066
189.49999999999943,61.404638902218586
189.5333333333328,61.87722359539303
189.56666666666607,61.84119098252367
189.59999999999943,64.8789696427644
189.6333333333328,74.39359248273564
189.6666666666661,88.13396694586561
189.69999999999945,99.14364948329263
189.7333333333328,101.14566964371242
189.7666666666661,97.38370263275948
189.79999999999944,97.2228961879724
189.8333333333328,109.0536711253536
189.8666666666661,132.37899887411288
189.89999999999944,162.32003251544896
189.9333333333328,195.15208178841465
189.9666666666661,234.315333450104
189.99999999999943,285.9292055428768
190.0333333333328,350.6559867417937
190.0666666666661,404.6620628536102
190.09999999999943,417.2516164466173
190.1333333333328,370.4366676126625
190.1666666666661,288.6886890517588
190.19999999999945,205.3113485344073
190.23333333333275,144.04521379174582
190.26666666666608,104.652626056056
190.2999999999994,83.196318039908
190.33333333333275,75.53103750202187
190.36666666666608,77.11573300692982
190.3999999999994,83.38305418558863
190.43333333333277,90.6896860497468
190.46666666666607,96.73964907578474
190.4999999999994,99.38904939150996
190.53333333333276,97.79973164738269
190.56666666666607,92.60076108025262
190.5999999999994,84.60068440802414
190.63333333333276,76.43754089750128
190.6666666666661,72.33600858148966
190.6999999999994,76.10989367344908
190.73333333333272,85.92862902824129
190.76666666666603,96.19446403898266
190.7999999999994,101.79312532498842
190.83333333333272,102.3601778845886
190.86666666666605,99.95331951158366
190.89999999999935,96.6257490249196
190.9333333333327,94.28185225190228
190.96666666666604,94.76866852653392
190.99999999999935,98.98085856812018
191.0333333333327,103.42907268155082
191.06666666666604,103.36336709675838
191.09999999999937,95.66335416738048
191.1333333333327,82.76667713269329
191.16666666666603,68.29414311623208
191.19999999999936,55.57366515693383
191.2333333333327,47.18787898776139
191.26666666666603,45.58162427698514
191.29999999999936,50.75789460617988
191.3333333333327,58.029614267279385
191.366666666666,62.23495355248813
191.39999999999932,61.15318553696221
191.43333333333268,56.87029593931782
191.466666666666,51.78748523111023
191.49999999999932,47.52469311206752
191.53333333333268,44.82437192920316
191.566666666666,44.31758940249473
191.5999999999993,45.477344732327175
191.63333333333267,46.77739458738706
191.666666666666,46.78023345415961
191.6999999999993,45.50821265035248
191.73333333333267,43.94841512709605
191.766666666666,43.03529226120994
191.79999999999933,43.11395799314393
191.83333333333263,44.2335147538113
191.866666666666,46.2787434138561
191.89999999999927,48.14463201428234
191.93333333333263,48.35263544701761
191.966666666666,46.03606721280504
191.9999999999993,43.07249447010106
192.03333333333265,42.10743200128714
192.066666666666,44.66938145325344
192.0999999999993,48.59773697714646
192.13333333333264,50.975209394536144
192.166666666666,50.18961963941787
192.1999999999993,47.8323067114222
192.23333333333264,45.96510740803573
192.266666666666,45.42272082822269
192.2999999999993,44.7738559488196
192.33333333333263,42.3832089858494
192.366666666666,38.50733766915528
192.3999999999993,36.05679796620229
192.43333333333263,38.0230437382505
192.466666666666,44.32051682972778
192.4999999999993,51.56600419725222
192.53333333333265,56.351365759611554
192.56666666666595,57.524049363139255
192.59999999999928,55.77968115348709
192.63333333333264,51.94998261770809
192.66666666666595,47.773631702521655
192.69999999999928,45.55515381811223
192.7333333333326,47.090966396899866
192.76666666666597,50.1343009847479
192.79999999999927,50.53453721229101
192.8333333333326,45.92608595257461
192.86666666666596,44.09470563335416
192.89999999999927,56.38873219611138
192.9333333333326,90.1038407621838
192.96666666666596,135.77194600788215
192.9999999999993,179.5969265886832
193.0333333333326,210.61695512007185
193.06666666666592,226.4713544156068
193.09999999999928,226.43310641943305
193.1333333333326,211.5873399973277
193.16666666666592,187.10039709833245
193.19999999999925,158.69419782155202
193.23333333333255,131.891687284942
193.2666666666659,111.87916120718094
193.29999999999924,103.67382124808124
193.33333333333255,107.13451383866166
193.3666666666659,115.50500714612085
193.39999999999924,121.97702399539124
193.43333333333257,128.14609300812762
193.4666666666659,143.81032799752467
193.49999999999923,177.87811813563897
193.53333333333256,221.8127922811114
193.5666666666659,254.1299300271582
193.59999999999923,255.36443608985627
193.63333333333256,228.5618584653275
193.6666666666659,189.39559229603472
193.6999999999992,152.25419261998564
193.73333333333252,121.75910484108952
193.76666666666588,98.43502692682176
193.7999999999992,82.47854218804008
193.83333333333252,72.52894979875902
193.86666666666588,66.74382981954403
193.8999999999992,63.58529755876784
193.9333333333325,62.61636069445033
193.96666666666587,63.64759823702807
193.9999999999992,65.95020119039971
194.0333333333325,67.36586666855798
194.06666666666587,65.51653441428029
194.0999999999992,59.85200495819418
194.13333333333253,53.42067631260506
194.16666666666583,49.647773843691965
194.1999999999992,49.65040145510149
194.23333333333247,51.131507093813234
194.26666666666583,51.59320823403984
194.2999999999992,50.65668274537528
194.3333333333325,50.31454110948023
194.36666666666585,52.52344442267627
194.3999999999992,56.43694455381448
194.4333333333325,58.831246076449126
194.46666666666584,56.84757940794808
194.4999999999992,52.69464555803204
194.5333333333325,51.826263283969446
194.56666666666584,58.70092026725446
194.5999999999992,69.40305539607537
194.6333333333325,76.00399591757738
194.66666666666583,72.26956311721207
194.6999999999992,61.77207413875849
194.7333333333325,51.55465176593757
194.76666666666583,47.07582638985905
194.7999999999992,47.23906867803047
194.8333333333325,49.257824793370965
194.86666666666585,51.004483739174205
194.89999999999915,52.32820957233853
194.93333333333248,53.448179585819865
194.96666666666584,54.76097396180391
194.99999999999915,57.05456327749647
195.03333333333248,61.161196525575534
195.0666666666658,67.34781593545885
195.09999999999917,74.95225726043759
195.13333333333247,83.1999223488772
195.1666666666658,90.41102809786436
195.19999999999916,93.78746732651976
195.23333333333247,90.65182611627736
195.2666666666658,82.1884947269732
195.29999999999916,73.18177052131041
195.3333333333325,68.25909575232207
195.3666666666658,68.20004909016457
195.39999999999912,71.08292236552131
195.43333333333248,74.9628819489828
195.4666666666658,78.18753179445751
195.49999999999912,79.25793068444727
195.53333333333245,77.095054651096
195.56666666666575,73.24907598414929
195.5999999999991,70.28864570451762
195.63333333333244,70.30863586174402
195.66666666666575,73.25687420781124
195.6999999999991,78.4759882471124
195.73333333333244,84.8612091257578
195.76666666666577,89.85025356785196
195.7999999999991,90.59269123753488
195.83333333333243,86.59079087310496
195.86666666666576,82.93754945923966
195.8999999999991,85.48920758655959
195.93333333333243,95.85589783465836
195.96666666666576,108.1869290011344
195.9999999999991,115.9779591343795
196.0333333333324,116.83354677583104
196.06666666666572,113.7526847426512
196.09999999999908,109.99925140002388
196.1333333333324,106.5631362919497
196.16666666666572,102.19220686227644
196.19999999999908,95.66598190403084
196.2333333333324,87.5506722421988
196.2666666666657,79.73438315825666
196.29999999999907,73.93475291378638
196.3333333333324,69.96030259244446
196.3666666666657,66.56667331170821
196.39999999999907,62.74033576403386
196.4333333333324,59.06781824413096
196.46666666666573,56.78553234373817
196.49999999999903,56.69390497818367
196.5333333333324,57.52745339157191
196.56666666666567,57.41208257998702
196.59999999999903,55.24254227737764
196.6333333333324,52.519653127181286
196.6666666666657,51.293069874307164
196.69999999999905,52.67244763760702
196.7333333333324,55.45851385109317
196.7666666666657,58.10999359965146
196.79999999999905,59.65949936936797
196.8333333333324,60.1758494181528
196.8666666666657,59.8408458816873
196.89999999999904,59.01156240238597
196.9333333333324,58.28032386660241
196.9666666666657,58.22794659363608
196.99999999999903,58.78686869234052
197.0333333333324,59.23891154320995
197.0666666666657,58.89127251401665
197.09999999999903,57.825828728318754
197.1333333333324,56.7053794782599
197.1666666666657,56.15858611528663
197.19999999999905,56.351881345994855
197.23333333333235,57.19436564497723
197.26666666666569,58.65826728778148
197.29999999999905,61.15434066081823
197.33333333333235,65.27237820315571
197.36666666666568,71.00246008337695
197.399999999999,75.50106333019511
197.43333333333237,75.08985351420084
197.46666666666567,69.6446719255075
197.499999999999,71.03520155067321
197.53333333333237,93.63432306280514
197.56666666666567,143.94508656339335
197.599999999999,209.31014949697268
197.63333333333236,274.26442971636726
197.6666666666657,328.1071951009582
197.699999999999,368.6296600492246
197.73333333333235,394.5230351266978
197.76666666666569,405.3962521397593
197.799999999999,402.0693961250197
197.83333333333232,385.7484621402657
197.86666666666565,364.3935733978215
197.89999999999895,352.60139368895994
197.9333333333323,363.177950219584
197.96666666666565,380.2424857186807
197.99999999999895,366.94607154825536
198.0333333333323,292.88400050318063
198.06666666666564,191.5017357154812
198.09999999999897,130.7094840967391
198.1333333333323,165.44855018279932
198.16666666666563,265.6664632696725
198.19999999999897,367.8732988554424
198.2333333333323,418.9897239338282
198.26666666666563,413.3226783713991
198.29999999999896,358.5542377036326
198.3333333333323,268.60970643971217
198.3666666666656,177.48555959684032
198.39999999999893,123.15175425098636
198.43333333333229,130.36498698495805
198.4666666666656,193.30604045882512
198.49999999999892,301.57878430798684
198.53333333333228,424.49317634171456
198.5666666666656,497.0566175474965
198.59999999999891,453.3840975962474
198.63333333333227,313.64651370961565
198.6666666666656,205.4110299304569
198.6999999999989,256.3315250371336
198.73333333333227,460.1664154615523
198.7666666666656,686.7471796841659
198.79999999999893,809.3893043359791
198.83333333333223,804.3272553229842
198.8666666666656,718.2835310172042
198.89999999999893,597.2404511920757
198.93333333333223,469.32967572258326
198.9666666666656,353.7162131855458
198.9999999999989,266.4576785348735
199.03333333333225,205.8024099412065
199.0666666666656,163.53266395199577
199.0999999999989,132.53119959159878
199.13333333333225,110.26727934370555
199.1666666666656,95.39497828089368
199.1999999999989,86.52297084223139
199.23333333333224,82.12674309759011
199.2666666666656,80.65890149021794
199.2999999999989,80.80841774566376
199.33333333333223,81.76315267039193
199.3666666666656,82.78109674994596
199.3999999999989,83.52351781827763
199.43333333333223,84.27304419311878
199.4666666666656,85.34244184973221
199.4999999999989,86.37556195225737
199.53333333333225,86.25693417488164
199.56666666666555,83.92546670826404
199.5999999999989,79.94940535921447
199.63333333333225,76.26297606780422
199.66666666666555,74.65325054185321
199.69999999999888,74.83650540787855
199.7333333333322,75.2526962888582
199.76666666666557,74.74999292805185
199.79999999999887,75.33045185145059
199.8333333333322,80.40908268959492
199.86666666666557,92.58925288245324
199.89999999999887,110.26858611141094
199.9333333333322,130.49725387588336
199.96666666666556,149.4846057965517
199.9999999999989,160.4007020066279
200.0333333333322,155.74035113479286
200.06666666666555,133.19292433720818
200.0999999999989,103.78099771704952
200.1333333333322,80.5775189517941
200.16666666666552,70.61974563325946
200.19999999999885,69.77749338356473
200.23333333333215,72.75554858579908
200.26666666666551,76.12446541694187
200.29999999999885,78.97577656845453
200.33333333333215,80.6006623253803
200.3666666666655,80.76772749447683
200.39999999999884,79.71977191264376
200.43333333333217,77.72986813730402
200.4666666666655,75.20801357961818
200.49999999999883,72.66411173268602
200.53333333333217,70.64225433826998
200.5666666666655,69.97550663038339
200.59999999999883,71.65059982300575
200.63333333333216,76.29927573873455
200.6666666666655,82.34818568168363
200.6999999999988,87.3816650570863
200.73333333333213,89.44396761914012
200.7666666666655,88.57194192705231
200.7999999999988,85.34011578892273
200.83333333333212,80.54187160813967
200.86666666666548,75.63419037742686
200.8999999999988,72.20035187079435
200.93333333333211,72.00583632096736
200.96666666666547,77.20951861501457
200.9999999999988,89.94786112295124
201.0333333333321,107.8481641623567
201.06666666666547,121.49674202273276
201.0999999999988,121.18567185822124
201.13333333333213,106.5798147030368
201.16666666666544,88.03494394978536
201.1999999999988,76.014247289867
201.23333333333213,72.91230340052358
201.26666666666543,74.38251260384243
201.2999999999988,76.13210607689645
201.3333333333321,76.67511947193634
201.36666666666545,76.23487891677415
201.3999999999988,75.27130405539336
201.4333333333321,75.77495170301525
201.46666666666545,80.4075660533201
201.4999999999988,90.66335019473618
201.5333333333321,102.21473333100572
201.56666666666544,108.92766205670443
201.5999999999988,106.71255775888076
201.6333333333321,98.57549412525876
201.66666666666544,89.0590630529386
201.6999999999988,82.23794169051027
201.7333333333321,81.04305985851867
201.76666666666543,88.18449686071943
201.7999999999988,102.15567076679557
201.8333333333321,114.0668354299043
201.86666666666545,114.54097510814528
201.8999999999988,103.7572082011366
201.9333333333321,94.03337037507671
201.96666666666545,97.79952143167988
201.99999999999875,113.96212202916468
202.03333333333208,128.8970605408849
202.0666666666654,129.62882826668113
202.09999999999877,117.03534030675928
202.13333333333208,101.33512023908108
202.1666666666654,91.9312043931027
202.19999999999877,90.19092656012133
202.23333333333207,93.5790943369885
202.2666666666654,99.31876667812767
202.29999999999876,103.43812794899934
202.3333333333321,101.55430416898712
202.3666666666654,95.9372865390739
202.39999999999876,114.38131436866644
202.4333333333321,190.7583925571031
202.4666666666654,334.33050452248114
202.49999999999872,488.41351961928495
202.53333333333205,585.6705290296235
202.56666666666536,589.989336151742
202.59999999999872,524.6823187695528
202.63333333333205,419.67216689950607
202.66666666666535,302.67185867253914
202.6999999999987,198.3638385202807
202.73333333333204,130.34157549539077
202.76666666666537,102.35186865002416
202.7999999999987,98.37883255807654
202.83333333333204,102.1631255746991
202.86666666666537,105.74762045933186
202.8999999999987,107.17398366737945
202.93333333333203,104.8743407794923
202.96666666666536,99.5449805327018
202.9999999999987,93.05891863987796
203.033333333332,87.39445214095498
203.06666666666536,85.09570047596677
203.0999999999987,88.91494824876884
203.133333333332,100.17487670412724
203.16666666666532,114.34532741311698
203.19999999999868,125.4008986510692
203.233333333332,129.1299449354607
203.26666666666532,126.47222332115092
203.29999999999868,119.27823138524798
203.333333333332,109.72164815352102
203.3666666666653,100.62344928211608
203.39999999999867,94.86185254900052
203.433333333332,94.33483036707258
203.46666666666533,99.53381281926728
203.49999999999864,110.73216545422032
203.533333333332,125.5151235917551
203.56666666666533,138.6801335246064
203.59999999999863,145.1976054472605
203.633333333332,144.3872673795686
203.6666666666653,138.83039743974456
203.69999999999865,131.08453078279064
203.733333333332,122.76325236762412
203.7666666666653,114.97239545507549
203.79999999999865,108.71679775227182
203.833333333332,104.41034917048948
203.8666666666653,102.2424882994464
203.89999999999864,103.0169339427304
203.933333333332,110.12664940652076
203.9666666666653,127.64212506075252
203.99999999999864,155.16724775770672
204.033333333332,179.31919518665828
204.0666666666653,184.4348144418438
204.09999999999863,164.5555332011863
204.133333333332,133.51393969702107
204.1666666666653,107.42509112942918
204.19999999999865,95.85631282266026
204.233333333332,98.85362096286208
204.2666666666653,115.49108758500606
204.29999999999865,139.28941834733473
204.33333333333195,157.95703749577598
204.36666666666528,159.83276537404416
204.3999999999986,146.3700634142929
204.43333333333197,128.90906495041082
204.46666666666528,117.96325863452222
204.4999999999986,114.21129414625682
204.53333333333197,113.03457980809117
204.56666666666527,110.4375651411995
204.5999999999986,106.55767368354988
204.63333333333196,103.09748427777232
204.6666666666653,101.33225380909212
204.6999999999986,100.73859644452104
204.73333333333196,100.32351498015258
204.7666666666653,99.38592847748254
204.7999999999986,98.06354527709854
204.83333333333192,96.6454994348101
204.86666666666525,95.65356086177523
204.89999999999856,96.07668929301984
204.93333333333192,98.95845803882337
204.96666666666525,105.28067504543928
204.99999999999855,115.93700392806436
205.0333333333319,131.6125169985475
205.06666666666524,148.15095456336957
205.09999999999857,156.44140150938318
205.1333333333319,148.04513781720095
205.16666666666524,127.02599707119089
205.19999999999857,106.62495153653354
205.2333333333319,98.85911229387784
205.26666666666523,103.04857672994248
205.29999999999856,111.8887441770987
205.3333333333319,120.42604030367912
205.3666666666652,137.88070541565963
205.39999999999856,178.64076901801687
205.4333333333319,248.2140530561784
205.4666666666652,316.5558015707051
205.49999999999852,344.7584322033632
205.53333333333188,311.545147906657
205.5666666666652,243.9732921934206
205.59999999999852,177.27315975219443
205.63333333333188,142.5483820312432
205.6666666666652,163.00915595991216
205.6999999999985,260.1429493188636
205.73333333333187,419.70740574899605
205.7666666666652,578.998825592336
205.79999999999853,673.7521500649373
205.83333333333184,680.87960989361
205.8666666666652,617.2139224157772
205.89999999999853,502.1960610897464
205.93333333333183,367.665743914306
205.9666666666652,254.04269604377637
205.9999999999985,197.7708139397096
206.03333333333185,201.39403218056103
206.0666666666652,250.89092998355875
206.0999999999985,328.59370377064016
206.13333333333185,397.5918970758612
206.1666666666652,414.4576378293997
206.1999999999985,353.7104373472208
206.23333333333184,256.13133550004784
206.2666666666652,177.72959234792486
206.2999999999985,152.12361631579694
206.33333333333184,156.3566071599384
206.3666666666652,158.87534676159302
206.3999999999985,145.76577612255093
206.43333333333183,134.2136528270844
206.4666666666652,144.01038934313442
206.4999999999985,174.88893871481704
206.53333333333185,201.53563197865208
206.5666666666652,198.4688989775073
206.5999999999985,166.67455987380285
206.63333333333185,130.68304465209968
206.66666666666515,113.83561316860454
206.69999999999848,116.78168731301264
206.7333333333318,125.84608799967484
206.76666666666517,128.79119185033235
206.79999999999848,125.47194898606249
206.8333333333318,121.08804290597725
206.86666666666517,119.88074779378626
206.89999999999847,121.319978718679
206.9333333333318,123.42878433665076
206.96666666666516,124.81180150415727
206.9999999999985,125.9854762970741
207.0333333333318,127.8611246691146
207.06666666666516,131.97871500333213
207.0999999999985,141.29411903643307
207.1333333333318,158.87082542913248
207.16666666666512,182.3890270947804
207.19999999999845,201.0553212844147
207.23333333333176,203.68101029904648
207.26666666666512,188.9040805731613
207.29999999999845,166.307629452788
207.33333333333175,145.6900412946214
207.3666666666651,131.2726153927253
207.39999999999844,122.86926186619408
207.43333333333177,119.9758918722462
207.4666666666651,120.1926972178078
207.49999999999844,120.06483397606738
207.53333333333177,116.82463654497984
207.5666666666651,112.06809875457051
207.59999999999843,109.07295081294023
207.63333333333176,110.18649004218528
207.6666666666651,113.84961617317364
207.69999999999845,117.48290470351036
207.73333333333176,119.20735748791404
207.7666666666651,119.12327593422728
207.7999999999984,117.68262412729752
207.83333333333172,115.8858651076938
207.86666666666508,115.80019501489012
207.8999999999984,119.54201204220378
207.93333333333172,126.03805655993182
207.96666666666508,129.86996484703212
207.9999999999984,125.68627419882544
208.0333333333317,116.27064585452412
208.06666666666507,112.23707799099768
208.0999999999984,123.344803632056
208.13333333333173,144.7316208620736
208.1666666666651,161.60780437956396
208.1999999999984,161.47423673358372
208.23333333333173,151.34852947906478
208.26666666666503,147.4839963559855
208.2999999999984,162.684866783263
208.33333333333167,191.58120176693944
208.36666666666505,222.92921708483215
208.3999999999984,246.18820427459605
208.4333333333317,253.2693196099708
208.46666666666505,236.643653827882
208.4999999999984,196.47385230784505
208.5333333333317,151.03376601579984
208.56666666666504,121.04062114527174
208.5999999999984,116.07485885661906
208.6333333333317,127.57036565077784
208.66666666666504,145.3559848044842
208.6999999999984,161.16210600340276
208.7333333333317,168.8932415611463
208.76666666666503,163.12785099572733
208.7999999999984,147.33870036428203
208.8333333333317,132.1601389841838
208.86666666666505,127.31630211659298
208.8999999999984,131.7044428599267
208.9333333333317,138.12658252359574
208.96666666666505,140.32067942222537
208.99999999999835,138.3233793158292
209.03333333333168,134.60818778443377
209.066666666665,131.18010999530443
209.09999999999835,128.07177056848283
209.13333333333168,124.80410857165884
209.166666666665,122.07441917069238
209.19999999999837,123.86159553155898
209.23333333333167,134.66879081546327
209.266666666665,154.07585436740555
209.29999999999836,172.27845839392737
209.33333333333167,178.61452655487275
209.366666666665,170.40664698863455
209.39999999999836,155.5648759514535
209.4333333333317,142.4718330722256
209.466666666665,134.30245048255517
209.49999999999832,129.38792977510678
209.53333333333163,126.04353229321732
209.566666666665,124.56260087910866
209.59999999999832,126.52541719120966
209.63333333333165,132.96811251587272
209.66666666666495,140.7359837431342
209.6999999999983,144.7932049592423
209.73333333333164,141.53530264545262
209.76666666666495,134.34967351000788
209.7999999999983,128.74191400774183
209.83333333333164,128.64994786345312
209.86666666666497,132.95137787585978
209.8999999999983,139.5078099079694
209.93333333333163,146.71569640647348
209.96666666666496,154.13679798226508
209.9999999999983,161.4748170802521
210.03333333333163,167.80003226837607
210.06666666666496,171.231531683984
210.0999999999983,169.99757344951524
210.1333333333316,167.02385199451615
210.16666666666492,170.1576304793852
210.19999999999828,186.68590159642207
210.2333333333316,212.89452397229937
210.26666666666492,237.01963483141063
210.29999999999828,248.3066033480343
210.3333333333316,246.1642622275039
210.3666666666649,235.1409979282602
210.39999999999827,219.66822761727357
210.4333333333316,203.3141311305356
210.4666666666649,189.3512600476157
210.49999999999827,180.2222473350708
210.5333333333316,175.35239527887992
210.56666666666493,173.48080547377583
210.59999999999823,173.19543721522942
210.6333333333316,172.71688586888695
210.66666666666487,170.24043855177328
210.69999999999823,166.1022326760656
210.7333333333316,164.19234523902733
210.7666666666649,168.60423749809746
210.79999999999825,179.4725029217363
210.8333333333316,192.37379473967096
210.8666666666649,202.8169066870065
210.89999999999824,209.2454007402636
210.9333333333316,212.4559067579024
210.9666666666649,213.2492484403213
210.99999999999824,211.83532870004643
211.0333333333316,208.0966533572181
211.0666666666649,202.93555006253595
211.09999999999823,203.4740160456943
211.1333333333316,219.17110345063335
211.1666666666649,255.5401531366156
211.19999999999823,302.3476157726337
211.2333333333316,345.44067292501575
211.2666666666649,372.9628434331348
211.29999999999825,379.1264555323194
211.33333333333155,359.216232712369
211.36666666666488,315.9781625386298
211.39999999999824,265.51538748480186
211.43333333333155,225.0262604617291
211.46666666666488,201.55480303272773
211.4999999999982,189.6122638955499
211.53333333333157,183.08869832060415
211.56666666666487,178.58321215124877
211.5999999999982,175.01516969351044
211.63333333333156,171.50854459156028
211.66666666666487,168.52843550314157
211.6999999999982,167.33248412121205
211.73333333333156,168.9556484185401
211.7666666666649,172.91423750816728
211.7999999999982,178.11600783045756
211.83333333333152,183.76402041322035
211.86666666666488,190.3223673550076
211.8999999999982,198.5893840494525
211.93333333333152,208.99615149330575
211.96666666666485,220.9462856567243
211.99999999999815,233.69817086008356
212.0333333333315,250.09146407812008
212.06666666666484,279.7055219586206
212.09999999999815,332.5270173091529
212.1333333333315,405.605290552267
212.16666666666484,479.2944686727144
212.19999999999817,538.7688901297063
212.2333333333315,681.0972189621656
212.26666666666483,1103.171782992013
212.29999999999816,1965.6142044139867
212.3333333333315,2996.3872484083818
212.36666666666483,3657.7976028247735
212.39999999999816,3503.9493199585204
212.4333333333315,2738.1874012299886
212.4666666666648,1833.702259946228
212.49999999999812,1178.797383297945
212.53333333333148,784.7600255162613
212.5666666666648,559.3279105214068
212.59999999999812,425.2559190624826
212.63333333333148,348.5726581806597
212.6666666666648,303.1170074187803
212.6999999999981,270.266111282062
212.73333333333147,245.926693464006
212.7666666666648,227.67368706712668
212.7999999999981,213.65099170528376
212.83333333333147,202.75108005618117
212.8666666666648,194.0176368147772
212.89999999999813,188.43691409524044
212.93333333333143,188.75543306071992
212.9666666666648,197.2730940144849
212.99999999999807,210.64711319768568
213.03333333333143,222.02704696788263
213.0666666666648,225.54114238707052
213.0999999999981,222.38998661969725
213.13333333333145,216.74060639562668
213.1666666666648,211.86260267326853
213.1999999999981,207.0138990784213
213.23333333333144,200.34551711740747
213.2666666666648,191.2044841803452
213.2999999999981,182.38835820438985
213.33333333333144,177.31038946894807
213.3666666666648,179.05109651949402
213.3999999999981,190.05128367925735
213.43333333333143,212.59294657317676
213.4666666666648,245.55587045350163
213.4999999999981,283.37060743688
213.53333333333143,319.874967207301
213.5666666666648,343.329432965164
213.5999999999981,336.98883803423644
213.63333333333145,287.7700246858302
213.66666666666475,224.29184972359133
213.69999999999808,200.747075451865
213.73333333333144,259.8468023389874
213.76666666666475,364.67301206367
213.79999999999808,445.5119982776099
213.8333333333314,449.42254377593656
213.86666666666477,396.3203078656578
213.89999999999807,325.7678415678195
213.9333333333314,267.5769501282744
213.96666666666476,224.1710603008797
213.99999999999807,193.20448827335616
214.0333333333314,172.74086915881404
214.06666666666476,161.6083294188714
214.0999999999981,158.6736599703142
214.1333333333314,161.14560277749274
214.16666666666472,164.13176691778605
214.19999999999808,162.86708406643515
214.2333333333314,157.31546316261193
214.26666666666472,151.5394969343068
214.29999999999805,149.40572442082598
214.33333333333135,151.35992542864528
214.3666666666647,155.83167617686928
214.39999999999804,161.2548967138536
214.43333333333135,166.2572404872039
214.4666666666647,169.54256769191403
214.49999999999804,170.27869019545602
214.53333333333137,169.53327933645826
214.5666666666647,168.85933835632792
214.59999999999803,169.201064786619
214.63333333333136,169.883590464134
214.6666666666647,169.98293341312316
214.69999999999803,170.07626432563438
214.73333333333136,173.3939059025994
214.7666666666647,183.2727376572438
214.799999999998,197.6865218594931
214.83333333333132,208.18825308194272
214.86666666666468,206.6339898996549
214.899999999998,196.0259994228177
214.93333333333132,188.4610787112614
214.96666666666468,194.7358440843336
214.999999999998,210.8082703696728
215.0333333333313,224.45092780750733
215.06666666666467,225.8033270622984
215.099999999998,219.463760325287
215.1333333333313,215.31061939078475
215.16666666666467,219.92174268013375
215.199999999998,227.38490791630292
215.23333333333133,228.8534005184815
215.26666666666463,219.7208797711197
215.299999999998,205.77107824603183
215.33333333333127,194.29907936530557
215.36666666666463,189.09602134248036
215.399999999998,188.24186307361788
215.4333333333313,189.30328794014028
215.46666666666465,190.185749489868
215.499999999998,189.1683031925928
215.5333333333313,184.777639425571
215.56666666666464,178.81779110221524
215.599999999998,175.54599152570668
215.6333333333313,178.74447182908918
215.66666666666464,187.6825338553604
215.699999999998,199.36248543076715
215.7333333333313,211.18017650089004
215.76666666666463,222.70228015686249
215.799999999998,234.20999095701876
215.8333333333313,245.02142299333372
215.86666666666463,251.1972920789927
215.899999999998,248.1261383817681
215.9333333333313,234.2765045433992
215.96666666666465,214.88970903819876
215.99999999999795,196.1158564996296
216.03333333333129,184.4965768724778
216.06666666666464,187.14736477646863
216.09999999999795,210.5783736950037
216.13333333333128,246.58013479725207
216.1666666666646,272.36347159851704
216.19999999999797,266.7800896897864
216.23333333333127,236.32930385208945
216.2666666666646,205.99979439504327
216.29999999999797,198.03687587208967
216.33333333333127,212.1198263480285
216.3666666666646,237.89662823527067
216.39999999999796,266.0330842806293
216.4333333333313,292.0954637714347
216.4666666666646,313.06562550047624
216.49999999999795,331.8982820520215
216.53333333333129,369.14000331213583
216.5666666666646,448.2940109527853
216.59999999999792,561.7060935012094
216.63333333333125,641.7619947724634
216.66666666666455,615.8487959075622
216.6999999999979,480.2801355213721
216.73333333333125,319.9992166915831
216.76666666666455,221.90413088362325
216.7999999999979,202.9983766448917
216.83333333333124,219.6793630665944
216.86666666666457,229.6540417422538
216.8999999999979,224.22494573616635
216.93333333333123,214.21934673823213
216.96666666666457,209.20611933487888
216.9999999999979,209.4868399593537
217.03333333333123,211.82674225552503
217.06666666666456,213.7137876883419
217.0999999999979,215.48549044672305
217.1333333333312,218.17257949515795
217.16666666666453,221.9609027162381
217.19999999999789,224.92290020189
217.2333333333312,224.8335543235645
217.26666666666452,221.42099057316724
217.29999999999788,217.624779809948
217.3333333333312,216.6425425602272
217.3666666666645,220.54660083141928
217.39999999999787,230.17069099290552
217.4333333333312,245.8481291604657
217.4666666666645,261.75865930273466
217.49999999999787,267.5331867912439
217.5333333333312,254.600780631295
217.56666666666453,230.0240655867606
217.59999999999783,208.5314484456108
217.6333333333312,203.9146580005317
217.66666666666453,224.9338600678576
217.69999999999783,278.7505816318235
217.7333333333312,362.4005875732199
217.7666666666645,440.348644941582
217.79999999999785,470.6731786059914
217.8333333333312,434.8401869362144
217.8666666666645,362.8531741601192
217.89999999999785,290.40123898805666
217.9333333333312,237.6386541842103
217.9666666666645,203.3967469153201
217.99999999999784,184.9397391590805
218.0333333333312,179.11486244692395
218.0666666666645,182.3862202265381
218.09999999999783,190.99619238266632
218.1333333333312,198.93679177200505
218.1666666666645,198.8214701647871
218.19999999999783,185.2567141082616
218.2333333333312,165.9637862919424
218.2666666666645,153.91701612978002
218.29999999999785,158.27138139376493
218.33333333333115,172.55644442994003
218.36666666666449,186.32830757002583
218.39999999999785,192.5266990961329
218.43333333333115,192.84328226794952
218.46666666666448,190.4306864764856
218.4999999999978,193.35981281106723
218.53333333333117,217.98855730891145
218.56666666666447,280.4262779197258
218.5999999999978,367.0631927864553
218.63333333333117,431.021475989587
218.66666666666447,427.20129021283816
218.6999999999978,361.0617458836337
218.73333333333116,275.81695017535696
218.7666666666645,211.89707381217775
218.7999999999978,179.3236395215097
218.83333333333115,173.15703392943038
218.86666666666449,186.7767669214817
218.8999999999978,205.57893488141184
218.93333333333112,212.44216521374184
218.96666666666445,199.9210855962395
218.99999999999775,191.3320482671707
219.03333333333111,215.94791128212464
219.06666666666445,282.4520210021292
219.09999999999775,357.5763512186305
219.1333333333311,403.445835660396
219.16666666666444,402.9742814945094
219.19999999999777,366.9204135893953
219.2333333333311,308.14757692987814
219.26666666666443,242.4722425417993
219.29999999999777,188.3411734647853
219.3333333333311,162.3894299433524
219.36666666666443,161.63587648002155
219.39999999999776,171.54342086632658
219.4333333333311,180.04989954350583
219.4666666666644,191.2961610102953
219.49999999999773,215.6020600736036
219.5333333333311,256.86959260163127
219.5666666666644,294.3005718980536
219.59999999999772,301.2150396240951
219.63333333333108,266.4137080578282
219.6666666666644,216.2579460047318
219.69999999999771,182.44310778533816
219.73333333333107,180.8593710025668
219.7666666666644,202.4983722857561
219.7999999999977,236.38547429972647
219.83333333333107,277.0706846654087
219.8666666666644,324.8572597320786
219.89999999999773,379.4942089004636
219.93333333333103,430.2470031109705
219.9666666666644,459.1556575785257
219.99999999999773,450.9980551671509
220.03333333333103,411.8809469002459
220.0666666666644,357.4854632703345
220.0999999999977,302.31987779297054
220.13333333333105,255.3515552261804
220.1666666666644,223.9700267331893
220.1999999999977,212.4363091309815
220.23333333333105,216.12048758134375
220.2666666666644,228.82245194330253
220.2999999999977,244.20813084171377
220.33333333333104,255.699449030513
220.3666666666644,256.9357789536021
220.3999999999977,249.451983382408
220.43333333333103,244.2161975850429
220.4666666666644,251.6717956623834
220.4999999999977,265.4974177023292
220.53333333333103,266.1394915205379
220.5666666666644,240.0346184507553
220.5999999999977,229.01491682253655
220.63333333333105,303.48933782581867
220.6666666666644,509.4098109441588
220.6999999999977,762.5090869546203
220.73333333333105,935.7629281182808
220.76666666666435,941.9691831893977
220.79999999999768,824.194839004912
220.833333333331,652.095495979727
220.86666666666437,496.92148349675006
220.89999999999768,433.2233211968594
220.933333333331,534.1722158715418
220.96666666666437,797.5881806077227
220.99999999999767,1119.897110085351
221.033333333331,1392.1781909209828
221.06666666666436,1539.005283771731
221.0999999999977,1514.621147566749
221.133333333331,1285.3243642068107
221.16666666666436,928.727660150854
221.1999999999977,586.96904442829
221.233333333331,381.6298332097423
221.26666666666432,306.41680115095625
221.29999999999765,307.6350284193272
221.33333333333096,334.4742043222963
221.36666666666432,347.0447528243513
221.39999999999765,308.1606312832471
221.43333333333095,227.266830827914
221.4666666666643,221.4585796550132
221.49999999999764,420.6876471089825
221.53333333333097,831.8141885074772
221.5666666666643,1278.574826423495
221.59999999999764,1575.5833692039257
221.63333333333097,1664.1766604804316
221.6666666666643,1609.2192299564254
221.69999999999763,1477.4368086173856
221.73333333333096,1298.1873174943537
221.7666666666643,1077.0018164553728
221.7999999999976,823.7415156494117
221.83333333333096,579.6905129577107
221.8666666666643,398.9807665660496
221.8999999999976,318.764869911535
221.93333333333092,306.93275549584365
221.96666666666428,313.792173554889
221.9999999999976,304.3756356566279
222.03333333333092,280.91475516241053
222.06666666666428,251.41773698306807
222.0999999999976,223.39190012154117
222.1333333333309,203.53607433206705
222.16666666666427,198.13005306534055
222.1999999999976,204.7262940196651
222.23333333333093,211.6940783671875
222.26666666666424,207.9784342027896
222.2999999999976,195.3678805187083
222.33333333333093,184.47634053475429
222.36666666666423,184.47942806058697
222.3999999999976,192.85701455528613
222.4333333333309,201.92998491053288
222.46666666666425,205.41949897265167
222.4999999999976,203.3007231106442
222.5333333333309,197.27050952126396
222.56666666666425,191.50852687507376
222.5999999999976,196.92169854909795
222.6333333333309,225.3777964676041
222.66666666666424,275.2492052893949
222.6999999999976,321.72443321254923
222.7333333333309,338.48470859009035
222.76666666666424,321.12305543944984
222.7999999999976,289.64645327584014
222.8333333333309,264.6267028028737
222.86666666666423,256.8272237813574
222.8999999999976,269.8921593860338
222.9333333333309,304.69027457725605
222.96666666666425,341.8828881274411
222.9999999999976,352.71927795375973
223.0333333333309,317.09091062350245
223.06666666666425,255.257952103578
223.09999999999755,199.1762111659648
223.13333333333088,170.2940268052752
223.1666666666642,160.14921271862343
223.19999999999757,155.07422479026252
223.23333333333088,148.83667459302504
223.2666666666642,148.5337357459058
223.29999999999757,162.2552442276971
223.33333333333087,186.10495694811004
223.3666666666642,202.31566023264512
223.39999999999756,193.82189018084395
223.4333333333309,164.86746274824654
223.4666666666642,135.71447687732157
223.49999999999756,124.51640756071906
223.5333333333309,129.3478490291735
223.5666666666642,138.61308333346767
223.59999999999752,142.91984577496666
223.63333333333085,143.742140238225
223.66666666666416,145.80629283091
223.69999999999752,151.81678496261762
223.73333333333085,158.55905730998316
223.76666666666415,161.7648347510152
223.7999999999975,159.48993167324963
223.83333333333084,154.05212813249705
223.86666666666417,148.21232992920218
223.8999999999975,144.31647226453595
223.93333333333084,144.2212821004542
223.96666666666417,149.42312234045292
223.9999999999975,156.50935816577152
224.03333333333083,158.32002184326848
224.06666666666416,149.71500428199806
224.0999999999975,142.80139733354366
224.1333333333308,158.09939068232663
224.16666666666416,208.22334391313743
224.1999999999975,267.2052990363694
224.2333333333308,297.42001551815974
224.26666666666412,276.59787883404
224.29999999999748,227.69678543412743
224.3333333333308,181.84252192653895
224.36666666666412,158.55204471812203
224.39999999999748,156.00276986259547
224.4333333333308,170.02947416568307
224.4666666666641,194.85236882743405
224.49999999999747,222.79006778554097
224.5333333333308,246.4476071674333
224.56666666666413,264.23786389419365
224.59999999999744,278.9884760642717
224.6333333333308,292.5815123082125
224.66666666666413,298.3660286251336
224.69999999999743,285.5614384944533
224.7333333333308,248.6629126402601
224.7666666666641,207.5442892488395
224.79999999999745,189.65054955915645
224.8333333333308,209.2349948984425
224.8666666666641,242.30009195420016
224.89999999999745,258.14511700132147
224.9333333333308,243.93116208016545
224.9666666666641,219.07007298940195
224.99999999999744,205.84304080730087
225.0333333333308,210.91608390019385
225.0666666666641,222.9368402627735
225.09999999999744,230.27584651168533
225.1333333333308,231.55610735080893
225.1666666666641,233.00977752245436
225.19999999999743,239.88757539026443
225.2333333333308,248.36500700474969
225.2666666666641,250.34959928157892
225.29999999999745,239.94346015031832
225.3333333333308,221.50662483430304
225.3666666666641,202.36012877670063
225.39999999999745,189.36437774758164
225.43333333333075,188.0923231097897
225.46666666666408,203.79340988722183
225.4999999999974,233.3295930576962
225.53333333333077,258.9853737644312
225.56666666666408,262.2263167524884
225.5999999999974,242.35881239192275
225.63333333333077,218.46836237672431
225.66666666666407,209.2603554121588
225.6999999999974,214.71094134704305
225.73333333333076,221.49087422324263
225.7666666666641,218.771047830799
225.7999999999974,216.25843349327545
225.83333333333076,232.8492802753384
225.8666666666641,280.6146495606382
225.8999999999974,341.6495588162716
225.93333333333072,389.8909720142945
225.96666666666405,408.51682069444297
225.99999999999736,405.04738831080726
226.03333333333072,390.9401875528287
226.06666666666405,375.9937240139415
226.09999999999735,367.2859854661454
226.1333333333307,371.4409665134777
226.16666666666404,390.0597773212695
226.19999999999737,419.4968308619089
226.2333333333307,455.5804834932544
226.26666666666404,490.74042233858654
226.29999999999737,515.1412714789999
226.3333333333307,520.1827718671545
226.36666666666403,505.9504563587057
226.39999999999736,476.14878596104097
226.4333333333307,435.9889976288073
226.46666666666405,396.7063960537502
226.49999999999736,371.0414040125245
226.5333333333307,367.7727292858028
226.566666666664,386.04108289840985
226.59999999999732,423.4768252293643
226.63333333333068,473.5888148316272
226.666666666664,523.6331484686559
226.69999999999732,560.903696765358
226.73333333333068,584.7890355203256
226.766666666664,606.3503401443797
226.7999999999973,635.318106581629
226.83333333333067,661.8367764847197
226.866666666664,664.0545549556679
226.89999999999733,624.6726279654106
226.9333333333307,555.4143442007687
226.966666666664,479.0127030162368
226.99999999999733,414.188150577789
227.03333333333063,364.984689781684
227.066666666664,332.09975401977886
227.09999999999727,314.32291119557374
227.13333333333065,306.2425355366446
227.166666666664,301.9360659676894
227.1999999999973,297.65959453874467
227.23333333333065,292.6685455476453
227.266666666664,286.41233609863264
227.2999999999973,277.89415349041
227.33333333333064,265.7270721957799
227.366666666664,249.5963002397625
227.3999999999973,239.4574250149426
227.43333333333064,250.9252664173362
227.466666666664,293.9537101437569
227.4999999999973,347.4745288083392
227.53333333333063,379.9554650380558
227.566666666664,370.80662951769415
227.5999999999973,334.6403268220871
227.63333333333065,293.06930033933514
227.666666666664,260.36039880860346
227.6999999999973,236.4186584098235
227.73333333333065,219.5740684840511
227.76666666666395,211.1819596697921
227.79999999999728,216.3056961517149
227.8333333333306,239.39952135754376
227.86666666666397,272.2566680916624
227.89999999999728,296.8440485773388
227.9333333333306,297.15252570236936
227.96666666666397,275.64428510651794
227.99999999999727,243.73549454064556
228.0333333333306,211.73269198310552
228.06666666666396,184.46223622114823
228.09999999999727,165.14381147461228
228.1333333333306,155.82599092623212
228.16666666666396,155.298386267003
228.1999999999973,161.79855299516572
228.2333333333306,174.3834550256616
228.26666666666392,193.50633818587744
228.29999999999723,219.42835626478197
228.3333333333306,243.84644268249923
228.36666666666392,249.2889255007875
228.39999999999725,220.40182387783028
228.43333333333055,173.5654053414549
228.4666666666639,146.56976615708774
228.49999999999724,170.4549512265226
228.53333333333055,227.6263112718828
228.5666666666639,280.23882820025267
228.59999999999724,299.10570394427305
228.63333333333057,289.6712818388436
228.6666666666639,265.9607069867582
228.69999999999723,239.08124005947744
228.73333333333056,213.23788970802
228.7666666666639,191.62703681386
228.79999999999723,176.89397877472112
228.83333333333056,170.88008363774998
228.8666666666639,175.18731211261175
228.8999999999972,187.9406749383241
228.93333333333052,204.0766350820093
228.96666666666388,218.48596503075385
228.9999999999972,226.7791506572229
229.03333333333052,224.9794194985932
229.06666666666388,210.73171271165776
229.0999999999972,190.7535197928157
229.1333333333305,174.92401186715577
229.16666666666387,170.063233011878
229.1999999999972,172.92418460070024
229.2333333333305,178.2177752655025
229.26666666666387,183.68338898429005
229.2999999999972,193.0462769857712
229.33333333333053,210.49848098955425
229.36666666666383,232.14549803143808
229.3999999999972,244.17162432075176
229.43333333333047,233.3948482725304
229.46666666666383,205.19648057052925
229.4999999999972,179.24389137093763
229.5333333333305,173.3507393049914
229.56666666666385,187.74362978460127
229.5999999999972,214.2831195075817
229.6333333333305,247.12268018915756
229.66666666666384,291.0696842185406
229.6999999999972,353.93544511993633
229.7333333333305,431.1973645337208
229.76666666666384,485.36344919488937
229.7999999999972,474.0327563895623
229.8333333333305,391.8230566716206
229.86666666666383,293.5173797340553
229.8999999999972,237.4766179818222
229.9333333333305,236.4411604563272
229.96666666666383,256.9362148898035
229.9999999999972,265.9579685668291
230.0333333333305,259.04873583588284
230.06666666666385,249.77834156082943
230.09999999999715,250.3956972034157
230.13333333333048,263.16685650889474
230.16666666666384,286.52433400950383
230.19999999999715,317.8230285281082
230.23333333333048,350.55968783549
230.2666666666638,377.3648573590531
230.29999999999717,391.4589234185208
230.33333333333047,387.324973823246
230.3666666666638,359.83752929268474
230.39999999999716,313.0093784636176
230.43333333333047,262.8729627406733
230.4666666666638,225.4824764213953
230.49999999999716,203.75776658761112
230.5333333333305,189.84875520123484
230.5666666666638,176.86465975498663
230.59999999999712,168.78089332878426
230.63333333333048,175.0633550896704
230.6666666666638,201.4143085217939
230.69999999999712,235.1903175104144
230.73333333333045,258.235226090192
230.76666666666375,258.841434184693
230.7999999999971,243.4179207285057
230.83333333333044,221.5118433028887
230.86666666666375,201.194847485022
230.8999999999971,188.04302395481145
230.93333333333044,187.24983843078357
230.96666666666377,200.4694287866186
230.9999999999971,225.6519576224224
231.03333333333043,260.138237241486
231.06666666666376,296.1750591094319
231.0999999999971,322.7039809090371
231.13333333333043,331.24069248040524
231.16666666666376,330.06782987351704
231.1999999999971,334.0517545665517
231.2333333333304,352.03412561761974
231.26666666666372,370.7132657108775
231.29999999999708,371.7668488547199
231.3333333333304,346.4514592400861
231.36666666666372,306.7075035153983
231.39999999999708,267.0391403510671
231.4333333333304,236.6772571810545
231.4666666666637,217.90299745479305
231.49999999999707,212.30450251281755
231.5333333333304,217.8929693186845
231.5666666666637,229.75878813206512
231.59999999999707,242.8931896764984
231.6333333333304,252.1724160207695
231.66666666666373,252.41523488599293
231.69999999999703,240.0505850375021
231.7333333333304,219.12495420337189
231.76666666666367,195.9381134811848
231.79999999999703,179.11591166567368
231.8333333333304,183.65560108424933
231.8666666666637,225.34206984602363
231.89999999999705,299.2679804015793
231.9333333333304,366.5486533997273
231.9666666666637,386.7707445811738
231.99999999999704,357.70955457588366
232.0333333333304,315.7392977832313
232.0666666666637,295.56005322711195
232.09999999999704,294.3973192272781
232.1333333333304,286.16045747383413
232.1666666666637,250.04816859392972
232.19999999999703,199.2606866415848
232.2333333333304,159.67467151313988
232.2666666666637,148.61055934342647
232.29999999999703,153.79983994301833
232.3333333333304,156.67884359790963
232.3666666666637,150.06788712990522
232.39999999999705,149.86485830581054
232.43333333333035,174.13756156431216
232.46666666666368,219.36124429971744
232.49999999999704,255.37034106417636
232.53333333333035,254.1276364679861
232.56666666666368,242.9610723660688
232.599999999997,291.2616807908943
232.63333333333037,451.9754963955319
232.66666666666367,644.7713950904536
232.699999999997,727.9909982241022
232.73333333333036,605.1258061045612
232.76666666666367,374.9094225559484
232.799999999997,188.295558830676
232.83333333333036,135.68745177889602
232.8666666666637,157.26188750445073
232.899999999997,171.42114907321286
232.93333333333032,157.14628737041076
232.96666666666368,183.5504014780672
232.999999999997,322.0602680580125
233.03333333333032,545.7626246153254
233.06666666666365,738.022434193993
233.09999999999695,795.0541410494995
233.1333333333303,767.551455368291
233.16666666666364,792.1138931527123
233.19999999999695,963.647038774249
233.2333333333303,1152.5851902431098
233.26666666666364,1155.7879924898168
233.29999999999697,868.0762026889881
233.3333333333303,479.0689871625133
233.36666666666363,232.0613415141298
233.39999999999696,234.23913696810652
233.4333333333303,351.302688110386
233.46666666666363,427.6534632655521
233.49999999999696,400.51008427886194
233.5333333333303,307.29066057221684
233.5666666666636,192.52464420463264
233.59999999999692,126.26484603980724
233.63333333333028,195.3970200011081
233.6666666666636,457.8328890944019
233.69999999999692,784.6877077014841
233.73333333333028,973.6624778925508
233.7666666666636,891.0037081275809
233.7999999999969,650.7946760916157
233.83333333333027,422.56075725361
233.8666666666636,309.92798969923695
233.8999999999969,278.6175158616315
233.93333333333027,277.7096625230157
233.9666666666636,281.05689530811554
233.99999999999693,293.7265944850542
234.03333333333023,320.90713731706467
234.0666666666636,339.8392159622457
234.09999999999687,306.2726253228437
234.13333333333023,197.4815507697676
234.1666666666636,159.53301990515197
234.1999999999969,416.4115679945895
234.23333333333025,1093.183465331279
234.2666666666636,1891.3648548646736
234.2999999999969,2400.1232728445025
234.33333333333024,2379.3411655503546
234.3666666666636,2005.5644451176436
234.3999999999969,1516.2264400215086
234.43333333333024,1073.516494846882
234.4666666666636,730.3771789182379
234.4999999999969,527.4148734639091
234.53333333333023,435.6234037122251
234.5666666666636,364.55043102807576
234.5999999999969,242.6056582240584
234.63333333333023,188.27504235742117
234.6666666666636,421.20481397816695
234.6999999999969,1068.823003397475
234.73333333333025,1796.168118225407
234.76666666666355,2125.3399006913487
234.79999999999688,1789.9090969174647
234.83333333333024,1118.3542699350307
234.86666666666355,540.1549199674818
234.89999999999688,282.32180855543345
234.9333333333302,237.43748912575296
234.96666666666357,269.407220785896
234.99999999999687,302.708605021812
235.0333333333302,322.29628115126945
235.06666666666356,317.2981765679546
235.09999999999687,293.3244371396384
235.1333333333302,265.9256778153125
235.16666666666356,248.0341248197511
235.1999999999969,236.8934654327064
235.2333333333302,224.20623910580653
235.26666666666355,211.25896960790948
235.29999999999688,230.01879979708912
235.3333333333302,318.1625808603351
235.36666666666352,470.8226361428817
235.39999999999685,604.2065289584525
235.43333333333015,628.757994712441
235.4666666666635,533.9372725400999
235.49999999999685,397.1853647127499
235.53333333333015,295.69274093782235
235.5666666666635,246.87048750076684
235.59999999999684,227.93091229764323
235.63333333333017,218.4543821625687
235.6666666666635,218.07328581622727
235.69999999999683,234.36344629202807
235.73333333333017,277.8538708014468
235.7666666666635,369.5958763573026
235.79999999999683,532.8942686386586
235.83333333333016,775.2985545554234
235.8666666666635,1071.9629706205646
235.8999999999968,1392.564096286519
235.93333333333013,1655.7948498675682
235.96666666666349,1717.9161883449678
235.9999999999968,1448.1143355173454
236.03333333333012,950.9186501243385
236.06666666666348,504.60836653279927
236.0999999999968,348.83110863426
236.1333333333301,417.12564714802784
236.16666666666347,509.4323469874127
236.1999999999968,476.5485135571912
236.2333333333301,372.9084098273326
236.26666666666347,303.2196336574527
236.2999999999968,342.2659623969959
236.33333333333013,497.564223679767
236.36666666666343,765.766301480618
236.3999999999968,1074.646700154424
236.43333333333013,1260.4998008584744
236.46666666666343,1167.7264446178087
236.4999999999968,868.9761075147139
236.5333333333301,619.1645050533231
236.56666666666345,641.2017755038175
236.5999999999968,866.2818042609294
236.6333333333301,1087.6295825391262
236.66666666666345,1147.7325074559571
236.6999999999968,1104.597320152165
236.7333333333301,1074.0170675745212
236.76666666666344,1116.7739722158144
236.7999999999968,1160.3674963450924
236.8333333333301,1114.0532429436776
236.86666666666343,961.2345173473566
236.8999999999968,790.6431446137398
236.9333333333301,694.53415159892
236.96666666666343,686.4247232504496
236.9999999999968,712.8115684851009
237.0333333333301,723.9685885926514
237.06666666666345,720.3946613805896
237.09999999999675,727.9224819262967
237.13333333333009,774.8709461201468
237.16666666666345,900.1019501221363
237.19999999999675,1145.3862206317517
237.23333333333008,1498.331791280329
237.2666666666634,1807.188585960797
237.29999999999677,1900.460212334866
237.33333333333007,1735.9726836970171
237.3666666666634,1465.268853250716
237.39999999999677,1249.3595507220414
237.43333333333007,1127.276361389867
237.4666666666634,1028.9665006788532
237.49999999999676,888.9542862791454
237.5333333333301,717.6360664441233
237.5666666666634,565.594447194352
237.59999999999675,472.4443115745519
237.63333333333009,422.9695556463625
237.6666666666634,385.42803670776783
237.69999999999672,346.9589050577692
237.73333333333005,345.5206194431193
237.76666666666335,426.7139702727954
237.79999999999671,586.3933209851532
237.83333333333005,742.9559843488452
237.86666666666335,811.5061428485329
237.8999999999967,775.7463387935522
237.93333333333004,682.9127940492807
237.96666666666337,591.8228095191342
237.9999999999967,647.5716082398717
238.03333333333003,1042.514609322611
238.06666666666337,1877.0649067734628
238.0999999999967,2789.100126391504
238.13333333333003,3272.39595804417
238.16666666666336,3034.200575771113
238.1999999999967,2373.41498489594
238.23333333333,1688.066433791592
238.26666666666333,1213.3147762392334
238.2999999999967,924.5318129065976
238.33333333333,773.3695635649751
238.36666666666332,701.2379874717416
238.39999999999668,639.8628865399787
238.43333333333,529.0807360962554
238.46666666666331,390.3641535411613
238.49999999999667,290.7414510582717
238.53333333333,278.40725805437114
238.5666666666633,303.13240348563994
238.59999999999667,283.51130010446263
238.63333333333,197.62127001835648
238.66666666666333,190.62656521680657
238.69999999999663,434.2261861541402
238.73333333333,928.204426948898
238.76666666666333,1395.5208977696625
238.79999999999663,1545.9548718647973
238.83333333333,1339.6794386844297
238.8666666666633,975.1264949782208
238.89999999999665,646.8303974249055
238.93333333333,420.3395881000292
238.9666666666633,288.9643047878103
238.99999999999665,241.32334543248663
239.03333333333,246.1792367171874
239.0666666666633,265.9984795484061
239.09999999999664,273.2160409934912
239.13333333333,268.19831399007853
239.1666666666633,256.14921619162016
239.19999999999663,241.2017883453008
239.23333333333,225.77382350581595
239.2666666666633,212.6194881469963
239.29999999999663,214.68545880078943
239.33333333333,254.53926919084785
239.3666666666633,361.7962609329181
239.39999999999665,629.5953637642455
239.43333333332995,1186.24942877078
239.4666666666633,2070.516047390732
239.49999999999665,2870.2110861556075
239.53333333332995,3032.514858263258
239.56666666666328,2292.9127702664127
239.5999999999966,1179.8112329594471
239.63333333332997,351.11763055388315
239.66666666666328,116.60376197000808
239.6999999999966,239.50553116547897
239.73333333332997,443.98388858436834
239.76666666666327,629.2936804728869
239.7999999999966,856.2940072833904
239.83333333332996,1174.3752069919003
239.8666666666633,1471.5017185677566
239.8999999999966,1548.5867568895103
239.93333333332995,1268.2911916489818
239.9666666666633,797.0465127470943
239.9999999999966,393.14452974487966
240.03333333332992,225.6379210860917
240.06666666666325,226.43335827472168
240.09999999999656,289.039380321688
240.13333333332992,337.9434087909446
240.16666666666325,344.6043750364568
240.19999999999655,288.05597040239456
240.2333333333299,216.004876634833
240.26666666666324,237.24315935624247
240.29999999999657,450.3113028197933
240.3333333333299,845.3881370065027
240.36666666666324,1356.603938964498
240.39999999999657,1895.1485817268533
240.4333333333299,2268.4116246259505
240.46666666666323,2254.2328526952583
240.49999999999656,1793.0892004323118
240.5333333333299,1236.458941144517
240.5666666666632,993.491097454106
240.59999999999656,1161.3416528189766
240.6333333333299,1386.890472224953
240.6666666666632,1302.4185194019356
240.69999999999652,894.3385412583253
240.73333333332988,448.2690197977004
240.7666666666632,225.5897616659676
240.79999999999652,212.83235495909247
240.83333333332988,262.28036231689805
240.8666666666632,279.82355868022046
240.8999999999965,407.14773717927073
240.93333333332987,849.0163735377805
240.9666666666632,1624.5630062299672
240.99999999999653,2313.5182730599586
241.03333333332984,2440.9894858896528
241.0666666666632,1914.6577772941305
241.09999999999653,1160.2218381718951
241.13333333332983,620.93461423363
241.1666666666632,439.7352878417857
241.1999999999965,522.0682263571745
241.23333333332985,761.2353032153978
241.2666666666632,1008.1134619157068
241.2999999999965,1094.3216186273785
241.33333333332985,912.3800412244004
241.3666666666632,597.7769171582636
241.3999999999965,346.0491592161049
241.43333333332984,268.07955069302494
241.4666666666632,289.82891661215814
241.4999999999965,314.359627760207
241.53333333332984,299.2833071351087
241.5666666666632,270.5243670229316
241.5999999999965,256.7728747319602
241.63333333332983,265.2829759923732
241.6666666666632,287.67712088180264
241.6999999999965,314.73941940330985
241.73333333332985,333.97921195679737
241.7666666666632,331.5473250427495
241.7999999999965,300.2010685705407
241.83333333332985,256.5506407098166
241.86666666666315,222.50323878025003
241.89999999999648,209.3186366913592
241.9333333333298,207.09931145202887
241.96666666666317,203.82782944415783
241.99999999999648,198.69990063024252
242.0333333333298,203.71523396248116
242.06666666666317,229.9962785459679
242.09999999999647,269.6765759976256
242.1333333333298,302.3153729082633
242.16666666666316,312.2383162488754
242.1999999999965,313.84553351006593
242.2333333333298,332.74438189424814
242.26666666666316,385.6614987233803
242.2999999999965,460.69347352054007
242.3333333333298,540.1420280026521
242.36666666666312,601.8731764530364
242.39999999999645,615.845812077304
242.43333333332976,552.9892569984681
242.46666666666312,427.33744633942825
242.49999999999645,297.1674988504255
242.53333333332975,217.6866955545542
242.5666666666631,191.3939910436124
242.59999999999644,189.5959854408528
242.63333333332977,189.25721635460496
242.6666666666631,199.36524047806057
242.69999999999644,239.42424934356683
242.73333333332977,317.01320909500373
242.7666666666631,405.9911542932432
242.79999999999643,474.6181706327788
242.83333333332976,511.0439946002267
242.8666666666631,534.7995373799898
242.8999999999964,566.5458407995253
242.93333333332976,595.0683563800123
242.9666666666631,580.1673480537329
242.9999999999964,489.5449782878257
243.03333333332972,369.8121289113011
243.06666666666308,308.6150062930184
243.0999999999964,369.1187701297286
243.13333333332972,501.31630372924735
243.16666666666308,623.045900184061
243.1999999999964,675.1354543844978
243.2333333333297,654.7260709200258
243.26666666666307,569.3148674937694
243.2999999999964,510.7638681110567
243.33333333332973,687.1982677849079
243.36666666666304,1290.642571645849
243.3999999999964,2127.95871245252
243.43333333332973,2700.364990385269
243.46666666666303,2581.646658680261
243.4999999999964,1944.972079649836
243.5333333333297,1232.5149922425228
243.56666666666305,789.6064347089405
243.5999999999964,581.6381520192399
243.6333333333297,482.3100600467314
243.66666666666305,407.1529290994268
243.6999999999964,359.3854468784183
243.7333333333297,353.2108460858486
243.76666666666304,401.1560417641742
243.7999999999964,513.756779113106
243.8333333333297,696.392231468457
243.86666666666304,891.2385839840524
243.8999999999964,997.3973062704868
243.9333333333297,934.1649526315956
243.96666666666303,750.1242890987112
243.9999999999964,542.9618816129682
244.0333333333297,390.473193590376
244.06666666666305,305.7220204923988
244.0999999999964,288.5384816410676
244.1333333333297,325.25363956837685
244.16666666666305,378.2629576283019
244.19999999999635,409.0835140733652
244.23333333332968,416.1740494711834
244.266666666663,435.2996183933725
244.29999999999637,498.9096333756453
244.33333333332968,589.8211123447351
244.366666666663,662.3000858835579
244.39999999999637,680.0234669050782
244.43333333332967,655.9046956383123
244.466666666663,618.3415910185915
244.49999999999636,585.3427007173278
244.5333333333297,547.1135655613895
244.566666666663,489.5813213517381
244.59999999999636,415.7857121750823
244.6333333333297,354.1389653522083
244.666666666663,332.9132285864717
244.69999999999632,342.3825693959438
244.73333333332965,340.67203010476976
244.76666666666296,292.2784233710709
244.79999999999632,220.26197914710835
244.83333333332965,175.57516199801557
244.86666666666295,193.41548495918775
244.8999999999963,243.86367521141037
244.93333333332964,280.4698300341909
244.96666666666297,278.0008270291338
244.9999999999963,257.5949243331986
245.03333333332964,246.03276956287752
245.06666666666297,253.5064503749497
245.0999999999963,269.88352328129923
245.13333333332963,284.3930735846829
245.16666666666296,294.07828660045544
245.1999999999963,301.4318492670096
245.23333333332965,308.6626563544121
245.26666666666296,315.5094971833233
245.2999999999963,320.7577153726213
245.3333333333296,322.4245692489838
245.36666666666292,316.02882149687645
245.39999999999628,296.64044557682377
245.4333333333296,264.60423207889033
245.46666666666292,229.597417918314
245.49999999999628,202.19104061325396
245.5333333333296,191.5489387461028
245.5666666666629,205.42850611279303
245.59999999999627,249.54579394771167
245.6333333333296,310.308705782038
245.66666666666293,363.230790120632
245.6999999999963,390.7522724685163
245.7333333333296,409.8103051298064
245.76666666666293,447.8323559382182
245.79999999999623,511.8266717423689
245.8333333333296,556.2535518580416
245.8666666666629,528.3263852561381
245.89999999999625,427.3107030696406
245.9333333333296,326.3163582072253
245.9666666666629,300.2727956716259
245.99999999999625,363.5035128962739
246.0333333333296,481.6483039122157
246.0666666666629,620.4324971105882
246.09999999999624,756.3368776001656
246.1333333333296,870.6466875674472
246.1666666666629,943.943971890434
246.19999999999624,954.0679932540404
246.2333333333296,878.4349063756895
246.2666666666629,725.6494778230932
246.29999999999623,567.152827240379
246.3333333333296,479.8465246927816
246.3666666666629,480.7080101506826
246.39999999999625,519.279176527317
246.4333333333296,545.0791524235237
246.4666666666629,548.1949818445271
246.49999999999625,544.4426467010856
246.53333333332955,545.836627414252
246.56666666666288,541.0238309557913
246.5999999999962,510.6031883589795
246.63333333332957,446.9959215619292
246.66666666666288,376.7261760484233
246.6999999999962,332.1215902207988
246.73333333332957,326.6756532447004
246.76666666666287,344.3767285293355
246.7999999999962,367.1311500381922
246.83333333332956,385.9614626794439
246.8666666666629,399.9208347167571
246.8999999999962,408.3770175677808
246.93333333332956,411.0249883361304
246.9666666666629,407.7200485982289
246.9999999999962,398.0406825013744
247.03333333332952,380.4118764336215
247.06666666666283,353.0793506838681
247.0999999999962,337.4225829648613
247.13333333332952,405.3506859913177
247.16666666666285,631.5243800052893
247.19999999999615,960.4788591183888
247.2333333333295,1179.5768752414544
247.26666666666284,1088.5460591174638
247.29999999999615,757.8737483280814
247.3333333333295,441.60135488707306
247.36666666666284,351.26356348881444
247.39999999999617,424.52299716683376
247.4333333333295,498.10743827646
247.46666666666283,461.7638927993342
247.49999999999616,368.2047867864113
247.5333333333295,300.6186403422818
247.56666666666283,296.95778046982
247.59999999999616,320.6373198392222
247.6333333333295,329.6718075263008
247.6666666666628,313.0657132239125
247.69999999999612,288.3467382653181
247.73333333332948,275.4088822593732
247.7666666666628,305.3667606675539
247.79999999999612,415.0605050064472
247.83333333332948,620.163972209378
247.8666666666628,844.8949391007521
247.8999999999961,989.017688302248
247.93333333332947,993.9854718193844
247.9666666666628,895.0607850020144
247.9999999999961,740.2109665969755
248.03333333332947,573.4949273869892
248.0666666666628,434.1435220111104
248.09999999999613,363.8869758371213
248.13333333332943,440.1360394693512
248.1666666666628,764.9120534919055
248.19999999999607,1392.630418850679
248.23333333332943,2087.334772403854
248.2666666666628,2504.699846978013
248.2999999999961,2422.967141939088
248.33333333332945,1999.218272036681
248.3666666666628,1462.5641765788794
248.3999999999961,983.318799330326
248.43333333332944,634.8260023153795
248.4666666666628,476.74285971164215
248.4999999999961,477.40943763088296
248.53333333332944,521.4940557456114
248.5666666666628,509.64495919128535
248.5999999999961,504.645263693045
248.63333333332943,651.153947975043
248.6666666666628,1033.4049730603824
248.6999999999961,1476.968869055739
248.73333333332943,1739.5383120401111
248.7666666666628,1700.3863613369024
248.7999999999961,1506.3751180418951
248.83333333332945,1337.924175344198
248.86666666666275,1306.7292353634073
248.89999999999608,1441.781028343359
248.9333333333294,1756.653324318445
248.96666666666275,2136.8274026004947
248.99999999999608,2382.212606233077
249.0333333333294,2327.182976117152
249.06666666666277,2014.3812090609608
249.09999999999607,1561.1294688248722
249.1333333333294,1099.8767674566411
249.16666666666276,807.314263693896
249.19999999999607,864.8676228589409
249.2333333333294,1244.7110945235245
249.26666666666276,1590.3734372944152
249.2999999999961,1537.010103969558
249.3333333333294,1088.868489096093
249.36666666666272,570.9245536779829
249.39999999999608,282.456607533224
249.4333333333294,235.4323985530828
249.46666666666272,305.43281652313453
249.49999999999605,386.8076767041431
249.53333333332935,451.0496781220029
249.5666666666627,488.67728434844736
249.59999999999604,496.4982804461309
249.63333333332935,484.1792470003813
249.6666666666627,463.36121475774047
249.69999999999604,457.09395003746
249.73333333332937,501.16847509463537
249.7666666666627,623.9941434661869
249.79999999999603,766.0951367073002
249.83333333332936,813.8992973551105
249.8666666666627,688.0407417319459
249.89999999999603,492.2111612955857
249.93333333332936,389.62647723203776
249.9666666666627,472.67884744472485
249.999999999996,645.2190922306736
250.03333333332932,781.3810607229468
250.06666666666268,817.8764170340869
250.099999999996,780.5192157240658
250.13333333332932,702.1847253179285
250.16666666666268,619.6013325016074
250.199999999996,572.5209504692148
250.2333333333293,591.8747682581975
250.26666666666267,646.9502446143547
250.299999999996,680.950674092236
250.3333333333293,653.3040065607445
250.36666666666267,579.9190311013145
250.399999999996,489.19137606894526
250.43333333332933,435.4984866369007
250.46666666666263,520.1528471454124
250.499999999996,846.7412816162167
250.53333333332927,1459.1282106934402
250.56666666666263,2342.213403344741
250.599999999996,3442.608932687821
250.6333333333293,4377.750330211521
250.66666666666265,4587.75854455511
250.699999999996,3711.4578760353575
250.7333333333293,2285.233564574391
250.76666666666264,1095.2808994160312
250.799999999996,607.6716357745404
250.8333333333293,556.8702690988869
250.86666666666264,581.7483644996234
250.899999999996,533.0969394257642
250.9333333333293,522.3770857437539
250.96666666666263,664.9377083459874
250.999999999996,926.3306095558614
251.0333333333293,1171.1617104416928
251.06666666666263,1280.7208932252752
251.099999999996,1243.05453133716
251.1333333333293,1084.3123140005653
251.16666666666265,860.8900667019017
251.19999999999595,716.3044132327886
251.23333333332928,808.3980921529318
251.26666666666264,1221.3470432512388
251.29999999999595,1927.2639602488744
251.33333333332928,2879.0770638812146
251.3666666666626,3864.896636492892
251.39999999999597,4535.8587066666405
251.43333333332927,4626.2456913632095
251.4666666666626,4512.406137954494
251.49999999999596,4857.214705659883
251.53333333332927,6000.178810711132
251.5666666666626,7102.476257949023
251.59999999999596,7064.905744170855
251.6333333333293,5513.867949667272
251.6666666666626,3433.2722248041496
251.69999999999592,1928.6965204818891
251.73333333332928,1462.5869716747193
251.7666666666626,1845.903220002684
251.79999999999592,2831.381489832367
251.83333333332925,3896.50003791807
251.86666666666255,4367.679764829542
251.8999999999959,3775.8017599581913
251.93333333332924,2585.02629152721
251.96666666666255,1522.4984314298738
251.9999999999959,1036.6151523622104
252.03333333332924,937.2705233279688
252.06666666666257,949.98700058646
252.0999999999959,958.5663939826446
252.13333333332923,1040.374375257988
252.16666666666256,1280.2781319617336
252.1999999999959,1711.2027771440764
252.23333333332923,2331.5542454418423
252.26666666666256,3108.3522335166576
252.2999999999959,3836.1864631089866
252.3333333333292,4249.737135875183
252.36666666666252,4184.729261001648
252.39999999999588,3759.165120733876
252.4333333333292,3139.5854298229488
252.46666666666252,2474.8757322273777
252.49999999999588,1888.0660142004792
252.5333333333292,1493.521544972332
252.5666666666625,1301.9319266072991
252.59999999999587,1241.649608753956
252.6333333333292,1266.4055194972448
252.6666666666625,1520.5040833474327
252.69999999999587,2228.5375382551942
252.7333333333292,3443.534205655308
252.76666666666253,4636.829995609827
252.79999999999583,5161.337432466792
252.8333333333292,4750.983495574141
252.86666666666247,3803.1852567658734
252.89999999999583,2772.002082772743
252.9333333333292,1908.021691152336
252.9666666666625,1270.9372953101586
252.99999999999585,901.6084550491778
253.0333333333292,744.1643203027347
253.0666666666625,694.1618977842642
253.09999999999584,667.5625482899508
253.1333333333292,664.9152191273988
253.1666666666625,708.2083488764367
253.19999999999584,805.7906835585813
253.2333333333292,937.9520865297316
253.2666666666625,1081.1440496635903
253.29999999999583,1201.3106780607434
253.3333333333292,1252.8688292626632
253.3666666666625,1196.8630151030202
253.39999999999583,1068.8122872765657
253.4333333333292,948.1599697477632
253.4666666666625,903.5173770672236
253.49999999999585,948.2101496291804
253.53333333332915,1078.7168264329644
253.56666666666248,1257.167415451072
253.59999999999584,1362.7655473009495
253.63333333332915,1266.8467011011646
253.66666666666248,1003.6416747058807
253.6999999999958,814.4255474925952
253.73333333332917,929.052638362605
253.76666666666247,1264.859064858107
253.7999999999958,1525.47791761624
253.83333333332916,1469.948112172026
253.86666666666247,1198.0928554368352
253.8999999999958,930.6713494161692
253.93333333332916,822.5401960537225
253.9666666666625,842.6583153911334
253.9999999999958,927.748893266659
254.03333333332915,1026.4635030117472
254.06666666666248,1104.8680246775089
254.0999999999958,1132.0704100211356
254.13333333332912,1102.7355082078675
254.16666666666245,1031.5522086029348
254.19999999999575,936.5316763805448
254.2333333333291,854.3470199325036
254.26666666666245,829.3282380517663
254.29999999999575,879.9458559201989
254.3333333333291,940.3964056312254
254.36666666666244,928.7404259655868
254.39999999999577,835.1954251987916
254.4333333333291,769.9716180989885
254.46666666666243,847.1635162389545
254.49999999999577,1041.1954055147316
254.5333333333291,1202.464860183674
254.56666666666243,1196.7420610294866
254.59999999999576,1042.902916672664
254.6333333333291,831.5528514827346
254.6666666666624,643.4657012471281
254.69999999999573,521.1796309016996
254.73333333332909,498.1197107594677
254.7666666666624,587.0078029989174
254.79999999999572,761.6722657128333
254.83333333332908,990.1989622909464
254.8666666666624,1207.506417370797
254.8999999999957,1315.473893095665
254.93333333332907,1229.34548897557
254.9666666666624,997.0156365958932
254.9999999999957,736.3735548725314
255.03333333332907,545.3278217253759
255.0666666666624,434.472371306246
255.09999999999573,391.2456730328189
255.13333333332903,396.7011009393073
255.1666666666624,418.4547812456356
255.19999999999573,423.1669099368786
255.23333333332903,398.1579752092454
255.2666666666624,353.609230128298
255.2999999999957,301.0964579532426
255.33333333332905,254.34855265944964
255.3666666666624,228.35866730116425
255.3999999999957,233.25212744343332
255.43333333332905,255.9329058123297
255.4666666666624,276.4383231036273
255.4999999999957,282.08899407002264
255.53333333332904,277.2304367890268
255.5666666666624,268.54101327769985
255.5999999999957,259.47934005304705
255.63333333332903,249.5844174031424
255.6666666666624,238.2486315463476
255.6999999999957,225.9179169047142
255.73333333332903,213.71878205695955
255.7666666666624,204.00637791963447
255.7999999999957,205.5632834394193
255.83333333332905,229.2681873517366
255.86666666666235,278.1375277370428
255.89999999999569,334.9624560614253
255.93333333332905,379.4163759619416
255.96666666666235,394.8117328295184
255.99999999999568,369.2888248136416
256.03333333332904,297.6517802938476
256.0666666666624,257.6326857330852
256.09999999999576,385.2582030209964
256.1333333333291,774.2866327091987
256.1666666666625,1266.1725876189748
256.19999999999584,1611.6956374496956
256.2333333333292,1646.8228087640596
256.26666666666256,1446.6883585109872
256.2999999999959,1127.6153759859897
256.3333333333293,785.8770391907952
256.36666666666264,489.0322238011265
256.399999999996,298.5980192854136
256.43333333332936,220.23326359512143
256.4666666666627,217.3168347975912
256.4999999999961,254.94899285985463
256.53333333332944,315.697061154908
256.5666666666628,388.92632222227513
256.59999999999616,469.6520301692467
256.6333333333295,569.9377115919579
256.6666666666629,704.5600293089826
256.69999999999624,859.3361326220044
256.7333333333296,975.7393908270308
256.76666666666296,994.959920639464
256.7999999999963,913.9293621487318
256.8333333333297,774.5439994787347
256.86666666666304,619.9439175799375
256.8999999999964,493.0110424397477
256.93333333332976,436.5126377932138
256.9666666666631,468.4977145399024
256.9999999999965,527.1474029066079
257.03333333332984,535.2700837090342
257.0666666666632,465.192027001801
257.09999999999656,369.5251253702578
257.1333333333299,305.7114011825991
257.1666666666633,287.3671430486859
257.19999999999663,290.81244467569053
257.23333333333,295.6227711284243
257.2666666666633,313.46988544538243
257.2999999999967,370.1204374839701
257.3333333333301,488.077771660712
257.36666666666343,678.4986782912073
257.3999999999968,949.7337635229763
257.4333333333301,1279.9296282950731
257.4666666666635,1595.8894927325682
257.4999999999969,1820.4872753163984
257.53333333333023,1896.538548706152
257.5666666666636,1784.583687520796
257.5999999999969,1463.9624573988344
257.6333333333303,1052.0844256082275
257.6666666666637,729.7139680186616
257.69999999999703,617.4373838707806
257.7333333333304,620.0069387691773
257.7666666666637,594.9548408079912
257.7999999999971,477.08069598981257
257.8333333333305,337.5170921493493
257.86666666666383,257.90708018646126
257.8999999999972,252.53411571775848
257.9333333333305,273.7703748920688
257.9666666666639,276.95479920954386
257.99999999999727,258.9983913751292
258.03333333333063,236.5306545157778
258.066666666664,229.92084075974836
258.0999999999973,272.88255120984275
258.1333333333307,401.6476393711835
258.16666666666407,599.4443749466934
258.19999999999743,753.4124686482123
258.2333333333308,746.5921900815483
258.2666666666641,586.8618574245543
258.2999999999975,399.5739096076158
258.33333333333087,306.25552781099685
258.36666666666423,360.4408999323472
258.3999999999976,582.6835723846109
258.4333333333309,958.7993874489524
258.4666666666643,1344.647522633508
258.49999999999767,1566.338502849386
258.53333333333103,1533.5309545835464
258.5666666666644,1309.9081876436271
258.5999999999977,976.322038020956
258.6333333333311,625.6855053059804
258.66666666666447,362.4165578191332
258.69999999999783,275.0818736383529
258.7333333333312,318.23611630905
258.76666666666455,380.66116998789454
258.7999999999979,377.2923456140895
258.83333333333127,324.2285115751014
258.8666666666646,261.52597208794435
258.899999999998,220.86326365589676
258.93333333333135,218.3750621819467
258.9666666666647,267.5343724881988
258.99999999999807,361.0928879352403
259.0333333333314,471.9647859696309
259.0666666666648,572.5163542807112
259.09999999999815,637.1583883543212
259.1333333333315,641.3064531592814
259.16666666666487,585.0940987618807
259.1999999999982,562.4603530377886
259.2333333333316,688.4911147198276
259.26666666666495,965.4874098806536
259.2999999999983,1187.3348610871988
259.33333333333167,1136.1139211056216
259.366666666665,819.6563935191471
259.3999999999984,460.5481778780137
259.43333333333175,264.7008627516872
259.4666666666651,233.02120531907087
259.49999999999847,266.6201780053987
259.5333333333318,284.30677513421966
259.5666666666652,273.7049444629314
259.59999999999854,238.96878662131624
259.6333333333319,224.55034904671584
259.66666666666526,348.2994133700816
259.6999999999986,730.8221077081458
259.733333333332,1389.650368296774
259.76666666666534,2245.852853846978
259.7999999999987,3192.5461891769087
259.83333333333206,3930.20026517924
259.8666666666654,4067.3682095242007
259.8999999999988,3381.5579874398354
259.93333333333214,2270.108895520336
259.9666666666655,1269.3949411114245
259.99999999999886,684.0192725291117
260.0333333333322,406.7995817487963
260.0666666666656,291.11229724331685
260.09999999999894,247.5751427620372
260.1333333333323,238.98202969089093
260.16666666666566,233.39076031712895
260.199999999999,224.5848824320334
260.2333333333324,218.2507926963689
260.26666666666574,218.2538183260749
260.2999999999991,221.8077234639455
260.33333333333246,224.88389137679783
260.3666666666658,241.3785104838447
260.3999999999992,315.9350410189032
260.43333333333254,492.7880966045869
260.4666666666659,752.9077268637678
260.49999999999926,1021.6596698402556
260.5333333333326,1232.4685326846318
260.566666666666,1391.48468650266
260.59999999999934,1537.1280998358332
260.6333333333327,1673.900670123244
260.66666666666606,1691.689766221724
260.6999999999994,1458.265386914959
260.7333333333328,979.0653028077728
260.76666666666614,485.2114019965678
260.7999999999995,216.2723595162564
260.83333333333286,198.51501786259763
260.8666666666662,279.2543053946091
260.8999999999996,320.49133434179
260.93333333333294,323.48618628995234
260.9666666666663,348.1217831215717
260.99999999999966,458.5881556610488
261.033333333333,732.097652484485
261.0666666666664,1245.3753369120884
261.09999999999974,1890.9196997681795
261.1333333333331,2275.489072811249
261.16666666666646,2016.862843252905
261.1999999999998,1290.1018678573168
261.2333333333332,712.0179661198212
261.26666666666654,790.3541044137227
261.2999999999999,1255.7655582331265
261.33333333333326,1532.3241138114097
261.3666666666666,1260.064195677539
261.4,720.8515162926916
261.43333333333334,310.32117478367616
261.4666666666667,196.3376228643711
261.50000000000006,215.8179574161537
261.5333333333334,193.41400568381945
261.5666666666668,148.53274519918017
261.60000000000014,244.9439560836399
261.6333333333335,599.461062077542
261.66666666666686,1031.441862128152
261.7000000000002,1251.61354961096
261.7333333333336,1097.3720938252695
261.76666666666694,752.948668304086
261.8000000000003,458.293840228112
261.83333333333366,325.21809497024856
261.866666666667,292.81685080198133
261.9000000000004,291.8613798487607
261.93333333333374,302.0831719769
261.9666666666671,336.7934876374693
262.00000000000045,404.0920425830768
262.0333333333338,480.4982101918619
262.0666666666672,531.9865654147355
262.10000000000053,536.867595693901
262.1333333333339,504.3057574015693
262.16666666666725,448.3376624363661
262.2000000000006,387.5568797099566
262.233333333334,346.1995508570548
262.26666666666733,345.2636395249024
262.3000000000007,365.5429268010576
262.33333333333405,362.5942035342279
262.3666666666674,317.8508609917157
262.4000000000008,340.1796890939214
262.43333333333413,576.4393570442861
262.4666666666675,1037.8741752761448
262.50000000000085,1428.8369226867917
262.5333333333342,1422.321733741529
262.5666666666676,1003.466540043264
262.60000000000093,509.03931803927327
262.6333333333343,266.28062971471513
262.66666666666765,324.1385009356517
262.700000000001,573.4836092587498
262.7333333333344,897.9934948812829
262.76666666666773,1158.0952389385875
262.8000000000011,1208.6300959470664
262.83333333333445,1004.323964412832
262.8666666666678,702.6358584241486
262.9000000000012,485.95375687947296
262.93333333333453,545.3559963396153
262.9666666666679,1080.7399792076965
263.00000000000125,2220.430393405796
263.0333333333346,3476.656867876122
263.066666666668,4048.73162183093
263.10000000000133,3416.1897250894685
263.1333333333347,2136.907436786484
263.16666666666805,1021.9216802717236
263.2000000000014,512.8058404576229
263.2333333333348,384.45194098148033
263.26666666666813,350.26396254310686
263.3000000000015,287.21739092367346
263.33333333333485,220.32149581966877
263.3666666666682,177.4850242887455
263.4000000000016,168.57264173128314
263.43333333333493,195.3559281326744
263.4666666666683,251.27301709019235
263.50000000000165,302.16343601970016
263.533333333335,308.61142535438074
263.5666666666684,261.9195971218862
263.6000000000017,202.24609840296
263.6333333333351,171.78257828395556
263.66666666666845,176.04408661903113
263.7000000000018,191.25462644438005
263.7333333333352,196.20874840151
263.7666666666685,191.17352291659824
263.8000000000019,184.79978760854084
263.83333333333525,182.5303714336327
263.8666666666686,180.53144470576717
263.900000000002,173.4883680796271
263.9333333333353,164.0790502298152
263.9666666666687,166.0894882284697
264.00000000000205,192.3613978029594
264.0333333333354,232.90682320196285
264.0666666666688,261.82766737879257
264.1000000000021,257.86552065319205
264.1333333333355,226.50993948200383
264.16666666666885,182.22990134565717
264.2000000000022,142.62162865594863
264.2333333333356,132.96837131735342
264.2666666666689,178.54967165055157
264.3000000000023,266.2023570060765
264.33333333333564,336.4827243401252
264.366666666669,333.6970668394025
264.4000000000024,270.87626224168423
264.4333333333357,202.34145962350604
264.4666666666691,172.79349967299805
264.50000000000244,180.6852252127589
264.5333333333358,211.33795536294903
264.5666666666692,248.52353129972704
264.6000000000025,272.7686433581872
264.6333333333359,265.0649221947662
264.66666666666924,227.72209630038583
264.7000000000026,185.0768726697277
264.733333333336,159.89209948130946
264.7666666666693,152.59882737411158
264.8000000000027,152.21439894072998
264.83333333333604,150.3301973152509
264.8666666666694,148.6356064906605
264.9000000000028,151.16372521064676
264.9333333333361,157.80251810325294
264.9666666666695,161.10068285096455
265.00000000000284,153.75183420212824
265.0333333333362,144.9433735135562
265.0666666666696,158.34364777627965
265.1000000000029,213.2211245081392
265.1333333333363,294.4985387265705
265.16666666666964,372.3871108127272
265.200000000003,421.9468771151073
265.2333333333364,433.5795698708465
265.2666666666697,400.9390116559469
265.3000000000031,331.6691053767877
265.33333333333644,254.1994573453665
265.3666666666698,197.21647940810456
265.4000000000032,169.31973668054326
265.4333333333365,164.2906246155285
265.4666666666699,175.04008251575067
265.50000000000324,191.49251199515928
265.5333333333366,202.52606433824693
265.56666666667,200.92432566544568
265.6000000000033,189.4914216395508
265.6333333333367,172.6623396244719
265.66666666667004,156.50420641853677
265.7000000000034,149.10395456636363
265.7333333333368,157.19812182095575
265.7666666666701,171.5399349619099
265.8000000000035,173.10140003866124
265.83333333333684,154.3519864495809
265.8666666666702,161.12202377064634
265.9000000000036,254.21118454640737
265.9333333333369,443.7628439997037
265.9666666666703,633.9128340748939
266.00000000000364,718.9415444599887
266.033333333337,675.9282762134575
266.0666666666704,566.5783249915457
266.1000000000037,452.0683272412428
266.1333333333371,356.98042696478484
266.16666666667044,287.59310701037714
266.2000000000038,247.4655465336413
266.2333333333372,230.70313776461649
266.2666666666705,229.30109571973145
266.3000000000039,239.2888762639287
266.33333333333724,263.5511073477881
266.3666666666706,304.5452356380531
266.400000000004,346.1576254773049
266.4333333333373,356.75566090743354
266.4666666666707,314.39734051086924
266.50000000000404,263.62036493346886
266.5333333333374,275.63899074201083
266.5666666666708,381.4596182160117
266.6000000000041,495.4233446519064
266.6333333333375,512.6771612128874
266.66666666667084,408.0724773548279
266.7000000000042,265.85432437834334
266.73333333333755,172.5384439227734
266.7666666666709,144.63167233073267
266.8000000000043,151.39250912387752
266.83333333333763,164.49319187993726
266.866666666671,172.37017094149482
266.90000000000435,168.79156833682725
266.9333333333377,152.64063137531042
266.9666666666711,134.47564757667297
267.00000000000443,126.18820315295622
267.0333333333378,131.721922076401
267.06666666667115,146.26948365192112
267.1000000000045,164.62265749317274
267.1333333333379,182.020562473602
267.16666666667123,193.9424896787881
267.2000000000046,196.8073218947554
267.23333333333795,190.70971434784363
267.2666666666713,176.66662310782883
267.3000000000047,157.6717301838738
267.33333333333803,140.26835518924997
267.3666666666714,130.97180967916782
267.40000000000475,129.01125280387637
267.4333333333381,127.2387994607455
267.4666666666715,120.45202205462267
267.50000000000483,118.25888311280384
267.5333333333382,136.4703923499864
267.56666666667155,180.4886636947118
267.6000000000049,224.4042803839053
267.63333333333827,237.05903805167955
267.66666666667163,215.54400399962245
267.700000000005,196.7135309655141
267.73333333333835,217.0247796788544
267.7666666666717,269.9627844335894
267.80000000000507,319.47959789773995
267.83333333333843,335.29429336764446
267.8666666666718,319.77411865267266
267.90000000000515,285.74880822327054
267.9333333333385,244.82253130687235
267.96666666667187,205.7789045490303
268.00000000000523,176.77355690806382
268.0333333333386,159.55182493423018
268.06666666667195,148.8252081657451
268.1000000000053,139.50329934048858
268.13333333333867,131.53449291842904
268.16666666667203,127.54280541475391
268.2000000000054,129.27990719543095
268.23333333333875,135.05014135579825
268.2666666666721,142.36939266888578
268.30000000000547,152.13053022951576
268.3333333333388,171.1368401397714
268.3666666666722,205.74900476493283
268.40000000000555,244.2666074306765
268.4333333333389,259.677468227671
268.46666666667227,230.6949607298096
268.5000000000056,176.64676523895756
268.533333333339,133.17093340220345
268.56666666667235,123.316064548903
268.6000000000057,134.1062960362096
268.63333333333907,146.44907804015293
268.6666666666724,152.07580543439192
268.7000000000058,157.156356455385
268.73333333333915,168.54986647657816
268.7666666666725,189.44869114717443
268.80000000000587,220.67527687200496
268.8333333333392,260.0131792620789
268.8666666666726,290.97746816541127
268.90000000000595,292.9230160693604
268.9333333333393,258.43779561706845
268.96666666667267,208.12104851100705
269.000000000006,165.7112310102691
269.0333333333394,144.93080378389192
269.06666666667275,149.3725531164661
269.1000000000061,180.29197228166336
269.13333333333946,223.70221433050327
269.1666666666728,258.2458597899785
269.2000000000062,267.9292027098109
269.23333333333954,255.39578632338709
269.2666666666729,227.33598274809887
269.30000000000626,192.8052656572338
269.3333333333396,164.58175872863526
269.366666666673,154.85667484327948
269.40000000000634,162.43474596226088
269.4333333333397,175.96091838336056
269.46666666667306,185.8315718906186
269.5000000000064,193.8489127022086
269.5333333333398,205.8322921263332
269.56666666667314,223.42340370366085
269.6000000000065,237.8669631410699
269.63333333333986,239.14985336950127
269.6666666666732,227.5061134626914
269.7000000000066,215.14616124894985
269.73333333333994,213.5855495615643
269.7666666666733,221.0641045693412
269.80000000000666,228.3839222899651
269.83333333334,227.86137145825688
269.8666666666734,218.23349486822968
269.90000000000674,199.8861767839515
269.9333333333401,176.44820779657502
269.96666666667346,157.39190111439592
270.0000000000068,152.31639102835103
270.0333333333402,162.16291902806353
270.06666666667354,180.41149334282963
270.1000000000069,199.8626715821805
270.13333333334026,210.45435238745685
270.1666666666736,200.98055510103157
270.200000000007,171.17922395409784
270.23333333334034,151.76051185840484
270.2666666666737,177.86948683456524
270.30000000000706,244.9319053055524
270.3333333333404,296.3808832719708
270.3666666666738,278.61403381717247
270.40000000000714,210.4296858295177
270.4333333333405,155.9853232465814
270.46666666667386,166.77127894259013
270.5000000000072,233.7110311627992
270.5333333333406,330.5326681905363
270.56666666667394,424.69413740242015
270.6000000000073,471.11996637239946
270.63333333334066,426.3372098145815
270.666666666674,311.5451611250397
270.7000000000074,209.20546605988093
270.73333333334074,191.12822617652895
270.7666666666741,233.2922126368537
270.80000000000746,269.0109969301902
270.8333333333408,253.36116336322897
270.8666666666742,209.7850358938395
270.90000000000754,174.6177573767945
270.9333333333409,166.25956202224893
270.96666666667426,177.6338762241781
271.0000000000076,200.1254801356166
271.033333333341,230.1195373882246
271.06666666667434,267.3879435619172
271.1000000000077,307.5507499402771
271.13333333334106,325.4717662407906
271.1666666666744,289.8311084156397
271.2000000000078,203.89037652418864
271.23333333334114,145.1602639402162
271.2666666666745,196.9061928398315
271.30000000000786,352.3693476359784
271.3333333333412,514.0117229333114
271.3666666666746,590.8355735592826
271.40000000000794,574.9731590713944
271.4333333333413,497.9454746690246
271.46666666667466,393.0090571281615
271.500000000008,298.3792123115764
271.5333333333414,252.6359202616773
271.56666666667473,258.546355958526
271.6000000000081,265.4148321218565
271.63333333334145,224.65801540916092
271.6666666666748,173.52526703961234
271.7000000000082,210.07404568602783
271.73333333334153,406.6715583439393
271.7666666666749,696.6032853518519
271.80000000000825,968.5826228536704
271.8333333333416,1136.2649817955253
271.866666666675,1168.95277498705
271.90000000000833,1046.707993589573
271.9333333333417,829.5375929813732
271.96666666667505,660.5602612679509
272.0000000000084,662.4993969864055
272.0333333333418,760.494474874332
272.06666666667513,783.4599808986129
272.1000000000085,624.359575320005
272.13333333334185,395.3888803144092
272.1666666666752,253.5157650413108
272.2000000000086,263.56893250067264
272.23333333334193,350.4557309083637
272.2666666666753,431.0323499094259
272.30000000000865,471.407310705826
272.333333333342,473.0151190407117
272.36666666667537,440.8502672456909
272.4000000000088,394.4128939381623
272.4333333333421,357.8413602963576
272.46666666667545,341.8194042892758
272.5000000000088,326.93605441131325
272.53333333334217,291.63383937060314
272.5666666666756,262.02727670251653
272.6000000000089,313.71202302077967
272.63333333334225,505.32621925995073
272.6666666666756,739.9376218780351
272.70000000000897,845.3508187969073
272.7333333333424,715.5363382853186
272.7666666666757,467.5928660196357
272.80000000000905,263.73714402844854
272.8333333333424,183.5577216261924
272.86666666667577,183.11959001075823
272.9000000000092,210.57973725577577
272.9333333333425,242.947879447986
272.96666666667585,277.51301208741745
273.0000000000092,309.7466604712455
273.03333333334257,323.8045904434928
273.0666666666759,300.38613581157495
273.1000000000093,240.7876962819128
273.13333333334265,190.95230896190608
273.166666666676,201.09281728975665
273.20000000000937,285.0142128082363
273.2333333333427,419.9868573844968
273.2666666666761,578.062308827717
273.30000000000945,703.4110807301961
273.3333333333428,727.2671132930843
273.36666666667617,619.3536691119358
273.4000000000095,472.3260375222466
273.4333333333429,401.6724777165255
273.46666666667625,445.1369067396048
273.5000000000096,529.7352975148557
273.53333333334297,580.8773139931809
273.5666666666763,607.3701790539329
273.6000000000097,673.6047137248536
273.63333333334305,812.8003177163353
273.6666666666764,905.8808259379688
273.70000000000977,789.927752396757
273.7333333333431,468.4188999967717
273.7666666666765,282.68273667057326
273.80000000000985,593.0879910820089
273.8333333333432,1308.6590803957538
273.86666666667657,1914.4427177877467
273.9000000000099,1957.3314585186647
273.9333333333433,1536.8287619579887
273.96666666667664,990.2854869877556
274.00000000001,582.0023494438246
274.03333333334336,359.5948358368359
274.0666666666767,330.5386624139411
274.1000000000101,475.4406710361057
274.13333333334344,739.6116934664666
274.1666666666768,1062.8866573414575
274.20000000001016,1351.8277373401147
274.2333333333435,1492.6606988944588
274.2666666666769,1408.3265678183943
274.30000000001024,1179.799109180889
274.3333333333436,929.7040776309152
274.36666666667696,728.1121930120487
274.4000000000103,548.4091314572908
274.4333333333437,361.18774835252265
274.46666666667704,269.9846619214579
274.5000000000104,491.504394661986
274.53333333334376,1172.4061065007154
274.5666666666771,2000.014420758367
274.6000000000105,2485.316266444882
274.63333333334384,2335.20241789754
274.6666666666772,1766.7439603889627
274.70000000001056,1078.800498024097
274.7333333333439,568.9849334211028
274.7666666666773,533.4472853713919
274.80000000001064,1203.3483704063196
274.833333333344,2208.9498865618425
274.86666666667736,2855.174265239154
274.9000000000107,2660.1068187372944
274.9333333333441,1945.3596468920184
274.96666666667744,1215.7890387337088
275.0000000000108,758.318566088789
275.03333333334416,508.0646435726801
275.0666666666775,371.5101848383233
275.1000000000109,302.6897635505341
275.13333333334424,291.1244653357205
275.1666666666776,327.2823554922138
275.20000000001096,402.1444616352924
275.2333333333443,506.75053962457673
275.2666666666777,608.5408311479669
275.30000000001104,622.2747874427055
275.3333333333444,464.2021903493903
275.36666666667776,254.3843248098544
275.4000000000111,319.792960741927
275.4333333333445,923.5097595455896
275.46666666667784,1768.374089780914
275.5000000000112,2298.2751163423677
275.53333333334456,2156.5296505914757
275.5666666666779,1612.3083246395747
275.6000000000113,1052.2887248547568
275.63333333334464,683.6395332613645
275.666666666678,467.0243455599272
275.70000000001136,346.71603740426724
275.7333333333447,283.8893186311681
275.7666666666781,250.4015848001769
275.80000000001144,223.36193948478572
275.8333333333448,202.1275718679984
275.86666666667816,192.0775948330455
275.9000000000115,192.04975474994376
275.9333333333449,188.7199245803592
275.96666666667824,169.3159103292183
276.0000000000116,153.8289609719764
276.03333333334496,190.10694306057653
276.0666666666783,311.8100393267225
276.1000000000117,459.9766528104721
276.13333333334504,540.5937044553835
276.1666666666784,501.56365067722
276.20000000001176,397.1088945251558
276.2333333333451,296.7920921821983
276.2666666666785,234.1984318189551
276.30000000001183,202.15352438743943
276.3333333333452,191.18585889414848
276.3666666666785,190.94673933294416
276.4000000000119,190.6353740128832
276.4333333333453,182.9718262305116
276.46666666667863,172.9302052312755
276.500000000012,168.2696998509359
276.5333333333453,183.6056466161869
276.5666666666787,243.8670234189284
276.6000000000121,369.9164369685912
276.63333333334543,520.1301468971546
276.6666666666788,609.8941119272756
276.7000000000121,577.1710707250126
276.7333333333455,471.8871799284962
276.7666666666789,377.1085403783588
276.80000000001223,338.78940820638434
276.8333333333456,328.62531131014345
276.8666666666789,310.75582522706645
276.9000000000123,274.2425443405887
276.9333333333457,230.71886218886823
276.96666666667903,192.649069049498
277.0000000000124,172.59953808193566
277.0333333333457,183.16027407267745
277.0666666666791,226.77912644640583
277.10000000001247,278.774493018426
277.13333333334583,310.5073505076969
277.1666666666792,310.2002172203268
277.2000000000125,286.02127104292674
277.2333333333459,247.8780507670373
277.26666666667927,211.03879064719504
277.30000000001263,193.6438094509809
277.333333333346,204.3297884327244
277.3666666666793,217.45128023105465
277.4000000000127,200.36821915249905
277.43333333334607,162.34862280540767
277.46666666667943,177.20497514313954
277.5000000000128,315.3830250118108
277.5333333333461,531.9296778205523
277.5666666666795,701.1653443523113
277.60000000001287,730.0912037875627
277.63333333334623,691.6954781183367
277.6666666666796,708.4897990541853
277.7000000000129,825.9440906528921
277.7333333333463,934.8834017944566
277.76666666667967,917.1159891594724
277.80000000001303,836.7080620181544
277.8333333333464,922.1912164251892
277.86666666667975,1343.5570502965336
277.9000000000131,1852.4757984408704
277.93333333334647,2034.013515881626
277.9666666666798,1677.8273608612117
278.0000000000132,1111.7859496101687
278.03333333334655,741.9260497905966
278.0666666666799,699.3412130234352
278.10000000001327,797.5417699922441
278.1333333333466,851.2272567424061
278.16666666668,840.7981517466994
278.20000000001335,832.6515800642716
278.2333333333467,865.3471838497782
278.26666666668007,878.9540593851691
278.3000000000134,793.6895174486586
278.3333333333468,600.9827827323096
278.36666666668015,397.1425773059249
278.4000000000135,279.491780941232
278.43333333334687,255.8508372386559
278.4666666666802,274.5681655516866
278.5000000000136,290.0077704806001
278.53333333334695,288.6018991828827
278.5666666666803,266.0530831370762
278.60000000001367,240.0153863310628
278.633333333347,269.33243988045746
278.6666666666804,411.6203505231635
278.70000000001374,625.6347663606354
278.7333333333471,787.0183735105994
278.76666666668046,791.1107079904117
278.8000000000138,665.170544609455
278.8333333333472,484.8822396579416
278.86666666668054,343.175942352211
278.9000000000139,374.10150305948
278.93333333334726,709.1440162926525
278.9666666666806,1261.858938224005
279.000000000014,1715.9372770022708
279.03333333334734,1788.5773070714197
279.0666666666807,1542.6841068252825
279.10000000001406,1202.9609968634252
279.1333333333474,949.9615750264422
279.1666666666808,826.169273159958
279.20000000001414,846.3508910383625
279.2333333333475,970.4670995537338
279.26666666668086,1086.3441308966258
279.3000000000142,1116.3069095265791
279.3333333333476,1388.6092982022014
279.36666666668094,2470.5367958869338
279.4000000000143,4653.383307555891
279.43333333334766,7134.119128427986
279.466666666681,8848.16333057409
279.5000000000144,9196.226456275586
279.53333333334774,8341.004437515176
279.5666666666811,6542.505151072392
279.60000000001446,4432.080985740215
279.6333333333478,2912.809366018096
279.6666666666812,2656.908168649796
279.70000000001454,3151.5155792489904
279.7333333333479,3516.814511804145
279.76666666668126,3245.1370654167627
279.8000000000146,2586.702065983186
279.833333333348,1876.950836336201
279.86666666668134,1318.4142973448909
279.9000000000147,993.925875695422
279.93333333334806,952.4770738736166
279.9666666666814,1055.0968059358345
280.0000000000148,1089.6692949702126
280.03333333334814,1037.6943435496082
280.0666666666815,1371.3139771354306
280.10000000001486,2614.2381387348146
280.1333333333482,4605.17719829095
280.1666666666816,6429.038263297814
280.20000000001494,7227.037506587099
280.2333333333483,6910.426466146287
280.26666666668166,5764.0558924409725
280.300000000015,4125.01165747934
280.3333333333484,2487.172847099347
280.36666666668174,1366.5497124069586
280.4000000000151,918.9064662509802
280.43333333334846,818.0990544451272
280.4666666666818,729.9482970498846
280.5000000000152,586.6530917732078
280.53333333334854,478.4587013118414
280.5666666666819,468.65509906988206
280.60000000001526,506.8734928893322
280.6333333333486,515.5919401838541
280.666666666682,461.8179008788626
280.70000000001534,384.7177197073218
280.7333333333487,327.5635895344216
280.76666666668206,300.1121115457594
280.8000000000154,288.0634174904131
280.8333333333488,278.97144959569044
280.86666666668214,271.9084820389857
280.9000000000155,269.4130809653766
280.93333333334886,272.2979058545784
280.9666666666822,277.99375972948
281.0000000000156,283.3672132867993
281.03333333334893,282.22831747660865
281.0666666666823,265.756805679216
281.10000000001565,231.1307042354975
281.133333333349,211.79300265296143
281.1666666666824,254.43922542273245
281.20000000001573,369.8270310431915
281.2333333333491,483.7082647064052
281.26666666668245,512.5380700012131
281.3000000000158,444.4473572915153
281.3333333333492,340.9786546786311
281.36666666668253,260.71240441631875
281.4000000000159,216.08361176633449
281.43333333334925,198.98655535534488
281.4666666666826,201.24197943642264
281.500000000016,214.72863556826417
281.53333333334933,231.380734790602
281.5666666666827,244.64287463641472
281.60000000001605,249.7898954376361
281.6333333333494,243.013244593084
281.6666666666828,227.7921191544567
281.70000000001613,211.4739641284487
281.7333333333495,199.75597060621112
281.76666666668285,192.5557020206885
281.8000000000162,188.53643499016565
281.8333333333496,185.5509512092021
281.86666666668293,180.29565787875413
281.9000000000163,169.85456468031876
281.93333333334965,156.63279541260465
281.966666666683,146.36890138079266
282.0000000000164,143.07818342665828
282.03333333334973,143.48616272902285
282.0666666666831,142.52585260733483
282.10000000001645,141.02326947608802
282.1333333333498,149.66447926558564
282.1666666666832,178.79768993682458
282.20000000001653,221.0169673730264
282.2333333333499,255.90959343993035
282.26666666668325,266.44646366540474
282.3000000000166,253.61447197768427
282.33333333335,223.9569183390749
282.36666666668333,190.8436921931144
282.4000000000167,180.99131099842955
282.43333333335005,220.16497355830157
282.4666666666834,290.5453134927593
282.5000000000168,337.26912251063544
282.53333333335013,316.2077741826764
282.5666666666835,252.31588821244324
282.60000000001685,195.30870148661765
282.6333333333502,176.15390187145937
282.6666666666836,183.0319763018608
282.7000000000169,198.4786962733651
282.7333333333503,211.3327136164707
282.76666666668365,216.6040837331651
282.800000000017,210.5796711985813
282.8333333333504,196.522696533384
282.8666666666837,180.6175098949231
282.9000000000171,167.85351204198375
282.93333333335045,160.0317325418089
282.9666666666838,158.51344012742757
283.0000000000172,166.98661925057732
283.0333333333505,191.74741399766904
283.0666666666839,237.704211688578
283.10000000001725,297.4499558192317
283.1333333333506,357.62326990444427
283.166666666684,404.28805536562186
283.2000000000173,421.8666933662795
283.2333333333507,394.99117233312535
283.26666666668405,327.8263691170236
283.3000000000174,249.46278573183267
283.3333333333508,189.40666316399228
283.3666666666841,165.7129814979575
283.4000000000175,190.1080021177108
283.43333333335084,262.0754946392755
283.4666666666842,338.121887878393
283.5000000000176,366.0016398631964
283.5333333333509,329.7740518342153
283.5666666666843,265.9625947377126
283.60000000001764,213.19582157297225
283.633333333351,187.87476641631437
283.6666666666844,192.48138238042597
283.7000000000177,223.42157059622352
283.7333333333511,253.38507965675416
283.76666666668444,249.55721203572148
283.8000000000178,212.982392349137
283.8333333333512,199.84223799992637
283.8666666666845,265.3033753280935
283.9000000000179,384.68495542672713
283.93333333335124,477.0918917585796
283.9666666666846,479.6903307476782
284.000000000018,418.2370354945277
284.0333333333513,343.787452234198
284.0666666666847,288.70480784208667
284.10000000001804,251.21188177160468
284.1333333333514,226.7834071155149
284.1666666666848,224.59965149589505
284.2000000000181,264.6092405524493
284.2333333333515,357.4023227294945
284.26666666668484,463.2894160154986
284.3000000000182,526.4405554129005
284.3333333333516,517.8715536112061
284.3666666666849,463.33520906783366
284.4000000000183,394.7011760523075
284.43333333335164,333.8924415639762
284.466666666685,294.1702967623476
284.5000000000184,284.8159894211316
284.5333333333517,293.4767293278227
284.5666666666851,299.98883552584084
284.60000000001844,295.0350065648128
284.6333333333518,293.87864068329526
284.6666666666852,314.26606480270874
284.7000000000185,354.751883297966
284.7333333333519,395.4885024009613
284.76666666668524,421.2121255015152
284.8000000000186,451.5788664142074
284.833333333352,520.254279318791
284.8666666666853,637.7005063947956
284.9000000000187,756.2300453477144
284.93333333335204,824.1603822697971
284.9666666666854,914.1640450088412
285.0000000000188,1229.3870018110872
285.0333333333521,1944.5428306257304
285.0666666666855,2981.7876218532697
285.10000000001884,4151.244713174076
285.1333333333522,5204.800583211862
285.1666666666856,5735.555907122665
285.2000000000189,5326.81624979505
285.2333333333523,4071.894792079941
285.26666666668564,2646.059154340147
285.300000000019,1682.5721618055525
285.3333333333524,1219.0937139758223
285.3666666666857,1005.1840841472172
285.4000000000191,845.4305885277652
285.43333333335244,715.501441865754
285.4666666666858,622.7516584590876
285.5000000000192,563.0525728039472
285.5333333333525,518.1095874005049
285.5666666666859,470.82306602939343
285.60000000001924,422.4958563396818
285.6333333333526,384.0724972007969
285.666666666686,363.1623256457157
285.7000000000193,356.20270309154046
285.7333333333527,357.3043480753029
285.76666666668604,358.5796566560081
285.8000000000194,349.49190454141507
285.83333333335275,321.0114175967679
285.8666666666861,280.55104471791145
285.9000000000195,244.78692412302445
285.93333333335283,225.7980091276901
285.9666666666862,219.08207403113408
286.00000000001955,216.56382502416463
286.0333333333529,214.01449377055957
286.0666666666863,212.65283080358844
286.10000000001963,214.35568160918768
286.133333333353,223.59253648509556
286.16666666668635,246.39233935575425
286.2000000000197,284.2352081379194
286.2333333333531,321.3117907715429
286.26666666668643,337.94499452521416
286.3000000000198,326.64999696682406
286.33333333335315,298.27848129452275
286.3666666666865,264.7426505860222
286.4000000000199,232.77024465452072
286.43333333335323,205.78236357560291
286.4666666666866,186.92579109360656
286.50000000001995,178.45719568658407
286.5333333333533,182.33509059328543
286.5666666666867,195.7793787113312
286.60000000002003,208.48737914963868
286.6333333333534,210.4335482603928
286.66666666668675,203.21092841039425
286.7000000000201,196.21755960841344
286.73333333335347,197.1789410438328
286.76666666668683,206.07606803861077
286.8000000000202,220.78826992606284
286.83333333335355,236.3319284490748
286.8666666666869,242.9551690701563
286.90000000002027,231.4943066597068
286.93333333335363,206.40233383086544
286.966666666687,181.70356783056008
287.00000000002035,169.0934661832211
287.0333333333537,168.9551939329792
287.06666666668707,178.48623264533202
287.10000000002043,193.01516351712576
287.1333333333538,204.625340908848
287.16666666668715,206.3892248890077
287.2000000000205,209.57293608593827
287.23333333335387,238.73758895923447
287.26666666668723,309.0870638080875
287.3000000000206,390.7461148146665
287.33333333335395,440.9341512765544
287.3666666666873,438.5796392252801
287.40000000002067,401.6755346110053
287.433333333354,351.8098418510122
287.4666666666874,303.4690861200164
287.50000000002075,265.7793651084233
287.5333333333541,246.20300097914895
287.56666666668747,244.80180918111807
287.6000000000208,259.3562898164124
287.6333333333542,282.56834848342623
287.66666666668755,297.7325210311913
287.7000000000209,288.7919014873765
287.73333333335427,264.8981170548142
287.7666666666876,254.73344786443616
287.800000000021,279.48467376130066
287.83333333335435,320.5867280464486
287.8666666666877,347.57819804627104
287.90000000002107,376.522370053632
287.9333333333544,511.6560836321689
287.9666666666878,866.8030894725593
288.00000000002115,1551.9826869259468
288.0333333333545,2674.2078951107624
288.06666666668787,4214.718845906527
288.1000000000212,5517.792498554628
288.1333333333546,5731.366899375053
288.16666666668795,4584.870273795312
288.2000000000213,2927.8167418490725
288.23333333335466,1693.3905088128768
288.266666666688,1119.9740765269823
288.3000000000214,889.5021811815689
288.33333333335474,714.8295357244775
288.3666666666881,547.7562962305104
288.40000000002146,416.4427267511506
288.4333333333548,334.947154693086
288.4666666666882,289.83819437908454
288.50000000002154,264.90006520490243
288.5333333333549,250.00502509962325
288.56666666668826,239.93586785197863
288.6000000000216,230.3163297007429
288.633333333355,220.39018137249437
288.66666666668834,210.5730165022643
288.7000000000217,202.10082994272625
288.73333333335506,197.80876206715965
288.7666666666884,200.40653368121744
288.8000000000218,207.61446778197717
288.83333333335514,213.125252370038
288.8666666666885,211.6197175610248
288.90000000002186,203.46700631791992
288.9333333333552,190.86807515514803
288.9666666666886,176.46378050545366
289.00000000002194,163.74830491370705
289.0333333333553,156.13892146895233
289.06666666668866,154.26057641360654
289.100000000022,156.49650844004591
289.1333333333554,160.9078758043571
289.16666666668874,164.2328691888731
289.2000000000221,162.82306212298568
289.23333333335546,157.1201932940223
289.2666666666888,155.43575143014868
289.3000000000222,166.2492564789999
289.33333333335554,186.669765744218
289.3666666666889,204.78529501573465
289.40000000002226,210.28109397516928
289.4333333333556,202.1238838082358
289.466666666689,182.2150189388757
289.50000000002234,154.98369630241902
289.5333333333557,129.63997321321776
289.56666666668906,115.40942761930508
289.6000000000224,113.64776859257272
289.6333333333558,119.57931958197968
289.66666666668914,128.40584324427547
289.7000000000225,136.0142786468691
289.73333333335586,138.54143370049704
289.7666666666892,136.1751553341278
289.8000000000226,136.59164211938088
289.83333333335594,147.35801013729116
289.8666666666893,162.54957879928708
289.90000000002266,165.98496194614484
289.933333333356,146.30390969589337
289.9666666666894,116.34416659644486
290.00000000002274,96.03121525407548
290.0333333333561,94.87651431000302
290.06666666668946,103.70320181568512
290.1000000000228,111.86662755239256
290.1333333333562,115.44199399345244
290.16666666668954,115.45742755912408
290.2000000000229,113.02205569928478
290.23333333335626,109.08751903231756
290.2666666666896,104.55830749156416
290.300000000023,100.17374909913684
290.33333333335634,96.3873539836907
290.3666666666897,93.63713322325296
290.40000000002306,92.532992091807
290.4333333333564,93.80688072244271
290.4666666666898,97.72454343840764
290.50000000002314,102.49507763927318
290.5333333333565,105.78989230111046
290.56666666668985,107.1761325898994
290.6000000000232,109.36509158626086
290.6333333333566,115.1184667045698
290.66666666668993,124.1312040712631
290.7000000000233,134.01446520314346
290.73333333335665,142.41234044965714
290.76666666669,147.27167572545318
290.8000000000234,146.66563685890566
290.83333333335673,141.6696892689183
290.8666666666901,138.10156398967715
290.90000000002345,141.3956171791552
290.9333333333568,147.64890722361844
290.9666666666902,146.92696814623156
291.00000000002353,135.42770908801884
291.0333333333569,133.80755129873745
291.06666666669025,168.1850894948343
291.1000000000236,235.4395060551588
291.133333333357,288.73590513146337
291.16666666669033,282.7101250431135
291.2000000000237,226.44884796922827
291.23333333335705,162.25098192517245
291.2666666666904,123.27610854877376
291.3000000000238,107.3938969726758
291.33333333335713,104.47013828818103
291.3666666666905,108.6895183088368
291.40000000002385,120.31086265325742
291.4333333333572,139.29547515560645
291.46666666669057,158.1273013961911
291.500000000024,165.01410637701892
291.5333333333573,152.91937718423662
291.56666666669065,131.19926021101298
291.600000000024,112.6356160828688
291.63333333335737,107.3615611328254
291.6666666666908,122.02707637597918
291.7000000000241,160.4907321107569
291.73333333335745,203.4437140399503
291.7666666666908,219.24576207697768
291.80000000002417,190.046395453199
291.8333333333576,141.76710417287666
291.8666666666909,108.29487267787876
291.90000000002425,102.21430004116094
291.9333333333576,110.0758525512206
291.96666666669097,118.01971726347168
292.0000000000244,121.86433799586231
292.0333333333577,122.1913420361573
292.06666666669105,119.77029518866848
292.1000000000244,115.81739035057764
292.13333333335777,111.7679450407023
292.1666666666911,113.07659676225109
292.2000000000245,129.7354072711618
292.23333333335785,168.99861631611333
292.2666666666912,215.91399466303375
292.30000000002457,245.5263228927064
292.3333333333579,242.75835791700385
292.3666666666913,218.6617435775489
292.40000000002465,188.3735660563928
292.433333333358,163.03637317053864
292.46666666669137,149.6527935216331
292.5000000000247,153.4779854840555
292.5333333333581,169.35161383905316
292.56666666669145,187.84503055918088
292.6000000000248,201.81495983201893
292.63333333335817,209.60274190989017
292.6666666666915,211.1434262383254
292.7000000000249,222.8954712803053
292.73333333335825,276.9402482860228
292.7666666666916,393.23035264652873
292.80000000002497,515.4714939502413
292.8333333333583,559.3909394525351
292.8666666666917,487.4725079704217
292.90000000002505,362.90854220373967
292.9333333333584,259.20449873274487
292.96666666669176,201.1300528004728
293.0000000000251,171.68864351178988
293.0333333333585,154.5303309415312
293.06666666669184,143.93226099242716
293.1000000000252,137.71926162683286
293.13333333335856,137.0918244721299
293.1666666666919,149.76261972558308
293.2000000000253,182.8416300907085
293.23333333335864,223.24010581024055
293.266666666692,242.28578600769723
293.30000000002536,219.63651546525156
293.3333333333587,175.98842029900624
293.3666666666921,143.8607722578357
293.40000000002544,137.81306767759517
293.4333333333588,141.45230682029603
293.46666666669216,139.51755682205223
293.5000000000255,170.21960876441628
293.5333333333589,308.64191150832323
293.56666666669224,587.7212217405137
293.6000000000256,863.5042810621832
293.63333333335896,948.7254293847062
293.6666666666923,789.4145541027743
293.7000000000257,535.6416407873942
293.73333333335904,344.2930414973577
293.7666666666924,259.2834761021777
293.80000000002576,255.43324150274464
293.8333333333591,301.0340894426877
293.8666666666925,344.46620456233904
293.90000000002584,330.83611074836574
293.9333333333592,256.50543354604486
293.96666666669256,187.1758575916776
294.0000000000259,185.5817500601534
294.0333333333593,241.9962278875455
294.06666666669264,307.7171346500075
294.100000000026,345.4714354551851
294.13333333335936,354.78396010573994
294.1666666666927,342.73875198317444
294.2000000000261,329.5728263440058
294.23333333335944,351.16622915854737
294.2666666666928,434.82018373394135
294.30000000002616,533.936388797708
294.3333333333595,567.328914100831
294.3666666666929,491.6860405701223
294.40000000002624,366.0827473319087
294.4333333333596,264.60135848073435
294.46666666669296,211.2577280124386
294.5000000000263,178.01672169084543
294.5333333333597,141.07675078895656
294.56666666669304,120.51166376759596
294.6000000000264,154.0670039654812
294.63333333335976,258.3486034909112
294.6666666666931,400.9870909030057
294.7000000000265,543.1149699535436
294.73333333335984,653.5737117648828
294.7666666666932,708.1671718293533
294.80000000002656,688.8248732698585
294.8333333333599,610.1536497915819
294.8666666666933,498.0549342394003
294.90000000002664,378.4991163288983
294.93333333336,277.5717357472804
294.96666666669336,219.54865967116191
295.0000000000267,200.92354473467023
295.0333333333601,196.54380055331805
295.06666666669344,184.4076367570016
295.1000000000268,159.91805965987902
295.13333333336016,123.74135671313296
295.1666666666935,90.44031644058512
295.2000000000269,98.06637667398616
295.23333333336024,181.7326627212382
295.2666666666936,313.2325694586697
295.30000000002696,422.1338655815735
295.3333333333603,453.6111846780121
295.3666666666937,416.8334508718335
295.40000000002703,336.7333424162729
295.4333333333604,244.81669795007133
295.4666666666937,182.0414817643756
295.5000000000271,185.10287821012716
295.5333333333605,241.83550557612105
295.56666666669383,312.43895151342787
295.6000000000272,363.6309121387581
295.6333333333605,384.3111402982375
295.6666666666939,368.1720151372733
295.7000000000273,318.9941303859131
295.73333333336063,252.84750343404423
295.766666666694,186.63039028426584
295.8000000000273,137.90555584795428
295.8333333333607,124.5305366947206
295.8666666666941,151.9845825719835
295.90000000002743,192.4664350147444
295.9333333333608,213.5607183827676
295.9666666666941,205.0732337556129
296.0000000000275,179.6257915540128
296.0333333333609,150.02903498992595
296.06666666669423,123.6489108211165
296.1000000000276,105.6932046621154
296.1333333333609,98.63154424559916
296.1666666666943,98.8617875540401
296.20000000002767,101.94545406989369
296.23333333336103,103.11004185096635
296.2666666666944,97.2957820505388
296.3000000000277,84.1149456934476
296.3333333333611,87.42496851631907
296.36666666669447,138.56775675720235
296.40000000002783,235.10293072250863
296.4333333333612,312.6418255277422
296.4666666666945,308.25456141931767
296.5000000000279,267.5466231826246
296.53333333336127,313.7061874403724
296.56666666669463,522.0562961992641
296.600000000028,760.8809254322936
296.6333333333613,846.5541327473895
296.6666666666947,716.6250701321766
296.70000000002807,491.670592928253
296.73333333336143,299.6729746490573
296.7666666666948,188.43096000364517
296.8000000000281,158.55349647501896
296.8333333333615,202.79279910383875
296.86666666669487,289.5899908217883
296.90000000002823,382.42689155480207
296.9333333333616,449.3466797796328
296.96666666669495,464.0517794172916
297.0000000000283,405.92884338650526
297.03333333336167,296.92645819191614
297.066666666695,179.38589927413312
297.1000000000284,99.63474272483282
297.13333333336175,114.35182219634156
297.1666666666951,277.5891581521476
297.20000000002847,540.8082593837614
297.2333333333618,751.3773340922373
297.2666666666952,778.3217159409764
297.30000000002855,654.6025544897466
297.3333333333619,476.1020225125745
297.36666666669527,315.76599725486614
297.4000000000286,197.01469826696692
297.433333333362,135.40101315924926
297.46666666669535,122.24459304970756
297.5000000000287,128.88377936590592
297.53333333336207,130.67451575255686
297.5666666666954,125.46999941804516
297.6000000000288,117.948284326391
297.63333333336215,111.09063054756052
297.6666666666955,104.95887710509326
297.70000000002887,99.4748885537495
297.7333333333622,96.35073140272114
297.7666666666956,98.4876094227891
297.80000000002894,107.0593547146034
297.8333333333623,116.59065912187673
297.86666666669566,120.21141759743249
297.900000000029,119.26516188049489
297.9333333333624,126.39127960625048
297.96666666669574,153.69916938443242
298.0000000000291,201.1401232946442
298.03333333336246,262.22729514990624
298.0666666666958,323.00141132160974
298.1000000000292,347.60978986457394
298.13333333336254,298.771804391181
298.1666666666959,210.15626636729695
298.20000000002926,193.2880726059716
298.2333333333626,337.5165633377516
298.266666666696,554.7931997420358
298.30000000002934,683.700358142391
298.3333333333627,640.0625817225398
298.36666666669606,517.5998325786381
298.4000000000294,430.1906193664974
298.4333333333628,406.2030120259408
298.46666666669614,399.52907320100553
298.5000000000295,371.207491400728
298.53333333336286,331.8751348849724
298.5666666666962,307.98150879643805
298.6000000000296,316.92418338881413
298.63333333336294,359.88938365399497
298.6666666666963,433.7991938173566
298.70000000002966,502.9516107431909
298.733333333363,509.282664530639
298.7666666666964,417.3422152125779
298.80000000002974,281.6562282606788
298.8333333333631,177.79202532177882
298.86666666669646,139.485312492868
298.9000000000298,142.06422150793986
298.9333333333632,157.78743436685667
298.96666666669654,170.45973990923002
299.0000000000299,170.04462784318284
299.03333333336326,152.92955795789356
299.0666666666966,134.28329177090217
299.10000000003,131.9310263784606
299.13333333336334,142.45751670539607
299.1666666666967,139.34496010266403
299.20000000003006,104.04516849772725
299.2333333333634,78.71144389539919
299.2666666666968,130.06189706215918
299.30000000003014,283.57354669105297
299.3333333333635,472.3611115510297
299.36666666669686,618.8911483366514
299.4000000000302,677.9660511425828
299.4333333333636,631.6433313032226
299.46666666669694,478.12145749902953
299.5000000000303,290.660188068066
299.53333333336366,164.84704045166356
299.566666666697,143.81186449344182
299.6000000000304,181.417499877352
299.63333333336374,224.7405554037225
299.6666666666971,243.06880498398075
299.70000000003046,220.06167030217708
299.7333333333638,156.6576714346176
299.7666666666972,115.55606278908472
299.80000000003054,171.5136605578245
299.8333333333639,324.3473275077575
299.86666666669726,476.62825271172136
299.9000000000306,539.1557057785279
299.933333333364,543.315649144837
299.96666666669734,579.4504425479254
300.0000000000307,686.6083096663288
300.03333333336406,765.6097203118069
300.0666666666974,700.2704295643892
300.1000000000308,506.0559402768504
300.13333333336413,328.4717905008606
300.1666666666975,289.95629278544664
300.20000000003085,345.1144093329464
300.2333333333642,387.8717685840597
300.2666666666976,358.5656589282643
300.30000000003093,289.77086908639177
300.3333333333643,223.17510674083735
300.36666666669765,175.31161620537026
300.400000000031,143.92881855386202
300.4333333333644,127.08608829050414
300.46666666669773,126.0688397474001
300.5000000000311,143.04897516823706
300.53333333336445,181.93721301684192
300.5666666666978,249.21690059858264
300.6000000000312,348.85295319157564
300.63333333336453,458.6268675877399
300.6666666666979,541.7285244141154
300.70000000003125,574.2187112392808
300.7333333333646,571.8876170077327
300.766666666698,557.7604155180663
300.80000000003133,546.2519199605888
300.8333333333647,542.2634779500959
300.86666666669805,546.1382426614786
300.9000000000314,531.1293554334738
300.9333333333648,459.58080999081625
300.96666666669813,326.7170615748409
301.0000000000315,200.41256189065567
301.03333333336485,153.69266172850752
301.0666666666982,184.21651913234368
301.1000000000316,227.73457545357607
301.13333333336493,231.25289093188485
301.1666666666983,203.17752425636112
301.20000000003165,169.74763956297886
301.233333333365,146.94955114980223
301.2666666666984,134.252609107383
301.30000000003173,130.25820899471785
301.3333333333651,140.25329348087206
301.36666666669845,173.56080732809855
301.4000000000318,231.14873764742484
301.4333333333652,286.1838088668374
301.46666666669853,306.90112085639345
301.5000000000319,286.9696656403692
301.53333333336525,250.0658208949971
301.5666666666986,220.174343729782
301.600000000032,211.11832942609504
301.63333333336533,232.2539400913943
301.6666666666987,283.3189400761676
301.70000000003205,341.5956870742413
301.7333333333654,381.7489599435817
301.7666666666988,388.943721265324
301.8000000000321,357.3958695323041
301.8333333333655,298.5023694396184
301.86666666669885,306.81953859334953
301.9000000000322,501.1105215630484
301.9333333333656,899.7666813755998
301.9666666666989,1353.3433103671696
302.0000000000323,1701.2550387641072
302.03333333336565,1836.5095676499477
302.066666666699,1685.5237319849373
302.1000000000324,1237.8774475470525
302.1333333333657,696.152001579697
302.1666666666991,303.5684615570833
302.20000000003245,152.76015569377145
302.2333333333658,155.3050182768758
302.2666666666992,216.9581736155128
302.3000000000325,279.25145636852494
302.3333333333659,299.65634633711585
302.36666666669925,268.86258283041565
302.4000000000326,255.69900300052413
302.433333333366,335.0607797266537
302.4666666666993,489.0642288829617
302.5000000000327,619.7478305683272
302.53333333336604,645.2763327668966
302.5666666666994,575.7005729908742
302.6000000000328,449.188360845581
302.6333333333661,305.5026641113947
302.6666666666995,187.03343980659037
302.70000000003284,131.90772321925553
302.7333333333662,129.31335043891252
302.7666666666996,138.44618588692344
302.8000000000329,132.4834210985801
302.8333333333663,132.38860605643112
302.86666666669964,167.99150446174716
302.900000000033,237.3858846295061
302.9333333333664,301.5636108677518
302.9666666666997,325.94359574555784
303.0000000000331,321.5525054920603
303.03333333336644,318.78503713008087
303.0666666666998,331.0906781152326
303.1000000000332,333.48572226594223
303.1333333333665,297.8790447619233
303.1666666666999,232.19803468634444
303.20000000003324,174.06997451166592
303.2333333333666,154.84926134600778
303.2666666667,172.83445998335998
303.3000000000333,216.6751908949127
303.3333333333667,267.9380951433276
303.36666666670004,297.1437657247536
303.4000000000334,277.4505774311372
303.4333333333668,217.87164596560575
303.4666666667001,148.00815144302138
303.5000000000335,97.09487417982756
303.53333333336684,92.49178582490038
303.5666666667002,159.8679073341945
303.6000000000336,289.24164061729425
303.6333333333669,431.9625961824443
303.6666666667003,539.8137944427897
303.70000000003364,579.6004763391502
303.733333333367,524.2137607275248
303.7666666667004,379.85557062402535
303.8000000000337,221.2827194073264
303.8333333333671,127.23326879193
303.86666666670044,112.0060258414243
303.9000000000338,141.48835583143546
303.9333333333672,184.14970492685853
303.9666666667005,223.9614056910756
304.0000000000339,249.15768702211852
304.03333333336724,260.467896788963
304.0666666667006,276.14716342065987
304.100000000034,312.0891941065492
304.1333333333673,352.4543899940769
304.1666666667007,365.1856967064275
304.20000000003404,332.6850598270513
304.2333333333674,276.66006210590075
304.2666666667008,224.7049486871047
304.3000000000341,190.17351125219187
304.3333333333675,172.7451194120743
304.36666666670084,170.67217490679133
304.4000000000342,177.4407907557318
304.4333333333676,184.91792620976696
304.4666666667009,184.60114957981023
304.5000000000343,167.32944285707848
304.53333333336764,127.8800007087168
304.566666666701,108.281902865217
304.6000000000344,181.3697272858033
304.6333333333677,379.3127046909634
304.6666666667011,590.5547218050448
304.70000000003444,675.3296034636479
304.7333333333678,596.6464043468997
304.7666666667012,441.2696947179312
304.8000000000345,295.82977376321577
304.8333333333679,193.73941412087945
304.86666666670124,145.33188592509242
304.9000000000346,150.83356537565282
304.93333333336795,187.88799660940785
304.9666666667013,231.3276183264504
305.0000000000347,260.5498931399849
305.03333333336803,258.6531776092991
305.0666666667014,216.4267004614888
305.10000000003475,158.39242536919284
305.1333333333681,118.10903947981144
305.1666666667015,110.98754493426108
305.20000000003483,125.48180570502004
305.2333333333682,148.59959281636543
305.26666666670155,174.14878142931067
305.3000000000349,199.5937917367382
305.3333333333683,223.06785918631107
305.36666666670163,244.48331455573188
305.400000000035,263.6772547936477
305.43333333336835,271.83101953195705
305.4666666667017,251.5811921761365
305.5000000000351,196.19873652834733
305.53333333336843,160.1466883628762
305.5666666667018,218.4328502667221
305.60000000003515,388.2217085895088
305.6333333333685,582.2316417908233
305.6666666667019,708.4521052323964
305.70000000003523,748.2724334576333
305.7333333333686,730.8846621566345
305.76666666670195,684.4642493853472
305.8000000000353,630.8667739726773
305.83333333336867,589.8344986207197
305.86666666670203,557.3138353602269
305.9000000000354,501.1762740424876
305.93333333336875,395.6610070461365
305.9666666667021,269.6883982841882
306.00000000003547,174.96232492665925
306.03333333336883,139.34480034802831
306.0666666667022,138.99860328802043
306.10000000003555,144.49476676201277
306.1333333333689,143.7001398500327
306.16666666670227,137.82651622091714
306.20000000003563,129.5858788618684
306.233333333369,126.49199761967196
306.26666666670235,137.11267091285063
306.3000000000357,161.27963474459554
306.33333333336907,186.7190498202785
306.36666666670243,201.8752165494214
306.4000000000358,208.54811646237505
306.43333333336915,215.15477131382104
306.4666666667025,231.30786812197877
306.50000000003587,269.5467959296666
306.5333333333692,341.8505739058705
306.5666666667026,440.8110839176909
306.60000000003595,541.6557128472659
306.6333333333693,618.140128394481
306.66666666670267,639.8052321843039
306.700000000036,575.4846690215147
306.7333333333694,432.3072680118438
306.76666666670275,278.679171473454
306.8000000000361,182.09830046173585
306.83333333336947,146.47481639258814
306.8666666667028,139.3577586661958
306.9000000000362,135.7066075081165
306.93333333336955,133.64772865722313
306.9666666667029,135.55770193864672
307.00000000003627,143.58690869070992
307.0333333333696,159.65500856411072
307.066666666703,185.6367529443892
307.10000000003635,223.2104163500678
307.1333333333697,273.8994006550386
307.16666666670307,331.0147992315954
307.2000000000364,372.9508587496306
307.2333333333698,378.29672793655175
307.26666666670314,346.3060322599275
307.3000000000365,289.5914799751133
307.33333333336986,229.7165843975562
307.3666666667032,217.62264891795405
307.4000000000366,307.873543686677
307.43333333336994,479.73739255458514
307.4666666667033,626.6263621312169
307.50000000003666,654.2707346236832
307.53333333337,578.3323225811043
307.5666666667034,458.1386505824924
307.60000000003674,341.7137292077351
307.6333333333701,253.95278790192177
307.66666666670346,216.1316726194664
307.7000000000368,238.45688968810364
307.7333333333702,323.2106467194135
307.76666666670354,457.4191339189816
307.8000000000369,571.4058624858587
307.83333333337026,584.3005166243823
307.8666666667036,491.4212833094803
307.900000000037,383.4398546896906
307.93333333337034,345.71187522220725
307.9666666667037,381.9001532316339
308.00000000003706,460.11271082358377
308.0333333333704,601.1177153929791
308.0666666667038,942.874075052669
308.10000000003714,1617.923361578055
308.1333333333705,2437.2276374335333
308.16666666670386,2961.7513451203854
308.2000000000372,2873.5152533148485
308.2333333333706,2379.2428519305067
308.26666666670394,1816.9325805808323
308.3000000000373,1374.4495588516445
308.33333333337066,1037.1718846815934
308.366666666704,778.3245092599167
308.4000000000374,588.0843612341862
308.43333333337074,464.61757539833394
308.4666666667041,399.05132627168575
308.50000000003746,365.6141757488725
308.5333333333708,337.7109616042114
308.5666666667042,316.2362928705798
308.60000000003754,324.8525221184346
308.6333333333709,382.1250843439146
308.66666666670426,481.1666128974716
308.7000000000376,607.6818224238406
308.733333333371,727.6054867320595
308.76666666670434,778.6667371719624
308.8000000000377,708.460970736157
308.83333333337106,565.4878290334576
308.8666666667044,448.5479414446439
308.9000000000378,421.3756300036196
308.93333333337114,458.6598038001154
308.9666666667045,522.6969664068984
309.00000000003786,600.4455245745229
309.0333333333712,700.217269923883
309.0666666667046,853.2834035410316
309.10000000003794,1193.5405423388115
309.1333333333713,1880.195506030963
309.16666666670466,2846.001098895517
309.200000000038,3688.299514398778
309.2333333333714,4020.2268951707097
309.26666666670474,3830.248554629943
309.3000000000381,3300.9077270799576
309.33333333337146,2610.8996607794866
309.3666666667048,1924.7076229957197
309.4000000000382,1398.2499694201474
309.43333333337154,1069.4988373408971
309.4666666667049,871.6530329208884
309.50000000003826,743.6807892227337
309.5333333333716,669.0673112995316
309.566666666705,644.2688505133164
309.60000000003834,655.8994757275198
309.6333333333717,675.7215272477318
309.66666666670505,676.5245800000699
309.7000000000384,651.2250595960147
309.7333333333718,603.3185776790011
309.76666666670513,543.1560099565131
309.8000000000385,498.8390886737327
309.83333333337185,500.415714860994
309.8666666667052,560.2650950036252
309.9000000000386,674.9632335635938
309.93333333337193,828.8519720537281
309.9666666667053,950.8510048632102
310.00000000003865,954.7236247001806
310.033333333372,824.9887307616145
310.0666666667054,652.845212493813
310.10000000003873,528.8519029328861
310.1333333333721,459.60118370785017
310.16666666670545,407.8392969973745
310.2000000000388,350.1358367295638
310.2333333333722,300.0190652145756
310.26666666670553,275.8463478966511
310.3000000000389,275.43453269116367
310.33333333337225,278.44671455324664
310.3666666667056,268.4504211084609
310.400000000039,250.1247872282267
310.43333333337233,234.2232227994483
310.4666666667057,227.6955815820066
310.50000000003905,231.8687072943222
310.5333333333724,246.38230395401297
310.56666666670577,260.2602622445626
310.6000000000392,257.13616976726547
310.6333333333725,229.89920092978443
310.66666666670585,194.92607297886187
310.7000000000392,171.3497882571946
310.73333333337257,162.47293284204568
310.766666666706,158.03119378310228
310.8000000000393,149.88637155262035
310.83333333337265,141.39024348132622
310.866666666706,139.03283737724797
310.90000000003937,145.57776107220562
310.9333333333728,158.49050016665947
310.9666666667061,174.57931319209956
311.00000000003945,188.58792271612447
311.0333333333728,194.2644594940092
311.06666666670617,188.8445573258332
311.1000000000396,177.9602191030902
311.1333333333729,168.15040949019834
311.16666666670625,160.58733576303638
311.2000000000396,152.06688985205363
311.23333333337297,140.55718821528222
311.2666666667063,129.50249977181076
311.3000000000397,123.68737152029496
311.33333333337305,123.6463549481297
311.3666666667064,124.21103212549612
311.40000000003977,120.70738885750426
311.4333333333731,115.22407187296729
311.4666666667065,112.9314952417122
311.50000000003985,116.87141448335248
311.5333333333732,125.27991107733436
311.56666666670657,135.78976548227027
311.6000000000399,146.77198306133693
311.6333333333733,157.159503049744
311.66666666670665,165.7227626566786
311.70000000004,170.5474728467109
311.73333333337337,169.67259079835804
311.7666666667067,165.34198536474983
311.8000000000401,165.02629287114223
311.83333333337345,175.06249503625145
311.8666666667068,191.77290933921324
311.90000000004017,207.2899246226841
311.9333333333735,215.44216951319157
311.9666666667069,213.56465868585815
312.00000000004025,199.8334100035889
312.0333333333736,177.7443346185267
312.06666666670696,154.50040357594528
312.1000000000403,136.3790937580354
312.1333333333737,126.1615716573836
312.16666666670704,125.7151437640224
312.2000000000404,132.53401297283006
312.23333333337376,139.1698260510138
312.2666666667071,139.1589150376155
312.3000000000405,133.65421548454964
312.33333333337384,126.69942595213053
312.3666666667072,124.5651039349808
312.40000000004056,137.61049222405467
312.4333333333739,174.52015972571704
312.4666666667073,220.4156526811492
312.50000000004064,245.6916721140483
312.533333333374,232.08654760912663
312.56666666670736,197.0099412098224
312.6000000000407,164.17086150187757
312.6333333333741,144.33581570042503
312.66666666670744,135.21633862393188
312.7000000000408,133.86712240293087
312.73333333337416,136.91646465476887
312.7666666667075,140.86602608005438
312.8000000000409,143.18870431719333
312.83333333337424,142.9338574234976
312.8666666667076,140.1631114129359
312.90000000004096,143.12113597147453
312.9333333333743,164.52842805442765
312.9666666667077,206.0395996031637
313.00000000004104,239.6350167978516
313.0333333333744,234.60800778488343
313.06666666670776,201.3687170014917
313.1000000000411,186.6475538021297
313.1333333333745,223.5127868390686
313.16666666670784,277.48309595465406
313.2000000000412,295.7781924699442
313.23333333337456,263.97508845115976
313.2666666667079,221.600787368766
313.3000000000413,206.4812215897473
313.33333333337464,211.3040320021696
313.366666666708,207.5125013229881
313.40000000004136,180.01680032774118
313.4333333333747,144.61949170411677
313.4666666667081,120.40615444031
313.50000000004144,112.03251939883158
313.5333333333748,113.20937514863098
313.56666666670816,117.6508309517984
313.6000000000415,120.11509152490696
313.6333333333749,115.7840205876339
313.66666666670824,105.59479629086474
313.7000000000416,97.37845749115692
313.73333333337496,97.83548675640606
313.7666666667083,103.78356651626017
313.8000000000417,108.16251987128948
313.83333333337504,107.64769367744736
313.8666666667084,106.04317715649113
313.90000000004176,107.57300406069916
313.9333333333751,112.12152268763369
313.9666666667085,116.80605122797478
314.00000000004184,119.73194983349886
314.0333333333752,122.21176608520506
314.06666666670856,126.08285727213416
314.1000000000419,130.96762104176793
314.1333333333753,134.268856327357
314.16666666670864,134.22235986859434
314.200000000042,133.88739568581957
314.23333333337536,137.81691217735954
314.2666666667087,146.49489027529816
314.3000000000421,154.016181427987
314.33333333337544,154.77156843254846
314.3666666667088,150.7535950225615
314.40000000004216,147.92888452339423
314.4333333333755,149.04482168117502
314.4666666667089,148.6974177986155
314.50000000004223,140.69181340092317
314.5333333333756,126.53261036135584
314.5666666667089,114.05714830413643
314.6000000000423,109.8166644728486
314.6333333333757,114.29999852314003
314.66666666670903,126.34424112335246
314.7000000000424,141.29285852062938
314.7333333333757,150.03458185138263
314.7666666667091,144.9665499180849
314.8000000000425,130.80874563491193
314.83333333337583,117.41909757433488
314.8666666667092,110.79172644993444
314.9000000000425,109.18319910373135
314.9333333333759,110.12001740287432
314.9666666667093,113.37948572247518
315.00000000004263,120.22596816814924
315.033333333376,131.12384326438516
315.0666666667093,143.8957237558449
315.1000000000427,155.858993384479
315.1333333333761,164.84320252068017
315.16666666670943,169.1996541278875
315.2000000000428,168.27957141126186
315.2333333333761,166.5426687836752
315.2666666667095,170.03271078216198
315.30000000004287,179.7931948622393
315.33333333337623,189.0311338475228
315.3666666667096,191.26333637252907
315.4000000000429,188.71812866396803
315.4333333333763,188.12776794102243
315.46666666670967,193.71134328095815
315.50000000004303,203.43672755142305
315.5333333333764,214.51722017888943
315.5666666667097,227.0980352287478
315.6000000000431,243.66577463184964
315.63333333337647,269.1240442881663
315.66666666670983,317.6281753920432
315.7000000000432,406.2285722437935
315.7333333333765,572.8357579639254
315.7666666667099,880.7137300832001
315.80000000004327,1361.1600642131184
315.83333333337663,1831.0794075600509
315.86666666671,2024.413993241503
315.9000000000433,1834.0551359734536
315.9333333333767,1448.8884805709188
315.96666666671007,1078.073491683514
316.0000000000434,801.1393901236623
316.0333333333768,618.3048587570122
316.06666666671015,522.1924356211639
316.1000000000435,486.6564650901856
316.13333333337687,482.3542456123079
316.1666666667102,483.86611223283165
316.2000000000436,469.4119351877484
316.23333333337695,423.35270748737656
316.2666666667103,357.9293830482273
316.30000000004367,293.28796196642287
316.333333333377,241.170009414136
316.3666666667104,201.56638914413944
316.40000000004375,173.91015651736927
316.4333333333771,160.021608330962
316.46666666671047,162.77777945962637
316.5000000000438,179.80647487710343
316.5333333333772,197.54770969773952
316.56666666671055,201.94079547153416
316.6000000000439,190.9186607811781
316.63333333337727,170.7331564543081
316.6666666667106,152.1460127968852
316.700000000044,160.32924366026984
316.73333333337735,221.53008680547129
316.7666666667107,315.0083250017089
316.80000000004407,371.2703646983375
316.8333333333774,337.2192086456465
316.8666666667108,257.8110293495048
316.90000000004414,209.30973141503048
316.9333333333775,220.7942367186305
316.96666666671086,248.19037657671117
317.0000000000442,246.5798952175179
317.0333333333776,217.27147746592428
317.06666666671094,184.85290278611848
317.1000000000443,165.98268423343245
317.13333333337766,158.2960979034926
317.166666666711,156.7711328905142
317.2000000000444,157.37504389953213
317.23333333337774,156.82296853852444
317.2666666667111,154.38389761655256
317.30000000004446,158.54093845944948
317.3333333333778,179.6762319729931
317.3666666667112,222.68689651610845
317.40000000004454,286.33988449153526
317.4333333333779,364.4322645154127
317.46666666671126,424.2911307695351
317.5000000000446,424.39723990584616
317.533333333378,360.12609996643585
317.56666666671134,287.9022931253598
317.6000000000447,263.5607409085175
317.63333333337806,285.1720756001857
317.6666666667114,319.91494702482925
317.7000000000448,360.05151854640354
317.73333333337814,460.90314433942217
317.7666666667115,686.4103379947603
317.80000000004486,1084.7202366396114
317.8333333333782,1691.457664844262
317.8666666667116,2466.84816271528
317.90000000004494,3084.9029099101667
317.9333333333783,3163.170493442205
317.96666666671166,2677.587810939031
318.000000000045,2019.5729470840315
318.0333333333784,1545.8076120744004
318.06666666671174,1270.3109505005257
318.1000000000451,1082.198881491121
318.13333333337846,910.8356745382392
318.1666666667118,754.2778389179772
318.2000000000452,617.7967570132464
318.23333333337854,511.7527634195896
318.2666666667119,449.26289041915584
318.30000000004526,431.5677212142735
318.3333333333786,429.8385695016754
318.366666666712,412.2593093661776
318.40000000004534,373.80714026178725
318.4333333333787,330.90814810828664
318.46666666671206,299.9436799378685
318.5000000000454,294.81904019840096
318.5333333333788,327.90032524901585
318.56666666671214,382.7671518271517
318.6000000000455,409.668461412268
318.63333333337886,368.5459810113744
318.6666666667122,287.0860454282002
318.7000000000456,217.26499800143023
318.73333333337894,186.78800153413044
318.7666666667123,182.5806351150721
318.80000000004566,188.2086511171293
318.833333333379,192.17450539051544
318.8666666667124,185.6657035348199
318.90000000004574,170.68244353438791
318.9333333333791,175.79822462521616
318.96666666671246,230.9520970837792
319.0000000000458,325.7357795588745
319.0333333333792,418.3488346536811
319.06666666671254,475.3680688406778
319.1000000000459,497.2991861860773
319.13333333337926,492.484474263909
319.1666666667126,469.8442832475861
319.200000000046,438.94255668664846
319.23333333337933,408.4839738946369
319.2666666667127,382.2049472474444
319.30000000004605,362.0851907929133
319.3333333333794,347.58559094692055
319.3666666667128,334.155539693308
319.40000000004613,317.3862884207507
319.4333333333795,297.1436520093658
319.46666666671285,275.4750320730392
319.5000000000462,257.7482613661949
319.5333333333796,256.94940065229684
319.56666666671293,285.18402079632955
319.6000000000463,327.6975048562137
319.63333333337965,350.1900348185904
319.666666666713,328.84193805018805
319.7000000000464,276.9271623150499
319.73333333337973,215.6079249457168
319.7666666667131,166.55065275989307
319.80000000004645,151.94148749942147
319.8333333333798,189.9632784313676
319.8666666667132,278.4494458123536
319.90000000004653,408.2804508243301
319.9333333333799,542.7599432759521
319.96666666671325,605.0237135802142
320.0000000000466,530.4714740807394
320.03333333338,371.8495694826681
320.06666666671333,235.5351252481522
320.1000000000467,185.8505410682048
320.13333333338005,199.2833881780761
320.1666666667134,241.97502731061587
320.2000000000468,286.88125165435474
320.23333333338013,311.42388146716354
320.2666666667135,301.460014271153
320.30000000004685,267.92038439693334
320.3333333333802,226.36073117347507
320.3666666667136,191.20240871403877
320.40000000004693,175.82461414018823
320.4333333333803,187.8408427388117
320.46666666671365,209.68932973240203
320.500000000047,217.32571264366103
320.5333333333804,203.0599698469497
320.56666666671373,180.173976948149
320.6000000000471,161.6429650518294
320.63333333338045,149.55186958151097
320.6666666667138,141.66727222537983
320.7000000000472,137.69763695928535
320.73333333338053,140.86013094271885
320.7666666667139,153.96496976604536
320.80000000004725,172.26761332862137
320.8333333333806,186.7645530082532
320.866666666714,193.2548297687613
320.9000000000473,199.8890978407307
320.9333333333807,216.1974043609285
320.96666666671405,243.0668654361073
321.0000000000474,274.57562494259315
321.0333333333808,306.46371417411865
321.0666666667141,341.23426411051025
321.1000000000475,382.4123128636758
321.13333333338085,419.3720023858481
321.1666666667142,426.0964249006285
321.2000000000476,386.8957374377361
321.2333333333809,344.9397016725338
321.2666666667143,361.8454512034449
321.30000000004765,445.0641174945602
321.333333333381,520.7739497104334
321.3666666667144,519.1369731284157
321.4000000000477,453.0850930517225
321.4333333333811,374.1599041687285
321.46666666671445,321.2733361570152
321.5000000000478,306.5699804200684
321.5333333333812,336.87919136579745
321.5666666667145,395.9423516548368
321.6000000000479,452.5256086966896
321.63333333338124,480.9232234852821
321.6666666667146,472.3699732882428
321.700000000048,422.3381587887393
321.7333333333813,347.8864944533151
321.7666666667147,285.2512315779455
321.80000000004804,262.928969756408
321.8333333333814,274.36521084958895
321.8666666667148,303.76183745823323
321.9000000000481,331.6673422549481
321.9333333333815,334.21283418210226
321.96666666671484,295.53760209163704
322.0000000000482,249.02892688211173
322.0333333333816,245.77298230962367
322.0666666667149,304.7437764690539
322.1000000000483,391.9538054180125
322.13333333338164,470.1624428457478
322.166666666715,516.7229284218402
322.2000000000484,516.50985021693
322.2333333333817,467.9010286549028
322.2666666667151,399.7014768946377
322.30000000004844,343.4345992033764
322.3333333333818,311.63557170471654
322.3666666667152,303.6026875321954
322.4000000000485,321.5901646873661
322.4333333333819,378.0024848424132
322.46666666671524,484.7645773965527
322.5000000000486,602.8258690282618
322.533333333382,645.2176302261287
322.5666666667153,553.7484959298698
322.6000000000487,405.4331004222261
322.63333333338204,312.6214188340098
322.6666666667154,316.53511467362915
322.7000000000488,368.6505731701325
322.7333333333821,420.5161768804121
322.7666666667155,459.7497940605135
322.80000000004884,487.73029276339486
322.8333333333822,501.15793866787766
322.8666666667156,488.74760087898
322.9000000000489,441.1794217337813
322.9333333333823,373.428436747328
322.96666666671564,313.12432127331806
323.000000000049,276.36379334264154
323.0333333333824,252.4835822313541
323.0666666667157,228.57115254138392
323.1000000000491,211.27819403503057
323.13333333338244,220.98885328942967
323.1666666667158,263.5675719275821
323.2000000000492,298.288219301397
323.2333333333825,279.6952168940365
323.2666666667159,252.2682833194295
323.30000000004924,344.4380314742652
323.3333333333826,630.3875402416576
323.366666666716,934.7815414014508
323.4000000000493,1020.213411846106
323.4333333333827,845.5934862491574
323.46666666671604,612.3219379044597
323.5000000000494,507.232322146442
323.5333333333828,539.628711189643
323.5666666667161,652.618952889593
323.6000000000495,771.7422185317305
323.63333333338284,793.974894640825
323.6666666667162,634.6953904657664
323.7000000000496,386.0819542369815
323.7333333333829,228.2955142927658
323.7666666667163,260.8998156126037
323.80000000004964,406.3756326006239
323.833333333383,566.1850535468345
323.8666666667164,669.5889845421253
323.9000000000497,664.306985308142
323.9333333333831,530.8786210327775
323.96666666671643,345.03938109650284
324.0000000000498,198.19366257315068
324.03333333338315,151.3934809000791
324.0666666667165,239.2917065711494
324.1000000000499,461.8775889835046
324.13333333338323,684.9783160461504
324.1666666667166,745.8531740362948
324.20000000004995,619.9236037015653
324.2333333333833,439.3534743894702
324.2666666667167,322.9491712185561
324.30000000005003,271.919395459423
324.3333333333834,248.32054150606828
324.36666666671675,229.16745157107408
324.4000000000501,213.6315511301244
324.4333333333835,201.41100890118392
324.46666666671683,182.93644440119056
324.5000000000502,144.74129948975764
324.53333333338355,102.12357347479784
324.5666666667169,126.0197801375966
324.6000000000503,283.3865644859161
324.63333333338363,535.4038464691159
324.666666666717,781.3166539329478
324.70000000005035,940.2639517799612
324.7333333333837,984.0060171583324
324.7666666667171,896.1353069142915
324.80000000005043,712.8519335626631
324.8333333333838,510.32791792734935
324.86666666671715,349.8505913429459
324.9000000000505,239.0683378535392
324.93333333338387,174.13910404132716
324.96666666671723,147.26646190336976
325.0000000000506,146.78728904763108
325.03333333338395,162.2199584154097
325.0666666667173,189.12405018093733
325.10000000005067,224.7388998283973
325.13333333338403,265.6461619170318
325.1666666667174,307.6027262482883
325.20000000005075,345.85555960769307
325.2333333333841,372.90652839028064
325.26666666671747,380.3445377877619
325.30000000005083,366.7848469374728
325.3333333333842,342.14583297939976
325.36666666671755,315.9910044444805
325.4000000000509,286.7797312547467
325.43333333338427,247.6509242059343
325.46666666671763,198.64538832254215
325.500000000051,154.16554617763924
325.53333333338435,128.93884761589385
325.5666666667177,121.60989321684175
325.60000000005107,120.8410833112375
325.6333333333844,118.23637732362316
325.6666666667178,113.68932184248766
325.70000000005115,108.47461086718934
325.7333333333845,103.9631464303246
325.76666666671787,101.60182306241433
325.8000000000512,102.40903297739004
325.8333333333846,105.8981230114924
325.86666666671795,111.19652251960213
325.9000000000513,116.11670151816789
325.93333333338467,117.15739495702208
325.966666666718,115.26074031709014
326.0000000000514,131.91546971767207
326.03333333338475,193.61090875078227
326.0666666667181,295.64889952749485
326.10000000005147,394.06404319182894
326.1333333333848,447.60564717139465
326.1666666667182,446.1438496257836
326.20000000005155,391.2602512819834
326.2333333333849,298.65474423856864
326.26666666671827,206.39605418527464
326.3000000000516,149.9880619160012
326.333333333385,129.2295428248146
326.36666666671834,127.1130530206062
326.4000000000517,132.85208063141013
326.43333333338506,148.3262952449182
326.4666666667184,175.4969503529334
326.5000000000518,201.35904086657703
326.53333333338514,204.01292620828997
326.5666666667185,173.663256861305
326.60000000005186,131.59893440631566
326.6333333333852,102.65458299038582
326.6666666667186,92.77475977078474
326.70000000005194,93.80913005764572
326.7333333333853,98.1381636960592
326.76666666671866,100.95961303608564
326.800000000052,98.5059042289814
326.8333333333854,96.37252328953711
326.86666666671874,108.83911952735215
326.9000000000521,144.62533444556556
326.93333333338546,188.0195798619438
326.9666666667188,217.5773883977372
327.0000000000522,229.8733695823452
327.03333333338554,242.17138728705777
327.0666666667189,266.9105437223925
327.10000000005226,284.91637479352664
327.1333333333856,267.34129206874405
327.166666666719,221.73724250939372
327.20000000005234,207.31899454302177
327.2333333333857,277.73552540530306
327.26666666671906,422.1722455034785
327.3000000000524,602.783534874609
327.3333333333858,761.5690239756863
327.36666666671914,805.313328409973
327.4000000000525,655.3682684169356
327.43333333338586,391.9895843391712
327.4666666667192,177.3391527542799
327.5000000000526,104.2307053477071
327.53333333338594,113.1185855579275
327.5666666667193,128.9207137722676
327.60000000005266,127.98850289177716
327.633333333386,119.52116081834193
327.6666666667194,113.18937845471837
327.70000000005274,118.4984358223072
327.7333333333861,143.92013207462276
327.76666666671946,182.52436633139945
327.8000000000528,215.34251033382705
327.8333333333862,228.3836837540995
327.86666666671954,225.55595596494183
327.9000000000529,214.35195499302307
327.93333333338626,198.2334913543313
327.9666666667196,176.82764486135449
328.000000000053,150.9849898760879
328.03333333338634,127.36331989314436
328.0666666667197,114.00667544617232
328.10000000005306,114.5539053957967
328.1333333333864,127.56201671372274
328.1666666667198,149.60896564769862
328.20000000005314,168.33737404298154
328.2333333333865,168.7410649732371
328.26666666671986,148.76193895354342
328.3000000000532,124.4224220768861
328.3333333333866,110.91986360186712
328.36666666671994,109.18950052517624
328.4000000000533,114.40567573321262
328.43333333338666,121.7276123550304
328.46666666672,126.3161676589169
328.5000000000534,125.81872694775424
328.53333333338674,138.40420482040216
328.5666666667201,192.1724339792958
328.60000000005346,288.9194705627665
328.6333333333868,376.4769480454708
328.6666666667202,401.3162294070658
328.70000000005354,364.682665807923
328.7333333333869,300.4252811821995
328.76666666672025,235.71544702785155
328.8000000000536,180.06618881064875
328.833333333387,139.8394148271039
328.86666666672033,115.26737720520632
328.9000000000537,102.20121922686904
328.93333333338705,96.3749122011142
328.9666666667204,93.4548959463031
329.0000000000538,89.60620236330881
329.03333333338713,89.96280982423565
329.0666666667205,107.30619847835015
329.10000000005385,147.5246786222941
329.1333333333872,190.24739540757545
329.1666666667206,209.84944074784508
329.20000000005393,199.1273304924541
329.2333333333873,169.53370560338016
329.26666666672065,133.0889316973015
329.300000000054,100.64098914127186
329.3333333333874,82.43287484736074
329.36666666672073,79.64544672706884
329.4000000000541,82.59318108012705
329.43333333338745,82.6879677784145
329.4666666667208,80.78812204376229
329.5000000000542,80.88028605041312
329.53333333338753,83.92262243459555
329.5666666667209,86.57842649045257
329.60000000005425,85.94273961284556
329.6333333333876,84.10917622711605
329.66666666672097,85.15868949764318
329.7000000000544,90.39443317669988
329.7333333333877,96.4628790852948
329.76666666672105,99.92186340972326
329.8000000000544,100.17959355789802
329.83333333338777,98.02001848874622
329.8666666667212,94.63036006419924
329.9000000000545,91.9769091985132
329.93333333338785,91.7132043021682
329.9666666667212,91.51752395810432
330.00000000005457,86.85022701466005
330.033333333388,83.83313305840144
330.0666666667213,113.51861338406556
330.10000000005465,206.6146785748581
330.133333333388,346.5677768759252
330.16666666672137,485.3568129794918
330.2000000000548,579.1690464165134
330.2333333333881,597.3690769376161
330.26666666672145,515.3133743420836
330.3000000000548,365.01718832690665
330.33333333338817,222.46562358576168
330.3666666667215,143.53011330760322
330.4000000000549,114.73219297437736
330.43333333338825,109.96236694377389
330.4666666667216,131.53579101089574
330.50000000005497,207.3595072820393
330.5333333333883,344.9106831896892
330.5666666667217,469.3981440110109
330.60000000005505,489.6085996291423
330.6333333333884,398.3178490630416
330.66666666672177,275.68845398098296
330.7000000000551,191.4971987593888
330.7333333333885,149.80718728621284
330.76666666672185,136.0966890782668
330.8000000000552,138.13521463642576
330.83333333338857,146.44039492059022
330.8666666667219,152.6173898284574
330.9000000000553,153.21576401146245
330.93333333338865,146.47507112504388
330.966666666722,132.65086694005464
331.00000000005537,114.77499357988988
331.0333333333887,96.35267036664276
331.0666666667221,82.59008192462755
331.10000000005545,79.2620170855908
331.1333333333888,86.44801776851419
331.16666666672216,95.2212130360044
331.2000000000555,97.2446682485813
331.2333333333889,94.40514569139864
331.26666666672224,93.16795365102324
331.3000000000556,100.31190096908018
331.33333333338896,123.14492242858422
331.3666666667223,166.50368862352803
331.4000000000557,213.278571366446
331.43333333338904,235.1754552200064
331.4666666667224,218.5649204890709
331.50000000005576,180.4247135560758
331.5333333333891,140.54665792771027
331.5666666667225,108.57165284615856
331.60000000005584,88.17870520995587
331.6333333333892,81.23668091220945
331.66666666672256,85.49939477942775
331.7000000000559,97.86198511865273
331.7333333333893,112.0397615431174
331.76666666672264,119.63557762842744
331.800000000056,115.98755896664596
331.83333333338936,106.6684993294828
331.8666666667227,98.64712922194605
331.9000000000561,94.22609098086274
331.93333333338944,92.1958227949182
331.9666666667228,92.26238268501136
332.00000000005616,97.23379035120442
332.0333333333895,110.16916760562096
332.0666666667229,128.09388262851851
332.10000000005624,142.92284026155372
332.1333333333896,153.82682753734596
332.16666666672296,186.1744365576037
332.2000000000563,268.52714188385096
332.2333333333897,375.1269434925714
332.26666666672304,428.6410439564827
332.3000000000564,375.5526500878133
332.33333333338976,266.2310247751432
332.3666666667231,175.3367578530041
332.4000000000565,131.45404915352475
332.43333333338984,114.2962343616302
332.4666666667232,104.70271688964831
332.50000000005656,99.38106469288668
332.5333333333899,99.54988449511048
332.5666666667233,106.25685203831397
332.60000000005664,120.34735399806208
332.63333333339,142.09276032378045
332.66666666672336,168.8682465618645
332.7000000000567,197.09954974507468
332.7333333333901,222.42796429041508
332.76666666672344,239.4662849250813
332.8000000000568,245.34745956078916
332.83333333339016,252.24692732911024
332.8666666667235,277.33726480137864
332.9000000000569,316.49396954351823
332.93333333339024,334.6331718316377
332.9666666667236,301.84017506015635
333.00000000005696,237.91999304335425
333.0333333333903,182.42605580636985
333.0666666667237,159.82155489297526
333.10000000005704,170.24837710076844
333.1333333333904,208.81206391404575
333.16666666672376,249.73621259159088
333.2000000000571,258.19371602306643
333.2333333333905,222.4493770114902
333.26666666672384,171.73469223086906
333.3000000000572,137.02274388009357
333.33333333339056,129.03249727563542
333.3666666667239,148.45332330195177
333.4000000000573,189.04531043109432
333.43333333339064,231.2045142688485
333.466666666724,255.4498073295208
333.50000000005736,257.69656212335065
333.5333333333907,242.2234909438799
333.5666666667241,218.95836024691155
333.60000000005743,209.7363529166647
333.6333333333908,234.42548833276555
333.6666666667241,276.58106574846505
333.7000000000575,298.3219392406853
333.7333333333909,277.7510458258544
333.76666666672423,231.07949448096065
333.8000000000576,179.70518163670843
333.8333333333909,141.96171334041094
333.8666666667243,134.17795144768309
333.9000000000577,160.1473374229423
333.93333333339103,191.64741019817075
333.9666666667244,199.47165722381047
334.0000000000577,207.34445936730955
334.0333333333911,275.9757669976025
334.0666666667245,430.6986940467567
334.10000000005783,595.9474754026028
334.1333333333912,682.9038930547563
334.1666666667245,664.2276553076092
334.2000000000579,559.0689472869578
334.2333333333913,399.370254154553
334.26666666672463,252.4320977533934
334.300000000058,187.94414072718516
334.3333333333913,205.5400338131981
334.3666666667247,247.82180458659727
334.40000000005807,268.5713204760213
334.43333333339143,263.84943096642
334.4666666667248,238.7049438163435
334.5000000000581,203.6088797973213
334.5333333333915,173.76843036557227
334.56666666672487,161.03927258477907
334.60000000005823,164.7754852320979
334.6333333333916,180.9115462414024
334.6666666667249,192.3624404175442
334.7000000000583,169.88286062477462
334.73333333339167,121.12143834154745
334.76666666672503,197.10226742822897
334.8000000000584,571.3794083360359
334.8333333333917,1147.0134091460866
334.8666666667251,1557.820619599703
334.90000000005847,1526.3399960604188
334.93333333339183,1188.5984623336371
334.9666666667252,783.3164645487449
335.0000000000585,452.1137712576615
335.0333333333919,233.94354306926084
335.06666666672527,147.1785854317617
335.1000000000586,141.1594323821718
335.133333333392,147.698234837974
335.16666666672535,141.06623241549343
335.2000000000587,143.06851392598395
335.23333333339207,173.4448613730451
335.2666666667254,230.41942498754585
335.3000000000588,305.7070878888935
335.33333333339215,384.9104163250727
335.3666666667255,446.4107690546962
335.40000000005887,470.4784759051412
335.4333333333922,448.8974562866367
335.4666666667256,377.6460576913024
335.50000000005895,274.1492213192671
335.5333333333923,182.491957453239
335.56666666672567,139.11377270994544
335.600000000059,131.22954392358835
335.6333333333924,130.3140951866696
335.66666666672575,126.08307312215496
335.7000000000591,132.04776215252213
335.73333333339247,159.19727504233396
335.7666666667258,195.5380933601703
335.8000000000592,221.2720071066336
335.83333333339255,223.5010039994823
335.8666666667259,198.74354630591472
335.90000000005926,153.6661088454681
335.9333333333926,150.46088742166614
335.966666666726,269.87379039627
336.00000000005934,515.154475240396
336.0333333333927,779.4190558424756
336.06666666672606,956.177610748853
336.1000000000594,992.8849118542907
336.1333333333928,858.7312561801665
336.16666666672614,590.1105778024762
336.2000000000595,322.5398882414668
336.23333333339286,177.90550446978085
336.2666666667262,139.66162819494969
336.3000000000596,137.14418347170889
336.33333333339294,128.56712705558274
336.3666666667263,116.480935302061
336.40000000005966,106.76751168422228
336.433333333393,102.57853279214676
336.4666666667264,105.90769348016993
336.50000000005974,116.12084853449268
336.5333333333931,128.44389639647045
336.56666666672646,138.0883164803306
336.6000000000598,142.6840664658871
336.6333333333932,140.9182842387486
336.66666666672654,133.95999240642607
336.7000000000599,127.00012447302578
336.73333333339326,125.80085737813197
336.7666666667266,137.573104203797
336.80000000006,169.9961914300298
336.83333333339334,218.9918208261392
336.8666666667267,260.9113110664356
336.90000000006006,275.15095770617944
336.9333333333934,276.9843598021007
336.9666666667268,297.39852656734405
337.00000000006014,348.0473577706065
337.0333333333935,407.5798366169303
337.06666666672686,457.0925288311973
337.1000000000602,520.1544040384753
337.1333333333936,639.0146781911965
337.16666666672694,805.2386098235693
337.2000000000603,922.418705311474
337.23333333339366,899.5360029531159
337.266666666727,753.946080542777
337.3000000000604,552.9968074782824
337.33333333339374,355.68319664051944
337.3666666667271,205.8340708298264
337.40000000006046,138.39055283455576
337.4333333333938,131.12478330804328
337.4666666667272,135.24673227390093
337.50000000006054,122.2775982983698
337.5333333333939,100.15204087153734
337.56666666672726,81.63159519854356
337.6000000000606,87.93112433397073
337.633333333394,143.92271565902945
337.66666666672734,242.67943766082837
337.7000000000607,320.18146882284924
337.73333333339406,316.6861959352601
337.7666666667274,253.5900997124548
337.8000000000608,190.73507662508348
337.83333333339414,167.07710453297753
337.8666666667275,183.49130895461187
337.90000000006086,235.1696515946081
337.9333333333942,303.8206484483162
337.9666666667276,364.7476757317037
338.00000000006094,397.1261368675538
338.0333333333943,387.1940391779488
338.06666666672766,325.92311835454694
338.100000000061,236.07616919983025
338.1333333333944,155.54479476228212
338.16666666672774,116.12483831951042
338.2000000000611,138.45966300686817
338.23333333339446,237.0528543110389
338.2666666667278,386.9933943567228
338.3000000000612,544.5226653056665
338.33333333339453,658.3283801015789
338.3666666667279,663.7693201442693
338.40000000006125,512.8977447951759
338.4333333333946,299.858296826352
338.466666666728,184.8186775216136
338.50000000006133,226.77042681999677
338.5333333333947,304.31434344455585
338.56666666672805,295.9239615340531
338.6000000000614,223.0267596035285
338.6333333333948,173.35776140639123
338.66666666672813,189.61836659093456
338.7000000000615,234.8467131764789
338.73333333339485,267.3362609730433
338.7666666667282,270.7129982370464
338.8000000000616,240.41632709730777
338.83333333339493,183.3460030000085
338.8666666667283,126.08442457178325
338.90000000006165,93.75357182333656
338.933333333395,85.96445619402438
338.9666666667284,90.83407089230906
339.00000000006173,100.48591637584384
339.0333333333951,113.9275805851555
339.06666666672845,131.90075964870994
339.1000000000618,162.93259062701853
339.1333333333952,218.7253471753527
339.16666666672853,291.2401810021314
339.2000000000619,339.71141385461453
339.23333333339525,328.0212489671547
339.2666666667286,274.78216722613627
339.300000000062,222.00204917386853
339.33333333339533,195.5337357579224
339.3666666667287,195.00003424643847
339.40000000006205,215.27515928695072
339.4333333333954,235.00805828092425
339.4666666667288,226.39001389561665
339.50000000006213,183.25084082669383
339.5333333333955,133.38459298140572
339.56666666672885,103.4819104853778
339.6000000000622,93.30667776414732
339.6333333333956,91.73802891766178
339.66666666672893,90.4345985292502
339.7000000000623,85.32174164989715
339.73333333339565,74.8000687641204
339.766666666729,70.73341975635947
339.8000000000624,89.90583027141672
339.83333333339573,130.94995748992082
339.8666666667291,165.89492420637436
339.90000000006245,169.76772231065695
339.9333333333958,148.70607416619998
339.9666666667292,120.42697440710026
340.0000000000625,97.04644671163922
340.0333333333959,82.76066770290308
340.06666666672925,80.46461850135667
340.1000000000626,88.96303891273045
340.133333333396,105.50315668256133
340.1666666667293,123.67467359728003
340.2000000000627,132.13032995564416
340.23333333339605,122.70653326729966
340.2666666667294,106.721433836961
340.3000000000628,101.9962778735568
340.3333333333961,119.64686450022974
340.3666666667295,162.12733375523413
340.40000000006285,226.40063704749025
340.4333333333962,283.75081619398884
340.4666666667296,297.9321650821456
340.5000000000629,261.08452690126967
340.5333333333963,200.24947110865915
340.56666666672965,146.33519959446556
340.600000000063,138.7387039329642
340.6333333333964,217.2994910274942
340.6666666667297,354.8274765815747
340.7000000000631,445.8887282657879
340.73333333339644,409.71239077469295
340.7666666667298,300.28789396500173
340.8000000000632,208.58419460008864
340.8333333333965,169.71210560674362
340.8666666667299,157.0669426460237
340.90000000006324,145.88138001146004
340.9333333333966,133.20613813827438
340.96666666673,121.90649350181177
341.0000000000633,112.2949172794601
341.0333333333967,102.02315609325632
341.06666666673004,91.61807830300616
341.1000000000634,93.75755379749968
341.1333333333968,123.44011937767804
341.1666666667301,178.89942797185995
341.2000000000635,241.9397552407572
341.23333333339684,292.9484203654528
341.2666666667302,309.5691533660137
341.3000000000636,271.09416099583234
341.3333333333969,202.30183376101277
341.3666666667303,169.74172045008956
341.40000000006364,212.98529413779804
341.433333333397,272.03517701855225
341.4666666667304,269.33645755570603
341.5000000000637,200.85652714466437
341.5333333333971,125.61758962889658
341.56666666673044,89.10367204684185
341.6000000000638,86.57403957882809
341.6333333333972,103.53734218709658
341.6666666667305,131.0249842741371
341.7000000000639,164.4748061209636
341.73333333339724,197.1105195148897
341.7666666667306,215.2203487402068
341.800000000064,205.1295332727612
341.8333333333973,171.758653191467
341.8666666667307,133.7832500758344
341.90000000006404,105.30632123834876
341.9333333333974,87.08958276928517
341.9666666667308,77.540549846049
342.0000000000641,73.77020725670346
342.0333333333975,72.00994439206434
342.06666666673084,70.99850246781855
342.1000000000642,75.77450670087482
342.1333333333976,91.42498506324912
342.1666666667309,112.72538526769934
342.2000000000643,127.99476578903024
342.23333333339764,132.20232371524995
342.266666666731,135.70815031679982
342.3000000000644,149.55773054969552
342.3333333333977,170.28648761788088
342.3666666667311,186.0916478968309
342.40000000006444,188.5109157803548
342.4333333333978,176.2323798752708
342.4666666667312,150.3764909779204
342.5000000000645,125.8186745237231
342.5333333333979,124.58755724377886
342.56666666673124,160.57024224040268
342.6000000000646,232.14710120062315
342.633333333398,331.45793476187646
342.6666666667313,414.7561955886791
342.7000000000647,421.7562073430822
342.73333333339804,338.3642760712649
342.7666666667314,229.87308953364092
342.8000000000648,160.48846913876343
342.8333333333981,131.5933645862204
342.8666666667315,117.69005970458298
342.90000000006484,104.18252087915262
342.9333333333982,93.5619979496631
342.9666666667316,89.29547390807562
343.0000000000649,91.73033061630174
343.0333333333983,99.95018000308336
343.06666666673163,110.4152176370772
343.100000000065,115.91134278360794
343.13333333339835,111.74852307780048
343.1666666667317,108.80941486224728
343.2000000000651,122.92282686303533
343.23333333339843,153.90606686565903
343.2666666667318,181.3474007768091
343.30000000006515,187.34776365939885
343.3333333333985,172.75502078146422
343.3666666667319,144.29167147141916
343.40000000006523,112.05509998829116
343.4333333333986,89.97040851349551
343.46666666673195,87.6338836049946
343.5000000000653,94.93951176910998
343.5333333333987,96.9573860970272
343.56666666673203,91.1834512621338
343.6000000000654,87.74325803186004
343.63333333339875,95.04804808506782
343.6666666667321,112.80052741194945
343.7000000000655,138.4826833105149
343.73333333339883,166.8272422342176
343.7666666667322,190.07185040026548
343.80000000006555,198.232182655066
343.8333333333989,174.18580303951308
343.86666666673227,104.69978680222516
343.90000000006563,63.11273679698466
343.933333333399,192.56207736002744
343.96666666673235,550.3165793136155
344.0000000000657,936.2382307777452
344.03333333339907,1117.5242567982757
344.06666666673243,1052.3177319075678
344.1000000000658,835.2710304887185
344.13333333339915,560.1982169058358
344.1666666667325,311.1997622416534
344.20000000006587,165.64608524581234
344.23333333339923,142.34516217384493
344.2666666667326,223.0884934720661
344.30000000006595,367.6096172250891
344.3333333333993,487.6473518651958
344.36666666673267,499.3216506864407
344.40000000006603,422.20471925175394
344.4333333333994,332.8258158671874
344.46666666673275,278.9549283454932
344.5000000000661,251.13839735508896
344.53333333339947,234.339258961006
344.56666666673283,221.71644395590252
344.6000000000662,210.37881563434271
344.63333333339955,197.36747421623105
344.6666666667329,179.565257051779
344.70000000006627,155.11353945152402
344.7333333333996,130.8466286397673
344.766666666733,117.12424173948637
344.80000000006635,118.74725018692835
344.8333333333997,132.2814875375004
344.86666666673307,152.71070406078914
344.9000000000664,169.6968733984221
344.9333333333998,171.2327957919291
344.96666666673315,154.52060962640132
345.0000000000665,128.59550340185436
345.03333333339987,103.51752692842608
345.0666666667332,90.5630719486838
345.1000000000666,100.86915671841844
345.13333333339995,131.1349912425323
345.1666666667333,161.97801338600163
345.20000000006667,180.44753131439768
345.2333333334,203.9044923249205
345.2666666667334,255.66409380705423
345.30000000006675,317.308616598515
345.3333333334001,330.2279238002027
345.36666666673347,259.2805745149059
345.4000000000668,157.66607163146233
345.4333333334002,94.76781153025814
345.46666666673354,85.5296514968035
345.5000000000669,99.72620865852647
345.53333333340026,112.6547484778741
345.5666666667336,120.06194466579456
345.600000000067,121.61873916092
345.63333333340034,118.9706147626541
345.6666666667337,115.1728774601211
345.70000000006706,114.99828678698404
345.7333333334004,127.44298632809311
345.7666666667338,159.8610678868551
345.80000000006714,195.0369405542656
345.8333333334005,200.96172089616584
345.86666666673386,166.32728383188768
345.9000000000672,123.99672018349968
345.9333333334006,108.46082345021192
345.96666666673394,119.57431486728387
346.0000000000673,139.4599421980219
346.03333333340066,158.44255899966112
346.066666666734,181.74080232019577
346.1000000000674,213.6912806733408
346.13333333340074,241.4245160313021
346.1666666667341,244.898838561684
346.20000000006746,219.38640496111688
346.2333333334008,183.27690387842296
346.2666666667342,154.2631413578032
346.30000000006754,134.83896500931033
346.3333333334009,122.07173957252508
346.36666666673426,115.28253059773633
346.4000000000676,116.66777278384816
346.433333333401,132.37225873061294
346.46666666673434,186.52902984429213
346.5000000000677,306.0801061901806
346.53333333340106,451.0464575841152
346.5666666667344,509.7423802661375
346.6000000000678,408.6131975641552
346.63333333340114,237.37265059893755
346.6666666667345,120.89570544296268
346.70000000006786,91.27776137623034
346.7333333334012,97.093972757548
346.7666666667346,97.33917868133838
346.80000000006794,93.97904319253242
346.8333333334013,96.78563513659115
346.86666666673466,104.11095451792436
346.900000000068,105.71681199728496
346.9333333334014,96.81153793628016
346.96666666673474,87.45041031891718
347.0000000000681,88.90170247479405
347.03333333340146,99.09910514932508
347.0666666667348,107.64975846814744
347.1000000000682,109.09770045308689
347.13333333340154,108.89207378008398
347.1666666667349,113.01688029072344
347.20000000006826,119.74216156691844
347.2333333334016,123.39452531122568
347.266666666735,122.47009529227064
347.30000000006834,122.9035602672789
347.3333333334017,131.9162021814073
347.36666666673506,160.36792915094435
347.4000000000684,220.3446922878317
347.4333333334018,307.8730253404887
347.46666666673514,395.57677184957527
347.5000000000685,457.8376410475704
347.53333333340186,488.93546554200776
347.5666666667352,490.002888469426
347.6000000000686,463.0288387045811
347.63333333340194,411.021614650688
347.6666666667353,338.8814419018111
347.70000000006866,259.5754304181942
347.733333333402,188.11762046932492
347.7666666667354,135.645574111014
347.80000000006874,109.47716183020565
347.8333333334021,111.33471721449972
347.86666666673545,123.87534451422086
347.9000000000688,126.75236056466224
347.9333333334022,118.50612907070315
347.96666666673553,112.90562057963648
348.0000000000689,118.54694111971996
348.03333333340225,128.35085880954222
348.0666666667356,133.0448864175751
348.100000000069,129.60884296936223
348.13333333340233,119.14077618416904
348.1666666667357,105.36299824123732
348.20000000006905,97.70277286077354
348.2333333334024,104.70126576921136
348.2666666667358,119.91706870173884
348.30000000006913,129.04281134433143
348.3333333334025,125.32610891967784
348.36666666673585,115.69633159442316
348.4000000000692,107.88283279650273
348.4333333334026,105.277128403123
348.46666666673593,109.33860514097722
348.5000000000693,116.94819016638044
348.53333333340265,118.38927650388192
348.566666666736,106.29544716609152
348.6000000000694,88.73543410048384
348.6333333334028,78.65159184010282
348.6666666667361,79.71495464889082
348.70000000006945,84.82023275629606
348.7333333334028,88.65247021496045
348.76666666673617,95.94315544348086
348.8000000000696,113.5144702796976
348.8333333334029,137.1199260289411
348.86666666673625,152.18009830795972
348.9000000000696,158.26126256797434
348.93333333340297,202.33101795977456
348.9666666667364,333.7370505390305
349.0000000000697,497.83962703401824
349.03333333340305,562.4344291065815
349.0666666667364,459.3051580157429
349.10000000006977,287.5269632862994
349.1333333334032,164.06352092800543
349.1666666667365,119.64210046894542
349.20000000006985,133.7151523689285
349.2333333334032,177.91189605170797
349.26666666673657,209.6364548932932
349.30000000007,191.4105363942202
349.3333333334033,138.49768007450518
349.36666666673665,90.55978044995636
349.40000000007,72.16027072932243
349.43333333340337,83.99251096680779
349.4666666667367,122.39001862544087
349.5000000000701,170.34888714380943
349.53333333340345,206.36838712988785
349.5666666667368,220.9610313376816
349.60000000007017,219.49596123834596
349.6333333334035,211.02621637406335
349.6666666667369,216.91374312231125
349.70000000007025,260.01908637328575
349.7333333334036,320.861324058337
349.76666666673697,338.69160967672167
349.8000000000703,276.0676545316956
349.8333333334037,180.2600706200541
349.86666666673705,113.2832685110347
349.9000000000704,90.12370370769608
349.93333333340377,89.76524836811613
349.9666666667371,94.79549867217663
350.0000000000705,99.46720588493903
350.03333333340385,100.81577324283153
350.0666666667372,105.58621344903428
350.10000000007057,126.23093581632212
350.1333333334039,163.4656999665804
350.1666666667373,194.5980561846333
350.20000000007065,197.27039358309764
350.233333333404,172.68699596249968
350.26666666673736,132.97257601221685
350.3000000000707,94.34401915621318
350.3333333334041,79.19082876969769
350.36666666673744,104.1795000891137
350.4000000000708,150.7690534178178
350.43333333340416,188.67320484970625
350.4666666667375,206.16783720179797
350.5000000000709,213.54197128089373
350.53333333340424,219.1827823966461
350.5666666667376,218.1355417523292
350.60000000007096,202.4352296018932
350.6333333334043,173.82151026402116
350.6666666667377,142.93520357429986
350.70000000007104,118.82017142963832
350.7333333334044,104.49617680959471
350.76666666673776,101.39426077851674
350.8000000000711,105.47669270436698
350.8333333334045,108.86604040976508
350.86666666673784,110.05801193557949
350.9000000000712,122.66754601515127
350.93333333340456,159.71578429237923
350.9666666667379,208.84777991687565
351.0000000000713,244.1430500372678
351.03333333340464,249.6655782602737
351.066666666738,227.38321253335403
351.10000000007136,183.00864233767365
351.1333333334047,134.88909574091898
351.1666666667381,106.26662910488344
351.20000000007144,110.67486988831752
351.2333333334048,148.56942173736118
351.26666666673816,214.5031919577268
351.3000000000715,279.0625095293459
351.3333333334049,306.9759846036142
351.36666666673824,295.1612196423816
351.4000000000716,273.50660472120995
351.43333333340496,263.1088719014963
351.4666666667383,248.9183181889425
351.5000000000717,209.82571636001825
351.53333333340504,153.20671208225832
351.5666666667384,108.56022346081926
351.60000000007176,93.47551321505512
351.6333333334051,93.36330906825611
351.6666666667385,90.36916016293286
351.70000000007184,85.50311136469445
351.7333333334052,90.73720564810974
351.76666666673856,108.77529437371172
351.8000000000719,124.37954170187804
351.8333333334053,123.32151369364136
351.86666666673864,112.97463553730174
351.900000000072,109.93222426043192
351.93333333340536,122.48448208325156
351.9666666667387,147.04530204760437
352.0000000000721,180.31894681716133
352.03333333340544,225.10575390229283
352.0666666667388,285.19521140445005
352.10000000007216,339.8934326641097
352.1333333334055,342.388700268321
352.1666666667389,266.24154257138895
352.20000000007224,163.9773847621967
352.2333333334056,102.98058275256156
352.26666666673896,100.98859241304076
352.3000000000723,136.1454983668036
352.3333333334057,187.2416545360418
352.36666666673904,237.65620147781175
352.4000000000724,272.68276292280854
352.43333333340576,289.7353425792396
352.4666666667391,293.4788117334136
352.5000000000725,298.21331044586805
352.53333333340584,336.47227434912577
352.5666666667392,431.0981934708307
352.6000000000725,521.679831832951
352.6333333334059,513.5306001808419
352.6666666667393,390.82503514251954
352.70000000007263,248.6704678594573
352.733333333406,171.39892159826832
352.7666666667393,148.6094976382346
352.8000000000727,141.6468210695427
352.8333333334061,138.34282318136658
352.86666666673943,153.97986442065715
352.9000000000728,194.90556589849368
352.9333333334061,231.77639414394463
352.9666666667395,230.070485526608
353.0000000000729,193.89471420898343
353.03333333340623,156.77733579595912
353.0666666667396,142.27993178203417
353.1000000000729,147.4233588745775
353.1333333334063,165.36737118814972
353.1666666667397,190.9946650067561
353.20000000007303,220.11505353425932
353.2333333334064,245.85470139755955
353.2666666667397,256.5455880851911
353.3000000000731,242.47141162933232
353.3333333334065,209.7347754293092
353.36666666673983,170.7985849853119
353.4000000000732,140.69385827797822
353.4333333334065,137.74449046632634
353.4666666667399,173.0435232363322
353.50000000007327,224.42198816887725
353.53333333340663,261.3668624168325
353.56666666674,272.6261817787152
353.6000000000733,265.0195285951077
353.6333333334067,246.10001751301064
353.66666666674007,223.52921936604943
353.70000000007343,204.3637109072653
353.7333333334068,187.85756522899743
353.7666666667401,167.9929384239042
353.8000000000735,143.08132318074854
353.83333333340687,121.05244550148689
353.86666666674023,110.14054735152106
353.9000000000736,110.8422898929865
353.9333333334069,119.9754551402252
353.9666666667403,138.4044857508097
354.00000000007367,173.27700920948558
354.03333333340703,228.68243615941543
354.0666666667404,289.14665145055227
354.1000000000737,332.93710446967503
354.1333333334071,348.4002846694325
354.16666666674047,335.0334395421703
354.2000000000738,296.02252253669536
354.2333333334072,246.0923377382249
354.26666666674055,201.9607028080756
354.3000000000739,169.70963430984432
354.33333333340727,147.00323477680803
354.3666666667406,132.18293958897254
354.400000000074,125.8988683131596
354.43333333340735,128.59603701577706
354.4666666667407,135.23300020948727
354.50000000007407,137.73893074626693
354.5333333334074,132.35391809130482
354.5666666667408,123.01658885143148
354.60000000007415,115.24382636704767
354.6333333334075,119.54552291908352
354.66666666674087,147.88796327444118
354.7000000000742,194.72236404192785
354.7333333334076,232.61079087491103
354.76666666674095,240.24535314217587
354.8000000000743,228.1231446773088
354.83333333340767,214.3910787105188
354.866666666741,202.8828298285989
354.9000000000744,184.78838886691668
354.93333333340775,156.17915583893367
354.9666666667411,128.28786834771327
355.00000000007446,113.82167793849436
355.0333333334078,112.13453804540649
355.0666666667412,114.32613796065203
355.10000000007454,115.3129098250654
355.1333333334079,117.69392736245116
355.16666666674126,124.59954779024952
355.2000000000746,136.66695706914783
355.233333333408,153.47784259472027
355.26666666674134,175.1055435127042
355.3000000000747,202.2942052163443
355.33333333340806,237.8768328874919
355.3666666667414,294.0919719123546
355.4000000000748,383.8464793413089
355.43333333340814,477.5994599796611
355.4666666667415,505.715461488022
355.50000000007486,431.71112189309946
355.5333333334082,325.111731814674
355.5666666667416,268.63959387588983
355.60000000007494,262.15811754988187
355.6333333334083,251.373293330625
355.66666666674166,215.44429540346252
355.700000000075,204.14048300284617
355.7333333334084,265.9121596155419
355.76666666674174,375.4077199112563
355.8000000000751,474.49830634910086
355.83333333340846,518.6704638119919
355.8666666667418,482.7485615591162
355.9000000000752,358.5542939731946
355.93333333340854,212.11292256361853
355.9666666667419,128.33220968345756
356.00000000007526,121.99072303831822
356.0333333334086,139.966533437864
356.066666666742,141.13205401055723
356.10000000007534,130.4107219070727
356.1333333334087,120.85853516209174
356.16666666674206,115.7015303231631
356.2000000000754,111.65407399896152
356.2333333334088,108.48458424512307
356.26666666674214,112.51293864094306
356.3000000000755,128.43741829018427
356.33333333340886,142.98908801810424
356.3666666667422,136.0690618093691
356.4000000000756,143.56834190071214
356.43333333340894,279.55580046118325
356.4666666667423,608.2274743649639
356.50000000007566,931.8285762292792
356.533333333409,987.5506165396156
356.5666666667424,763.0870690636939
356.60000000007574,484.2138979767866
356.6333333334091,323.5631436265908
356.66666666674246,264.0996037547717
356.7000000000758,254.454580848252
356.7333333334092,260.248357531725
356.76666666674254,258.2359427700247
356.8000000000759,250.82546644308223
356.83333333340926,291.0248950421009
356.8666666667426,434.6356342860001
356.900000000076,715.1611973512616
356.93333333340934,1152.8899614545037
356.9666666667427,1617.8814284041391
357.00000000007606,1780.77625303864
357.0333333334094,1417.4122846637804
357.0666666667428,828.811147986423
357.10000000007614,444.3644227668845
357.1333333334095,380.6848325427094
357.16666666674286,474.79929085401096
357.2000000000762,579.5677998166041
357.2333333334096,620.0260673359119
357.26666666674294,543.225341818097
357.3000000000763,395.0876352684153
357.33333333340966,280.02278176646206
357.366666666743,249.67579898820807
357.4000000000764,257.84261631148206
357.43333333340973,256.83442661255566
357.4666666667431,255.48224091426133
357.50000000007645,283.7589714555061
357.5333333334098,342.4586996917074
357.5666666667432,396.99997241051807
357.60000000007653,415.9816050568351
357.6333333334099,388.90448648270166
357.66666666674325,313.33886987658553
357.7000000000766,233.6145063887149
357.73333333341,231.583459541695
357.76666666674333,343.02749466909006
357.8000000000767,486.4204949670126
357.83333333341005,568.4833643834852
357.8666666667434,551.5962655361757
357.9000000000768,428.7624894316475
357.93333333341013,271.9857428082082
357.9666666667435,279.960206952686
358.00000000007685,609.2703896855348
358.0333333334102,1125.7186604723838
358.0666666667436,1598.8463526978626
358.10000000007693,1847.3996810255455
358.1333333334103,1742.2436644492716
358.16666666674365,1251.746015854089
358.200000000077,663.0105076932031
358.2333333334104,306.7020717845363
358.26666666674373,215.0597240166969
358.3000000000771,213.7007829476215
358.33333333341045,197.6943646235863
358.3666666667438,217.37357844571315
358.4000000000772,330.99721212106965
358.43333333341053,510.3080913159548
358.4666666667439,688.6737181468034
358.50000000007725,810.3358583845061
358.5333333334106,834.5589744574437
358.566666666744,745.3554790050985
358.60000000007733,632.0229999546801
358.6333333334107,606.2366455530959
358.66666666674405,651.4903441728995
358.7000000000774,637.9548287467928
358.7333333334108,494.39341934670006
358.76666666674413,320.0721348905297
358.8000000000775,231.6895098059925
358.83333333341085,233.4523537825032
358.8666666667442,265.6140261547568
358.9000000000776,287.4726977677249
358.9333333334109,292.2932675225279
358.9666666667443,278.0319248389858
359.00000000007765,250.42371349795556
359.033333333411,217.88696316065537
359.0666666667444,186.08958236498285
359.1000000000777,157.66549795404958
359.1333333334111,137.0699630279505
359.16666666674445,135.6284240789095
359.2000000000778,165.97658156749276
359.2333333334112,238.35683498095423
359.2666666667445,361.13331628242327
359.3000000000779,510.8310071736752
359.33333333341125,596.2164832143088
359.3666666667446,535.990390246244
359.400000000078,385.746299258522
359.4333333334113,260.58678187252394
359.4666666667447,210.9223272183797
359.50000000007805,199.88883128079263
359.5333333334114,191.34708125969664
359.5666666667448,178.87730721907175
359.6000000000781,164.2130512557693
359.6333333334115,150.8887084235559
359.66666666674485,143.9746541098967
359.7000000000782,145.7912438383943
359.7333333334116,151.37842769375675
359.7666666667449,155.21068324952282
359.8000000000783,157.31812504510498
359.83333333341164,160.70155413229756
359.866666666745,166.62565605429282
359.9000000000784,173.5209629085247
359.9333333334117,182.9800691899126
359.9666666667451,214.6479509118963
360.00000000007844,292.22494472773445
360.0333333334118,395.2175939950485
360.0666666667452,458.4494524822962
360.1000000000785,440.0877168247187
360.1333333334119,377.17687817505225
360.16666666674524,319.51666484549247
360.2000000000786,287.81473848185567
360.233333333412,284.1896567443826
360.2666666667453,298.0372909561539
360.3000000000787,295.3681167782977
360.333333333412,250.24695874855868
360.3666666667454,203.7000152444365
360.4000000000788,221.0193106384089
360.4333333334121,314.27390664540803
360.4666666667455,433.2883059384374
360.5000000000789,532.0960567814848
360.5333333334122,592.9768363237131
360.5666666667456,605.9293010571648
360.6000000000789,578.5282779651733
360.6333333334123,531.1080016319478
360.6666666667456,474.7947042594324
360.700000000079,400.1849510919168
360.7333333334124,308.4788353468942
360.7666666667457,298.2981929217298
360.8000000000791,506.9658127073345
360.8333333334125,883.1818758549763
360.8666666667458,1126.238917048482
360.9000000000792,1014.1710333872292
360.9333333334125,725.5835466556842
360.9666666667459,530.8250597683182
361.0000000000792,488.7132424664195
361.0333333334126,485.363920198726
361.066666666746,441.8991908348216
361.1000000000793,376.8276786771023
361.1333333334127,319.9014941524684
361.1666666667461,273.5771201957675
361.2000000000794,227.35854060180165
361.2333333334128,203.1691989254709
361.2666666667461,270.4619526408777
361.3000000000795,468.3349635075024
361.3333333334128,676.6596889163359
361.3666666667462,736.350790645841
361.4000000000796,629.7467317614163
361.4333333334129,465.7378374737453
361.4666666667463,331.0608818617632
361.5000000000797,241.3006030065972
361.533333333413,198.77181103843543
361.5666666667464,191.76997498481927
361.6000000000797,201.0498134333192
361.6333333334131,211.461970510394
361.6666666667464,214.45790586290877
361.7000000000798,215.47818256113905
361.7333333334132,288.0537814266411
361.7666666667465,520.8041035907257
361.8000000000799,864.0295183448102
361.8333333334133,1135.4320869058772
361.8666666667466,1200.025024103519
361.90000000008,1073.9736669725964
361.9333333334133,806.5247443018782
361.9666666667467,508.4576312436086
362.00000000008,324.94500748863504
362.0333333334134,316.22141350801814
362.0666666667468,399.4892037567664
362.1000000000801,486.0510834635904
362.1333333334135,528.9746315409549
362.1666666667468,497.4580809994658
362.2000000000802,409.8706650249244
362.2333333334136,333.9590298723418
362.2666666667469,315.5926111340576
362.3000000000803,328.28175309299985
362.3333333334136,334.7030854041407
362.366666666747,326.30533316388033
362.4000000000804,311.76681340222905
362.4333333334137,296.0484336839387
362.4666666667471,277.2563846426839
362.5000000000804,253.9103237668441
362.5333333334138,230.648333609618
362.5666666667472,214.02911298126665
362.6000000000805,205.77943565166535
362.6333333334139,202.65001415028456
362.6666666667472,202.3656197321727
362.7000000000806,206.35034644878152
362.733333333414,216.5365433876877
362.7666666667473,232.68657943231776
362.8000000000807,253.2237646083275
362.833333333414,275.2575391870015
362.8666666667474,293.6258312389374
362.9000000000808,307.29605835983386
362.9333333334141,339.7321395367064
362.9666666667474,422.9454779049006
363.0000000000808,588.8935635590785
363.0333333334142,869.4384386657083
363.0666666667476,1240.2123202707214
363.1000000000809,1504.2524063229523
363.1333333334143,1456.4503265188516
363.1666666667476,1157.4334428660657
363.200000000081,827.7866663366425
363.2333333334144,603.9401889884296
363.2666666667477,472.5243968081244
363.300000000081,404.1822084362963
363.3333333334144,363.7667573598488
363.3666666667478,316.2084404259207
363.4000000000812,274.8333623853206
363.4333333334145,301.8717538504952
363.4666666667479,422.58661140220926
363.5000000000812,545.3917018863583
363.5333333334146,567.7649168257192
363.566666666748,497.9340599838144
363.6000000000813,408.8699247370438
363.6333333334146,346.91129050542486
363.666666666748,312.40851954010583
363.7000000000814,301.0716055028287
363.7333333334148,307.25958629532715
363.7666666667481,324.6739214931278
363.8000000000815,342.37007371210416
363.8333333334148,344.9138536866776
363.8666666667482,327.09251594237054
363.9000000000816,313.1715748226633
363.9333333334149,329.24855961509064
363.96666666674827,369.2470629935373
364.0000000000816,409.20608130326
364.033333333415,427.931230900783
364.0666666667484,408.908434586462
364.1000000000817,351.76709229037107
364.1333333334151,333.5008169916153
364.1666666667484,448.2642706559969
364.2000000000818,662.1639788738113
364.2333333334152,825.1451575226678
364.2666666667485,842.7942227235258
364.30000000008187,777.7296583166768
364.3333333334152,711.0378584054188
364.3666666667486,663.008917248403
364.400000000082,622.6770565886567
364.4333333334153,584.2966598548229
364.4666666667487,550.1201687623882
364.500000000082,520.0578563049621
364.5333333334154,480.7227364792032
364.5666666667488,417.0494994940925
364.6000000000821,348.30188473225485
364.63333333341546,322.2773330386695
364.6666666667488,379.8262407094806
364.7000000000822,543.2518576082316
364.73333333341554,812.9654035753925
364.7666666667489,1041.007234490508
364.8000000000823,1015.4308069999776
364.8333333334156,729.7784666943271
364.866666666749,448.8546455393885
364.9000000000824,379.0550571751266
364.9333333334157,422.1524605963815
364.96666666674906,414.986909280784
365.0000000000824,891.9910328652309
365.0333333334158,942.5077200368876
365.06666666674914,1003.0344877542162
365.1000000000825,1067.6284168905156
365.1333333334159,1132.720548644266
365.1666666667492,1194.7419240978138
365.2000000000826,1248.3913411275405
365.233333333416,1281.5228959636293
365.2666666667493,1280.300321614582
365.30000000008266,1230.8873510889005
365.333333333416,1122.410704806073
365.3666666667494,969.9846742262368
365.40000000008274,802.1890404436776
365.4333333334161,647.7174208436029
365.4666666667495,534.4129643990476
365.5000000000828,469.7710360819826
365.5333333334162,440.4921404163246
365.5666666667496,432.3368849839408
365.6000000000829,431.1028775367086
365.63333333341626,427.75619608024914
365.6666666667496,423.6960854190269
365.700000000083,421.5775602943124
365.73333333341634,424.055635447376
365.7666666667497,433.1430133379664
365.8000000000831,448.1293811816177
365.8333333334164,467.5829577782951
365.8666666667498,490.0719569769002
365.9000000000832,513.9963483425631
365.9333333334165,536.1662842181756
365.96666666674986,552.5169171750756
366.0000000000832,558.9743037708039
366.0333333334166,551.6347293328022
366.06666666674994,531.1001790732382
366.1000000000833,502.833029465618
366.1333333334167,472.5369517413601
366.16666666675,445.9122460495316
366.2000000000834,428.07560341932816
366.2333333334168,422.90074329141055
366.2666666667501,434.1020022321114
366.30000000008346,465.39371680776287
366.3333333334168,517.3086048488937
366.3666666667502,576.1431805643484
366.40000000008354,624.213748927517
366.4333333334169,643.8364292717814
366.4666666667503,619.5492978490341
366.5000000000836,558.1192595409118
366.533333333417,479.11101728117785
366.5666666667504,402.24284123746105
366.6000000000837,346.889411573532
366.63333333341706,322.6016215307177
366.6666666667504,327.90343538552355
366.7000000000838,360.7335916854597
366.73333333341714,419.0125813905006
366.7666666667505,496.92640135574
366.8000000000839,580.3937603076106
366.8333333334172,654.2247324905711
366.8666666667506,703.2293921490804
366.90000000008393,716.0933603567534
366.9333333334173,699.5070893540161
366.96666666675065,665.3857232411927
367.000000000084,625.6449645680495
367.0333333334174,591.2704143489121
367.06666666675073,563.5756219028327
367.1000000000841,538.1361134515543
367.1333333334175,510.4520011623491
367.1666666667508,476.2122984463077
367.2000000000842,436.7879647449755
367.23333333341753,400.092092526627
367.2666666667509,374.3997853307156
367.30000000008425,367.9607232318191
367.3333333334176,383.23232366541714
367.366666666751,409.545217597712
367.40000000008433,434.4219254802651
367.4333333334177,445.3849677646386
367.4666666667511,435.1569553733887
367.5000000000844,421.1326908764021
367.5333333334178,428.0166558944855
367.56666666675113,480.5144674582583
367.6000000000845,599.3651861070781
367.63333333341785,763.238848681911
367.6666666667512,925.4679212252483
367.7000000000846,1039.0366895759523
367.73333333341793,1058.4795816567146
367.7666666667513,986.0143373508946
367.8000000000847,879.3718097276663
367.833333333418,799.4103101855749
367.86666666675137,806.8411182592391
367.90000000008473,927.584878492436
367.9333333334181,1108.0819071732094
367.96666666675145,1283.724362301254
368.0000000000848,1389.9044018762656
368.03333333341817,1377.2978423893876
368.06666666675153,1269.4193499657438
368.1000000000849,1111.4587788081324
368.1333333334183,948.6096049137244
368.1666666667516,825.2045210458887
368.20000000008497,776.443485339821
368.23333333341833,832.0244107725215
368.2666666667517,1021.5695416384756
368.30000000008505,1372.7409783901694
368.3333333334184,1853.3122871110847
368.36666666675177,2361.5664441111508
368.40000000008513,2791.892548452782
368.4333333334185,3038.9274400884933
368.4666666667519,3053.903597736108
368.5000000000852,2916.3880222516
368.53333333341857,2723.6363784251807
368.5666666667519,2572.90433104706
368.6000000000853,2536.5378069822677
368.63333333341865,2569.601627605507
368.666666666752,2592.67574395371
368.70000000008537,2526.335406120893
368.7333333334187,2300.5664951871863
368.7666666667521,1943.3196229521063
368.8000000000855,1540.7114120026013
368.8333333334188,1179.624819379408
368.86666666675217,944.7425299385064
368.9000000000855,855.8808978884108
368.9333333334189,858.9133913063566
368.96666666675225,895.6881290713388
369.0000000000856,908.1742022015388
369.03333333341897,863.2225383208437
369.0666666667523,782.8280220309166
369.1000000000857,696.3897600267784
369.1333333334191,633.3068590034492
369.1666666667524,617.2667271092005
369.20000000008577,645.8267777049454
369.2333333334191,709.0764955283546
369.2666666667525,797.104779919965
369.3000000000858,899.3919022779177
369.3333333334192,999.3190447033134
369.36666666675256,1076.7513383973596
369.4000000000859,1111.5115517665383
369.4333333334193,1084.3002066495835
369.46666666675264,1000.1058144597702
369.500000000086,890.7276194861097
369.53333333341936,789.3487131734228
369.5666666667527,729.0573457409834
369.6000000000861,726.4137319545694
369.6333333334194,762.7210500696982
369.6666666667528,814.7532313500707
369.70000000008616,859.2842070593873
369.7333333334195,878.2020694293757
369.7666666667529,875.7551781708527
369.80000000008624,862.3013331165565
369.8333333334196,848.198479913474
369.86666666675296,843.1402441364273
369.9000000000863,850.5291015312234
369.9333333334197,870.2989990806234
369.966666666753,902.3476208252836
370.0000000000864,946.4609514199852
370.03333333341976,999.5969470646942
370.0666666667531,1055.733729052754
370.1000000000865,1108.7073319771273
370.13333333341984,1152.360383056145
370.1666666667532,1181.46326900708
370.20000000008656,1192.6627894089129
370.2333333334199,1182.8321162872471
370.2666666667533,1148.844421667686
370.3000000000866,1105.4406798151697
370.33333333342,1140.8016156393835
370.36666666675336,1361.973506603464
370.4000000000867,1876.0026438100556
370.4333333334201,2766.488100402
370.46666666675344,3910.864595942755
370.5000000000868,5079.523074773496
370.53333333342016,6041.942882125633
370.5666666667535,6575.230478771055
370.6000000000869,6629.217988482073
370.6333333334202,6324.977476838533
370.6666666667536,5790.910973770486
370.70000000008696,5155.291145382481
370.7333333334203,4532.186779051835
370.7666666667537,4008.827599868312
370.80000000008704,3669.461450996384
370.8333333334204,3598.335936623627
370.86666666675376,3829.092566387419
370.9000000000871,4203.0464167766895
370.9333333334205,4515.830708766986
370.9666666667538,4563.078663333858
371.0000000000872,4172.433178566736
371.03333333342056,3428.51956178801
371.0666666667539,2539.6450706540954
371.1000000000873,1714.9075823956057
371.13333333342064,1155.482850713644
371.166666666754,905.1906185572856
371.20000000008736,863.1760715401098
371.2333333334207,923.2041770228692
371.2666666667541,979.5881097689448
371.3000000000874,972.5898249188264
371.3333333334208,922.428952222454
371.36666666675416,857.3365419099214
371.4000000000875,805.5431426269129
371.4333333334209,790.2789810542265
371.46666666675424,817.486440455235
371.5000000000876,889.3744079820615
371.53333333342096,1008.1517707868302
371.5666666667543,1170.085112417509
371.6000000000877,1328.5662823516236
371.633333333421,1418.1710720210026
371.6666666667544,1373.3947709989704
371.70000000008775,1138.2523842968594
371.7333333334211,819.8793631562502
371.7666666667545,662.4757239147327
371.80000000008783,914.50049279247
371.8333333334212,1820.07536230166
371.86666666675455,3349.001386060767
371.9000000000879,5037.5823570798375
371.9333333334213,6383.8447093417
371.9666666667546,6885.9233298437375
372.000000000088,6260.451255227239
372.03333333342135,4900.6811062205725
372.0666666667547,3330.4405476143315
372.1000000000881,2073.5572441991108
372.13333333342143,1568.413723331235
372.1666666667548,1707.6169784815495
372.20000000008815,2169.084839546137
372.2333333334215,2630.220817458082
372.2666666667549,2785.8692166729447
372.3000000000882,2585.133988652099
372.3333333334216,2169.47445924416
372.36666666675495,1685.1069710346535
372.4000000000883,1277.0079978199528
372.4333333334217,1031.217673091936
372.46666666675503,950.351243886554
372.5000000000884,1030.7002353546266
372.53333333342175,1268.526176178856
372.5666666667551,1639.9667834289512
372.60000000008847,2066.150783972317
372.6333333334218,2458.893143325465
372.6666666667552,2730.0088270049064
372.70000000008855,2809.773479027183
372.7333333334219,2731.339330018752
372.76666666675527,2563.4834040925152
372.80000000008863,2375.017333286581
372.833333333422,2230.3008996522394
372.86666666675535,2139.113528852509
372.9000000000887,2074.630630122733
372.93333333342207,2009.3518990321804
372.9666666667554,1916.4988845014648
373.0000000000888,1795.1094984829394
373.03333333342215,1676.5137792949797
373.0666666667555,1594.079143101014
373.10000000008887,1581.175094096662
373.13333333342223,1671.77689802472
373.1666666667556,1901.3018955772943
373.20000000008895,2305.3774001078013
373.2333333334223,2919.6307249696583
373.26666666675567,3759.01101156913
373.300000000089,4739.384217745723
373.3333333334224,5746.973866727205
373.36666666675575,6667.998084076302
373.4000000000891,7403.398638436602
373.43333333342247,8004.417187316333
373.4666666667558,8610.1960922909
373.5000000000892,9360.984400596264
373.53333333342255,10389.68600723338
373.5666666667559,11630.762525503927
373.60000000008927,12802.310975004064
373.6333333334226,13611.490357598726
373.666666666756,13766.522327608876
373.70000000008935,13132.441225009215
373.7333333334227,11895.34136734573
373.76666666675607,10280.617933132977
373.8000000000894,8513.666100885503
373.8333333334228,6799.793430758491
373.86666666675615,5262.789611797515
373.9000000000895,4005.7687881244497
373.93333333342287,3131.845101595948
373.9666666667562,2724.5211007846583
374.0000000000896,2702.116507010189
374.03333333342295,2900.180098039164
374.0666666667563,3153.641809376859
374.10000000008966,3302.6109210803747
374.133333333423,3293.4637849614624
374.1666666667564,3172.1563636975743
374.20000000008974,2988.484700748587
374.2333333334231,2792.380426879997
374.26666666675646,2645.138998577531
374.3000000000898,2627.8302640401016
374.3333333334232,2823.50533744166
374.3666666667565,3315.2052383885107
374.4000000000899,4118.405692009649
374.43333333342326,5020.006968583362
374.4666666667566,5758.620784068251
374.50000000009,6072.858854422921
374.53333333342334,5753.389818900167
374.5666666667567,4949.439658453574
374.60000000009006,3961.2406478868606
374.6333333334234,3089.5525392161585
374.6666666667568,2623.6160084510466
374.7000000000901,2672.2330825350136
374.7333333334235,3201.052145923554
374.76666666675686,4171.784979590563
374.8000000000902,5543.336514640868
374.8333333334236,7130.055969877949
374.86666666675694,8534.967097992912
374.9000000000903,9344.326257477847
374.93333333342366,9144.696382566515
374.966666666757,7757.641342613223
375.0000000000904,5658.825085160711
375.0333333334237,3436.810876978888
375.0666666667571,1680.1619848376583
375.10000000009046,867.3236534008871
375.1333333334238,862.4709286624817
375.1666666667572,1316.8637125008358
375.20000000009054,1881.5534036307583
375.2333333334239,2228.8602503417046
375.26666666675726,2286.5496196640665
375.3000000000906,2151.1667055491425
375.333333333424,1922.2538738485105
375.3666666667573,1697.643191527544
375.4000000000907,1517.8258901089796
375.43333333342406,1353.7032452734322
375.4666666667574,1171.9875875881612
375.5000000000908,939.6529774042964
375.53333333342414,683.3123986877092
375.5666666667575,564.7404805786672
375.60000000009086,764.3299534215672
375.6333333334242,1462.4735475608045
375.6666666667576,2759.1116911947784
375.7000000000909,4394.881856917631
375.7333333334243,6010.155374137982
375.76666666675766,7245.299120717345
375.800000000091,7780.143028711042
375.8333333334244,7658.789734730217
375.86666666675774,7122.10033251321
375.9000000000911,6412.857477038766
375.93333333342446,5766.951762725551
375.9666666667578,5263.295438452434
376.0000000000912,4824.672702909847
376.0333333334245,4367.145754871074
376.0666666667579,3807.668555217736
376.10000000009126,3150.82922573603
376.1333333334246,2561.474982668955
376.166666666758,2221.5504838926167
376.20000000009134,2312.9940584296382
376.2333333334247,2922.8856050509244
376.26666666675806,3803.978183035456
376.3000000000914,4635.407126014388
376.3333333334248,5096.307767618881
376.3666666667581,4921.889400943411
376.4000000000915,4245.054270758699
376.43333333342486,3370.609959508514
376.4666666667582,2604.0479287227604
376.5000000000916,2234.702027466245
376.5333333334249,2293.978466514661
376.5666666667583,2606.125387878879
376.60000000009165,2989.5404156087416
376.633333333425,3264.2007752510667
376.6666666667584,3331.508038779236
376.7000000000917,3211.9400877464477
376.7333333334251,2935.427504962564
376.76666666675845,2531.915547860507
376.8000000000918,2041.579806470917
376.8333333334252,1532.7095444082192
376.8666666667585,1078.3810552857287
376.9000000000919,751.6706327167586
376.93333333342525,608.5048657281146
376.9666666667586,611.7278028979438
377.000000000092,692.7522154431227
377.0333333334253,782.9664424582827
377.0666666667587,819.3153891830544
377.10000000009205,802.2815153017955
377.1333333334254,772.8426204197456
377.1666666667588,772.6294608089443
377.2000000000921,842.204235506495
377.2333333334255,989.6361866154616
377.2666666667589,1185.3802645238763
377.3000000000922,1397.7917124001565
377.3333333334256,1595.2508883998198
377.3666666667589,1750.4671671666574
377.4000000000923,1845.3602418914168
377.4333333334257,1863.029380411492
377.466666666759,1786.5738505642737
377.5000000000924,1609.5740816671546
377.5333333334257,1368.7557711620466
377.5666666667591,1111.9449212987918
377.6000000000925,886.9675437698961
377.6333333334258,736.3773862654843
377.6666666667592,658.9515014128025
377.7000000000925,631.7913548424178
377.7333333334259,631.8435386744925
377.7666666667593,636.7288221980219
377.8000000000926,637.1033019154546
377.833333333426,635.4176870765408
377.8666666667593,634.5479427542882
377.9000000000927,637.3423336138212
377.9333333334261,644.7120980386758
377.9666666667594,654.3962765204078
378.0000000000928,663.8401730137451
378.0333333334261,670.489507676084
378.0666666667595,672.5843967161115
378.1000000000929,670.8127109276958
378.1333333334262,666.3322647185961
378.1666666667596,660.3008724965728
378.2000000000929,653.6741524706187
378.2333333334263,646.1815850379462
378.2666666667597,637.092909918602
378.300000000093,625.6770536371749
378.3333333334264,611.6755108185242
378.3666666667597,600.9295641902543
378.4000000000931,603.524221497998
378.4333333334265,629.630459982284
378.4666666667598,689.4065670590802
378.5000000000932,792.5564904023233
378.5333333334265,948.2155824320268
378.5666666667599,1165.4832935713005
378.6000000000933,1453.3746763609608
378.6333333334266,1800.6216311388405
378.66666666676,2149.4670834769145
378.7000000000933,2435.667799665582
378.7333333334267,2594.980545995244
378.7666666667601,2582.3106935698734
378.8000000000934,2437.135148157041
378.8333333334268,2222.2713919630105
378.8666666667601,2000.5376684822295
378.9000000000935,1828.9880854452367
378.9333333334269,1713.4776730560832
378.9666666667602,1633.0564278071265
379.0000000000936,1566.5392515617452
379.0333333334269,1493.093708236571
379.0666666667603,1399.244566296961
379.1000000000936,1278.4777861093685
379.133333333427,1124.552711547925
379.1666666667604,931.655265197488
379.2000000000937,727.2879292884909
379.2333333334271,595.6042005850536
379.2666666667605,626.2674005131657
379.3000000000938,908.9190836324746
379.3333333334272,1473.344329898861
379.3666666667605,2158.9332080370737
379.4000000000939,2767.3044593046197
379.4333333334272,3100.0768249590037
379.4666666667606,3000.142139153709
379.500000000094,2566.6751105656394
379.5333333334273,1997.0766116846
379.5666666667607,1488.9480502611193
379.6000000000941,1228.4183030787608
379.6333333334274,1251.0171340037275
379.6666666667608,1486.2518634285548
379.7000000000941,1861.4183070601543
379.7333333334275,2303.836119092336
379.7666666667608,2741.6848229511834
379.8000000000942,3104.2237368311603
379.8333333334276,3320.7807189342943
379.8666666667609,3320.884264828209
379.9000000000943,3081.094971755532
379.9333333334277,2685.207699969536
379.966666666761,2231.8900009699278
380.0000000000944,1819.809426256416
380.0333333334277,1527.0621602924616
380.0666666667611,1342.2515429533855
380.1000000000944,1229.6507859786047
380.1333333334278,1153.5326106993334
380.1666666667612,1081.567335196491
380.2000000000945,1010.788599570432
380.2333333334279,953.2611662481586
380.2666666667613,921.1714234706694
380.3000000000946,926.3333011203704
380.333333333428,973.1747514735996
380.3666666667613,1059.339562271007
380.4000000000947,1182.2196981324284
380.433333333428,1339.0819808007363
380.4666666667614,1518.4810531299752
380.5000000000948,1694.7259848384313
380.5333333334281,1840.8094361367089
380.5666666667615,1929.72995530074
380.6000000000949,1943.603626688261
380.6333333334282,1892.0760392779623
380.6666666667616,1789.968228215957
380.7000000000949,1652.1012286483578
380.7333333334283,1493.8563191122726
380.7666666667616,1333.8760127780477
380.800000000095,1191.979723464687
380.8333333334284,1087.9884525780349
380.8666666667617,1039.344889710554
380.9000000000951,1034.9445615883114
380.9333333334285,1044.8292607893493
380.9666666667618,1038.7063588491658
381.0000000000952,987.7565627113172
381.0333333334285,908.8870144724876
381.0666666667619,872.4730737916935
381.1000000000952,951.9236762980272
381.1333333334286,1220.1949681389954
381.166666666762,1677.0925175252737
381.2000000000953,2169.21586104472
381.2333333334287,2523.9013308660774
381.266666666762,2568.485273991946
381.3000000000954,2216.7398941535566
381.3333333334288,1722.433085979441
381.3666666667621,1422.918541614683
381.4000000000955,1655.549953204367
381.4333333334288,2687.9893467381007
381.4666666667622,4254.002646134685
381.5000000000956,5840.489378952105
381.5333333334289,6933.012800935723
381.5666666667623,7046.357239300023
381.6000000000956,6183.992429113561
381.633333333429,4753.762970127563
381.6666666667624,3175.6826278351464
381.7000000000957,1866.6333796242104
381.7333333334291,1083.4508287095136
381.7666666667624,849.7160372090332
381.8000000000958,1170.5823157814432
381.8333333334292,2051.0502335424558
381.8666666667625,3415.480747343773
381.9000000000959,4975.376156360509
381.9333333334292,6407.525396367717
381.9666666667626,7388.717403140454
382.000000000096,7664.730714844545
382.0333333334293,7326.683948660089
382.0666666667626,6573.528005306293
382.100000000096,5604.249803536581
382.1333333334294,4610.9857344491365
382.1666666667628,3717.690975629601
382.2000000000961,3009.224691840927
382.2333333334295,2569.9827439950373
382.2666666667628,2481.438769885924
382.3000000000962,2756.546636303883
382.3333333334296,3339.005434040981
382.3666666667629,4169.445024526247
382.4000000000962,5188.066724789302
382.4333333334296,6296.4072680289255
382.466666666763,7327.12863853534
382.5000000000964,8105.783374086636
382.5333333334297,8457.948321347476
382.5666666667631,8304.237199252015
382.6000000000964,7875.777622318524
382.6333333334298,7467.012516300704
382.6666666667632,7372.384806952261
382.7000000000965,7826.131500512508
382.7333333334298,8687.538483611464
382.7666666667632,9671.790763831032
382.8000000000966,10493.77403453477
382.83333333343,10889.819646217053
382.8666666667633,10870.282369738738
382.9000000000967,10634.798141258958
382.93333333343,10386.769462429942
382.9666666667634,10326.669837847194
383.0000000000968,10557.999259867953
383.0333333334301,11067.269641960183
383.06666666676347,11834.016757347194
383.1000000000968,12837.384702928552
383.1333333334302,13987.959620097912
383.1666666667636,15049.929191229226
383.2000000000969,15768.651276442684
383.2333333334303,15889.483739879715
383.2666666667636,15247.265865831194
383.300000000097,14030.951889454738
383.3333333334304,12517.082222420991
383.3666666667637,10982.197276400591
383.40000000009707,9682.462092962378
383.4333333334304,8719.422697932217
383.4666666667638,8123.714505887373
383.5000000000972,7925.602461031074
383.5333333334305,8155.359155051154
383.5666666667639,8843.380999664067
383.6000000000972,10020.16476708411
383.6333333334306,11716.21012010869
383.666666666764,13956.754273415663
383.7000000000973,16519.843187616476
383.73333333343066,18835.32328343809
383.766666666764,20306.83056627876
383.8000000000974,20338.92548386556
383.83333333343074,18692.874934201205
383.8666666667641,16024.687402275218
383.9000000000975,13128.411067132029
383.9333333334308,10798.09410781607
383.9666666667642,9637.617829594452
384.0000000000976,9362.205643363926
384.0333333334309,9427.711442061352
384.06666666676426,9289.958192722024
384.1000000000976,8466.47606302577
384.133333333431,7033.477765502642
384.16666666676434,5364.258760433324
384.2000000000977,3834.8652411161142
384.2333333334311,2807.072532749146
384.2666666667644,2354.6284502654
384.3000000000978,2283.9616989716515
384.3333333334312,2391.3790254848336
384.3666666667645,2474.655204346413
384.40000000009786,2429.2441546948776
384.4333333334312,2307.7951244220903
384.4666666667646,2177.17998960598
384.50000000009794,2104.241633366185
384.5333333334313,2126.4161872344603
384.5666666667647,2196.3678971142413
384.600000000098,2251.57705220668
384.6333333334314,2229.5239417129287
384.6666666667648,2086.2912974415217
384.7000000000981,1878.0308179376796
384.73333333343146,1694.3961077998624
384.7666666667648,1625.0648009872302
384.8000000000982,1749.1247335042503
384.83333333343154,2033.8411395232931
384.8666666667649,2379.355609639183
384.9000000000983,2684.8963606530274
384.9333333334316,2852.439758405599
384.966666666765,2851.6268876801264
385.0000000000984,2722.3365600057286
385.0333333334317,2507.710562211229
385.06666666676506,2250.835911792992
385.1000000000984,1989.7057958371136
385.1333333334318,1753.1535028092967
385.16666666676514,1569.0554791470336
385.2000000000985,1465.2840892778693
385.2333333334319,1455.7298041269298
385.2666666667652,1509.0396725921528
385.3000000000986,1584.7261070344227
385.333333333432,1642.3015198146236
385.3666666667653,1653.9868621411786
385.40000000009866,1668.7286174894923
385.433333333432,1764.1232797097682
385.4666666667654,2017.8166282636328
385.50000000009874,2494.37761593942
385.5333333334321,3101.34479742491
385.5666666667655,3642.514832577319
385.6000000000988,3919.842729456426
385.6333333334322,3742.898922531989
385.6666666667656,3143.6087629147737
385.7000000000989,2406.1425270203263
385.73333333343226,1828.2937458672427
385.7666666667656,1706.4450450245288
385.800000000099,2159.197690622701
385.83333333343234,2956.010188846313
385.8666666667657,3825.682058577748
385.9000000000991,4497.016872098497
385.9333333334324,4767.185507690372
385.9666666667658,4675.54146205621
386.00000000009913,4315.039094626372
386.0333333334325,3778.632764831218
386.06666666676585,3157.288797783835
386.1000000000992,2528.8488470340235
386.1333333334326,1965.834130984232
386.16666666676593,1540.7507113490728
386.2000000000993,1320.4807908806272
386.2333333334327,1297.249545372245
386.266666666766,1410.3092501484448
386.3000000000994,1597.785842299656
386.33333333343273,1798.447213816936
386.3666666667661,1972.503862326084
386.40000000009945,2106.1434685104314
386.4333333334328,2187.113059013372
386.4666666667662,2203.213396318064
386.50000000009953,2150.931085802651
386.5333333334329,2044.9466310344128
386.5666666667663,1902.2284716320228
386.6000000000996,1739.7450401431445
386.633333333433,1573.3787099925082
386.66666666676633,1414.9085588598616
386.7000000000997,1275.144770057379
386.73333333343305,1164.897526897235
386.7666666667664,1092.3078493500911
386.80000000009977,1046.7601875969467
386.83333333343313,1009.5974288196238
386.8666666667665,962.1317283339991
386.9000000000999,888.1757493885881
386.9333333334332,807.1094697004828
386.96666666676657,764.7773946001023
387.00000000009993,807.6539587049598
387.0333333334333,980.83058159525
387.06666666676665,1278.7906189574092
387.1000000001,1632.0457762713584
387.13333333343337,1967.0059367475487
387.16666666676673,2210.230147493183
387.2000000001001,2316.826146609372
387.2333333334335,2304.1503001771425
387.2666666667668,2197.7617914435946
387.30000000010017,2023.219803476009
387.33333333343353,1805.3850302667936
387.3666666667669,1566.3773570756568
387.40000000010025,1327.6445020790654
387.4333333334336,1110.6341834534885
387.46666666676697,936.5784523304036
387.50000000010033,825.1405288123584
387.5333333334337,795.2901748928284
387.5666666667671,865.9940840442064
387.6000000001004,1054.616185322122
387.63333333343377,1354.900352519487
387.6666666667671,1742.5911026597742
387.7000000001005,2192.980417785834
387.73333333343385,2680.515905665887
387.7666666667672,3147.415816200323
387.80000000010057,3494.3727174332826
387.8333333334339,3619.338022989388
387.8666666667673,3420.657289103869
387.9000000001007,2877.3993915314354
387.933333333434,2147.364908360244
387.96666666676737,1412.3266677774598
388.0000000001007,854.057497040142
388.0333333334341,607.0466506953026
388.06666666676745,618.1786778119547
388.1000000001008,787.8162599195182
388.13333333343417,1016.3220785474128
388.1666666667675,1211.6162691576994
388.2000000001009,1336.9312201208536
388.2333333334343,1380.079904660064
388.2666666667676,1328.9868012303552
388.30000000010097,1176.1386363823829
388.3333333334343,981.2880998674262
388.3666666667677,855.4632331327797
388.400000000101,910.9821523020336
388.4333333334344,1256.9576435229783
388.46666666676776,1881.344319499398
388.5000000001011,2616.674786806076
388.5333333334345,3285.290039378503
388.56666666676784,3709.965522610112
388.6000000001012,3798.714010711756
388.63333333343456,3646.457743918257
388.6666666667679,3372.9104484257123
388.7000000001013,3097.785835645603
388.7333333334346,2910.705039245436
388.766666666768,2783.7567599635067
388.80000000010136,2660.339411152232
388.8333333334347,2483.851406164029
388.8666666667681,2208.5423668239723
388.90000000010144,1866.314223794428
388.9333333334348,1522.9014315943027
388.96666666676816,1244.1782851004905
389.0000000001015,1091.780716064762
389.0333333334349,1066.9763504760797
389.0666666667682,1126.0733843284695
389.1000000001016,1224.3075732007824
389.13333333343496,1317.4986515823582
389.1666666667683,1382.2318326340592
389.2000000001017,1420.9976100846295
389.23333333343504,1437.9142033591622
389.2666666667684,1437.1354080060355
389.30000000010176,1428.8359043191558
389.3333333334351,1435.9440004597234
389.3666666667685,1483.0129917785364
389.4000000001018,1594.5960118955857
389.4333333334352,1779.3623448107417
389.46666666676856,1986.5290814905543
389.5000000001019,2151.406253451117
389.5333333334353,2209.3038922085243
389.56666666676864,2108.3297291016074
389.600000000102,1883.640701674345
389.63333333343536,1606.644858631891
389.6666666667687,1348.8697041399007
389.7000000001021,1179.0538716537428
389.7333333334354,1128.8375220965472
389.7666666667688,1203.49988588608
389.80000000010216,1407.7577390849833
389.8333333334355,1744.6818105123932
389.8666666667689,2164.8284148710945
389.90000000010224,2556.5187976895168
389.9333333334356,2804.466431489036
389.96666666676896,2794.0792918150087
390.0000000001023,2503.803435512508
390.0333333334357,2097.8357096426184
390.066666666769,1762.4376683765972
390.1000000001024,1683.8644740238774
390.13333333343576,1969.9665090585167
390.1666666667691,2454.7612165836263
390.2000000001025,2912.520180895598
390.23333333343584,3117.514986290824
390.2666666667692,2903.5297455954487
390.30000000010256,2478.667619629788
390.3333333334359,2196.2075871450943
390.3666666667693,2409.747824510862
390.4000000001026,3431.5011728983645
390.433333333436,5075.482350151905
390.46666666676936,6825.9805269225
390.5000000001027,8161.403866897527
390.5333333334361,8575.484883386149
390.56666666676944,7983.000430758523
390.6000000001028,6761.814758501927
390.63333333343616,5313.548962063535
390.6666666667695,4038.123935973423
390.7000000001029,3165.81408233765
390.7333333334362,2615.230095911474
390.7666666667696,2271.5415943768853
390.80000000010295,2019.9296958323096
390.8333333334363,1776.4756287805146
390.8666666667697,1555.3636488693207
390.90000000010303,1390.2022978167631
390.9333333334364,1314.6001173408797
390.96666666676975,1353.6831251868127
391.0000000001031,1484.5381724390415
391.0333333334365,1667.3600821041075
391.0666666667698,1862.3250501362584
391.1000000001032,2031.744231965952
391.13333333343655,2160.5304417399952
391.1666666667699,2247.1900627596133
391.2000000001033,2290.415511364219
391.23333333343663,2289.0977475076684
391.26666666677,2246.6714617761763
391.30000000010335,2171.1024598932486
391.3333333334367,2070.552568091703
391.3666666667701,1953.2317918381564
391.4000000001034,1830.802481823678
391.4333333334368,1720.6287580404412
391.46666666677015,1640.6086166196772
391.5000000001035,1608.6282414851908
391.5333333334369,1632.7101624519034
391.56666666677023,1693.1153491371754
391.6000000001036,1765.2562299984088
391.63333333343695,1824.5452334930064
391.6666666667703,1852.863859675431
391.70000000010367,1864.2387022656203
391.733333333437,1882.661915818934
391.7666666667704,1932.1286890629613
391.80000000010375,2033.397938828712
391.8333333334371,2177.8620024656007
391.86666666677047,2341.2687930907696
391.90000000010383,2499.2204558682856
391.9333333334372,2628.360468009461
391.96666666677055,2724.6728672285344
392.0000000001039,2801.222440095643
392.03333333343727,2871.6611544126254
392.0666666667706,2949.860346848006
392.100000000104,3060.7885089737306
392.13333333343735,3245.522046475194
392.1666666667707,3546.4027102832947
392.20000000010407,4005.686213199323
392.23333333343743,4637.3813380188185
392.2666666667708,5386.660149554455
392.30000000010415,6188.407356297949
392.3333333334375,6977.50766674102
392.36666666677087,7705.121069740924
392.4000000001042,8391.568029926777
392.4333333334376,9075.53645893451
392.46666666677095,9795.714410107072
392.5000000001043,10587.118358485215
392.53333333343767,11456.85947424702
392.566666666771,12399.233879842272
392.6000000001044,13408.470352055796
392.63333333343775,14477.617288753778
392.6666666667711,15582.278947374423
392.70000000010447,16684.741593302184
392.7333333334378,17746.95523149217
392.7666666667712,18731.74113012517
392.80000000010455,19632.91337441868
392.8333333334379,20482.956975444304
392.86666666677127,21316.78744980456
392.9000000001046,22169.21662826768
392.933333333438,23059.25081958316
392.96666666677135,23973.26850913884
393.0000000001047,24893.615088567323
393.03333333343807,25802.63569079137
393.0666666667714,26678.380122079303
393.1000000001048,27483.69262822876
393.13333333343815,28178.05434841889
393.1666666667715,28720.946421828823
393.20000000010486,29085.305001254022
393.2333333334382,29327.89858700381
393.2666666667716,29537.727199826048
393.30000000010494,29803.85798151971
393.3333333334383,30194.681239721824
393.36666666677166,30539.12044754622
393.400000000105,30512.03127380518
393.4333333334384,29785.720703425275
393.4666666667717,28046.94408162616
393.5000000001051,25345.169466167
393.53333333343846,22110.316516787952
393.5666666667718,18790.30356717452
393.6000000001052,15830.591133317908
393.63333333343854,13480.265381842872
393.6666666667719,11651.980893476582
393.70000000010526,10225.351910761166
393.7333333334386,9080.017958194196
393.766666666772,8121.007449119359
393.8000000001053,7326.451772479023
393.8333333334387,6687.559928596353
393.86666666677206,6195.540917794513
393.9000000001054,5836.001912927092
393.9333333334388,5566.541002052436
393.96666666677214,5336.020152560976
394.0000000001055,5093.298454760337
394.03333333343886,4800.071833861391
394.0666666667722,4533.068500299446
394.1000000001056,4429.676488131924
394.1333333334389,4627.82944858489
394.1666666667723,5261.479448991327
394.20000000010566,6393.567749896161
394.233333333439,8025.860870620383
394.2666666667724,10158.124678696046
394.30000000010574,12784.196199037598
394.3333333334391,15626.38538991372
394.36666666677246,18028.50737230284
394.4000000001058,19306.312287668025
394.4333333334392,18777.43023824255
394.4666666667725,16215.119467696331
394.5000000001059,12438.77628507558
394.53333333343926,8414.04578710587
394.5666666667726,5106.5730010831685
394.600000000106,3244.7003191381955
394.63333333343934,2626.3998705889035
394.6666666667727,2821.668169870535
394.70000000010606,3400.501731418338
394.7333333334394,3970.992812247316
394.7666666667728,4402.113096794143
394.8000000001061,4672.135266263002
394.8333333334395,4759.703724551559
394.86666666677286,4647.51321938803
394.9000000001062,4369.90938876829
394.9333333334396,3996.865441145064
394.96666666677294,3599.061054839008
395.0000000001063,3245.9799557262318
395.03333333343966,2973.570057564621
395.066666666773,2780.50695423308
395.1000000001064,2663.520370448168
395.1333333334397,2619.2846691651816
395.1666666667731,2639.3108759367547
395.20000000010646,2705.8171157371557
395.2333333334398,2800.04972346688
395.2666666667732,2903.259696076452
395.30000000010654,3003.506272022733
395.3333333334399,3109.282994362042
395.36666666677326,3232.9011863372943
395.4000000001066,3386.67217119141
395.43333333344,3580.606173368786
395.4666666667733,3812.845552536041
395.5000000001067,4077.717688881936
395.53333333344005,4369.548162223808
395.5666666667734,4683.749512099285
395.6000000001068,5025.681746606875
395.6333333334401,5406.040744867876
395.6666666667735,5835.573286256656
395.70000000010685,6322.584973505711
395.7333333334402,6831.424851136021
395.7666666667736,7288.349937982304
395.8000000001069,7618.356527315341
395.8333333334403,7750.513135688436
395.86666666677365,7798.348734573938
395.900000000107,8131.346588621815
395.9333333334404,9137.843637834068
395.9666666667737,11204.752344127224
396.0000000001071,14398.99815273001
396.03333333344045,18064.52556188759
396.0666666667738,21446.037251584497
396.1000000001072,23788.236809538463
396.1333333334405,24552.287163456924
396.1666666667739,24023.65739494987
396.20000000010725,22684.003772911103
396.2333333334406,21014.982566234437
396.266666666774,19461.64637925788
396.3000000001073,18228.970343818844
396.3333333334407,17425.183038581647
396.3666666667741,17158.246436915248
396.4000000001074,17522.46980695159
396.4333333334408,18449.092558671444
396.4666666667741,19762.041141940364
396.5000000001075,21283.35638600767
396.5333333334409,22837.490750902056
396.5666666667742,24309.58439054077
396.6000000001076,25648.515234588514
396.6333333334409,26806.18331972147
396.6666666667743,27735.06253205434
396.7000000001077,28430.781559164705
396.733333333441,28961.42530475713
396.7666666667744,29402.010730153022
396.8000000001077,29827.400827970203
396.8333333334411,30203.72575502648
396.8666666667745,30197.78229115078
396.9000000001078,29425.30258237162
396.9333333334412,27502.01877471753
396.9666666667745,24198.407145984856
397.0000000001079,20005.78829496765
397.0333333334413,15625.21755036442
397.0666666667746,11757.77382904674
397.100000000108,9024.72706662497
397.1333333334413,7402.947859963454
397.1666666667747,6557.662069642053
397.2000000001081,6152.064494514147
397.2333333334414,5861.49397959708
397.2666666667748,5545.543791980178
397.3000000001081,5206.958850699496
397.3333333334415,4852.243033647859
397.3666666667749,4488.079875198822
397.4000000001082,4127.35486765606
397.4333333334416,3790.584684645046
397.4666666667749,3498.7553600151823
397.5000000001083,3272.7451326765367
397.5333333334417,3119.7410117216987
397.566666666775,3019.9837221204457
397.6000000001084,2950.5677803002973
397.6333333334417,2888.588834524512
397.6666666667751,2815.1735781152133
397.7000000001085,2724.530498299767
397.7333333334418,2613.5171429686275
397.7666666667752,2478.9910600122525
397.8000000001085,2320.2204316438906
397.8333333334419,2149.70115626963
397.8666666667753,1984.4426597502995
397.9000000001086,1841.458225162488
397.933333333442,1737.8760824826786
397.9666666667753,1691.9283525060832
398.0000000001087,1722.462579387278
398.0333333334421,1848.3329784690416
398.0666666667754,2085.42405750831
398.1000000001088,2394.289314870018
398.1333333334421,2686.5222616853525
398.1666666667755,2872.026886340093
398.2000000001088,2862.3244578677923
398.2333333334422,2643.035250607796
398.2666666667756,2303.0879270048417
398.3000000001089,1939.0732972627184
398.3333333334423,1647.395523614157
398.3666666667757,1484.83895874903
398.400000000109,1419.7661441851828
398.4333333334424,1408.5717289856568
398.4666666667757,1407.650535852353
398.5000000001091,1382.9885042866233
398.5333333334424,1335.957113590387
398.5666666667758,1276.0864953536511
398.6000000001092,1212.906781166425
398.6333333334425,1157.267469908629
398.6666666667759,1128.2300995382402
398.7000000001093,1148.0105741967177
398.7333333334426,1238.8313280586322
398.766666666776,1418.9400540736506
398.8000000001093,1662.8873294266382
398.8333333334427,1918.179532057874
398.866666666776,2131.921161989739
398.9000000001094,2252.797163253093
398.9333333334428,2264.1351733119127
398.9666666667761,2182.9826449880397
399.0000000001095,2027.7828573113643
399.0333333334429,1817.073098871509
399.0666666667762,1574.8125530660377
399.1000000001096,1333.240955006895
399.1333333334429,1125.296117084874
399.1666666667763,983.8675562723412
399.2000000001096,925.750020790038
399.233333333443,928.407769003392
399.2666666667764,963.4093333190474
399.3000000001097,1002.3232461436482
399.3333333334431,1024.232739008948
399.3666666667765,1038.5497095644257
399.4000000001098,1062.3362940144957
399.4333333334432,1112.6546287640865
399.4666666667765,1202.550614793676
399.5000000001099,1317.801217960645
399.5333333334432,1432.845812764358
399.5666666667766,1522.0867309444764
399.60000000011,1563.4092388780737
399.6333333334433,1576.699140615565
399.6666666667767,1609.6747490718712
399.7000000001101,1710.5524393304102
399.7333333334434,1924.499543221508
399.7666666667768,2222.074204775125
399.8000000001101,2496.647500278938
399.8333333334435,2638.025700283924
399.8666666667768,2537.3330952989527
399.9000000001102,2174.4655848412413
399.9333333334436,1672.7967241875174
399.9666666667769,1168.756218968135
400.0000000001103,798.6547216551268
400.0333333334437,644.4744401366404
400.066666666777,648.0420938158161
400.1000000001104,728.8881334409917
400.1333333334437,806.5430097605046
400.1666666667771,819.607577898891
400.2000000001104,787.626755104857
400.2333333334438,751.6174566544324
400.2666666667772,752.5967543041367
400.3000000001105,826.7809458949519
400.3333333334439,976.246255409324
400.3666666667772,1188.276519432244
400.4000000001106,1450.096043785382
400.433333333444,1746.5213755395264
400.4666666667773,2031.9702338570405
400.5000000001107,2240.0403785644344
400.533333333444,2303.9240356906557
400.5666666667774,2160.007497906569
400.6000000001108,1826.8195730117209
400.6333333334441,1410.1637184273868
400.6666666667775,1020.0650670653384
400.7000000001108,765.6792237859543
400.7333333334442,693.8706571957206
400.7666666667776,748.6351435490838
400.8000000001109,864.3376325574792
400.8333333334443,975.379520426124
400.8666666667776,1034.6401540887805
400.900000000111,1043.4703116152275
400.9333333334444,1011.0724799749948
400.9666666667777,946.6491461376114
401.0000000001111,860.4547227065342
401.0333333334444,767.2572747533354
401.0666666667778,683.035248719087
401.1000000001112,623.7671054948256
401.1333333334445,603.0843981452886
401.1666666667778,617.8532140013122
401.2000000001112,657.6462824885864
401.2333333334446,712.006409100522
401.266666666778,770.6388804107198
401.3000000001113,825.2944292974888
401.3333333334447,869.1218121372436
401.366666666778,895.2968744587678
401.4000000001114,897.299376778801
401.4333333334448,876.3115891833213
401.4666666667781,841.6362151600372
401.5000000001114,802.9635311088789
401.5333333334448,769.9248738188351
401.5666666667782,748.0950255144618
401.6000000001116,736.442232134972
401.6333333334449,733.3274595572155
401.6666666667783,737.1133642025399
401.7000000001116,746.9131638358247
401.733333333445,763.7677233166017
401.7666666667784,789.0230749724503
401.8000000001117,824.0252511309501
401.833333333445,870.9687836791755
401.8666666667784,935.5858240160763
401.9000000001118,1024.530340167592
401.9333333334452,1144.4563024914837
401.9666666667785,1296.990553901749
402.0000000001119,1449.166617829465
402.0333333334452,1553.461280259577
402.0666666667786,1562.3006979960437
402.100000000112,1435.5298471450417
402.1333333334453,1221.6882554495312
402.16666666677867,1027.7233810423927
402.200000000112,961.6108287860168
402.2333333334454,1126.0420868417775
402.2666666667788,1499.8183732780624
402.3000000001121,1936.52767219966
402.3333333334455,2284.209248877944
402.3666666667788,2392.586593016979
402.4000000001122,2212.5020584843264
402.4333333334456,1851.569854136913
402.4666666667789,1430.894337149541
402.50000000011227,1071.4494864549197
402.5333333334456,852.8159167952605
402.566666666779,754.3262947975135
402.6000000001124,740.4347794508188
402.6333333334457,775.5955312456534
402.6666666667791,826.3948964449365
402.7000000001124,867.7213809599966
402.7333333334458,876.4838817938378
402.7666666667792,829.5912959494635
402.8000000001125,716.962620482053
402.83333333344586,611.2805080912842
402.8666666667792,617.6627660581321
402.9000000001126,841.3031884328516
402.93333333344594,1370.6424949194363
402.9666666667793,2112.538629136363
403.0000000001127,2862.6649091697477
403.033333333446,3415.092056652403
403.0666666667794,3574.3524931744223
403.1000000001128,3359.221562718964
403.1333333334461,2989.0142804171937
403.16666666677946,2690.762956973449
403.2000000001128,2687.921366442086
403.2333333334462,3030.9280511277707
403.26666666677954,3523.6164693097303
403.3000000001129,3950.9415982769447
403.3333333334463,4098.379194018654
403.3666666667796,3855.41961427014
403.400000000113,3340.561068144585
403.4333333334464,2702.818891689544
403.4666666667797,2091.205706344964
403.50000000011306,1620.7519174113097
403.5333333334464,1287.690007721741
403.5666666667798,1062.3077360042382
403.60000000011314,914.8928609867808
403.6333333334465,818.014049548402
403.6666666667799,757.1315505261625
403.7000000001132,722.2300630516145
403.7333333334466,703.299199076096
403.76666666678,691.368074905726
403.8000000001133,687.2552149091752
403.83333333344666,697.152402445321
403.86666666678,727.3067815241466
403.9000000001134,783.4578205410879
403.93333333344674,862.6948690158004
403.9666666667801,954.8646054324424
404.0000000001135,1049.590307885909
404.0333333334468,1136.7038710686468
404.0666666667802,1213.700405362081
404.1000000001136,1287.7788007434235
404.1333333334469,1366.7618203053455
404.16666666678026,1458.3222932167012
404.2000000001136,1552.3130139424236
404.233333333447,1604.1494531984242
404.26666666678034,1565.3143296479354
404.3000000001137,1387.340849569579
404.3333333334471,1100.5007415872703
404.3666666667804,972.979867359046
404.4000000001138,1317.724467540887
404.4333333334472,2447.6807827887737
404.4666666667805,4529.652283709998
404.50000000011386,7024.201740856516
404.5333333334472,9178.83753551522
404.5666666667806,10241.02389400914
404.60000000011394,9580.463140740758
404.6333333334473,7529.613658279881
404.6666666667807,4876.809502209654
404.700000000114,2413.112036109533
404.7333333334474,881.9757543269916
404.7666666667808,377.812827922859
404.8000000001141,525.9166511427453
404.83333333344746,941.1515442754584
404.8666666667808,1246.7065061333058
404.9000000001142,1289.5755626413386
404.93333333344754,1160.1491901606837
404.9666666667809,961.0694799316678
405.0000000001143,794.2980546594423
405.0333333334476,713.9762055017849
405.066666666781,695.796415511054
405.10000000011433,708.1704869933245
405.1333333334477,719.54257355684
405.16666666678105,711.2101495853606
405.2000000001144,696.8737149293638
405.2333333334478,695.2604951512616
405.26666666678113,725.0977157712549
405.3000000001145,798.8043431916016
405.3333333334479,903.7088192500428
405.3666666667812,1020.90238162908
405.4000000001146,1131.4762680112158
405.43333333344793,1217.746979774646
405.4666666667813,1269.827600977025
405.50000000011465,1280.8874501501346
405.533333333448,1244.1030162784175
405.5666666667814,1155.8853034789008
405.60000000011473,1046.856014576647
405.6333333334481,968.1981802954808
405.6666666667815,971.3756444751682
405.7000000001148,1104.3853771396712
405.7333333334482,1348.4648001019525
405.76666666678153,1624.5932574304518
405.8000000001149,1851.5877941968088
405.83333333344825,1949.5492144990744
405.8666666667816,1892.9444894068315
405.90000000011497,1729.5584765127448
405.93333333344833,1512.356724851477
405.9666666667817,1294.211895330954
406.0000000001151,1114.5581199870846
406.0333333334484,985.4545724918848
406.06666666678177,915.6296017361732
406.10000000011513,913.819185392928
406.1333333334485,1007.5260159822732
406.16666666678185,1283.3976060993043
406.2000000001152,1839.70389674456
406.23333333344857,2774.714828918576
406.26666666678193,4118.871703701545
406.3000000001153,5565.25784199358
406.3333333334487,6702.274134277767
406.366666666782,7118.289215697015
406.40000000011537,6473.081511359747
406.43333333344873,4997.578433302936
406.4666666667821,3196.718943386338
406.50000000011545,1577.171274044402
406.5333333334488,614.4547978897469
406.56666666678217,359.5684793405038
406.60000000011553,556.745493354899
406.6333333334489,943.4030463116322
406.6666666667823,1262.3686028172838
406.7000000001156,1398.4107772831996
406.73333333344897,1388.70453858794
406.7666666667823,1277.9314757209852
406.8000000001157,1110.8552370308355
406.83333333344905,937.5957495893002
406.8666666667824,816.8340328655302
406.90000000011577,808.0186528772466
406.9333333334491,970.5247931648144
406.9666666667825,1340.5780217440267
407.0000000001159,1898.406359762912
407.0333333334492,2615.9378727215403
407.06666666678257,3465.100343894354
407.1000000001159,4386.317561259461
407.1333333334493,5201.7616393502485
407.16666666678265,5705.864641457505
407.200000000116,5693.058630872024
407.23333333344937,5017.499226725156
407.2666666667827,3885.955072246803
407.3000000001161,2634.1470358016936
407.3333333334495,1597.9877371673638
407.3666666667828,1078.777009490856
407.40000000011617,1046.7195231640453
407.4333333334495,1288.0100278760797
407.4666666667829,1586.8686943482626
407.5000000001162,1748.8053541233598
407.5333333334496,1934.58979658869
407.56666666678296,2598.550057054676
407.6000000001163,4203.822528919072
407.6333333334497,7192.287050608916
407.66666666678304,11287.056855390729
407.7000000001164,15335.409492500165
407.73333333344976,18131.566973074245
407.7666666667831,18478.486017023573
407.8000000001165,16006.736252443749
407.8333333334498,11843.663416709049
407.8666666667832,7274.094612810031
407.90000000011656,3582.20875928911
407.9333333334499,1612.6872372047098
407.9666666667833,1007.0575114092816
408.00000000011664,1202.8157346695816
408.03333333345,1637.4580597523682
408.06666666678336,1853.9192468696235
408.1000000001167,1842.1381308408957
408.1333333334501,1710.490353622506
408.1666666667834,1567.3523706966316
408.2000000001168,1506.1551587770712
408.23333333345016,1521.0092588276543
408.2666666667835,1565.52189634492
408.3000000001169,1593.1810394272022
408.33333333345024,1561.7964402777418
408.3666666667836,1475.942087903257
408.40000000011696,1368.7897192197363
408.4333333334503,1273.921774579406
408.4666666667837,1223.4757077161792
408.500000000117,1221.8807062603037
408.5333333334504,1248.619136269336
408.56666666678376,1282.2825749932242
408.6000000001171,1301.674526097881
408.6333333334505,1294.1282137276305
408.66666666678384,1258.2286695883488
408.7000000001172,1193.3303949747135
408.73333333345056,1098.842490045476
408.7666666667839,980.8808875447902
408.8000000001173,858.6415229851661
408.8333333334506,752.8307518699345
408.866666666784,684.1475286221377
408.90000000011736,664.2727340249135
408.9333333334507,678.3387265817512
408.9666666667841,706.6167661827973
409.00000000011744,729.378112718198
409.0333333334508,731.6732088437634
409.06666666678416,720.2239530063817
409.1000000001175,707.8918987298691
409.1333333334509,707.5389953497801
409.1666666667842,729.5248802176537
409.2000000001176,766.5058120186494
409.23333333345096,803.5023619716281
409.2666666667843,825.5050469977091
409.3000000001177,819.2187504572028
409.33333333345104,791.0767405897046
409.3666666667844,760.1454202926496
409.40000000011776,745.6975238076238
409.4333333334511,765.9812332973546
409.4666666667845,818.2921103303744
409.5000000001178,880.3290518142918
409.5333333334512,929.0379743565358
409.56666666678456,941.7873130332564
409.6000000001179,914.2407831432336
409.6333333334513,866.9704717116318
409.66666666678464,822.3332038185858
409.700000000118,802.612852188757
409.73333333345136,820.2325225376746
409.7666666667847,867.8815382804909
409.8000000001181,935.8984390998588
409.8333333334514,1014.6219989228622
409.8666666667848,1094.734653529743
409.90000000011815,1167.9507985105668
409.9333333334515,1226.1777278772618
409.9666666667849,1261.3227356417551
410.00000000011823,1270.708003866518
410.0333333334516,1276.5194777558693
410.06666666678495,1308.075166541527
410.1000000001183,1394.693683687172
410.1333333334517,1556.7152872851884
410.166666666785,1750.6443919613157
410.2000000001184,1905.3310990499888
410.23333333345175,1949.514311104937
410.2666666667851,1819.946177902904
410.3000000001185,1545.2433587929577
410.33333333345183,1212.6833298786878
410.3666666667852,910.494351857858
410.40000000011855,723.5320207773204
410.4333333334519,668.7947864685485
410.4666666667853,700.4184953528288
410.5000000001186,770.1670684425062
410.533333333452,830.3762084507496
410.56666666678535,857.2041102860619
410.6000000001187,858.7106177409939
410.6333333334521,845.1865077772285
410.66666666678543,826.904297784719
410.7000000001188,811.8823122985183
410.73333333345215,803.7366013734303
410.7666666667855,805.5740143514101
410.80000000011887,820.4985727829023
410.8333333334522,848.5635576953689
410.8666666667856,880.9639367559939
410.90000000011895,907.2959210099718
410.9333333334523,917.1557215024976
410.96666666678567,904.3067432299248
411.00000000011903,880.8526972451407
411.0333333334524,863.941325271065
411.06666666678575,870.7205171967831
411.1000000001191,914.00704088455
411.13333333345247,977.4115701146028
411.1666666667858,1032.476368092609
411.2000000001192,1050.7055351325855
411.23333333345255,1007.185553665897
411.2666666667859,915.3318578947236
411.30000000011927,811.7995267967958
411.33333333345263,733.569258667417
411.366666666786,715.5915635638213
411.40000000011935,755.6934258809817
411.4333333334527,819.2258247679672
411.46666666678607,870.4442707859154
411.5000000001194,874.4526906773586
411.5333333334528,826.9381209105517
411.56666666678615,761.9814128942022
411.6000000001195,716.099352311383
411.63333333345287,725.6003557103052
411.6666666667862,806.8853860736914
411.7000000001196,940.260345104554
411.73333333345295,1102.2213212769082
411.7666666667863,1269.2658005720143
411.80000000011967,1418.674453384857
411.833333333453,1529.8139907371146
411.8666666667864,1582.3946389146772
411.90000000011975,1556.1266242051486
411.9333333334531,1440.8732869199405
411.96666666678647,1267.0431206350204
412.0000000001198,1075.1641094089412
412.0333333334532,905.764237300257
412.06666666678655,796.2158636477008
412.1000000001199,764.8160384208222
412.13333333345327,822.7306368529796
412.1666666667866,981.1131695944696
412.20000000012,1244.9479311675368
412.2333333334533,1561.2866090814932
412.2666666667867,1845.454892777016
412.30000000012006,2012.454047112192
412.3333333334534,1983.180118460616
412.3666666667868,1769.7825061957365
412.40000000012014,1456.250941691054
412.4333333334535,1128.517565502951
412.46666666678686,871.0582921332247
412.5000000001202,726.7390548358743
412.5333333334536,691.7344376033918
412.5666666667869,759.7422936210062
412.6000000001203,924.2625947722104
412.63333333345366,1165.7585576535691
412.666666666787,1443.7871697581602
412.7000000001204,1716.0227477590383
412.73333333345374,1940.1787618771627
412.7666666667871,2083.9963387973125
412.80000000012046,2138.503928579547
412.8333333334538,2098.027659427956
412.8666666667872,1956.8961996867813
412.9000000001205,1731.330487328462
412.9333333334539,1512.6691441189157
412.96666666678726,1408.349322123158
413.0000000001206,1525.808173406206
413.033333333454,1935.2131453453133
413.06666666678734,2515.401092192616
413.1000000001207,3083.980103246592
413.13333333345406,3458.5307966953183
413.1666666667874,3482.8421779099144
413.2000000001208,3205.0589465122584
413.2333333334541,2769.262547006653
413.2666666667875,2320.0882459148006
413.30000000012086,1992.627246338688
413.3333333334542,1804.0525403953288
413.3666666667876,1692.0156561934402
413.40000000012094,1592.679014774666
413.4333333334543,1444.9426339787497
413.46666666678766,1245.900904704651
413.500000000121,1048.3096453293672
413.5333333334544,907.1553673973336
413.5666666667877,876.2554515497702
413.6000000001211,959.503632285647
413.63333333345446,1093.227313487834
413.6666666667878,1208.9546262776698
413.7000000001212,1238.5572112442474
413.73333333345454,1154.5776539669637
413.7666666667879,1008.0713923032356
413.80000000012126,859.0483871897658
413.8333333334546,767.4877397829298
413.866666666788,768.5900552060518
413.9000000001213,828.1673158397944
413.9333333334547,899.977431963348
413.96666666678806,937.778313855904
414.0000000001214,909.9423945126408
414.0333333334548,845.2891130141167
414.06666666678814,788.2636897760603
414.1000000001215,783.3113661744391
414.13333333345486,874.3682730759108
414.1666666667882,1102.2344376496076
414.2000000001216,1506.5167637452707
414.2333333334549,2126.819832198408
414.2666666667883,2983.611304123333
414.30000000012166,3917.369587414925
414.333333333455,4669.880666572255
414.3666666667884,4981.917122212278
414.40000000012174,4615.368054116181
414.4333333334551,3652.3400444775634
414.46666666678846,2423.636555519957
414.5000000001218,1266.5863508950613
414.5333333334552,509.80479779683634
414.5666666667885,246.2400024857924
414.6000000001219,311.7415690312603
414.63333333345525,529.149275133707
414.6666666667886,722.7528646509394
414.700000000122,801.5659330759776
414.7333333334553,804.6328558757481
414.7666666667887,782.0338908360641
414.80000000012205,783.7272164744099
414.8333333334554,836.1878236675644
414.8666666667888,914.6277970100244
414.9000000001221,987.4950073634888
414.9333333334555,1023.2429974431876
414.96666666678885,1004.7847870705498
415.0000000001222,960.740679199215
415.0333333334556,928.7406019640292
415.0666666667889,946.4144834998376
415.1000000001223,1039.375852190684
415.13333333345565,1177.458544069889
415.166666666789,1314.3231352342102
415.2000000001224,1403.6284998090227
415.2333333334557,1407.2447916148114
415.2666666667891,1343.555844898964
415.30000000012245,1254.7296837206654
415.3333333334558,1183.0171165676766
415.3666666667892,1166.6018332082783
415.4000000001225,1200.8799045820117
415.4333333334559,1255.636093780685
415.4666666667893,1300.3095573580763
415.5000000001226,1305.8044690667552
415.533333333456,1268.0618629311762
415.5666666667893,1204.0254912124428
415.6000000001227,1131.2894793282987
415.6333333334561,1067.1579890635987
415.6666666667894,1019.94451752018
415.7000000001228,987.4546677396564
415.7333333334561,966.8983182329235
415.7666666667895,955.481388688872
415.8000000001229,950.1348533004
415.8333333334562,947.3404890228126
415.8666666667896,943.5386090125731
415.9000000001229,935.1752848203972
415.9333333334563,920.1372365588082
415.9666666667897,899.6408016460745
416.000000000123,875.3712719158074
416.0333333334564,849.0143142664886
416.0666666667897,824.1730495826819
416.1000000001231,810.8306991165668
416.1333333334565,820.2958077581326
416.1666666667898,863.8769203973688
416.2000000001232,948.5288943614912
416.2333333334565,1060.104831901084
416.2666666667899,1178.073455183997
416.3000000001233,1281.9021041659316
416.3333333334566,1352.825764396107
416.36666666679,1384.689964944611
416.4000000001233,1376.8196279763552
416.4333333334567,1328.5620295644308
416.4666666667901,1240.7760489763425
416.5000000001234,1130.6960278053689
416.5333333334568,1025.5792182050072
416.5666666667901,952.8271791013082
416.6000000001235,938.2251837668854
416.6333333334569,979.3200086763738
416.6666666667902,1049.6403304666424
416.7000000001236,1121.9495593211425
416.7333333334569,1169.2699821648291
416.7666666667903,1172.748543858232
416.8000000001237,1123.0843413833998
416.833333333457,1011.5231941471612
416.8666666667904,829.9695520477443
416.9000000001237,615.8067129998728
416.9333333334571,480.56984016894586
416.9666666667905,542.6205269113624
417.0000000001238,919.9482529421556
417.0333333334572,1642.0782872944255
417.0666666667905,2536.236680789346
417.1000000001239,3401.4973345446265
417.1333333334573,4036.949076623722
417.1666666667906,4298.517690005929
417.200000000124,4227.481090965482
417.2333333334573,3902.838414003024
417.2666666667907,3403.588793619193
417.300000000124,2808.337274901214
417.3333333334574,2193.8344946676234
417.3666666667908,1636.2861342887202
417.4000000001241,1211.897801584021
417.4333333334575,984.74451167488
417.4666666667909,935.8129448944816
417.5000000001242,1011.2713569721932
417.5333333334576,1157.169469489068
417.5666666667909,1321.5351350767778
417.6000000001243,1472.6635924808702
417.6333333334576,1590.7370059821876
417.666666666791,1656.088495109079
417.7000000001244,1650.252595238514
417.7333333334577,1574.1783455924287
417.7666666667911,1444.5313697714018
417.8000000001245,1278.4287562965717
417.8333333334578,1093.198419451178
417.8666666667912,912.068590451574
417.9000000001245,764.8187140056993
417.9333333334579,681.569686928926
417.9666666667912,691.9738993862254
418.0000000001246,798.751889866305
418.033333333458,963.5437477504483
418.0666666667913,1144.5322343113842
418.1000000001247,1299.9706825455355
418.1333333334581,1399.9795592608853
418.1666666667914,1439.7777340341092
418.2000000001248,1417.7761621817729
418.2333333334581,1332.3920470529783
418.2666666667915,1190.4837847347824
418.3000000001248,1024.0396390241738
418.3333333334582,869.7032717662292
418.3666666667916,764.1183448060251
418.4000000001249,735.5620668910238
418.4333333334583,776.7670796387869
418.4666666667917,871.0283150057779
418.500000000125,1001.6406329281368
418.5333333334584,1154.1297298860677
418.5666666667917,1327.6303041181416
418.6000000001251,1526.4081340377552
418.6333333334584,1754.7384161244274
418.6666666667918,2011.95159618687
418.7000000001252,2253.2009717863293
418.7333333334585,2410.401082202627
418.7666666667919,2415.259225633137
418.8000000001253,2206.9064449595703
418.8333333334586,1825.6839737734608
418.866666666792,1385.0861124136648
418.9000000001253,1000.2334283186088
418.9333333334587,782.40948414764
418.966666666792,757.0779001684051
419.0000000001254,865.2116602081188
419.0333333334588,1044.2126248153877
419.0666666667921,1231.9335167737474
419.1000000001255,1385.012602180882
419.1333333334589,1485.2451922150672
419.1666666667922,1516.1859297583833
419.2000000001256,1461.5910146841445
419.2333333334589,1325.1514518435192
419.2666666667923,1147.084256102602
419.3000000001256,971.5126979603452
419.333333333459,842.52595794807
419.3666666667924,790.1282740054635
419.4000000001257,808.5792127589801
419.4333333334591,886.5527662958799
419.4666666667924,1012.7226066394552
419.5000000001258,1169.2954618391009
419.5333333334592,1315.4008520837317
419.5666666667925,1405.0228160492811
419.6000000001259,1392.145392411685
419.6333333334592,1255.725873549225
419.6666666667926,1101.019424789307
419.700000000126,1073.1141035645296
419.7333333334593,1317.1130300511018
419.7666666667927,1939.732477710195
419.800000000126,2769.7892479332745
419.8333333334594,3513.7799363806844
419.8666666667928,3877.670469614533
419.9000000001261,3604.597565624419
419.9333333334595,2833.5020078961484
419.9666666667928,1942.436850560837
420.0000000001262,1312.7701905860304
420.0333333334596,1302.3542871322518
420.0666666667929,1881.9095639033635
420.1000000001263,2705.008235598997
420.1333333334596,3415.878083508003
420.166666666793,3668.421456962328
420.2000000001264,3384.6918148397635
420.2333333334597,2783.001428695465
420.266666666793,2096.976195312873
420.3000000001264,1557.9835873983773
420.3333333334598,1274.8954189534593
420.3666666667932,1173.8404291901809
420.4000000001265,1166.0317778930985
420.4333333334599,1162.9282065543605
420.4666666667932,1111.0451015007477
420.5000000001266,1028.0636443874023
420.53333333346,940.2885120655708
420.5666666667933,874.0126287610633
420.6000000001266,846.1421443341197
420.63333333346,847.3149775483007
420.6666666667934,863.609101901298
420.7000000001268,881.1024927712966
420.7333333334601,890.2697458801165
420.7666666667935,898.7759620517631
420.8000000001268,918.4870933290312
420.8333333334602,961.269091754716
420.8666666667936,1034.7136288040504
420.9000000001269,1122.937113354562
420.9333333334602,1202.0388406579948
420.9666666667936,1248.1112016008874
421.000000000127,1242.4563309677146
421.0333333334604,1207.084027402879
421.0666666667937,1183.1491492246664
421.1000000001271,1211.9179099490634
421.1333333334604,1327.0816794976315
421.1666666667938,1475.6204214227296
421.2000000001272,1549.203897087714
421.2333333334605,1438.6080418753836
421.26666666679387,1052.4947618772574
421.3000000001272,615.354546912235
421.3333333334606,622.0851917542957
421.366666666794,1576.3174958513796
421.4000000001273,3957.2947464995664
421.4333333334607,7519.791706661421
421.466666666794,11189.5918381796
421.5000000001274,13847.06743676584
421.5333333334608,14386.795640737138
421.5666666667941,12529.59287017032
421.60000000012747,9262.187402415651
421.6333333334608,5678.496248945516
421.6666666667942,2869.4253134134533
421.7000000001276,1464.2011595135689
421.7333333334609,1137.596983773508
421.7666666667943,1446.2028082401994
421.8000000001276,1946.7345490817108
421.833333333461,2303.918534264305
421.8666666667944,2487.5276628867146
421.9000000001277,2520.805287247565
421.93333333346106,2426.9947649230226
421.9666666667944,2240.4885711932243
422.0000000001278,2039.237142213669
422.03333333346114,1911.8267949318229
422.0666666667945,1946.8438462951517
422.1000000001279,2208.935560095372
422.1333333334612,2632.7437862940037
422.1666666667946,3108.987784439202
422.200000000128,3528.352502982169
422.2333333334613,3806.9907308382176
422.26666666679466,4055.518298769087
422.300000000128,4474.212913234036
422.3333333334614,5263.831709626368
422.36666666679474,6611.177250301778
422.4000000001281,8549.240535666562
422.4333333334615,11015.632172390617
422.4666666667948,13946.53756273656
422.5000000001282,17266.96673288846
422.5333333334616,20715.76064451653
422.5666666667949,23878.089815111583
422.60000000012826,26334.524191813944
422.6333333334616,27674.302705236674
422.666666666795,27722.164540457125
422.70000000012834,26560.35212597634
422.7333333334617,24284.18848029769
422.7666666667951,20992.63744092352
422.8000000001284,16968.212263657486
422.8333333334618,12759.492145014734
422.8666666667952,8935.916811281515
422.9000000001285,6064.40005785474
422.93333333346186,4411.036262416124
422.9666666667952,3660.2574653373135
423.0000000001286,3430.024216548254
423.03333333346194,3338.538411200021
423.0666666667953,3121.66270750092
423.1000000001287,2822.022102262094
423.133333333462,2531.604504372141
423.1666666667954,2342.396079746023
423.2000000001288,2313.360304427081
423.2333333334621,2385.9211688800588
423.26666666679546,2475.3626641236738
423.3000000001288,2496.968781176643
423.3333333334622,2391.886814260486
423.36666666679554,2227.7288544793737
423.4000000001289,2110.701038705184
423.4333333334623,2147.01897909357
423.4666666667956,2417.2917276330263
423.500000000129,2828.935053186361
423.5333333334624,3217.6045616753017
423.5666666667957,3418.725644452541
423.60000000012906,3288.5872667181866
423.6333333334624,2882.485205643566
423.6666666667958,2366.0654348368657
423.70000000012914,1906.1494083373295
423.7333333334625,1659.1122740330431
423.7666666667959,1635.7991143665818
423.8000000001292,1740.2940604703335
423.8333333334626,1874.2227819822183
423.866666666796,1942.1820078465207
423.9000000001293,1912.7949375285943
423.93333333346266,1816.4056525811943
423.966666666796,1685.8679817455036
424.0000000001294,1553.631760877827
424.03333333346274,1437.350077954232
424.0666666667961,1335.964172493386
424.1000000001295,1247.2147195509517
424.1333333334628,1168.8791160495527
424.1666666667962,1101.42638829792
424.20000000012953,1049.8056024821506
424.2333333334629,1019.3895975738594
424.26666666679625,1015.4998928454972
424.3000000001296,1033.0735136857832
424.333333333463,1044.116938754843
424.36666666679633,1017.5706430748264
424.4000000001297,922.4096729506005
424.4333333334631,772.2452325502978
424.4666666667964,712.9285445424987
424.5000000001298,914.6849338569097
424.53333333346313,1547.7397254232378
424.5666666667965,2687.061537322845
424.60000000012985,4025.104071457254
424.6333333334632,5158.318826719596
424.6666666667966,5683.157301793248
424.70000000012993,5294.333293347321
424.7333333334633,4223.295983501637
424.7666666667967,2883.8413446743184
424.80000000013,1689.9152013070538
424.8333333334634,1010.7096463951552
424.86666666679673,879.5520969387408
424.9000000001301,1177.2127066340602
424.93333333346345,1783.6976157918589
424.9666666667968,2574.388278146782
425.00000000013017,3375.920271927811
425.03333333346353,3985.7090280480975
425.0666666667969,4200.773983125241
425.1000000001303,3836.633231519164
425.1333333334636,2993.0762477028443
425.16666666679697,1992.613262191828
425.20000000013033,1163.7128156894007
425.2333333334637,823.5602559983588
425.26666666679705,1020.9805568757084
425.3000000001304,1531.4293470407238
425.33333333346377,2118.077160711968
425.36666666679713,2547.0796099047143
425.4000000001305,2705.6557461574293
425.4333333334639,2641.2568217664707
425.4666666667972,2412.3463795370635
425.50000000013057,2077.3843447147588
425.53333333346393,1694.5349018286593
425.5666666667973,1321.451748229662
425.60000000013065,1015.7379602601816
425.633333333464,834.8272084483544
425.66666666679737,797.3540232640609
425.70000000013073,833.925261746164
425.7333333334641,863.0071848315531
425.7666666667975,803.10343748869
425.8000000001308,629.5264507219752
425.83333333346417,488.79059018176815
425.8666666667975,559.5318913851329
425.9000000001309,1020.386389849132
425.93333333346425,1962.337203127591
425.9666666667976,3122.2681921555595
426.00000000013097,4147.657852171089
426.0333333334643,4685.98467523285
426.0666666667977,4468.122494584957
426.1000000001311,3677.931262445474
426.1333333334644,2652.3431273136
426.16666666679777,1728.4100290688084
426.2000000001311,1200.4226450969738
426.2333333334645,1047.5522346794437
426.26666666679785,1108.089086260585
426.3000000001312,1219.66655932745
426.33333333346457,1232.972044466377
426.3666666667979,1131.785007501284
426.4000000001313,977.6474982286
426.4333333334647,833.0777760739891
426.466666666798,756.9099630655746
426.50000000013137,754.275994035823
426.5333333334647,789.6838775563662
426.5666666667981,826.6371732819173
426.6000000001314,830.304426361552
426.6333333334648,802.3951832858436
426.66666666679816,780.2114972396222
426.7000000001315,802.5306668394511
426.7333333334649,906.4855090515574
426.76666666679824,1070.2359781039977
426.8000000001316,1198.0842111005263
426.83333333346496,1189.6635214724367
426.8666666667983,946.9968234250076
426.9000000001317,532.5341857297667
426.933333333465,267.7217048216678
426.9666666667984,497.5378721989665
427.00000000013176,1565.0762434943808
427.0333333334651,3509.07531629218
427.0666666667985,5730.920312269578
427.10000000013184,7551.872153514602
427.1333333334652,8293.653697985088
427.16666666679856,7594.263823045712
427.2000000001319,5958.694613006557
427.2333333334653,4039.17443794784
427.2666666667986,2487.9258497661945
427.300000000132,1779.7460019749817
427.33333333346536,1746.671721537048
427.3666666667987,2075.2334025129912
427.4000000001321,2451.961438963409
427.43333333346544,2616.0430613437134
427.4666666667988,2559.8308515489443
427.50000000013216,2351.667180188763
427.5333333334655,2059.908994344912
427.5666666667989,1748.153223734439
427.6000000001322,1449.483906904948
427.6333333334656,1184.9431463700444
427.66666666679896,975.543631978712
427.7000000001323,840.1092103313165
427.7333333334657,778.5057762571184
427.76666666679904,780.8772158302032
427.8000000001324,837.2882339679521
427.83333333346576,935.5987889882294
427.8666666667991,1037.251665319307
427.9000000001325,1086.265014939583
427.9333333334658,1026.348957927348
427.9666666667992,809.8295852580271
428.00000000013256,537.2637346697811
428.0333333334659,434.0768705586413
428.0666666667993,729.5948778268764
428.10000000013264,1641.9926153512947
428.133333333466,3097.7629335659285
428.16666666679936,4710.702210607253
428.2000000001327,6079.246528207731
428.2333333334661,6807.686583993518
428.2666666667994,6755.072115820743
428.3000000001328,6128.024781713409
428.33333333346616,5158.146813560459
428.3666666667995,4076.4444094814185
428.4000000001329,3063.77918451228
428.43333333346624,2213.648535176757
428.4666666667996,1610.7828279619257
428.50000000013296,1339.5426652137066
428.5333333334663,1404.5566196204636
428.5666666667997,1631.896956179625
428.600000000133,1823.372916754404
428.6333333334664,1780.9139692504052
428.66666666679976,1436.1562296101654
428.7000000001331,1097.360407597886
428.7333333334665,1140.76087973126
428.76666666679984,1942.591090619729
428.8000000001332,3695.572688414304
428.83333333346656,5895.887144467619
428.8666666667999,7874.483193115473
428.9000000001333,8962.309568693665
428.9333333334666,8655.120495842615
428.9666666668,7268.661406643786
429.00000000013335,5373.212979861332
429.0333333334667,3539.1346920421065
429.0666666668001,2263.889052980016
429.10000000013343,1567.143970295057
429.1333333334668,1276.144201575631
429.16666666680015,1217.6060858360283
429.2000000001335,1230.8928500204263
429.2333333334669,1265.9556702879108
429.2666666668002,1329.905016326166
429.3000000001336,1430.3303011736866
429.33333333346695,1573.3397736865625
429.3666666668003,1747.383723932497
429.4000000001337,1929.308022413133
429.43333333346703,2095.755372144653
429.4666666668004,2222.77562987283
429.50000000013375,2276.454613653417
429.5333333334671,2214.607112943859
429.5666666668005,1994.7973581989456
429.6000000001338,1580.723685482428
429.6333333334672,1088.9563599701296
429.66666666680055,795.7879234835742
429.7000000001339,985.015918321449
429.7333333334673,1932.337309748056
429.76666666680063,3590.0024261673034
429.800000000134,5485.086549904707
429.83333333346735,7115.740544542403
429.8666666668007,7984.4361256261855
429.90000000013407,7906.82959997286
429.9333333334674,7217.861916117476
429.9666666668008,6301.348291376751
430.00000000013415,5540.545510241383
430.0333333334675,5227.044006310689
430.06666666680087,5459.6979198802655
430.10000000013423,6313.016530608968
430.1333333334676,7861.186143079216
430.16666666680095,9986.715965148993
430.2000000001343,12057.237374705555
430.23333333346767,13354.82083685721
430.266666666801,13161.569514257606
430.3000000001344,11088.3769022641
430.33333333346775,7883.375487355743
430.3666666668011,4540.405380387975
430.40000000013447,2053.3066922162247
430.43333333346783,1177.1937576247165
430.4666666668012,1599.471127284264
430.50000000013455,2709.1603368622964
430.5333333334679,3895.269163253525
430.56666666680127,4651.970341647934
430.6000000001346,5082.982582304835
430.633333333468,5511.105142652406
430.66666666680135,6259.423943792013
430.7000000001347,7576.457721909961
430.73333333346807,9146.049785825107
430.7666666668014,10393.542015826855
430.8000000001348,10742.93636375369
430.83333333346815,9693.541909984231
430.8666666668015,7501.175418127852
430.90000000013487,4858.605377394756
430.9333333334682,2463.895966368736
430.9666666668016,972.077753362233
431.00000000013495,450.85824039729073
431.0333333334683,543.1216341785945
431.06666666680167,882.2911071778491
431.100000000135,1114.5196472136656
431.1333333334684,1130.5261073557958
431.16666666680175,1041.4732101228058
431.2000000001351,966.412780579466
431.23333333346847,1021.5721216398542
431.2666666668018,1242.6733089872794
431.3000000001352,1575.2168948476876
431.3333333334685,1959.9277373490777
431.3666666668019,2337.480586470353
431.40000000013526,2646.255695146792
431.4333333334686,2821.435100929666
431.466666666802,2797.963718159423
431.50000000013534,2511.8940866606604
431.5333333334687,1991.8564481382627
431.56666666680206,1427.4344802229716
431.6000000001354,1024.3200796068209
431.6333333334688,987.654688186368
431.6666666668021,1417.3900453495398
431.7000000001355,2184.1996608445447
431.73333333346886,3128.556272401485
431.7666666668022,4090.950560273823
431.8000000001356,4924.486386397065
431.83333333346894,5516.969074429887
431.8666666668023,5762.119890012888
431.90000000013566,5553.665353584684
431.933333333469,4851.362203113589
431.9666666668024,3845.841979099835
432.0000000001357,2778.1668250018647
432.0333333334691,1889.3988842781237
432.06666666680246,1366.2789004397755
432.1000000001358,1153.3334890508074
432.1333333334692,1127.604812719676
432.16666666680254,1166.1321617546942
432.2000000001359,1161.4714025184098
432.23333333346926,1094.5615485995916
432.2666666668026,977.589936339301
432.300000000136,822.7799000247946
432.3333333334693,658.9388472640712
432.3666666668027,636.3631966941927
432.40000000013606,959.382251340254
432.4333333334694,1832.571337859844
432.4666666668028,3410.118762561927
432.50000000013614,5365.470240113546
432.5333333334695,7105.441512300653
432.56666666680286,8034.006166612507
432.6000000001362,7610.561531366277
432.6333333334696,5996.841974668833
432.6666666668029,3836.875083003212
432.7000000001363,1784.1451264026568
432.73333333346966,463.2324463501431
432.766666666803,-1.9008771101545108
432.8000000001364,89.21265250320982
432.83333333346974,423.6968069331002
432.8666666668031,695.9854647082673
432.90000000013646,780.8727673089935
432.9333333334698,740.5798245037699
432.9666666668032,646.0518483807766
433.0000000001365,567.2348590297746
433.0333333334699,536.762304620688
433.06666666680326,539.6648562479311
433.1000000001366,557.8776047442168
433.13333333347,573.5425084509401
433.16666666680334,581.6232663425119
433.2000000001367,597.1964966433038
433.23333333347006,637.097225896156
433.2666666668034,718.0053692575792
433.3000000001368,838.0599191512638
433.3333333334701,959.5123844142267
433.3666666668035,1040.5079716700388
433.40000000013686,1039.27873230947
433.4333333334702,940.3844069168952
433.4666666668036,791.5926170127279
433.50000000013694,649.961581496765
433.5333333334703,572.5340860850092
433.56666666680366,594.1877425798131
433.600000000137,683.3881591002585
433.6333333334704,796.2153199033727
433.6666666668037,888.7492993535877
433.7000000001371,927.876897059188
433.73333333347045,921.1106623375928
433.7666666668038,885.507980717145
433.8000000001372,838.1262377261875
433.8333333334705,793.4724554127978
433.8666666668039,754.0052192777943
433.90000000013725,718.628599693315
433.9333333334706,686.2461534109901
433.966666666804,655.762411358109
434.0000000001373,626.0877004562392
434.0333333334707,596.1344825559335
434.06666666680405,564.8152228492723
434.1000000001374,531.5549414006489
434.1333333334708,499.64480248049694
434.1666666668041,474.1398044515611
434.2000000001375,460.1039523902086
434.23333333347085,462.0067379885034
434.2666666668042,478.5664169838578
434.3000000001376,505.2763134469214
434.3333333334709,537.5941373053063
434.3666666668043,570.9471490854739
434.40000000013765,600.3782142879069
434.433333333471,620.6669481267727
434.4666666668044,626.5878391460939
434.5000000001377,613.3983791056181
434.5333333334711,584.5126843378116
434.5666666668045,550.1360062597173
434.6000000001378,520.6806247405925
434.6333333334712,506.1997008227833
434.6666666668045,508.3453695792756
434.7000000001379,520.2894861216379
434.7333333334713,534.8289354980287
434.7666666668046,544.8564633237512
434.800000000138,546.5297984857095
434.8333333334713,539.9987511409078
434.8666666668047,525.656256870115
434.9000000001381,504.0048842450648
434.9333333334714,481.3956489062375
434.9666666668048,472.84835017283086
435.0000000001381,494.0840189599632
435.0333333334715,560.6552472829233
435.0666666668049,672.3610121688375
435.1000000001382,800.6226488163776
435.1333333334716,913.8907176011484
435.1666666668049,980.6942014984294
435.2000000001383,985.103549568112
435.2333333334717,945.3464131048478
435.266666666805,884.1929284191424
435.3000000001384,824.4016729702231
435.3333333334717,781.7152359476663
435.3666666668051,752.9683017819971
435.4000000001385,731.8424541852636
435.4333333334718,712.0195854298048
435.4666666668052,688.7169983366025
435.5000000001385,662.251932714528
435.5333333334719,633.9991357036422
435.5666666668053,605.3333544440061
435.6000000001386,578.0904596774959
435.633333333472,556.0001649424271
435.6666666668053,543.2783098596078
435.7000000001387,544.1407343725923
435.7333333334721,561.1773120149138
435.7666666668054,588.7173124669829
435.8000000001388,618.4731268324881
435.8333333334721,642.156102543894
435.8666666668055,652.5882602686781
435.9000000001389,649.5919246472461
435.9333333334722,635.7095796885994
435.9666666668056,613.4897605453608
436.0000000001389,585.502951713502
436.0333333334723,554.4923913819086
436.0666666668057,523.2830696719188
436.100000000139,494.7004645873659
436.1333333334724,471.3856620081443
436.1666666668057,454.1482370093083
436.2000000001391,442.7492041488936
436.2333333334725,436.9372128485747
436.2666666668058,436.4091177994114
436.3000000001392,440.2025147292135
436.3333333334725,446.9008633492839
436.3666666668059,455.0786481984916
436.4000000001392,463.32600162449086
436.4333333334726,470.4937665075258
436.466666666806,475.6480040973456
436.5000000001393,477.8612200149737
436.5333333334727,476.3248469428207
436.5666666668061,472.9009058864671
436.6000000001394,472.0865302991384
436.6333333334728,478.4906851225727
436.6666666668061,496.5677676315044
436.7000000001395,525.9010450321796
436.7333333334728,560.335236892678
436.7666666668062,593.3855497378167
436.8000000001396,618.6293276572671
436.8333333334729,632.5540933148619
436.8666666668063,635.7417491779958
436.9000000001397,629.0818630458197
436.933333333473,613.4898999954262
436.9666666668064,591.8423565528867
437.0000000001397,570.3159409643857
437.0333333334731,555.4040587105995
437.0666666668064,553.5476555621443
437.1000000001398,563.8591687331624
437.1333333334732,570.6572972768981
437.1666666668065,556.4800775985482
437.2000000001399,503.9511247765394
437.2333333334733,423.3935077386728
437.2666666668066,392.4554471988488
437.30000000014,498.8173155313491
437.3333333334733,830.1067047771872
437.3666666668067,1410.596704183308
437.40000000014,2078.35936530337
437.4333333334734,2637.432083517106
437.4666666668068,2891.8557364899675
437.5000000001401,2715.4923853973214
437.5333333334735,2231.2845744264528
437.5666666668069,1617.694897072008
437.6000000001402,1053.185946828634
437.6333333334736,682.0305296966645
437.6666666668069,500.2333347674015
437.7000000001403,463.6167038980397
437.7333333334736,528.0022548592032
437.766666666807,651.5143273631578
437.8000000001404,804.4198303260312
437.8333333334737,960.9735819483528
437.8666666668071,1095.432767084195
437.9000000001405,1181.9398858769134
437.9333333334738,1193.9000528071476
437.9666666668072,1104.426566179592
438.0000000001405,886.6319998051877
438.0333333334739,533.6765766027297
438.0666666668072,196.77261573620692
438.1000000001406,102.03471534408412
438.133333333474,476.02713470385424
438.1666666668073,1509.6928605346106
438.2000000001407,3046.63406037537
438.2333333334741,4734.46133216641
438.2666666668074,6218.577169381009
438.3000000001408,7164.231018781168
438.3333333334741,7478.974964626396
438.3666666668075,7232.36660492336
438.4000000001408,6496.930742816962
438.4333333334742,5350.7574639015365
438.4666666668076,3958.42772381457
438.5000000001409,2552.78839223682
438.5333333334743,1368.5425317954189
438.5666666668076,630.4211904427973
438.600000000141,361.4496380809389
438.6333333334744,397.2086546042156
438.6666666668077,566.1640713330382
438.7000000001411,700.4724954620904
438.7333333334744,732.3862570614099
438.7666666668078,703.5107556368139
438.8000000001412,660.9981782557418
438.8333333334745,651.1729545134345
438.8666666668079,689.0192796512913
438.9000000001412,749.2880164880839
438.9333333334746,804.0887886111555
438.966666666808,825.8371758515126
439.0000000001413,804.0566591268912
439.0333333334747,754.093432954083
439.066666666808,693.435762935355
439.1000000001414,639.485434098146
439.1333333334748,601.8960329457913
439.1666666668081,576.549157819882
439.2000000001415,557.9087569283964
439.2333333334748,540.4888840873464
439.2666666668082,526.956799308814
439.3000000001416,537.0859313499227
439.3333333334749,592.8049987438077
439.3666666668082,715.9814242201767
439.4000000001416,906.1069852997528
439.433333333475,1107.0896794029677
439.4666666668084,1254.353050181426
439.5000000001417,1283.3457799841556
439.5333333334751,1160.817799981403
439.5666666668084,945.8873382542616
439.6000000001418,714.6276393517601
439.6333333334752,543.110310336599
439.6666666668085,484.21354042964543
439.7000000001418,509.2750428330786
439.7333333334752,571.7228469461168
439.7666666668086,624.9849821679786
439.800000000142,634.9073739943922
439.8333333334753,619.4108384287231
439.8666666668087,610.0645281835738
439.900000000142,638.4376468318047
439.9333333334754,727.4077054779204
439.9666666668088,856.3852915461654
440.0000000001421,991.2209233885384
440.03333333347547,1097.760642654099
440.0666666668088,1143.7090200576083
440.1000000001422,1107.8703462853612
440.1333333334756,973.1520070982308
440.1666666668089,722.4679724982688
440.2000000001423,360.5740433298861
440.2333333334756,48.54421137117152
440.266666666809,15.565243056978945
440.3000000001424,491.1055574085439
440.3333333334757,1653.109624635135
440.36666666680907,3235.1825838818577
440.4000000001424,4743.872564826836
440.4333333334758,5683.902225498612
440.4666666668092,5613.708657394448
440.5000000001425,4654.333409420722
440.5333333334759,3262.4367566161227
440.5666666668092,1899.1628776388145
440.6000000001426,997.6261093370252
440.633333333476,630.5812464773211
440.6666666668093,620.7812451762584
440.70000000014267,785.9499294414084
440.733333333476,950.1440035610572
440.7666666668094,1038.7500408525889
440.8000000001428,1058.6622105229455
440.8333333334761,1019.0841237112191
440.8666666668095,929.6494082075088
440.9000000001428,808.7102748741961
440.9333333334762,682.7322994499025
440.9666666668096,578.4898342508466
441.0000000001429,521.9054971852714
441.03333333347626,516.5032047924536
441.0666666668096,541.7267969099632
441.100000000143,575.8315515182172
441.13333333347634,597.4074336059731
441.1666666668097,596.8152220617894
441.2000000001431,579.0253083293926
441.2333333334764,549.9188517014705
441.2666666668098,515.8285078192317
441.3000000001432,505.2088186344323
441.3333333334765,578.2162004022354
441.36666666680986,797.4526618175108
441.4000000001432,1224.290495253493
441.4333333334766,1831.3170565428325
441.46666666680994,2444.1044332859483
441.5000000001433,2874.4121601496786
441.5333333334767,2935.092630368855
441.56666666681,2564.9650893225858
441.6000000001434,1944.193792276232
441.6333333334768,1280.2167391226155
441.6666666668101,780.0482923914516
441.70000000014346,562.7070146781815
441.7333333334768,551.7653032017581
441.7666666668102,644.486884871446
441.80000000014354,738.206251098763
441.8333333334769,762.6167396575797
441.8666666668103,730.9181536784539
441.9000000001436,669.5994984965307
441.933333333477,605.1472758649837
441.9666666668104,560.3444755108634
442.0000000001437,546.8435966242636
442.03333333347706,574.2147389856857
442.0666666668104,652.0271667334637
442.1000000001438,778.6586325020929
442.13333333347714,913.2405306070342
442.1666666668105,1006.3060850125812
442.2000000001439,1008.3885196830274
442.2333333334772,900.3104474135771
442.2666666668106,786.9229251415354
442.300000000144,804.818768267824
442.3333333334773,1090.5908069437191
442.36666666681066,1733.192436147713
442.400000000144,2593.9215854182926
442.4333333334774,3466.1503623853987
442.46666666681074,4143.239022248982
442.5000000001441,4453.71126482714
442.5333333334775,4422.27334515561
442.5666666668108,4141.641418233605
442.6000000001442,3704.598323522463
442.6333333334776,3198.7021569787125
442.6666666668109,2677.419318394541
442.70000000014426,2180.5422661454154
442.7333333334776,1747.826766987481
442.766666666811,1414.7216637954289
442.80000000014434,1183.706546600764
442.8333333334777,1042.0265714482723
442.8666666668111,976.8446661065108
442.9000000001444,974.9064470846424
442.9333333334778,1019.1928987061132
442.9666666668112,1090.688993718751
443.0000000001445,1170.3614094105865
443.03333333347786,1239.3507707216238
443.0666666668112,1280.658257708558
443.1000000001446,1278.4128849663753
443.13333333347794,1216.7594590854233
443.1666666668113,1087.415952549347
443.2000000001447,978.9003371903163
443.233333333478,1046.611320095803
443.2666666668114,1447.2793017898894
443.30000000014473,2325.276644805145
443.3333333334781,3634.324760034631
443.36666666681145,5178.390344137727
443.4000000001448,6757.41106542838
443.4333333334782,8172.069903437832
443.46666666681153,9237.101587755
443.5000000001449,9779.76397334615
443.5333333334783,9627.753229684284
443.5666666668116,8621.215276526187
443.600000000145,6891.654994689086
443.63333333347833,4864.749707764658
443.6666666668117,2979.189202261943
443.70000000014505,1663.45536327305
443.7333333334784,1043.6249623405506
443.7666666668118,900.2167817264153
443.80000000014513,994.862957793572
443.8333333334785,1092.3059525334515
443.8666666668119,1076.8634535309716
443.9000000001452,987.4155534733304
443.9333333334786,873.0949137361171
443.96666666681193,782.5824116175427
444.0000000001453,741.285701985431
444.03333333347865,740.5860070182646
444.066666666812,769.1643798122682
444.10000000014537,815.7549941677782
444.13333333347873,872.9165300004034
444.1666666668121,939.534385613484
444.2000000001455,1015.087620697898
444.2333333334788,1098.9914827205023
444.26666666681217,1183.8632804513873
444.30000000014553,1249.5873072751726
444.3333333334789,1274.6483890710729
444.36666666681225,1237.6282549481252
444.4000000001456,1133.6622567281245
444.43333333347897,993.0290416234276
444.46666666681233,850.4967764376962
444.5000000001457,740.7917323974189
444.5333333334791,685.7010035785473
444.5666666668124,675.8373690285869
444.60000000014577,697.2134290020565
444.63333333347913,735.8477024960255
444.6666666668125,781.7757721692769
444.70000000014585,836.0316800061312
444.7333333334792,901.514858540911
444.76666666681257,981.1231502496346
444.80000000014593,1074.3298053014962
444.8333333334793,1169.9391514011393
444.8666666668127,1254.683780805247
444.900000000146,1315.2966806945203
444.93333333347937,1345.4334742343697
444.9666666668127,1363.3117795168064
445.0000000001461,1392.5941865674529
445.03333333347945,1456.943285411931
445.0666666668128,1568.5086789351749
445.10000000014617,1692.9140895543917
445.1333333334795,1784.0320698052503
445.1666666668129,1795.7351717610425
445.2000000001463,1731.6196959473343
445.2333333334796,1823.965500042313
445.26666666681297,2370.753131702714
445.3000000001463,3669.968891176612
445.3333333334797,5900.359058352159
445.36666666681305,8616.76174074295
445.4000000001464,11170.638450887223
445.43333333347977,12913.339043197018
445.4666666668131,13313.29133212957
445.5000000001465,12536.18940138886
445.5333333334799,11004.801754084652
445.5666666668132,9142.30190735126
445.60000000014657,7336.073719991541
445.6333333334799,5730.600091287399
445.6666666668133,4369.41014799248
445.7000000001466,3295.703812571157
445.73333333348,2542.759992243584
445.76666666681336,2066.9751639184165
445.8000000001467,1788.842833278659
445.8333333334801,1628.6537989695748
445.86666666681344,1512.0269891904338
445.9000000001468,1411.8567836062473
445.93333333348016,1325.7666588937711
445.9666666668135,1251.5963083550798
446.0000000001469,1187.2074844632912
446.0333333334802,1130.6868408887822
446.0666666668136,1080.2524346400871
446.10000000014696,1034.123972281871
446.1333333334803,990.6260794096552
446.1666666668137,949.3180322879928
446.20000000014704,910.5628209613228
446.2333333334804,874.7371563179398
446.26666666681376,842.2381598678433
446.3000000001471,813.7417052791253
446.3333333334805,790.1253873639123
446.3666666668138,772.2712983539564
446.4000000001472,761.1396657954263
446.43333333348056,758.9374317085371
446.4666666668139,768.872553827032
446.5000000001473,794.1812421006201
446.53333333348064,837.6226693855403
446.566666666814,892.9921222268248
446.60000000014736,946.112222857506
446.6333333334807,982.52765461154
446.6666666668141,988.418657393202
446.7000000001474,964.1651368429837
446.7333333334808,924.118179833744
446.76666666681416,883.218729138292
446.8000000001475,856.0098478681712
446.8333333334809,846.3430587304882
446.86666666681424,846.4454073344011
446.9000000001476,847.9590628108158
446.93333333348096,842.6686510025187
446.9666666668143,827.0268982855658
447.0000000001477,803.0904332994439
447.033333333481,773.2474625363485
447.0666666668144,739.8762579806317
447.10000000014776,704.951396764888
447.1333333334811,669.9126928754749
447.1666666668145,636.1631607983867
447.20000000014784,605.0980514924306
447.2333333334812,577.7132875296111
447.26666666681456,554.4213045525045
447.3000000001479,535.588274308378
447.3333333334813,521.6166604791151
447.3666666668146,515.3327554892267
447.400000000148,523.4687078702946
447.43333333348136,553.1106830149328
447.4666666668147,611.2297720543395
447.5000000001481,694.4923918189306
447.53333333348144,781.2519700333495
447.5666666668148,847.9772361485806
447.60000000014816,871.2579552640968
447.6333333334815,842.8300182596904
447.6666666668149,784.1186307624317
447.7000000001482,719.99856356934
447.7333333334816,675.293922728464
447.76666666681496,665.4695489231129
447.8000000001483,685.7494095263899
447.8333333334817,728.7153984290197
447.86666666681504,786.9581907287868
447.9000000001484,855.6508186691857
447.93333333348176,936.1300361429038
447.9666666668151,1030.6326994257029
448.0000000001485,1141.3825077346112
448.0333333334818,1263.73103913165
448.0666666668152,1374.9198081214945
448.10000000014855,1449.2421405079297
448.1333333334819,1461.0026393894375
448.1666666668153,1396.92570628793
448.20000000014863,1279.8844574071052
448.233333333482,1139.2924497299232
448.26666666681535,1004.5608205292696
448.3000000001487,897.4791971256433
448.3333333334821,815.3319382666479
448.3666666668154,750.4880029772663
448.4000000001488,695.316454770323
448.43333333348215,644.0644821036891
448.4666666668155,597.6498916676926
448.5000000001489,558.470794674825
448.53333333348223,528.9253021335754
448.5666666668156,510.6855552314734
448.60000000014895,502.5766857058572
448.6333333334823,502.72601303732415
448.6666666668157,509.26085670647166
448.700000000149,520.4129246017101
448.7333333334824,534.8655027422151
448.76666666681575,551.4239596734275
448.8000000001491,568.8936659503743
448.83333333348247,585.5523859569055
448.86666666681583,597.1625034080063
448.9000000001492,598.7376135800654
448.93333333348255,585.2911858953305
448.9666666668159,553.6627626761542
449.00000000014927,510.2808349798762
449.0333333334826,464.7104476102706
449.066666666816,426.5184308702831
449.10000000014935,403.7468030212265
449.1333333334827,395.6208508514958
449.16666666681607,398.20415807608464
449.20000000014943,407.55624184558206
449.2333333334828,420.5287013303972
449.26666666681615,439.0163285478296
449.3000000001495,466.89191851362335
449.33333333348287,508.032922347641
449.3666666668162,564.7802497772556
449.4000000001496,628.6989767785212
449.43333333348295,686.7424526812529
449.4666666668163,725.8465575595394
449.50000000014967,734.7149078779307
449.53333333348303,715.7139553910328
449.5666666668164,677.5760275446696
449.60000000014975,629.0690497405352
449.6333333334831,578.4853534275948
449.66666666681647,530.062752483689
449.7000000001498,485.9868689938766
449.7333333334832,448.427394783929
449.76666666681655,419.3873532068696
449.8000000001499,399.30079077670496
449.83333333348327,387.74083088590976
449.8666666668166,384.2717358255465
449.90000000015,388.5969177017996
449.93333333348335,401.86824907713856
449.9666666668167,426.0975767076748
450.00000000015007,463.3080758584279
450.0333333334834,514.6394319228156
450.0666666668168,571.045156779988
450.10000000015015,616.946891354362
450.1333333334835,636.659188667909
450.16666666681687,616.0199472769318
450.2000000001502,560.3586551266753
450.2333333334836,488.48177306257617
450.26666666681695,419.4646021574079
450.3000000001503,371.3970861136093
450.33333333348367,348.3451551293374
450.366666666817,343.93574103441324
450.4000000001504,351.54706820142
450.4333333334837,364.70662347184987
450.4666666668171,379.3110569636625
450.50000000015046,393.1528301024074
450.5333333334838,404.07751959389134
450.5666666668172,410.036585738196
450.60000000015054,410.8613770184528
450.6333333334839,407.998211380048
450.66666666681726,402.9459231075549
450.7000000001506,397.18278114149297
450.733333333484,391.7772635134287
450.7666666668173,387.42037294033
450.8000000001507,384.7890235874644
450.83333333348406,384.4839842969237
450.8666666668174,385.3966220477288
450.9000000001508,384.7318826291768
450.93333333348414,379.62316290600427
450.9666666668175,367.4966977034353
451.00000000015086,353.2168250280512
451.0333333334842,349.49875883753094
451.0666666668176,369.4331811011352
451.1000000001509,425.5069790552857
451.1333333334843,512.7709456962065
451.16666666681766,606.6055708930526
451.200000000151,681.3386708038994
451.2333333334844,711.8878303015418
451.26666666681774,692.6385261733581
451.3000000001511,641.4287237701026
451.33333333348446,577.4917486717144
451.3666666668178,519.7724216602404
451.4000000001512,476.2629899437785
451.4333333334845,440.8782557144903
451.4666666668179,406.60717330743887
451.50000000015126,366.70435230751167
451.5333333334846,326.10312922564674
451.566666666818,305.739587666204
451.60000000015134,327.7072583378465
451.6333333334847,413.5894774005702
451.66666666681806,558.793357990637
451.7000000001514,720.5164240800877
451.7333333334848,852.9308764075448
451.7666666668181,910.698311067358
451.8000000001515,878.0442737711165
451.83333333348486,785.1339357094914
451.8666666668182,666.0977944276298
451.9000000001516,554.8920875376278
451.93333333348494,472.9529559032599
451.9666666668183,421.0198499410407
452.00000000015166,397.8919852952325
452.033333333485,402.3840341979032
452.0666666668184,434.6468001080794
452.1000000001517,497.179267449343
452.1333333334851,592.7186881752093
452.16666666681846,723.8762016689352
452.2000000001518,879.9703191354905
452.2333333334852,1025.4989128032455
452.26666666681854,1122.2423296505897
452.3000000001519,1132.1866478325564
452.33333333348526,1044.1718375679022
452.3666666668186,900.2812713227099
452.400000000152,748.8704449664261
452.4333333334853,638.1875457064685
452.4666666668187,598.8159539075832
452.50000000015206,624.1714935213241
452.5333333334854,702.9714628511442
452.5666666668188,823.9250714389235
452.60000000015214,974.0255160452826
452.6333333334855,1136.4367550923914
452.66666666681886,1293.8045349443832
452.7000000001522,1428.7810616130037
452.7333333334856,1525.8312429383434
452.7666666668189,1573.7073675599545
452.8000000001523,1561.781466792367
452.83333333348565,1479.4551123932797
452.866666666819,1327.4503936823612
452.9000000001524,1134.8513616510274
452.9333333334857,935.112009862229
452.9666666668191,761.6752834246295
453.00000000015245,641.9668791231942
453.0333333334858,587.4539721195249
453.0666666668192,606.9879068544024
453.1000000001525,709.4136255454583
453.1333333334859,898.3605887287945
453.16666666681925,1162.8256851981416
453.2000000001526,1489.2588133782165
453.233333333486,1864.108175851477
453.2666666668193,2271.6102954046783
453.3000000001527,2689.4422151244094
453.33333333348605,3094.070584484977
453.3666666668194,3461.961256615975
453.4000000001528,3767.75265104563
453.4333333334861,3980.3581564534657
453.4666666668195,4067.573037274169
453.50000000015285,3997.1958247952207
453.5333333334862,3752.2021334942624
453.5666666668196,3365.750587256685
453.6000000001529,2881.357599992833
453.6333333334863,2342.539646540259
453.6666666668197,1793.5345472590573
453.700000000153,1281.095238052318
453.7333333334864,852.5224827647957
453.7666666668197,555.1166540639526
453.8000000001531,417.6791910060126
453.8333333334865,401.06166467643015
453.8666666668198,450.5180009513655
453.9000000001532,511.3021424397782
453.9333333334865,540.3624567988744
453.9666666668199,539.8529336909745
454.0000000001533,522.8490704838349
454.0333333334866,502.4263645452117
454.06666666682,488.6869552454328
454.1000000001533,479.6510429555124
454.1333333334867,470.2704720018514
454.1666666668201,455.497086275827
454.2000000001534,433.5396292536405
454.2333333334868,416.5016910607147
454.2666666668201,420.1916265185668
454.3000000001535,460.4178248841852
454.3333333334869,546.0891600731684
454.3666666668202,655.245217994543
454.4000000001536,757.2957880086261
454.4333333334869,821.6502578826694
454.4666666668203,825.0548365849381
454.5000000001537,778.642270043067
454.533333333487,703.6108448869418
454.5666666668204,621.160113762631
454.6000000001537,551.5965913204499
454.6333333334871,510.8470424710616
454.6666666668205,513.4977306085226
454.7000000001538,574.1345761718267
454.7333333334872,701.4210191512869
454.7666666668205,873.6593375961025
454.8000000001539,1059.4490828442129
454.8333333334873,1227.3855205443613
454.8666666668206,1349.982262622139
454.900000000154,1420.7277052921631
454.9333333334873,1440.099269416059
454.9666666668207,1408.579166399112
455.0000000001541,1327.7086732245057
455.0333333334874,1204.9426138033384
455.0666666668208,1049.7874405805935
455.1000000001541,871.7516309401495
455.1333333334875,701.965775178606
455.1666666668208,697.3685657455894
455.2000000001542,1060.2806340792336
455.2333333334876,1993.0836369891983
455.2666666668209,3617.6385704438217
455.3000000001543,5568.097820914129
455.3333333334877,7295.94821944595
455.366666666821,8252.355877302825
455.4000000001544,7996.308029677177
455.4333333334877,6765.929705281246
455.4666666668211,5063.088995077073
455.5000000001544,3390.238593819566
455.5333333334878,2186.061838532816
455.5666666668212,1471.9645476752137
455.6000000001545,1101.5541087760705
455.6333333334879,927.9810172559868
455.6666666668213,818.0099276079867
455.7000000001546,730.858049800981
455.733333333488,664.187833453599
455.7666666668213,615.7874467096404
455.8000000001547,583.2710321092874
455.833333333488,563.0275243227836
455.8666666668214,550.9196912751474
455.9000000001548,542.8082733946854
455.9333333334881,534.8878258511718
455.9666666668215,525.7869010173732
456.0000000001549,515.2121562562743
456.0333333334882,502.8750655652226
456.0666666668216,489.057612564848
456.1000000001549,478.3454603039916
456.1333333334883,477.28787456987646
456.1666666668216,492.4441514041153
456.200000000155,528.830187685413
456.2333333334884,579.4293723556641
456.2666666668217,631.5770818056855
456.3000000001551,672.5761061248282
456.3333333334885,691.0671897282432
456.3666666668218,686.4594986647534
456.4000000001552,663.3559089422706
456.4333333334885,626.3927804488467
456.4666666668219,580.2822339116825
456.5000000001552,530.3651906339769
456.5333333334886,482.2938094708292
456.566666666822,441.72247016936274
456.6000000001553,413.6579413646712
456.6333333334887,397.5702234636415
456.6666666668221,390.1202467718673
456.7000000001554,387.9469443680056
456.7333333334888,387.8335000020568
456.7666666668221,387.83203934093285
456.8000000001555,386.6537935646781
456.8333333334888,383.0156145092935
456.8666666668222,376.27720103457233
456.9000000001556,371.61007433856577
456.9333333334889,377.27262240938455
456.9666666668223,401.5517002264957
457.0000000001557,451.6352679545183
457.033333333489,524.51290596806
457.0666666668224,611.6417172590559
457.1000000001557,704.4239818943544
457.1333333334891,793.872010427127
457.1666666668224,867.2874120132819
457.2000000001558,909.9181636138773
457.2333333334892,906.9905033714564
457.2666666668225,846.465514688288
457.3000000001559,742.9531329218826
457.3333333334893,626.0920467772313
457.3666666668226,525.6899703604387
457.400000000156,468.67193539283073
457.4333333334893,453.2338014619601
457.4666666668227,461.0803558131885
457.500000000156,473.7203182300346
457.5333333334894,474.4253866117829
457.5666666668228,464.41476274846224
457.6000000001561,455.3817858683017
457.6333333334895,459.1508216303972
457.6666666668228,486.6393867854983
457.7000000001562,539.3468983863511
457.7333333334896,613.1909484177078
457.7666666668229,704.0159841764603
457.8000000001563,807.0595044735304
457.8333333334896,911.1368334896732
457.866666666823,1001.202231867232
457.9000000001564,1062.1571801110722
457.9333333334897,1081.456607025079
457.9666666668231,1074.0458100565745
458.0000000001564,1071.6169330928738
458.0333333334898,1106.099990022415
458.0666666668232,1204.876559950448
458.1000000001565,1345.571600929656
458.1333333334899,1475.1305199304295
458.1666666668232,1540.047629552742
458.2000000001566,1492.1364096976215
458.23333333349,1342.2537587240577
458.2666666668233,1138.063986143877
458.3000000001567,927.7896221384046
458.33333333349,758.2125843993263
458.3666666668234,659.9112732419912
458.4000000001568,653.2626720833848
458.4333333334901,758.4847318136086
458.4666666668234,990.3234620039872
458.5000000001568,1301.2481758041554
458.5333333334902,1604.1744553251483
458.5666666668236,1811.3861638198491
458.6000000001569,1843.0704671336755
458.6333333334903,1710.3002219970986
458.6666666668236,1482.3174277099251
458.700000000157,1229.3128117857636
458.7333333334904,1017.371959600216
458.7666666668237,864.9491660521711
458.800000000157,759.8120102079951
458.8333333334904,689.2185609584304
458.8666666668238,640.8246465751378
458.9000000001572,606.9358579602231
458.9333333334905,582.8699340320896
458.9666666668239,563.9953717413057
459.0000000001572,545.9571263376387
459.0333333334906,527.65140352661
459.066666666824,510.08989754361465
459.1000000001573,494.3203741113053
459.13333333349067,481.3941801914552
459.166666666824,472.404970982802
459.2000000001574,468.4740219399205
459.2333333334908,470.7230836615314
459.2666666668241,479.946916765012
459.3000000001575,493.065437574497
459.3333333334908,504.4632720039269
459.3666666668242,508.4811722674429
459.4000000001576,499.9945381748606
459.4333333334909,480.2243439425357
459.46666666682427,454.54821389688186
459.5000000001576,428.4159235394454
459.533333333491,406.9563447606562
459.5666666668244,391.4893087862423
459.6000000001577,380.8393877784309
459.6333333334911,373.78783389754415
459.6666666668244,369.1801120097375
459.7000000001578,366.62280783482055
459.7333333334912,366.2205990077528
459.7666666668245,368.0867870829471
459.80000000015787,372.3031300569162
459.8333333334912,378.5785741074884
459.8666666668246,386.3786043796752
459.900000000158,395.1645143052981
459.9333333334913,404.3709740037464
459.9666666668247,413.11936556957374
460.000000000158,420.32713450139977
460.0333333334914,424.9082448595456
460.0666666668248,425.92232480319694
460.1000000001581,424.1331057096137
460.13333333349146,421.40887038820273
460.1666666668248,419.6365426955012
460.2000000001582,420.70230833752254
460.23333333349154,426.4837804235064
460.2666666668249,438.8530453425808
460.3000000001583,459.6820975508543
460.3333333334916,489.6519134710382
460.366666666825,515.7322317365497
460.4000000001584,516.110209137247
460.4333333334917,468.829447356508
460.46666666682506,360.377569071742
460.5000000001584,273.4633178730367
460.5333333334918,351.9643508639945
460.56666666682514,740.7377251252016
460.6000000001585,1559.8046351516848
460.6333333334919,2649.455027495212
460.6666666668252,3673.6841701653584
460.7000000001586,4293.731178837133
460.733333333492,4205.489716204387
460.7666666668253,3490.107369791685
460.80000000015866,2469.170617697631
460.833333333492,1467.924070899931
460.8666666668254,787.7636742029244
460.90000000015874,468.7682746562587
460.9333333334921,389.6905830724252
460.9666666668255,426.9028947211789
461.0000000001588,464.2577905819172
461.0333333334922,466.2827555148254
461.0666666668256,446.7174438896053
461.1000000001589,420.0032145408378
461.13333333349226,399.68482144760566
461.1666666668256,389.80215388420254
461.200000000159,388.6725086592572
461.23333333349234,394.534627034705
461.2666666668257,405.3769198618439
461.3000000001591,416.58284483423824
461.3333333334924,421.9896341961785
461.3666666668258,415.4141664093565
461.4000000001592,392.1042960888478
461.4333333334925,361.9056376042185
461.46666666682586,343.1966835937964
461.5000000001592,354.4631889916952
461.5333333334926,411.5868426811433
461.56666666682594,504.4412211680059
461.6000000001593,607.9457437604693
461.6333333334927,696.8411092338588
461.666666666826,747.9575534358347
461.7000000001594,758.5311813854024
461.7333333334928,737.3261489803032
461.7666666668261,693.2369844836585
461.80000000015946,635.0607856955089
461.8333333334928,570.6654639691078
461.8666666668262,507.4037595980035
461.90000000015954,452.6229274563052
461.9333333334929,412.83760139629055
461.9666666668263,386.8173833423221
462.0000000001596,369.1225199957813
462.033333333493,354.2712872514126
462.0666666668264,337.84285255075804
462.1000000001597,325.0300465887458
462.13333333349306,326.1415341709345
462.1666666668264,351.5334668974757
462.2000000001598,409.07421094815663
462.23333333349314,484.6961670819453
462.2666666668265,552.9159474487535
462.3000000001599,588.1521444653206
462.3333333334932,568.6871714774826
462.3666666668266,505.9150162657936
462.40000000015993,428.06150834442286
462.4333333334933,363.48523329644127
462.46666666682665,337.0825177214604
462.50000000016,344.94631294356014
462.5333333334934,368.8848086156924
462.56666666682673,390.6034953523198
462.6000000001601,394.0335363538207
462.6333333334935,381.0607280358316
462.6666666668268,362.2475315760043
462.7000000001602,348.2127858838007
462.73333333349353,348.3445359463907
462.7666666668269,362.4135881244878
462.80000000016025,385.66765672496393
462.8333333334936,413.3281468375389
462.866666666827,440.5405700647386
462.90000000016033,461.876658544274
462.9333333334937,471.6458472045105
462.9666666668271,464.1562197781904
463.0000000001604,435.2123734842231
463.0333333334938,391.5541578375965
463.06666666682713,344.77417730885554
463.1000000001605,306.4869072361448
463.13333333349385,286.7142068793236
463.1666666668272,284.2421107493285
463.20000000016057,293.0225643857779
463.23333333349393,306.9887171630605
463.2666666668273,320.53828271751087
463.3000000001607,331.23000181887136
463.333333333494,337.93941262382305
463.36666666682737,339.54639947366223
463.40000000016073,335.37993737481867
463.4333333334941,327.7130959708601
463.46666666682745,320.00483906203766
463.5000000001608,315.7173903732174
463.53333333349417,317.598260239657
463.56666666682753,323.8853957339487
463.6000000001609,331.06267831786613
463.6333333334943,335.6100634573811
463.6666666668276,335.6074403460988
463.70000000016097,338.8407021779955
463.73333333349433,356.73635281945684
463.7666666668277,400.7273516654712
463.80000000016105,478.2760845044278
463.8333333334944,573.7094334149683
463.86666666682777,662.9976303544638
463.9000000001611,722.0995576802454
463.9333333334945,731.4000651896714
463.9666666668279,696.0280822753833
464.0000000001612,629.7072961431094
464.03333333349457,546.1699614498958
464.0666666668279,459.2710317119144
464.1000000001613,383.5229493021954
464.13333333349465,333.6574588377938
464.166666666828,324.40645671934226
464.20000000016137,365.17725361033473
464.2333333334947,438.0583715519876
464.2666666668281,516.4008339281561
464.3000000001615,573.5517690657018
464.3333333334948,589.0801975316288
464.36666666682817,573.0876494272451
464.4000000001615,545.0261752427083
464.4333333334949,524.3502374716412
464.46666666682825,525.9003467705173
464.5000000001616,542.8845584104802
464.53333333349497,562.1765383901547
464.5666666668283,570.649150966634
464.6000000001617,558.5615867319632
464.6333333334951,531.3251113298909
464.6666666668284,498.587235632725
464.70000000016177,469.9956680622575
464.7333333334951,452.9767739418231
464.7666666668285,445.482025548176
464.8000000001618,442.9371432671367
464.8333333334952,440.7678242305445
464.86666666682856,435.5019421085469
464.9000000001619,428.1436208396025
464.9333333334953,420.8331908584355
464.96666666682864,415.7109818512543
465.000000000162,414.3365752085936
465.03333333349536,416.0265491614356
465.0666666668287,419.55604468410286
465.1000000001621,423.70020175012456
465.1333333334954,427.1887446191868
465.1666666668288,428.5847795706424
465.20000000016216,426.41321283668793
465.2333333334955,419.1990660264528
465.2666666668289,406.788876696094
465.30000000016224,393.6296035886414
465.3333333334956,385.16863686414223
465.36666666682896,386.8531160738789
465.4000000001623,402.9996904814767
465.4333333334957,434.1944462774978
465.466666666829,480.25503383031617
465.5000000001624,540.9973024050593
465.53333333349576,612.2156547321588
465.5666666668291,677.1361392763931
465.6000000001625,716.5361969299729
465.63333333349584,711.2012044543708
465.6666666668292,651.9996610614868
465.70000000016256,559.620586501732
465.7333333334959,460.2394567301181
465.7666666668293,380.0204381272845
465.8000000001626,336.14408601647267
465.833333333496,320.66885372745685
465.86666666682936,321.2954996563452
465.9000000001627,325.73181145772486
465.9333333334961,325.4207563119411
465.96666666682944,321.67453589591844
466.0000000001628,317.416559960169
466.03333333349616,315.56900453223824
466.0666666668295,318.5925561588371
466.1000000001629,327.79657026035983
466.1333333334962,344.3138276419682
466.1666666668296,369.2700405430029
466.20000000016296,401.8541437094832
466.2333333334963,436.6957768066108
466.2666666668297,467.7690061744017
466.30000000016304,489.0579725479016
466.3333333334964,496.6341145709697
466.36666666682976,491.2023252933767
466.4000000001631,474.0907958050846
466.4333333334965,446.6571963060687
466.4666666668298,414.9992182701613
466.5000000001632,395.1304606195593
466.53333333349656,404.30958246320193
466.5666666668299,459.6752460809939
466.6000000001633,563.0655302096844
466.63333333349664,686.1729144504989
466.66666666683,797.1656240227334
466.70000000016336,864.3718041414777
466.7333333334967,872.5862010600299
466.7666666668301,837.139768703111
466.8000000001634,776.6783603354485
466.8333333334968,709.7826278284608
466.86666666683016,649.5271789007855
466.9000000001635,599.3821458949043
466.9333333334969,561.8523597726763
466.96666666683024,539.4034718136578
467.0000000001636,531.7513415424997
467.03333333349696,534.1028606005395
467.0666666668303,541.2467016144262
467.1000000001637,547.9913012963777
467.133333333497,550.311297783919
467.1666666668304,545.9777358655813
467.20000000016375,532.9148876417185
467.2333333334971,509.1817759727454
467.2666666668305,479.58964942625823
467.30000000016383,458.7137814705465
467.3333333334972,461.89236206336784
467.36666666683055,504.0258213534646
467.4000000001639,581.2217161939157
467.4333333334973,664.0954400830979
467.4666666668306,721.4456022219247
467.500000000164,722.7644969986197
467.53333333349735,663.2558890869758
467.5666666668307,570.8149278616143
467.6000000001641,475.4517222802275
467.63333333349743,406.6288090951968
467.6666666668308,376.1651497692823
467.70000000016415,374.869771060684
467.7333333334975,392.3244132875649
467.7666666668309,418.2115184894544
467.8000000001642,445.05142639063627
467.8333333334976,468.5266066611093
467.86666666683095,484.4853151445014
467.9000000001643,489.19245610166894
467.93333333349767,489.237727477735
467.96666666683103,501.9654103675504
468.0000000001644,545.2224369989473
468.03333333349775,635.5662861051667
468.0666666668311,761.3222380341347
468.10000000016447,883.3531788157945
468.1333333334978,961.3865386867512
468.1666666668312,957.2043701903074
468.20000000016455,872.5042060353278
468.2333333334979,745.2023290136492
468.26666666683127,614.528108365294
468.30000000016463,518.1265368789963
468.333333333498,466.2286005992766
468.36666666683135,445.8891434145921
468.4000000001647,443.433705516461
468.43333333349807,445.6618935895604
468.4666666668314,446.7033146926454
468.5000000001648,446.45371478647576
468.53333333349815,444.96447694725833
468.5666666668315,442.46364919005725
468.60000000016487,441.6274374489213
468.63333333349823,446.921513203833
468.6666666668316,462.8524043382504
468.70000000016495,493.05101838040594
468.7333333334983,530.2453015119538
468.76666666683167,559.7693165288642
468.800000000165,566.816677059221
468.8333333334984,538.5538917050395
468.86666666683175,484.2702646481872
468.9000000001651,427.1514809178894
468.93333333349847,390.5984939691912
468.9666666668318,395.4210426367965
469.0000000001652,436.2122749812186
469.03333333349855,492.3386262296207
469.0666666668319,542.9788197632405
469.10000000016527,569.1663866449759
469.1333333334986,568.8940952991244
469.166666666832,549.2451052433362
469.20000000016535,517.3890767016469
469.2333333334987,480.2577303703738
469.26666666683207,442.81408496869904
469.3000000001654,409.04925518628056
469.3333333334988,382.9474898809914
469.36666666683215,367.868068483746
469.4000000001655,362.4861684788239
469.43333333349887,363.3517569123764
469.4666666668322,367.0042111712965
469.5000000001656,370.35444144213193
469.5333333334989,372.8376853242263
469.5666666668323,374.9393690092697
469.60000000016566,377.1483611268166
469.633333333499,380.2068763176856
469.6666666668324,386.4182941397205
469.70000000016574,398.6801336902397
469.7333333334991,419.8910733545895
469.76666666683246,451.4790400613371
469.8000000001658,486.6506327255812
469.8333333334992,515.7571823204072
469.8666666668325,529.1471767828529
469.9000000001659,519.6423124787046
469.93333333349926,492.6039480756396
469.9666666668326,457.3581056555193
470.000000000166,423.23235193148486
470.03333333349934,398.3169741810554
470.0666666668327,385.0145639509139
470.10000000016606,384.0943941702479
470.1333333334994,396.3255961216638
470.1666666668328,421.3317915075295
470.2000000001661,453.96582030386975
470.2333333334995,487.8387136518127
470.26666666683286,516.5615102243337
470.3000000001662,535.168156725678
470.3333333334996,544.0559052839579
470.36666666683294,544.8854359839906
470.4000000001663,539.3174857616954
470.43333333349966,529.4466977625245
470.466666666833,518.8466997421596
470.5000000001664,511.4059569343525
470.5333333334997,511.0119685745644
470.5666666668331,519.7071836971752
470.60000000016646,533.8485743222085
470.6333333334998,548.7014870163061
470.6666666668332,559.5344184440298
470.70000000016654,564.0476724650605
470.7333333334999,566.7165525938385
470.76666666683326,573.1869037662565
470.8000000001666,589.0953650259563
470.8333333335,616.433376492648
470.8666666668333,648.008203179207
470.9000000001667,675.2032590402906
470.93333333350006,689.4152952394027
470.9666666668334,685.1632061548194
471.0000000001668,664.082383581386
471.03333333350014,628.7949065307664
471.0666666668335,581.9331603265551
471.10000000016686,527.6960983412453
471.1333333335002,473.5142562228132
471.1666666668336,427.21728169437375
471.2000000001669,396.5911656139105
471.2333333335003,384.8185621412718
471.26666666683366,386.4855789841056
471.300000000167,395.2369861285155
471.3333333335004,404.7470573075524
471.36666666683374,410.9561017879244
471.4000000001671,413.6361188632371
471.43333333350046,412.9290880120488
471.4666666668338,408.9866412594424
471.5000000001672,402.52091142252425
471.5333333335005,395.10224906283327
471.5666666668339,388.3736095226762
471.60000000016726,383.9576269004734
471.6333333335006,382.5584143124824
471.666666666834,383.6067034037413
471.70000000016734,386.43954982393007
471.7333333335007,390.3896611391087
471.76666666683406,394.6331625451402
471.8000000001674,398.1496958688563
471.8333333335008,399.9064455316564
471.8666666668341,398.9260404796901
471.9000000001675,395.85214137818775
471.93333333350085,393.168582277845
471.9666666668342,393.4586910982751
472.0000000001676,399.437264988148
472.0333333335009,416.9882804326256
472.0666666668343,455.2478320250882
472.10000000016765,523.5000748127767
472.133333333501,629.8641384182068
472.1666666668344,759.0069878506268
472.2000000001677,873.862974609302
472.2333333335011,936.5459602553868
472.26666666683445,911.6232686136868
472.3000000001678,805.3440680014744
472.3333333335012,658.7932261210585
472.3666666668345,514.1260113073175
472.4000000001679,411.3335399506864
472.43333333350125,359.10300906086786
472.4666666668346,342.5636062546747
472.500000000168,346.26890127095766
472.5333333335013,355.5213465593341
472.5666666668347,364.9140346901319
472.60000000016805,375.32396325883207
472.6333333335014,387.7466938443362
472.6666666668348,403.0650599394867
472.7000000001681,420.9551620124509
472.7333333335015,440.3611459709227
472.7666666668349,460.2168903665184
472.8000000001682,479.2862906538929
472.8333333335016,494.7553445644287
472.8666666668349,502.95390722168855
472.9000000001683,500.2033448269257
472.9333333335017,483.66950200444944
472.966666666835,457.34280970860254
473.0000000001684,428.5166817385216
473.0333333335017,404.5061224596785
473.0666666668351,391.6361167954966
473.1000000001685,389.2448348556198
473.1333333335018,393.66357751590704
473.1666666668352,401.21193756011695
473.2000000001685,408.6971804152717
473.2333333335019,415.93876879364615
473.2666666668353,423.9050258421323
473.3000000001686,433.5665480162338
473.333333333502,445.25508199385
473.3666666668353,455.84378574386926
473.4000000001687,461.0408130352613
473.4333333335021,456.5534324313562
473.4666666668354,440.5094577875442
473.5000000001688,422.52994757744347
473.5333333335021,415.64365623154447
473.5666666668355,432.8798742437652
473.6000000001689,481.69264962368055
473.6333333335022,546.3215579964442
473.6666666668356,604.9649036515547
473.7000000001689,635.8211771167356
473.7333333335023,624.657556107074
473.7666666668357,584.8543992151534
473.800000000169,536.087529891815
473.8333333335024,498.030899828365
473.8666666668357,484.8971146066092
473.9000000001691,493.4440473988207
473.9333333335025,516.9498635414365
473.9666666668358,548.6939779980777
474.0000000001692,582.9638088255624
474.0333333335025,616.8712275175944
474.0666666668359,648.0190751547425
474.1000000001693,674.0151824708294
474.1333333335026,694.1908591142228
474.166666666836,712.1166169309199
474.2000000001693,732.0030344135944
474.2333333335027,758.0312926509681
474.266666666836,788.9573409941221
474.3000000001694,811.8069005477323
474.3333333335028,812.0749330946154
474.3666666668361,775.3591925625271
474.4000000001695,698.8286452656789
474.4333333335029,601.6736054368124
474.4666666668362,505.5525829792205
474.5000000001696,431.9765779504413
474.5333333335029,391.4040707756725
474.5666666668363,375.7594832324775
474.6000000001696,375.1968963768266
474.633333333503,379.9498777277056
474.6666666668364,384.4663865887711
474.7000000001697,389.4262090674254
474.7333333335031,396.0115587783624
474.7666666668365,405.3579823871427
474.8000000001698,416.7699508273778
474.8333333335032,427.16348065274616
474.8666666668365,433.29397211289086
474.9000000001699,432.0126804891607
474.9333333335032,423.0499262222183
474.9666666668366,409.4485852964178
475.00000000017,394.43462178055086
475.0333333335033,381.1939306294535
475.0666666668367,371.9667760793536
475.1000000001701,368.0342394501196
475.1333333335034,370.6346223360681
475.1666666668368,380.9787853023637
475.2000000001701,399.7582183476233
475.2333333335035,427.20045670609954
475.2666666668368,463.5167219930209
475.3000000001702,508.5031924036287
475.3333333335036,555.5531245764364
475.3666666668369,593.0303707750018
475.4000000001703,609.1634734069105
475.4333333335037,593.3232797770803
475.466666666837,549.4311618584118
475.5000000001704,491.4370841073297
475.5333333335037,433.4894729929446
475.5666666668371,389.2681112579288
475.6000000001704,367.4730872549925
475.6333333335038,373.8010141647108
475.6666666668372,413.90706035175424
475.7000000001705,491.56312480904114
475.7333333335039,593.7129969969337
475.7666666668373,698.447122840794
475.8000000001706,783.7769588709896
475.833333333504,830.0596656481148
475.8666666668373,835.3881305339811
475.9000000001707,805.9635112581452
475.933333333504,748.0287473111729
475.9666666668374,669.250054784638
476.0000000001708,586.4409972956994
476.0333333335041,520.0337530510233
476.0666666668375,490.46946385560153
476.1000000001709,512.1469800923695
476.1333333335042,566.3547871271828
476.1666666668376,623.0982264620394
476.2000000001709,652.3731085021805
476.2333333335043,631.4932457873543
476.2666666668376,572.0191090109466
476.300000000171,495.5208559607034
476.3333333335044,423.5698696579455
476.3666666668377,374.3215215431296
476.4000000001711,352.27596581139653
476.4333333335045,358.52175819004435
476.4666666668378,394.14691076933417
476.5000000001712,455.997942393956
476.5333333335045,526.4463916958837
476.5666666668379,584.7786257072944
476.6000000001712,610.2888556543513
476.6333333335046,591.0647899237345
476.666666666838,540.8402772963163
476.7000000001713,477.9992492407236
476.7333333335047,420.9095906152754
476.766666666838,381.8970213362368
476.8000000001714,358.1957653504365
476.8333333335048,344.7225926360314
476.8666666668381,336.40363410288126
476.9000000001715,329.8322617196277
476.9333333335048,325.1767732530054
476.9666666668382,323.067487653654
477.0000000001716,324.1324218069589
477.0333333335049,328.76662196313725
477.0666666668383,336.9353223459247
477.1000000001716,348.55739555272817
477.133333333505,363.5256681006615
477.1666666668384,380.0565196314057
477.2000000001717,393.70027233766376
477.2333333335051,399.76982744066527
477.2666666668384,393.68275660539
477.3000000001718,375.47629924700425
477.3333333335052,351.5283195631189
477.3666666668385,328.6763988477512
477.4000000001719,313.609131692697
477.4333333335052,308.2608095224952
477.4666666668386,308.93072992109444
477.500000000172,311.5914693915645
477.5333333335053,312.3398137551123
477.5666666668386,310.25150228558897
477.600000000172,307.4507054664335
477.6333333335054,306.19970096601776
477.6666666668388,308.6744945525128
477.7000000001721,315.4502356999528
477.7333333335055,325.68905143037654
477.7666666668388,338.5045471695684
477.8000000001722,352.9652034457683
477.8333333335056,367.4771790462671
477.8666666668389,379.94328457546624
477.9000000001722,388.2537531869056
477.9333333335056,390.404479251617
477.966666666839,385.6390208885754
478.0000000001724,374.0151660094666
478.0333333335057,355.6046963597951
478.0666666668391,331.32205928026826
478.1000000001724,310.19122149540823
478.1333333335058,305.7647635031662
478.1666666668392,331.6446198367532
478.2000000001725,398.3281402715932
478.23333333350587,491.7238681532978
478.2666666668392,586.0417080896912
478.3000000001726,655.4201946300597
478.333333333506,678.0202862651028
478.3666666668393,658.4077747947132
478.4000000001727,611.7972939009284
478.433333333506,553.4329501387176
478.4666666668394,497.10524980908497
478.5000000001728,448.6588110420855
478.5333333335061,411.23684253116926
478.56666666683947,387.9803185983617
478.6000000001728,380.53342950363367
478.6333333335062,383.7099566655594
478.6666666668396,390.3763885458634
478.7000000001729,393.3990782706832
478.7333333335063,387.9647734881618
478.7666666668396,378.1032681010232
478.800000000173,369.9506175762775
478.8333333335064,369.641794668769
478.8666666668397,380.3070971982308
478.90000000017307,395.5122839931457
478.9333333335064,406.9242170828914
478.9666666668398,406.2177995609218
479.0000000001732,389.59467771330657
479.0333333335065,365.3217760229847
479.0666666668399,343.65428951261214
479.1000000001732,334.8208999140984
479.1333333335066,343.33560311744344
479.16666666684,360.9157671759692
479.2000000001733,377.5400770851013
479.23333333350666,383.236661237213
479.26666666684,373.4425159613886
479.3000000001734,353.8041802777714
479.33333333350674,331.1010182777391
479.3666666668401,312.068266668687
479.4000000001735,300.5750916082322
479.4333333335068,295.91788322966534
479.4666666668402,296.98403299620463
479.5000000001736,302.64600642704846
479.5333333335069,311.1413342603987
479.56666666684026,319.8496331618001
479.6000000001736,326.0897277150006
479.633333333507,327.2887710470029
479.66666666684034,324.09796075370434
479.7000000001737,320.86110438819264
479.7333333335071,322.1245924149883
479.7666666668404,332.2304868008257
479.8000000001738,351.0637617193961
479.8333333335072,374.1829858489149
479.8666666668405,396.968543085275
479.90000000017386,414.9237495427711
479.9333333335072,425.5848266162071
479.9666666668406,428.1581892276332
480.00000000017394,421.8997627426716
480.0333333335073,406.3048380072749
480.0666666668407,383.945368857695
480.100000000174,359.527427772048
480.1333333335074,337.8000010971226
480.1666666668408,323.1929428161457
480.2000000001741,316.8881895388533
480.23333333350746,318.1726143180643
480.2666666668408,326.3093996986468
480.3000000001742,340.6666113882631
480.33333333350754,361.46909610789794
480.3666666668409,389.3601548086647
480.4000000001743,424.98592369469645
480.4333333335076,467.8749904356996
480.466666666841,510.1572353573181
480.5000000001744,540.9556024510607
480.5333333335077,549.3843473103116
480.56666666684106,527.7697508950682
480.6000000001744,485.78113748719926
480.6333333335078,438.9148619373183
480.66666666684114,402.6716023050001
480.7000000001745,388.7872821950507
480.7333333335079,392.3659215671585
480.7666666668412,403.9201215270684
480.8000000001746,413.9625400716353
480.833333333508,419.0210510720069
480.8666666668413,437.37578320246274
480.90000000017466,492.2221972065071
480.933333333508,606.7432737805553
480.9666666668414,787.9391345453008
481.00000000017474,994.843945592088
481.0333333335081,1177.6466383611642
481.0666666668415,1286.5983758417658
481.1000000001748,1292.46991553883
481.1333333335082,1216.0773885424112
481.1666666668416,1085.7226048346793
481.2000000001749,929.675255023829
481.23333333350826,771.7421608511085
481.2666666668416,626.7338360099158
481.300000000175,508.37976632364587
481.33333333350834,430.2764821711646
481.3666666668417,396.1324749020296
481.4000000001751,393.1166783894821
481.4333333335084,406.8233869011714
481.4666666668418,422.9720037023117
481.50000000017513,432.9920231055417
481.5333333335085,436.26117428646745
481.56666666684185,432.7453280353275
481.6000000001752,422.4543752965799
481.6333333335086,406.7427889643519
481.66666666684193,388.5249909937901
481.7000000001753,370.8027951788642
481.7333333335087,356.6031551765855
481.766666666842,349.49786468419944
481.8000000001754,353.58563560083354
481.83333333350873,372.986734063936
481.8666666668421,411.20475649765257
481.90000000017545,461.8635419354736
481.9333333335088,510.633268606182
481.9666666668422,542.9583520335844
482.00000000017553,545.6680398619437
482.0333333335089,522.4827027260372
482.0666666668423,488.4086931925993
482.1000000001756,458.6587132945977
482.133333333509,447.6287703431487
482.16666666684233,461.9684043520587
482.2000000001757,504.0508365708853
482.23333333350905,576.2043939156304
482.2666666668424,677.8948402748622
482.30000000017577,787.1531695925938
482.33333333350913,872.2931220990013
482.3666666668425,901.5801917905663
482.4000000001759,850.8098243320723
482.4333333335092,740.7423190514568
482.46666666684257,608.7573672811794
482.50000000017593,492.2613048186096
482.5333333335093,421.4251702259045
482.56666666684265,391.7608764140384
482.600000000176,388.4144358903037
482.63333333350937,396.5299875056057
482.66666666684273,403.9410543609623
482.7000000001761,408.8363226799474
482.7333333335095,411.89641125528334
482.7666666668428,413.8017488098129
482.80000000017617,414.8485189828776
482.83333333350953,414.142647651224
482.8666666668429,410.56028876867697
482.90000000017625,402.9837178686232
482.9333333335096,392.62830439148814
482.96666666684297,386.5490930971725
483.0000000001763,392.6999520081241
483.0333333335097,418.985502313134
483.0666666668431,466.2324470775882
483.1000000001764,520.8738922461529
483.13333333350977,567.5951520508214
483.1666666668431,591.2011578039729
483.2000000001765,585.2015582377863
483.23333333350985,557.5588134205706
483.2666666668432,517.5980945521534
483.30000000017657,474.5833225515143
483.3333333335099,435.1311061047283
483.3666666668433,402.2566448657909
483.4000000001767,378.7173843771882
483.43333333351,367.15013838438256
483.46666666684337,366.77753614440303
483.5000000001767,373.0096131987473
483.5333333335101,381.05578703919593
483.56666666684345,386.28053877095306
483.6000000001768,387.11254909631793
483.63333333351017,384.7891924732408
483.6666666668435,380.6516843383532
483.7000000001769,376.2566216675831
483.7333333335103,376.2658559156056
483.7666666668436,387.6729686599738
483.80000000017696,417.52822691350974
483.8333333335103,472.0653118656586
483.8666666668437,548.6596560716721
483.900000000177,639.2592551163926
483.9333333335104,735.7337314825272
483.96666666684376,829.3898410151345
484.0000000001771,906.8400957536476
484.0333333335105,952.3641095272252
484.06666666684384,950.224590681577
484.1000000001772,889.0939757512676
484.13333333351056,786.3337640740676
484.1666666668439,670.7816347094345
484.2000000001773,571.3055927137304
484.2333333335106,511.4444625092338
484.266666666844,487.4485773018113
484.30000000017736,486.8571560995237
484.3333333335107,497.2056187927293
484.3666666668441,508.16445313751103
484.40000000017744,518.0424928629259
484.4333333335108,527.3329577284536
484.46666666684416,536.5289062332954
484.5000000001775,545.6456154939979
484.5333333335109,553.1695832204244
484.5666666668442,557.2821740604393
484.6000000001776,556.1677528417081
484.63333333351096,549.2638844132236
484.6666666668443,539.1943399152423
484.7000000001777,529.0817764655903
484.73333333351104,522.0348009930989
484.7666666668444,519.1435954624369
484.80000000017776,517.3941689477791
484.8333333335111,513.2742366455036
484.8666666668445,503.3237128888954
484.9000000001778,487.72002984325707
484.9333333335112,472.5904562507524
484.96666666684456,464.6123206800177
485.0000000001779,470.3212246708936
485.0333333335113,490.527986887053
485.06666666684464,518.4798154906955
485.100000000178,546.9054581738068
485.13333333351136,568.6821850904688
485.1666666668447,580.5532825890793
485.2000000001781,583.3959216158066
485.2333333335114,578.2894446447291
485.2666666668448,566.7079210351508
485.30000000017816,557.2131774258739
485.3333333335115,564.4986246716893
485.3666666668449,603.45990607739
485.40000000017824,686.9511377963566
485.4333333335116,801.3546162007925
485.46666666684496,914.5765070153514
485.5000000001783,994.1456941177252
485.5333333335117,1010.8677943552158
485.566666666845,967.2067398234016
485.6000000001784,883.3605877443202
485.63333333351176,779.7226090872889
485.6666666668451,675.9615268704794
485.7000000001785,586.4184324985606
485.73333333351184,523.0571710676423
485.7666666668452,497.8305998386572
485.80000000017856,519.1628257342118
485.8333333335119,575.4626868908849
485.8666666668453,648.0907467312048
485.9000000001786,718.3997043258759
485.933333333512,770.1119782567987
485.96666666684536,797.3915588926338
486.0000000001787,797.2774541362502
486.0333333335121,766.8092091747525
486.06666666684544,706.8511037830904
486.1000000001788,631.3815291754846
486.13333333351216,557.1873163959034
486.1666666668455,501.0448813376148
486.2000000001789,473.6631466448487
486.2333333335122,469.4969473366002
486.2666666668456,480.3079304649778
486.30000000017895,497.86823159644587
486.3333333335123,515.691605979928
486.3666666668457,530.9640025126656
486.40000000017903,541.3367402870848
486.4333333335124,544.4883277696905
486.46666666684575,540.1140054504705
486.5000000001791,531.2793255528296
486.5333333335125,521.3703312611764
486.5666666668458,513.7855573870104
486.6000000001792,512.4369197350883
486.63333333351255,521.919759019276
486.6666666668459,546.8767913837574
486.7000000001793,591.6225231251098
486.73333333351263,652.0224446255198
486.766666666846,714.9604320295456
486.80000000017935,766.8855071740937
486.8333333335127,795.3017595860628
486.8666666668461,806.0787974396648
486.9000000001794,820.6710584768713
486.9333333335128,861.0272070052664
486.96666666684615,947.2280715210676
487.0000000001795,1076.2372783683002
487.03333333351287,1229.4094013112813
487.06666666684623,1387.805791404858
487.1000000001796,1532.1185541317805
487.13333333351295,1639.6796266095869
487.1666666668463,1686.0267511190948
487.20000000017967,1646.6808195260633
487.233333333513,1504.4194991082843
487.2666666668464,1291.6573776157372
487.30000000017975,1061.5839536290378
487.3333333335131,867.4590003997165
487.36666666684647,752.4611678000624
487.40000000017983,707.2475092321034
487.4333333335132,705.4256230065811
487.46666666684655,720.5941519996567
487.5000000001799,733.8592006149718
487.53333333351327,756.2912317842969
487.5666666668466,806.4354618631811
487.60000000018,902.833530415963
487.63333333351335,1057.6055065031492
487.6666666668467,1263.198706265107
487.70000000018007,1508.305965138013
487.73333333351343,1781.5725736990971
487.7666666668468,2058.2219156411315
487.80000000018015,2281.6948103320383
487.8333333335135,2390.831859836997
487.86666666684687,2324.979486785995
487.9000000001802,2074.76404766021
487.9333333335136,1725.4690871840685
487.96666666684695,1372.595028302578
488.0000000001803,1110.5671451683595
488.03333333351367,979.6838940529252
488.066666666847,941.82763416394
488.1000000001804,952.7374808157304
488.13333333351375,969.1127369802252
488.1666666668471,976.0427475910292
488.20000000018047,991.0266894872076
488.2333333335138,1033.3323072118628
488.2666666668472,1120.8410871478457
488.30000000018055,1244.8573379327331
488.3333333335139,1372.759577293685
488.36666666684727,1471.072178886509
488.4000000001806,1508.3088039500335
488.433333333514,1479.3106903441137
488.46666666684735,1397.560125520364
488.5000000001807,1276.9337050541176
488.53333333351407,1131.591130812517
488.5666666668474,978.3864242612248
488.6000000001808,835.6649406574625
488.6333333335141,721.7878288421172
488.6666666668475,651.804943737222
488.70000000018086,617.4990174953415
488.7333333335142,600.6780753429324
488.7666666668476,583.1120357290278
488.80000000018094,552.629528746649
488.8333333335143,528.9897197673158
488.86666666684766,542.4328599621388
488.900000000181,623.2053862061105
488.9333333335144,792.2307312895629
488.9666666668477,1033.324505991037
489.0000000001811,1321.0711869501167
489.03333333351446,1630.0507109240064
489.0666666668478,1927.9513355457243
489.1000000001812,2161.694374835301
489.13333333351454,2274.305181648672
489.1666666668479,2208.9797306476107
489.20000000018126,1950.5985446294237
489.2333333335146,1579.911038246409
489.266666666848,1191.094305755066
489.3000000001813,877.8210727200379
489.3333333335147,689.0243192908493
489.36666666684806,594.3638692383136
489.4000000001814,555.3717846971668
489.4333333335148,533.9822146349541
489.46666666684814,509.9488915301269
489.5000000001815,487.5260091173734
489.53333333351486,472.7486301910553
489.5666666668482,471.29846016010725
489.6000000001816,479.6328032791847
489.6333333335149,484.3304180987822
489.6666666668483,471.4856843305795
489.70000000018166,429.2442908774713
489.733333333515,380.4916510134642
489.7666666668484,377.089164297211
489.80000000018174,471.78488575534806
489.8333333335151,709.8797225722118
489.86666666684846,1049.7590564658592
489.9000000001818,1393.5707072891005
489.9333333335152,1642.517850397707
489.9666666668485,1709.9411795703588
490.0000000001819,1610.649888680333
490.03333333351526,1409.9811332125662
490.0666666668486,1173.6410261227954
490.100000000182,960.9020673087329
490.13333333351534,791.5776244076446
490.1666666668487,670.5291967592885
490.20000000018206,602.5899242284145
490.2333333335154,588.2857203960721
490.2666666668488,608.5123001629476
490.3000000001821,638.576123790099
490.3333333335155,653.7842875106137
490.36666666684886,637.0076129977908
490.4000000001822,596.8287959809311
490.4333333335156,547.2889973893176
490.46666666684894,502.4184946546212
490.5000000001823,471.6080929350081
490.53333333351566,452.4128365181514
490.566666666849,440.527686602514
490.6000000001824,431.6638096074933
490.6333333335157,423.4664035944725
490.6666666668491,417.3225149066437
490.70000000018246,415.0471113255285
490.7333333335158,418.4324289909747
490.7666666668492,428.06156019727456
490.80000000018254,442.7273737513911
490.8333333335159,461.0781511054389
490.86666666684926,481.7403747277387
490.9000000001826,502.6987588986694
490.933333333516,521.2069555785612
490.9666666668493,534.4788638558065
491.0000000001827,539.90166972423
491.03333333351605,538.0466777589859
491.0666666668494,532.2789705847315
491.1000000001828,526.058430815801
491.1333333335161,522.8812518785151
491.1666666668495,526.6914615401623
491.20000000018285,541.7347147032044
491.2333333335162,572.2622961356591
491.2666666668496,620.8972006564265
491.3000000001829,676.155407940028
491.3333333335163,719.3168042609724
491.36666666684965,731.6022898415738
491.400000000183,698.435013860071
491.4333333335164,631.534712784234
491.4666666668497,552.772183262417
491.5000000001831,484.03989990948384
491.53333333351645,442.99388413648506
491.5666666668498,427.85616552572753
491.6000000001832,431.279522469558
491.6333333335165,445.9167481581853
491.6666666668499,467.5337056402223
491.70000000018325,502.4118780191778
491.7333333335166,559.0508413629765
491.76666666685,645.9616126356018
491.8000000001833,776.0324166531991
491.8333333335167,973.1148350131384
491.8666666668501,1262.7491293033204
491.9000000001834,1670.0514235015846
491.9333333335168,2174.486867872154
491.9666666668501,2669.75639119806
492.0000000001835,3040.0997544660204
492.0333333335169,3171.4504711508507
492.0666666668502,3031.2548052092634
492.1000000001836,2702.924480828197
492.1333333335169,2278.72509185329
492.1666666668503,1849.5536060290556
492.2000000001837,1469.8041771118362
492.233333333517,1154.3372876654453
492.2666666668504,916.0374134926676
492.3000000001837,766.4292588082344
492.3333333335171,694.4139088196541
492.3666666668505,670.2331331731893
492.4000000001838,663.5710263865925
492.4333333335172,646.0913154096
492.4666666668505,611.5128366676174
492.5000000001839,567.3414070367126
492.5333333335173,521.293555273815
492.5666666668506,480.9481085987216
492.600000000184,452.81093761643655
492.6333333335173,442.8845042763717
492.6666666668507,457.1683717257936
492.7000000001841,498.570874674647
492.7333333335174,552.7203255357601
492.7666666668508,599.2435453278152
492.8000000001841,617.7613781327791
492.8333333335175,595.8720280701717
492.8666666668509,553.5415688740754
492.9000000001842,518.9442907642034
492.9333333335176,520.2403242986798
492.9666666668509,567.6455426858437
493.0000000001843,618.321589332418
493.0333333335177,619.672001924907
493.066666666851,519.4646837327994
493.1000000001844,334.8867541706318
493.1333333335177,234.33115806759548
493.1666666668511,406.0918888744423
493.2000000001845,1035.868047550102
493.2333333335178,2132.187754920284
493.2666666668512,3415.846323270731
493.3000000001845,4581.288542259686
493.3333333335179,5328.1492679734
493.3666666668512,5532.248901000527
493.4000000001846,5284.492001239888
493.433333333518,4688.850102179232
493.4666666668513,3850.216588250965
493.5000000001847,2891.824723916693
493.5333333335181,1953.785548581729
493.5666666668514,1176.8388987093122
493.6000000001848,691.1960980661069
493.6333333335181,492.2536473027694
493.6666666668515,482.1447857724138
493.7000000001848,561.1398858519125
493.7333333335182,636.8728125372113
493.7666666668516,681.174910394031
493.8000000001849,698.9781558387265
493.8333333335183,695.4894527510012
493.8666666668517,675.9166329938563
493.900000000185,645.4732228401954
493.9333333335184,609.3749072855856
493.9666666668517,572.8373754324335
494.0000000001851,540.1982908376223
494.0333333335184,511.9393503989444
494.0666666668518,487.4840399394963
494.1000000001852,466.2558721309891
494.1333333335185,447.8195502964424
494.1666666668519,432.18571732752673
494.2000000001853,419.45284238387774
494.2333333335186,409.7182294383717
494.266666666852,402.7975565534488
494.3000000001853,397.86024676258654
494.3333333335187,393.9854356805989
494.366666666852,390.26430538710434
494.4000000001854,386.7110871601465
494.4333333335188,384.8995852151136
494.4666666668521,386.5540387003868
494.5000000001855,393.33312520716686
494.5333333335189,404.5300021572984
494.5666666668522,416.4668977527523
494.6000000001856,425.2774224204374
494.6333333335189,427.2802898336592
494.6666666668523,422.5921199387034
494.7000000001856,414.8884641378921
494.733333333519,407.9821188256124
494.7666666668524,405.47109494842334
494.8000000001857,408.171553327399
494.8333333335191,414.9596229598985
494.8666666668525,424.67189691622593
494.9000000001858,436.05169685109183
494.9333333335192,447.03147335919255
494.9666666668525,455.12656099887664
495.0000000001859,457.84885889749125
495.0333333335192,453.25931320036216
495.0666666668526,442.7388545891121
495.100000000186,428.9099406560292
495.1333333335193,414.397186035689
495.1666666668527,402.0635358081851
495.2000000001861,395.7918045747032
495.2333333335194,399.73755640546
495.2666666668528,418.0535618925374
495.3000000001861,450.1920654041962
495.3333333335195,481.2963481722282
495.3666666668528,493.7968047625019
495.4000000001862,470.2325975681256
495.4333333335196,414.4234123647576
495.4666666668529,376.823669650569
495.5000000001863,414.06887066417073
495.5333333335197,582.3046968023525
495.566666666853,905.6224681191584
495.6000000001864,1356.8329814686583
495.6333333335197,1904.143815775639
495.6666666668531,2514.347129207139
495.7000000001864,3109.579696134868
495.7333333335198,3559.342854783399
495.7666666668532,3730.112975384208
495.8000000001865,3497.688238039233
495.8333333335199,2907.0321945091105
495.8666666668532,2150.4083924509823
495.9000000001866,1425.002837085325
495.93333333352,914.6071564229086
495.9666666668533,648.8443989385614
496.0000000001867,558.600909778009
496.03333333352,573.1497739715653
496.0666666668534,626.1479094064111
496.1000000001868,685.1217024358568
496.1333333335201,733.372943348935
496.1666666668535,754.2915134521171
496.2000000001868,735.3049341438995
496.2333333335202,685.4468084534228
496.2666666668536,620.9477882422004
496.3000000001869,558.043416337948
496.3333333335203,509.9896702224013
496.3666666668536,478.8586681077792
496.400000000187,464.0989816946212
496.4333333335204,465.1561770104768
496.4666666668537,479.8448597199853
496.5000000001871,501.6565169412397
496.5333333335204,523.3744380353834
496.5666666668538,537.8150112191457
496.6000000001872,541.5023622558673
496.6333333335205,538.0070229838576
496.6666666668538,531.6879490471199
496.7000000001872,526.8462800838441
496.7333333335206,525.1957714330821
496.766666666854,524.8781188239437
496.8000000001873,523.773823851611
496.8333333335207,519.8364557013392
496.866666666854,512.7292957491222
496.9000000001874,503.8416948580978
496.9333333335208,494.6393430337381
496.9666666668541,486.5233148601994
497.0000000001874,479.98732920607375
497.0333333335208,474.855845290722
497.0666666668542,470.9377132625153
497.1000000001876,468.1658077492645
497.1333333335209,467.6024141214221
497.1666666668543,470.91321361080594
497.2000000001876,479.76956513431753
497.233333333521,495.277817765229
497.2666666668544,515.0587688615639
497.3000000001877,535.4053437624264
497.33333333352107,552.6078596553973
497.3666666668544,563.5542306069137
497.4000000001878,567.682561955912
497.4333333335212,565.1110929030002
497.4666666668545,555.9584905340225
497.5000000001879,540.9020910349742
497.5333333335212,522.2790352013913
497.5666666668546,502.73329670163145
497.600000000188,484.9198762197578
497.6333333335213,473.2870905836488
497.66666666685467,476.0452804800128
497.700000000188,501.87870591835184
497.7333333335214,559.1300522920387
497.7666666668548,637.211387610465
497.8000000001881,697.0578691866608
497.8333333335215,697.2534698093547
497.8666666668548,599.5603543317558
497.9000000001882,451.3436483354932
497.9333333335216,393.1548722467404
497.9666666668549,570.2438517946192
498.00000000018827,1114.128396241753
498.0333333335216,1943.1928658079817
498.066666666855,2807.741987133336
498.10000000018834,3453.518836295886
498.1333333335217,3652.007843652734
498.1666666668551,3427.3032543702493
498.2000000001884,2946.756152625926
498.2333333335218,2379.3574887168907
498.2666666668552,1877.1408669468265
498.3000000001885,1481.331673882569
498.33333333352186,1188.6521753385869
498.3666666668552,995.704320155652
498.4000000001886,894.7196237064398
498.43333333352194,858.421302544209
498.4666666668553,854.0914696524742
498.5000000001887,849.0173239219657
498.533333333522,820.3543868899685
498.5666666668554,775.5817178926758
498.6000000001888,727.9836517602408
498.6333333335221,690.7977265725376
498.66666666685546,668.9127625611766
498.7000000001888,649.3090634960485
498.7333333335222,616.6513856089887
498.76666666685554,556.1524363650404
498.8000000001889,484.3700794477788
498.8333333335223,465.58621071729897
498.8666666668556,568.0890158463685
498.900000000189,857.1247889026752
498.9333333335224,1315.5762826935827
498.9666666668557,1836.4212005629297
499.00000000018906,2308.083422424076
499.0333333335224,2623.3515806386563
499.0666666668558,2742.100846192774
499.10000000018914,2676.773896826544
499.1333333335225,2441.220105547826
499.1666666668559,2054.107733582941
499.2000000001892,1580.4422094788672
499.2333333335226,1111.0882448444524
499.266666666856,737.1917813690238
499.3000000001893,534.0649520985364
499.33333333352266,476.55255973966086
499.366666666856,500.2191559091464
499.4000000001894,540.5385725465917
499.43333333352274,546.4401314009945
499.4666666668561,524.6327211942886
499.5000000001895,497.33120813511016
499.5333333335228,486.74172021858016
499.5666666668562,504.6796528017849
499.6000000001896,532.5274691661192
499.6333333335229,546.1251226311489
499.66666666685626,521.5571909970162
499.7000000001896,469.8286823230968
499.733333333523,472.8341065854281
499.76666666685634,621.0580217001975
499.8000000001897,1002.6857203257516
499.8333333335231,1593.6622445572943
499.8666666668564,2209.326847320076
499.9000000001898,2652.655409471386
499.9333333335232,2734.219573941155
499.9666666668565,2444.9470749494567
500.00000000018986,1959.3196676211053
500.0333333335232,1460.0545170130383
500.0666666668566,1119.4096184584348
500.10000000018994,966.8753780763824
500.1333333335233,928.6650033016822
500.1666666668567,928.6911145220282
500.20000000019,897.8320602736267
500.2333333335234,826.7251367630511
500.2666666668568,736.4127649431157
500.3000000001901,648.1779747018911
500.33333333352346,581.3920166529062
500.3666666668568,544.6174646545435
500.4000000001902,542.6223322989784
500.43333333352354,580.1705165824546
500.4666666668569,664.874491103081
500.5000000001903,815.1697735035384
500.5333333335236,1052.0619184358634
500.566666666857,1396.4757079965457
500.60000000019033,1832.758853960896
500.6333333335237,2251.0158794346557
500.66666666685705,2526.379191712525
500.7000000001904,2534.979297528276
500.7333333335238,2242.951434806375
500.76666666685713,1776.7337250596995
500.8000000001905,1279.3078002620905
500.8333333335239,891.3572871144363
500.8666666668572,671.5053577069231
500.9000000001906,575.8030285070018
500.93333333352393,553.8368499596726
500.9666666668573,556.424873784578
501.00000000019065,557.2154851282468
501.033333333524,549.9972059370435
501.0666666668574,529.249367491084
501.10000000019073,492.28964238988215
501.1333333335241,467.6785137145371
501.1666666668575,503.3308272051464
501.2000000001908,647.449799000143
501.2333333335242,935.9067511264714
501.26666666685753,1317.9979317525683
501.3000000001909,1705.9334914836177
501.33333333352425,2011.7824462609096
501.3666666668576,2165.1692841693184
501.40000000019097,2177.131744506349
501.43333333352433,2082.2907393382184
501.4666666668577,1915.268326888014
501.5000000001911,1708.085792716887
501.5333333335244,1484.710114256143
501.56666666685777,1267.5538293406812
501.60000000019113,1078.9783579640375
501.6333333335245,932.9729921614546
501.66666666685785,825.9335760774381
501.7000000001912,752.0351259533667
501.73333333352457,705.5496448944151
501.76666666685793,685.6725846808832
501.8000000001913,698.7559251317632
501.8333333335247,751.7149266028963
501.866666666858,850.4026377034551
501.90000000019137,975.5267256458578
501.93333333352473,1082.2460010173545
501.9666666668581,1124.5763612028547
502.00000000019145,1061.5321151084277
502.0333333335248,918.5100128083244
502.06666666685817,768.0224667007336
502.1000000001915,683.5844119778202
502.1333333335249,727.4474356954557
502.1666666668583,869.5285697820557
502.2000000001916,1034.514169818245
502.23333333352497,1146.7805477473566
502.2666666668583,1147.4554722820783
502.3000000001917,1066.67371826588
502.33333333352505,964.0171293636088
502.3666666668584,899.0848514276083
502.40000000019177,911.276567185165
502.4333333335251,969.1711476198408
502.4666666668585,1025.8351280655183
502.5000000001919,1034.417764329421
502.5333333335252,970.1923274844702
502.56666666685857,860.2629851086238
502.6000000001919,739.1463478326292
502.6333333335253,641.0832332935034
502.66666666685865,582.2937535171613
502.700000000192,550.1842449274776
502.73333333352537,529.5764478306764
502.7666666668587,505.7157365022583
502.8000000001921,475.6243098220552
502.8333333335255,449.3554870862724
502.8666666668588,437.6378864848942
502.90000000019216,450.36312394142817
502.9333333335255,484.9562890565141
502.9666666668589,529.2750421488906
503.0000000001922,570.9326240623201
503.0333333335256,598.5216592900483
503.06666666685896,609.4038479330642
503.1000000001923,605.561947194157
503.1333333335257,589.0201813191482
503.16666666685904,561.5259107681018
503.2000000001924,523.2459205178557
503.23333333352576,473.7869859353479
503.2666666668591,412.7553105669692
503.3000000001925,346.6129825295235
503.3333333335258,307.37070339901413
503.3666666668592,332.98923484436864
503.40000000019256,461.35058939233227
503.4333333335259,703.0704513192212
503.4666666668593,1001.6689506552076
503.50000000019264,1290.530757560936
503.533333333526,1503.4781810605195
503.56666666685936,1606.2382264910368
503.6000000001927,1617.5430535625103
503.6333333335261,1561.1265241040185
503.6666666668594,1460.761197121444
503.7000000001928,1341.3592966399156
503.73333333352616,1229.1315155564794
503.7666666668595,1150.3591742440587
503.8000000001929,1129.492712264978
503.83333333352624,1162.8179897494276
503.8666666668596,1224.5394640819468
503.90000000019296,1288.2699734555104
503.9333333335263,1330.3236104774642
503.9666666668597,1351.6152384494333
504.000000000193,1366.2038089416997
504.0333333335264,1388.271984060831
504.06666666685976,1427.3359030939316
504.1000000001931,1466.1091810944893
504.1333333335265,1477.7545267015992
504.16666666685984,1435.4231005956417
504.2000000001932,1323.2500717292871
504.23333333352656,1166.1680623631844
504.2666666668599,998.5797202434404
504.3000000001933,854.8478304296908
504.3333333335266,756.399917125819
504.36666666686,693.2087764754183
504.40000000019336,650.5576715777287
504.4333333335267,613.8283485563878
504.4666666668601,575.1887680561329
504.50000000019344,537.8635724436933
504.5333333335268,506.09430619555343
504.56666666686016,483.97332375117935
504.6000000001935,471.42726059898
504.6333333335269,463.7629454555196
504.6666666668602,456.0468945677002
504.7000000001936,443.8537008593219
504.73333333352696,430.169497160274
504.7666666668603,423.5898016778648
504.8000000001937,432.8489859713715
504.83333333352704,464.97343113881647
504.8666666668604,512.2704817357509
504.90000000019376,559.5305256924707
504.9333333335271,591.4836476009511
504.9666666668605,596.0776851419929
505.0000000001938,578.6672772342233
505.0333333335272,550.4661150416406
505.06666666686056,522.6920521626157
505.1000000001939,503.7634844076839
505.1333333335273,492.3808011504193
505.16666666686064,485.1370643360443
505.200000000194,478.6299322775805
505.23333333352736,470.4936296048055
505.2666666668607,460.70638323564447
505.3000000001941,449.5684850541251
505.3333333335274,437.3923971885086
505.3666666668608,425.1700555120104
505.40000000019415,414.91839624126095
505.4333333335275,408.7393139384371
505.4666666668609,408.6456405999265
505.50000000019423,414.5250985860215
505.5333333335276,424.09681241593296
505.56666666686095,434.9821452831955
505.6000000001943,444.9046277836886
505.6333333335277,452.89134261593694
505.666666666861,458.868869983733
505.7000000001944,462.7816432957234
505.73333333352775,464.4788675881677
505.7666666668611,463.0852973792189
505.8000000001945,457.3927247663029
505.83333333352783,446.1911858710807
505.8666666668612,429.1552182834414
505.90000000019455,410.1830005837482
505.9333333335279,394.4320019696672
505.9666666668613,387.0582239287715
506.0000000001946,390.3701834692847
506.033333333528,398.0037370367661
506.06666666686135,401.9495607031236
506.1000000001947,394.25963098561976
506.13333333352807,374.9859941151587
506.16666666686143,360.0417365572978
506.2000000001948,367.2082833986422
506.23333333352815,413.9540144953913
506.2666666668615,505.1257429513888
506.30000000019487,628.9080707000508
506.3333333335282,772.3448338529629
506.3666666668616,922.027968189896
506.40000000019495,1056.0872022429455
506.4333333335283,1145.141548653781
506.46666666686167,1159.549267143329
506.50000000019503,1074.1369777763482
506.5333333335284,910.192526660424
506.56666666686175,716.5650247637469
506.6000000001951,542.4657295683202
506.63333333352847,430.2215231925232
506.6666666668618,378.8073698564318
506.7000000001952,370.3664538285665
506.73333333352855,387.00470430234816
506.7666666668619,413.1098057001916
506.80000000019527,442.0931485404024
506.8333333335286,469.5965128680117
506.866666666862,491.2658253656261
506.90000000019535,504.3797133237374
506.9333333335287,510.3264676725608
506.96666666686207,511.1308398407081
507.0000000001954,508.8024447679553
507.0333333335288,504.2809393790678
507.06666666686215,496.7471653029298
507.1000000001955,485.2182956665652
507.13333333352887,468.7887647568367
507.1666666668622,448.6508756879561
507.2000000001956,428.2902421990297
507.23333333352895,411.30892479606007
507.2666666668623,401.116150178895
507.30000000019567,398.46045242973855
507.333333333529,402.1513100832696
507.3666666668624,410.95423937871567
507.40000000019575,423.4223812750244
507.4333333335291,436.41311824398525
507.46666666686247,445.9714474604958
507.5000000001958,448.13726873094697
507.5333333335292,440.1198288810633
507.56666666686255,424.8688803381151
507.6000000001959,407.0928549327995
507.63333333352927,391.5005136659757
507.6666666668626,382.5624370733853
507.700000000196,384.01644270312414
507.7333333335293,399.4598905265464
507.7666666668627,432.4470221144245
507.80000000019606,481.0364433966993
507.8333333335294,532.4603551780643
507.8666666668628,572.6854419139654
507.90000000019614,588.0189654969824
507.9333333335295,577.857792699961
507.96666666686286,558.5161819101332
508.0000000001962,547.4303530939577
508.0333333335296,561.0301742602626
508.0666666668629,597.9782780836678
508.1000000001963,641.726777426695
508.13333333352966,675.236648840752
508.166666666863,683.2427526141211
508.2000000001964,667.7149004443689
508.23333333352974,640.3203962013498
508.2666666668631,612.8348171076941
508.30000000019646,594.9916757317586
508.3333333335298,584.6341366413486
508.3666666668632,575.3133120391059
508.4000000001965,560.5746739991821
508.4333333335299,538.182725064903
508.46666666686326,521.1058608809612
508.5000000001966,525.736081956498
508.53333333353,568.4070138556478
508.56666666686334,652.1045614481552
508.6000000001967,749.5418672946574
508.63333333353006,829.258581311413
508.6666666668634,860.1789317090048
508.7000000001968,831.2175123162239
508.7333333335301,760.6197478131926
508.7666666668635,668.9702405033847
508.80000000019686,576.4670820685517
508.8333333335302,494.9824193656408
508.8666666668636,428.3641296010823
508.90000000019694,380.1339401571547
508.9333333335303,353.2167159762748
508.96666666686366,343.7997722777121
509.000000000197,343.8171845433293
509.0333333335304,345.1362285258599
509.0666666668637,340.7030418992638
509.1000000001971,330.5782933379855
509.13333333353046,317.7038030180045
509.1666666668638,305.02955276414434
509.2000000001972,295.02839262241866
509.23333333353054,288.2499860255036
509.2666666668639,284.7595067720734
509.30000000019726,284.621995303078
509.3333333335306,287.8517431030214
509.366666666864,294.3360505358179
509.4000000001973,303.94267736379845
509.4333333335307,316.5240649754919
509.46666666686406,330.9328550846157
509.5000000001974,344.423726937826
509.5333333335308,354.10809960053933
509.56666666686414,357.2591742881089
509.6000000001975,355.1519492440495
509.63333333353086,353.2257346604481
509.6666666668642,357.1141420102836
509.7000000001976,371.88597722735335
509.7333333335309,395.5801705932484
509.7666666668643,421.4697304117168
509.80000000019766,442.737203291696
509.833333333531,453.3388260796397
509.8666666668644,452.7367558653106
509.90000000019774,442.780287924039
509.9333333335311,425.3283537482253
509.96666666686446,402.5189051786352
510.0000000001978,377.6892354997559
510.0333333335312,354.49881804864
510.0666666668645,336.603752481264
510.1000000001979,325.8727835304966
510.13333333353125,319.4550693467423
510.1666666668646,313.7298023156689
510.200000000198,305.12227873823906
510.2333333335313,293.4639661157173
510.2666666668647,284.27098483333145
510.30000000019805,283.5990730504452
510.3333333335314,297.2881685271384
510.3666666668648,325.47605301031973
510.4000000001981,362.15498159716657
510.4333333335315,401.0125789672032
510.46666666686485,435.94467586462616
510.5000000001982,463.5450301985035
510.5333333335316,482.2895397268112
510.5666666668649,490.6924904205775
510.6000000001983,487.59765841228017
510.63333333353165,474.2551717629807
510.666666666865,452.98253050775065
510.7000000001984,426.1020348228587
510.7333333335317,396.37867440812687
510.7666666668651,368.5116905517975
510.80000000019845,347.728465396709
510.8333333335318,339.25055091621937
510.8666666668652,345.0396761532953
510.9000000001985,358.3806306675013
510.9333333335319,371.1303559185976
510.9666666668653,375.2124532920355
511.0000000001986,367.4799782190732
511.033333333532,353.01549809803595
511.0666666668653,337.68309369359423
511.1000000001987,327.2252106879857
511.1333333335321,324.2107224885862
511.1666666668654,327.81084417745785
511.2000000001988,337.0302731323682
511.2333333335321,350.73622128665835
511.2666666668655,366.0488685678234
511.3000000001989,378.88636538816
511.3333333335322,385.1431769462414
511.3666666668656,381.4840383698215
511.4000000001989,370.0592919080095
511.4333333335323,355.3991561029509
511.4666666668657,342.04348661709264
511.500000000199,333.53494197438795
511.5333333335324,329.1949770373071
511.5666666668657,327.2282959946207
511.6000000001991,325.8402022493861
511.6333333335325,323.50160407983384
511.6666666668658,319.3640572091055
511.7000000001992,312.68661354493554
511.7333333335325,302.77508454027134
511.7666666668659,291.9948017898578
511.8000000001993,287.6054400124776
511.8333333335326,297.30598398034806
511.866666666866,328.33197895861326
511.9000000001993,376.8699347101985
511.9333333335327,427.8362573271649
511.9666666668661,465.6396943212636
512.0000000001994,476.14954877631607
512.0333333335327,462.39674922283086
512.066666666866,438.5715996982989
512.1000000001993,419.0543583421082
512.1333333335326,416.04618615901126
512.1666666668659,427.359263552651
512.2000000001992,444.9717325593255
512.2333333335325,460.8450989849166
512.2666666668658,468.6349037410823
512.3000000001991,468.6182457813765
512.3333333335324,462.6898456073487
512.3666666668657,452.7438750958719
512.400000000199,440.5228908930933
512.4333333335323,427.4119319725722
512.4666666668656,414.7445325315845
512.500000000199,403.8414344067311
512.5333333335323,395.3562456600204
512.5666666668656,388.9624568170552
512.6000000001989,384.255250917445
512.6333333335322,380.8418803491611
512.6666666668655,378.5749408550306
512.7000000001988,377.5356884848266
512.7333333335321,377.8141068391732
512.7666666668654,379.42022422927386
512.8000000001987,381.5414623929914
512.833333333532,382.8812299828368
512.8666666668653,382.1367293113738
512.9000000001986,378.3639721419075
512.9333333335319,372.7116125816476
512.9666666668652,367.0848407093546
513.0000000001985,363.3898558303704
513.0333333335318,363.3053284202771
513.0666666668651,367.72696659401146
513.1000000001984,377.3821903625352
513.1333333335317,392.9907525856586
513.166666666865,414.074099374795
513.2000000001983,437.6644515671452
513.2333333335316,460.4840575255322
513.2666666668649,479.28145149773553
513.3000000001982,491.8186313251916
513.3333333335315,497.1692807751442
513.3666666668648,494.4942607080456
513.4000000001981,483.1352611384672
513.4333333335314,465.3949024492463
513.4666666668647,445.99313599711513
513.500000000198,429.7206182582673
513.5333333335313,420.6693666034873
513.5666666668646,416.93684429296746
513.600000000198,413.570115517744
513.6333333335313,405.59209390918886
513.6666666668646,391.1939799121867
513.7000000001979,384.1447230846612
513.7333333335312,402.9929726648545
513.7666666668645,466.2765976967463
513.8000000001978,579.8820832505519
513.8333333335311,713.0752624686687
513.8666666668644,828.5342887923326
513.9000000001977,889.1821180698996
513.933333333531,879.0437301635478
513.9666666668643,819.1964437456872
514.0000000001976,734.4729327439519
514.0333333335309,649.3077117632446
514.0666666668642,577.2997272021564
514.1000000001975,520.1890762313459
514.1333333335308,479.1125179136034
514.1666666668641,454.88144213410857
514.2000000001974,444.20078913656914
514.2333333335307,440.9637275615893
514.266666666864,439.00869286334006
514.3000000001973,433.3732579647629
514.3333333335306,427.3136436309138
514.3666666668639,427.5320624921874
514.4000000001972,440.74249272020455
514.4333333335305,470.56141690471793
514.4666666668638,508.3433037892204
514.5000000001971,542.4087810351834
514.5333333335304,561.1002664917285
514.5666666668637,558.5027360636425
514.600000000197,542.1146825084589
514.6333333335303,521.346507402604
514.6666666668636,505.4953830690106
514.700000000197,498.367455111286
514.7333333335303,495.9326689911842
514.7666666668636,493.56003024911234
514.8000000001969,486.8288754202391
514.8333333335302,475.26006341648497
514.8666666668635,461.8743498175209
514.9000000001968,449.8141048768244
514.9333333335301,442.0976219511286
514.9666666668634,440.57665595879104
515.0000000001967,446.4635167679317
515.03333333353,460.96395486745865
515.0666666668633,484.43569908318966
515.1000000001966,512.775689356411
515.1333333335299,540.4192968357762
515.1666666668632,561.8019804577397
515.2000000001965,572.9359168803013
515.2333333335298,574.6348399868884
515.2666666668631,568.6231895863942
515.3000000001964,556.624747671636
515.3333333335297,540.3001105397885
515.366666666863,521.1951219549526
515.4000000001963,500.84348871581295
515.4333333335296,480.7846001675994
515.4666666668629,462.7185084291969
515.5000000001962,448.52458125222313
515.5333333335295,440.0916136216192
515.5666666668628,439.095964445433
515.6000000001961,444.5068739795713
515.6333333335294,453.4272112997588
515.6666666668627,462.922883104969
515.700000000196,470.4261166522695
515.7333333335293,475.8613264532325
515.7666666668626,480.1909687438461
515.800000000196,484.3809231820583
515.8333333335293,489.0895361245383
515.8666666668626,493.78396201401785
515.9000000001959,497.6429863632072
515.9333333335292,499.8495884099179
515.9666666668625,500.5241709711061
516.0000000001958,501.9029127368602
516.0333333335291,506.5120687399154
516.0666666668624,516.8136240906305
516.1000000001957,532.4747569640843
516.133333333529,549.3507154446326
516.1666666668623,563.022890234503
516.2000000001956,569.4879782771826
516.2333333335289,571.831241020566
516.2666666668622,579.0796251278449
516.3000000001955,600.4437655960969
516.3333333335288,642.4839832384208
516.3666666668621,689.0040690297329
516.4000000001954,712.2211626231906
516.4333333335287,684.2604742012253
516.466666666862,603.5341825883579
516.5000000001953,593.9936598614454
516.5333333335286,817.0244203563641
516.5666666668619,1433.843257390598
516.6000000001952,2487.568191518777
516.6333333335285,3698.273821214818
516.6666666668618,4731.2998872090575
516.7000000001951,5254.994022438004
516.7333333335284,5142.458771815022
516.7666666668617,4598.976783610704
516.800000000195,3860.209248789717
516.8333333335283,3155.7967805089074
516.8666666668616,2579.855183593605
516.900000000195,2092.59353885588
516.9333333335283,1648.523980799586
516.9666666668616,1217.6291852163745
517.0000000001949,933.3707048178824
517.0333333335282,1027.3956861039271
517.0666666668615,1732.6894893005433
517.1000000001948,3203.968894429622
517.1333333335281,5149.398605164282
517.1666666668614,7119.017714894275
517.2000000001947,8662.7160432992
517.233333333528,9445.253943728803
517.2666666668613,9501.789849526109
517.3000000001946,8941.996474383586
517.3333333335279,7875.935433779289
517.3666666668612,6455.451194877502
517.4000000001945,4910.844173412344
517.4333333335278,3481.0641229531675
517.4666666668611,2399.504710987326
517.5000000001944,1738.3258161434765
517.5333333335277,1387.343651660245
517.566666666861,1226.5763237468734
517.6000000001943,1141.0496834203834
517.6333333335276,1079.098923750452
517.6666666668609,1032.4607571869658
517.7000000001942,993.719312912923
517.7333333335275,956.6411205966376
517.7666666668608,922.804487085171
517.8000000001941,896.9565508933375
517.8333333335274,883.8534751467223
517.8666666668607,886.29879548533
517.900000000194,899.8973795362083
517.9333333335273,918.5955790306804
517.9666666668606,936.4016457976248
518.000000000194,957.6840340454986
518.0333333335273,1008.6976303096726
518.0666666668606,1118.47719839678
518.1000000001939,1318.3860986747925
518.1333333335272,1724.0347528452369
518.1666666668605,2556.9745248117874
518.2000000001938,4045.49568148618
518.2333333335271,6381.461348279047
518.2666666668604,9223.605495630069
518.3000000001937,11826.274885280864
518.333333333527,13433.755703452727
518.3666666668603,13408.875067587864
518.4000000001936,11992.499526085136
518.4333333335269,9819.798997828828
518.4666666668602,7527.819743990244
518.5000000001935,5638.970625327211
518.5333333335268,4208.02069759989
518.5666666668601,3170.511644796749
518.6000000001934,2462.0027370252365
518.6333333335267,2022.425303322866
518.66666666686,1801.7983367397735
518.7000000001933,1751.558907777983
518.7333333335266,1822.978020931824
518.7666666668599,1960.1765587879695
518.8000000001932,2097.5642389165937
518.8333333335265,2168.857407712328
518.8666666668598,2111.991601682688
518.9000000001931,1933.710736883855
518.9333333335264,1696.7898936578852
518.9666666668597,1465.6340494962008
519.000000000193,1299.8186004302536
519.0333333335263,1220.1577157049378
519.0666666668596,1228.8152251748302
519.100000000193,1327.8358642425032
519.1333333335263,1508.3325590719264
519.1666666668596,1713.7075397722645
519.2000000001929,1874.3504193299489
519.2333333335262,1920.7558393982051
519.2666666668595,1818.4967641091264
519.3000000001928,1618.8571215652446
519.3333333335261,1385.9675589034068
519.3666666668594,1183.285018679256
519.4000000001927,1041.747285100128
519.433333333526,945.9721117580284
519.4666666668593,877.0346411932749
519.5000000001926,816.6402092187653
519.5333333335259,757.4641717223287
519.5666666668592,701.4910985895041
519.6000000001925,651.0007831760096
519.6333333335258,608.0771877917113
519.6666666668591,573.1612826578106
519.7000000001924,545.8734361842594
519.7333333335257,525.8279565083532
519.766666666859,512.7501805670771
519.8000000001923,506.8666706540065
519.8333333335256,508.5453624622567
519.8666666668589,518.1514863208378
519.9000000001922,535.0070283003726
519.9333333335255,555.8188171734957
519.9666666668588,576.8904983104342
520.0000000001921,594.5376350083006
520.0333333335254,605.677120393736
520.0666666668587,608.0977982873844
520.100000000192,599.6569083197325
520.1333333335253,578.8067751540107
520.1666666668586,554.5555379675974
520.200000000192,544.9745491299733
520.2333333335253,568.4295491222086
520.2666666668586,641.49132474182
520.3000000001919,765.5603611071846
520.3333333335252,934.4137702705874
520.3666666668585,1141.7710533119205
520.4000000001918,1375.69118251621
520.4333333335251,1598.682341857942
520.4666666668584,1766.0467979333132
520.5000000001917,1833.1630448896813
520.533333333525,1783.7914385401928
520.5666666668583,1672.3743952536313
520.6000000001916,1564.1734178727486
520.6333333335249,1523.5464084573728
520.6666666668582,1570.6099034219624
520.7000000001915,1662.0987742699333
520.7333333335248,1749.86045129197
520.7666666668581,1787.9767701927524
520.8000000001914,1769.0461837361331
520.8333333335247,1718.1532288344931
520.866666666858,1661.399768152852
520.9000000001913,1621.082511489985
520.9333333335246,1588.286375677524
520.9666666668579,1538.79957623083
521.0000000001912,1448.3052759685554
521.0333333335245,1300.8313134704476
521.0666666668578,1116.8110827079815
521.1000000001911,926.6034628581637
521.1333333335244,760.532155292734
521.1666666668577,638.3008066910782
521.200000000191,554.1669482498846
521.2333333335243,498.6562000013773
521.2666666668576,462.37762222294526
521.300000000191,439.631034369568
521.3333333335243,429.7866220746653
521.3666666668576,432.5826859013131
521.4000000001909,447.5945171840955
521.4333333335242,471.7893780029204
521.4666666668575,500.03679925005736
521.5000000001908,527.1468814075216
521.5333333335241,548.5379912723325
521.5666666668574,564.297110755586
521.6000000001907,576.673435864082
521.633333333524,587.9279483621663
521.6666666668573,599.5354586583868
521.7000000001906,609.7661651447884
521.7333333335239,616.0738471662155
521.7666666668572,615.916207187355
521.8000000001905,607.5870452212944
521.8333333335238,591.2477480073982
521.8666666668571,567.3127314170341
521.9000000001904,536.2519080733854
521.9333333335237,500.61896601690233
521.966666666857,465.63263192359966
522.0000000001903,436.68559234887374
522.0333333335236,418.7931663420271
522.0666666668569,411.5989587334872
522.1000000001902,410.7476169913777
522.1333333335235,411.78848996675714
522.1666666668568,411.5644965035999
522.2000000001901,415.8892432929695
522.2333333335234,434.37737011306587
522.2666666668567,476.6570886585823
522.30000000019,546.0332155607192
522.3333333335233,622.5286437896254
522.3666666668566,680.8092866732164
522.40000000019,695.7086802291651
522.4333333335233,665.5204013212254
522.4666666668566,635.9187243679336
522.5000000001899,658.2842464274656
522.5333333335232,782.0819507562891
522.5666666668565,998.6646879887076
522.6000000001898,1232.1929088290149
522.6333333335231,1403.0833882224488
522.6666666668564,1438.094955256343
522.7000000001897,1341.3650319615338
522.733333333523,1168.743492910375
522.7666666668563,977.0262352083732
522.8000000001896,816.2062176822463
522.8333333335229,695.0434705450218
522.8666666668562,606.8449653517687
522.9000000001895,544.89058927762
522.9333333335228,502.9797453767628
522.9666666668561,476.5835421142369
523.0000000001894,461.5086786278989
523.0333333335227,453.6557234258464
523.066666666856,457.2728910211909
523.1000000001893,491.4111092220875
523.1333333335226,576.6405345644379
523.1666666668559,731.8993890451042
523.2000000001892,937.5478733299154
523.2333333335225,1134.7793666116152
523.2666666668558,1263.03754504552
523.3000000001891,1268.3042512098673
523.3333333335224,1162.7731644527523
523.3666666668557,997.122104784136
523.400000000189,822.5043741103581
523.4333333335223,682.3857022374787
523.4666666668556,580.7825694978188
523.500000000189,509.092129566334
523.5333333335223,458.7085160345232
523.5666666668556,422.7506180627126
523.6000000001889,399.04054924390255
523.6333333335222,386.1946793911309
523.6666666668555,382.8244545578856
523.7000000001888,387.2639067630626
523.7333333335221,397.42712503327385
523.7666666668554,411.1932237346816
523.8000000001887,426.4198312533896
523.833333333522,440.57849529114486
523.8666666668553,450.8066197664023
523.9000000001886,454.230578012162
523.9333333335219,448.5016676276932
523.9666666668552,435.5625776889918
524.0000000001885,419.4532972556963
524.0333333335218,404.22806220616286
524.0666666668551,393.0889148007041
524.1000000001884,385.6503813991552
524.1333333335217,380.5831055972259
524.166666666855,376.558569254425
524.2000000001883,372.4328094336847
524.2333333335216,367.47656774316175
524.2666666668549,361.0171561353516
524.3000000001882,352.4109918756572
524.3333333335215,342.0671621194297
524.3666666668548,331.7182929910728
524.4000000001881,323.18118170818553
524.4333333335214,318.2023128679578
524.4666666668547,317.58384689856285
524.500000000188,321.4524521351261
524.5333333335213,329.92014968672095
524.5666666668546,342.7078005799892
524.600000000188,357.018919568398
524.6333333335213,369.05995872657496
524.6666666668546,375.0351394202642
524.7000000001879,372.5641752599776
524.7333333335212,363.9991522902373
524.7666666668545,352.67997671103967
524.8000000001878,341.9382200056254
524.8333333335211,334.3206074123222
524.8666666668544,330.9571240378149
524.9000000001877,332.8290493728966
524.933333333521,340.8316031871373
524.9666666668543,353.8237460448562
525.0000000001876,368.5960656485398
525.0333333335209,381.8466667551381
525.0666666668542,390.613141019889
525.1000000001875,395.2982998353928
525.1333333335208,398.22853673419166
525.1666666668541,401.7528174780507
525.2000000001874,407.547086083314
525.2333333335207,413.9623260646461
525.266666666854,418.32454223188137
525.3000000001873,417.9629962974953
525.3333333335206,411.8358936142124
525.3666666668539,403.1082105254398
525.4000000001872,395.6149170662065
525.4333333335205,393.1520731572159
525.4666666668538,397.66606153421424
525.5000000001871,408.4849671648971
525.5333333335204,424.738397472256
525.5666666668537,445.46799079970015
525.600000000187,468.3286469025356
525.6333333335203,489.8705263723916
525.6666666668536,506.61313599297375
525.700000000187,515.5622499452654
525.7333333335202,517.2387072831932
525.7666666668536,513.70851158069
525.8000000001869,507.0443850564556
525.8333333335202,502.3131626480899
525.8666666668535,515.616136308133
525.9000000001868,565.5959683916202
525.9333333335201,670.8866315906515
525.9666666668534,849.0516172893108
526.0000000001867,1115.5650670581076
526.03333333352,1485.6596235086824
526.0666666668533,1972.149762753786
526.1000000001866,2523.383912547576
526.1333333335199,3017.908291043226
526.1666666668532,3330.7816012868834
526.2000000001865,3353.2067837414684
526.2333333335198,3148.2255918899327
526.2666666668531,2882.6588385175423
526.3000000001864,2724.764840938078
526.3333333335197,2809.5040920280326
526.366666666853,3099.010767808847
526.4000000001863,3499.52053511759
526.4333333335196,3917.2534700594974
526.4666666668529,4265.711588022532
526.5000000001862,4477.872739223533
526.5333333335195,4489.936167517314
526.5666666668528,4239.489457939637
526.6000000001861,3733.7046263345055
526.6333333335194,3080.385219163967
526.6666666668527,2395.1986975269588
526.700000000186,1794.780497705661
526.7333333335193,1411.272826059404
526.7666666668526,1389.3008763553398
526.800000000186,1873.8441274101333
526.8333333335192,2962.9961409055973
526.8666666668526,4416.066276603767
526.9000000001859,5843.493474270986
526.9333333335192,6855.078861202409
526.9666666668525,7164.795076493465
527.0000000001858,6865.697339405543
527.0333333335191,6137.045135448149
527.0666666668524,5157.916231317036
527.1000000001857,4086.76112163433
527.133333333519,3042.680839561644
527.1666666668523,2140.353193802529
527.2000000001856,1490.721774931752
527.2333333335189,1111.108008467423
527.2666666668522,920.7008866836112
527.3000000001855,834.0525040380935
527.3333333335188,771.1738312125194
527.3666666668521,706.9104454689667
527.4000000001854,647.7784122794874
527.4333333335187,600.6775767469722
527.466666666852,570.5143282100056
527.5000000001853,552.4761838859057
527.5333333335186,538.7932244204043
527.5666666668519,521.7037427359172
527.6000000001852,496.7513545449694
527.6333333335185,467.7139991355944
527.6666666668518,439.6304836310613
527.7000000001851,417.4633153131916
527.7333333335184,402.99215149137314
527.7666666668517,393.7320946804514
527.800000000185,386.899785265632
527.8333333335183,379.9086062870556
527.8666666668516,372.93736870118494
527.900000000185,368.205998084456
527.9333333335182,367.98209861731146
527.9666666668516,374.1130226910475
528.0000000001849,385.7453791935367
528.0333333335182,400.9574575251768
528.0666666668515,417.825237197647
528.1000000001848,435.4978548933558
528.1333333335181,456.57914679605824
528.1666666668514,484.366775633437
528.2000000001847,522.0857853869484
528.233333333518,567.426097206823
528.2666666668513,608.7420464855938
528.3000000001846,633.4895293832823
528.3333333335179,629.7282003678743
528.3666666668512,597.5526212435386
528.4000000001845,548.1455120713288
528.4333333335178,493.1036028415298
528.4666666668511,443.1250865266878
528.5000000001844,401.3780429118328
528.5333333335177,367.2731221287588
528.566666666851,340.19332351893854
528.6000000001843,319.5522699795483
528.6333333335176,304.889107266932
528.6666666668509,295.77513763821145
528.7000000001842,291.77849550671124
528.7333333335175,291.95614035723685
528.7666666668508,294.29474467464894
528.8000000001841,296.6464558896324
528.8333333335174,296.9130952283135
528.8666666668507,294.42842575162115
528.900000000184,290.1402065830751
528.9333333335173,285.0824450565367
528.9666666668506,280.2512454603602
529.000000000184,276.2316013172481
529.0333333335172,273.3566460282699
529.0666666668506,271.9558772033921
529.1000000001839,272.2938725569976
529.1333333335172,274.3030633291342
529.1666666668505,277.8099389944589
529.2000000001838,282.64011423473465
529.2333333335171,288.25548523169147
529.2666666668504,293.18563894822665
529.3000000001837,295.81288061807265
529.333333333517,294.57277572880884
529.3666666668503,290.1782018359772
529.4000000001836,286.4258857766
529.4333333335169,287.331784465217
529.4666666668502,296.6213014810244
529.5000000001835,313.96606516640264
529.5333333335168,336.0608350633401
529.5666666668501,359.5316565731613
529.6000000001834,381.301849939399
529.6333333335167,400.1587970102848
529.66666666685,415.61079961321855
529.7000000001833,427.1675801469351
529.7333333335166,434.0686207006494
529.7666666668499,434.7182122170637
529.8000000001832,427.3597989076382
529.8333333335165,410.2812236541311
529.8666666668498,384.6731400653453
529.9000000001831,356.36857671626404
529.9333333335164,331.61710260873053
529.9666666668497,316.4763479483823
530.000000000183,313.5812684919329
530.0333333335163,322.61851328721247
530.0666666668496,343.1783285960525
530.100000000183,374.1112540552411
530.1333333335162,408.6780581941042
530.1666666668496,437.585254486357
530.2000000001829,451.5262955954617
530.2333333335162,444.3139545689371
530.2666666668495,421.1821449187733
530.3000000001828,389.9780336983078
530.3333333335161,358.52271345495006
530.3666666668494,331.9401369161862
530.4000000001827,310.34582127822245
530.433333333516,293.3106731307281
530.4666666668493,280.40750041342795
530.5000000001826,271.25208753668954
530.5333333335159,265.5027803036873
530.5666666668492,262.81974284963246
530.6000000001825,262.8068898176704
530.6333333335158,264.5644460444717
530.6666666668491,266.92718425156573
530.7000000001824,268.7274944468951
530.7333333335157,269.00502271482185
530.766666666849,267.6803320854796
530.8000000001823,264.90798985731567
530.8333333335156,260.8443292116866
530.8666666668489,255.94463841032183
530.9000000001822,251.29766984358588
530.9333333335155,248.0729189426942
530.9666666668488,247.3967040332417
531.0000000001821,249.172932010246
531.0333333335154,251.9402303265192
531.0666666668487,254.16536624570548
531.100000000182,254.4755226790085
531.1333333335153,253.1697947093509
531.1666666668486,251.54087241201708
531.200000000182,250.89457200056407
531.2333333335152,252.2060332874977
531.2666666668486,254.85361915482216
531.3000000001819,257.7343506201331
531.3333333335152,259.7475737708417
531.3666666668485,260.48622378455207
531.4000000001818,261.19000785685887
531.4333333335151,263.3376988315537
531.4666666668484,268.36224470497893
531.5000000001817,276.0993510394588
531.533333333515,284.4105339693369
531.5666666668483,291.03503284932043
531.6000000001816,293.93871666933114
531.6333333335149,293.7828178952274
531.6666666668482,292.9968226647967
531.7000000001815,294.04103324101004
531.7333333335148,298.6653156062497
531.7666666668481,304.8042018507237
531.8000000001814,309.1169333061262
531.8333333335147,308.2658681220618
531.866666666848,300.8854773446328
531.9000000001813,290.7574074712674
531.9333333335146,282.4925314797617
531.9666666668479,280.6021926183819
532.0000000001812,285.4285847924327
532.0333333335145,291.7178293355959
532.0666666668478,293.82335939706684
532.1000000001811,286.9906357558984
532.1333333335144,278.30683173408124
532.1666666668477,283.26140805269097
532.200000000181,317.52247933230933
532.2333333335143,392.6582479901466
532.2666666668476,496.26948077078566
532.300000000181,607.2731172703487
532.3333333335142,704.5771528046487
532.3666666668476,769.6795102843123
532.4000000001809,791.36143194036
532.4333333335142,759.6750590707003
532.4666666668475,665.3168042595414
532.5000000001808,530.392881797076
532.5333333335141,421.9305524377587
532.5666666668474,410.412504330488
532.6000000001807,560.196728917327
532.633333333514,847.0936249093222
532.6666666668473,1180.299022580733
532.7000000001806,1467.3823551660162
532.7333333335139,1627.9006654886614
532.7666666668472,1656.036026656103
532.8000000001805,1574.6391537995396
532.8333333335138,1406.622875693807
532.8666666668471,1178.457734037412
532.9000000001804,927.17253660235
532.9333333335137,691.7456495816424
532.966666666847,510.746431047136
533.0000000001803,400.448758728107
533.0333333335136,343.80106631916146
533.0666666668469,321.0244522183337
533.1000000001802,312.9446838145672
533.1333333335135,309.6554892433944
533.1666666668468,308.4994800509389
533.2000000001801,307.0124630450616
533.2333333335134,303.1204285347039
533.2666666668467,297.27839423955925
533.30000000018,290.9496056859433
533.3333333335133,285.5997221061017
533.3666666668466,282.3344287393331
533.40000000018,281.15579086587206
533.4333333335132,281.855088533051
533.4666666668465,284.2183397453638
533.5000000001799,287.7255603901866
533.5333333335132,291.3879694723209
533.5666666668465,294.17709615858314
533.6000000001798,295.11891735870336
533.6333333335131,294.09914321784134
533.6666666668464,291.68912434259823
533.7000000001797,288.4792807611167
533.733333333513,285.5296472929668
533.7666666668463,286.9976401356852
533.8000000001796,298.29520313754614
533.8333333335129,324.8363521911468
533.8666666668462,369.0140756430207
533.9000000001795,423.85775670317247
533.9333333335128,480.5880932666403
533.9666666668461,530.4544411625038
534.0000000001794,566.3949685192857
534.0333333335127,583.9480214835058
534.066666666846,578.8735866993954
534.1000000001793,547.5616671951713
534.1333333335126,496.351006505031
534.1666666668459,439.51489076335656
534.2000000001792,391.5473093682479
534.2333333335125,364.78923696311045
534.2666666668458,357.4625439964292
534.3000000001791,362.1001701489569
534.3333333335124,371.2205568241698
534.3666666668457,379.45508897825135
534.400000000179,387.9137572663386
534.4333333335123,398.9440631383676
534.4666666668456,414.7994966683284
534.5000000001789,432.4058457802152
534.5333333335122,440.60606615307967
534.5666666668455,427.5678867491218
534.6000000001789,383.5563218014703
534.6333333335122,330.98851011148844
534.6666666668455,317.4324578642138
534.7000000001788,391.1266777521773
534.7333333335121,589.578395707483
534.7666666668454,881.9226294333074
534.8000000001787,1210.4614131825906
534.833333333512,1517.4392203269515
534.8666666668453,1752.7697168592872
534.9000000001786,1889.1304344573412
534.9333333335119,1903.40295169534
534.9666666668452,1773.179828699603
535.0000000001785,1512.9225504326937
535.0333333335118,1191.13772828519
535.0666666668451,880.6364903124231
535.1000000001784,650.4044007954371
535.1333333335117,514.1056363264663
535.166666666845,443.7791503414516
535.2000000001783,410.4472332976311
535.2333333335116,388.25713646475634
535.2666666668449,370.26356522410265
535.3000000001782,356.59574452459674
535.3333333335115,347.3952276765165
535.3666666668448,342.7954774960796
535.4000000001781,342.90720112583966
535.4333333335114,347.8371342630677
535.4666666668447,357.65264170888224
535.500000000178,370.6332496455742
535.5333333335113,382.57512978524585
535.5666666668446,389.0912541106509
535.6000000001779,386.1644799460644
535.6333333335112,374.6887401659749
535.6666666668445,359.043031684848
535.7000000001779,343.6804739295095
535.7333333335112,332.40038426506
535.7666666668445,325.3284470842697
535.8000000001778,321.30820468116946
535.8333333335111,319.1824524600933
535.8666666668444,318.0803469021245
535.9000000001777,317.8784852380972
535.933333333511,318.57388748188214
535.9666666668443,320.16544121834465
536.0000000001776,322.72364644148183
536.0333333335109,326.41146181982907
536.0666666668442,331.3979683467468
536.1000000001775,337.8402422437132
536.1333333335108,345.75259207599515
536.1666666668441,355.0556696704612
536.2000000001774,365.6684948365623
536.2333333335107,377.5975184275816
536.266666666844,391.29556183800906
536.3000000001773,407.3575279523987
536.3333333335106,426.375516916011
536.3666666668439,448.1231913111638
536.4000000001772,470.4313760136735
536.4333333335105,490.8489080172613
536.4666666668438,506.9696148269339
536.5000000001771,517.8035197958769
536.5333333335104,524.0280778014767
536.5666666668437,526.4164018329682
536.600000000177,525.8047741387528
536.6333333335103,523.6875501907837
536.6666666668436,521.9500323492986
536.7000000001769,522.4826822941524
536.7333333335102,526.1724405445204
536.7666666668435,529.3500825518807
536.8000000001769,527.0540067990529
536.8333333335102,514.386248284947
536.8666666668435,497.221527346824
536.9000000001768,504.2476648044049
536.9333333335101,567.0582981912291
536.9666666668434,715.3630406235042
537.0000000001767,931.1871294207132
537.03333333351,1146.320617427617
537.0666666668433,1290.1589369941594
537.1000000001766,1300.5171860588937
537.1333333335099,1190.5260454108566
537.1666666668432,1012.9748103981856
537.2000000001765,821.0076953963967
537.2333333335098,658.4464749464403
537.2666666668431,532.2777878416285
537.3000000001764,440.3917625716115
537.3333333335097,380.6585415098896
537.366666666843,348.8891133846671
537.4000000001763,337.07522993413454
537.4333333335096,336.7939495716668
537.4666666668429,339.8359184667385
537.5000000001762,342.2756065721052
537.5333333335095,344.1486631852667
537.5666666668428,345.63967241446585
537.6000000001761,346.88264946272864
537.6333333335094,347.6301773066167
537.6666666668427,347.4608211010941
537.700000000176,345.9523348376752
537.7333333335093,343.1568941569553
537.7666666668426,340.7232748151474
537.8000000001759,340.6357597644234
537.8333333335092,344.85350116772656
537.8666666668425,353.70159334832294
537.9000000001759,364.8969743473875
537.9333333335092,375.92317881201416
537.9666666668425,384.525874078238
538.0000000001758,392.57524907648
538.0333333335091,405.22327983255786
538.0666666668424,427.7127631899343
538.1000000001757,463.9240377291508
538.133333333509,509.2186529509912
538.1666666668423,555.6722504920826
538.2000000001756,595.3551874488662
538.2333333335089,621.7462816352124
538.2666666668422,632.2848332749381
538.3000000001755,625.1011603078518
538.3333333335088,598.4307034492908
538.3666666668421,554.9724259070011
538.4000000001754,503.4515323166964
538.4333333335087,453.0197492560992
538.466666666842,412.2727645556178
538.5000000001753,382.9926449898704
538.5333333335086,362.3936295653269
538.5666666668419,347.6057152637489
538.6000000001752,336.1163730643861
538.6333333335085,327.23437711340125
538.6666666668418,320.84707340708786
538.7000000001751,316.8419839988632
538.7333333335084,315.0910346527993
538.7666666668417,315.4301083754225
538.800000000175,317.69001231320976
538.8333333335083,321.6898154308175
538.8666666668416,326.9130752494759
538.9000000001749,332.46680496742425
538.9333333335082,337.43803876242345
538.9666666668415,341.09194483365854
539.0000000001749,344.3830318164559
539.0333333335082,349.19825687303563
539.0666666668415,357.4343620204937
539.1000000001748,370.39263199256095
539.1333333335081,386.9478410142031
539.1666666668414,405.3567565885529
539.2000000001747,423.8697384892551
539.233333333508,440.05638225246304
539.2666666668413,450.2121681642032
539.3000000001746,450.4926764990515
539.3333333335079,437.392707369511
539.3666666668412,414.10115039403536
539.4000000001745,389.93781151111466
539.4333333335078,374.44880909967816
539.4666666668411,376.6994302970664
539.5000000001744,402.2501013240072
539.5333333335077,455.1092471030017
539.566666666841,539.2756120933213
539.6000000001743,650.7678711918851
539.6333333335076,760.1151503319387
539.6666666668409,832.7681729846712
539.7000000001742,834.6931278074719
539.7333333335075,759.9503887415564
539.7666666668408,644.5906673911177
539.8000000001741,528.1008533983746
539.8333333335074,447.79716844091024
539.8666666668407,410.8413183675841
539.900000000174,402.3165160646749
539.9333333335073,406.7998748805743
539.9666666668406,410.995524380793
540.0000000001739,413.4145911676467
540.0333333335072,416.6415926586484
540.0666666668405,423.2641963355189
540.1000000001738,435.630362788988
540.1333333335072,455.4967767322965
540.1666666668405,484.5305677061736
540.2000000001738,524.3037475900685
540.2333333335071,573.4012952434642
540.2666666668404,626.8952861861886
540.3000000001737,679.6566364610605
540.333333333507,727.202399397217
540.3666666668403,771.451865143713
540.4000000001736,817.9826739236992
540.4333333335069,872.4153504250943
540.4666666668402,935.626294885001
540.5000000001735,988.711424039098
540.5333333335068,1007.6120942744516
540.5666666668401,968.441762164914
540.6000000001734,866.0357057428824
540.6333333335067,730.509777315274
540.66666666684,595.8865753983671
540.7000000001733,495.2005197940025
540.7333333335066,442.2092289704394
540.7666666668399,433.1358168045901
540.8000000001732,463.5646583864305
540.8333333335065,527.4381971048897
540.8666666668398,607.0232888732809
540.9000000001731,679.5282352622186
540.9333333335064,722.1454116052363
540.9666666668397,720.3358755925468
541.000000000173,684.987969232334
541.0333333335063,631.8617430906327
541.0666666668396,576.5937419222042
541.1000000001729,528.8548012066592
541.1333333335062,489.81582247040313
541.1666666668395,459.9973579007614
541.2000000001728,439.9863000663897
541.2333333335062,431.2135851138627
541.2666666668395,435.6914012349748
541.3000000001728,455.4434153660735
541.3333333335061,490.6990447492716
541.3666666668394,532.5502536456464
541.4000000001727,569.1875892342099
541.433333333506,588.8246058890364
541.4666666668393,584.9445275404657
541.5000000001726,562.8573980403746
541.5333333335059,529.484333029934
541.5666666668392,491.6758059721791
541.6000000001725,454.46284319356056
541.6333333335058,420.94181074612834
541.6666666668391,394.1153626416423
541.7000000001724,376.5417163932046
541.7333333335057,366.9810619466794
541.766666666839,362.2673783017141
541.8000000001723,359.21961934497045
541.8333333335056,355.64014880767
541.8666666668389,352.87330888566726
541.9000000001722,353.0605963857709
541.9333333335055,358.31362353227206
541.9666666668388,368.6890503300528
542.0000000001721,380.897893112662
542.0333333335054,391.3437627980332
542.0666666668387,396.8492016742935
542.100000000172,400.6203597958588
542.1333333335053,410.83707000780703
542.1666666668386,435.8105941970557
542.2000000001719,481.3586200873199
542.2333333335052,538.7966108666752
542.2666666668385,594.2109821385674
542.3000000001718,633.693084658725
542.3333333335052,648.0118290312479
542.3666666668385,639.6990700159466
542.4000000001718,613.106528909307
542.4333333335051,572.6214184300075
542.4666666668384,523.7357591263566
542.5000000001717,473.2353210008184
542.533333333505,427.97944929223183
542.5666666668383,394.1021494887111
542.6000000001716,370.7946297669083
542.6333333335049,353.3876058992019
542.6666666668382,337.17029984083285
542.7000000001715,321.9278207387139
542.7333333335048,325.1803469817929
542.7666666668381,368.82056032800415
542.8000000001714,474.4337622250729
542.8333333335047,637.3150179397009
542.866666666838,806.7121561528512
542.9000000001713,927.2207964036426
542.9333333335046,946.6127031247976
542.9666666668379,865.9703047219257
543.0000000001712,730.5911799681154
543.0333333335045,587.1099708527561
543.0666666668378,476.3252385393892
543.1000000001711,402.8675973718438
543.1333333335044,357.5305281074849
543.1666666668377,331.0867998355053
543.200000000171,318.1432283990408
543.2333333335043,323.4372840834596
543.2666666668376,353.3603568272377
543.3000000001709,413.8690961107623
543.3333333335042,496.3177485924238
543.3666666668375,574.3232809480155
543.4000000001708,620.4335006711502
543.4333333335042,610.4562959811896
543.4666666668375,552.5741683803487
543.5000000001708,473.50141248567775
543.5333333335041,400.1707472977705
543.5666666668374,353.6529723096521
543.6000000001707,331.37489038161016
543.633333333504,324.8028153389008
543.6666666668373,325.43133760242216
543.7000000001706,327.2604803982313
543.7333333335039,328.7279929029805
543.7666666668372,328.7264120777054
543.8000000001705,326.202711623252
543.8333333335038,321.02080210780014
543.8666666668371,313.806791443816
543.9000000001704,305.2099445675749
543.9333333335037,295.9650684388959
543.966666666837,287.33311366654345
544.0000000001703,280.7749222361315
544.0333333335036,277.7501052906465
544.0666666668369,278.9451694994484
544.1000000001702,283.0371204298181
544.1333333335035,288.3806665250204
544.1666666668368,293.3737090258262
544.2000000001701,297.79522455203977
544.2333333335034,303.06267773656896
544.2666666668367,310.6886804161894
544.30000000017,321.9927257602631
544.3333333335033,336.45580383621706
544.3666666668366,352.5410121107508
544.4000000001699,368.7006647128069
544.4333333335032,386.087562989644
544.4666666668365,416.249955747879
544.5000000001698,473.2371247533224
544.5333333335032,570.83678357037
544.5666666668365,703.0190829717667
544.6000000001698,830.3972104426364
544.6333333335031,910.3825712043632
544.6666666668364,903.3021869188842
544.7000000001697,814.3615774466393
544.733333333503,683.9656878882337
544.7666666668363,553.463382632304
544.8000000001696,458.2923220514021
544.8333333335029,400.2768194523264
544.8666666668362,369.3761096891245
544.9000000001695,355.54220828190773
544.9333333335028,350.6050008501369
544.9666666668361,350.8916213209175
545.0000000001694,353.3884059250981
545.0333333335027,355.14507031822785
545.066666666836,354.92617491247995
545.1000000001693,353.3674386650321
545.1333333335026,351.19929731411395
545.1666666668359,349.25360817440543
545.2000000001692,349.2197040759655
545.2333333335025,353.21794025311533
545.2666666668358,363.37205427261335
545.3000000001691,382.8467967118668
545.3333333335024,418.377741893495
545.3666666668357,477.465481980628
545.400000000169,567.3340082219189
545.4333333335023,679.8692427586495
545.4666666668356,783.8795409067674
545.5000000001689,846.26731520033
545.5333333335022,836.80426687468
545.5666666668355,762.3338725297505
545.6000000001688,655.5086185811883
545.6333333335022,549.5047148266156
545.6666666668355,471.8480626430002
545.7000000001688,422.3426711978324
545.7333333335021,392.3044845728626
545.7666666668354,373.0642974070513
545.8000000001687,358.585717761716
545.833333333502,348.2862883805679
545.8666666668353,342.2604842727987
545.9000000001686,340.5618614493283
545.9333333335019,342.3919050662593
545.9666666668352,346.1467564221856
546.0000000001685,350.1909925369462
546.0333333335018,353.2227050335748
546.0666666668351,356.2740590344028
546.1000000001684,361.3742787980422
546.1333333335017,370.5547784385179
546.166666666835,384.37024608459103
546.2000000001683,399.15098348747466
546.2333333335016,410.4767394226835
546.2666666668349,414.0326232060037
546.3000000001682,409.38071654990216
546.3333333335015,400.996315359443
546.3666666668348,393.67097654738654
546.4000000001681,391.97355608098337
546.4333333335014,398.22367674804815
546.4666666668347,413.4363742302093
546.500000000168,438.6106683181167
546.5333333335013,472.6899503554881
546.5666666668346,506.4842089826869
546.6000000001679,528.7921190267845
546.6333333335012,528.5221826538179
546.6666666668345,502.9815216139717
546.7000000001678,463.6579704011223
546.7333333335012,423.4060330235324
546.7666666668345,394.4284404288279
546.8000000001678,379.16530667076415
546.8333333335011,372.53626391015086
546.8666666668344,369.2671907964284
546.9000000001677,364.98365450340697
546.933333333501,360.19981927351364
546.9666666668343,357.08233749956736
547.0000000001676,357.79429146478105
547.0333333335009,363.43642136687487
547.0666666668342,372.72409140054936
547.1000000001675,384.0475475739713
547.1333333335008,395.8616250407281
547.1666666668341,408.1247826262512
547.2000000001674,422.3092126361176
547.2333333335007,439.9537185114488
547.266666666834,462.007423533025
547.3000000001673,485.02769138413686
547.3333333335006,503.5902393593674
547.3666666668339,512.2633000527351
547.4000000001672,508.6093280892776
547.4333333335005,499.1333218558965
547.4666666668338,492.0024542424733
547.5000000001671,495.2225521453967
547.5333333335004,510.5037751323829
547.5666666668337,531.3644589391953
547.600000000167,550.7741028753669
547.6333333335003,562.1289189763289
547.6666666668336,563.2155340052238
547.7000000001669,554.4039634728264
547.7333333335002,536.097353298136
547.7666666668335,510.18250588845865
547.8000000001668,484.4272195662815
547.8333333335001,468.05625506389606
547.8666666668335,470.2223411374764
547.9000000001668,494.7478200778826
547.9333333335001,536.5540980667951
547.9666666668334,589.7170475923724
548.0000000001667,648.1435296618158
548.0333333335,703.2953681473189
548.0666666668333,744.7941887347472
548.1000000001666,762.2166442632869
548.1333333334999,748.048320101173
548.1666666668332,709.9415915567049
548.2000000001665,660.4758780735742
548.2333333334998,612.2108589332786
548.2666666668331,573.8083222205324
548.3000000001664,545.613591782877
548.3333333334997,526.9033859511516
548.366666666833,516.8829660561972
548.4000000001663,513.2616180013365
548.4333333334996,512.3302969556971
548.4666666668329,510.3240438567727
548.5000000001662,504.097921715011
548.5333333334995,494.73425884059776
548.5666666668328,485.0795144945157
548.6000000001661,477.9842707772266
548.6333333334994,475.1698703593715
548.6666666668327,475.28884579077874
548.700000000166,476.4773736500981
548.7333333334993,476.9221102051143
548.7666666668326,476.4066339954684
548.8000000001659,476.59930577679376
548.8333333334992,479.2770341623704
548.8666666668325,485.82992811772607
548.9000000001658,494.2000943657619
548.9333333334991,500.51917441256336
548.9666666668325,500.9029267983262
549.0000000001658,492.9752669355186
549.0333333334991,479.55992377166746
549.0666666668324,464.6004433913616
549.1000000001657,452.0063169239082
549.133333333499,443.9519411618345
549.1666666668323,440.085983208525
549.2000000001656,439.8579066112872
549.2333333334989,442.6506446870761
549.2666666668322,447.0680319493578
549.3000000001655,451.2085458888448
549.3333333334988,453.162118664374
549.3666666668321,451.623398295484
549.4000000001654,447.9111588532704
549.4333333334987,444.0558025974261
549.466666666832,442.0901873012312
549.5000000001653,444.26774171250537
549.5333333334986,453.2349241787676
549.5666666668319,471.67877806309895
549.6000000001652,501.8616762328572
549.6333333334985,539.4516783098123
549.6666666668318,574.9149193051087
549.7000000001651,598.5762614417591
549.7333333334984,602.7988169278028
549.7666666668317,590.9588860576224
549.800000000165,570.1355815833646
549.8333333334983,547.4081418075818
549.8666666668316,529.3640901673199
549.9000000001649,521.5254419398797
549.9333333334982,529.2748117557051
549.9666666668315,557.4896377297534
550.0000000001648,600.4994859114182
550.0333333334981,642.6489161211755
550.0666666668315,667.8899909708889
550.1000000001648,663.5044632939231
550.1333333334981,638.9978642976617
550.1666666668314,612.9743091641429
550.2000000001647,604.0476499967933
550.233333333498,621.9957076352102
550.2666666668313,653.459833348075
550.3000000001646,681.3409704796015
550.3333333334979,689.1033133985237
550.3666666668312,676.3266038141468
550.4000000001645,660.6862725713222
550.4333333334978,660.8186979739075
550.4666666668311,692.4573929981046
550.5000000001644,747.5381167070866
550.5333333334977,806.3388666971517
550.566666666831,849.0601650946072
550.6000000001643,861.6935315339923
550.6333333334976,848.4238373037064
550.6666666668309,816.9995147521036
550.7000000001642,775.1724535424834
550.7333333334975,730.8334594572299
550.7666666668308,692.0564503657689
550.8000000001641,666.9278526102564
550.8333333334974,662.4759591053314
550.8666666668307,675.1184353075882
550.900000000164,695.1528884360398
550.9333333334973,712.8031216295335
550.9666666668306,722.89637132876
551.0000000001639,737.4608040346374
551.0333333334972,772.5413417807009
551.0666666668305,843.9070947398097
551.1000000001638,951.2726350982556
551.1333333334971,1069.748066728608
551.1666666668305,1172.35937825488
551.2000000001638,1234.1555842933735
551.2333333334971,1254.918611698624
551.2666666668304,1250.98376659448
551.3000000001637,1238.9903338171898
551.333333333497,1230.8804249622465
551.3666666668303,1217.9563252294697
551.4000000001636,1185.8528759156975
551.4333333334969,1120.3432753493992
551.4666666668302,1019.3460838851356
551.5000000001635,902.2212904584152
551.5333333334968,790.5170536925136
551.5666666668301,704.718199472715
551.6000000001634,649.5066717679011
551.6333333334967,617.4541869047034
551.66666666683,600.8240965694528
551.7000000001633,592.791504566031
551.7333333334966,591.1868059128307
551.7666666668299,595.3223263467418
551.8000000001632,604.5102928157519
551.8333333334965,617.9624279628569
551.8666666668298,634.6879458246804
551.9000000001631,653.6717391041087
551.9333333334964,673.8423268021368
551.9666666668297,693.1130206301469
552.000000000163,708.5173035230974
552.0333333334963,717.059534392562
552.0666666668296,716.2768611636517
552.1000000001629,706.8324817603884
552.1333333334962,690.5261281784926
552.1666666668295,669.1592020804237
552.2000000001628,644.5447619061874
552.2333333334961,618.522420566295
552.2666666668295,592.9354702434472
552.3000000001628,569.655170035443
552.3333333334961,551.1606343170507
552.3666666668294,540.5198016651703
552.4000000001627,540.8247701495093
552.433333333496,555.256375980865
552.4666666668293,587.5873627228688
552.5000000001626,641.8326689344105
552.5333333334959,721.9929488404362
552.5666666668292,825.6854578671325
552.6000000001625,934.2493003571132
552.6333333334958,1026.466461933231
552.6666666668291,1081.7363018229355
552.7000000001624,1095.5658719556052
552.7333333334957,1080.7071925576704
552.766666666829,1050.7574445049545
552.8000000001623,1018.0566205045824
552.8333333334956,985.5135644645576
552.8666666668289,951.7547437964116
552.9000000001622,915.3864419015758
552.9333333334955,876.0719023850667
552.9666666668288,836.4601171804413
553.0000000001621,799.7235584846098
553.0333333334954,769.0147640638465
553.0666666668287,746.8665706087121
553.100000000162,735.0866119403363
553.1333333334953,735.4413234698571
553.1666666668286,749.1710830744281
553.2000000001619,773.1270344478326
553.2333333334952,801.9781829381535
553.2666666668285,830.3852037460101
553.3000000001618,868.0236994700217
553.3333333334951,971.0357524782378
553.3666666668285,1204.5246413373995
553.4000000001618,1630.6634105400935
553.433333333495,2204.1830853175
553.4666666668284,2743.8758978005667
553.5000000001617,3059.8054298080865
553.533333333495,2986.400603343754
553.5666666668283,2581.572690874075
553.6000000001616,2023.3267728131616
553.6333333334949,1490.8127855625269
553.6666666668282,1118.578453376596
553.7000000001615,891.7130022540666
553.7333333334948,764.0355864693355
553.7666666668281,689.7618150759799
553.8000000001614,640.0251090452319
553.8333333334947,608.8487397485965
553.866666666828,591.8811685131595
553.9000000001613,584.8427270449323
553.9333333334946,584.1694755782136
553.9666666668279,586.7080731271933
554.0000000001612,589.3100778967033
554.0333333334945,589.4259075877865
554.0666666668278,586.6525612970405
554.1000000001611,581.0678129917252
554.1333333334944,572.7756228197187
554.1666666668277,563.1583773491345
554.200000000161,555.4278523789307
554.2333333334943,552.9366575960257
554.2666666668276,558.5949557378013
554.3000000001609,570.5916789251031
554.3333333334942,584.2589962002021
554.3666666668275,594.8892919726912
554.4000000001608,598.9588319751515
554.4333333334941,597.4265942531277
554.4666666668275,592.3123716136474
554.5000000001608,585.6202826928891
554.533333333494,578.49719935892
554.5666666668274,570.8070150571272
554.6000000001607,562.3084391335909
554.633333333494,552.8272508227261
554.6666666668273,542.9454363042828
554.7000000001606,533.7219343440551
554.7333333334939,526.223156248639
554.7666666668272,521.1134547478075
554.8000000001605,517.4694168765725
554.8333333334938,513.975740437563
554.8666666668271,509.3378218935138
554.9000000001604,503.4980744960035
554.9333333334937,498.3134737000926
554.966666666827,495.8053600513038
555.0000000001603,497.7537291587565
555.0333333334936,503.10535214509815
555.0666666668269,508.9659268951221
555.1000000001602,512.4098688272167
555.1333333334935,511.3955168677366
555.1666666668268,507.4752580307376
555.2000000001601,503.1148198331125
555.2333333334934,500.7583936824967
555.2666666668267,501.4829245835152
555.30000000016,504.2017941805408
555.3333333334933,507.636991611231
555.3666666668266,510.58689093370646
555.4000000001599,512.7693386108708
555.4333333334932,514.5106962597455
555.4666666668265,516.1481778482226
555.5000000001598,517.851866571306
555.5333333334931,519.1011388327379
555.5666666668264,519.1969656151025
555.6000000001598,517.4470888771513
555.633333333493,513.6020758474492
555.6666666668264,508.1207593488222
555.7000000001597,501.5255301043245
555.733333333493,494.3417671949313
555.7666666668263,487.1311610889477
555.8000000001596,480.4795975350028
555.8333333334929,474.9734015165863
555.8666666668262,471.0627551086146
555.9000000001595,468.63330428972
555.9333333334928,467.4243882733703
555.9666666668261,467.178490034252
556.0000000001594,467.8432202392238
556.0333333334927,469.6939985243361
556.066666666826,473.0356280244655
556.1000000001593,478.0957091799479
556.1333333334926,484.1697790620573
556.1666666668259,489.9352046189875
556.2000000001592,494.05826631343166
556.2333333334925,496.0635428705541
556.2666666668258,499.0007959244456
556.3000000001591,506.824693162282
556.3333333334924,523.4248759639571
556.3666666668257,548.591504030493
556.400000000159,575.6440775076372
556.4333333334923,597.3316427065253
556.4666666668256,606.9422405920598
556.5000000001589,604.1283964020441
556.5333333334922,592.6960981286735
556.5666666668255,576.5227166074712
556.6000000001588,558.9796104703372
556.6333333334921,541.4060782176113
556.6666666668254,524.6313925665338
556.7000000001588,509.5222884367424
556.733333333492,499.1589808103293
556.7666666668254,500.03302738177024
556.8000000001587,518.9271614092274
556.833333333492,561.341893843563
556.8666666668253,618.1958722310021
556.9000000001586,671.151673838754
556.9333333334919,701.7242846111687
556.9666666668252,697.6960231856564
557.0000000001585,671.1418414224074
557.0333333334918,640.0216545125417
557.0666666668251,622.1247279848712
557.1000000001584,626.0501523777594
557.1333333334917,646.7246545016288
557.166666666825,677.9632912400934
557.2000000001583,713.3568526543012
557.2333333334916,744.0760934585479
557.2666666668249,759.8149231097622
557.3000000001582,750.2462554728912
557.3333333334915,710.0587244005717
557.3666666668248,652.4653740895511
557.4000000001581,594.954809821619
557.4333333334914,554.8005418212542
557.4666666668247,538.9728953453086
557.500000000158,539.8121496991614
557.5333333334913,548.5446285679761
557.5666666668246,556.889560108761
557.6000000001579,561.5419374496032
557.6333333334912,562.0816548849932
557.6666666668245,558.1240376990927
557.7000000001578,549.9041473770592
557.7333333334911,539.8103405222278
557.7666666668244,530.6983385932201
557.8000000001578,525.3752899545157
557.833333333491,524.6209911932945
557.8666666668244,526.4982320566392
557.9000000001577,528.8795806225211
557.933333333491,533.3097668749919
557.9666666668243,575.5494611374196
558.0000000001576,709.9805242535102
558.0333333334909,991.1587814148088
558.0666666668242,1431.993665381552
558.1000000001575,1910.9488657222728
558.1333333334908,2279.4086475741933
558.1666666668241,2392.0011992388067
558.2000000001574,2219.38436962301
558.2333333334907,1877.3585639345329
558.266666666824,1490.8823203114523
558.3000000001573,1175.1041030963688
558.3333333334906,961.8618299802988
558.3666666668239,840.9606429942214
558.4000000001572,801.8772526781632
558.4333333334905,826.3091312472836
558.4666666668238,872.8995821530458
558.5000000001571,896.0412385167092
558.5333333334904,853.3585401823686
558.5666666668237,800.2607781850945
558.600000000157,905.0756035882667
558.6333333334903,1342.4088353605096
558.6666666668236,2255.7101240279217
558.7000000001569,3550.131182774438
558.7333333334902,5020.790943996992
558.7666666668235,6462.235159289552
558.8000000001568,7680.301994312414
558.8333333334901,8511.199622814303
558.8666666668234,8796.189556183279
558.9000000001568,8385.25848612304
558.93333333349,7349.537034581723
558.9666666668234,5993.304476986648
559.0000000001567,4631.968317162016
559.03333333349,3542.297004852721
559.0666666668233,2737.8897524244985
559.1000000001566,2122.620073757364
559.1333333334899,1600.2414491331738
559.1666666668232,1150.6142878713597
559.2000000001565,937.334201081903
559.2333333334898,1151.1703635079691
559.2666666668231,1968.7356940671264
559.3000000001564,3268.2445771844928
559.3333333334897,4643.882298728317
559.366666666823,5678.553970490854
559.4000000001563,6022.548474348253
559.4333333334896,5730.398501218939
559.4666666668229,5006.694727623838
559.5000000001562,4056.227096511546
559.5333333334895,3075.114024598336
559.5666666668228,2240.874641608618
559.6000000001561,1728.623465786971
559.6333333334894,1702.0000990848498
559.6666666668227,2124.534412795928
559.700000000156,2789.7505450425915
559.7333333334893,3485.768728318301
559.7666666668226,4022.8105295787295
559.8000000001559,4326.620173687472
559.8333333334892,4360.561347165789
559.8666666668225,4088.700865965353
559.9000000001558,3549.7151537559694
559.9333333334891,2923.070332309628
559.9666666668224,2403.8487134855677
560.0000000001558,2174.8916513350696
560.033333333489,2243.1262225879605
560.0666666668224,2483.673534695973
560.1000000001557,2768.466476996666
560.133333333489,2985.23466284729
560.1666666668223,3092.8487832603805
560.2000000001556,3070.197461865901
560.2333333334889,2896.606668001048
560.2666666668222,2582.278322936545
560.3000000001555,2188.190829501905
560.3333333334888,1780.0503572355922
560.3666666668221,1420.202183026312
560.4000000001554,1131.316845693901
560.4333333334887,910.178351377108
560.466666666822,753.1260429239089
560.5000000001553,654.1640310223027
560.5333333334886,598.3432973147713
560.5666666668219,568.569498372279
560.6000000001552,547.9060990241429
560.6333333334885,526.9743391012846
560.6666666668218,507.12637495629
560.7000000001551,490.5313483419525
560.7333333334884,479.0891027954616
560.7666666668217,472.0961326151534
560.800000000155,467.389936543804
560.8333333334883,462.7921137077248
560.8666666668216,456.72972293325
560.9000000001549,449.5827651304044
560.9333333334882,442.1242548186909
560.9666666668215,435.1179925692969
561.0000000001548,429.0185564926373
561.0333333334881,423.9050688175212
561.0666666668214,419.8340345301532
561.1000000001548,416.74181773841576
561.133333333488,413.617000694358
561.1666666668214,408.9987556051573
561.2000000001547,401.427847615025
561.233333333488,392.0113275229952
561.2666666668213,388.7560706585164
561.3000000001546,400.8166760059012
561.3333333334879,437.1137197632495
561.3666666668212,500.9095999588216
561.4000000001545,589.6510214494148
561.4333333334878,700.5191558594607
561.4666666668211,827.79293111693
561.5000000001544,947.1515476604686
561.5333333334877,1026.9353878471163
561.566666666821,1035.5623899644186
561.6000000001543,961.4176174444722
561.6333333334876,837.3035369028885
561.6666666668209,702.012193149594
561.7000000001542,592.8930610911787
561.7333333334875,521.6191674425548
561.7666666668208,477.771054031772
561.8000000001541,450.2085677126013
561.8333333334874,429.19984237392
561.8666666668207,412.2995441642064
561.900000000154,399.4119176362838
561.9333333334873,390.43767215252313
561.9666666668206,384.817554759875
562.0000000001539,381.1512914422221
562.0333333334872,377.9488994786605
562.0666666668205,373.8192031323459
562.1000000001538,368.68700384301815
562.1333333334871,363.4129925562903
562.1666666668204,358.8778705070524
562.2000000001538,356.24529166543203
562.233333333487,357.85055803552694
562.2666666668204,366.3321909567701
562.3000000001537,384.2527392857591
562.333333333487,410.0461121430079
562.3666666668203,435.9824056461071
562.4000000001536,453.8281043515489
562.4333333334869,456.2340567570408
562.4666666668202,444.7665161911137
562.5000000001535,426.1553676212686
562.5333333334868,407.1932066408176
562.5666666668201,393.0314888011973
562.6000000001534,383.44306861503577
562.6333333334867,377.1006312460445
562.66666666682,372.713481880744
562.7000000001533,370.2105658530761
562.7333333334866,370.9963571523738
562.7666666668199,376.56371016075815
562.8000000001532,388.0558069201008
562.8333333334865,403.9293169583542
562.8666666668198,421.3956133401476
562.9000000001531,437.66018843677153
562.9333333334864,450.349871804796
562.9666666668197,458.176767568316
563.000000000153,460.025337345794
563.0333333334863,454.8626159220081
563.0666666668196,443.45891266309
563.1000000001529,428.3360856808131
563.1333333334862,412.0882183391048
563.1666666668195,397.071236127924
563.2000000001528,384.2437562443254
563.2333333334861,374.0563929443524
563.2666666668194,366.95629341782274
563.3000000001527,363.0086290345701
563.333333333486,361.5081503438709
563.3666666668194,361.65696979816136
563.4000000001527,362.67384934683713
563.433333333486,364.0271039834769
563.4666666668193,365.3773738739103
563.5000000001526,366.3902591067431
563.5333333334859,366.87166701130514
563.5666666668192,367.2540335956751
563.6000000001525,368.1446077527343
563.6333333334858,370.1432277436952
563.6666666668191,373.38567821909606
563.7000000001524,377.27734651375386
563.7333333334857,381.1594728910002
563.766666666819,384.3722015130704
563.8000000001523,386.24405222789096
563.8333333334856,386.0965441196872
563.8666666668189,383.2512282440957
563.9000000001522,377.8238130821971
563.9333333334855,372.6043911925741
563.9666666668188,370.9454216345749
564.0000000001521,376.0761169831068
564.0333333334854,387.0330219268306
564.0666666668187,397.7292421099549
564.100000000152,401.7661336932056
564.1333333334853,394.1795617814645
564.1666666668186,380.9731586455512
564.2000000001519,373.21324131164016
564.2333333334852,381.9768374763722
564.2666666668185,411.713088486144
564.3000000001518,450.1296998729932
564.3333333334851,482.3317015381345
564.3666666668184,494.0046400881208
564.4000000001517,482.83013281017526
564.433333333485,457.7777427638407
564.4666666668184,428.2557603571786
564.5000000001517,402.5393239166918
564.533333333485,382.60309935600566
564.5666666668183,368.2446842939645
564.6000000001516,359.25979723821246
564.6333333334849,355.46601168425514
564.6666666668182,356.7222999862024
564.7000000001515,362.8922480561959
564.7333333334848,373.68882116763945
564.7666666668181,386.8013559932984
564.8000000001514,398.4712843348394
564.8333333334847,404.9086227315167
564.866666666818,403.4204949803196
564.9000000001513,395.7442890777701
564.9333333334846,384.7355173736245
564.9666666668179,373.2316376488323
565.0000000001512,363.2061105383599
565.0333333334845,355.40604079579333
565.0666666668178,350.48520858040894
565.1000000001511,348.9276385597004
565.1333333334844,349.67142578634446
565.1666666668177,350.8287083161792
565.200000000151,350.5048502616535
565.2333333334843,347.9054194447427
565.2666666668176,345.4382029911429
565.3000000001509,346.09036984927843
565.3333333334842,352.7146564455045
565.3666666668175,364.7294745687796
565.4000000001508,377.9171934824698
565.4333333334841,387.8853651468203
565.4666666668174,391.1884824251986
565.5000000001507,390.3625596778796
565.533333333484,390.2726133185107
565.5666666668174,395.77995179100486
565.6000000001507,410.2831064907649
565.633333333484,434.10856851915656
565.6666666668173,467.195323163766
565.7000000001506,509.09821688400734
565.7333333334839,553.4898994298652
565.7666666668172,589.4451862849971
565.8000000001505,605.9165231404328
565.8333333334838,594.9862356309732
565.8666666668171,562.5521740509413
565.9000000001504,518.3229233502851
565.9333333334837,471.999605379363
565.966666666817,432.8513582284549
566.0000000001503,409.4907200558263
566.0333333334836,410.4752370180312
566.0666666668169,443.0934965824095
566.1000000001502,502.1828063612392
566.1333333334835,575.5199329235816
566.1666666668168,650.8011020469232
566.2000000001501,716.1916113799534
566.2333333334834,761.2958677383983
566.2666666668167,775.9933401666169
566.30000000015,750.6756043373856
566.3333333334833,689.7690813168296
566.3666666668166,613.1163490957362
566.4000000001499,541.3491179771875
566.4333333334832,492.2666521712284
566.4666666668165,465.1966475767252
566.5000000001498,452.0617304158014
566.5333333334831,444.77965380371137
566.5666666668164,437.8932322050064
566.6000000001497,431.5559339937449
566.633333333483,426.64363807720775
566.6666666668164,424.0065132472427
566.7000000001497,424.0972064264406
566.733333333483,427.0556579300528
566.7666666668163,433.0133678493447
566.8000000001496,441.57816092137045
566.8333333334829,450.0565313801887
566.8666666668162,455.12298761927735
566.9000000001495,453.60533979302977
566.9333333334828,450.7423250687304
566.9666666668161,464.3755126813421
567.0000000001494,513.3813903707584
567.0333333334827,612.6350034841497
567.066666666816,738.9764705433362
567.1000000001493,848.2137666564894
567.1333333334826,895.947768738514
567.1666666668159,856.4222874939821
567.2000000001492,758.9133565320009
567.2333333334825,642.802099138879
567.2666666668158,546.5969214417062
567.3000000001491,486.83158504899154
567.3333333334824,456.9534413117187
567.3666666668157,449.314601469088
567.400000000149,456.2152184051064
567.4333333334823,469.6380265901655
567.4666666668156,481.4459241626416
567.5000000001489,483.5360863821796
567.5333333334822,472.4153660379787
567.5666666668155,453.7875310224965
567.6000000001488,434.4479195423293
567.6333333334821,420.8224531064176
567.6666666668154,414.234890657893
567.7000000001487,412.2881380451454
567.733333333482,412.5006071785565
567.7666666668154,412.9681178080488
567.8000000001487,414.0870931178772
567.833333333482,416.8268589850545
567.8666666668153,422.1371444733192
567.9000000001486,430.1211802565495
567.9333333334819,439.7309083920504
567.9666666668152,449.8359031261081
568.0000000001485,459.9718930295976
568.0333333334818,475.2032815572325
568.0666666668151,503.33088562665847
568.1000000001484,552.164086812364
568.1333333334817,624.3126120901507
568.166666666815,708.8878768639714
568.2000000001483,792.8392920197039
568.2333333334816,863.3414723015786
568.2666666668149,912.0993914084424
568.3000000001482,935.0145576928876
568.3333333334815,928.1467958624736
568.3666666668148,890.9581553259642
568.4000000001481,840.6218760331953
568.4333333334814,800.0561621316734
568.4666666668147,792.0114934540325
568.500000000148,825.6231595775805
568.5333333334813,886.7146330727122
568.5666666668146,958.8217393584074
568.6000000001479,1026.794887479538
568.6333333334812,1090.0250472959028
568.6666666668145,1156.9437106205098
568.7000000001478,1236.1170205000312
568.7333333334811,1329.830729857558
568.7666666668144,1419.6930807991305
568.8000000001477,1483.0630266783758
568.833333333481,1497.8872245359928
568.8666666668144,1459.3913496480384
568.9000000001477,1382.47106638167
568.933333333481,1283.0904562222147
568.9666666668143,1176.270497784525
569.0000000001476,1070.8152316473545
569.0333333334809,973.011898893311
569.0666666668142,889.1228242614347
569.1000000001475,822.5187349769234
569.1333333334808,770.5060328842538
569.1666666668141,729.6274170479726
569.2000000001474,696.4754061323489
569.2333333334807,668.3625062644678
569.266666666814,643.1427311498848
569.3000000001473,618.6833075359921
569.3333333334806,593.6357550528671
569.3666666668139,569.8269463616389
569.4000000001472,549.8872536428836
569.4333333334805,536.3896055090397
569.4666666668138,529.4411127323635
569.5000000001471,525.8041779990192
569.5333333334804,522.002845282241
569.5666666668137,514.9960589850971
569.600000000147,505.2658448840398
569.6333333334803,495.0028127423596
569.6666666668136,486.4094989074264
569.7000000001469,481.9388660279158
569.7333333334802,484.6689655067583
569.7666666668135,497.7737700576864
569.8000000001468,524.131239445135
569.8333333334801,561.1640138198048
569.8666666668134,601.4995284902344
569.9000000001467,637.601917593315
569.93333333348,662.5050394357444
569.9666666668134,671.9804573091195
570.0000000001467,662.6210575429883
570.03333333348,631.1243691110487
570.0666666668133,580.6543704730325
570.1000000001466,524.5131421153765
570.1333333334799,476.8884526318155
570.1666666668132,450.477254913282
570.2000000001465,443.59705573005897
570.2333333334798,446.5210779340149
570.2666666668131,449.437290800648
570.3000000001464,445.47293683901904
570.3333333334797,436.2208561197531
570.366666666813,424.78878806084
570.4000000001463,414.2544514563259
570.4333333334796,407.0122234184807
570.4666666668129,404.7770786383872
570.5000000001462,409.2347590435567
570.5333333334795,421.195972362247
570.5666666668128,436.654656584444
570.6000000001461,449.9561974094469
570.6333333334794,455.49272214794496
570.6666666668127,451.81721971612257
570.700000000146,444.7925052533119
570.7333333334793,441.0227695156614
570.7666666668126,446.32430130545856
570.8000000001459,457.7766032873931
570.8333333334792,467.0169174599634
570.8666666668125,465.6016671778406
570.9000000001458,449.9176187390724
570.9333333334791,431.8777445082815
570.9666666668124,426.5083849385962
571.0000000001457,448.2284826358151
571.033333333479,495.0808402144509
571.0666666668124,547.2722144866489
571.1000000001457,584.1093156093884
571.133333333479,588.4412409326445
571.1666666668123,564.6674298356527
571.2000000001456,525.2917378705598
571.2333333334789,482.8021779485686
571.2666666668122,446.2349319206445
571.3000000001455,418.0448424042047
571.3333333334788,399.9474361998281
571.3666666668121,393.3180930220131
571.4000000001454,395.3628565796967
571.4333333334787,400.4920722043408
571.466666666812,403.06468062232506
571.5000000001453,399.3277603649332
571.5333333334786,392.0674781516786
571.5666666668119,385.4846249022144
571.6000000001452,383.6697041185106
571.6333333334785,387.3710473443076
571.6666666668118,393.4745919573293
571.7000000001451,398.6512604075796
571.7333333334784,399.98620262187706
571.7666666668117,397.2484287415491
571.800000000145,391.2765352247438
571.8333333334783,382.9121735097172
571.8666666668116,373.0360987168818
571.9000000001449,362.6073549958624
571.9333333334782,352.59431739154434
571.9666666668115,343.9007449305521
572.0000000001448,336.5918151842001
572.0333333334781,330.1470564925915
572.0666666668114,324.0340335331642
572.1000000001447,318.05739277782016
572.133333333478,313.234857919157
572.1666666668114,310.8569402835542
572.2000000001447,312.17035615538924
572.233333333478,317.0185993112426
572.2666666668113,323.5787402183501
572.3000000001446,329.93092600148384
572.3333333334779,334.3287179612959
572.3666666668112,336.1776557188451
572.4000000001445,335.3528953828461
572.4333333334778,331.73871797940404
572.4666666668111,326.330659787306
572.5000000001444,322.3831209504008
572.5333333334777,323.4246508929198
572.566666666811,332.5805899078246
572.6000000001443,347.6830955188591
572.6333333334776,362.8377606419983
572.6666666668109,372.07250771434303
572.7000000001442,371.23122891634
572.7333333334775,362.7044660111648
572.7666666668108,350.3575069328419
572.8000000001441,337.99562263259946
572.8333333334774,327.5204874530521
572.8666666668107,318.5841890285144
572.900000000144,310.7089944484116
572.9333333334773,303.6028295885204
572.9666666668106,298.190270509808
573.0000000001439,295.8857935819792
573.0333333334772,298.0926189556143
573.0666666668105,304.5308950753696
573.1000000001438,311.5631090334686
573.1333333334771,315.15327245291854
573.1666666668104,311.65574526666177
573.2000000001437,302.37421075236443
573.233333333477,292.0123975435078
573.2666666668104,285.34063064458616
573.3000000001437,285.5496254236441
573.333333333477,290.3311014537039
573.3666666668103,296.1809147587077
573.4000000001436,299.6794634645333
573.4333333334769,299.8944090496619
573.4666666668102,298.7257905423177
573.5000000001435,298.22757741176184
573.5333333334768,300.03982166218805
573.5666666668101,303.2274045571077
573.6000000001434,305.866451727242
573.6333333334767,306.04449962552263
573.66666666681,303.3356142970792
573.7000000001433,300.1279274246202
573.7333333334766,299.12292905760336
573.7666666668099,302.79515864825515
573.8000000001432,310.96131970353025
573.8333333334765,321.7140609562702
573.8666666668098,333.1168922539174
573.9000000001431,343.2932645190834
573.9333333334764,350.56093347021647
573.9666666668097,353.2769560809566
574.000000000143,349.8785651739133
574.0333333334763,340.86557732179944
574.0666666668096,328.9296450022825
574.1000000001429,316.86847691314955
574.1333333334762,307.27226753987526
574.1666666668095,301.5505910270031
574.2000000001428,300.69607182128
574.2333333334761,305.677867854888
574.2666666668094,315.5455298372196
574.3000000001427,326.01233617234004
574.333333333476,332.45781358301576
574.3666666668094,330.7472383207766
574.4000000001427,321.78692244265125
574.433333333476,309.46914981874073
574.4666666668093,297.7243025934822
574.5000000001426,289.4126693143837
574.5333333334759,284.2770613578893
574.5666666668092,281.49569110804083
574.6000000001425,280.25994685721656
574.6333333334758,280.0432947016235
574.6666666668091,280.59009911673775
574.7000000001424,281.6556634551856
574.7333333334757,282.93897245639374
574.766666666809,283.85646523480204
574.8000000001423,283.73616311305466
574.8333333334756,281.9221377627109
574.8666666668089,278.7154470890353
574.9000000001422,275.89597783569326
574.9333333334755,275.37030335281406
574.9666666668088,278.7535238136968
575.0000000001421,285.0784513608789
575.0333333334754,292.02880514876915
575.0666666668087,297.27932823870054
575.100000000142,299.63119937223945
575.1333333334753,300.7368820794383
575.1666666668086,302.69313407831044
575.2000000001419,307.436333242632
575.2333333334752,314.1547335580038
575.2666666668085,319.72742697207883
575.3000000001418,320.96175234695454
575.3333333334751,315.70251142234514
575.3666666668084,306.2231309414082
575.4000000001417,295.9785061283622
575.433333333475,288.37080177334144
575.4666666668084,284.6323477119405
575.5000000001417,283.1056310439147
575.533333333475,281.932678799696
575.5666666668083,279.518140518546
575.6000000001416,276.1876212952912
575.6333333334749,273.1199441925388
575.6666666668082,271.49434801326265
575.7000000001415,271.89204673234104
575.7333333334748,273.61978536383447
575.7666666668081,275.820768213572
575.8000000001414,277.69746480053726
575.8333333334747,279.24144960486507
575.866666666808,281.00537523916967
575.9000000001413,283.55387227896495
575.9333333334746,287.28636495672947
575.9666666668079,292.0234809492574
576.0000000001412,297.4591652279022
576.0333333334745,303.31499485025086
576.0666666668078,310.0896867853003
576.1000000001411,319.14699775265103
576.1333333334744,331.89595982815734
576.1666666668077,349.0679541057779
576.200000000141,367.4262323551583
576.2333333334743,382.2940417604523
576.2666666668076,389.0271545132492
576.3000000001409,385.88980817845794
576.3333333334742,376.2145183654168
576.3666666668075,363.8425344125144
576.4000000001408,352.37275209549296
576.4333333334741,342.9532379117686
576.4666666668074,335.3091387236652
576.5000000001407,329.14776970589327
576.533333333474,323.9393052562935
576.5666666668074,318.4941275729664
576.6000000001407,311.5087853917588
576.633333333474,301.85088865672265
576.6666666668073,291.6755484744788
576.7000000001406,286.10169948149377
576.7333333334739,290.35438391092794
576.7666666668072,307.6400383821832
576.8000000001405,331.9873560505175
576.8333333334738,354.81808503811754
576.8666666668071,367.6646638932687
576.9000000001404,367.0661054241533
576.9333333334737,356.49950776464465
576.966666666807,339.9520777084999
577.0000000001403,321.30606160220964
577.0333333334736,303.65314895323843
577.0666666668069,289.72481055022536
577.1000000001402,282.2417746623097
577.1333333334735,282.318726138451
577.1666666668068,287.61721179206705
577.2000000001401,295.35107465663657
577.2333333334734,302.84935881021306
577.2666666668067,308.95903843612786
577.30000000014,313.5985336337797
577.3333333334733,316.7087459610794
577.3666666668066,318.13466263637736
577.4000000001399,317.39382755284583
577.4333333334732,313.9339689288769
577.4666666668065,307.3025432126962
577.5000000001398,299.6525393327468
577.5333333334731,295.9284483199624
577.5666666668064,301.2117387875328
577.6000000001397,319.1314516577044
577.633333333473,345.3321091867648
577.6666666668063,372.7289736705458
577.7000000001397,394.2754857818109
577.733333333473,405.6856162211425
577.7666666668063,407.1520296913021
577.8000000001396,399.2770010740738
577.8333333334729,382.94566549385496
577.8666666668062,361.6029212583713
577.9000000001395,340.054323954786
577.9333333334728,323.1144350353065
577.9666666668061,314.2703862205567
578.0000000001394,313.7021247866285
578.0333333334727,321.0831485101416
578.066666666806,335.8923235909228
578.1000000001393,354.5041176246726
578.1333333334726,370.800982487388
578.1666666668059,378.59507262806056
578.2000000001392,373.82608774936665
578.2333333334725,360.75105221004577
578.2666666668058,345.65919516301057
578.3000000001391,334.7219904118453
578.3333333334724,330.287103072984
578.3666666668057,330.1317769375753
578.400000000139,331.76468725776965
578.4333333334723,332.9621121438384
578.4666666668056,333.15613138592795
578.5000000001389,332.4113784923932
578.5333333334722,330.7951978294132
578.5666666668055,328.50572887491177
578.6000000001388,325.9742830683494
578.6333333334721,323.6562642299636
578.6666666668054,322.088350169035
578.7000000001387,322.6262148859482
578.733333333472,327.0997264675766
578.7666666668053,337.341448398116
578.8000000001387,353.2832528671056
578.833333333472,369.7259780706266
578.8666666668053,380.6132450472449
578.9000000001386,380.3369911630304
578.9333333334719,371.2019758832739
578.9666666668052,362.2859295784799
579.0000000001385,362.885198311851
579.0333333334718,378.7975896136668
579.0666666668051,401.2536612699664
579.1000000001384,417.6930657102731
579.1333333334717,415.8399468051461
579.166666666805,393.6053499771935
579.2000000001383,361.6494495208156
579.2333333334716,331.43746514737165
579.2666666668049,312.77591040389234
579.3000000001382,304.7477372351655
579.3333333334715,302.17081636380533
579.3666666668048,299.8757617281874
579.4000000001381,295.0427884030968
579.4333333334714,289.1632310596995
579.4666666668047,284.19027772224985
579.500000000138,281.95651546580035
579.5333333334713,283.04872667126125
579.5666666668046,287.318386677533
579.6000000001379,294.60641559287063
579.6333333334712,304.06729985004563
579.6666666668045,312.9828891696737
579.7000000001378,318.3186467841993
579.7333333334711,317.2487789881408
579.7666666668044,310.63427284944805
579.8000000001377,302.4931117491528
579.833333333471,296.94526523699125
579.8666666668043,297.0392956959135
579.9000000001377,301.4068754722522
579.933333333471,307.5416402027097
579.9666666668043,312.97316690562155
580.0000000001376,316.46952188154245
580.0333333334709,318.32134939797936
580.0666666668042,318.91281464061115
580.1000000001375,318.5976507913547
580.1333333334708,317.5390618207892
580.1666666668041,315.8266699315843
580.2000000001374,313.5528324352755
580.2333333334707,311.0644754633016
580.266666666804,309.1584622523439
580.3000000001373,308.6776412747198
580.3333333334706,310.3824627201285
580.3666666668039,314.23161610277924
580.4000000001372,319.7321423116904
580.4333333334705,326.3851733362635
580.4666666668038,333.3139785874394
580.5000000001371,338.6706900682581
580.5333333334704,340.4535804694452
580.5666666668037,336.83518686212
580.600000000137,328.77255098633657
580.6333333334703,319.460521882108
580.6666666668036,312.1572284486056
580.7000000001369,309.17003451935494
580.7333333334702,309.1991888696039
580.7666666668035,310.089648687278
580.8000000001368,309.7391358447483
580.8333333334701,307.5822011207882
580.8666666668034,304.7946532302821
580.9000000001367,302.6461513824865
580.93333333347,302.1469957322735
580.9666666668033,302.8485503475626
581.0000000001367,303.7924523187207
581.03333333347,304.0321272138159
581.0666666668033,303.4202887199562
581.1000000001366,303.0843206672817
581.1333333334699,304.2655463218901
581.1666666668032,307.9503382899068
581.2000000001365,312.96934670136494
581.2333333334698,317.069522634041
581.2666666668031,317.9957113456648
581.3000000001364,314.8672552011869
581.3333333334697,309.91160742966696
581.366666666803,305.7832651723705
581.4000000001363,304.94391756222024
581.4333333334696,307.30872886508376
581.4666666668029,310.992396601475
581.5000000001362,314.07181314210305
581.5333333334695,315.152408904089
581.5666666668028,314.55639764315833
581.6000000001361,312.95396035900205
581.6333333334694,311.0012678285095
581.6666666668027,309.0436827804922
581.700000000136,307.121978763462
581.7333333334693,305.2641630359648
581.7666666668026,303.5948360632933
581.8000000001359,302.6926936798026
581.8333333334692,303.2697526058921
581.8666666668025,306.0157775302475
581.9000000001358,310.6743645006721
581.9333333334691,315.7113347112268
581.9666666668024,319.50203590284707
582.0000000001357,320.6828806411672
582.033333333469,319.6733573499031
582.0666666668023,317.6382539469354
582.1000000001357,315.74246073913093
582.133333333469,314.8987158145192
582.1666666668023,315.5494556249478
582.2000000001356,318.0856965277627
582.2333333334689,322.7230018542673
582.2666666668022,327.8986458918601
582.3000000001355,331.0156431277976
582.3333333334688,329.4690025496016
582.3666666668021,322.94357654339905
582.4000000001354,317.0740725625225
582.4333333334687,318.4491193542091
582.466666666802,333.0986601269854
582.5000000001353,358.2746561436208
582.5333333334686,384.2511717101208
582.5666666668019,401.1096279045012
582.6000000001352,401.85454800522575
582.6333333334685,390.1844897951856
582.6666666668018,372.2429059108601
582.7000000001351,354.0683597883517
582.7333333334684,338.9413763533197
582.7666666668017,327.1775838095191
582.800000000135,318.9462816703105
582.8333333334683,314.311431301043
582.8666666668016,312.79314527244
582.9000000001349,313.73653576505944
582.9333333334682,316.4863352213637
582.9666666668015,320.3723710120276
583.0000000001348,324.70288104261
583.0333333334681,328.78441233153944
583.0666666668014,331.971213505372
583.1000000001347,333.9669422944128
583.133333333468,334.6306440155431
583.1666666668013,333.8253614951128
583.2000000001347,331.82319279532663
583.233333333468,329.696629902205
583.2666666668013,328.6109605187486
583.3000000001346,329.5948826728425
583.3333333334679,332.22827278390974
583.3666666668012,335.2183287577818
583.4000000001345,337.2612501174518
583.4333333334678,337.6104196841988
583.4666666668011,337.00276297061856
583.5000000001344,336.41941056973553
583.5333333334677,336.8077867827636
583.566666666801,338.57710820809086
583.6000000001343,341.7042465173914
583.6333333334676,346.1538570335665
583.6666666668009,351.8313855847908
583.7000000001342,358.4259919964975
583.7333333334675,365.57746377886025
583.7666666668008,372.9065431051511
583.8000000001341,379.5454297409277
583.8333333334674,384.1079610949545
583.8666666668007,385.1829586855637
583.900000000134,381.8648523860901
583.9333333334673,375.7842443786844
583.9666666668006,369.36525982675664
584.0000000001339,365.0023305723204
584.0333333334672,363.7134465149297
584.0666666668005,364.59552655939984
584.1000000001338,366.60278928240496
584.1333333334671,368.8134245341539
584.1666666668004,371.161683278194
584.2000000001337,373.9431659368968
584.233333333467,377.4526465302488
584.2666666668003,381.775000406104
584.3000000001337,386.6094777705606
584.333333333467,391.6139500965032
584.3666666668003,396.4946052005437
584.4000000001336,401.42335884035583
584.4333333334669,406.8325356590819
584.4666666668002,413.15592270528094
584.5000000001335,420.37936894966623
584.5333333334668,427.40046948132016
584.5666666668001,432.9547384651177
584.6000000001334,435.9167201621967
584.6333333334667,437.0825887364958
584.6666666668,438.6506209773088
584.7000000001333,442.85066430416754
584.7333333334666,450.8733929685173
584.7666666667999,460.5499527173887
584.8000000001332,469.0338385796685
584.8333333334665,473.63171517657
584.8666666667998,474.82219376515417
584.9000000001331,476.07230359198894
584.9333333334664,480.9654968869604
584.9666666667997,491.7918611858393
585.000000000133,505.2625173717651
585.0333333334663,516.584645757839
585.0666666667996,521.198240447606
585.1000000001329,522.2865958042581
585.1333333334662,532.3943692426651
585.1666666667995,564.6263241437745
585.2000000001328,628.5640901352383
585.2333333334661,713.5534441718247
585.2666666667994,801.7290898361928
585.3000000001327,875.2905041986616
585.333333333466,920.8358543813258
585.3666666667993,931.7709873868264
585.4000000001326,902.086156108458
585.433333333466,831.6786502868376
585.4666666667993,765.8369070964475
585.5000000001326,770.8928985354725
585.5333333334659,913.097526395364
585.5666666667992,1233.0700081154805
585.6000000001325,1720.602573199384
585.6333333334658,2359.49901015587
585.6666666667991,3122.806335201846
585.7000000001324,3871.5298276246126
585.7333333334657,4400.1215385945125
585.766666666799,4502.428016483337
585.8000000001323,4087.851592162358
585.8333333334656,3360.3369060612786
585.8666666667989,2570.075057602659
585.9000000001322,1954.9470266523724
585.9333333334655,1575.052398435242
585.9666666667988,1356.8425133017636
586.0000000001321,1223.5148231798812
586.0333333334654,1114.1515072884242
586.0666666667987,1020.0773240307772
586.100000000132,943.3412739186656
586.1333333334653,885.8127277033203
586.1666666667986,845.636518902405
586.2000000001319,817.4459087566548
586.2333333334652,795.7371680307285
586.2666666667985,775.6949546671091
586.3000000001318,755.4269100187454
586.3333333334651,733.8163542983696
586.3666666667984,709.9109456562145
586.4000000001317,687.9126323855356
586.433333333465,678.0814488029586
586.4666666667983,691.0240009685141
586.5000000001316,733.5735615486357
586.533333333465,791.9459029887831
586.5666666667983,845.3502279033726
586.6000000001316,873.242340580255
586.6333333334649,868.0402011317883
586.6666666667982,841.0906285724017
586.7000000001315,805.2400549364427
586.7333333334648,772.1907382566931
586.7666666667981,745.5910867331638
586.8000000001314,725.6313767352798
586.8333333334647,712.4800103946516
586.866666666798,705.4887027727451
586.9000000001313,702.529041250166
586.9333333334646,701.3164716334367
586.9666666667979,699.7847420101208
587.0000000001312,697.8600408501354
587.0333333334645,696.5349825629086
587.0666666667978,696.8106600525099
587.1000000001311,699.331006970589
587.1333333334644,703.936142288213
587.1666666667977,710.3563389953625
587.200000000131,718.327095593713
587.2333333334643,727.6465021023508
587.2666666667976,738.153923837063
587.3000000001309,749.6893491436258
587.3333333334642,762.0078591545314
587.3666666667975,774.626891066329
587.4000000001308,787.0226222597939
587.4333333334641,798.7152919576814
587.4666666667974,809.9307152975723
587.5000000001307,821.462549030133
587.533333333464,834.1205394073666
587.5666666667973,848.5098671979005
587.6000000001306,864.5230200575423
587.633333333464,881.8973752560033
587.6666666667973,900.3899251001013
587.7000000001306,920.1888668202414
587.7333333334639,941.9028068755098
587.7666666667972,966.1578071879846
587.8000000001305,993.380736964256
587.8333333334638,1023.1364942545678
587.8666666667971,1054.7568721509
587.9000000001304,1087.5714397389086
587.9333333334637,1120.840219107666
587.966666666797,1153.7415404122612
588.0000000001303,1185.4490649544407
588.0333333334636,1215.6708893823395
588.0666666667969,1246.975496628059
588.1000000001302,1282.8843437238795
588.1333333334635,1326.9088458564388
588.1666666667968,1382.0572006194182
588.2000000001301,1450.6282479401807
588.2333333334634,1534.867376038236
588.2666666667967,1636.017671765651
588.30000000013,1748.6963091624723
588.3333333334633,1864.8312037331127
588.3666666667966,1976.5328521519089
588.4000000001299,2090.432531678938
588.4333333334632,2237.661587679652
588.4666666667965,2451.7103565748757
588.5000000001298,2761.3777641084007
588.5333333334631,3157.095394136577
588.5666666667964,3610.5381409032593
588.6000000001297,4093.613085189975
588.633333333463,4628.248560763658
588.6666666667963,5337.224921065748
588.7000000001296,6355.443913392093
588.733333333463,7808.216763018629
588.7666666667963,9723.395391848511
588.8000000001296,12072.033409510586
588.8333333334629,14824.091714517734
588.8666666667962,17831.237090303326
588.9000000001295,20660.433901493107
588.9333333334628,22836.684670782804
588.9666666667961,23913.32566056202
589.0000000001294,23804.07060659238
589.0333333334627,22670.75379186246
589.066666666796,20680.163529814465
589.1000000001293,18054.58059088862
589.1333333334626,15175.559858470622
589.1666666667959,12453.054157839371
589.2000000001292,10279.940510069682
589.2333333334625,8774.436954085375
589.2666666667958,7833.082783490352
589.3000000001291,7346.098695901521
589.3333333334624,7270.774655834218
589.3666666667957,7793.607271898003
589.400000000129,9150.014794049112
589.4333333334623,11551.092222672863
589.4666666667956,14706.284880934552
589.5000000001289,17853.534464067434
589.5333333334622,20212.49588803346
589.5666666667955,21170.3120243329
589.6000000001288,20793.402019459605
589.6333333334621,19320.367554881712
589.6666666667954,16993.198127854983
589.7000000001287,14145.101914416517
589.733333333462,11208.56975000908
589.7666666667953,8621.096694282345
589.8000000001286,6731.995509399823
589.833333333462,5468.365772863316
589.8666666667953,4631.091224830065
589.9000000001286,4023.217133631749
589.9333333334619,3526.37141538672
589.9666666667952,3120.7458220198246
590.0000000001285,2792.7769846505144
590.0333333334618,2529.013940545802
590.0666666667951,2316.6383649685786
590.1000000001284,2143.053077275445
590.1333333334617,1995.7560296975169
590.166666666795,1866.945680020557
590.2000000001283,1755.5860645239088
590.2333333334616,1661.166382808083
590.2666666667949,1582.7682222859364
590.3000000001282,1516.7846372436338
590.3333333334615,1458.519714683953
590.3666666667948,1403.3055511606742
590.4000000001281,1348.6789802081582
590.4333333334614,1295.804746611135
590.4666666667947,1246.1856516235662
590.500000000128,1201.1538180601576
590.5333333334613,1160.7246613047416
590.5666666667946,1124.3010942731091
590.6000000001279,1091.281396234447
590.6333333334612,1060.9322128378274
590.6666666667945,1032.2734093949423
590.7000000001278,1004.2976978733132
590.7333333334611,976.109716504978
590.7666666667944,947.8228731295216
590.8000000001277,920.0850236641288
590.833333333461,893.5477210722673
590.8666666667943,868.6570391796877
590.9000000001276,845.4216032231353
590.933333333461,823.793972700811
590.9666666667943,803.74828195778
591.0000000001276,785.4857379231136
591.0333333334609,769.3435104566987
591.0666666667942,755.6598705927537
591.1000000001275,744.5458360490561
591.1333333334608,735.5648333440894
591.1666666667941,728.1994731505247
591.2000000001274,721.9436532817987
591.2333333334607,716.4300140544868
591.266666666794,711.3844171445159
591.3000000001273,706.5340618071976
591.3333333334606,701.3539269811072
591.3666666667939,694.6334795173916
591.4000000001272,685.0468279555196
591.4333333334605,671.4071501820937
591.4666666667938,654.5252304608304
591.5000000001271,636.7081022908089
591.5333333334604,620.2986913427237
591.5666666667937,607.164737740803
591.600000000127,597.7227097805236
591.6333333334603,592.1129876466543
591.6666666667936,590.4262527080641
591.7000000001269,591.9182275530768
591.7333333334602,595.1517217011757
591.7666666667935,598.668581806397
591.8000000001268,601.1447059319532
591.8333333334601,601.7140898374738
591.8666666667934,599.608501346469
591.9000000001267,594.1147582521792
591.93333333346,585.6025993080087
591.9666666667933,575.4317245601309
592.0000000001266,564.9982450785656
592.03333333346,555.6865001344703
592.0666666667933,548.8360367628718
592.1000000001266,545.7757499772168
592.1333333334599,547.711250218399
592.1666666667932,553.005079160279
592.2000000001265,557.1725236406623
592.2333333334598,555.6047487104294
592.2666666667931,545.2511095770898
592.3000000001264,529.625441186547
592.3333333334597,513.9699947065778
592.366666666793,503.3880206740341
592.4000000001263,499.2204433537732
592.4333333334596,498.70224176578887
592.4666666667929,498.8604974283234
592.5000000001262,497.30465280337074
592.5333333334595,494.3446057496082
592.5666666667928,491.0724342204126
592.6000000001261,488.5614159295528
592.6333333334594,487.2845201918051
592.6666666667927,487.0044651924553
592.700000000126,487.4429045329388
592.7333333334593,488.3935091185304
592.7666666667926,490.0154584365346
592.8000000001259,492.58360759826326
592.8333333334592,496.3747880887206
592.8666666667925,501.7379845319321
592.9000000001258,509.1142637779007
592.9333333334591,518.9506837406282
592.9666666667924,531.0076001816293
593.0000000001257,541.2516659051344
593.033333333459,544.3466583177138
593.0666666667923,535.0786205616561
593.1000000001256,513.655316837383
593.133333333459,487.7106350867929
593.1666666667923,465.415266541341
593.2000000001256,453.6447658713277
593.2333333334589,451.5284617714029
593.2666666667922,455.3283380694802
593.3000000001255,461.3247779268037
593.3333333334588,466.98661019142696
593.3666666667921,471.5209957635501
593.4000000001254,474.27312723193455
593.4333333334587,474.6537361679677
593.466666666792,472.4956338134492
593.5000000001253,467.79891516060985
593.5333333334586,460.5786092892625
593.5666666667919,451.72697512429295
593.6000000001252,443.49962527131146
593.6333333334585,438.2698774100496
593.6666666667918,437.8907281016504
593.7000000001251,440.62681464164143
593.7333333334584,443.2298441067185
593.7666666667917,442.4769203350763
593.800000000125,437.3128654583497
593.8333333334583,430.2439970921992
593.8666666667916,424.1078267258834
593.9000000001249,421.4741267005545
593.9333333334582,422.9464832615064
593.9666666667915,428.25212836150126
594.0000000001248,437.1024123270714
594.0333333334581,448.2366670612322
594.0666666667914,458.7146342483019
594.1000000001247,465.4292794626807
594.133333333458,465.6988078675733
594.1666666667913,460.1476105725144
594.2000000001246,450.9483656584764
594.233333333458,440.27825923556446
594.2666666667913,429.90400333852
594.3000000001246,420.8502373517376
594.3333333334579,414.0635625661166
594.3666666667912,410.3759019504741
594.4000000001245,409.6808124342708
594.4333333334578,411.41290373274967
594.4666666667911,415.0015714010988
594.5000000001244,419.6504124704565
594.5333333334577,424.1381972560554
594.566666666791,427.19674636989777
594.6000000001243,427.7582430637159
594.6333333334576,426.4697760686346
594.6666666667909,424.84928796272914
594.7000000001242,424.4152407273572
594.7333333334575,425.91328638433686
594.7666666667908,428.5840050801879
594.8000000001241,431.4944718161363
594.8333333334574,433.8298382193848
594.8666666667907,435.8256995131752
594.900000000124,438.2683103511995
594.9333333334573,441.9409240957468
594.9666666667906,446.5578495083562
595.0000000001239,449.6901856222339
595.0333333334572,448.6531509156019
595.0666666667905,441.5676103918036
595.1000000001238,433.95580920721005
595.1333333334571,435.32246597952246
595.1666666667904,455.155144035434
595.2000000001237,494.6601605813628
595.233333333457,538.0445035375004
595.2666666667903,567.4278395957576
595.3000000001236,567.0366228275434
595.333333333457,540.9514316168387
595.3666666667903,504.1564898286252
595.4000000001236,471.7128362722248
595.4333333334569,452.9585604262327
595.4666666667902,445.2709819591295
595.5000000001235,444.5272821452541
595.5333333334568,446.7871257411819
595.5666666667901,449.86227084403816
595.6000000001234,452.54110450328864
595.6333333334567,453.6271207428596
595.66666666679,452.6863763122128
595.7000000001233,450.89844822110587
595.7333333334566,449.6482354109183
595.7666666667899,450.1367478999823
595.8000000001232,451.7785584172653
595.8333333334565,452.9831714980448
595.8666666667898,452.1564004380932
595.9000000001231,449.0079225754837
595.9333333334564,446.0247800150569
595.9666666667897,446.05020765663534
596.000000000123,451.48350040440056
596.0333333334563,460.3906507744699
596.0666666667896,468.390538238658
596.1000000001229,471.0892635636939
596.1333333334562,466.6783307677362
596.1666666667895,458.8619461147632
596.2000000001228,452.0521394974943
596.2333333334561,450.1962031597841
596.2666666667894,452.71541729337497
596.3000000001227,456.4796976921982
596.333333333456,458.34617158935725
596.3666666667893,457.8786433072956
596.4000000001226,460.3852575585384
596.433333333456,471.9077048838503
596.4666666667893,497.3637469282248
596.5000000001226,530.8265045318523
596.5333333334559,560.3005389578985
596.5666666667892,573.7639607716557
596.6000000001225,565.75429537449
596.6333333334558,544.5866307535582
596.6666666667891,520.3142255482314
596.7000000001224,502.2519149288517
596.7333333334557,492.7043683960897
596.766666666789,490.10370983617815
596.8000000001223,492.8378784812202
596.8333333334556,498.76813895276433
596.8666666667889,504.6670770464536
596.9000000001222,507.172496064171
596.9333333334555,503.7790731626805
596.9666666667888,499.9303197573582
597.0000000001221,505.3803738870783
597.0333333334554,529.87568042636
597.0666666667887,576.0710357270418
597.100000000122,632.2756755002155
597.1333333334553,685.0678040550429
597.1666666667886,721.9912883509419
597.2000000001219,739.2845460453102
597.2333333334552,737.7886080582764
597.2666666667885,718.408549126273
597.3000000001218,684.8572075560564
597.3333333334551,646.3749162141186
597.3666666667884,612.8475899594664
597.4000000001217,592.9721470590239
597.433333333455,585.1232397264685
597.4666666667883,582.3718243954207
597.5000000001216,577.773590438657
597.533333333455,567.5755133397173
597.5666666667883,554.1051053193677
597.6000000001216,540.3723808604284
597.6333333334549,529.380900837384
597.6666666667882,524.0805498619251
597.7000000001215,527.3945976549651
597.7333333334548,542.1986367589781
597.7666666667881,566.6560306668507
597.8000000001214,590.287393358925
597.8333333334547,601.6878877963062
597.866666666788,591.3254757999798
597.9000000001213,564.4983671562724
597.9333333334546,533.5595111128146
597.9666666667879,510.8336095225752
598.0000000001212,502.5002277687444
598.0333333334545,503.9474812225592
598.0666666667878,509.46956036320455
598.1000000001211,514.042467791714
598.1333333334544,517.7516384082182
598.1666666667877,523.0004164061477
598.200000000121,532.1774294881379
598.2333333334543,545.7187848491446
598.2666666667876,560.7949137281103
598.3000000001209,574.2653743069721
598.3333333334542,583.4125203306112
598.3666666667875,588.4995479622448
598.4000000001208,591.0713807431092
598.4333333334541,592.656300945523
598.4666666667874,593.4051780263329
598.5000000001207,591.2861058384453
598.533333333454,584.0737142948769
598.5666666667873,570.6833739052481
598.6000000001206,557.5538656287264
598.633333333454,554.1710064822688
598.6666666667873,569.8649440944796
598.7000000001206,605.0242853225894
598.7333333334539,646.6811799793967
598.7666666667872,680.7756703318285
598.8000000001205,695.3728242846774
598.8333333334538,691.5749353120265
598.8666666667871,675.4257211774906
598.9000000001204,652.9489881384881
598.9333333334537,628.8104808749042
598.966666666787,605.773461433511
599.0000000001203,586.4591132324373
599.0333333334536,572.9845227169805
599.0666666667869,564.6056375077185
599.1000000001202,559.5702446263177
599.1333333334535,556.1356391622712
599.1666666667868,552.9785304079774
599.2000000001201,549.3238640936156
599.2333333334534,544.4335697951005
599.2666666667867,537.9067741308406
599.30000000012,531.103508271034
599.3333333334533,525.9567284181519
599.3666666667866,524.339458778851
599.4000000001199,526.1053772910436
599.4333333334532,528.657627364193
599.4666666667865,529.2518606209715
599.5000000001198,526.4671583519867
599.5333333334531,525.2065136143569
599.5666666667864,532.2596788075941
599.6000000001197,554.0862041593729
599.633333333453,587.7215179272453
599.6666666667863,619.6376693641446
599.7000000001196,635.7473946107772
599.733333333453,626.2609230567191
599.7666666667863,600.0730548201853
599.8000000001196,571.1553073147397
599.8333333334529,553.0469448112699
599.8666666667862,548.793845213865
599.9000000001195,550.6339699956618
599.9333333334528,550.3100044724476
599.9666666667861,542.0263947842952
600.0000000001194,529.6691349517972
600.0333333334527,519.5039251356213
600.066666666786,517.5533517378763
600.1000000001193,524.8120007611041
600.1333333334526,537.5409710796456
600.1666666667859,551.8172897690548
600.2000000001192,564.8856637093315
600.2333333334525,578.1202461411929
600.2666666667858,593.8075965631663
600.3000000001191,613.9937854495879
600.3333333334524,636.4816659434806
600.3666666667857,655.4428761912702
600.400000000119,664.932841744085
600.4333333334523,661.4375251074331
600.4666666667856,649.1320631587996
600.5000000001189,633.708486891384
600.5333333334522,620.5488066203786
600.5666666667855,610.3631652148176
600.6000000001188,600.2483194771769
600.6333333334521,587.2090615271111
600.6666666667854,569.9076688120505
600.7000000001187,551.6759982452297
600.733333333452,536.6622850822332
600.7666666667853,528.666204873636
600.8000000001186,526.9970290730126
600.833333333452,527.8442530036073
600.8666666667852,527.3383088237409
600.9000000001186,523.0908651104019
600.9333333334519,516.4150966627612
600.9666666667852,509.19289082728176
601.0000000001185,503.1632682719993
601.0333333334518,498.4908086447429
601.0666666667851,494.36389192887896
601.1000000001184,489.9605192696116
601.1333333334517,485.309817208966
601.166666666785,482.32071380853273
601.2000000001183,483.1535416242556
601.2333333334516,489.5853871351874
601.2666666667849,499.7795821434772
601.3000000001182,509.9139117680375
601.3333333334515,516.1613661055466
601.3666666667848,516.6099095070555
601.4000000001181,513.0729218297545
601.4333333334514,507.7926830388423
601.4666666667847,503.0453047953087
601.500000000118,501.3797690480481
601.5333333334513,505.47690237922455
601.5666666667846,517.9711598134901
601.6000000001179,537.7592346284493
601.6333333334512,557.3542263466827
601.6666666667845,568.6448388018251
601.7000000001178,565.4858829806195
601.7333333334511,555.2830856267477
601.7666666667844,551.152442513203
601.8000000001177,566.0412819353854
601.833333333451,602.6222720013106
601.8666666667843,648.2162078913723
601.9000000001176,688.8881586509182
601.933333333451,712.6758230522755
601.9666666667842,719.2142685549505
602.0000000001176,712.3629681143153
602.0333333334509,695.9964260107618
602.0666666667842,674.3381709865967
602.1000000001175,652.0662691851875
602.1333333334508,633.8892794257965
602.1666666667841,623.6320746525273
602.2000000001174,620.7002323192582
602.2333333334507,623.1206717093256
602.266666666784,628.8925079977801
602.3000000001173,635.2219679582773
602.3333333334506,638.4190117804001
602.3666666667839,634.7454776668505
602.4000000001172,621.8233057990244
602.4333333334505,603.0370205822527
602.4666666667838,583.2970496806199
602.5000000001171,567.3903363054429
602.5333333334504,557.3814702293804
602.5666666667837,552.6766850995473
602.600000000117,552.5714964556505
602.6333333334503,555.8444422052635
602.6666666667836,559.428210412704
602.7000000001169,559.843693925744
602.7333333334502,553.8593559087511
602.7666666667835,542.4748117940147
602.8000000001168,530.2391896165424
602.8333333334501,521.8106617241073
602.8666666667834,520.584152253152
602.9000000001167,526.1688877998673
602.93333333345,537.4679362542801
602.9666666667833,553.2296238142742
603.0000000001166,570.1210214807408
603.03333333345,583.3189405374513
603.0666666667832,587.9744583602227
603.1000000001166,581.820116903964
603.1333333334499,569.0688486313271
603.1666666667832,554.9342530972855
603.2000000001165,544.2921668787949
603.2333333334498,538.4029174454929
603.2666666667831,536.3338964602759
603.3000000001164,537.120039420943
603.3333333334497,539.5185528920653
603.366666666783,541.7032517700125
603.4000000001163,541.774344212587
603.4333333334496,538.4906739733342
603.4666666667829,536.2672637573204
603.5000000001162,542.3994006392503
603.5333333334495,564.121245894998
603.5666666667828,601.4269584691806
603.6000000001161,641.5981522755902
603.6333333334494,670.6279815993652
603.6666666667827,676.7377829263879
603.700000000116,663.5782957067285
603.7333333334493,641.3294045933079
603.7666666667826,620.1020583152505
603.8000000001159,605.2239432364396
603.8333333334492,595.0130142205456
603.8666666667825,587.2291381994205
603.9000000001158,580.4028360668806
603.9333333334491,577.3771719760805
603.9666666667824,582.4945034053721
604.0000000001157,599.9276010356498
604.033333333449,628.0483422522306
604.0666666667823,658.1510822681722
604.1000000001156,681.1005868843336
604.133333333449,689.6398964446242
604.1666666667822,684.9993441192921
604.2000000001156,670.8054091776064
604.2333333334489,650.6912569399465
604.2666666667822,628.4438331623453
604.3000000001155,608.0057061642644
604.3333333334488,593.3263167806687
604.3666666667821,587.0253534446991
604.4000000001154,586.8896939043202
604.4333333334487,589.6086362821824
604.466666666782,591.9894208801818
604.5000000001153,592.8398778659696
604.5333333334486,592.6381881853187
604.5666666667819,591.9138528728752
604.6000000001152,591.3080654211519
604.6333333334485,591.7875098112878
604.6666666667818,594.3778377597381
604.7000000001151,599.9574819718471
604.7333333334484,607.549863755349
604.7666666667817,614.9097124133417
604.800000000115,619.7707427877658
604.8333333334483,620.822140103988
604.8666666667816,618.9869103547021
604.9000000001149,615.506784418576
604.9333333334482,611.6336924263112
604.9666666667815,608.7169679311155
605.0000000001148,608.1600072344183
605.0333333334481,611.3509932232978
605.0666666667814,617.9794047962125
605.1000000001147,624.5438844059141
605.133333333448,627.1911433574795
605.1666666667813,622.8563297459145
605.2000000001146,614.2577156753466
605.233333333448,606.6885010071019
605.2666666667812,605.3870235067064
605.3000000001146,611.8590114304023
605.3333333334479,621.9727162095837
605.3666666667812,631.1283472211176
605.4000000001145,635.5244320690681
605.4333333334478,635.890440245677
605.4666666667811,634.552336160938
605.5000000001144,633.8004535879247
605.5333333334477,634.6711951490124
605.566666666781,636.6795465235178
605.6000000001143,639.2489479667004
605.6333333334476,641.8318477634942
605.6666666667809,644.0083308349581
605.7000000001142,645.3935767813986
605.7333333334475,645.6263583704895
605.7666666667808,644.8610061826558
605.8000000001141,643.7528080719858
605.8333333334474,642.977684598336
605.8666666667807,642.9293202690903
605.900000000114,643.0416730514838
605.9333333334473,642.544891951625
605.9666666667806,640.6591643612475
606.0000000001139,636.454496008343
606.0333333334472,628.8847036635467
606.0666666667805,616.9076690159803
606.1000000001138,603.1106717720631
606.1333333334471,599.6164497318815
606.1666666667804,620.0949504792471
606.2000000001137,675.8906266475055
606.233333333447,753.2393029508241
606.2666666667803,823.047358886636
606.3000000001136,856.116763919299
606.333333333447,839.8555458921791
606.3666666667802,795.50502805938
606.4000000001136,748.4240280117886
606.4333333334469,721.0557203090925
606.4666666667802,712.7428994230587
606.5000000001135,711.8346179965183
606.5333333334468,706.7068294287452
606.5666666667801,691.7369647805068
606.6000000001134,670.8168821946801
606.6333333334467,648.6821912437155
606.66666666678,629.4693794533233
606.7000000001133,613.7817751850675
606.7333333334466,600.9320210264334
606.7666666667799,590.2256101714676
606.8000000001132,580.7855427594678
606.8333333334465,571.5094470618011
606.8666666667798,561.281010525714
606.9000000001131,549.315640041737
606.9333333334464,536.2928785248575
606.9666666667797,523.2960943583541
607.000000000113,511.42240514524576
607.0333333334463,502.0627599065896
607.0666666667796,496.8901600542584
607.1000000001129,497.5887842912376
607.1333333334462,504.9426901390816
607.1666666667795,516.7680062404586
607.2000000001128,530.2700249550002
607.2333333334461,542.7803830101797
607.2666666667794,553.4189158051985
607.3000000001127,562.6315095051306
607.333333333446,570.893708706685
607.3666666667793,578.0968841578306
607.4000000001126,582.6904055275535
607.433333333446,582.9050615269
607.4666666667792,577.2569756783648
607.5000000001125,567.0606908355874
607.5333333334459,555.2170039642879
607.5666666667792,544.6316601658032
607.6000000001125,536.8399583149089
607.6333333334458,530.8286008874395
607.6666666667791,525.306652306781
607.7000000001124,519.307335328804
607.7333333334457,514.1298801358353
607.766666666779,512.040517962021
607.8000000001123,515.2671854525619
607.8333333334456,524.0724551238725
607.8666666667789,535.9522078999526
607.9000000001122,548.1942550638461
607.9333333334455,558.4297432540048
607.9666666667788,566.0257073962014
608.0000000001121,570.896517174061
608.0333333334454,572.9727184104463
608.0666666667787,572.5984809281439
608.100000000112,570.5590946728917
608.1333333334453,567.6613254703215
608.1666666667786,564.6979617876841
608.2000000001119,562.4105377388343
608.2333333334452,561.5288421991073
608.2666666667785,562.7359677511333
608.3000000001118,565.9675912414614
608.3333333334451,570.558055654185
608.3666666667784,575.8243185162974
608.4000000001117,580.8940595088696
608.433333333445,584.391171153854
608.4666666667783,584.8566496308001
608.5000000001116,581.0325563325497
608.533333333445,573.7872335253218
608.5666666667782,565.2668063948994
608.6000000001115,557.6305433889628
608.6333333334449,552.5114819518705
608.6666666667782,550.5175431314418
608.7000000001115,552.1384351948002
608.7333333334448,557.6874415180425
608.7666666667781,566.1953977804424
608.8000000001114,576.1266274127967
608.8333333334447,585.9628056900376
608.866666666778,595.1636921744862
608.9000000001113,604.5938501222049
608.9333333334446,615.226560467477
608.9666666667779,627.4867146363969
609.0000000001112,639.002116107854
609.0333333334445,646.5110663962054
609.0666666667778,646.849778161222
609.1000000001111,639.3776510829291
609.1333333334444,626.1324625858496
609.1666666667777,609.2813408005649
609.200000000111,590.8810200017988
609.2333333334443,572.5911878705805
609.2666666667776,555.9823003132657
609.3000000001109,542.6366381618736
609.3333333334442,534.3174306289211
609.3666666667775,532.9292824628342
609.4000000001108,540.3757969510588
609.4333333334441,556.5684772560697
609.4666666667774,576.3524454653725
609.5000000001107,593.7792802481823
609.533333333444,603.6330655808754
609.5666666667773,607.9089466073808
609.6000000001106,612.7016641163714
609.6333333334439,624.1066715541693
609.6666666667772,643.7283220262368
609.7000000001105,665.0054136710447
609.7333333334439,680.5118827684947
609.7666666667772,684.0144402288856
609.8000000001105,677.165592303052
609.8333333334438,664.8187173311107
609.8666666667771,651.776773690876
609.9000000001104,640.4780934005884
609.9333333334437,630.2615103631576
609.966666666777,620.2558971186845
610.0000000001103,611.4165341095913
610.0333333334436,612.971712414264
610.0666666667769,636.4910106768573
610.1000000001102,695.2263497339242
610.1333333334435,837.5370614327093
610.1666666667768,1145.0076329253434
610.2000000001101,1700.4894305021298
610.2333333334434,2504.706424469634
610.2666666667767,3302.746940040507
610.30000000011,3790.1034903402574
610.3333333334433,3690.192716964914
610.3666666667766,3074.391355457556
610.4000000001099,2250.1715277879352
610.4333333334432,1528.840039805302
610.4666666667765,1101.514656347112
610.5000000001098,899.8917286231456
610.5333333334431,821.8814160663856
610.5666666667764,773.719333311519
610.6000000001097,728.0434066329992
610.633333333443,689.2726868985553
610.6666666667763,661.9631603031852
610.7000000001096,647.1793217324251
610.7333333334429,640.6919832592274
610.7666666667762,637.8301184609659
610.8000000001095,634.8512027725698
610.8333333334429,632.9247194077783
610.8666666667762,634.8384207024249
610.9000000001095,643.4843346533988
610.9333333334428,664.4545567413612
610.9666666667761,706.2348861657422
611.0000000001094,777.4526721618304
611.0333333334427,877.7100996861567
611.066666666776,974.5999122683528
611.1000000001093,1028.6216958835469
611.1333333334426,1003.4390353757404
611.1666666667759,908.6988657084614
611.2000000001092,788.7635426355564
611.2333333334425,688.7955627601935
611.2666666667758,637.7731154741763
611.3000000001091,625.9454673376545
611.3333333334424,637.8899912781234
611.3666666667757,658.9798809566282
611.400000000109,681.6689096862302
611.4333333334423,702.1229169053444
611.4666666667756,716.5704800539979
611.5000000001089,723.3489603138154
611.5333333334422,724.2544756362884
611.5666666667755,721.4040608442536
611.6000000001088,716.9389036953834
611.6333333334421,713.1384219540586
611.6666666667754,712.3311249538386
611.7000000001087,716.7915265294947
611.733333333442,727.2135164569343
611.7666666667753,742.4965419330415
611.8000000001086,761.4430152707571
611.8333333334419,782.7327883306208
611.8666666667752,804.5864459140689
611.9000000001085,825.117016286234
611.9333333334419,842.6081341734327
611.9666666667752,857.9719138193637
612.0000000001085,874.183308166236
612.0333333334418,894.4358733364719
612.0666666667751,979.5543816380504
612.1000000001084,1332.6814419153643
612.1333333334417,2178.5421997860662
612.166666666775,3682.45408433724
612.2000000001083,5467.82126843846
612.2333333334416,6868.1261004794615
612.2666666667749,7220.560304532307
612.3000000001082,6328.77888695373
612.3333333334415,4769.261500014162
612.3666666667748,3191.149869262875
612.4000000001081,2145.3621288997474
612.4333333334414,1620.5291021721778
612.4666666667747,1405.540763097914
612.500000000108,1292.6148999026798
612.5333333334413,1176.344373198099
612.5666666667746,1066.4627397573258
612.6000000001079,978.8342674866424
612.6333333334412,924.1165238405108
612.6666666667745,893.874923932334
612.7000000001078,875.2999382973409
612.7333333334411,856.151804069972
612.7666666667744,832.5966114109364
612.8000000001077,807.2106923384698
612.833333333441,782.7286126026075
612.8666666667743,760.9796537914413
612.9000000001076,741.6481701891493
612.9333333334409,724.1078561978728
612.9666666667742,707.9378844035348
613.0000000001075,694.4806213416126
613.0333333334409,685.9757073752108
613.0666666667742,684.657295305527
613.1000000001075,691.9877424862973
613.1333333334408,708.2237034141941
613.1666666667741,733.517007372333
613.2000000001074,766.7653423931247
613.2333333334407,800.227331878956
613.266666666774,823.9729683651526
613.3000000001073,828.4404562733889
613.3333333334406,813.231810666381
613.3666666667739,787.497608673731
613.4000000001072,760.8345628742524
613.4333333334405,740.7401181286485
613.4666666667738,727.7335231309323
613.5000000001071,720.8859123874861
613.5333333334404,719.3875331935684
613.5666666667737,723.9554447626043
613.600000000107,736.3637224744311
613.6333333334403,758.3859258857818
613.6666666667736,788.1423487458019
613.7000000001069,816.0218910493182
613.7333333334402,831.4294199200422
613.7666666667735,825.6492605947803
613.8000000001068,803.9364196085837
613.8333333334401,777.8391688759604
613.8666666667734,758.7671774960731
613.9000000001067,750.6202589727578
613.93333333344,746.960346876067
613.9666666667733,740.596626450761
614.0000000001066,736.2691539145238
614.0333333334399,792.8014493317183
614.0666666667732,984.3342364373746
614.1000000001065,1377.793273760363
614.1333333334399,1901.112366254275
614.1666666667732,2356.7483569626456
614.2000000001065,2542.768438766347
614.2333333334398,2348.631199677451
614.2666666667731,1919.5472452153097
614.3000000001064,1445.1235179762937
614.3333333334397,1100.67828384902
614.366666666773,915.2920277446792
614.4000000001063,832.3485990350263
614.4333333334396,794.3778287164972
614.4666666667729,764.2165819652943
614.5000000001062,740.5572812359185
614.5333333334395,725.7522431476165
614.5666666667728,721.1423547317651
614.6000000001061,722.0306936851167
614.6333333334394,721.4893708840531
614.6666666667727,712.8584002576351
614.700000000106,697.4179958505528
614.7333333334393,685.4637823274453
614.7666666667726,687.7788147094163
614.8000000001059,710.8298652329617
614.8333333334392,745.5539264628746
614.8666666667725,779.3965623012668
614.9000000001058,800.5326260710372
614.9333333334391,807.2337555497203
614.9666666667724,805.1470409594667
615.0000000001057,800.0777843264786
615.033333333439,795.853702418638
615.0666666667723,791.951028103801
615.1000000001056,787.2665145007956
615.1333333334389,780.7454726915979
615.1666666667722,771.7031941867202
615.2000000001055,759.62524487324
615.2333333334388,744.0832934104022
615.2666666667722,728.4682115652068
615.3000000001055,721.447222534229
615.3333333334388,732.0737547979129
615.3666666667721,765.5156918103905
615.4000000001054,809.5876813090052
615.4333333334387,847.2617537076868
615.466666666772,862.3384230969244
615.5000000001053,853.8221913314507
615.5333333334386,834.0452741964586
615.5666666667719,815.7850021289655
615.6000000001052,808.327649571789
615.6333333334385,811.6738203242636
615.6666666667718,824.2972954885629
615.7000000001051,844.3105187484982
615.7333333334384,866.4200662748184
615.7666666667717,883.4617611482448
615.800000000105,888.3928724487789
615.8333333334383,883.840849316051
615.8666666667716,888.1717676512723
615.9000000001049,921.1971625056676
615.9333333334382,994.7279133708184
615.9666666667715,1077.8746202450714
616.0000000001048,1125.5602595935045
616.0333333334381,1100.7725625712696
616.0666666667714,1157.3886431797623
616.1000000001047,1643.099338537475
616.133333333438,2914.1319730090154
616.1666666667713,5067.912062583998
616.2000000001046,7397.065005924214
616.2333333334379,9038.230059653626
616.2666666667712,9209.772869744444
616.3000000001045,8050.810951003661
616.3333333334378,6280.864207076096
616.3666666667712,4625.673513185673
616.4000000001045,3516.2717920338555
616.4333333334378,2836.943120250157
616.4666666667711,2412.587155583523
616.5000000001044,2087.891431485441
616.5333333334377,1829.0974547883256
616.566666666771,1648.5726365976502
616.6000000001043,1557.6806928653623
616.6333333334376,1535.7975515698197
616.6666666667709,1525.9524380474
616.7000000001042,1469.2085699917584
616.7333333334375,1336.6298667593896
616.7666666667708,1204.4654820899273
616.8000000001041,1172.0040875929408
616.8333333334374,1329.5548951743265
616.8666666667707,1651.1709442510946
616.900000000104,2029.8509426102885
616.9333333334373,2357.1456648057424
616.9666666667706,2554.314672452966
617.0000000001039,2603.3308108122205
617.0333333334372,2493.5824602619955
617.0666666667705,2224.215532343693
617.1000000001038,1860.7465315545492
617.1333333334371,1496.3317542491518
617.1666666667704,1222.480362015977
617.2000000001037,1070.8600750857731
617.233333333437,999.601173751064
617.2666666667703,962.3200380128046
617.3000000001036,921.774575378948
617.3333333334369,875.4987993573991
617.3666666667702,829.2949500784151
617.4000000001035,788.8524159003206
617.4333333334368,758.2550975361182
617.4666666667702,740.3921611596371
617.5000000001035,738.1003742038334
617.5333333334368,749.7039925824861
617.5666666667701,763.7237501475113
617.6000000001034,767.3939457533149
617.6333333334367,750.1378942052214
617.66666666677,717.2136564421563
617.7000000001033,680.8442733663521
617.7333333334366,653.0831633396984
617.7666666667699,638.4173039149998
617.8000000001032,631.6179015459135
617.8333333334365,626.8181145586176
617.8666666667698,619.5334285077093
617.9000000001031,610.7649116804579
617.9333333334364,602.8741828116489
617.9666666667697,598.0466827758034
618.000000000103,595.8464095145392
618.0333333334363,593.826860900914
618.0666666667696,589.501465161919
618.1000000001029,582.7402237647314
618.1333333334362,578.6605298772155
618.1666666667695,583.0881688183438
618.2000000001028,600.5573085633
618.2333333334361,626.0725677900239
618.2666666667694,650.3737668458267
618.3000000001027,664.3949540257552
618.333333333436,667.3541493488316
618.3666666667693,669.2055094363543
618.4000000001026,680.6181921364317
618.4333333334359,709.691103780014
618.4666666667692,754.2964883465669
618.5000000001025,809.7634384207773
618.5333333334358,870.9527139476673
618.5666666667692,925.804845021959
618.6000000001025,956.9775118722708
618.6333333334358,947.057262256904
618.6666666667691,891.0011996789274
618.7000000001024,810.9741927478425
618.7333333334357,732.7624150589668
618.766666666769,678.892260487191
618.8000000001023,648.3764609051931
618.8333333334356,629.9109102652675
618.8666666667689,612.307628244954
618.9000000001022,590.234626625654
618.9333333334355,565.7583564601317
618.9666666667688,541.4192747754934
619.0000000001021,521.320760771113
619.0333333334354,515.5588650912425
619.0666666667687,535.665713327968
619.100000000102,591.4271799645564
619.1333333334353,668.2911600661524
619.1666666667686,733.8459074997434
619.2000000001019,755.3860867731761
619.2333333334352,719.2469583189949
619.2666666667685,651.6334638197793
619.3000000001018,583.7622181321724
619.3333333334351,542.6941921428656
619.3666666667684,527.3835619627431
619.4000000001017,525.1390190762237
619.433333333435,523.4480687906299
619.4666666667683,516.7499015353682
619.5000000001016,507.7539272854767
619.5333333334349,499.65187423962817
619.5666666667682,494.6336444249383
619.6000000001015,491.3308636759011
619.6333333334348,487.5855156170445
619.6666666667682,481.4081947122959
619.7000000001015,472.92119650775567
619.7333333334348,463.68482548737376
619.7666666667681,455.2887507165884
619.8000000001014,449.5280598113021
619.8333333334347,448.5928488897887
619.866666666768,454.71805227275456
619.9000000001013,469.3782812783143
619.9333333334346,489.41732290716186
619.9666666667679,509.93558321685526
620.0000000001012,1193.5606287773014
620.0333333334345,1175.2309001559418
620.0666666667678,1155.3014500382587
620.1000000001011,1136.4020618327766
620.1333333334344,1121.161049074435
620.1666666667677,1111.3774633722417
620.200000000101,1106.6393846991048
620.2333333334343,1106.1704146122845
620.2666666667676,1109.1941546690412
620.3000000001009,1114.934206426636
620.3333333334342,1122.6138769271763
620.3666666667675,1131.3278939599688
620.4000000001008,1139.8416683869953
620.4333333334341,1146.8686329952477
620.4666666667674,1151.1222205717197
620.5000000001007,1151.315863903404
620.533333333434,1146.1668022866463
620.5666666667673,1135.6997704919115
620.6000000001006,1123.1522745533146
620.6333333334339,1112.2463680877916
620.6666666667672,1106.7041047122786
620.7000000001005,1110.2475380437113
620.7333333334338,1126.5889332979868
620.7666666667672,1156.7562171328436
620.8000000001005,1195.4571270135625
620.8333333334338,1236.4904554076277
620.8666666667671,1273.6549947825226
620.9000000001004,1300.7495376057311
620.9333333334337,1311.5881650924623
620.966666666767,1303.3762989834822
621.0000000001003,1280.9609785180548
621.0333333334336,1250.2349422662014
621.0666666667669,1217.0909287979423
621.1000000001002,1187.4216766832978
621.1333333334335,1167.1055311818106
621.1666666667668,1159.40806452559
621.2000000001001,1161.9673574537132
621.2333333334334,1171.6904006669115
621.2666666667667,1185.4841848659148
621.3000000001,1200.2557007514545
621.3333333334333,1212.9189246137348
621.3666666667666,1221.436513993394
621.4000000000999,1225.92759508593
621.4333333334332,1226.7766357518458
621.4666666667665,1224.3681038516445
621.5000000000998,1219.0864672458297
621.5333333334331,1211.317997264037
621.5666666667664,1201.674994721122
621.6000000000997,1191.21300776363
621.633333333433,1181.0391110751832
621.6666666667663,1172.260379339402
621.7000000000996,1165.9838872399084
621.7333333334329,1163.3105648661542
621.7666666667662,1164.6928629534395
621.8000000000995,1169.37191020285
621.8333333334328,1176.4561509311402
621.8666666667662,1185.054029455066
621.9000000000995,1194.2739900913823
621.9333333334328,1203.2264113801896
621.9666666667661,1211.1949113062926
622.0000000000994,1217.770999662058
622.0333333334327,1222.577875648846
622.066666666766,1225.2387384680178
622.1000000000993,1225.376787320935
622.1333333334326,1222.6199277738474
622.1666666667659,1216.9563550981957
622.2000000000992,1208.982818499639
622.2333333334325,1199.354744271169
622.2666666667658,1188.7275587057777
622.3000000000991,1177.7566880964555
622.3333333334324,1167.09129024061
622.3666666667657,1156.9676894491995
622.400000000099,1146.960258072206
622.4333333334323,1136.5837676358933
622.4666666667656,1125.3529896665252
622.5000000000989,1112.782695690366
622.5333333334322,1098.4183258455455
622.5666666667655,1083.5532656218886
622.6000000000988,1072.1385058004116
622.6333333334321,1068.3477096757351
622.6666666667654,1076.354540542479
622.7000000000987,1100.3326616952645
622.733333333432,1144.3491465395366
622.7666666667653,1207.1850407212914
622.8000000000986,1280.0092667803256
622.8333333334319,1353.3994565465102
622.8666666667652,1417.9332418497168
622.9000000000985,1464.1882545198164
622.9333333334318,1482.901084166922
622.9666666667651,1471.701714660481
623.0000000000985,1437.6112910705222
623.0333333334318,1388.324489808655
623.0666666667651,1331.535987286488
623.1000000000984,1274.9404599156308
623.1333333334317,1226.1286107744122
623.166666666765,1188.7303041075108
623.2000000000983,1161.27658037604
623.2333333334316,1141.9623492897283
623.2666666667649,1128.9825205583031
623.3000000000982,1120.5320038914936
623.3333333334315,1114.8242629648855
623.3666666667648,1110.6962441256774
623.4000000000981,1107.7423867974856
623.4333333334314,1105.6028053294676
623.4666666667647,1103.9176140707812
623.500000000098,1102.3269273705826
623.5333333334313,1100.4852498875207
623.5666666667646,1098.4752739533376
623.6000000000979,1096.8700571310692
623.6333333334312,1096.269554515876
623.6666666667645,1097.2737212029188
623.7000000000978,1100.4825122873583
623.7333333334311,1106.4617808425342
623.7666666667644,1114.8757443793224
623.8000000000977,1124.4165686059637
623.833333333431,1133.7282089910077
623.8666666667643,1141.4546210030053
623.9000000000976,1146.2397601105067
623.9333333334309,1146.77494962651
623.9666666667642,1142.8678568892915
624.0000000000975,1135.4576360588414
624.0333333334308,1125.5338378712347
624.0666666667641,1114.086013062545
624.1000000000975,1102.1037123688466
624.1333333334308,1090.5847396121155
624.1666666667641,1080.700776938866
624.2000000000974,1073.7889635424665
624.2333333334307,1071.193006145307
624.266666666764,1074.2566114697795
624.3000000000973,1084.323486238275
624.3333333334306,1102.596167518451
624.3666666667639,1127.6114521097995
624.4000000000972,1155.5281316002345
624.4333333334305,1182.421610386656
624.4666666667638,1204.3672928659644
624.5000000000971,1217.440583435061
624.5333333334304,1217.983706967299
624.5666666667637,1206.8653982895764
624.600000000097,1188.734011485297
624.6333333334303,1168.353818606943
624.6666666667636,1150.489091706997
624.7000000000969,1139.9041028379422
624.7333333334302,1141.0527606334306
624.7666666667635,1153.6487817588115
624.8000000000968,1173.707019256996
624.8333333334301,1197.1442537431103
624.8666666667634,1219.8772658322816
624.9000000000967,1237.8228361396357
624.93333333343,1247.1429567066543
624.9666666667633,1247.3776018760043
625.0000000000966,1240.5258422027716
625.0333333334299,1228.6423558756835
625.0666666667632,1213.7818210834698
625.1000000000965,1197.9989160148584
625.1333333334298,1183.1475055194855
625.1666666667631,1168.5821975643591
625.2000000000965,1151.963307404502
625.2333333334298,1130.9189951295198
625.2666666667631,1103.077420829018
625.3000000000964,1066.0667445926013
625.3333333334297,1018.4075039108176
625.366666666763,968.6682822450416
625.4000000000963,931.7488322127424
625.4333333334296,922.6478260204876
625.4666666667629,956.3639358748452
625.5000000000962,1047.8958339823828
625.5333333334295,1209.5116097202183
625.5666666667628,1425.6296658793324
625.6000000000961,1664.3919139555885
625.6333333334294,1893.7357606890785
625.6666666667627,2081.5986128198947
625.700000000096,2195.9178770881285
625.7333333334293,2208.609272608563
625.7666666667626,2128.3774975189144
625.8000000000959,1983.8273268452403
625.8333333334292,1803.758833343558
625.8666666667625,1616.9720897698826
625.9000000000958,1452.2671688802309
625.9333333334291,1335.3192078412126
625.9666666667624,1265.5828842529477
626.0000000000957,1229.415777030256
626.033333333429,1213.078709119683
626.0666666667623,1202.8325034677755
626.1000000000956,1184.9379830210785
626.1333333334289,1147.4321561904358
626.1666666667622,1091.8820238878482
626.2000000000955,1026.0800821979176
626.2333333334288,957.851820209836
626.2666666667621,895.0227270127959
626.3000000000955,845.4182916959891
626.3333333334288,815.6750780985433
626.3666666667621,804.2052510841222
626.4000000000954,805.9439267900074
626.4333333334287,815.8138347498232
626.466666666762,828.7377044971943
626.5000000000953,839.6382655657449
626.5333333334286,844.1365015826211
626.5666666667619,842.2400246624683
626.6000000000952,835.6558962680276
626.6333333334285,826.0948892793963
626.6666666667618,815.2677765766712
626.7000000000951,804.8853310399492
626.7333333334284,796.4246167145178
626.7666666667617,790.0295463371299
626.800000000095,785.3720418420911
626.8333333334283,782.1234754778957
626.8666666667616,779.9552194930366
626.9000000000949,778.5386461360076
626.9333333334282,777.5739542076326
626.9666666667615,776.9105834942762
627.0000000000948,776.4461258064827
627.0333333334281,776.0781966290385
627.0666666667614,775.7044114467303
627.1000000000947,775.2223857443452
627.133333333428,774.5904004514712
627.1666666667613,774.0515811010329
627.2000000000946,773.9325812870621
627.2333333334279,774.5600654540705
627.2666666667612,776.2606980465688
627.3000000000945,779.3611435090689
627.3333333334278,783.9976738503196
627.3666666667611,789.4966597968144
627.4000000000945,794.9691567978716
627.4333333334278,799.5262185560434
627.4666666667611,802.2788987738818
627.5000000000944,802.3382518682439
627.5333333334277,799.1636566267462
627.566666666761,793.5550368106607
627.6000000000943,786.6347599520979
627.6333333334276,779.5251935831675
627.6666666667609,773.3487052359795
627.7000000000942,769.227621419883
627.7333333334275,767.8248875954022
627.7666666667608,768.2060134696793
627.8000000000941,769.0895057037271
627.8333333334274,769.1938709585592
627.8666666667607,767.2376158951884
627.900000000094,761.9394898380172
627.9333333334273,752.5893648887733
627.9666666667606,740.2702632180683
628.0000000000939,726.416207687503
628.0333333334272,712.4612211586768
628.0666666667605,699.8393264931902
628.1000000000938,689.9839295364233
628.1333333334271,683.7844874166727
628.1666666667604,680.5889577397442
628.2000000000937,679.4741166689546
628.233333333427,679.516740367621
628.2666666667603,679.7936049990598
628.3000000000936,679.3821546367296
628.3333333334269,677.6490370437426
628.3666666667602,674.7006016384962
628.4000000000935,670.7597766091995
628.4333333334268,666.0494901440618
628.4666666667601,660.7926704312919
628.5000000000935,655.2120654529132
628.5333333334268,649.4855864703451
628.56666666676,643.6876359881188
628.6000000000934,637.8780566833191
628.6333333334267,632.1166912330297
628.66666666676,626.4633823143348
628.7000000000933,620.978406256007
628.7333333334266,615.7906832366795
628.7666666667599,611.1721781364166
628.8000000000932,607.4127351180906
628.8333333334265,604.8021983445735
628.8666666667598,603.6304119787378
628.9000000000931,604.1848557200831
628.9333333334264,606.4973856071997
628.9666666667597,610.119000329827
629.000000000093,614.5475680397253
629.0333333334263,619.2809568886544
629.0666666667596,623.8170350283747
629.1000000000929,627.6573568172189
629.1333333334262,630.5901585783157
629.1666666667595,632.8904603870072
629.2000000000928,634.8805401612827
629.2333333334261,636.8826758191316
629.2666666667594,639.2191452785428
629.3000000000927,642.20779082129
629.333333333426,645.9083379891965
629.3666666667593,649.9849767793806
629.4000000000926,654.0683983892834
629.4333333334259,657.7892940163456
629.4666666667592,660.778354858008
629.5000000000925,662.6696021736158
629.5333333334258,663.2465596402737
629.5666666667591,662.4994250187362
629.6000000000925,660.4335376747046
629.6333333334258,657.0542369738802
629.666666666759,652.366862281964
629.7000000000924,646.3956751969866
629.7333333334257,639.8364562308785
629.766666666759,634.2219508406765
629.8000000000923,631.1374198710897
629.8333333334256,632.1681241668267
629.8666666667589,638.8993245725964
629.9000000000922,652.8347637002529
629.9333333334255,673.1461446183928
629.9666666667588,696.3867788102208
630.0000000000921,718.9709481949558
630.0333333334254,737.312934691816
630.0666666667587,747.8270202200202
630.100000000092,747.1257614065448
630.1333333334253,736.4676659420882
630.1666666667586,721.8052702786226
630.2000000000919,709.2990014348726
630.2333333334252,705.1092864295629
630.2666666667585,715.3965522814182
630.3000000000918,745.8985284172508
630.3333333334251,794.1332728095547
630.3666666667584,850.1561750129642
630.4000000000917,903.751770778414
630.433333333425,944.704595856838
630.4666666667583,962.7991859991716
630.5000000000916,948.4941301537638
630.5333333334249,903.2438808495548
630.5666666667582,837.4585276431928
630.6000000000915,761.8087724886866
630.6333333334248,686.9653173400443
630.6666666667581,623.5988641512748
630.7000000000914,581.7476635298322
630.7333333334248,562.717335545617
630.766666666758,561.4462625734164
630.8000000000914,572.7283031760383
630.8333333334247,591.3573159162904
630.866666666758,612.1271593569801
630.9000000000913,630.1057949211452
630.9333333334246,643.5881721768178
630.9666666667579,652.9705827306861
631.0000000000912,658.6852232108255
631.0333333334245,661.1642902453113
631.0666666667578,660.8399804622196
631.1000000000911,658.1669443368975
631.1333333334244,653.8265744051628
631.1666666667577,648.6317600621558
631.200000000091,643.3970043974213
631.2333333334243,638.9368105005041
631.2666666667576,636.0656814609487
631.3000000000909,635.5760237433225
631.3333333334242,638.0679357595037
631.3666666667575,644.0425038462653
631.4000000000908,653.9999962411989
631.4333333334241,668.4406811818964
631.4666666667574,687.8648269059496
631.5000000000907,712.460029130801
631.533333333424,740.0599333143537
631.5666666667573,767.4260310902783
631.6000000000906,791.3143791587192
631.6333333334239,808.4810342198207
631.6666666667572,815.6820529737267
631.7000000000905,810.3413801812346
631.7333333334238,794.2443187265698
631.7666666667571,770.9267075188448
631.8000000000904,743.9291014984216
631.8333333334238,716.7920556056622
631.866666666757,693.0561247809287
631.9000000000904,675.6752626802473
631.9333333334237,664.2750235184805
631.966666666757,657.3084940756709
632.0000000000903,653.2274494221598
632.0333333334236,650.4836646282891
632.0666666667569,647.5289147644003
632.1000000000902,643.1246005649385
632.1333333334235,637.5599138119474
632.1666666667568,631.5944530159404
632.2000000000901,625.9879473693007
632.2333333334234,621.5001260644111
632.2666666667567,618.8907182936543
632.30000000009,618.6425710046501
632.3333333334233,620.0505594140118
632.3666666667566,622.0910156184573
632.4000000000899,623.7402679235364
632.4333333334232,623.974644634799
632.4666666667565,621.7704787995525
632.5000000000898,616.491306459168
632.5333333334231,608.9437066872065
632.5666666667564,600.2703598168356
632.6000000000897,591.6139461812234
632.633333333423,584.1171461135378
632.6666666667563,578.9225285974384
632.7000000000896,576.7923671427188
632.7333333334229,577.258620506853
632.7666666667562,579.6049023982596
632.8000000000895,583.1148265253568
632.8333333334228,587.0720065965633
632.8666666667561,590.7602626430727
632.9000000000894,593.6335810937506
632.9333333334228,595.6241273723055
632.966666666756,596.7474404294082
633.0000000000894,597.0190592157298
633.0333333334227,596.4545226819411
633.066666666756,595.0702847501574
633.1000000000893,593.1878388386843
633.1333333334226,591.8741512017631
633.1666666667559,592.3079449612928
633.2000000000892,595.6679432391728
633.2333333334225,603.1328691573024
633.2666666667558,615.8763611448406
633.3000000000891,634.1942517865291
633.3333333334224,656.5140760594819
633.3666666667557,681.0239898627061
633.400000000089,705.9121490952095
633.4333333334223,729.3667096560001
633.4666666667556,749.5806032492886
633.5000000000889,765.2399422101903
633.5333333334222,775.9461936334991
633.5666666667555,781.4002979225069
633.6000000000888,781.3031954805057
633.6333333334221,775.3558267107875
633.6666666667554,763.2892267527307
633.7000000000887,746.8752451196636
633.733333333422,731.1921556710694
633.7666666667553,721.6200723691901
633.8000000000886,723.5391091762681
633.8333333334219,742.3293800545453
633.8666666667552,783.244601265225
633.9000000000885,845.534653119328
633.9333333334218,919.9534799182896
633.9666666667551,996.611297913194
634.0000000000884,1065.6183233551262
634.0333333334218,1117.0847724951711
634.066666666755,1141.3726862997796
634.1000000000884,1137.6229253675097
634.1333333334217,1115.827750988124
634.166666666755,1086.6516115746183
634.2000000000883,1060.758955539991
634.2333333334216,1048.8142312972368
634.2666666667549,1061.1515852850976
634.3000000000882,1099.3546510186468
634.3333333334215,1155.563229479368
634.3666666667548,1221.4479029783092
634.4000000000881,1288.6792538265172
634.4333333334214,1348.9278643350392
634.4666666667547,1394.064631687419
634.500000000088,1420.1021235464088
634.5333333334213,1426.9513376353998
634.5666666667546,1414.674882593403
634.6000000000879,1383.335367059429
634.6333333334212,1332.9953996724882
634.6666666667545,1263.9428633091095
634.7000000000878,1180.1764120388757
634.7333333334211,1088.735794388912
634.7666666667544,996.7504325339615
634.8000000000877,911.349748648767
634.833333333421,839.6631649080713
634.8666666667543,788.3296552597261
634.9000000000876,757.447561394475
634.9333333334209,742.4594700958828
634.9666666667542,738.7082038215899
635.0000000000875,741.5365850292361
635.0333333334208,746.2874361764615
635.0666666667541,748.6054211866021
635.1000000000874,747.4352970564576
635.1333333334208,743.7557794013278
635.166666666754,738.5754543538678
635.2000000000874,732.9029080467327
635.2333333334207,727.7467266125772
635.266666666754,724.0395613334307
635.3000000000873,722.0268158941171
635.3333333334206,721.588553278625
635.3666666667539,722.6014571478362
635.4000000000872,724.9422111626316
635.4333333334205,728.4874989838927
635.4666666667538,733.1293306495917
635.5000000000871,738.8753803385994
635.5333333334204,745.7861145150199
635.5666666667537,753.9222697423232
635.600000000087,763.3445825839797
635.6333333334203,774.1137896034586
635.6666666667536,786.3036053433801
635.7000000000869,800.0698376016837
635.7333333334202,815.6002998927049
635.7666666667535,833.0828783903339
635.8000000000868,852.7054592684603
635.8333333334201,874.6559287009746
635.8666666667534,898.9121209140112
635.9000000000867,924.3345061328644
635.93333333342,949.4134789553932
635.9666666667533,972.6391948950334
636.0000000000866,992.5018094652214
636.0333333334199,1007.4914781793937
636.0666666667532,1016.3843000263636
636.1000000000865,1019.2373759386936
636.1333333334198,1016.466383016831
636.1666666667531,1008.4870156100384
636.2000000000864,995.714968067579
636.2333333334198,978.5659354574152
636.266666666753,957.556630224342
636.3000000000864,933.584758589892
636.3333333334197,907.6378321789492
636.366666666753,880.7033626163966
636.4000000000863,853.7688615271176
636.4333333334196,827.8218256707127
636.4666666667529,803.8098715617522
636.5000000000862,782.5540179867735
636.5333333334195,764.8502207456912
636.5666666667528,751.4944356384201
636.6000000000861,743.282618464875
636.6333333334194,741.0101095729765
636.6666666667527,745.1157010459347
636.700000000086,755.083818009044
636.7333333334193,770.2408929183724
636.7666666667526,789.9133582299884
636.8000000000859,813.4276463999597
636.8333333334192,840.1066172728634
636.8666666667525,868.4646545704284
636.9000000000858,895.1865691662103
636.9333333334191,916.7055772253108
636.9666666667524,929.4548949128312
637.0000000000857,929.8677383938732
637.033333333419,914.4016210296336
637.0666666667523,882.3271751928388
637.1000000000856,838.3116017509863
637.1333333334189,787.6328933311677
637.1666666667522,735.5690425604748
637.2000000000855,687.3980420659993
637.2333333334188,648.3572988172717
637.2666666667521,620.8849627398175
637.3000000000854,602.8569094892537
637.3333333334188,591.729233713742
637.366666666752,584.9580300614448
637.4000000000854,579.9993931805242
637.4333333334187,574.3409655259771
637.466666666752,566.8973408658701
637.5000000000853,558.561924596819
637.5333333334186,550.3737539638768
637.5666666667519,543.3718662120965
637.6000000000852,538.595298586531
637.6333333334185,537.0575462192246
637.6666666667518,538.9635392851858
637.7000000000851,543.5635810957939
637.7333333334184,550.052967712844
637.7666666667517,557.6269951981305
637.800000000085,565.4809596134485
637.8333333334183,572.8154649938504
637.8666666667516,578.9542605350429
637.9000000000849,583.3448333731704
637.9333333334182,585.4400971744495
637.9666666667515,584.6929656050972
638.0000000000848,580.55635233133
638.0333333334181,572.5398036711663
638.0666666667514,561.1487138490928
638.1000000000847,547.7388987321476
638.133333333418,533.6934941829588
638.1666666667513,520.3956360641542
638.2000000000846,509.2284602383622
638.2333333334179,501.4948153998076
638.2666666667512,497.4004162059272
638.3000000000845,496.3567106478405
638.3333333334178,497.7574214833091
638.3666666667511,500.9962714700935
638.4000000000844,505.4669833659548
638.4333333334177,510.5820810253208
638.466666666751,515.9575062944899
638.5000000000844,521.3335876120341
638.5333333334177,526.4524393824046
638.566666666751,531.0561760100527
638.6000000000843,534.8869118994297
638.6333333334176,537.6624983981013
638.6666666667509,538.8900467519139
638.7000000000842,537.9683450047446
638.7333333334175,534.2952914893443
638.7666666667508,527.2687845384639
638.8000000000841,516.2867224848547
638.8333333334174,501.157297975737
638.8666666667507,484.57808391843406
638.900000000084,470.4877859555074
638.9333333334173,462.82989765615656
638.9666666667506,465.5479125895804
639.0000000000839,482.5853243249783
639.0333333334172,516.7525045827246
639.0666666667505,564.3469813256299
639.1000000000838,619.3438991527236
639.1333333334171,675.7155421912848
639.1666666667504,727.4341945685928
639.2000000000837,768.4721404119266
639.233333333417,793.8587586817708
639.2666666667503,803.6005263745152
639.3000000000836,799.1673777624864
639.3333333334169,782.0294466418455
639.3666666667502,753.6568668087536
639.4000000000835,715.5197730175199
639.4333333334168,669.6783979418225
639.4666666667501,620.4706457687215
639.5000000000834,572.783878309473
639.5333333334167,531.5054573753334
639.56666666675,501.5227447775584
639.6000000000834,487.7223648130605
639.6333333334167,493.08726069750657
639.66666666675,514.5764832866564
639.7000000000833,547.9604136925
639.7333333334166,589.0094330270273
639.7666666667499,633.4939224022283
639.8000000000832,677.1852806075578
639.8333333334165,716.3444616985743
639.8666666667498,748.5060830000384
639.9000000000831,771.4092458799987
639.9333333334164,782.7930517065047
639.9666666667497,780.3966018476052
640.000000000083,761.9720188134162
640.0333333334163,727.6066781823768
640.0666666667496,682.4034267603705
640.1000000000829,632.1145404058165
640.1333333334162,582.4922949771338
640.1666666667495,539.2889663327418
640.2000000000828,508.22389739986704
640.2333333334161,492.0534674032481
640.2666666667494,488.2606556410094
640.3000000000827,493.7847120778597
640.333333333416,505.56488667850766
640.3666666667493,520.5404294076623
640.4000000000826,535.6948513867577
640.4333333334159,550.36039418435
640.4666666667492,567.3435223338107
640.5000000000825,589.7309316168158
640.5333333334158,620.6093178150408
640.5666666667491,663.0653767101609
640.6000000000824,720.0424297031622
640.6333333334157,789.5255669890042
640.666666666749,863.3939771990154
640.7000000000824,933.1508168090704
640.7333333334157,990.2992422950438
640.766666666749,1026.3424101328103
640.8000000000823,1033.118004701147
640.8333333334156,1010.518514938244
640.8666666667489,966.6968484730456
640.9000000000822,910.1815718545294
640.9333333334155,849.5012516316725
640.9666666667488,793.1844543534537
641.0000000000821,749.3851719137217
641.0333333334154,719.6830520845607
641.0666666667487,700.0499904336162
641.100000000082,686.2781600824578
641.1333333334153,674.1597341526547
641.1666666667486,659.4868857657755
641.2000000000819,638.3648535324122
641.2333333334152,611.0372540853975
641.2666666667485,580.6754099870788
641.3000000000818,550.5124467563127
641.3333333334151,523.7814899119562
641.3666666667484,503.7156649728664
641.4000000000817,493.2192906389941
641.433333333415,491.8453623431417
641.4666666667483,497.1892372119212
641.5000000000816,506.8217143074349
641.5333333334149,518.3135926917852
641.5666666667482,529.2356714270743
641.6000000000815,537.4403887086195
641.6333333334148,543.0307847246203
641.6666666667481,547.1888225180636
641.7000000000814,551.1032534352395
641.7333333334147,555.9628288224377
641.766666666748,562.956300025948
641.8000000000814,572.95257530065
641.8333333334147,584.7938126120855
641.866666666748,596.5307248127904
641.9000000000813,606.2122103087135
641.9333333334146,611.8871675058037
641.9666666667479,611.6044948100101
642.0000000000812,603.9575867332318
642.0333333334145,590.2945873320873
642.0666666667478,572.8327810719171
642.1000000000811,553.7897825706699
642.1333333334144,535.3832064462939
642.1666666667477,519.8306673167376
642.200000000081,508.8474974828548
642.2333333334143,502.1146576435745
642.2666666667476,498.7981259311616
642.3000000000809,498.0638804412183
642.3333333334142,499.07789926934646
642.3666666667475,501.0061776654762
642.4000000000808,503.0752657776135
642.4333333334141,504.7081011048634
642.4666666667474,505.367362832434
642.5000000000807,504.5157301455338
642.533333333414,501.61588222937047
642.5666666667473,496.1322510638738
642.6000000000806,488.38152879563125
642.6333333334139,480.9014701513784
642.6666666667472,476.5870719795458
642.7000000000805,478.33333112856405
642.7333333334138,489.035244446864
642.7666666667471,511.5684595408087
642.8000000000804,545.6147975030561
642.8333333334137,584.131694478103
642.866666666747,619.2258683275749
642.9000000000804,643.0040369130979
642.9333333334137,647.5729180962977
642.966666666747,625.1600575863713
643.0000000000803,577.5831075568987
643.0333333334136,523.05379487848
643.0666666667469,481.3893482201008
643.1000000000802,472.4069962507464
643.1333333334135,515.9239676394025
643.1666666667468,631.1248862504551
643.2000000000801,808.2666221175389
643.2333333334134,997.3077432637938
643.2666666667467,1145.2214691994616
643.30000000008,1198.9810194347842
643.3333333334133,1105.559613480004
643.3666666667466,815.3749317895414
643.4000000000799,379.932695291446
643.4333333334132,-34.289181820971635
643.4666666667465,-254.57706791665828
643.5000000000798,-108.21733136455828
643.5333333334131,577.5036594663817
643.5666666667464,1963.4425093112757
643.6000000000797,3970.9917320598456
643.633333333413,6299.212180006325
643.6666666667463,8638.740084592053
643.7000000000796,10680.211677258378
643.7333333334129,12114.263189446636
643.7666666667462,12651.449082604291
643.8000000000795,12292.532066470303
643.8333333334128,11257.740858988938
643.8666666667461,9772.726819164898
643.9000000000794,8063.141306002882
643.9333333334127,6354.63567850759
643.966666666746,4859.2239609586695
644.0000000000794,3640.8095604946416
644.0333333334127,2672.4679728063365
644.066666666746,1925.9597818223588
644.1000000000793,1373.0455714713128
644.1333333334126,985.4859256818024
644.1666666667459,735.1944691573221
644.2000000000792,595.352125921962
644.2333333334125,539.7658907115357
644.2666666667458,542.2471928284341
644.3000000000791,576.6074615750471
644.3333333334124,616.6581262537655
644.3666666667457,639.4374388794145
644.400000000079,642.6656481537942
644.4333333334123,632.2241808631458
644.4666666667456,614.0143833587084
644.5000000000789,593.9376019917214
644.5333333334122,577.895183113424
644.5666666667455,573.8034056827285
644.6000000000788,599.6635683451735
644.6333333334121,676.6256793182388
644.6666666667454,825.8407971355878
644.7000000000787,1068.4599803308834
644.733333333412,1425.6342828573927
644.7666666667453,1902.2126472153975
644.8000000000786,2439.11256122892
644.8333333334119,2961.581669263084
644.8666666667452,3394.867615683015
644.9000000000785,3664.218044853838
644.9333333334118,3694.899105868537
644.9666666667451,3446.828297340634
645.0000000000784,2986.502932263527
645.0333333334117,2400.8447810682906
645.066666666745,1776.775614185999
645.1000000000784,1201.217202047727
645.1333333334117,760.9856988812304
645.166666666745,509.1040038379936
645.2000000000783,416.63446637103993
645.2333333334116,442.4554809485988
645.2666666667449,545.4454420389
645.3000000000782,684.4827441101731
645.3333333334115,818.5707395334352
645.3666666667448,921.3694537953768
645.4000000000781,994.7585415131044
645.4333333334114,1043.8258680542465
645.4666666667447,1073.6592987864317
645.500000000078,1089.3466990772888
645.5333333334113,1095.87769939224
645.5666666667446,1092.4783841985138
645.6000000000779,1069.5156090766518
645.6333333334112,1016.6027599459442
645.6666666667445,923.3532227256834
645.7000000000778,779.3803833351604
645.7333333334111,575.5251213597487
645.7666666667444,345.08198571121426
645.8000000000777,173.62814305163442
645.833333333411,149.96080690347878
645.8666666667443,362.87719078921634
645.9000000000776,901.1745082313168
645.9333333334109,1847.602662685007
645.9666666667442,3148.8640915087294
646.0000000000775,4617.2818855281885
646.0333333334108,6059.465465332972
646.0666666667441,7282.024251512663
646.1000000000774,8091.567664656846
646.1333333334107,8306.77901375368
646.166666666744,7934.58461576642
646.2000000000774,7130.79896586987
646.2333333334107,6055.303507157892
646.266666666744,4867.979682724339
646.3000000000773,3728.708935663077
646.3333333334106,2787.229117134758
646.3666666667439,2078.946734352581
646.4000000000772,1567.174831162319
646.4333333334105,1214.0976875100284
646.4666666667438,981.8995833417684
646.5000000000771,832.764798603597
646.5333333334104,731.2048937906585
646.5666666667437,661.2411096725048
646.600000000077,616.6323096043227
646.6333333334103,591.209086673962
646.6666666667436,578.8020339692725
646.7000000000769,573.2417445781042
646.7333333334102,570.446596259778
646.7666666667435,579.5936091630567
646.8000000000768,615.0477020877694
646.8333333334101,691.1858328759434
646.8666666667434,822.3849593696068
646.9000000000767,1023.0220394107864
646.93333333341,1299.2077951106298
646.9666666667433,1616.866646083918
647.0000000000766,1929.7285526919363
647.0333333334099,2191.5207172119426
647.0666666667432,2355.970341921194
647.1000000000765,2376.804828851902
647.1333333334098,2225.569785772027
647.1666666667431,1940.355794162369
647.2000000000764,1574.7851484992636
647.2333333334097,1182.480143259048
647.266666666743,817.0630729180571
647.3000000000764,532.1378008134416
647.3333333334097,362.9919090943008
647.366666666743,292.24020418316866
647.4000000000763,293.0870697411807
647.4333333334096,338.73688942947297
647.4666666667429,402.3940469091813
647.5000000000762,457.3069768808032
647.5333333334095,486.0545321685472
647.5666666667428,492.0288360140423
647.6000000000761,481.4375444074221
647.6333333334094,460.48831333882094
647.6666666667427,435.38879879837225
647.700000000076,412.323515968077
647.7333333334093,395.5244588246756
647.7666666667426,385.8186602471951
647.8000000000759,383.6910546102024
647.8333333334092,389.6265762882642
647.8666666667425,404.1101596559475
647.9000000000758,427.59157309219785
647.9333333334091,458.9719543262868
647.9666666667424,495.0288886721166
648.0000000000757,532.38620613536
648.033333333409,567.6677367216895
648.0666666667423,597.4973104367778
648.1000000000756,618.5811590243438
648.1333333334089,629.8168193271677
648.1666666667422,632.4714423447979
648.2000000000755,627.9303110564568
648.2333333334088,617.5787084413679
648.2666666667421,602.8019174787534
648.3000000000754,584.9510922541835
648.3333333334087,564.7789387204896
648.366666666742,542.5280009625682
648.4000000000754,518.4244925576287
648.4333333334087,492.69462708287983
648.466666666742,465.5646181155309
648.5000000000753,437.4866009409142
648.5333333334086,411.6759968216665
648.5666666667419,393.1982503997867
648.6000000000752,387.1528076482077
648.6333333334085,398.6391145398626
648.6666666667418,432.7566170476841
648.7000000000751,492.7222917969916
648.7333333334084,565.0919789017426
648.7666666667417,627.7240951440572
648.800000000075,658.4015586800358
648.8333333334083,634.9072876657779
648.8666666667416,535.0242002573837
648.9000000000749,347.9173498252037
648.9333333334082,137.37404420617725
648.9666666667415,-2.7585489202764397
649.0000000000748,21.449396419687787
649.0333333334081,303.92770619991484
649.0666666667414,938.6062063942508
649.1000000000747,1980.7651133446177
649.133333333408,3295.4795776166434
649.1666666667413,4689.412177131764
649.2000000000746,5969.209827755734
649.2333333334079,6941.5194453543145
649.2666666667412,7412.988927502209
649.3000000000745,7258.002049492798
649.3333333334078,6602.329777499199
649.3666666667411,5630.048952958588
649.4000000000744,4525.236417308134
649.4333333334077,3471.969011985011
649.466666666741,2654.2494314670844
649.5000000000744,2195.333450208952
649.5333333334077,2047.920231047337
649.566666666741,2134.998297578646
649.6000000000743,2379.5561733992845
649.6333333334076,2704.582382105659
649.6666666667409,3033.165942398293
649.7000000000742,3306.245556963939
649.7333333334075,3503.0086532243754
649.7666666667408,3607.58216225642
649.8000000000741,3604.09301513689
649.8333333334074,3476.6681429426044
649.8666666667407,3209.775359748789
649.900000000074,2812.2389052118087
649.9333333334073,2333.06946563338
649.9666666667406,1825.035635924992
650.0000000000739,1340.906010998136
650.0333333334072,933.4491857643018
650.0666666667405,654.4368845990375
650.1000000000738,518.2590983944435
650.1333333334071,491.52454821134336
650.1666666667404,537.7258173798278
650.2000000000737,620.3554892299873
650.233333333407,702.9061470919122
650.2666666667403,749.9162975710984
650.3000000000736,749.6632019933445
650.3333333334069,713.9878265263332
650.3666666667402,655.7420500362617
650.4000000000735,587.7777513893274
650.4333333334068,522.9468094517273
650.4666666667401,473.4992765693575
650.5000000000734,442.6831445190748
650.5333333334067,426.81815926368336
650.56666666674,422.045938206423
650.6000000000734,424.5080987505332
650.6333333334067,430.3462582992538
650.66666666674,435.9028802923873
650.7000000000733,439.6092343176273
650.7333333334066,441.135893470199
650.7666666667399,440.1697228471128
650.8000000000732,436.3975875453795
650.8333333334065,429.5063526620096
650.8666666667398,419.31963321986814
650.9000000000731,406.6839301236052
650.9333333334064,392.9090299126673
650.9666666667397,379.30700985547935
651.000000000073,367.1899472204664
651.0333333334063,357.8699192760531
651.0666666667396,352.38305374614526
651.1000000000729,350.2508429531563
651.1333333334062,350.47781717222404
651.1666666667395,352.06806380556543
651.2000000000728,354.0256702553976
651.2333333334061,355.3547239239375
651.2666666667394,355.3107761141942
651.3000000000727,354.17141575825144
651.333333333406,352.4738515729695
651.3666666667393,350.75529231367847
651.4000000000726,349.55294673570853
651.4333333334059,349.4038762505293
651.4666666667392,350.6183316936659
651.5000000000725,352.8221414084394
651.5333333334058,355.5125447829392
651.5666666667391,358.18678120525453
651.6000000000724,360.3420900634748
651.6333333334057,361.47656878213456
651.666666666739,361.2814914221357
651.7000000000724,359.8848067555551
651.7333333334057,357.47443769478053
651.766666666739,354.23830715219987
651.8000000000723,350.36433804020083
651.8333333334056,346.04203753909644
651.8666666667389,341.5870192460857
651.9000000000722,337.5306779436642
651.9333333334055,334.42556620816424
651.9666666667388,332.82423661591787
652.0000000000721,333.2792417432571
652.0333333334054,336.3148399451771
652.0666666667387,341.3438595350025
652.100000000072,346.3286580744232
652.1333333334053,349.1339804558318
652.1666666667386,347.624571571621
652.2000000000719,339.6651763141832
652.2333333334052,323.34520227946285
652.2666666667385,301.90824676103585
652.3000000000718,283.7448557817993
652.3333333334051,277.46878987364335
652.3666666667384,291.69380956845805
652.4000000000717,335.03367539813325
652.433333333405,415.1229305581455
652.4666666667383,525.1392938115357
652.5000000000716,647.2305732505766
652.5333333334049,763.2665081604348
652.5666666667382,855.1168378262768
652.6000000000715,904.6513015332696
652.6333333334048,895.8436668938816
652.6666666667381,833.8792690682124
652.7000000000714,736.2290219989138
652.7333333334047,620.5140095000829
652.766666666738,504.35531538581705
652.8000000000713,405.3740234702132
652.8333333334047,338.9346401357091
652.866666666738,304.29006276931216
652.9000000000713,293.68756437310634
652.9333333334046,299.3457394104119
652.9666666667379,313.4831823445492
653.0000000000712,328.31848763883846
653.0333333334045,337.2816717996671
653.0666666667378,340.05628946102263
653.1000000000711,338.3378879383481
653.1333333334044,333.82297337252
653.1666666667377,328.2080519044145
653.200000000071,323.18962663213546
653.2333333334043,320.0852456547415
653.2666666667376,318.78672378969776
653.3000000000709,318.8506407425372
653.3333333334042,319.8335762187932
653.3666666667375,321.29210992399885
653.4000000000708,322.78306729321326
653.4333333334041,324.03729894794446
653.4666666667374,325.2649183507876
653.5000000000707,326.75783210627986
653.533333333404,328.8079468189586
653.5666666667373,331.7071690933612
653.6000000000706,335.7449246285478
653.6333333334039,340.8503127262438
653.6666666667372,346.2176931853554
653.7000000000705,350.951920320082
653.7333333334038,354.15784844462314
653.7666666667371,354.9403318731784
653.8000000000704,352.4217012337872
653.8333333334037,346.7305023187496
653.866666666737,339.53103107937574
653.9000000000703,332.61693849204363
653.9333333334037,327.78187553313074
653.966666666737,326.819493179015
654.0000000000703,331.4641549502215
654.0333333334036,341.6712465976065
654.0666666667369,355.3503254770397
654.1000000000702,370.2979643404029
654.1333333334035,384.3107359395776
654.1666666667368,395.18521302644535
654.2000000000701,400.85453962964993
654.2333333334034,401.71582681054446
654.2666666667367,400.3039942105615
654.30000000007,399.22488850229854
654.3333333334033,401.0843563583536
654.3666666667366,408.4882444513244
654.4000000000699,423.7181800111319
654.4333333334032,445.2342208560161
654.4666666667365,469.0057270826816
654.5000000000698,490.9594015847296
654.5333333334031,507.0219472557616
654.5666666667364,513.1200669893792
654.6000000000697,505.90615510184216
654.633333333403,487.9075845734499
654.6666666667363,464.4993645984049
654.7000000000696,441.0752291646265
654.7333333334029,423.0289122600343
654.7666666667362,415.7541478725475
654.8000000000695,423.3820605323023
654.8333333334028,442.81677094509377
654.8666666667361,468.3954546973847
654.9000000000694,494.4522208405343
654.9333333334027,515.3211784259023
654.966666666736,525.3364365048479
655.0000000000693,520.6066716404905
655.0333333334027,504.518299720227
655.066666666736,482.3231673831498
655.1000000000693,459.2731223173579
655.1333333334026,440.6200122109499
655.1666666667359,431.614123647984
655.2000000000692,435.5646538338264
655.2333333334025,450.053625077116
655.2666666667358,471.61195395502926
655.3000000000691,496.7705570447429
655.3333333334024,522.0603509234339
655.3666666667357,544.0189316300388
655.400000000069,560.3807632577139
655.4333333334023,571.4503180554399
655.4666666667356,577.8647663495292
655.5000000000689,580.2612784662946
655.5333333334022,579.2770247320486
655.5666666667355,575.552636370295
655.6000000000688,569.9485033797338
655.6333333334021,563.6727907690413
655.6666666667354,557.9644311082683
655.7000000000687,554.0623569674652
655.733333333402,553.2055009166833
655.7666666667353,556.6067716519433
655.8000000000686,564.6621985386172
655.8333333334019,576.8073270740373
655.8666666667352,592.422721641338
655.9000000000685,610.8889466236536
655.9333333334018,631.5865664041185
655.9666666667351,653.8827797518612
656.0000000000684,676.9001197605055
656.0333333334017,699.5469416936585
656.066666666735,720.7243666455365
656.1000000000683,739.3335157103562
656.1333333334017,754.2755099823344
656.166666666735,764.5232794955448
656.2000000000683,769.8910364767752
656.2333333334016,770.7388599044141
656.2666666667349,767.4360670153062
656.3000000000682,760.3519750462958
656.3333333334015,749.8559012342276
656.3666666667348,736.3427842126912
656.4000000000681,720.4104628199071
656.4333333334014,702.7532996351127
656.4666666667347,684.0662458450045
656.500000000068,665.0442526362785
656.5333333334013,646.3822711956312
656.5666666667346,628.648062767002
656.6000000000679,611.7072844925522
656.6333333334012,595.1846524636585
656.6666666667345,578.7046662345105
656.7000000000678,561.8918253592971
656.7333333334011,544.3706296322852
656.7666666667344,526.1557955623927
656.8000000000677,508.7832546391878
656.833333333401,494.1595796929564
656.8666666667343,484.1913435539834
656.9000000000676,480.7851190525545
656.9333333334009,485.8456130676956
656.9666666667342,499.9068655078162
657.0000000000675,519.7094020037404
657.0333333334008,541.3429139344056
657.0666666667341,560.8970926787491
657.1000000000674,574.4616296157079
657.1333333334007,578.142009191602
657.166666666734,570.1419751536424
657.2000000000673,552.8452404060166
657.2333333334007,529.1307319080489
657.266666666734,501.8773766190632
657.3000000000673,473.9641014983834
657.3333333334006,448.2488042350381
657.3666666667339,426.5236292013529
657.4000000000672,409.0326121945143
657.4333333334005,395.89805334065306
657.4666666667338,387.24225276589976
657.5000000000671,383.1875105963852
657.5333333334004,383.8235704481617
657.5666666667337,388.3964793471163
657.600000000067,395.25223604502304
657.6333333334003,402.6929976754937
657.6666666667336,409.0209213721403
657.7000000000669,412.5381642685748
657.7333333334002,411.6479166840112
657.7666666667335,406.30601477025385
657.8000000000668,397.6847890366669
657.8333333334001,386.98911579001344
657.8666666667334,375.4238713370567
657.9000000000667,364.1939319845594
657.9333333334,354.4217862145555
657.9666666667333,346.41394930712966
658.0000000000666,340.0108384630069
658.0333333333999,335.0474130925808
658.0666666667332,331.35863260624456
658.1000000000665,328.77945641439175
658.1333333333998,327.12732931230585
658.1666666667331,326.10245273749246
658.2000000000664,325.3569005606102
658.2333333333997,324.5425997763327
658.266666666733,323.31147737933355
658.3000000000663,321.3154603642865
658.3333333333997,318.3174435980844
658.366666666733,314.5947214434197
658.4000000000663,310.5735348012939
658.4333333333996,306.68013983653753
658.4666666667329,303.3407927139808
658.5000000000662,300.9816994843281
658.5333333333995,299.85895747184605
658.5666666667328,299.6785895710628
658.6000000000661,300.0356358185279
658.6333333333994,300.5251362507919
658.6666666667327,300.7421309044043
658.700000000066,300.28286651785663
658.7333333333993,299.0269185649116
658.7666666667326,297.500081017966
658.8000000000659,296.3178091947627
658.8333333333992,296.09555841304393
658.8666666667325,297.4487839905524
658.9000000000658,300.9887066566371
658.9333333333991,307.032329997892
658.9666666667324,315.41590694117593
659.0000000000657,325.9313057341956
659.033333333399,338.37039462465754
659.0666666667323,352.5250418602683
659.1000000000656,368.2019770672978
659.1333333333989,385.68028872568254
659.1666666667322,405.79784721438847
659.2000000000655,429.4248220080213
659.2333333333988,457.4313825811869
659.2666666667321,490.68769840849126
659.3000000000654,529.867584158308
659.3333333333987,572.1602621560975
659.366666666732,611.7622432306385
659.4000000000653,642.7727742299932
659.4333333333987,659.2911020022229
659.466666666732,655.4164733953894
659.5000000000653,626.0278187874273
659.5333333333986,574.5983853874426
659.5666666667319,509.9310490761284
659.6000000000652,440.9083307557371
659.6333333333985,376.412751328521
659.6666666667318,325.3268316967323
659.7000000000651,295.2696617094956
659.7333333333984,284.67680718106044
659.7666666667317,287.9272570900437
659.800000000065,299.3821067937613
659.8333333333983,313.4024516495291
659.8666666667316,324.3493870146628
659.9000000000649,327.6552170817084
659.9333333333982,324.0495482083414
659.9666666667315,315.8965320669869
660.0000000000648,305.5607877964853
660.0333333333981,295.4069345356769
660.0666666667314,287.7994986183457
660.1000000000647,284.4266605429176
660.133333333398,284.6772417179154
660.1666666667313,287.4518788365353
660.2000000000646,291.6512085919733
660.2333333333979,296.1758676774256
660.2666666667312,299.92785729836726
660.3000000000645,302.1891389896382
660.3333333333978,303.1389857106405
660.3666666667311,303.0861562353985
660.4000000000644,302.33940933793707
660.4333333333977,301.2075037922806
660.466666666731,299.9973269024519
660.5000000000643,298.87756881907063
660.5333333333976,297.7863170165116
660.566666666731,296.63977368235135
660.6000000000643,295.35414100416693
660.6333333333976,293.8456211695351
660.6666666667309,292.0329313138913
660.7000000000642,289.91615033817413
660.7333333333975,287.5924303752764
660.7666666667308,285.1646115382431
660.8000000000641,282.7355339401193
660.8333333333974,280.40803769395006
660.8666666667307,278.28616361106526
660.900000000064,276.495145711066
660.9333333333973,275.17835872955794
660.9666666667306,274.4797629693823
661.0000000000639,274.54331873338026
661.0333333333972,275.5129863243929
661.0666666667305,277.4886166716855
661.1000000000638,280.0938186086566
661.1333333333971,282.6614486839251
661.1666666667304,284.52020774659115
661.2000000000637,284.99879664575485
661.233333333397,283.4259162305163
661.2666666667303,279.4039969389771
661.3000000000636,274.4604206925309
661.3333333333969,270.94839968952977
661.3666666667302,271.22431236291453
661.4000000000635,277.6445371456264
661.4333333333968,292.5654524706059
661.4666666667301,317.3264430804876
661.5000000000634,348.45923669584096
661.5333333333967,381.07628899446325
661.56666666673,410.28984825882577
661.6000000000633,431.2121627713995
661.6333333333966,438.9561242839465
661.66666666673,430.61162433257647
661.7000000000633,409.6128964907613
661.7333333333966,380.664242316471
661.7666666667299,348.4699633676756
661.8000000000632,317.7343612023454
661.8333333333965,293.15224787959994
661.8666666667298,277.5013483414174
661.9000000000631,269.3277032774575
661.9333333333964,266.6117784350354
661.9666666667297,267.3340395614661
662.000000000063,269.47495240406505
662.0333333333963,271.0307786874394
662.0666666667296,270.9383886716184
662.1000000000629,269.58849933246523
662.1333333333962,267.49641216283544
662.1666666667295,265.1774286555845
662.2000000000628,263.14685030356776
662.2333333333961,261.906461508117
662.2666666667294,261.59037169829725
662.3000000000627,261.9303957501634
662.333333333396,262.6378899520058
662.3666666667293,263.42421059211495
662.4000000000626,264.00071395878086
662.4333333333959,264.0967658032406
662.4666666667292,263.71419873324754
662.5000000000625,263.0661317082769
662.5333333333958,262.3712084571938
662.5666666667291,261.8480727088638
662.6000000000624,261.7153681921522
662.6333333333957,262.1598595394807
662.666666666729,263.0710080257808
662.7000000000623,264.1763590713732
662.7333333333956,265.2018324944454
662.766666666729,265.8733481131851
662.8000000000623,265.9168257457797
662.8333333333956,265.1294202380819
662.8666666667289,263.74088483691133
662.9000000000622,262.143392879457
662.9333333333955,260.7294075844868
662.9666666667288,259.8913921707688
663.0000000000621,260.0218098570708
663.0333333333954,261.37469097263494
663.0666666667287,263.64320729529163
663.100000000062,266.3785113439994
663.1333333333953,269.13175562685456
663.1666666667286,271.4540926519535
663.2000000000619,272.896965595904
663.2333333333952,273.2026608829387
663.2666666667285,272.63357101590645
663.3000000000618,271.5398666902433
663.3333333333951,270.27171860138526
663.3666666667284,269.1792974447682
663.4000000000617,268.61088012528745
663.433333333395,268.71496244743764
663.4666666667283,269.2669060943741
663.5000000000616,270.0012069740382
663.5333333333949,270.6523609943713
663.5666666667282,270.95486406331463
663.6000000000615,270.6470884779962
663.6333333333948,269.6186469834967
663.6666666667281,267.9559353650674
663.7000000000614,265.7585326199954
663.7333333333947,263.1260177455678
663.766666666728,260.1579697390721
663.8000000000613,256.9634183759054
663.8333333333946,253.8367440164424
663.866666666728,251.2414629860547
663.9000000000613,249.64729094209855
663.9333333333946,249.5239435419303
663.9666666667279,251.341136442906
664.0000000000612,255.5045362779083
664.0333333333945,261.6877344747194
664.0666666667278,269.0978819386244
664.1000000000611,276.93461491536857
664.1333333333944,284.397569650697
664.1666666667277,290.68638239035465
664.200000000061,295.0870762117155
664.2333333333943,297.5076281720944
664.2666666667276,298.1284493423414
664.3000000000609,297.1311059376852
664.3333333333942,294.6971641733539
664.3666666667275,291.008190264576
664.4000000000608,286.2662515208638
664.4333333333941,280.7699892228844
664.4666666667274,274.84645533598143
664.5000000000607,268.82270573330646
664.533333333394,263.02579628801146
664.5666666667273,257.78278505526185
664.6000000000606,253.425479797004
664.6333333333939,250.3004994192952
664.6666666667272,248.7573417190299
664.7000000000605,249.1455044931028
664.7333333333938,251.8144855384085
664.7666666667271,257.1109693680996
664.8000000000604,264.9242245376986
664.8333333333937,274.1840058415757
664.866666666727,283.69920184867505
664.9000000000603,292.2787011279407
664.9333333333936,298.73139224831675
664.966666666727,301.8842935573228
665.0000000000603,301.46208410824494
665.0333333333936,298.481285775296
665.0666666667269,294.05867635777616
665.1000000000602,289.31103365498615
665.1333333333935,285.3551354662261
665.1666666667268,283.2704858848367
665.2000000000601,283.2829648333083
665.2333333333934,284.766862577174
665.2666666667267,287.059602579512
665.30000000006,289.49860830340094
665.3333333333933,291.4213032119191
665.3666666667266,292.2045974169337
665.4000000000599,291.72964330907945
665.4333333333932,290.2257503243185
665.4666666667265,287.92914865187123
665.5000000000598,285.0760684809577
665.5333333333931,281.9027400007983
665.5666666667264,278.6545898218289
665.6000000000597,275.64907912194
665.633333333393,273.2376183644884
665.6666666667263,271.7718172040816
665.7000000000596,271.60328529532734
665.7333333333929,273.08363229283344
665.7666666667262,276.44274758292624
665.8000000000595,281.29741524145413
665.8333333333928,287.07180980900085
665.8666666667261,293.19003640248815
665.9000000000594,299.0762001388379
665.9333333333927,304.154438179561
665.966666666726,307.9872942239691
666.0000000000593,310.5926950231194
666.0333333333926,312.0820858734313
666.066666666726,312.56691207132366
666.1000000000593,312.15861891321566
666.1333333333926,310.968895868989
666.1666666667259,309.1563138225089
666.2000000000592,306.9817401330051
666.2333333333925,304.71953363983664
666.2666666667258,302.64405318236254
666.3000000000591,301.0296575999419
666.3333333333924,300.1479954563
666.3666666667257,300.1270862686749
666.400000000059,300.8826057776694
666.4333333333923,302.3131145414124
666.4666666667256,304.3171731180328
666.5000000000589,306.7933420656595
666.5333333333922,309.6355351129324
666.5666666667255,312.6281207913218
666.6000000000588,315.4444193184642
666.6333333333921,317.7528034416716
666.6666666667254,319.2216459082558
666.7000000000587,319.51931946552907
666.733333333392,318.33906228503463
666.7666666667253,315.6941890009097
666.8000000000586,311.8202655193811
666.8333333333919,306.95733847298675
666.8666666667252,301.3454544942643
666.9000000000585,295.2246602157515
666.9333333333918,288.86725607613295
666.9666666667251,282.79664511269823
667.0000000000584,277.65395568202365
667.0333333333917,274.0809919546516
667.066666666725,272.71955810112456
667.1000000000583,274.2114582919847
667.1333333333916,279.02513317814106
667.166666666725,286.77122601340767
667.2000000000583,296.7955496264617
667.2333333333916,308.44384054020577
667.2666666667249,321.0618352775423
667.3000000000582,333.9953324699814
667.3333333333915,346.77074037978696
667.3666666667248,359.4915501482468
667.4000000000581,372.37626635779793
667.4333333333914,385.6433935908777
667.4666666667247,399.5114364299232
667.500000000058,414.1948565593187
667.5333333333913,429.2489983188321
667.5666666667246,442.84567166898887
667.6000000000579,452.9822726525183
667.6333333333912,457.65619731215
667.6666666667245,454.8648416906132
667.7000000000578,442.6505084434776
667.7333333333911,421.1689974017568
667.7666666667244,393.5556162587866
667.8000000000577,363.1702101337808
667.833333333391,333.3726241459535
667.8666666667243,307.5227034145185
667.9000000000576,288.86146442673777
667.9333333333909,278.10003523486574
667.9666666667242,273.52763051706063
668.0000000000575,273.33624421154934
668.0333333333908,275.71787025655874
668.0666666667241,278.8645025903159
668.1000000000574,281.0744737175409
668.1333333333907,281.8897817756073
668.166666666724,281.65835586325505
668.2000000000573,280.74171838775544
668.2333333333906,279.50139175637986
668.266666666724,278.29889837639945
668.3000000000573,277.4711611681197
668.3333333333906,277.18117984064475
668.3666666667239,277.5169821970848
668.4000000000572,278.5663017817932
668.4333333333905,280.4168721391235
668.4666666667238,283.15642681342945
668.5000000000571,286.7906780762157
668.5333333333904,290.9590403425515
668.5666666667237,295.1987132819584
668.600000000057,299.04689202985406
668.6333333333903,302.04077172165626
668.6666666667236,303.71766338549213
668.7000000000569,303.72432723860146
668.7333333333902,302.02034066930963
668.7666666667235,298.620807786259
668.8000000000568,293.5408326980919
668.8333333333901,286.7955195134508
668.8666666667234,278.4079859310087
668.9000000000567,269.24962205978306
668.93333333339,261.77773732532125
668.9666666667233,258.623546901894
669.0000000000566,262.4182659637719
669.0333333333899,275.79310968522583
669.0666666667232,301.27932866632113
669.1000000000565,337.8467622163695
669.1333333333898,380.01839738908114
669.1666666667231,422.0374270868028
669.2000000000564,458.1470442118815
669.2333333333897,482.5904416666641
669.266666666723,489.9340015406202
669.3000000000563,480.2780591791242
669.3333333333896,458.3708861267292
669.366666666723,429.1050469024573
669.4000000000563,397.3731060253312
669.4333333333896,368.0676280143731
669.4666666667229,345.7047198300933
669.5000000000562,331.1630153906365
669.5333333333895,323.2833979503181
669.5666666667228,320.8843147556252
669.6000000000561,322.78421305304505
669.6333333333894,327.8015400890646
669.6666666667227,334.67976282200954
669.700000000056,341.7204151649416
669.7333333333893,347.0636731592007
669.7666666667226,348.84947566675334
669.8000000000559,345.2177615495659
669.8333333333892,334.3084944184637
669.8666666667225,315.8789648357536
669.9000000000558,295.6804177141356
669.9333333333891,280.85236129368866
669.9666666667224,278.53430381449164
670.0000000000557,295.86575351662333
670.033333333389,339.9545460818708
670.0666666667223,409.04840567077287
670.1000000000556,480.4521418223112
670.1333333333889,528.4453472543155
670.1666666667222,527.3076146846148
670.2000000000555,451.3185368310389
670.2333333333888,275.5146214893998
670.2666666667221,20.094114288382173
670.3000000000554,-224.88922967327352
670.3333333333887,-363.3895159351943
670.366666666722,-299.36085003700646
670.4000000000553,63.24266248166237
670.4333333333886,815.324723709871
670.466666666722,1923.3580474480275
670.5000000000553,3225.8624316114297
670.5333333333886,4555.51092420147
670.5666666667219,5744.976573219542
670.6000000000552,6626.932426667037
670.6333333333885,7046.150856664981
670.6666666667218,6999.68342489737
670.7000000000551,6588.643531359929
670.7333333333884,5916.160070065127
670.7666666667217,5085.36193502544
670.800000000055,4199.378020253338
670.8333333333883,3353.545772999885
670.8666666667216,2585.879123454188
670.9000000000549,1908.8008751510636
670.9333333333882,1334.6152768546167
670.9666666667215,875.6265773289535
671.0000000000548,544.1390253381794
671.0333333333881,346.1137514225218
671.0666666667214,258.7572534796792
671.1000000000547,251.13207425733472
671.133333333388,292.30023505625934
671.1666666667213,351.3237571772239
671.2000000000546,397.2766125739775
671.2333333333879,409.8694311202384
671.2666666667212,398.9921584733866
671.3000000000545,379.8506022194208
671.3333333333878,367.65056994434
671.3666666667211,377.5978692341434
671.4000000000544,424.8053843081147
671.4333333333877,515.4089483035955
671.466666666721,639.2125036223879
671.5000000000543,784.2888398208787
671.5333333333876,938.7107464554545
671.566666666721,1090.5510130825014
671.6000000000543,1227.9690318146966
671.6333333333876,1341.9237158529372
671.6666666667209,1426.7128523265878
671.7000000000542,1476.829752234753
671.7333333333875,1486.767726576538
671.7666666667208,1451.0200863510488
671.8000000000541,1364.8523494730769
671.8333333333874,1235.4692988366903
671.8666666667207,1079.4674352355755
671.900000000054,913.696739094222
671.9333333333873,755.0071908371189
671.9666666667206,620.2487708887558
672.0000000000539,524.43537337318
672.0333333333872,466.68429947246216
672.0666666667205,437.96333272846687
672.1000000000538,429.173958617097
672.1333333333871,431.2176626142553
672.1666666667204,434.9959301958443
672.2000000000537,432.82238185906135
672.233333333387,424.3751879684192
672.2666666667203,411.72553341768025
672.3000000000536,396.9458733356378
672.3333333333869,382.1086628510849
672.3666666667202,369.2861594336856
672.4000000000535,359.9219568345669
672.4333333333868,353.4368033663033
672.4666666667201,348.8453821009696
672.5000000000534,345.16237611064065
672.5333333333867,341.402468467391
672.56666666672,336.58379103503734
672.6000000000533,330.2140285312654
672.6333333333866,322.7932231346965
672.66666666672,314.9414572032848
672.7000000000533,307.2788130949842
672.7333333333866,300.42537316774866
672.7666666667199,294.9911731696348
672.8000000000532,291.18768145514724
672.8333333333865,288.703933767766
672.8666666667198,287.19357607783786
672.9000000000531,286.31025435570973
672.9333333333864,285.7076145717284
672.9666666667197,285.0527349215821
673.000000000053,284.25006204311137
673.0333333333863,283.4073711674935
673.0666666667196,282.6390106064458
673.1000000000529,282.0593286716854
673.1333333333862,281.78267367492924
673.1666666667195,281.90685809512746
673.2000000000528,282.37179087201804
673.2333333333861,283.02974467436314
673.2666666667194,283.7320559402899
673.3000000000527,284.3300611079257
673.333333333386,284.6750966153979
673.3666666667193,284.65267691684943
673.4000000000526,284.34103095326327
673.4333333333859,283.88587091425467
673.4666666667192,283.4329809320912
673.5000000000525,283.1281451390403
673.5333333333858,283.117139977549
673.5666666667191,283.4778306227432
673.6000000000524,284.0547596223417
673.6333333333857,284.6424002221969
673.666666666719,285.035225668161
673.7000000000523,285.0277092060863
673.7333333333856,284.41530005776247
673.766666666719,283.1639950328118
673.8000000000523,281.60383325583
673.8333333333856,280.11165544197
673.8666666667189,279.0643023063843
673.9000000000522,278.838614564226
673.9333333333855,279.80494213096534
673.9666666667188,282.0512464128328
674.0000000000521,285.2802525954933
674.0333333333854,289.1670015532222
674.0666666667187,293.38653416029433
674.100000000052,297.613891290985
674.1333333333853,301.5281487860571
674.1666666667186,304.88332490895124
674.2000000000519,307.4996245767937
674.2333333333852,309.1995280415094
674.2666666667185,309.80551555502336
674.3000000000518,309.14006736926063
674.3333333333851,307.06979086434023
674.3666666667184,303.894715479249
674.4000000000517,300.1608395255481
674.433333333385,296.4169831501766
674.4666666667183,293.21196650007334
674.5000000000516,291.0946097221775
674.5333333333849,290.50246517291487
674.5666666667182,291.23651339613133
674.6000000000515,292.8717362244518
674.6333333333848,294.98284647823203
674.6666666667181,297.1445569778279
674.7000000000514,298.93159113218536
674.7333333333847,300.0191258975092
674.766666666718,300.4287612655953
674.8000000000513,300.2567193369321
674.8333333333846,299.59922221200776
674.866666666718,298.5524919913104
674.9000000000513,297.2131031922362
674.9333333333846,295.7376455287182
674.9666666667179,294.41002557443954
675.0000000000512,293.5304002904803
675.0333333333845,293.3989266379202
675.0666666667178,294.31576157783934
675.1000000000511,296.571155418046
675.1333333333844,300.03923796383094
675.1666666667177,304.034933465282
675.200000000051,307.8338566579317
675.2333333333843,310.7116222773127
675.2666666667176,311.9438450589577
675.3000000000509,310.84755349413786
675.3333333333842,307.4794202999359
675.3666666667175,302.533863330109
675.4000000000508,296.72619390068024
675.4333333333841,290.7717233276725
675.4666666667174,285.38576292710866
675.5000000000507,281.2197515816211
675.533333333384,278.32438326315577
675.5666666667173,276.42094783180994
675.6000000000506,275.2273526827462
675.6333333333839,274.46150521112725
675.6666666667172,273.8413128121159
675.7000000000505,273.11219732854096
675.7333333333838,272.1694027054376
675.7666666667171,270.9589203029821
675.8000000000504,269.4267820660878
675.8333333333837,267.51901993966766
675.866666666717,265.18168574613884
675.9000000000503,262.4341082232311
675.9333333333836,259.5340211070066
675.966666666717,256.78756007762775
676.0000000000502,254.50086081525708
676.0333333333836,252.98005900005717
676.0666666667169,252.52950353341524
676.1000000000502,253.21710057266068
676.1333333333835,254.64023792215565
676.1666666667168,256.3406309991992
676.2000000000501,257.85999522109034
676.2333333333834,258.74004600512825
676.2666666667167,258.53212225055915
676.30000000005,257.1330760515919
676.3333333333833,254.87271520938867
676.3666666667166,252.10823901546152
676.4000000000499,249.19684676132215
676.4333333333832,246.49573773848252
676.4666666667165,244.3477819171385
676.5000000000498,242.86984774984484
676.5333333333831,241.998700949414
676.5666666667164,241.6661062186029
676.6000000000497,241.8038282601684
676.633333333383,242.34363177686717
676.6666666667163,243.20924829297127
676.7000000000496,244.2568971600041
676.7333333333829,245.3090303758248
676.7666666667162,246.18784921687396
676.8000000000495,246.7155549595919
676.8333333333828,246.71434888041944
676.8666666667161,246.06928685959883
676.9000000000494,244.9712731158182
676.9333333333827,243.70410460487523
676.966666666716,242.5515995712853
677.0000000000493,241.7975762595636
677.0333333333826,241.72573227093096
677.066666666716,242.49539637904493
677.1000000000492,243.90668590328795
677.1333333333826,245.69524789155784
677.1666666667159,247.5967293917524
677.2000000000492,249.34677745176933
677.2333333333825,250.68237102553283
677.2666666667158,251.45707725435696
677.3000000000491,251.73017846874797
677.3333333333824,251.5819367125105
677.3666666667157,251.09261402944944
677.400000000049,250.34247246336955
677.4333333333823,249.4100720770529
677.4666666667156,248.32665429878287
677.5000000000489,247.0710997530994
677.5333333333822,245.61957540754088
677.5666666667155,243.9482482296458
677.6000000000488,242.03328518695244
677.6333333333821,239.8626085594
677.6666666667154,237.57615717937884
677.7000000000487,235.41976895672624
677.733333333382,233.64143409170825
677.7666666667153,232.48914278459085
677.8000000000486,232.21088523564
677.8333333333819,233.010741057221
677.8666666667152,234.7834728162936
677.9000000000485,237.29094195243104
677.9333333333818,240.2944965639008
677.9666666667151,243.5554847489707
678.0000000000484,246.8352546059082
678.0333333333817,249.930336226541
678.066666666715,252.78105723294237
678.1000000000483,255.36447868309148
678.1333333333816,257.6576616483438
678.166666666715,259.6376672000543
678.2000000000482,261.28159332942727
678.2333333333816,262.5782155787561
678.2666666667149,263.544570699434
678.3000000000482,264.2018866098182
678.3333333333815,264.5713912282656
678.3666666667148,264.6743124731332
678.4000000000481,264.5303754231996
678.4333333333814,264.0791437920068
678.4666666667147,263.1413681572735
678.500000000048,261.5281886769949
678.5333333333813,259.0507455091661
678.5666666667146,255.52017881178247
678.6000000000479,250.7816054642529
678.6333333333812,245.36266675221285
678.6666666667145,240.4227054655546
678.7000000000478,237.14485745166817
678.7333333333811,236.7122585579436
678.7666666667144,240.30804463177083
678.8000000000477,248.92296336697584
678.833333333381,261.6280216618856
678.8666666667143,276.3911923333955
678.9000000000476,291.167294419147
678.9333333333809,303.91114695678164
678.9666666667142,312.5775689839408
679.0000000000475,315.53641841592054
679.0333333333808,313.4687781664824
679.0666666667141,307.8555244352425
679.1000000000474,300.1783058379996
679.1333333333807,291.918770990552
679.166666666714,284.5584450469132
679.2000000000473,279.1678661621569
679.2333333333806,275.49053292884724
679.266666666714,273.0026036718872
679.3000000000472,271.1802367161793
679.3333333333806,269.4995903866267
679.3666666667139,267.43908027043403
679.4000000000472,264.7407084515442
679.4333333333805,261.65334749911466
679.4666666667138,258.4834070029383
679.5000000000471,255.5372965528082
679.5333333333804,253.12142573851733
679.5666666667137,251.5330452178509
679.600000000047,250.7789140214965
679.6333333333803,250.5225055527988
679.6666666667136,250.40748309929452
679.7000000000469,250.0775099485201
679.7333333333802,249.17624938801197
679.7666666667135,247.37315834604016
679.8000000000468,244.6958971272333
679.8333333333801,241.43433620063237
679.8666666667134,237.88435343925923
679.9000000000467,234.34182671613587
679.93333333338,231.1026339042843
679.9666666667133,228.4350634025034
680.0000000000466,226.4052664281845
680.0333333333799,224.98948227925624
680.0666666667132,224.16354064799728
680.1000000000465,223.90327122668623
680.1333333333798,224.1845037076017
680.1666666667131,224.96032790892892
680.2000000000464,226.08923143763636
680.2333333333797,227.40510449294
680.266666666713,228.7418372210256
680.3000000000463,229.9333197680787
680.3333333333796,230.8136271232962
680.366666666713,231.27483840208836
680.4000000000462,231.34920211255775
680.4333333333796,231.0897197737213
680.4666666667129,230.54939290459563
680.5000000000462,229.7812230241975
680.5333333333795,228.8387541656524
680.5666666667128,227.80314325012296
680.6000000000461,226.79572627460465
680.6333333333794,225.9410063449533
680.6666666667127,225.3634865670248
680.700000000046,225.18767004667484
680.7333333333793,225.52817921152328
680.7666666667126,226.3124579683188
680.8000000000459,227.3006522245727
680.8333333333792,228.2470190356632
680.8666666667125,228.9058154569682
680.9000000000458,229.03129854386583
680.9333333333791,228.4121312974192
680.9666666667124,227.1577679899586
681.0000000000457,225.55233681290855
681.033333333379,223.88171851788664
681.0666666667123,222.43179385651035
681.1000000000456,221.4884435803971
681.1333333333789,221.2820010392905
681.1666666667122,221.757229896834
681.2000000000455,222.7673804219601
681.2333333333788,224.1656611750347
681.2666666667121,225.80528071642368
681.3000000000454,227.53945289974945
681.3333333333787,229.2276381169972
681.366666666712,230.74762074699188
681.4000000000453,231.9805278678405
681.4333333333786,232.8074865576499
681.466666666712,233.1096238945273
681.5000000000452,232.76980168912277
681.5333333333786,231.8133984486972
681.5666666667119,230.51218971308413
681.6000000000452,229.1624346201253
681.6333333333785,228.060392307662
681.6666666667118,227.50232191353572
681.7000000000451,227.7722126961825
681.7333333333784,228.84582693769343
681.7666666667117,230.3755116740273
681.800000000045,231.998304204423
681.8333333333783,233.3512418281197
681.8666666667116,234.0713618443563
681.9000000000449,233.8307161754856
681.9333333333782,232.70202622555
681.9666666667115,231.01351435269464
682.0000000000448,229.09752868478236
682.0333333333781,227.2864173496759
682.0666666667114,225.91252847523816
682.1000000000447,225.2500386537401
682.133333333378,225.21848822521733
682.1666666667113,225.6037886993196
682.2000000000446,226.1916073026807
682.2333333333779,226.76761126193423
682.2666666667112,227.11747632178867
682.3000000000445,227.098491128628
682.3333333333778,226.8133382298892
682.3666666667111,226.4172197934234
682.4000000000444,226.06533798708185
682.4333333333777,225.91289497871568
682.466666666711,226.11448845504464
682.5000000000443,226.74617784244697
682.5333333333776,227.72849757170232
682.566666666711,228.96368846663583
682.6000000000442,230.35399135107255
682.6333333333775,231.8016470488376
682.6666666667109,233.2078379491483
682.7000000000442,234.4399363813313
682.7333333333775,235.3252218490484
682.7666666667108,235.6886474145008
682.8000000000441,235.3551661398897
682.8333333333774,234.14973108741637
682.8666666667107,231.92197283485345
682.900000000044,228.85381718241044
682.9333333333773,225.36531815650056
682.9666666667106,221.88171593127217
683.0000000000439,218.8282506808735
683.0333333333772,216.63016257945293
683.0666666667105,215.6448143382376
683.1000000000438,215.7590984748601
683.1333333333771,216.66065515179343
683.1666666667104,218.036408339351
683.2000000000437,219.5732820078464
683.233333333377,220.95820029730575
683.2666666667103,221.94699534432092
683.3000000000436,222.5600432719198
683.3333333333769,222.88119484257396
683.3666666667102,222.9943008187548
683.4000000000435,222.9832119629338
683.4333333333768,222.9315589865596
683.4666666667101,222.8806668894298
683.5000000000434,222.7795205736249
683.5333333333767,222.5649223113873
683.56666666671,222.17367437495963
683.6000000000433,221.5425790365844
683.6333333333766,220.61218603628396
683.66666666671,219.4665263931549
683.7000000000432,218.37475467047
683.7333333333765,217.61827124496767
683.7666666667099,217.4784764933864
683.8000000000432,218.2367707924645
683.8333333333765,220.14580643380492
683.8666666667098,223.02450713798405
683.9000000000431,226.3560751185633
683.9333333333764,229.6149699238141
683.9666666667097,232.27565110200763
684.000000000043,233.8125782014153
684.0333333333763,233.7905090240215
684.0666666667096,232.4549405093752
684.1000000000429,230.36179376341403
684.1333333333762,228.0685717317809
684.1666666667095,226.13277736011875
684.2000000000428,225.11191359407044
684.2333333333761,225.3969008034312
684.2666666667094,226.69272513722115
684.3000000000427,228.52784487685727
684.333333333376,230.4307181489201
684.3666666667093,231.9298030799902
684.4000000000426,232.55438477121268
684.4333333333759,232.0407307793383
684.4666666667092,230.60352700801343
684.5000000000425,228.5248480632669
684.5333333333758,226.08676855112748
684.5666666667091,223.571363077624
684.6000000000424,221.2580312392276
684.6333333333757,219.31241138480095
684.666666666709,217.74644737385927
684.7000000000423,216.5611940914156
684.7333333333756,215.75770642248327
684.7666666667089,215.3370392520757
684.8000000000422,215.29666971954427
684.8333333333755,215.5768506385388
684.8666666667089,216.07181609039816
684.9000000000422,216.67449694854216
684.9333333333755,217.27782408639084
684.9666666667088,217.774728377364
685.0000000000421,218.0770676516385
685.0333333333754,218.2448487952984
685.0666666667087,218.4078582955728
685.100000000042,218.69629104032475
685.1333333333753,219.24034191741737
685.1666666667086,220.17020581471377
685.2000000000419,221.58001145167185
685.2333333333752,223.41146666445096
685.2666666667085,225.56602104275927
685.3000000000418,227.94512394157
685.3333333333751,230.45022471585625
685.3666666667084,232.98273037329815
685.4000000000417,235.43256904372288
685.433333333375,237.66270464104545
685.4666666667083,239.5322332452192
685.5000000000416,240.90025093619732
685.5333333333749,241.62585379393337
685.5666666667082,241.57131956101688
685.6000000000415,240.73657892483237
685.6333333333748,239.3089056751674
685.6666666667081,237.48899017030743
685.7000000000414,235.4775227685379
685.7333333333747,233.4751938281442
685.766666666708,231.67824505145103
685.8000000000413,230.2118103660545
685.8333333333746,229.1438642376065
685.8666666667079,228.54076389839187
685.9000000000412,228.46886658069585
685.9333333333745,228.99452951680337
685.9666666667079,230.144021493946
686.0000000000412,231.63296956690905
686.0333333333745,233.0319443607468
686.0666666667078,233.91069772435188
686.1000000000411,233.83898150661693
686.1333333333744,232.38654755643464
686.1666666667077,229.31252626506685
686.200000000041,225.1619949334188
686.2333333333743,220.6838905560895
686.2666666667076,216.62715049172664
686.3000000000409,213.74071209897767
686.3333333333742,212.7717525596086
686.3666666667075,214.0460017276513
686.4000000000408,216.92398503900623
686.4333333333741,220.63168119099072
686.4666666667074,224.39506888092177
686.5000000000407,227.44012680611664
686.533333333374,229.0052034094194
686.5666666667073,228.826236173288
686.6000000000406,227.2953880888046
686.6333333333739,224.84968278203868
686.6666666667072,221.92614387905977
686.7000000000405,218.96179500593743
686.7333333333738,216.37967665459985
686.7666666667071,214.39228241942536
686.8000000000404,213.04934984551957
686.8333333333737,212.3963905568404
686.866666666707,212.47891617734587
686.9000000000403,213.342438330994
686.9333333333736,215.017677351486
686.9666666667069,217.42713965411977
687.0000000000402,220.44525811092475
687.0333333333735,223.94624785981077
687.0666666667069,227.80432403868767
687.1000000000402,231.89370172793372
687.1333333333735,235.9923925161322
687.1666666667068,239.5032780801387
687.2000000000401,241.7378180090499
687.2333333333734,242.0074718919628
687.2666666667067,239.6236993179741
687.30000000004,233.90369691342417
687.3333333333733,225.1840074262984
687.3666666667066,215.98562908956305
687.4000000000399,209.11169087693693
687.4333333333732,207.36532176213865
687.4666666667065,213.5496507188868
687.5000000000398,230.37588086426211
687.5333333333731,257.38692728913287
687.5666666667064,290.23023178363286
687.6000000000397,324.3139240127689
687.633333333373,355.0461336415483
687.6666666667063,377.8349903349779
687.7000000000396,388.3975905019352
687.7333333333729,386.5971425332961
687.7666666667062,375.2609434632637
687.8000000000395,357.2804740981507
687.8333333333728,335.5472152442697
687.8666666667061,312.9526477079331
687.9000000000394,292.10724580042967
687.9333333333727,273.76742110093005
687.966666666706,257.9383937428036
688.0000000000393,244.6232502591387
688.0333333333726,233.8250771830241
688.0666666667059,225.5469542549145
688.1000000000392,219.7014008856124
688.1333333333725,215.88342548736983
688.1666666667059,213.61849005397755
688.2000000000392,212.4320565792264
688.2333333333725,211.8495870569071
688.2666666667058,211.3983868972956
688.3000000000391,210.82252563415784
688.3333333333724,210.28371997447104
688.3666666667057,209.99120860616043
688.400000000039,210.1542302171512
688.4333333333723,210.98202349536845
688.4666666667056,212.6721624676647
688.5000000000389,215.09984051455112
688.5333333333722,217.78460528062016
688.5666666667055,220.2276666123296
688.6000000000388,221.93023435613708
688.6333333333721,222.3935183585004
688.6666666667054,221.1751094998369
688.7000000000387,218.4745048183645
688.733333333372,214.8990020867356
688.7666666667053,211.062416843594
688.8000000000386,207.57856462758363
688.8333333333719,205.06126097734835
688.8666666667052,204.0277704904914
688.9000000000385,204.44537757270103
688.9333333333718,206.08691107295653
688.9666666667051,208.72497576239743
689.0000000000384,212.13217641216312
689.0333333333717,216.0810741521121
689.066666666705,220.27625490943845
689.1000000000383,224.21693877229956
689.1333333333716,227.3637140861312
689.1666666667049,229.1771691963693
689.2000000000382,229.11789244844968
689.2333333333715,226.65336830772372
689.2666666667049,221.75898974811136
689.3000000000382,215.25691762297745
689.3333333333715,208.0495816709233
689.3666666667048,201.03941163054984
689.4000000000381,195.1288372404584
689.4333333333714,191.1853169429676
689.4666666667047,189.33804089795368
689.500000000038,189.0128723791236
689.5333333333713,189.6076967935392
689.5666666667046,190.5203995482624
689.6000000000379,191.14886605035505
689.6333333333712,190.9548215245258
689.6666666667045,189.99110113107224
689.7000000000378,188.6306166940468
689.7333333333711,187.2494321697823
689.7666666667044,186.2236115146113
689.8000000000377,185.92921868486644
689.833333333371,186.64015943749723
689.8666666667043,188.14856976690484
689.9000000000376,190.1047002751303
689.9333333333709,192.15878166925984
689.9666666667042,193.96104465637976
690.0000000000375,195.1621413592236
690.0333333333708,195.57316176499916
690.0666666667041,195.406691815072
690.1000000000374,194.93710152672577
690.1333333333707,194.43876091724397
690.166666666704,194.18604000391025
690.2000000000373,194.4482839323676
690.2333333333706,195.26608518849983
690.2666666667039,196.36196077995288
690.3000000000372,197.4349274987563
690.3333333333705,198.18400213693977
690.3666666667038,198.3082014865329
690.4000000000372,197.5250151824144
690.4333333333705,195.84005985326152
690.4666666667038,193.48690334429216
690.5000000000371,190.7053437519474
690.5333333333704,187.73517917266824
690.5666666667037,184.8162077028959
690.600000000037,182.20117344416363
690.6333333333703,180.2368049906603
690.6666666667036,179.31130098940957
690.7000000000369,179.81304208583774
690.7333333333702,182.13040892537097
690.7666666667035,186.65178004240795
690.8000000000368,193.5580525687036
690.8333333333701,202.2535215164528
690.8666666667034,211.96081604348743
690.9000000000367,221.90256530763943
690.93333333337,231.3013984667406
690.9666666667033,239.3813212649852
691.0000000000366,245.5520124996565
691.0333333333699,249.59451806240403
691.0666666667032,251.33409297390523
691.1000000000365,250.5959922548377
691.1333333333698,247.2054709258792
691.1666666667031,241.0080897600773
691.2000000000364,232.4260036478141
691.2333333333697,222.52632221089823
691.266666666703,212.41018677140363
691.3000000000363,203.17873865140425
691.3333333333696,195.933119172974
691.3666666667029,191.6758032815559
691.4000000000362,190.2979780173385
691.4333333333695,190.99047001816945
691.4666666667028,192.9331568661045
691.5000000000362,195.30591614319937
691.5333333333695,197.28862543150973
691.5666666667028,198.196337667746
691.6000000000361,198.08791785420337
691.6333333333694,197.2767102319361
691.6666666667027,196.0762817208345
691.700000000036,194.80019924078857
691.7333333333693,193.7619073893035
691.7666666667026,193.1609595156617
691.8000000000359,192.8719608384759
691.8333333333692,192.7119420253244
691.8666666667025,192.49793374378532
691.9000000000358,192.04696666143695
691.9333333333691,191.1788576202624
691.9666666667024,189.87974006733893
692.0000000000357,188.393048413588
692.033333333369,186.98429334163896
692.0666666667023,185.9189855341213
692.1000000000356,185.46263567366452
692.1333333333689,185.86668625770605
692.1666666667022,187.1291868244991
692.2000000000355,189.02855969609087
692.2333333333688,191.33595548323535
692.2666666667021,193.8225247966864
692.3000000000354,196.25941824719771
692.3333333333687,198.42790707422088
692.366666666702,200.19008023037333
692.4000000000353,201.4467468844524
692.4333333333686,202.09895923299652
692.4666666667019,202.04776947254425
692.5000000000352,201.1942297996338
692.5333333333685,199.5064493729876
692.5666666667018,197.22237057947535
692.6000000000352,194.64779785703485
692.6333333333685,192.08853564413485
692.6666666667018,189.85038837924407
692.7000000000351,188.2382494987198
692.7333333333684,187.4062011824908
692.7666666667017,187.19057701206032
692.800000000035,187.3874779088013
692.8333333333683,187.7930047940868
692.8666666667016,188.20325858928973
692.9000000000349,188.4200464977108
692.9333333333682,188.41898733872316
692.9666666667015,188.3770746525225
693.0000000000348,188.4825583507848
693.0333333333681,188.92368834518587
693.0666666667014,189.8887145474016
693.1000000000347,191.54440313245075
693.133333333368,193.80836930886585
693.1666666667013,196.43776897499728
693.2000000000346,199.18709640428372
693.2333333333679,201.8108458701639
693.2666666667012,204.06351164607625
693.3000000000345,205.7325351596963
693.3333333333678,206.78818365774117
693.3666666667011,207.26377831489893
693.4000000000344,207.19269947549475
693.4333333333677,206.6083274838536
693.466666666701,205.5443632082515
693.5000000000343,204.3152821159514
693.5333333333676,204.03061409839447
693.5666666667009,205.93963768650843
693.6000000000342,211.29163141122075
693.6333333333675,221.335873803459
693.6666666667008,237.29082196276295
693.7000000000342,258.63596683989414
693.7333333333675,282.21699161236
693.7666666667008,304.66006395707007
693.8000000000341,322.5913515509342
693.8333333333674,332.6370220708618
693.8666666667007,331.62858403887435
693.900000000034,319.8948857135298
693.9333333333673,300.6923324510853
693.9666666667006,277.3675829994255
694.0000000000339,253.2672961064349
694.0333333333672,231.7381305199982
694.0666666667005,215.7531173996404
694.1000000000338,205.476966697534
694.1333333333671,199.7970691920206
694.1666666667004,197.5943805768337
694.2000000000337,197.7498565457067
694.233333333367,199.1444544412166
694.2666666667003,200.82381215035187
694.3000000000336,202.4501894640445
694.3333333333669,203.83014119068235
694.3666666667002,204.7702221386528
694.4000000000335,205.07698711634364
694.4333333333668,204.5581509611776
694.4666666667001,203.16193687630889
694.5000000000334,201.10953415701556
694.5333333333667,198.6535050409896
694.5666666667,196.04641176592335
694.6000000000333,193.54081656950888
694.6333333333666,191.3834364947537
694.6666666666999,189.6718355491245
694.7000000000332,188.3457614642044
694.7333333333665,187.33738239729692
694.7666666666998,186.5788665057061
694.8000000000332,186.0023819467356
694.8333333333665,185.54705029320465
694.8666666666998,185.22194505940465
694.9000000000331,185.07658863528584
694.9333333333664,185.160995329299
694.9666666666997,185.5251794498949
695.000000000033,186.21915530552425
695.0333333333663,187.2647389162846
695.0666666666996,188.5474606853512
695.1000000000329,189.9117323795683
695.1333333333662,191.20195722890517
695.1666666666995,192.2625384633309
695.2000000000328,192.9381205053584
695.2333333333661,193.15426926810505
695.2666666666994,193.03454084684796
695.3000000000327,192.73221100061136
695.333333333366,192.40055548841949
695.3666666666993,192.19285006929655
695.4000000000326,192.25972486434017
695.4333333333659,192.6478475637825
695.4666666666992,193.26818739394776
695.5000000000325,194.0225791881571
695.5333333333658,194.81285777973144
695.5666666666991,195.54085800199195
695.6000000000324,196.11487175691727
695.6333333333657,196.5293185174488
695.666666666699,196.83993299864807
695.7000000000323,197.10376419921647
695.7333333333656,197.377861117855
695.7666666666989,197.71927275326493
695.8000000000322,198.14536551866715
695.8333333333655,198.43203166147524
695.8666666666988,198.26433059921504
695.9000000000322,197.32715758328695
695.9333333333655,195.30540786509144
695.9666666666988,191.8843406955588
696.0000000000321,187.31632373139217
696.0333333333654,183.5671100819297
696.0666666666987,182.92476962823565
696.100000000032,187.6773722513742
696.1333333333653,200.11298783240963
696.1666666666986,222.50796645112288
696.2000000000319,256.4052997861356
696.2333333333652,302.19357806997834
696.2666666666985,360.1599907463966
696.3000000000318,430.591727259136
696.3333333333651,513.7759770519418
696.3666666666984,609.6359313913406
696.4000000000317,711.7193987596153
696.433333333365,808.143206898585
696.4666666666983,886.8505890096247
696.5000000000316,935.7847782941092
696.5333333333649,942.8890079534124
696.5666666666982,898.4722194813434
696.6000000000315,810.5637122634075
696.6333333333648,695.2285171308944
696.6666666666981,568.5716148081724
696.7000000000314,446.69798601961065
696.7333333333647,345.7124975357504
696.766666666698,277.4717415970005
696.8000000000313,238.340127062732
696.8333333333646,221.15163579411347
696.8666666666979,218.74024965231388
696.9000000000312,223.9399504985019
696.9333333333645,229.61097242247305
696.9666666666978,231.3265326433161
697.0000000000312,229.6963106537509
697.0333333333645,225.87745630016596
697.0666666666978,221.02711942894976
697.1000000000311,216.30244988649105
697.1333333333644,212.8243362034101
697.1666666666977,210.89019511881585
697.200000000031,209.97978408135893
697.2333333333643,209.5377617424182
697.2666666666976,209.00878675337248
697.3000000000309,207.83751776560055
697.3333333333642,205.54379969520596
697.3666666666975,202.3252188699168
697.4000000000308,198.738474348564
697.4333333333641,195.3435496477187
697.4666666666974,192.7004282839521
697.5000000000307,191.36909377383543
697.533333333364,191.74913001248063
697.5666666666973,193.55260626530645
697.6000000000306,196.3074243517892
697.6333333333639,199.54148398947885
697.6666666666972,202.78268489592512
697.7000000000305,205.55971408550505
697.7333333333638,207.54021084547463
697.7666666666971,208.6891170761018
697.8000000000304,209.00970162185865
697.8333333333637,208.50523332721727
697.866666666697,207.1789810366498
697.9000000000303,205.0388220336574
697.9333333333636,202.22585019640124
697.9666666666969,199.0315236453405
698.0000000000302,195.75535423945877
698.0333333333635,192.69685383773972
698.0666666666968,190.15553429916704
698.1000000000301,188.4019319103538
698.1333333333635,187.39982944900703
698.1666666666968,186.92851326975148
698.2000000000301,186.76474473628912
698.2333333333634,186.68528521232156
698.2666666666967,186.46689606155064
698.30000000003,185.928495519045
698.3333333333633,185.095492506674
698.3666666666966,184.05641819306956
698.4000000000299,182.8998196182733
698.4333333333632,181.71424382232723
698.4666666666965,180.58825175063117
698.5000000000298,179.61467840151587
698.5333333333631,178.89664689915193
698.5666666666964,178.53879698406234
698.6000000000297,178.64576839677025
698.633333333363,179.32220087779876
698.6666666666963,180.6690577810332
698.7000000000296,182.65560231790184
698.7333333333629,185.08623615184547
698.7666666666962,187.75494724344028
698.8000000000295,190.45572355326277
698.8333333333628,192.982553041889
698.8666666666961,195.1336556915286
698.9000000000294,196.7584569488704
698.9333333333627,197.74039731955216
698.966666666696,197.96352989264724
699.0000000000293,197.31190775722905
699.0333333333626,195.66958400237095
699.0666666666959,192.99044824896652
699.1000000000292,189.6085124643616
699.1333333333625,185.9864933470131
699.1666666666958,182.58721016458347
699.2000000000291,179.87348218473474
699.2333333333625,178.3077671251341
699.2666666666958,178.16148842898065
699.3000000000291,179.2017475203957
699.3333333333624,181.11338912356163
699.3666666666957,183.5812579626608
699.400000000029,186.29019876187547
699.4333333333623,188.92727637988685
699.4666666666956,191.27451828831235
699.5000000000289,193.24256622814764
699.5333333333622,194.7512071330008
699.5666666666955,195.72022793647992
699.6000000000288,196.06941557219312
699.6333333333621,195.73200841497817
699.6666666666954,194.82165292553915
699.7000000000287,193.58092080813088
699.733333333362,192.25517287804868
699.7666666666953,191.089769950588
699.8000000000286,190.33007284104423
699.8333333333619,190.15714914797252
699.8666666666952,190.3740713504504
699.9000000000285,190.64622299479416
699.9333333333618,190.6387886580858
699.9666666666951,190.01695291740705
700.0000000000284,188.44614952213348
700.0333333333617,185.80260312027607
700.066666666695,182.5567999632623
700.1000000000283,179.2831958809969
700.1333333333616,176.5562467033846
700.1666666666949,174.95040826033014
700.2000000000282,175.02998375977816
700.2333333333615,176.86518263641585
700.2666666666948,179.82008514950266
700.3000000000281,183.20450958869324
700.3333333333615,186.32827424364248
700.3666666666948,188.501197404005
700.4000000000281,189.08020637539147
700.4333333333614,188.09922509996744
700.4666666666947,186.09942317313588
700.500000000028,183.63423967390452
700.5333333333613,181.2571136812812
700.5666666666946,179.52148427427363
700.6000000000279,178.89008218945216
700.6333333333612,179.26611155744612
700.6666666666945,180.33963572511496
700.7000000000278,181.8002996385873
700.7333333333611,183.3377482439916
700.7666666666944,184.64169931889816
700.8000000000277,185.48664777816356
700.833333333361,185.8953967445056
700.8666666666943,185.93597335898144
700.9000000000276,185.67640476264805
700.9333333333609,185.1847180965624
700.9666666666942,184.5285483182812
701.0000000000275,183.7550358326513
701.0333333333608,182.8811873412808
701.0666666666941,181.9215992755922
701.1000000000274,180.8908680670083
701.1333333333607,179.80359014695182
701.166666666694,178.6794603545425
701.2000000000273,177.61386902298764
701.2333333333606,176.76017583155377
701.2666666666939,176.27321433841263
701.3000000000272,176.30781810173573
701.3333333333605,177.0188206796949
701.3666666666938,178.51995506593536
701.4000000000271,180.6667369942959
701.4333333333605,183.21464047775996
701.4666666666938,185.9189209911769
701.5000000000271,188.5348340093961
701.5333333333604,190.8176653772845
701.5666666666937,192.56146962534277
701.600000000027,193.6750168803016
701.6333333333603,194.0881941658244
701.6666666666936,193.7308885055745
701.7000000000269,192.53298692321545
701.7333333333602,190.42771066266212
701.7666666666935,187.52380027015508
701.8000000000268,184.18881032051544
701.8333333333601,180.81108022894813
701.8666666666934,177.77894941065802
701.9000000000267,175.4807572808499
701.93333333336,174.2901915586396
701.9666666666933,174.36454259186985
702.0000000000266,175.69595596488182
702.0333333333599,178.2724114216078
702.0666666666932,182.0818887059804
702.1000000000265,187.11236756193185
702.1333333333598,193.27043181115172
702.1666666666931,199.95719754700067
702.2000000000264,206.380033266136
702.2333333333597,211.74591171237395
702.266666666693,215.26180562953112
702.3000000000263,216.13505229814925
702.3333333333596,213.96942771577076
702.3666666666929,209.52089719926173
702.4000000000262,203.75357626930855
702.4333333333595,197.63158044659767
702.4666666666928,192.1190252518156
702.5000000000261,188.1687445127747
702.5333333333595,186.17272467663284
702.5666666666928,185.7145161695721
702.6000000000261,186.31478518199407
702.6333333333594,187.4941979043001
702.6666666666927,188.77342052689173
702.700000000026,189.6987346795216
702.7333333333593,190.17886986232023
702.7666666666926,190.39128238155016
702.8000000000259,190.5197722284101
702.8333333333592,190.74813939409853
702.8666666666925,191.2601838698141
702.9000000000258,192.2061013928406
702.9333333333591,193.53587870139765
702.9666666666924,195.12566131985625
703.0000000000257,196.8514781454536
703.033333333359,198.58935807542687
703.0666666666923,200.215355056582
703.1000000000256,201.62434054118447
703.1333333333589,202.76342238766256
703.1666666666922,203.5886989799696
703.2000000000255,204.056268702059
703.2333333333588,204.1222299378844
703.2666666666921,203.7445979162084
703.3000000000254,202.9661551098988
703.3333333333587,201.94612606107208
703.366666666692,200.85218796893665
703.4000000000253,199.85201803270067
703.4333333333586,199.1132934515727
703.4666666666919,198.80368041963817
703.5000000000252,199.09070122302225
703.5333333333585,200.141777109428
703.5666666666918,202.12432723295885
703.6000000000251,205.20577074771788
703.6333333333585,209.5535268078084
703.6666666666918,215.2319394244116
703.700000000025,221.73321988582063
703.7333333333584,228.3522059904197
703.7666666666917,234.3835498911633
703.800000000025,239.1219037410061
703.8333333333583,241.86260446214868
703.8666666666916,242.21339625135505
703.9000000000249,240.58793276471664
703.9333333333582,237.52806796771767
703.9666666666915,233.57565582584243
704.0000000000248,229.27255030457505
704.0333333333581,225.15451200600472
704.0666666666914,221.52948788770627
704.1000000000247,218.4146273909409
704.133333333358,215.8081540639649
704.1666666666913,213.70829145503467
704.2000000000246,212.1132631124065
704.2333333333579,211.0227502090975
704.2666666666912,210.4534732682249
704.3000000000245,210.4331909632146
704.3333333333578,210.9898479699728
704.3666666666911,212.15138896440587
704.4000000000244,213.94575862242027
704.4333333333577,216.32503785549028
704.466666666691,218.86009892862967
704.5000000000243,221.0023360365945
704.5333333333576,222.2031015434772
704.5666666666909,221.91374781337
704.6000000000242,219.58706337112775
704.6333333333575,215.0532983543708
704.6666666666908,209.0239001832649
704.7000000000241,202.33584150883095
704.7333333333575,195.82609498208944
704.7666666666908,190.3316332540611
704.800000000024,186.6690691945217
704.8333333333574,185.0366811951077
704.8666666666907,184.9173956903879
704.900000000024,185.75424654257029
704.9333333333573,186.99026761386287
704.9666666666906,188.06849276647355
705.0000000000239,188.50032730062236
705.0333333333572,188.49063691755637
705.0666666666905,188.64782698297515
705.1000000000238,189.5853069079881
705.1333333333571,191.9164861037045
705.1666666666904,196.25477398123385
705.2000000000237,202.9576775849901
705.233333333357,211.2510320391533
705.2666666666903,220.04794645996205
705.3000000000236,228.26151937441563
705.3333333333569,234.80484930951343
705.3666666666902,238.5951726788366
705.4000000000235,239.1750666241034
705.4333333333568,237.3752084950394
705.4666666666901,234.18508651823552
705.5000000000234,230.5941889202827
705.5333333333567,227.592003927772
705.56666666669,226.27720971625143
705.6000000000233,230.36456609437963
705.6333333333566,246.24444552359432
705.6666666666899,280.4283185078949
705.7000000000232,339.42765555128085
705.7333333333565,429.7539271577517
705.7666666666898,555.8610020753813
705.8000000000231,704.5712603556793
705.8333333333564,853.7449433447657
705.8666666666898,981.1716236779592
705.900000000023,1064.640873990578
705.9333333333564,1081.9423178448997
705.9666666666897,1019.2251592227188
706.000000000023,894.2625760575663
706.0333333333563,732.3045104859935
706.0666666666896,558.6009046445525
706.1000000000229,398.4017006697956
706.1333333333562,276.8199173016044
706.1666666666895,206.77106619087365
706.2000000000228,179.52925969940384
706.2333333333561,184.14597833879796
706.2666666666894,209.67270262065887
706.3000000000227,245.1609130565895
706.333333333356,280.09080604145464
706.3666666666893,311.8826683736702
706.4000000000226,344.9571291688132
706.4333333333559,383.9746484387892
706.4666666666892,433.595686195503
706.5000000000225,498.4807024508602
706.5333333333558,581.9306010664659
706.5666666666891,677.637659470689
706.6000000000224,775.1536435727988
706.6333333333557,864.0140952528016
706.666666666689,933.7545563907024
706.7000000000223,973.9121338486956
706.7333333333556,977.8244135364234
706.7666666666889,950.793376212554
706.8000000000222,900.4694519591524
706.8333333333555,834.5030708582839
706.8666666666888,760.5446629920141
706.9000000000221,686.194017148684
706.9333333333554,616.2965034457796
706.9666666666888,551.5839284275297
707.000000000022,492.4518452666829
707.0333333333554,439.29580713598784
707.0666666666887,392.5113672081932
707.100000000022,352.4592601023425
707.1333333333553,319.0086445956721
707.1666666666886,291.6647640930678
707.2000000000219,269.92430141260786
707.2333333333552,253.2839393723703
707.2666666666885,241.24036079043307
707.3000000000218,233.24496819931213
707.3333333333551,228.4911626008073
707.3666666666884,226.0810994645473
707.4000000000217,225.1168288916015
707.433333333355,224.7004009830389
707.4666666666883,223.9346273581659
707.5000000000216,222.2521765714528
707.5333333333549,219.92944961780947
707.5666666666882,217.3758305634708
707.6000000000215,215.00070347467133
707.6333333333548,213.21345241764573
707.6666666666881,212.4125013135172
707.7000000000214,212.61893476043304
707.7333333333547,213.3901269849431
707.766666666688,214.25498748164145
707.8000000000213,214.742425745122
707.8333333333546,214.38135126997904
707.8666666666879,212.7537851674299
707.9000000000212,210.00744916129483
707.9333333333545,206.6318859424236
707.9666666666878,203.1213800678297
708.0000000000211,199.9702160945267
708.0333333333544,197.6726785795281
708.0666666666878,196.6113622716861
708.100000000021,196.66765567254984
708.1333333333544,197.5824149537657
708.1666666666877,199.09648923203616
708.200000000021,200.9507276240636
708.2333333333543,202.8868718126469
708.2666666666876,204.7755076601104
708.3000000000209,206.7495326978079
708.3333333333542,208.97373925277276
708.3666666666875,211.6129196520384
708.4000000000208,214.8318662226384
708.4333333333541,218.78612191787644
708.4666666666874,223.423115482204
708.5000000000207,228.48469696418056
708.533333333354,233.7039741651151
708.5666666666873,238.8140548863165
708.6000000000206,243.5480469290936
708.6333333333539,247.65311315232452
708.6666666666872,250.98828085482657
708.7000000000205,253.46602139618997
708.7333333333538,254.99913776858784
708.7666666666871,255.5004329641933
708.8000000000204,254.88271969987
708.8333333333537,253.14817196263957
708.866666666687,250.6066240956545
708.9000000000203,247.6340718063355
708.9333333333536,244.60651080210351
708.9666666666869,241.89993679037912
709.0000000000202,239.886560509154
709.0333333333535,238.69501091774563
709.0666666666868,238.06656917700332
709.1000000000201,237.70802437533388
709.1333333333534,237.3261656011437
709.1666666666868,236.62778194283987
709.20000000002,235.3426595650235
709.2333333333534,233.54744147394035
709.2666666666867,231.5871965294473
709.30000000002,229.81398065255124
709.3333333333533,228.57984976425888
709.3666666666866,228.2368597855769
709.4000000000199,229.0648457762184
709.4333333333532,230.9190741939157
709.4666666666865,233.50016962463656
709.5000000000198,236.5085333128272
709.5333333333531,239.6445665029338
709.5666666666864,242.60866308278264
709.6000000000197,245.09783035901404
709.633333333353,246.8003266469295
709.6666666666863,247.4030163132034
709.7000000000196,246.59276372451
709.7333333333529,244.05643324752347
709.7666666666862,239.4984306527991
709.8000000000195,233.2163508170888
709.8333333333528,226.23063145050915
709.8666666666861,219.60550046993316
709.9000000000194,214.405185792234
709.9333333333527,211.6939153342849
709.966666666686,212.4093154255592
710.0000000000193,216.18666955391885
710.0333333333526,221.89505645806304
710.0666666666859,228.39373317695157
710.1000000000192,234.54195674954423
710.1333333333525,239.1989842148008
710.1666666666858,241.4772089125276
710.2000000000191,241.56970828851567
710.2333333333524,239.9578964551832
710.2666666666858,237.1231902887544
710.300000000019,233.54700666545347
710.3333333333524,229.70974146888847
710.3666666666857,225.97550341022892
710.400000000019,222.4863537762497
710.4333333333523,219.35936441990503
710.4666666666856,216.71160719414917
710.5000000000189,214.66015395193628
710.5333333333522,213.3152327224963
710.5666666666855,212.65261399202544
710.6000000000188,212.52524563071947
710.6333333333521,212.78156464754065
710.6666666666854,213.2700080514512
710.7000000000187,213.83901285141303
710.733333333352,214.3648373901684
710.7666666666853,214.92049137184532
710.8000000000186,215.6638155301871
710.8333333333519,216.7529839142261
710.8666666666852,218.3461705729946
710.9000000000185,220.60146681473427
710.9333333333518,223.5449630044608
710.9666666666851,226.80299137711947
711.0000000000184,229.9264972781972
711.0333333333517,232.4664260531809
711.066666666685,233.97372304755757
711.1000000000183,234.0078503771161
711.1333333333516,232.5169156504568
711.1666666666849,229.98996728878816
711.2000000000182,226.9560772463993
711.2333333333515,223.94431747757903
711.2666666666848,221.48375993661648
711.3000000000181,220.0544905200492
711.3333333333514,219.5418236813024
711.3666666666848,219.4349806763965
711.400000000018,219.2160025406283
711.4333333333514,218.3669303092944
711.4666666666847,216.36980501769148
711.500000000018,212.99667834824044
711.5333333333513,209.4244899696183
711.5666666666846,207.25500703867
711.6000000000179,208.0900879651789
711.6333333333512,213.5315911589281
711.6666666666845,225.17387363540584
711.7000000000178,243.3399340457556
711.7333333333511,265.65880580179737
711.7666666666844,289.4161349445344
711.8000000000177,311.89756751496964
711.833333333351,330.3887495541062
711.8666666666843,342.2531995416154
711.9000000000176,346.63511686420827
711.9333333333509,344.4536313080274
711.9666666666842,336.7045949925892
712.0000000000175,324.38386003741
712.0333333333508,308.4872785620064
712.0666666666841,290.07116821188
712.1000000000174,270.6614746148279
712.1333333333507,252.0038758950851
712.166666666684,235.8453009005031
712.2000000000173,223.93267847893372
712.2333333333506,218.01273480812105
712.2666666666839,219.06716086307816
712.3000000000172,225.5843374786928
712.3333333333505,235.54555358448096
712.3666666666838,246.93209810995896
712.4000000000171,257.72525998464283
712.4333333333504,265.924928071936
712.4666666666838,270.50255657984843
712.500000000017,271.85787512312294
712.5333333333504,270.50482788063783
712.5666666666837,266.95735903127144
712.600000000017,261.729412753902
712.6333333333503,255.35112424239009
712.6666666666836,248.56153853451056
712.7000000000169,242.24500366818492
712.7333333333502,237.288809267732
712.7666666666835,234.5802449574706
712.8000000000168,235.00660036171956
712.8333333333501,239.1697897437245
712.8666666666834,246.2378560980967
712.9000000000167,254.92947474434817
712.93333333335,263.9631638258161
712.9666666666833,272.0574414858377
713.0000000000166,277.9336968053906
713.0333333333499,280.84668360396944
713.0666666666832,281.2061633811084
713.1000000000165,279.5728934894089
713.1333333333498,276.5076312814725
713.1666666666831,272.57113410990047
713.2000000000164,268.31634970306146
713.2333333333497,264.1146654784482
713.266666666683,260.15482476823973
713.3000000000163,256.6175445230876
713.3333333333496,253.68354169364355
713.3666666666829,251.5335332305593
713.4000000000162,250.32551287464415
713.4333333333495,250.041419452879
713.4666666666828,250.58099175909896
713.5000000000161,251.8435048467685
713.5333333333494,253.72823376935187
713.5666666666827,256.1344468613896
713.600000000016,258.9406202894708
713.6333333333494,261.95846921202025
713.6666666666827,264.9863362939805
713.700000000016,267.8225642002948
713.7333333333493,270.26549559590586
713.7666666666826,272.11213290428367
713.8000000000159,273.09368516409234
713.8333333333492,272.84700299141923
713.8666666666825,271.0016498778704
713.9000000000158,267.1871893150514
713.9333333333491,261.03318479456823
713.9666666666824,252.3521839142468
714.0000000000157,243.20110790565624
714.033333333349,237.14251919998225
714.0666666666823,237.7667966535873
714.1000000000156,248.6643191228342
714.1333333333489,273.4254654640854
714.1666666666822,313.117733076743
714.2000000000155,356.79958162974833
714.2333333333488,389.9600989834061
714.2666666666821,398.0877881233711
714.3000000000154,366.67115203529767
714.3333333333487,281.3817565911269
714.366666666682,154.3318750044092
714.4000000000153,51.47189246507765
714.4333333333486,45.299582581272034
714.4666666666819,208.312718961132
714.5000000000152,613.0090752127976
714.5333333333485,1326.3106467394982
714.5666666666818,2300.3594241044343
714.6000000000151,3379.53313802342
714.6333333333484,4404.038639992826
714.6666666666817,5214.082781509024
714.700000000015,5649.872414068386
714.7333333333484,5579.466437195996
714.7666666666817,5066.439927650978
714.800000000015,4258.114647824133
714.8333333333483,3302.1309448602124
714.8666666666816,2346.129165903968
714.9000000000149,1537.7067221379898
714.9333333333482,979.0438925824758
714.9666666666815,640.74682256673
715.0000000000148,469.7320553029502
715.0333333333481,412.9161340033339
715.0666666666814,417.21560188007857
715.1000000000147,430.1857651263225
715.133333333348,423.94546742959926
715.1666666666813,402.36806062200856
715.2000000000146,371.4336438340215
715.2333333333479,337.1223161961088
715.2666666666812,305.4141768387414
715.3000000000145,281.8543798257765
715.3333333333478,267.4285040541365
715.3666666666811,260.4003227836369
715.4000000000144,258.99717386638525
715.4333333333477,261.44639515448904
715.466666666681,265.975324500056
715.5000000000143,271.0337538877938
715.5333333333476,275.9883269203875
715.5666666666809,280.4418629665992
715.6000000000142,283.99718162280493
715.6333333333475,286.2571024853812
715.6666666666808,286.8279782546408
715.7000000000141,285.625778829996
715.7333333333474,283.1129755726739
715.7666666666807,279.80779958785314
715.800000000014,276.22848198071193
715.8333333333474,272.8932538564287
715.8666666666807,270.2919964491814
715.900000000014,268.4561133443447
715.9333333333473,267.045673817748
715.9666666666806,265.7100691011854
716.0000000000139,264.0986904264514
716.0333333333472,261.86092902534017
716.0666666666805,258.75527295010346
716.1000000000138,255.17358635816004
716.1333333333471,251.7357317138453
716.1666666666804,249.06187331906716
716.2000000000137,247.7721754757336
716.233333333347,248.48547278181056
716.2666666666803,251.41598711465227
716.3000000000136,255.8058523222875
716.3333333333469,260.7542073313501
716.3666666666802,265.3601910684739
716.4000000000135,268.722942460293
716.4333333333468,269.97176652702166
716.4666666666801,269.0333997833952
716.5000000000134,266.69420887288163
716.5333333333467,263.7831882610304
716.56666666668,261.1293324133908
716.6000000000133,259.561635795512
716.6333333333466,259.78613025570223
716.6666666666799,261.5048316166569
716.7000000000132,263.9295784298116
716.7333333333465,266.26889299200315
716.7666666666798,267.73129760006907
716.8000000000131,267.52537935158466
716.8333333333464,265.1105899672916
716.8666666666797,260.76545548032635
716.900000000013,254.93539547143388
716.9333333333464,248.0658295213592
716.9666666666797,240.6021772108473
717.000000000013,232.98872270055284
717.0333333333463,225.61572185339747
717.0666666666796,218.79692007572817
717.1000000000129,212.84025960357985
717.1333333333462,208.0536826729874
717.1666666666795,204.7451315199859
717.2000000000128,203.186290285847
717.2333333333461,203.22820257649207
717.2666666666794,204.4509387242213
717.3000000000127,206.4300711225436
717.333333333346,208.74117216496845
717.3666666666793,210.9598142450052
717.4000000000126,212.72880940287308
717.4333333333459,213.98724966533177
717.4666666666792,214.7558072755716
717.5000000000125,215.05515696037017
717.5333333333458,214.90597344650504
717.5666666666791,214.32947313201475
717.6000000000124,213.4016100703891
717.6333333333457,212.2992809656252
717.666666666679,211.21026480062395
717.7000000000123,210.3223405582863
717.7333333333456,209.82328722151323
717.7666666666789,209.88882079228043
717.8000000000122,210.49142299459032
717.8333333333455,211.43461510412067
717.8666666666788,212.5167835655568
717.9000000000121,213.53631482358384
717.9333333333454,214.2915953228872
717.9666666666787,214.62042673783697
718.000000000012,214.59214478469724
718.0333333333454,214.36035658728085
718.0666666666787,214.07879033961737
718.100000000012,213.9011742357365
718.1333333333453,213.98103055850464
718.1666666666786,214.4113553521126
718.2000000000119,215.14068980354324
718.2333333333452,216.0964821003597
718.2666666666785,217.20618043012504
718.3000000000118,218.3972329804024
718.3333333333451,219.61591966490036
718.3666666666784,221.2858952433628
718.4000000000117,224.33414596972403
718.433333333345,229.7116857162952
718.4666666666783,238.36952835538727
718.5000000000116,251.25868775931136
718.5333333333449,269.0556655087941
718.5666666666782,290.3001686641946
718.6000000000115,312.5302403361594
718.6333333333448,333.27817678051844
718.6666666666781,350.0762742531019
718.7000000000114,360.45731689889567
718.7333333333447,362.8517127374741
718.766666666678,358.44617442358174
718.8000000000113,348.9547124761592
718.8333333333446,336.0913374141471
718.8666666666779,321.57005975648616
718.9000000000112,307.0893228189191
718.9333333333445,293.72135155095486
718.9666666666778,281.7125034109401
719.0000000000111,271.25267778285195
719.0333333333444,262.5317740506677
719.0666666666777,255.73969159836463
719.100000000011,251.03199523110956
719.1333333333444,248.21021770404064
719.1666666666777,246.86722505682863
719.200000000011,246.59319382247355
719.2333333333443,246.9783005339754
719.2666666666776,247.61272180756328
719.3000000000109,248.32987450992024
719.3333333333442,249.91579398499456
719.3666666666775,253.38969045359283
719.4000000000108,259.7707741365217
719.4333333333441,270.0782552545877
719.4666666666774,285.29538625029187
719.5000000000107,303.9210976014064
719.533333333344,320.4029020811393
719.5666666666773,328.8152401500778
719.6000000000106,323.23255226880894
719.6333333333439,297.72927889791987
719.6666666666772,247.55255783235265
719.7000000000105,184.03587801900144
719.7333333333438,130.18906398885994
719.7666666666771,109.28415201150654
719.8000000000104,144.59317835651945
719.8333333333437,259.388179293477
719.866666666677,469.4360785096073
719.9000000000103,753.5410767313209
719.9333333333436,1079.1475676167158
719.9666666666769,1413.696867659609
720.0000000000102,1724.6302933538184
720.0333333333435,1979.4661134714836
720.0666666666768,2156.026406754014
720.1000000000101,2252.702192739948
720.1333333333434,2270.3274288704706
720.1666666666767,2209.73607258677
720.20000000001,2071.762081330033
720.2333333333434,1858.014297230148
720.2666666666767,1584.357861611982
720.30000000001,1279.1761398452356
720.3333333333433,971.2779239507691
720.3666666666766,689.4720059494423
720.4000000000099,462.5671778621155
720.4333333333432,314.5800755288057
720.4666666666765,240.23345126815255
720.5000000000098,223.18424719555028
720.5333333333431,247.06883806563343
720.5666666666764,295.5235986330365
720.6000000000097,352.19719582220733
720.633333333343,404.623016539046
720.6666666666763,449.7345180641602
720.7000000000096,485.85895703603376
720.7333333333429,511.3235900931505
720.7666666666762,524.455673873994
720.8000000000095,523.675886783888
720.8333333333428,509.7368504989335
720.8666666666761,485.829716439553
720.9000000000094,455.2603884370079
720.9333333333427,421.3347703225599
720.966666666676,387.3587659274705
721.0000000000093,356.36625689592915
721.0333333333426,329.34895495620106
721.0666666666759,306.37068965907304
721.1000000000092,287.4906373971745
721.1333333333425,272.7679745631348
721.1666666666758,262.2617559940665
721.2000000000091,255.9002775361028
721.2333333333424,253.23228309073
721.2666666666757,253.7380388448535
721.300000000009,256.89781098537867
721.3333333333424,262.1918656992109
721.3666666666757,269.09433179781
721.400000000009,276.8684727919886
721.4333333333423,284.51867074746514
721.4666666666756,291.0334402500374
721.5000000000089,295.4012958855034
721.5333333333422,296.6107522396608
721.5666666666755,293.81227066669027
721.6000000000088,287.6356050431648
721.6333333333421,279.5028030242873
721.6666666666754,270.84343110254974
721.7000000000087,263.0870557704441
721.733333333342,257.66318916744217
721.7666666666753,255.507971561759
721.8000000000086,255.86001104474087
721.8333333333419,257.5931038136227
721.8666666666752,259.5810460656392
721.9000000000085,260.69763399802514
721.9333333333418,259.8332722328556
721.9666666666751,256.676961022743
722.0000000000084,252.053434327594
722.0333333333417,246.87409477395383
722.066666666675,242.05034498836747
722.1000000000083,238.49358759738016
722.1333333333416,237.0308472862456
722.1666666666749,237.55978706966127
722.2000000000082,239.4020774259444
722.2333333333415,241.87079547432683
722.2666666666748,244.27901833404044
722.3000000000081,245.93982312431703
722.3333333333414,246.3498162848008
722.3666666666747,245.74357326650767
722.400000000008,244.54112975260108
722.4333333333414,243.16252142722345
722.4666666666747,242.02778397451735
722.500000000008,241.55279447972103
722.5333333333413,241.86853321199484
722.5666666666746,242.64274727194623
722.6000000000079,243.500694205594
722.6333333333412,244.0676315589566
722.6666666666745,243.9688168780528
722.7000000000078,242.86785463914012
722.7333333333411,240.9327836000093
722.7666666666744,238.68728864671263
722.8000000000077,236.6624997929624
722.833333333341,235.38954705247093
722.8666666666743,235.3995604389505
722.9000000000076,237.05968591404556
722.9333333333409,239.97880407114093
722.9666666666742,243.5467775961052
723.0000000000075,247.1534477971877
723.0333333333408,250.18865598263812
723.0666666666741,252.04541115637684
723.1000000000074,252.43138556590864
723.1333333333407,251.63155507545287
723.166666666674,249.99273581339747
723.2000000000073,247.86174390813065
723.2333333333406,245.5853954880404
723.2666666666739,243.4930925043041
723.3000000000072,241.6436056902885
723.3333333333405,239.88210333307129
723.3666666666738,238.0479458913385
723.4000000000071,235.9804938237762
723.4333333333404,233.5191075890704
723.4666666666737,230.54823690023247
723.500000000007,227.18831096048885
723.5333333333404,223.63669923858157
723.5666666666737,220.090813546812
723.600000000007,216.7480656974817
723.6333333333403,213.80529719660436
723.6666666666736,211.37598990230276
723.7000000000069,209.40336996108377
723.7333333333402,207.80988282976415
723.7666666666735,206.5179739651607
723.8000000000068,205.45008882409005
723.8333333333401,204.5259523274636
723.8666666666734,203.61597650696925
723.9000000000067,202.54766505402745
723.93333333334,201.14708981038464
723.9666666666733,199.2403226177875
724.0000000000066,196.65343531798257
724.0333333333399,193.40552784129068
724.0666666666732,190.641335695356
724.1000000000065,189.9124888301249
724.1333333333398,192.77117296057017
724.1666666666731,200.7695738016647
724.2000000000064,215.45292033080037
724.2333333333397,236.85814216080803
724.266666666673,261.6403661149239
724.3000000000063,285.9945570591622
724.3333333333396,306.1156798595372
724.3666666666729,318.19869938206324
724.4000000000062,318.61333783596035
724.4333333333395,307.3676719012821
724.4666666666728,287.90823566820967
724.5000000000061,263.8163011338287
724.5333333333394,238.67314029522495
724.5666666666727,216.06002514948423
724.600000000006,199.1041880236445
724.6333333333394,188.0290973258393
724.6666666666727,181.9146784653749
724.700000000006,179.83809866831027
724.7333333333393,180.87652516070457
724.7666666666726,184.107928998118
724.8000000000059,188.86774579870783
724.8333333333392,195.11597517007337
724.8666666666725,202.9054822007971
724.9000000000058,212.28913197946164
724.9333333333391,223.31978959464965
724.9666666666724,236.0154424302152
725.0000000000057,249.5751581998549
725.033333333339,262.3696798387412
725.0666666666723,272.73299147875144
725.1000000000056,278.9990772517628
725.1333333333389,279.5019212896527
725.1666666666722,272.9333999113939
725.2000000000055,260.45503050738535
725.2333333333388,244.2701358663784
725.2666666666721,226.58570875304136
725.3000000000054,209.60874193204276
725.3333333333387,195.54456408079264
725.366666666672,185.8290732012764
725.4000000000053,179.90898800689632
725.4333333333386,176.91385352489112
725.4666666666719,175.97321478249924
725.5000000000052,176.21661680695922
725.5333333333385,176.78890081817696
725.5666666666718,177.2313813891043
725.6000000000051,177.50836976324052
725.6333333333384,177.60478501425777
725.6666666666717,177.5055462158281
725.700000000005,177.19557244162365
725.7333333333384,176.67215382613256
725.7666666666717,176.02315068403715
725.800000000005,175.3766831764169
725.8333333333383,174.8610543209022
725.8666666666716,174.60456713512352
725.9000000000049,174.7353926325471
725.9333333333382,175.29784711196191
725.9666666666715,176.10878050378798
726.0000000000048,176.94684417118177
726.0333333333381,177.59068947729975
726.0666666666714,177.8189677852984
726.1000000000047,177.41946378182718
726.133333333338,176.43500730826975
726.1666666666713,175.19128748313847
726.2000000000046,174.0287082631678
726.2333333333379,173.2876736050923
726.2666666666712,173.30858746564658
726.3000000000045,174.3681057374864
726.3333333333378,176.25627292965942
726.3666666666711,178.53882746643606
726.4000000000044,180.78030972463893
726.4333333333377,182.5452600810906
726.466666666671,183.39846170605372
726.5000000000043,183.10014094829936
726.5333333333376,181.95801481700047
726.5666666666709,180.37494261391151
726.6000000000042,178.7537836407868
726.6333333333375,177.4973971993806
726.6666666666708,176.99754458741256
726.7000000000041,177.32096296305727
726.7333333333374,178.16511160668304
726.7666666666707,179.20745581294153
726.800000000004,180.12546087648434
726.8333333333374,180.596592091963
726.8666666666707,180.44565138734723
726.900000000004,180.64930693049465
726.9333333333373,182.72620380403637
726.9666666666706,188.19814544622864
727.0000000000039,198.5869352953278
727.0333333333372,215.4130897430393
727.0666666666705,239.02159769575647
727.1000000000038,266.4114179585005
727.1333333333371,293.990133068663
727.1666666666704,318.1653255636353
727.2000000000037,335.3445779808092
727.233333333337,342.0282079303453
727.2666666666703,337.4845058474764
727.3000000000036,324.1566014754932
727.3333333333369,304.6622129936529
727.3666666666702,281.61905858121247
727.4000000000035,257.6448564174292
727.4333333333368,235.23218495248196
727.4666666666701,215.88967244545432
727.5000000000034,200.6607058032477
727.5333333333367,190.58590508233135
727.56666666667,186.70589033917463
727.6000000000033,190.06132831467647
727.6333333333366,201.73541426012804
727.6666666666699,222.9323579758724
727.7000000000032,254.8777500816827
727.7333333333365,298.79718119733235
727.7666666666698,355.91624194259447
727.8000000000031,427.2748227387889
727.8333333333364,508.4272679030772
727.8666666666697,588.6685689102785
727.900000000003,656.9524103946375
727.9333333333363,702.2324769903983
727.9666666666697,713.4624533318055
728.000000000003,681.6072099410117
728.0333333333363,613.2483673335863
728.0666666666696,522.2728548442892
728.1000000000029,422.6091466089072
728.1333333333362,328.18571676322665
728.1666666666695,252.92502979586573
728.2000000000028,205.94810711076045
728.2333333333361,182.9388990975348
728.2666666666694,177.2486883691824
728.3000000000027,182.22875753869687
728.333333333336,191.23038921907175
728.3666666666693,197.73580688722888
728.4000000000026,198.94581417541025
728.4333333333359,196.22091473935205
728.4666666666692,191.14112476590597
728.5000000000025,185.2864604419233
728.5333333333358,180.23693795425584
728.5666666666691,177.38961717897678
728.6000000000024,176.7637759279399
728.6333333333357,177.75099615425677
728.666666666669,179.73967438983138
728.7000000000023,182.11820716656752
728.7333333333356,184.2753266588718
728.7666666666689,185.81051226945837
728.8000000000022,186.8939741920869
728.8333333333355,187.7915958856901
728.8666666666688,188.76926080920052
728.9000000000021,190.09285242155084
728.9333333333354,192.01700707318608
728.9666666666687,194.49764079398997
729.000000000002,197.16785299648387
729.0333333333353,199.6446676316576
729.0666666666687,201.54510865050065
729.100000000002,202.48620000400268
729.1333333333353,202.1493043452249
729.1666666666686,200.67740085472516
729.2000000000019,198.41505493814523
729.2333333333352,195.707674440612
729.2666666666685,192.90066720725216
729.3000000000018,190.33916128961167
729.3333333333351,188.24081663105363
729.3666666666684,186.49454196822305
729.4000000000017,184.93696282563133
729.433333333335,183.40470472778992
729.4666666666683,181.7343931992101
729.5000000000016,179.77039589921714
729.5333333333349,177.5445932048522
729.5666666666682,175.28177973645575
729.6000000000015,173.21557282743473
729.6333333333348,171.57958981119603
729.6666666666681,170.6074480211466
729.7000000000014,170.4801429613695
729.7333333333347,171.02512711246308
729.766666666668,171.924246503103
729.8000000000013,172.85889481971705
729.8333333333346,173.51046574873286
729.8666666666679,173.56083669955393
729.9000000000012,172.84419875448168
729.9333333333345,171.56305197443
729.9666666666678,169.9744659745734
730.0000000000011,168.33551037008638
730.0333333333344,166.90325477614348
730.0666666666677,165.9266545888092
730.100000000001,165.47942725425634
730.1333333333343,165.46615529994827
730.1666666666677,165.7845281213026
730.200000000001,166.33223511373671
730.2333333333343,167.00696567266817
730.2666666666676,167.69517637434646
730.3000000000009,168.2138275944168
730.3333333333342,168.35333314598572
730.3666666666675,167.90405379564126
730.4000000000008,166.65635030997146
730.4333333333341,164.40292136639968
730.4666666666674,161.43400353028966
730.5000000000007,159.1508410222593
730.533333333334,159.1051496815203
730.5666666666673,162.8486453472844
730.6000000000006,171.9330438587633
730.6333333333339,187.7811359371534
730.6666666666672,209.3805032328745
730.7000000000005,233.5460013604972
730.7333333333338,257.01627157390664
730.7666666666671,276.5299551269882
730.8000000000004,288.8256932736271
730.8333333333337,291.3150407811284
730.866666666667,285.1815824196625
730.9000000000003,272.9224132958692
730.9333333333336,257.03596578275324
730.9666666666669,240.02067225331928
731.0000000000002,224.36904993910545
731.0333333333335,211.7258587320749
731.0666666666668,202.01311651743956
731.1000000000001,194.94383195878763
731.1333333333334,190.23101371970736
731.1666666666667,187.5876704637869
731.2,186.7208460603913
731.2333333333333,187.24064028589623
731.2666666666667,188.6783838107203
731.3,190.5631266948905
731.3333333333333,192.4239189984338
731.3666666666666,193.78981078137707
731.3999999999999,194.3296566781845
731.4333333333332,194.41114665620972
731.4666666666665,194.61988293407967
731.4999999999998,195.5415392579613
731.5333333333331,197.76178937402184
731.5666666666664,201.8609264084844
731.5999999999997,207.89556062914724
731.633333333333,214.9674180051853
731.6666666666663,222.0767222507686
731.6999999999996,228.22369708006727
731.7333333333329,232.4085662072516
731.7666666666662,233.732692035763
731.7999999999995,232.6926386818958
731.8333333333328,230.80161556719824
731.8666666666661,229.5958735815995
731.8999999999994,230.6116636150288
731.9333333333327,235.3852365574152
731.966666666666,244.9202291164702
731.9999999999993,257.8835529870589
732.0333333333326,272.3014748211293
732.0666666666659,286.200244198432
732.0999999999992,297.60611069871726
732.1333333333325,304.6285662308207
732.1666666666658,310.96130199247955
732.1999999999991,329.31075786214546
732.2333333333324,373.2019746611135
732.2666666666657,456.1599932106786
732.299999999999,591.7098543321364
732.3333333333323,790.9059926596498
732.3666666666657,1036.206371706442
732.399999999999,1291.6784824143094
732.4333333333323,1521.0859416289663
732.4666666666656,1688.192366196128
732.4999999999989,1756.761443595254
732.5333333333322,1703.0657717767049
732.5666666666655,1550.7658371732275
732.5999999999988,1334.7418351586568
732.6333333333321,1089.873961106827
732.6666666666654,851.0424103915726
732.6999999999987,652.7404798649961
732.733333333332,511.25467451220175
732.7666666666653,417.2057654219847
732.7999999999986,359.2804834826175
732.8333333333319,326.1655595823735
732.8666666666652,306.5477246095253
732.8999999999985,289.87472633862444
732.9333333333318,272.9113348692347
732.9666666666651,256.50539805814134
732.9999999999984,241.5491577590656
733.0333333333317,228.934855825728
733.066666666665,219.5546120634444
733.0999999999983,213.9089668790757
733.1333333333316,211.23763444685747
733.1666666666649,210.52705736779768
733.1999999999982,210.76367824290463
733.2333333333315,210.93393967318667
733.2666666666648,210.04207242216572
733.2999999999981,207.69007764392364
733.3333333333314,204.20622314448923
733.3666666666647,199.9625699562181
733.399999999998,195.3311791114658
733.4333333333313,190.684111642588
733.4666666666647,186.36349747389724
733.499999999998,182.4746229973848
733.5333333333313,179.01017869379572
733.5666666666646,175.96217030555346
733.5999999999979,173.3226035750817
733.6333333333312,171.0834749663835
733.6666666666645,169.23107372812558
733.6999999999978,167.73627875757654
733.7333333333311,166.56739381561425
733.7666666666644,165.69272266311648
733.7999999999977,165.080569060961
733.833333333331,164.6961182109789
733.8666666666643,164.42847061975314
733.8999999999976,164.08813931856164
733.9333333333309,163.4820180592489
733.9666666666642,162.41700059365945
733.9999999999975,160.69998067363784
734.0333333333308,158.27403614804348
734.0666666666641,155.96085965845148
734.0999999999974,154.9309368048709
734.1333333333307,156.35563510235932
734.166666666664,161.4063220659741
734.1999999999973,171.24933281667646
734.2333333333306,185.96785888744944
734.2666666666639,203.22041308313305
734.2999999999972,220.33618324293408
734.3333333333305,234.6443572060597
734.3666666666638,243.4741228117167
734.3999999999971,244.30018508211035
734.4333333333304,237.2116335446184
734.4666666666637,224.56002890995296
734.499999999997,208.7716049430888
734.5333333333303,192.27259540900064
734.5666666666637,177.48923407266307
734.599999999997,166.4428973159046
734.6333333333303,159.04732372708796
734.6666666666636,154.53258523141656
734.6999999999969,152.12839751524763
734.7333333333302,151.06447626493838
734.7666666666635,150.5738105236815
734.7999999999968,150.21585404217538
734.8333333333301,150.14973711720745
734.8666666666634,150.5989233192704
734.8999999999967,151.78687621885695
734.93333333333,153.93705938645985
734.9666666666633,157.23837311892493
734.9999999999966,161.41726147068155
735.0333333333299,165.87022797800037
735.0666666666632,169.98666682187732
735.0999999999965,173.15597218330834
735.1333333333298,174.76753824328932
735.1666666666631,174.4299882632441
735.1999999999964,172.6613169077698
735.2333333333297,170.21527351566075
735.266666666663,167.84560782984838
735.2999999999963,166.30606959326394
735.3333333333296,166.34316626338924
735.3666666666629,168.31034511828767
735.3999999999962,171.97453310309635
735.4333333333295,177.0547692085333
735.4666666666628,183.2700924253164
735.4999999999961,190.33954174416377
735.5333333333294,197.9468065624624
735.5666666666627,205.42057981699747
735.599999999996,211.88456248645247
735.6333333333293,216.45997301519068
735.6666666666626,218.26802984757552
735.699999999996,216.43006956954895
735.7333333333293,210.50821360669823
735.7666666666626,201.49992232357616
735.7999999999959,190.6943247902356
735.8333333333292,179.38055007672938
735.8666666666625,168.84772725311052
735.8999999999958,160.36607857023205
735.9333333333291,154.587730084099
735.9666666666624,151.4236373475858
735.9999999999957,150.74097952136208
736.033333333329,152.4069357660974
736.0666666666623,156.28868524246136
736.0999999999956,162.18739435606946
736.1333333333289,169.40477993495733
736.1666666666622,177.01409346644843
736.1999999999955,184.08740619452112
736.2333333333288,189.69678936315373
736.2666666666621,192.9153544554972
736.2999999999954,193.23834834463003
736.3333333333287,191.2290592980077
736.366666666662,187.61711750177255
736.3999999999953,183.13215314206693
736.4333333333286,178.5037964050331
736.4666666666619,174.43927037559124
736.4999999999952,171.173795859472
736.5333333333285,168.4934935237972
736.5666666666618,166.16666091503632
736.5999999999951,163.9615955796586
736.6333333333284,161.6465950641335
736.6666666666617,159.04785238599845
736.699999999995,156.32124408433629
736.7333333333283,153.73917731462043
736.7666666666616,151.5741931943757
736.799999999995,150.09883284112675
736.8333333333283,149.58462434609834
736.8666666666616,150.17797519767169
736.8999999999949,151.78090937572136
736.9333333333282,154.26717909863382
736.9666666666615,157.51053658479535
736.9999999999948,161.3847340525923
737.0333333333281,165.75281522414366
737.0666666666614,170.32575161554593
737.0999999999947,174.70148651309336
737.133333333328,178.47527965359632
737.1666666666613,181.2423907738653
737.1999999999946,182.5980796107109
737.2333333333279,182.2951590898459
737.2666666666612,180.75696458724008
737.2999999999945,178.58517583296594
737.3333333333278,176.38147403658198
737.3666666666611,174.7475404076466
737.3999999999944,174.2777207466552
737.4333333333277,175.1638176011355
737.466666666661,176.99439171391523
737.4999999999943,179.3084582384014
737.5333333333276,181.64503232800112
737.5666666666609,183.5431291361214
737.5999999999942,184.60823208456333
737.6333333333275,185.10110658852
737.6666666666608,185.65547728973516
737.6999999999941,186.9093868908967
737.7333333333274,189.50087809469255
737.7666666666607,194.06783560046455
737.799999999994,200.87551741383396
737.8333333333273,209.0190434353065
737.8666666666606,217.3644432708834
737.899999999994,224.77774652656575
737.9333333333273,230.1249828083546
737.9666666666606,232.43249764209892
737.9999999999939,235.45558249409427
738.0333333333272,248.34170284518277
738.0666666666605,280.5320023893865
738.0999999999938,341.4676248207276
738.1333333333271,440.5897138332281
738.1666666666604,584.2597463388169
738.1999999999937,757.4109286354578
738.233333333327,935.8699232455584
738.2666666666603,1095.43008579355
738.2999999999936,1211.8847719038629
738.3333333333269,1261.0781367416962
738.3666666666602,1231.3474072261292
738.3999999999935,1139.8016257489337
738.4333333333268,1007.585957502836
738.4666666666601,855.845567680563
738.4999999999934,705.7256214748427
738.5333333333267,577.6209203430287
738.56666666666,478.6595830327734
738.5999999999933,404.6020581565126
738.6333333333266,350.8410767064616
738.6666666666599,312.7693696748361
738.6999999999932,285.7796680538515
738.7333333333265,265.7838959310523
738.7666666666598,251.25574193540012
738.7999999999931,241.4576320871935
738.8333333333264,235.6522114107132
738.8666666666597,233.10212493023988
738.899999999993,233.0695220620164
738.9333333333263,234.7788036561196
738.9666666666596,237.3907190721798
738.999999999993,240.05989391664943
739.0333333333263,241.94095379598116
739.0666666666596,242.1885243166272
739.0999999999929,240.02641660299244
739.1333333333262,235.46087355453315
739.1666666666595,228.99274763515623
739.1999999999928,221.1306890556565
739.2333333333261,212.3833480268285
739.2666666666594,203.25937154633272
739.2999999999927,194.232471906068
739.333333333326,185.6550558381477
739.3666666666593,177.85321787237262
739.3999999999926,171.15305253854356
739.4333333333259,165.88065436646133
739.4666666666592,162.35287488058947
739.4999999999925,160.56789537384998
739.5333333333258,160.13202599694404
739.5666666666591,160.62749720864682
739.5999999999924,161.63653946773346
739.6333333333257,162.7413832329792
739.666666666659,163.56514665414923
739.6999999999923,164.03790983102604
739.7333333333256,164.22922560443024
739.7666666666589,164.2093462726316
739.7999999999922,164.04852413389975
739.8333333333255,163.81722021673406
739.8666666666588,163.65310213136135
739.8999999999921,163.8570278384842
739.9333333333254,164.7541460789259
739.9666666666587,166.66960559350986
739.999999999992,169.92855512305934
740.0333333333253,174.83299227544006
740.0666666666586,181.2510552784105
740.099999999992,188.6656259131937
740.1333333333253,196.5461984496443
740.1666666666586,204.36226715761643
740.1999999999919,211.5833263069644
740.2333333333252,217.72579277105464
740.2666666666585,222.5436933176261
740.2999999999918,225.8660885051791
740.3333333333251,227.522067701102
740.3666666666584,227.3407202727832
740.3999999999917,225.1552905045452
740.433333333325,221.1245637805744
740.4666666666583,215.96145630568668
740.4999999999916,210.43285228134812
740.5333333333249,205.30563590902503
740.5666666666582,201.34669139018348
740.5999999999915,199.2659634482478
740.6333333333248,199.13309378377696
740.6666666666581,200.61466419875936
740.6999999999914,203.37097578353425
740.7333333333247,207.06232962844103
740.766666666658,211.34903014019432
740.7999999999913,215.91613621478965
740.8333333333246,220.5329780451683
740.8666666666579,224.98680231494092
740.8999999999912,229.0648557077181
740.9333333333245,232.55438490711023
740.9666666666578,235.24512775771595
740.9999999999911,237.00732773452808
741.0333333333244,237.8072303913013
741.0666666666577,237.61670187313368
741.099999999991,236.4076083251232
741.1333333333243,234.1518158923677
741.1666666666576,230.8572255965961
741.199999999991,226.7880904075489
741.2333333333243,222.31977307730864
741.2666666666576,217.82808421823103
741.2999999999909,213.6888344426721
741.3333333333242,210.27729664044125
741.3666666666575,207.842030599275
741.3999999999908,206.34236688646683
741.4333333333241,205.69747133794613
741.4666666666574,205.82650978964227
741.4999999999907,206.6486480774848
741.533333333324,208.0778617456665
741.5666666666573,209.9413236344308
741.5999999999906,211.99437866729224
741.6333333333239,213.9902101399192
741.6666666666572,215.6820013479804
741.6999999999905,216.82293558714423
741.7333333333238,217.2108202629449
741.7666666666571,216.84858646439312
741.7999999999904,215.79806704060084
741.8333333333237,214.1210999434299
741.866666666657,211.8795231247418
741.8999999999903,209.1386001749843
741.9333333333236,206.16585493603543
741.9666666666569,203.54044414076728
741.9999999999902,201.86811421973715
742.0333333333235,201.75461160350235
742.0666666666568,203.8056827226201
742.0999999999901,208.52321327937747
742.1333333333234,215.4019823264992
742.1666666666567,223.37099251658947
742.19999999999,231.35296103921235
742.2333333333233,238.2706050839319
742.2666666666566,243.0469013844812
742.29999999999,244.93806987621105
742.3333333333233,244.18700828465737
742.3666666666566,241.21836148082105
742.3999999999899,236.45677433570268
742.4333333333232,230.32689172030308
742.4666666666565,223.25391482730163
742.4999999999898,215.6767895006878
742.5333333333231,208.04875524400265
742.5666666666564,200.82371773691824
742.5999999999897,194.45558265910677
742.633333333323,189.3982556902402
742.6666666666563,186.00754141749127
742.6999999999896,184.0563817275536
742.7333333333229,183.10330004963055
742.7666666666562,182.70648725155917
742.7999999999895,182.42413420117617
742.8333333333228,181.81631972737773
742.8666666666561,180.66180979463655
742.8999999999894,179.1589445267992
742.9333333333227,177.55355955179897
742.966666666656,176.0914904975692
742.9999999999893,175.0185729920432
743.0333333333226,174.57352703928856
743.0666666666559,174.9038486816394
743.0999999999892,176.09387227726768
743.1333333333225,178.22666787494222
743.1666666666558,181.38530552343195
743.1999999999891,185.6528528054428
743.2333333333224,190.9682535691963
743.2666666666557,196.7378990255679
743.299999999989,202.2452022342358
743.3333333333223,206.7735762548779
743.3666666666556,209.60643414717217
743.399999999989,210.0446963441104
743.4333333333223,208.0189153619799
743.4666666666556,204.249236814939
743.4999999999889,199.50582073781604
743.5333333333222,194.55882716543928
743.5666666666555,190.17841613263724
743.5999999999888,187.05184980061637
743.6333333333221,185.2556923240632
743.6666666666554,184.59355982090128
743.6999999999887,184.8677973044824
743.733333333322,185.8807497881585
743.7666666666553,187.4353379682651
743.7999999999886,189.47506185549904
743.8333333333219,192.2667037662313
743.8666666666552,196.12232092152368
743.8999999999885,201.3539705424381
743.9333333333218,208.2737098500364
743.9666666666551,217.1448912647577
743.9999999999884,227.4349513985424
744.0333333333217,237.96236154612407
744.066666666655,247.5266626756071
744.0999999999883,254.9273957550961
744.1333333333216,258.9641017526955
744.1666666666549,258.82012507263295
744.1999999999882,255.37076595208185
744.2333333333215,249.95741890606504
744.2666666666548,243.92149283934285
744.2999999999881,238.6043966566756
744.3333333333214,235.32913660344505
744.3666666666547,234.4863891342663
744.399999999988,235.11271078970896
744.4333333333213,236.1381964964076
744.4666666666546,236.49294118099644
744.499999999988,235.10703977010996
744.5333333333213,231.050542564006
744.5666666666546,224.61756060747737
744.5999999999879,216.73498877049897
744.6333333333212,208.33502729693532
744.6666666666545,200.3498764306508
744.6999999999878,193.71106535033005
744.7333333333211,188.99026517041875
744.7666666666544,185.80699425052563
744.7999999999877,183.62509364149705
744.833333333321,181.9084043941794
744.8666666666543,180.12076755941908
744.8999999999876,177.74799657644837
744.9333333333209,174.71266894591568
744.9666666666542,171.33910616670286
744.9999999999875,167.96658277282398
745.0333333333208,164.93437329829317
745.0666666666541,162.58175227712445
745.0999999999874,161.17359591444225
745.1333333333207,160.6015183014427
745.166666666654,160.64032387645165
745.1999999999873,161.06477695293046
745.2333333333206,161.6496418443405
745.2666666666539,162.1705254113446
745.2999999999872,162.4596229137395
745.3333333333205,162.44050022678863
745.3666666666538,162.04502679009238
745.3999999999871,161.20507204325108
745.4333333333204,159.85250542586516
745.4666666666537,157.94061068958698
745.499999999987,155.63467966046886
745.5333333333203,153.22107089112623
745.5666666666536,150.98755925324258
745.599999999987,149.22191961850146
745.6333333333203,148.21183796960383
745.6666666666536,148.14607169821443
745.6999999999869,148.92509224957965
745.7333333333202,150.39714513725727
745.7666666666535,152.4104758748049
745.7999999999868,154.81332997578028
745.8333333333201,157.45514270997197
745.8666666666534,160.212469089622
745.8999999999867,162.98884864460643
745.93333333332,165.6889836158561
745.9666666666533,168.21757624430197
745.9999999999866,170.479328770875
746.0333333333199,172.39235880644213
746.0666666666532,173.9478312388202
746.0999999999865,175.16165262212036
746.1333333333198,176.04974929188958
746.1666666666531,176.6280475836748
746.1999999999864,176.91279383414602
746.2333333333197,176.94616441103486
746.266666666653,176.81496514848934
746.2999999999863,176.61041102275422
746.3333333333196,176.4237170100743
746.3666666666529,176.34609808669447
746.3999999999862,176.5066943198768
746.4333333333195,177.43801032518437
746.4666666666528,179.91601353176162
746.4999999999861,184.72003798220337
746.5333333333194,192.6294177191044
746.5666666666527,204.42310923897176
746.599999999986,220.19703681852883
746.6333333333193,237.9531007157723
746.6666666666526,255.2932619049221
746.699999999986,269.81948136019827
746.7333333333193,279.1337200558208
746.7666666666526,280.92564177872526
746.7999999999859,275.02262789822163
746.8333333333192,263.4589767628972
746.8666666666525,248.37053381685672
746.8999999999858,231.89314450420463
746.9333333333191,216.16265426904545
746.9666666666524,203.02237804974104
746.9999999999857,192.66862024803132
747.033333333319,184.72175704688289
747.0666666666523,178.8015576706301
747.0999999999856,174.52779134360733
747.1333333333189,171.52119415422925
747.1666666666522,169.48609398731728
747.1999999999855,168.2737337092332
747.2333333333188,167.7502643730021
747.2666666666521,167.7818370316491
747.2999999999854,168.2346027381992
747.3333333333187,168.97188701348395
747.366666666652,169.8264782962507
747.3999999999853,170.6125077159736
747.4333333333186,171.14383915860117
747.4666666666519,171.23433651008193
747.4999999999852,170.69790498411504
747.5333333333185,169.42636866070532
747.5666666666518,167.55136604607324
747.5999999999851,165.2505229780362
747.6333333333184,162.70146529441143
747.6666666666517,160.08181883301629
747.699999999985,157.5676844578722
747.7333333333183,155.29832605897334
747.7666666666516,153.37516389114342
747.799999999985,151.89789185730396
747.8333333333183,150.9662038603766
747.8666666666516,150.67979380328293
747.8999999999849,151.08941013399064
747.9333333333182,151.97448331222805
747.9666666666515,153.02096327981073
747.9999999999848,153.91471300483997
748.0333333333181,154.34159545541718
748.0666666666514,153.98997054661038
748.0999999999847,152.7496016136997
748.133333333318,150.8563767048855
748.1666666666513,148.58031295823835
748.1999999999846,146.19142751182895
748.2333333333179,143.9597375037279
748.2666666666512,142.16204718417836
748.2999999999845,141.14560161400627
748.3333333333178,141.29937263087317
748.3666666666511,143.01287802889175
748.3999999999844,146.67563560217494
748.4333333333177,152.67691631177468
748.466666666651,161.10147231252415
748.4999999999843,171.13634742113985
748.5333333333176,181.8039775420628
748.5666666666509,192.12679857973424
748.5999999999842,201.1272464385952
748.6333333333175,207.8528780248264
748.6666666666508,211.90900955787245
748.6999999999841,213.4478139930758
748.7333333333174,212.64440450566576
748.7666666666507,209.67389427087167
748.799999999984,204.7113964639228
748.8333333333173,197.9858647896084
748.8666666666506,190.00609927048464
748.899999999984,181.3715371293899
748.9333333333173,172.68166204815662
748.9666666666506,164.53595770861736
748.9999999999839,157.53155932274288
749.0333333333172,152.1092401832541
749.0666666666505,148.4580825835058
749.0999999999838,146.74438955699975
749.1333333333171,147.1344641372378
749.1666666666504,149.79460935772175
749.1999999999837,154.84562773286166
749.233333333317,161.97893129713236
749.2666666666503,170.649853031292
749.2999999999836,180.31128021561588
749.3333333333169,190.4161001303793
749.3666666666502,200.41717724510468
749.3999999999835,209.75348818158471
749.4333333333168,217.82656570447617
749.4666666666501,224.0316954593087
749.4999999999834,227.76416309161232
749.5333333333167,228.4192542469167
749.56666666665,225.4416447617682
749.5999999999833,219.21779310698415
749.6333333333166,210.97923174161116
749.6666666666499,201.9874703775578
749.6999999999832,193.5040187267329
749.7333333333165,186.7903865010452
749.7666666666498,182.7711149280209
749.7999999999831,180.80548468856043
749.8333333333164,179.79862549358185
749.8666666666497,178.6556186362563
749.899999999983,176.28154540975473
749.9333333333163,171.63787600055517
749.9666666666496,166.50839690808422
749.999999999983,166.75619833712585
750.0333333333162,178.56289984674967
750.0666666666496,208.11012099602516
750.0999999999829,261.579481344022
750.1333333333162,343.6817636599033
750.1666666666495,447.1296386724628
750.1999999999828,558.7828630040148
750.2333333333161,665.4617220493799
750.2666666666494,753.9865012033787
750.2999999999827,811.1981034681659
750.333333333316,829.6441467988883
750.3666666666493,815.3331887132671
750.3999999999826,776.2136726821869
750.4333333333159,720.234042176533
750.4666666666492,655.34274066719
750.4999999999825,589.2549062224708
750.5333333333158,526.0748169292689
750.5666666666491,467.06446517182366
750.5999999999824,413.4090182805572
750.6333333333157,366.2936435858915
750.666666666649,326.9035084072172
750.6999999999823,296.1539012822151
750.7333333333156,273.8917319269083
750.7666666666489,259.6995707671662
750.7999999999822,253.1599882288584
750.8333333333155,253.8555547378544
750.8666666666488,261.3427040213112
750.8999999999821,274.2518170224387
750.9333333333154,290.0599268916625
750.9666666666487,306.171783434526
750.999999999982,319.9921364565722
751.0333333333153,328.92573576334456
751.0666666666486,331.39762977457565
751.099999999982,332.70356735780774
751.1333333333152,340.97485159706383
751.1666666666486,364.35169284684366
751.1999999999819,410.9743014616472
751.2333333333152,488.9198221667288
751.2666666666485,598.086322023344
751.2999999999818,722.18318386258
751.3333333333151,843.016716221949
751.3666666666484,942.3932276389623
751.3999999999817,1002.1190266511328
751.433333333315,1005.6082428911268
751.4666666666483,955.5931023019784
751.4999999999816,867.5735382213652
751.5333333333149,757.2763836378283
751.5666666666482,640.4284715399093
751.5999999999815,532.7553971711134
751.6333333333148,446.0225157688719
751.6666666666481,379.2465105549329
751.6999999999814,328.88369909220825
751.7333333333147,291.39039894361
751.766666666648,263.2229276720499
751.7999999999813,240.8972880730282
751.8333333333146,222.37884625421867
751.8666666666479,207.1262111121352
751.8999999999812,194.66645511857945
751.9333333333145,184.5266507453533
751.9666666666478,176.23387046425836
751.9999999999811,169.3523456250359
752.0333333333144,163.64424638393737
752.0666666666477,158.93738835776324
752.099999999981,155.05963013466953
752.1333333333143,151.8388303028124
752.1666666666476,149.10346033610165
752.199999999981,146.72192645816526
752.2333333333142,144.626423547719
752.2666666666476,142.7548606558001
752.2999999999809,141.045146833446
752.3333333333142,139.4351911316941
752.3666666666475,137.8747274961565
752.3999999999808,136.4199812545967
752.4333333333141,135.18356089460826
752.4666666666474,134.27858922285847
752.4999999999807,133.8181890460147
752.533333333314,133.91528568893057
752.5666666666473,134.60609658727478
752.5999999999806,135.73420883661416
752.6333333333139,137.1134533479969
752.6666666666472,138.5576610324711
752.6999999999805,139.8806628010848
752.7333333333138,140.90645974329055
752.7666666666471,141.6258579377829
752.7999999999804,142.16598930054778
752.8333333333137,142.6579821891261
752.866666666647,143.23296496105883
752.8999999999803,144.022065973887
752.9333333333136,145.09694755439168
752.9666666666469,146.2891710699717
752.9999999999802,147.36970819042955
753.0333333333135,148.10953058374452
753.0666666666468,148.27960991789615
753.0999999999801,147.6571625057573
753.1333333333134,146.23921371593062
753.1666666666467,144.29571794852367
753.19999999998,142.11365452147498
753.2333333333133,139.98000275272318
753.2666666666466,138.18174196020692
753.29999999998,136.95476031576086
753.3333333333132,136.20038804069858
753.3666666666466,135.6853325931802
753.3999999999799,135.17593351108513
753.4333333333132,134.4385303322929
753.4666666666465,133.24113667462584
753.4999999999798,131.5360421077866
753.5333333333131,129.6239902610308
753.5666666666464,127.8444735278796
753.5999999999797,126.53698430185406
753.633333333313,126.04101497647537
753.6666666666463,126.65492653163722
753.6999999999796,128.22457981356462
753.7333333333129,130.31563661694048
753.7666666666462,132.4895888194085
753.7999999999795,134.30792829861232
753.8333333333128,135.33228269168515
753.8666666666461,135.28241957928054
753.8999999999794,134.3413282933036
753.9333333333127,132.77637120387368
753.966666666646,130.85491068111014
753.9999999999793,128.84430909513225
754.0333333333126,127.00380522561336
754.0666666666459,125.4285596192847
754.0999999999792,124.06138565373224
754.1333333333125,122.83932337692264
754.1666666666458,121.6994128368227
754.1999999999791,120.57869408139912
754.2333333333124,119.44182057941826
754.2666666666457,118.38079498997384
754.299999999979,117.52430791947673
754.3333333333123,117.00105337262858
754.3666666666456,116.93972535413116
754.399999999979,117.46513423872597
754.4333333333122,118.5288738770551
754.4666666666456,119.8437386599823
754.4999999999789,121.1050973957546
754.5333333333122,122.00831889261916
754.5666666666455,122.24877195882306
754.5999999999788,121.57738759165696
754.6333333333121,120.15189619105212
754.6666666666454,118.31086505277015
754.6999999999787,116.39368299051046
754.733333333312,114.7397388179725
754.7666666666453,113.687176683381
754.7999999999786,113.3868347497247
754.8333333333119,113.60414434193405
754.8666666666452,114.05707989596186
754.8999999999785,114.463615847761
754.9333333333118,114.54172663328433
754.9666666666451,114.03541939222129
754.9999999999784,113.00355063528754
755.0333333333117,111.71406233123017
755.066666666645,110.43865887812538
755.0999999999783,109.44904467404932
755.1333333333116,109.01687839520358
755.1666666666449,109.31327295639802
755.1999999999782,110.1955232474948
755.2333333333115,111.45986949024656
755.2666666666448,112.90255190640588
755.2999999999781,114.31981071772542
755.3333333333114,115.51158721590798
755.3666666666447,116.3585881741074
755.399999999978,116.81993586716246
755.4333333333113,116.8579835154432
755.4666666666446,116.43508433931969
755.499999999978,115.51359155916197
755.5333333333112,114.09892044968666
755.5666666666446,112.40276055550883
755.5999999999779,110.69849269775978
755.6333333333112,109.2595088756308
755.6666666666445,108.35920108831316
755.6999999999778,108.2657953925386
755.7333333333111,109.00500056404294
755.7666666666444,110.26099126636991
755.7999999999777,111.692242281851
755.833333333311,112.95722839281764
755.8666666666443,113.71442438160132
755.8999999999776,113.68456214638626
755.9333333333109,113.04936581908694
755.9666666666442,112.19751981098996
755.9999999999775,111.51869211693936
756.0333333333108,111.40255073177909
756.0666666666441,112.23705919461734
756.0999999999774,114.15650384799883
756.1333333333107,116.7746593855488
756.166666666644,119.6414203141263
756.1999999999773,122.30668114059053
756.2333333333106,124.32033637180058
756.2666666666439,125.26937173136622
756.2999999999772,125.18034224271388
756.3333333333105,124.36742846678382
756.3666666666438,123.14978919101888
756.3999999999771,121.8465832028619
756.4333333333104,120.77691333944163
756.4666666666437,120.17016528202014
756.499999999977,119.98388270714474
756.5333333333103,120.12431792860804
756.5666666666436,120.49772326020258
756.599999999977,121.01035101572091
756.6333333333102,121.56842603684088
756.6666666666436,122.07761208796605
756.6999999999769,122.44304857105686
756.7333333333102,122.56985476946952
756.7666666666435,122.36314996656009
756.7999999999768,121.72805344568462
756.8333333333101,120.60507436435626
756.8666666666434,119.09473679169608
756.8999999999767,117.34276846746684
756.93333333331,115.49489985696614
756.9666666666433,113.69686142549172
756.9999999999766,112.0941026553608
757.0333333333099,110.8206904570369
757.0666666666432,109.99563400309788
757.0999999999765,109.7369083626954
757.1333333333098,110.16248860498098
757.1666666666431,111.39034979910616
757.1999999999764,113.48184279116458
757.2333333333097,116.11507215011042
757.266666666643,118.8092525098869
757.2999999999763,121.08308710885416
757.3333333333096,122.4552791853724
757.3666666666429,122.44776123026664
757.3999999999762,120.92769399870548
757.4333333333095,118.40954027239108
757.4666666666428,115.47899726623996
757.4999999999761,112.72176219516886
757.5333333333094,110.7235322740943
757.5666666666427,110.01025178809952
757.599999999976,110.48816986737496
757.6333333333093,111.69665742728164
757.6666666666426,113.17029324940638
757.699999999976,114.4436561153359
757.7333333333092,115.05163180318544
757.7666666666425,114.70963523473924
757.7999999999759,113.61736306759371
757.8333333333092,112.05487262492818
757.8666666666425,110.30222122992194
757.8999999999758,108.63946620575427
757.9333333333091,107.33978194406863
757.9666666666424,106.561165885201
757.9999999999757,106.36627338789036
758.033333333309,106.81488832648202
758.0666666666423,107.96679457532127
758.0999999999756,109.88177596523512
758.1333333333089,112.57657250984396
758.1666666666422,115.90090620670344
758.1999999999755,119.66399546989554
758.2333333333088,123.67505871350232
758.2666666666421,127.74331435160585
758.2999999999754,131.67962683506377
758.3333333333087,135.3437051015171
758.366666666642,138.65111906132864
758.3999999999753,141.52049588897793
758.4333333333086,143.87046275894429
758.4666666666419,145.61964684570708
758.4999999999752,146.7068506510224
758.5333333333085,147.1841891890021
758.5666666666418,147.1433082823968
758.5999999999751,146.67589461973446
758.6333333333084,145.87363488954313
758.6666666666417,144.82731910971253
758.699999999975,143.571578862566
758.7333333333083,142.05261641428694
758.7666666666416,140.20886314983187
758.799999999975,137.97875045415734
758.8333333333082,135.30070971221986
758.8666666666415,132.1417702651646
758.8999999999749,128.70359666688734
758.9333333333082,125.30287155816345
758.9666666666415,122.25706815164274
758.9999999999748,119.88365965997502
759.0333333333081,118.49911480615864
759.0666666666414,118.22920719353728
759.0999999999747,118.7846873648732
759.133333333308,119.8217341354552
759.1666666666413,120.99652632057216
759.1999999999746,121.96524273551304
759.2333333333079,122.40803551228136
759.2666666666412,122.30066482651408
759.2999999999745,121.81795919353398
759.3333333333078,121.13846126124182
759.3666666666411,120.44071367753824
759.3999999999744,119.90324295098831
759.4333333333077,119.6783886869891
759.466666666641,119.83905138246828
759.4999999999743,120.4431246562594
759.5333333333076,121.54850212719607
759.5666666666409,123.21307741411182
759.5999999999742,125.48595188436865
759.6333333333075,128.24443822748418
759.6666666666408,131.20943838957444
759.6999999999741,134.09614613384585
759.7333333333074,136.61975522350485
759.7666666666407,138.49545942175783
759.799999999974,139.5301052340384
759.8333333333073,139.92030630321287
759.8666666666406,139.96626812544727
759.8999999999739,139.96819702602377
759.9333333333072,140.22629933022435
759.9666666666405,141.03322543282266
759.9999999999739,142.42546473105546
760.0333333333072,144.12698417804208
760.0666666666405,145.84278257106195
760.0999999999738,147.27785870739444
760.1333333333071,148.1372113843188
760.1666666666404,148.1895322167683
760.1999999999737,147.5825811590316
760.233333333307,146.60378732815582
760.2666666666403,145.54079890007088
760.2999999999736,144.6812640507068
760.3333333333069,144.31030846349546
760.3666666666402,144.53890862278277
760.3999999999735,145.19411347533094
760.4333333333068,146.07683567910132
760.4666666666401,146.98798789205526
760.4999999999734,147.72848277215402
760.5333333333067,148.1295355432061
760.56666666664,148.27688284541875
760.5999999999733,148.38350346240685
760.6333333333066,148.66331923702623
760.6666666666399,149.33025201213266
760.6999999999732,150.59746079626245
760.7333333333065,152.53106221571608
760.7666666666398,154.87603315331452
760.7999999999731,157.33495248899908
760.8333333333064,159.6103991027109
760.8666666666397,161.40495187439117
760.899999999973,162.4432169086968
760.9333333333063,162.71682919855257
760.9666666666396,162.39505284583203
760.9999999999729,161.6503624703371
761.0333333333062,160.65523269186951
761.0666666666395,159.5821050830722
761.0999999999729,158.56340633805155
761.1333333333062,157.61384434902797
761.1666666666395,156.72658808654657
761.1999999999728,155.89480652115253
761.2333333333061,155.11166862339087
761.2666666666394,154.37048000436369
761.2999999999727,153.66703369546914
761.333333333306,152.99929279500986
761.3666666666393,152.36529320028134
761.3999999999726,151.7630708085787
761.4333333333059,151.19066151724203
761.4666666666392,150.65379635379125
761.4999999999725,150.18882103103178
761.5333333333058,149.83969369735544
761.5666666666391,149.6503725011541
761.5999999999724,149.6648155908195
761.6333333333057,149.92664590719525
761.666666666639,150.46971380132038
761.6999999999723,151.31679177844313
761.7333333333056,152.49005479824245
761.7666666666389,154.01167782039738
761.7999999999722,155.90383580458678
761.8333333333055,158.15464618872198
761.8666666666388,160.56958481377492
761.8999999999721,162.89316260910493
761.9333333333054,164.86984800292086
761.9666666666387,166.24410942343178
761.999999999972,166.7635368859712
762.0333333333053,166.3375965195975
762.0666666666386,165.113045237737
762.0999999999719,163.25553950907965
762.1333333333052,160.93073580231555
762.1666666666385,158.30429058613475
762.1999999999719,155.54630870309265
762.2333333333052,152.85910225590675
762.2666666666385,150.45916104714274
762.2999999999718,148.56303641497144
762.3333333333051,147.38727969756349
762.3666666666384,147.14705483200655
762.3999999999717,147.90401367150506
762.433333333305,149.42909392784378
762.4666666666383,151.46084610929844
762.4999999999716,153.73782072414457
762.5333333333049,155.99856828065774
762.5666666666382,158.01509549069468
762.5999999999715,159.88994902724093
762.6333333333048,161.914122797695
762.6666666666381,164.38080409463066
762.6999999999714,167.5831802106218
762.7333333333047,171.8134783406495
762.766666666638,177.0388214917667
762.7999999999713,182.42956054392445
762.8333333333046,187.0362223621105
762.8666666666379,189.9093338113125
762.8999999999712,190.09942175651815
762.9333333333045,186.894857455067
762.9666666666378,182.8567528939681
762.9999999999711,182.92682555456344
763.0333333333044,192.100525091726
763.0666666666377,215.3733011603286
763.099999999971,257.7406771568532
763.1333333333043,324.4004675514557
763.1666666666376,421.1938195702057
763.1999999999709,554.0894815905926
763.2333333333042,729.0562019901053
763.2666666666375,952.0627291462328
763.2999999999709,1227.9449195426412
763.3333333333042,1539.1103600497927
763.3666666666375,1847.386104201471
763.3999999999708,2113.836717431645
763.4333333333041,2299.5267651742824
763.4666666666374,2365.520812863353
763.4999999999707,2285.898039464353
763.533333333304,2088.436562969865
763.5666666666373,1814.762198988552
763.5999999999706,1506.500777978482
763.6333333333039,1205.278130397725
763.6666666666372,951.918024690445
763.6999999999705,763.2479202670681
763.7333333333038,628.5395874874837
763.7666666666371,535.5465871035397
763.7999999999704,472.022479867084
763.8333333333037,425.7208265299647
763.866666666637,385.9360425932213
763.8999999999703,350.1694581527136
763.9333333333036,318.64388492158344
763.9666666666369,291.58391413653084
763.9999999999702,269.21413703425566
764.0333333333035,251.7494201113525
764.0666666666368,238.9309617752896
764.0999999999701,229.8227919707435
764.1333333333034,223.43687895149657
764.1666666666367,218.78519097133093
764.19999999997,214.8796962840289
764.2333333333033,210.8474926742612
764.2666666666366,206.60629114115832
764.2999999999699,202.4058769417917
764.3333333333032,198.49717939731332
764.3666666666365,195.13112782887532
764.3999999999699,192.5567230565092
764.4333333333032,190.8510376166338
764.4666666666365,189.78602690963507
764.4999999999698,189.10230035379263
764.5333333333031,188.5404673673862
764.5666666666364,187.84113736869529
764.5999999999697,186.7825530918437
764.633333333303,185.47750769056097
764.6666666666363,184.214065627354
764.6999999999696,183.2818322707109
764.7333333333029,182.9704129891203
764.7666666666362,183.56841677545447
764.7999999999695,185.1660164074479
764.8333333333028,187.41677185300392
764.8666666666361,189.9161041963924
764.8999999999694,192.25943452188335
764.9333333333027,194.04218391374675
764.966666666636,194.90792413561127
764.9999999999693,195.05945045486132
765.0333333333026,195.0600968712589
765.0666666666359,195.4791951135076
765.0999999999692,196.88607691031115
765.1333333333025,199.8496299470933
765.1666666666358,204.64610094016504
765.1999999999691,210.7537805160892
765.2333333333024,217.51621264859796
765.2666666666357,224.27694131142343
765.299999999969,230.37951047829785
765.3333333333023,235.21082742610116
765.3666666666356,238.82551408024395
765.3999999999689,241.80202630597068
765.4333333333022,244.73287479895765
765.4666666666355,248.2105702548811
765.4999999999688,252.8276316715952
765.5333333333022,259.23023244010386
765.5666666666355,268.24568568420955
765.5999999999688,280.73949169191985
765.6333333333021,297.5771507512425
765.6666666666354,319.6241631501854
765.6999999999687,347.6328581681285
765.733333333302,379.9955524209518
765.7666666666353,412.8721016968092
765.7999999999686,442.33472583322646
765.8333333333019,464.4556446677298
765.8666666666352,475.307078037845
765.8999999999685,475.6979427958976
765.9333333333018,486.1653880662211
765.9666666666351,532.3819726513179
765.9999999999684,640.0202674127634
766.0333333333017,834.7528432121328
766.066666666635,1141.691593356193
766.0999999999683,1569.6401701958036
766.1333333333016,2108.9372504863704
766.1666666666349,2748.9273994278897
766.1999999999682,3478.9551822203543
766.2333333333015,4288.365164063762
766.2666666666348,5156.177850816462
766.2999999999681,6008.704283319408
766.3333333333014,6755.477563597634
766.3666666666347,7306.023714892107
766.399999999968,7569.868760443795
766.4333333333013,7458.513440646745
766.4666666666346,6966.891102428144
766.4999999999679,6202.338927517506
766.5333333333012,5280.12490562003
766.5666666666345,4315.517026440911
766.5999999999678,3423.783279685347
766.6333333333012,2704.871147327456
766.6666666666345,2163.2614083241306
766.6999999999678,1766.7261924445816
766.7333333333011,1482.9611324411546
766.7666666666344,1279.6618610661958
766.7999999999677,1124.6913963755308
766.833333333301,996.7822265637478
766.8666666666343,892.0076736358785
766.8999999999676,807.9919098530186
766.9333333333009,742.3591074762627
766.9666666666342,692.7334387667058
766.9999999999675,656.5888963214422
767.0333333333008,630.2595730604672
767.0666666666341,609.5566845660364
767.0999999999674,590.2887123362591
767.1333333333007,568.2641378692439
767.166666666634,539.3146794686571
767.1999999999673,501.78646285192144
767.2333333333006,458.7567364626279
767.2666666666339,413.82566469211673
767.2999999999672,370.5934119317278
767.3333333333005,332.6601425728011
767.3666666666338,303.2674968427478
767.3999999999671,282.3424510764045
767.4333333333004,268.0193220506155
767.4666666666337,258.4148442465485
767.499999999967,251.6457521453713
767.5333333333003,245.8318793192653
767.5666666666336,239.7240880464184
767.5999999999669,233.4686000757043
767.6333333333002,227.3985087727713
767.6666666666335,221.8469075032671
767.6999999999668,217.1468896328397
767.7333333333002,213.5954171861812
767.7666666666335,211.0818823839563
767.7999999999668,209.23852589945668
767.8333333333001,207.6935556114331
767.8666666666334,206.0751793986365
767.8999999999667,204.0119460252175
767.9333333333,201.29163781676428
767.9666666666333,198.11437340014103
767.9999999999666,194.7461354392986
768.0333333332999,191.45290659818795
768.0666666666332,188.50066954075996
768.0999999999665,186.1396587031237
768.1333333332998,184.402664574158
768.1666666666331,183.1639329534775
768.1999999999664,182.2941110184885
768.2333333332997,181.66384594659735
768.266666666633,181.14381294989627
768.2999999999663,180.64829144559545
768.3333333332996,180.22327838911065
768.3666666666329,179.9395446616731
768.3999999999662,179.86786114451414
768.4333333332995,180.07899871886505
768.4666666666328,180.6362984096905
768.4999999999661,181.47694304585875
768.5333333332994,182.43271403050255
768.5666666666327,183.3321563616459
768.599999999966,184.00381503731276
768.6333333332993,184.27624209806507
768.6666666666326,184.07256796432137
768.6999999999659,183.64763180111188
768.7333333332992,183.32895338007933
768.7666666666325,183.4440524728665
768.7999999999658,184.32044885111617
768.8333333332992,186.26482675203485
768.8666666666325,189.14617916449544
768.8999999999658,192.41770563407584
768.9333333332991,195.51615334985627
768.9666666666324,197.87826950091707
768.9999999999657,198.94080127633853
769.033333333299,198.6443811292396
769.0666666666323,198.96896231544468
769.0999999999656,202.41034319958604
769.1333333332989,211.46432217676477
769.1666666666322,228.626697642082
769.1999999999655,256.1994268785404
769.2333333332988,291.4098105106859
769.2666666666321,326.04247195010566
769.2999999999654,351.61447626754943
769.3333333332987,359.64288853376684
769.366666666632,341.6447738195076
769.3999999999653,297.9601638879
769.4333333332986,269.82969824297936
769.4666666666319,310.3372787887503
769.4999999999652,472.5680217503965
769.5333333332985,809.6070433531015
769.5666666666318,1372.4127707164612
769.5999999999651,2141.9648112261643
769.6333333332984,3015.068321646898
769.6666666666317,3883.5322477241216
769.699999999965,4639.165535203298
769.7333333332983,5173.777129829884
769.7666666666316,5400.440295449565
769.7999999999649,5344.349980412102
769.8333333332982,5067.522037678501
769.8666666666315,4631.994156476597
769.8999999999648,4099.804026034223
769.9333333332982,3532.5481682410045
769.9666666666315,2973.3995055205964
769.9999999999648,2440.8342639633893
770.0333333332981,1951.5990131974445
770.0666666666314,1522.4403228508238
770.0999999999647,1170.1047625515894
770.133333333298,907.6041684502068
770.1666666666313,725.6955808048278
770.1999999999646,606.9266922977569
770.2333333332979,533.832214866361
770.2666666666312,488.9468604480077
770.2999999999645,454.9363397073912
770.3333333332978,421.4842756423292
770.3666666666311,388.6936899945254
770.3999999999644,357.51238555493774
770.4333333332977,328.88816511452444
770.466666666631,303.7688314642433
770.4999999999643,282.94111201993906
770.5333333332976,266.1136369858767
770.5666666666309,252.55253944360496
770.5999999999642,241.52260295372065
770.6333333332975,232.2886110768209
770.6666666666308,224.11942756566853
770.6999999999641,216.5675987186361
770.7333333332974,209.6493178853493
770.7666666666307,203.42359743588105
770.799999999964,197.94944974030423
770.8333333332973,193.28588716869197
770.8666666666306,189.47461207730183
770.8999999999639,186.4279726244539
770.9333333332972,183.99977873809257
770.9666666666305,182.04355197810693
770.9999999999638,180.412813904386
771.0333333332972,178.961229320108
771.0666666666305,177.55554712688306
771.0999999999638,176.0859132288106
771.1333333332971,174.44490039790435
771.1666666666304,172.52508140617817
771.1999999999637,170.21902902564577
771.233333333297,167.45426614798242
771.2666666666303,164.44815353032493
771.2999999999636,161.56141295908557
771.3333333332969,159.15578646282336
771.3666666666302,157.5930160700973
771.3999999999635,157.23242057084946
771.4333333332968,158.13889060017817
771.4666666666301,159.8048381682687
771.4999999999634,161.65680959093203
771.5333333332967,163.12135118397904
771.56666666663,163.62500926322073
771.5999999999633,162.6789288158284
771.6333333332966,160.56797127573194
771.6666666666299,157.99180659118954
771.6999999999632,155.65405464458175
771.7333333332965,154.25833531828886
771.7666666666298,154.50545547772373
771.7999999999631,156.63607697030722
771.8333333332964,159.9241932666969
771.8666666666297,163.52181853343248
771.899999999963,166.58096693705363
771.9333333332963,168.2536526441
771.9666666666296,168.15273487953817
771.9999999999629,170.508955468754
772.0333333332962,182.2150891648628
772.0666666666295,210.19597948850048
772.0999999999628,261.3764699603032
772.1333333332962,342.6517813507298
772.1666666666295,454.3228890158857
772.1999999999628,581.8207462000785
772.2333333332961,708.5396739910789
772.2666666666294,817.8739934766571
772.2999999999627,893.2180257445841
772.333333333296,919.4964103277226
772.3666666666293,898.3187720747823
772.3999999999626,841.5567785451126
772.4333333332959,761.2319105980137
772.4666666666292,669.3656490927857
772.4999999999625,577.9688922450484
772.5333333332958,495.8199438274833
772.5666666666291,423.9250640686327
772.5999999999624,362.1463069693512
772.6333333332957,310.34572653049327
772.666666666629,268.38537675291354
772.6999999999623,236.05072468463024
772.7333333332956,212.2253784228733
772.7666666666289,195.2055767635827
772.7999999999622,183.27751777803056
772.8333333332955,174.72739953748874
772.8666666666288,167.8425038280432
772.8999999999621,161.36624248637204
772.9333333332954,155.2031945641036
772.9666666666287,149.44000368527375
772.999999999962,144.1633134739185
773.0333333332953,139.45976755407364
773.0666666666286,135.41007222946678
773.0999999999619,132.02001786524974
773.1333333332952,129.24410726751324
773.1666666666285,127.03584533217597
773.1999999999618,125.34873695515662
773.2333333332951,124.13626043536752
773.2666666666285,123.33650253127333
773.2999999999618,122.84635835410022
773.3333333332951,122.5559050381664
773.3666666666284,122.35521971779004
773.3999999999617,122.13437952728935
773.433333333295,121.78732277874252
773.4666666666283,121.25975202957422
773.4999999999616,120.53435170133724
773.5333333332949,119.5946057172445
773.5666666666282,118.42399800050894
773.5999999999615,117.00607767211912
773.6333333332948,115.37569575854438
773.6666666666281,113.71098894361916
773.6999999999614,112.21491583871182
773.7333333332947,111.09043505519077
773.766666666628,110.54050520442436
773.7999999999613,110.74959922319243
773.8333333332946,111.6412347638928
773.8666666666279,112.94575817259036
773.8999999999612,114.3889725312013
773.9333333332945,115.69668092164162
773.9666666666278,116.59477591704582
773.9999999999611,116.9027284057791
774.0333333332944,116.71074208974056
774.0666666666277,116.15769655230694
774.099999999961,115.38247137685498
774.1333333332943,114.52394614676145
774.1666666666276,113.71514139024944
774.1999999999609,113.00280860771848
774.2333333332942,112.36799795210906
774.2666666666275,111.7901099435888
774.2999999999608,111.24854510232528
774.3333333332941,110.72272623677752
774.3666666666275,110.22191282675236
774.3999999999608,109.84410291193522
774.4333333332941,109.703716931444
774.4666666666274,109.91517532439669
774.4999999999607,110.59289852991115
774.533333333294,111.83756648774995
774.5666666666273,113.54092524992228
774.5999999999606,115.43216006094066
774.6333333332939,117.23617378517856
774.6666666666272,118.67786928700932
774.6999999999605,119.48221807359016
774.7333333332938,119.4857399921117
774.7666666666271,118.86339333562648
774.7999999999604,117.8540810941287
774.8333333332937,116.6967062576125
774.866666666627,115.63017181607208
774.8999999999603,114.88088361024428
774.9333333332936,114.4810151221172
774.9666666666269,114.309428852602
774.9999999999602,114.24081830131009
775.0333333332935,114.1498769678528
775.0666666666268,113.91131516785984
775.0999999999601,113.43083222440718
775.1333333332934,112.709299130981
775.1666666666267,111.76579671618268
775.19999999996,110.61940580861376
775.2333333332933,109.28920723687574
775.2666666666266,107.80271162523864
775.2999999999599,106.31993843224002
775.3333333332932,105.1062742751268
775.3666666666265,104.43001768370364
775.3999999999598,104.55946718777518
775.4333333332931,105.76284187152856
775.4666666666265,108.15497475304127
775.4999999999598,111.37756909273678
775.5333333332931,114.98139185336429
775.5666666666264,118.51720999767308
775.5999999999597,121.53579048841236
775.633333333293,123.60771374001996
775.6666666666263,124.61520310878268
775.6999999999596,124.68839139963644
775.7333333332929,123.96426863737946
775.7666666666262,122.57982484681004
775.7999999999595,120.67206411880812
775.8333333332928,118.40416133896588
775.8666666666261,116.01973825398214
775.8999999999594,113.77782343295164
775.9333333332927,111.93744544496928
775.966666666626,110.7576328591298
775.9999999999593,110.47762959246391
776.0333333332926,111.02861503760133
776.0666666666259,112.09831388451948
776.0999999999592,113.36781297350304
776.1333333332925,114.51819914483664
776.1666666666258,115.23063600905142
776.1999999999591,115.31333328536388
776.2333333332924,114.96065228368856
776.2666666666257,114.44004997391306
776.299999999959,114.01898332592494
776.3333333332923,113.96490930961176
776.3666666666256,114.533089691625
776.3999999999589,115.792785262067
776.4333333332922,117.66824855508584
776.4666666666255,120.07989507196778
776.4999999999588,122.948140313999
776.5333333332921,126.19339366561532
776.5666666666255,129.7276675949441
776.5999999999588,133.43793421493976
776.6333333332921,137.20651864286077
776.6666666666254,140.9157459959656
776.6999999999587,144.4479413915128
776.733333333292,147.8675482351166
776.7666666666253,153.93173448106987
776.7999999999586,167.45413386701875
776.8333333332919,193.3003409699692
776.8666666666252,236.3359503669272
776.8999999999585,301.4233961869992
776.9333333332918,390.01929050336713
776.9666666666251,493.6921739357715
776.9999999999584,602.2262207170926
777.0333333332917,705.4056050802108
777.066666666625,793.0145012580056
777.0999999999583,855.458093393642
777.1333333332916,891.9540253518213
777.1666666666249,908.2665306828872
777.1999999999582,910.3150919249848
777.2333333332915,904.0191916162604
777.2666666666248,895.2953509065255
777.2999999999581,887.6513220422257
777.3333333332914,877.8381410585072
777.3666666666247,861.4309949651198
777.399999999958,834.0050707718134
777.4333333332913,791.1355554883382
777.4666666666246,728.9066591827604
777.4999999999579,650.2690179112361
777.5333333332912,563.0999196956691
777.5666666666245,475.3842674099748
777.5999999999578,395.1069639280692
777.6333333332911,330.2479893777248
777.6666666666245,285.83847013769787
777.6999999999578,258.97764345042805
777.7333333332911,245.44472793768065
777.7666666666244,241.01894222122093
777.7999999999577,241.4795049228142
777.833333333291,242.76979307114655
777.8666666666243,242.9191098458053
777.8999999999576,241.3919414106663
777.9333333332909,237.6810523126669
777.9666666666242,231.2792070987444
777.9999999999575,221.68021842125555
778.0333333332908,208.8345723146479
778.0666666666241,193.8620029552197
778.0999999999574,178.0667281999907
778.1333333332907,162.75296590598072
778.166666666624,149.22493393020943
778.1999999999573,138.69412126242747
778.2333333332906,131.27156792276625
778.2666666666239,126.34752662558816
778.2999999999572,123.29974134710146
778.3333333332905,121.5059560635144
778.3666666666238,120.34440047946804
778.3999999999571,119.34676487721656
778.4333333332904,118.41605604284427
778.4666666666237,117.5103344975294
778.499999999957,116.58766076245008
778.5333333332903,115.60609535878451
778.5666666666236,114.5296603707212
778.5999999999569,113.3879234082222
778.6333333332902,112.25102102990724
778.6666666666235,111.1896927658832
778.6999999999568,110.27467814625705
778.7333333332901,109.57663213383084
778.7666666666235,109.14676818365278
778.7999999999568,108.99215538352978
778.83333333329,109.11376896390492
778.8666666666234,109.51258415522138
778.8999999999567,110.18957618792228
778.93333333329,111.12708839326883
778.9666666666233,112.11909897205864
778.9999999999566,112.85024732444433
779.0333333332899,113.0038273740419
779.0666666666232,112.2631330444674
779.0999999999565,110.3151525863649
779.1333333332898,107.4697688067554
779.1666666666231,105.35510976180292
779.1999999999564,105.76708886858208
779.2333333332897,110.50161954416755
779.266666666623,121.35461520563402
779.2999999999563,139.54194403892546
779.3333333332896,160.9251799183492
779.3666666666229,178.4738014475278
779.3999999999562,185.12904197688005
779.4333333332895,173.8321348568245
779.4666666666228,137.61491035795785
779.4999999999561,80.83133479983447
779.5333333332894,30.0209325009956
779.5666666666227,14.29981622006079
779.599999999956,62.78409871564966
779.6333333332893,204.589892746382
779.6666666666226,463.44480702264593
779.6999999999559,817.9619753425651
779.7333333332892,1224.2610656677043
779.7666666666225,1638.2967205984924
779.7999999999558,2016.0235827353583
779.8333333332891,2313.577499022913
779.8666666666225,2504.0809021623845
779.8999999999558,2591.276568195279
779.933333333289,2582.115689963589
779.9666666666224,2483.5494603093066
779.9999999999557,2302.529072074424
780.033333333289,2047.785310640233
780.0666666666223,1741.477216935269
780.0999999999556,1411.8921194553868
780.1333333332889,1087.3486840862213
780.1666666666222,796.1655767134088
780.1999999999555,566.4411318750278
780.2333333332888,410.5869981448729
780.2666666666221,315.1647783639048
780.2999999999554,264.3227092732223
780.3333333332887,242.2090276139244
780.366666666622,232.97197012710967
780.3999999999553,222.4301527250292
780.4333333332886,207.6921760146891
780.4666666666219,190.54156433030423
780.4999999999552,172.7767900255504
780.5333333332885,156.19632545410337
780.5666666666218,142.580998034497
780.5999999999551,132.74575866517674
780.6333333332884,126.05951346586636
780.6666666666217,121.77256012289496
780.699999999955,119.13519632259164
780.7333333332883,117.39771975128544
780.7666666666216,115.88559321073082
780.7999999999549,114.37657877372462
780.8333333332882,112.81681211350536
780.8666666666215,111.15271253192503
780.8999999999548,109.33069933083556
780.9333333332881,107.29953302492343
780.9666666666214,105.107667796497
780.9999999999548,102.93832080090792
781.033333333288,100.98426462988328
781.0666666666214,99.43827187515012
781.0999999999547,98.49311512843552
781.133333333288,98.27863185904889
781.1666666666213,98.58958718926569
781.1999999999546,99.10967596684924
781.2333333332879,99.52252068681511
781.2666666666212,99.5117438441788
781.2999999999545,98.7691209792546
781.3333333332878,97.25943679243262
781.3666666666211,95.27861187866633
781.3999999999544,93.1424811726606
781.4333333332877,91.16687960912024
781.466666666621,89.66764212274994
781.4999999999543,88.89146326023543
781.5333333332876,88.76145529340658
781.5666666666209,89.10614731186666
781.5999999999542,89.75405681462226
781.6333333332875,90.53370130067997
781.6666666666208,91.27581112992728
781.6999999999541,91.86995975058748
781.7333333332874,92.26934990565594
781.7666666666207,92.43035627568985
781.799999999954,92.30935354124624
781.8333333332873,91.86271638288224
781.8666666666206,91.07961180685854
781.8999999999539,90.08316375017672
781.9333333332872,89.03069703651883
781.9666666666205,88.07953650110193
781.9999999999538,87.38700697914314
782.0333333332871,87.10140312610993
782.0666666666204,87.17867882293164
782.0999999999538,87.39060886635247
782.133333333287,87.50157117355762
782.1666666666204,87.27594366173228
782.1999999999537,86.47811086259524
782.233333333287,84.98130673780675
782.2666666666203,83.0439501888533
782.2999999999536,81.00962157193896
782.3333333332869,79.22190124326785
782.3666666666202,78.02436955904403
782.3999999999535,77.74132700963928
782.4333333332868,78.36569617097133
782.4666666666201,79.61141608520487
782.4999999999534,81.18372220174942
782.5333333332867,82.78784997001452
782.56666666662,84.12908425739869
782.5999999999533,84.99631354573987
782.6333333332866,85.43308542720222
782.6666666666199,85.53126062064462
782.6999999999532,85.38269984492598
782.7333333332865,85.07926381890519
782.7666666666198,84.71641492126055
782.7999999999531,84.43987425721875
782.8333333332864,84.43227452410015
782.8666666666197,84.87710067450067
782.899999999953,85.95783766101614
782.9333333332863,87.85770804378217
782.9666666666196,90.6313908600047
782.9999999999529,93.99817335705475
783.0333333332862,97.62332826570086
783.0666666666195,101.17212831671148
783.0999999999528,104.30984624085518
783.1333333332861,106.7197551958273
783.1666666666194,108.29002328034908
783.1999999999528,109.03896759621696
783.233333333286,108.98698450228402
783.2666666666194,108.15447035740348
783.2999999999527,106.56204897617911
783.333333333286,104.2780671378992
783.3666666666193,101.4771044972764
783.3999999999526,98.34807707218206
783.4333333332859,95.07990088048746
783.4666666666192,91.8614919400638
783.4999999999525,88.87205922846718
783.5333333332858,86.20038522172115
783.5666666666191,83.88604886787937
783.5999999999524,81.96813659453733
783.6333333332857,80.48573482929056
783.666666666619,79.47756697456201
783.6999999999523,78.94229715653452
783.7333333332856,78.8027860336583
783.7666666666189,78.97345739293249
783.7999999999522,79.36873502135631
783.8333333332855,79.90304270592894
783.8666666666188,80.49237624684451
783.8999999999521,81.06473655968205
783.9333333332854,81.55366052533805
783.9666666666187,81.89271464250392
783.999999999952,82.01546540987106
784.0333333332853,81.8565170498677
784.0666666666186,81.41872345693318
784.0999999999519,80.8143191988701
784.1333333332852,80.16538086032094
784.1666666666185,79.5939850259281
784.1999999999518,79.22220828033407
784.2333333332851,79.14689729383983
784.2666666666184,79.30695125704776
784.2999999999518,79.58027496469903
784.333333333285,79.84464264630317
784.3666666666184,79.9778285313697
784.3999999999517,79.85969629109302
784.433333333285,79.45908176860172
784.4666666666183,78.865090451824
784.4999999999516,78.17535557446733
784.5333333332849,77.48751037023922
784.5666666666182,76.89918807284714
784.5999999999515,76.48569966357098
784.6333333332848,76.20803191267908
784.6666666666181,75.99067005316675
784.6999999999514,75.75808336566485
784.7333333332847,75.4347411308042
784.766666666618,74.94786104686334
784.7999999999513,74.30492786317271
784.8333333332846,73.60449401355069
784.8666666666179,72.95003127402289
784.8999999999512,72.44501142061499
784.9333333332845,72.19290622935264
784.9666666666178,72.26133600778707
784.9999999999511,72.56837183075845
785.0333333332844,72.99309639897443
785.0666666666177,73.41459231094663
785.099999999951,73.71194216518663
785.1333333332843,73.76911027473058
785.1666666666176,73.57196445528332
785.1999999999509,73.20282466241048
785.2333333332842,72.74780126042816
785.2666666666175,72.29300461365243
785.2999999999508,71.92453993485071
785.3333333332841,71.69535268534814
785.3666666666174,71.54646608545372
785.3999999999508,71.39531404689474
785.433333333284,71.15933048139854
785.4666666666174,70.75594930069242
785.4999999999507,70.11055790398298
785.533333333284,69.27081643691459
785.5666666666173,68.38020918632252
785.5999999999506,67.58478549772488
785.6333333332839,67.03059471663973
785.6666666666172,66.86356958243898
785.6999999999505,67.15395421779981
785.7333333332838,67.76604991816217
785.7666666666171,68.52946076695923
785.7999999999504,69.2737908476242
785.8333333332837,69.82864424359029
785.866666666617,70.03964595931764
785.8999999999503,69.93775104597786
785.9333333332836,69.67305014642069
785.9666666666169,69.39760016987289
785.9999999999502,69.2634580255612
786.0333333332835,69.42220715421772
786.0666666666168,69.9328307918048
786.0999999999501,70.65140259993294
786.1333333332834,71.40710472910347
786.1666666666167,72.02911932981775
786.19999999995,72.3466285525771
786.2333333332833,72.2101566450359
786.2666666666166,71.65877275826385
786.2999999999499,70.82982190948192
786.3333333332832,69.86149766900056
786.3666666666165,68.89199360713026
786.3999999999498,68.05886897683364
786.4333333332831,67.44422740357523
786.4666666666164,67.03236195576079
786.4999999999498,66.79759557465789
786.533333333283,66.71425120153411
786.5666666666164,66.756651777657
786.5999999999497,66.90425745259735
786.633333333283,67.17150597103202
786.6666666666163,67.58741423036535
786.6999999999496,68.18104739395909
786.7333333332829,68.98147062517504
786.7666666666162,70.01615739671264
786.7999999999495,71.23663143198216
786.8333333332828,72.48674079605681
786.8666666666161,73.60215334132765
786.8999999999494,74.41853692018584
786.9333333332827,74.77155938502247
786.966666666616,74.53755246123427
786.9999999999493,73.80705388390547
787.0333333332826,72.74088205140337
787.0666666666159,71.49989664886746
787.0999999999492,70.24495736143717
787.1333333332825,69.13452032903919
787.1666666666158,68.25666432566186
787.1999999999491,67.6195168306603
787.2333333332824,67.22687722238454
787.2666666666157,67.08254487918454
787.299999999949,67.19031917941028
787.3333333332823,67.55781388369287
787.3666666666156,68.20816408241677
787.3999999999489,69.16845228483395
787.4333333332822,70.4657610009204
787.4666666666155,72.12717274065204
787.4999999999488,74.17223876322886
787.5333333332821,76.47475318942728
787.5666666666154,78.77655103485
787.5999999999487,80.8147042296574
787.633333333282,82.32628470400991
787.6666666666154,83.04842545751512
787.6999999999487,82.85550010661176
787.733333333282,82.0510488019941
787.7666666666153,81.02227233661566
787.7999999999486,80.15637150342995
787.8333333332819,79.84054709539049
787.8666666666152,80.42794111993504
787.8999999999485,81.81418320380946
787.9333333332818,83.56759118881133
787.9666666666151,85.24938320630294
787.9999999999484,86.42077738764658
788.0333333332817,86.64372103354769
788.066666666615,85.70246362663912
788.0999999999483,83.91553324592392
788.1333333332816,81.68008262394638
788.1666666666149,79.39326449325075
788.1999999999482,77.4522315863813
788.2333333332815,76.21675458401594
788.2666666666148,75.68668524899032
788.2999999999481,75.66081117888307
788.3333333332814,75.93572612325595
788.3666666666147,76.30802383167077
788.399999999948,76.57511320337444
788.4333333332813,76.61798063854499
788.4666666666146,76.47240597640467
788.4999999999479,76.19094657123591
788.5333333332812,75.826159777321
788.5666666666145,75.43060294894231
788.5999999999478,75.05231008353063
788.6333333332811,74.70747136073093
788.6666666666144,74.3986025048752
788.6999999999477,74.12816656521295
788.733333333281,73.89862659099381
788.7666666666144,73.71261851131398
788.7999999999477,73.58119598498095
788.833333333281,73.5274452475437
788.8666666666143,73.57537743802315
788.8999999999476,73.74900369544035
788.9333333332809,74.07233515881622
788.9666666666142,74.54796706264892
788.9999999999475,75.06715718382917
789.0333333332808,75.48509549161284
789.0666666666141,75.65695342535865
789.0999999999474,75.43790242442529
789.1333333332807,74.69039966606371
789.166666666614,73.47771505558771
789.1999999999473,72.08434296236568
789.2333333332806,70.80615783727039
789.2666666666139,69.93903413117458
789.2999999999472,69.77884603723116
789.3333333332805,70.51214875177386
789.3666666666138,71.90555932919261
789.3999999999471,73.62487420928278
789.4333333332804,75.33588983183978
789.4666666666137,76.70440263665897
789.499999999947,77.41355214628037
789.5333333332803,77.4459939723296
789.5666666666136,77.03729916866477
789.5999999999469,76.43097810601049
789.6333333332802,75.87054115509127
789.6666666666135,75.59938923361364
789.6999999999468,75.7654268943154
789.7333333332801,76.24628261125712
789.7666666666134,76.87210299353612
789.7999999999467,77.47303465024969
789.83333333328,77.87922419049518
789.8666666666134,77.9319189649943
789.8999999999467,77.60018723882204
789.93333333328,76.93498431090222
789.9666666666133,75.98860452615472
789.9999999999466,74.81334222949941
790.0333333332799,73.46232465852532
790.0666666666132,72.12335680655428
790.0999999999465,71.26637331213848
790.1333333332798,71.39679119459898
790.1666666666131,73.02002747325683
790.1999999999464,76.6414991674331
790.2333333332797,82.63682113801174
790.266666666613,90.34665711157972
790.2999999999463,98.61646102694586
790.3333333332796,106.28859486946271
790.3666666666129,112.2054206244829
790.3999999999462,115.2216003378939
790.4333333332795,114.94121806896452
790.4666666666128,112.13657557594009
790.4999999999461,107.6812434323162
790.5333333332794,102.44879221158862
790.5666666666127,97.312792487253
790.599999999946,93.0643259568794
790.6333333332793,90.02954691959302
790.6666666666126,88.37186826925104
790.6999999999459,88.25452995501891
790.7333333332792,89.84077192606208
790.7666666666125,93.28263238503604
790.7999999999458,98.38897018983512
790.8333333332791,104.5699089236144
790.8666666666124,111.21318076157476
790.8999999999457,117.70651787891728
790.933333333279,123.43765245084292
790.9666666666124,127.8968212584186
790.9999999999457,130.98524026420307
791.033333333279,132.70711097818037
791.0666666666123,133.06663491038324
791.0999999999456,132.06801357084458
791.1333333332789,129.72655189419066
791.1666666666122,126.25601885718068
791.1999999999455,122.04138988911636
791.2333333332788,117.47325499892018
791.2666666666121,112.94220419551456
791.2999999999454,108.83870688396787
791.3333333332787,105.44280721127424
791.366666666612,102.72013858912273
791.3999999999453,100.58074777751332
791.4333333332786,98.93468153644604
791.4666666666119,97.6919866259209
791.4999999999452,96.7660397207795
791.5333333332785,96.10800533722876
791.5666666666118,95.69299627330328
791.5999999999451,95.49650554176569
791.6333333332784,95.49402615537842
791.6666666666117,95.66094982281086
791.699999999945,95.95801955316875
791.7333333332783,96.31614209814184
791.7666666666116,96.66259446951464
791.7999999999449,96.92465367907174
791.8333333332782,97.02959673859772
791.8666666666115,96.91475180174398
791.8999999999448,96.59347004376592
791.9333333332781,96.11386887770142
791.9666666666114,95.52424510750802
791.9999999999447,94.87289553714334
792.033333333278,94.20765180723208
792.0666666666114,93.5521069510302
792.0999999999447,92.89425554274318
792.133333333278,92.21924928010228
792.1666666666113,91.5122398608387
792.1999999999446,90.75837898268372
792.2333333332779,89.95764107762444
792.2666666666112,89.18659395833718
792.2999999999445,88.54647213982834
792.3333333332778,88.13852201873144
792.3666666666111,88.06398999168002
792.3999999999444,88.41922434764277
792.4333333332777,89.17482178204453
792.466666666611,90.16789111520518
792.4999999999443,91.22909407442778
792.5333333332776,92.18909238701536
792.5666666666109,92.87855057050542
792.5999999999442,93.17747453340051
792.6333333332775,93.14100044553332
792.6666666666108,92.8631020518934
792.6999999999441,92.43775309747048
792.7333333332774,91.9589273272542
792.7666666666107,91.51768407160851
792.799999999944,91.16205401708098
792.8333333332773,90.90723828720104
792.8666666666106,90.76761032198849
792.8999999999439,90.75754356146292
792.9333333332772,90.89138638005132
792.9666666666105,91.17510487884924
792.9999999999438,91.59416853485271
793.0333333332771,92.13097217522338
793.0666666666104,92.76791062712287
793.0999999999437,93.48737871771284
793.133333333277,94.27251814760388
793.1666666666104,95.11336797745024
793.1999999999437,96.003694193011
793.233333333277,96.9372992230222
793.2666666666103,97.9079854962201
793.2999999999436,98.91036012260273
793.3333333332769,100.002363545972
793.3666666666102,101.34990297124943
793.3999999999435,103.1294211309174
793.4333333332768,105.5173607574581
793.4666666666101,108.69016458335386
793.4999999999434,112.75420987373458
793.5333333332767,117.39269288915447
793.56666666661,122.13072998790696
793.5999999999433,126.49316488383208
793.6333333332766,130.00484129076986
793.6666666666099,132.19748205874777
793.6999999999432,132.8271155574017
793.7333333332765,131.91840329779566
793.7666666666098,129.51184193180998
793.7999999999431,125.64792811132509
793.8333333332764,120.36715848822143
793.8666666666097,113.977828539679
793.899999999943,107.864184723147
793.9333333332763,103.68065543447054
793.9666666666096,103.08166907036065
793.9999999999429,107.7216540275284
794.0333333332762,119.03970918425595
794.0666666666095,134.7873141697572
794.0999999999428,149.6184518506087
794.1333333332761,158.09092635034813
794.1666666666094,154.76254179251325
794.1999999999427,134.20202036934012
794.233333333276,97.3368378012349
794.2666666666094,62.12813060183423
794.2999999999427,49.35927238569687
794.333333333276,79.8136367673816
794.3666666666093,174.27459736144718
794.3999999999426,350.6303600031409
794.4333333332759,597.4264118992272
794.4666666666092,886.1428555456962
794.4999999999425,1188.048545897779
794.5333333332758,1474.4123379107068
794.5666666666091,1716.5987579578573
794.5999999999424,1895.0783981848483
794.6333333332757,2006.813476917432
794.666666666609,2050.5043850858547
794.6999999999423,2024.851513620358
794.7333333332756,1928.555253451188
794.7666666666089,1762.8666928865025
794.7999999999422,1545.306882217236
794.8333333332755,1299.7888288682468
794.8666666666088,1050.240738023081
794.8999999999421,820.5908148652825
794.9333333332754,634.3457775271861
794.9666666666087,500.2587183047252
794.999999999942,408.8111447199216
795.0333333332753,349.3493826864053
795.0666666666086,311.2197581178061
795.0999999999419,283.76859692775383
795.1333333332752,258.19785775032005
795.1666666666085,233.34644533473147
795.1999999999418,210.01764418416693
795.2333333332751,189.01474043486192
795.2666666666084,171.1410202230523
795.2999999999417,157.14950221850432
795.333333333275,146.9206049660315
795.3666666666084,139.59553652878802
795.3999999999417,134.2921458000404
795.433333333275,130.12828167305534
795.4666666666083,126.22230904376792
795.4999999999416,121.98429139167771
795.5333333332749,117.60224880585932
795.5666666666082,113.3924885907094
795.5999999999415,109.67131805062458
795.6333333332748,106.75504449000154
795.6666666666081,104.925706048262
795.6999999999414,104.12553108249789
795.7333333332747,104.1024606533746
795.766666666608,104.60215413864928
795.7999999999413,105.37027091607894
795.8333333332746,106.15307383562124
795.8666666666079,106.74898679497322
795.8999999999412,107.04810089156508
795.9333333332745,106.94980819683067
795.9666666666078,106.35350078220382
795.9999999999411,105.1585707191184
796.0333333332744,103.31088037263876
796.0666666666077,101.0384449107827
796.099999999941,98.67519576112204
796.1333333332743,96.55525316367476
796.1666666666076,95.01273735845864
796.1999999999409,94.37179605710966
796.2333333332742,94.64492294581764
796.2666666666075,95.47895884423528
796.2999999999408,96.4998857598968
796.3333333332741,97.33368570033647
796.3666666666074,97.60634107773652
796.3999999999407,97.04897367188458
796.433333333274,95.79365395345268
796.4666666666074,94.06801389392956
796.4999999999407,92.09968546480398
796.533333333274,90.1163006375648
796.5666666666073,88.3382025739407
796.5999999999406,86.87390915383801
796.6333333332739,85.74441950208366
796.6666666666072,84.96839695843342
796.6999999999405,84.56450486264305
796.7333333332738,84.55124560374357
796.7666666666071,84.89698592245364
796.7999999999404,85.44910566985763
796.8333333332737,86.03709939443604
796.866666666607,86.49046164466937
796.8999999999403,86.63868696903808
796.9333333332736,86.3318310973937
796.9666666666069,85.59810785807576
796.9999999999402,84.55712540333072
797.0333333332735,83.32923717735824
797.0666666666068,82.03479662435801
797.0999999999401,80.79356128656225
797.1333333332734,79.68897556509343
797.1666666666067,78.74787467901947
797.19999999994,77.99218619637101
797.2333333332733,77.44383768517869
797.2666666666066,77.12475671347316
797.2999999999399,77.05043975685743
797.3333333332732,77.20281798902231
797.3666666666065,77.55290781739723
797.3999999999398,78.07171980938564
797.4333333332731,78.73026453239093
797.4666666666064,79.50263766037276
797.4999999999397,80.43630743193923
797.533333333273,81.65348200233464
797.5666666666064,83.27972813298433
797.5999999999397,85.44061258531354
797.633333333273,88.26166186038648
797.6666666666063,91.74919518770916
797.6999999999396,95.52809567793634
797.7333333332729,99.14711399075856
797.7666666666062,102.15500078586642
797.7999999999395,104.10050672295048
797.8333333332728,104.57266224808382
797.8666666666061,103.64486309738813
797.8999999999394,101.71082386363996
797.9333333332727,99.16996062173652
797.966666666606,96.42168944657509
797.9999999999393,93.8643345807834
798.0333333332726,91.75099548455096
798.0666666666059,90.04538012588363
798.0999999999392,88.67689892332503
798.1333333332725,87.57496229541877
798.1666666666058,86.66898066070853
798.1999999999391,85.89696130286293
798.2333333332724,85.25565784364258
798.2666666666057,84.76639012412058
798.299999999939,84.45056071067528
798.3333333332723,84.32957216968511
798.3666666666056,84.42347664474082
798.3999999999389,84.70258490182174
798.4333333332722,85.07414272710645
798.4666666666055,85.4413336253498
798.4999999999388,85.70734110130664
798.5333333332721,85.77534865973182
798.5666666666054,85.56552765769415
798.5999999999387,85.06711937957999
798.633333333272,84.28691680861347
798.6666666666054,83.23171293080188
798.6999999999387,81.90830073215255
798.733333333272,80.33066102056125
798.7666666666053,78.62906308578722
798.7999999999386,77.02798566921096
798.8333333332719,75.75461806949815
798.8666666666052,75.0361495853145
798.8999999999385,75.09933562942217
798.9333333332718,76.0251752242729
798.9666666666051,77.53796307668955
798.9999999999384,79.30843638936453
799.0333333332717,81.00733236499029
799.066666666605,82.30538820625934
799.0999999999383,82.9192044248923
799.1333333332716,82.9584628180635
799.1666666666049,82.73268360969628
799.1999999999382,82.55296378792684
799.2333333332715,82.73040034089139
799.2666666666048,83.57167411841579
799.2999999999381,85.13549803532997
799.3333333332714,87.10570370436413
799.3666666666047,89.13495675272183
799.399999999938,90.8759228076067
799.4333333332713,91.98126749622227
799.4666666666046,92.22766313084676
799.4999999999379,92.00143925658406
799.5333333332712,91.87596903329973
799.5666666666045,92.42467509604118
799.5999999999378,94.22098007985578
799.6333333332711,97.80252996349854
799.6666666666044,102.95944106307614
799.6999999999377,108.7739010384262
799.733333333271,114.30024845097536
799.7666666666044,118.59282186215025
799.7999999999377,120.70636319340416
799.833333333271,120.09864234476836
799.8666666666043,117.38718228987634
799.8999999999376,113.39684664372368
799.9333333332709,108.95249902130588
799.9666666666042,104.87900303761845
799.9999999999375,101.93257675429908
800.0333333332708,100.16517532302778
800.0666666666041,99.21527344952604
800.0999999999374,98.71607855057356
800.1333333332707,98.30079804294998
800.166666666604,97.6133021913794
800.1999999999373,97.16916767340952
800.2333333332706,98.98865232523572
800.2666666666039,105.241221640027
800.2999999999372,118.0963411109523
800.3333333332705,139.72347623118063
800.3666666666038,171.4174996457449
800.3999999999371,209.52751089612272
800.4333333332704,248.66596166462955
800.4666666666037,283.44341021587525
800.499999999937,308.4704148144697
800.5333333332703,318.53364736559314
800.5666666666036,312.9146279427903
800.5999999999369,295.65131644131753
800.6333333332702,271.0101572139913
800.6666666666035,243.25759461362813
800.6999999999368,216.65974936465608
800.7333333332701,194.4104812108254
800.7666666666034,176.24265014751305
800.7999999999367,161.19213069511662
800.83333333327,148.29479737403378
800.8666666666034,136.58652470466214
800.8999999999367,125.2386954968418
800.93333333327,115.00116814929363
800.9666666666033,107.64369001410648
800.9999999999366,104.95307490511794
801.0333333332699,108.7161366361656
801.0666666666032,120.71488989565718
801.0999999999365,142.2094845388158
801.1333333332698,173.47672592123865
801.1666666666031,214.68454240428963
801.1999999999364,266.00086234933275
801.2333333332697,327.5936141177319
801.266666666603,398.68614631833793
801.2999999999363,472.6635720206365
801.3333333332696,540.6829188982352
801.3666666666029,593.8967883903424
801.3999999999362,623.4577819361665
801.4333333332695,620.8101044132438
801.4666666666028,585.8563944410922
801.4999999999361,528.0630568866953
801.5333333332694,457.41021240963465
801.5666666666027,383.8779816694915
801.599999999936,317.446220339343
801.6333333332693,265.63323233194103
801.6666666666026,227.47769476197675
801.6999999999359,200.19372471740635
801.7333333332692,180.995439286186
801.7666666666025,167.09695555627175
801.7999999999358,155.8364761074289
801.8333333332691,146.09918114070732
801.8666666666024,137.82026389627
801.8999999999357,130.95490780040012
801.933333333269,125.45829627938096
801.9666666666024,121.28523726207288
801.9999999999357,118.34323883755292
802.033333333269,116.44692538466296
802.0666666666023,115.4001057366535
802.0999999999356,115.00658872677504
802.1333333332689,115.07018318827812
802.1666666666022,115.41203525338489
802.1999999999355,115.9643979753192
802.2333333332688,116.7033622055142
802.2666666666021,117.60512571649132
802.2999999999354,118.64588628077198
802.3333333332687,119.7997607891384
802.366666666602,120.97786752837663
802.3999999999353,122.01855497042034
802.4333333332686,122.75612371802548
802.4666666666019,123.02487437394808
802.4999999999352,122.65911303432527
802.5333333332685,121.56101874738002
802.5666666666018,119.86990113375394
802.5999999999351,117.7768255868539
802.6333333332684,115.4728575000868
802.6666666666017,113.1490622668595
802.699999999935,110.99113944416072
802.7333333332683,109.11757101599336
802.7666666666016,107.60105828096046
802.7999999999349,106.51342332784644
802.8333333332682,105.92648824543568
802.8666666666015,105.91114363113294
802.8999999999348,106.42345547138106
802.9333333332681,107.19533703508787
802.9666666666014,107.93278717796856
802.9999999999347,108.34180475573818
803.033333333268,108.12838862411188
803.0666666666013,107.0604223821314
803.0999999999347,105.29551457858445
803.133333333268,103.14259793383032
803.1666666666013,100.91094024138631
803.1999999999346,98.90980929476991
803.2333333332679,97.43917148370146
803.2666666666012,96.53040106043284
803.2999999999345,95.9118688631083
803.3333333332678,95.29573070292132
803.3666666666011,94.39414239106551
803.3999999999344,92.919279811159
803.4333333332677,90.7069189523286
803.466666666601,88.00890978721584
803.4999999999343,85.1645600154467
803.5333333332676,82.513177336647
803.5666666666009,80.3940694504427
803.5999999999342,79.1144115047583
803.6333333332675,78.60179859752029
803.6666666666008,78.53603701667357
803.6999999999341,78.59267104163378
803.7333333332674,78.44724495181653
803.7666666666007,77.77727302138338
803.799999999934,76.46193795623158
803.8333333332673,74.7537582203509
803.8666666666006,72.94569351804988
803.8999999999339,71.33070355363705
803.9333333332672,70.20174803142093
803.9666666666005,69.78953632387262
803.9999999999338,69.95952678944701
804.0333333332671,70.44438132177574
804.0666666666004,70.97657253219435
804.0999999999337,71.28857303203836
804.133333333267,71.1237766552166
804.1666666666003,70.50190020201968
804.1999999999337,69.73371349260415
804.233333333267,69.14385607158422
804.2666666666003,69.05696748357414
804.2999999999336,69.79760662296349
804.3333333332669,71.53542396234192
804.3666666666002,73.96247398113594
804.3999999999335,76.67906202436612
804.4333333332668,79.28549343705299
804.4666666666001,81.38207356421717
804.4999999999334,82.5974947046458
804.5333333332667,82.8582338717485
804.5666666666,82.26862068717888
804.5999999999333,80.93536924186175
804.6333333332666,78.96519362672197
804.6666666665999,76.46546652857245
804.6999999999332,73.59285034110854
804.7333333332665,70.58662940043885
804.7666666665998,67.69397591729725
804.7999999999331,65.1620621024177
804.8333333332664,63.23806016653416
804.8666666665997,62.11535440607484
804.899999999933,61.70815122392386
804.9333333332663,61.840359963105264
804.9666666665996,62.33584436394044
804.9999999999329,63.01846816675079
805.0333333332662,63.71457140179282
805.0666666665995,64.30159523697635
805.0999999999328,64.7050272027169
805.1333333332661,64.85221943654733
805.1666666665994,64.67052407600053
805.1999999999327,64.08740682821838
805.233333333266,63.0981652537553
805.2666666665993,61.88047456397847
805.2999999999327,60.64234721541524
805.333333333266,59.59179566459293
805.3666666665993,58.93683236803885
805.3999999999326,58.85989359322508
805.4333333332659,59.31771660610529
805.4666666665992,60.14950414165837
805.4999999999325,61.19344737512926
805.5333333332658,62.28773748176296
805.5666666665991,63.27149501991892
805.5999999999324,64.0308399448566
805.6333333332657,64.52010479223354
805.666666666599,64.69897952210484
805.6999999999323,64.52715409452553
805.7333333332656,63.9643184695507
805.7666666665989,63.00704916276462
805.7999999999322,61.812941921458176
805.8333333332655,60.5835175386922
805.8666666665988,59.52029780208186
805.8999999999321,58.82480449924236
805.9333333332654,58.68468489101311
805.9666666665987,59.06662047481091
805.999999999932,59.760089063074105
806.0333333332653,60.54958022452927
806.0666666665986,61.21958352790307
806.0999999999319,61.55509345894726
806.1333333332652,61.44998660769043
806.1666666665985,61.04197965109279
806.1999999999318,60.50192388168252
806.2333333332651,60.000670591987856
806.2666666665984,59.709071074536986
806.2999999999317,59.77082084198237
806.333333333265,60.13745192973151
806.3666666665983,60.67759800031191
806.3999999999317,61.25956612018183
806.433333333265,61.75166335579953
806.4666666665983,62.02714617124862
806.4999999999316,62.1222079276235
806.5333333332649,62.26907571980077
806.5666666665982,62.71161644762444
806.5999999999315,63.69369701093855
806.6333333332648,65.45917299944412
806.6666666665981,68.114964178283
806.6999999999314,71.29002876818471
806.7333333332647,74.50910641479342
806.766666666598,77.29693676375328
806.7999999999313,79.17825946070849
806.8333333332646,79.71637901527461
806.8666666665979,78.92971082508717
806.8999999999312,77.13354896739918
806.9333333332645,74.64828398698533
806.9666666665978,71.79430642862039
806.9999999999311,68.89127329330442
807.0333333332644,66.1918320320905
807.0666666665977,63.82879999539821
807.099999999931,61.92256462292919
807.1333333332643,60.593513354385024
807.1666666665976,59.96203362946736
807.1999999999309,60.092829648850966
807.2333333332642,60.74815528923823
807.2666666665975,61.58806404917833
807.2999999999308,62.27252946916083
807.3333333332641,62.46152508967524
807.3666666665974,61.83137161904611
807.3999999999307,60.4048727721412
807.433333333264,58.53567711764054
807.4666666665973,56.59065067007485
807.4999999999307,54.936659443974925
807.533333333264,53.94030468179159
807.5666666665973,53.81927887743891
807.5999999999306,54.39444092180935
807.6333333332639,55.42126464215766
807.6666666665972,56.655223865738655
807.6999999999305,57.85179241980713
807.7333333332638,58.78799364812094
807.7666666665971,59.42351992202132
807.7999999999304,59.81008481321789
807.8333333332637,60.00010374838119
807.866666666597,60.04599215418181
807.8999999999303,59.9998603250714
807.9333333332636,59.90035022494988
807.9666666665969,59.767617451539685
807.9999999999302,59.62047720344702
808.0333333332635,59.47774467927813
808.0666666665968,59.35823507765592
808.0999999999301,59.29926224326437
808.1333333332634,59.41192033793982
808.1666666665967,59.825695191056525
808.19999999993,60.67007263198872
808.2333333332633,62.07453849011071
808.2666666665966,64.14997702282035
808.2999999999299,66.75329945576287
808.3333333332632,69.55766368025468
808.3666666665965,72.23213268918457
808.3999999999298,74.44576947544141
808.4333333332631,75.86900758564478
808.4666666665964,76.34357244145922
808.4999999999297,76.04683879907631
808.533333333263,75.19516385345769
808.5666666665963,74.00490479956495
808.5999999999297,72.69241883235976
808.633333333263,71.44526001700957
808.6666666665963,70.2805359637086
808.6999999999296,69.15288719697222
808.7333333332629,68.01685991135216
808.7666666665962,66.82700030140015
808.7999999999295,65.54433568807283
808.8333333332628,64.28227949588417
808.8666666665961,63.30849895329542
808.8999999999294,62.89751597262785
808.9333333332627,63.32385246620277
808.966666666596,64.86177948087878
808.9999999999293,67.58556774144402
809.0333333332626,71.00993377563766
809.0666666665959,74.55248459070113
809.0999999999292,77.63082719387592
809.1333333332625,79.66256859240352
809.1666666665958,80.14347410046065
809.1999999999291,79.25716870465773
809.2333333332624,77.5446964382643
809.2666666665957,75.55015341831339
809.299999999929,73.8176357618382
809.3333333332623,72.88342605820486
809.3666666665956,72.92625529394805
809.3999999999289,73.62661353315126
809.4333333332622,74.62806475244908
809.4666666665955,75.57417292847616
809.4999999999288,76.10850203794735
809.5333333332621,76.029765482886
809.5666666665954,75.75578003453543
809.5999999999287,75.85876562254805
809.633333333262,76.91094217657626
809.6666666665953,79.48452962627246
809.6999999999287,84.06515381243351
809.733333333262,89.98023690580271
809.7666666665953,95.73108838232532
809.7999999999286,99.80122812105076
809.8333333332619,100.67417600102844
809.8666666665952,96.85794588162209
809.8999999999285,89.6097164440736
809.9333333332618,85.41425100165517
809.9666666665951,91.34162766445608
809.9999999999284,114.46192454256548
810.0333333332617,161.84521974607264
810.066666666595,238.2637204563024
810.0999999999283,335.5649121385754
810.1333333332616,441.0809943773481
810.1666666665949,542.1394448431482
810.1999999999282,626.0677412065036
810.2333333332615,680.6113262456364
810.2666666665948,702.386836402682
810.2999999999281,696.4884678607701
810.3333333332614,668.3496042843083
810.3666666665947,623.4036293377034
810.399999999928,567.0829318289794
810.4333333332613,504.361894918857
810.4666666665946,439.0316648073053
810.4999999999279,374.6948642839621
810.5333333332612,314.9541161384652
810.5666666665945,263.41204316045213
810.5999999999278,223.2490711056658
810.6333333332611,194.31541903986087
810.6666666665944,174.88241182718136
810.6999999999277,163.21187892807754
810.733333333261,157.56564980299996
810.7666666665943,156.20703643657336
810.7999999999276,157.4530540817729
810.833333333261,159.6882884532954
810.8666666665943,161.3016271801325
810.8999999999276,160.681957891276
810.9333333332609,156.21830393686324
810.9666666665942,147.98585940373405
810.9999999999275,141.95238848210008
811.0333333332608,145.37209530503847
811.0666666665941,165.49918400562638
811.0999999999274,209.587858716941
811.1333333332607,284.4238750395709
811.166666666594,391.5800902355578
811.1999999999273,529.3735490985778
811.2333333332606,696.0716581169108
811.2666666665939,889.9418237788369
811.2999999999272,1109.1280627185106
811.3333333332605,1343.170108823913
811.3666666665938,1567.5304794208114
811.3999999999271,1756.3698547564254
811.4333333332604,1883.848915077976
811.4666666665937,1924.1283406326845
811.499999999927,1859.3115900858568
811.5333333332603,1708.6211869261904
811.5666666665936,1502.114080129509
811.5999999999269,1269.848511865681
811.6333333332602,1041.882724304577
811.6666666665935,847.0330645680684
811.6999999999268,694.301519869435
811.7333333332601,576.7812526855089
811.7666666665934,487.1164573680464
811.7999999999267,417.95132826880337
811.83333333326,361.9425042026854
811.8666666665933,313.8086271755432
811.8999999999266,272.61380449935206
811.93333333326,237.97250136768065
811.9666666665933,209.4991829740976
811.9999999999266,186.80831451217165
812.0333333332599,169.45040158451047
812.0666666665932,156.58179121785457
812.0999999999265,147.20881395924238
812.1333333332598,140.33750751938456
812.1666666665931,134.97390960899187
812.1999999999264,130.15013974400804
812.2333333332597,125.51121859660536
812.266666666593,121.3223895897128
812.2999999999263,117.87644233512972
812.3333333332596,115.46616644465544
812.3666666665929,114.38395510312968
812.3999999999262,114.68351106728046
812.4333333332595,115.77602412706608
812.4666666665928,116.96567214832464
812.4999999999261,117.55663299689428
812.5333333332594,116.8530845386132
812.5666666665927,114.26242692938398
812.599999999926,110.02405552886826
812.6333333332593,104.77914319694165
812.6666666665926,99.1714659353679
812.6999999999259,93.84479974591098
812.7333333332592,89.43314547822628
812.7666666665925,86.2185133765815
812.7999999999258,84.04124481426284
812.8333333332591,82.71368025655528
812.8666666665924,82.04816016874379
812.8999999999257,81.8570281995528
812.933333333259,81.9764988968633
812.9666666665923,82.32407097989258
812.9999999999256,82.83452907932701
813.033333333259,83.44265782585302
813.0666666665923,84.08324185015698
813.0999999999256,84.68981604073646
813.1333333332589,85.1827931425522
813.1666666665922,85.47474312589986
813.1999999999255,85.47813059331145
813.2333333332588,85.1054201473189
813.2666666665921,84.27087745871991
813.2999999999254,82.99387571368185
813.3333333332587,81.45502707862904
813.366666666592,79.84861949520096
813.3999999999253,78.36894090503702
813.4333333332586,77.21027924977668
813.4666666665919,76.5063192902559
813.4999999999252,76.13329924301605
813.5333333332585,75.89910703922325
813.5666666665918,75.61163009080597
813.5999999999251,75.07875580969267
813.6333333332584,74.12183998634254
813.6666666665917,72.74622018011073
813.699999999925,71.09039438236135
813.7333333332583,69.29583052323814
813.7666666665916,67.50399653288473
813.7999999999249,65.85607682640251
813.8333333332582,64.46423341144411
813.8666666665915,63.38690155496777
813.8999999999248,62.676696702607934
813.9333333332581,62.38623429999907
813.9666666665914,62.56812979277563
813.9999999999247,63.241106344279984
814.033333333258,64.24733889667019
814.0666666665913,65.37170014637128
814.0999999999246,66.39903273882209
814.133333333258,67.11417931946144
814.1666666665913,67.31396731031704
814.1999999999246,67.00826383554329
814.2333333332579,66.3900911763245
814.2666666665912,65.65843664616001
814.2999999999245,65.01228755854913
814.3333333332578,64.65020489162512
814.3666666665911,64.68492932388564
814.3999999999244,65.03991878266976
814.4333333332577,65.61335656429881
814.466666666591,66.30342596509423
814.4999999999243,67.00831028137738
814.5333333332576,67.63192812563922
814.5666666665909,68.11427030166112
814.5999999999242,68.40931729975955
814.6333333332575,68.47108036195026
814.6666666665908,68.253570730249
814.6999999999241,67.71475844808562
814.7333333332574,66.90423519024694
814.7666666665907,65.96353160456364
814.799999999924,65.0382006088558
814.8333333332573,64.2737951209435
814.8666666665906,63.81575061864341
814.8999999999239,63.75418674640837
814.9333333332572,64.03579178513199
814.9666666665905,64.58431008714324
814.9999999999238,65.32348600477103
815.0333333332571,66.17706389034431
815.0666666665904,67.07187213875154
815.0999999999237,67.95782468924934
815.133333333257,68.79529808216911
815.1666666665903,69.54472073813787
815.1999999999236,70.16652107778259
815.233333333257,70.62276468532713
815.2666666665903,70.92482471822191
815.2999999999236,71.14088283678198
815.3333333332569,71.34226748755229
815.3666666665902,71.6003071170778
815.3999999999235,71.98630105760007
815.4333333332568,72.52857814763277
815.4666666665901,73.12635438850559
815.4999999999234,73.65469597583633
815.5333333332567,73.98866910524278
815.56666666659,74.00333997234273
815.5999999999233,73.5961286421064
815.6333333332566,72.86076471405289
815.6666666665899,71.9928021121121
815.6999999999232,71.18865879618905
815.7333333332565,70.6447527261888
815.7666666665898,70.55364806792646
815.7999999999231,70.95733946129066
815.8333333332564,71.70178950253026
815.8666666665897,72.61981559520261
815.899999999923,73.54423514286515
815.9333333332563,74.30787221346752
815.9666666665896,74.79967778110651
815.9999999999229,75.10094946114766
816.0333333332562,75.33415516156457
816.0666666665895,75.62176279033069
816.0999999999228,76.08624025541964
816.1333333332561,76.83361622939911
816.1666666665894,77.8030920164362
816.1999999999227,78.83674700204102
816.233333333256,79.77545465385018
816.2666666665893,80.46008843950021
816.2999999999226,80.73461446117639
816.333333333256,80.59855258886712
816.3666666665893,80.27669960328053
816.3999999999226,80.01149186775602
816.4333333332559,80.04536574563295
816.4666666665892,80.6207574189501
816.4999999999225,81.90305214970519
816.5333333332558,83.76164395710407
816.5666666665891,85.99486210913716
816.5999999999224,88.40103587379484
816.6333333332557,90.77849451906748
816.666666666589,92.93779457788764
816.6999999999223,94.83053226936649
816.7333333332556,96.4987764786016
816.7666666665889,97.98608074723076
816.7999999999222,99.33599861689169
816.8333333332555,100.59131757493044
816.8666666665888,101.74592450191298
816.8999999999221,102.71617130835736
816.9333333332554,103.41153275315108
816.9666666665887,103.7414835951816
816.999999999922,103.61549859333635
817.0333333332553,103.01631632456797
817.0666666665886,102.23637655596424
817.0999999999219,101.6499395156126
817.1333333332552,101.63126591510456
817.1666666665885,102.55461646603167
817.1999999999218,104.7534522431883
817.2333333332551,108.0360078734314
817.2666666665884,111.84579762188524
817.2999999999217,115.61898179527624
817.333333333255,118.79172070033091
817.3666666665883,120.80751231675448
817.3999999999216,121.69079864412971
817.433333333255,122.4583173190204
817.4666666665883,124.2238803092831
817.4999999999216,128.10129958277443
817.5333333332549,135.2043871073509
817.5666666665882,146.0814592740221
817.5999999999215,158.6993730686999
817.6333333332548,170.28878337923862
817.6666666665881,178.08029000543334
817.6999999999214,179.30449274707925
817.7333333332547,171.7030160521059
817.766666666588,160.211943214288
817.7999999999213,155.08323592564716
817.8333333332546,166.69334576855272
817.8666666665879,205.41872432537397
817.8999999999212,281.60527576199325
817.9333333332545,402.6975021320577
817.9666666665878,570.8886812953831
817.9999999999211,787.8190741152806
818.0333333332544,1055.1289414550615
818.0666666665877,1374.458544178039
818.099999999921,1740.912364238326
818.1333333332543,2117.9758051404187
818.1666666665876,2459.585339051905
818.1999999999209,2719.675426696038
818.2333333332542,2852.180528796066
818.2666666665875,2814.5713899501934
818.2999999999208,2617.567241971027
818.3333333332541,2313.050225537829
818.3666666665874,1953.971323969572
818.3999999999207,1593.2815205852276
818.433333333254,1283.7242708468923
818.4666666665873,1055.417941208044
818.4999999999206,895.8169171769739
818.533333333254,787.6474470083998
818.5666666665873,713.6357789570402
818.5999999999206,656.5081612776127
818.6333333332539,601.7807847594327
818.6666666665872,549.005709108976
818.6999999999205,502.1391976084307
818.7333333332538,465.1390778692344
818.7666666665871,441.96317750282446
818.7999999999204,436.1106938768794
818.8333333332537,443.8691902946631
818.866666666587,455.79051796383226
818.8999999999203,462.26794258952026
818.9333333332536,453.6947298768607
818.9666666665869,420.60860005998734
818.9999999999202,370.6763877734524
819.0333333332535,344.6456715048899
819.0666666665868,387.0388902267832
819.0999999999201,542.3784829116154
819.1333333332534,855.1868885318694
819.1666666665867,1353.269723387821
819.19999999992,1978.6306789861344
819.2333333332533,2645.8207221027383
819.2666666665866,3269.3785291191584
819.2999999999199,3763.842776416917
819.3333333332532,4048.08578390294
819.3666666665865,4110.374411021173
819.3999999999198,3994.822917522303
819.4333333332531,3747.1296527696486
819.4666666665864,3412.992966126531
819.4999999999197,3038.0250221820875
819.533333333253,2657.374863678755
819.5666666665863,2285.851869396565
819.5999999999196,1935.925905147306
819.633333333253,1620.0668367427645
819.6666666665863,1350.7445299947292
819.6999999999196,1137.5051683733343
819.7333333332529,974.8762336755624
819.7666666665862,852.5760490290581
819.7999999999195,760.3207648269339
819.8333333332528,687.8265314623028
819.8666666665861,625.1587656373625
819.8999999999194,567.9341026442124
819.9333333332527,516.2151745523381
819.966666666586,470.18941434668335
819.9999999999193,430.04425501219225
820.0333333332526,395.9635006861165
820.0666666665859,367.7072125363064
820.0999999999192,344.22060808885226
820.1333333332525,324.35640904661454
820.1666666665858,306.9673371124537
820.1999999999191,290.90611398923016
820.2333333332524,275.22942759518213
820.2666666665857,260.0226249778319
820.299999999919,245.69460310026028
820.3333333332523,232.65437730014088
820.3666666665856,221.31096291514731
820.3999999999189,212.0428725507916
820.4333333332522,204.7595099898037
820.4666666665855,199.00255175770016
820.4999999999188,194.3038255571917
820.5333333332521,190.1951590909888
820.5666666665854,186.2107066933241
820.5999999999187,182.13088968171195
820.633333333252,178.19653779850574
820.6666666665853,174.69896613796297
820.6999999999186,171.92948979434107
820.733333333252,170.17942386189748
820.7666666665853,169.61609628722894
820.7999999999186,169.80457192923825
820.8333333332519,170.1273088632352
820.8666666665852,169.96672435507668
820.8999999999185,168.70523567061957
820.9333333332518,165.77234248670922
820.9666666665851,161.28118923327236
820.9999999999184,155.86072867243954
821.0333333332517,150.15259143664596
821.066666666585,144.798408158327
821.0999999999183,140.43751880342316
821.1333333332516,137.5005831955302
821.1666666665849,136.04540664420256
821.1999999999182,136.09116015865126
821.2333333332515,137.65701474808728
821.2666666665848,140.76214142172165
821.2999999999181,145.32853963225648
821.3333333332514,150.83215440024537
821.3666666665847,156.62101946428538
821.399999999918,162.04315779275024
821.4333333332513,166.44659235401366
821.4666666665846,169.2145484433202
821.4999999999179,170.20182946402224
821.5333333332512,169.59997106312335
821.5666666665845,167.60777939315022
821.5999999999178,164.4240606066296
821.6333333332511,160.2494059991778
821.6666666665844,155.41866274327066
821.6999999999177,150.4920965637944
821.733333333251,146.0515401473953
821.7666666665843,142.6788261807197
821.7999999999176,140.95578735041394
821.833333333251,141.2707616821924
821.8666666665843,143.18842712996474
821.8999999999176,146.05433925994487
821.9333333332509,149.21405180209268
821.9666666665842,152.01311848636797
821.9999999999175,153.8230663265977
822.0333333332508,154.32968765145262
822.0666666665841,153.42753715442555
822.0999999999174,151.0149291876762
822.1333333332507,146.9901781033641
822.166666666584,141.25605513895215
822.1999999999173,133.9836495506526
822.2333333332506,125.76046467771626
822.2666666665839,117.2098854059329
822.2999999999172,108.95529662109216
822.3333333332505,101.62008304057292
822.3666666665838,95.68657943874275
822.3999999999171,91.09077851660852
822.4333333332504,87.63641145130693
822.4666666665837,85.12720941997476
822.499999999917,83.36690359974882
822.5333333332503,82.15993557912756
822.5666666665836,81.31836260952832
822.5999999999169,80.65886629588539
822.6333333332502,79.99819331416421
822.6666666665835,79.15309034033017
822.6999999999168,77.94332876319613
822.7333333332501,76.33144699370534
822.7666666665834,74.4814880617058
822.7999999999167,72.57270628166319
822.83333333325,70.78435596804312
822.8666666665833,69.29568632795744
822.8999999999166,68.23447384773283
822.93333333325,67.55043794980294
822.9666666665833,67.1548232859664
822.9999999999166,66.95887450802185
823.0333333332499,66.87383626776791
823.0666666665832,66.81516866021974
823.0999999999165,66.73768046423841
823.1333333332498,66.61762590467325
823.1666666665831,66.43147503539413
823.1999999999164,66.15569791027083
823.2333333332497,65.76676867397148
823.266666666583,65.24131096472262
823.2999999999163,64.5561372746643
823.3333333332496,63.68807219385115
823.3666666665829,62.613940312337824
823.3999999999162,61.31059577642183
823.4333333332495,59.80316399751428
823.4666666665828,58.26329822211893
823.4999999999161,56.89035093859481
823.5333333332494,55.88367463530095
823.5666666665827,55.4426218005964
823.599999999916,55.72602508847457
823.6333333332493,56.5685394256184
823.6666666665826,57.649256207725074
823.6999999999159,58.64628411890862
823.7333333332492,59.237731843283086
823.7666666665825,59.11564499044796
823.7999999999158,58.36385848923032
823.8333333332491,57.50220815839537
823.8666666665824,57.073340756292936
823.8999999999157,57.61990304127286
823.933333333249,59.68389851635684
823.9666666665823,63.482958439355954
823.9999999999156,68.38453140102735
824.033333333249,73.61847256566588
824.0666666665823,78.41463709756644
824.0999999999156,82.00288016102391
824.1333333332489,83.7191081401277
824.1666666665822,83.61577915720243
824.1999999999155,82.04196901152689
824.2333333332488,79.34770040654004
824.2666666665821,75.88299604568091
824.2999999999154,71.99590494746393
824.3333333332487,67.99189775045811
824.366666666582,64.13537496880534
824.3999999999153,60.68906520583171
824.4333333332486,57.91569706486337
824.4666666665819,56.07733442406452
824.4999999999152,55.29542563519297
824.5333333332485,55.37783748127883
824.5666666665818,56.09003037898631
824.5999999999151,57.19746474497961
824.6333333332484,58.46560099592294
824.6666666665817,59.67851453799629
824.699999999915,60.72497705613275
824.7333333332483,61.53033398964091
824.7666666665816,62.01996900657346
824.7999999999149,62.11926577498311
824.8333333332482,61.76324462707367
824.8666666665815,61.04643175874719
824.8999999999148,60.19447680172178
824.9333333332481,59.43692116030574
824.9666666665814,59.00330623880732
824.9999999999147,59.12151963475603
825.033333333248,59.843666327790245
825.0666666665813,60.89281554780672
825.0999999999146,61.95590217079003
825.133333333248,62.71986107272471
825.1666666665812,62.87162712959534
825.1999999999146,62.185754213173375
825.2333333332479,60.84085043937259
825.2666666665812,59.13191848681294
825.2999999999145,57.35397179815671
825.3333333332478,55.80202381606615
825.3666666665811,54.75293281714925
825.3999999999144,54.252888699906535
825.4333333332477,54.189386690458136
825.466666666581,54.446795762378045
825.4999999999143,54.90948488924023
825.5333333332476,55.462682774123536
825.5666666665809,56.04327677196999
825.5999999999142,56.66826823471866
825.6333333332475,57.36155507922894
825.6666666665808,58.14703522236015
825.6999999999141,59.048605831497056
825.7333333332474,60.03497454819533
825.7666666665807,60.86968777427204
825.799999999914,61.26862895360404
825.8333333332473,60.94768153006815
825.8666666665806,59.622728947541226
825.8999999999139,57.12787047984046
825.9333333332472,54.449898567984334
825.9666666665805,53.22601793272448
825.9999999999138,55.10076069898234
826.0333333332471,61.71865899167937
826.0666666665804,74.69081990954014
826.0999999999137,94.39679909375248
826.133333333247,119.65450295192556
826.1666666665803,149.18122406831242
826.1999999999136,181.69425502716612
826.233333333247,215.9105401625704
826.2666666665802,250.11647947424825
826.2999999999136,281.3289524716429
826.3333333332469,306.3319971706795
826.3666666665802,321.9096515872829
826.3999999999135,324.8459537373784
826.4333333332468,312.5919304716628
826.4666666665801,287.57948339384814
826.4999999999134,254.49323386361212
826.5333333332467,218.0288711245457
826.56666666658,182.88208442023992
826.5999999999133,153.62426854334598
826.6333333332466,131.85247729392174
826.6666666665799,116.1237657062624
826.6999999999132,104.85776084651708
826.7333333332465,96.47408978083484
826.7666666665798,89.39437976074026
826.7999999999131,82.54244874987945
826.8333333332464,76.00362236407284
826.8666666665797,70.02695184317687
826.899999999913,64.86148842704796
826.9333333332463,60.75628335554256
826.9666666665796,57.89230089898091
826.9999999999129,56.0631341475566
827.0333333332462,54.92557132447862
827.0666666665795,54.13624444250433
827.0999999999128,53.35178551439109
827.1333333332461,52.24563917342808
827.1666666665794,50.76335875541349
827.1999999999127,49.070997314655614
827.233333333246,47.34095541102264
827.2666666665793,45.74563360438268
827.2999999999126,44.45665524854599
827.333333333246,43.57335054696345
827.3666666665792,43.06504472126564
827.3999999999126,42.88748203066571
827.4333333332459,42.99640673437675
827.4666666665792,43.34756309161189
827.4999999999125,43.88814117163312
827.5333333332458,44.52862270595711
827.5666666665791,45.169644749312816
827.5999999999124,45.71184423841634
827.6333333332457,46.055858109983845
827.666666666579,46.10736012156433
827.6999999999123,45.8286983209883
827.7333333332456,45.21791203910403
827.7666666665789,44.27359745102746
827.7999999999122,42.99435073187452
827.8333333332455,41.3807739574176
827.8666666665788,39.52402266976445
827.8999999999121,37.64072460125771
827.9333333332454,35.95673083325399
827.9666666665787,34.69789244710993
827.999999999912,34.090026077083
828.0333333332453,34.26161139809397
828.0666666665786,35.03083121056336
828.0999999999119,36.1541712655333
828.1333333332452,37.38811731404592
828.1666666665785,38.48915510714336
828.1999999999118,39.24194731271588
828.2333333332451,39.65525210169245
828.2666666665784,39.844823886760985
828.2999999999117,39.92707932851003
828.333333333245,40.01843508752817
828.3666666665783,40.231500960105976
828.3999999999116,40.58219447148952
828.433333333245,40.98437631009933
828.4666666665782,41.347026406175885
828.4999999999116,41.57912468995969
828.5333333332449,41.58984936431142
828.5666666665782,41.34191012110199
828.5999999999115,40.92366396069156
828.6333333332448,40.44147508754661
828.6666666665781,40.00170770613359
828.6999999999114,39.71072602091896
828.7333333332447,39.65582321439055
828.766666666578,39.816421291783065
828.7999999999113,40.13405607670186
828.8333333332446,40.55022201099189
828.8666666665779,41.00641353649812
828.8999999999112,41.44553897420668
828.9333333332445,41.83256954728201
828.9666666665778,42.14993676319323
828.9999999999111,42.38054965978041
829.0333333332444,42.50731727488362
829.0666666665777,42.51330237736615
829.099999999911,42.39402960382025
829.1333333332443,42.16647507905248
829.1666666665776,41.84973456442248
829.1999999999109,41.462903821289984
829.2333333332442,41.025078611014656
829.2666666665775,40.56193802663315
829.2999999999108,40.12550808179845
829.3333333332441,39.77440492054892
829.3666666665774,39.56724468692296
829.3999999999107,39.562643524958965
829.433333333244,39.80881238054409
829.4666666665773,40.24879271714278
829.4999999999106,40.76459047782552
829.533333333244,41.237460956690335
829.5666666665772,41.54865944783525
829.5999999999106,41.58152782897479
829.6333333332439,41.29461331306765
829.6666666665772,40.74086936646334
829.6999999999105,39.97923857190206
829.7333333332438,39.068663512124
829.7666666665771,38.06809055377771
829.7999999999104,37.03948025884676
829.8333333332437,36.05322529663086
829.866666666577,35.181181545039856
829.8999999999103,34.49520488198353
829.9333333332436,34.06715118537172
829.9666666665769,33.95543685390964
829.9999999999102,34.127926576797385
830.0333333332435,34.51509549912479
830.0666666665768,35.047301001210926
830.0999999999101,35.65490046337489
830.1333333332434,36.27043301765763
830.1666666665767,36.868650884296656
830.19999999991,37.46251693423163
830.2333333332433,38.0663728116696
830.2666666665766,38.6945601608176
830.2999999999099,39.36122656833958
830.3333333332432,40.05656095845941
830.3666666665765,40.72396179867799
830.3999999999098,41.30141528377549
830.4333333332431,41.7269076085321
830.4666666665764,41.93842496772802
830.4999999999097,41.894542920068254
830.533333333243,41.64712505019806
830.5666666665763,41.27444280649188
830.5999999999096,40.854769308397806
830.633333333243,40.46637767536392
830.6666666665762,40.18221901346179
830.6999999999096,40.014060189911085
830.7333333332429,39.934516828297184
830.7666666665762,39.91556636699222
830.7999999999095,39.92918624436835
830.8333333332428,39.94773900413697
830.8666666665761,39.96031465868812
830.8999999999094,39.97880736163714
830.9333333332427,40.016748410679845
830.966666666576,40.087669103512006
830.9999999999093,40.20508903307004
831.0333333332426,40.36431034049928
831.0666666665759,40.5056010107808
831.0999999999092,40.55887727051978
831.1333333332425,40.45405534632148
831.1666666665758,40.12105146479109
831.1999999999091,39.50688637693673
831.2333333332424,38.68190343293482
831.2666666665757,37.77053294850212
831.299999999909,36.897435945213005
831.3333333332423,36.18727344464184
831.3666666665756,35.76034430436935
831.3999999999089,35.6461960236864
831.4333333332422,35.78864719245252
831.4666666665755,36.12815974709611
831.4999999999088,36.60519562404555
831.5333333332421,37.1601875299444
831.5666666665754,37.72951312866319
831.5999999999087,38.24137921188076
831.633333333242,38.62301120927452
831.6666666665753,38.80163455052191
831.6999999999086,38.70447466530037
831.733333333242,38.289939413790734
831.7666666665752,37.66044708769252
831.7999999999086,36.95996134779888
831.8333333332419,36.33244981226075
831.8666666665752,35.921880099229014
831.8999999999085,35.860260189514804
831.9333333332418,36.14143241918705
831.9666666665751,36.67050908808972
831.9999999999084,37.35114193335804
832.0333333332417,38.08698269212718
832.066666666575,38.783061337359456
832.0999999999083,39.40293594702415
832.1333333332416,39.98918860009689
832.1666666665749,40.58999497965449
832.1999999999082,41.25353076877376
832.2333333332415,42.02800776359265
832.2666666665748,43.005831955625546
832.2999999999081,44.40957597088174
832.3333333332414,46.48565818722347
832.3666666665747,49.48049698251296
832.399999999908,53.640510734612455
832.4333333332413,59.09981978340277
832.4666666665746,65.21731366708286
832.4999999999079,71.0247355401302
832.5333333332412,75.55267396692624
832.5666666665745,77.83171751185243
832.5999999999078,76.94615417389163
832.6333333332411,73.00879467920063
832.6666666665744,67.05782768201966
832.6999999999077,60.164440066740944
832.733333333241,53.39981871775671
832.7666666665743,47.83113141039584
832.7999999999076,44.0854691353174
832.833333333241,41.95903196715915
832.8666666665742,41.155796209182654
832.8999999999075,41.37973816464944
832.9333333332409,42.33483413682106
832.9666666665742,43.73487134160615
832.9999999999075,45.33520359723398
833.0333333332408,46.902191078174745
833.0666666665741,48.20219403208833
833.0999999999074,49.00157270663461
833.1333333332407,49.09154558130859
833.166666666574,48.51809841030835
833.1999999999073,47.47667405287796
833.2333333332406,46.164614699284655
833.2666666665739,44.77926253979568
833.2999999999072,43.51474149350903
833.3333333332405,42.45616084942626
833.3666666665738,41.55568191740993
833.3999999999071,40.757401879576335
833.4333333332404,40.005417918041815
833.4666666665737,39.24393316580034
833.499999999907,38.46730760781662
833.5333333332403,37.800060503637646
833.5666666665736,37.38755019703228
833.5999999999069,37.37513503176942
833.6333333332402,37.90817335161795
833.6666666665735,39.0785450553191
833.6999999999068,40.66109735911801
833.7333333332401,42.31429306134712
833.7666666665734,43.69641709865083
833.7999999999067,44.46575440767356
833.83333333324,44.30465710236709
833.8666666665733,43.263951578487976
833.8999999999066,41.6824528558596
833.93333333324,39.90663889155783
833.9666666665732,38.28298764265856
833.9999999999065,37.15492924144164
834.0333333332399,36.66272486026896
834.0666666665732,36.61946139640124
834.0999999999065,36.80859807615513
834.1333333332398,37.013594125847256
834.1666666665731,37.017914924576274
834.1999999999064,36.684020515260805
834.2333333332397,36.15085214614864
834.266666666573,35.617804573686065
834.2999999999063,35.28427255431937
834.3333333332396,35.34965084449486
834.3666666665729,35.97717621478844
834.3999999999062,37.03636758263181
834.4333333332395,38.25396890129209
834.4666666665728,39.355774598974506
834.4999999999061,40.067579103884256
834.5333333332394,40.12510439854096
834.5666666665727,39.49472710646786
834.599999999906,38.37477529229403
834.6333333332393,36.97376393753893
834.6666666665726,35.50020802372203
834.6999999999059,34.162236172388155
834.7333333332392,33.107541145418296
834.7666666665725,32.358246611247225
834.7999999999058,31.92083576028361
834.8333333332391,31.80179178293619
834.8666666665724,32.007597869613654
834.8999999999057,32.52815109194416
834.933333333239,33.277165822855814
834.9666666665723,34.146497068744765
834.9999999999056,35.02799797217406
835.0333333332389,35.81352167570679
835.0666666665722,36.40190044378812
835.0999999999055,36.768444842069
835.1333333332389,36.9356826704397
835.1666666665722,36.9268385488777
835.1999999999055,36.76513709736047
835.2333333332388,36.473829267361445
835.2666666665721,36.07711546378918
835.2999999999054,35.60038818681221
835.3333333332387,35.06911558572786
835.366666666572,34.50876580983346
835.3999999999053,33.94480858075118
835.4333333332386,33.403502628629475
835.4666666665719,32.913173109495965
835.4999999999052,32.50247933440792
835.5333333332385,32.200080614422575
835.5666666665718,32.0346362605972
835.5999999999051,32.030091707740624
835.6333333332384,32.182848807697816
835.6666666665717,32.4793343046432
835.699999999905,32.90596112757741
835.7333333332383,33.44914220550104
835.7666666665716,34.09140384443112
835.7999999999049,34.75865827700349
835.8333333332382,35.33401120540099
835.8666666665715,35.699511053248166
835.8999999999048,35.737206244169506
835.9333333332381,35.332322955026555
835.9666666665714,34.55250033406599
835.9999999999047,33.743472008244915
836.033333333238,33.27435886267911
836.0666666665713,33.51428178248433
836.0999999999046,34.83229694705268
836.1333333332379,37.39212352143792
836.1666666665712,40.69688415327691
836.1999999999045,44.1171171256274
836.2333333332379,47.02336072154719
836.2666666665712,48.78615322409406
836.2999999999045,48.87816275781141
836.3333333332378,47.50977317076158
836.3666666665711,45.21544462645102
836.3999999999044,42.53103031678944
836.4333333332377,39.992383433686506
836.466666666571,38.11495582280944
836.4999999999043,37.026055725401314
836.5333333332376,36.50517541391006
836.5666666665709,36.31950178161664
836.5999999999042,36.236221721802025
836.6333333332375,36.02369920433366
836.6666666665708,35.56030264700284
836.6999999999041,34.92250933235014
836.7333333332374,34.20752984548083
836.7666666665707,33.512574771500184
836.799999999904,32.93485464142221
836.8333333332373,32.55082461389941
836.8666666665706,32.35732116154871
836.8999999999039,32.33209219489602
836.9333333332372,32.45288562446728
836.9666666665705,32.69744936078841
836.9999999999038,33.04040737817617
837.0333333332371,33.429283817463336
837.0666666665704,33.79768733811238
837.0999999999037,34.07911272628214
837.133333333237,34.20705476813143
837.1666666665703,34.117772226616374
837.1999999999036,33.8145824457097
837.2333333332369,33.369857825080544
837.2666666665702,32.85913414386819
837.2999999999035,32.35794718121193
837.3333333332369,31.94207017914773
837.3666666665702,31.72373372358189
837.3999999999035,31.89056360836139
837.4333333332368,32.63952494996745
837.4666666665701,34.1675828648813
837.4999999999034,36.67170246958416
837.5333333332367,40.215674581773584
837.56666666657,44.27412035971861
837.5999999999033,48.15878515342314
837.6333333332366,51.18140873376717
837.6666666665699,52.65373087163067
837.6999999999032,51.978166627726445
837.7333333332365,49.472714513719545
837.7666666665698,45.98632602217078
837.7999999999031,42.37446720236768
837.8333333332364,39.49260410359776
837.8666666665697,38.17726030636725
837.899999999903,38.698149740227535
837.9333333332363,40.67405380771904
837.9666666665696,43.68788580467262
837.9999999999029,47.32255902691912
838.0333333332362,51.16095496931141
838.0666666665695,54.77809630135254
838.0999999999028,57.730888449785695
838.1333333332361,59.57369245592476
838.1666666665694,59.86086936108363
838.1999999999027,58.1467802065762
838.233333333236,54.218090864310135
838.2666666665693,49.00697984565347
838.2999999999026,43.79810224872153
838.3333333332359,39.87621023837833
838.3666666665692,38.52605597948784
838.3999999999025,40.89601723605902
838.4333333332359,46.5863669629329
838.4666666665692,54.21600757807369
838.4999999999025,62.38824988036046
838.5333333332358,69.7064046686723
838.5666666665691,74.7969734585721
838.5999999999024,77.10471714312374
838.6333333332357,77.0915288168815
838.666666666569,75.28285796333788
838.6999999999023,72.20415406598529
838.7333333332356,68.38061179636215
838.7666666665689,64.24291248455886
838.7999999999022,59.98629359095861
838.8333333332355,55.76994240959792
838.8666666665688,51.75304623451333
838.8999999999021,48.09479235974137
838.9333333332354,44.93448367135768
838.9666666665687,42.30581547620406
838.999999999902,40.20755853557667
839.0333333332353,38.63846138635383
839.0666666665686,37.597272565413846
839.0999999999019,37.07744193798308
839.1333333332352,37.00734462782227
839.1666666665685,37.2716594540498
839.1999999999018,37.75425600593466
839.2333333332351,38.33900387274588
839.2666666665684,38.91281081796214
839.2999999999017,39.48204660355809
839.333333333235,40.20905363923792
839.3666666665683,41.26667782212888
839.3999999999016,42.82776504935824
839.4333333332349,45.06483052609755
839.4666666665682,47.98949423796866
839.4999999999015,51.19402709047564
839.5333333332349,54.20324327844809
839.5666666665682,56.541956996715605
839.5999999999015,57.73498244010778
839.6333333332348,57.41953026860987
839.6666666665681,55.85376309712672
839.6999999999014,53.509102610045474
839.7333333332347,50.85716346552579
839.766666666568,48.36956032172729
839.7999999999013,46.49155311186513
839.8333333332346,45.33243300300877
839.8666666665679,44.76980285796981
839.8999999999012,44.67667405692135
839.9333333332345,44.92605798003645
839.9666666665678,45.39427884733112
839.9999999999011,46.09362166094496
840.0333333332344,47.2172554812222
840.0666666665677,48.97087704647045
840.099999999901,51.56018309499733
840.1333333332343,55.19033182004925
840.1666666665676,59.78302717641299
840.1999999999009,64.51210957471291
840.2333333332342,68.42951815448205
840.2666666665675,70.58719205525347
840.2999999999008,70.03707041656016
840.3333333332341,66.61958982495463
840.3666666665674,64.5495632660443
840.3999999999007,69.55011818077531
840.433333333234,87.34579464043048
840.4666666665673,123.66113271629256
840.4999999999006,183.4979321171532
840.5333333332339,262.69700344579456
840.5666666665672,350.8071911630427
840.5999999999005,437.2539123493372
840.6333333332338,511.46258408511744
840.6666666665672,563.0099396288314
840.6999999999005,587.519839902059
840.7333333332338,588.5682174872315
840.7666666665671,570.2722889758264
840.7999999999004,536.749270959321
840.8333333332337,492.1160822166413
840.866666666567,440.3524958703815
840.8999999999003,385.08395848828144
840.9333333332336,329.8794593776921
840.9666666665669,278.3079878459645
840.9999999999002,233.93853320044929
841.0333333332335,199.63504085655495
841.0666666665668,174.47009728527098
841.0999999999001,156.24740969776897
841.1333333332334,142.76977808253997
841.1666666665667,131.84000242807468
841.1999999999,121.38580069522936
841.2333333332333,110.84330078420828
841.2666666665666,100.64918572144023
841.2999999998999,91.25808922890376
841.3333333332332,83.12464502857739
841.3666666665665,76.69421721049602
841.3999999998998,72.07483872836374
841.4333333332331,68.9492115333987
841.4666666665664,66.97287098792597
841.4999999998997,65.80135245427078
841.533333333233,65.09056574534172
841.5666666665663,64.62240789384313
841.5999999998996,64.48718812891427
841.6333333332329,64.82153701013766
841.6666666665662,65.7620850970958
841.6999999998995,67.44546294937129
841.7333333332328,69.89458638304791
841.7666666665662,72.56003948784708
841.7999999998995,74.71274356588522
841.8333333332328,75.62355577200874
841.8666666665661,74.56333326106396
841.8999999998994,71.02835089951537
841.9333333332327,67.00419554481981
841.966666666566,66.02229495742397
841.9999999998993,71.6372678122811
842.0333333332326,87.40373278434441
842.0666666665659,116.79909696029117
842.0999999998992,160.88908441517628
842.1333333332325,217.91060595335856
842.1666666665658,285.9392685848604
842.1999999998991,363.0506793197038
842.2333333332324,447.311102103342
842.2666666665657,534.7445491781257
842.299999999899,616.7879095751807
842.3333333332323,684.2526357706475
842.3666666665656,727.9501802406666
842.3999999998989,738.6919954613785
842.4333333332322,710.3041642125714
842.4666666665655,650.3318084262681
842.4999999998988,570.2205588705282
842.5333333332321,481.41631895189215
842.5666666665654,395.3649920769005
842.5999999998987,322.65223742179614
842.633333333232,265.4968505038895
842.6666666665653,221.40598695308915
842.6999999998986,187.83405741901876
842.7333333332319,162.23547255130205
842.7666666665652,142.09679155730925
842.7999999998985,125.72608441108316
842.8333333332318,112.30130614450988
842.8666666665652,101.0422451352124
842.8999999998985,91.16868976081376
842.9333333332318,81.90486666692173
842.9666666665651,73.07140995522691
842.9999999998984,65.68066042831285
843.0333333332317,60.88665711579357
843.066666666565,59.84343904728316
843.0999999998983,63.70504524864924
843.1333333332316,73.15369199630614
843.1666666665649,86.99558872126426
843.1999999998982,103.57074733462696
843.2333333332315,121.21917974749763
843.2666666665648,138.28089787097966
843.2999999998981,153.1568852120999
843.3333333332314,164.75297343435753
843.3666666665647,172.2243803897566
843.399999999898,174.7280898659925
843.4333333332313,171.42108565076066
843.4666666665646,161.54119585522764
843.4999999998979,145.9562220940808
843.5333333332312,127.04582380432775
843.5666666665645,107.24683969721497
843.5999999998978,88.99610848398886
843.6333333332311,74.71526711119454
843.6666666665644,65.58376213407817
843.6999999998977,60.63718077555746
843.733333333231,58.69856179800405
843.7666666665643,58.59094396378956
843.7999999998976,59.13740923793189
843.8333333332309,59.41602680690893
843.8666666665642,59.361015477440354
843.8999999998975,59.08608356048827
843.9333333332308,58.70493936701478
843.9666666665642,58.33129120798203
843.9999999998975,58.065033270857626
844.0333333332308,57.9116347730405
844.0666666665641,57.83706880806352
844.0999999998974,57.80717529300641
844.1333333332307,57.78779414494885
844.166666666564,57.80514337373958
844.1999999998973,58.82113402371047
844.2333333332306,62.53483863857186
844.2666666665639,70.66529230536197
844.2999999998972,84.93153011111892
844.3333333332305,107.0074443914274
844.3666666665638,136.29270583023373
844.3999999998971,168.89130048413617
844.4333333332304,200.64892438428015
844.4666666665637,227.4112735618113
844.499999999897,245.0262923060646
844.5333333332303,250.9126167132069
844.5666666665636,246.8065104406952
844.5999999998969,235.17964513475096
844.6333333332302,218.50369244159572
844.6666666665635,199.25032400745093
844.6999999998968,179.6419160067095
844.7333333332301,160.53422439401834
844.7666666665634,142.3171213398763
844.7999999998967,125.3800841455502
844.83333333323,110.11259011230716
844.8666666665633,96.87946894227372
844.8999999998966,85.75748009551711
844.9333333332299,76.6367964786858
844.9666666665632,69.40444804321078
844.9999999998965,63.947464740523
845.0333333332298,60.14827227150732
845.0666666665632,57.74282250584093
845.0999999998965,56.293719466651154
845.1333333332298,55.35354026709765
845.1666666665631,54.47486202034008
845.1999999998964,53.2113511259484
845.2333333332297,51.32945050110072
845.266666666563,49.061716487888695
845.2999999998963,46.70245909380881
845.3333333332296,44.54598832635753
845.3666666665629,42.886614193031335
845.3999999998962,41.94238028559638
845.4333333332295,41.60575213825102
845.4666666665628,41.68233250049779
845.4999999998961,41.97772329117568
845.5333333332294,42.29752642912364
845.5666666665627,42.46527548129625
845.599999999896,42.4601544552466
845.6333333332293,42.34131254067346
845.6666666665626,42.16855449598819
845.6999999998959,42.00168507960215
845.7333333332292,41.89674016642744
845.7666666665625,41.832123091629136
845.7999999998958,41.713323410033226
845.8333333332291,41.4430067083992
845.8666666665624,40.92383857348653
845.8999999998957,40.05982630347001
845.933333333229,38.860497497237326
845.9666666665623,37.51521878073555
845.9999999998956,36.23089995526878
846.0333333332289,35.214450822141046
846.0666666665622,34.672753521105314
846.0999999998955,34.723822981640204
846.1333333332288,35.199506013540386
846.1666666665622,35.87415869633158
846.1999999998955,36.52213710953946
846.2333333332288,36.91779733268972
846.2666666665621,36.8863918402056
846.2999999998954,36.57626463480259
846.3333333332287,36.26213368893115
846.366666666562,36.21900958515833
846.3999999998953,36.72190290605124
846.4333333332286,38.0241166185092
846.4666666665619,40.083357962846335
846.4999999998952,42.64385732754437
846.5333333332285,45.44510856893842
846.5666666665618,48.22660554336361
846.5999999998951,50.729910572594655
846.6333333332284,52.776489963121286
846.6666666665617,54.29131541489313
846.699999999895,55.20624670194558
846.7333333332283,55.45314359831403
846.7666666665616,54.9641336130065
846.7999999998949,53.74714227465045
846.8333333332282,51.98968255317023
846.8666666665615,49.90527726959369
846.8999999998948,47.70744924494871
846.9333333332281,45.60972130026314
846.9666666665614,43.79451792265412
846.9999999998947,42.30271768441084
847.033333333228,41.13494925255145
847.0666666665613,40.29183847051157
847.0999999998946,39.7740111817268
847.1333333332279,39.57703688953943
847.1666666665612,39.65036466701239
847.1999999998945,39.91877067885981
847.2333333332278,40.30679787257259
847.2666666665612,40.73898919564167
847.2999999998945,41.13966011812839
847.3333333332278,41.42826315587036
847.3666666665611,41.5195844576388
847.3999999998944,41.32822203319565
847.4333333332277,40.76877389230288
847.466666666561,39.75751393947587
847.4999999998943,38.34432006212159
847.5333333332276,36.80779564676024
847.5666666665609,35.44898567230604
847.5999999998942,34.56893511767323
847.6333333332275,34.46863544526364
847.6666666665608,35.305795147693615
847.6999999998941,36.78335396398597
847.7333333332274,38.51423484080256
847.7666666665607,40.11136072480521
847.799999999894,41.187654562655744
847.8333333332273,41.43999977359406
847.8666666665606,41.079597679571165
847.8999999998939,40.51231231547173
847.9333333332272,40.14437418110492
847.9666666665605,40.38201377627989
847.9999999998938,41.59291888506103
848.0333333332271,43.65451922337583
848.0666666665604,46.10668509797287
848.0999999998937,48.48262344509543
848.133333333227,50.3155412009868
848.1666666665603,51.14889014685525
848.1999999998936,50.87006756654717
848.2333333332269,49.78415955501427
848.2666666665602,48.22142039344315
848.2999999998935,46.51210436302047
848.3333333332268,44.98591164857396
848.3666666665601,43.868528092544686
848.3999999998935,43.15985279692609
848.4333333332268,42.83018505293746
848.4666666665601,42.84982415179808
848.4999999998934,43.18906938472725
848.5333333332267,43.81674452230856
848.56666666656,44.695676631260326
848.5999999998933,45.78716956899832
848.6333333332266,47.05252719271488
848.6666666665599,48.45305335960238
848.6999999998932,49.941197990635246
848.7333333332265,51.399675035869095
848.7666666665598,52.67817698934408
848.7999999998931,53.6261987746613
848.8333333332264,54.09323531542182
848.8666666665597,53.95106816844125
848.899999999893,53.45330533330614
848.9333333332263,53.17436139713936
848.9666666665596,53.698617495845
848.9999999998929,55.61045476532722
849.0333333332262,59.4806042262352
849.0666666665595,65.1693562410833
849.0999999998928,71.49408291698545
849.1333333332261,77.18892335956407
849.1666666665594,80.98801667444162
849.1999999998927,81.62799940329428
849.233333333226,79.14543197350523
849.2666666665593,77.0007299046206
849.2999999998926,79.21136692970174
849.3333333332259,89.79481678180998
849.3666666665592,112.76855319400666
849.3999999998925,151.1820816256584
849.4333333332258,203.306738162488
849.4666666665591,265.9420862210793
849.4999999998925,335.8872781757968
849.5333333332258,409.9414664010048
849.5666666665591,484.6460743513403
849.5999999998924,554.0544137897363
849.6333333332257,610.8268875845692
849.666666666559,647.6085961852752
849.6999999998923,657.0446400412899
849.7333333332256,632.1980540344954
849.7666666665589,575.3345209610167
849.7999999998922,497.7002798850892
849.8333333332255,410.91507766400736
849.8666666665588,326.59866115506605
849.8999999998921,256.29895202463973
849.9333333332254,206.01114124997312
849.9666666665587,172.32064839981462
849.999999999892,150.90172573308996
850.0333333332253,137.428625508725
850.0666666665586,127.57620562049853
850.0999999998919,118.04300270528442
850.1333333332252,108.64543824715378
850.1666666665585,99.79139572314868
850.1999999998918,91.88875861031124
850.2333333332251,85.34541038568352
850.2666666665584,80.47288719703465
850.2999999998917,77.03504742360775
850.333333333225,74.60248962409229
850.3666666665583,72.74559312951449
850.3999999998916,71.03473727090059
850.4333333332249,69.07531762781767
850.4666666665582,66.86533582019572
850.4999999998915,64.64938736986839
850.5333333332248,62.67588688894292
850.5666666665581,61.19324898952651
850.5999999998915,60.44108566093471
850.6333333332248,60.42530778655326
850.6666666665581,60.89932690658292
850.6999999998914,61.60398523527258
850.7333333332247,62.28012498687109
850.766666666558,62.66990937992826
850.7999999998913,62.65424130368247
850.8333333332246,62.37281285822714
850.8666666665579,61.99361324260577
850.8999999998912,61.68463165586184
850.9333333332245,61.61385301595391
850.9666666665578,61.92552779648294
850.9999999998911,62.68452411956205
851.0333333332244,63.93913336035632
851.0666666665577,65.73764689403087
851.099999999891,68.12835609575082
851.1333333332243,71.10641595368737
851.1666666665576,74.33761602400476
851.1999999998909,77.36171485700353
851.2333333332242,79.71821635897477
851.2666666665575,80.9466244362095
851.2999999998908,80.65050649792515
851.3333333332241,79.21832458467841
851.3666666665574,77.56466828256987
851.3999999998907,76.6138272642757
851.433333333224,77.29009120247208
851.4666666665573,80.47756536520875
851.4999999998906,85.87449291077498
851.5333333332239,91.82664502151408
851.5666666665572,96.6061058667177
851.5999999998905,98.4849596156776
851.6333333332238,95.7749800007186
851.6666666665571,91.70180692407013
851.6999999998905,99.09506652187088
851.7333333332238,131.8963161573177
851.7666666665571,204.0471131936072
851.7999999998904,329.4882130976323
851.8333333332237,513.0167183781607
851.866666666557,727.6060295418364
851.8999999998903,939.3105169648804
851.9333333332236,1114.1845510235148
851.9666666665569,1218.2825020939597
851.9999999998902,1223.953576717462
852.0333333332235,1143.7646987387086
852.0666666665568,1006.1065923645236
852.0999999998901,839.4079406735672
852.1333333332234,672.0974267444993
852.1666666665567,531.0531877761308
852.19999999989,423.725632708917
852.2333333332233,344.3312904689012
852.2666666665566,286.83243802609013
852.2999999998899,245.1913523504903
852.3333333332232,213.4467213503317
852.3666666665565,187.9204957559213
852.3999999998898,167.55495648710846
852.4333333332231,151.43660980143602
852.4666666665564,138.65196195644688
852.4999999998897,128.28967712448377
852.533333333223,119.70217871903662
852.5666666665563,112.75558220560896
852.5999999998896,107.3752233850657
852.6333333332229,103.48643805827176
852.6666666665562,101.01455795819054
852.6999999998895,99.8501950440551
852.7333333332228,99.76489137330616
852.7666666665561,100.50468449842484
852.7999999998895,101.81561197189224
852.8333333332228,103.44371134618946
852.8666666665561,105.1515076690843
852.8999999998894,106.80407171799044
852.9333333332227,108.30583662629992
852.966666666556,109.5613166614022
852.9999999998893,110.47502609068684
853.0333333332226,110.9781613720276
853.0666666665559,111.32140479377844
853.0999999998892,111.966064885313
853.1333333332225,113.3771687405152
853.1666666665558,116.01974345326887
853.1999999998891,120.34403366329023
853.2333333332224,126.39349481889457
853.2666666665557,133.76381393759524
853.299999999889,142.02767605886007
853.3333333332223,150.75776622215668
853.3666666665556,159.53158363616035
853.3999999998889,168.414491682828
853.4333333332222,178.37229087506205
853.4666666665555,190.4679565469857
853.4999999998888,205.76446403272232
853.5333333332221,225.32464377060109
853.5666666665554,249.78119846042875
853.5999999998887,278.39024026617545
853.633333333222,310.1330645592223
853.6666666665553,343.99096671095003
853.6999999998886,378.9452420927398
853.7333333332219,416.93853721153175
853.7666666665552,476.8584374668597
853.7999999998885,583.609344940204
853.8333333332218,762.1028325145306
853.8666666665551,1037.2504730728058
853.8999999998885,1428.8903975910184
853.9333333332218,1902.4589015640904
853.966666666555,2390.352072006724
853.9999999998884,2824.500808438108
854.0333333332217,3136.836010377432
854.066666666555,3261.747736125121
854.0999999998883,3190.8429718312736
854.1333333332216,2973.312621711069
854.1666666665549,2660.880147744543
854.1999999998882,2305.269011911735
854.2333333332215,1957.9419692293477
854.2666666665548,1651.2303110237413
854.2999999998881,1385.6096356758844
854.3333333332214,1158.540706153687
854.3666666665547,967.4842854250596
854.399999999888,809.9005761824795
854.4333333332213,682.7580161186723
854.4666666665546,581.6321928753702
854.4999999998879,501.8538053322517
854.5333333332212,438.7535523689959
854.5666666665545,387.6621328652819
854.5999999998878,344.4294331968687
854.6333333332211,307.4925254211997
854.6666666665544,276.09277881439755
854.6999999998877,249.47181654187344
854.733333333221,226.8712617690388
854.7666666665543,207.56326379739943
854.7999999998876,191.0963419687546
854.8333333332209,177.16597424736
854.8666666665542,165.4689992203388
854.8999999998875,155.7022554748141
854.9333333332208,147.5630273911781
854.9666666665541,140.75678491879202
854.9999999998875,134.99617699921535
855.0333333332208,129.99409596476514
855.066666666554,125.4634341477584
855.0999999998874,121.12072599636583
855.1333333332207,116.86072932321014
855.166666666554,112.83347344897976
855.1999999998873,109.2086657387099
855.2333333332206,106.1560135574357
855.2666666665539,103.84463437575567
855.2999999998872,102.2712943882016
855.3333333332205,101.02189753619814
855.3666666665538,99.62243262059498
855.3999999998871,97.59888844224176
855.4333333332204,94.47725380198824
855.4666666665537,90.09370391655666
855.499999999887,85.56017836746648
855.5333333332203,82.31655818421666
855.5666666665536,81.8027246509982
855.5999999998869,85.45855905200216
855.6333333332202,94.38848892948268
855.6666666665535,107.2624729846983
855.6999999998868,121.67659957274148
855.7333333332201,135.2222508206208
855.7666666665534,145.49080885534474
855.7999999998867,150.2221392170455
855.83333333322,149.20008811671636
855.8666666665533,143.6957260788159
855.8999999998866,135.01371419238745
855.9333333332199,124.45871354647416
855.9666666665532,113.3226170277642
855.9999999998865,102.49615010948688
856.0333333332198,92.39813001200636
856.0666666665531,83.42034050309644
856.0999999998864,75.95456535053093
856.1333333332198,70.39005026063552
856.166666666553,66.82358984197407
856.1999999998864,64.7917112346318
856.2333333332197,63.76763438122707
856.266666666553,63.22457922437821
856.2999999998863,62.63581861837734
856.3333333332196,61.6431292528366
856.3666666665529,60.43053456963506
856.3999999998862,59.290919425182445
856.4333333332195,58.5171686758885
856.4666666665528,58.402167178162976
856.4999999998861,59.15227461316931
856.5333333332194,60.493595720771424
856.5666666665527,61.98656251298912
856.599999999886,63.19145121308812
856.6333333332193,63.66853804433413
856.6666666665526,63.0282632303726
856.6999999998859,61.37963414045693
856.7333333332192,59.11722950119611
856.7666666665525,56.639000638157135
856.7999999998858,54.34289887690704
856.8333333332191,52.61198201780756
856.8666666665524,51.53196412802616
856.8999999998857,50.91435298489462
856.933333333219,50.56039985075896
856.9666666665523,50.27135598796513
856.9999999998856,49.85057793781033
857.0333333332189,49.21236558190017
857.0666666665522,48.434679653237296
857.0999999998855,47.60863179920546
857.1333333332188,46.82533366718842
857.1666666665521,46.17573920694634
857.1999999998854,45.702639049933545
857.2333333332188,45.33302933469539
857.266666666552,44.97685939175708
857.2999999998854,44.54407855164379
857.3333333332187,43.94463614488074
857.366666666552,43.12862366278422
857.3999999998853,42.208719113605405
857.4333333332186,41.33875792677679
857.4666666665519,40.6725755346632
857.4999999998852,40.3640073696295
857.5333333332185,40.531117469993085
857.5666666665518,41.04307917227737
857.5999999998851,41.66329503561733
857.6333333332184,42.15478080815804
857.6666666665517,42.28055223804458
857.699999999885,41.825800061496615
857.7333333332183,40.857255124823496
857.7666666665516,39.63524307510782
857.7999999998849,38.42389846559365
857.8333333332182,37.487355849525
857.8666666665515,37.08242376195858
857.8999999998848,37.268393737361
857.9333333332181,37.889432459945816
857.9666666665514,38.77885097377408
857.9999999998847,39.76996032290684
858.033333333218,40.696534968347045
858.0666666665513,41.430458644233326
858.0999999998846,41.90952318039262
858.1333333332179,42.07807213893502
858.1666666665512,41.880449081970575
858.1999999998845,41.26106507332082
858.2333333332178,40.22070142574379
858.2666666665511,38.91879659082517
858.2999999998844,37.54249864689537
858.3333333332178,36.278955672284766
858.366666666551,35.31531574532372
858.3999999998844,34.79870720011939
858.4333333332177,34.68761546159004
858.466666666551,34.884994212962965
858.4999999998843,35.29378941253963
858.5333333332176,35.816947018621555
858.5666666665509,36.35978072769884
858.5999999998842,36.8467119607778
858.6333333332175,37.21139892111765
858.6666666665508,37.387559903798696
858.6999999998841,37.30891320390128
858.7333333332174,36.91670674079027
858.7666666665507,36.26435531662956
858.799999999884,35.49136571914815
858.8333333332173,34.73944468182107
858.8666666665506,34.15029893812336
858.8999999998839,33.86349648214673
858.9333333332172,33.94854063465822
858.9666666665505,34.3908351213006
858.9999999998838,35.17080857766406
859.0333333332171,36.2688896393388
859.0666666665504,37.66516732706026
859.0999999998837,39.30237837638874
859.133333333217,41.05264569086561
859.1666666665503,42.78024209738148
859.1999999998836,44.34944042282696
859.2333333332169,45.6245347771398
859.2666666665502,46.507193924712624
859.2999999998835,47.01334316505133
859.3333333332168,47.18066551109021
859.3666666665501,47.04684397576354
859.3999999998834,46.64956157200562
859.4333333332168,46.02953667197934
859.46666666655,45.24286549905104
859.4999999998834,44.35050259208775
859.5333333332167,43.41340436553832
859.56666666655,42.49252723385162
859.5999999998833,41.645327343670274
859.6333333332166,40.89914457715128
859.6666666665499,40.26595885728001
859.6999999998832,39.75762747891821
859.7333333332165,39.38600773692765
859.7666666665498,39.1605026350124
859.7999999998831,39.051698786324366
859.8333333332164,38.99919391543685
859.8666666665497,38.9417218896799
859.899999999883,38.81801657638354
859.9333333332163,38.568071650102254
859.9666666665496,38.175633316148605
859.9999999998829,37.67843464750541
860.0333333332162,37.11754378171457
860.0666666665495,36.534028856318
860.0999999998828,35.96888174668908
860.1333333332161,35.454200456953494
860.1666666665494,35.004986483070624
860.1999999998827,34.63430148115677
860.233333333216,34.355207107328205
860.2666666665493,34.18075982828392
860.2999999998826,34.11442870081949
860.3333333332159,34.13023144540371
860.3666666665492,34.19654926858291
860.3999999998825,34.28176337690343
860.4333333332158,34.354254976911584
860.4666666665491,34.389073978657954
860.4999999998824,34.39477011324007
860.5333333332158,34.39038959641163
860.566666666549,34.39498230578399
860.5999999998824,34.42759811896847
860.6333333332157,34.50848256015817
860.666666666549,34.667924262854065
860.6999999998823,34.94123287973251
860.7333333332156,35.36375528243168
860.7666666665489,35.97083834258984
860.7999999998822,36.794610294092514
860.8333333332155,37.81862435921307
860.8666666665488,38.98882740488441
860.8999999998821,40.250186535779456
860.9333333332154,41.54766885657109
860.9666666665487,42.82563884128124
860.999999999882,44.00931154613709
861.0333333332153,45.00125176764269
861.0666666665486,45.70271531009226
861.0999999998819,46.014957977780014
861.1333333332152,45.84016015964266
861.1666666665485,45.1694779314636
861.1999999998818,44.15574938674592
861.2333333332151,42.96892533255327
861.2666666665484,41.77895657594928
861.2999999998817,40.75574095116281
861.333333333215,40.01959900419716
861.3666666665483,39.54931058122493
861.3999999998816,39.298560507293466
861.4333333332149,39.221033607450096
861.4666666665482,39.27041470674215
861.4999999998815,39.40509281004943
861.5333333332148,39.60507492526491
861.5666666665481,39.856574101103405
861.5999999998814,40.14580392100467
861.6333333332148,40.45897796840845
861.666666666548,40.7767231926794
861.6999999998814,41.03765998557727
861.7333333332147,41.16129666728529
861.766666666548,41.06704513670132
861.7999999998813,40.67431729272322
861.8333333332146,39.91634734945399
861.8666666665479,38.90619112293776
861.8999999998812,37.88270348526421
861.9333333332145,37.087322905444935
861.9666666665478,36.7614878524915
861.9999999998811,37.13670876968087
862.0333333332144,38.19140711593987
862.0666666665477,39.63635385478978
862.099999999881,41.16947676453736
862.1333333332143,42.48870362348936
862.1666666665476,43.29465207622077
862.1999999998809,43.46381232709858
862.2333333332142,43.15394641851255
862.2666666665475,42.54805422835026
862.2999999998808,41.829135634499295
862.3333333332141,41.18005825372251
862.3666666665474,40.73798778607839
862.3999999998807,40.52767016054539
862.433333333214,40.55687602270245
862.4666666665473,40.83337601812852
862.4999999998806,41.364940817520896
862.5333333332139,42.1851771024937
862.5666666665472,43.42797998393592
862.5999999998805,45.25157523209831
862.6333333332138,47.8141886172316
862.6666666665471,51.27404590958652
862.6999999998804,55.70187735975354
862.7333333332137,60.62536403803342
862.766666666547,65.36413940068199
862.7999999998804,69.23741330307048
862.8333333332137,71.56439560057008
862.866666666547,71.74087715530275
862.8999999998803,69.94951223542952
862.9333333332136,66.83547080478641
862.9666666665469,63.04983554220032
862.9999999998802,59.2436891264981
863.0333333332135,56.04507712192175
863.0666666665468,53.65517624284112
863.0999999998801,51.89870538507105
863.1333333332134,50.58747847756526
863.1666666665467,49.533309449277446
863.19999999988,48.55058924027756
863.2333333332133,47.5564988714123
863.2666666665466,46.6032764438588
863.2999999998799,45.752341627190525
863.3333333332132,45.06511409098087
863.3666666665465,44.60284113269605
863.3999999998798,44.40460507824013
863.4333333332131,44.465718528691205
863.4666666665464,44.77636296433374
863.4999999998797,45.326719865452205
863.533333333213,46.106952406068224
863.5666666665463,47.07755409221003
863.5999999998796,48.1090241771123
863.6333333332129,49.05486301347312
863.6666666665462,49.76857095399052
863.6999999998795,50.10364835136256
863.7333333332128,49.953364978827096
863.7666666665461,49.399946076214135
863.7999999998794,48.58167702116525
863.8333333332127,47.63685210450471
863.866666666546,46.70376561705674
863.8999999998794,45.915585144577136
863.9333333332127,45.366755940088126
863.966666666546,45.13403648194884
863.9999999998793,45.29409446913039
864.0333333332126,45.92359760060384
864.0666666665459,47.08280414669716
864.0999999998792,48.62500836828132
864.1333333332125,50.26185904051808
864.1666666665458,51.70225100150688
864.1999999998791,52.65507908934719
864.2333333332124,52.84166608313684
864.2666666665457,52.27393557250804
864.299999999879,51.25708022484631
864.3333333332123,50.10925431595472
864.3666666665456,49.14861212163633
864.3999999998789,48.69006794210344
864.4333333332122,48.87466918695217
864.4666666665455,49.58515566388958
864.4999999998788,50.68330502460166
864.5333333332121,52.030894920774365
864.5666666665454,53.489864403447946
864.5999999998787,54.95520973415373
864.633333333212,56.39512075206565
864.6666666665453,57.78760443674411
864.6999999998786,59.1106677677496
864.7333333332119,60.3423209631352
864.7666666665452,61.48125299116523
864.7999999998785,62.59591525190457
864.8333333332118,63.76945549429579
864.8666666665451,65.08502146728142
864.8999999998784,66.62576091980402
864.9333333332117,68.45475432104469
864.966666666545,70.53041878211735
864.9999999998784,72.77715967972206
865.0333333332117,75.11936432127439
865.066666666545,77.48142001419
865.0999999998783,79.80053981073867
865.1333333332116,82.11922563424935
865.1666666665449,84.53161613754305
865.1999999998782,87.13220554391411
865.2333333332115,90.01548807665687
865.2666666665448,93.2841560068298
865.2999999998781,97.15256829858224
865.3333333332114,101.91574501032184
865.3666666665447,107.8704967389442
865.399999999878,115.313634081345
865.4333333332113,124.51228420287222
865.4666666665446,134.98712527681263
865.4999999998779,145.4751643063329
865.5333333332112,154.67627490080065
865.5666666665445,161.29033066958337
865.5999999998778,164.0749009000619
865.6333333332111,165.10489334974534
865.6666666665444,171.51573443453557
865.6999999998777,190.86879227545717
865.733333333211,230.72543499353455
865.7666666665443,298.6385932565413
865.7999999998776,400.32644445222127
865.8333333332109,537.390758362505
865.8666666665442,710.8727722351739
865.8999999998775,921.813723318009
865.9333333332108,1171.2536311830909
865.9666666665441,1452.6516084868178
865.9999999998774,1733.930325409969
866.0333333332107,1977.641144691552
866.066666666544,2146.3354290705715
866.0999999998774,2202.564541286035
866.1333333332107,2119.2550826274364
866.166666666544,1922.512987972601
866.1999999998773,1655.436422829767
866.2333333332106,1361.131044749452
866.2666666665439,1082.7025112821718
866.2999999998772,858.9193688623604
866.3333333332105,694.2003683306804
866.3666666665438,576.6219579878726
866.3999999998771,494.1608946651128
866.4333333332104,434.7939351935768
866.4666666665437,387.0049145294735
866.499999999877,345.77408402045944
866.5333333332103,310.57751026899246
866.5666666665436,280.9811440949106
866.5999999998769,256.55093631805244
866.6333333332102,236.83842501158583
866.6666666665435,221.0678989218451
866.6999999998768,208.1387379401094
866.7333333332101,196.93637731290312
866.7666666665434,186.3462522867505
866.7999999998767,175.26792028870972
866.83333333321,163.2789127916073
866.8666666665433,150.9203301468851
866.8999999998766,138.80673580183435
866.9333333332099,127.55269320374629
866.9666666665432,117.77136527616491
866.9999999998765,109.86702835042828
867.0333333332098,103.81511947439525
867.0666666665431,99.5384123014079
867.0999999998764,96.95968048480852
867.1333333332097,96.0016426615642
867.166666666543,96.50189971154292
867.1999999998764,98.0410702985778
867.2333333332097,100.15146576124324
867.266666666543,102.36539743811365
867.2999999998763,104.21517666776346
867.3333333332096,105.28651464344604
867.3666666665429,105.40599256620548
867.3999999998762,104.46807532722174
867.4333333332095,102.36723168490737
867.4666666665428,98.99793039767484
867.4999999998761,94.38571065429991
867.5333333332094,89.44738337906989
867.5666666665427,85.47082637635822
867.599999999876,83.74513850710129
867.6333333332093,85.55941863223555
867.6666666665426,92.03375603635608
867.6999999998759,102.50059609638129
867.7333333332092,115.21794170277516
867.7666666665425,128.4291204342657
867.7999999998758,140.37745986958106
867.8333333332091,149.37882222098233
867.8666666665424,155.02287337513062
867.8999999998757,157.98618031266636
867.933333333209,158.9801688452216
867.9666666665423,158.71626478442843
867.9999999998756,157.89474568236292
868.0333333332089,156.8488176191195
868.0666666665422,155.4700160351003
868.0999999998755,153.62364800999464
868.1333333332088,151.17502062349195
868.1666666665421,147.99031921094118
868.1999999998754,144.00459453214228
868.2333333332087,139.2701491193975
868.266666666542,133.85070870867173
868.2999999998754,127.80999903592983
868.3333333332087,121.21261160380372
868.366666666542,114.40941183017904
868.3999999998753,108.44982250428586
868.4333333332086,104.48781513534767
868.4666666665419,103.67736123258793
868.4999999998752,107.17239732774418
868.5333333332085,115.46258854285482
868.5666666665418,126.6729950614938
868.5999999998751,138.40275380097506
868.6333333332084,148.25100167861254
868.6666666665417,153.81687561172018
868.699999999875,153.21044806924604
868.7333333332083,147.2195156919532
868.7666666665416,137.50610077633382
868.7999999998749,125.7327135189459
868.8333333332082,113.56186411634738
868.8666666665415,102.51708516196892
868.8999999998748,93.03510177764016
868.9333333332081,85.04115624329326
868.9666666665414,78.45750733309065
868.9999999998747,73.20641382119469
869.033333333208,69.202233263431
869.0666666665413,66.26362338565067
869.0999999998746,64.14562230485176
869.1333333332079,62.60212016294046
869.1666666665412,61.387007101823
869.1999999998745,60.26164922819142
869.2333333332078,59.13796351313776
869.2666666665411,58.067410950993214
869.2999999998744,57.10672315423968
869.3333333332077,56.312631735359
869.366666666541,55.74088960205391
869.3999999998744,55.40997953654137
869.4333333332077,55.290413893958345
869.466666666541,55.349543438235976
869.4999999998743,55.55471893330544
869.5333333332076,55.87321992397122
869.5666666665409,56.26573068414317
869.5999999998742,56.681091432452746
869.6333333332075,57.06690723253645
869.6666666665408,57.37078314803082
869.6999999998741,57.540347747465376
869.7333333332074,57.53292929196608
869.7666666665407,57.33046680834199
869.799999999874,56.91874421714668
869.8333333332073,56.28354543893373
869.8666666665406,55.41065626989349
869.8999999998739,54.353289404364986
869.9333333332072,53.41025794136328
869.9666666665405,52.93627823312948
869.9999999998738,53.28606663190472
870.0333333332071,54.81433948993016
870.0666666665404,57.73442506565453
870.0999999998737,61.51482716022886
870.133333333207,65.37966394194468
870.1666666665403,68.55290995379089
870.1999999998736,70.25853973875633
870.2333333332069,69.84087333712796
870.2666666665402,67.57228722745
870.2999999998735,64.15672673867462
870.3333333332068,60.30053075364243
870.3666666665401,56.71003815519408
870.3999999998734,54.04541423741887
870.4333333332067,52.42823329277245
870.46666666654,51.63172393839656
870.4999999998734,51.423269925861
870.5333333332067,51.57025500673564
870.56666666654,51.8454636006308
870.5999999998733,52.12294307857431
870.6333333332066,52.36668818663886
870.6666666665399,52.54382125757782
870.6999999998732,52.621464624144586
870.7333333332065,52.57017316537748
870.7666666665398,52.47564175761915
870.7999999998731,52.563334644100905
870.8333333332064,53.06713258367276
870.8666666665397,54.220916335184754
870.899999999873,56.25461479723134
870.9333333332063,59.1089699192525
870.9666666665396,62.24366073908054
870.9999999998729,65.07289529925006
871.0333333332062,67.01088164229574
871.0666666665395,67.4730997411257
871.0999999998728,66.18708099615085
871.1333333332061,63.5986589644092
871.1666666665394,60.254373979796256
871.1999999998727,56.700766376207525
871.233333333206,53.484334005243234
871.2666666665393,51.009099852193714
871.2999999998726,49.21878938480879
871.3333333332059,47.9643448511759
871.3666666665392,47.09670849938259
871.3999999998725,46.466822577516325
871.4333333332058,45.95773383265183
871.4666666665391,45.59950100909393
871.4999999998724,45.4642383179783
871.5333333332057,45.62406333440943
871.566666666539,46.15109363349175
871.5999999998724,47.08926963155248
871.6333333332057,48.29859949908317
871.666666666539,49.56529010488878
871.6999999998723,50.67534986613394
871.7333333332056,51.41478719998328
871.7666666665389,51.59019309740055
871.7999999998722,51.20368564359537
871.8333333332055,50.36545209513171
871.8666666665388,49.18681877769086
871.8999999998721,47.77911201695413
871.9333333332054,46.25200758868857
871.9666666665387,44.69141271116012
871.999999999872,43.165401097408136
872.0333333332053,41.74161371634226
872.0666666665386,40.48769153687213
872.0999999998719,39.46889872345298
872.1333333332052,38.69483726692928
872.1666666665385,38.11888814953564
872.1999999998718,37.69194377855599
872.2333333332051,37.36489656127422
872.2666666665384,37.088834278198576
872.2999999998717,36.823243960434326
872.333333333205,36.53901298410225
872.3666666665383,36.20784193315825
872.3999999998716,35.80143139155823
872.4333333332049,35.29224095949368
872.4666666665382,34.72780731348216
872.4999999998715,34.293232869605035
872.5333333332048,34.18833247884358
872.5666666665381,34.612920992179056
872.5999999998714,35.7663528058882
872.6333333332047,37.67424788526792
872.666666666538,39.92813497117535
872.6999999998714,42.052857439238686
872.7333333332047,43.573258665086136
872.766666666538,44.01420391533998
872.7999999998713,43.11034533216589
872.8333333332046,41.32018040116895
872.8666666665379,39.25821040763829
872.8999999998712,37.53893663686305
872.9333333332045,36.77686037413239
872.9666666665378,37.41650546947053
872.9999999998711,39.0870738794158
873.0333333332044,41.17360135929086
873.0666666665377,43.06107848042526
873.099999999871,44.13449581414853
873.1333333332043,43.88812360917149
873.1666666665376,42.54916707958221
873.1999999998709,40.64622042389475
873.2333333332042,38.70880631811573
873.2666666665375,37.266447438251774
873.2999999998708,36.791700058968345
873.3333333332041,37.21253049159515
873.3666666665374,38.15438987668128
873.3999999998707,39.23948822162854
873.433333333204,40.09003553383874
873.4666666665373,40.35209976394059
873.4999999998706,40.008788816397576
873.5333333332039,39.2928274906724
873.5666666665372,38.44281822753288
873.5999999998705,37.69736346774679
873.6333333332038,37.28833373027178
873.6666666665371,37.29834177953377
873.6999999998704,37.66377645148271
873.7333333332037,38.31490150568338
873.766666666537,39.18198070170052
873.7999999998704,40.19447778008184
873.8333333332037,41.251088814882856
873.866666666537,42.21073322049184
873.8999999998703,42.92969125896755
873.9333333332036,43.26424319236877
873.9666666665369,43.07270741546291
873.9999999998702,42.37560496904283
874.0333333332035,41.47098498093092
874.0666666665368,40.68410657116929
874.0999999998701,40.34022885980006
874.1333333332034,40.76371348482528
874.1666666665367,42.067748505074576
874.19999999987,43.88365937110405
874.2333333332033,45.77588011801069
874.2666666665366,47.30884478089148
874.2999999998699,48.04708489432785
874.3333333332032,47.73776991762329
874.3666666665365,46.68984114889921
874.3999999998698,45.31989885431186
874.4333333332031,44.04454330001746
874.4666666665364,43.28037475217225
874.4999999998697,43.32955293777974
874.533333333203,44.01567032504769
874.5666666665363,45.0372420579647
874.5999999998696,46.0927828914537
874.6333333332029,46.88080758043764
874.6666666665362,47.157598017521046
874.6999999998695,47.00866529289085
874.7333333332028,46.635983084534885
874.7666666665361,46.24165980197088
874.7999999998694,46.02780385471658
874.8333333332027,46.17308554542274
874.866666666536,46.672215813652045
874.8999999998694,47.43305720761376
874.9333333332027,48.36295904172214
874.966666666536,49.36927063039145
874.9999999998693,50.36316518021896
875.0333333332026,51.29808983996525
875.0666666665359,52.15376511452536
875.0999999998692,52.910306579546365
875.1333333332025,53.54782981067542
875.1666666665358,54.04915095883263
875.1999999998691,54.440767736508775
875.2333333332024,54.78456073666789
875.2666666665357,55.1434282595982
875.299999999869,55.58026860558784
875.3333333332023,56.15383440029967
875.3666666665356,56.8186337018075
875.3999999998689,57.41973552578592
875.4333333332022,57.79702354814766
875.4666666665355,57.79038144480547
875.4999999998688,57.24398137796194
875.5333333332021,56.18691807074569
875.5666666665354,54.89960582290991
875.5999999998687,53.68041986005626
875.633333333202,52.82773540778643
875.6666666665353,52.63803468730328
875.6999999998686,53.24202670881096
875.7333333332019,54.47788151373204
875.7666666665352,56.153929744458026
875.7999999998685,58.07850204338038
875.8333333332018,60.0599700435361
875.8666666665351,61.9168670603209
875.8999999998684,63.49116772571904
875.9333333332017,64.62814118755865
875.966666666535,65.1730565936679
875.9999999998684,64.97124002247594
876.0333333332017,63.963294457735216
876.066666666535,62.3797324321468
876.0999999998683,60.50600694520647
876.1333333332016,58.62757099640995
876.1666666665349,57.02987758525302
876.1999999998682,55.92501642579314
876.2333333332015,55.228452356713376
876.2666666665348,54.78069251298861
876.2999999998681,54.422244026181374
876.3333333332014,53.99361402785428
876.3666666665347,53.36784215572803
876.399999999868,52.59302153191453
876.4333333332013,51.77586715671985
876.4666666665346,51.02313618690135
876.4999999998679,50.441585779216425
876.5333333332012,50.115731974350574
876.5666666665345,49.96973429040396
876.5999999998678,49.85742312978486
876.6333333332011,49.632328913424296
876.6666666665344,49.14798206225328
876.6999999998677,48.28122370672365
876.733333333201,47.1377138906196
876.7666666665343,45.95290514763997
876.7999999998676,44.96373674914157
876.8333333332009,44.40714796648128
876.8666666665342,44.50045081454938
876.8999999998675,45.19148753348851
876.9333333332008,46.23238728034951
876.9666666665341,47.37087786823788
876.9999999998674,48.35468711025914
877.0333333332007,48.940627495642616
877.066666666534,49.06742466422684
877.0999999998674,48.84185663429405
877.1333333332007,48.37700848626102
877.166666666534,47.78596530054455
877.1999999998673,47.17984828838962
877.2333333332006,46.60860889589112
877.2666666665339,46.05054664616356
877.2999999998672,45.479884307219415
877.3333333332005,44.87084464707118
877.3666666665338,44.19929715320949
877.3999999998671,43.52947196424785
877.4333333332004,43.05686915190712
877.4666666665337,42.98764111841319
877.499999999867,43.52794026599195
877.5333333332003,44.88176824070204
877.5666666665336,47.01655658588463
877.5999999998669,49.45249393778579
877.6333333332002,51.660047789364654
877.6666666665335,53.10968563358039
877.6999999998668,53.27285618085995
877.7333333332001,51.93143361391478
877.7666666665334,49.618595050093575
877.7999999998667,46.97894197023106
877.8333333332,44.65707585516195
877.8666666665333,43.2974877540738
877.8999999998666,43.30180933845271
877.9333333331999,44.31366931642485
877.9666666665332,45.82922293938204
877.9999999998665,47.34462545871608
878.0333333331998,48.35603212581882
878.0666666665331,48.49822764185824
878.0999999998664,47.96704677486831
878.1333333331997,47.100239068194014
878.166666666533,46.23555407352459
878.1999999998663,45.71074134254927
878.2333333331997,45.78925481484568
878.266666666533,46.34440472235983
878.2999999998663,47.12188251189816
878.3333333331996,47.86730696825418
878.3666666665329,48.32629687622143
878.3999999998662,48.29047005181448
878.4333333331995,47.86631595577767
878.4666666665328,47.29219766863462
878.4999999998661,46.80692590533284
878.5333333331994,46.64931138081987
878.5666666665327,47.0256319794354
878.599999999866,47.84855761542766
878.6333333331993,48.87503353298356
878.6666666665326,49.86057590697029
878.6999999998659,50.56070091225504
878.7333333331992,50.753655764674924
878.7666666665325,50.49337886643719
878.7999999998658,50.0172626234444
878.8333333331991,49.56601819343946
878.8666666665324,49.38035673416525
878.8999999998657,49.686650486487146
878.933333333199,50.47069638465135
878.9666666665323,51.51881355800538
878.9999999998656,52.611292245673816
879.0333333331989,53.528422686781184
879.0666666665322,54.05898071154285
879.0999999998655,54.19727504671302
879.1333333331988,54.149075674248856
879.1666666665321,54.12982413948016
879.1999999998654,54.35496198773672
879.2333333331987,55.0334077979518
879.266666666532,56.13104108477112
879.2999999998653,57.30399143888114
879.3333333331987,58.18827678683103
879.366666666532,58.41991505516997
879.3999999998653,57.63986048049965
879.4333333331986,55.80111692398632
879.4666666665319,53.34971868253613
879.4999999998652,50.77522364296279
879.5333333331985,48.56718969208008
879.5666666665318,47.21309282758968
879.5999999998651,46.93779514124296
879.6333333331984,47.45026172487845
879.6666666665317,48.39935804312026
879.699999999865,49.4339495605924
879.7333333331983,50.20326677387037
879.7666666665316,50.48104577355456
879.7999999998649,50.34656677585188
879.8333333331982,49.92512693769024
879.8666666665315,49.342023415997616
879.8999999998648,48.72254139199751
879.9333333331981,48.168998560278425
879.9666666665314,47.71291184250616
879.9999999998647,47.3721988736787
880.033333333198,47.164777288794006
880.0666666665313,47.10856477110802
880.0999999998646,47.28089130662407
880.1333333331979,47.99011607876932
880.1666666665312,49.60074641664217
880.1999999998645,52.47728964934103
880.2333333331978,56.984253105964335
880.2666666665311,63.62203168200966
880.2999999998644,73.55767753915745
880.3333333331977,88.16235139178195
880.366666666531,108.80726641079768
880.3999999998643,136.86363576711906
880.4333333331977,172.93335993673236
880.466666666531,212.84786882256645
880.4999999998643,250.61251213477743
880.5333333331976,280.2289413782637
880.5666666665309,295.69880805792315
880.5999999998642,291.974241775348
880.6333333331975,271.50542036296787
880.6666666665308,240.29779360120145
880.6999999998641,204.37820119027677
880.7333333331974,169.7734828304217
880.7666666665307,142.05353653457163
880.799999999864,122.14967292359752
880.8333333331973,108.29208287240404
880.8666666665306,98.67739323260756
880.8999999998639,91.50223085582452
880.9333333331972,85.04402248017286
880.9666666665305,78.65408664749911
880.9999999998638,72.44635062849689
881.0333333331971,66.55098924840314
881.0666666665304,61.0981773324548
881.0999999998637,56.216355258648285
881.133333333197,52.0030278934628
881.1666666665303,48.529048578159326
881.1999999998636,45.86439897601575
881.2333333331969,44.07906075030999
881.2666666665302,43.23443502882769
881.2999999998635,43.179282499128455
881.3333333331968,43.540866395914975
881.3666666665301,43.93609709106166
881.3999999998634,43.98188495644287
881.4333333331967,43.30502297402826
881.46666666653,41.88979008531454
881.4999999998633,40.16997016719577
881.5333333331967,38.60793670673889
881.56666666653,37.6660631910109
881.5999999998633,37.80068141676183
881.6333333331966,39.12530082598034
881.6666666665299,41.23307299337049
881.6999999998632,43.6736508263151
881.7333333331965,45.99668723219697
881.7666666665298,47.75361765084295
881.7999999998631,48.67305637498425
881.8333333331964,48.80874380310584
881.8666666665297,48.24925573195415
881.899999999863,47.08316795827567
881.9333333331963,45.39984109861305
881.9666666665296,43.452797759251965
881.9999999998629,41.86074345707653
882.0333333331962,41.29162775920081
882.0666666665295,42.41340023273888
882.0999999998628,45.893226582511815
882.1333333331961,51.90837866514455
882.1666666665294,59.3103153068933
882.1999999998627,66.72840373258197
882.233333333196,72.7920111670344
882.2666666665293,76.13061250832034
882.2999999998626,75.86853927102516
882.3333333331959,72.7651816091351
882.3666666665292,67.91715747106925
882.3999999998625,62.42108480524677
882.4333333331958,57.3735815600868
882.4666666665291,53.63147145972026
882.4999999998624,51.08250160946716
882.5333333331957,49.36964953918031
882.566666666529,48.13589276899824
882.5999999998623,47.02420881905949
882.6333333331957,45.75593841555566
882.666666666529,44.43942124783763
882.6999999998623,43.30225345365128
882.7333333331956,42.57206467821828
882.7666666665289,42.47648456676031
882.7999999998622,43.18398705314759
882.8333333331955,44.505733167218736
882.8666666665288,46.11940061425271
882.8999999998621,47.702436777314425
882.9333333331954,48.93228903946877
882.9666666665287,49.52957382550475
882.999999999862,49.53502724412527
883.0333333331953,49.13328513113969
883.0666666665286,48.50967116876266
883.0999999998619,47.84950903920888
883.1333333331952,47.33153197015875
883.1666666665285,47.07406771704683
883.1999999998618,47.16300234054865
883.2333333331951,47.68391113399953
883.2666666665284,48.72236939073475
883.2999999998617,50.34315806531758
883.333333333195,52.37310109199122
883.3666666665283,54.48727646581561
883.3999999998616,56.358311634391534
883.4333333331949,57.658834045319786
883.4666666665282,58.085542642494005
883.4999999998615,57.68388473648955
883.5333333331948,56.7620452323368
883.5666666665281,55.63464474140977
883.5999999998614,54.61630387508247
883.6333333331947,54.00770519585557
883.666666666528,53.84901934687032
883.6999999998613,53.94945982551104
883.7333333331947,54.11023991613744
883.766666666528,54.13257290310921
883.7999999998613,53.82537413974902
883.8333333331946,53.18799095108195
883.8666666665279,52.41788896534056
883.8999999998612,51.72177390059278
883.9333333331945,51.30635147490653
883.9666666665278,51.37236678640781
883.9999999998611,51.91894080397827
884.0333333331944,52.6994685835826
884.0666666665277,53.4524558713393
884.099999999861,53.91640841336689
884.1333333331943,53.8339818615578
884.1666666665276,53.14890266217914
884.1999999998609,52.09174079974032
884.2333333331942,50.915052387541614
884.2666666665275,49.8713935388833
884.2999999998608,49.21144301492412
884.3333333331941,49.04690611221323
884.3666666665274,49.2573958057621
884.3999999998607,49.70047429799253
884.433333333194,50.23370379132636
884.4666666665273,50.71514274672489
884.4999999998606,51.06455368760435
884.5333333331939,51.32243920574688
884.5666666665272,51.54330081943094
884.5999999998605,51.781640046935024
884.6333333331938,52.09182784926729
884.6666666665271,52.49659242936527
884.6999999998604,52.94600871501705
884.7333333331937,53.37999473378433
884.766666666527,53.73846851322883
884.7999999998603,53.96137934359909
884.8333333331937,54.00784963270713
884.866666666527,53.88875008846467
884.8999999998603,53.62359484032455
884.9333333331936,53.23189801773962
884.9666666665269,52.73317946089389
884.9999999998602,52.16249413398006
885.0333333331935,51.60426857236375
885.0666666665268,51.15271499682921
885.0999999998601,50.90204562816072
885.1333333331934,50.94647219193634
885.1666666665267,51.33012104710628
885.19999999986,51.90952841589776
885.2333333331933,52.49732034420884
885.2666666665266,52.90612287793751
885.2999999998599,52.94856206298181
885.3333333331932,52.49665865890077
885.3666666665265,51.68435112394357
885.3999999998598,50.71775274601293
885.4333333331931,49.80297906230125
885.4666666665264,49.14614561000097
885.4999999998597,48.9180610828768
885.533333333193,49.106453639180906
885.5666666665263,49.63989052873851
885.5999999998596,50.44690942169311
885.6333333331929,51.45604798818817
885.6666666665262,52.58842893156658
885.6999999998595,53.71995329457207
885.7333333331928,54.70947635564222
885.7666666665261,55.415822159498354
885.7999999998594,55.69781475086175
885.8333333331927,55.44966426046328
885.866666666526,54.81981951166983
885.8999999998593,54.06788976317191
885.9333333331926,53.453951524127085
885.966666666526,53.23808130369288
885.9999999998593,53.63994102143906
886.0333333331926,54.536057937395256
886.0666666665259,55.62987069084676
886.0999999998592,56.62349115555475
886.1333333331925,57.21903120528044
886.1666666665258,57.15235976113891
886.1999999998591,56.4996031441088
886.2333333331924,55.5339346034356
886.2666666665257,54.53093491071969
886.299999999859,53.76618483756138
886.3333333331923,53.49780158744565
886.3666666665256,53.7736204652522
886.3999999998589,54.50227825332258
886.4333333331922,55.58992774810165
886.4666666665255,56.94272174603431
886.4999999998588,58.45966097578429
886.5333333331921,59.936032924256025
886.5666666665254,61.08894265785957
886.5999999998587,61.63357750143017
886.633333333192,61.28512477980306
886.6666666665253,59.78211269527666
886.6999999998586,57.27487349884832
886.7333333331919,54.26613530419192
886.7666666665252,51.2699949904845
886.7999999998585,48.800549436903125
886.8333333331918,47.34936201949285
886.8666666665251,46.918077304105054
886.8999999998584,47.03367280528371
886.9333333331917,47.20364384267715
886.966666666525,46.93548573593381
886.9999999998583,45.753674282212586
887.0333333331916,43.644951440561165
887.066666666525,41.10206934927756
887.0999999998583,38.64353185442045
887.1333333331916,36.7878428020485
887.1666666665249,36.04142369355164
887.1999999998582,36.49054337258187
887.2333333331915,37.70272792311889
887.2666666665248,39.21342801376269
887.2999999998581,40.55809431311322
887.3333333331914,41.27898720537164
887.3666666665247,41.22856552588798
887.399999999858,40.69072365679082
887.4333333331913,39.98124342729141
887.4666666665246,39.41590666660095
887.4999999998579,39.30684234684436
887.5333333331912,39.741064705414296
887.5666666665245,40.45319914243658
887.5999999998578,41.14714988839127
887.6333333331911,41.526821173758414
887.6666666665244,41.29851420917672
887.6999999998577,40.37697286910253
887.733333333191,39.04396266111655
887.7666666665243,37.618580289680295
887.7999999998576,36.41992245925531
887.8333333331909,35.765843252557346
887.8666666665242,35.81284840056804
887.8999999998575,36.39798837396312
887.9333333331908,37.32074540881817
887.9666666665241,38.38060174120871
887.9999999998574,39.37722509715186
888.0333333331907,40.14919563003896
888.066666666524,40.6217110684012
888.0999999998573,40.73165794893159
888.1333333331906,40.41592280832316
888.166666666524,39.611577307573626
888.1999999998573,38.32616000968403
888.2333333331906,36.74354772603559
888.2666666665239,35.07475213392485
888.2999999998572,33.53078491064833
888.3333333331905,32.322599846436106
888.3666666665238,31.613020764684887
888.3999999998571,31.429482912457782
888.4333333331904,31.77578979512328
888.4666666665237,32.65574491804982
888.499999999857,34.07312302467537
888.5333333331903,35.9583256724903
888.5666666665236,38.00980430453126
888.5999999998569,39.88028670429628
888.6333333331902,41.2225006552834
888.6666666665235,41.689182880254506
888.6999999998568,41.09221064033291
888.7333333331901,39.80846395307491
888.7666666665234,38.340154945747976
888.7999999998567,37.1894957456196
888.83333333319,36.85869847936701
888.8666666665233,37.669664902368304
888.8999999998566,39.226265624641975
888.9333333331899,40.95366248563641
888.9666666665232,42.277017324800006
888.9999999998565,42.62149198158119
889.0333333331898,41.60051128586615
889.0666666665231,39.66670015111551
889.0999999998564,37.5064286632788
889.1333333331897,35.806076779225464
889.166666666523,35.25202445582492
889.1999999998563,36.32631652884924
889.2333333331896,38.49324839287172
889.266666666523,40.90086644221785
889.2999999998563,42.6971178391591
889.3333333331896,43.02994974596695
889.3666666665229,41.32799716765988
889.3999999998562,38.57995323586655
889.4333333331895,36.31337605984533
889.4666666665228,36.05633609564827
889.4999999998561,39.33690379932739
889.5333333331894,47.25667746325628
889.5666666665227,58.27467277510473
889.599999999856,69.83904526674598
889.6333333331893,79.39591214320576
889.6666666665226,84.3913906095098
889.6999999998559,82.74340139109137
889.7333333331892,75.62734864902542
889.7666666665225,65.59346614542072
889.7999999998558,55.196842967418334
889.8333333331891,46.99256820215928
889.8666666665224,43.21060087413646
889.8999999998557,43.5801485457749
889.933333333189,46.67011212489207
889.9666666665223,51.04301844260746
889.9999999998556,55.26139433004058
890.0333333331889,58.02377407303879
890.0666666665222,59.19419450790387
890.0999999998555,59.22914673489645
890.1333333331888,58.58979425414479
890.1666666665221,57.73730056577714
890.1999999998554,57.10366650925895
890.2333333331887,56.84235374474841
890.266666666522,56.95220861237066
890.2999999998553,57.4304247585871
890.3333333331886,58.274195829859096
890.366666666522,59.47749531497684
890.3999999998553,60.99999336234718
890.4333333331886,62.78063028688269
890.4666666665219,64.75805874033497
890.4999999998552,66.87093137445565
890.5333333331885,69.05881373657841
890.5666666665218,71.27212779737039
890.5999999998551,73.46841730647067
890.6333333331884,75.60535010857049
890.6666666665217,77.64059404836098
890.699999999855,79.54043639371187
890.7333333331883,81.38573347414052
890.7666666665216,83.33870632501585
890.7999999998549,85.56330974196348
890.8333333331882,88.22349852060907
890.8666666665215,91.46144974635624
890.8999999998548,95.09533684416414
890.9333333331881,98.69486013296498
890.9666666665214,101.8233827187352
890.9999999998547,104.0442677074512
891.033333333188,104.94239465241584
891.0666666665213,104.46155496095038
891.0999999998546,102.84204640165048
891.1333333331879,100.33305917269531
891.1666666665212,97.18378347226404
891.1999999998545,93.64396985054944
891.2333333331878,89.97386895338943
891.2666666665211,86.44305467575363
891.2999999998544,83.32142485221165
891.3333333331877,80.878877317333
891.366666666521,79.37027710511303
891.3999999998543,78.7333671255416
891.4333333331876,78.60390371177593
891.466666666521,78.6056397755392
891.4999999998543,78.36232822855456
891.5333333331876,77.51037634709682
891.5666666665209,75.98743912757324
891.5999999998542,74.03819579695569
891.6333333331875,71.92113537951153
891.6666666665208,69.89474689950819
891.6999999998541,68.21158103138765
891.7333333331874,66.96423582542728
891.7666666665207,66.07118321996711
891.799999999854,65.44211569891333
891.8333333331873,64.98672574617206
891.8666666665206,64.61653243254807
891.8999999998539,64.29888335815342
891.9333333331872,64.06591753171867
891.9666666665205,63.95340559067202
891.9999999998538,63.99711817244175
892.0333333331871,64.23169085175628
892.0666666665204,64.6522701753236
892.0999999998537,65.20523692380505
892.133333333187,65.83395553389859
892.1666666665203,66.48179044230213
892.1999999998536,67.0961075327184
892.2333333331869,67.78326154147568
892.2666666665202,68.85814739775095
892.2999999998535,70.64980096544758
892.3333333331868,73.48725810846894
892.3666666665201,77.690615867336
892.3999999998534,83.17289487952237
892.4333333331867,89.28100126890732
892.46666666652,95.32000624647593
892.4999999998533,100.59498102321326
892.5333333331866,104.41739613553604
892.56666666652,106.4340174614779
892.5999999998533,106.78511544223088
892.6333333331866,105.65049109617514
892.6666666665199,103.20994544169082
892.6999999998532,99.64439563717002
892.7333333331865,95.20231383815194
892.7666666665198,90.23722113874727
892.7999999998531,85.11171480259462
892.8333333331864,80.18839209333247
892.8666666665197,75.82747915642175
892.899999999853,72.2227164617683
892.9333333331863,69.29480943739418
892.9666666665196,66.93913383424378
892.9999999998529,65.05106540326139
893.0333333331862,63.52597349275165
893.0666666665195,62.25870361836944
893.0999999998528,61.14319686267363
893.1333333331861,60.07330459345861
893.1666666665194,58.94287817851874
893.1999999998527,57.64666767496101
893.233333333186,56.165493770687824
893.2666666665193,54.6363521777915
893.2999999998526,53.21273824679306
893.3333333331859,52.04814732821347
893.3666666665192,51.29481485510723
893.3999999998525,50.963048533375
893.4333333331858,50.79299694377796
893.4666666665191,50.494521236803145
893.4999999998524,49.777482562937536
893.5333333331857,48.354053872030896
893.566666666519,46.24421157824455
893.5999999998523,44.081461392986895
893.6333333331856,42.57204560516004
893.666666666519,42.42220650366608
893.6999999998523,44.33297316416611
893.7333333331856,48.1809016583816
893.7666666665189,52.124837637245065
893.7999999998522,54.10898488101131
893.8333333331855,52.077547169935166
893.8666666665188,43.99552841437525
893.8999999998521,31.75473810508189
893.9333333331854,25.78219405076773
893.9666666665187,37.62554857529536
893.999999999852,78.83245400252729
894.0333333331853,160.90435599903523
894.0666666665186,284.8784518931847
894.0999999998519,428.1076922902964
894.1333333331852,564.6874859682325
894.1666666665185,668.7132417048551
894.1999999998518,714.3282775102953
894.2333333331851,688.7530405931115
894.2666666665184,609.9690656894799
894.2999999998517,500.37721686294697
894.333333333185,382.3783581770588
894.3666666665183,278.3505210631224
894.3999999998516,203.1263959855985
894.4333333331849,153.1287626511362
894.4666666665182,122.02543805237084
894.4999999998515,103.4842391819378
894.5333333331848,91.17709428083472
894.5666666665181,80.42744783403796
894.5999999998514,70.73002865168485
894.6333333331847,62.227996191567165
894.666666666518,55.06450991147681
894.6999999998513,49.38252125075699
894.7333333331846,45.223053973096704
894.766666666518,42.36117648576354
894.7999999998513,40.52912381169061
894.8333333331846,39.45913097381106
894.8666666665179,38.88350177060281
894.8999999998512,38.57575390578576
894.9333333331845,38.4202692034436
894.9666666665178,38.31988049187671
894.9999999998511,38.1774205993855
895.0333333331844,37.89578690093492
895.0666666665177,37.42525419594647
895.099999999851,36.84720744339137
895.1333333331843,36.26552304471224
895.1666666665176,35.78407740135172
895.1999999998509,35.50668566236916
895.2333333331842,35.4820854776024
895.2666666665175,35.602544626522345
895.2999999998508,35.73273286489422
895.3333333331841,35.73731994848325
895.3666666665174,35.481034275574814
895.3999999998507,34.893099541070846
895.433333333184,34.09042811626895
895.4666666665173,33.22388556675176
895.4999999998506,32.44433745810186
895.5333333331839,31.90260573412554
895.5666666665172,31.691050909074505
895.5999999998505,31.7281397608186
895.6333333331838,31.900153370910285
895.6666666665171,32.093372820902026
895.6999999998504,32.19410149242294
895.7333333331837,32.12483416885252
895.766666666517,31.91785634260662
895.7999999998503,31.62619461266769
895.8333333331836,31.30287557801817
895.866666666517,31.000922347801502
895.8999999998503,30.766562316067574
895.9333333331836,30.625044414494084
895.9666666665169,30.59758217769592
895.9999999998502,30.70538914028796
896.0333333331835,30.96967159479793
896.0666666665168,31.394925969393203
896.0999999998501,31.93327478617906
896.1333333331834,32.52660671483274
896.1666666665167,33.11681042503149
896.19999999985,33.64577319925056
896.2333333331833,34.051650667083045
896.2666666665166,34.2607498907872
896.2999999998499,34.19703169572881
896.3333333331832,33.7844569072737
896.3666666665165,32.94700824052725
896.3999999998498,31.675964440855584
896.4333333331831,30.17857278548629
896.4666666665164,28.705317241574907
896.4999999998497,27.50668177627696
896.533333333183,26.833119038155157
896.5666666665163,26.82761715564596
896.5999999998496,27.285378094414327
896.6333333331829,27.93137632316545
896.6666666665162,28.49058631060449
896.6999999998495,28.688010095762124
896.7333333331828,28.35142327929977
896.7666666665161,27.64324413510277
896.7999999998494,26.793887690508395
896.8333333331827,26.033768972853935
896.866666666516,25.593282732247904
896.8999999998493,25.623117466789815
896.9333333331826,26.013436759991453
896.966666666516,26.601260901420257
896.9999999998493,27.22361018064368
897.0333333331826,27.71751741130349
897.0666666665159,27.97031118531165
897.0999999998492,28.0339649320242
897.1333333331825,27.99408935418213
897.1666666665158,27.93629515452641
897.1999999998491,27.94618625428964
897.2333333331824,28.082430544986806
897.2666666665157,28.31558861331612
897.299999999849,28.59823485057292
897.3333333331823,28.882943648052564
897.3666666665156,29.1222953476778
897.3999999998489,29.291510531627303
897.4333333331822,29.439638139535937
897.4666666665155,29.63075113225769
897.4999999998488,29.928922470646523
897.5333333331821,30.39820889386125
897.5666666665154,31.045324814454005
897.5999999998487,31.690996935479397
897.633333333182,32.11831082330772
897.6666666665153,32.11035204430926
897.6999999998486,31.45024399561244
897.7333333331819,30.041922958171487
897.7666666665152,28.178185418484887
897.7999999998485,26.229912543382355
897.8333333331818,24.5679854996936
897.8666666665151,23.5632389111956
897.8999999998484,23.455520178947467
897.9333333331817,24.067242969259205
897.966666666515,25.13784927655522
897.9999999998483,26.406781095259905
898.0333333331816,27.61350724066028
898.066666666515,28.56262087521131
898.0999999998483,29.263732604327373
898.1333333331816,29.766694718746923
898.1666666665149,30.12135950920842
898.1999999998482,30.377580438362845
898.2333333331815,30.5876236113915
898.2666666665148,30.81124103493955
898.2999999998481,31.109632292561443
898.3333333331814,31.543996967811644
898.3666666665147,32.1755046105156
898.399999999848,33.01361529899496
898.4333333331813,33.91001153178271
898.4666666665146,34.68638976676783
898.4999999998479,35.16444646183934
898.5333333331812,35.16594601675137
898.5666666665145,34.60947935983882
898.5999999998478,33.70351899537822
898.6333333331811,32.71055418452103
898.6666666665144,31.893074188418744
898.6999999998477,31.51346971715812
898.733333333181,31.71870918285528
898.7666666665143,32.31746111660279
898.7999999998476,33.056735447188046
898.8333333331809,33.68354210339841
898.8666666665142,33.94501514731112
898.8999999998475,33.70722888779204
898.9333333331808,33.176799636472154
898.9666666665141,32.620903812447295
898.9999999998474,32.30671783481339
899.0333333331807,32.50128068942905
899.066666666514,33.364141176637624
899.0999999998473,34.75486660462726
899.1333333331806,36.48110091084457
899.166666666514,38.35048803273618
899.1999999998473,40.170703105085146
899.2333333331806,41.76933098816848
899.2666666665139,43.02799963296427
899.2999999998472,43.837418856026936
899.3333333331805,44.08829847391085
899.3666666665138,43.67160006356971
899.3999999998471,42.60953291809877
899.4333333331804,41.27008151630056
899.4666666665137,40.077502285054734
899.499999999847,39.45605165124093
899.5333333331803,39.82950030288424
899.5666666665136,41.41428914587672
899.5999999998469,43.89782677028119
899.6333333331802,46.88436076639273
899.6666666665135,49.97813872450636
899.6999999998468,52.783623079735264
899.7333333331801,54.98059940449236
899.7666666665134,56.43462206418538
899.7999999998467,57.03937746509941
899.83333333318,56.688552013519526
899.8666666665133,55.2763745037921
899.8999999998466,52.85387146855713
899.9333333331799,49.84508596267273
899.9666666665132,46.72833232489804
899.9999999998465,43.981924893992286
900.0333333331798,42.083186426372144
900.0666666665131,41.27204346657791
900.0999999998464,41.24474553124993
900.1333333331797,41.621756853278576
900.166666666513,42.02354166555418
900.1999999998463,42.07151845622282
900.2333333331796,41.577193104662506
900.266666666513,40.77033441649299
900.2999999998462,39.93640966196504
900.3333333331796,39.36088611132939
900.3666666665129,39.32823136165928
900.3999999998462,39.9564173867159
900.4333333331795,41.01210472099989
900.4666666665128,42.217394736559406
900.4999999998461,43.29438880544256
900.5333333331794,43.9661624677941
900.5666666665127,44.092119706243565
900.599999999846,43.8069908950523
900.6333333331793,43.27866447561979
900.6666666665126,42.67502888934551
900.6999999998459,42.16338800074242
900.7333333331792,41.841964773300816
900.7666666665124,41.6756967375552
900.7999999998458,41.614329876454256
900.8333333331792,41.60761017294671
900.8666666665124,41.60527853625843
900.8999999998456,41.55656708463681
900.933333333179,41.40977181875953
900.9666666665124,41.11308810783132
900.9999999998456,40.61471132105689
901.0333333331788,39.86361670590409
901.0666666665122,38.875463764467376
901.0999999998456,37.782698696618326
901.1333333331788,36.72956545480977
901.166666666512,35.86030799149455
901.1999999998454,35.31787551225291
901.2333333331788,35.150377324681166
901.266666666512,35.24810322122271
901.2999999998452,35.486419004002435
901.3333333331786,35.74069047514523
901.366666666512,35.88732484484769
901.3999999998452,35.868372349069986
901.4333333331786,35.72948886903417
901.466666666512,35.52546346649209
901.4999999998452,35.31108520319558
901.5333333331783,35.14038505967898
901.5666666665118,35.02609754061753
901.5999999998452,34.919246377186035
901.6333333331784,34.765806716923485
901.6666666665116,34.511753707368875
901.699999999845,34.10455213309846
901.7333333331784,33.56208500148251
901.7666666665116,33.00168726121656
901.7999999998448,32.54820805349843
901.8333333331782,32.32649651952595
901.8666666665116,32.45832027425775
901.8999999998448,32.9385473321337
901.933333333178,33.59296613208348
901.9666666665114,34.23562920714009
901.9999999998448,34.68058909033655
902.033333333178,34.74602191475491
902.0666666665112,34.39857579238284
902.0999999998446,33.791189892097414
902.133333333178,33.08861309515641
902.1666666665112,32.45559428281764
902.1999999998444,32.05315110279809
902.2333333331778,31.924438364422635
902.2666666665112,31.973602169494622
902.2999999998444,32.096792079525244
902.3333333331776,32.19015765602567
902.366666666511,32.15219334678112
902.3999999998445,31.94658396765433
902.4333333331776,31.60914989454472
902.466666666511,31.179449892146
902.4999999998442,30.69704272515184
902.5333333331776,30.201788769645656
902.5666666665109,29.74094997773065
902.5999999998442,29.36945752531428
902.6333333331776,29.14259775042589
902.6666666665108,29.11565699109483
902.699999999844,29.33984426002819
902.7333333331774,29.7778079266385
902.7666666665108,30.306441036782186
902.799999999844,30.799120557189795
902.8333333331772,31.12922345459187
902.8666666665106,31.175661541217416
902.899999999844,30.92401363703633
902.9333333331772,30.456183995416097
902.9666666665104,29.85753665503751
902.9999999998438,29.213435654581385
903.0333333331772,28.60593802707305
903.0666666665104,28.0604266752595
903.0999999998436,27.55465864546491
903.133333333177,27.06491081415161
903.1666666665104,26.567460057781908
903.1999999998436,26.042462886251933
903.2333333331768,25.52931748613202
903.2666666665102,25.113643248171183
903.2999999998436,24.88228471580897
903.3333333331768,24.922086432484917
903.36666666651,25.30871177341021
903.3999999998434,25.96543063048456
903.4333333331768,26.705386738908896
903.46666666651,27.33927675077618
903.4999999998432,27.67779731817937
903.5333333331766,27.547028803536985
903.56666666651,26.96047841955119
903.5999999998432,26.056782470824054
903.6333333331766,24.976860247469723
903.66666666651,23.86163103960238
903.6999999998432,22.849953299122078
903.7333333331763,22.05821324991495
903.7666666665098,21.58897425064783
903.7999999998432,21.544597804823127
903.8333333331764,22.027445415943248
903.8666666665096,23.110930041357555
903.899999999843,24.58565852464577
903.9333333331764,26.082424261804764
903.9666666665096,27.23021166280499
903.9999999998428,27.658005137616897
904.0333333331762,27.05648398215152
904.0666666665096,25.656688108170453
904.0999999998428,23.969327739934855
904.133333333176,22.507467809800325
904.1666666665094,21.784173250122446
904.1999999998428,22.236740966520426
904.233333333176,23.707237691763964
904.2666666665092,25.75649711111313
904.2999999998426,27.94368553051376
904.333333333176,29.82796925591165
904.3666666665092,31.02051971455324
904.3999999998424,31.49900837736404
904.4333333331758,31.398639291696416
904.4666666665092,30.85522617166212
904.4999999998424,30.0045827313729
904.5333333331756,28.982800739433028
904.566666666509,27.927729544913035
904.5999999998425,26.977903268648884
904.6333333331756,26.27185757974633
904.666666666509,25.94812814731114
904.6999999998422,26.114701270555244
904.7333333331756,26.70645164
904.7666666665089,27.597348959479664
904.7999999998422,28.661295471534007
904.8333333331756,29.772193418702784
904.8666666665088,30.809450997660008
904.899999999842,31.68042211020341
904.9333333331754,32.30130530534947
904.9666666665088,32.58830262047598
904.999999999842,32.457616092960734
905.0333333331752,31.855554038409142
905.0666666665086,30.865115354300343
905.099999999842,29.608072605823708
905.1333333331752,28.2062009306621
905.1666666665084,26.78127546649837
905.1999999998418,25.443407438378472
905.2333333331752,24.25541878998953
905.2666666665084,23.268148591569517
905.2999999998416,22.532435912281542
905.333333333175,22.09911872834819
905.3666666665084,21.988239820721805
905.3999999998416,22.10858402639564
905.4333333331748,22.34381891996215
905.4666666665082,22.57761207601376
905.4999999998416,22.69364571451324
905.5333333331748,22.621634247929496
905.566666666508,22.439274211902905
905.5999999998414,22.253940239428044
905.6333333331748,22.17300696349949
905.666666666508,22.303810682554936
905.6999999998412,22.717452464897995
905.7333333331746,23.38145815661356
905.766666666508,24.24496636010864
905.7999999998412,25.257115677790253
905.8333333331746,26.36697928594193
905.866666666508,27.496410402408053
905.8999999998412,28.498103118062318
905.9333333331743,29.213930742570348
905.9666666665078,29.4857665855978
905.9999999998412,29.1561664037968
906.0333333331744,28.22058189107413
906.0666666665076,27.019722264428232
906.099999999841,25.94165864187463
906.1333333331744,25.374462141428843
906.1666666665076,25.7040957344972
906.1999999998408,27.028576154014143
906.2333333331742,28.86807769875333
906.2666666665076,30.673711374665103
906.2999999998408,31.896588187699848
906.333333333174,31.99177796665187
906.3666666665074,30.772667454274256
906.3999999998408,28.691563443107487
906.433333333174,26.26680697765828
906.4666666665072,24.016739102433338
906.4999999998406,22.45519358452289
906.533333333174,21.809142021541785
906.5666666665072,21.85120862964453
906.5999999998404,22.313776527002037
906.6333333331738,22.92922883178517
906.6666666665072,23.433365593270395
906.6999999998404,23.721773562527066
906.7333333331736,23.91470525260926
906.766666666507,24.14928013142845
906.7999999998405,24.562617666896102
906.8333333331736,25.286642444043515
906.866666666507,26.26870145021317
906.8999999998402,27.225961783191988
906.9333333331736,27.861135597554348
906.9666666665069,27.87693504787461
906.9999999998402,26.98856921068597
907.0333333331736,25.25753327189152
907.0666666665068,23.12785388362388
907.09999999984,21.063326217088072
907.1333333331734,19.527745443489124
907.1666666665068,18.966978016974128
907.19999999984,19.43137803032923
907.2333333331732,20.584926848911167
907.2666666665066,22.07550536102522
907.29999999984,23.5509944549767
907.3333333331732,24.67301744179944
907.3666666665064,25.34854851276181
907.3999999998398,25.69606500946844
907.4333333331732,25.84097035058928
907.4666666665064,25.90866795479427
907.4999999998396,26.01881029527057
907.533333333173,26.206855064524525
907.5666666665064,26.444383169842965
907.5999999998396,26.70138558114189
907.6333333331728,26.94785326833732
907.6666666665062,27.1531910993918
907.6999999998396,27.27969351728634
907.7333333331728,27.28492251695321
907.766666666506,27.126354437410797
907.7999999998394,26.76146561767744
907.8333333331728,26.15709454396592
907.866666666506,25.374980438957262
907.8999999998392,24.532062357648996
907.9333333331726,23.745962909996468
907.966666666506,23.13430470595508
907.9999999998392,22.80125025507399
908.0333333331724,22.73622963624442
908.066666666506,22.87060837954094
908.0999999998392,23.13530149281959
908.1333333331723,23.4612239839364
908.1666666665058,23.78517287658033
908.1999999998392,24.08630458697185
908.2333333331724,24.36233442941127
908.2666666665056,24.6110564950256
908.299999999839,24.83026487494183
908.3333333331724,25.019688326849018
908.3666666665056,25.19086384164579
908.3999999998388,25.35978263322992
908.4333333331722,25.54244411672078
908.4666666665056,25.754847707237754
908.4999999998388,26.00887427941457
908.533333333172,26.295064339495188
908.5666666665054,26.59706742760219
908.5999999998388,26.898529665636147
908.633333333172,27.183097175497625
908.6666666665052,27.44124218649356
908.6999999998386,27.69346918835281
908.733333333172,27.96853947424973
908.7666666665052,28.29521457739562
908.7999999998384,28.70225567754451
908.8333333331718,29.18827701906716
908.8666666665052,29.639423018542345
908.8999999998384,29.915615208983272
908.9333333331716,29.876775123403142
908.966666666505,29.38285432647124
908.9999999998385,28.37020044181793
909.0333333331716,27.016610131852687
909.066666666505,25.547464647625716
909.0999999998382,24.18814524018724
909.1333333331715,23.16390187394215
909.1666666665049,22.623312853424736
909.1999999998382,22.50948785195978
909.2333333331716,22.73147858913889
909.2666666665048,23.19833678455373
909.299999999838,23.819041811742817
909.3333333331714,24.48574719598969
909.3666666665048,25.05230704449047
909.399999999838,25.36727363648222
909.4333333331712,25.279199251202023
909.4666666665046,24.63792163713421
909.499999999838,23.447302942805884
909.5333333331712,22.009530943310555
909.5666666665044,20.66095597737195
909.5999999998378,19.737928383713832
909.6333333331712,19.57346362471436
909.6666666665044,20.262066747927047
909.6999999998376,21.504585808738284
909.733333333171,22.96504116256913
909.7666666665044,24.307453164840627
909.7999999998376,25.20034338298574
909.8333333331708,25.5232845528038
909.8666666665042,25.452919634037364
909.8999999998376,25.18822939646966
909.9333333331708,24.928194609883917
909.966666666504,24.86691011362267
909.9999999998374,25.038375982868956
910.0333333331708,25.284409567082527
910.066666666504,25.43545748101649
910.0999999998372,25.32196633942395
910.1333333331706,24.782941407952112
910.166666666504,23.862477913552777
910.1999999998372,22.81444661514715
910.2333333331704,21.90221418658949
910.266666666504,21.389147301734024
910.2999999998372,21.52274564564633
910.3333333331703,22.2630406919322
910.3666666665038,23.320005319127556
910.3999999998372,24.395272957991832
910.4333333331704,25.19047703928448
910.4666666665036,25.427131534971164
910.499999999837,25.10589250530229
910.5333333331704,24.433295077362697
910.5666666665036,23.620675292422344
910.5999999998368,22.87936919175114
910.6333333331702,22.4064677844568
910.6666666665036,22.24116053478091
910.6999999998368,22.32430452116853
910.73333333317,22.595269878906844
910.7666666665034,22.993426743283063
910.7999999998368,23.45673679078079
910.83333333317,23.91066722682152
910.8666666665032,24.274150654125936
910.8999999998366,24.46606257377387
910.93333333317,24.405278486845138
910.9666666665032,24.032402790211748
910.9999999998364,23.44381045911948
911.0333333331698,22.80385100735525
911.0666666665032,22.277157024347428
911.0999999998364,22.028361099524417
911.1333333331696,22.18379320987283
911.166666666503,22.646469575790267
911.1999999998365,23.23869879109828
911.2333333331696,23.782679373509144
911.2666666665028,24.10060984073514
911.2999999998362,24.072154582669413
911.3333333331695,23.85036062532535
911.3666666665029,23.66948469978392
911.3999999998362,23.763796719760805
911.4333333331696,24.367566554932672
911.4666666665028,25.66827720276463
911.499999999836,27.671738585185647
911.5333333331694,30.339671154175765
911.5666666665028,33.63379536171504
911.599999999836,37.515747262094216
911.6333333331692,41.72683000313658
911.6666666665026,45.31048169219656
911.699999999836,47.17230027033058
911.7333333331692,46.217883678595086
911.7666666665024,41.3563103776635
911.7999999998358,33.12356034579508
911.8333333331692,26.268937944799344
911.8666666665024,26.21483627682225
911.8999999998356,38.383648444009765
911.933333333169,68.1743796441986
911.9666666665024,116.97186274900768
911.9999999998356,177.62918985659363
912.0333333331688,241.908087748346
912.0666666665022,301.5702832056542
912.0999999998356,348.4145444815148
912.1333333331688,377.4014415784605
912.166666666502,389.0258700935949
912.1999999998354,384.3414073136608
912.2333333331688,364.401630525401
912.266666666502,330.2954657271709
912.2999999998352,284.8802929563266
912.3333333331686,233.569118178408
912.366666666502,181.97445160837356
912.3999999998352,135.70880346118145
912.4333333331684,100.26812736142426
912.466666666502,77.36880135725207
912.4999999998352,64.2126970688062
912.5333333331683,57.736687102226334
912.5666666665018,54.87764406365224
912.5999999998352,52.646356310733466
912.6333333331684,49.713705516179566
912.6666666665016,46.38876069054113
912.699999999835,43.05012515809221
912.7333333331684,40.076402243106806
912.7666666665016,37.82563674337199
912.7999999998348,36.32113435886028
912.8333333331682,35.31390107891565
912.8666666665016,34.54703932709195
912.8999999998348,33.763651526943065
912.933333333168,32.7248575234375
912.9666666665014,31.411408362178044
912.9999999998348,29.95074056953907
913.033333333168,28.47296961975491
913.0666666665012,27.10821098705986
913.0999999998346,25.975485258410288
913.133333333168,25.090233506659523
913.1666666665012,24.4114382097837
913.1999999998344,23.897513417559995
913.2333333331678,23.5068731797656
913.2666666665012,23.20398357010641
913.2999999998344,22.997263632852786
913.3333333331676,22.91453293591577
913.366666666501,22.983696324441382
913.3999999998344,23.23265864357567
913.4333333331676,23.671868781067182
913.4666666665008,24.21217146949981
913.4999999998342,24.729137496661835
913.5333333331675,25.098296478220973
913.5666666665009,25.195178029844925
913.5999999998342,24.93602835646117
913.6333333331676,24.420532537902545
913.6666666665008,23.80001199597851
913.699999999834,23.225791010070427
913.7333333331674,22.849191792622324
913.7666666665008,22.782572675118704
913.799999999834,22.999633847577968
913.8333333331672,23.44324515890335
913.8666666665006,24.056276457998067
913.899999999834,24.78156967021518
913.9333333331672,25.53858786820916
913.9666666665004,26.18097143695877
913.9999999998338,26.5508607651008
914.0333333331672,26.490396241272016
914.0666666665004,25.84238595694061
914.0999999998336,24.59352689253508
914.133333333167,23.052705928815044
914.1666666665004,21.572583885425157
914.1999999998336,20.505821582010057
914.2333333331668,20.20237945739824
914.2666666665002,20.76449860537004
914.2999999998336,21.85085610950832
914.3333333331668,23.07404249943718
914.3666666665,24.046648304780724
914.3999999998334,24.38692533214322
914.4333333331668,23.992793587217875
914.4666666665,23.16428021550583
914.4999999998332,22.232578093856542
914.5333333331666,21.528880099119508
914.5666666665,21.375308974061863
914.5999999998332,21.818528010605743
914.6333333331664,22.586523421712467
914.6666666665,23.389510170191407
914.6999999998332,23.93770321885198
914.7333333331665,23.954464515781343
914.7666666664998,23.429689191691256
914.7999999998332,22.601291732049457
914.8333333331664,21.716624825031484
914.8666666664996,21.023041158812852
914.899999999833,20.75038630195925
914.9333333331664,20.87840004461282
914.9666666664996,21.200177711848458
914.9999999998328,21.50434157189752
915.0333333331662,21.57951389299139
915.0666666664996,21.240966679637918
915.0999999998328,20.58221166207176
915.133333333166,19.86233699717242
915.1666666664994,19.34262697265001
915.1999999998328,19.284365876214608
915.233333333166,19.901419071047265
915.2666666664992,21.036896366249877
915.2999999998326,22.35944405012335
915.333333333166,23.53669135650101
915.3666666664992,24.236267519216163
915.3999999998324,24.192806557222287
915.4333333331658,23.539353879390088
915.4666666664992,22.55562433153918
915.4999999998324,21.521561400580143
915.5333333331656,20.71710857342358
915.566666666499,20.363101764367297
915.5999999998324,20.410968057630768
915.6333333331656,20.735419174911502
915.6666666664988,21.21116128697829
915.6999999998322,21.712902141424006
915.7333333331655,22.13548727705635
915.7666666664988,22.44422719461076
915.7999999998322,22.61983597292961
915.8333333331656,22.64302769085527
915.8666666664988,22.49454418205472
915.899999999832,22.17195469602395
915.9333333331654,21.718170442546214
915.9666666664988,21.183662563602333
915.999999999832,20.618902201173093
916.0333333331652,20.07435903191012
916.0666666664986,19.60026795180865
916.099999999832,19.24637313535679
916.1333333331652,19.06235720439297
916.1666666664984,19.09790278075568
916.1999999998318,19.40167406509189
916.2333333331652,19.951751534583643
916.2666666664984,20.610981923596725
916.2999999998316,21.23158535178329
916.333333333165,21.665781938795504
916.3666666664984,21.76926475948766
916.3999999998316,21.52860721384033
916.4333333331648,21.098049004164466
916.4666666664982,20.64280176909522
916.4999999998316,20.3280771472678
916.5333333331648,20.31298128359207
916.566666666498,20.614487417533905
916.5999999998314,21.10648128515805
916.6333333331648,21.65655220653084
916.666666666498,22.132289501718585
916.6999999998312,22.415276703256897
916.7333333331646,22.604694601399068
916.766666666498,22.97152755935924
916.7999999998312,23.7914348120697
916.8333333331644,25.340075594462704
916.8666666664978,27.854874077861727
916.8999999998312,31.15574981393035
916.9333333331645,34.80554491071948
916.9666666664978,38.36333626555477
916.9999999998312,41.3882007757619
917.0333333331644,43.47799644578476
917.0666666664976,44.5377279319356
917.099999999831,44.61852893919051
917.1333333331644,43.77242460446607
917.1666666664976,42.0514400646788
917.1999999998308,39.53664900428566
917.2333333331642,36.479316892208494
917.2666666664976,33.19250185023088
917.2999999998308,29.989349194366213
917.333333333164,27.183004240627906
917.3666666664974,25.028185335161147
917.3999999998308,23.523917249551573
917.433333333164,22.5992975323819
917.4666666664972,22.18342201200577
917.4999999998306,22.205377766940284
917.533333333164,22.558879242159566
917.5666666664972,23.02179321725335
917.5999999998304,23.348307248235837
917.6333333331638,23.29260889112126
917.6666666664972,22.609388835134773
917.6999999998304,21.22936889829302
917.7333333331636,19.51725368787388
917.766666666497,17.903441396603082
917.7999999998304,16.818330217206334
917.8333333331636,16.689456134281237
917.8666666664968,17.639267411134657
917.8999999998302,19.218665551846467
917.9333333331635,20.915721128831823
917.9666666664968,22.21850471450589
917.9999999998302,22.62294992592644
918.0333333331636,22.011174353345915
918.0666666664968,20.819251437891005
918.09999999983,19.526047122087142
918.1333333331634,18.610427348459755
918.1666666664968,18.536544252087825
918.19999999983,19.362258776286687
918.2333333331632,20.69742127016499
918.2666666664966,22.12879939601782
918.29999999983,23.243160816140232
918.3333333331632,23.64556098742661
918.3666666664964,23.25862935506775
918.3999999998298,22.27408366040887
918.4333333331632,20.892148790339437
918.4666666664964,19.31304963174892
918.4999999998296,17.736139430804123
918.533333333163,16.35058145415133
918.5666666664964,15.338937545999
918.5999999998296,14.88365829642768
918.6333333331628,15.167194295517918
918.6666666664962,16.325998082029827
918.6999999998296,18.11883657217056
918.7333333331628,20.119215950238207
918.766666666496,21.899365818471367
918.7999999998294,23.031515779108627
918.8333333331628,23.17857086847276
918.866666666496,22.539724371826896
918.8999999998292,21.510612808322826
918.9333333331626,20.487168246117456
918.966666666496,19.865322753367703
918.9999999998292,19.93621111991685
919.0333333331624,20.5390531276719
919.0666666664958,21.39127955568741
919.0999999998292,22.21031940584373
919.1333333331625,22.713641630036825
919.1666666664958,22.717451871280883
919.1999999998292,22.349255535197383
919.2333333331624,21.79775579908417
919.2666666664956,21.251655840239067
919.299999999829,20.899400393888914
919.3333333331624,20.863002839023878
919.3666666664956,21.110087859286008
919.3999999998288,21.586399117198194
919.4333333331622,22.237680275283303
919.4666666664956,23.00922093548277
919.4999999998288,23.80878156010048
919.533333333162,24.47911115456617
919.5666666664954,24.856482494169462
919.5999999998288,24.77716835420001
919.633333333162,24.083167369980558
919.6666666664952,22.840096001117395
919.6999999998286,21.404652552762755
919.733333333162,20.153048724766933
919.7666666664952,19.461496216980244
919.7999999998284,19.68826315357193
919.8333333331618,20.79269743938567
919.8666666664952,22.342736458398488
919.8999999998284,23.889876128650588
919.9333333331616,24.985612368182185
919.966666666495,25.214219440181523
919.9999999998284,24.620392307168107
920.0333333331616,23.58849664347756
920.0666666664948,22.510823907156883
920.0999999998282,21.77966555625309
920.1333333331615,21.73802975971797
920.1666666664948,22.26350903995092
920.1999999998282,22.977666584327597
920.2333333331616,23.4994083047078
920.2666666664948,23.44764011295132
920.299999999828,22.528306883501337
920.3333333331614,21.02069456454364
920.3666666664948,19.43604031106702
920.399999999828,18.28623466796674
920.4333333331612,18.08316818013804
920.4666666664946,19.191893560778464
920.499999999828,21.28977418400605
920.5333333331612,23.853023893551875
920.5666666664944,26.35783157245762
920.5999999998278,28.280411462154248
920.6333333331612,29.239611560919048
920.6666666664944,29.33176511441608
920.6999999998276,28.753006301115768
920.733333333161,27.699469299488545
920.7666666664944,26.36731883591104
920.7999999998276,24.962202313613027
920.8333333331608,23.71263570180852
920.8666666664942,22.85051313901468
920.8999999998276,22.60772876374866
920.9333333331608,23.21357955528713
920.966666666494,24.671764493348373
920.9999999998274,26.58889520918927
921.0333333331608,28.531212282196204
921.066666666494,30.064956291755568
921.0999999998272,30.765171272196067
921.1333333331606,30.548094804014067
921.166666666494,29.77258579161209
921.1999999998272,28.82702387341592
921.2333333331604,28.099788687851337
921.2666666664938,27.9644906698196
921.2999999998272,28.47893178852866
921.3333333331605,29.39783034799968
921.3666666664938,30.46368175832576
921.3999999998272,31.418981429600016
921.4333333331604,32.01912056726778
921.4666666664936,32.190082095636775
921.499999999827,31.97859563382604
921.5333333331604,31.433942878546024
921.5666666664936,30.60540552650721
921.5999999998268,29.555056063823866
921.6333333331602,28.45679364604975
921.6666666664936,27.542308653997072
921.6999999998268,27.04377545653094
921.73333333316,27.193368422516475
921.7666666664934,28.14799018276804
921.7999999998268,29.613026134531214
921.83333333316,31.12627192907894
921.8666666664932,32.22524655215002
921.8999999998266,32.44746898948328
921.93333333316,31.582236494159268
921.9666666664932,30.47310374217744
921.9999999998264,30.239522381881592
922.0333333331598,32.00094499623573
922.0666666664932,36.87644857617708
922.0999999998264,45.537314254011925
922.1333333331596,57.33972776890773
922.166666666493,71.39968531531825
922.1999999998264,86.83318308769726
922.2333333331596,102.75496803125093
922.2666666664928,118.0810647441785
922.2999999998262,131.31288168132963
922.3333333331595,140.8999296264318
922.3666666664928,145.2917193632123
922.3999999998262,142.96463787947567
922.4333333331596,133.8811665232816
922.4666666664928,120.2373098359033
922.499999999826,104.41325715692687
922.5333333331594,88.78919782593853
922.5666666664928,75.69236762965124
922.599999999826,66.01702735523659
922.6333333331592,59.093717215252624
922.6666666664926,54.17381224320789
922.699999999826,50.50868747261092
922.7333333331592,47.38322446702293
922.7666666664924,44.60619713505797
922.7999999998258,42.40151839782926
922.8333333331592,41.0044872514396
922.8666666664924,40.65040269199178
922.8999999998256,41.52598741526663
922.933333333159,43.33736396653671
922.9666666664924,45.51635233262328
922.9999999998256,47.4915687544338
923.0333333331588,48.69162947287574
923.0666666664922,48.631268001471874
923.0999999998256,47.39243741556175
923.1333333331588,45.28654706472749
923.166666666492,42.625652370545154
923.1999999998254,39.7218087545908
923.2333333331588,36.87355472725096
923.266666666492,34.318669073622445
923.2999999998252,32.277865604955444
923.3333333331586,30.971857238921345
923.366666666492,30.62127415164215
923.3999999998252,31.284609673496284
923.4333333331584,32.51954791082515
923.4666666664918,33.787379987392626
923.4999999998251,34.549397026962566
923.5333333331585,34.2687435572533
923.5666666664918,32.742495322480806
923.5999999998252,30.48569771522129
923.6333333331584,28.10647992318512
923.6666666664916,26.212971134082647
923.699999999825,25.405767527838528
923.7333333331584,25.85594863407473
923.7666666664916,27.081448321448853
923.7999999998248,28.545463742798805
923.8333333331582,29.71119205096248
923.8666666664916,30.05755392536487
923.8999999998248,29.48468313651017
923.933333333158,28.34994795567988
923.9666666664914,27.033659672890064
923.9999999998248,25.916129578156767
924.033333333158,25.35776602003049
924.0666666664912,25.418096508771622
924.0999999998246,25.923447632858903
924.133333333158,26.694055133280568
924.1666666664912,27.550154751024877
924.1999999998244,28.326067939302803
924.2333333331578,28.988562593637056
924.2666666664912,29.577015054964328
924.2999999998244,30.13154671780207
924.3333333331576,30.692278976667744
924.366666666491,31.28576682298913
924.3999999998244,31.854944904909605
924.4333333331576,32.31091646812136
924.4666666664908,32.56472255236685
924.4999999998242,32.52740419738853
924.5333333331575,32.156355883485865
924.5666666664908,31.60072196918148
924.599999999824,31.05922206899476
924.6333333331576,30.730575864803235
924.6666666664908,30.81334266579964
924.699999999824,31.378825570328434
924.7333333331574,32.14251241575782
924.7666666664908,32.75818006544271
924.799999999824,32.87960538273794
924.8333333331572,32.16294281763593
924.8666666664906,30.54165068367876
924.899999999824,28.48225595631559
924.9333333331572,26.511771575187367
924.9666666664904,25.15721047993504
924.9999999998238,24.93509369091865
925.0333333331572,25.922012326656933
925.0666666664904,27.60380363186856
925.0999999998236,29.42482404031967
925.133333333157,30.82942998577637
925.1666666664904,31.28713396554527
925.1999999998236,30.79064613820681
925.2333333331568,29.82683459229932
925.2666666664902,28.901909595963865
925.2999999998236,28.522081417341496
925.3333333331568,29.14860537640657
925.36666666649,30.70169776058852
925.3999999998234,32.74355818675377
925.4333333331568,34.830003584281776
925.46666666649,36.51685088255197
925.4999999998232,37.42159164028014
925.5333333331566,37.62754402505885
925.56666666649,37.43079440195932
925.5999999998232,37.12852114111544
925.6333333331564,37.01790261266119
925.6666666664898,37.34037034786305
925.6999999998231,38.06220973591533
925.7333333331565,39.06496652212503
925.7666666664898,40.23016282676596
925.7999999998232,41.439329562602005
925.8333333331564,42.60827563399682
925.8666666664896,43.764783878091215
925.899999999823,44.95946447982969
925.9333333331564,46.24292762415677
925.9666666664896,47.665694932707865
925.9999999998228,49.26093991307128
926.0333333331562,51.023808647763374
926.0666666664896,52.944405399649234
926.0999999998228,55.0128344315939
926.133333333156,57.21835345470717
926.1666666664894,59.503644451312105
926.1999999998228,61.74152292272131
926.233333333156,63.79905820785113
926.2666666664892,65.54331964561784
926.2999999998226,66.84826950448029
926.333333333156,67.7575696594082
926.3666666664892,68.49102470718015
926.3999999998224,69.2766213581646
926.4333333331558,70.34234632273008
926.4666666664892,71.88703818604125
926.4999999998224,73.71626440568005
926.5333333331556,75.35338120174337
926.566666666489,76.31557825351558
926.5999999998224,76.12004524028102
926.6333333331556,74.36747010133412
926.6666666664888,71.34248799579868
926.6999999998222,67.66454181492222
926.7333333331557,63.95536336895523
926.7666666664888,60.83668446814819
926.799999999822,58.80280150121648
926.8333333331556,57.68114394907786
926.8666666664888,57.0817369846222
926.899999999822,56.61448628002402
926.9333333331554,55.88931420459776
926.9666666664888,54.63915752182873
926.999999999822,53.01542004891083
927.0333333331552,51.25840723602558
927.0666666664886,49.60842453335451
927.099999999822,48.30517134051156
927.1333333331552,47.45702207958539
927.1666666664884,46.87793954477825
927.1999999998218,46.34183153550729
927.2333333331552,45.62260585118969
927.2666666664884,44.49728338682248
927.2999999998216,42.917035085156144
927.333333333155,41.09593926309981
927.3666666664884,39.26988831289629
927.3999999998216,37.674774626788434
927.4333333331548,36.53805109839671
927.4666666664882,35.88261102183378
927.4999999998216,35.52080772536592
927.5333333331548,35.255358654016625
927.566666666488,34.888981252809415
927.5999999998214,34.24190705785204
927.6333333331548,33.36284939493502
927.666666666488,32.460673752958485
927.6999999998212,31.74755058004256
927.7333333331546,31.43565032430737
927.766666666488,31.700985902739387
927.7999999998212,32.437112640629216
927.8333333331544,33.404771936903
927.8666666664878,34.36393336144214
927.8999999998211,35.07456648412809
927.9333333331545,35.331773597477515
927.9666666664878,35.10361062641284
927.9999999998212,34.41126496869213
928.0333333331544,33.275938330518926
928.0666666664875,31.71885539489773
928.099999999821,29.81778244814025
928.1333333331544,27.828686273174373
928.1666666664876,26.042552493041928
928.1999999998208,24.75036673078474
928.2333333331542,24.24177025639961
928.2666666664876,24.60554030596128
928.2999999998208,25.517899515154298
928.333333333154,26.60437995233197
928.3666666664874,27.49051368584761
928.3999999998208,27.80837110524376
928.433333333154,27.476517523892376
928.4666666664872,26.805542030624263
928.4999999998206,26.134330632049288
928.533333333154,25.801769334777333
928.5666666664872,26.129615030485397
928.5999999998204,27.098573006711334
928.6333333331538,28.37533743314472
928.6666666664872,29.614893032783968
928.6999999998204,30.47222452862751
928.7333333331536,30.63362416881188
928.766666666487,30.127554953599383
928.7999999998204,29.193315175549035
928.8333333331536,28.07329709352101
928.8666666664868,27.00989296637551
928.8999999998202,26.217429053096136
928.9333333331537,25.72568595649228
928.9666666664868,25.489905315291324
928.99999999982,25.465120695065742
929.0333333331536,25.60636566138803
929.0666666664868,25.865826986415605
929.09999999982,26.183979367333723
929.1333333331534,26.498285953083816
929.1666666664868,26.74620989019277
929.19999999982,26.86527126682923
929.2333333331532,26.820686179516187
929.2666666664866,26.64985271420158
929.29999999982,26.40177958428025
929.3333333331532,26.125475503147044
929.3666666664864,25.86956067224462
929.3999999998198,25.652749896680305
929.4333333331532,25.44315306183663
929.4666666664864,25.203989077094437
929.4999999998196,24.898476851834552
929.533333333153,24.49141949095345
929.5666666664864,23.9926554659358
929.5999999998196,23.462427100433764
929.6333333331528,22.963638881453303
929.6666666664862,22.559195296000365
929.6999999998196,22.306383545356194
929.7333333331528,22.182890983669157
929.766666666486,22.107328575561628
929.7999999998194,21.996909438048327
929.8333333331528,21.76884668814396
929.866666666486,21.36117307268543
929.8999999998192,20.88057833379797
929.9333333331526,20.515545331566152
929.966666666486,20.455095912702067
929.9999999998192,20.88825192391782
930.0333333331524,21.93265711357334
930.0666666664858,23.35388750551464
930.0999999998191,24.80915797305755
930.1333333331524,25.95565343870546
930.1666666664858,26.45064231756005
930.199999999819,26.100304247436277
930.2333333331524,25.166727023707875
930.2666666664855,23.99895023038836
930.299999999819,22.946013451491243
930.3333333331524,22.355405133136728
930.3666666664856,22.387024480048574
930.3999999998188,22.83649742038533
930.4333333331522,23.457604594916667
930.4666666664856,24.004126644412235
930.4999999998188,24.2342841076455
930.533333333152,24.06807966401535
930.5666666664854,23.62962361478109
930.5999999998188,23.05607483085068
930.633333333152,22.484592183132097
930.6666666664852,22.047274133317693
930.6999999998186,21.79176657232136
930.733333333152,21.6959255069659
930.7666666664852,21.735512544205516
930.7999999998184,21.88628929099441
930.8333333331518,22.12031818254254
930.8666666664852,22.37587853925096
930.8999999998184,22.573158710759916
930.9333333331516,22.632175458448224
930.966666666485,22.47294554369469
930.9999999998184,22.041710705685052
931.0333333331516,21.4269214823755
931.0666666664848,20.765005814376
931.0999999998182,20.19242863257213
931.1333333331517,19.84564635155583
931.1666666664848,19.821070617192603
931.199999999818,20.082598397050383
931.2333333331514,20.56675313217028
931.2666666664848,21.21005826359339
931.299999999818,21.94904516607868
931.3333333331514,22.72144553027644
931.3666666664848,23.467464193866142
931.399999999818,24.127611011686877
931.4333333331512,24.64239583857772
931.4666666664846,24.953032216154615
931.499999999818,25.029002397426865
931.5333333331512,24.877047716388933
931.5666666664844,24.506454358052565
931.5999999998178,23.926508507429496
931.6333333331512,23.14700879153423
931.6666666664844,22.186735964482487
931.6999999998176,21.072125953062404
931.733333333151,19.829859607452587
931.7666666664844,18.48661777783165
931.7999999998176,17.079597291623344
931.8333333331508,15.74431355059151
931.8666666664842,14.66993578843698
931.8999999998176,14.046175537500105
931.9333333331508,14.062744330121214
931.966666666484,14.85015544451188
931.9999999998174,16.2158776398145
932.0333333331508,17.857732212161608
932.066666666484,19.473451101450426
932.0999999998172,20.76078645130001
932.1333333331506,21.501639754187973
932.166666666484,21.754083677422354
932.1999999998172,21.632760700639363
932.2333333331504,21.252313303475223
932.2666666664838,20.72729560674969
932.2999999998171,20.15995000794514
932.3333333331504,19.627682513316568
932.3666666664838,19.20491207781401
932.399999999817,18.966057656387544
932.4333333331504,18.983460882310784
932.4666666664835,19.25194561246091
932.499999999817,19.66747161504849
932.5333333331504,20.11957273611132
932.5666666664836,20.49778282168719
932.5999999998168,20.698030650254516
932.6333333331502,20.720547619378195
932.6666666664836,20.65050540471796
932.6999999998168,20.57554688539793
932.73333333315,20.58331494054228
932.7666666664834,20.749296947002566
932.7999999998168,21.04352526936177
932.83333333315,21.381879157089863
932.8666666664832,21.679794622317253
932.8999999998166,21.852707677174347
932.93333333315,21.84026152248905
932.9666666664832,21.70375036071783
932.9999999998164,21.542599819837896
933.0333333331498,21.45624889415687
933.0666666664832,21.544100239231124
933.0999999998164,21.854874998859245
933.1333333331496,22.28590492483426
933.166666666483,22.70637797452973
933.1999999998164,22.98548210531921
933.2333333331496,22.99322970622138
933.2666666664828,22.67990477572526
933.2999999998162,22.142176208805584
933.3333333331497,21.4922756429072
933.3666666664828,20.84243471547495
933.399999999816,20.30236152787272
933.4333333331494,19.906912836996916
933.4666666664828,19.605359987479943
933.499999999816,19.342291881105563
933.5333333331494,19.06229741965757
933.5666666664828,18.7161326013096
933.599999999816,18.33823957784686
933.6333333331492,18.023352635283707
933.6666666664826,17.867536111110763
933.699999999816,17.96685434281864
933.7333333331492,18.394990325313984
933.7666666664824,19.061474662658178
933.7999999998158,19.80275442880515
933.8333333331492,20.45494233684672
933.8666666664824,20.854151099874706
933.8999999998156,20.887777638781643
933.933333333149,20.66074477805696
933.9666666664824,20.33563887910644
933.9999999998156,20.075046709444575
934.0333333331488,20.04136410138281
934.0666666664822,20.32421174522331
934.0999999998156,20.83105391634158
934.1333333331488,21.441317635783044
934.166666666482,22.034429924593123
934.1999999998154,22.49076363967568
934.2333333331488,22.74517727373004
934.266666666482,22.81570507140246
934.2999999998152,22.72738898429646
934.3333333331486,22.505270964015573
934.366666666482,22.17532847277216
934.3999999998152,21.783201862503343
934.4333333331484,21.3932164785713
934.4666666664818,21.07043743812758
934.4999999998151,20.879929858323752
934.5333333331484,20.87639645946221
934.5666666664818,21.00788942752981
934.599999999815,21.159691276216872
934.6333333331484,21.216278964593656
934.6666666664815,21.062129451730417
934.699999999815,20.618476823844347
934.7333333331484,20.0159796723316
934.7666666664816,19.459357848184748
934.7999999998148,19.153416686697
934.8333333331482,19.30293861264598
934.8666666664816,20.016091975321515
934.8999999998148,21.08369217725024
934.933333333148,22.231492081741116
934.9666666664814,23.18524455210308
934.9999999998148,23.672533634455352
935.033333333148,23.6431364732095
935.0666666664812,23.47869612179562
935.0999999998146,23.610520895895267
935.133333333148,24.469919111189988
935.1666666664812,26.471732577347616
935.1999999998144,29.50351266821349
935.2333333331478,32.826793442169034
935.2666666664812,35.66671457396592
935.2999999998144,37.24841573835579
935.3333333331476,36.85895491199465
935.366666666481,34.64333906716886
935.3999999998144,31.37364140687922
935.4333333331476,27.836249585769988
935.4666666664808,24.817551258485405
935.4999999998142,23.00722528356626
935.5333333331477,22.39354837151136
935.5666666664808,22.655570459615976
935.599999999814,23.47098976953086
935.6333333331474,24.517504522906783
935.6666666664808,25.507186550204928
935.699999999814,26.292566220274264
935.7333333331474,26.762045467627235
935.7666666664808,26.804026239395256
935.799999999814,26.307299802316106
935.8333333331472,25.267679292720512
935.8666666664806,23.933077160756294
935.899999999814,22.587681129786898
935.9333333331472,21.515678923175745
935.9666666664804,20.99659550477628
935.9999999998138,21.09100298673865
936.0333333331472,21.55109143998037
936.0666666664804,22.10584208609316
936.0999999998136,22.484236146668703
936.133333333147,22.431641258395835
936.1666666664804,21.983567364995874
936.1999999998136,21.42436133220932
936.2333333331468,21.046434238841425
936.2666666664802,21.142197163697467
936.2999999998136,21.951789565195615
936.3333333331468,23.25899396533464
936.36666666648,24.612022751377456
936.3999999998134,25.55712362773917
936.4333333331468,25.640544298834847
936.46666666648,24.55958975667544
936.4999999998132,22.734876974805307
936.5333333331466,20.803265282384334
936.56666666648,19.401652955916045
936.5999999998132,19.166532470292783
936.6333333331464,20.48038118216357
936.6666666664798,23.03807364876984
936.6999999998131,26.419273907612965
936.7333333331464,30.2036459961943
936.7666666664798,33.97150808397758
936.799999999813,37.34495968795712
936.8333333331464,40.0123617301883
936.8666666664795,41.66795407077902
936.899999999813,42.00597656983721
936.9333333331464,40.74259480721822
936.9666666664796,38.05744946738121
936.9999999998128,34.572054396924734
937.0333333331462,30.92552568805552
937.0666666664796,27.756979432980277
937.0999999998128,25.648606980156323
937.133333333146,24.62017703711731
937.1666666664794,24.37080192941724
937.1999999998128,24.595861477513733
937.233333333146,24.99073550186441
937.2666666664792,25.296399509471065
937.2999999998126,25.494659107100382
937.333333333146,25.646540460252584
937.3666666664792,25.81311751953479
937.3999999998124,26.05544480654384
937.4333333331458,26.41126772136956
937.4666666664792,26.84982939915541
937.4999999998124,27.32785259685503
937.5333333331456,27.802060071422066
937.566666666479,28.22955069462612
937.5999999998124,28.59639511217016
937.6333333331456,28.93770071939191
937.6666666664788,29.29331578815772
937.6999999998122,29.703088590333916
937.7333333331457,30.20821330020589
937.7666666664788,30.881110668488358
937.799999999812,31.82557922349817
937.8333333331454,33.146793636427
937.8666666664787,34.949928578466505
937.899999999812,37.31796369147644
937.9333333331454,40.10197127903488
937.9666666664788,43.01493778918002
937.999999999812,45.76801496582512
938.0333333331452,48.072354552883446
938.0666666664786,49.693962186707154
938.099999999812,50.69936811266098
938.1333333331452,51.25749325937321
938.1666666664784,51.53734489418354
938.1999999998118,51.7079229719127
938.2333333331452,51.927327557132045
938.2666666664784,52.32087476586043
938.2999999998116,53.00774220318284
938.333333333145,54.10710747418423
938.3666666664784,55.73605857104675
938.3999999998116,57.84562310840586
938.4333333331448,60.102834886962256
938.4666666664782,62.14690084036168
938.4999999998116,63.61702790224985
938.5333333331448,64.16393054839503
938.566666666478,63.7050055610167
938.5999999998114,62.42545284699085
938.6333333331448,60.522204020193065
938.666666666478,58.19219069449901
938.6999999998112,55.621216844515125
938.7333333331446,52.88056574479529
938.766666666478,49.97412159446029
938.7999999998112,46.90490372767508
938.8333333331444,43.67593147860461
938.8666666664778,40.365706821344354
938.8999999998111,37.45580020499577
938.9333333331444,35.56177311846175
938.9666666664776,35.29927681331887
938.999999999811,37.28356129653451
939.0333333331444,41.70182267400861
939.0666666664775,47.49995002830598
939.099999999811,53.400105800859386
939.1333333331444,58.12445243310157
939.1666666664776,60.40582095170883
939.1999999998108,59.72028197944427
939.2333333331442,56.75949581482826
939.2666666664776,52.32748923601592
939.2999999998108,47.22828902116226
939.333333333144,42.24885232439801
939.3666666664774,37.81653827703974
939.3999999998108,34.016540275496794
939.433333333144,30.92047124869839
939.4666666664772,28.59994412557378
939.4999999998106,27.10662500497083
939.533333333144,26.303696717545943
939.5666666664772,25.950606645326843
939.5999999998104,25.805723845801367
939.6333333331438,25.62741737645735
939.6666666664772,25.2338710303926
939.6999999998104,24.73592069294652
939.7333333331436,24.33376466158703
939.766666666477,24.227623355343127
939.7999999998104,24.61743096494465
939.8333333331436,25.55328050225146
939.8666666664768,26.69025166598436
939.8999999998102,27.61909462067383
939.9333333331437,27.930559530850367
939.9666666664768,27.22265961152386
939.99999999981,25.480408813083304
940.0333333331434,23.26218704386416
940.0666666664767,21.17272532431552
940.09999999981,19.816754674886543
940.1333333331434,19.763202374320297
940.1666666664768,20.95056315661181
940.19999999981,22.77851284227659
940.2333333331432,24.629387978968296
940.2666666664766,25.88552511434061
940.29999999981,26.010089994650706
940.3333333331432,25.12298720391651
940.3666666664764,23.66342022636482
940.3999999998098,22.072717647003493
940.4333333331432,20.792208050840376
940.4666666664764,20.162559759153236
940.4999999998096,20.09982438215659
940.533333333143,20.40810887208571
940.5666666664764,20.891519591195024
940.5999999998096,21.35443769406448
940.6333333331428,21.66371706212262
940.6666666664762,21.827726501594974
940.6999999998096,21.87431723952547
940.7333333331428,21.83134050295802
940.766666666476,21.726566850231364
940.7999999998094,21.584769310586758
940.8333333331428,21.42690528046872
940.866666666476,21.273684874143942
940.8999999998092,21.145818205879117
940.9333333331426,21.066242411001333
940.966666666476,21.08851757617717
940.9999999998092,21.288468616229835
941.0333333331424,21.742422422378443
941.0666666664758,22.526705885842112
941.0999999998093,23.69487781556425
941.1333333331424,25.15059958297441
941.1666666664756,26.736919288546435
941.199999999809,28.29671475084793
941.2333333331424,29.67286768050905
941.2666666664755,30.740454142680523
941.299999999809,31.484772868843883
941.3333333331424,31.914691665361143
941.3666666664756,32.03907833859432
941.3999999998088,31.867075623714715
941.4333333331422,31.435740165099944
941.4666666664756,30.83367760983021
941.4999999998088,30.15506065909519
941.533333333142,29.494062014084548
941.5666666664754,28.942500366717336
941.5999999998088,28.53421617135333
941.633333333142,28.242856885428484
941.6666666664752,28.03927281008025
941.6999999998086,27.89431424644609
941.733333333142,27.776514519102637
941.7666666664752,27.63079188078182
941.7999999998084,27.38827029589399
941.8333333331418,26.979900690467776
941.8666666664752,26.33663399053184
941.8999999998084,25.41925647752292
941.9333333331416,24.339241689139044
941.966666666475,23.25552689751837
941.9999999998084,22.327067043720728
942.0333333331416,21.712671061534603
942.0666666664748,21.496076537095306
942.0999999998082,21.56366460534198
942.1333333331416,21.76977210194437
942.1666666664748,21.968735862572213
942.199999999808,22.01701735090818
942.2333333331414,21.875253524752548
942.2666666664747,21.6534142351303
942.299999999808,21.472994177402395
942.3333333331414,21.4554880469298
942.3666666664748,21.713296042175468
942.399999999808,22.21374095515689
942.4333333331411,22.80767669270633
942.4666666664746,23.34267103832116
942.499999999808,23.666291775498745
942.5333333331412,23.651226061993945
942.5666666664744,23.35217786770402
942.5999999998078,22.90403214023552
942.6333333331412,22.44202299779729
942.6666666664744,22.10138370524436
942.6999999998076,21.97969976349526
942.733333333141,22.036553027268734
942.7666666664744,22.19991227932016
942.7999999998076,22.39774630240488
942.8333333331408,22.558147679728155
942.8666666664742,22.62376627703941
942.8999999998076,22.565299890078467
942.9333333331408,22.35663773343795
942.966666666474,21.97166902171048
942.9999999998074,21.386459165043032
943.0333333331408,20.6328378411994
943.066666666474,19.80176983809228
943.0999999998072,18.98707103577684
943.1333333331406,18.28255731430828
943.166666666474,17.77687927518805
943.1999999998072,17.505905421025954
943.2333333331404,17.474610653272293
943.2666666664738,17.68757997134106
943.2999999998073,18.149398374646264
943.3333333331404,18.845975301857862
943.3666666664736,19.670774829577965
943.399999999807,20.48870823888489
943.4333333331404,21.16467853801506
943.4666666664737,21.563711174159117
943.499999999807,21.59997091850549
943.5333333331404,21.3117157655394
943.5666666664736,20.75649082708546
943.5999999998068,19.99184121496833
943.6333333331402,19.076173489070896
943.6666666664736,18.104752905108462
943.6999999998068,17.22277169620689
943.73333333314,16.57897288781095
943.7666666664734,16.322099505365397
943.7999999998068,16.587111124460804
943.83333333314,17.31284887491822
943.8666666664732,18.292196897238988
943.8999999998066,19.31456341658774
943.93333333314,20.16935665812913
943.9666666664732,20.68100999679925
943.9999999998064,20.900306921056924
944.0333333331398,20.96802519616164
944.0666666664732,21.025172174687377
944.0999999998064,21.21273534367829
944.1333333331396,21.607975183488307
944.166666666473,22.08296321893403
944.1999999998064,22.46855361838285
944.2333333331396,22.59560055020218
944.2666666664728,22.297262144131512
944.2999999998062,21.579490071967435
944.3333333331396,20.73808779031414
944.3666666664728,20.0965564613859
944.399999999806,19.97839724739699
944.4333333331394,20.688776563902607
944.4666666664727,22.17452303660143
944.499999999806,24.05614959253595
944.5333333331394,25.942256428512845
944.5666666664728,27.441443741338784
944.599999999806,28.20700938937128
944.6333333331391,28.25794891430457
944.6666666664726,27.79209905650554
944.699999999806,27.00851451336636
944.7333333331392,26.10624998204864
944.7666666664724,25.26593099244053
944.7999999998058,24.594979196501004
944.8333333331392,24.182642583975188
944.8666666664724,24.118169144608206
944.8999999998056,24.490268386888776
944.933333333139,25.313072215298536
944.9666666664724,26.45050568562144
944.9999999998056,27.7484627841036
945.0333333331388,29.052837496991163
945.0666666664722,30.214420136772933
945.0999999998056,31.212882730157435
945.1333333331388,32.16652102508768
945.166666666472,33.200478740859246
945.1999999998054,34.439899596767695
945.2333333331388,35.99926284171448
945.266666666472,37.88604483682468
945.2999999998052,40.04597587124618
945.3333333331386,42.42404004968073
945.366666666472,44.965221476830045
945.3999999998052,47.60109690522125
945.4333333331384,50.19999603174544
945.4666666664718,52.61161620439951
945.4999999998053,54.68565214498615
945.5333333331384,56.27224313174322
945.5666666664716,57.34006932597986
945.599999999805,58.13535393268555
945.6333333331384,58.943985186587
945.6666666664717,60.05185132241092
945.699999999805,61.73598893415274
945.7333333331384,63.96922022109421
945.7666666664716,66.35082643222258
945.7999999998048,68.45718842137715
945.8333333331382,69.86468704239732
945.8666666664716,70.18187282128312
945.8999999998048,69.39928199501448
945.933333333138,67.75775235335034
945.9666666664714,65.50247023885085
945.9999999998048,62.87862199407604
946.033333333138,60.11439228780612
946.0666666664712,57.346307082486845
946.0999999998046,54.68014140796508
946.133333333138,52.221647792773
946.1666666664712,50.07645702428015
946.1999999998044,48.28750081017309
946.2333333331378,46.73283765607935
946.2666666664712,45.26374855319008
946.2999999998044,43.731514492696505
946.3333333331376,41.98975656358926
946.366666666471,39.992300109769566
946.3999999998044,37.82874785243945
946.4333333331376,35.59836372294245
946.4666666664708,33.400411652622104
946.4999999998042,31.33437819826348
946.5333333331376,29.50275285244545
946.5666666664708,28.010179634609177
946.599999999804,26.96134962241608
946.6333333331374,26.460953893527545
946.6666666664707,26.57132451928261
946.699999999804,27.10374998052468
946.7333333331374,27.77738350540995
946.7666666664708,28.311237781719925
946.799999999804,28.42444162939634
946.8333333331371,27.942615957854024
946.8666666664706,26.994650233010365
946.899999999804,25.76306123583736
946.9333333331372,24.430365747307025
946.9666666664704,23.178186121209304
946.9999999998038,22.14341848883412
947.0333333331372,21.39833637796517
947.0666666664704,21.0101699039326
947.0999999998036,21.04614918206655
947.133333333137,21.56032553745764
947.1666666664704,22.413957003524608
947.1999999998036,23.322107849349823
947.2333333331368,23.99620769380559
947.2666666664702,24.147686155764205
947.2999999998036,23.555031780162203
947.3333333331368,22.416536008163323
947.36666666647,21.092602298979067
947.3999999998034,19.94398109335698
947.4333333331368,19.331306289681457
947.46666666647,19.46135517883688
947.4999999998032,20.08399335642778
947.5333333331366,20.86465909544177
947.56666666647,21.46879066886648
947.5999999998032,21.566386673000867
947.6333333331364,21.073139496070027
947.6666666664698,20.270322810774022
947.6999999998033,19.468941556542784
947.7333333331364,18.980000672806234
947.7666666664696,19.09278504820968
947.799999999803,19.76893850468272
947.8333333331364,20.71652658873265
947.8666666664697,21.63701291866123
947.899999999803,22.2318611127702
947.9333333331364,22.258156637528355
947.9666666664696,21.826067500501143
947.9999999998028,21.18386410640371
948.0333333331362,20.580136594903795
948.0666666664696,20.26340687575576
948.0999999998028,20.389200978446677
948.133333333136,20.835932378831277
948.1666666664694,21.430628406389747
948.1999999998028,22.000316390602297
948.233333333136,22.373130306258123
948.2666666664692,22.43596034363573
948.2999999998026,22.162626775044917
948.333333333136,21.533963729622343
948.3666666664692,20.530805336504727
948.3999999998024,19.146395577910067
948.4333333331358,17.557187755136454
948.4666666664692,16.07941291646063
948.4999999998024,15.032825809208834
948.5333333331356,14.737181180707305
948.566666666469,15.427505922480028
948.5999999998024,16.815435448783518
948.6333333331356,18.41296289653184
948.6666666664688,19.73168611454373
948.6999999998022,20.2834163378804
948.7333333331356,19.79264996747241
948.7666666664688,18.59572595086425
948.799999999802,17.138334577307397
948.8333333331354,15.866166136053394
948.8666666664687,15.218868930908922
948.899999999802,15.34644855093679
948.9333333331354,15.98749929829156
948.9666666664688,16.84927559611478
948.999999999802,17.63903186754801
949.0333333331351,18.08589256951958
949.0666666664686,18.21924404597104
949.099999999802,18.286549814976027
949.1333333331352,18.54017768458377
949.1666666664684,19.232495462843502
949.1999999998018,20.541762965058552
949.2333333331352,22.21851081292712
949.2666666664684,23.860146813941483
949.2999999998016,25.06388438190701
949.333333333135,25.42726333036165
949.3666666664684,24.735411310071598
949.3999999998016,23.274977546064143
949.4333333331348,21.41553160021676
949.4666666664682,19.52664303440688
949.4999999998016,17.97292320444563
949.5333333331348,16.92011739787718
949.566666666468,16.27204199645596
949.5999999998014,15.914641883094935
949.6333333331348,15.733861940707058
949.666666666468,15.621940864756084
949.6999999998012,15.547761009582135
949.7333333331346,15.53135550869699
949.766666666468,15.59368990488001
949.7999999998012,15.755729740910546
949.8333333331344,16.026478480703165
949.8666666664678,16.352941092211243
949.8999999998013,16.662097584998783
949.9333333331344,16.880918007225898
949.9666666664676,16.93652009144939
949.999999999801,16.80021236454277
950.0333333331344,16.54913286202434
950.0666666664677,16.275931753508182
950.099999999801,16.073259208608363
950.1333333331344,16.03180841418321
950.1666666664676,16.180375382151407
950.1999999998008,16.4747082188902
950.2333333331342,16.866348703180968
950.2666666664676,17.306838613805102
950.2999999998008,17.748743243337007
950.333333333134,18.15522740545555
950.3666666664674,18.49572418358393
950.3999999998008,18.739748265540783
950.433333333134,18.856814339144723
950.4666666664672,18.82810881045194
950.4999999998006,18.6870752117847
950.533333333134,18.481776156940548
950.5666666664672,18.26027495232076
950.5999999998004,18.070574845245087
950.6333333331338,17.95139778765351
950.6666666664672,17.922240145027573
950.6999999998004,18.000212160965987
950.7333333331336,18.202424079067487
950.766666666467,18.545019438174567
950.7999999998004,19.021011436787777
950.8333333331336,19.59977384942077
950.8666666664668,20.24961191397406
950.8999999998002,20.938830868348145
950.9333333331336,0.0
950.9666666664668,0.0
950.9999999998,0.0
951.0333333331334,0.0
951.0666666664667,0.0
951.0999999998,0.0
951.1333333331334,0.0
951.1666666664668,0.0
951.1999999998,0.0
951.2333333331331,0.0
951.2666666664666,0.0
951.2999999998,0.0
951.3333333331332,0.0
951.3666666664664,0.0
951.3999999997998,0.0
951.4333333331332,0.0
951.4666666664664,0.0
951.4999999997996,0.0
951.533333333133,0.0
951.5666666664664,0.0
951.5999999997996,0.0
951.6333333331328,0.0
951.6666666664662,0.0
951.6999999997996,0.0
951.7333333331328,0.0
951.766666666466,0.0
951.7999999997994,0.0
951.8333333331328,0.0
951.866666666466,0.0
951.8999999997992,0.0
951.9333333331326,0.0
951.966666666466,0.0
951.9999999997992,0.0
952.0333333331324,0.0
952.0666666664658,0.0
952.0999999997993,0.0
952.1333333331324,0.0
952.1666666664656,0.0
952.199999999799,0.0
952.2333333331324,0.0
952.2666666664657,0.0
952.299999999799,0.0
952.3333333331324,0.0
952.3666666664656,0.0
952.3999999997988,0.0
952.4333333331322,0.0
952.4666666664656,0.0
952.4999999997988,0.0
952.533333333132,0.0
952.5666666664654,0.0
952.5999999997988,0.0
952.633333333132,0.0
952.6666666664652,0.0
952.6999999997986,0.0
952.733333333132,0.0
952.7666666664652,0.0
952.7999999997984,0.0
952.8333333331318,0.0
952.8666666664652,0.0
952.8999999997984,0.0
952.9333333331316,0.0
952.966666666465,0.0
952.9999999997984,0.0
953.0333333331316,0.0
953.0666666664648,0.0
953.0999999997982,0.0
953.1333333331316,0.0
953.1666666664648,0.0
953.199999999798,0.0
953.2333333331314,0.0
953.2666666664647,0.0
953.299999999798,0.0
953.3333333331312,0.0
953.3666666664648,0.0
953.399999999798,0.0
953.4333333331311,0.0
953.4666666664646,0.0
953.499999999798,0.0
953.5333333331312,0.0
953.5666666664644,0.0
953.5999999997978,0.0
953.6333333331312,0.0
953.6666666664644,0.0
953.6999999997976,0.0
953.733333333131,0.0
953.7666666664644,0.0
953.7999999997976,0.0
953.8333333331308,0.0
953.8666666664642,0.0
953.8999999997976,0.0
953.9333333331308,0.0
953.966666666464,0.0
953.9999999997974,0.0
954.0333333331308,0.0
954.066666666464,0.0
954.0999999997972,0.0
954.1333333331306,0.0
954.166666666464,0.0
954.1999999997972,0.0
954.2333333331304,0.0
954.2666666664638,0.0
954.2999999997973,0.0
954.3333333331304,0.0
954.3666666664636,0.0
954.399999999797,0.0
954.4333333331303,0.0
954.4666666664637,0.0
954.499999999797,0.0
954.5333333331304,0.0
954.5666666664636,0.0
954.5999999997968,0.0
954.6333333331302,0.0
954.6666666664636,0.0
954.6999999997968,0.0
954.73333333313,0.0
954.7666666664634,0.0
954.7999999997968,0.0
954.83333333313,0.0
954.8666666664632,0.0
954.8999999997966,0.0
954.93333333313,0.0
954.9666666664632,0.0
954.9999999997964,0.0
955.0333333331298,0.0
955.0666666664632,0.0
955.0999999997964,0.0
955.1333333331296,0.0
955.166666666463,0.0
955.1999999997964,0.0
955.2333333331296,0.0
955.2666666664628,0.0
955.2999999997962,0.0
955.3333333331296,0.0
955.3666666664628,0.0
955.399999999796,0.0
955.4333333331294,0.0
955.4666666664629,0.0
955.499999999796,0.0
955.5333333331292,0.0
955.5666666664628,0.0
955.599999999796,0.0
955.6333333331291,0.0
955.6666666664626,0.0
955.699999999796,0.0
955.7333333331292,0.0
955.7666666664624,0.0
955.7999999997958,0.0
955.8333333331292,0.0
955.8666666664624,0.0
955.8999999997956,0.0
955.933333333129,0.0
955.9666666664624,0.0
955.9999999997956,0.0
956.0333333331288,0.0
956.0666666664622,0.0
956.0999999997956,0.0
956.1333333331288,0.0
956.166666666462,0.0
956.1999999997954,0.0
956.2333333331288,0.0
956.266666666462,0.0
956.2999999997952,0.0
956.3333333331286,0.0
956.366666666462,0.0
956.3999999997952,0.0
956.4333333331284,0.0
956.4666666664618,0.0
956.4999999997953,0.0
956.5333333331284,0.0
956.5666666664616,0.0
956.599999999795,0.0
956.6333333331283,0.0
956.6666666664617,0.0
956.699999999795,0.0
956.7333333331284,0.0
956.7666666664616,0.0
956.7999999997947,0.0
956.8333333331282,0.0
956.8666666664616,0.0
956.8999999997948,0.0
956.933333333128,0.0
956.9666666664614,0.0
956.9999999997948,0.0
957.033333333128,0.0
957.0666666664612,0.0
957.0999999997946,0.0
957.133333333128,0.0
957.1666666664612,0.0
957.1999999997944,0.0
957.2333333331278,0.0
957.2666666664612,0.0
957.2999999997944,0.0
957.3333333331276,0.0
957.366666666461,0.0
957.3999999997944,0.0
957.4333333331276,0.0
957.4666666664608,0.0
957.4999999997942,0.0
957.5333333331276,0.0
957.5666666664608,0.0
957.599999999794,0.0
957.6333333331274,0.0
957.6666666664609,0.0
957.699999999794,0.0
957.7333333331272,0.0
957.7666666664608,0.0
957.799999999794,0.0
957.8333333331271,0.0
957.8666666664606,0.0
957.899999999794,0.0
957.9333333331272,0.0
957.9666666664604,0.0
957.9999999997938,0.0
958.0333333331272,0.0
958.0666666664604,0.0
958.0999999997936,0.0
958.133333333127,0.0
958.1666666664604,0.0
958.1999999997936,0.0
958.2333333331268,0.0
958.2666666664602,0.0
958.2999999997936,0.0
958.3333333331268,0.0
958.36666666646,0.0
958.3999999997934,0.0
958.4333333331268,0.0
958.46666666646,0.0
958.4999999997932,0.0
958.5333333331266,0.0
958.56666666646,0.0
958.5999999997932,0.0
958.6333333331264,0.0
958.6666666664598,0.0
958.6999999997932,0.0
958.7333333331264,0.0
958.7666666664596,0.0
958.799999999793,0.0
958.8333333331263,0.0
958.8666666664597,0.0
958.899999999793,0.0
958.9333333331264,0.0
958.9666666664596,0.0
958.9999999997927,0.0
959.0333333331262,0.0
959.0666666664596,0.0
959.0999999997928,0.0
959.133333333126,0.0
959.1666666664594,0.0
959.1999999997928,0.0
959.233333333126,0.0
959.2666666664592,0.0
959.2999999997926,0.0
959.333333333126,0.0
959.3666666664592,0.0
959.3999999997924,0.0
959.4333333331258,0.0
959.4666666664592,0.0
959.4999999997924,0.0
959.5333333331256,0.0
959.566666666459,0.0
959.5999999997924,0.0
959.6333333331256,0.0
959.6666666664588,0.0
959.6999999997922,0.0
959.7333333331256,0.0
959.7666666664588,0.0
959.799999999792,0.0
959.8333333331254,0.0
959.8666666664589,0.0
959.899999999792,0.0
959.9333333331252,0.0
959.9666666664588,0.0
959.999999999792,0.0
