wavelength,intensity
180.0,0.0
180.03333333333333,0.0
180.06666666666666,0.0
180.1,0.0
180.13333333333333,0.0
180.16666666666663,0.0
180.2,0.0
180.2333333333333,0.0
180.26666666666665,0.0
180.3,0.0
180.3333333333333,0.0
180.36666666666665,0.0
180.4,0.0
180.4333333333333,0.0
180.46666666666664,0.0
180.5,0.0
180.5333333333333,0.0
180.56666666666663,0.0
180.6,0.0
180.6333333333333,0.0
180.66666666666663,0.0
180.7,0.0
180.7333333333333,0.0
180.76666666666665,0.0
180.79999999999995,0.0
180.8333333333333,0.0
180.86666666666665,0.0
180.89999999999995,0.0
180.93333333333328,0.0
180.9666666666666,0.0
180.99999999999997,0.0
181.03333333333327,0.0
181.0666666666666,0.0
181.09999999999997,0.0
181.13333333333327,0.0
181.1666666666666,0.0
181.19999999999996,0.0
181.2333333333333,0.0
181.2666666666666,0.0
181.29999999999995,0.0
181.3333333333333,0.0
181.3666666666666,0.0
181.39999999999992,0.0
181.43333333333325,0.0
181.46666666666655,0.0
181.49999999999991,0.0
181.53333333333325,0.0
181.56666666666655,0.0
181.5999999999999,0.0
181.63333333333324,0.0
181.66666666666657,0.0
181.6999999999999,0.0
181.73333333333323,0.0
181.76666666666657,0.0
181.7999999999999,0.0
181.83333333333323,0.0
181.86666666666656,0.0
181.8999999999999,0.0
181.9333333333332,0.0
181.96666666666653,0.0
181.9999999999999,0.0
182.0333333333332,0.0
182.06666666666652,0.0
182.09999999999988,0.0
182.1333333333332,0.0
182.16666666666652,0.0
182.19999999999987,0.0
182.2333333333332,0.0
182.2666666666665,0.0
182.29999999999987,0.0
182.3333333333332,0.0
182.36666666666653,0.0
182.39999999999984,0.0
182.4333333333332,0.0
182.46666666666653,0.0
182.49999999999983,0.0
182.5333333333332,0.0
182.5666666666665,0.0
182.59999999999985,0.0
182.6333333333332,0.0
182.6666666666665,0.0
182.69999999999985,0.0
182.7333333333332,0.0
182.7666666666665,0.0
182.79999999999984,0.0
182.8333333333332,0.0
182.8666666666665,0.0
182.89999999999984,0.0
182.9333333333332,0.0
182.9666666666665,0.0
182.99999999999983,0.0
183.0333333333332,0.0
183.0666666666665,0.0
183.09999999999985,0.0
183.1333333333332,0.0
183.1666666666665,0.0
183.19999999999985,0.0
183.23333333333315,0.0
183.26666666666648,0.0
183.2999999999998,0.0
183.33333333333317,0.0
183.36666666666648,0.0
183.3999999999998,0.0
183.43333333333317,0.0
183.46666666666647,0.0
183.4999999999998,0.0
183.53333333333316,0.0
183.5666666666665,0.0
183.5999999999998,0.0
183.63333333333316,0.0
183.6666666666665,0.0
183.6999999999998,0.0
183.73333333333312,0.0
183.76666666666645,0.0
183.79999999999976,0.0
183.83333333333312,0.0
183.86666666666645,0.0
183.89999999999975,0.0
183.9333333333331,0.0
183.96666666666644,0.0
183.99999999999977,0.0
184.0333333333331,0.0
184.06666666666644,0.0
184.09999999999977,0.0
184.1333333333331,0.0
184.16666666666643,0.0
184.19999999999976,0.0
184.2333333333331,0.0
184.2666666666664,0.0
184.29999999999976,0.0
184.3333333333331,0.0
184.3666666666664,0.0
184.39999999999972,0.0
184.43333333333308,0.0
184.4666666666664,0.0
184.49999999999972,0.0
184.53333333333308,0.0
184.5666666666664,0.0
184.5999999999997,0.0
184.63333333333307,0.0
184.6666666666664,0.0
184.69999999999973,0.0
184.73333333333304,0.0
184.7666666666664,0.0
184.79999999999973,0.0
184.83333333333303,0.0
184.8666666666664,0.0
184.8999999999997,0.0
184.93333333333305,0.0
184.9666666666664,0.0
184.9999999999997,0.0
185.03333333333305,0.0
185.0666666666664,0.0
185.0999999999997,0.0
185.13333333333304,0.0
185.1666666666664,0.0
185.1999999999997,0.0
185.23333333333304,0.0
185.2666666666664,0.0
185.2999999999997,0.0
185.33333333333303,0.0
185.3666666666664,0.0
185.3999999999997,0.0
185.43333333333305,0.0
185.4666666666664,0.0
185.4999999999997,0.0
185.53333333333305,0.0
185.56666666666635,0.0
185.59999999999968,0.0
185.633333333333,0.0
185.66666666666637,0.0
185.69999999999968,0.0
185.733333333333,0.0
185.76666666666637,0.0
185.79999999999967,0.0
185.833333333333,0.0
185.86666666666636,0.0
185.8999999999997,0.0
185.933333333333,0.0
185.96666666666636,0.0
185.9999999999997,0.0
186.033333333333,0.0
186.06666666666632,0.0
186.09999999999965,0.0
186.13333333333296,0.0
186.16666666666632,0.0
186.19999999999965,0.0
186.23333333333295,0.0
186.2666666666663,0.0
186.29999999999964,0.0
186.33333333333297,0.0
186.3666666666663,0.0
186.39999999999964,0.0
186.43333333333297,0.0
186.4666666666663,0.0
186.49999999999963,0.0
186.53333333333296,0.0
186.5666666666663,0.0
186.5999999999996,0.0
186.63333333333296,0.0
186.6666666666663,0.0
186.6999999999996,0.0
186.73333333333292,0.0
186.76666666666628,0.0
186.7999999999996,0.0
186.83333333333292,0.0
186.86666666666628,0.0
186.8999999999996,0.0
186.9333333333329,0.0
186.96666666666627,0.0
186.9999999999996,0.0
187.03333333333293,0.0
187.06666666666624,0.0
187.0999999999996,0.0
187.13333333333293,0.0
187.16666666666623,0.0
187.1999999999996,0.0
187.2333333333329,0.0
187.26666666666625,0.0
187.2999999999996,0.0
187.3333333333329,0.0
187.36666666666625,0.0
187.3999999999996,0.0
187.4333333333329,0.0
187.46666666666624,0.0
187.4999999999996,0.0
187.5333333333329,0.0
187.56666666666624,0.0
187.5999999999996,0.0
187.6333333333329,0.0
187.66666666666623,0.0
187.6999999999996,0.0
187.7333333333329,0.0
187.76666666666625,0.0
187.7999999999996,0.0
187.8333333333329,0.0
187.86666666666625,0.0
187.89999999999955,2.4577445330578813
187.93333333333288,3.2632539747978395
187.9666666666662,5.867436535315676
187.99999999999957,10.813074946993243
188.03333333333288,17.43699344635749
188.0666666666662,24.82869320114016
188.09999999999957,31.63062919427589
188.13333333333287,35.37525575304871
188.1666666666662,33.446630260723126
188.19999999999956,25.596156864395223
188.2333333333329,16.085489331397593
188.2666666666662,9.630344253837643
188.29999999999956,8.20145603935181
188.3333333333329,9.721501230322149
188.3666666666662,11.829418918499938
188.39999999999952,13.401537706051686
188.43333333333285,14.734412592018122
188.46666666666616,16.176128779075032
188.49999999999952,17.568855276017107
188.53333333333285,18.30206113013149
188.56666666666615,17.828904279501046
188.5999999999995,16.63151015654032
188.63333333333284,15.908237635590426
188.66666666666617,16.751757221605597
188.6999999999995,19.150043346654112
188.73333333333284,22.496541206104187
188.76666666666617,26.117838078559373
188.7999999999995,28.929551258657455
188.83333333333283,29.6779233427411
188.86666666666616,27.59240508418701
188.8999999999995,24.321486564227847
188.93333333333285,22.268267271862477
188.96666666666616,23.160192303806536
188.9999999999995,26.19405376877865
189.0333333333328,29.975098525827157
189.06666666666612,33.62019199120163
189.09999999999948,37.6867049145776
189.1333333333328,42.978925485952985
189.16666666666612,49.4607784951498
189.19999999999948,55.29852180331788
189.2333333333328,58.44353535748141
189.2666666666661,58.03163546905765
189.29999999999947,55.14335083030463
189.3333333333328,51.03046904846332
189.3666666666661,46.59656696095831
189.3999999999995,42.30321225907304
189.4333333333328,38.58316794811968
189.46666666666613,35.86290923284569
189.49999999999943,34.56271969917537
189.5333333333328,35.06904998305162
189.56666666666607,37.27235501666278
189.59999999999943,40.68448218967389
189.6333333333328,44.77158181477317
189.6666666666661,48.62758376125208
189.69999999999945,51.12723304853153
189.7333333333328,51.465281682432895
189.7666666666661,51.235137863294696
189.79999999999944,53.11031716444987
189.8333333333328,59.23312769354675
189.8666666666661,68.81037310367516
189.89999999999944,80.04978426496942
189.9333333333328,93.20678563929462
189.9666666666661,116.87548839284308
189.99999999999943,161.76583844713142
190.0333333333328,229.31660172031795
190.0666666666661,292.7939609738224
190.09999999999943,320.1986036006021
190.1333333333328,295.3387584746591
190.1666666666661,238.2238376883513
190.19999999999945,173.82112811512727
190.23333333333275,119.63720644693484
190.26666666666608,80.15920672900917
190.2999999999994,58.45110208642574
190.33333333333275,52.81476151176189
190.36666666666608,55.16650891351903
190.3999999999994,57.19499088805679
190.43333333333277,55.96946589605837
190.46666666666607,54.127680961654974
190.4999999999994,54.37233944858325
190.53333333333276,56.36061372050872
190.56666666666607,57.31676923401744
190.5999999999994,54.72740948810132
190.63333333333276,49.67174550966715
190.6666666666661,45.434854012251485
190.6999999999994,44.86433720473759
190.73333333333272,47.16052637102643
190.76666666666603,49.81702106404157
190.7999999999994,50.77579703010112
190.83333333333272,50.57958725046393
190.86666666666605,50.68777261017727
190.89999999999935,52.06776407621535
190.9333333333327,53.617629178355855
190.96666666666604,53.69292514661585
190.99999999999935,51.404494714635206
191.0333333333327,48.21608934058632
191.06666666666604,46.04381958185056
191.09999999999937,45.6184770866415
191.1333333333327,44.90467015317876
191.16666666666603,41.4973734510309
191.19999999999936,35.12934017132067
191.2333333333327,29.31393064237884
191.26666666666603,27.87282205373666
191.29999999999936,31.2891868991464
191.3333333333327,35.53228161013762
191.366666666666,36.38667709453538
191.39999999999932,32.97636780291364
191.43333333333268,27.893764310436797
191.466666666666,23.78988985016344
191.49999999999932,21.692886752864556
191.53333333333268,21.33583678608296
191.566666666666,22.392030984316687
191.5999999999993,24.278678722169023
191.63333333333267,26.2566719197703
191.666666666666,27.65067269627481
191.6999999999993,28.2915338972361
191.73333333333267,28.244383388229423
191.766666666666,27.621283169073525
191.79999999999933,26.789012061653533
191.83333333333263,26.20263982958308
191.866666666666,26.14699386506276
191.89999999999927,26.207880630918297
191.93333333333263,25.79204406964549
191.966666666666,24.68238851460277
191.9999999999993,23.802097885691865
192.03333333333265,24.286169372104563
192.066666666666,26.49323338109284
192.0999999999993,29.02569110753042
192.13333333333264,30.258332469991583
192.166666666666,29.657784826799688
192.1999999999993,28.555596676776037
192.23333333333264,28.451216806124705
192.266666666666,30.27700690043145
192.2999999999993,34.22756972223527
192.33333333333263,40.4013351501204
192.366666666666,47.83075277401559
192.3999999999993,54.48750679310127
192.43333333333263,58.38868276713184
192.466666666666,58.89071050671449
192.4999999999993,56.36890424111931
192.53333333333265,51.2973021365313
192.56666666666595,44.88671180436238
192.59999999999928,38.77410587007185
192.63333333333264,34.437956931351096
192.66666666666595,32.1861354166676
192.69999999999928,31.816783228398425
192.7333333333326,32.98943328610766
192.76666666666597,34.65488531697974
192.79999999999927,35.534644568711386
192.8333333333326,35.080664100183974
192.86666666666596,35.52375733888511
192.89999999999927,39.75536796701893
192.9333333333326,50.68417869095863
192.96666666666596,71.26715383450961
192.9999999999993,104.42983133260658
193.0333333333326,146.7602286288187
193.06666666666592,181.6216239224773
193.09999999999928,190.9400390288856
193.1333333333326,170.27648254302105
193.16666666666592,136.63744897209332
193.19999999999925,108.57490944904572
193.23333333333255,93.73655022889024
193.2666666666659,86.74338280230904
193.29999999999924,81.64544739303085
193.33333333333255,76.27736141566815
193.3666666666659,71.91759542416003
193.39999999999924,70.0599844973782
193.43333333333257,73.34798473916094
193.4666666666659,85.22010796899636
193.49999999999923,108.13552893203352
193.53333333333256,135.75005170347023
193.5666666666659,157.12604005186162
193.59999999999923,162.94815109555603
193.63333333333256,154.3912268611765
193.6666666666659,136.71149090167066
193.6999999999992,114.8484776105387
193.73333333333252,92.24921229978294
193.76666666666588,71.93351565714141
193.7999999999992,56.25422982897848
193.83333333333252,45.33447884786717
193.86666666666588,38.83102082559963
193.8999999999992,36.07044108679198
193.9333333333325,35.56686636373686
193.96666666666587,35.71645505614937
193.9999999999992,35.38812560711469
194.0333333333325,34.31814160181376
194.06666666666587,32.35006039989023
194.0999999999992,29.972992907026843
194.13333333333253,28.568285781774808
194.16666666666583,29.511492368169083
194.1999999999992,32.39779030891195
194.23333333333247,34.95803276106482
194.26666666666583,34.990716372150494
194.2999999999992,32.73305024993697
194.3333333333325,30.35783931498564
194.36666666666585,29.87774246052928
194.3999999999992,31.059880703232714
194.4333333333325,32.32714808778208
194.46666666666584,32.32755836647947
194.4999999999992,31.501364742239183
194.5333333333325,31.089908736800115
194.56666666666584,31.98257715947837
194.5999999999992,33.18869942034732
194.6333333333325,33.09873076475472
194.66666666666583,30.72964481725836
194.6999999999992,27.50068016342476
194.7333333333325,25.40535532412595
194.76666666666583,25.606982573997584
194.7999999999992,26.9500785787033
194.8333333333325,27.88235373462395
194.86666666666585,27.59378738139963
194.89999999999915,26.80463946585368
194.93333333333248,26.41886958224145
194.96666666666584,27.035726110558198
194.99999999999915,28.78507012000571
195.03333333333248,31.7322319672436
195.0666666666658,35.194549731530294
195.09999999999917,37.62162399475791
195.13333333333247,37.52065337953187
195.1666666666658,35.344563895531735
195.19999999999916,33.25039878982982
195.23333333333247,33.26936566579641
195.2666666666658,35.23660127674748
195.29999999999916,37.53970454780806
195.3333333333325,38.71000874684814
195.3666666666658,38.67313112944792
195.39999999999912,38.04040818682243
195.43333333333248,37.35694717843718
195.4666666666658,36.75303202932176
195.49999999999912,36.20873322551437
195.53333333333245,35.65499616141219
195.56666666666575,34.817001818417424
195.5999999999991,33.36605464453857
195.63333333333244,31.3381830879162
195.66666666666575,29.879514381911743
195.6999999999991,30.34185632676169
195.73333333333244,33.07602646699729
195.76666666666577,36.202908112597
195.7999999999991,37.5626608596788
195.83333333333243,36.464570170953785
195.86666666666576,34.64544936876521
195.8999999999991,34.02725440274693
195.93333333333243,35.0546651131002
195.96666666666576,36.34476825098819
195.9999999999991,36.46905344260439
196.0333333333324,35.37103470061032
196.06666666666572,34.2700042057319
196.09999999999908,34.32483268608887
196.1333333333324,35.28358170955099
196.16666666666572,35.91026481506852
196.19999999999908,35.1287476676534
196.2333333333324,33.44457469355503
196.2666666666657,32.1844144542008
196.29999999999907,32.433687517190315
196.3333333333324,33.74442600522501
196.3666666666657,35.083786333969186
196.39999999999907,35.59312101155468
196.4333333333324,35.18856688526473
196.46666666666573,34.000235656863815
196.49999999999903,32.31558553232161
196.5333333333324,30.9221982755838
196.56666666666567,30.704520900218306
196.59999999999903,31.976533672871284
196.6333333333324,33.733713368770985
196.6666666666657,34.794544510484805
196.69999999999905,34.662945658947955
196.7333333333324,34.01094381636125
196.7666666666657,33.61007319245272
196.79999999999905,33.69885973592884
196.8333333333324,33.839200295471976
196.8666666666657,33.57273558234061
196.89999999999904,32.932881201683
196.9333333333324,32.42019951091181
196.9666666666657,32.506096784927536
196.99999999999903,33.02938647107344
197.0333333333324,33.379932689870294
197.0666666666657,33.013427729054435
197.09999999999903,32.05921214851095
197.1333333333324,31.0010765809612
197.1666666666657,30.301275766402043
197.19999999999905,30.2679400110401
197.23333333333235,31.14986001504889
197.26666666666569,33.05455768298668
197.29999999999905,35.462890668369006
197.33333333333235,37.68196176909636
197.36666666666568,39.29932005680474
197.399999999999,40.79389052595296
197.43333333333237,42.81959203060352
197.46666666666567,45.61519985111384
197.499999999999,48.46449673368059
197.53333333333237,50.5861382244368
197.56666666666567,56.45471231941801
197.599999999999,79.42201984117204
197.63333333333236,133.10116033335066
197.6666666666657,209.76030288083624
197.699999999999,274.92237240929137
197.73333333333235,294.14073860789176
197.76666666666569,268.0874228441932
197.799999999999,230.22350325492016
197.83333333333232,213.1947660840472
197.86666666666565,222.9899056233388
197.89999999999895,247.08875560231093
197.9333333333323,272.4576091164918
197.96666666666565,284.84857923853195
197.99999999999895,269.3920537439579
198.0333333333323,216.39460381174896
198.06666666666564,147.35443491061503
198.09999999999897,95.38609651264372
198.1333333333323,86.76143540981596
198.16666666666563,118.469668543936
198.19999999999897,179.68750519674845
198.2333333333323,254.0490789247989
198.26666666666563,308.3265583050053
198.29999999999896,306.2205780634189
198.3333333333323,235.81033250350825
198.3666666666656,138.7159343942959
198.39999999999893,63.40701531221952
198.43333333333229,40.75560957796933
198.4666666666656,73.32841025246137
198.49999999999892,160.2859965847846
198.53333333333228,273.5602901494694
198.5666666666656,352.6930259868658
198.59999999999891,339.2433845237568
198.63333333333227,247.2681701998279
198.6666666666656,154.8213564521252
198.6999999999989,136.6218625398967
198.73333333333227,202.0111633607229
198.7666666666656,317.6449585524429
198.79999999999893,448.48152241227166
198.83333333333223,551.8076445592922
198.8666666666656,581.2417808948858
198.89999999999893,504.2833533450273
198.93333333333223,365.5952400305069
198.9666666666656,236.4562514786463
198.9999999999989,170.188780767989
199.03333333333225,149.58853113168794
199.0666666666656,140.1762359204333
199.0999999999989,118.16806313479144
199.13333333333225,89.61291907535717
199.1666666666656,65.68593570747754
199.1999999999989,52.78730653854012
199.23333333333224,47.70669587631405
199.2666666666656,46.11074800754832
199.2999999999989,45.22347184785431
199.33333333333223,44.56223534864955
199.3666666666656,43.8386236716128
199.3999999999989,43.04284640196191
199.43333333333223,42.46778746053764
199.4666666666656,42.39413481401743
199.4999999999989,42.66569452479271
199.53333333333225,42.77567014273546
199.56666666666555,42.27317192581782
199.5999999999989,41.38593396620206
199.63333333333225,40.74177958571374
199.66666666666555,40.88854946160484
199.69999999999888,41.77713065043414
199.7333333333322,43.102993986250006
199.76666666666557,44.60269241984943
199.79999999999887,46.21855261324926
199.8333333333322,47.95575474476915
199.86666666666557,49.8773931786529
199.89999999999887,52.24622187892495
199.9333333333322,55.36619798200621
199.96666666666556,58.92754438542993
199.9999999999989,61.11490529557228
200.0333333333322,59.90563625568405
200.06666666666555,54.99820916934407
200.0999999999989,49.1424281536126
200.1333333333322,45.34818260162401
200.16666666666552,44.57270459471434
200.19999999999885,45.11095579971926
200.23333333333215,45.14044446468594
200.26666666666551,44.10984874307519
200.29999999999885,42.68078132496005
200.33333333333215,41.51513646457792
200.3666666666655,40.64726049719551
200.39999999999884,39.67167397410481
200.43333333333217,38.26942056680531
200.4666666666655,36.94454505503003
200.49999999999883,36.6210454794354
200.53333333333217,37.98423886205318
200.5666666666655,40.28941712836927
200.59999999999883,42.26856190505698
200.63333333333216,42.97752450382718
200.6666666666655,42.81299749288234
200.6999999999988,42.517562093628506
200.73333333333213,42.59320010716164
200.7666666666655,42.84275925352907
200.7999999999988,42.9432457353954
200.83333333333212,42.6394656365396
200.86666666666548,41.816869263241465
200.8999999999988,40.39005946322644
200.93333333333211,38.91917981569288
200.96666666666547,38.93482084216752
200.9999999999988,41.96858885868453
201.0333333333321,47.3819902102919
201.06666666666547,52.15058454646845
201.0999999999988,53.30648416252289
201.13333333333213,50.75058699192437
201.16666666666544,46.69480696678583
201.1999999999988,43.28044911266918
201.23333333333213,41.2512713931627
201.26666666666543,40.53087975386028
201.2999999999988,40.958781553688695
201.3333333333321,41.86591907825045
201.36666666666545,42.3686083260446
201.3999999999988,41.84540151286346
201.4333333333321,40.93104760461303
201.46666666666545,40.63486786384649
201.4999999999988,41.58800950773847
201.5333333333321,43.15995226420417
201.56666666666544,44.45860854046136
201.5999999999988,44.91541092051398
201.6333333333321,44.72378814782381
201.66666666666544,44.18730397922413
201.6999999999988,43.6481328028316
201.7333333333321,43.513733701619465
201.76666666666543,44.18214121477011
201.7999999999988,45.51035517265766
201.8333333333321,46.6907607236702
201.86666666666545,46.92038220540977
201.8999999999988,46.26099874468223
201.9333333333321,45.54971971610002
201.96666666666545,45.56696754540819
201.99999999999875,46.100206482158185
202.03333333333208,46.28920713825418
202.0666666666654,45.40482173695867
202.09999999999877,43.82647280665108
202.13333333333208,42.45393033617216
202.1666666666654,42.01722646764179
202.19999999999877,42.32501994428827
202.23333333333207,42.88001639992359
202.2666666666654,43.534015081147146
202.29999999999876,45.43176714665625
202.3333333333321,50.01481115198096
202.3666666666654,57.643539733403536
202.39999999999876,65.87770546026024
202.4333333333321,71.85121652088863
202.4666666666654,74.8878595970562
202.49999999999872,78.34890383022534
202.53333333333205,85.91274349389276
202.56666666666536,96.41201338806816
202.59999999999872,102.23123450911248
202.63333333333205,95.71330087120894
202.66666666666535,77.97689909303386
202.6999999999987,58.62598949256459
202.73333333333204,46.987717959839024
202.76666666666537,44.2406307676594
202.7999999999987,45.8461289335951
202.83333333333204,47.50682003429378
202.86666666666537,47.97641042568484
202.8999999999987,47.5473073045095
202.93333333333203,46.54145200206664
202.96666666666536,45.382809786210686
202.9999999999987,44.53172623705312
203.033333333332,44.33863658015466
203.06666666666536,44.718029199197765
203.0999999999987,45.47642976820856
203.133333333332,46.46589439283449
203.16666666666532,47.66393039221889
203.19999999999868,49.06862629343056
203.233333333332,50.57552212133448
203.26666666666532,51.880500239993765
203.29999999999868,52.65913268031051
203.333333333332,52.71119370618842
203.3666666666653,52.00995984616552
203.39999999999867,50.57659029944792
203.433333333332,49.25203806997711
203.46666666666533,49.70564186556541
203.49999999999864,53.44896571078238
203.533333333332,59.29957517898376
203.56666666666533,64.10633071751293
203.59999999999863,65.05086132274347
203.633333333332,62.67257681793445
203.6666666666653,59.27011341819823
203.69999999999865,56.8384469299544
203.733333333332,55.46691916019257
203.7666666666653,54.54054570046281
203.79999999999865,53.52001036311415
203.833333333332,52.18057910560742
203.8666666666653,50.37865876242292
203.89999999999864,48.49809760661598
203.933333333332,48.41605455899121
203.9666666666653,52.256640010895374
203.99999999999864,60.095844533874974
204.033333333332,67.93487921581958
204.0666666666653,71.35545432387634
204.09999999999863,68.93633581416918
204.133333333332,63.51394798046048
204.1666666666653,58.20459452162151
204.19999999999865,55.05682968259314
204.233333333332,55.02655791570138
204.2666666666653,58.88009402885953
204.29999999999865,65.41801641472208
204.33333333333195,71.99171134278433
204.36666666666528,76.1323459549219
204.3999999999986,77.28113994085297
204.43333333333197,75.88503312390951
204.46666666666528,72.48038597462457
204.4999999999986,68.08423917630915
204.53333333333197,63.8914507976144
204.56666666666527,60.899634528959446
204.5999999999986,59.30018791127108
204.63333333333196,59.078484470627934
204.6666666666653,59.91935169058157
204.6999999999986,60.66339864335877
204.73333333333196,60.010633597942174
204.7666666666653,57.48810120579549
204.7999999999986,54.24917990657014
204.83333333333192,51.6247165907968
204.86666666666525,50.380677565369055
204.89999999999856,50.49267301577273
204.93333333333192,51.88176537546884
204.96666666666525,54.57031955245554
204.99999999999855,58.68241923915824
205.0333333333319,64.20963977124441
205.06666666666524,69.28548319147787
205.09999999999857,70.70503848067533
205.1333333333319,65.85728521891447
205.16666666666524,57.5185459361641
205.19999999999857,51.22278558845577
205.2333333333319,51.396043154411885
205.26666666666523,55.95060120382113
205.29999999999856,60.47012817999123
205.3333333333319,62.870476617272125
205.3666666666652,70.22446518256643
205.39999999999856,91.83660229829864
205.4333333333319,129.45644288593968
205.4666666666652,164.50497003441924
205.49999999999852,175.1464258646085
205.53333333333188,153.31375353603514
205.5666666666652,116.8266447332234
205.59999999999852,86.21297957504672
205.63333333333188,75.79181139149782
205.6666666666652,91.5959784766607
205.6999999999985,138.64118154177444
205.73333333333187,212.61073537870672
205.7666666666652,300.2799919625084
205.79999999999853,387.3251410143045
205.83333333333184,450.10127828002607
205.8666666666652,458.6116564669612
205.89999999999853,389.4393291887199
205.93333333333183,272.94803764898694
205.9666666666652,165.3754342051537
205.9999999999985,112.98777962891867
206.03333333333185,107.76775719896352
206.0666666666652,123.60290900795236
206.0999999999985,138.2602816340625
206.13333333333185,143.64638120497258
206.1666666666652,134.89015034800423
206.1999999999985,111.72500603955513
206.23333333333184,85.34976344170433
206.2666666666652,68.62525178424447
206.2999999999985,66.65012185893333
206.33333333333184,71.01976688963836
206.3666666666652,72.19355279935208
206.3999999999985,68.13644012460263
206.43333333333183,66.0685829915177
206.4666666666652,73.27626512367311
206.4999999999985,87.7399566893271
206.53333333333185,99.26120536143677
206.5666666666652,98.3657469522126
206.5999999999985,86.71844884147575
206.63333333333185,72.93267560495471
206.66666666666515,64.7039194493569
206.69999999999848,62.38463650753436
206.7333333333318,63.12058141715843
206.76666666666517,64.38210818845698
206.79999999999848,65.2615134768559
206.8333333333318,65.33711595375297
206.86666666666517,64.53757451655268
206.89999999999847,63.92890310674692
206.9333333333318,64.8032777380126
206.96666666666516,67.5464738219546
206.9999999999985,70.5242837225504
207.0333333333318,71.86827543766522
207.06666666666516,72.07056387375448
207.0999999999985,75.30326110480941
207.1333333333318,85.85707790065082
207.16666666666512,102.47629526745266
207.19999999999845,117.78267449560934
207.23333333333176,124.46198113017005
207.26666666666512,121.040209305122
207.29999999999845,110.61926166129696
207.33333333333175,96.45042900544256
207.3666666666651,82.04061908052316
207.39999999999844,71.03780679569948
207.43333333333177,66.37448856648555
207.4666666666651,66.54510476500151
207.49999999999844,68.34800274883678
207.53333333333177,69.1947287765226
207.5666666666651,69.05448990091465
207.59999999999843,68.55940551430712
207.63333333333176,68.21365199382944
207.6666666666651,68.16256477107244
207.69999999999845,68.48822795561664
207.73333333333176,69.17627021756451
207.7666666666651,70.02597355888821
207.7999999999984,70.82124890768596
207.83333333333172,71.5983856189481
207.86666666666508,72.73543931594286
207.8999999999984,74.58775481148321
207.93333333333172,76.50987194676775
207.96666666666508,76.8982361284775
207.9999999999984,74.35394839801438
208.0333333333317,70.48899325652978
208.06666666666507,68.94929975774075
208.0999999999984,72.86062872100062
208.13333333333173,80.97855548221189
208.1666666666651,90.00058666556673
208.1999999999984,96.84925234448168
208.23333333333173,99.67072035482089
208.26666666666503,97.0050250343431
208.2999999999984,89.49680797244903
208.33333333333167,85.06850949950868
208.36666666666505,93.18703091107228
208.3999999999984,115.84700000577756
208.4333333333317,137.5092823268743
208.46666666666505,140.30854031701313
208.4999999999984,119.0864945151795
208.5333333333317,89.33116009578677
208.56666666666504,68.06064061205132
208.5999999999984,61.611091191505
208.6333333333317,64.13393187123924
208.66666666666504,69.29305443835683
208.6999999999984,73.57281655331356
208.7333333333317,75.72428918807545
208.76666666666503,74.86581548397884
208.7999999999984,73.05778950653803
208.8333333333317,74.0144265644622
208.86666666666505,80.44764581619182
208.8999999999984,88.67413896140091
208.9333333333317,92.53908082798232
208.96666666666505,87.77393195791547
208.99999999999835,77.98013322092996
209.03333333333168,68.80330166176213
209.066666666665,64.14959193366641
209.09999999999835,63.07323729178736
209.13333333333168,63.79435152774669
209.166666666665,65.12520071477176
209.19999999999837,67.00714526387783
209.23333333333167,69.50048489219755
209.266666666665,72.34281135836366
209.29999999999836,74.84347186986042
209.33333333333167,76.30205891934648
209.366666666665,76.41996697629854
209.39999999999836,75.27277377456257
209.4333333333317,72.99031606681723
209.466666666665,70.17386678127329
209.49999999999832,67.73194321897577
209.53333333333163,66.49172185284259
209.566666666665,66.63756631466907
209.59999999999832,68.06464300632683
209.63333333333165,70.48145220895829
209.66666666666495,72.69437209397391
209.6999999999983,73.23586298453763
209.73333333333164,71.48139469669394
209.76666666666495,69.53633062546656
209.7999999999983,70.04770298703211
209.83333333333164,73.74819582946995
209.86666666666497,77.18404373899428
209.8999999999983,76.40876151219038
209.93333333333163,70.86729171805908
209.96666666666496,65.11776312270136
209.9999999999983,63.96963413083226
210.03333333333163,67.88437075370338
210.06666666666496,72.7480619041578
210.0999999999983,74.51220951741462
210.1333333333316,73.08530666777196
210.16666666666492,71.28537757808441
210.19999999999828,71.63354468692314
210.2333333333316,73.5280840674652
210.26666666666492,74.77929593588847
210.29999999999828,73.70469947539932
210.3333333333316,71.50374448897728
210.3666666666649,70.36906140240228
210.39999999999827,71.71455217318851
210.4333333333316,74.09856286934382
210.4666666666649,75.42893055850152
210.49999999999827,74.6489436182367
210.5333333333316,73.23681247105517
210.56666666666493,73.03449517151222
210.59999999999823,74.62010143180588
210.6333333333316,76.45835064767043
210.66666666666487,76.86075110974667
210.69999999999823,75.60195880556938
210.7333333333316,74.15390459526961
210.7666666666649,74.0102973260807
210.79999999999825,75.48351521662768
210.8333333333316,77.93115170524732
210.8666666666649,80.7000521515371
210.89999999999824,83.29683607660739
210.9333333333316,85.31742322760742
210.9666666666649,86.38303982199025
210.99999999999824,86.2643583928614
211.0333333333316,84.7887572267788
211.0666666666649,82.1944453862146
211.09999999999823,80.3746428911087
211.1333333333316,81.636952912036
211.1666666666649,86.9041974687251
211.19999999999823,93.39987064726284
211.2333333333316,97.75294140879392
211.2666666666649,98.16682072871778
211.29999999999825,95.69360161609144
211.33333333333155,91.68707916688162
211.36666666666488,87.5657294915782
211.39999999999824,84.828719742056
211.43333333333155,84.86561146488312
211.46666666666488,87.00305897708388
211.4999999999982,88.78109011932351
211.53333333333157,87.9340774378022
211.56666666666487,84.85930569352334
211.5999999999982,81.54661411749909
211.63333333333156,79.79028921992374
211.66666666666487,79.94963455234698
211.6999999999982,81.80133927877482
211.73333333333156,84.91728754744858
211.7666666666649,87.99422835950976
211.7999999999982,89.49458627903289
211.83333333333152,89.04063664303415
211.86666666666488,89.54651898952302
211.8999999999982,94.48358077336412
211.93333333333152,104.72889517168024
211.96666666666485,116.20838424252872
211.99999999999815,124.43527109714952
212.0333333333315,130.62000658782915
212.06666666666484,143.42826505169307
212.09999999999815,171.3241278722363
212.1333333333315,209.13027981236448
212.16666666666484,239.32450411355708
212.19999999999817,250.78956041408543
212.2333333333315,308.442490692892
212.26666666666483,524.5979730978305
212.29999999999816,979.9243095344596
212.3333333333315,1531.3451585093885
212.36666666666483,1941.244459961301
212.39999999999816,2023.3475870027053
212.4333333333315,1822.6700278534247
212.4666666666648,1448.905972120496
212.49999999999812,1008.536099239628
212.53333333333148,598.6059154449568
212.5666666666648,314.0053408606588
212.59999999999812,195.1426585776577
212.63333333333148,175.5722990630947
212.6666666666648,177.34089479545764
212.6999999999981,160.60296134436487
212.73333333333147,136.51791847099898
212.7666666666648,119.27789501519632
212.7999999999981,112.4679023418764
212.83333333333147,109.89201542004962
212.8666666666648,105.50056102624583
212.89999999999813,99.04713077445656
212.93333333333143,93.95968629586572
212.9666666666648,93.16040229952031
212.99999999999807,95.61737141275084
213.03333333333143,98.60686780964944
213.0666666666648,99.89146065876022
213.0999999999981,99.45925471922828
213.13333333333145,97.9263746799754
213.1666666666648,95.81644500204568
213.1999999999981,93.38031033599016
213.23333333333144,90.81973045877324
213.2666666666648,88.45346703102946
213.2999999999981,86.82994765881509
213.33333333333144,86.50900528798134
213.3666666666648,87.41694020521115
213.3999999999981,88.63450912365077
213.43333333333143,89.31840993392063
213.4666666666648,91.28674973982126
213.4999999999981,98.79607589210102
213.53333333333143,115.29293405612486
213.5666666666648,134.1623147105913
213.5999999999981,142.48374489059324
213.63333333333145,129.97013698920009
213.66666666666475,105.16386600763563
213.69999999999808,84.54592240095977
213.73333333333144,80.7720150745801
213.76666666666475,89.43471243260797
213.79999999999808,101.40685613913426
213.8333333333314,109.49912208781429
213.86666666666477,112.1035120652532
213.89999999999807,108.62377630132887
213.9333333333314,99.961825996395
213.96666666666476,89.88573637224577
213.99999999999807,82.42415620196866
214.0333333333314,79.17347961018146
214.06666666666476,78.5744513906253
214.0999999999981,78.90700318423653
214.1333333333314,79.38168934587488
214.16666666666472,80.0351330841085
214.19999999999808,80.89145318349085
214.2333333333314,81.5359394211921
214.26666666666472,81.28866902517426
214.29999999999805,79.66315413306485
214.33333333333135,77.46988583175387
214.3666666666647,76.04352646396902
214.39999999999804,76.41139178865828
214.43333333333135,78.29852715071253
214.4666666666647,81.08650511333339
214.49999999999804,83.98583055029628
214.53333333333137,85.73898069466044
214.5666666666647,85.02250274700235
214.59999999999803,81.79893409994375
214.63333333333136,78.36631851685438
214.6666666666647,77.2108065321787
214.69999999999803,78.7878817766452
214.73333333333136,81.05613965616024
214.7666666666647,81.93723019812123
214.799999999998,81.34124562256554
214.83333333333132,80.845352607824
214.86666666666468,81.94186992336105
214.899999999998,84.78290067343211
214.93333333333132,88.75979235393721
214.96666666666468,93.17201129177488
214.999999999998,96.81235431091756
215.0333333333313,98.28278266989336
215.06666666666467,97.23881662256184
215.099999999998,97.44683113232308
215.1333333333313,103.66893987637972
215.16666666666467,118.06604878484372
215.199999999998,136.22117254220163
215.23333333333133,152.71200947825093
215.26666666666463,163.51567383016322
215.299999999998,166.9602451362259
215.33333333333127,161.7133358371868
215.36666666666463,149.79443158298758
215.399999999998,137.03144082351733
215.4333333333313,129.09264526500894
215.46666666666465,126.15149869577296
215.499999999998,124.14090041215786
215.5333333333313,119.37247537341788
215.56666666666464,112.44876106835962
215.599999999998,106.19865358488865
215.6333333333313,102.92105568395516
215.66666666666464,101.90551208537752
215.699999999998,101.41561742370229
215.7333333333313,100.26934456605244
215.76666666666463,99.23079768780984
215.799999999998,99.48657263989446
215.8333333333313,101.37530043024512
215.86666666666463,103.30554666600553
215.899999999998,103.43789485935058
215.9333333333313,101.01643240937386
215.96666666666465,96.92694958387024
215.99999999999795,92.2100963412774
216.03333333333129,88.33751359840423
216.06666666666464,87.22206164823689
216.09999999999795,90.54048702867352
216.13333333333128,96.68900126108711
216.1666666666646,101.7938800043903
216.19999999999797,102.54637864398802
216.23333333333127,100.29739285528927
216.2666666666646,98.54596737960212
216.29999999999797,99.98927079694276
216.33333333333127,103.42425549120996
216.3666666666646,106.48126446723676
216.39999999999796,108.67877701967156
216.4333333333313,115.31926823260063
216.4666666666646,132.7726732495035
216.49999999999795,162.55242442063823
216.53333333333129,196.47146519065384
216.5666666666646,225.23082921510957
216.59999999999792,241.2227707550498
216.63333333333125,239.09416731174724
216.66666666666455,214.233512693782
216.6999999999979,173.22261857936147
216.73333333333125,132.7080461495725
216.76666666666455,108.24990602012066
216.7999999999979,100.03810477094596
216.83333333333124,98.9843912975444
216.86666666666457,97.013933462185
216.8999999999979,93.42853815248024
216.93333333333123,90.4621644613424
216.96666666666457,89.76943459445772
216.9999999999979,90.61223769822854
217.03333333333123,91.6438028904786
217.06666666666456,92.06457893306737
217.0999999999979,92.50227848462676
217.1333333333312,93.80574617802192
217.16666666666453,96.13646623768294
217.19999999999789,98.4798076562258
217.2333333333312,99.7218890075
217.26666666666452,99.2263386237962
217.29999999999788,96.9033211136028
217.3333333333312,92.78035621067735
217.3666666666645,88.19151744906553
217.39999999999787,85.47601332406364
217.4333333333312,86.6415990062166
217.4666666666645,90.61132873341823
217.49999999999787,94.7304494985146
217.5333333333312,96.75044446295828
217.56666666666453,96.65613243429888
217.59999999999783,95.17360231734816
217.6333333333312,93.60282820567392
217.66666666666453,95.17602474030926
217.69999999999783,103.51479721886986
217.7333333333312,119.024800211525
217.7666666666645,135.13651968451055
217.79999999999785,144.45329907128115
217.8333333333312,143.80455705258598
217.8666666666645,136.0717398815121
217.89999999999785,124.57082302068876
217.9333333333312,111.93740118019744
217.9666666666645,100.15492381626092
217.99999999999784,91.11233625569568
218.0333333333312,85.91343524971197
218.0666666666645,85.15944844902756
218.09999999999783,88.92735444882483
218.1333333333312,93.751892500337
218.1666666666645,94.68057220648603
218.19999999999783,88.46024992868419
218.2333333333312,79.1436014464307
218.2666666666645,72.73666768008401
218.29999999999785,72.88200499466458
218.33333333333115,76.80361665653886
218.36666666666449,80.66405654339637
218.39999999999785,82.17806421348399
218.43333333333115,81.79950276074
218.46666666666448,80.30453143929307
218.4999999999978,79.80517058199139
218.53333333333117,83.9779560681321
218.56666666666447,96.15514978977716
218.5999999999978,113.03156772394698
218.63333333333117,126.1123140508177
218.66666666666447,127.78526396434872
218.6999999999978,119.35845166157128
218.73333333333116,106.74721856627184
218.7666666666645,95.3056069943162
218.7999999999978,87.1812815951274
218.83333333333115,83.45477861141434
218.86666666666449,84.47216443743369
218.8999999999978,88.11932128831354
218.93333333333112,91.77243220090786
218.96666666666445,93.75569491572908
218.99999999999775,94.42487965117468
219.03333333333111,94.41827856261504
219.06666666666445,95.3158891351981
219.09999999999775,100.02172866151484
219.1333333333311,111.23461243752573
219.16666666666444,125.42890953499472
219.19999999999777,133.25994946935828
219.2333333333311,126.25477264772212
219.26666666666443,107.996114503461
219.29999999999777,89.5356192840585
219.3333333333311,80.40448250442007
219.36666666666443,79.44414011319651
219.39999999999776,81.19289735252842
219.4333333333311,81.66773399041153
219.4666666666644,82.9482611852603
219.49999999999773,88.64901826419334
219.5333333333311,99.59792103539542
219.5666666666644,109.4799449143923
219.59999999999772,110.9263444043488
219.63333333333108,101.9981290579747
219.6666666666644,89.76807591933104
219.69999999999771,81.98145384051787
219.73333333333107,81.55871703448801
219.7666666666644,86.13181798649356
219.7999999999977,93.22364763018696
219.83333333333107,102.56341945784636
219.8666666666644,115.48284879771688
219.89999999999773,132.66935163096784
219.93333333333103,149.43698318395892
219.9666666666644,158.5493994555983
219.99999999999773,154.7986627477773
220.03333333333103,142.8545034602538
220.0666666666644,130.3652922816849
220.0999999999977,122.76311885077536
220.13333333333105,118.79395531945046
220.1666666666644,115.95985250597307
220.1999999999977,113.1220608908733
220.23333333333105,111.76038020598617
220.2666666666644,113.6008413224334
220.2999999999977,118.48681293246808
220.33333333333104,123.88679431612243
220.3666666666644,127.25045706802338
220.3999999999977,128.2777947216259
220.43333333333103,128.54498616458562
220.4666666666644,129.3409190025056
220.4999999999977,128.72664008588322
220.53333333333103,122.9992948121839
220.5666666666644,111.4502250993512
220.5999999999977,110.31909039334586
220.63333333333105,141.7677186171662
220.6666666666644,218.02992385170904
220.6999999999977,316.72730074377426
220.73333333333105,407.9689969422306
220.76666666666435,466.0238522656031
220.79999999999768,474.3027820518694
220.833333333331,418.0618017264655
220.86666666666437,312.9885014302049
220.89999999999768,218.1482098251428
220.933333333331,194.05679194482133
220.96666666666437,262.7806715081975
220.99999999999767,410.31683926970055
221.033333333331,617.0341156498619
221.06666666666436,817.1072937861879
221.0999999999977,916.286991031736
221.133333333331,839.752267312076
221.16666666666436,640.0984866497253
221.1999999999977,420.2825152766068
221.233333333331,263.35997234976304
221.26666666666432,173.4035193320377
221.29999999999765,135.01250225377493
221.33333333333096,131.6376424503983
221.36666666666432,143.90192574630987
221.39999999999765,152.21780675087982
221.43333333333095,150.73839371150024
221.4666666666643,155.34577506746282
221.49999999999764,183.9717906848005
221.53333333333097,257.7160601741404
221.5666666666643,400.9576166281265
221.59999999999764,631.5709580632292
221.63333333333097,884.5084973215154
221.6666666666643,1038.4685829952098
221.69999999999763,992.4209348152574
221.73333333333096,798.5269518756088
221.7666666666643,575.8752320184288
221.7999999999976,420.4216108789323
221.83333333333096,325.8309629485494
221.8666666666643,257.85754811704186
221.8999999999976,193.0930991109192
221.93333333333092,137.44645176932886
221.96666666666428,101.6397293450205
221.9999999999976,88.6771768931022
222.03333333333092,88.27467459767422
222.06666666666428,89.06208096338067
222.0999999999976,86.15119859268793
222.1333333333309,81.91843611570098
222.16666666666427,78.95483147365
222.1999999999976,77.48733214741002
222.23333333333093,76.01027322860132
222.26666666666424,73.23885489752391
222.2999999999976,69.93571384275542
222.33333333333093,67.83069737169548
222.36666666666423,68.25499623779776
222.3999999999976,70.62516184203109
222.4333333333309,73.79180127904078
222.46666666666425,76.76450882859064
222.4999999999976,79.01619831840446
222.5333333333309,80.11471379798411
222.56666666666425,80.73283404204064
222.5999999999976,83.5751782197288
222.6333333333309,91.45624190587722
222.66666666666424,103.70105894794634
222.6999999999976,115.481242467351
222.7333333333309,121.9618184495617
222.76666666666424,121.8812191043964
222.7999999999976,116.7514669823705
222.8333333333309,108.60383774266754
222.86666666666423,103.22176026934984
222.8999999999976,108.2649622499841
222.9333333333309,128.14791040634935
222.96666666666425,150.92637829763524
222.9999999999976,159.53859945757344
223.0333333333309,144.23517681926586
223.06666666666425,117.72857230803274
223.09999999999755,96.96440593429242
223.13333333333088,91.32738121568846
223.1666666666642,95.64328198289542
223.19999999999757,103.16443555065536
223.23333333333088,110.01714336051027
223.2666666666642,115.89137717573728
223.29999999999757,120.6544473201078
223.33333333333087,123.4595061409372
223.3666666666642,122.8840679616156
223.39999999999756,117.81895450569633
223.4333333333309,110.04869460228478
223.4666666666642,102.85808136708422
223.49999999999756,98.8447358786894
223.5333333333309,96.9642440759591
223.5666666666642,94.9915731412281
223.59999999999752,91.51489813368944
223.63333333333085,87.70136858898037
223.66666666666416,85.22051787058665
223.69999999999752,84.8034037190143
223.73333333333085,85.32659749696687
223.76666666666415,85.46768165025497
223.7999999999975,84.5878564248853
223.83333333333084,82.91440605495686
223.86666666666417,80.74474246065691
223.8999999999975,78.61412919128108
223.93333333333084,77.25307135465074
223.96666666666417,77.25820184363644
223.9999999999975,77.97678102349502
224.03333333333083,78.09811342218913
224.06666666666416,76.8106559783279
224.0999999999975,75.96694174311828
224.1333333333308,78.2942219833025
224.16666666666416,84.99058034493513
224.1999999999975,92.36017818357776
224.2333333333308,95.74685450388624
224.26666666666412,92.64232835019892
224.29999999999748,84.80592209151806
224.3333333333308,74.59508532460013
224.36666666666412,67.84338129499109
224.39999999999748,74.79690611629209
224.4333333333308,104.9005736503472
224.4666666666641,149.70299822541213
224.49999999999747,186.08175957303607
224.5333333333308,193.37769939756507
224.56666666666413,176.69100551764538
224.59999999999744,154.62291941424897
224.6333333333308,142.36090658494476
224.66666666666413,136.62635939383966
224.69999999999743,128.12843894526102
224.7333333333308,111.39779908088248
224.7666666666641,93.04982294636108
224.79999999999745,82.04045837376118
224.8333333333308,82.29877054599727
224.8666666666641,87.9152778938856
224.89999999999745,91.95884457429824
224.9333333333308,91.73999305165498
224.9666666666641,89.85940246950987
224.99999999999744,89.10254881604988
225.0333333333308,89.9023067341257
225.0666666666641,90.80279911315776
225.09999999999744,90.58204603512266
225.1333333333308,90.4950512007787
225.1666666666641,93.06266383749208
225.19999999999743,99.93373926704116
225.2333333333308,108.28984980702616
225.2666666666641,113.9049686926653
225.29999999999745,117.96012464715534
225.3333333333308,138.1437541811583
225.3666666666641,195.06469829596912
225.39999999999745,285.3847291072364
225.43333333333075,360.5319147461412
225.46666666666408,368.31025292550106
225.4999999999974,302.47051703166073
225.53333333333077,211.973954863142
225.56666666666408,146.5642775014759
225.5999999999974,118.65815071662648
225.63333333333077,111.89655885201832
225.66666666666407,110.4848689821497
225.6999999999974,109.29577692154768
225.73333333333076,108.40811927280144
225.7666666666641,108.0988964558816
225.7999999999974,109.42688068719532
225.83333333333076,113.6842669159766
225.8666666666641,121.46148963212931
225.8999999999974,131.32362269716336
225.93333333333072,141.4817871125347
225.96666666666405,150.98893385553734
225.99999999999736,160.40197527959322
226.03333333333072,170.3923625787112
226.06666666666405,180.42446464484016
226.09999999999735,188.59223863757825
226.1333333333307,193.1835814334566
226.16666666666404,196.161856271176
226.19999999999737,202.1575517289936
226.2333333333307,214.81566428025332
226.26666666666404,229.89514847599105
226.29999999999737,239.55671038435491
226.3333333333307,237.8453746295663
226.36666666666403,227.25894545308745
226.39999999999736,212.6409530411403
226.4333333333307,198.41314986817216
226.46666666666405,187.87047116039528
226.49999999999736,184.08652655162203
226.5333333333307,187.5898906554521
226.566666666664,194.69321388095213
226.59999999999732,201.45476859939973
226.63333333333068,207.5151520497062
226.666666666664,216.28333118306756
226.69999999999732,231.0668820644381
226.73333333333068,251.74285338779083
226.766666666664,275.8920679996485
226.7999999999973,300.4524476956634
226.83333333333067,318.2663459894181
226.866666666664,320.4669909048132
226.89999999999733,301.4601294693242
226.9333333333307,268.842422940108
226.966666666664,233.5188842238541
226.99999999999733,203.5339096050672
227.03333333333063,180.0037573870709
227.066666666664,163.00123422968818
227.09999999999727,151.75547359498543
227.13333333333065,144.22466429860296
227.166666666664,138.30476499061368
227.1999999999973,132.8028134813676
227.23333333333065,127.39664063947588
227.266666666664,121.82309956431288
227.2999999999973,116.076725769939
227.33333333333064,110.3078636635524
227.366666666664,104.86360959925725
227.3999999999973,101.26448850190867
227.43333333333064,101.46866523027298
227.466666666664,106.26896973234275
227.4999999999973,112.3023512309152
227.53333333333063,115.2920486344598
227.566666666664,113.08981152199192
227.5999999999973,108.13084793347836
227.63333333333065,103.40749964855728
227.666666666664,100.30815613796126
227.6999999999973,98.06533307423368
227.73333333333065,95.829723733863
227.76666666666395,93.97275144390844
227.79999999999728,93.90509428278958
227.8333333333306,96.86677250364232
227.86666666666397,102.24092354957116
227.89999999999728,108.41832999633222
227.9333333333306,113.721102694445
227.96666666666397,116.16143815369608
227.99999999999727,113.65143025378391
228.0333333333306,105.6120121393984
228.06666666666396,96.12721578253752
228.09999999999727,90.15229842267938
228.1333333333306,89.75718777238038
228.16666666666396,91.5897579259602
228.1999999999973,91.80050020842329
228.2333333333306,89.7143126694074
228.26666666666392,88.39182387425724
228.29999999999723,90.83046847500992
228.3333333333306,96.0917476794133
228.36666666666392,100.313072696965
228.39999999999725,100.14161587868702
228.43333333333055,96.65129386817812
228.4666666666639,92.9590106473716
228.49999999999724,91.7919441743212
228.53333333333055,94.10118474955996
228.5666666666639,100.3434457818114
228.59999999999724,109.72074329955989
228.63333333333057,118.1372162911962
228.6666666666639,121.01469082752683
228.69999999999723,117.31463366895112
228.73333333333056,111.70029287446438
228.7666666666639,109.16946559177512
228.79999999999723,110.451337311684
228.83333333333056,111.95991748194452
228.8666666666639,110.35218330330864
228.8999999999972,107.22018686243636
228.93333333333052,107.2869128661004
228.96666666666388,114.1374257786507
228.9999999999972,123.86799451236188
229.03333333333052,129.664043608
229.06666666666388,126.92574412767618
229.0999999999972,119.22823493049832
229.1333333333305,112.0170094024755
229.16666666666387,108.78523453101197
229.1999999999972,108.7370108222849
229.2333333333305,110.52300435315384
229.26666666666387,113.51068394838602
229.2999999999972,118.0401243798205
229.33333333333053,124.42049097711012
229.36666666666383,131.20678205676842
229.3999999999972,135.4606198567215
229.43333333333047,134.6896182846894
229.46666666666383,130.84444194716505
229.4999999999972,128.22700594402386
229.5333333333305,130.15728259868143
229.56666666666385,134.82675582419932
229.5999999999972,138.79404307598767
229.6333333333305,140.61296036361273
229.66666666666384,144.81345470472002
229.6999999999972,156.98346494514715
229.7333333333305,177.4429866968616
229.76666666666384,196.9928472528965
229.7999999999972,205.79366322584968
229.8333333333305,204.31307940239736
229.86666666666383,204.59185639735284
229.8999999999972,218.3247062467654
229.9333333333305,244.65358645584595
229.96666666666383,273.9112412029197
229.9999999999972,298.80101451072704
230.0333333333305,330.0287908242441
230.06666666666385,386.0427182158268
230.09999999999715,477.40620637549705
230.13333333333048,582.5013191177461
230.16666666666384,671.6990609969235
230.19999999999715,765.5293930526491
230.23333333333048,1004.7342136444508
230.2666666666638,1544.1224199797743
230.29999999999717,2354.2447521671606
230.33333333333047,3135.992636025469
230.3666666666638,3579.326361690274
230.39999999999716,3579.800184539964
230.43333333333047,3220.423934887387
230.4666666666638,2597.234534012594
230.49999999999716,1866.4773336789756
230.5333333333305,1218.4036942614168
230.5666666666638,808.9465436448338
230.59999999999712,604.6234273249115
230.63333333333048,507.6542228154475
230.6666666666638,439.6913668662654
230.69999999999712,384.1240118758968
230.73333333333045,336.5589438010883
230.76666666666375,294.72937755354275
230.7999999999971,260.3922229247427
230.83333333333044,235.65389130057432
230.86666666666375,219.58487047492835
230.8999999999971,207.7145559327152
230.93333333333044,195.68874696279283
230.96666666666377,183.4860159459204
230.9999999999971,174.22546848289494
231.03333333333043,170.47796097219356
231.06666666666376,170.312956002355
231.0999999999971,169.80944660352148
231.13333333333043,166.26442283654694
231.16666666666376,162.07716026430182
231.1999999999971,160.96563207702576
231.2333333333304,164.1963387543309
231.26666666666372,167.07331822176198
231.29999999999708,164.09591948615326
231.3333333333304,154.2090777897901
231.36666666666372,142.9132247207912
231.39999999999708,135.95077676082823
231.4333333333304,133.47979726531676
231.4666666666637,130.55995055887493
231.49999999999707,122.80840606924318
231.5333333333304,113.06548178635806
231.5666666666637,108.23084769293165
231.59999999999707,113.34200812598378
231.6333333333304,123.15808807127452
231.66666666666373,128.99296027774452
231.69999999999703,125.74175814152404
231.7333333333304,119.43793558267149
231.76666666666367,118.22368103321593
231.79999999999703,125.27959376734786
231.8333333333304,134.6228493955861
231.8666666666637,139.44948431493643
231.89999999999705,137.86217491961122
231.9333333333304,133.52106011466705
231.9666666666637,130.2859094059972
231.99999999999704,130.71978144107376
232.0333333333304,136.4790160401826
232.0666666666637,148.26767241834273
232.09999999999704,160.33106064199663
232.1333333333304,164.18390812292924
232.1666666666637,154.60417664716513
232.19999999999703,139.2554120485034
232.2333333333304,128.9508698560105
232.2666666666637,129.4491825120088
232.29999999999703,134.91203118678123
232.3333333333304,137.98869340182375
232.3666666666637,136.1952398693177
232.39999999999705,133.80011142624127
232.43333333333035,135.3133671521494
232.46666666666368,140.74479268238028
232.49999999999704,146.25887005152947
232.53333333333035,148.7877815234987
232.56666666666368,153.1359498185497
232.599999999997,168.2099812418729
232.63333333333037,199.21776403037737
232.66666666666367,232.99963084172973
232.699999999997,250.767572294561
232.73333333333036,242.11204052137367
232.76666666666367,220.3122997914253
232.799999999997,202.68903518155005
232.83333333333036,197.8915031234382
232.8666666666637,199.9945569144351
232.899999999997,202.0851652697609
232.93333333333032,207.12690346349123
232.96666666666368,228.2364751030916
232.999999999997,277.07724128904493
233.03333333333032,343.75726398731405
233.06666666666365,404.8170622235887
233.09999999999695,443.77088086750433
233.1333333333303,487.7308003616536
233.16666666666364,580.1631006375843
233.19999999999695,744.1682609559241
233.2333333333303,932.4993364264076
233.26666666666364,1083.2798536302284
233.29999999999697,1207.7241519264385
233.3333333333303,1464.3221510804212
233.36666666666363,2023.0242451031256
233.39999999999696,2842.74209137844
233.4333333333303,3624.9704495238334
233.46666666666363,4069.822689662524
233.49999999999696,4081.004161420136
233.5333333333303,3714.256199872217
233.5666666666636,3043.0326076118085
233.59999999999692,2244.95394188214
233.63333333333028,1544.4193810823135
233.6666666666636,1111.9177578808103
233.69999999999692,892.9935607741054
233.73333333333028,774.8728784997346
233.7666666666636,674.9911997674556
233.7999999999969,583.0034477095234
233.83333333333027,499.15348394811525
233.8666666666636,424.8538230740481
233.8999999999969,363.1868290508852
233.93333333333027,317.198686080456
233.9666666666636,286.9452229839947
233.99999999999693,269.87532960402416
234.03333333333023,262.67885767469045
234.0666666666636,256.0286661648323
234.09999999999687,237.4256615725025
234.13333333333023,201.5024787467885
234.1666666666636,178.195356774269
234.1999999999969,208.2740327691164
234.23333333333025,309.50688509405154
234.2666666666636,435.13416002039696
234.2999999999969,527.5215932526797
234.33333333333024,554.5556345279274
234.3666666666636,526.3160502899651
234.3999999999969,457.0442519958304
234.43333333333024,365.73077654382257
234.4666666666636,276.1279501682022
234.4999999999969,212.2003930695365
234.53333333333023,197.95851646645988
234.5666666666636,257.44056465610686
234.5999999999969,409.0485177544817
234.63333333333023,638.6772695298033
234.6666666666636,920.5876819294508
234.6999999999969,1208.6049329791374
234.73333333333025,1390.162062271365
234.76666666666355,1340.143807554282
234.79999999999688,1034.5748585842205
234.83333333333024,640.5918874942131
234.86666666666355,342.56181770924
234.89999999999688,207.43796984135344
234.9333333333302,168.67185831224154
234.96666666666357,155.92428972529578
234.99999999999687,142.76227700611102
235.0333333333302,133.01604064042434
235.06666666666356,130.1783869240497
235.09999999999687,131.51150627641755
235.1333333333302,131.73389200541314
235.16666666666356,127.04290891973764
235.1999999999969,119.16036002036807
235.2333333333302,111.08961568865062
235.26666666666355,105.55459660242728
235.29999999999688,104.68328179558458
235.3333333333302,110.44367726657087
235.36666666666352,121.70927741128624
235.39999999999685,133.41799105761035
235.43333333333015,140.45906093684331
235.4666666666635,140.80280535935114
235.49999999999685,134.7903576152455
235.53333333333015,123.27789219541796
235.5666666666635,110.56001327328283
235.59999999999684,102.50522171471758
235.63333333333017,102.9342952328961
235.6666666666635,107.0663322912926
235.69999999999683,107.88864804651088
235.73333333333017,103.40387592460308
235.7666666666635,103.52762780819712
235.79999999999683,119.74708267103613
235.83333333333016,156.1624576506824
235.8666666666635,206.50786580893444
235.8999999999968,263.2432885970848
235.93333333333013,310.1975408105497
235.96666666666349,323.89549343862114
235.9999999999968,285.26521061253413
236.03333333333012,214.5914822452345
236.06666666666348,152.01894856624466
236.0999999999968,128.72764659557927
236.1333333333301,133.64065384719632
236.16666666666347,143.46154537259326
236.1999999999968,142.02289999510654
236.2333333333301,131.76304920730837
236.26666666666347,118.1934660961703
236.2999999999968,111.23264980918223
236.33333333333013,127.52997195703996
236.36666666666343,182.69523761055785
236.3999999999968,260.5499956382688
236.43333333333013,315.7608993319358
236.46666666666343,308.58198545422977
236.4999999999968,261.83205283069907
236.5333333333301,232.5761164922551
236.56666666666345,265.9284589270467
236.5999999999968,344.84474602106656
236.6333333333301,432.6992383369824
236.66666666666345,499.6292735975037
236.6999999999968,534.9008376815287
236.7333333333301,531.2808175093606
236.76666666666344,491.8121458368131
236.7999999999968,436.382951929086
236.8333333333301,385.9061606169842
236.86666666666343,349.38379444971264
236.8999999999968,324.146930255836
236.9333333333301,307.0682779180558
236.96666666666343,295.3334867843282
236.9999999999968,286.31114227543515
237.0333333333301,279.0323446502719
237.06666666666345,281.52999056735723
237.09999999999675,304.87130571237947
237.13333333333009,356.6012199788463
237.16666666666345,433.64406029591294
237.19999999999675,530.8369188894313
237.23333333333008,635.1468849376074
237.2666666666634,719.8896876779479
237.29999999999677,757.7995447822508
237.33333333333007,740.6275604970724
237.3666666666634,679.7501176616155
237.39999999999677,587.9075242635888
237.43333333333007,482.8699961523395
237.4666666666634,385.50060453561
237.49999999999676,313.28365418112884
237.5333333333301,264.1058067896347
237.5666666666634,228.8936531613858
237.59999999999675,200.3831809721844
237.63333333333009,177.06147769094258
237.6666666666634,158.5618063326229
237.69999999999672,145.60695495510163
237.73333333333005,140.89073365906734
237.76666666666335,147.12915681489412
237.79999999999671,162.19725888107217
237.83333333333005,178.782947731567
237.86666666666335,189.60404238787015
237.8999999999967,190.6304823817113
237.93333333333004,179.90447364280038
237.96666666666337,160.10160652825255
237.9999999999967,161.2356853238926
238.03333333333003,223.3744189677111
238.06666666666337,364.2758616878693
238.0999999999967,528.7047593716369
238.13333333333003,646.7945179990111
238.16666666666336,675.9644604193461
238.1999999999967,624.3609246995596
238.23333333333,506.29733079838593
238.26666666666333,353.66165233517813
238.2999999999967,217.6163679969785
238.33333333333,145.818128059537
238.36666666666332,133.12319143471808
238.39999999999668,140.0334579524924
238.43333333333,132.3516384635825
238.46666666666331,111.59901714052344
238.49999999999667,92.69628413530432
238.53333333333,85.69552771046041
238.5666666666633,84.38446199951659
238.59999999999667,79.25560828186201
238.63333333333,69.50039667397101
238.66666666666333,70.68311002499995
238.69999999999663,99.53280976993447
238.73333333333,154.8314045887545
238.76666666666333,215.5012602984668
238.79999999999663,260.23109402321217
238.83333333333,277.14498136453267
238.8666666666633,260.54411581718944
238.89999999999665,208.46329438240917
238.93333333333,141.02557873486626
238.9666666666633,86.66810074950178
238.99999999999665,65.10223690906994
239.03333333333,66.97128683561971
239.0666666666633,76.92636161248237
239.09999999999664,84.19546414619208
239.13333333333,86.59784837450037
239.1666666666633,83.05100045934302
239.19999999999663,76.63925363099162
239.23333333333,75.03268279107262
239.2666666666633,84.71092790540024
239.29999999999663,95.43849097011226
239.33333333333,86.1296909459913
239.3666666666633,47.33879171519073
239.39999999999665,40.68360183268567
239.43333333332995,154.19260363038094
239.4666666666633,419.5613462303364
239.49999999999665,683.978750939633
239.53333333332995,758.1694582394434
239.56666666666328,576.258737532116
239.5999999999966,299.9293908005648
239.63333333332997,110.66497536270889
239.66666666666328,64.70638015089916
239.6999999999966,83.17235357944386
239.73333333332997,87.41017253715235
239.76666666666327,77.5752975980286
239.7999999999966,103.80196087943858
239.83333333332996,201.8930799431673
239.8666666666633,319.4534368038888
239.8999999999966,372.2224241867823
239.93333333332995,310.0501164770947
239.9666666666633,191.0114217274381
239.9999999999966,94.15298582667826
240.03333333332992,60.93121548741001
240.06666666666325,65.71642949703674
240.09999999999656,76.65272870762648
240.13333333332992,79.62963020557264
240.16666666666325,79.0366166561446
240.19999999999655,79.53354488852372
240.2333333333299,79.35121995672264
240.26666666666324,72.79603445975151
240.29999999999657,60.64005556227534
240.3333333333299,79.93126527193846
240.36666666666324,180.2316761582232
240.39999999999657,371.7844338906161
240.4333333333299,546.0952414775509
240.46666666666323,573.6243205966605
240.49999999999656,424.5145108780595
240.5333333333299,238.54690433178325
240.5666666666632,166.18866399354818
240.59999999999656,225.5025852879593
240.6333333333299,303.08110883616723
240.6666666666632,291.40872274694755
240.69999999999652,199.1424864538025
240.73333333332988,102.1706170156209
240.7666666666632,62.308923746489015
240.79999999999652,63.65377666337843
240.83333333332988,65.05585648314815
240.8666666666632,47.45439260904623
240.8999999999965,54.3611705076057
240.93333333332987,139.43215408750766
240.9666666666632,300.623926810669
240.99999999999653,446.8175797375046
241.03333333332984,483.10879501824905
241.0666666666632,400.123952974508
241.09999999999653,268.21471801290335
241.13333333332983,156.42902340840146
241.1666666666632,93.67598422836296
241.1999999999965,87.18040486104661
241.23333333332985,135.87831864927085
241.2666666666632,199.79946559951307
241.2999999999965,227.3220188676789
241.33333333332985,190.81688979816323
241.3666666666632,125.38648809814111
241.3999999999965,75.79480337277862
241.43333333332984,62.14331691664741
241.4666666666632,67.99855407480003
241.4999999999965,74.62334135041894
241.53333333332984,74.87985504101106
241.5666666666632,71.63280551851777
241.5999999999965,67.97672286769117
241.63333333332983,66.19047481964638
241.6666666666632,68.14810630794976
241.6999999999965,74.65943406993028
241.73333333332985,81.89176341576234
241.7666666666632,84.75264200591815
241.7999999999965,80.83942877200388
241.83333333332985,74.14777930982336
241.86666666666315,69.5317225207228
241.89999999999648,68.75542918689935
241.9333333333298,69.40258803231102
241.96666666666317,68.90801501701038
241.99999999999648,66.9909951272439
242.0333333333298,65.16641697574052
242.06666666666317,64.84247695903031
242.09999999999647,66.2806336164347
242.1333333333298,69.22811335036278
242.16666666666316,73.26317366215473
242.1999999999965,77.3132938319492
242.2333333333298,80.15770414570125
242.26666666666316,82.4409399227409
242.2999999999965,88.78767466986837
242.3333333333298,104.08994052520704
242.36666666666312,124.98618184971748
242.39999999999645,138.05813000134236
242.43333333332976,130.55193666698634
242.46666666666312,106.484657400883
242.49999999999645,81.70620454742203
242.53333333332975,69.94922181440091
242.5666666666631,69.63679483609272
242.59999999999644,73.09699780071726
242.63333333332977,74.81884923232961
242.6666666666631,76.76679379010665
242.69999999999644,82.48057282920185
242.73333333332977,92.40310031423256
242.7666666666631,101.1296022217809
242.79999999999643,102.86080165002532
242.83333333332976,98.57704808244814
242.8666666666631,96.59436519588164
242.8999999999964,104.53307114210754
242.93333333332976,118.22978457468774
242.9666666666631,126.17624662148496
242.9999999999964,119.50594563530125
243.03333333332972,104.72800992033896
243.06666666666308,93.6849911699872
243.0999999999964,95.59218224274215
243.13333333332972,111.83634734278148
243.16666666666308,142.21900744138458
243.1999999999964,176.78781024501302
243.2333333333297,189.50282967871445
243.26666666666307,156.31250101545322
243.2999999999964,126.14940843230904
243.33333333332973,217.0749357769048
243.36666666666304,527.867544803023
243.3999999999964,953.623623145118
243.43333333332973,1279.1712818271492
243.46666666666303,1333.8908363325577
243.4999999999964,1163.9720494889878
243.5333333333297,879.8865398037365
243.56666666666305,577.7959360736234
243.5999999999964,317.477409784649
243.6333333333297,152.17066238860644
243.66666666666305,94.49100805040308
243.6999999999964,99.27211845290536
243.7333333333297,118.7830975360804
243.76666666666304,135.53711610953178
243.7999999999964,156.7516557309977
243.8333333333297,188.27203634950652
243.86666666666304,219.91915892317928
243.8999999999964,234.11605530221613
243.9333333333297,218.9224582700117
243.96666666666303,184.99221567133188
243.9999999999964,148.5705561415251
244.0333333333297,120.66975893774752
244.06666666666305,101.07766162141928
244.0999999999964,88.18423720950231
244.1333333333297,82.15980557166412
244.16666666666305,85.33045007696037
244.19999999999635,99.63933042354483
244.23333333332968,120.45135432215442
244.266666666663,138.57119155246534
244.29999999999637,146.22306416343116
244.33333333332968,145.08377971162545
244.366666666663,140.47748556980443
244.39999999999637,136.50534081471991
244.43333333332967,133.22795058689198
244.466666666663,129.87481291120343
244.49999999999636,125.3832045128802
244.5333333333297,118.16710681444847
244.566666666663,106.73570879449792
244.59999999999636,93.14568847190074
244.6333333333297,83.06172407953322
244.666666666663,81.5103574076906
244.69999999999632,85.47523416420373
244.73333333332965,87.29082318458416
244.76666666666296,81.13567275248789
244.79999999999632,70.80874593552703
244.83333333332965,63.14121720647091
244.86666666666295,62.30907068513708
244.8999999999963,65.3846281947649
244.93333333332964,68.3075720339726
244.96666666666297,69.25482230247424
244.9999999999963,69.71175983497754
245.03333333332964,71.40870792510972
245.06666666666297,75.70091450215894
245.0999999999963,83.6278679077012
245.13333333332963,95.55719076661182
245.16666666666296,106.65495332655944
245.1999999999963,109.62928960070124
245.23333333332965,100.02278426256656
245.26666666666296,84.89635306501167
245.2999999999963,74.19438803962898
245.3333333333296,72.9300923381833
245.36666666666292,75.47913684507493
245.39999999999628,74.97799056625645
245.4333333333296,69.38027865298085
245.46666666666292,62.45546928101922
245.49999999999628,58.1173447848385
245.5333333333296,57.71520930506911
245.5666666666629,60.840682995026725
245.59999999999627,66.82213055262571
245.6333333333296,73.58846441139156
245.66666666666293,78.54054623605714
245.6999999999963,80.5955361698573
245.7333333333296,83.49789893326785
245.76666666666293,91.89088483887076
245.79999999999623,105.59576876872563
245.8333333333296,116.11528378869012
245.8666666666629,114.5575352209642
245.89999999999625,101.44353829562502
245.9333333333296,86.45386894284567
245.9666666666629,78.8911199429241
245.99999999999625,80.95446393378191
246.0333333333296,90.95505885984524
246.0666666666629,107.07298742611174
246.09999999999624,127.05717867428756
246.1333333333296,148.52549201296824
246.1666666666629,167.63835647393998
246.19999999999624,176.94326739401583
246.2333333333296,168.63560916391685
246.2666666666629,143.57508778001335
246.29999999999623,114.4672538126411
246.3333333333296,94.29711062200056
246.3666666666629,87.40821992127333
246.39999999999625,91.46916334635046
246.4333333333296,103.47795466364651
246.4666666666629,116.95006743119076
246.49999999999625,123.91323586191832
246.53333333332955,119.26887973561357
246.56666666666288,108.27083459752828
246.5999999999962,98.46617709238846
246.63333333332957,93.6225255132989
246.66666666666288,90.2547728538107
246.6999999999962,84.24286593949968
246.73333333332957,76.33759756293597
246.76666666666287,72.51088899261717
246.7999999999962,78.10379354233092
246.83333333332956,89.05702601930541
246.8666666666629,95.65427995755938
246.8999999999962,90.7214278791154
246.93333333332956,80.74151533020724
246.9666666666629,76.62474269434819
246.9999999999962,83.6627295330848
247.03333333332952,91.9196962779844
247.06666666666283,89.16925583755645
247.0999999999962,77.05954026882439
247.13333333332952,77.71656493267676
247.16666666666285,112.9004389825111
247.19999999999615,170.62660030441157
247.2333333333295,210.94198538622493
247.26666666666284,199.60831150304276
247.29999999999615,152.09130616880702
247.3333333333295,106.62323600866632
247.36666666666284,91.48751837537203
247.39999999999617,96.22122680640553
247.4333333333295,101.099740205859
247.46666666666283,94.7880656155769
247.49999999999616,82.99436760637052
247.5333333333295,73.33586120778669
247.56666666666283,68.89244097047532
247.59999999999616,67.63778713062531
247.6333333333295,67.43724274789447
247.6666666666628,67.99726655239037
247.69999999999612,70.18273009448009
247.73333333332948,74.88577509960166
247.7666666666628,83.04890706649347
247.79999999999612,95.63103885866828
247.83333333332948,113.04564895030364
247.8666666666628,134.1741961175713
247.8999999999961,157.56994540400444
247.93333333332947,178.31536942284407
247.9666666666628,186.22616339674133
247.9999999999961,171.43579979781944
248.03333333332947,137.2354178434054
248.0666666666628,98.06324636476978
248.09999999999613,69.15175022306974
248.13333333332943,69.1513001470278
248.1666666666628,118.30562440203026
248.19999999999607,224.1389963280003
248.23333333332943,344.5576449246876
248.2666666666628,425.5357752096101
248.2999999999961,436.0303859687791
248.33333333332945,391.9716199737057
248.3666666666628,315.0446113946385
248.3999999999961,227.4212928974493
248.43333333332944,151.8216303073034
248.4666666666628,108.93161940684068
248.4999999999961,96.40947113342708
248.53333333332944,97.4988585790906
248.5666666666628,98.5063954511659
248.5999999999961,103.41832000325822
248.63333333332943,122.1378717002898
248.6666666666628,160.07713870127898
248.6999999999961,210.2409823377982
248.73333333332943,263.463410401274
248.7666666666628,307.9791322566025
248.7999999999961,328.1627083637121
248.83333333332945,309.8422126533624
248.86666666666275,268.24722550346985
248.89999999999608,242.8616618867233
248.9333333333294,267.5123153254653
248.96666666666275,328.57631833644143
248.99999999999608,391.0535806038957
249.0333333333294,424.1396365085091
249.06666666666277,413.0851970182349
249.09999999999607,347.0862138539265
249.1333333333294,239.79664824968884
249.16666666666276,152.65411680207848
249.19999999999607,149.96289991834394
249.2333333333294,226.26301479151877
249.26666666666276,301.2437515365914
249.2999999999961,298.95976879921056
249.3333333333294,226.9955308551621
249.36666666666272,142.4205267930488
249.39999999999608,93.20258292496156
249.4333333333294,78.3023514971396
249.46666666666272,81.32423226273694
249.49999999999605,89.86767550892374
249.53333333332935,101.81724661410787
249.5666666666627,116.67689403369909
249.59999999999604,133.46765665891982
249.63333333332935,150.5424107528218
249.6666666666627,166.19787314181838
249.69999999999604,178.62485484291577
249.73333333332937,185.933157354396
249.7666666666627,186.4218077565814
249.79999999999603,179.6789913469433
249.83333333332936,165.82554173438115
249.8666666666627,146.3974150245606
249.89999999999603,127.71570057971584
249.93333333332936,117.07407276133917
249.9666666666627,118.278310878483
249.999999999996,128.94055559131132
250.03333333332932,145.9169348183222
250.06666666666268,163.4468775448775
250.099999999996,173.22098215885893
250.13333333332932,168.2257487674275
250.16666666666268,154.16597784215
250.199999999996,143.5220277930576
250.2333333333293,145.50946435128765
250.26666666666267,154.5699529131317
250.299999999996,161.07013716806375
250.3333333333293,160.7645532000654
250.36666666666267,161.65959466008132
250.399999999996,173.15392791283168
250.43333333332933,194.27285110827785
250.46666666666263,211.3035607167005
250.499999999996,219.1845051216596
250.53333333332927,329.48285458776024
250.56666666666263,732.4622080034153
250.599999999996,1536.6068224827277
250.6333333333293,2369.4007158818285
250.66666666666265,2686.2005954948327
250.699999999996,2190.3470713323427
250.7333333333293,1307.001802372342
250.76666666666264,586.9200575377344
250.799999999996,293.7451079163234
250.8333333333293,249.8003098731511
250.86666666666264,247.6132817862157
250.899999999996,212.75428596072996
250.9333333333293,182.82687948300585
250.96666666666263,192.90678238128285
250.999999999996,232.87603333162875
251.0333333333293,272.09667254009673
251.06666666666263,287.8800221820783
251.099999999996,287.4036484720198
251.1333333333293,284.69395899873945
251.16666666666265,285.22522822718497
251.19999999999595,278.09789991587513
251.23333333332928,254.43238628729728
251.26666666666264,300.7064384683053
251.29999999999595,602.4381603037124
251.33333333332928,1307.5191112037808
251.3666666666626,2151.3533919780266
251.39999999999597,2636.2891010331955
251.43333333332927,2435.0438562454465
251.4666666666626,2032.5652630154011
251.49999999999596,2150.4292388825984
251.53333333332927,3072.4211305377685
251.5666666666626,4042.046173126476
251.59999999999596,4170.26752423298
251.6333333333293,3254.7984602412
251.6666666666626,1964.9362876992425
251.69999999999592,991.8526412478172
251.73333333332928,586.5280177797465
251.7666666666626,695.284965207251
251.79999999999592,1221.542452396443
251.83333333332925,1851.7143170542888
251.86666666666255,2193.0970386756894
251.8999999999959,2007.0966568042024
251.93333333332924,1508.282392748643
251.96666666666255,991.9670299136648
251.9999999999959,631.8017263471085
252.03333333332924,414.1741257237892
252.06666666666257,309.2251113032353
252.0999999999959,282.15335866970946
252.13333333332923,294.02294095728973
252.16666666666256,314.8007041393292
252.1999999999959,381.0011110978543
252.23333333332923,558.8901925370925
252.26666666666256,887.3701528500383
252.2999999999959,1305.901193183214
252.3333333333292,1731.2803762982628
252.36666666666252,2060.173778400079
252.39999999999588,2151.90372866295
252.4333333333292,1871.078158142269
252.46666666666252,1297.1037932564511
252.49999999999588,724.159757000187
252.5333333333292,423.5310885141008
252.5666666666625,370.0554742163096
252.59999999999587,378.9066071699966
252.6333333333292,325.5192614664825
252.6666666666625,358.0345542258884
252.69999999999587,698.9696943460679
252.7333333333292,1400.8661543344806
252.76666666666253,2138.4014993893493
252.79999999999583,2542.7688390925105
252.8333333333292,2481.507172607821
252.86666666666247,2101.854075571306
252.89999999999583,1565.5054177011525
252.9333333333292,1014.4081986988516
252.9666666666625,577.8801331713062
252.99999999999585,356.2634015542073
253.0333333333292,296.4815878481245
253.0666666666625,294.5832196875788
253.09999999999584,278.1654208258927
253.1333333333292,258.48503653760906
253.1666666666625,260.0718633562301
253.19999999999584,288.29133452278376
253.2333333333292,321.8972970394031
253.2666666666625,338.8092926882211
253.29999999999583,333.16744824035305
253.3333333333292,311.2706166757846
253.3666666666625,279.94271324871767
253.39999999999583,247.48270732157755
253.4333333333292,222.7692568083457
253.4666666666625,211.9902332629024
253.49999999999585,212.88921392356983
253.53333333332915,221.52551468067583
253.56666666666248,231.73451300137123
253.59999999999584,233.7567796424473
253.63333333332915,218.3642822488096
253.66666666666248,191.8454125780545
253.6999999999958,173.9652792801271
253.73333333332917,181.71048296819475
253.76666666666247,207.48274424494176
253.7999999999958,232.36911720850028
253.83333333332916,241.27196804421004
253.86666666666247,233.37614029062263
253.8999999999958,211.1958002400692
253.93333333332916,181.44155837176453
253.9666666666625,158.6601735984562
253.9999999999958,157.57872144549066
254.03333333332915,177.45398871222437
254.06666666666248,202.13687176854293
254.0999999999958,216.055357001602
254.13333333332912,214.849127429176
254.16666666666245,200.1059293685466
254.19999999999575,175.38295458917278
254.2333333333291,152.44853551971718
254.26666666666245,145.2148409260775
254.29999999999575,157.55749265713212
254.3333333333291,171.86485881003185
254.36666666666244,168.44065750070402
254.39999999999577,147.52426068694066
254.4333333333291,131.89480282306613
254.46666666666243,142.87452527401808
254.49999999999577,173.4020274420279
254.5333333333291,199.2784096020415
254.56666666666243,200.91949905868245
254.59999999999576,182.6939115436778
254.6333333333291,156.342513992401
254.6666666666624,131.52484654978255
254.69999999999573,112.82653995433937
254.73333333332909,104.04964514641188
254.7666666666624,108.03805903534172
254.79999999999572,126.41720500382164
254.83333333332908,159.81947033013753
254.8666666666624,197.47343443796024
254.8999999999957,220.86411364214675
254.93333333332907,215.25116053263736
254.9666666666624,187.96493496503135
254.9999999999957,154.04448131591562
255.03333333332907,125.07787041066491
255.0666666666624,103.14908048294568
255.09999999999573,88.70178670583327
255.13333333332903,81.11602892432471
255.1666666666624,78.26430385196153
255.19999999999573,77.92922924232255
255.23333333332903,78.25120500904411
255.2666666666624,77.64082001076487
255.2999999999957,74.87743303693672
255.33333333332905,71.04086745407153
255.3666666666624,68.11108243945226
255.3999999999957,67.5241280654902
255.43333333332905,69.03856528866949
255.4666666666624,72.08061871554027
255.4999999999957,75.38344310670524
255.53333333332904,76.59523881013297
255.5666666666624,73.47731122025321
255.5999999999957,67.28757224102857
255.63333333332903,62.18949610983491
255.6666666666624,61.71376288897556
255.6999999999957,64.26892919840823
255.73333333332903,66.0463988647251
255.7666666666624,64.56606090055682
255.7999999999957,61.89828291400077
255.83333333332905,61.06307391595633
255.86666666666235,63.69686049051463
255.89999999999569,69.06564197052288
255.93333333332905,76.09255141374881
255.96666666666235,81.57184753577165
255.99999999999568,80.37113013504877
256.03333333332904,69.54700600252836
256.0666666666624,63.923895595698255
256.09999999999576,86.7311440867575
256.1333333333291,150.4152079730216
256.1666666666625,227.0194245599109
256.19999999999584,279.3352301331085
256.2333333333292,287.30080197039547
256.26666666666256,262.7069990222513
256.2999999999959,220.67503530418276
256.3333333333293,173.35594891778754
256.36666666666264,130.00244865672542
256.399999999996,98.93687056392108
256.43333333332936,81.49753112755907
256.4666666666627,75.45392143519136
256.4999999999961,78.25862109758604
256.53333333332944,86.19873243127584
256.5666666666628,95.31154889898856
256.59999999999616,107.61257882987196
256.6333333333295,137.04439572444582
256.6666666666629,198.1172553878966
256.69999999999624,284.324757727856
256.7333333333296,367.2659176023044
256.76666666666296,419.2437179945517
256.7999999999963,428.718706261235
256.8333333333297,392.9714949924922
256.86666666666304,315.42657262801526
256.8999999999964,225.75563025262767
256.93333333332976,160.63459050892573
256.9666666666631,138.58914511978207
256.9999999999965,139.63390375446966
257.03333333332984,139.40501429183487
257.0666666666632,128.35776343311755
257.09999999999656,113.26759992677606
257.1333333333299,101.30921525041072
257.1666666666633,95.24604426783644
257.19999999999663,95.2968338960144
257.23333333333,101.05950643275412
257.2666666666633,109.42028289148598
257.2999999999967,116.53667215409824
257.3333333333301,129.16729573346524
257.36666666666343,177.7527941320796
257.3999999999968,294.3439906141121
257.4333333333301,462.7858884495399
257.4666666666635,611.3520924827689
257.4999999999969,671.2734947112856
257.53333333333023,637.9500618119043
257.5666666666636,545.4877088408884
257.5999999999969,427.603837946981
257.6333333333303,313.57158410314946
257.6666666666637,231.2709362869076
257.69999999999703,193.86242125745272
257.7333333333304,180.2431089490264
257.7666666666637,164.9468839609016
257.7999999999971,138.7892462906005
257.8333333333305,112.03969099551452
257.86666666666383,95.20846840902468
257.8999999999972,88.77912737086068
257.9333333333305,86.97676605485594
257.9666666666639,84.64377590800667
257.99999999999727,80.17901096543928
258.03333333333063,73.09782398398698
258.066666666664,65.67886791759362
258.0999999999973,66.83254513548246
258.1333333333307,86.03859174486362
258.16666666666407,118.8923645134058
258.19999999999743,143.964226151704
258.2333333333308,141.0123782112623
258.2666666666641,115.391460827496
258.2999999999975,88.81943854815857
258.33333333333087,79.85962795970786
258.36666666666423,89.58398002469664
258.3999999999976,113.4937670929732
258.4333333333309,148.898138786062
258.4666666666643,197.53889365494535
258.49999999999767,261.31255695014937
258.53333333333103,323.98859471814944
258.5666666666644,346.752169753771
258.5999999999977,294.4014816183268
258.6333333333311,190.5601590368062
258.66666666666447,96.97564216698656
258.69999999999783,63.41058553058346
258.7333333333312,74.23405207677912
258.76666666666455,92.7456733127151
258.7999999999979,94.49276681299996
258.83333333333127,85.31343016893322
258.8666666666646,75.50157881502557
258.899999999998,70.28244098523759
258.93333333333135,68.52871397599651
258.9666666666647,68.97000286836915
258.99999999999807,73.3786989977359
259.0333333333314,85.50603442216799
259.0666666666648,106.99410524866796
259.09999999999815,128.37673587913244
259.1333333333315,136.62229098196727
259.16666666666487,126.79973477336198
259.1999999999982,113.96497895725189
259.2333333333316,115.75265590368448
259.26666666666495,133.82467853840598
259.2999999999983,149.906648208881
259.33333333333167,146.16823766062475
259.366666666665,124.54894011529616
259.3999999999984,99.75903761250976
259.43333333333175,84.39443426571387
259.4666666666651,79.10996309569488
259.49999999999847,80.73995301705142
259.5333333333318,85.38518932116345
259.5666666666652,87.36377605179673
259.59999999999854,81.11625068000993
259.6333333333319,74.5058296043947
259.66666666666526,91.91379573876496
259.6999999999986,157.11507635000217
259.733333333332,275.4196968578071
259.76666666666534,440.4106171737893
259.7999999999987,637.0713077489162
259.83333333333206,808.1810791392402
259.8666666666654,883.4248426956091
259.8999999999988,825.1547696480263
259.93333333333214,673.4627893445984
259.9666666666655,479.5842528489264
259.99999999999886,289.1914298681142
260.0333333333322,141.27419594405112
260.0666666666656,70.1458934810605
260.09999999999894,63.149204394151326
260.1333333333323,78.59880205570983
260.16666666666566,81.75044725279184
260.199999999999,73.61267255479352
260.2333333333324,65.99966046381603
260.26666666666574,65.90251090851379
260.2999999999991,69.21637348881048
260.33333333333246,70.47367824861469
260.3666666666658,70.05059752852591
260.3999999999992,75.10681286721976
260.43333333333254,92.1015579968552
260.4666666666659,116.20861181505596
260.49999999999926,135.8854529147243
260.5333333333326,145.45645449459977
260.566666666666,166.85961038550727
260.59999999999934,229.87649769234255
260.6333333333327,333.8570699010088
260.66666666666606,411.2359152586533
260.6999999999994,388.2159839786656
260.7333333333328,265.8206682253059
260.76666666666614,128.17086440229997
260.7999999999995,55.83318443459116
260.83333333333286,51.97953296079635
260.8666666666662,75.89393237708241
260.8999999999996,92.2987880650093
260.93333333333294,91.94198537391549
260.9666666666663,72.81140085455705
260.99999999999966,51.001281108926335
261.033333333333,80.28238142007945
261.0666666666664,215.4406495951237
261.09999999999974,418.2102318126808
261.1333333333331,552.4311260517707
261.16666666666646,497.3411391207659
261.1999999999998,314.8976956212462
261.2333333333332,164.72469656425406
261.26666666666654,162.77984047405127
261.2999999999999,242.54945482213665
261.33333333333326,291.2925979044851
261.3666666666666,250.89239122142
261.4,169.7134060714702
261.43333333333334,106.6264263786228
261.4666666666667,80.47360839915991
261.50000000000006,70.60446853058151
261.5333333333334,57.83666658959498
261.5666666666668,49.289058036523286
261.60000000000014,65.18545911050356
261.6333333333335,116.05218588939768
261.66666666666686,175.4026724729923
261.7000000000002,208.20920304819515
261.7333333333336,198.5093326230658
261.76666666666694,164.81338682897277
261.8000000000003,128.71869972563184
261.83333333333366,101.18458504577804
261.866666666667,83.42637313748922
261.9000000000004,75.92216241196832
261.93333333333374,76.28151842030034
261.9666666666671,80.7969661840455
262.00000000000045,86.71421600547437
262.0333333333338,94.5924213353998
262.0666666666672,105.65828440408244
262.10000000000053,117.73424652799436
262.1333333333339,122.98820252727484
262.16666666666725,113.75796349499554
262.2000000000006,94.46605262250782
262.233333333334,79.70669752479303
262.26666666666733,81.289511262847
262.3000000000007,89.83209506025804
262.33333333333405,87.09714017280933
262.3666666666674,66.87440831891345
262.4000000000008,60.54647232775635
262.43333333333413,106.09050379795264
262.4666666666675,201.5546213275153
262.50000000000085,284.63554516787445
262.5333333333342,292.41953609732855
262.5666666666676,227.34182967789175
262.60000000000093,141.854816868098
262.6333333333343,84.2897948576892
262.66666666666765,70.189449042202
262.700000000001,102.75527305760929
262.7333333333344,174.6759051454439
262.76666666666773,249.3820411160544
262.8000000000011,285.7759682439195
262.83333333333445,265.8519714495976
262.8666666666678,203.06843336231444
262.9000000000012,118.21479602595024
262.93333333333453,96.60991222592403
262.9666666666679,267.99818646584805
263.00000000000125,709.5047559981884
263.0333333333346,1211.4545480344398
263.066666666668,1468.8662409942924
263.10000000000133,1318.3315468801457
263.1333333333347,946.5216950803518
263.16666666666805,589.6954223520604
263.2000000000014,364.3014799872973
263.2333333333348,240.9961853884239
263.26666666666813,183.4135709831507
263.3000000000015,174.59049646566223
263.33333333333485,209.44244167126527
263.3666666666682,279.9018175021037
263.4000000000016,363.1433490537208
263.43333333333493,432.0669972253677
263.4666666666683,466.65796615468565
263.50000000000165,462.2883805077045
263.533333333335,416.8600844181406
263.5666666666684,341.76443177226207
263.6000000000017,262.9136221596992
263.6333333333351,204.6128465304597
263.66666666666845,169.81748636069662
263.7000000000018,150.00067336348567
263.7333333333352,137.52793093077344
263.7666666666685,128.81673568766792
263.8000000000019,121.31648972405902
263.83333333333525,113.44250251038773
263.8666666666686,105.43789045524365
263.900000000002,97.82022421372122
263.9333333333353,92.57973155428556
263.9666666666687,93.09519305734166
264.00000000000205,101.988841466623
264.0333333333354,115.6110593652837
264.0666666666688,127.38784115117612
264.1000000000021,132.08533210174383
264.1333333333355,129.15048125908075
264.16666666666885,119.07789532411284
264.2000000000022,105.06836875294688
264.2333333333356,94.74999525576952
264.2666666666689,95.5720013847119
264.3000000000023,105.33496670744692
264.33333333333564,113.95374802513156
264.366666666669,112.77595976510167
264.4000000000024,103.93162053901638
264.4333333333357,93.84730934238009
264.4666666666691,87.80485308899155
264.50000000000244,87.71134987785231
264.5333333333358,94.81058199122806
264.5666666666692,107.98579557662217
264.6000000000025,122.80800404857438
264.6333333333359,134.8210362201084
264.66666666666924,142.44548122317943
264.7000000000026,146.11682224047104
264.733333333336,146.05181391638058
264.7666666666693,141.06412983931602
264.8000000000027,129.503437641742
264.83333333333604,112.01673138142182
264.8666666666694,94.88545858812437
264.9000000000028,85.05402151927791
264.9333333333361,83.47962252371286
264.9666666666695,83.97366170303302
265.00000000000284,80.65188364747335
265.0333333333362,75.14238142807696
265.0666666666696,73.52592477896452
265.1000000000029,81.4105138863484
265.1333333333363,102.04066418046868
265.16666666666964,137.94774326093176
265.200000000003,183.4148574103603
265.2333333333364,215.8430926630734
265.2666666666697,211.645793813882
265.3000000000031,172.30054520296105
265.33333333333644,124.50045342607932
265.3666666666698,93.19318835656244
265.4000000000032,79.66725996955586
265.4333333333365,73.51136859012516
265.4666666666699,66.77008530901205
265.50000000000324,60.71919261089623
265.5333333333366,58.69746182545963
265.56666666667,61.377816301419664
265.6000000000033,64.90615130061819
265.6333333333367,65.25115973796983
265.66666666667004,62.86937371747445
265.7000000000034,61.98437859911068
265.7333333333368,65.79468405317535
265.7666666666701,69.94661864766346
265.8000000000035,67.02564563156987
265.83333333333684,56.49857227145564
265.8666666666702,58.116812090698005
265.9000000000036,94.86880750491709
265.9333333333369,167.65366786872886
265.9666666666703,246.4431411330626
266.00000000000364,300.3454776327374
266.033333333337,316.9749561192739
266.0666666666704,296.75383570276176
266.1000000000037,243.4566283091504
266.1333333333371,177.14071087455224
266.16666666667044,123.15987434927489
266.2000000000038,96.20501194074753
266.2333333333372,85.67599785970295
266.2666666666705,77.63789721199544
266.3000000000039,68.0302311100842
266.33333333333724,64.10861845950514
266.3666666666706,72.42488779235126
266.400000000004,86.65391363451724
266.4333333333373,93.22453961526084
266.4666666666707,83.31954056206938
266.50000000000404,68.20756121690118
266.5333333333374,64.27921202112945
266.5666666666708,77.4401640539343
266.6000000000041,93.64919244265612
266.6333333333375,97.2800815216019
266.66666666667084,85.85815542241428
266.7000000000042,69.13570944744517
266.73333333333755,56.399752908906784
266.7666666666709,50.03437163267118
266.8000000000043,49.31727218717994
266.83333333333763,52.862304744629135
266.866666666671,57.1738360407314
266.90000000000435,58.37554325242412
266.9333333333377,55.28042314663216
266.9666666666711,50.789638478658
267.00000000000443,47.96857784118085
267.0333333333378,47.338665024993375
267.06666666667115,47.52395178056703
267.1000000000045,47.35198796835211
267.1333333333379,47.06573782074372
267.16666666667123,47.406635314569606
267.2000000000046,48.645349010248594
267.23333333333795,49.85985569161049
267.2666666666713,49.966330273325326
267.3000000000047,48.67730899534807
267.33333333333803,46.66738689761441
267.3666666666714,44.641033976086
267.40000000000475,43.0176115291164
267.4333333333381,42.04829316891272
267.4666666666715,41.94346593090601
267.50000000000483,42.74584838854507
267.5333333333382,44.4507433521663
267.56666666667155,46.8108481529595
267.6000000000049,49.101838171822095
267.63333333333827,50.58232267906711
267.66666666667163,51.3249002874426
267.700000000005,52.17754636999653
267.73333333333835,53.96696765925935
267.7666666666717,57.12471214732288
267.80000000000507,61.90103376197752
267.83333333333843,67.82850913194459
267.8666666666718,72.08291223827648
267.90000000000515,71.40796347354768
267.9333333333385,65.51441411907665
267.96666666667187,58.63740482381944
268.00000000000523,55.08961542258113
268.0333333333386,54.88365017327221
268.06666666667195,54.838045812173625
268.1000000000053,52.31677615326301
268.13333333333867,48.170120914203565
268.16666666667203,44.46172686362208
268.2000000000054,42.49818271302792
268.23333333333875,41.705068259234594
268.2666666666721,41.26319374180604
268.30000000000547,41.67299714603497
268.3333333333388,44.989122265566365
268.3666666666722,52.86255971967234
268.40000000000555,62.07160421859516
268.4333333333389,66.61503103584683
268.46666666667227,62.43144188299276
268.5000000000056,53.64281032519205
268.533333333339,46.466286016518566
268.56666666667235,44.24649100434418
268.6000000000057,44.9498856349346
268.63333333333907,46.03102547763535
268.6666666666724,46.463922651149936
268.7000000000058,46.59423874049324
268.73333333333915,46.9113975773172
268.7666666666725,48.57013890314244
268.80000000000587,53.01007922855593
268.8333333333392,60.38620039144909
268.8666666666726,66.93820943681992
268.90000000000595,68.23311861730583
268.9333333333393,63.14372044754482
268.96666666667267,55.21294565373832
269.000000000006,48.19286308071546
269.0333333333394,44.024681474492425
269.06666666667275,43.412048138631
269.1000000000061,46.69964360804079
269.13333333333946,52.5381180626864
269.1666666666728,59.0442071780514
269.2000000000062,64.40288733837815
269.23333333333954,66.95207710812514
269.2666666666729,65.13523532458343
269.30000000000626,59.57422327099552
269.3333333333396,53.20391267179076
269.366666666673,48.8357571366183
269.40000000000634,47.26701788488134
269.4333333333397,48.271566385218726
269.46666666667306,51.28899241764012
269.5000000000064,54.576538471250814
269.5333333333398,56.14482981177082
269.56666666667314,55.50217118790367
269.6000000000065,54.61987289235952
269.63333333333986,55.52169165220869
269.6666666666732,57.47476431801039
269.7000000000066,57.56653071163085
269.73333333333994,53.69548058302166
269.7666666666733,48.94482992775948
269.80000000000666,48.30312543573543
269.83333333334,53.85368253891155
269.8666666666734,60.15372462072424
269.90000000000674,60.72207627033625
269.9333333333401,54.50703689829363
269.96666666667346,47.02714074303648
270.0000000000068,43.71456751164416
270.0333333333402,45.15794379827176
270.06666666667354,49.13874395198053
270.1000000000069,53.65624785488293
270.13333333334026,57.76052642983393
270.1666666666736,60.783033534267794
270.200000000007,62.85521628996162
270.23333333334034,65.5937891192605
270.2666666666737,70.60120348496648
270.30000000000706,76.20434670343754
270.3333333333404,77.8309731751791
270.3666666666738,71.78278535260296
270.40000000000714,60.960542667378405
270.4333333333405,51.00218161593697
270.46666666667386,46.32017316502319
270.5000000000072,47.74561096562425
270.5333333333406,55.3944833654557
270.56666666667394,66.51113530923024
270.6000000000073,74.50197895909457
270.63333333334066,73.21503238712657
270.666666666674,64.62873039461529
270.7000000000074,55.91321225720996
270.73333333334074,52.81679482397809
270.7666666666741,54.13128992873641
270.80000000000746,56.64734867789691
270.8333333333408,58.03066438855215
270.8666666666742,57.72389385025279
270.90000000000754,55.42997283321478
270.9333333333409,51.811612651406215
270.96666666667426,48.45216644126232
271.0000000000076,46.90974004158439
271.033333333341,48.27913244628231
271.06666666667434,53.44587284114871
271.1000000000077,61.85154263882444
271.13333333334106,68.40187983768227
271.1666666666744,67.23746137810697
271.2000000000078,58.53224791676032
271.23333333334114,51.08741598665711
271.2666666666745,53.73469968176235
271.30000000000786,67.38873739968874
271.3333333333412,87.57745160382312
271.3666666666746,108.96592947549269
271.40000000000794,122.46862372146136
271.4333333333413,117.89111530086154
271.46666666667466,93.40656736424503
271.500000000008,65.16230534537814
271.5333333333414,50.98916344377123
271.56666666667473,53.71868169187126
271.6000000000081,61.08110237879293
271.63333333334145,61.7798227214071
271.6666666666748,57.36948618944536
271.7000000000082,55.470623188699655
271.73333333334153,63.79948405094174
271.7666666666749,90.2691926090142
271.80000000000825,142.47365169786147
271.8333333333416,208.85539183126625
271.866666666675,249.4885306765131
271.90000000000833,226.5246166796764
271.9333333333417,159.1956263225034
271.96666666667505,106.77784058782008
272.0000000000084,114.68395984734796
272.0333333333418,153.60771754977543
272.06666666667513,170.67905177099416
272.1000000000085,138.8734360403212
272.13333333334185,87.96122627141371
272.1666666666752,54.265487630999225
272.2000000000086,50.22449588283905
272.23333333334193,63.83280959707806
272.2666666666753,82.51213423076005
272.30000000000865,97.94201808961816
272.333333333342,103.83775508962658
272.36666666667537,97.10560449361505
272.4000000000088,85.18276867142436
272.4333333333421,77.55628577898405
272.46666666667545,76.83072446655345
272.5000000000088,75.38883723385808
272.53333333334217,65.88734251904707
272.5666666666756,55.34994113944566
272.6000000000089,60.85896717030179
272.63333333334225,93.6135867713998
272.6666666666756,134.07591487391238
272.70000000000897,153.11291978063934
272.7333333333424,136.5468941448551
272.7666666666757,102.66867058000209
272.80000000000905,73.4662183228224
272.8333333333424,57.901092112271016
272.86666666667577,51.81222554073803
272.9000000000092,50.82543351883518
272.9333333333425,53.40021777456104
272.96666666667585,59.321128228291215
273.0000000000092,67.55972042416234
273.03333333334257,74.44481165008538
273.0666666666759,75.83700884798839
273.1000000000093,70.71804739047163
273.13333333334265,62.56770255074856
273.166666666676,55.4075608502138
273.20000000000937,55.64074388999844
273.2333333333427,71.2807714177139
273.2666666666761,105.70173083428462
273.30000000000945,139.7452996735278
273.3333333333428,147.57824781233563
273.36666666667617,120.75414604463744
273.4000000000095,86.86215759231544
273.4333333333429,76.64842343902627
273.46666666667625,92.65189973550264
273.5000000000096,110.3271529999216
273.53333333334297,108.48732526420932
273.5666666666763,98.33282400551184
273.6000000000097,105.37187369633558
273.63333333334305,140.94203941234386
273.6666666666764,173.4023654169273
273.70000000000977,163.98670142358296
273.7333333333431,114.70994151843036
273.7666666666765,82.78884802279528
273.80000000000985,123.29254435150028
273.8333333333432,222.69704294336805
273.86666666667657,324.14074228397845
273.9000000000099,378.7154730252551
273.9333333333433,375.90003720979865
273.96666666667664,315.9675212939095
274.00000000001,214.31426166586965
274.03333333334336,115.270247565185
274.0666666666767,64.51863416612181
274.1000000000101,72.0572500490545
274.13333333334344,116.26375749066484
274.1666666666768,174.95769909357958
274.20000000001016,229.47636325679892
274.2333333333435,262.58541651199613
274.2666666666769,263.7939048773034
274.30000000001024,241.025220813518
274.3333333333436,205.2066767259684
274.36666666667696,163.38104420543695
274.4000000000103,117.80894314398267
274.4333333333437,72.38744155056398
274.46666666667704,50.10990955954525
274.5000000000104,84.86598481972823
274.53333333334376,194.46270232839876
274.5666666666771,332.73184894308395
274.6000000000105,437.9912633945469
274.63333333334384,469.73460432206434
274.6666666666772,423.6557004247528
274.70000000001056,302.4962432223195
274.7333333333439,163.65089256264818
274.7666666666773,107.76383635806457
274.80000000001064,209.92620786607824
274.833333333344,392.6132127852828
274.86666666667736,524.4051125325798
274.9000000000107,525.0936554773168
274.9333333333441,437.0340985886444
274.96666666667744,319.72617158375886
275.0000000000108,211.74093987783837
275.03333333334416,128.9543156623048
275.0666666666775,83.75476427469263
275.1000000000109,68.90959288004262
275.13333333334424,67.42860157886355
275.1666666666776,67.13917314845357
275.20000000001096,72.38255249861541
275.2333333333443,90.74624887971684
275.2666666666777,117.20904737987776
275.30000000001104,128.08899410147347
275.3333333333444,101.9704402321574
275.36666666667776,64.9135200242327
275.4000000000111,75.41890341029035
275.4333333333445,174.35743861598527
275.46666666667784,315.0716800240559
275.5000000000112,424.89282432435454
275.53333333334456,457.558118854594
275.5666666666779,420.3067953309416
275.6000000000113,327.5998926991054
275.63333333334464,209.04865419266525
275.666666666678,108.27810569076426
275.70000000001136,62.31221533857216
275.7333333333447,59.5735481713294
275.7666666666781,68.21406228086119
275.80000000001144,66.04132349760981
275.8333333333448,58.03822815533568
275.86666666667816,53.70569963232375
275.9000000000115,55.739646895011546
275.9333333333449,58.38125122492892
275.96666666667824,56.18700736467873
276.0000000000116,52.02938207597903
276.03333333334496,53.515350717567415
276.0666666666783,65.37933327598452
276.1000000000117,80.97892449869498
276.13333333334504,90.97134896736858
276.1666666666784,90.64576827848524
276.20000000001176,83.0100938011612
276.2333333333451,71.79981434436384
276.2666666666785,60.69593965887408
276.30000000001183,53.337903092166485
276.3333333333452,52.41778463247533
276.3666666666785,55.5173052624993
276.4000000000119,58.50731252730945
276.4333333333453,58.65394506782189
276.46666666667863,56.35689286225029
276.500000000012,52.519350910949576
276.5333333333453,49.84621464621328
276.5666666666787,52.864306565641
276.6000000000121,65.16206352749579
276.63333333334543,82.6413237337721
276.6666666666788,97.698749123186
276.7000000000121,104.7246680050071
276.7333333333455,104.2291926881262
276.7666666666789,97.90748474735474
276.80000000001223,88.50411003467254
276.8333333333456,80.1615704504921
276.8666666666789,76.69241255142573
276.9000000000123,77.33079758224343
276.9333333333457,78.53018903591976
276.96666666667903,78.51927004573928
277.0000000000124,83.04546727782783
277.0333333333457,99.72319116923244
277.0666666666791,129.27083180108067
277.10000000001247,160.31506168335406
277.13333333334583,180.7193036851094
277.1666666666792,185.59901112362485
277.2000000000125,175.84631803861086
277.2333333333459,153.47196982831844
277.26666666667927,125.88422641804716
277.30000000001263,102.36413480916374
277.333333333346,88.35845445404689
277.3666666666793,80.4313885460926
277.4000000000127,74.0353936278978
277.43333333334607,68.09262694590704
277.46666666667943,65.11369077525208
277.5000000000128,67.45427320910922
277.5333333333461,75.0047222795556
277.5666666666795,86.51141887918489
277.60000000001287,100.40652906779174
277.63333333334623,114.1757077008538
277.6666666666796,125.11945118355403
277.7000000000129,130.37693977601182
277.7333333333463,126.87192753182524
277.76666666667967,113.12578601768482
277.80000000001303,104.85361670308032
277.8333333333464,128.16775601438846
277.86666666667975,196.12830088253045
277.9000000000131,267.79016229954846
277.93333333334647,288.84729769925707
277.9666666666798,241.6427238842689
278.0000000000132,171.61853686488178
278.03333333334655,127.776444417798
278.0666666666799,118.4736270078828
278.10000000001327,120.47392568526384
278.1333333333466,114.26268264682513
278.16666666668,105.04748874387523
278.20000000001335,106.34711098972608
278.2333333333467,122.95665200634116
278.26666666668007,140.26126175765827
278.3000000000134,141.6894194243672
278.3333333333468,125.53982250558067
278.36666666668015,104.82283582531116
278.4000000000135,91.60052077307616
278.43333333334687,86.55608861045107
278.4666666666802,85.37561019314697
278.5000000000136,84.24182622761364
278.53333333334695,80.83013366859335
278.5666666666803,73.23066703290007
278.60000000001367,64.81595363268517
278.633333333347,65.56878741635188
278.6666666666804,84.2288134854594
278.70000000001374,113.43621421107012
278.7333333333471,136.7875578588566
278.76666666668046,141.65428637153718
278.8000000000138,129.90873270403566
278.8333333333472,106.87637241799766
278.86666666668054,81.7925057517494
278.9000000000139,70.06190862254445
278.93333333334726,86.09432899175337
278.9666666666806,123.90581710901546
279.000000000014,163.05829129335507
279.03333333334734,185.7328460662137
279.0666666666807,188.28719323382165
279.10000000001406,171.41151134802132
279.1333333333474,141.65846936282898
279.1666666666808,117.237378461086
279.20000000001414,116.29349193472125
279.2333333333475,130.0977523905464
279.26666666668086,126.13909878912337
279.3000000000142,86.05884636336188
279.3333333333476,85.24052225466228
279.36666666668094,235.1485017821049
279.4000000000143,600.4186556550693
279.43333333334766,1127.9866807564372
279.466666666681,1742.943979968645
279.5000000000144,2269.903776087296
279.53333333334774,2423.297412487693
279.5666666666811,1970.9696995725656
279.60000000001446,1159.919675714908
279.6333333333478,469.8319220632725
279.6666666666812,229.83857612172437
279.70000000001454,286.75222917819315
279.7333333333479,394.6061526219971
279.76666666668126,418.41936833215294
279.8000000000146,373.26096696036205
279.833333333348,285.574944915977
279.86666666668134,189.58766051591883
279.9000000000147,124.2156948675277
279.93333333334806,114.35674757483528
279.9666666666814,128.50307584511935
280.0000000000148,121.644618255142
280.03333333334814,93.7927849039534
280.0666666666815,119.7803148355842
280.10000000001486,276.838475350573
280.1333333333482,576.4715632525779
280.1666666666816,981.5924413768272
280.20000000001494,1428.936834314027
280.2333333333483,1729.2024540637203
280.26666666668166,1654.7359796499218
280.300000000015,1155.4947629496164
280.3333333333484,543.8009596350681
280.36666666668174,161.94572161871213
280.4000000000151,80.80574216955196
280.43333333334846,127.3530946692742
280.4666666666818,142.82712713116797
280.5000000000152,113.24730597433104
280.53333333334854,80.91189773659023
280.5666666666819,73.3021825335006
280.60000000001526,80.49303623259206
280.6333333333486,87.12984955155382
280.666666666682,86.64915711390316
280.70000000001534,82.02237199832463
280.7333333333487,76.4404025036162
280.76666666668206,71.04935185149498
280.8000000000154,66.02285056974122
280.8333333333488,61.76077578686792
280.86666666668214,59.3759268983876
280.9000000000155,60.08029911721292
280.93333333334886,63.63279706332998
280.9666666666822,67.90044425107624
281.0000000000156,70.70761308490385
281.03333333334893,70.71908768991231
281.0666666666823,67.08256866463226
281.10000000001565,60.21128665070472
281.133333333349,55.255474510878
281.1666666666824,58.3934800244896
281.20000000001573,70.63920518792212
281.2333333333491,84.96758855148339
281.26666666668245,94.0287662872652
281.3000000000158,95.17249981015011
281.3333333333492,88.97666307531311
281.36666666668253,76.83054319420461
281.4000000000159,63.55106175656015
281.43333333334925,54.91168281619004
281.4666666666826,54.14992225709712
281.500000000016,59.79785911583569
281.53333333334933,69.77250800516232
281.5666666666827,80.29787675876197
281.60000000001605,86.2202375950182
281.6333333333494,83.58913368059048
281.6666666666828,75.36050837277911
281.70000000001613,66.86542756337053
281.7333333333495,61.58358942808418
281.76666666668285,58.90467614998303
281.8000000000162,57.67440720072536
281.8333333333496,56.79028688431722
281.86666666668293,55.19936919885061
281.9000000000163,52.15234360358276
281.93333333334965,48.92564725020786
281.966666666683,47.6274620872326
282.0000000000164,49.25298080012568
282.03333333334973,51.87625522108158
282.0666666666831,53.157027734043744
282.10000000001645,52.3987803440686
282.1333333333498,50.74244391255259
282.1666666666832,49.45362795879765
282.20000000001653,50.02365624054136
282.2333333333499,54.05264026835783
282.26666666668325,61.51438136851902
282.3000000000166,67.33885242522517
282.33333333335,65.65064827925646
282.36666666668333,57.14415366736337
282.4000000000167,51.04657869923894
282.43333333335005,55.907122710208114
282.4666666666834,68.03698251691019
282.5000000000168,76.81174315197767
282.53333333335013,74.77956651368598
282.5666666666835,66.3818289527352
282.60000000001685,58.7168778490619
282.6333333333502,55.49947202909913
282.6666666666836,55.36277246387392
282.7000000000169,56.588893575413934
282.7333333333503,58.262664226881554
282.76666666668365,59.9950690908596
282.800000000017,61.31609174179705
282.8333333333504,61.36881886430349
282.8666666666837,59.20513833947053
282.9000000000171,54.91034736286757
282.93333333335045,50.356704748259055
282.9666666666838,47.55216537100377
283.0000000000172,47.89937299836696
283.0333333333505,52.345870261942416
283.0666666666839,61.35580528149006
283.10000000001725,73.0297581440952
283.1333333333506,84.72889097263497
283.166666666684,93.60770003302008
283.2000000000173,96.41134516646224
283.2333333333507,90.13059582768658
283.26666666668405,76.94276962215763
283.3000000000174,63.464743086716304
283.3333333333508,55.41578950888008
283.3666666666841,52.47282425663285
283.4000000000175,52.14153085102787
283.43333333335084,52.74015749433053
283.4666666666842,54.43415366170764
283.5000000000176,57.57208031455573
283.5333333333509,60.95714857675751
283.5666666666843,61.89679668534931
283.60000000001764,58.39489617938684
283.633333333351,53.53498232602728
283.6666666666844,52.48230181546734
283.7000000000177,57.57942611860418
283.7333333333511,63.877316647515386
283.76666666668444,65.45613469652355
283.8000000000178,61.45092921125331
283.8333333333512,56.49467242362346
283.8666666666845,54.956426626930586
283.9000000000179,57.03483030871489
283.93333333335124,60.98901906348196
283.9666666666846,65.23828867329641
284.000000000018,68.70100679500372
284.0333333333513,70.39891834945443
284.0666666666847,69.78321251059303
284.10000000001804,66.826849933975
284.1333333333514,61.74435677469056
284.1666666666848,56.60839747775122
284.2000000000181,54.46084582821034
284.2333333333515,57.5975413561307
284.26666666668484,65.83083280377406
284.3000000000182,78.39279944700863
284.3333333333516,91.54635814503584
284.3666666666849,97.54717169958586
284.4000000000183,89.53550390616029
284.43333333335164,72.45927640549341
284.466666666685,58.119627979784994
284.5000000000184,54.83191335472421
284.5333333333517,57.73473617651453
284.5666666666851,59.01755341816891
284.60000000001844,55.752543530306326
284.6333333333518,52.29196807602729
284.6666666666852,53.136254454134686
284.7000000000185,57.6537389610636
284.7333333333519,61.92423080066962
284.76666666668524,63.12758227953064
284.8000000000186,63.18812340271951
284.833333333352,65.22584827193714
284.8666666666853,70.707121291869
284.9000000000187,78.38920188826707
284.93333333335204,86.97167676871987
284.9666666666854,97.68282316570836
285.0000000000188,113.5267793719666
285.0333333333521,147.7550856454361
285.0666666666855,260.0708080822829
285.10000000001884,522.2512885757642
285.1333333333522,902.6076711215704
285.1666666666856,1184.2046643018257
285.2000000000189,1148.1164971306514
285.2333333333523,830.8531403953118
285.26666666668564,464.1699103615894
285.300000000019,243.35827929153717
285.3333333333524,156.68228983474629
285.3666666666857,128.0386054015192
285.4000000000191,106.10061347089156
285.43333333335244,87.79638401237253
285.4666666666858,75.48184832043475
285.5000000000192,69.35443397753119
285.5333333333525,67.82783259693248
285.5666666666859,69.14317598036556
285.60000000001924,70.89176687528565
285.6333333333526,70.45553023576386
285.666666666686,67.06937560003286
285.7000000000193,63.86561023097822
285.7333333333527,64.25300467023946
285.76666666668604,67.59561610041368
285.8000000000194,69.66727222528966
285.83333333335275,66.9989277671209
285.8666666666861,61.34420552734368
285.9000000000195,56.36567797416854
285.93333333335283,54.22836941635684
285.9666666666862,53.706406037462514
286.00000000001955,53.18712549068687
286.0333333333529,52.70522545123563
286.0666666666863,53.856098181009806
286.10000000001963,57.80230520058747
286.133333333353,62.55094542281593
286.16666666668635,64.87378633090232
286.2000000000197,63.19925454993289
286.2333333333531,59.96208840234317
286.26666666668643,58.08657393079413
286.3000000000198,58.10915204363052
286.33333333335315,58.16683089124515
286.3666666666865,56.62484035301189
286.4000000000199,54.12795656461495
286.43333333335323,52.27303490644477
286.4666666666866,52.00234548654688
286.50000000001995,52.57235748601455
286.5333333333533,52.996479131474125
286.5666666666867,52.88123814259976
286.60000000002003,52.46139278163111
286.6333333333534,51.9859151060928
286.66666666668675,51.587342232066455
286.7000000000201,51.34702353323553
286.73333333335347,51.50644180994951
286.76666666668683,52.74062434155194
286.8000000000202,55.7495990103515
286.83333333335355,59.90447683428511
286.8666666666869,63.10181385473511
286.90000000002027,63.50864655490801
286.93333333335363,61.95893106414936
286.966666666687,60.5217283580752
287.00000000002035,60.644319401940926
287.0333333333537,61.99299859437748
287.06666666668707,63.92469895833057
287.10000000002043,65.91478599825236
287.1333333333538,67.57544005282361
287.16666666668715,68.61980656568349
287.2000000000205,69.51293791857769
287.23333333335387,71.08241510915298
287.26666666668723,73.721697566805
287.3000000000206,76.5366276712518
287.33333333335395,78.42200676243357
287.3666666666873,79.09230453020719
287.40000000002067,79.24172231100627
287.433333333354,79.53107897919875
287.4666666666874,79.8585339422366
287.50000000002075,79.74179030747064
287.5333333333541,79.16525433932686
287.56666666668747,79.54561362676671
287.6000000000208,82.52465147251526
287.6333333333542,88.12370333799608
287.66666666668755,94.37247471366464
287.7000000000209,99.35099900073642
287.73333333335427,102.63465674830547
287.7666666666876,104.566763637892
287.800000000021,107.66510019754809
287.83333333335435,121.24001248746993
287.8666666666877,155.45267425390244
287.90000000002107,203.297847507162
287.9333333333544,236.2104977159828
287.9666666666878,246.20540275967792
288.00000000002115,420.2316246481045
288.0333333333545,1047.2140560439573
288.06666666668787,2207.411850056086
288.1000000000212,3311.580483437234
288.1333333333546,3651.782789054857
288.16666666668795,3069.492711383419
288.2000000000213,2106.880777570097
288.23333333335466,1306.3724315477432
288.266666666688,801.2949923833761
288.3000000000214,507.837225045628
288.33333333335474,347.87209252994114
288.3666666666881,268.12501323503847
288.40000000002146,220.91261210792263
288.4333333333548,180.42906286107385
288.4666666666882,149.02415264230132
288.50000000002154,130.19355723870612
288.5333333333549,120.9667138708068
288.56666666668826,114.91649561653932
288.6000000000216,107.38616111657574
288.633333333355,99.58384209890411
288.66666666668834,93.86207225769331
288.7000000000217,90.80847999397234
288.73333333335506,88.733076306938
288.7666666666884,85.96172013726759
288.8000000000218,82.33958520479635
288.83333333335514,78.524656233919
288.8666666666885,75.16982451193005
288.90000000002186,72.88648660261731
288.9333333333552,72.24736182211257
288.9666666666886,72.67489612118953
289.00000000002194,72.11239747082065
289.0333333333553,68.7565354234233
289.06666666668866,63.97982918250612
289.100000000022,60.84345971400918
289.1333333333554,61.21893712481982
289.16666666668874,63.097654155286826
289.2000000000221,63.74489404599175
289.23333333335546,62.40195398610293
289.2666666666888,60.82607133875281
289.3000000000222,60.73931512548214
289.33333333335554,62.095586160262734
289.3666666666889,63.92010549304312
289.40000000002226,65.28669177674045
289.4333333333556,65.4492478940232
289.466666666689,63.72334686516375
289.50000000002234,60.36064382958332
289.5333333333557,56.78548485293578
289.56666666668906,54.341341261336
289.6000000000224,53.02104518818693
289.6333333333558,52.12156218257984
289.66666666668914,51.12198991843393
289.7000000000225,50.08329745562229
289.73333333335586,49.18242245647088
289.7666666666892,48.72201399076912
289.8000000000226,49.158701317200176
289.83333333335594,50.78950749296563
289.8666666666893,52.48431894320096
289.90000000002266,52.397077061885774
289.933333333356,49.691553633398506
289.9666666666894,46.58271001300514
290.00000000002274,45.78557926959896
290.0333333333561,47.73741184562553
290.06666666668946,50.16470382773896
290.1000000000228,50.90842482369152
290.1333333333562,50.02419868342546
290.16666666668954,48.64376592113947
290.2000000000229,47.59311672894404
290.23333333335626,46.791853810018814
290.2666666666896,46.00506105133035
290.300000000023,45.25706413475985
290.33333333335634,44.870070335192885
290.3666666666897,45.10215601769895
290.40000000002306,45.58672930960931
290.4333333333564,45.66587885590119
290.4666666666898,45.083572431793904
290.50000000002314,44.70273231297013
290.5333333333565,45.54012335913575
290.56666666668985,47.54923152863535
290.6000000000232,49.51128400845689
290.6333333333566,50.33457324461521
290.66666666668993,50.30494142793388
290.7000000000233,50.32184635246906
290.73333333335665,50.88362645463111
290.76666666669,51.42349526648824
290.8000000000234,51.23432244874474
290.83333333335673,50.44471479372452
290.8666666666901,50.06181614162923
290.90000000002345,50.84910970857558
290.9333333333568,51.59636066022759
290.9666666666902,50.26371323721082
291.00000000002353,46.53504491504751
291.0333333333569,44.39540873067266
291.06666666669025,48.28249697971517
291.1000000000236,57.93207729262443
291.133333333357,68.3966484884659
291.16666666669033,74.9971870562336
291.2000000000237,76.0968621981947
291.23333333335705,71.27417386542797
291.2666666666904,61.58162857626079
291.3000000000238,51.51126501270755
291.33333333335713,45.85484442503094
291.3666666666905,45.47726908749205
291.40000000002385,47.56085430577232
291.4333333333572,49.46821417770395
291.46666666669057,50.49731372285125
291.500000000024,50.66478881262401
291.5333333333573,50.00275050792725
291.56666666669065,48.57447616307434
291.600000000024,46.49884396646547
291.63333333335737,44.84073170676409
291.6666666666908,45.49496866924859
291.7000000000241,49.72019714207487
291.73333333335745,55.09858854300021
291.7666666666908,57.96132841452769
291.80000000002417,56.56752158127291
291.8333333333576,53.07915600189952
291.8666666666909,50.02392109857932
291.90000000002425,48.20803329430252
291.9333333333576,47.03396936073644
291.96666666669097,45.99867207388172
292.0000000000244,45.28565972935401
292.0333333333577,45.292286745483175
292.06666666669105,46.07674701190787
292.1000000000244,47.06441367976581
292.13333333335777,47.67622221124036
292.1666666666911,48.27041799569494
292.2000000000245,49.91090312164869
292.23333333335785,53.32362023806924
292.2666666666912,57.59550299268339
292.30000000002457,61.34433126360208
292.3333333333579,63.44648050116235
292.3666666666913,63.22063240786151
292.40000000002465,60.1488951294426
292.433333333358,55.24641308846565
292.46666666669137,50.586580545313936
292.5000000000247,48.02406455974227
292.5333333333581,48.413613492756966
292.56666666669145,52.3191644688451
292.6000000000248,58.46573698977644
292.63333333335817,62.711409966588846
292.6666666666915,61.316898390213176
292.7000000000249,57.849037008270464
292.73333333335825,60.465773847308256
292.7666666666916,73.97615905317843
292.80000000002497,90.38723805299396
292.8333333333583,98.84687396619977
292.8666666666917,94.92771343779108
292.90000000002505,83.28323971655605
292.9333333333584,69.12802093248689
292.96666666669176,56.44042662744364
293.0000000000251,48.49673847947447
293.0333333333585,47.18644262498742
293.06666666669184,49.79809238099904
293.1000000000252,52.70975143047463
293.13333333335856,54.09017759588853
293.1666666666919,54.38985402650368
293.2000000000253,54.184961553063935
293.23333333335864,53.85947083644725
293.266666666692,53.69942264193883
293.30000000002536,53.82569548369031
293.3333333333587,53.872943813409925
293.3666666666921,53.379563329155474
293.40000000002544,51.68292739980488
293.4333333333588,47.89081150415228
293.46666666669216,42.119787255099645
293.5000000000255,42.11078029260206
293.5333333333589,59.03508916718024
293.56666666669224,95.83264794201864
293.6000000000256,133.92928426639838
293.63333333335896,151.9551297044519
293.6666666666923,144.39764595593803
293.7000000000257,121.88194585164912
293.73333333335904,95.26905326796702
293.7666666666924,72.26133611965442
293.80000000002576,59.28598021683831
293.8333333333591,58.53889398084827
293.8666666666925,62.53494231352598
293.90000000002584,62.79448760224276
293.9333333333592,57.64794455564574
293.96666666669256,51.56190834385995
294.0000000000259,48.86818530305461
294.0333333333593,51.91918202484649
294.06666666669264,62.35409150588192
294.100000000026,78.29365364643779
294.13333333335936,90.81743348219636
294.1666666666927,90.83427455985556
294.2000000000261,79.70019613018498
294.23333333335944,67.04913681353207
294.2666666666928,60.87707595886464
294.30000000002616,60.22544272036188
294.3333333333595,61.465536093809455
294.3666666666929,62.15943045806475
294.40000000002624,61.945118543382605
294.4333333333596,60.68318109688695
294.46666666669296,58.41615562448006
294.5000000000263,55.312420851416185
294.5333333333597,51.81803968185699
294.56666666669304,49.50781322836075
294.6000000000264,50.27166909431281
294.63333333335976,57.44290274442295
294.6666666666931,76.53540730084316
294.7000000000265,111.6056472785527
294.73333333335984,149.46775946649277
294.7666666666932,166.614019038916
294.80000000002656,148.52020825224463
294.8333333333599,112.41965884084166
294.8666666666933,82.10425460505662
294.90000000002664,67.74444770084892
294.93333333336,61.74942852825131
294.96666666669336,56.15873762865282
295.0000000000267,50.16069274366724
295.0333333333601,46.61322957057495
295.06666666669344,46.98406117786153
295.1000000000268,48.56610748552302
295.13333333336016,48.01680840244431
295.1666666666935,45.62804223337017
295.2000000000269,45.761409219711766
295.23333333336024,52.4162152922022
295.2666666666936,65.45738355554823
295.30000000002696,82.94152859265253
295.3333333333603,100.73882862653169
295.3666666666937,109.328479645495
295.40000000002703,99.08290405212004
295.4333333333604,75.50939792087487
295.4666666666937,58.585719716644284
295.5000000000271,64.56378579389249
295.5333333333605,84.26295631269976
295.56666666669383,99.25150848115491
295.6000000000272,99.57798341231616
295.6333333333605,92.93667554913642
295.6666666666939,88.67925384534735
295.7000000000273,87.40670814081385
295.73333333336063,82.62434900284589
295.766666666694,69.80015734564121
295.8000000000273,54.93938708852654
295.8333333333607,47.17824519616919
295.8666666666941,50.04005261498774
295.90000000002743,57.27878535796855
295.9333333333608,62.05862055669641
295.9666666666941,62.43026552624634
296.0000000000275,59.77821095291464
296.0333333333609,55.53000078856205
296.06666666669423,51.028541755099496
296.1000000000276,47.58066759028232
296.1333333333609,45.731200230857176
296.1666666666943,44.917067566317
296.20000000002767,44.50652418351256
296.23333333336103,44.050542773172
296.2666666666944,43.2041709201304
296.3000000000277,42.26201583262414
296.3333333333611,43.58965562490208
296.36666666669447,49.85685964276066
296.40000000002783,59.89883588168112
296.4333333333612,67.90992250561101
296.4666666666945,69.24515329633877
296.5000000000279,70.45616861647798
296.53333333336127,83.32854957240531
296.56666666669463,112.69850137419522
296.600000000028,145.01021404976998
296.6333333333613,164.11004847720585
296.6666666666947,162.99731476963052
296.70000000002807,143.8479928104396
296.73333333336143,110.44172783429032
296.7666666666948,73.98652587067234
296.8000000000281,48.493090947561285
296.8333333333615,42.666704262768434
296.86666666669487,53.85210341754742
296.90000000002823,77.60032328155276
296.9333333333616,103.97419383001474
296.96666666669495,118.50766121539748
297.0000000000283,110.38194536565022
297.03333333336167,87.3291323048229
297.066666666695,62.72320156240541
297.1000000000284,46.9799229645453
297.13333333336175,45.378338196613086
297.1666666666951,61.98002365238403
297.20000000002847,92.15781280330366
297.2333333333618,125.43261276698632
297.2666666666952,151.42953080562026
297.30000000002855,160.60191495653362
297.3333333333619,143.87388754965957
297.36666666669527,104.79780682206705
297.4000000000286,64.68615919851493
297.433333333362,43.90397230248421
297.46666666669535,41.57885218129337
297.5000000000287,45.29064640995606
297.53333333336207,45.96710020642226
297.5666666666954,45.12087569586579
297.6000000000288,46.17144914518624
297.63333333336215,49.364284161827634
297.6666666666955,51.33808880752938
297.70000000002887,49.22800498239838
297.7333333333622,45.08979893909903
297.7666666666956,43.10515147493916
297.80000000002894,45.44428877669658
297.8333333333623,49.41627304099711
297.86666666669566,51.7272744464257
297.900000000029,51.31361814768898
297.9333333333624,49.14897803308318
297.96666666669574,46.66966018433583
298.0000000000291,47.432622145390106
298.03333333336246,55.66771666002848
298.0666666666958,70.21687081283798
298.1000000000292,79.69599704926914
298.13333333336254,72.9492712624508
298.1666666666959,57.732268073787736
298.20000000002926,55.58388582824415
298.2333333333626,80.92622345689963
298.266666666696,116.93941620395464
298.30000000002934,138.86222136052655
298.3333333333627,136.707832560395
298.36666666669606,122.61838663509786
298.4000000000294,109.58155685941507
298.4333333333628,100.88455376931752
298.46666666669614,94.23418755608829
298.5000000000295,87.2916207879175
298.53333333336286,77.7861088470064
298.5666666666962,63.82777230512069
298.6000000000296,55.15019400368613
298.63333333336294,75.20994562710112
298.6666666666963,141.4319321963205
298.70000000002966,220.88212541594896
298.733333333363,258.1557394636524
298.7666666666964,224.24246163630767
298.80000000002974,155.47040207144855
298.8333333333631,96.70010861653822
298.86666666669646,65.43193247342967
298.9000000000298,53.80986456334462
298.9333333333632,53.37892575920716
298.96666666669654,57.65935126580004
299.0000000000299,60.87159939054565
299.03333333336326,59.8529057928184
299.0666666666966,56.3974381758939
299.10000000003,52.736662734892285
299.13333333336334,49.533225246160704
299.1666666666967,46.31725383713259
299.20000000003006,43.08774555221496
299.2333333333634,41.87980356235322
299.2666666666968,45.25746596563425
299.30000000003014,56.010357302964
299.3333333333635,77.25736918804976
299.36666666669686,110.5341981108002
299.4000000000302,141.9846329659848
299.4333333333636,149.20493186677498
299.46666666669694,120.64454682156706
299.5000000000303,78.38646715459268
299.53333333336366,50.289167835716746
299.566666666697,45.18615075581096
299.6000000000304,50.52995732769941
299.63333333336374,54.03634022008662
299.6666666666971,53.0600080770932
299.70000000003046,49.01741325651483
299.7333333333638,44.40775497109466
299.7666666666972,44.1853010420037
299.80000000003054,53.2476746402352
299.8333333333639,69.35818566108152
299.86666666669726,84.13476095569698
299.9000000000306,91.5986188780566
299.933333333364,98.82614647482868
299.96666666669734,116.8377471052795
300.0000000000307,145.3315070612994
300.03333333336406,164.4508050770681
300.0666666666974,154.57960458740635
300.1000000000308,121.93276093264863
300.13333333336413,89.62066219679117
300.1666666666975,74.86243206317152
300.20000000003085,72.28369704308548
300.2333333333642,71.48676023513913
300.2666666666976,67.3712085519909
300.30000000003093,61.733278691849065
300.3333333333643,56.63936586025822
300.36666666669765,52.58104321148347
300.400000000031,49.27942218260743
300.4333333333644,46.62822433936349
300.46666666669773,44.99461523699663
300.5000000000311,44.814915093851816
300.53333333336445,46.33129924985866
300.5666666666978,49.59565959956871
300.6000000000312,54.85293975477681
300.63333333336453,63.51204150877317
300.6666666666979,77.37516525472812
300.70000000003125,95.20827603663125
300.7333333333646,109.84896646958488
300.766666666698,114.05336113071787
300.80000000003133,108.97579985096966
300.8333333333647,101.9238293090249
300.86666666669805,98.29498118459728
300.9000000000314,95.02306902727558
300.9333333333648,86.95109650589183
300.96666666669813,73.47782430659056
301.0000000000315,60.56488695694765
301.03333333336485,53.97277120047095
301.0666666666982,52.89260424386352
301.1000000000316,52.96638087257687
301.13333333336493,51.234398022030895
301.1666666666983,48.94484656818091
301.20000000003165,48.05710932623384
301.233333333365,49.05427594397907
301.2666666666984,50.84806218860784
301.30000000003173,52.34716274594732
301.3333333333651,52.92467508801595
301.36666666669845,52.13939488403104
301.4000000000318,50.244198468818375
301.4333333333652,48.95167363548232
301.46666666669853,50.008013730506335
301.5000000000319,52.84447691087957
301.53333333336525,55.08109209526945
301.5666666666986,55.30965864848202
301.600000000032,56.6277018018305
301.63333333336533,63.29973917986492
301.6666666666987,75.21634810948248
301.70000000003205,85.61476858521732
301.7333333333654,87.8910035296473
301.7666666666988,82.48567083093755
301.8000000000321,73.84037510888687
301.8333333333655,67.05535612212985
301.86666666669885,69.11610408587494
301.9000000000322,87.40634046359149
301.9333333333656,130.32624682207532
301.9666666666989,207.39750103273957
302.0000000000323,320.2313403747653
302.03333333336565,418.04926374460393
302.066666666699,429.1648552106235
302.1000000000324,327.85775465515275
302.1333333333657,187.79701727050397
302.1666666666991,91.6139908953151
302.20000000003245,59.01178066474169
302.2333333333658,59.53765783471568
302.2666666666992,65.83142463487597
302.3000000000325,70.63498688078054
302.3333333333659,72.35670073202708
302.36666666669925,71.59466000539598
302.4000000000326,72.30030235476721
302.433333333366,78.40477310607788
302.4666666666993,90.84632079737187
302.5000000000327,108.86049641352416
302.53333333336604,129.01254218214802
302.5666666666994,139.75642688711935
302.6000000000328,128.55418860123285
302.6333333333661,97.87192667082324
302.6666666666995,66.55180686002502
302.70000000003284,51.24992619267336
302.7333333333662,49.18998073667137
302.7666666666996,49.91819819999512
302.8000000000329,47.75708218558761
302.8333333333663,47.139160838788
302.86666666669964,53.34140370747836
302.900000000033,65.04753326460609
302.9333333333664,75.83432056480825
302.9666666666997,80.766962789329
303.0000000000331,81.89680135387874
303.03333333336644,83.09978523210106
303.0666666666998,85.30974007155272
303.1000000000332,85.13495873711666
303.1333333333665,79.3945984613021
303.1666666666999,70.0676252774161
303.20000000003324,61.92729238934708
303.2333333333666,58.221676823197136
303.2666666667,57.71553267557952
303.3000000000333,58.410997925580105
303.3333333333667,59.324131241435886
303.36666666670004,60.51559771689597
303.4000000000334,61.93954468693807
303.4333333333668,62.62757984870609
303.4666666667001,61.28089144539488
303.5000000000335,57.93852514861914
303.53333333336684,55.26110106705641
303.5666666667002,56.27021508967045
303.6000000000336,64.75220447076418
303.6333333333669,85.04236517077643
303.6666666667003,117.12665500610832
303.70000000003364,143.8757461211324
303.733333333367,144.3950616125066
303.7666666667004,116.02849839499513
303.8000000000337,80.66881978680247
303.8333333333671,59.56964690167298
303.86666666670044,54.492854525844365
303.9000000000338,57.62525463241855
303.9333333333672,62.4809633442021
303.9666666667005,66.18115181484147
304.0000000000339,66.59211970145974
304.03333333336724,64.99649501132515
304.0666666667006,65.84699721213319
304.100000000034,72.46305325717222
304.1333333333673,81.58775028730571
304.1666666667007,87.84361636465854
304.20000000003404,88.26188130901676
304.2333333333674,84.05352983749265
304.2666666667008,76.88753389099674
304.3000000000341,68.89770600533788
304.3333333333675,62.51234759882074
304.36666666670084,59.515189975098174
304.4000000000342,59.48998588202764
304.4333333333676,61.52331333425623
304.4666666667009,63.70784332320724
304.5000000000343,62.967302674940015
304.53333333336764,57.40462969135401
304.566666666701,53.74757853508556
304.6000000000344,62.33951028546381
304.6333333333677,86.96077724539533
304.6666666667011,116.8649326031042
304.70000000003444,139.68589633425768
304.7333333333678,148.16241617128725
304.7666666667012,139.10161739245996
304.8000000000345,112.58680541348002
304.8333333333679,82.53199189104348
304.86666666670124,66.41216255272285
304.9000000000346,70.38363972547842
304.93333333336795,84.00557641257494
304.9666666667013,96.13334088527604
305.0000000000347,101.2235483869546
305.03333333336803,96.71446536287228
305.0666666667014,82.64200657329427
305.10000000003475,66.1910554549607
305.1333333333681,55.51309696527304
305.1666666667015,52.83600556729487
305.20000000003483,54.57611282204419
305.2333333333682,57.347527232450005
305.26666666670155,60.21134025288076
305.3000000000349,63.08043982983519
305.3333333333683,66.75448758599423
305.36666666670163,73.62929016537207
305.400000000035,85.67978580663802
305.43333333336835,97.95447321661192
305.4666666667017,100.99002593304608
305.5000000000351,90.0926755979157
305.53333333336843,77.32024971097316
305.5666666667018,78.11586808004762
305.60000000003515,100.54269595701795
305.6333333333685,143.91637320436013
305.6666666667019,204.0228512715563
305.70000000003523,255.7756719064823
305.7333333333686,265.3999387407335
305.76666666670195,222.6125675162044
305.8000000000353,168.4612887525501
305.83333333336867,147.8005645443018
305.86666666670203,160.22685542251173
305.9000000000354,170.02327562741596
305.93333333336875,150.0104453792091
305.9666666667021,112.996523263992
306.00000000003547,82.0746746400176
306.03333333336883,67.97528014263142
306.0666666667022,64.02697058640692
306.10000000003555,62.828204054562704
306.1333333333689,61.88923683652311
306.16666666670227,61.19905792221705
306.20000000003563,60.982820299643386
306.233333333369,62.03126509397172
306.26666666670235,65.23154801074101
306.3000000000357,71.57930334312279
306.33333333336907,82.16948642892066
306.36666666670243,96.81500342198272
306.4000000000358,108.83325765533549
306.43333333336915,109.63740964514376
306.4666666667025,100.70119148205602
306.50000000003587,100.03925778718992
306.5333333333692,124.72935162567497
306.5666666667026,166.3343873760201
306.60000000003595,201.391386548082
306.6333333333693,212.60189354317868
306.66666666670267,202.1180822127268
306.700000000036,175.8959125378578
306.7333333333694,142.34955442015027
306.76666666670275,112.4842090004434
306.8000000000361,95.58070728146748
306.83333333336947,89.9568370899252
306.8666666667028,89.92779115816013
306.9000000000362,92.50416072393648
306.93333333336955,99.79825893606768
306.9666666667029,115.20859749819692
307.00000000003627,151.00015604354795
307.0333333333696,225.40339375308068
307.066666666703,342.7544643303129
307.10000000003635,457.9552720260223
307.1333333333697,516.1946283858593
307.16666666670307,500.9851743984296
307.2000000000364,441.4958946138709
307.2333333333698,367.2369975967002
307.26666666670314,291.8052862010495
307.3000000000365,222.1502711129344
307.33333333336986,166.94749192908645
307.3666666667032,138.6006958113102
307.4000000000366,148.4029499322513
307.43333333336994,184.6285033518175
307.4666666667033,218.2139549340264
307.50000000003666,226.0701842850256
307.53333333337,210.65530844897933
307.5666666667034,180.8090892872133
307.60000000003674,145.64393334061054
307.6333333333701,114.63277647125976
307.66666666670346,96.98768755924463
307.7000000000368,99.71346372194674
307.7333333333702,128.75133734562652
307.76666666670354,180.1616191221277
307.8000000000369,226.6527480859497
307.83333333337026,239.4452493431656
307.8666666667036,221.26943427740864
307.900000000037,200.90547394049125
307.93333333337034,200.51126499680575
307.9666666667037,209.5018954361549
308.00000000003706,209.23094764121996
308.0333333333704,230.04866278191287
308.0666666667038,372.9253175226861
308.10000000003714,722.2972163260661
308.1333333333705,1174.0461976162564
308.16666666670386,1528.4280791260512
308.2000000000372,1646.7463147957185
308.2333333333706,1549.3567514800457
308.26666666670394,1283.776660629379
308.3000000000373,933.7431041009174
308.33333333337066,615.2392929387076
308.366666666704,421.0835698325727
308.4000000000374,327.6236245578059
308.43333333337074,276.7357125752428
308.4666666667041,233.6657781111577
308.50000000003746,199.71276688545456
308.5333333333708,178.5238841785381
308.5666666667042,166.95264754565807
308.60000000003754,158.17656922353086
308.6333333333709,151.62661911215503
308.66666666670426,164.01006601532083
308.7000000000376,213.329420680047
308.733333333371,283.6037097839614
308.76666666670434,326.87794118631564
308.8000000000377,306.62818704445294
308.83333333337106,250.8349228442204
308.8666666667044,207.60217091925432
308.9000000000378,201.5263417916998
308.93333333337114,219.11486228628632
308.9666666667045,244.31851934419535
309.00000000003786,270.1241275481532
309.0333333333712,294.6697000337924
309.0666666667046,335.7327114002747
309.10000000003794,467.3356122837161
309.1333333333713,768.9355280109925
309.16666666670466,1218.6542638829187
309.200000000038,1695.7235163686166
309.2333333333714,2078.0476708937604
309.26666666670474,2258.2608487082307
309.3000000000381,2135.384812062789
309.33333333337146,1722.001345734668
309.3666666667048,1220.2080585739564
309.4000000000382,833.7760664775697
309.43333333337154,600.606561562311
309.4666666667049,461.91306248081503
309.50000000003826,369.1674686051241
309.5333333333716,307.57558045744554
309.566666666705,268.54467146493926
309.60000000003834,244.1106889426165
309.6333333333717,226.93410614673755
309.66666666670505,210.7406381968389
309.7000000000384,194.83778936337052
309.7333333333718,180.38954598048144
309.76666666670513,167.73082692903546
309.8000000000385,155.7958547794422
309.83333333337185,143.9968755960064
309.8666666667052,138.03123779007808
309.9000000000386,147.27966924400903
309.93333333337193,174.13479645628692
309.9666666667053,200.22258408868663
310.00000000003865,204.1845792886507
310.033333333372,183.4669389030764
310.0666666667054,154.17893286735176
310.10000000003873,130.8897815289706
310.1333333333721,115.65645648606612
310.16666666670545,106.37932867633984
310.2000000000388,101.50391495139088
310.2333333333722,100.39200744420847
310.26666666670553,102.380027261053
310.3000000000389,105.66857372633488
310.33333333337225,107.80064395186666
310.3666666667056,107.05765712323176
310.400000000039,103.88558814313863
310.43333333337233,99.18554400489914
310.4666666667057,95.283545069718
310.50000000003905,95.89221555763127
310.5333333333724,103.22255995739891
310.56666666670577,111.37625048375588
310.6000000000392,111.91020551109516
310.6333333333725,102.10995455068382
310.66666666670585,88.5772894357514
310.7000000000392,78.21042838778847
310.73333333337257,72.50312963355455
310.766666666706,69.91626713643906
310.8000000000393,69.10647731198509
310.83333333337265,69.37018437148738
310.866666666706,70.13305088511537
310.90000000003937,71.20087606231517
310.9333333333728,72.73540264962342
310.9666666667061,74.75573363907328
311.00000000003945,76.50669633800199
311.0333333333728,77.0036977469832
311.06666666670617,75.85272731070872
311.1000000000396,73.57579518631451
311.1333333333729,70.79613399076086
311.16666666670625,68.33996037569945
311.2000000000396,67.14041491426347
311.23333333337297,67.50060254811532
311.2666666667063,68.06463808872972
311.3000000000397,67.29111429813831
311.33333333337305,65.19879516560177
311.3666666667064,63.185851974951134
311.40000000003977,62.369218576776845
311.4333333333731,62.348799099160736
311.4666666667065,62.29811331889208
311.50000000003985,61.94161544875342
311.5333333333732,61.803522493190826
311.56666666670657,62.50018963070344
311.6000000000399,64.89167002730227
311.6333333333733,69.95447597520543
311.66666666670665,77.27006971049985
311.70000000004,83.02987709530987
311.73333333337337,83.214434470871
311.7666666667067,78.63964534245751
311.8000000000401,74.08200409208274
311.83333333337345,73.43621990039732
311.8666666667068,76.3952361537491
311.90000000004017,81.52462215429877
311.9333333333735,86.47204250849823
311.9666666667069,87.66120135055118
312.00000000004025,82.18782832155837
312.0333333333736,72.79058953882343
312.06666666670696,64.74659847749523
312.1000000000403,61.45328417657059
312.1333333333737,62.1445026473877
312.16666666670704,65.48030227277319
312.2000000000404,69.84572913325853
312.23333333337376,73.42115548912456
312.2666666667071,74.6248182759282
312.3000000000405,72.78676744253127
312.33333333337384,67.52422028214787
312.3666666667072,60.85869392848553
312.40000000004056,57.702933286978585
312.4333333333739,62.039303053209565
312.4666666667073,70.63445103707616
312.50000000004064,77.37286980687179
312.533333333374,78.79605003414194
312.56666666670736,76.66161049239113
312.6000000000407,73.2641857160253
312.6333333333741,70.07838886719584
312.66666666670744,68.03509054190673
312.7000000000408,67.50238845217957
312.73333333337416,67.03251668854855
312.7666666667075,64.87395828588075
312.8000000000409,61.04055427909165
312.83333333337424,57.42563935401321
312.8666666667076,55.91539584108515
312.90000000004096,57.840858070236
312.9333333333743,64.30818875828939
312.9666666667077,74.01053314145288
313.00000000004104,81.5140532695476
313.0333333333744,81.63986278227254
313.06666666670776,75.84275492647355
313.1000000000411,69.41126707508465
313.1333333333745,65.93798304334187
313.16666666670784,64.10922367080089
313.2000000000412,61.85659086820883
313.23333333337456,59.1683437664232
313.2666666667079,57.93537086333547
313.3000000000413,59.41432167686742
313.33333333337464,61.49542609860356
313.366666666708,61.11318913398201
313.40000000004136,57.64265857671757
313.4333333333747,54.04501136725017
313.4666666667081,53.17101723834893
313.50000000004144,54.59080877940401
313.5333333333748,56.25887389963742
313.56666666670816,56.78708737724296
313.6000000000415,56.37418359031788
313.6333333333749,55.45510876472811
313.66666666670824,54.55796473692372
313.7000000000416,54.28429151122662
313.73333333337496,54.94362425657225
313.7666666667083,55.68370404963635
313.8000000000417,55.39449172220058
313.83333333337504,53.99105627873856
313.8666666667084,52.66048782846999
313.90000000004176,52.45713877048453
313.9333333333751,53.01607805795102
313.9666666667085,53.39450761534497
314.00000000004184,53.25548828996474
314.0333333333752,53.45825012677732
314.06666666670856,54.8692556512475
314.1000000000419,56.77343528603479
314.1333333333753,57.41559465244252
314.16666666670864,56.04235010687045
314.200000000042,55.17313278458003
314.23333333337536,57.8353464380471
314.2666666667087,63.48827878657463
314.3000000000421,67.91685311127085
314.33333333337544,67.6476863973335
314.3666666667088,64.07140266577153
314.40000000004216,60.17670734496199
314.4333333333755,57.60092757271461
314.4666666667089,55.804957916439776
314.50000000004223,54.125875169786696
314.5333333333756,52.56965069784946
314.5666666667089,51.50114558403754
314.6000000000423,51.32436618904189
314.6333333333757,52.53487419001764
314.66666666670903,55.56357634363423
314.7000000000424,59.48988186158553
314.7333333333757,62.25977783247184
314.7666666667091,62.3578965411636
314.8000000000425,60.67685633451106
314.83333333337583,58.71671924767274
314.8666666667092,57.0413035118258
314.9000000000425,55.00095773825205
314.9333333333759,52.0858346606118
314.9666666667093,49.32539440260541
315.00000000004263,48.39838066827363
315.033333333376,50.07658326045952
315.0666666667093,53.29378473688505
315.1000000000427,56.82513845806453
315.1333333333761,60.21406753991016
315.16666666670943,63.51757637532528
315.2000000000428,66.56354261257127
315.2333333333761,68.40873957342593
315.2666666667095,68.02138824775047
315.30000000004287,65.98725386213444
315.33333333337623,64.55365481392982
315.3666666667096,65.47433276174512
315.4000000000429,67.50095742458585
315.4333333333763,68.42283345911093
315.46666666670967,67.5027969461972
315.50000000004303,66.32571058000741
315.5333333333764,66.4734733714513
315.5666666667097,67.70434168391506
315.6000000000431,68.82946973074414
315.63333333337647,68.94320801960188
315.66666666670983,67.85521082827499
315.7000000000432,65.69795666318763
315.7333333333765,66.00828484400563
315.7666666667099,75.04276529197668
315.80000000004327,95.9099589059574
315.83333333337663,119.05268969589004
315.86666666671,132.04920881357495
315.9000000000433,130.68154594820518
315.9333333333767,120.67479118516258
315.96666666671007,108.25326531196326
316.0000000000434,99.01704706751876
316.0333333333768,98.2876329818758
316.06666666671015,107.95048923424854
316.1000000000435,123.54149287933308
316.13333333337687,139.8696288019599
316.1666666667102,151.31036271751412
316.2000000000436,151.97881593787304
316.23333333337695,138.80415073395804
316.2666666667103,116.8239498625296
316.30000000004367,92.48951403686908
316.333333333377,71.5406804436845
316.3666666667104,59.06427636146773
316.40000000004375,58.07423806150231
316.4333333333771,62.20452007099998
316.46666666671047,62.55699325471492
316.5000000000438,56.960329525137325
316.5333333333772,52.516201776473245
316.56666666671055,55.57912892617462
316.6000000000439,61.98986621518807
316.63333333337727,62.92370007488084
316.6666666667106,56.51999067360249
316.700000000044,55.52434085274019
316.73333333337735,73.0020509484974
316.7666666667107,103.08764842610614
316.80000000004407,127.03482174273223
316.8333333333774,131.15924512566897
316.8666666667108,118.99252045236672
316.90000000004414,97.5610812132843
316.9333333333775,74.15684329615638
316.96666666671086,56.34123310593093
317.0000000000442,49.934467309276336
317.0333333333776,51.79177314056714
317.06666666671094,55.94765900452831
317.1000000000443,58.51953302883686
317.13333333337766,58.77309953741899
317.166666666711,56.44058780955218
317.2000000000444,52.93695928817757
317.23333333337774,50.49761902340541
317.2666666667111,50.31908815483318
317.30000000004446,51.2205570657151
317.3333333333778,51.81920203855746
317.3666666667112,52.50155796664784
317.40000000004454,54.951901803600045
317.4333333333779,59.87896907510399
317.46666666671126,64.46653749359415
317.5000000000446,65.24529086650323
317.533333333378,61.90958447889501
317.56666666671134,57.57473449805693
317.6000000000447,55.12942421866835
317.63333333337806,55.28995336572088
317.6666666667114,58.02242915610191
317.7000000000448,62.56712160680729
317.73333333337814,67.00845971160669
317.7666666667115,70.28206424342277
317.80000000004486,79.63590867805702
317.8333333333782,106.5662684728555
317.8666666667116,152.76087235067416
317.90000000004494,196.47320237786752
317.9333333333783,213.9524820842525
317.96666666671166,202.1448416707338
318.000000000045,173.74268572905024
318.0333333333784,140.85242523622406
318.06666666671174,112.0198734272755
318.1000000000451,94.71727822161468
318.13333333337846,89.00101308013647
318.1666666667118,86.70213877126277
318.2000000000452,80.76086155287409
318.23333333337854,72.72428532859162
318.2666666667119,67.10031444258952
318.30000000004526,66.15534137325795
318.3333333333786,68.52445598800628
318.366666666712,72.37276126262417
318.40000000004534,74.63942493724313
318.4333333333787,71.63958611871031
318.46666666671206,63.73151506629547
318.5000000000454,60.95108421077784
318.5333333333788,73.7050540200699
318.56666666671214,97.07948976259652
318.6000000000455,114.5236173283034
318.63333333337886,113.93127223543236
318.6666666667122,100.25450192546192
318.7000000000456,82.20752127142525
318.73333333337894,66.38295829605774
318.7666666667123,57.04938541802852
318.80000000004566,56.91962255081112
318.833333333379,60.82490323738491
318.8666666667124,61.02407482473027
318.90000000004574,57.05176248632378
318.9333333333791,59.93951425807669
318.96666666671246,79.72757021557089
319.0000000000458,109.41403404836774
319.0333333333792,133.4230314351488
319.06666666671254,142.80183321610147
319.1000000000459,144.00814506449254
319.13333333337926,145.0606786300069
319.1666666667126,145.66000054155225
319.200000000046,139.43609807925435
319.23333333337933,122.76883294232398
319.2666666667127,101.92170070807052
319.30000000004605,85.06510285169477
319.3333333333794,75.2721743927158
319.3666666667128,70.3064739695963
319.40000000004613,67.83147627432459
319.4333333333795,66.27153363079516
319.46666666671285,64.32322486387874
319.5000000000462,62.209761722635584
319.5333333333796,62.41958056351881
319.56666666671293,67.10982965263533
319.6000000000463,74.41536318944331
319.63333333337965,80.58586959289002
319.666666666713,82.97513657213776
319.7000000000464,81.31482268196002
319.73333333337973,75.74623532200803
319.7666666667131,67.70005084349353
319.80000000004645,59.47761989119032
319.8333333333798,55.13567470715611
319.8666666667132,64.14850518386109
319.90000000004653,96.08041651986822
319.9333333333799,140.1531080916868
319.96666666671325,166.18881985714415
320.0000000000466,151.86095802376644
320.03333333338,114.59615259450293
320.06666666671333,82.93622677265793
320.1000000000467,71.55476415070498
320.13333333338005,76.51454997783208
320.1666666667134,92.01209228263198
320.2000000000468,108.39013242515142
320.23333333338013,114.43250270110684
320.2666666667135,105.6729931137742
320.30000000004685,90.46826146247165
320.3333333333802,77.98250281682517
320.3666666667136,70.79326686148498
320.40000000004693,67.53054826514116
320.4333333333803,66.76324331437527
320.46666666671365,67.0394836606351
320.500000000047,66.9472808726314
320.5333333333804,65.81798718363433
320.56666666671373,63.60758222230949
320.6000000000471,60.60714923908196
320.63333333338045,58.35812417923297
320.6666666667138,58.642685090955794
320.7000000000472,61.110534570605125
320.73333333338053,62.91895791700252
320.7666666667139,61.78305159271006
320.80000000004725,59.46859768628984
320.8333333333806,59.16748582552916
320.866666666714,62.06295981122568
320.9000000000473,66.06620064732591
320.9333333333807,69.02789235979104
320.96666666671405,70.86676681582725
321.0000000000474,72.55753811331567
321.0333333333808,75.05903532767294
321.0666666667141,79.27438293081936
321.1000000000475,85.88043759611064
321.13333333338085,92.63954532872486
321.1666666667142,95.23986800687148
321.2000000000476,91.68140281785182
321.2333333333809,87.64795308744337
321.2666666667143,90.09654396307828
321.30000000004765,99.5330668106993
321.333333333381,110.13695881676296
321.3666666667144,116.5107511592176
321.4000000000477,116.48833799876525
321.4333333333811,108.92142480838788
321.46666666671445,95.64546634148554
321.5000000000478,82.51191737808676
321.5333333333812,75.28143320969295
321.5666666667145,77.17558080659373
321.6000000000479,90.3116456925401
321.63333333338124,111.84192148418536
321.6666666667146,129.7144632600018
321.700000000048,132.2455699674322
321.7333333333813,121.51786021081806
321.7666666667147,107.57082525219424
321.80000000004804,97.8965178299502
321.8333333333814,93.15323057217866
321.8666666667148,92.78516124620931
321.9000000000481,94.28624558994387
321.9333333333815,93.60646283904735
321.96666666671484,88.25483962619496
322.0000000000482,81.58092012874977
322.0333333333816,78.1863420191353
322.0666666667149,80.5956265097688
322.1000000000483,89.10201196113337
322.13333333338164,103.37718981675384
322.166666666715,120.44641110797208
322.2000000000484,136.48291331943034
322.2333333333817,147.72164924439002
322.2666666667151,150.4879978378258
322.30000000004844,142.09368924527698
322.3333333333818,127.09575300146042
322.3666666667152,113.28292648453431
322.4000000000485,105.99736412365642
322.4333333333819,105.70145451783296
322.46666666671524,111.95365090947249
322.5000000000486,120.73897577248236
322.533333333382,125.856004745033
322.5666666667153,123.33384325307188
322.6000000000487,115.37182398332524
322.63333333338204,105.21521715841126
322.6666666667154,96.17038610095284
322.7000000000488,91.59413831056794
322.7333333333821,94.4459873602147
322.7666666667155,106.17157480097782
322.80000000004884,127.6234509963189
322.8333333333822,153.17388336011754
322.8666666667156,170.03767685102005
322.9000000000489,167.7604885009923
322.9333333333823,150.20075271340986
322.96666666671564,125.91193980328411
323.000000000049,101.94640489787548
323.0333333333824,83.13679793826687
323.0666666667157,73.71663418279512
323.1000000000491,74.78140882335958
323.13333333338244,85.97548926823913
323.1666666667158,102.61417982017537
323.2000000000492,111.45000842236036
323.2333333333825,100.82460327625446
323.2666666667159,86.97229487401077
323.30000000004924,103.06045735969565
323.3333333333826,165.41501496888662
323.366666666716,244.5156071860552
323.4000000000493,304.2138817689013
323.4333333333827,324.21719636458346
323.46666666671604,297.0444868172332
323.5000000000494,228.1400816680253
323.5333333333828,169.0792488647728
323.5666666667161,179.39633860034306
323.6000000000495,250.5979143836209
323.63333333338284,301.6926881951546
323.6666666667162,267.8502506460838
323.7000000000496,183.5016900009765
323.7333333333829,113.65983421272782
323.7666666667163,93.90624380255552
323.80000000004964,118.51794485332152
323.833333333383,175.77142737105336
323.8666666667164,233.69993440407356
323.9000000000497,251.9754178861356
323.9333333333831,214.97029873189905
323.96666666671643,152.8682948412455
324.0000000000498,99.264852033984
324.03333333338315,72.5743903829038
324.0666666667165,82.59980382980349
324.1000000000499,127.08184129783214
324.13333333338323,174.28766446946508
324.1666666667166,190.197007070495
324.20000000004995,171.49602821390891
324.2333333333833,137.63798840570632
324.2666666667167,105.54499104124017
324.30000000005003,81.99507160870976
324.3333333333834,71.3685380284611
324.36666666671675,71.4723502020918
324.4000000000501,73.77092569004249
324.4333333333835,71.37731335598353
324.46666666671683,65.90602052604353
324.5000000000502,61.297345913350895
324.53333333338355,59.97524035789839
324.5666666667169,62.46676806050012
324.6000000000503,72.12398539400492
324.63333333338363,110.02504775006491
324.666666666717,203.2586745152318
324.70000000005035,338.71272271644034
324.7333333333837,438.0305116504952
324.7666666667171,428.7293272262984
324.80000000005043,335.54000495788625
324.8333333333838,230.71752474193408
324.86666666671715,161.05391726419072
324.9000000000505,118.82332213941106
324.93333333338387,90.17035392205838
324.96666666671723,70.38148706980819
325.0000000000506,60.566639161847846
325.03333333338395,61.03953227177058
325.0666666667173,69.6453156874774
325.10000000005067,83.8632407214602
325.13333333338403,102.13729253040368
325.1666666667174,123.7018589969693
325.20000000005075,146.11019000667622
325.2333333333841,160.66839696533137
325.26666666671747,157.7499415996812
325.30000000005083,140.19513389053884
325.3333333333842,123.8978282886006
325.36666666671755,121.0241186906168
325.4000000000509,122.67215542924968
325.43333333338427,113.84758645317277
325.46666666671763,91.39650759457253
325.500000000051,67.97085424413714
325.53333333338435,55.39322410388992
325.5666666667177,53.075247313611335
325.60000000005107,55.53096713811443
325.6333333333844,58.53455705145348
325.6666666667178,60.027169390031645
325.70000000005115,58.524877654835215
325.7333333333845,55.67832249799697
325.76666666671787,54.72979014015774
325.8000000000512,57.169516601189216
325.8333333333846,60.637213423134135
325.86666666671795,62.41539679015846
325.9000000000513,61.55813695705866
325.93333333338467,58.275164066283146
325.966666666718,54.87107055530029
326.0000000000514,59.48481142153258
326.03333333338475,80.4584602094203
326.0666666667181,112.64499552140362
326.10000000005147,139.8063434463536
326.1333333333848,149.02986998950726
326.1666666667182,140.7189858056091
326.20000000005155,118.49213238911376
326.2333333333849,90.43540866934218
326.26666666671827,69.24824231060386
326.3000000000516,64.35499225471496
326.333333333385,68.70085120728916
326.36666666671834,70.58050554502046
326.4000000000517,66.45754514507588
326.43333333338506,63.3605965318501
326.4666666667184,67.38394035603832
326.5000000000518,74.59095500852412
326.53333333338514,77.31461208804849
326.5666666667185,72.63213600568037
326.60000000005186,65.31612942393107
326.6333333333852,60.31042075383934
326.6666666667186,58.30373541793674
326.70000000005194,57.94194409838288
326.7333333333853,58.14522109495071
326.76666666671866,58.41787588692755
326.800000000052,58.39181765680619
326.8333333333854,58.300726174613935
326.86666666671874,58.740183532104254
326.9000000000521,59.95980266877205
326.93333333338546,61.30959840186208
326.9666666667188,62.15019425600002
327.0000000000522,64.03656495201226
327.03333333338554,70.16716088940694
327.0666666667189,82.07038532210626
327.10000000005226,95.7236019681918
327.1333333333856,105.98970819915928
327.166666666719,107.934195299207
327.20000000005234,96.8099929249656
327.2333333333857,75.22802850442253
327.26666666671906,76.09876404602154
327.3000000000524,138.2518022152883
327.3333333333858,245.09554983305648
327.36666666671914,316.9725944805911
327.4000000000525,290.07623885610406
327.43333333338586,201.31827728190152
327.4666666667192,119.64796480209168
327.5000000000526,79.3716789196797
327.53333333338594,66.37317426399568
327.5666666667193,64.25549482244453
327.60000000005266,65.39149092844879
327.633333333386,65.76206304319464
327.6666666667194,64.22121766528726
327.70000000005274,64.53373150546169
327.7333333333861,70.37970629718622
327.76666666671946,80.62090309338457
327.8000000000528,91.69046956179334
327.8333333333862,100.1678849369208
327.86666666671954,102.9806864892886
327.9000000000529,97.6064581692688
327.93333333338626,87.07673244319848
327.9666666667196,77.85149473961901
328.000000000053,73.86828331174452
328.03333333338634,72.36373759627533
328.0666666667197,69.79268844379268
328.10000000005306,66.87479928965097
328.1333333333864,67.53717152741781
328.1666666667198,73.73899881549423
328.20000000005314,80.84387169036886
328.2333333333865,83.12681822968884
328.26666666671986,79.50397125919793
328.3000000000532,73.11420161742893
328.3333333333866,66.9152391126828
328.36666666671994,62.52612357246037
328.4000000000533,61.162896774807365
328.43333333338666,62.16666377714585
328.46666666672,62.82344759801013
328.5000000000534,61.306650094656405
328.53333333338674,60.69432737839902
328.5666666667201,65.49680857258286
328.60000000005346,76.99410509207804
328.6333333333868,92.21058111721275
328.6666666667202,107.7899890961804
328.70000000005354,119.82448616810012
328.7333333333869,124.2352217106439
328.76666666672025,119.31450629040748
328.8000000000536,107.10523568529707
328.833333333387,90.28321094269278
328.86666666672033,73.81111623618375
328.9000000000537,63.666002848361565
328.93333333338705,61.98952275601878
328.9666666667204,63.62827677627581
329.0000000000538,63.171081163077744
329.03333333338713,60.49389730796904
329.0666666667205,58.38652443400424
329.10000000005385,58.962839381548974
329.1333333333872,62.72320267026781
329.1666666667206,69.65672399835302
329.20000000005393,76.3200452126112
329.2333333333873,77.01327724655816
329.26666666672065,68.98593101574635
329.300000000054,57.71129894543388
329.3333333333874,49.74923777910339
329.36666666672073,46.83204435187805
329.4000000000541,46.91967447360047
329.43333333338745,48.05156698339872
329.4666666667208,48.86398470667373
329.5000000000542,48.19038984466651
329.53333333338753,46.333250935308286
329.5666666667209,44.950180160920006
329.60000000005425,45.24727960950023
329.6333333333876,46.41984459927254
329.66666666672097,47.203758837641686
329.7000000000544,47.50599529825343
329.7333333333877,48.50406861998116
329.76666666672105,50.98167868423499
329.8000000000544,53.51846237808757
329.83333333338777,54.07733767912711
329.8666666667212,52.33522061224032
329.9000000000545,50.15031510934042
329.93333333338785,49.15544476179082
329.9666666667212,48.86078708101429
330.00000000005457,48.03798167849995
330.033333333388,46.72702566131888
330.0666666667213,46.85924115720288
330.10000000005465,50.08504665674251
330.133333333388,55.0266567777988
330.16666666672137,59.0320376196349
330.2000000000548,60.55671627621911
330.2333333333881,59.99493725189739
330.26666666672145,57.96989919619667
330.3000000000548,55.39266341071305
330.33333333338817,53.31276729395812
330.3666666667215,52.00358397450408
330.4000000000549,50.15417630206937
330.43333333338825,46.74880709313365
330.4666666667216,45.73599758645494
330.50000000005497,53.94166626283658
330.5333333333883,73.1098189952784
330.5666666667217,92.78191406155624
330.60000000005505,101.54026799324748
330.6333333333884,98.14901384461344
330.66666666672177,88.25883832410011
330.7000000000551,77.13465919019075
330.7333333333885,68.60274083844055
330.76666666672185,65.98531674530227
330.8000000000552,68.70658116104246
330.83333333338857,73.14852462022544
330.8666666667219,76.27437500606726
330.9000000000553,77.20763278478132
330.93333333338865,75.54354794791719
330.966666666722,71.4824469433935
331.00000000005537,65.76713548246047
331.0333333333887,59.312612561457165
331.0666666667221,53.61740569464006
331.10000000005545,50.25617045515393
331.1333333333888,49.28581035509753
331.16666666672216,49.20600717374844
331.2000000000555,48.8141608579616
331.2333333333889,48.54647802527789
331.26666666672224,49.29758309001379
331.3000000000556,52.05931996816492
331.33333333338896,57.9373077941177
331.3666666667223,67.43030628591261
331.4000000000557,77.86735745330338
331.43333333338904,85.58499602232351
331.4666666667224,88.08972001500351
331.50000000005576,84.4470046309798
331.5333333333891,74.5097750919664
331.5666666667225,62.20502768509493
331.60000000005584,52.925616400646064
331.6333333333892,49.47648607808741
331.66666666672256,50.74473114387491
331.7000000000559,55.15869850256647
331.7333333333893,60.22268646543608
331.76666666672264,63.06981191221779
331.800000000056,62.54593514430608
331.83333333338936,60.43578004988496
331.8666666667227,58.57048390759247
331.9000000000561,56.82449015318521
331.93333333338944,54.13913013338798
331.9666666667228,50.98564567378802
332.00000000005616,50.81615731618595
332.0333333333895,56.7652107877858
332.0666666667229,65.78369962593258
332.10000000005624,71.47210129409501
332.1333333333896,73.47344868419657
332.16666666672296,84.762271464688
332.2000000000563,117.79053412203714
332.2333333333897,160.00993246582388
332.26666666672304,183.52388348449335
332.3000000000564,172.54771226340335
332.33333333338976,141.8545379540695
332.3666666667231,110.09387748890153
332.4000000000565,86.06988442187395
332.43333333338984,71.80071117441801
332.4666666667232,67.28504828712978
332.50000000005656,67.25565998503792
332.5333333333899,65.90340397369681
332.5666666667233,62.94344660689454
332.60000000005664,62.33382070957656
332.63333333339,66.30328895648054
332.66666666672336,71.30076584400038
332.7000000000567,72.85171429905868
332.7333333333901,70.16433456778348
332.76666666672344,65.58826055971203
332.8000000000568,62.73893620279432
332.83333333339016,69.34905234084577
332.8666666667235,93.2891294145564
332.9000000000569,126.4138706181019
332.93333333339024,145.46375710062813
332.9666666667236,133.9847554185954
333.00000000005696,104.81296514550304
333.0333333333903,77.67648610182525
333.0666666667237,63.45810129999535
333.10000000005704,63.83680531129677
333.1333333333904,77.62592746875401
333.16666666672376,92.8633200583154
333.2000000000571,95.02394495760151
333.2333333333905,81.90435412358713
333.26666666672384,65.39302257061918
333.3000000000572,56.12557921456361
333.33333333339056,54.77199390046077
333.3666666667239,58.983244100138094
333.4000000000573,67.94781499072575
333.43333333339064,82.78220847619396
333.466666666724,102.97268828310035
333.50000000005736,118.42979072961543
333.5333333333907,116.09265790089331
333.5666666667241,95.33620937073036
333.60000000005743,72.57129590079303
333.6333333333908,62.631853921935765
333.6666666667241,63.36184569322996
333.7000000000575,66.31286303818841
333.7333333333909,66.51462366693994
333.76666666672423,64.20508570113523
333.8000000000576,60.18272059597906
333.8333333333909,56.14863274158256
333.8666666667243,54.17619168084856
333.9000000000577,56.49906565302504
333.93333333339103,65.60919347928323
333.9666666667244,83.12240457829422
334.0000000000577,104.0287801803965
334.0333333333911,120.45404252523608
334.0666666667245,132.83474893423164
334.10000000005783,156.25110689106165
334.1333333333912,202.6053167511751
334.1666666667245,246.0121760502888
334.2000000000579,242.54668038797269
334.2333333333913,179.90508834389362
334.26666666672463,106.16404309355958
334.300000000058,70.4032811776304
334.3333333333913,70.4929521593365
334.3666666667247,77.5513982770551
334.40000000005807,73.87036066307056
334.43333333339143,65.14970762680205
334.4666666667248,59.28161400520834
334.5000000000581,57.53472711223196
334.5333333333915,57.45161480397882
334.56666666672487,58.04007691200112
334.60000000005823,61.6342352610761
334.6333333333916,70.21065714061339
334.6666666667249,77.2069441642061
334.7000000000583,70.95611895168199
334.73333333339167,54.75562708132574
334.76666666672503,67.50306481296504
334.8000000000584,148.52951948985498
334.8333333333917,282.3567442454691
334.8666666667251,418.177861980364
334.90000000005847,509.1848028528645
334.93333333339183,520.1876460482757
334.9666666667252,423.3796418271136
335.0000000000585,261.41003315293614
335.0333333333919,125.1841850212067
335.06666666672527,72.99787060063767
335.1000000000586,72.4913769163028
335.133333333392,78.3438415892025
335.16666666672535,75.42414312030496
335.2000000000587,70.53245449459945
335.23333333339207,68.62641622136354
335.2666666667254,67.9510671727176
335.3000000000588,66.01422764953058
335.33333333339215,67.18471449616722
335.3666666667255,81.09000890552156
335.40000000005887,110.34842132933326
335.4333333333922,135.81824024445274
335.4666666667256,135.69286065915958
335.50000000005895,111.70405302884345
335.5333333333923,84.5789349987081
335.56666666672567,69.99748680704741
335.600000000059,65.64863132500948
335.6333333333924,65.78226864363712
335.66666666672575,67.66072809030165
335.7000000000591,71.09557157170462
335.73333333339247,75.66980708308975
335.7666666667258,79.91917315895644
335.8000000000592,82.21602948983404
335.83333333339255,82.01834977369988
335.8666666667259,79.74421546506824
335.90000000005926,76.62730429340759
335.9333333333926,76.68514347553119
335.966666666726,84.89210063285435
336.00000000005934,112.95770271521242
336.0333333333927,178.79494942343075
336.06666666672606,283.67923655810586
336.1000000000594,366.1277253722668
336.1333333333928,353.7362453259283
336.16666666672614,252.0760125433583
336.2000000000595,141.27715914965182
336.23333333339286,84.9769392902941
336.2666666667262,71.30714984372075
336.3000000000596,70.77158902957972
336.33333333339294,68.85687492480346
336.3666666667263,65.87295344937772
336.40000000005966,62.75369495564607
336.433333333393,60.39988735002374
336.4666666667264,59.67553353314459
336.50000000005974,60.76559613278557
336.5333333333931,63.16219814756896
336.56666666672646,66.11093543498937
336.6000000000598,67.96154789348472
336.6333333333932,66.91851216958825
336.66666666672654,63.387809816962886
336.7000000000599,60.08439824226306
336.73333333339326,59.17172136971087
336.7666666667266,59.98078942721416
336.80000000006,61.11878430801597
336.83333333339334,62.11264293104029
336.8666666667267,63.4776649011748
336.90000000006006,65.97209942495402
336.9333333333934,71.20867321741083
336.9666666667268,80.99109872313461
337.00000000006014,95.92071423459846
337.0333333333935,115.27938707080756
337.06666666672686,137.69897080497003
337.1000000000602,159.1902551545741
337.1333333333936,175.35258778114203
337.16666666672694,190.99859001110383
337.2000000000603,221.2321039534587
337.23333333339366,272.43034078839275
337.266666666727,308.49220844464816
337.3000000000604,282.83663223678457
337.33333333339374,197.8932840633733
337.3666666667271,111.63339279814026
337.40000000006046,72.2449632303008
337.4333333333938,68.48483429568638
337.4666666667272,72.33620760934204
337.50000000006054,70.44081236225423
337.5333333333939,66.24011040676807
337.56666666672726,64.07462826291145
337.6000000000606,68.17498456524966
337.633333333394,82.52130500154124
337.66666666672734,104.48897828237862
337.7000000000607,123.82525307872405
337.73333333339406,131.89948650046358
337.7666666667274,129.77259630934452
337.8000000000608,121.3957076110618
337.83333333339414,111.45195280985676
337.8666666667275,105.47324773182886
337.90000000006086,108.3112991517012
337.9333333333942,121.3595667932072
337.9666666667276,144.76540336918185
338.00000000006094,171.93968713492464
338.0333333333943,188.46801011775156
338.06666666672766,183.43017890234185
338.100000000061,164.58881800574565
338.1333333333944,145.00811891957758
338.16666666672774,130.45022824628788
338.2000000000611,118.21126540954444
338.23333333339446,108.73597170080112
338.2666666667278,119.6002650217603
338.3000000000612,172.1556030412902
338.33333333339453,249.02236803681575
338.3666666667279,288.1607878228459
338.40000000006125,243.93389999294797
338.4333333333946,159.27493254673325
338.466666666728,101.54810167660408
338.50000000006133,93.08849155760068
338.5333333333947,104.7543909880998
338.56666666672805,109.78075830828752
338.6000000000614,105.4703413102039
338.6333333333948,96.1729832663918
338.66666666672813,88.4947226229546
338.7000000000615,91.58915174455204
338.73333333339485,110.33176629676548
338.7666666667282,129.45151196091874
338.8000000000616,128.58055083717065
338.83333333339493,105.52309552760356
338.8666666667283,78.29782661524818
338.90000000006165,62.38644995972243
338.933333333395,57.18696451720572
338.9666666667284,57.64041349972516
339.00000000006173,59.7891703788596
339.0333333333951,60.87836852135414
339.06666666672845,59.33338302946847
339.1000000000618,58.47353258591647
339.1333333333952,62.75919119722471
339.16666666672853,71.55442635647135
339.2000000000619,78.77911639531085
339.23333333339525,79.45906324346255
339.2666666667286,74.45757782902608
339.300000000062,66.32277083385627
339.33333333339533,60.88045076197807
339.3666666667287,67.37075530212667
339.40000000006205,90.1137265802611
339.4333333333954,112.46948976422402
339.4666666667288,113.24774837442436
339.50000000006213,91.36457024842755
339.5333333333955,66.09240130237224
339.56666666672885,53.15388570913929
339.6000000000622,50.5169019971985
339.6333333333956,51.83905194378792
339.66666666672893,53.2768306832422
339.7000000000623,53.43752492814449
339.73333333339565,51.65432165367925
339.766666666729,49.64991549747736
339.8000000000624,49.63028208106449
339.83333333339573,51.93202850253145
339.8666666667291,55.12164204619272
339.90000000006245,57.79960215922862
339.9333333333958,58.9473383905527
339.9666666667292,57.68152871673217
340.0000000000625,54.05240645221119
340.0333333333959,48.96089229719095
340.06666666672925,43.892889053283554
340.1000000000626,42.27944620273711
340.133333333396,47.64409898239289
340.1666666667293,57.40856644958023
340.2000000000627,63.66286430341976
340.23333333339605,61.33830173779289
340.2666666667294,55.462120482693365
340.3000000000628,52.843896212866674
340.3333333333961,54.7879829777531
340.3666666667295,58.00073542733646
340.40000000006285,59.79849802955114
340.4333333333962,59.878333029835424
340.4666666667296,58.42126364892108
340.5000000000629,55.818813566055
340.5333333333963,52.630590812686194
340.56666666672965,50.29376976242645
340.600000000063,52.8606303843686
340.6333333333964,64.38124129124509
340.6666666667297,81.7832714122324
340.7000000000631,96.61796970452257
340.73333333339644,102.34831715532228
340.7666666667298,98.20648134883142
340.8000000000632,84.79206947026637
340.8333333333965,67.48877504280078
340.8666666667299,55.09059051489705
340.90000000006324,52.70432071611418
340.9333333333966,55.46892975208074
340.96666666673,57.26222184045929
341.0000000000633,56.54019510478948
341.0333333333967,54.83932079052758
341.06666666673004,53.27750209993573
341.1000000000634,51.79152904965869
341.1333333333968,50.30299461326837
341.1666666667301,50.59738811106674
341.2000000000635,55.62730075813326
341.23333333339684,65.6160675483554
341.2666666667302,74.42235060980835
341.3000000000636,75.7128348511408
341.3333333333969,70.4674795075588
341.3666666667303,63.97803431074964
341.40000000006364,59.62070698268846
341.433333333397,56.52049798334064
341.4666666667304,53.45590507221938
341.5000000000637,51.157177023466026
341.5333333333971,51.41785788347557
341.56666666673044,54.51789840065472
341.6000000000638,57.68549324363031
341.6333333333972,58.28302077212552
341.6666666667305,57.96261985704917
341.7000000000639,60.54068669854349
341.73333333339724,67.1241811107895
341.7666666667306,73.76720775124858
341.800000000064,76.47739512837524
341.8333333333973,75.19409536972506
341.8666666667307,71.71481983771761
341.90000000006404,68.1403224044862
341.9333333333974,67.07146614754423
341.9666666667308,70.65283922870772
342.0000000000641,77.43233300067914
342.0333333333975,84.41351894408226
342.06666666673084,89.5562545487322
342.1000000000642,92.33687109249011
342.1333333333976,92.56817897652472
342.1666666667309,91.37278485468916
342.2000000000643,90.36654798567064
342.23333333339764,89.83935503146307
342.266666666731,88.16069492325748
342.3000000000644,84.09561717007615
342.3333333333977,79.58961141504284
342.3666666667311,77.67547766877914
342.40000000006444,78.8788174619893
342.4333333333978,80.40067996182965
342.4666666667312,79.69934708007422
342.5000000000645,76.78727463885409
342.5333333333979,72.57887974515138
342.56666666673124,70.19076530919014
342.6000000000646,75.40426164183435
342.633333333398,91.39691978533776
342.6666666667313,108.29310369997172
342.7000000000647,112.77241986157354
342.73333333339804,102.7015779451707
342.7666666667314,88.2774203822047
342.8000000000648,78.19501696547263
342.8333333333981,72.10528514682339
342.8666666667315,67.34670575653972
342.90000000006484,63.10631458408116
342.9333333333982,60.4205839079148
342.9666666667316,59.83059282082602
343.0000000000649,59.700463765337226
343.0333333333983,58.000952730814326
343.06666666673163,55.043059498856
343.100000000065,53.25590624365101
343.13333333339835,54.10666184893403
343.1666666667317,55.56854771498083
343.2000000000651,55.03635566851752
343.23333333339843,52.45148492281344
343.2666666667318,49.83282341376135
343.30000000006515,48.6179582848692
343.3333333333985,48.32636809069436
343.3666666667319,48.16905159208454
343.40000000006523,48.026923179343584
343.4333333333986,48.271294079333806
343.46666666673195,49.05299036982655
343.5000000000653,49.90917220149078
343.5333333333987,50.31310495672594
343.56666666673203,50.17151478811157
343.6000000000654,49.675940696115966
343.63333333339875,49.25814779028445
343.6666666667321,49.901281838569446
343.7000000000655,52.48632005287802
343.73333333339883,56.05416170589102
343.7666666667322,58.57617887848943
343.80000000006555,58.4711672838389
343.8333333333989,55.11224288125726
343.86666666673227,48.805993948476434
343.90000000006563,46.97046403162173
343.933333333399,60.64908800444573
343.96666666673235,96.63037368620613
344.0000000000657,153.8688508699078
344.03333333339907,226.82168971437844
344.06666666673243,282.4730722404724
344.1000000000658,275.90801064661457
344.13333333339915,200.6071022686997
344.1666666667325,112.01508351447576
344.20000000006587,62.91328295716804
344.23333333339923,52.64096145407824
344.2666666667326,59.50418775797949
344.30000000006595,70.9892986931975
344.3333333333993,87.67425820011039
344.36666666673267,109.35531281299706
344.40000000006603,125.9637938202838
344.4333333333994,124.38654163148786
344.46666666673275,104.26662123452326
344.5000000000661,81.13260976664802
344.53333333339947,68.33413412770086
344.56666666673283,64.07488392197673
344.6000000000662,62.172939362645785
344.63333333339955,59.8827103708004
344.6666666667329,58.20719656552269
344.70000000006627,57.90096842404407
344.7333333333996,57.92680559575132
344.766666666733,56.84873449807887
344.80000000006635,54.48321877505143
344.8333333333997,51.83971848287448
344.86666666673307,49.86398881505709
344.9000000000664,49.11328215090629
344.9333333333998,49.99056151137685
344.96666666673315,51.73393510901822
345.0000000000665,52.61643222894399
345.03333333339987,51.606413539344
345.0666666667332,49.832102163663045
345.1000000000666,48.78314847370815
345.13333333339995,49.41860171118038
345.1666666667333,52.314092458228345
345.20000000006667,57.07767001614605
345.2333333334,60.87935037854554
345.2666666667334,60.86091925785564
345.30000000006675,58.051431327228336
345.3333333334001,55.87653298269606
345.36666666673347,55.86944489473995
345.4000000000668,55.38436741756179
345.4333333334002,51.7325332826173
345.46666666673354,46.774464251403934
345.5000000000669,44.76093559388806
345.53333333340026,47.58245650657357
345.5666666667336,52.72584375328128
345.600000000067,57.37619447298564
345.63333333340034,60.018286134038085
345.6666666667337,59.74351548997616
345.70000000006706,56.89302514554098
345.7333333334004,53.773287445965046
345.7666666667338,52.499037469547645
345.80000000006714,52.93382351204801
345.8333333334005,54.08541039014016
345.86666666673386,55.05941979037766
345.9000000000672,55.09517338982138
345.9333333334006,53.78019468899796
345.96666666673394,52.43700614230107
346.0000000000673,52.917552264497495
346.03333333340066,56.34959439364579
346.066666666734,63.03314705215462
346.1000000000674,72.3477241777175
346.13333333340074,79.95752188226268
346.1666666667341,80.77929097672465
346.20000000006746,74.91595184932325
346.2333333334008,67.49928304841124
346.2666666667342,63.36635931579659
346.30000000006754,65.5946700753946
346.3333333334009,76.68853516813637
346.36666666673426,96.0627960797334
346.4000000000676,120.59913709492594
346.433333333401,147.111335310498
346.46666666673434,172.43306702080827
346.5000000000677,193.1551013671114
346.53333333340106,202.72371760572528
346.5666666667344,192.43862905495232
346.6000000000678,160.46159570141447
346.63333333340114,121.50069580749116
346.6666666667345,91.4360599795745
346.70000000006786,73.55877015087496
346.7333333334012,63.90092485770796
346.7666666667346,59.03789946415884
346.80000000006794,56.79758540217202
346.8333333334013,55.3542411048395
346.86666666673466,54.46724757374605
346.900000000068,54.64355381652502
346.9333333334014,55.580325406402814
346.96666666673474,55.63363995210952
347.0000000000681,53.52344850377916
347.03333333340146,51.09698768277595
347.0666666667348,51.36572228918643
347.1000000000682,54.397547406560165
347.13333333340154,56.2342730190269
347.1666666667349,53.72267459450708
347.20000000006826,49.344897863416
347.2333333334016,47.27667353693101
347.266666666735,48.36717652265482
347.30000000006834,49.69544807575471
347.3333333334017,49.13194241666324
347.36666666673506,48.66785804547472
347.4000000000684,51.42286652826088
347.4333333334018,61.7786111298308
347.46666666673514,85.29859766608031
347.5000000000685,121.74078518948332
347.53333333340186,151.39133958220265
347.5666666667352,152.28982459556582
347.6000000000686,129.5312823582254
347.63333333340194,109.0911792382823
347.6666666667353,106.54492599917496
347.70000000006866,108.19567487250715
347.733333333402,97.1543283924688
347.7666666667354,75.22763615892634
347.80000000006874,56.02279302687205
347.8333333334021,47.86150348750071
347.86666666673545,47.25893868282781
347.9000000000688,49.4570976840664
347.9333333334022,51.98911496301137
347.96666666673553,53.57888656835563
348.0000000000689,54.017691439985605
348.03333333340225,54.94278566953396
348.0666666667356,57.692322259680026
348.100000000069,60.330010994109486
348.13333333340233,59.625521209214256
348.1666666667357,55.24332496903552
348.20000000006905,50.94928782740881
348.2333333334024,49.97151777269109
348.2666666667358,51.05187730133572
348.30000000006913,51.515033985276446
348.3333333334025,50.48092954060022
348.36666666673585,49.12969150084979
348.4000000000692,48.53872983387583
348.4333333334026,48.88936269992493
348.46666666673593,50.106674040511685
348.5000000000693,51.63328088971247
348.53333333340265,52.46408972901282
348.566666666736,51.92980202447492
348.6000000000694,50.50736763411533
348.6333333334028,48.87667239107837
348.6666666667361,47.29504838167836
348.70000000006945,45.70492486750256
348.7333333334028,44.51589143643384
348.76666666673617,45.34879069300236
348.8000000000696,49.61788977638987
348.8333333334029,54.56242947697688
348.86666666673625,54.96515114878674
348.9000000000696,51.38983359092427
348.93333333340297,56.103934106397546
348.9666666667364,80.11277136832834
349.0000000000697,113.38196177460004
349.03333333340305,136.0419865429878
349.0666666667364,137.5422581403415
349.10000000006977,122.28906430457384
349.1333333334032,96.70690919984656
349.1666666667365,71.31064243731531
349.20000000006985,57.87462793670403
349.2333333334032,58.62682178313131
349.26666666673657,63.70264387796293
349.30000000007,64.47998844426455
349.3333333334033,61.6233371310571
349.36666666673665,58.41265662733861
349.40000000007,56.931906042284986
349.43333333340337,58.06242414223396
349.4666666667367,61.90368225871603
349.5000000000701,65.98814876389856
349.53333333340345,67.48832502842419
349.5666666667368,66.79543128900997
349.60000000007017,66.85998305222523
349.6333333334035,70.2617691112223
349.6666666667369,78.3882418917824
349.70000000007025,91.96629560110412
349.7333333334036,106.58420391957556
349.76666666673697,114.65010950911756
349.8000000000703,113.56967855120548
349.8333333334037,111.26634135583356
349.86666666673705,116.07950770061716
349.9000000000704,129.04348681694628
349.93333333340377,147.88028963788213
349.9666666667371,186.51180346862813
350.0000000000705,285.1077720740088
350.03333333340385,469.1292781840815
350.0666666667372,660.8075382668321
350.10000000007057,745.976382239254
350.1333333334039,688.4192486763903
350.1666666667373,550.2432477226619
350.20000000007065,394.1582292232244
350.233333333404,257.2168851532992
350.26666666673736,168.0073657872549
350.3000000000707,128.08124500623887
350.3333333334041,112.44563907590364
350.36666666673744,101.47452770378486
350.4000000000708,97.52449636483156
350.43333333340416,106.7134528210182
350.4666666667375,121.99431567721209
350.5000000000709,126.30787292604968
350.53333333340424,110.9883698162187
350.5666666667376,89.42209272560464
350.60000000007096,76.98509497341739
350.6333333334043,73.92903082003946
350.6666666667377,71.66706144297012
350.70000000007104,65.85599835421841
350.7333333334044,60.577969111021964
350.76666666673776,60.07320568712216
350.8000000000711,62.66014987649808
350.8333333334045,64.05864732730775
350.86666666673784,62.34861171951203
350.9000000000712,59.11189224799796
350.93333333340456,56.514605610838046
350.9666666667379,58.34865414322618
351.0000000000713,68.70810061321939
351.03333333340464,84.68745259980044
351.066666666738,95.46914855045536
351.10000000007136,93.00967684833574
351.1333333334047,81.89742560153383
351.1666666667381,69.64722507066504
351.20000000007144,60.345082202869726
351.2333333334048,55.1131148962417
351.26666666673816,54.872416690198136
351.3000000000715,60.24355885792854
351.3333333334049,71.31926643676452
351.36666666673824,82.54914814846053
351.4000000000716,84.70732640556942
351.43333333340496,74.28290436674354
351.4666666667383,60.22093439323599
351.5000000000717,52.04607119281081
351.53333333340504,50.680309765248055
351.5666666667384,52.80532800300346
351.60000000007176,55.52776235421979
351.6333333334051,56.688116946518335
351.6666666667385,54.830227281326096
351.70000000007184,52.25122521076485
351.7333333334052,52.52082488025573
351.76666666673856,55.9247039010524
351.8000000000719,58.7595014718012
351.8333333334053,58.226649418885735
351.86666666673864,56.39121241247516
351.900000000072,56.495009542922666
351.93333333340536,59.53053184014104
351.9666666667387,64.43485639277911
352.0000000000721,70.71209732813381
352.03333333340544,79.83657740680322
352.0666666667388,93.13354869073868
352.10000000007216,105.30150820299576
352.1333333334055,106.53431174971948
352.1666666667389,93.4845538634921
352.20000000007224,77.41277928871146
352.2333333334056,70.15658829257319
352.26666666673896,71.60465019070011
352.3000000000723,75.62849613724609
352.3333333334057,78.71837729936388
352.36666666673904,81.74024591679263
352.4000000000724,86.19384561657753
352.43333333340576,94.93404929145012
352.4666666667391,111.20381266464452
352.5000000000725,134.48542121391458
352.53333333340584,159.68857548407257
352.5666666667392,180.7878299691802
352.6000000000725,188.9781594192046
352.6333333334059,175.49424013368085
352.6666666667393,146.39982214085856
352.70000000007263,121.11618305476122
352.733333333406,112.21898648838722
352.7666666667393,110.37625800261168
352.8000000000727,103.28002939913851
352.8333333334061,91.95953804996331
352.86666666673943,86.26829481136186
352.9000000000728,90.47831945864787
352.9333333334061,96.5555766124308
352.9666666667395,96.05096795960272
353.0000000000729,89.98848126893968
353.03333333340623,83.92099541809495
353.0666666667396,80.57400105957515
353.1000000000729,78.23181674478238
353.1333333334063,75.33373697340281
353.1666666667397,73.30626080513
353.20000000007303,74.52026948126795
353.2333333334064,78.84791551309529
353.2666666667397,83.32447044877709
353.3000000000731,85.31595706461474
353.3333333334065,84.05814324069496
353.36666666673983,79.40365568845678
353.4000000000732,73.97688023736592
353.4333333334065,72.69380878899925
353.4666666667399,77.98460849358639
353.50000000007327,85.38012862969248
353.53333333340663,89.69388830954927
353.56666666674,90.33172140831704
353.6000000000733,89.44332321521257
353.6333333334067,88.15580679996825
353.66666666674007,85.56859807685888
353.70000000007343,80.89446463799679
353.7333333334068,75.73853099347218
353.7666666667401,72.67627219677975
353.8000000000735,72.03968962463217
353.83333333340687,71.07860500818272
353.86666666674023,67.74008443277823
353.9000000000736,64.35616434007625
353.9333333334069,64.43054290799655
353.9666666667403,68.48114228106019
354.00000000007367,74.0760529060844
354.03333333340703,79.37147006672748
354.0666666667404,84.85502234419903
354.1000000000737,91.34149729844158
354.1333333334071,97.6805447142993
354.16666666674047,101.33406410180356
354.2000000000738,100.95360439987132
354.2333333334072,97.9493680771935
354.26666666674055,94.07227757499028
354.3000000000739,90.74752943821548
354.33333333340727,89.25928317255985
354.3666666667406,92.34200007482592
354.400000000074,105.03957863259744
354.43333333340735,130.1725980934101
354.4666666667407,156.94644819721597
354.50000000007407,170.2099573079243
354.5333333334074,165.92099555495335
354.5666666667408,152.58686573145533
354.60000000007415,138.26183971129095
354.6333333334075,126.74582607842552
354.66666666674087,120.61321777428684
354.7000000000742,118.928969311006
354.7333333334076,117.94816068590372
354.76666666674095,115.00047658656273
354.8000000000743,110.37459502063928
354.83333333340767,104.82116658664248
354.866666666741,99.03450605652831
354.9000000000744,93.67400024722482
354.93333333340775,89.11509167329991
354.9666666667411,85.23129685380843
355.00000000007446,81.87169949067184
355.0333333334078,79.05487311027416
355.0666666667412,76.8650996361108
355.10000000007454,75.38661664176688
355.1333333334079,74.70342844494444
355.16666666674126,74.76890111976681
355.2000000000746,74.99209672753102
355.233333333408,74.71834280674241
355.26666666674134,74.69995564125252
355.3000000000747,76.90879637877684
355.33333333340806,82.69327067731852
355.3666666667414,91.5565020259087
355.4000000000748,102.50368985894552
355.43333333340814,112.6278133240133
355.4666666667415,117.88515363348192
355.50000000007486,116.05469026483702
355.5333333334082,108.3818459791008
355.5666666667416,96.85830578382212
355.60000000007494,85.90684039171305
355.6333333334083,80.8146812162361
355.66666666674166,81.59004192391512
355.700000000075,81.3806423346929
355.7333333334084,76.2242191175373
355.76666666674174,76.80611532655193
355.8000000000751,96.65713684892846
355.83333333340846,127.12822156385032
355.8666666667418,139.63555621616308
355.9000000000752,118.13577012315332
355.93333333340854,84.66844498922285
355.9666666667419,65.86542525221492
356.00000000007526,64.12546129215988
356.0333333334086,66.90837890997533
356.066666666742,66.66776743841524
356.10000000007534,65.87662078181452
356.1333333334087,67.52148368040051
356.16666666674206,70.35199843055388
356.2000000000754,71.41623149056889
356.2333333334088,70.28605984496168
356.26666666674214,69.83757895377973
356.3000000000755,71.62132422372801
356.33333333340886,70.41898851866335
356.3666666667422,60.1408836269818
356.4000000000756,53.21209916245192
356.43333333340894,78.57835123161144
356.4666666667423,146.91280511246336
356.50000000007566,215.46590088423392
356.533333333409,236.56262088594943
356.5666666667424,210.3780269216757
356.60000000007574,166.03396307336814
356.6333333334091,125.44475000559348
356.66666666674246,96.27568279744396
356.7000000000758,83.29219140945216
356.7333333334092,82.50163649609334
356.76666666674254,86.39847963621395
356.8000000000759,88.04036064233435
356.83333333340926,81.20571038323182
356.8666666667426,69.1564139666711
356.900000000076,94.40990484500556
356.93333333340934,204.6687220867668
356.9666666667427,359.9757125853694
357.00000000007606,445.92966060727855
357.0333333334094,396.41758093053056
357.0666666667428,280.2952035897839
357.10000000007614,182.44114330150148
357.1333333334095,126.55747172503304
357.16666666674286,101.5325196019466
357.2000000000762,95.28092776651974
357.2333333334096,94.72146235502748
357.26666666674294,89.06964273064095
357.3000000000763,81.93054683087797
357.33333333340966,81.98770455356416
357.366666666743,89.77244815400256
357.4000000000764,96.34154370280324
357.43333333340973,94.98528837970473
357.4666666667431,89.40974832352524
357.50000000007645,85.52931553936376
357.5333333334098,85.57193679405387
357.5666666667432,88.90786522868657
357.60000000007653,94.5125914050676
357.6333333334099,100.59576692965892
357.66666666674325,105.57935841471044
357.7000000000766,110.67635786159804
357.73333333341,118.47312957126552
357.76666666674333,128.5368643779017
357.8000000000767,135.72044246219477
357.83333333341005,136.34241962471967
357.8666666667434,136.52459490834167
357.9000000000768,145.20658554932194
357.93333333341013,162.203831529566
357.9666666667435,177.96761644217258
358.00000000007685,194.18593545041625
358.0333333334102,250.4583104071059
358.0666666667436,385.8882959116992
358.10000000007693,538.1815585519397
358.1333333334103,577.0716436882157
358.16666666674365,451.2584728465448
358.200000000077,274.3620207644905
358.2333333334104,164.38470970900713
358.26666666674373,125.58332827203336
358.3000000000771,113.15661069649052
358.33333333341045,102.79307010172109
358.3666666667438,97.71611247424632
358.4000000000772,102.30279338749106
358.43333333341053,117.65242066279492
358.4666666667439,143.53098404615392
358.50000000007725,171.69710229905917
358.5333333334106,186.9624520204763
358.566666666744,182.2237395563996
358.60000000007733,172.66887434133906
358.6333333334107,174.8538514060274
358.66666666674405,182.73726979674248
358.7000000000774,177.7380160018963
358.7333333334108,154.1169341341006
358.76666666674413,128.12867536421695
358.8000000000775,114.98829664022986
358.83333333341085,111.865835661732
358.8666666667442,109.72254285610887
358.9000000000776,104.13506130232194
358.9333333334109,95.72727702821857
358.9666666667443,85.81636485548957
359.00000000007765,77.22696399817937
359.033333333411,72.85549841356396
359.0666666667444,72.28141447031349
359.1000000000777,72.75451160650712
359.1333333334111,72.48480497381408
359.16666666674445,71.8229833921685
359.2000000000778,71.5188629912564
359.2333333334112,73.24475494398699
359.2666666667445,79.01351019423564
359.3000000000779,87.90843982304352
359.33333333341125,95.07722541579064
359.3666666667446,96.60825615175456
359.400000000078,93.87299986161086
359.4333333334113,89.6304158260268
359.4666666667447,85.82724935890545
359.50000000007805,83.71118796753753
359.5333333334114,83.74584255734439
359.5666666667448,84.40473836608737
359.6000000000781,83.99120212894891
359.6333333334115,82.21109674912955
359.66666666674485,79.53112617687391
359.7000000000782,76.36336063403535
359.7333333334116,73.01915410132855
359.7666666667449,70.06886204670998
359.8000000000783,69.51572687125702
359.83333333341164,73.71238115065339
359.866666666745,81.9630592387872
359.9000000000784,90.45347249880872
359.9333333334117,95.83630832477292
359.9666666667451,96.686957732961
360.00000000007844,92.20763170873764
360.0333333334118,84.47907013844325
360.0666666667452,77.42237591183084
360.1000000000785,73.1699224884983
360.1333333334119,70.36963855656768
360.16666666674524,67.75264845253045
360.2000000000786,67.11715782229774
360.233333333412,71.34592371989412
360.2666666667453,79.12819988571702
360.3000000000787,84.15071226512444
360.333333333412,81.97905595705883
360.3666666667454,76.30956231512673
360.4000000000788,72.56676414425209
360.4333333334121,73.68336546169945
360.4666666667455,80.72149625541317
360.5000000000789,92.51321570065087
360.5333333334122,103.03736310998627
360.5666666667456,106.892349685712
360.6000000000789,108.3282150197167
360.6333333334123,115.76149836678708
360.6666666667456,126.5217153111358
360.700000000079,122.83128064038084
360.7333333334124,95.75436205250506
360.7666666667457,79.30822252569682
360.8000000000791,115.93017188194908
360.8333333334125,192.84844474432177
360.8666666667458,250.7616508229117
360.9000000000792,252.10226396540088
360.9333333334125,217.7998195873756
360.9666666667459,176.13753568105187
361.0000000000792,140.31787374914327
361.0333333334126,115.67454199809846
361.066666666746,103.14755454155208
361.1000000000793,97.10490215545272
361.1333333334127,92.25694872649422
361.1666666667461,87.66839211302751
361.2000000000794,83.72088032296855
361.2333333334128,80.59842796935979
361.2666666667461,78.30054831082053
361.3000000000795,76.8796131226517
361.3333333334128,76.55583212463597
361.3666666667462,77.48170303572307
361.4000000000796,78.8567462432624
361.4333333334129,79.34931898381768
361.4666666667463,78.36786460805932
361.5000000000797,76.55898965226383
361.533333333413,74.59476492947826
361.5666666667464,72.65777921859535
361.6000000000797,70.77595529238455
361.6333333334131,69.18514615558779
361.6666666667464,68.33164223523157
361.7000000000798,70.03627860554343
361.7333333334132,80.27048835323022
361.7666666667465,105.5131853863444
361.8000000000799,149.24171220269352
361.8333333334133,212.90243352028628
361.8666666667466,280.1198933253833
361.90000000008,302.9672719823237
361.9333333334133,244.20102844400583
361.9666666667467,146.75282626518478
362.00000000008,80.37335463960017
362.0333333334134,67.7168330624613
362.0666666667468,81.25336993848714
362.1000000000801,96.5365078795623
362.1333333334135,106.89234094172966
362.1666666667468,109.57142596026549
362.2000000000802,105.89972838566294
362.2333333334136,99.79674654640826
362.2666666667469,93.84353958864158
362.3000000000803,88.06346093275346
362.3333333334136,82.52949192057623
362.366666666747,79.28247269899126
362.4000000000804,80.955936509269
362.4333333334137,86.32786842019134
362.4666666667471,89.93198528789374
362.5000000000804,87.97283773141555
362.5333333334138,82.93673632584382
362.5666666667472,78.44525465827047
362.6000000000805,76.11171683707536
362.6333333334139,76.22774349016905
362.6666666667472,78.51868765290371
362.7000000000806,81.68255396512204
362.733333333414,84.42294998842165
362.7666666667473,86.17807299852178
362.8000000000807,86.70652788744401
362.833333333414,86.95270675327258
362.8666666667474,89.17941670736815
362.9000000000808,94.74099199295104
362.9333333334141,101.71769711446474
362.9666666667474,108.5322802257722
363.0000000000808,125.84726055548572
363.0333333334142,172.20836690283284
363.0666666667476,249.1534829635597
363.1000000000809,325.88547683225164
363.1333333334143,370.80445886640285
363.1666666667476,369.2124954958865
363.200000000081,313.72442530717296
363.2333333334144,223.36582091882
363.2666666667477,146.19041437577073
363.300000000081,115.81952820594005
363.3333333334144,113.50327372542422
363.3666666667478,111.78076595725324
363.4000000000812,106.82900244399733
363.4333333334145,109.9691623297252
363.4666666667479,126.54149639279224
363.5000000000812,150.4369326602914
363.5333333334146,173.81456213720986
363.566666666748,185.8780460093883
363.6000000000813,175.3655051208203
363.6333333334146,146.70716652754533
363.666666666748,121.0143438953094
363.7000000000814,113.47006000742672
363.7333333334148,118.04125027864124
363.7666666667481,124.93372737594922
363.8000000000815,128.77831649968937
363.8333333334148,126.96188568672945
363.8666666667482,119.60667632640384
363.9000000000816,111.54893627763305
363.9333333334149,107.70119332334612
363.96666666674827,110.77149277887676
364.0000000000816,122.41261695777185
364.033333333415,137.35542042396634
364.0666666667484,143.3804247575829
364.1000000000817,134.64347786911392
364.1333333334151,124.95275041489133
364.1666666667484,130.11484816049395
364.2000000000818,149.96211750751897
364.2333333334152,175.11294419355696
364.2666666667485,194.77088331888575
364.30000000008187,196.0163821055044
364.3333333334152,170.54325111036013
364.3666666667486,134.40681598499555
364.400000000082,110.48229141096996
364.4333333334153,103.9156846382797
364.4666666667487,103.38603648537554
364.500000000082,101.17147159185316
364.5333333334154,100.87945593819973
364.5666666667488,106.68357755281323
364.6000000000821,111.04069197569302
364.63333333341546,100.67222274695526
364.6666666667488,84.62040323762844
364.7000000000822,105.06815051394196
364.73333333341554,188.10073712986545
364.7666666667489,274.72685951621054
364.8000000000823,286.4880715640488
364.8333333334156,223.96390023728023
364.866666666749,154.01880262223744
364.9000000000824,121.45464000114814
364.9333333334157,113.43581556842672
364.96666666674906,110.46409743234098
365.0000000000824,259.0781516254096
365.0333333334158,243.82577029014743
365.06666666674914,236.9581827642465
365.1000000000825,240.5051458872446
365.1333333334159,256.5324976212704
365.1666666667492,287.00754814195807
365.2000000000826,329.1039366610873
365.233333333416,373.14525299611216
365.2666666667493,408.9287849699897
365.30000000008266,426.2555225266528
365.333333333416,418.95184063769295
365.3666666667494,392.5430461004679
365.40000000008274,354.66788495261613
365.4333333334161,312.965103231776
365.4666666667495,274.3765567132599
365.5000000000828,241.46868933885847
365.5333333334162,215.11378519946624
365.5666666667496,196.18044125403517
365.6000000000829,185.4285569150654
365.63333333341626,181.965402854566
365.6666666667496,183.61252285088636
365.700000000083,188.15759627002544
365.73333333341634,193.4069915931747
365.7666666667497,198.23123243632412
365.8000000000831,203.11821200571265
365.8333333334164,208.69127008191327
365.8666666667498,215.57353140976127
365.9000000000832,223.952447493972
365.9333333334165,232.6656348310809
365.96666666674986,240.29007863128768
366.0000000000832,245.40276410479208
366.0333333334166,246.91486643261467
366.06666666674994,245.9745878448566
366.1000000000833,244.6483955607633
366.1333333334167,245.0055588561605
366.16666666675,248.94325638485856
366.2000000000834,255.5323806967505
366.2333333334168,261.5319980210676
366.2666666667501,263.6332798161651
366.30000000008346,258.5677880389043
366.3333333334168,245.6815610278176
366.3666666667502,228.4869202016832
366.40000000008354,210.8682211406096
366.4333333334169,196.7094820007557
366.4666666667503,188.66169588081092
366.5000000000836,185.36680201275425
366.533333333417,184.65333798537856
366.5666666667504,184.349841387477
366.6000000000837,182.6552817359367
366.63333333341706,180.36850669074997
366.6666666667504,179.40180175259323
366.7000000000838,181.67168462720124
366.73333333341714,188.95234129208652
366.7666666667505,200.54483444791197
366.8000000000839,213.65390306823696
366.8333333334172,225.41796036468395
366.8666666667506,233.0002583397616
366.90000000008393,235.32875665318215
366.9333333334173,234.2373616009288
366.96666666675065,231.8310203545589
367.000000000084,230.2145420645108
367.0333333334174,230.67766719366116
367.06666666675073,231.7733541374144
367.1000000000841,231.48078236043585
367.1333333334175,227.77913132739064
367.1666666667508,219.10441670861235
367.2000000000842,207.1973043877687
367.23333333341753,195.25203285247892
367.2666666667509,186.46912630914463
367.30000000008425,183.8668956910602
367.3333333334176,187.1874049849673
367.366666666751,193.336102420346
367.40000000008433,199.12472182257625
367.4333333334177,201.39964513181255
367.4666666667511,199.6028863899313
367.5000000000844,197.5288358702307
367.5333333334178,199.38758280242504
367.56666666675113,209.3889241094519
367.6000000000845,229.4751370627824
367.63333333341785,253.85258319045283
367.6666666667512,275.0793375601244
367.7000000000846,285.71347523945803
367.73333333341793,279.96004556811886
367.7666666667513,264.0907299314122
367.8000000000847,249.74448715657772
367.833333333418,248.5847266125129
367.86666666675137,271.511568333604
367.90000000008473,315.54789772532814
367.9333333334181,365.6193604821003
367.96666666675145,406.2464161890012
368.0000000000848,422.0745907337509
368.03333333341817,407.2111376226836
368.06666666675153,371.68147363478215
368.1000000000849,327.0379489473388
368.1333333334183,284.83273426141585
368.1666666667516,255.23662661540496
368.20000000008497,243.70975659292992
368.23333333341833,254.70899991545383
368.2666666667517,292.69123230443955
368.30000000008505,360.7813331398729
368.3333333334184,452.3927582887815
368.36666666675177,556.6377259714517
368.40000000008513,662.6092440841015
368.4333333334185,759.5056976258329
368.4666666667519,838.4178111469755
368.5000000000852,892.0734573901796
368.53333333341857,913.25451196532
368.5666666667519,894.8491700154917
368.6000000000853,837.520295154374
368.63333333341865,754.860789375132
368.666666666752,661.6853391987087
368.70000000008537,572.8080851899799
368.7333333334187,499.8877278067607
368.7666666667521,444.0018733238182
368.8000000000855,404.0127375588352
368.8333333334188,378.782536329494
368.86666666675217,366.7910322767163
368.9000000000855,363.7915250779613
368.9333333334189,364.3534066584178
368.96666666675225,363.0412540460087
369.0000000000856,354.6964469441877
369.03333333341897,338.95791353222535
369.0666666667523,319.52478447924625
369.1000000000857,300.22423544920565
369.1333333334191,284.8631654053398
369.1666666667524,275.87404915319047
369.20000000008577,273.4629312809898
369.2333333334191,277.6326493047533
369.2666666667525,288.3857601753383
369.3000000000858,304.7305908010117
369.3333333334192,322.4501294658396
369.36666666675256,336.6744818636302
369.4000000000859,342.5337536881917
369.4333333334193,336.13797779105204
369.46666666675264,320.3100942693578
369.500000000086,300.6864490819124
369.53333333341936,282.9129720313352
369.5666666667527,272.3631171127782
369.6000000000861,269.9524809743804
369.6333333334194,272.9591634825588
369.6666666667528,278.554991024895
369.70000000008616,283.9317940845738
369.7333333334195,287.49177145997095
369.7666666667529,289.519036585933
369.80000000008624,290.460272959006
369.8333333334196,290.76222552541566
369.86666666675296,290.9917800331115
369.9000000000863,292.0868359537407
369.9333333334197,295.05668794023336
369.966666666753,300.9106306455196
370.0000000000864,310.2930037674861
370.03333333341976,321.4862489723366
370.0666666667531,331.83251760141843
370.1000000000865,338.6715439480338
370.13333333341984,339.5093078256868
370.1666666667532,334.3663213724718
370.20000000008656,325.21269489923526
370.2333333334199,314.069499017606
370.2666666667533,303.0111617944453
370.3000000000866,296.9030033963973
370.33333333342,304.71535069617704
370.36666666675336,335.74703888333374
370.4000000000867,399.2891778099957
370.4333333334201,496.54351546435794
370.46666666675344,605.304545504682
370.5000000000868,699.1575818831409
370.53333333342016,751.687938551907
370.5666666667535,742.309699431688
370.6000000000869,685.4881411392656
370.6333333334202,608.7288064609578
370.6666666667536,539.5591132543244
370.70000000008696,503.9293609275309
370.7333333334203,506.1533271622541
370.7666666667537,534.8385600745771
370.80000000008704,578.2398294950741
370.8333333334204,624.6375035301458
370.86666666675376,663.4399656445004
370.9000000000871,685.6028054143916
370.9333333334205,682.1936818568354
370.9666666667538,644.2923087747935
371.0000000000872,569.8432994596892
371.03333333342056,475.11988012981055
371.0666666667539,379.4212673622933
371.1000000000873,302.0466777342729
371.13333333342064,258.67337366271704
371.166666666754,245.06469231681308
371.20000000008736,250.1761195928061
371.2333333334207,262.9572248592981
371.2666666667541,272.95480680077503
371.3000000000874,277.0201742380452
371.3333333334208,276.8948692697381
371.36666666675416,274.4103040261761
371.4000000000875,271.4204808795683
371.4333333334209,270.60176689217246
371.46666666675424,275.6675884039817
371.5000000000876,290.39762645839915
371.53333333342096,318.5543173306214
371.5666666667543,358.3580527402171
371.6000000000877,394.57677819779633
371.633333333421,409.9768256194589
371.6666666667544,387.3245269213047
371.70000000008775,319.5299019558364
371.7333333334211,249.69271594118624
371.7666666667545,236.40769288389063
371.80000000008783,338.2740202992766
371.8333333334212,604.5277926773243
371.86666666675455,983.8773340988006
371.9000000000879,1363.9174086941982
371.9333333334213,1631.3799134443666
371.9666666667546,1676.405437242521
372.000000000088,1490.2055874585803
372.03333333342135,1179.5370112562052
372.0666666667547,857.476116394773
372.1000000000881,636.823535498732
372.13333333342143,578.0784889824579
372.1666666667548,627.9392916686811
372.20000000008815,718.144482126749
372.2333333334215,780.4325989260091
372.2666666667549,762.2884122060967
372.3000000000882,680.2114625955006
372.3333333334216,569.6040177067
372.36666666675495,465.8688333653109
372.4000000000883,401.308578794456
372.4333333334217,379.4104618132663
372.46666666675503,388.01012812857897
372.5000000000884,414.7874764829127
372.53333333342175,447.6710840305407
372.5666666667551,480.5373401587425
372.60000000008847,513.3400614354056
372.6333333334218,546.3076696064562
372.6666666667552,579.6590544485042
372.70000000008855,612.4972005590714
372.7333333334219,641.7777016431655
372.76666666675527,664.2121796048493
372.80000000008863,676.5122589345247
372.833333333422,676.1423870449037
372.86666666675535,663.4430712018768
372.9000000000887,639.4415308180882
372.93333333342207,605.164985306182
372.9666666667554,562.1651693350761
373.0000000000888,516.1613190862043
373.03333333342215,474.860833871092
373.0666666667555,445.98337729447576
373.10000000008887,437.0096501291137
373.13333333342223,450.839506927461
373.1666666667556,486.2492306100585
373.20000000008895,541.8679133668904
373.2333333334223,616.4233206866054
373.26666666675567,716.0775565104078
373.300000000089,859.4827298657148
373.3333333334224,1066.4868796633846
373.36666666675575,1356.9329968076422
373.4000000000891,1730.0003487516965
373.43333333342247,2117.133751814737
373.4666666667558,2435.920718034927
373.5000000000892,2603.948759450431
373.53333333342255,2554.873181406686
373.5666666667559,2330.171689663341
373.60000000008927,2015.680338459891
373.6333333334226,1697.37218235328
373.666666666756,1456.7396207092113
373.70000000008935,1306.7252212836402
373.7333333334227,1206.7207747747643
373.76666666675607,1114.6946833157974
373.8000000000894,989.2552047680402
373.8333333334228,821.2011548150456
373.86666666675615,647.9545843404316
373.9000000000895,510.5886742780932
373.93333333342287,450.1495623582962
373.9666666667562,487.4587504181597
374.0000000000896,587.2286184375749
374.03333333342295,704.5205831544506
374.0666666667563,794.3960613066954
374.10000000008966,820.1411523743211
374.133333333423,791.097435968796
374.1666666667564,732.6281837572692
374.20000000008974,670.1128442820839
374.2333333334231,627.9766166994709
374.26666666675646,619.030060007733
374.3000000000898,648.3351219285345
374.3333333334232,720.8126368091395
374.3666666667565,840.8835577060914
374.4000000000899,995.639188958848
374.43333333342326,1150.805384357701
374.4666666667566,1270.7898496662046
374.50000000009,1320.0714777185792
374.53333333342334,1281.2903789187694
374.5666666667567,1179.229265860649
374.60000000009006,1044.633267507574
374.6333333334234,908.2475128228996
374.6666666667568,801.5394268011545
374.7000000000901,759.308461907961
374.7333333334235,817.314248956724
374.76666666675686,1011.3165081826272
374.8000000000902,1366.6536023172962
374.8333333334236,1808.057242001272
374.86666666675694,2203.9373905165444
374.9000000000903,2422.085279209491
374.93333333342366,2335.764111235233
374.966666666757,1952.4107462508252
375.0000000000904,1418.4264427680073
375.0333333334237,886.642949280362
375.0666666667571,509.2588050467413
375.10000000009046,364.87172182471113
375.1333333334238,390.73054252642544
375.1666666667572,508.06442172277474
375.20000000009054,638.1026742447585
375.2333333334239,718.1965390937764
375.26666666675726,746.073174375044
375.3000000000906,733.590531522005
375.333333333424,692.6065619681035
375.3666666667573,634.3110788278951
375.4000000000907,564.7976723044206
375.43333333342406,487.8123574987472
375.4666666667574,407.0886466620621
375.5000000000908,327.1582259562635
375.53333333342414,266.6866472462329
375.5666666667575,256.4618239266045
375.60000000009086,327.66456779043824
375.6333333334242,510.93694202926486
375.6666666667576,803.2511371189852
375.7000000000909,1148.602639429116
375.7333333334243,1486.3363913495004
375.76666666675766,1755.8093063242368
375.800000000091,1913.64301684018
375.8333333334244,1968.210645790429
375.86666666675774,1937.541147944656
375.9000000000911,1839.6634780725317
375.93333333342446,1692.8260939403608
375.9666666667578,1516.592791289412
376.0000000000912,1331.015113048267
376.0333333334245,1156.145402032279
376.0666666667579,1011.4346057006936
376.10000000009126,908.521283408274
376.1333333334246,853.58426812815
376.166666666758,852.6905494159141
376.20000000009134,911.3885366313864
376.2333333334247,1015.8705427537412
376.26666666675806,1127.639949516441
376.3000000000914,1206.5951531145454
376.3333333334248,1212.7110698385347
376.3666666667581,1127.9540303368767
376.4000000000915,986.5474581987288
376.43333333342486,830.3081115075661
376.4666666667582,701.052748346863
376.5000000000916,632.6297599437138
376.5333333334249,621.6979192595766
376.5666666667583,654.075093584818
376.60000000009165,715.5778871810003
376.633333333425,791.5738376950746
376.6666666667584,863.105264472259
376.7000000000917,908.7975715987936
376.7333333334251,907.2497676369806
376.76666666675845,838.190362617215
376.8000000000918,708.3585957378227
376.8333333334252,552.0906350449795
376.8666666667585,404.969406931201
376.9000000000919,302.4080625249523
376.93333333342525,261.83980616502606
376.9666666667586,267.0781007130025
377.000000000092,298.2491668957736
377.0333333334253,335.4793899361712
377.0666666667587,362.7277637164174
377.10000000009205,377.7049180853355
377.1333333334254,381.2045935798545
377.1666666667588,374.02053073690354
377.2000000000921,357.3164135178792
377.2333333334255,334.9118711971169
377.2666666667589,311.7870217745174
377.3000000000922,292.9268459143896
377.3333333334256,283.0348551389979
377.3666666667589,282.2909461684312
377.4000000000923,287.2259215190146
377.4333333334257,294.2665530751735
377.466666666759,299.872295665145
377.5000000000924,302.1816751604732
377.5333333334257,301.785457006231
377.5666666667591,299.4687112759181
377.6000000000925,296.0164118447771
377.6333333334258,292.15009630113656
377.6666666667592,288.4183133659823
377.7000000000925,285.3403974147961
377.7333333334259,283.4356828230598
377.7666666667593,283.06750697366675
377.8000000000926,283.7648932126691
377.833333333426,284.77909704813686
377.8666666667593,285.3611851492043
377.9000000000927,284.83861407120736
377.9333333334261,283.39064004994424
377.9666666667594,281.72933811281194
378.0000000000928,280.57494136317626
378.0333333334261,280.62576504798665
378.0666666667595,281.94487762580394
378.1000000000929,283.8773819780492
378.1333333334262,285.72984162573675
378.1666666667596,286.81024446267253
378.2000000000929,286.64261057750747
378.2333333334263,285.19635421812336
378.2666666667597,282.4958614795681
378.300000000093,278.5655184935666
378.3333333334264,274.0418157857297
378.3666666667597,271.98097550690267
378.4000000000931,276.0370650511036
378.4333333334265,289.8641518123502
378.4666666667598,316.4709803420026
378.5000000000932,353.7761107742787
378.5333333334265,397.2847785469438
378.5666666667599,442.487705409071
378.6000000000933,484.907395288968
378.6333333334266,520.6354567672954
378.66666666676,546.2549875983183
378.7000000000933,558.3652399287662
378.7333333334267,553.6289900971958
378.7666666667601,532.5352793491458
378.8000000000934,501.51239295755
378.8333333334268,467.5005175717373
378.8666666667601,437.43772290884783
378.9000000000935,416.0839083314183
378.9333333334269,401.9092228880387
378.9666666667602,392.2552138095827
379.0000000000936,384.4634283269242
379.0333333334269,376.1277085995035
379.0666666667603,366.2612968414962
379.1000000000936,354.37341566646444
379.133333333427,339.97380730758823
379.1666666667604,323.1465977530893
379.2000000000937,310.6979618915503
379.2333333334271,313.7922664308778
379.2666666667605,343.66748150536904
379.3000000000938,411.0270461074668
379.3333333334272,510.2273317578724
379.3666666667605,616.6478309908969
379.4000000000939,704.6038712292902
379.4333333334272,748.4925557612011
379.4666666667606,736.1336923638659
379.500000000094,683.5690827989328
379.5333333334273,610.4052418274716
379.5666666667607,536.2486842105523
379.6000000000941,477.8408463132466
379.6333333334274,440.4635150148176
379.6666666667608,426.5337308380012
379.7000000000941,438.4685343055332
379.7333333334275,477.3204920012917
379.7666666667608,533.3533148701077
379.8000000000942,591.7049764824176
379.8333333334276,637.4823611565379
379.8666666667609,656.4341594363068
379.9000000000943,645.6843642476942
379.9333333334277,612.1188678883266
379.966666666761,562.9403198502226
380.0000000000944,505.3368019097354
380.0333333334277,445.6532832731769
380.0666666667611,388.9454011077276
380.1000000000944,340.15990186531445
380.1333333334278,304.2409741379331
380.1666666667612,283.99407836919033
380.2000000000945,276.2041450280715
380.2333333334279,276.60443506868205
380.2666666667613,280.92820944512744
380.3000000000946,285.7845474393832
380.333333333428,292.5333643613139
380.3666666667613,304.1378908708863
380.4000000000947,323.56259743407736
380.433333333428,353.2277699057019
380.4666666667614,389.5223114994816
380.5000000000948,425.0794518778582
380.5333333334281,452.4756433129582
380.5666666667615,464.48994589450575
380.6000000000949,459.5363831847213
380.6333333334282,442.26555088074826
380.6666666667616,417.65136248836814
380.7000000000949,390.6597741302979
380.7333333334283,365.22035783886
380.7666666667616,343.2090546712829
380.800000000095,326.2600581880912
380.8333333334284,316.00754731276714
380.8666666667617,313.0309414089617
380.9000000000951,313.9908302931096
380.9333333334285,314.6378788273773
380.9666666667618,310.7227518739313
381.0000000000952,299.4142410948596
381.0333333334285,288.1329750239421
381.0666666667619,288.80638005592533
381.1000000000952,313.3813197737609
381.1333333334286,372.3959405301136
381.166666666762,454.4097807783017
381.2000000000953,530.5907392474677
381.2333333334287,571.6311774902762
381.266666666762,549.0047419577448
381.3000000000954,470.14019244088223
381.3333333334288,392.6869835665772
381.3666666667621,378.0292145468821
381.4000000000955,487.4528448240304
381.4333333334288,742.5940839155681
381.4666666667622,1064.847005975942
381.5000000000956,1360.0063241099626
381.5333333334289,1533.8667514224396
381.5666666667623,1514.65616755182
381.6000000000956,1338.2266401806758
381.633333333429,1072.66662981039
381.6666666667624,786.0705798121921
381.7000000000957,543.2430496657246
381.7333333334291,377.6817726242623
381.7666666667624,305.5571353275416
381.8000000000958,342.8560686988866
381.8333333334292,503.958165896662
381.8666666667625,767.6198766508867
381.9000000000959,1077.7064178749254
381.9333333334292,1376.6220706164108
381.9666666667626,1607.0308998084165
382.000000000096,1732.935804445174
382.0333333334293,1755.230316066234
382.0666666667626,1678.473393948372
382.100000000096,1507.2277597380105
382.1333333334294,1256.0423041907718
382.1666666667628,971.1386098213592
382.2000000000961,705.0029480979017
382.2333333334295,510.1215904885283
382.2666666667628,431.1457364733751
382.3000000000962,465.2827443919351
382.3333333334296,591.9748614405443
382.3666666667629,790.6331955870731
382.4000000000962,1039.5973594606987
382.4333333334296,1303.9203646251376
382.466666666763,1539.671661125139
382.5000000000964,1702.7513473025197
382.5333333334297,1750.493874136502
382.5666666667631,1685.93194486404
382.6000000000964,1566.219699418483
382.6333333334298,1451.6453950368468
382.6666666667632,1402.2912142114858
382.7000000000965,1444.5968282463234
382.7333333334298,1534.3602280762627
382.7666666667632,1618.4705283529968
382.8000000000966,1643.816854137147
382.83333333343,1573.98711724974
382.8666666667633,1437.6601553102544
382.9000000000967,1279.3722978275332
382.93333333343,1143.6598743104184
382.9666666667634,1070.3598351114438
383.0000000000968,1064.110096466032
383.0333333334301,1113.5873800863042
383.06666666676347,1207.3890709548295
383.1000000000968,1333.8459072495984
383.1333333334302,1477.024532422515
383.1666666667636,1617.5628968807962
383.2000000000969,1736.0018787818483
383.2333333334303,1813.0846058144507
383.2666666667636,1838.9306135970064
383.300000000097,1816.796032165832
383.3333333334304,1750.9181873024572
383.3666666667637,1645.544696516061
383.40000000009707,1508.8269550645584
383.4333333334304,1358.6793053932304
383.4666666667638,1214.517400702619
383.5000000000972,1095.7568941932657
383.5333333334305,1022.1333554619282
383.5666666667639,1014.8771604360418
383.6000000000972,1095.65491812737
383.6333333334306,1286.1332894495547
383.666666666764,1599.8594446360005
383.7000000000973,1976.629375304817
383.73333333343066,2316.918023595047
383.766666666764,2520.832940034667
383.8000000000974,2493.91300941878
383.83333333343074,2252.282023917593
383.8666666667641,1915.2260892906395
383.9000000000975,1605.9758798963005
383.9333333334308,1446.5576417211305
383.9666666667642,1477.031359045768
384.0000000000976,1604.4933664044966
384.0333333334309,1723.8817438057936
384.06666666676426,1730.1721280957802
384.1000000000976,1560.4225295535994
384.133333333431,1274.4172328151567
384.16666666676434,954.191651146978
384.2000000000977,681.7811978155885
384.2333333334311,524.458678147925
384.2666666667644,468.8680924066696
384.3000000000978,474.2639508809172
384.3333333334312,499.8782759594305
384.3666666667645,507.8863678768984
384.40000000009786,492.20664454154047
384.4333333334312,466.1209477537949
384.4666666667646,443.1872149995053
384.50000000009794,436.5173750768707
384.5333333334313,447.8619302921964
384.5666666667647,466.960997035795
384.600000000098,482.97876556969936
384.6333333334314,485.1512650298549
384.6666666667648,469.8908518454529
384.7000000000981,446.7983080637487
384.73333333343146,426.8901219238087
384.7666666667648,421.1820359019637
384.8000000000982,436.949618173442
384.83333333343154,469.0389209786329
384.8666666667649,509.71730820495367
384.9000000000983,551.2521437398213
384.9333333334316,586.3363359867905
384.966666666765,610.3129144498046
385.0000000000984,619.5433689071797
385.0333333334317,610.3913041792599
385.06666666676506,579.9959460765962
385.1000000000984,535.1966810248406
385.1333333334318,489.43172311443584
385.16666666676514,456.2656369104843
385.2000000000985,448.8622261376066
385.2333333334319,467.9185666265584
385.2666666667652,499.5378447499312
385.3000000000986,528.9937410742742
385.333333333432,541.647452430646
385.3666666667653,535.4883092877043
385.40000000009866,534.2123912067232
385.433333333432,564.6411089989831
385.4666666667654,653.595612017729
385.50000000009874,812.7827505653805
385.5333333334321,998.0769775736504
385.5666666667655,1152.4636496754592
385.6000000000988,1218.9281235037283
385.6333333334322,1152.09102539554
385.6666666667656,987.1171636410004
385.7000000000989,793.2447727789001
385.73333333343226,639.8338617239021
385.7666666667656,591.9907109407317
385.800000000099,654.7707153717417
385.83333333343234,788.7754822551778
385.8666666667657,953.5610224518362
385.9000000000991,1109.0641923638673
385.9333333334324,1229.2263056318095
385.9666666667658,1305.730723523949
386.00000000009913,1331.4023088598892
386.0333333334325,1299.114898110211
386.06666666676585,1211.5446782270858
386.1000000000992,1092.959949998498
386.1333333334326,970.5079297408428
386.16666666676593,871.3358337705141
386.2000000000993,815.1922326087432
386.2333333334327,792.2282848192267
386.266666666766,785.1950887144615
386.3000000000994,776.8437426069446
386.33333333343273,752.3211938555119
386.3666666667661,714.7265306449199
386.40000000009945,675.3020505670755
386.4333333334328,645.3305878712529
386.4666666667662,635.2990213818688
386.50000000009953,643.3903405741288
386.5333333334329,658.1103127004898
386.5666666667663,667.703597976275
386.6000000000996,660.6257189905763
386.633333333433,634.1260464309705
386.66666666676633,597.2351036432758
386.7000000000997,559.8078014363391
386.73333333343305,531.6819424414327
386.7666666667664,518.2749167551416
386.80000000009977,514.720101035293
386.83333333343313,514.6916195546612
386.8666666667665,511.86359658602026
386.9000000000999,501.9838893247052
386.9333333334332,489.5477630802493
386.96666666676657,481.3565572169909
387.00000000009993,484.2116232336356
387.0333333334333,503.921970332965
387.06666666676665,538.4684204677242
387.1000000001,582.1200318121909
387.13333333343337,629.1235322619519
387.16666666676673,673.7766648117314
387.2000000001001,711.2121306133878
387.2333333334335,737.2441037070596
387.2666666667668,747.7066785959922
387.30000000010017,738.5511945304339
387.33333333343353,711.0069435682725
387.3666666667669,673.6078101493622
387.40000000010025,635.4237170210869
387.4333333334336,605.5146689465811
387.46666666676697,589.960120506856
387.50000000010033,587.6957082621167
387.5333333334337,596.6089865135732
387.5666666667671,614.5875095624357
387.6000000001004,640.9851494548889
387.63333333343377,681.5055713102131
387.6666666667671,743.5708607804229
387.7000000001005,834.6031329132546
387.73333333343385,958.8520186559022
387.7666666667672,1094.9653047289498
387.80000000010057,1209.2147856666702
387.8333333334339,1267.791743580387
387.8666666667673,1239.3513830214515
387.9000000001007,1133.74279035197
387.933333333434,994.8955987968936
387.96666666676737,867.7646521548417
388.0000000001007,796.7104151037057
388.0333333334341,798.7552906223181
388.06666666676745,852.7459568337772
388.1000000001008,934.6911324324752
388.13333333343417,1020.6177566484196
388.1666666667675,1092.160432319869
388.2000000001009,1144.4553547026642
388.2333333334343,1174.629590309807
388.2666666667676,1179.8102056543014
388.30000000010097,1162.1202393399556
388.3333333334343,1145.3051924250813
388.3666666667677,1158.9588649380776
388.400000000101,1232.6751548759603
388.4333333334344,1391.4164835240729
388.46666666676776,1623.0104423815803
388.5000000001011,1897.431702187169
388.5333333334345,2184.5413117844573
388.56666666676784,2455.7555891364104
388.6000000001012,2708.093074664557
388.63333333343456,2959.545486493501
388.6666666667679,3228.722444330838
388.7000000001013,3534.1524181565183
388.7333333334346,3890.7603327610495
388.766666666768,4308.512375271763
388.80000000010136,4797.013856202281
388.8333333334347,5365.93831627796
388.8666666667681,6043.818323967077
388.90000000010144,6903.658669894126
388.9333333334348,8024.87115571309
388.96666666676816,9486.867583077954
389.0000000001015,11326.260912614103
389.0333333334349,13399.44341887716
389.0666666667682,15515.378181339724
389.1000000001016,17483.028053193382
389.13333333343496,19114.963198264333
389.1666666667683,20251.66594822232
389.2000000001017,20746.63618094864
389.23333333343504,20453.446865940223
389.2666666667684,19243.0724451256
389.30000000010176,17258.512307952242
389.3333333334351,14858.29280026619
389.3666666667685,12406.849811395485
389.4000000001018,10263.89528267582
389.4333333334352,8597.273631701228
389.46666666676856,7320.721641031303
389.5000000001019,6330.495292831389
389.5333333334353,5522.980528688603
389.56666666676864,4823.332680977927
389.600000000102,4221.504104552154
389.63333333343536,3716.309737717923
389.6666666667687,3306.564518779977
389.7000000001021,2989.005527847628
389.7333333334354,2752.08260176245
389.7666666667688,2582.1797963377408
389.80000000010216,2465.6811673867974
389.8333333334355,2388.576472734905
389.8666666667689,2333.9938036746757
389.90000000010224,2283.798881229596
389.9333333334356,2219.8518928969097
389.96666666676896,2125.6339347651783
390.0000000001023,2007.879106420255
390.0333333334357,1890.7233811980116
390.066666666769,1798.722507630475
390.1000000001024,1755.573038367239
390.13333333343576,1754.5467028576256
390.1666666667691,1751.0328538058025
390.2000000001025,1698.0476303754672
390.23333333343584,1548.9837169882176
390.2666666667692,1318.5953681282726
390.30000000010256,1150.4253024072418
390.3333333334359,1204.2497805015566
390.3666666667693,1639.843393718356
390.4000000001026,2534.683566937144
390.433333333436,3663.591425620026
390.46666666676936,4731.830403353875
390.5000000001027,5444.66393372556
390.5333333334361,5555.150023713724
390.56666666676944,5132.8951457512085
390.6000000001028,4376.201606541966
390.63333333343616,3483.744312353117
390.6666666667695,2647.049697549861
390.7000000001029,1966.4265053446688
390.7333333334362,1479.2348951833978
390.7666666667696,1221.585370013203
390.80000000010295,1227.4254469204884
390.8333333334363,1466.5179442259778
390.8666666667697,1835.2207291350264
390.90000000010303,2225.8742113114954
390.9333333334364,2531.1653099251707
390.96666666676975,2683.258629677459
391.0000000001031,2689.7066956406265
391.0333333334365,2566.547127545956
391.0666666667698,2329.819446698701
391.1000000001032,2004.2613640985617
391.13333333343655,1643.3411785651351
391.1666666667699,1306.4508963702444
391.2000000001033,1052.9825237857124
391.23333333343663,930.0695289737656
391.26666666677,912.6773664056072
391.30000000010335,949.4502452050305
391.3333333334367,988.9939880528171
391.3666666667701,983.876554945352
391.4000000001034,930.4067556498752
391.4333333334368,852.049807393241
391.46666666677015,772.6780663079352
391.5000000001035,715.5090739697354
391.5333333334369,687.9702399645547
391.56666666677023,681.2826659280585
391.6000000001036,685.9293860872314
391.63333333343695,692.4393557116327
391.6666666667703,694.9118839299962
391.70000000010367,693.508150107306
391.733333333437,688.9777600955324
391.7666666667704,682.0708616689892
391.80000000010375,674.1044375041474
391.8333333334371,668.0354439462733
391.86666666677047,667.1157036486613
391.90000000010383,674.5970392646066
391.9333333334372,692.3786403482073
391.96666666677055,715.4590046086147
392.0000000001039,736.6416710073869
392.03333333343727,748.729260257801
392.0666666667706,745.6199146100702
392.100000000104,731.422530406447
392.13333333343735,715.8042949675563
392.1666666667707,708.4881115390131
392.20000000010407,718.6571916313425
392.23333333343743,745.1569898712219
392.2666666667708,777.5314527385053
392.30000000010415,804.9928098442114
392.3333333334375,816.8757232193242
392.36666666677087,808.9782903539756
392.4000000001042,786.6399766444041
392.4333333334376,755.9676897470285
392.46666666677095,723.0702895997817
392.5000000001043,694.7560274244026
392.53333333343767,679.5647344254531
392.566666666771,686.2995845204268
392.6000000001044,723.7637516268169
392.63333333343775,795.4779513367622
392.6666666667711,882.191035902548
392.70000000010447,958.5169776476208
392.7333333334378,999.0696605259996
392.7666666667712,984.7103798403456
392.80000000010455,944.400858090961
392.8333333334379,929.4398781275512
392.86666666677127,991.2493828566188
392.9000000001046,1174.9518725822836
392.933333333438,1431.3843624038386
392.96666666677135,1638.788821353569
393.0000000001047,1673.539019137405
393.03333333343807,1418.54390546122
393.0666666667714,992.4229613285491
393.1000000001048,809.7828840974644
393.13333333343815,1304.0171820589485
393.1666666667715,2906.163730906745
393.20000000010486,5681.58544303238
393.2333333334382,8937.319100939012
393.2666666667716,11886.15888269209
393.30000000010494,13740.913208769283
393.3333333334383,13965.885443281935
393.36666666677166,12917.97149346253
393.400000000105,11152.0002415677
393.4333333334384,9222.800569854098
393.4666666667717,7617.320873467032
393.5000000001051,6399.472679733702
393.53333333343846,5470.483463451943
393.5666666667718,4731.2414353635495
393.6000000001052,4088.1141660235353
393.63333333343854,3510.765823722406
393.6666666667719,3009.5075028133806
393.70000000010526,2595.319279372251
393.7333333334386,2278.487636157844
393.766666666772,2052.012837875429
393.8000000001053,1890.833902803978
393.8333333334387,1769.041156753974
393.86666666677206,1660.8771532251335
393.9000000001054,1552.5230052526365
393.9333333334388,1450.4878882573475
393.96666666677214,1363.2615830142886
394.0000000001055,1299.3346612571395
394.03333333343886,1267.9354969851795
394.0666666667722,1280.3979964738185
394.1000000001056,1348.429214716527
394.1333333334389,1483.7362067067756
394.1666666667723,1719.7659531304116
394.20000000010566,2197.40715261698
394.233333333439,3090.681089018336
394.2666666667724,4573.618445772955
394.30000000010574,6762.946399589111
394.3333333334391,9269.802981461544
394.36666666677246,11442.075057889182
394.4000000001058,12625.384999027245
394.4333333334392,12206.51761097528
394.4666666667725,10289.815186236983
394.5000000001059,7589.087255418031
394.53333333343926,4837.506930425501
394.5666666667726,2758.831071378656
394.600000000106,1662.1144119180874
394.63333333343934,1287.7349614376062
394.6666666667727,1334.8938850662814
394.70000000010606,1503.2077251823591
394.7333333334394,1584.073917810686
394.7666666667728,1575.5233813811892
394.8000000001061,1503.8361692525186
394.8333333334395,1395.292327053852
394.86666666677286,1273.5003184614968
394.9000000001062,1151.8356842013893
394.9333333334396,1041.2243155266146
394.96666666677294,952.592103690257
395.0000000001063,894.9718481657561
395.03333333343966,864.77775994395
395.066666666773,853.2640787868843
395.1000000001064,851.6696228788891
395.1333333334397,851.5898329116417
395.1666666667731,849.0125007280056
395.20000000010646,842.8808682990604
395.2333333334398,832.193201901866
395.2666666667732,816.1155364876
395.30000000010654,798.2834884178037
395.3333333334399,787.1705433075017
395.36666666677326,791.4917578066854
395.4000000001066,819.8776796740825
395.43333333344,873.7852777489117
395.4666666667733,942.1374339136722
395.5000000001067,1012.5946054554408
395.53333333344005,1072.824910017878
395.5666666667734,1118.6820072015532
395.6000000001068,1169.761192933266
395.6333333334401,1249.9376832808875
395.6666666667735,1383.0866943122887
395.70000000010685,1579.6256122121667
395.7333333334402,1783.1427245016505
395.7666666667736,1916.521235699273
395.8000000001069,1902.6380987830748
395.8333333334403,1692.6885732394448
395.86666666677365,1485.7170461989526
395.900000000107,1608.9690228268855
395.9333333334404,2390.767109920554
395.9666666667737,4133.464550353889
396.0000000001071,6698.633679062007
396.03333333344045,9579.680294278616
396.0666666667738,12258.711388520413
396.1000000001072,14223.503120629126
396.1333333334405,15196.034864989491
396.1666666667739,15210.76644254771
396.20000000010725,14323.89147983946
396.2333333334406,12592.207685831956
396.266666666774,10184.09548014982
396.3000000001073,7509.24577549997
396.3333333334407,5008.847439606609
396.3666666667741,3124.084654511444
396.4000000001074,2150.124448169367
396.4333333334408,1852.7679893487525
396.4666666667741,1877.8914913824456
396.5000000001075,1871.3711676032924
396.5333333334409,1556.8805705960972
396.5666666667742,1141.6389049585273
396.6000000001076,1018.3607553292978
396.6333333334409,1580.141560290048
396.6666666667743,3166.1930763353284
396.7000000001077,5512.772554993461
396.733333333441,7977.984329952343
396.7666666667744,9914.1001973823
396.8000000001077,10695.78288534043
396.8333333334411,10212.69034205733
396.8666666667745,8869.477839711182
396.9000000001078,7093.192003121768
396.9333333334412,5308.538348856516
396.9666666667745,3788.8439455230255
397.0000000001079,2566.300055770681
397.0333333334413,1651.576420460008
397.0666666667746,1055.286869837177
397.100000000108,761.5198664653385
397.1333333334413,685.5055525993408
397.1666666667747,731.4454093685229
397.2000000001081,803.5409179022228
397.2333333334414,824.1379243210716
397.2666666667748,794.89098476056
397.3000000001081,739.1178428875174
397.3333333334415,680.1367546096882
397.3666666667749,638.7660262693146
397.4000000001082,617.0277911619345
397.4333333334416,608.3928220909168
397.4666666667749,606.2887607799445
397.5000000001083,604.4349712398825
397.5333333334417,600.5998242280663
397.566666666775,595.5145100754003
397.6000000001084,589.9780391126096
397.6333333334417,584.7596476538206
397.6666666667751,579.7243073558511
397.7000000001085,573.6908356684671
397.7333333334418,565.419708995509
397.7666666667752,553.6790580546774
397.8000000001085,538.0065929317037
397.8333333334419,519.3570692946204
397.8666666667753,498.83772176555
397.9000000001086,477.5571926269346
397.933333333442,458.7647781297124
397.9666666667753,452.1614432805347
398.0000000001087,468.6587378651488
398.0333333334421,519.1682116693021
398.0666666667754,609.1668415909722
398.1000000001088,716.5713956461966
398.1333333334421,810.5831386717962
398.1666666667755,860.3999315541071
398.2000000001088,839.5870388801699
398.2333333334422,760.0307000827188
398.2666666667756,653.4798674742168
398.3000000001089,551.8516127228398
398.3333333334423,485.58491272410697
398.3666666667757,460.5881485117371
398.400000000109,462.5698575466404
398.4333333334424,476.6368906925092
398.4666666667757,488.0918893092655
398.5000000001091,489.7831971824073
398.5333333334424,484.3234793079189
398.5666666667758,474.9741768844096
398.6000000001092,464.9954499725998
398.6333333334425,457.45446338033554
398.6666666667759,455.0211640967386
398.7000000001093,460.3165726320893
398.7333333334426,475.9617764795136
398.766666666776,505.00864996778654
398.8000000001093,551.9630034245499
398.8333333334427,621.6370702767849
398.866666666776,718.8430839514733
398.9000000001094,843.0829514444503
398.9333333334428,963.7906258483372
398.9666666667761,1039.8292795601906
399.0000000001095,1030.050446459665
399.0333333334429,903.857135388223
399.0666666667762,734.5467280754156
399.1000000001096,654.4917695598865
399.1333333334429,796.746691585059
399.1666666667763,1285.4217421450076
399.2000000001096,2074.862711748843
399.233333333443,2967.5056886901784
399.2666666667764,3760.4273578651473
399.3000000001097,4253.342593296855
399.3333333334431,4367.8518053875
399.3666666667765,4196.075935751826
399.4000000001098,3842.846198639645
399.4333333334432,3412.8621394277397
399.4666666667765,2983.4613495752737
399.5000000001099,2571.20209440195
399.5333333334432,2184.4602975420685
399.5666666667766,1831.6119222487744
399.60000000011,1522.4083471650902
399.6333333334433,1271.6052142757508
399.6666666667767,1095.0959398370196
399.7000000001101,1008.7739401051588
399.7333333334434,1020.9699306650022
399.7666666667768,1094.046048992798
399.8000000001101,1173.090903032106
399.8333333334435,1203.1620976563102
399.8666666667768,1135.0747167764266
399.9000000001102,980.6005252194216
399.9333333334436,788.1756157183939
399.9666666667769,606.7379448142675
400.0000000001103,483.470898403201
400.0333333334437,429.40441482969214
400.066666666777,421.6057867376191
400.1000000001104,435.8264332981768
400.1333333334437,448.0448207611637
400.1666666667771,445.9198950922548
400.2000000001104,434.1789223186097
400.2333333334438,418.9026201777691
400.2666666667772,406.1689169000487
400.3000000001105,401.3567794614922
400.3333333334439,408.2292281593232
400.3666666667772,430.3216064483876
400.4000000001106,471.1692296785418
400.433333333444,530.3435591458863
400.4666666667773,592.4650955738215
400.5000000001107,638.6299543407722
400.533333333444,649.9342508251626
400.5666666667774,612.0118858180417
400.6000000001108,538.9349586749331
400.6333333334441,455.768263872433
400.6666666667775,387.6002707364145
400.7000000001108,357.3361173009424
400.7333333334442,364.1313139444532
400.7666666667776,392.5598003725679
400.8000000001109,426.9837038498314
400.8333333334443,452.17697029245664
400.8666666667776,461.610205255227
400.900000000111,457.0406527818555
400.9333333334444,440.5553113754657
400.9666666667777,414.2681998331444
401.0000000001111,381.71421044814775
401.0333333334444,348.52252132116274
401.0666666667778,320.4903998492483
401.1000000001112,303.40377737248883
401.1333333334445,300.16672083535303
401.1666666667778,307.00083093758354
401.2000000001112,319.1830291115443
401.2333333334446,331.9902446177272
401.266666666778,341.633584068438
401.3000000001113,347.8356402558481
401.3333333334447,351.14392686791194
401.366666666778,352.1059575925835
401.4000000001114,351.2280683426051
401.4333333334448,348.7612054777441
401.4666666667781,344.858538190536
401.5000000001114,339.6730374337181
401.5333333334448,333.4399126412096
401.5666666667782,327.271542438892
401.6000000001116,322.8108977741991
401.6333333334449,321.7083331570666
401.6666666667783,325.48723288177735
401.7000000001116,333.0814691017167
401.733333333445,341.0068491686568
401.7666666667784,345.686550134704
401.8000000001117,343.6060443020187
401.833333333445,334.31624480319886
401.8666666667784,321.7686503563647
401.9000000001118,310.2550741954553
401.9333333334452,304.0583123200037
401.9666666667785,305.5108797970725
402.0000000001119,312.57483317369145
402.0333333334452,322.61790202169726
402.0666666667786,333.00783361485475
402.100000000112,341.56712131675374
402.1333333334453,347.7557880994676
402.16666666677867,351.40232009606865
402.200000000112,352.3352034396291
402.2333333334454,350.8308355622904
402.2666666667788,349.80485525772866
402.3000000001121,353.1362824307101
402.3333333334455,364.7055503569841
402.3666666667788,387.6528603271954
402.4000000001122,417.7241719249466
402.4333333334456,446.4133725571885
402.4666666667789,465.1635126153845
402.50000000011227,465.8934285731279
402.5333333334456,449.37359389603455
402.566666666779,424.1998726642501
402.6000000001124,399.237688226046
402.6333333334457,383.2090630275213
402.6666666667791,378.74553528540696
402.7000000001124,380.25485925661286
402.7333333334458,381.5626301872536
402.7666666667792,376.5271980909084
402.8000000001125,364.2318435745044
402.83333333344586,354.6686950471526
402.8666666667792,359.1964522987428
402.9000000001126,389.1724607790252
402.93333333344594,449.3488384081393
402.9666666667793,522.5669957819542
403.0000000001127,587.1310909655622
403.033333333446,621.3452820240555
403.0666666667794,608.9698970864462
403.1000000001128,563.1095818164
403.1333333334461,506.69108518477583
403.16666666677946,462.64818726298535
403.2000000001128,451.2668645187223
403.2333333334462,469.1173826830626
403.26666666677954,500.2689899793049
403.3000000001129,528.6786470437777
403.3333333334463,539.0691393069011
403.3666666667796,528.5113128927826
403.400000000113,504.05784266353817
403.4333333334464,473.0472580558914
403.4666666667797,442.7182766548424
403.50000000011306,416.8843838386516
403.5333333334464,395.15621036412415
403.5666666667798,376.8870070382309
403.60000000011314,361.433607136936
403.6333333334465,348.53744029292415
403.6666666667799,338.6619331158571
403.7000000001132,332.3500863580322
403.7333333334466,330.1445321457296
403.76666666678,332.14204943308755
403.8000000001133,337.1279336667194
403.83333333344666,343.6475499511259
403.86666666678,350.24626339080737
403.9000000001134,355.770626273763
403.93333333344674,360.4890058591656
403.9666666667801,365.088925047682
404.0000000001135,370.2579665452751
404.0333333334468,376.6593826040014
404.0666666667802,384.768706110615
404.1000000001136,394.9741388127032
404.1333333334469,407.6633972296205
404.16666666678026,423.1914918737169
404.2000000001136,441.47585301358674
404.233333333447,462.1217310368328
404.26666666678034,484.7276503381667
404.3000000001137,509.64977751099593
404.3333333334471,557.2582353161583
404.3666666667804,669.490213010158
404.4000000001138,889.3517081177155
404.4333333334472,1258.9147344526154
404.4666666667805,1755.6699419344952
404.50000000011386,2251.7591490746395
404.5333333334472,2609.619547134335
404.5666666667806,2691.873857013967
404.60000000011394,2434.01945629698
404.6333333334473,1954.9102586201773
404.6666666667807,1401.7835831016498
404.700000000114,921.876748806072
404.7333333334474,627.8944127193869
404.7666666667808,494.8895453391508
404.8000000001141,463.6215210947729
404.83333333344746,474.8497144156623
404.8666666667808,476.1747974190226
404.9000000001142,459.0226773340279
404.93333333344754,432.1043962501068
404.9666666667809,404.1730636013335
405.0000000001143,383.3977539192071
405.0333333334476,371.6921674028183
405.066666666781,367.1741874522
405.10000000011433,367.90838873515
405.1333333334477,371.9791090680283
405.16666666678105,377.8596529019175
405.2000000001144,384.3790069670536
405.2333333334478,390.3792475674495
405.26666666678113,394.7270878284664
405.3000000001145,397.3747781468542
405.3333333334479,399.7634472648946
405.3666666667812,403.4420617283749
405.4000000001146,409.9501696132273
405.43333333344793,419.342917582716
405.4666666667813,428.5854945122339
405.50000000011465,434.2573637523466
405.533333333448,432.9385154650787
405.5666666667814,423.0347633988708
405.60000000011473,408.86522796458087
405.6333333334481,395.9439998548253
405.6666666667815,389.7851697622207
405.7000000001148,394.542406991044
405.7333333334482,407.38106124921904
405.76666666678153,423.2287575178157
405.8000000001149,437.0121098683133
405.83333333344825,444.3162497279286
405.8666666667816,446.206150372913
405.90000000011497,446.46507356595794
405.93333333344833,448.8958408192789
405.9666666667817,456.8360910741776
406.0000000001151,466.9443243508092
406.0333333334484,470.8776371379328
406.06666666678177,460.1723168450697
406.10000000011513,427.2957215222149
406.1333333334485,391.05123466339353
406.16666666678185,399.64259748402776
406.2000000001152,502.8198168185981
406.23333333344857,749.5230912542955
406.26666666678193,1128.751151049776
406.3000000001153,1529.4008195944857
406.3333333334487,1830.8587736941563
406.366666666782,1912.6611548616904
406.40000000011537,1717.065223091796
406.43333333344873,1345.9171346581895
406.4666666667821,926.0720416458478
406.50000000011545,584.3850958745215
406.5333333334488,416.2939503074612
406.56666666678217,392.3331332064017
406.60000000011553,452.001940871085
406.6333333334489,534.7996696012538
406.6666666667823,587.8246423604119
406.7000000001156,605.997938876607
406.73333333344897,602.7977608365679
406.7666666667823,591.7432411516672
406.8000000001157,585.437480704431
406.83333333344905,587.0279021843638
406.8666666667824,594.0840787083279
406.90000000011577,604.1035096675031
406.9333333334491,615.3850536785851
406.9666666667825,640.9847397470679
407.0000000001159,706.9240193265623
407.0333333334492,839.6654702267676
407.06666666678257,1064.4873443603112
407.1000000001159,1360.492857274456
407.1333333334493,1646.7243696273122
407.16666666678265,1838.202433497457
407.200000000116,1850.4808281962344
407.23333333344937,1663.761864302222
407.2666666667827,1383.8738406068328
407.3000000001161,1131.0883038449042
407.3333333334495,1025.6376842304048
407.3666666667828,1136.4999059272543
407.40000000011617,1380.5637677112531
407.4333333334495,1646.638926874543
407.4666666667829,1823.535040709264
407.5000000001162,1881.1817663902932
407.5333333334496,2164.8838272816693
407.56666666678296,3128.448051398132
407.6000000001163,5225.692010660245
407.6333333334497,8770.072316515898
407.66666666678304,13047.310035026703
407.7000000001164,16886.22958625679
407.73333333344976,19113.579111351723
407.7666666667831,18665.46355328546
407.8000000001165,15806.189209408967
407.8333333334498,11684.796567760066
407.8666666667832,7466.373994230074
407.90000000011656,4281.635513331629
407.9333333334499,2495.471475293254
407.9666666667833,1720.4706837175038
408.00000000011664,1537.552295419951
408.03333333345,1531.1473523065367
408.06666666678336,1461.7413910384355
408.1000000001167,1344.4475646035137
408.1333333334501,1214.279416559074
408.1666666667834,1106.175085917588
408.2000000001168,1041.3238765515366
408.23333333345016,1011.2715195543489
408.2666666667835,1003.7079773942762
408.3000000001169,1006.32372629291
408.33333333345024,1009.018702988984
408.3666666667836,1008.960222706372
408.40000000011696,1004.8075957478616
408.4333333334503,995.2201324162404
408.4666666667837,979.4418496060546
408.500000000117,959.7004648724728
408.5333333334504,939.1729677383768
408.56666666678376,921.0367459354022
408.6000000001171,907.9993747518736
408.6333333334505,898.98031875742
408.66666666678384,891.0691939673505
408.7000000001172,881.3437467738953
408.73333333345056,867.0589520781307
408.7666666667839,847.8528491908355
408.8000000001173,825.0695285486204
408.8333333334506,800.0901476810911
408.866666666784,774.2910756827208
408.90000000011736,748.9288026196809
408.9333333334507,725.1342618908943
408.9666666667841,704.0324621700786
409.00000000011744,686.7336357726515
409.0333333334508,673.4867476665978
409.06666666678416,663.2201541295824
409.1000000001175,654.7502721331625
409.1333333334509,646.8953874690166
409.1666666667842,638.908410275378
409.2000000001176,631.0315460143075
409.23333333345096,623.6439481368101
409.2666666667843,617.124760968805
409.3000000001177,611.7622617446211
409.33333333345104,607.5305864829177
409.3666666667844,604.3360329011365
409.40000000011776,602.0848987167187
409.4333333334511,600.6910837201495
409.4666666667845,600.1089863759927
409.5000000001178,600.3064375436716
409.5333333334512,601.2512768831892
409.56666666678456,602.8923221703453
409.6000000001179,605.0190774491333
409.6333333334513,607.3415918794948
409.66666666678464,609.5693310470697
409.700000000118,611.4406622047595
409.73333333345136,613.0961378595435
409.7666666667847,614.9711277054774
409.8000000001181,617.5077781617583
409.8333333334514,621.1146193053639
409.8666666667848,625.3320257343678
409.90000000011815,628.7759226669356
409.9333333334515,630.0173462653688
409.9666666667849,627.6578075723208
410.00000000011823,622.1231965968083
410.0333333334516,616.6648278123902
410.06666666678495,614.776786995364
410.1000000001183,619.9443825501539
410.1333333334517,633.5806584512484
410.166666666785,652.366730750641
410.2000000001184,672.326305328261
410.23333333345175,689.483182868181
410.2666666667851,700.7279861856712
410.3000000001185,705.9349252642057
410.33333333345183,705.6196512287645
410.3666666667852,700.2978152043285
410.40000000011855,690.8028865433706
410.4333333334519,679.6405281067774
410.4666666667853,669.8644191499839
410.5000000001186,664.5285570910195
410.533333333452,666.2773568295991
410.56666666678535,674.3996905216915
410.6000000001187,686.5415731421049
410.6333333334521,700.3377817654332
410.66666666678543,713.5405997098699
410.7000000001188,725.4802030989009
410.73333333345215,736.615334595364
410.7666666667855,747.429201728475
410.80000000011887,758.3955837157473
410.8333333334522,769.7584972792675
410.8666666667856,781.5247861991076
410.90000000011895,793.6903833861428
410.9333333334523,806.2564453065304
410.96666666678567,819.5065040499493
411.00000000011903,834.1448030326255
411.0333333334524,850.9098625755267
411.06666666678575,870.5346218006051
411.1000000001191,892.6924317015635
411.13333333345247,914.750568982891
411.1666666667858,933.7730798471292
411.2000000001192,946.8244081173332
411.23333333345255,952.389678340901
411.2666666667859,953.565586897402
411.30000000011927,954.3828986493572
411.33333333345263,958.8723784592888
411.366666666786,970.2469617865434
411.40000000011935,987.6987311926644
411.4333333334527,1009.1861252118124
411.46666666678607,1032.6672559141025
411.5000000001194,1056.4441026451543
411.5333333334528,1081.415854239278
411.56666666678615,1109.6679817101194
411.6000000001195,1143.2920444241772
411.63333333345287,1184.078071454788
411.6666666667862,1230.1642318470315
411.7000000001196,1277.261137928486
411.73333333345295,1321.0356047804114
411.7666666667863,1357.7224177933335
411.80000000011967,1395.5766768377796
411.833333333453,1454.3214084700428
411.8666666667864,1554.1370553446234
411.90000000011975,1715.0898308568233
411.9333333334531,1952.2625519347505
411.96666666678647,2273.931681008624
412.0000000001198,2687.883715978602
412.0333333334532,3201.7596736210544
412.06666666678655,3804.56171942965
412.1000000001199,4448.521761698981
412.13333333345327,5081.566268132716
412.1666666667866,5651.637046657313
412.20000000012,6123.175205433246
412.2333333334533,6508.513290733366
412.2666666667867,6828.624137430689
412.30000000012006,7104.480580398226
412.3333333334534,7357.296136667123
412.3666666667868,7609.331192379277
412.40000000012014,7883.130692528812
412.4333333334535,8201.239587810434
412.46666666678686,8584.987009270748
412.5000000001202,9047.70014677354
412.5333333334536,9599.471442226812
412.5666666667869,10250.384265136348
412.6000000001203,11007.580096952552
412.63333333345366,11847.972937156965
412.666666666787,12730.709249191674
412.7000000001204,13614.70836259056
412.73333333345374,14462.57083470998
412.7666666667871,15299.995414442268
412.80000000012046,16205.710836661285
412.8333333334538,17260.094328901825
412.8666666667872,18540.90197740388
412.9000000001205,20040.961132604563
412.9333333334539,21651.694588335635
412.96666666678726,23258.57632553293
413.0000000001206,24746.912439304
413.033333333454,25988.814432100626
413.06666666678734,26833.91122350448
413.1000000001207,27129.6392102597
413.13333333345406,26723.721715134736
413.1666666667874,25564.695809838653
413.2000000001208,23849.83200140249
413.2333333334541,21814.08421295005
413.2666666667875,19692.40524696949
413.30000000012086,17678.860037892966
413.3333333334542,15818.509898486802
413.3666666667876,14122.483919693232
413.40000000012094,12601.911192454489
413.4333333334543,11264.167613148382
413.46666666678766,10096.214345744736
413.500000000121,9078.104920079892
413.5333333334544,8189.887394107295
413.5666666667877,7412.627637390005
413.6000000001211,6735.803757737534
413.63333333345446,6153.043034016006
413.6666666667878,5658.001953890932
413.7000000001212,5243.831057287226
413.73333333345454,4897.028681364585
413.7666666667879,4599.404716679086
413.80000000012126,4332.670988432085
413.8333333334546,4079.048504129943
413.866666666788,3832.380864762691
413.9000000001213,3598.085254896204
413.9333333334547,3382.078239364918
413.96666666678806,3190.164535041704
414.0000000001214,3022.92481245194
414.0333333334548,2873.598209204109
414.06666666678814,2734.873086010059
414.1000000001215,2599.5002768377904
414.13333333345486,2468.672472453729
414.1666666667882,2360.4752503638206
414.2000000001216,2295.006363152615
414.2333333334549,2292.348176333943
414.2666666667883,2356.2196655441485
414.30000000012166,2442.905300912041
414.333333333455,2500.143504767132
414.3666666667884,2475.67269943893
414.40000000012174,2333.9876820629192
414.4333333334551,2111.149008367927
414.46666666678846,1862.31958528164
414.5000000001218,1642.6625062918604
414.5333333334552,1499.1086637194887
414.5666666667885,1426.3565696557737
414.6000000001219,1398.6838365933793
414.63333333345525,1390.320923370458
414.6666666667886,1377.3459276114745
414.700000000122,1353.7157582811462
414.7333333334553,1323.4148662263733
414.7666666667887,1290.5385190535933
414.80000000012205,1259.0512870314565
414.8333333334554,1230.8784760299654
414.8666666667888,1206.3316511687767
414.9000000001221,1185.6782488594256
414.9333333334555,1169.162700352137
414.96666666678885,1156.3882288831992
415.0000000001222,1146.2476051906613
415.0333333334556,1137.5967002842508
415.0666666667889,1129.296621413754
415.1000000001223,1120.525035662973
415.13333333345565,1110.951654418399
415.166666666789,1100.2886767562566
415.2000000001224,1088.252313546497
415.2333333334557,1075.3650964256824
415.2666666667891,1063.9273383315897
415.30000000012245,1056.476641910862
415.3333333334558,1055.5500874383497
415.3666666667892,1062.234836218665
415.4000000001225,1073.0025711512662
415.4333333334559,1083.408626669667
415.4666666667893,1089.0083372073802
415.5000000001226,1086.5444281110867
415.533333333456,1078.291123082614
415.5666666667893,1068.1321539243097
415.6000000001227,1059.951433624291
415.6333333334561,1057.179209198143
415.6666666667894,1060.1234684340525
415.7000000001228,1067.778200857025
415.7333333334561,1079.1328229080857
415.7666666667895,1093.1760913134635
415.8000000001229,1108.8898515020635
415.8333333334562,1125.2518253408227
415.8666666667896,1141.2396795791915
415.9000000001229,1155.9921174769868
415.9333333334563,1171.3727504924725
415.9666666667897,1191.5167885126443
416.000000000123,1220.628874049684
416.0333333334564,1262.9367197624056
416.0666666667897,1323.3698706443215
416.1000000001231,1407.670499435416
416.1333333334565,1521.6261574566822
416.1666666667898,1670.7499763338096
416.2000000001232,1842.1777762471293
416.2333333334565,1993.4030203548057
416.2666666667899,2079.229034166075
416.3000000001233,2054.7986916600776
416.3333333334566,1953.6576824346291
416.36666666679,1987.5410953629373
416.4000000001233,2392.8080600200137
416.4333333334567,3405.782721595151
416.4666666667901,5131.5594701057735
416.5000000001234,7247.739310174223
416.5333333334568,9345.019660159558
416.5666666667901,11014.097938420837
416.6000000001235,11919.237215775143
416.6333333334569,12072.396059238716
416.6666666667902,11588.155231236293
416.7000000001236,10581.110436785715
416.7333333334569,9174.599417353864
416.7666666667903,7552.46482452635
416.8000000001237,5924.141125732056
416.833333333457,4499.154174375048
416.8666666667904,3468.574791371673
416.9000000001237,2830.973776346844
416.9333333334571,2470.451042131975
416.9666666667905,2269.5914771933863
417.0000000001238,2114.943451557291
417.0333333334572,1958.952384066738
417.0666666667905,1808.389269556142
417.1000000001239,1671.6472052757576
417.1333333334573,1556.8583433625636
417.1666666667906,1464.5139134488772
417.200000000124,1386.4246145185982
417.2333333334573,1313.9312176026335
417.2666666667907,1238.483521999301
417.300000000124,1158.2946479066784
417.3333333334574,1082.1903228307078
417.3666666667908,1019.9244870989849
417.4000000001241,981.2169915068746
417.4333333334575,969.1435226003535
417.4666666667909,972.232238929195
417.5000000001242,977.0850717295518
417.5333333334576,970.3062877024184
417.5666666667909,943.33432849047
417.6000000001243,902.6143733591846
417.6333333334576,857.4949786465689
417.666666666791,817.3247006906299
417.7000000001244,789.6378594537364
417.7333333334577,773.8793643277277
417.7666666667911,767.2403231985722
417.8000000001245,766.9117480574349
417.8333333334578,770.1376811341452
417.8666666667912,774.5042373462154
417.9000000001245,777.7333057415494
417.9333333334579,777.5471183443907
417.9666666667912,772.0338271876561
418.0000000001246,762.7770850828364
418.033333333458,753.3011026427316
418.0666666667913,747.1508411332134
418.1000000001247,747.5320626282551
418.1333333334581,752.6213962616353
418.1666666667914,756.7475748702532
418.2000000001248,754.1417002380899
418.2333333334581,739.268304981592
418.2666666667915,712.427168806445
418.3000000001248,680.0247912872188
418.3333333334582,648.7554325840701
418.3666666667916,625.2428766279074
418.4000000001249,612.6664864018408
418.4333333334583,609.2746056093873
418.4666666667917,612.9357317474098
418.500000000125,621.5261802553655
418.5333333334584,633.9248999021098
418.5666666667917,650.9893477763005
418.6000000001251,673.8087211802966
418.6333333334584,703.4685280123806
418.6666666667918,738.4134930821257
418.7000000001252,769.8051308555227
418.7333333334585,787.5600542498793
418.7666666667919,781.594877772848
418.8000000001253,745.8954525430759
418.8333333334586,690.3688987517122
418.866666666792,628.8156691341472
418.9000000001253,575.0362164257717
418.9333333334587,540.7931582743611
418.966666666792,526.467683941471
419.0000000001254,528.4914564502762
419.0333333334588,543.2922332919586
419.0666666667921,567.0225604080696
419.1000000001255,593.6079084796249
419.1333333334589,615.8946628397215
419.1666666667922,626.7221234267295
419.2000000001256,619.6491292316848
419.2333333334589,596.9654918229177
419.2666666667923,566.7728814290471
419.3000000001256,537.2782003911557
419.333333333459,516.4191356594457
419.3666666667924,506.9256504519748
419.4000000001257,506.81436273655953
419.4333333334591,513.9318592649549
419.4666666667924,526.0844525099445
419.5000000001258,539.6976787621544
419.5333333334592,549.5035789172721
419.5666666667925,550.1305574965965
419.6000000001259,536.3292848439501
419.6333333334592,511.8724230428404
419.6666666667926,495.5834214945492
419.700000000126,507.7136545237464
419.7333333334593,568.4440438039738
419.7666666667927,681.006001506996
419.800000000126,809.7741417980774
419.8333333334594,913.7004144066156
419.8666666667928,951.7431125185822
419.9000000001261,901.4183534986022
419.9333333334595,799.5664784366629
419.9666666667928,694.8570317458583
420.0000000001262,635.9595578392829
420.0333333334596,658.440238016924
420.0666666667929,738.819112998908
420.1000000001263,836.9919115822098
420.1333333334596,912.8534380080112
420.166666666793,932.4381470429828
420.2000000001264,901.0234857749514
420.2333333334597,839.333231675519
420.266666666793,768.1283020013967
420.3000000001264,706.6179785798539
420.3333333334598,659.6548127516579
420.3666666667932,624.3218872917289
420.4000000001265,597.6259186451243
420.4333333334599,576.7079371459467
420.4666666667932,560.5811853888689
420.5000000001266,549.6328904507129
420.53333333346,544.2819477788605
420.5666666667933,544.8884701199872
420.6000000001266,550.490730184018
420.63333333346,558.8217033352819
420.6666666667934,567.5588909401332
420.7000000001268,574.4437290967335
420.7333333334601,579.8262500784103
420.7666666667935,587.5181518691845
420.8000000001268,601.5699741339274
420.8333333334602,625.9792748274184
420.8666666667936,659.8668646248154
420.9000000001269,693.6121191845065
420.9333333334602,716.6849700349194
420.9666666667936,718.59046835925
421.000000000127,700.6408379759458
421.0333333334604,693.0477473007484
421.0666666667937,730.362677295584
421.1000000001271,847.1327798503688
421.1333333334604,1048.0175082934536
421.1666666667938,1236.382585140988
421.2000000001272,1294.1553094433366
421.2333333334605,1103.2629802508643
421.26666666679387,640.2569920516008
421.3000000001272,329.5426653346881
421.3333333334606,727.8925450734876
421.366666666794,2392.098913671995
421.4000000001273,5709.165777761886
421.4333333334607,9936.135116054573
421.466666666794,13868.64305807466
421.5000000001274,16300.957408385932
421.5333333334608,16170.821691895057
421.5666666667941,13786.979510808842
421.60000000012747,10219.486343088773
421.6333333334608,6546.545047841293
421.6666666667942,3792.187450135884
421.7000000001276,2207.4653481451187
421.7333333334609,1467.0415425909616
421.7666666667943,1231.7905928239018
421.8000000001276,1169.7877996247466
421.833333333461,1113.0186242813131
421.8666666667944,1056.435985900013
421.9000000001277,1002.0050025135554
421.93333333346106,951.6550613429304
421.9666666667944,905.8647802990746
422.0000000001278,863.1916638734631
422.03333333346114,822.0610854785358
422.0666666667945,780.9771391149557
422.1000000001279,745.4283407834648
422.1333333334612,733.2795851856976
422.1666666667946,763.6648120975384
422.200000000128,855.6404436085229
422.2333333334613,1005.0598344986402
422.26666666679466,1152.2052895948127
422.300000000128,1229.2131053621326
422.3333333334614,1168.2323515232035
422.36666666679474,954.0494580792596
422.4000000001281,744.0738188925664
422.4333333334615,731.0474026399065
422.4666666667948,1107.712177998064
422.5000000001282,1994.8916903816776
422.5333333334616,3187.579677454925
422.5666666667949,4388.541167596213
422.60000000012826,5300.535363022344
422.6333333334616,5670.730897409496
422.666666666795,5525.707390680939
422.70000000012834,5000.442094809446
422.7333333334617,4230.151015153935
422.7666666667951,3346.948946547994
422.8000000001284,2455.385535148413
422.8333333334618,1645.5706470081595
422.8666666667952,1007.4872505915428
422.9000000001285,623.5024125485256
422.93333333346186,477.1496865545941
422.9666666667952,482.9416737721755
423.0000000001286,553.979565562462
423.03333333346194,606.0662946366598
423.0666666667953,609.0890376506148
423.1000000001287,582.8896499422533
423.133333333462,549.1841814583844
423.1666666667954,529.2861974283414
423.2000000001288,530.9003610532787
423.2333333334621,545.148921180267
423.26666666679546,562.149649491251
423.3000000001288,572.1181474985021
423.3333333334622,571.8099137710227
423.36666666679554,568.5226122127639
423.4000000001289,570.5098452140054
423.4333333334623,585.9927664199312
423.4666666667956,617.3557823156514
423.500000000129,654.4388389558828
423.5333333334624,685.4562412022526
423.5666666667957,698.626756241608
423.60000000012906,686.9148082057063
423.6333333334624,657.0416873829739
423.6666666667958,618.2072051959793
423.70000000012914,579.6111730200439
423.7333333334625,549.6588525346873
423.7666666667959,533.6144484255938
423.8000000001292,535.9660783181313
423.8333333334626,561.2018598376683
423.866666666796,610.9942289073595
423.9000000001293,671.7750812151144
423.93333333346266,724.8435755541911
423.966666666796,751.4949773927365
424.0000000001294,736.7327976919371
424.03333333346274,693.3229306291712
424.0666666667961,646.6151872035724
424.1000000001295,622.0218156523204
424.1333333334628,641.9917331908538
424.1666666667962,697.5752292257972
424.20000000012953,760.9255478167081
424.2333333334629,803.9368139787631
424.26666666679625,800.2251866089997
424.3000000001296,750.2676827976258
424.333333333463,675.7931394229141
424.36666666679633,599.1112912091888
424.4000000001297,541.9318407112488
424.4333333334631,511.2798805796767
424.4666666667964,498.9873941742543
424.5000000001298,496.1845958609688
424.53333333346313,494.10877287532406
424.5666666667965,488.56198737147486
424.60000000012985,481.5199554445331
424.6333333334632,475.3964649231171
424.6666666667966,472.5826439566625
424.70000000012993,473.4460777133112
424.7333333334633,474.7613160391051
424.7666666667967,472.93353341776105
424.80000000013,464.3891275826016
424.8333333334634,451.335396862774
424.86666666679673,449.57228316700366
424.9000000001301,476.8516196197764
424.93333333346345,550.9199076965473
424.9666666667968,676.5463848785513
425.00000000013017,817.6382503775438
425.03333333346353,930.0804310148012
425.0666666667969,969.7578536115994
425.1000000001303,906.8770860763065
425.1333333334636,772.5569703926038
425.16666666679697,614.1074858596498
425.20000000013033,478.8387421150397
425.2333333334637,406.2012369887602
425.26666666679705,390.3400667172365
425.3000000001304,409.20097961665965
425.33333333346377,440.70934753385546
425.36666666679713,464.75056445770224
425.4000000001305,476.7004323236921
425.4333333334639,479.29116853321
425.4666666667972,475.2995347458749
425.50000000013057,467.4784163383017
425.53333333346393,458.31586899454936
425.5666666667973,450.1349481410907
425.60000000013065,445.2562107835472
425.633333333464,445.7421877546593
425.66666666679737,449.4802445117789
425.70000000013073,450.9749425618953
425.7333333334641,444.63349292720665
425.7666666667975,425.39627537490605
425.8000000001308,401.5867729332398
425.83333333346417,395.5651869897392
425.8666666667975,430.35570387936224
425.9000000001309,528.3207542213403
425.93333333346425,683.366207394027
425.9666666667976,850.7695531174674
426.00000000013097,983.0524134034888
426.0333333334643,1033.0946165518612
426.0666666667977,985.1016422396472
426.1000000001311,878.5351351892239
426.1333333334644,758.4898368580859
426.16666666679777,669.987497178552
426.2000000001311,639.8315446086809
426.2333333334645,652.739720112757
426.26666666679785,687.5055170011678
426.3000000001312,722.9252569981925
426.33333333346457,742.7527327765524
426.3666666667979,745.89424569506
426.4000000001313,734.1410213495907
426.4333333334647,709.2842853360198
426.466666666798,673.7022421376074
426.50000000013137,632.1673486816873
426.5333333334647,590.062436934587
426.5666666667981,552.7703390281063
426.6000000001314,525.0914548613928
426.6333333334648,508.6468505515895
426.66666666679816,503.978139414287
426.7000000001315,511.62605265932086
426.7333333334649,530.7649624218052
426.76666666679824,550.4994241665219
426.8000000001316,555.4317728553751
426.83333333346496,530.1433433796423
426.8666666667983,463.4301027938217
426.9000000001317,386.8234125273874
426.933333333465,356.71799979404386
426.9666666667984,429.8167070004296
427.00000000013176,656.8286460343492
427.0333333334651,1002.172133558574
427.0666666667985,1365.5324162699628
427.10000000013184,1645.024542197467
427.1333333334652,1742.8224531350097
427.16666666679856,1648.2539672094065
427.2000000001319,1434.4891032688197
427.2333333334653,1178.0941272001894
427.2666666667986,954.5058397867904
427.300000000132,800.0885600829729
427.33333333346536,703.0826973804722
427.3666666667987,648.764237777308
427.4000000001321,622.458391156294
427.43333333346544,612.6039970735106
427.4666666667988,612.5604633610816
427.50000000013216,616.1217064169643
427.5333333334655,617.1010557132595
427.5666666667989,612.1327833074114
427.6000000001322,603.6040574901946
427.6333333334656,594.6029660865903
427.66666666679896,588.2165313734431
427.7000000001323,586.9482026760727
427.7333333334657,591.752413838636
427.76666666679904,603.3294623695537
427.8000000001324,622.3795330827485
427.83333333346576,648.2636077061421
427.8666666667991,675.6724429487598
427.9000000001325,698.2793724304972
427.9333333334658,709.7577297712501
427.9666666667992,708.9559345879172
428.00000000013256,718.5491134163605
428.0333333334659,768.0652147152684
428.0666666667993,887.0328005176817
428.10000000013264,1105.8182728735496
428.133333333466,1459.8985214691734
428.16666666679936,1986.6770365917057
428.2000000001327,2723.560841924491
428.2333333334661,3685.521920561388
428.2666666667994,4704.183363796941
428.3000000001328,5521.587595627599
428.33333333346616,5879.169217721549
428.3666666667995,5548.378214361637
428.4000000001329,4636.183864035784
428.43333333346624,3459.817711294049
428.4666666667996,2339.747287678988
428.50000000013296,1580.638277885692
428.5333333334663,1237.517494476078
428.5666666667997,1166.258120297274
428.600000000133,1217.1903929273292
428.6333333334664,1244.573655402888
428.66666666679976,1194.8880911968624
428.7000000001331,1107.87516774651
428.7333333334665,1027.4135548637014
428.76666666679984,996.577235573051
428.8000000001332,1028.1264967601408
428.83333333346656,1095.9943703759432
428.8666666667999,1171.573720667055
428.9000000001333,1226.4572774326466
428.9333333334666,1245.9361088860992
428.9666666668,1237.5777542391436
429.00000000013335,1210.9934516948504
429.0333333334667,1175.765644277316
429.0666666668001,1136.987093514986
429.10000000013343,1090.4297688746497
429.1333333334668,1030.7057777647512
429.16666666680015,952.4375834309246
429.2000000001335,856.1650686694661
429.2333333334669,758.2349949702295
429.2666666668002,677.6051950467654
429.3000000001336,633.2327947327475
429.33333333346695,636.6603489319651
429.3666666668003,673.7300888650835
429.4000000001337,724.7196241610585
429.43333333346703,769.9065644488462
429.4666666668004,792.4968521596826
429.50000000013375,788.9263681524982
429.5333333334671,759.365470295947
429.5666666668005,703.9847374635914
429.6000000001338,626.0734699498853
429.6333333334672,547.3347843249171
429.66666666680055,496.20602668228366
429.7000000001339,501.1345591448198
429.7333333334673,585.5950852463704
429.76666666680063,734.3367028581621
429.800000000134,913.9476527899548
429.83333333346735,1090.9118013308366
429.8666666668007,1233.9168916176454
429.90000000013407,1334.6800211025557
429.9333333334674,1398.6316463671494
429.9666666668008,1431.3844632185553
430.00000000013415,1438.948271323951
430.0333333334675,1433.0528253338134
430.06666666680087,1429.7203142707508
430.10000000013423,1445.077129074117
430.1333333334676,1493.704052025873
430.16666666680095,1558.2253615176796
430.2000000001343,1591.1857441502711
430.23333333346767,1543.9600914701548
430.266666666801,1370.058635580857
430.3000000001344,1090.3377225118525
430.33333333346775,805.0220660771075
430.3666666668011,618.8965253625856
430.40000000013447,635.0825919371921
430.43333333346783,868.7472934451985
430.4666666668012,1205.1364349540038
430.50000000013455,1519.0366105815608
430.5333333334679,1685.9908951587518
430.56666666680127,1660.0107764551951
430.6000000001346,1540.939042165963
430.633333333468,1444.4921623917255
430.66666666680135,1486.13353193105
430.7000000001347,1712.1883477681397
430.73333333346807,2006.321399195788
430.7666666668014,2228.824167057487
430.8000000001348,2240.030213508669
430.83333333346815,1961.6500101788984
430.8666666668015,1499.5873902871058
430.90000000013487,994.1547733030316
430.9333333334682,585.66451123762
430.9666666668016,378.16345879405753
431.00000000013495,335.95426769850826
431.0333333334683,389.68459697588537
431.06666666680167,470.0021056511024
431.100000000135,518.4102787581971
431.1333333334684,530.2291198802016
431.16666666680175,517.4244810861446
431.2000000001351,491.9671311301503
431.23333333346847,465.6771842165026
431.2666666668018,449.41007351147226
431.3000000001352,453.6408994961886
431.3333333334685,488.8438391526885
431.3666666668019,562.5045906732099
431.40000000013526,657.138726939842
431.4333333334686,742.8330438935343
431.466666666802,789.5837350613657
431.50000000013534,770.6249555057807
431.5333333334687,695.1066313362412
431.56666666680206,594.5562780851196
431.6000000001354,500.84027322261454
431.6333333334688,444.39328074914135
431.6666666668021,434.0115007738557
431.7000000001355,461.7227421143945
431.73333333346886,519.1170083235546
431.7666666668022,597.5319952982908
431.8000000001356,682.9072975286213
431.83333333346894,756.0002458853917
431.8666666668023,797.3590536745816
431.90000000013566,788.1892914548436
431.933333333469,730.7573882747012
431.9666666668024,652.340241344624
432.0000000001357,581.6693495667242
432.0333333334691,547.1550319869891
432.06666666680246,560.4230419349369
432.1000000001358,608.420041821231
432.1333333334692,676.1186840248258
432.16666666680254,748.4867136289853
432.2000000001359,810.0116607695261
432.23333333346926,844.3039906710624
432.2666666668026,834.880746593917
432.300000000136,765.377403472158
432.3333333334693,647.225981637701
432.3666666668027,555.2519208933089
432.40000000013606,573.0755392949803
432.4333333334694,784.2574812914953
432.4666666668028,1214.603633295798
432.50000000013614,1724.3590280299975
432.5333333334695,2144.288557305753
432.56666666680286,2305.159084806456
432.6000000001362,2099.3565602670506
432.6333333334696,1642.6797056528064
432.6666666668029,1101.5449595480522
432.7000000001363,642.368760537118
432.73333333346966,396.5847437970401
432.766666666803,334.80245522019743
432.8000000001364,381.44512688934
432.83333333346974,460.9319801623488
432.8666666668031,507.86294565185113
432.90000000013646,516.3003399755523
432.9333333334698,501.8329197251065
432.9666666668032,480.0791700200883
433.0000000001365,465.3168387039457
433.0333333334699,461.8059520537136
433.06666666680326,469.2736199131018
433.1000000001366,487.4246338474744
433.13333333347,515.4988404045146
433.16666666680334,548.2365348040036
433.2000000001367,577.8541743171565
433.23333333347006,596.5403171931904
433.2666666668034,597.1120815553163
433.3000000001368,580.415981654947
433.3333333334701,552.8438078082131
433.3666666668035,520.8976470357951
433.40000000013686,490.8921366976308
433.4333333334702,465.8933120231894
433.4666666668036,446.2180383892591
433.50000000013694,432.0964912671239
433.5333333334703,423.74874730894095
433.56666666680366,421.1479441835408
433.600000000137,424.0118469918378
433.6333333334704,432.0464347023668
433.6666666668037,444.908082641276
433.7000000001371,460.44168314078325
433.73333333347045,474.2044052762946
433.7666666668038,481.6069367777181
433.8000000001372,478.12515647882753
433.8333333334705,463.1075437820565
433.8666666668039,441.8828672354755
433.90000000013725,420.2917380668417
433.9333333334706,404.1491433033563
433.966666666804,396.4321542116233
434.0000000001373,394.7420742917241
434.0333333334707,396.0811170688645
434.06666666680405,397.4561911723531
434.1000000001374,397.10853308007154
434.1333333334708,396.1611153509489
434.1666666668041,396.1474343352845
434.2000000001375,398.6002889643518
434.23333333347085,404.3213989912991
434.2666666668042,411.9967742817626
434.3000000001376,419.93191881993226
434.3333333334709,426.4323582382107
434.3666666668043,430.382994815945
434.40000000013765,432.75812232275246
434.433333333471,435.0028679013178
434.4666666668044,438.5623586943263
434.5000000001377,444.892723029004
434.5333333334711,455.49963165031113
434.5666666668045,471.9026952282198
434.6000000001378,495.6215251963268
434.6333333334712,526.7477083002154
434.6666666668045,557.3320255627788
434.7000000001379,576.6133038930958
434.7333333334713,573.8274046833144
434.7666666668046,543.9303035439982
434.800000000138,522.3583666879011
434.8333333334713,562.0121200634992
434.8666666668047,715.8609150108897
434.9000000001381,1026.4395837808058
434.9333333334714,1442.5841361504365
434.9666666668048,1863.6370945540727
435.0000000001381,2188.493179530057
435.0333333334715,2324.2089392065927
435.0666666668049,2272.203480382485
435.1000000001382,2094.5295889031886
435.1333333334716,1854.2396440929317
435.1666666668049,1612.2469455218445
435.2000000001383,1396.953861162103
435.2333333334717,1211.4754994018456
435.266666666805,1058.2612789093037
435.3000000001384,939.5196323462944
435.3333333334717,852.5019973313096
435.3666666668051,789.8078883534079
435.4000000001385,743.8569254587335
435.4333333334718,707.1711396745118
435.4666666668052,675.2421871380661
435.5000000001385,646.9188602173539
435.5333333334719,621.2302301591159
435.5666666668053,597.2193098626411
435.6000000001386,574.5332351704993
435.633333333472,553.6418898217935
435.6666666668053,535.0741360454936
435.7000000001387,519.3661388333511
435.7333333334721,507.5697960940964
435.7666666668054,501.5845032407109
435.8000000001388,503.3884870438951
435.8333333334721,514.9376431307661
435.8666666668055,535.239052525719
435.9000000001389,557.4350025618869
435.9333333334722,573.9743208787132
435.9666666668056,577.3181039234498
436.0000000001389,563.7836564429086
436.0333333334723,539.0098026883028
436.0666666668057,510.0159458763864
436.100000000139,483.8197942386389
436.1333333334724,465.3202920702954
436.1666666668057,453.1613477726581
436.2000000001391,444.8381890133887
436.2333333334725,437.8460645352257
436.2666666668058,430.3141080402156
436.3000000001392,422.6667532997864
436.3333333334725,415.847792566953
436.3666666668059,410.8010180947302
436.4000000001392,408.14020265201054
436.4333333334726,407.0111280126124
436.466666666806,406.151548348776
436.5000000001393,404.299201555556
436.5333333334727,400.5242119816298
436.5666666668061,395.71428493774965
436.6000000001394,391.3752674538569
436.6333333334728,389.01351938845215
436.6666666668061,389.8804555867288
436.7000000001395,393.5071703838367
436.7333333334728,398.7134679489539
436.7666666668062,404.3168959817222
436.8000000001396,409.1737519019153
436.8333333334729,412.4653115890892
436.8666666668063,413.5351109094667
436.9000000001397,411.727882582604
436.933333333473,406.4993391962276
436.9666666668064,398.4746928198032
437.0000000001397,388.98007519160734
437.0333333334731,379.3511120757297
437.0666666668064,370.8747090531256
437.1000000001398,364.18263225505785
437.1333333334732,359.43761229859035
437.1666666668065,356.7921882539615
437.2000000001399,356.3708238284201
437.2333333334733,357.8059555848792
437.2666666668066,360.3107240096504
437.30000000014,363.0848572096048
437.3333333334733,365.3589001588517
437.3666666668067,367.08776432760186
437.40000000014,368.95948961525824
437.4333333334734,371.69468525449446
437.4666666668068,375.9789085634112
437.5000000001401,381.3482594226565
437.5333333334735,385.95845906159167
437.5666666668069,387.8835068066176
437.6000000001402,385.23885045092345
437.6333333334736,378.1439814821812
437.6666666668069,369.5748828842412
437.7000000001403,362.7262178280785
437.7333333334736,360.7731303295776
437.766666666807,365.3825505365487
437.8000000001404,375.66600586340246
437.8333333334737,390.4876350505199
437.8666666668071,408.6948064864999
437.9000000001405,426.7896257285576
437.9333333334738,436.53861163083394
437.9666666668072,429.1380915676044
438.0000000001405,395.8227782539656
438.0333333334739,339.8232428276476
438.0666666668072,293.3360880835075
438.1000000001406,292.8428369170985
438.133333333474,374.8098081089151
438.1666666668073,559.5351659778576
438.2000000001407,820.4487479948843
438.2333333334741,1122.536392363087
438.2666666668074,1430.7837513366967
438.3000000001408,1707.8991777068948
438.3333333334741,1908.63802612972
438.3666666668075,1986.0205682151184
438.4000000001408,1893.067075573037
438.4333333334742,1606.3348823893757
438.4666666668076,1201.5690342947182
438.5000000001409,780.6380819640437
438.5333333334743,445.4107062690332
438.5666666668076,276.7196455830924
438.600000000141,248.42935445608825
438.6333333334744,300.4879593302175
438.6666666668077,372.8299181641283
438.7000000001411,413.2932847583684
438.7333333334744,418.3088695348177
438.7666666668078,402.7617322958697
438.8000000001412,381.5724524525744
438.8333333334745,368.1132112434967
438.8666666668079,364.1944150254952
438.9000000001412,366.3978542987152
438.9333333334746,371.27964113481215
438.966666666808,375.6394321238156
439.0000000001413,378.50123547962806
439.0333333334747,380.0802734165216
439.066666666808,380.6030686553504
439.1000000001414,380.2860428987444
439.1333333334748,379.2316296213857
439.1666666668081,377.47032089203503
439.2000000001415,375.0314796071259
439.2333333334748,372.1877758142031
439.2666666668082,372.6510589206964
439.3000000001416,382.6812903652148
439.3333333334749,408.5984861955352
439.3666666668082,456.0220138837419
439.4000000001416,517.9391130302265
439.433333333475,576.3816697497473
439.4666666668084,613.0184100834962
439.5000000001417,610.282519459781
439.5333333334751,568.6126866127537
439.5666666668084,506.69125109440097
439.6000000001418,444.0126439240836
439.6333333334752,399.7154245355438
439.6666666668085,381.63340884274334
439.7000000001418,384.231012876522
439.7333333334752,401.20020398036127
439.7666666668086,426.2367443698677
439.800000000142,453.2061568216215
439.8333333334753,476.208290861678
439.8666666668087,489.36012616448295
439.900000000142,486.96723051736495
439.9333333334754,475.9527561707218
439.9666666668088,483.5851296902496
440.0000000001421,538.9783646584285
440.03333333347547,671.1146081043667
440.0666666668088,894.5727541754536
440.1000000001422,1196.7568963999408
440.1333333334756,1562.0575394869193
440.1666666668089,1974.7907385023543
440.2000000001423,2404.0664297826097
440.2333333334756,2785.346862927079
440.266666666809,3049.5844897142524
440.3000000001424,3127.8060553378864
440.3333333334757,2986.8466585455794
440.36666666680907,2686.7317142216657
440.4000000001424,2302.4531385622145
440.4333333334758,1908.9945612883223
440.4666666668092,1566.1444526645223
440.5000000001425,1287.0466045872104
440.5333333334759,1075.9242879529793
440.5666666668092,937.0005859297275
440.6000000001426,868.46019790096
440.633333333476,846.5731568942152
440.6666666668093,842.6395339475885
440.70000000014267,827.9594000991739
440.733333333476,780.7196401614016
440.7666666668094,708.6741401990299
440.8000000001428,627.5099526093672
440.8333333334761,552.9142267538743
440.8666666668095,497.863846415606
440.9000000001428,461.57417728940186
440.9333333334762,438.9034691648525
440.9666666668096,424.70824545615386
441.0000000001429,414.3781054932721
441.03333333347626,406.50806477036025
441.0666666668096,400.88558725023273
441.100000000143,397.300136331044
441.13333333347634,395.6107888724391
441.1666666668097,396.17385198788736
441.2000000001431,399.5619149165475
441.2333333334764,406.3484538024795
441.2666666668098,417.4612046306361
441.3000000001432,436.8483324022664
441.3333333334765,469.9869186198209
441.36666666680986,522.3659167736241
441.4000000001432,597.7548462637259
441.4333333334766,682.3039524128701
441.46666666680994,751.8285855164168
441.5000000001433,782.0128080411057
441.5333333334767,751.057988307265
441.56666666681,668.4515570073893
441.6000000001434,564.8692490538781
441.6333333334768,471.3879011695818
441.6666666668101,417.33187796964216
441.70000000014346,405.2952334043489
441.7333333334768,417.03195410721935
441.7666666668102,433.74453248281065
441.80000000014354,437.3497496793139
441.8333333334769,423.3390708588676
441.8666666668103,399.3602059289073
441.9000000001436,373.4903820655952
441.933333333477,353.6328921610294
441.9666666668104,343.4920591113677
442.0000000001437,342.45991559980155
442.03333333347706,349.73189094359304
442.0666666668104,364.4461223745398
442.1000000001438,383.9395220215232
442.13333333347714,403.4294939267586
442.1666666668105,418.0119646410175
442.2000000001439,422.8862558473565
442.2333333334772,417.62491323212265
442.2666666668106,407.6950153039448
442.300000000144,398.9798227947376
442.3333333334773,397.3109237458566
442.36666666681066,405.449513166337
442.400000000144,421.4148291779173
442.4333333334774,442.82019777847785
442.46666666681074,467.2831113143511
442.5000000001441,492.7901471715161
442.5333333334775,517.9815820880216
442.5666666668108,541.5646802217368
442.6000000001442,562.2502441858788
442.6333333334776,579.2578896091982
442.6666666668109,592.842083697489
442.70000000014426,603.3829733476387
442.7333333334776,611.243675060421
442.766666666811,612.2632685836481
442.80000000014434,591.6966083350563
442.8333333334777,533.2871944759988
442.8666666668111,420.82707085504296
442.9000000001444,267.6817827210948
442.9333333334778,166.959050145729
442.9666666668112,225.07205096179456
443.0000000001445,548.4036597088847
443.03333333347786,1178.4996224928748
443.0666666668112,1955.031763860511
443.1000000001446,2678.494946101997
443.13333333347794,3149.386376387281
443.1666666668113,3228.1235952621723
443.2000000001447,2990.8545464969666
443.233333333478,2562.259678489114
443.2666666668114,2067.019439636064
443.30000000014473,1612.4153290919637
443.3333333334781,1233.2785062802354
443.36666666681145,945.5848813624726
443.4000000001448,765.3103209306673
443.4333333334782,699.4925583123238
443.46666666681153,712.1499906451763
443.5000000001449,754.3747220917518
443.5333333334783,777.2563361999604
443.5666666668116,741.1750899629278
443.600000000145,658.2098372727442
443.63333333347833,558.3169741687703
443.6666666668117,471.47005890391966
443.70000000014505,423.1390373243604
443.7333333334784,409.7805952870254
443.7666666668118,416.3491252825147
443.80000000014513,427.7701631588548
443.8333333334785,430.67516168901176
443.8666666668119,424.45003068045656
443.9000000001452,414.25516436455337
443.9333333334786,405.2794591659581
443.96666666681193,402.12949794963407
444.0000000001453,404.3409150342946
444.03333333347865,408.8372161072882
444.066666666812,412.520285283439
444.10000000014537,412.7482601811554
444.13333333347873,411.5293557363016
444.1666666668121,413.5879735067423
444.2000000001455,423.6825849283153
444.2333333334788,445.8722081726701
444.26666666681217,475.8208359010968
444.30000000014553,503.6483227225689
444.3333333334789,519.3761965602403
444.36666666681225,513.8003958497505
444.4000000001456,488.7477963796831
444.43333333347897,454.2609783364616
444.46666666681233,420.5785168560181
444.5000000001457,397.489508289609
444.5333333334791,387.1112434181232
444.5666666668124,385.1304644865005
444.60000000014577,387.0351129694977
444.63333333347913,388.52295931790064
444.6666666668125,389.6342369067397
444.70000000014585,394.4988416530363
444.7333333334792,407.40588134746304
444.76666666681257,432.4214068456324
444.80000000014593,467.9321458144548
444.8333333334793,506.3226377945156
444.8666666668127,539.6897305123013
444.900000000146,560.2976868329653
444.93333333347937,565.7505516167529
444.9666666668127,559.9798117326251
445.0000000001461,547.2836863702781
445.03333333347945,531.9327098986103
445.0666666668128,517.0660141859956
445.10000000014617,504.3202704381671
445.1333333334795,495.22837668134247
445.1666666668129,491.3795696490288
445.2000000001463,497.3987108385687
445.2333333334796,522.4277067341712
445.26666666681297,575.9758365221882
445.3000000001463,667.3689521383379
445.3333333334797,792.4118899549852
445.36666666681305,924.361261514052
445.4000000001464,1034.335433019699
445.43333333347977,1093.6048606050108
445.4666666668131,1089.5460781301044
445.5000000001465,1039.6510130351078
445.5333333334799,964.714428031757
445.5666666668132,885.4902362059172
445.60000000014657,816.0869972110232
445.6333333334799,756.6715965725458
445.6666666668133,705.6544707265198
445.7000000001466,661.4463958747766
445.73333333348,622.5516295550101
445.76666666681336,587.6946707929378
445.8000000001467,555.6317159238214
445.8333333334801,525.1203606612079
445.86666666681344,495.67312431881
445.9000000001468,468.8018039745763
445.93333333348016,446.3453996799093
445.9666666668135,430.1423004311685
446.0000000001469,421.198460690639
446.0333333334802,418.03944835062
446.0666666668136,418.7309084015036
446.10000000014696,421.3385690442191
446.1333333334803,424.4128015826906
446.1666666668137,428.1298962848314
446.20000000014704,433.0067305001897
446.2333333334804,439.5601781166965
446.26666666681376,447.77524764782095
446.3000000001471,455.6274662153268
446.3333333334805,460.61786715959335
446.3666666668138,460.24748382100006
446.4000000001472,453.7741841792848
446.43333333348056,447.92651053913016
446.4666666668139,451.4184115999756
446.5000000001473,472.9638518977405
446.53333333348064,518.3981055495204
446.566666666814,579.7904522735435
446.60000000014736,645.0999932765559
446.6333333334807,702.285104657318
446.6666666668141,740.8803774009077
446.7000000001474,758.8944553278839
446.7333333334808,757.1714038636585
446.76666666681416,736.5573113016418
446.8000000001475,698.6920998696768
446.8333333334809,650.0151511810146
446.86666666681424,598.760386048728
446.9000000001476,553.1648402502212
446.93333333348096,520.3355862291248
446.9666666668143,499.69060249084566
447.0000000001477,487.4446135160757
447.033333333481,479.8017679596256
447.0666666668144,473.2555441810976
447.10000000014776,466.5183818438365
447.1333333334811,459.32971820080667
447.1666666668145,451.4345723948804
447.20000000014784,442.6819306034349
447.2333333334812,433.8211825643152
447.26666666681456,426.0634317155108
447.3000000001479,420.6235410211388
447.3333333334813,418.6333209348654
447.3666666668146,420.4103095807128
447.400000000148,425.8106015078695
447.43333333348136,434.6850212284803
447.4666666668147,446.7597721310292
447.5000000001481,460.3735278238738
447.53333333348144,472.9980057859877
447.5666666668148,482.0916909511461
447.60000000014816,485.3566193361444
447.6333333334815,483.5860013773305
447.6666666668149,479.69812622233417
447.7000000001482,476.6530684976631
447.7333333334816,477.250586101921
447.76666666681496,481.96038699919694
447.8000000001483,489.4930330436962
447.8333333334817,498.5157850948878
447.86666666681504,507.8335522098424
447.9000000001484,518.5544906385364
447.93333333348176,533.6932951133939
447.9666666668151,556.3220770286068
448.0000000001485,589.2169247516462
448.0333333334818,629.415127944757
448.0666666668152,668.7532024286385
448.10000000014855,698.8795729694843
448.1333333334819,711.777977947653
448.1666666668153,707.0195011419231
448.20000000014863,691.6938423679723
448.233333333482,673.212268826525
448.26666666681535,658.8427753527092
448.3000000001487,652.0363691104186
448.3333333334821,652.1125429915053
448.3666666668154,658.1844885372352
448.4000000001488,669.3637445562937
448.43333333348215,684.7094749961234
448.4666666668155,703.2189758090984
448.5000000001489,723.8859750582044
448.53333333348223,745.7802897011145
448.5666666668156,770.8747651244958
448.60000000014895,804.8819111557441
448.6333333334823,853.7610248181278
448.6666666668157,923.323878445328
448.700000000149,1012.5077266418556
448.7333333334824,1110.5980088607555
448.76666666681575,1206.1570536639783
448.8000000001491,1287.782271748818
448.83333333348247,1346.1024358745676
448.86666666681583,1374.8533426058666
448.9000000001492,1368.0332571683375
448.93333333348255,1319.7778575787436
448.9666666668159,1234.3178718120855
449.00000000014927,1132.6996486601752
449.0333333334826,1037.561767859943
449.066666666816,971.4374978247168
449.10000000014935,946.7895382032364
449.1333333334827,957.8161141983624
449.16666666681607,996.7869717831136
449.20000000014943,1055.9522825889585
449.2333333334828,1125.046608430804
449.26666666681615,1188.8376273783404
449.3000000001495,1231.5108567375294
449.33333333348287,1237.3069610669927
449.3666666668162,1200.3876596400794
449.4000000001496,1136.2379169837495
449.43333333348295,1063.1060909231403
449.4666666668163,999.2141072436824
449.50000000014967,955.7621577568964
449.53333333348303,927.5226194274604
449.5666666668164,906.9220757150824
449.60000000014975,886.3936548636507
449.6333333334831,861.1312330380258
449.66666666681647,833.3592941664159
449.7000000001498,806.4051258859356
449.7333333334832,783.5945452327011
449.76666666681655,767.1606471361624
449.8000000001499,756.3076089496376
449.83333333348327,749.7191015490972
449.8666666668166,746.0790780934366
449.90000000015,744.5048393610259
449.93333333348335,745.4209945784
449.9666666668167,749.4976993356303
450.00000000015007,757.4050793591862
450.0333333334834,769.6885542879821
450.0666666668168,786.4841948011721
450.10000000015015,807.8442067008375
450.1333333334835,833.8206407022194
450.16666666681687,861.2939134686021
450.2000000001502,875.8211331120846
450.2333333334836,860.4334639672118
450.26666666681695,798.1620880606011
450.3000000001503,689.6391699071961
450.33333333348367,603.796011597764
450.366666666817,626.1281405003713
450.4000000001504,842.1310839830826
450.4333333334837,1299.6798620118957
450.4666666668171,1888.142548850488
450.50000000015046,2455.1484105959216
450.5333333334838,2848.326507535153
450.5666666668172,2950.2440757095824
450.60000000015054,2803.13220125065
450.6333333334839,2494.805108141933
450.66666666681726,2113.080512015872
450.7000000001506,1736.918060109143
450.733333333484,1401.4094682035836
450.7666666668173,1128.0913463034165
450.8000000001507,938.4963536637846
450.83333333348406,847.3854080387515
450.8666666668174,833.202793802087
450.9000000001508,862.2699750460093
450.93333333348414,900.899961203933
450.9666666668175,920.5860919120496
451.00000000015086,922.8911162234612
451.0333333334842,920.2000320056928
451.0666666668176,924.9121450666646
451.1000000001509,947.295848556006
451.1333333334843,984.2374148230144
451.16666666681766,1027.440407218303
451.200000000151,1068.5970940419656
451.2333333334844,1100.3407079231547
451.26666666681774,1121.6961437602788
451.3000000001511,1134.3468080806745
451.33333333348446,1139.9848115857928
451.3666666668178,1140.3167550291237
451.4000000001512,1137.1556871958978
451.4333333334845,1132.362116933013
451.4666666668179,1127.7967716444189
451.50000000015126,1125.658889354164
451.5333333334846,1130.8371717502318
451.566666666818,1149.503304648602
451.60000000015134,1187.8368866199958
451.6333333334847,1250.5116840906014
451.66666666681806,1329.2611541518745
451.7000000001514,1409.2255896377264
451.7333333334848,1475.492841043432
451.7666666668181,1515.0575864533917
451.8000000001515,1532.6421643304425
451.83333333348486,1542.599536623437
451.8666666668182,1559.3785508491385
451.9000000001516,1596.134256441298
451.93333333348494,1653.004371647572
451.9666666668183,1722.5987709216406
452.00000000015166,1797.4357517277947
452.033333333485,1872.3053694470427
452.0666666668184,1966.744613070861
452.1000000001517,2115.5008113744843
452.1333333334851,2353.542922552454
452.16666666681846,2713.595557473216
452.2000000001518,3201.89921431538
452.2333333334852,3807.419106380839
452.26666666681854,4518.823924977327
452.3000000001519,5327.065501825307
452.33333333348526,6252.2994344805375
452.3666666668186,7334.8688405079265
452.400000000152,8615.519306460059
452.4333333334853,10119.78265331891
452.4666666668187,11662.099230638743
452.50000000015206,12902.48066133355
452.5333333334854,13497.405545688043
452.5666666668188,13129.77281837614
452.60000000015214,11880.458713496058
452.6333333334855,10138.064617354295
452.66666666681886,8299.18671545755
452.7000000001522,6744.720538142381
452.7333333334856,5598.567535523846
452.7666666668189,4774.864559030279
452.8000000001523,4181.615972638396
452.83333333348565,3729.0822499465726
452.866666666819,3367.692862466108
452.9000000001524,3082.4459526399733
452.9333333334857,2859.4677855141754
452.9666666668191,2685.104287571692
453.00000000015245,2549.9602201286
453.0333333334858,2448.5001242939816
453.0666666668192,2375.328149349994
453.1000000001525,2325.4780811180094
453.1333333334859,2303.065373899032
453.16666666681925,2320.863773141828
453.2000000001526,2391.991924865023
453.233333333486,2528.559866842692
453.2666666668193,2719.403356771632
453.3000000001527,2930.041409622881
453.33333333348605,3124.9759395843803
453.3666666668194,3269.624385495053
453.4000000001528,3352.499059112444
453.4333333334861,3386.399408737548
453.4666666668195,3385.2790494609026
453.50000000015285,3362.674474136485
453.5333333334862,3320.602403644607
453.5666666668196,3248.375870124797
453.6000000001529,3134.653289532793
453.6333333334863,2968.935943092208
453.6666666668197,2766.249641927061
453.700000000153,2571.1075327127205
453.7333333334864,2429.663366977341
453.7666666668197,2386.8273519201825
453.8000000001531,2446.147374360964
453.8333333334865,2561.162104974197
453.8666666668198,2682.417730479368
453.9000000001532,2761.967150296976
453.9333333334865,2807.005459686674
453.9666666668199,2894.435277934844
454.0000000001533,3105.6292648199333
454.0333333334866,3520.0430259072045
454.06666666682,4139.792034833643
454.1000000001533,4864.8648572876655
454.1333333334867,5588.255235216187
454.1666666668201,6204.328157470372
454.2000000001534,6668.549970500808
454.2333333334868,7020.588533877688
454.2666666668201,7306.252433773237
454.3000000001535,7570.993485286156
454.3333333334869,7842.668963730225
454.3666666668202,8123.856064511346
454.4000000001536,8415.174529594675
454.4333333334869,8717.368556135234
454.4666666668203,9037.98976760062
454.5000000001537,9394.778403851726
454.533333333487,9806.310061418102
454.5666666668204,10290.910643057332
454.6000000001537,10851.724105379477
454.6333333334871,11468.246476072953
454.6666666668205,12117.925944306058
454.7000000001538,12778.456595421332
454.7333333334872,13444.190715351278
454.7666666668205,14136.45980224561
454.8000000001539,14879.057100906895
454.8333333334873,15695.510538828556
454.8666666668206,16589.273639938096
454.900000000154,17530.02604754971
454.9333333334873,18484.207526912905
454.9666666668207,19418.59695824596
455.0000000001541,20328.70117514108
455.0333333334874,21260.189655668844
455.0666666668208,22263.780050185174
455.1000000001541,23389.530857992297
455.1333333334875,24624.81944537067
455.1666666668208,25843.5356420591
455.2000000001542,26907.61219396676
455.2333333334876,27679.783884990207
455.2666666668209,28108.62463676743
455.3000000001543,28303.70901781781
455.3333333334877,28392.336565524303
455.366666666821,28501.00526402121
455.4000000001544,28659.40022680801
455.4333333334877,28709.27566015583
455.4666666668211,28470.8068342157
455.5000000001544,27764.999462642
455.5333333334878,26526.364545439497
455.5666666668212,24917.233120028763
455.6000000001545,23127.17094369285
455.6333333334879,21345.331298204736
455.6666666668213,19696.890688859425
455.7000000001546,18174.38019453161
455.733333333488,16753.850170183192
455.7666666668213,15411.424808303413
455.8000000001547,14136.261289441887
455.833333333488,12945.402810868864
455.8666666668214,11859.487603169067
455.9000000001548,10899.094098509597
455.9333333334881,10072.755154205204
455.9666666668215,9362.432145097828
456.0000000001549,8746.537765207899
456.0333333334882,8203.503498275411
456.0666666668216,7716.092464378392
456.1000000001549,7276.909111345685
456.1333333334883,6879.917333986763
456.1666666668216,6519.083602291384
456.200000000155,6189.055687935
456.2333333334884,5886.07399880026
456.2666666668217,5606.60615071502
456.3000000001551,5347.119562933141
456.3333333334885,5104.021808797247
456.3666666668218,4873.576666867715
456.4000000001552,4652.026761068306
456.4333333334885,4435.621276231436
456.4666666668219,4222.91391431138
456.5000000001552,4018.143898609214
456.5333333334886,3826.4117631625486
456.566666666822,3652.81177025604
456.6000000001553,3499.890299823828
456.6333333334887,3363.7461671203405
456.6666666668221,3239.4738102038286
456.7000000001554,3122.170668827229
456.7333333334888,3008.34773779342
456.7666666668221,2898.1811762398083
456.8000000001555,2792.4334191212183
456.8333333334888,2691.869714081817
456.8666666668222,2598.7937970992866
456.9000000001556,2519.5923345350598
456.9333333334889,2461.3217135418013
456.9666666668223,2431.024905149732
457.0000000001557,2427.2068811524923
457.033333333489,2425.2062435857915
457.0666666668224,2396.470176988096
457.1000000001557,2312.489552269655
457.1333333334891,2177.1435800348327
457.1666666668224,2084.0618592559654
457.2000000001558,2142.2922991388527
457.2333333334892,2460.7963711071
457.2666666668225,3073.8209675589205
457.3000000001559,3804.4025745897634
457.3333333334893,4438.518502388537
457.3666666668226,4762.233103212566
457.400000000156,4649.347382986172
457.4333333334893,4226.39711406363
457.4666666668227,3665.151633022853
457.500000000156,3137.3366733125954
457.5333333334894,2763.4497893109515
457.5666666668228,2513.787167557125
457.6000000001561,2331.2591807053964
457.6333333334895,2158.802976379691
457.6666666668228,1975.973755063737
457.7000000001562,1871.4818319962355
457.7333333334896,1954.2862090593635
457.7666666668229,2333.306331301303
457.8000000001563,3054.628433166374
457.8333333334896,3974.1342122136607
457.866666666823,4911.85252480714
457.9000000001564,5687.833588364735
457.9333333334897,6161.405807254159
457.9666666668231,6312.501428085868
458.0000000001564,6144.123676981653
458.0333333334898,5659.291280940415
458.0666666668232,4893.868822664432
458.1000000001565,3985.899601858755
458.1333333334899,3093.238656707183
458.1666666668232,2373.71977503626
458.2000000001566,1933.5897998306384
458.23333333349,1716.698211645058
458.2666666668233,1635.019078438876
458.3000000001567,1600.534216809692
458.33333333349,1546.6184228904756
458.3666666668234,1474.7165773648574
458.4000000001568,1399.7820657363498
458.4333333334901,1336.7667075117174
458.4666666668234,1295.7485879723456
458.5000000001568,1271.1499305192008
458.5333333334902,1254.2556067376477
458.5666666668236,1236.3512633856742
458.6000000001569,1211.413787985849
458.6333333334903,1182.1373302465015
458.6666666668236,1152.9778700877278
458.700000000157,1128.3910771136648
458.7333333334904,1111.6452115452903
458.7666666668237,1102.1348776563789
458.800000000157,1098.4660625339595
458.8333333334904,1099.2447579616496
458.8666666668238,1103.096494709477
458.9000000001572,1108.7109237337577
458.9333333334905,1114.7908290414398
458.9666666668239,1120.0389586907884
459.0000000001572,1122.9978919088403
459.0333333334906,1121.6821021549747
459.066666666824,1113.9973746733708
459.1000000001573,1097.8497576648952
459.13333333349067,1072.3797053824976
459.166666666824,1040.8120709103985
459.2000000001574,1007.2153254809846
459.2333333334908,975.6577116663608
459.2666666668241,949.095978088174
459.3000000001575,926.80065792109
459.3333333334908,907.2791156726294
459.3666666668242,889.0388432077132
459.4000000001576,871.2168996593911
459.4333333334909,855.0405789151717
459.46666666682427,842.1704092274815
459.5000000001576,834.2666613625454
459.533333333491,831.7187933307649
459.5666666668244,830.6974596416661
459.6000000001577,826.4989933747698
459.6333333334911,814.4205835405392
459.6666666668244,793.9003347124454
459.7000000001578,778.1052060975095
459.7333333334912,783.0435803655138
459.7666666668245,824.7225293249533
459.80000000015787,913.0433650791992
459.8333333334912,1037.715214200292
459.8666666668246,1184.2787937779906
459.900000000158,1338.2743527576072
459.9333333334913,1483.1786149016905
459.9666666668247,1595.6694631492333
460.000000000158,1651.0265702899972
460.0333333334914,1624.533022755576
460.0666666668248,1505.4830695997869
460.1000000001581,1329.1073714082324
460.13333333349146,1140.0361965412865
460.1666666668248,982.8967651820514
460.2000000001582,890.8383286516138
460.23333333349154,859.6091755284717
460.2666666668249,877.3523294524227
460.3000000001583,932.2091006668692
460.3333333334916,1006.4805459787935
460.366666666825,1063.5764015762963
460.4000000001584,1063.093677087076
460.4333333334917,964.6446681136188
460.46666666682506,774.4517222975921
460.5000000001584,648.2238256872488
460.5333333334918,771.5774027541181
460.56666666682514,1330.0856292783612
460.6000000001585,2392.5505267225853
460.6333333334919,3656.895912714456
460.6666666668252,4747.582041528032
460.7000000001586,5289.130149437029
460.733333333492,5050.604250114639
460.7666666668253,4255.164349108699
460.80000000015866,3214.9132649561498
460.833333333492,2241.913643255304
460.8666666668254,1565.2274160994757
460.90000000015874,1156.300224071432
460.9333333334921,936.7448568934976
460.9666666668255,828.1821823356602
461.0000000001588,766.6992333164585
461.0333333334922,732.6900336301403
461.0666666668256,715.0023348850106
461.1000000001589,702.4858574336027
461.13333333349226,687.0329808563444
461.1666666668256,669.7213004273275
461.200000000159,653.3548479360069
461.23333333349234,640.7368460675481
461.2666666668257,633.5947452264311
461.3000000001591,630.4588196660085
461.3333333334924,629.2681067256336
461.3666666668258,627.9624370291098
461.4000000001592,625.387143967505
461.4333333334925,623.0338822167736
461.46666666682586,622.8751635736786
461.5000000001592,626.8829806500544
461.5333333334926,636.5211410289144
461.56666666682594,651.7947004747485
461.6000000001593,672.4485946527017
461.6333333334927,698.2256729339042
461.666666666826,727.1183174459322
461.7000000001594,752.1891638229988
461.7333333334928,765.639315120745
461.7666666668261,759.6783833364033
461.80000000015946,732.6376089029696
461.8333333334928,699.7431995382602
461.8666666668262,679.1113044405622
461.90000000015954,688.840784207914
461.9333333334929,736.3560334985992
461.9666666668263,800.2431365690414
462.0000000001596,854.2663732676316
462.033333333493,872.2140869885931
462.0666666668264,840.6427830944457
462.1000000001597,779.8379927214244
462.13333333349306,715.5903800110295
462.1666666668264,673.6663258475868
462.2000000001598,668.7401083638025
462.23333333349314,686.8663236532363
462.2666666668265,709.5459050211617
462.3000000001599,718.2995636097405
462.3333333334932,702.4411966978703
462.3666666668266,670.9034223280332
462.40000000015993,635.6576235986622
462.4333333334933,608.6627355722095
462.46666666682665,597.6367316077415
462.50000000016,599.8921670484254
462.5333333334934,611.1748318459424
462.56666666682673,627.236719949568
462.6000000001601,645.6618970353279
462.6333333334935,668.4108362644654
462.6666666668268,698.0836804327612
462.7000000001602,737.2641053816611
462.73333333349353,784.3097576206708
462.7666666668269,827.760030735371
462.80000000016025,854.7633165311677
462.8333333334936,852.5026099569902
462.866666666827,815.8995895363878
462.90000000016033,757.344100315767
462.9333333334937,691.6211936873884
462.9666666668271,633.4891008386232
463.0000000001604,592.4645305679901
463.0333333334938,566.5806991150862
463.06666666682713,552.3492201456443
463.1000000001605,546.283483031593
463.13333333349385,545.2009911604955
463.1666666668272,546.5652778449742
463.20000000016057,547.9224653119983
463.23333333349393,546.8278749685956
463.2666666668273,542.2213964372004
463.3000000001607,535.8919615464553
463.333333333494,529.9793336287895
463.36666666682737,526.6163512796076
463.40000000016073,527.017323619719
463.4333333334941,530.5675346392305
463.46666666682745,536.4356902309772
463.5000000001608,543.7909615356058
463.53333333349417,551.8570591215671
463.56666666682753,559.9626858983669
463.6000000001609,567.4484787535056
463.6333333334943,573.6649248559964
463.6666666668276,578.9858141217504
463.70000000016097,585.6875663828806
463.73333333349433,596.2538169021954
463.7666666668277,613.1398504573342
463.80000000016105,636.1838900823589
463.8333333334944,660.5289630099029
463.86666666682777,680.8290667271091
463.9000000001611,691.7696866112689
463.9333333334945,690.6259246597823
463.9666666668279,679.1516073851759
464.0000000001612,659.5457924718501
464.03333333349457,634.0140250582751
464.0666666668279,605.2384058207008
464.1000000001613,576.6948217566934
464.13333333349465,551.9343183464546
464.166666666828,534.4718275605925
464.20000000016137,525.4469135764216
464.2333333334947,522.1921131559994
464.2666666668281,521.6973927755532
464.3000000001615,520.9832622462569
464.3333333334948,518.8734063442965
464.36666666682817,516.9696416209953
464.4000000001615,517.1108121220473
464.4333333334949,521.093389274108
464.46666666682825,528.4634050189769
464.5000000001616,535.4369469054177
464.53333333349497,537.9613836012478
464.5666666668283,532.0652253261458
464.6000000001617,517.6624846868626
464.6333333334951,500.1836971040499
464.6666666668284,485.47935783890966
464.70000000016177,479.3030446575496
464.7333333334951,483.21510148097656
464.7666666668285,493.0688719788463
464.8000000001618,504.3089841361625
464.8333333334952,512.4446601728745
464.86666666682856,515.515376934233
464.9000000001619,514.8586253854645
464.9333333334953,512.033430860516
464.96666666682864,508.58127257033794
465.000000000162,505.42016099624345
465.03333333349536,502.6905767717933
465.0666666668287,500.48417041976046
465.1000000001621,498.89238716275565
465.1333333334954,498.0000426741749
465.1666666668288,497.8840498527739
465.20000000016216,498.62085918591663
465.2333333334955,500.26234651144455
465.2666666668289,502.1379506786424
465.30000000016224,502.7547524328104
465.3333333334956,500.575168454208
465.36666666682896,494.1963553002926
465.4000000001623,485.82742178950105
465.4333333334957,481.59969970435327
465.466666666829,487.84144698711646
465.5000000001624,510.5187029108334
465.53333333349576,546.7295461514458
465.5666666668291,584.3951273279692
465.6000000001625,611.012562176927
465.63333333349584,614.5901795357171
465.6666666668292,594.5833815651537
465.70000000016256,561.7245789468891
465.7333333334959,527.2233801140683
465.7666666668293,501.921044768884
465.8000000001626,489.1047376910839
465.833333333496,484.98481913257706
465.86666666682936,485.49888618340174
465.9000000001627,486.7056252393675
465.9333333334961,486.94096783137655
465.96666666682944,486.5672886011601
466.0000000001628,486.0176769049747
466.03333333349616,485.73173096777697
466.0666666668295,486.2614315877742
466.1000000001629,488.25364319322506
466.1333333334962,492.3582078323784
466.1666666668296,499.1546758793588
466.20000000016296,508.10713702255066
466.2333333334963,517.787211341857
466.2666666668297,526.7415220386882
466.30000000016304,533.5561038319898
466.3333333334964,537.3923737395518
466.36666666682976,537.8474623060188
466.4000000001631,534.5292990999166
466.4333333334965,527.2521888241938
466.4666666668298,518.6047657638428
466.5000000001632,513.1615023699707
466.53333333349656,515.5400001975568
466.5666666668299,529.8962771376847
466.6000000001633,554.6681315007905
466.63333333349664,584.4297001245294
466.66666666683,613.6824120309063
466.70000000016336,637.1800821453743
466.7333333334967,652.5597936434195
466.7666666668301,659.2949997636956
466.8000000001634,656.8887080551053
466.8333333334968,645.1598967046882
466.86666666683016,627.2582235616192
466.9000000001635,608.3299911205843
466.9333333334969,593.5485648836288
466.96666666683024,587.7387573881156
467.0000000001636,592.3335547444918
467.03333333349696,606.8551232066325
467.0666666668303,630.8042104166707
467.1000000001637,664.1129665234997
467.133333333497,710.5905210076315
467.1666666668304,776.0952368434217
467.20000000016375,866.5040600467373
467.2333333334971,984.7004549591776
467.2666666668305,1108.7163031499572
467.30000000016383,1204.280099454929
467.3333333334972,1237.032474637966
467.36666666683055,1178.7582197956517
467.4000000001639,1048.3701151552143
467.4333333334973,886.5956802285754
467.4666666668306,734.2810612083657
467.500000000164,627.3201804464643
467.53333333349735,566.5093615175829
467.5666666668307,537.4833365776414
467.6000000001641,525.8167065882552
467.63333333349743,518.5484554148867
467.6666666668308,512.3063048214012
467.70000000016415,507.5762358348167
467.7333333334975,504.854771637021
467.7666666668309,504.312902776237
467.8000000001642,504.15262805225865
467.8333333334976,501.8394368304542
467.86666666683095,494.8375365754968
467.9000000001643,481.899145811666
467.93333333349767,468.9703901815364
467.96666666683103,464.4938846174947
468.0000000001644,476.9147135297199
468.03333333349775,511.7548935261936
468.0666666668311,559.4679642112138
468.10000000016447,605.6658705624542
468.1333333334978,635.9582844585789
468.1666666668312,639.2860091128185
468.20000000016455,620.428845902605
468.2333333334979,588.8692520475546
468.26666666683127,554.0904417100925
468.30000000016463,524.2127606930898
468.333333333498,501.3842734765171
468.36666666683135,486.1175693084804
468.4000000001647,478.9251954407828
468.43333333349807,479.7051285301945
468.4666666668314,485.8758080000628
468.5000000001648,494.23042938924414
468.53333333349815,501.5622079788903
468.5666666668315,506.0144907184929
468.60000000016487,510.7401143712148
468.63333333349823,520.0535122699588
468.6666666668316,538.2686441943581
468.70000000016495,566.0715959394443
468.7333333334983,591.7801320686945
468.76666666683167,601.0785643919605
468.800000000165,579.6573589360787
468.8333333334984,527.2273008583927
468.86666666683175,487.3946039467245
468.9000000001651,512.3328706473584
468.93333333349847,654.1981310462724
468.9666666668318,947.7588525340866
469.0000000001652,1377.8073117428742
469.03333333349855,1920.2119821517229
469.0666666668319,2550.7792970765427
469.10000000016527,3212.674656538423
469.1333333334986,3762.9487599659
469.166666666832,4044.6165735497534
469.20000000016535,3901.029939667261
469.2333333334987,3282.392592241872
469.26666666683207,2397.639933588337
469.3000000001654,1494.099965375835
469.3333333334988,818.5866972283644
469.36666666683215,510.8853488130797
469.4000000001655,472.93033171007227
469.43333333349887,574.6191663940491
469.4666666668322,686.1838694117081
469.5000000001656,726.4762141367398
469.5333333334989,713.5079381240542
469.5666666668323,677.3732336130159
469.60000000016566,648.0427337534554
469.633333333499,642.3597062035274
469.6666666668324,652.5982921924602
469.70000000016574,668.3349000677199
469.7333333334991,679.245684795124
469.76666666683246,683.0341953141664
469.8000000001658,691.1893573185107
469.8333333334992,716.5580861363935
469.8666666668325,771.8140851569996
469.9000000001659,858.7688989067095
469.93333333349926,962.122100784653
469.9666666668326,1065.0685743701038
470.000000000166,1150.8932414619674
470.03333333349934,1207.3825311979226
470.0666666668327,1228.826350806066
470.10000000016606,1210.0221085758849
470.1333333334994,1146.0481849084008
470.1666666668328,1043.394179827446
470.2000000001661,923.662192130299
470.2333333334995,809.4939103578871
470.26666666683286,723.0975583412885
470.3000000001662,672.1562473876693
470.3333333334996,646.7294821446385
470.36666666683294,635.8163315864467
470.4000000001663,628.602720057508
470.43333333349966,619.5085147694265
470.466666666833,608.7674555566027
470.5000000001664,596.9165252092499
470.5333333334997,584.5005612863038
470.5666666668331,572.2503479814054
470.60000000016646,561.0856016275255
470.6333333334998,551.9344904747734
470.6666666668332,545.6808646055771
470.70000000016654,542.3135927919058
470.7333333334999,540.9906302172518
470.76666666683326,540.8384496068676
470.8000000001666,541.0260633338187
470.8333333335,541.4611388040449
470.8666666668333,542.677191857445
470.9000000001667,545.2275222455055
470.93333333350006,549.562634206786
470.9666666668334,554.587914275773
471.0000000001668,558.015727971506
471.03333333350014,557.5275443005886
471.0666666668335,551.0375101177018
471.10000000016686,539.504609436476
471.1333333335002,526.0267228285144
471.1666666668336,513.746106819594
471.2000000001669,505.5600832861154
471.2333333335003,501.561979841778
471.26666666683366,500.05647908462953
471.300000000167,499.3193554099448
471.3333333335004,497.7824837892392
471.36666666683374,495.447391869238
471.4000000001671,493.2229104824906
471.43333333350046,492.02889228958816
471.4666666668338,492.65814626073023
471.5000000001672,494.7776575787857
471.5333333335005,497.4661117819013
471.5666666668339,499.79706921255934
471.60000000016726,500.9517041635624
471.6333333335006,500.9538801289929
471.666666666834,500.2245165264175
471.70000000016734,499.1868600764564
471.7333333335007,498.2604690166913
471.76666666683406,497.8393259256488
471.8000000001674,498.30657780344825
471.8333333335008,500.045332632807
471.8666666668341,503.35834444944646
471.9000000001675,508.05427025504974
471.93333333350085,513.7540987056628
471.9666666668342,520.0784569531323
472.0000000001676,527.2802920098645
472.0333333335009,539.06372202669
472.0666666668343,560.3044550421145
472.10000000016765,595.8791553262918
472.133333333501,648.4956884479643
472.1666666668344,710.351387796101
472.2000000001677,770.464004686469
472.2333333335011,817.8506033527472
472.26666666683445,842.7860110813184
472.3000000001678,840.9560480960268
472.3333333335012,809.5013331067764
472.3666666668345,745.5625823314465
472.4000000001679,667.3801395652915
472.43333333350125,673.7068303505459
472.4666666668346,882.4964298532266
472.500000000168,1411.690584705599
472.5333333335013,2298.405057850277
472.5666666668347,3306.3890752024868
472.60000000016805,4141.6557836355205
472.6333333335014,4510.3033617031415
472.6666666668348,4241.363033866394
472.7000000001681,3532.454611159928
472.7333333335015,2649.9875483497017
472.7666666668349,1860.2185170865223
472.8000000001682,1344.5765247164168
472.8333333335016,1058.863761510576
472.8666666668349,921.7833882839622
472.9000000001683,852.1210982401709
472.9333333335017,791.6535821035154
472.966666666835,736.4571492840436
473.0000000001684,690.4444607006503
473.0333333335017,657.5115316393959
473.0666666668351,638.8400730615128
473.1000000001685,629.9139935881599
473.1333333335018,625.4988719225519
473.1666666668352,620.3811843186138
473.2000000001685,611.5507688664134
473.2333333335019,600.1120707577589
473.2666666668353,587.6200810708291
473.3000000001686,575.623094531059
473.333333333502,565.180320492492
473.3666666668353,556.5379053661366
473.4000000001687,549.865208978769
473.4333333335021,545.3248972240724
473.4666666668354,542.7235683491591
473.5000000001688,541.3406352334358
473.5333333335021,540.4129324312587
473.5666666668355,539.1871622737789
473.6000000001689,537.3069814411925
473.6333333335022,534.9395599943584
473.6666666668356,532.2878568183692
473.7000000001689,529.5512978144895
473.7333333335023,526.818654979762
473.7666666668357,524.0487341248617
473.800000000169,521.1929142600248
473.8333333335024,518.2133415704737
473.8666666668357,515.3408022910601
473.9000000001691,513.0869317183236
473.9333333335025,511.9765756383558
473.9666666668358,512.6226932206363
474.0000000001692,517.4217869614292
474.0333333335025,530.4284855746665
474.0666666668359,555.7604059245017
474.1000000001693,596.9199656638202
474.1333333335026,647.1574740027571
474.166666666836,691.2589087401379
474.2000000001693,713.7567245890618
474.2333333335027,700.4562210208495
474.266666666836,654.8349086419249
474.3000000001694,593.3045452502951
474.3333333335028,532.5731086555244
474.3666666668361,488.26985230476487
474.4000000001695,463.42554148146775
474.4333333335029,452.9151072396222
474.4666666668362,451.4762966286001
474.5000000001696,454.0711951178772
474.5333333335029,457.8829394098212
474.5666666668363,461.36300765314985
474.6000000001696,462.97771645454696
474.633333333503,461.4144595141009
474.6666666668364,457.22744721990455
474.7000000001697,451.9083133736502
474.7333333335031,446.95575655592376
474.7666666668365,443.6793666612692
474.8000000001698,442.0203219632097
474.8333333335032,441.3177246663522
474.8666666668365,440.90806992106326
474.9000000001699,440.2032723254413
474.9333333335032,439.0845221393421
474.9666666668366,437.6132115144048
475.00000000017,435.85110494465147
475.0333333335033,433.8468269066371
475.0666666668367,431.5785396454556
475.1000000001701,429.0008868061758
475.1333333335034,426.0684956472324
475.1666666668368,422.8702911993558
475.2000000001701,420.1165276065291
475.2333333335035,418.69701951142696
475.2666666668368,419.50159926895225
475.3000000001702,423.0691895771004
475.3333333335036,428.5381155343522
475.3666666668369,434.6973114499419
475.4000000001703,440.3357217627569
475.4333333335037,444.33446628110863
475.466666666837,445.8918512400002
475.5000000001704,444.2743574315944
475.5333333335037,438.74960131912167
475.5666666668371,430.0800335821114
475.6000000001704,423.46593418527385
475.6333333335038,424.92732439588576
475.6666666668372,440.47636117300186
475.7000000001705,472.65632364305225
475.7333333335039,515.110975277442
475.7666666668373,560.0768269705919
475.8000000001706,599.7968799914524
475.833333333504,627.8633638159207
475.8666666668373,640.8657915207017
475.9000000001707,635.7972176602395
475.933333333504,609.6922902599081
475.9666666668374,564.4814795908927
476.0000000001708,511.5308682615082
476.0333333335041,463.2805386128774
476.0666666668375,432.0714821989064
476.1000000001709,422.84821849623
476.1333333335042,428.16798310120487
476.1666666668376,439.4067799678194
476.2000000001709,448.0259343988569
476.2333333335043,449.8440896388482
476.2666666668376,447.0286304571158
476.300000000171,442.24832157528
476.3333333335044,438.1385877575774
476.3666666668377,436.10563143795935
476.4000000001711,435.9964939361888
476.4333333335045,437.55771723386687
476.4666666668378,440.5224259002701
476.5000000001712,444.25222715214863
476.5333333335045,447.6984807189399
476.5666666668379,449.7913590045552
476.6000000001712,449.5136966151587
476.6333333335046,446.9765197076858
476.666666666838,443.37475508852833
476.7000000001713,439.947129131784
476.7333333335047,437.877685079136
476.766666666838,437.4231291423136
476.8000000001714,438.0660245755142
476.8333333335048,439.2652037846431
476.8666666668381,440.4966660042798
476.9000000001715,441.4709825883016
476.9333333335048,442.06853528267465
476.9666666668382,442.1734950124184
477.0000000001716,441.7028472112334
477.0333333335049,440.9398849843329
477.0666666668383,440.3972236120976
477.1000000001716,440.5909976541682
477.133333333505,441.9760702018444
477.1666666668384,444.4425454180256
477.2000000001717,447.57583513261966
477.2333333335051,450.958387245875
477.2666666668384,454.1572853668781
477.3000000001718,456.62173028107344
477.3333333335052,457.74634366163775
477.3666666668385,456.9254500779708
477.4000000001719,453.7518477546371
477.4333333335052,449.0933638055168
477.4666666668386,444.32201587034217
477.500000000172,440.811067592557
477.5333333335053,439.697629107287
477.5666666668386,440.8436205317629
477.600000000172,443.68248286317726
477.6333333335054,447.6473389745309
477.6666666668388,452.20852251395655
477.7000000001721,457.0056008288719
477.7333333335055,461.726226898117
477.7666666668388,466.0580569421687
477.8000000001722,469.6631374844441
477.8333333335056,472.1053994099525
477.8666666668389,472.9252802413869
477.9000000001722,471.66333330053953
477.9333333335056,468.2429831669688
477.966666666839,463.8232747957593
478.0000000001724,459.81204538557824
478.0333333335057,457.6160584846172
478.0666666668391,457.9396818469706
478.1000000001724,459.574005718077
478.1333333335058,460.98739083750166
478.1666666668392,460.6568601164822
478.2000000001725,459.2023497605164
478.23333333350587,462.1850176339509
478.2666666668392,475.86013891475886
478.3000000001726,506.4270951418194
478.333333333506,553.1227148091556
478.3666666668393,601.5529033533927
478.4000000001727,635.7421951522732
478.433333333506,639.8755509561562
478.4666666668394,609.9386055005892
478.5000000001728,561.582201304269
478.5333333335061,512.3202830035553
478.56666666683947,479.4491220293183
478.6000000001728,469.8170191075219
478.6333333335062,475.424298204913
478.6666666668396,487.1393919764161
478.7000000001729,495.9883155115914
478.7333333335063,498.2762691246979
478.7666666668396,496.7130471938576
478.800000000173,494.393746438891
478.8333333335064,494.3226431090385
478.8666666668397,497.27686410448473
478.90000000017307,501.72674422752567
478.9333333335064,506.0358630956419
478.9666666668398,508.6567912773603
479.0000000001732,509.69601272383096
479.0333333335065,510.7212630026141
479.0666666668399,513.3505509028353
479.1000000001732,519.0425976893966
479.1333333335066,526.95365580844
479.16666666684,534.5080403059048
479.2000000001733,539.0877929887926
479.23333333350666,538.3317725500447
479.26666666684,532.8228056563391
479.3000000001734,525.0235180622434
479.33333333350674,517.426999421143
479.3666666668401,512.3407991528055
479.4000000001735,510.3609520575464
479.4333333335068,511.1595373854338
479.4666666668402,514.3996274878841
479.5000000001736,519.6298115925806
479.5333333335069,525.5397199379585
479.56666666684026,530.4289055654797
479.6000000001736,532.5949697961358
479.633333333507,530.8493536432
479.66666666684034,527.1628826504161
479.7000000001737,524.7063051368925
479.7333333335071,526.6526798571792
479.7666666668404,535.2732133578055
479.8000000001738,548.273728526136
479.8333333335072,561.9188195948782
479.8666666668405,572.4725295414744
479.90000000017386,577.0445074850046
479.9333333335072,576.2757958922012
479.9666666668406,571.7291534422326
480.00000000017394,564.9673265953293
480.0333333335073,557.4150901594319
480.0666666668407,550.021903414982
480.100000000174,543.6349462639017
480.1333333335074,539.1010653662617
480.1666666668408,536.9620420233249
480.2000000001741,536.8910717370654
480.23333333350746,538.4077906606815
480.2666666668408,541.0338335095488
480.3000000001742,544.8478347928672
480.33333333350754,551.2440603330175
480.3666666668409,561.8066634564748
480.4000000001743,578.1010481354434
480.4333333335076,599.314683532886
480.466666666841,619.9567699183644
480.5000000001744,633.9905397024509
480.5333333335077,635.4479409323936
480.56666666684106,623.2227967813494
480.6000000001744,604.203555452652
480.6333333335078,586.0229315191254
480.66666666684114,576.203528416117
480.7000000001745,577.3637970859188
480.7333333335079,585.365282712634
480.7666666668412,595.5768968339246
480.8000000001746,603.4326127426228
480.833333333508,606.3390915046665
480.8666666668413,603.9833351835123
480.90000000017466,596.1793436649156
480.933333333508,583.2319081177595
480.9666666668414,576.1355583476764
481.00000000017474,596.2522907012803
481.0333333335081,665.3704194548436
481.0666666668415,802.6645745139152
481.1000000001748,984.8223480391948
481.1333333335082,1154.0057721248108
481.1666666668416,1251.3770121517668
481.2000000001749,1223.5370070215254
481.23333333350826,1084.9256880984362
481.2666666668416,896.0451338114581
481.300000000175,718.2751489246699
481.33333333350834,607.5781147609262
481.3666666668417,567.0073170623464
481.4000000001751,569.7239180834721
481.4333333335084,588.5509625202986
481.4666666668418,598.9464967942913
481.50000000017513,596.814106066728
481.5333333335085,587.6154667608771
481.56666666684185,576.866466566272
481.6000000001752,569.3530423633946
481.6333333335086,565.3160681473921
481.66666666684193,563.2499943066367
481.7000000001753,561.6456480393155
481.7333333335087,559.4990651383947
481.766666666842,558.3461414754466
481.8000000001754,560.5191901244659
481.83333333350873,568.3508046426482
481.8666666668421,583.112336185634
481.90000000017545,601.7563503143699
481.9333333335088,620.1369424278587
481.9666666668422,634.1084677357834
482.00000000017553,640.6740438016019
482.0333333335089,640.6222911381685
482.0666666668423,635.5204596406388
482.1000000001756,626.935983082
482.133333333509,616.5428817711313
482.16666666684233,606.300498559575
482.2000000001757,598.2154148979182
482.23333333350905,594.2882820070071
482.2666666668424,595.3733567517764
482.30000000017577,599.8195285371131
482.33333333350913,605.6446677308144
482.3666666668425,610.8752466465155
482.4000000001759,614.3300235666886
482.4333333335092,616.2481925232893
482.46666666684257,617.0167646840408
482.50000000017593,617.0215385026247
482.5333333335093,616.5842756359252
482.56666666684265,615.9321973009103
482.600000000176,615.2849195323219
482.63333333350937,614.8691125439309
482.66666666684273,615.1499964091794
482.7000000001761,616.8834822817696
482.7333333335095,620.8430916531935
482.7666666668428,627.7135398007879
482.80000000017617,636.1129320104609
482.83333333350953,642.5793038920093
482.8666666668429,643.559192868574
482.90000000017625,636.0257477824771
482.9333333335096,625.8095669543967
482.96666666684297,626.0971966322509
483.0000000001763,650.2982424237828
483.0333333335097,710.1351310697208
483.0666666668431,796.0994457491225
483.1000000001764,884.1761604080727
483.13333333350977,950.0693671711214
483.1666666668431,971.8950845938912
483.2000000001765,951.0390321401848
483.23333333350985,901.9072590514212
483.2666666668432,839.0486210251781
483.30000000017657,776.1608049738768
483.3333333335099,720.536699001157
483.3666666668433,676.5532659547583
483.4000000001767,648.5727157063784
483.43333333351,639.5913518103808
483.46666666684337,644.4974971455805
483.5000000001767,655.1993545775571
483.5333333335101,663.6005330021086
483.56666666684345,663.4293770034234
483.6000000001768,657.0145023793237
483.63333333351017,649.2159187309236
483.6666666668435,644.8939712841211
483.7000000001769,647.2283283951008
483.7333333335103,653.0964164965292
483.7666666668436,657.8987208285479
483.80000000017696,657.037864072435
483.8333333335103,648.9058841606462
483.8666666668437,640.8270377396402
483.900000000177,641.7866174241457
483.9333333335104,660.7491784846688
483.96666666684376,700.4927423072568
484.0000000001771,748.9881398443532
484.0333333335105,792.0372049734817
484.06666666684384,815.5114180434911
484.1000000001772,813.5050258715416
484.13333333351056,795.9733080187183
484.1666666668439,774.6787819247746
484.2000000001773,761.2693261049393
484.2333333335106,760.3630246297101
484.266666666844,765.5937873086039
484.30000000017736,769.6402890348861
484.3333333335107,765.3298036310449
484.3666666668441,750.9839333790642
484.40000000017744,731.9023710365404
484.4333333335108,713.83548714299
484.46666666684416,702.3522841718803
484.5000000001775,698.5898237957865
484.5333333335109,699.1034988113837
484.5666666668442,700.2373779707185
484.6000000001776,698.5441326625433
484.63333333351096,694.1546693035834
484.6666666668443,690.2085846010742
484.7000000001777,689.9390946627594
484.73333333351104,696.2121165751802
484.7666666668444,707.285225552532
484.80000000017776,718.2738291358427
484.8333333335111,724.2328187365226
484.8666666668445,720.9166894857577
484.9000000001778,710.6853807621325
484.9333333335112,699.531935965767
484.96666666684456,693.4870849251386
485.0000000001779,697.5574567479005
485.0333333335113,709.3309510538666
485.06666666684464,723.1281783271303
485.100000000178,733.2555363706102
485.13333333351136,735.0517147363871
485.1666666668447,729.6643189728242
485.2000000001781,720.2711894370715
485.2333333335114,710.0522971781269
485.2666666668448,702.0677787867071
485.30000000017816,698.8505689183714
485.3333333335115,702.7886645189856
485.3666666668449,716.2699091256102
485.40000000017824,740.297294608779
485.4333333335116,771.1034368085742
485.46666666684496,803.8945545004569
485.5000000001783,833.8777682747925
485.5333333335117,856.8249046529338
485.566666666845,870.0364933517437
485.6000000001784,871.0692186089577
485.63333333351176,857.4972347746387
485.6666666668451,829.9939818046375
485.7000000001785,795.8722419191961
485.73333333351184,763.301930380756
485.7666666668452,740.3999348491192
485.80000000017856,731.0958417534135
485.8333333335119,732.1732372738066
485.8666666668453,739.7174139373664
485.9000000001786,749.8284024259641
485.933333333512,759.2497186324047
485.96666666684536,765.6040528408699
486.0000000001787,766.5774152322502
486.0333333335121,759.9823566043497
486.06666666684544,747.0886080438418
486.1000000001788,732.9572228084045
486.13333333351216,722.8428015244187
486.1666666668455,721.7300464550856
486.2000000001789,729.6180167623767
486.2333333335122,742.1171885400075
486.2666666668456,754.6881609122954
486.30000000017895,763.0647111901114
486.3333333335123,766.5712467616594
486.3666666668457,767.0622854516982
486.40000000017903,766.4452375860246
486.4333333335124,766.4833674389968
486.46666666684575,767.544595390851
486.5000000001791,769.2140230890507
486.5333333335125,771.068093148473
486.5666666668458,773.0359381170887
486.6000000001792,777.6194763260103
486.63333333351255,788.4606567055316
486.6666666668459,809.2065308526172
486.7000000001793,842.2687947255118
486.73333333351263,883.1698440687018
486.766666666846,925.0447582097488
486.80000000017935,961.0262837339676
486.8333333335127,985.7199021375848
486.8666666668461,1000.0554284274496
486.9000000001794,1006.6599634883182
486.9333333335128,1008.1609201029706
486.96666666684615,1008.5746447097928
487.0000000001795,1016.5183127144754
487.03333333351287,1041.5604649123757
487.06666666684623,1093.2505518159182
487.1000000001796,1172.6600959965886
487.13333333351295,1259.0860127742308
487.1666666668463,1328.3778941837566
487.20000000017967,1356.482680598666
487.233333333513,1332.6654358612077
487.2666666668464,1272.9290705822295
487.30000000017975,1196.473815890752
487.3333333335131,1122.450572963677
487.36666666684647,1066.8882300974776
487.40000000017983,1040.8809026011625
487.4333333335132,1055.086829292463
487.46666666684655,1119.6750381541945
487.5000000001799,1227.329558025331
487.53333333351327,1348.8699142723306
487.5666666668466,1453.7367794685256
487.60000000018,1512.4733735106215
487.63333333351335,1520.580108071257
487.6666666668467,1498.293604530176
487.70000000018007,1466.9088340808023
487.73333333351343,1446.5748026022125
487.7666666668468,1439.7912099577209
487.80000000018015,1435.2097294737769
487.8333333335135,1421.1103736839298
487.86666666684687,1386.9936738972622
487.9000000001802,1335.7626202547008
487.9333333335136,1278.6077606424903
487.96666666684695,1226.842492404728
488.0000000001803,1190.5369412600642
488.03333333351367,1169.7226401032842
488.066666666847,1159.5762193658188
488.1000000001804,1155.2426680841072
488.13333333351375,1152.1864248095912
488.1666666668471,1147.8058603720483
488.20000000018047,1140.2233451963248
488.2333333335138,1127.5625169627706
488.2666666668472,1109.8949951211373
488.30000000018055,1096.2285566482512
488.3333333335139,1098.1318740914107
488.36666666684727,1127.173255963511
488.4000000001806,1188.0825835707944
488.433333333514,1261.74454129807
488.46666666684735,1323.8496269932675
488.5000000001807,1350.1092082160235
488.53333333351407,1327.9068583266062
488.5666666668474,1275.7061631874465
488.6000000001808,1217.0871042054227
488.6333333335141,1175.5603956344205
488.6666666668475,1164.3310701025823
488.70000000018086,1175.460092894254
488.7333333335142,1198.413771210084
488.7666666668476,1222.739816988073
488.80000000018094,1243.2597326880243
488.8333333335143,1263.2015945561866
488.86666666684766,1286.5444614800087
488.900000000181,1317.2562387183889
488.9333333335144,1358.9096917646991
488.9666666668477,1414.585487749082
489.0000000001811,1487.3334552649862
489.03333333351446,1579.7413973989214
489.0666666668478,1684.237982974853
489.1000000001812,1783.3458499154929
489.13333333351454,1859.1762414098905
489.1666666668479,1895.1027277316623
489.20000000018126,1893.1116755073544
489.2333333335146,1869.3780810590308
489.266666666848,1840.4339519510995
489.3000000001813,1822.7314500851585
489.3333333335147,1831.893212208182
489.36666666684806,1883.0501098280613
489.4000000001814,1991.3265652180248
489.4333333335148,2168.577392038536
489.46666666684814,2401.9501545176854
489.5000000001815,2667.302531364561
489.53333333351486,2940.434150341872
489.5666666668482,3204.10494702527
489.6000000001816,3480.0773624578487
489.6333333335149,3803.690923267423
489.6666666668483,4210.298940496618
489.70000000018166,4747.642885673003
489.733333333515,5515.423709624669
489.7666666668484,6626.9628827715405
489.80000000018174,8195.549797573525
489.8333333335151,10256.59518963878
489.86666666684846,12600.376831360034
489.9000000001818,14969.064080228256
489.9333333335152,17104.949449828742
489.9666666668485,18786.04424777534
490.0000000001819,19875.387190009835
490.03333333351526,20248.396605459588
490.0666666668486,19781.99167202869
490.100000000182,18497.887526057653
490.13333333351534,16681.116971305764
490.1666666668487,14644.609620280718
490.20000000018206,12698.31083817123
490.2333333335154,11013.972453752822
490.2666666668488,9569.824950774826
490.3000000001821,8329.654176004147
490.3333333335155,7257.820730141391
490.36666666684886,6334.014166767239
490.4000000001822,5554.525547980675
490.4333333335156,4916.475708484471
490.46666666684894,4416.040113988781
490.5000000001823,4033.272402767028
490.53333333351566,3734.7201618309514
490.566666666849,3486.5139097842184
490.6000000001824,3257.086229648779
490.6333333335157,3041.6434870757207
490.6666666668491,2852.6712904614515
490.70000000018246,2702.943497829058
490.7333333335158,2602.755380910812
490.7666666668492,2541.9256132936507
490.80000000018254,2500.176904137559
490.8333333335159,2457.160991157148
490.86666666684926,2396.139003464076
490.9000000001826,2322.08634149629
490.933333333516,2248.060087688071
490.9666666668493,2187.130918561222
491.0000000001827,2149.0618484710194
491.03333333351605,2128.9377693213446
491.0666666668494,2117.7734412661985
491.1000000001828,2106.584223079413
491.1333333335161,2089.558685597672
491.1666666668495,2071.3103445060037
491.20000000018285,2058.5903636663998
491.2333333335162,2058.136212479995
491.2666666668496,2072.053791463188
491.3000000001829,2091.100352273486
491.3333333335163,2104.326874675097
491.36666666684965,2100.8510207243744
491.400000000183,2076.576238114005
491.4333333335164,2039.9458778801747
491.4666666668497,2000.7586845385083
491.5000000001831,1968.7562713248744
491.53333333351645,1951.0074771643704
491.5666666668498,1950.822469967992
491.6000000001832,1971.229161867584
491.6333333335165,2014.9590435158675
491.6666666668499,2076.943835476543
491.70000000018325,2143.7274224615853
491.7333333335166,2201.4394597141923
491.76666666685,2237.5141633530275
491.8000000001833,2260.9975688122145
491.8333333335167,2298.711760803262
491.8666666668501,2378.0070383077355
491.9000000001834,2522.28660487668
491.9333333335168,2710.881228941257
491.9666666668501,2895.5255069225645
492.0000000001835,3027.5303096922203
492.0333333335169,3070.677530861543
492.0666666668502,3086.646889033423
492.1000000001836,3183.34280624787
492.1333333335169,3468.9430307422326
492.1666666668503,4023.188911831696
492.2000000001837,4764.923971713068
492.233333333517,5556.463910516708
492.2666666668504,6260.062527373497
492.3000000001837,6773.703081649075
492.3333333335171,7142.804537815695
492.3666666668505,7450.809728961596
492.4000000001838,7781.148228955652
492.4333333335172,8196.58798831238
492.4666666668505,8697.490995752063
492.5000000001839,9272.483198113569
492.5333333335173,9910.1584805067
492.5666666668506,10592.281958245676
492.600000000184,11285.367270525643
492.6333333335173,11953.862013726426
492.6666666668507,12562.739036724064
492.7000000001841,13115.925029609438
492.7333333335174,13682.441960549972
492.7666666668508,14337.50144042398
492.8000000001841,15154.137332713037
492.8333333335175,16126.144243889885
492.8666666668509,17147.412740770273
492.9000000001842,18105.45298511654
492.9333333335176,18894.226788696444
492.9666666668509,19544.329798147595
493.0000000001843,20216.763884068296
493.0333333335177,21077.73619510957
493.066666666851,22277.74593200661
493.1000000001844,23753.89864433714
493.1333333335177,25289.439529311338
493.1666666668511,26664.21327160094
493.2000000001845,27680.111660126197
493.2333333335178,28342.752426960124
493.2666666668512,28767.88758821708
493.3000000001845,29072.347827203703
493.3333333335179,29350.10320431693
493.3666666668512,29546.297809399428
493.4000000001846,29546.50674703469
493.433333333518,29236.14716775322
493.4666666668513,28522.99003799864
493.5000000001847,27419.264951247715
493.5333333335181,25967.6889889007
493.5666666668514,24210.9857159704
493.6000000001848,22210.113035351624
493.6333333335181,20087.552640445618
493.6666666668515,17978.74868797977
493.7000000001848,16019.02485147598
493.7333333335182,14302.44539415817
493.7666666668516,12821.747897074903
493.8000000001849,11554.39721472419
493.8333333335183,10477.81906158396
493.8666666668517,9565.7133229898
493.900000000185,8785.031932899883
493.9333333335184,8102.015576007518
493.9666666668517,7483.291395896531
494.0000000001851,6911.879861177498
494.0333333335184,6392.925092378657
494.0666666668518,5933.136116650163
494.1000000001852,5538.806993519558
494.1333333335185,5206.50204493037
494.1666666668519,4922.951680147652
494.2000000001853,4674.450505054134
494.2333333335186,4447.828002458356
494.266666666852,4237.706966869419
494.3000000001853,4044.603861530765
494.3333333335187,3869.180777184533
494.366666666852,3711.772476973184
494.4000000001854,3569.5390080635
494.4333333335188,3437.856594436525
494.4666666668521,3312.081631477537
494.5000000001855,3189.0983518034086
494.5333333335189,3076.064750995264
494.5666666668522,2984.3733704262945
494.6000000001856,2925.4299618103487
494.6333333335189,2904.7218995756107
494.6666666668523,2899.5399317917013
494.7000000001856,2878.786816487577
494.733333333519,2811.365677430007
494.7666666668524,2678.99355704446
494.8000000001857,2506.9483053972776
494.8333333335191,2329.7557964870903
494.8666666668525,2181.901340927214
494.9000000001858,2084.271964586596
494.9333333335192,2024.4887489865105
494.9666666668525,1985.1801476002397
495.0000000001859,1949.05381628652
495.0333333335192,1906.0161299088163
495.0666666668526,1858.8263627691856
495.100000000186,1811.574366452159
495.1333333335193,1768.2961616095574
495.1666666668527,1730.8676067138103
495.2000000001861,1698.3187558031384
495.2333333335194,1669.4854286760096
495.2666666668528,1643.2141544589265
495.3000000001861,1618.5877183175269
495.3333333335195,1594.9197049309885
495.3666666668528,1571.533316814613
495.4000000001862,1547.863323380328
495.4333333335196,1524.8667943362673
495.4666666668529,1504.6017292312752
495.5000000001863,1489.15063619844
495.5333333335197,1481.1194039518814
495.566666666853,1487.842968371058
495.6000000001864,1519.166864455099
495.6333333335197,1584.9597427585184
495.6666666668531,1690.251318293179
495.7000000001864,1809.9556718234332
495.7333333335198,1907.4200816648504
495.7666666668532,1945.9678948945557
495.8000000001865,1899.6831919922247
495.8333333335199,1789.6850481540146
495.8666666668532,1649.9401587197142
495.9000000001866,1514.412539353057
495.93333333352,1411.241858218323
495.9666666668533,1350.5837497739478
496.0000000001867,1339.1336227111933
496.03333333352,1383.5289324148173
496.0666666668534,1478.6950670875556
496.1000000001868,1593.7026766283177
496.1333333335201,1694.1665399337994
496.1666666668535,1745.9953199534175
496.2000000001868,1734.3865713252517
496.2333333335202,1675.428733291337
496.2666666668536,1587.9870844955403
496.3000000001869,1490.7559270463746
496.3333333335203,1397.0881796622343
496.3666666668536,1314.0709595149635
496.400000000187,1248.4340456636207
496.4333333335204,1206.4721207819352
496.4666666668537,1186.7189567052012
496.5000000001871,1181.0218595783108
496.5333333335204,1181.0094251101252
496.5666666668538,1178.9079693977708
496.6000000001872,1173.6695270741536
496.6333333335205,1168.481811221402
496.6666666668538,1166.5986221244689
496.7000000001872,1170.5386994508983
496.7333333335206,1177.295738756449
496.766666666854,1181.3504353804565
496.8000000001873,1177.1708237325
496.8333333335207,1160.6690880482622
496.866666666854,1135.2369595629968
496.9000000001874,1106.6803187695828
496.9333333335208,1080.8061873183162
496.9666666668541,1062.0176143928077
497.0000000001874,1049.648264829591
497.0333333335208,1041.888020571269
497.0666666668542,1036.927389406695
497.1000000001876,1033.215367077058
497.1333333335209,1029.8568986451858
497.1666666668543,1026.0594231057644
497.2000000001876,1021.0347313904712
497.233333333521,1014.4097178256347
497.2666666668544,1006.56354346044
497.3000000001877,997.954721033888
497.33333333352107,989.0359662473948
497.3666666668544,980.029983072213
497.4000000001878,970.8579627076608
497.4333333335212,961.4206698533912
497.4666666668545,951.6062127368136
497.5000000001879,941.0350736437546
497.5333333335212,929.0725342468776
497.5666666668546,915.0737065730688
497.600000000188,898.649097961433
497.6333333335213,882.681083525051
497.66666666685467,872.3162598904794
497.700000000188,872.7464889780182
497.7333333335214,887.5824195474382
497.7666666668548,907.2469737246812
497.8000000001881,915.6089248921006
497.8333333335215,896.4895446518781
497.8666666668548,841.0187051788694
497.9000000001882,781.6092698758647
497.9333333335216,765.1545754297128
497.9666666668549,838.5635938032441
498.00000000018827,1028.69468946183
498.0333333335216,1284.3930074426326
498.066666666855,1535.5328315817042
498.10000000018834,1712.0274898824882
498.1333333335217,1767.740665027018
498.1666666668551,1721.180033456666
498.2000000001884,1601.6509796552402
498.2333333335218,1438.4392748865473
498.2666666668552,1258.6214664635024
498.3000000001885,1085.068943393802
498.33333333352186,940.1816691111262
498.3666666668552,845.9563674234537
498.4000000001886,806.9137085880366
498.43333333352194,803.7723213285076
498.4666666668553,815.5444217232357
498.5000000001887,821.8207875073094
498.533333333522,815.0604010536232
498.5666666668554,800.3513380103159
498.6000000001888,783.3124081356774
498.6333333335221,769.2240114559464
498.66666666685546,758.9060988086534
498.7000000001888,750.0294567366494
498.7333333335222,740.1987224060075
498.76666666685554,728.0207794742455
498.8000000001889,720.5747765800745
498.8333333335223,729.1980265655678
498.8666666668556,765.2600412715271
498.900000000189,837.775318988551
498.9333333335224,942.431873345322
498.9666666668557,1070.2352817496007
499.00000000018906,1212.1859826440375
499.0333333335224,1355.0794002756477
499.0666666668558,1469.4913527079273
499.10000000018914,1522.087547545102
499.1333333335225,1479.574320933452
499.1666666668559,1330.6640808558593
499.2000000001892,1122.3837543426782
499.2333333335226,911.3103106446904
499.266666666856,753.7532411565525
499.3000000001893,678.5606285563225
499.33333333352266,663.6991810599908
499.366666666856,681.6180284095399
499.4000000001894,705.0935904768991
499.43333333352274,719.9791241088056
499.4666666668561,729.322502492301
499.5000000001895,737.3418406049922
499.5333333335228,747.9192516588774
499.5666666668562,758.0153511679266
499.6000000001896,758.0897292255155
499.6333333335229,738.3501721733785
499.66666666685626,691.3965005531879
499.7000000001896,639.0524702480859
499.733333333523,622.691168085477
499.76666666685634,684.0442092553192
499.8000000001897,855.2783996805005
499.8333333335231,1093.7802329487356
499.8666666668564,1321.749154373142
499.9000000001898,1461.1795245950998
499.9333333335232,1451.9723877002918
499.9666666668565,1327.2570652465183
500.00000000018986,1150.406474336974
500.0333333335232,984.808201405111
500.0666666668566,877.9884373337555
500.10000000018994,821.6751423161352
500.1333333335233,795.3329558946691
500.1666666668567,778.4490137090307
500.20000000019,757.3597550767445
500.2333333335234,734.859008090136
500.2666666668568,716.1617965810487
500.3000000001901,706.4210681785029
500.33333333352346,706.174039290843
500.3666666668568,708.2378044225522
500.4000000001902,704.6945344731051
500.43333333352354,688.1508865583698
500.4666666668569,667.7967652294503
500.5000000001903,672.389535009657
500.5333333335236,731.813016901594
500.566666666857,873.0531263933447
500.60000000019033,1073.8790100032631
500.6333333335237,1270.9350639379716
500.66666666685705,1399.6025692630417
500.7000000001904,1402.273646993298
500.7333333335238,1293.384516968439
500.76666666685713,1129.7224547589478
500.8000000001905,968.616289334268
500.8333333335239,860.0588610737586
500.8666666668572,805.423563102165
500.9000000001906,786.3051402143534
500.93333333352393,784.2408827127067
500.9666666668573,783.486325322555
501.00000000019065,780.2753527489842
501.033333333524,774.1403077856883
501.0666666668574,764.6158505482805
501.10000000019073,754.0521457294229
501.1333333335241,753.1258154678064
501.1666666668575,774.0453455235099
501.2000000001908,828.9525254803837
501.2333333335242,920.6669246545638
501.26666666685753,1033.18716941397
501.3000000001909,1148.2461132708752
501.33333333352425,1247.699830236317
501.3666666668576,1319.1421693009563
501.40000000019097,1358.2203831987892
501.43333333352433,1361.184822085228
501.4666666668577,1324.7032297150315
501.5000000001911,1254.7849550805226
501.5333333335244,1166.6395871612726
501.56666666685777,1075.8658334252948
501.60000000019113,997.2358056840826
501.6333333335245,934.9773268413028
501.66666666685785,886.0433750230786
501.7000000001912,847.2425916469186
501.73333333352457,816.1839609581165
501.76666666685793,796.8378985010195
501.8000000001913,796.2105853974651
501.8333333335247,821.3269534527401
501.866666666858,875.2311411547438
501.90000000019137,940.3354519591225
501.93333333352473,992.3883846739244
501.9666666668581,1007.1363515147088
502.00000000019145,971.0995677312724
502.0333333335248,907.8011914083114
502.06666666685817,848.7022020518748
502.1000000001915,825.1966834657348
502.1333333335249,852.1373095646794
502.1666666668583,906.2385555842504
502.2000000001916,958.8580265379172
502.23333333352497,981.6511496261854
502.2666666668583,965.106833771178
502.3000000001917,929.4741958875962
502.33333333352505,897.6299651530749
502.3666666668584,891.7357013461304
502.40000000019177,914.386507718993
502.4333333335251,946.7042967628988
502.4666666668585,968.713430739502
502.5000000001919,961.6791273820556
502.5333333335252,925.2109543983024
502.56666666685857,872.9270450386247
502.6000000001919,818.7994173155855
502.6333333335253,775.5842924451988
502.66666666685865,745.1750503911381
502.700000000192,723.7505157474918
502.73333333352537,707.4385414747873
502.7666666668587,692.9757102417368
502.8000000001921,680.5804820059124
502.8333333335255,671.7072297405582
502.8666666668588,667.8117874482095
502.90000000019216,669.5314475746862
502.9333333335255,674.4358858536101
502.9666666668589,679.3762923038141
503.0000000001922,681.2078937060297
503.0333333335256,678.2554623879192
503.06666666685896,672.4925203452128
503.1000000001923,666.449245806498
503.1333333335257,662.6291721602898
503.16666666685904,661.5242202086508
503.2000000001924,660.2443845353296
503.23333333352576,655.575546153301
503.2666666668591,644.5069661248566
503.3000000001925,630.1987523293436
503.3333333335258,622.9467105327069
503.3666666668592,633.4442743165741
503.40000000019256,671.6992178034346
503.4333333335259,736.8736967087879
503.4666666668593,819.470581523085
503.50000000019264,909.751308943616
503.533333333526,997.7930515045252
503.56666666685936,1071.9476354883311
503.6000000001927,1119.624212728182
503.6333333335261,1128.2223691415572
503.6666666668594,1089.25807225363
503.7000000001928,1018.5883893565152
503.73333333352616,940.9849543806164
503.7666666668595,881.2327777835158
503.8000000001929,857.2782259391024
503.83333333352624,860.8387737890305
503.8666666668596,877.3446058106605
503.90000000019296,892.2363012059931
503.9333333335263,895.0374887051678
503.9666666668597,885.5450024424902
504.000000000193,865.1459641274151
504.0333333335264,835.2439226353633
504.06666666685976,798.4984134414182
504.1000000001931,759.6895292158177
504.1333333335265,723.8017164426363
504.16666666685984,695.714011280996
504.2000000001932,677.1323507360397
504.23333333352656,666.1077868643799
504.2666666668599,660.4890002786269
504.3000000001933,658.1338383525937
504.3333333335266,657.0424993887887
504.36666666686,655.3274797845452
504.40000000019336,651.104325976829
504.4333333335267,642.725135583887
504.4666666668601,630.7002589817911
504.50000000019344,616.6948988701783
504.5333333335268,602.3851823720403
504.56666666686016,589.2887118471772
504.6000000001935,578.0161477965831
504.6333333335269,568.8561608884751
504.6666666668602,562.0970378059308
504.7000000001936,557.9925766516185
504.73333333352696,556.6696548890922
504.7666666668603,558.2259608656408
504.8000000001937,562.7572763045283
504.83333333352704,569.7847984000668
504.8666666668604,577.451816371133
504.90000000019376,583.6993435228388
504.9333333335271,586.4937246406445
504.9666666668605,585.4601082519682
505.0000000001938,582.8780148657854
505.0333333335272,581.2653101862422
505.06666666686056,583.0543317600875
505.1000000001939,588.390131882915
505.1333333335273,594.9370791976363
505.16666666686064,600.2352546062924
505.200000000194,602.2320073076022
505.23333333352736,604.5808470777755
505.2666666668607,615.1376493237093
505.3000000001941,641.855948765428
505.3333333335274,690.8172536890206
505.3666666668608,752.6076273511907
505.40000000019415,810.1607389490223
505.4333333335275,846.3561269034274
505.4666666668609,847.9395740086295
505.50000000019423,821.6995729976887
505.5333333335276,780.8995697811341
505.56666666686095,738.8056041893541
505.6000000001943,705.6618476175227
505.6333333335277,681.7039338979584
505.666666666861,665.0982073078069
505.7000000001944,654.0092660024171
505.73333333352775,646.2855893404796
505.7666666668611,639.0952161955086
505.8000000001945,629.5178513042233
505.83333333352783,614.6895314165743
505.8666666668612,594.5040296310641
505.90000000019455,572.8057444982481
505.9333333335279,553.7436904338234
505.9666666668613,541.3101263756195
506.0000000001946,536.1105655165703
506.033333333528,535.4809597556398
506.06666666686135,536.6239515148252
506.1000000001947,536.9347238642531
506.13333333352807,536.0645214613548
506.16666666686143,535.1285982705433
506.2000000001948,535.2669925014307
506.23333333352815,537.9654702295384
506.2666666668615,547.1382440901325
506.30000000019487,567.7402903061784
506.3333333335282,604.7305551084465
506.3666666668616,659.505031480483
506.40000000019495,717.7613865630535
506.4333333335283,760.8751122398647
506.46666666686167,770.2328320120002
506.50000000019503,736.3106349207657
506.5333333335284,675.0551241336965
506.56666666686175,606.8406853650819
506.6000000001951,551.9477776212534
506.63333333352847,521.4983487982312
506.6666666668618,509.9053814522684
506.7000000001952,509.80448949576015
506.73333333352855,513.9181960826091
506.7666666668619,517.8801862688497
506.80000000019527,520.8556778333187
506.8333333335286,522.2223252438068
506.866666666862,521.4255542412529
506.90000000019535,519.0110764205251
506.9333333335287,516.4179927759693
506.96666666686207,515.1112326377073
507.0000000001954,516.3568858320642
507.0333333335288,519.5934906186238
507.06666666686215,523.2758682542053
507.1000000001955,525.8493448209515
507.13333333352887,525.981567660238
507.1666666668622,523.5864535641701
507.2000000001956,519.0119142247032
507.23333333352895,512.6063190601152
507.2666666668623,504.93889277827503
507.30000000019567,497.3549421551261
507.333333333529,491.3701512866184
507.3666666668624,488.49542128925503
507.40000000019575,489.2103363386126
507.4333333335291,491.6849092626244
507.46666666686247,493.7753206895858
507.5000000001958,493.3616508585771
507.5333333335292,489.5613484618078
507.56666666686255,483.3045428796053
507.6000000001959,475.6656100368972
507.63333333352927,467.7354368256643
507.6666666668626,460.96605677674006
507.700000000196,457.16060640259707
507.7333333335293,458.136723950383
507.7666666668627,465.4427222866102
507.80000000019606,477.5059402913256
507.8333333335294,490.7448920663478
507.8666666668628,501.5448221328742
507.90000000019614,506.7703956358541
507.9333333335295,506.5612444004376
507.96666666686286,502.426082347853
508.0000000001962,495.8782262516875
508.0333333335296,488.2939330366207
508.0666666668629,480.4713722573799
508.1000000001963,473.056327816628
508.13333333352966,466.69409932879785
508.166666666863,461.772779236728
508.2000000001964,458.0007397558837
508.23333333352974,454.9753642466806
508.2666666668631,452.2969037108939
508.30000000019646,449.789483082381
508.3333333335298,447.657846340123
508.3666666668632,446.14374943426327
508.4000000001965,445.4942686007667
508.4333333335299,446.1069638143029
508.46666666686326,448.5473857872683
508.5000000001966,453.3899202172101
508.53333333353,461.084167769855
508.56666666686334,470.3342146283601
508.6000000001967,478.5600621262079
508.63333333353006,483.1519477590336
508.6666666668634,481.9128694864345
508.7000000001968,475.9316479527109
508.7333333335301,467.8671961079082
508.7666666668635,460.3881763980276
508.80000000019686,455.7774216979068
508.8333333335302,454.4543689191755
508.8666666668636,456.2766547576046
508.90000000019694,461.1015627400496
508.9333333335303,468.4532023906487
508.96666666686366,476.8599894757039
509.000000000197,484.6651442663114
509.0333333335304,490.2192591391169
509.0666666668637,492.6887207931693
509.1000000001971,492.7848794649153
509.13333333353046,491.3912098885741
509.1666666668638,489.3845699284956
509.2000000001972,487.41357836453614
509.23333333353054,485.8461233680675
509.2666666668639,485.03283671668805
509.30000000019726,485.2843244263681
509.3333333335306,486.26960349444926
509.366666666864,487.1410103092397
509.4000000001973,487.03620489678895
509.4333333335307,485.17262949866847
509.46666666686406,481.47306786670686
509.5000000001974,476.2281699678682
509.5333333335308,469.7317687783375
509.56666666686414,462.3798426988548
509.6000000001975,455.10712755828166
509.63333333353086,449.0253413498126
509.6666666668642,445.246144082855
509.7000000001976,444.3351089600601
509.7333333335309,445.0939091727595
509.7666666668643,445.9687383638399
509.80000000019766,445.41112052782336
509.833333333531,442.6213721428491
509.8666666668644,438.3135579547618
509.90000000019774,433.3842621891472
509.9333333335311,428.7236011270691
509.96666666686446,424.9698137055205
510.0000000001978,422.4336888257386
510.0333333335312,421.4041059384908
510.0666666668645,422.13405778847874
510.1000000001979,424.2558991750944
510.13333333353125,426.8774481531339
510.1666666668646,429.0900269960293
510.200000000198,430.09392279535535
510.2333333335313,430.1053715458759
510.2666666668647,429.8937995971857
510.30000000019805,430.2341835187341
510.3333333335314,431.7960885307424
510.3666666668648,434.6704309963242
510.4000000001981,438.7506065093504
510.4333333335315,443.9297754926393
510.46666666686485,449.7581878227047
510.5000000001982,454.6436818534869
510.5333333335316,456.75648542922
510.5666666668649,454.2752545796979
510.6000000001983,446.66638816766886
510.63333333353165,436.0561618359796
510.666666666865,424.8998626900232
510.7000000001984,415.6223497153245
510.7333333335317,409.4269372869211
510.7666666668651,405.9073803789772
510.80000000019845,404.5475471471751
510.8333333335318,404.8197816706061
510.8666666668652,405.99507340168685
510.9000000001985,407.17314284144095
510.9333333335319,407.4482529926203
510.9666666668653,406.0279626085148
511.0000000001986,403.1753686644778
511.033333333532,399.72796989747854
511.0666666668653,396.5290165493102
511.1000000001987,394.4030344029583
511.1333333335321,394.0726649907642
511.1666666668654,396.22606396757135
511.2000000001988,401.55115302240097
511.2333333335321,409.893337322022
511.2666666668655,418.3369997480798
511.3000000001989,423.4018108677346
511.3333333335322,421.6251902117132
511.3666666668656,412.0261259575277
511.4000000001989,398.634134407212
511.4333333335323,386.0819862853144
511.4666666668657,378.9155127695643
511.500000000199,378.4077689411872
511.5333333335324,381.6412430768878
511.5666666668657,385.4244024390172
511.6000000001991,386.6993077653109
511.6333333335325,384.6144138000134
511.6666666668658,380.1294306420421
511.7000000001992,374.2576681371905
511.7333333335325,368.1304093893105
511.7666666668659,363.9195413476525
511.8000000001993,364.33865745583694
511.8333333335326,372.10600735778274
511.866666666866,388.7957387282362
511.9000000001993,410.10464812181255
511.9333333335327,429.8474757809694
511.9666666668661,441.8393123755751
512.0000000001994,442.1386327554801
512.0333333335327,433.7024320431983
512.066666666866,420.80938286403193
512.1000000001993,407.7276642806633
512.1333333335326,397.5744930189165
512.1666666668659,391.292933221997
512.2000000001992,389.5845855886848
512.2333333335325,393.10295417746886
512.2666666668658,400.9453965595573
512.3000000001991,410.3525309303192
512.3333333335324,418.4561718385176
512.3666666668657,422.5436904873544
512.400000000199,422.18368994174335
512.4333333335323,418.6774589984872
512.4666666668656,413.3695256373992
512.500000000199,407.5882672956935
512.5333333335323,402.5339976024403
512.5666666668656,399.3460407223628
512.6000000001989,399.1633472300816
512.6333333335322,402.6377267677103
512.6666666668655,408.16920169125046
512.7000000001988,413.5076040031724
512.7333333335321,416.4040587358507
512.7666666668654,415.5741076943733
512.8000000001987,412.3908046573941
512.833333333532,408.6810230323924
512.8666666668653,406.2594991794048
512.9000000001986,406.00489846155455
512.9333333335319,407.2108612584103
512.9666666668652,409.01770486382907
513.0000000001985,410.5888770667716
513.0333333335318,411.6869193907057
513.0666666668651,412.713295886133
513.1000000001984,414.1005772038019
513.1333333335317,416.24284173656633
513.166666666865,419.0597649728083
513.2000000001983,422.1516632832369
513.2333333335316,425.1129000008467
513.2666666668649,427.5331662050584
513.3000000001982,428.9704203124143
513.3333333335315,428.9694236887242
513.3666666668648,427.0748945280061
513.4000000001981,423.18613117433085
513.4333333335314,418.6087933854908
513.4666666668647,414.9971666430176
513.500000000198,414.0017074396201
513.5333333335313,416.2025038522088
513.5666666668646,419.64993343957656
513.600000000198,422.0290124605404
513.6333333335313,421.07428729412425
513.6666666668646,417.04720983531166
513.7000000001979,413.88952105970617
513.7333333335312,415.8334407776729
513.7666666668645,426.85214472184265
513.8000000001978,445.821612138884
513.8333333335311,466.9574261247144
513.8666666668644,484.30370563162654
513.9000000001977,492.4331375857562
513.933333333531,491.1450702647476
513.9666666668643,483.2206983864944
514.0000000001976,471.47599706190033
514.0333333335309,458.5982887669603
514.0666666668642,446.5594220480857
514.1000000001975,437.0839713281717
514.1333333335308,431.8960368378332
514.1666666668641,431.8660269674205
514.2000000001974,435.0923982937633
514.2333333335307,439.1119772360405
514.266666666864,441.4757410359255
514.3000000001973,441.4595041512004
514.3333333335306,441.6957632405082
514.3666666668639,445.2036258871927
514.4000000001972,454.8966721250167
514.4333333335305,470.2125098659113
514.4666666668638,486.4055927432821
514.5000000001971,498.48188809215713
514.5333333335304,501.8059647122459
514.5666666668637,496.9131462955707
514.600000000197,488.2217879684456
514.6333333335303,480.244661072733
514.6666666668636,476.8468287267129
514.700000000197,476.9521065157131
514.7333333335303,477.2077841399909
514.7666666668636,474.2490190109047
514.8000000001969,465.7836874181468
514.8333333335302,454.1959003660085
514.8666666668635,443.14366500200026
514.9000000001968,436.2818123324029
514.9333333335301,435.9065656712473
514.9666666668634,440.85119823646505
515.0000000001967,449.4052663367541
515.03333333353,459.8628781805377
515.0666666668633,470.78786823957057
515.1000000001966,481.16021030255945
515.1333333335299,489.99544972168593
515.1666666668632,496.33987443640166
515.2000000001965,499.8916555022404
515.2333333335298,500.97158150559954
515.2666666668631,499.9253266316316
515.3000000001964,497.1429794332308
515.3333333335297,493.4722037652104
515.366666666863,490.0301805321043
515.4000000001963,487.9375575594026
515.4333333335296,488.27937046770734
515.4666666668629,491.9383800167609
515.5000000001962,499.72602322476746
515.5333333335295,512.4534288876412
515.5666666668628,530.0462537540644
515.6000000001961,549.5382414624634
515.6333333335294,567.37370779234
515.6666666668627,580.0306502837011
515.700000000196,587.9742340285396
515.7333333335293,599.3662394659468
515.7666666668626,623.2462068009705
515.800000000196,668.3843463593367
515.8333333335293,735.0513203535425
515.8666666668626,813.4979675283074
515.9000000001959,893.3991584688513
515.9333333335292,964.5856618624042
515.9666666668625,1019.0274204834428
516.0000000001958,1050.2474333668688
516.0333333335291,1051.8035936129884
516.0666666668624,1019.0531130750536
516.1000000001957,960.3196973819796
516.133333333529,889.6114077049969
516.1666666668623,820.9605011118705
516.2000000001956,765.5913889474302
516.2333333335289,723.29321512208
516.2666666668622,690.9444136719776
516.3000000001955,665.4237871492045
516.3333333335288,643.7118238574797
516.3666666668621,623.0286413456876
516.4000000001954,600.6288541702222
516.4333333335287,573.9147346111776
516.466666666862,547.3019859129723
516.5000000001953,535.1307667689307
516.5333333335286,552.4931858359438
516.5666666668619,613.2463322341493
516.6000000001952,709.0284596960465
516.6333333335285,812.2336326446263
516.6666666668618,894.6196806208727
516.7000000001951,930.9248542412572
516.7333333335284,922.4463644281598
516.7666666668617,884.4230320992846
516.800000000195,832.2170951719104
516.8333333335283,779.0454524118185
516.8666666668616,727.5743721688796
516.900000000195,677.2321410741303
516.9333333335283,627.4505078221348
516.9666666668616,581.1477729273555
517.0000000001949,551.0116416772529
517.0333333335282,551.4280147813016
517.0666666668615,596.64759895022
517.1000000001948,691.2138585098427
517.1333333335281,823.6268867173815
517.1666666668614,980.8831977902504
517.2000000001947,1149.6180068659255
517.233333333528,1308.1214274261215
517.2666666668613,1426.3188560331191
517.3000000001946,1473.770467109746
517.3333333335279,1424.3947901205795
517.3666666668612,1298.837137226255
517.4000000001945,1146.118334887274
517.4333333335278,1015.6585841066956
517.4666666668611,948.1932541081214
517.5000000001944,934.4949878026088
517.5333333335277,947.505325935066
517.566666666861,960.1457321154757
517.6000000001943,952.31921683227
517.6333333335276,926.5269565580876
517.6666666668609,889.8341119399317
517.7000000001942,849.281370095885
517.7333333335275,809.2827627530154
517.7666666668608,769.3217248334659
517.8000000001941,728.3383228951026
517.8333333335274,685.3751082704796
517.8666666668607,642.4254235958728
517.900000000194,604.8065530451918
517.9333333335273,578.0132275005485
517.9666666668606,566.7232063466133
518.000000000194,565.3975680479601
518.0333333335273,561.547487346306
518.0666666668606,542.5510810388627
518.1000000001939,502.1995387815601
518.1333333335272,476.08226362380447
518.1666666668605,516.5363555137824
518.2000000001938,675.9426500440869
518.2333333335271,977.7037862109584
518.2666666668604,1340.2051264352351
518.3000000001937,1658.0498972182663
518.333333333527,1826.1874338088576
518.3666666668603,1793.0202452282597
518.4000000001936,1617.6583631629512
518.4333333335269,1372.9494111200113
518.4666666668602,1130.8105454730523
518.5000000001935,931.0836916349446
518.5333333335268,774.1701592861201
518.5666666668601,658.0479542831631
518.6000000001934,580.4253151895779
518.6333333335267,535.212575752609
518.66666666686,513.5138610779155
518.7000000001933,506.3675794401276
518.7333333335266,505.4081238076084
518.7666666668599,506.5268565947941
518.8000000001932,507.4668145138892
518.8333333335265,505.9786276205215
518.8666666668598,500.3539493470816
518.9000000001931,491.0085374271647
518.9333333335264,478.8793624241818
518.9666666668597,464.9146392710472
519.000000000193,452.3802549523541
519.0333333335263,449.6810222490065
519.0666666668596,465.9121354007021
519.100000000193,509.8502093702038
519.1333333335263,577.7898638235225
519.1666666668596,649.7546930469405
519.2000000001929,704.6751720719542
519.2333333335262,722.7174659390249
519.2666666668595,702.8644958938322
519.3000000001928,658.7535360598681
519.3333333335261,604.4087242671517
519.3666666668594,552.759583289839
519.4000000001927,508.45987894379857
519.433333333526,472.3801584441004
519.4666666668593,445.37147917424727
519.5000000001926,427.6277794170906
519.5333333335259,416.640561321036
519.5666666668592,409.2067107599361
519.6000000001925,402.12854845293936
519.6333333335258,393.5397667241589
519.6666666668591,384.63768829315165
519.7000000001924,377.04899928332975
519.7333333335257,372.37036493426456
519.766666666859,370.9420365722236
519.8000000001923,371.418480110789
519.8333333335256,372.3359331856354
519.8666666668589,372.3159617009329
519.9000000001922,371.3256683434146
519.9333333335255,370.40429336828566
519.9666666668588,370.62083960263953
520.0000000001921,372.8507598375113
520.0333333335254,376.4753425777883
520.0666666668587,380.1804195448771
520.100000000192,382.64795035894815
520.1333333335253,382.89220636752646
520.1666666668586,381.3114176934488
520.200000000192,378.664040437585
520.2333333335253,375.7082189966149
520.2666666668586,373.12348910486907
520.3000000001919,371.4075086432906
520.3333333335252,371.0322876633876
520.3666666668585,372.4536763038028
520.4000000001918,375.4525217580427
520.4333333335251,378.90474886168505
520.4666666668584,381.6228964646471
520.5000000001917,382.4989483494534
520.533333333525,381.6647185122737
520.5666666668583,380.2332732872485
520.6000000001916,379.3445198195349
520.6333333335249,379.86139828739744
520.6666666668582,380.5418937205089
520.7000000001915,379.1773622286281
520.7333333335248,373.5540809312896
520.7666666668581,363.7643266978481
520.8000000001914,359.3018977527346
520.8333333335247,372.0562040526805
520.866666666858,413.869284955438
520.9000000001913,486.0669851303094
520.9333333335246,566.2752228011248
520.9666666668579,628.8761203276728
521.0000000001912,648.7512822384642
521.0333333335245,620.2405965605014
521.0666666668578,562.9846448225438
521.1000000001911,498.3172821012821
521.1333333335244,446.61125293419616
521.1666666668577,414.0456956434557
521.200000000191,395.96856930583175
521.2333333335243,387.4546548150652
521.2666666668576,383.96621321285255
521.300000000191,383.7617013515085
521.3333333335243,386.3268958836191
521.3666666668576,391.1528277023114
521.4000000001909,397.5680189613945
521.4333333335242,404.27399707831125
521.4666666668575,409.8210980876981
521.5000000001908,412.765989051589
521.5333333335241,412.7559652995921
521.5666666668574,411.758393803944
521.6000000001907,412.0377268757708
521.633333333524,415.7915800459719
521.6666666668573,422.934674481486
521.7000000001906,430.586725220656
521.7333333335239,435.6968712094061
521.7666666668572,435.4274431980499
521.8000000001905,429.7967842645462
521.8333333335238,420.8626084230436
521.8666666668571,410.72666371533154
521.9000000001904,401.3447041984965
521.9333333335237,393.70662642909576
521.966666666857,388.410043988512
522.0000000001903,386.0514159830374
522.0333333335236,386.83729726117815
522.0666666668569,389.59779798019
522.1000000001902,392.859442482354
522.1333333335235,395.1611844272206
522.1666666668568,396.5606244231912
522.2000000001901,400.072740786396
522.2333333335234,409.0534063278295
522.2666666668567,426.7069911591208
522.30000000019,451.9291555991769
522.3333333335233,478.79219942419854
522.3666666668566,501.11357859757743
522.40000000019,513.2944622740325
522.4333333335233,516.5635527269496
522.4666666668566,516.5743743509207
522.5000000001899,519.0551006303023
522.5333333335232,528.4054121570739
522.5666666668565,541.2342052723833
522.6000000001898,551.3192296855257
522.6333333335231,552.4352561584631
522.6666666668564,540.6879460706629
522.7000000001897,519.4690049388771
522.733333333523,493.5898775801192
522.7666666668563,467.845607942794
522.8000000001896,445.679511602207
522.8333333335229,428.1954705211904
522.8666666668562,416.2645950494607
522.9000000001895,410.6504880345138
522.9333333335228,409.6707529707172
522.9666666668561,409.2117213098975
523.0000000001894,405.0551624974541
523.0333333335227,393.75752759117887
523.066666666856,379.5252779685928
523.1000000001893,370.92465108198246
523.1333333335226,376.5725690498457
523.1666666668559,402.2492828721351
523.2000000001892,439.4590983225239
523.2333333335225,475.22525946692616
523.2666666668558,496.5780898585572
523.3000000001891,495.6619406285953
523.3333333335224,478.34422562981376
523.3666666668557,452.7703063643496
523.400000000189,427.0208363448908
523.4333333335223,405.6481013120993
523.4666666668556,387.92985945093386
523.500000000189,372.71213490017607
523.5333333335223,358.9521796223176
523.5666666668556,347.5734854938016
523.6000000001889,341.184171589852
523.6333333335222,342.446840050411
523.6666666668555,353.41879602590126
523.7000000001888,371.2575087643271
523.7333333335221,390.7456594970666
523.7666666668554,406.65031887994985
523.8000000001887,414.7985005140652
523.833333333522,415.4505106539885
523.8666666668553,410.0255469304658
523.9000000001886,399.9427697246187
523.9333333335219,386.6125313750728
523.9666666668552,371.425464406916
524.0000000001885,355.76952256899915
524.0333333335218,341.02949927960924
524.0666666668551,328.4761807506078
524.1000000001884,319.23717981042034
524.1333333335217,314.4310206711336
524.166666666855,315.00500541400555
524.2000000001883,319.6033345994624
524.2333333335216,325.221005731795
524.2666666668549,328.8171635015792
524.3000000001882,327.8789417665684
524.3333333335215,323.30476862751675
524.3666666668548,317.3490610872354
524.4000000001881,312.2696010959976
524.4333333335214,309.77630277236847
524.4666666668547,309.73590191546737
524.500000000188,311.62793844279383
524.5333333335213,314.93038393634464
524.5666666668546,318.96957852057585
524.600000000188,322.79593423575614
524.6333333335213,325.430606454761
524.6666666668546,325.9410677609436
524.7000000001879,324.5108392886456
524.7333333335212,322.46843675792286
524.7666666668545,321.1944834961485
524.8000000001878,321.9289688673496
524.8333333335211,324.49508088842765
524.8666666668544,327.8958518036794
524.9000000001877,331.12430555205543
524.933333333521,333.3528910106994
524.9666666668543,334.6554321241335
525.0000000001876,335.38819403266007
525.0333333335209,335.90800030287323
525.0666666668542,336.80888473195085
525.1000000001875,339.3088053864206
525.1333333335208,344.72708121537534
525.1666666668541,354.3461496167328
525.2000000001874,367.6102138523462
525.2333333335207,381.3109996816772
525.266666666854,392.0336072326814
525.3000000001873,396.5304487153524
525.3333333335206,394.27956555278126
525.3666666668539,386.97694981398246
525.4000000001872,376.3830158031004
525.4333333335205,364.61522222622784
525.4666666668538,356.44706245352944
525.5000000001871,357.8492574332362
525.5333333335204,374.7983043542284
525.5666666668537,409.7507486726114
525.600000000187,451.8043711932901
525.6333333335203,486.88838097831
525.6666666668536,500.9900781291881
525.700000000187,488.0786120979782
525.7333333335202,458.165977258268
525.7666666668536,423.1851920967711
525.8000000001869,394.81487810580205
525.8333333335202,377.5445806143516
525.8666666668535,367.842108000328
525.9000000001868,361.75371223926265
525.9333333335201,355.7184245191707
525.9666666668534,350.5438700042562
526.0000000001867,349.7651056655065
526.03333333352,356.9587260833161
526.0666666668533,374.4605249767637
526.1000000001866,397.9015297091141
526.1333333335199,420.6583872290632
526.1666666668532,436.1097839624501
526.2000000001865,440.506473619586
526.2333333335198,438.0998294232212
526.2666666668531,434.5233481457635
526.3000000001864,435.3721413288456
526.3333333335197,444.11220571412656
526.366666666853,461.00575136066817
526.4000000001863,486.0503542100323
526.4333333335196,519.6532442963174
526.4666666668529,569.224675431833
526.5000000001862,648.0506570522351
526.5333333335195,769.5992198404736
526.5666666668528,942.0465936200256
526.6000000001861,1133.2300819749642
526.6333333335194,1292.4145109939627
526.6666666668527,1368.766065033095
526.700000000186,1330.4628852801577
526.7333333335193,1218.5919889999636
526.7666666668526,1091.7150071664116
526.800000000186,1008.1751352097648
526.8333333335192,996.4989613683628
526.8666666668526,1025.3879494902142
526.9000000001859,1056.394741120597
526.9333333335192,1051.9741466795156
526.9666666668525,999.4675560425636
527.0000000001858,913.644240908006
527.0333333335191,810.6854090879614
527.0666666668524,706.2088051431786
527.1000000001857,609.7593167070909
527.133333333519,527.179246248306
527.1666666668523,464.2581796157906
527.2000000001856,425.1064476515264
527.2333333335189,405.111055334159
527.2666666668522,396.8352201531585
527.3000000001855,392.8443942763665
527.3333333335188,387.7029225531219
527.3666666668521,381.2757425623192
527.4000000001854,374.29650633364514
527.4333333335187,367.5233100152194
527.466666666852,362.8903530407144
527.5000000001853,364.0048737034726
527.5333333335186,374.6018276325335
527.5666666668519,398.03776772444365
527.6000000001852,431.83451487728775
527.6333333335185,468.9322997549449
527.6666666668518,502.14818048123743
527.7000000001851,525.0018772699183
527.7333333335184,535.8888377233893
527.7666666668517,535.2715291513886
527.800000000185,523.619959566742
527.8333333335183,502.1883846300425
527.8666666668516,474.95204757147405
527.900000000185,446.47591585534497
527.9333333335182,421.30433745999625
527.9666666668516,402.0225336768129
528.0000000001849,387.6695401942428
528.0333333335182,376.9108867681703
528.0666666668515,368.4580090213415
528.1000000001848,362.0564401617933
528.1333333335181,358.4738769262678
528.1666666668514,358.52153500623666
528.2000000001847,362.783170466038
528.233333333518,369.7505762091482
528.2666666668513,376.78891181112266
528.3000000001846,381.25244285118606
528.3333333335179,381.03466025626494
528.3666666668512,376.43799828795096
528.4000000001845,368.4373306592857
528.4333333335178,358.0081797157396
528.4666666668511,346.26921247364305
528.5000000001844,334.6645830308516
528.5333333335177,324.6834491768989
528.566666666851,317.7905768926846
528.6000000001843,314.62319289763013
528.6333333335176,314.80855603647586
528.6666666668509,317.91259309846737
528.7000000001842,323.46761075044566
528.7333333335175,330.59765831899307
528.7666666668508,338.1548767636758
528.8000000001841,344.9864767771493
528.8333333335174,350.28699205782647
528.8666666668507,355.2107816675557
528.900000000184,361.5989553995959
528.9333333335173,371.29193699899946
528.9666666668506,384.9275282422163
529.000000000184,399.7533207980805
529.0333333335172,412.4238099708396
529.0666666668506,419.6505539854814
529.1000000001839,421.1831820026987
529.1333333335172,421.2710068356368
529.1666666668505,424.5269386563363
529.2000000001838,435.27651638435225
529.2333333335171,453.24568868462416
529.2666666668504,474.4598226906952
529.3000000001837,494.8393860322777
529.333333333517,510.5680050820645
529.3666666668503,519.6746073385199
529.4000000001836,520.9777602434775
529.4333333335169,513.2991439262009
529.4666666668502,496.58967566404175
529.5000000001835,474.6874866224143
529.5333333335168,452.2665064858096
529.5666666668501,433.9742449512872
529.6000000001834,422.1295335315762
529.6333333335167,414.9333694220828
529.66666666685,410.1656300335797
529.7000000001833,405.65358928629394
529.7333333335166,400.2232214331623
529.7666666668499,393.6509073540157
529.8000000001832,385.75075825797273
529.8333333335165,376.4522113767635
529.8666666668498,366.6748761414074
529.9000000001831,357.84249103762045
529.9333333335164,351.3827936467592
529.9666666668497,348.8891089594296
530.000000000183,352.6380060743889
530.0333333335163,365.0822524694976
530.0666666668496,388.6659807670279
530.100000000183,424.4842745986435
530.1333333335162,470.8301324712399
530.1666666668496,525.6476616916488
530.2000000001829,586.7355508839007
530.2333333335162,647.8686236173884
530.2666666668495,698.3798659362452
530.3000000001828,727.3729946933414
530.3333333335161,725.3718428127606
530.3666666668494,697.6091021514223
530.4000000001827,658.0168512914934
530.433333333516,620.6404606634491
530.4666666668493,596.5584780744043
530.5000000001826,582.483360766428
530.5333333335159,570.7851432596098
530.5666666668492,553.8452516546159
530.6000000001825,527.7628176025489
530.6333333335158,497.5548243138562
530.6666666668491,469.5477889916119
530.7000000001824,449.9617774216732
530.7333333335157,441.1709894722143
530.766666666849,440.7165947459788
530.8000000001823,445.8326421908024
530.8333333335156,453.752995880755
530.8666666668489,461.7092469654801
530.9000000001822,466.931459199339
530.9333333335155,466.649667994066
530.9666666668488,458.6833293794952
531.0000000001821,444.1328306548855
531.0333333335154,425.2334646883686
531.0666666668487,404.2212643153732
531.100000000182,383.1036125142728
531.1333333335153,363.2657850425475
531.1666666668486,345.98825076096176
531.200000000182,332.5301740312681
531.2333333335152,323.1572285333401
531.2666666668486,316.7398108061156
531.3000000001819,312.04373874623764
531.3333333335152,307.8902151387919
531.3666666668485,303.8939755938003
531.4000000001818,300.2631072364512
531.4333333335151,297.2199821603113
531.4666666668484,294.9598558914347
531.5000000001817,293.50799906398703
531.533333333515,292.8239588204693
531.5666666668483,292.86705027815924
531.6000000001816,293.453137016342
531.6333333335149,293.9638103743262
531.6666666668482,293.6987980660325
531.7000000001815,291.9685104687769
531.7333333335148,288.713891799252
531.7666666668481,284.8472654738205
531.8000000001814,281.36382304199225
531.8333333335147,279.2312505891965
531.866666666848,278.9676745519836
531.9000000001813,280.72462476184063
531.9333333335146,284.6429349706784
531.9666666668479,290.6502113937687
532.0000000001812,297.20011683408177
532.0333333335145,302.1235712337792
532.0666666668478,303.24956429196885
532.1000000001811,299.6780697207188
532.1333333335144,294.704033659212
532.1666666668477,292.4866641266196
532.200000000181,297.1462848810355
532.2333333335143,309.9842318319862
532.2666666668476,327.62741181784406
532.300000000181,346.2627414108473
532.3333333335142,362.13131385013816
532.3666666668476,372.45974252585376
532.4000000001809,375.3340414070143
532.4333333335142,368.86902885510375
532.4666666668475,352.0614137465869
532.5000000001808,330.4846047416451
532.5333333335141,312.6829441832417
532.5666666668474,307.21510839542606
532.6000000001807,319.8908646577218
532.633333333514,346.8354271059197
532.6666666668473,382.0423735791286
532.7000000001806,419.5028950380218
532.7333333335139,453.0043561576557
532.7666666668472,475.977301778445
532.8000000001805,481.8162501103853
532.8333333335138,464.37043505284265
532.8666666668471,426.4415455925612
532.9000000001804,379.0192852039973
532.9333333335137,333.3948030067408
532.966666666847,299.72786104903133
533.0000000001803,279.2809734399912
533.0333333335136,269.109215915928
533.0666666668469,266.24263029908224
533.1000000001802,267.80249457277165
533.1333333335135,271.2458087599037
533.1666666668468,274.1067741265421
533.2000000001801,273.9353297053897
533.2333333335134,269.78213838632763
533.2666666668467,263.4173119267113
533.30000000018,256.8977895571142
533.3333333335133,252.21177161832543
533.3666666668466,249.92708234904828
533.40000000018,249.27505624943475
533.4333333335132,249.4350856949683
533.4666666668465,249.69981348760356
533.5000000001799,250.2791348589572
533.5333333335132,251.82771115019165
533.5666666668465,255.00312882205827
533.6000000001798,259.99723782615007
533.6333333335131,265.2508661195689
533.6666666668464,268.7934051475655
533.7000000001797,268.6697730736453
533.733333333513,264.4783214292889
533.7666666668463,258.6735729072555
533.8000000001796,254.0168214902036
533.8333333335129,253.1851394497008
533.8666666668462,257.0877060279517
533.9000000001795,264.9549948431963
533.9333333335128,275.9511102688794
533.9666666668461,289.0521145085466
534.0000000001794,301.7028184344015
534.0333333335127,310.60215606041294
534.066666666846,312.4440718147805
534.1000000001793,305.2706991326464
534.1333333335126,292.18986784452545
534.1666666668459,277.49896916466383
534.2000000001792,265.47603439996993
534.2333333335125,258.4977788579757
534.2666666668458,255.46458767871135
534.3000000001791,254.9060574115421
534.3333333335124,255.3835544862901
534.3666666668457,256.11372281735487
534.400000000179,256.9291310096272
534.4333333335123,257.6862375244035
534.4666666668456,258.239606281961
534.5000000001789,258.4286611678544
534.5333333335122,258.0855677973192
534.5666666668455,257.04244952281044
534.6000000001789,255.29240063106172
534.6333333335122,253.41975637951305
534.6666666668455,252.1445614388921
534.7000000001788,252.18859081021435
534.7333333335121,254.4299316383236
534.7666666668454,260.0252255839891
534.8000000001787,270.15988179948425
534.833333333512,285.8598387542808
534.8666666668453,305.02273117711303
534.9000000001786,322.69115973563004
534.9333333335119,333.80305154052314
534.9666666668452,334.11025354954506
535.0000000001785,325.5969800424563
535.0333333335118,313.12803852133294
535.0666666668451,301.58371442816605
535.1000000001784,294.6346518383216
535.1333333335117,291.7030745032909
535.166666666845,291.2790245884231
535.2000000001783,291.85749065862166
535.2333333335116,292.32132646118174
535.2666666668449,292.21377916944664
535.3000000001782,291.14243522319265
535.3333333335115,288.7676055608936
535.3666666668448,285.7035444371704
535.4000000001781,283.393621936958
535.4333333335114,283.3088131174032
535.4666666668447,286.6093708425031
535.500000000178,292.22821017538433
535.5333333335113,298.1263565161195
535.5666666668446,302.2609590080452
535.6000000001779,303.30887070806665
535.6333333335112,302.31184278101625
535.6666666668445,300.7966473149423
535.7000000001779,300.2815517853828
535.7333333335112,301.7327399697429
535.7666666668445,305.2357198791158
535.8000000001778,310.7972499167424
535.8333333335111,318.36223643852554
535.8666666668444,326.87183528890205
535.9000000001777,334.45242272168946
535.933333333511,339.20683331859806
535.9666666668443,339.6737153987186
536.0000000001776,337.25141433728777
536.0333333335109,334.4911412399913
536.0666666668442,333.9466353818464
536.1000000001775,337.1878676916623
536.1333333335108,342.8240627811315
536.1666666668441,348.909713741739
536.2000000001774,353.52621814256787
536.2333333335107,356.1505334066285
536.266666666844,358.3055553650007
536.3000000001773,361.67715736933206
536.3333333335106,367.86130974501896
536.3666666668439,377.1772239834885
536.4000000001772,388.9951362647854
536.4333333335105,402.6627508379464
536.4666666668438,417.3879091020919
536.5000000001771,431.5562700915911
536.5333333335104,443.25403950690895
536.5666666668437,450.5682365248061
536.600000000177,452.3534129022318
536.6333333335103,449.53704787696574
536.6666666668436,443.39310042604353
536.7000000001769,435.1882449270896
536.7333333335102,425.8944451132714
536.7666666668435,416.0940229470322
536.8000000001769,406.3425642876455
536.8333333335102,397.28377918868057
536.8666666668435,390.6334489591926
536.9000000001768,388.8223221147854
536.9333333335101,394.2941556381256
536.9666666668434,408.4705678013152
537.0000000001767,427.5014955635471
537.03333333351,445.842262264792
537.0666666668433,457.9536734566733
537.1000000001766,460.10582975001415
537.1333333335099,452.86997097127886
537.1666666668432,437.4426166164709
537.2000000001765,415.0645715757637
537.2333333335098,388.3533218520854
537.2666666668431,361.53739925911685
537.3000000001764,338.9368573867385
537.3333333335097,324.457095620717
537.366666666843,317.76122818007485
537.4000000001763,316.0270338655428
537.4333333335096,316.4008362673573
537.4666666668429,316.5617873755102
537.5000000001762,316.5505903915907
537.5333333335095,317.06198071579144
537.5666666668428,318.78890952543304
537.6000000001761,322.1537146527974
537.6333333335094,327.02265951617403
537.6666666668427,333.19364456607235
537.700000000176,340.4693760843625
537.7333333335093,348.7664249956585
537.7666666668426,358.1171084800354
537.8000000001759,368.5589259031626
537.8333333335092,380.0684051552568
537.8666666668425,392.10593853217006
537.9000000001759,403.8722039799612
537.9333333335092,414.5659110260419
537.9666666668425,423.72627377829735
538.0000000001758,432.1620057485968
538.0333333335091,440.9776167962768
538.0666666668424,451.2645653208101
538.1000000001757,463.0087856872807
538.133333333509,474.2658967101474
538.1666666668423,482.8972667212415
538.2000000001756,486.84481690912565
538.2333333335089,485.4995469967446
538.2666666668422,479.5074684483679
538.3000000001755,469.5560805152038
538.3333333335088,456.42939154869225
538.3666666668421,441.577270694994
538.4000000001754,426.7304386615001
538.4333333335087,413.62029194535216
538.466666666842,403.3979499423177
538.5000000001753,395.4313426405657
538.5333333335086,388.746997421356
538.5666666668419,382.38475412290296
538.6000000001752,376.0670433286975
538.6333333335085,370.5124329038027
538.6666666668418,366.51833475479896
538.7000000001751,364.8373156706921
538.7333333335084,365.61046300547673
538.7666666668417,368.536850814298
538.800000000175,373.3057243053714
538.8333333335083,379.5490061898054
538.8666666668416,386.5811156718289
538.9000000001749,393.6071608504471
538.9333333335082,399.83236475639205
538.9666666668415,404.5420133031743
539.0000000001749,407.22081855523777
539.0333333335082,407.3840245089901
539.0666666668415,404.5898832927553
539.1000000001748,399.80380302067647
539.1333333335081,395.6791974898515
539.1666666668414,394.9692423133856
539.2000000001747,400.06366231238366
539.233333333508,409.60133493138255
539.2666666668413,420.0089206541375
539.3000000001746,427.6845099421144
539.3333333335079,429.7336167968633
539.3666666668412,426.3550943737971
539.4000000001745,418.5930691975701
539.4333333335078,407.5002378706682
539.4666666668411,395.2623819310757
539.5000000001744,386.3210089550966
539.5333333335077,385.3846551653045
539.566666666841,396.8458287021677
539.6000000001743,418.2273728215209
539.6333333335076,440.3970723288828
539.6666666668409,453.94961878831305
539.7000000001742,450.8557904296723
539.7333333335075,433.8031250144865
539.7666666668408,410.5049992871102
539.8000000001741,388.7034137575945
539.8333333335074,374.3679757019407
539.8666666668407,367.46956722894646
539.900000000174,366.7112160284455
539.9333333335073,370.7898942547162
539.9666666668406,378.0260727736277
540.0000000001739,386.14894453675566
540.0333333335072,392.83592904773866
540.0666666668405,395.95139594393
540.1000000001738,396.1410576464572
540.1333333335072,396.18356352632327
540.1666666668405,398.9119610224183
540.2000000001738,406.9019993492184
540.2333333335071,421.22659555188864
540.2666666668404,442.4146036696781
540.3000000001737,470.9937860810142
540.333333333507,507.33696320380585
540.3666666668403,551.417362956396
540.4000000001736,603.1446665315225
540.4333333335069,662.268918936657
540.4666666668402,723.1105218595483
540.5000000001735,773.3554010492162
540.5333333335068,800.2858416962332
540.5666666668401,792.7110565780828
540.6000000001734,755.3036496876464
540.6333333335067,702.1404673507235
540.66666666684,647.4216870213487
540.7000000001733,602.9849529889528
540.7333333335066,570.4369435853858
540.7666666668399,548.6155234253797
540.8000000001732,536.3505368338895
540.8333333335065,531.501027662804
540.8666666668398,530.0373218294144
540.9000000001731,527.7122852894064
540.9333333335064,520.4604965438792
540.9666666668397,507.9324390337677
541.000000000173,493.25391008368223
541.0333333335063,479.684233756076
541.0666666668396,470.0074174968655
541.1000000001729,463.5216232714297
541.1333333335062,457.9731657868418
541.1666666668395,451.1017216149401
541.2000000001728,441.7897780634184
541.2333333335062,432.52496627855766
541.2666666668395,426.5040615543581
541.3000000001728,426.8758216259646
541.3333333335061,434.34911819296747
541.3666666668394,446.08496012397256
541.4000000001727,458.964960065299
541.433333333506,469.9906527529624
541.4666666668393,477.728144214557
541.5000000001726,481.8402691202359
541.5333333335059,482.0124975413391
541.5666666668392,478.3434478582343
541.6000000001725,473.0724715074314
541.6333333335058,469.1301756565347
541.6666666668391,469.4414511241821
541.7000000001724,475.52785543553705
541.7333333335057,485.7194801806738
541.766666666839,497.9050649423599
541.8000000001723,510.032073002352
541.8333333335056,521.5885299932897
541.8666666668389,533.7165593500022
541.9000000001722,547.6397512950952
541.9333333335055,564.7514165490809
541.9666666668388,587.9084704496611
542.0000000001721,620.7157060492087
542.0333333335054,666.7838298229468
542.0666666668387,726.7692711439271
542.100000000172,790.6324890224452
542.1333333335053,845.9140974203281
542.1666666668386,880.7662973641009
542.2000000001719,925.6382013195592
542.2333333335052,1079.9806527369446
542.2666666668385,1449.6014221430005
542.3000000001718,2128.8766026941635
542.3333333335052,3038.156114193058
542.3666666668385,3962.2864431606336
542.4000000001718,4682.538465126871
542.4333333335051,5015.66541760423
542.4666666668384,4983.998577366634
542.5000000001717,4683.729811314359
542.533333333505,4211.123201548922
542.5666666668383,3653.321874415744
542.6000000001716,3074.677049893002
542.6333333335049,2536.038240823718
542.6666666668382,2096.978704930679
542.7000000001715,1778.018335518394
542.7333333335048,1554.3279342632752
542.7666666668381,1398.5340783340832
542.8000000001714,1284.3842691556736
542.8333333335047,1196.2022147457128
542.866666666838,1124.125544680562
542.9000000001713,1058.3520909558026
542.9333333335046,991.383142846465
542.9666666668379,924.6659432870716
543.0000000001712,861.8191906506834
543.0333333335045,806.4399282050088
543.0666666668378,760.3665501998993
543.1000000001711,722.4083473890317
543.1333333335044,691.0750715399829
543.1666666668377,664.9295351152546
543.200000000171,643.3992426785932
543.2333333335043,626.6154873940836
543.2666666668376,614.7300141597096
543.3000000001709,607.5331468412785
543.3333333335042,602.6314541906856
543.3666666668375,596.8154654226311
543.4000000001708,586.8793471281125
543.4333333335042,571.887469852365
543.4666666668375,556.7469143226102
543.5000000001708,547.2918323345415
543.5333333335041,549.1989932773704
543.5666666668374,563.1444107798802
543.6000000001707,583.8892832154984
543.633333333504,605.8529981688084
543.6666666668373,623.7236417758626
543.7000000001706,634.7572400520011
543.7333333335039,637.6359454321067
543.7666666668372,631.0571785977011
543.8000000001705,614.5921092609855
543.8333333335038,591.2100885046952
543.8666666668371,564.7064758797004
543.9000000001704,538.864321512154
543.9333333335037,516.4898684204029
543.966666666837,498.719637756906
544.0000000001703,486.5266454360474
544.0333333335036,480.74312378105947
544.0666666668369,479.9632689588724
544.1000000001702,480.9886004235758
544.1333333335035,480.570302915171
544.1666666668368,476.1714696307839
544.2000000001701,469.4337753373516
544.2333333335034,463.5186353623789
544.2666666668367,461.5847958298049
544.30000000017,465.0317574161948
544.3333333335033,470.8922733972533
544.3666666668366,475.5331209528235
544.4000000001699,475.4620661768796
544.4333333335032,471.303641092878
544.4666666668365,468.3526400034776
544.5000000001698,472.1560979045776
544.5333333335032,487.31238844262265
544.5666666668365,509.9259822854971
544.6000000001698,531.6253422007935
544.6333333335031,543.9988494073825
544.6666666668364,541.4339510088421
544.7000000001697,528.4940273345906
544.733333333503,512.0542217010366
544.7666666668363,498.9458343200097
544.8000000001696,493.1563385847717
544.8333333335029,494.1380840586522
544.8666666668362,500.938047983055
544.9000000001695,512.5539660592456
544.9333333335028,527.286074441683
544.9666666668361,542.9170884760858
545.0000000001694,557.2174858137741
545.0333333335027,568.291860845886
545.066666666836,576.0206701385173
545.1000000001693,580.8720779626284
545.1333333335026,583.3140339355131
545.1666666668359,583.6857853691233
545.2000000001692,582.0377736603541
545.2333333335025,578.3811052300691
545.2666666668358,572.7832072449471
545.3000000001691,566.6656223416024
545.3333333335024,562.8374679340686
545.3666666668357,564.1708752935673
545.400000000169,572.7886901085163
545.4333333335023,584.9787778331693
545.4666666668356,594.2927118313471
545.5000000001689,594.2674655591885
545.5333333335022,581.4627279891184
545.5666666668355,562.0356104466631
545.6000000001688,544.0436598682664
545.6333333335022,535.4323219985272
545.6666666668355,538.9562537198096
545.7000000001688,550.1013208421684
545.7333333335021,563.8108610997294
545.7666666668354,575.2750026514403
545.8000000001687,582.5585695027389
545.833333333502,585.5837655272222
545.8666666668353,584.3038741463307
545.9000000001686,578.8890761585579
545.9333333335019,570.4844610591954
545.9666666668352,560.508913199846
546.0000000001685,550.3767105350933
546.0333333335018,540.9783258239186
546.0666666668351,532.2053788048287
546.1000000001684,523.8372616804656
546.1333333335017,515.6848971872606
546.166666666835,508.1322602550701
546.2000000001683,502.06276779560346
546.2333333335016,498.37655792249865
546.2666666668349,497.73596503419503
546.3000000001682,499.298651138722
546.3333333335015,501.63549877046506
546.3666666668348,503.3168894068502
546.4000000001681,503.3124622746399
546.4333333335014,501.62996219864704
546.4666666668347,498.4436896761735
546.500000000168,493.942081754953
546.5333333335013,488.7445827926542
546.5666666668346,483.9702296353315
546.6000000001679,480.766006547832
546.6333333335012,480.1044829022595
546.6666666668345,481.3953862325191
546.7000000001678,483.2243596069496
546.7333333335012,484.1696573868147
546.7666666668345,483.2097079348078
546.8000000001678,480.7443705944879
546.8333333335011,477.4889661857695
546.8666666668344,474.1559155903095
546.9000000001677,471.2899138757632
546.933333333501,469.1792239224466
546.9666666668343,468.0904588687702
547.0000000001676,468.2818709376416
547.0333333335009,469.9035659122395
547.0666666668342,473.0302992340942
547.1000000001675,477.735294299036
547.1333333335008,484.3995347334183
547.1666666668341,494.88947329874406
547.2000000001674,511.5191590640362
547.2333333335007,536.5789760511375
547.266666666834,569.1021488639884
547.3000000001673,601.5789766502913
547.3333333335006,625.716815123199
547.3666666668339,633.6186694434659
547.4000000001672,625.0333760241413
547.4333333335005,606.6256408281926
547.4666666668338,585.3093659803739
547.5000000001671,567.2862835999905
547.5333333335004,554.1161698360546
547.5666666668337,545.4987626413683
547.600000000167,541.1276190079491
547.6333333335003,540.0591377774206
547.6666666668336,539.6701413886585
547.7000000001669,537.0639454417436
547.7333333335002,529.4759892928784
547.7666666668335,518.1713422666132
547.8000000001668,509.0866883986458
547.8333333335001,508.42011267661314
547.8666666668335,521.9011022427894
547.9000000001668,551.1253612708111
547.9333333335001,595.5364883029317
547.9666666668334,654.5592100531333
548.0000000001667,724.0175777198261
548.0333333335,787.2985395476576
548.0666666668333,825.1056659359086
548.1000000001666,818.4559108739617
548.1333333334999,764.8063144519216
548.1666666668332,685.822958356814
548.2000000001665,605.1124211233974
548.2333333334998,544.8150197060306
548.2666666668331,509.3862883759149
548.3000000001664,491.56103994532685
548.3333333334997,483.8642729888334
548.366666666833,480.0872059834296
548.4000000001663,479.71417518093057
548.4333333334996,483.82886098060845
548.4666666668329,493.49608760899343
548.5000000001662,507.814690439792
548.5333333334995,522.2290391206341
548.5666666668328,531.7856173269827
548.6000000001661,531.8400965534802
548.6333333334994,522.9413622101197
548.6666666668327,509.94736743009975
548.700000000166,497.8464909241485
548.7333333334993,490.965928905681
548.7666666668326,489.79947166186366
548.8000000001659,493.462739532502
548.8333333334992,501.0678728706255
548.8666666668325,511.286174440662
548.9000000001658,521.7592497798443
548.9333333334991,529.9819379293305
548.9666666668325,533.5491123081059
549.0000000001658,532.4618205131349
549.0333333334991,529.1873290387409
549.0666666668324,526.3049499881004
549.1000000001657,526.1153471300968
549.133333333499,528.8456546754636
549.1666666668323,533.7880810758853
549.2000000001656,540.2303235362751
549.2333333334989,547.4821536892435
549.2666666668322,554.9178577783264
549.3000000001655,561.9234453005103
549.3333333334988,567.901093724373
549.3666666668321,572.83272619369
549.4000000001654,577.4263096034285
549.4333333334987,582.4357036491562
549.466666666832,588.5576290410357
549.5000000001653,595.9433916138669
549.5333333334986,604.4416875395456
549.5666666668319,613.8979825419403
549.6000000001652,624.1266375208894
549.6333333334985,634.8289286151941
549.6666666668318,645.6804405247691
549.7000000001651,656.3513759221094
549.7333333334984,666.2073516737754
549.7666666668317,674.1521283728928
549.800000000165,679.0509115365028
549.8333333334983,679.9308265878605
549.8666666668316,677.8071923185151
549.9000000001649,675.0301643823674
549.9333333334982,673.9746096254431
549.9666666668315,676.2556293909208
550.0000000001648,680.0855996156187
550.0333333334981,682.7246766187751
550.0666666668315,681.4626774508059
550.1000000001648,676.4705354747814
550.1333333334981,673.1670341635358
550.1666666668314,677.5280511851886
550.2000000001647,695.1588554294475
550.233333333498,725.7770370639313
550.2666666668313,764.3861469965544
550.3000000001646,805.8574980050354
550.3333333334979,844.9604316829295
550.3666666668312,875.9078439745449
550.4000000001645,892.7237659799154
550.4333333334978,889.4588762847084
550.4666666668311,865.2060447856701
550.5000000001644,830.0089234147125
550.5333333334977,795.3476160096498
550.566666666831,772.3046456650853
550.6000000001643,763.7213775643335
550.6333333334976,764.6706006211895
550.6666666668309,769.922142674022
550.7000000001642,774.9070974408592
550.7333333334975,779.4144210271313
550.7666666668308,784.9968182374716
550.8000000001641,793.2100559471614
550.8333333334974,804.7543597970273
550.8666666668307,818.1309672716994
550.900000000164,831.4926949284541
550.9333333334973,843.0912694601351
550.9666666668306,853.8827832635035
551.0000000001639,867.7902491575816
551.0333333334972,888.8882424054683
551.0666666668305,920.4644795981484
551.1000000001638,959.5905970425184
551.1333333334971,1000.387261006322
551.1666666668305,1036.9591383114885
551.2000000001638,1066.2441101118357
551.2333333334971,1093.7284255024858
551.2666666668304,1126.50417695634
551.3000000001637,1171.5023294672633
551.333333333497,1229.7661140038929
551.3666666668303,1294.9011189183348
551.4000000001636,1360.0365073536525
551.4333333334969,1418.9774755630638
551.4666666668302,1471.8884250925094
551.5000000001635,1522.421049586642
551.5333333334968,1574.2634616516032
551.5666666668301,1639.206947361301
551.6000000001634,1757.4757328652497
551.6333333334967,1975.526896950503
551.66666666683,2339.808737905901
551.7000000001633,2896.3342666271133
551.7333333334966,3690.489750925688
551.7666666668299,4767.612784756865
551.8000000001632,6152.602548630485
551.8333333334965,7642.918298611881
551.8666666668298,8893.966935524471
551.9000000001631,9558.989599294997
551.9333333334964,9400.200453720352
551.9666666668297,8619.622217495766
552.000000000163,7530.217644110644
552.0333333334963,6443.124336990684
552.0666666668296,5544.689043540181
552.1000000001629,4818.493065523694
552.1333333334962,4229.536327743229
552.1666666668295,3743.9195936033007
552.2000000001628,3342.1368089995644
552.2333333334961,3014.786510800874
552.2666666668295,2752.676564155024
552.3000000001628,2546.5062674318124
552.3333333334961,2386.4771442813235
552.3666666668294,2262.6481424493672
552.4000000001627,2165.105318309606
552.433333333496,2086.5363192303207
552.4666666668293,2024.351691575706
552.5000000001626,1976.4612552740048
552.5333333334959,1940.818527886177
552.5666666668292,1916.0432077527048
552.6000000001625,1901.2742031953064
552.6333333334958,1895.6641523588196
552.6666666668291,1898.4916140647597
552.7000000001624,1909.6830990376243
552.7333333334957,1929.372944443664
552.766666666829,1957.6977494789644
552.8000000001623,1995.09053671924
552.8333333334956,2042.5794613665664
552.8666666668289,2101.263848291599
552.9000000001622,2172.4120186879445
552.9333333334955,2260.2699278286764
552.9666666668288,2371.629492499608
553.0000000001621,2513.364626873404
553.0333333334954,2691.5276284190754
553.0666666668287,2907.482093362016
553.100000000162,3160.9309760754463
553.1333333334953,3451.7187173079983
553.1666666668286,3808.0776367668936
553.2000000001619,4320.613470806659
553.2333333334952,5088.224125475276
553.2666666668285,6207.257872667215
553.3000000001618,7722.683025005699
553.3333333334951,9631.825031706963
553.3666666668285,11930.208463379391
553.4000000001618,14568.598720911095
553.433333333495,17217.85505615551
553.4666666668284,19440.852628801156
553.5000000001617,20800.841089370064
553.533333333495,21035.55442833794
553.5666666668283,20297.73218830165
553.6000000001616,18800.480191525992
553.6333333334949,16757.87310681439
553.6666666668282,14406.041119246842
553.7000000001615,12003.04402744633
553.7333333334948,9807.885295769074
553.7666666668281,8045.849384028519
553.8000000001614,6713.94681828825
553.8333333334947,5714.527368108262
553.866666666828,4949.678566102638
553.9000000001613,4339.500256621693
553.9333333334946,3849.94744495073
553.9666666668279,3454.165200281901
554.0000000001612,3125.668762868934
554.0333333334945,2847.3554642689965
554.0666666668278,2612.013989415626
554.1000000001611,2412.9051359358305
554.1333333334944,2243.5546122604565
554.1666666668277,2099.405370012085
554.200000000161,1976.744036155086
554.2333333334943,1871.8610305844256
554.2666666668276,1781.1296761914955
554.3000000001609,1701.1465688280446
554.3333333334942,1628.545511048866
554.3666666668275,1560.0530073850257
554.4000000001608,1494.9679306615233
554.4333333334941,1435.4328263468226
554.4666666668275,1383.7373738274102
554.5000000001608,1341.5003707320705
554.533333333494,1305.2169497524928
554.5666666668274,1269.0194326819255
554.6000000001607,1227.0310737197308
554.633333333494,1176.3663674409331
554.6666666668273,1122.5605155980866
554.7000000001606,1072.619718653377
554.7333333334939,1033.348980231482
554.7666666668272,1005.5556777680232
554.8000000001605,983.1723791793024
554.8333333334938,959.7539935467914
554.8666666668271,929.7121311597988
554.9000000001604,894.2708146553571
554.9333333334937,857.906274923098
554.966666666827,825.1133727078624
555.0000000001603,798.7663670320444
555.0333333334936,777.0289028338422
555.0666666668269,757.2135133231816
555.1000000001602,736.7082917276306
555.1333333334935,715.2710652495966
555.1666666668268,695.4448027791656
555.2000000001601,679.93179482638
555.2333333334934,670.9465978188379
555.2666666668267,666.720734297412
555.30000000016,663.5409045489918
555.3333333334933,657.6817332834332
555.3666666668266,646.8296664968245
555.4000000001599,632.8559832980926
555.4333333334932,618.4037114219434
555.4666666668265,606.0634850520958
555.5000000001598,596.735375515358
555.5333333334931,589.3049759717818
555.5666666668264,582.5400782710938
555.6000000001598,575.3312621490514
555.633333333493,567.5845469090285
555.6666666668264,559.707043648787
555.7000000001597,552.1092849319361
555.733333333493,545.0456038600832
555.7666666668263,538.3040821989294
555.8000000001596,531.5861874757151
555.8333333334929,524.6043784856398
555.8666666668262,517.427619159401
555.9000000001595,510.5507529662049
555.9333333334928,504.4936271797893
555.9666666668261,499.715539790982
556.0000000001594,496.1758406829686
556.0333333334927,493.58749414135247
556.066666666826,491.6616774209244
556.1000000001593,490.03322067427473
556.1333333334926,488.1103325064128
556.1666666668259,485.2593676599965
556.2000000001592,480.8714451390304
556.2333333334925,475.1264546138141
556.2666666668258,469.138320829585
556.3000000001591,464.0750461579226
556.3333333334924,460.9973471693303
556.3666666668257,460.09391620008125
556.400000000159,461.12934395706566
556.4333333334923,463.8649936794438
556.4666666668256,467.61456278355377
556.5000000001589,470.3868825541992
556.5333333334922,469.9543315341315
556.5666666668255,464.16186205876335
556.6000000001588,453.073086038027
556.6333333334921,439.3267428330456
556.6666666668254,425.7059356817807
556.7000000001588,414.8305717035013
556.733333333492,408.03294870438657
556.7666666668254,406.0347503314203
556.8000000001587,409.55260829975305
556.833333333492,418.1140433349203
556.8666666668253,427.8852426381754
556.9000000001586,434.4426404485968
556.9333333334919,433.5040551519616
556.9666666668252,424.8470120447444
557.0000000001585,412.81581712612143
557.0333333334918,401.998015902324
557.0666666668251,396.47380941388855
557.1000000001584,396.4907322665756
557.1333333334917,400.54545243004833
557.166666666825,407.1256256979773
557.2000000001583,414.7065153813065
557.2333333334916,421.7298289393037
557.2666666668249,426.6316495905477
557.3000000001582,427.8853067204881
557.3333333334915,424.94882915649424
557.3666666668248,418.3418116766753
557.4000000001581,408.6364957597087
557.4333333334914,396.609656504348
557.4666666668247,384.49782540564087
557.500000000158,375.1720396084383
557.5333333334913,371.5017596487875
557.5666666668246,374.5301124287323
557.6000000001579,380.6201093691695
557.6333333334912,385.3956387321372
557.6666666668245,384.638927743508
557.7000000001578,377.91822060675264
557.7333333334911,368.66967792542727
557.7666666668244,360.5041815032975
557.8000000001578,356.47417733548866
557.833333333491,355.9152310065021
557.8666666668244,356.6450111388753
557.9000000001577,356.4810322474486
557.933333333491,354.54782803944994
557.9666666668243,353.1025246289506
558.0000000001576,354.86182216092305
558.0333333334909,362.38045226964965
558.0666666668242,374.76479427046985
558.1000000001575,387.8200466908483
558.1333333334908,397.2188914083564
558.1666666668241,399.3313660814322
558.2000000001574,394.80211733607433
558.2333333334907,385.8946618630561
558.266666666824,374.8739333170486
558.3000000001573,363.66700038044536
558.3333333334906,353.4521637069258
558.3666666668239,345.3071893059507
558.4000000001572,340.29807388004747
558.4333333334905,339.27067727877665
558.4666666668238,342.8756106500437
558.5000000001571,351.7567159361098
558.5333333334904,366.2094546106971
558.5666666668237,384.5865074144752
558.600000000157,404.5673518806717
558.6333333334903,423.852976152401
558.6666666668236,443.2890331470057
558.7000000001569,470.0945250224048
558.7333333334902,512.2592448568755
558.7666666668235,576.7140886929585
558.8000000001568,653.1864010408243
558.8333333334901,717.4286182758814
558.8666666668234,744.788766140433
558.9000000001568,717.1699508435072
558.93333333349,649.3339692749644
558.9666666668234,566.3167699716261
559.0000000001567,493.052488178829
559.03333333349,444.0310411756445
559.0666666668233,414.5895967015509
559.1000000001566,398.0148926687096
559.1333333334899,388.0481115057917
559.1666666668232,384.78218002884586
559.2000000001565,392.9801124052065
559.2333333334898,417.5130315907346
559.2666666668231,460.5299879434588
559.3000000001564,512.0619382792463
559.3333333334897,558.7689146939908
559.366666666823,587.4009152407164
559.4000000001563,591.0591696478975
559.4333333334896,573.27497212897
559.4666666668229,538.5489492378289
559.5000000001562,491.6611481116983
559.5333333334895,440.7239520265949
559.5666666668228,396.0402443656839
559.6000000001561,367.951283696858
559.6333333334894,363.6313026289842
559.6666666668227,377.8877872653566
559.700000000156,402.5100926182696
559.7333333334893,429.31729125517546
559.7666666668226,451.6429138280101
559.8000000001559,465.02525101670665
559.8333333334892,465.1765049722178
559.8666666668225,448.6318135802934
559.9000000001558,420.2399142254967
559.9333333334891,389.6725064690626
559.9666666668224,366.6601066101135
560.0000000001558,358.06625288221574
560.033333333489,361.05557033738273
560.0666666668224,370.7437387545433
560.1000000001557,382.2837466436637
560.133333333489,392.2261707926892
560.1666666668223,398.9071425281527
560.2000000001556,400.7791578889811
560.2333333334889,396.569895687786
560.2666666668222,387.3461852659047
560.3000000001555,375.3559545818907
560.3333333334888,362.8558028460653
560.3666666668221,351.6598695985653
560.4000000001554,342.2993437644355
560.4333333334887,335.07420687164694
560.466666666822,330.26106109335046
560.5000000001553,327.48289312225694
560.5333333334886,325.6373650109081
560.5666666668219,323.58436888648583
560.6000000001552,320.3874970953419
560.6333333334885,316.55756727439456
560.6666666668218,313.23193663098
560.7000000001551,311.5489186167181
560.7333333334884,312.1060935189526
560.7666666668217,314.16940715098826
560.800000000155,316.8034771489617
560.8333333334883,319.0884881705014
560.8666666668216,320.43377142064173
560.9000000001549,320.5625098383648
560.9333333334882,319.2103922501979
560.9666666668215,316.2496349731742
561.0000000001548,312.35735592854945
561.0333333334881,308.5046293009995
561.0666666668214,305.6607731031515
561.1000000001548,304.4546550012255
561.133333333488,304.8087950553453
561.1666666668214,306.5578818104269
561.2000000001547,309.5244735042602
561.233333333488,313.33499259603434
561.2666666668213,317.4570248164023
561.3000000001546,321.3535895960081
561.3333333334879,324.9999383789043
561.3666666668212,330.8563835513514
561.4000000001545,342.1357931029812
561.4333333334878,362.0028674784076
561.4666666668211,389.60979888322464
561.5000000001544,417.1479742632301
561.5333333334877,436.1140929150343
561.566666666821,438.7783698426458
561.6000000001543,427.0580396317694
561.6333333334876,409.42000100204274
561.6666666668209,394.4559296295998
561.7000000001542,388.9646715261835
561.7333333334875,392.6611175481917
561.7666666668208,403.5107452157004
561.8000000001541,419.4768335669229
561.8333333334874,438.41374690890194
561.8666666668207,458.0190725977732
561.900000000154,475.9782271221051
561.9333333334873,490.0977549162537
561.9666666668206,499.3563304366373
562.0000000001539,503.3900428779557
562.0333333334872,501.8424033055328
562.0666666668205,494.78850808703913
562.1000000001538,483.67679333420256
562.1333333334871,470.2282513206756
562.1666666668204,456.14755428493726
562.2000000001538,442.6193261669919
562.233333333487,430.2122321470282
562.2666666668204,419.4592628460943
562.3000000001537,410.8134954203151
562.333333333487,404.1262377866847
562.3666666668203,398.9746539065398
562.4000000001536,394.9339797481829
562.4333333334869,391.35428388581136
562.4666666668202,387.01280008622473
562.5000000001535,380.59700848184616
562.5333333334868,370.8777162243931
562.5666666668201,358.4251505715182
562.6000000001534,345.5462111070172
562.6333333334867,334.6185699217082
562.66666666682,327.6347314746884
562.7000000001533,324.33130721824386
562.7333333334866,323.6261042824371
562.7666666668199,324.43626964990807
562.8000000001532,325.7485023946682
562.8333333334865,326.69029465505275
562.8666666668198,326.4061416419005
562.9000000001531,324.11962066472074
562.9333333334864,320.25480150414205
562.9666666668197,316.16876685973494
563.000000000153,313.2431178358683
563.0333333334863,312.5169880404875
563.0666666668196,313.4766925842749
563.1000000001529,315.16865691914643
563.1333333334862,316.64287307133384
563.1666666668195,317.1861515649353
563.2000000001528,316.46506334232936
563.2333333334861,314.1803766772724
563.2666666668194,310.1510710823779
563.3000000001527,305.48971398925624
563.333333333486,302.10669455693846
563.3666666668194,301.9240562393324
563.4000000001527,305.9147093633746
563.433333333486,311.7515303660122
563.4666666668193,316.3906441929887
563.5000000001526,316.8548651183136
563.5333333334859,312.603511354434
563.5666666668192,306.173579601732
563.6000000001525,300.29918860976346
563.6333333334858,297.4244209587641
563.6666666668191,297.66872668418245
563.7000000001524,300.03431555570074
563.7333333334857,303.51644281270364
563.766666666819,307.18952154431304
563.8000000001523,310.3375345348231
563.8333333334856,312.2787513264344
563.8666666668189,312.3763531476178
563.9000000001522,311.00244707877005
563.9333333334855,309.5248869205754
563.9666666668188,309.35380219080696
564.0000000001521,311.52393718430363
564.0333333334854,314.84937397452074
564.0666666668187,317.33059288591016
564.100000000152,316.9803070056174
564.1333333334853,313.6699931071552
564.1666666668186,311.01212150801393
564.2000000001519,313.067843790347
564.2333333334852,323.52203606990605
564.2666666668185,340.5130057866889
564.3000000001518,357.9516716480466
564.3333333334851,369.6426286965851
564.3666666668184,371.0212589068209
564.4000000001517,364.6391423474092
564.433333333485,354.9884068454802
564.4666666668184,346.5192563886974
564.5000000001517,341.25871213518934
564.533333333485,337.5314095730972
564.5666666668183,333.3496767142347
564.6000000001516,326.9843924793715
564.6333333334849,319.3121584139585
564.6666666668182,312.71841462083586
564.7000000001515,309.60667265169
564.7333333334848,311.3518483991365
564.7666666668181,316.0449906038355
564.8000000001514,321.1232192289454
564.8333333334847,324.07260255722275
564.866666666818,323.8614026285184
564.9000000001513,321.1701297141336
564.9333333334846,316.7745537730273
564.9666666668179,311.4759119327288
565.0000000001512,306.25520240230026
565.0333333334845,302.1707985371551
565.0666666668178,300.27864353048625
565.1000000001511,300.9229429820447
565.1333333334844,302.78924732829324
565.1666666668177,304.3273017095853
565.200000000151,304.06227792340775
565.2333333334843,301.8758198143369
565.2666666668176,298.82417058689947
565.3000000001509,296.00238908813463
565.3333333334842,294.3293713710667
565.3666666668175,293.84422846112574
565.4000000001508,294.3119760161356
565.4333333334841,295.49522089315974
565.4666666668174,296.9738910005934
565.5000000001507,298.0164416669759
565.533333333484,297.8609276899158
565.5666666668174,295.86308516950186
565.6000000001507,292.73074028678985
565.633333333484,290.03651860721976
565.6666666668173,289.3670873869369
565.7000000001506,291.7522990615112
565.7333333334839,296.2606808349927
565.7666666668172,301.52913943324046
565.8000000001505,306.20447200829864
565.8333333334838,309.28493295807067
565.8666666668171,310.20709133486173
565.9000000001504,308.4350441342696
565.9333333334837,303.7338604680189
565.966666666817,298.172890001127
566.0000000001503,294.8863865328961
566.0333333334836,297.0094521313813
566.0666666668169,305.91793064965606
566.1000000001502,318.63077428600354
566.1333333334835,331.5041191255549
566.1666666668168,341.0134166473065
566.2000000001501,345.9486553559512
566.2333333334834,347.1981523677573
566.2666666668167,345.726168100082
566.30000000015,342.41288386642213
566.3333333334833,337.7007983686403
566.3666666668166,331.8904438458942
566.4000000001499,325.2847897503828
566.4333333334832,318.401283254209
566.4666666668165,312.1328600022759
566.5000000001498,307.4103700196496
566.5333333334831,305.04489012634053
566.5666666668164,304.4416718021916
566.6000000001497,304.0925490453964
566.633333333483,302.47387672642867
566.6666666668164,298.6762087506861
566.7000000001497,293.9664618722799
566.733333333483,290.09337727049655
566.7666666668163,288.76482444723314
566.8000000001496,290.25182932999
566.8333333334829,293.04239140779225
566.8666666668162,295.51338900238
566.9000000001495,296.2118913840723
566.9333333334828,294.96382294013296
566.9666666668161,292.17663155882263
567.0000000001494,288.26129979441987
567.0333333334827,283.81662639995113
567.066666666816,279.89391092524346
567.1000000001493,277.61122466646503
567.1333333334826,278.0196484485187
567.1666666668159,280.9449230334486
567.2000000001492,285.1406530512394
567.2333333334825,289.32426490315106
567.2666666668158,292.5518727660764
567.3000000001491,295.5516502385706
567.3333333334824,299.5668590454636
567.3666666668157,305.8205447817181
567.400000000149,314.07426802089503
567.4333333334823,321.67440309959176
567.4666666668156,325.74100373139044
567.5000000001489,323.7929724363436
567.5333333334822,317.62479360945656
567.5666666668155,311.62710456043493
567.6000000001488,310.2264193251482
567.6333333334821,315.4873688712468
567.6666666668154,321.80068168189604
567.7000000001487,322.00126236927497
567.733333333482,309.47807129132684
567.7666666668154,293.8985562809016
567.8000000001487,303.4547611897618
567.833333333482,367.3443613147187
567.8666666668153,506.5967472308887
567.9000000001486,687.6786155363094
567.9333333334819,854.7019766528733
567.9666666668152,951.8590246749428
568.0000000001485,949.8307523672
568.0333333334818,876.1886295544184
568.0666666668151,765.8705886654366
568.1000000001484,652.7024892068881
568.1333333334817,553.5994959563349
568.166666666815,472.3189879714881
568.2000000001483,412.2716999146871
568.2333333334816,375.2543031514682
568.2666666668149,356.18166786211594
568.3000000001482,348.1349071870896
568.3333333334815,344.2537159111898
568.3666666668148,340.5641963133964
568.4000000001481,337.2376998931476
568.4333333334814,334.766330210148
568.4666666668147,333.563944943873
568.500000000148,333.3536947101469
568.5333333334813,333.4989449549133
568.5666666668146,333.36057778789024
568.6000000001479,332.70129988835345
568.6333333334812,332.3779061480515
568.6666666668145,333.43165923979467
568.7000000001478,336.8384941862826
568.7333333334811,342.1711751352546
568.7666666668144,347.65237404067955
568.8000000001477,351.4500558914042
568.833333333481,352.0780946319533
568.8666666668144,349.9212212480261
568.9000000001477,345.9937673288817
568.933333333481,341.3062487464111
568.9666666668143,336.4954949011443
569.0000000001476,331.5400039532062
569.0333333334809,326.3512671103818
569.0666666668142,320.8728950531671
569.1000000001475,315.41481750588355
569.1333333334808,310.51998477699624
569.1666666668141,306.73504095665174
569.2000000001474,304.3499888339057
569.2333333334807,302.79335582102067
569.266666666814,301.313111853758
569.3000000001473,299.1810467870305
569.3333333334806,296.38605676016215
569.3666666668139,293.74306597981945
569.4000000001472,292.1127395656991
569.4333333334805,292.1727171569934
569.4666666668138,293.38459713256816
569.5000000001471,294.7141658743953
569.5333333334804,295.1302972048855
569.5666666668137,294.3444711177589
569.600000000147,293.6277259837183
569.6333333334803,294.4478191572978
569.6666666668136,298.11934332189907
569.7000000001469,303.7564198294682
569.7333333334802,308.8247691056918
569.7666666668135,310.7502572364867
569.8000000001468,307.9373103988236
569.8333333334801,302.71057596662246
569.8666666668134,298.37625410514204
569.9000000001467,298.1775640137424
569.93333333348,302.7444085750376
569.9666666668134,309.21327836102773
570.0000000001467,314.4770018858003
570.03333333348,315.84467369204265
570.0666666668133,313.9153863195171
570.1000000001466,310.8507266649657
570.1333333334799,308.81923718933905
570.1666666668132,309.18048079340724
570.2000000001465,311.32890667215065
570.2333333334798,314.36633292920743
570.2666666668131,317.4158814841536
570.3000000001464,319.974465107382
570.3333333334797,321.85776568367453
570.366666666813,322.8916770309483
570.4000000001463,323.0388715610057
570.4333333334796,322.8929180980264
570.4666666668129,323.22916648969306
570.5000000001462,324.8073056674229
570.5333333334795,327.5186852332871
570.5666666668128,329.9487482440081
570.6000000001461,330.5751522767042
570.6333333334794,328.2218798877149
570.6666666668127,324.85920262411105
570.700000000146,324.135095481156
570.7333333334793,329.7108078261209
570.7666666668126,343.6847559970355
570.8000000001459,363.9032178414947
570.8333333334792,387.4961091625812
570.8666666668125,411.5927308814399
570.9000000001458,433.3097076893994
570.9333333334791,449.7517526918479
570.9666666668124,458.0231172266094
571.0000000001457,456.1665197852101
571.033333333479,447.0316702638182
571.0666666668124,435.003244653329
571.1000000001457,424.4540679830381
571.133333333479,418.8787752674722
571.1666666668123,420.3323926587535
571.2000000001456,430.73646786167217
571.2333333334789,451.4166820800946
571.2666666668122,477.7049095576975
571.3000000001455,501.4674744214106
571.3333333334788,514.5310693435413
571.3666666668121,511.78947889394544
571.4000000001454,497.1711244510638
571.4333333334787,476.2597160532972
571.466666666812,454.5240564526925
571.5000000001453,434.7773394605505
571.5333333334786,417.1700520705118
571.5666666668119,401.73635441130926
571.6000000001452,388.52242105944174
571.6333333334785,377.6403144314045
571.6666666668118,369.2245665568271
571.7000000001451,363.40366599895634
571.7333333334784,359.8071179812742
571.7666666668117,357.20122165234534
571.800000000145,354.26643683118124
571.8333333334783,349.8842804000774
571.8666666668116,345.0866158299561
571.9000000001449,342.20872788611985
571.9333333334782,343.6034101327811
571.9666666668115,350.2269061553436
572.0000000001448,358.73604782016747
572.0333333334781,364.9629672029243
572.0666666668114,364.8822623406957
572.1000000001447,357.96477796135
572.133333333478,347.3040983141455
572.1666666668114,336.1615821936789
572.2000000001447,327.30974853257743
572.233333333478,320.7557037824955
572.2666666668113,315.5351635968743
572.3000000001446,310.6876925107787
572.3333333334779,305.6841844055787
572.3666666668112,300.7574028040388
572.4000000001445,296.21791454463045
572.4333333334778,292.3758512815301
572.4666666668111,289.5366031310817
572.5000000001444,288.0026454537266
572.5333333334777,288.0763019807079
572.566666666811,289.83435889758965
572.6000000001443,292.65356998017046
572.6333333334776,295.7752734334572
572.6666666668109,298.4480938960565
572.7000000001442,300.09974731098
572.7333333334775,300.3436748275564
572.7666666668108,298.8019313593657
572.8000000001441,295.3325946008384
572.8333333334774,291.1202155046031
572.8666666668107,287.81239644180226
572.900000000144,287.04293739002367
572.9333333334773,289.2391924855446
572.9666666668106,292.7239133111538
573.0000000001439,295.6083099658203
573.0333333334772,296.1825185252127
573.0666666668105,294.63804538199577
573.1000000001438,292.313265261506
573.1333333334771,290.5620980649823
573.1666666668104,290.3016798594392
573.2000000001437,291.13081319342086
573.233333333477,292.4005548462745
573.2666666668104,293.4772072949342
573.3000000001437,294.0809857247549
573.333333333477,294.2878396051576
573.3666666668103,294.1893284212893
573.4000000001436,293.9543199503408
573.4333333334769,294.1674047689978
573.4666666668102,295.5523058595806
573.5000000001435,298.81966202854426
573.5333333334768,303.7099469284398
573.5666666668101,308.3466776945002
573.6000000001434,310.7001512153628
573.6333333334767,309.0314457470824
573.66666666681,304.48965310628824
573.7000000001433,299.8771825929029
573.7333333334766,298.0147568390967
573.7666666668099,300.68876052143816
573.8000000001432,306.7563404965624
573.8333333334765,314.559697870258
573.8666666668098,322.4547576832097
573.9000000001431,329.0823321473099
573.9333333334764,333.3520106311781
573.9666666668097,334.18388101256687
574.000000000143,330.95538208754687
574.0333333334763,325.3114722919916
574.0666666668096,319.5985477033716
574.1000000001429,316.14019087339426
574.1333333334762,315.8997403159087
574.1666666668095,317.7441528932779
574.2000000001428,320.3614464387526
574.2333333334761,322.5698381937244
574.2666666668094,324.34844077045653
574.3000000001427,326.2860432533555
574.333333333476,328.9758472986702
574.3666666668094,332.5719901976512
574.4000000001427,336.1018152280876
574.433333333476,338.4144271743057
574.4666666668093,338.4418854071614
574.5000000001426,336.58447664596787
574.5333333334759,334.5013814356118
574.5666666668092,333.8925574199681
574.6000000001425,335.94151815809863
574.6333333334758,339.555703970138
574.6666666668091,343.01571856409635
574.7000000001424,344.6331661092385
574.7333333334757,344.1071329570456
574.766666666809,343.05180701767665
574.8000000001423,343.2213675102182
574.8333333334756,346.0677372700433
574.8666666668089,350.7116591325436
574.9000000001422,355.1897006652594
574.9333333334755,357.53752426567274
574.9666666668088,356.91596627183384
575.0000000001421,355.0170742804865
575.0333333334754,353.8786322773761
575.0666666668087,355.4084686383373
575.100000000142,359.6289357084621
575.1333333334753,365.1405605050562
575.1666666668086,370.5089683419421
575.2000000001419,374.60431378455513
575.2333333334752,377.4470769695519
575.2666666668085,379.3293048037265
575.3000000001418,380.54399834977335
575.3333333334751,381.4152894219436
575.3666666668084,382.30460357492
575.4000000001417,383.5755657375573
575.433333333475,385.509698482774
575.4666666668084,387.8591866778275
575.5000000001417,390.1662086704319
575.533333333475,391.97474218282986
575.5666666668083,393.0948170207736
575.6000000001416,393.84494438408
575.6333333334749,394.6009241143587
575.6666666668082,395.7406747523363
575.7000000001415,397.666529002356
575.7333333334748,400.7964688142483
575.7666666668081,405.5485408732481
575.8000000001414,411.9135875077377
575.8333333334747,418.5474272059873
575.866666666808,423.8458111687596
575.9000000001413,426.2935234658092
575.9333333334746,426.4516762685252
575.9666666668079,426.9737083986497
576.0000000001412,430.6052913157562
576.0333333334745,439.3883128247745
576.0666666668078,451.69222424147694
576.1000000001411,464.6925149452192
576.1333333334744,475.59373540364845
576.1666666668077,483.4664104609573
576.200000000141,490.3227246643712
576.2333333334743,498.4337716037796
576.2666666668076,509.7068927830221
576.3000000001409,522.8052507246689
576.3333333334742,534.6878683042312
576.3666666668075,542.3030100043893
576.4000000001408,544.2739157344154
576.4333333334741,543.4214061695418
576.4666666668074,543.2132522728381
576.5000000001407,546.9841474218539
576.533333333474,555.8717743798195
576.5666666668074,569.2107153382956
576.6000000001407,586.2822223565577
576.633333333474,606.1275391050202
576.6666666668073,626.8069537688441
576.7000000001406,646.1301716950013
576.7333333334739,661.9706109697628
576.7666666668072,674.5314547313764
576.8000000001405,686.959896999548
576.8333333334738,702.5918064181147
576.8666666668071,724.3063674572704
576.9000000001404,751.9020095408802
576.9333333334737,783.9037026325568
576.966666666807,818.8369162564245
577.0000000001403,855.7903130536731
577.0333333334736,894.9542904235498
577.0666666668069,936.6469418463804
577.1000000001402,981.2229195697364
577.1333333334735,1029.4620560846388
577.1666666668068,1082.4185813850202
577.2000000001401,1141.1521038918324
577.2333333334734,1208.3211424146562
577.2666666668067,1291.531238686389
577.30000000014,1399.3417628090192
577.3333333334733,1539.565914403384
577.3666666668066,1703.3587327154642
577.4000000001399,1865.4922483735247
577.4333333334732,2000.047356661664
577.4666666668065,2106.8896069950006
577.5000000001398,2314.34321318807
577.5333333334731,2790.658175204683
577.5666666668064,3701.725787239775
577.6000000001397,5085.28141986675
577.633333333473,6788.138649369853
577.6666666668063,8641.557946936195
577.7000000001397,10466.92921741228
577.733333333473,12005.194911033184
577.7666666668063,12958.082439330155
577.8000000001396,13027.912689185212
577.8333333334729,12118.67736130756
577.8666666668062,10594.538136864643
577.9000000001395,8883.53537063737
577.9333333334728,7393.980377081597
577.9666666668061,6255.450803269339
578.0000000001394,5391.078576598473
578.0333333334727,4719.134487382589
578.066666666806,4170.1131981085855
578.1000000001393,3718.1720808999166
578.1333333334726,3347.2133349138385
578.1666666668059,3041.279123006493
578.2000000001392,2788.298469479921
578.2333333334725,2580.498926772915
578.2666666668058,2410.330606021486
578.3000000001391,2269.9856617719934
578.3333333334724,2150.1979857781694
578.3666666668057,2041.1895741110295
578.400000000139,1933.2609157803288
578.4333333334723,1822.353322091381
578.4666666668056,1713.71089666576
578.5000000001389,1613.447150629944
578.5333333334722,1526.9322619974944
578.5666666668055,1452.7395861407026
578.6000000001388,1385.799183499414
578.6333333334721,1321.0130307032175
578.6666666668054,1255.7297341671913
578.7000000001387,1193.394127178602
578.733333333472,1138.3847044446352
578.7666666668053,1094.763329036146
578.8000000001387,1061.602341103653
578.833333333472,1034.0001506764577
578.8666666668053,1006.9449615187372
578.9000000001386,976.7231845870642
578.9333333334719,944.6055353955206
578.9666666668052,913.0587516618534
579.0000000001385,884.5134732337003
579.0333333334718,860.2840121135923
579.0666666668051,840.3816402635099
579.1000000001384,824.7439091245758
579.1333333334717,813.0972942831651
579.166666666805,803.9102373162681
579.2000000001383,795.1870265758678
579.2333333334716,784.9496420144973
579.2666666668049,772.6871002497745
579.3000000001382,760.3988396461976
579.3333333334715,750.3304720923022
579.3666666668048,744.4856379287646
579.4000000001381,742.5773061824418
579.4333333334714,743.0558769751688
579.4666666668047,744.3616975286617
579.500000000138,746.2374991249255
579.5333333334713,751.7342644594477
579.5666666668046,764.4204585799307
579.6000000001379,787.4143627771828
579.6333333334712,816.6457391474328
579.6666666668045,842.2696846556889
579.7000000001378,854.2781683465762
579.7333333334711,853.0668730831105
579.7666666668044,878.9500812341203
579.8000000001377,981.8148100634604
579.833333333471,1210.231529001453
579.8666666668043,1572.846561604664
579.9000000001377,2032.1521703070396
579.933333333471,2548.069868364889
579.9666666668043,3073.442202380667
580.0000000001376,3519.8432740558187
580.0333333334709,3783.933647617661
580.0666666668042,3763.560788979817
580.1000000001375,3444.8019926885263
580.1333333334708,2960.441383080338
580.1666666668041,2457.122229108374
580.2000000001374,2068.1556518824123
580.2333333334707,1806.5439443734524
580.266666666804,1621.485445506419
580.3000000001373,1461.7164153751637
580.3333333334706,1314.5925799178456
580.3666666668039,1260.7681621708175
580.4000000001372,1394.70639743404
580.4333333334705,1798.8958853363315
580.4666666668038,2380.0649131754467
580.5000000001371,2911.367088036644
580.5333333334704,3162.622300645855
580.5666666668037,2983.560578079368
580.600000000137,2508.780086412125
580.6333333334703,1936.3304029515637
580.6666666668036,1459.8682878878249
580.7000000001369,1157.6823662879272
580.7333333334702,984.1192933753302
580.7666666668035,887.4153775088396
580.8000000001368,821.9647495102108
580.8333333334701,774.7549164883723
580.8666666668034,743.5167132402308
580.9000000001367,725.9659439117148
580.93333333347,718.5986039935758
580.9666666668033,716.0640276091765
581.0000000001367,712.8577345734457
581.03333333347,704.179107624537
581.0666666668033,690.8181441697425
581.1000000001366,676.2311562381886
581.1333333334699,663.8826331084545
581.1666666668032,655.7602759823177
581.2000000001365,650.6815738505056
581.2333333334698,647.0537485240741
581.2666666668031,643.3926795820136
581.3000000001364,639.5551360063384
581.3333333334697,636.3013826665932
581.366666666803,634.4083354398999
581.4000000001363,634.2099309381078
581.4333333334696,634.6744126479098
581.4666666668029,634.507675928185
581.5000000001362,632.5057245867117
581.5333333334695,629.3126800657111
581.5666666668028,627.3041067200146
581.6000000001361,628.9223112960576
581.6333333334694,636.7059969166919
581.6666666668027,653.6246853426838
581.700000000136,682.7682071324662
581.7333333334693,727.0660037926713
581.7666666668026,783.2712385192431
581.8000000001359,840.1478700882049
581.8333333334692,885.9293316736979
581.8666666668025,910.7294657127536
581.9000000001358,916.8783900806972
581.9333333334691,911.5866388698038
581.9666666668024,902.0475444809696
582.0000000001357,892.713711828643
582.033333333469,883.1366430025902
582.0666666668023,872.3594532488977
582.1000000001357,860.5905972924116
582.133333333469,859.2530730601038
582.1666666668023,886.032313824196
582.2000000001356,958.6298863444212
582.2333333334689,1075.3650565156622
582.2666666668022,1186.250145972111
582.3000000001355,1233.8969892154414
582.3333333334688,1173.1792724826914
582.3666666668021,1141.0721063602914
582.4000000001354,1414.0341228816933
582.4333333334687,2272.061321879089
582.466666666802,3849.561474811737
582.5000000001353,5769.627535581059
582.5333333334686,7543.162855419749
582.5666666668019,8692.806590409211
582.6000000001352,9030.418356140335
582.6333333334685,8668.223179088687
582.6666666668018,7732.411879854841
582.7000000001351,6369.173750739701
582.7333333334684,4824.024687964444
582.7666666668017,3373.2595074455608
582.800000000135,2289.4734382775578
582.8333333334683,1673.0530281947931
582.8666666668016,1382.9641480542962
582.9000000001349,1260.124211739403
582.9333333334682,1161.161335762544
582.9666666668015,1053.4993701330898
583.0000000001348,952.214599576559
583.0333333334681,872.4928896245965
583.0666666668014,821.1393048060473
583.1000000001347,789.066692225786
583.133333333468,765.4145321055126
583.1666666668013,740.2244924790945
583.2000000001347,712.7462469429678
583.233333333468,687.613919076444
583.2666666668013,669.5239960902967
583.3000000001346,660.6887340406289
583.3333333334679,656.9032639179648
583.3666666668012,652.9404195580037
583.4000000001345,643.9030940832795
583.4333333334678,629.95458412295
583.4666666668011,615.2169121202636
583.5000000001344,603.9175789857187
583.5333333334677,598.9913434297027
583.566666666801,598.7848316259641
583.6000000001343,600.6272483080342
583.6333333334676,601.9027569238641
583.6666666668009,601.3435492529902
583.7000000001342,599.0782192403362
583.7333333334675,595.299998081964
583.7666666668008,590.3879930463291
583.8000000001341,585.6293283269845
583.8333333334674,582.5879737674996
583.8666666668007,582.7979782952214
583.900000000134,586.4860306104122
583.9333333334673,592.0937418689414
583.9666666668006,597.9342770224607
584.0000000001339,602.4731841213318
584.0333333334672,605.2024871139639
584.0666666668005,606.0379604163174
584.1000000001338,604.9105905902741
584.1333333334671,603.0475938669664
584.1666666668004,604.0101223729074
584.2000000001337,611.6035275288119
584.233333333467,629.0099369799503
584.2666666668003,653.5451856047417
584.3000000001337,679.3064348288747
584.333333333467,700.3679550838668
584.3666666668003,713.8004078299775
584.4000000001336,723.8210689232056
584.4333333334669,735.6899794121556
584.4666666668002,754.3792686196787
584.5000000001335,780.9729171531325
584.5333333334668,813.762980688172
584.5666666668001,850.9806686000535
584.6000000001334,891.5518608157795
584.6333333334667,936.611335761156
584.6666666668,987.7319292051816
584.7000000001333,1046.3749015065866
584.7333333334666,1111.7436259662977
584.7666666667999,1180.9426674727074
584.8000000001332,1250.9968844787736
584.8333333334665,1324.5833168547863
584.8666666667998,1428.417689346541
584.9000000001331,1595.6052118906323
584.9333333334664,1858.0247249425167
584.9666666667997,2207.7094239070543
585.000000000133,2589.054951800442
585.0333333334663,2943.6565486325776
585.0666666667996,3260.791412649614
585.1000000001329,3800.4228137071777
585.1333333334662,4917.911984398099
585.1666666667995,6963.069759586438
585.2000000001328,9955.65177795923
585.2333333334661,13409.15944147181
585.2666666667994,16794.162603515964
585.3000000001327,19598.4180919246
585.333333333466,21440.51476954063
585.3666666667993,21999.20539045545
585.4000000001326,20956.28693410936
585.433333333466,18340.756023219783
585.4666666667993,14865.451216166728
585.5000000001326,11323.126516620496
585.5333333334659,8450.08531185092
585.5666666667992,6398.770707544804
585.6000000001325,4976.684838422113
585.6333333334658,3986.939761071628
585.6666666667991,3268.757351671947
585.7000000001324,2752.990771583312
585.7333333334657,2384.810413914029
585.766666666799,2110.785164319162
585.8000000001323,1897.5934245342871
585.8333333334656,1726.9868969434003
585.8666666667989,1581.0832862549646
585.9000000001322,1446.4424398703677
585.9333333334655,1324.2052478006196
585.9666666667988,1218.4998037587268
586.0000000001321,1133.2179329377043
586.0333333334654,1067.3571547873707
586.0666666667987,1015.3030541091022
586.100000000132,971.2614839278036
586.1333333334653,930.5035426420684
586.1666666667986,892.8267759285743
586.2000000001319,859.2307908626368
586.2333333334652,830.6670517143496
586.2666666667985,806.5711090491886
586.3000000001318,784.5935593895256
586.3333333334651,762.2825885159707
586.3666666667984,737.9915927617633
586.4000000001317,714.4890210881387
586.433333333465,696.0487314316016
586.4666666667983,686.8602160846735
586.5000000001316,686.6669018810376
586.533333333465,688.6920281325974
586.5666666667983,685.6392072844619
586.6000000001316,671.3292104173507
586.6333333334649,647.4977787817816
586.6666666667982,619.298797071987
586.7000000001315,591.8818591025869
586.7333333334648,568.657305850382
586.7666666667981,549.8618602642114
586.8000000001314,535.3945953307615
586.8333333334647,525.0320665538245
586.866666666798,517.421419854512
586.9000000001313,510.60041997938254
586.9333333334646,502.6051746916532
586.9666666667979,492.4571523458148
587.0000000001312,481.4167091745046
587.0333333334645,471.0535023503312
587.0666666667978,462.823169259317
587.1000000001311,456.7961740267431
587.1333333334644,452.12013427175856
587.1666666667977,447.9263342153186
587.200000000131,443.71067948001337
587.2333333334643,440.00242385680775
587.2666666667976,437.5126167480289
587.3000000001309,436.8700867366076
587.3333333334642,437.3612911806447
587.3666666667975,437.1788122603495
587.4000000001308,434.4834199556384
587.4333333334641,428.3492253997253
587.4666666667974,421.0821066023237
587.5000000001307,415.70240065469335
587.533333333464,415.0899125944839
587.5666666667973,418.95309871095344
587.6000000001306,423.86252912429336
587.633333333464,426.25493465301776
587.6666666667973,423.5859590661042
587.7000000001306,417.8020254952901
587.7333333334639,412.0863911379088
587.7666666667972,409.5610092709804
587.8000000001305,411.3569059845324
587.8333333334638,416.226015739533
587.8666666667971,422.7805253450775
587.9000000001304,429.5727037131924
587.9333333334637,434.8271964301428
587.966666666797,436.6572354554853
588.0000000001303,433.2227834360741
588.0333333334636,424.9968032972332
588.0666666667969,415.7778520102871
588.1000000001302,409.622235835397
588.1333333334635,409.9727430758324
588.1666666667968,416.1140578567196
588.2000000001301,425.6048422538914
588.2333333334634,436.0077916693125
588.2666666667967,445.6719529566308
588.30000000013,454.30344326159207
588.3333333334633,461.7429146890423
588.3666666667966,467.72332522920135
588.4000000001299,471.070913218853
588.4333333334632,470.15772071509286
588.4666666667965,463.3869664988636
588.5000000001298,454.4743179923611
588.5333333334631,458.1245034607154
588.5666666667964,490.40388013382704
588.6000000001297,563.3980737579193
588.633333333463,647.3406328134528
588.6666666667963,687.4260213983328
588.7000000001296,628.7195965481154
588.733333333463,491.162262145632
588.7666666667963,480.1880312817104
588.8000000001296,829.460144091472
588.8333333334629,1746.67402169376
588.8666666667962,3095.7591046466728
588.9000000001295,4497.199150114357
588.9333333334628,5566.409627785596
588.9666666667961,6027.323197406401
589.0000000001294,5925.576011228324
589.0333333334627,5366.139757428993
589.066666666796,4457.334155579489
589.1000000001293,3363.941943515827
589.1333333334626,2297.7164028276143
589.1666666667959,1471.835929734294
589.2000000001292,1028.344844261185
589.2333333334625,857.350189710729
589.2666666667958,793.2095286283276
589.3000000001291,677.8692329758417
589.3333333334624,518.8830151563151
589.3666666667957,484.5949259722992
589.400000000129,749.9741620782271
589.4333333334623,1425.6612154792615
589.4666666667956,2351.1102144208508
589.5000000001289,3294.325883461922
589.5333333334622,4026.680782882797
589.5666666667955,4416.620869326258
589.6000000001288,4441.995049421886
589.6333333334621,4086.4973967779138
589.6666666667954,3365.676843821459
589.7000000001287,2454.0988907596893
589.733333333462,1575.848567563607
589.7666666667953,951.3334514384576
589.8000000001286,656.604300254776
589.833333333462,579.7379345043234
589.8666666667953,596.2032599648235
589.9000000001286,597.1471824889462
589.9333333334619,566.0365820364259
589.9666666667952,520.0166380749587
590.0000000001285,476.1467851596706
590.0333333334618,444.082754782606
590.0666666667951,422.385950625401
590.1000000001284,408.70665263141655
590.1333333334617,400.66417059061104
590.166666666795,395.6632275233945
590.2000000001283,391.0176926286567
590.2333333334616,384.0795307356652
590.2666666667949,375.2985218935967
590.3000000001282,370.4475232524752
590.3333333334615,375.8241746585769
590.3666666667948,395.6632725004406
590.4000000001281,417.40485693698434
590.4333333334614,420.3095263171562
590.4666666667947,383.8096586368552
590.500000000128,315.8985447367655
590.5333333334613,280.6651148134183
590.5666666667946,348.7315780844757
590.6000000001279,579.8889848804399
590.6333333334612,930.3612321624912
590.6666666667945,1298.831396089048
590.7000000001278,1583.522303286495
590.7333333334611,1716.3220127762484
590.7666666667944,1704.461148297069
590.8000000001277,1565.4005711328043
590.833333333461,1319.0871594077134
590.8666666667943,1013.394488785922
590.9000000001276,713.7617376473917
590.933333333461,485.836945489556
590.9666666667943,368.4476876286226
591.0000000001276,332.24108746866006
591.0333333334609,337.1903996515499
591.0666666667942,345.1541477181011
591.1000000001275,342.894994430373
591.1333333334608,334.7856861230778
591.1666666667941,325.56900702488565
591.2000000001274,318.7157078692248
591.2333333334607,314.0358716474758
591.266666666794,310.6850774074652
591.3000000001273,307.8579249105977
591.3333333334606,305.3560722121283
591.3666666667939,303.46064547009297
591.4000000001272,302.4657594055733
591.4333333334605,302.4232956419484
591.4666666667938,302.5989739673929
591.5000000001271,302.09930575220505
591.5333333334604,300.0897098060236
591.5666666667937,296.81702054894254
591.600000000127,293.47638287524296
591.6333333334603,291.29507201035415
591.6666666667936,291.0622921230286
591.7000000001269,291.9709443910978
591.7333333334602,292.8504344781019
591.7666666667935,292.58834921710155
591.8000000001268,291.3355374511712
591.8333333334601,290.46584642381976
591.8666666667934,291.40324917743106
591.9000000001267,294.95081848514224
591.93333333346,299.3846513593997
591.9666666667933,302.3380684935269
592.0000000001266,301.54243459440835
592.03333333346,297.2533126802663
592.0666666667933,292.40973624054146
592.1000000001266,290.0806747219396
592.1333333334599,292.33495192176827
592.1666666667932,296.7217606896527
592.2000000001265,299.5142181295688
592.2333333334598,297.10256424143165
592.2666666667931,289.4642957355051
592.3000000001264,280.74302021618536
592.3333333334597,275.31612772564193
592.366666666793,276.5670562246358
592.4000000001263,282.9199590971913
592.4333333334596,291.2553528307012
592.4666666667929,298.4921491687561
592.5000000001262,302.9681272496805
592.5333333334595,304.8121604773563
592.5666666667928,304.26772689591274
592.6000000001261,301.7938457702033
592.6333333334594,299.03055962718776
592.6666666667927,298.0203424581021
592.700000000126,300.7569091754018
592.7333333334593,307.09379675667753
592.7666666667926,313.9625271486472
592.8000000001259,318.084387833863
592.8333333334592,316.88965823559903
592.8666666667925,312.0524900953369
592.9000000001258,306.8191183067205
592.9333333334591,304.38901297523023
592.9666666667924,305.3880409448524
593.0000000001257,306.66033238922006
593.033333333459,304.74778954975926
593.0666666667923,297.0231242540408
593.1000000001256,286.2634902870608
593.133333333459,277.40767258352304
593.1666666667923,275.34509960272203
593.2000000001256,281.522086214216
593.2333333334589,291.96649000786886
593.2666666667922,302.2303915947434
593.3000000001255,308.51966994681726
593.3333333334588,311.6379048441079
593.3666666667921,314.3611473376053
593.4000000001254,319.4459780710959
593.4333333334587,327.6230734406868
593.466666666792,336.2256221860518
593.5000000001253,342.26226202936147
593.5333333334586,343.18666411932503
593.5666666667919,339.8177138961871
593.6000000001252,334.5129131423736
593.6333333334585,329.6267907100201
593.6666666667918,326.53567407712745
593.7000000001251,324.87651222028785
593.7333333334584,324.1071186079879
593.7666666667917,323.69937851463686
593.800000000125,323.23896710115315
593.8333333334583,322.36666042803205
593.8666666667916,320.7258675578145
593.9000000001249,318.20322273409374
593.9333333334582,315.14158431052255
593.9666666667915,311.93404142281133
594.0000000001248,308.9936471860693
594.0333333334581,306.9051125002024
594.0666666667914,306.3406502886021
594.1000000001247,307.96641965323875
594.133333333458,311.5907230802218
594.1666666667913,315.33326740549546
594.2000000001246,317.1165716212882
594.233333333458,315.12733325821324
594.2666666667913,309.9533600884841
594.3000000001246,303.4632870065865
594.3333333334579,297.53345567224136
594.3666666667912,293.3995105370735
594.4000000001245,290.9806563213986
594.4333333334578,290.03427228631455
594.4666666667911,290.29909894218525
594.5000000001244,291.3358992003583
594.5333333334577,292.606661741273
594.566666666791,293.5741990529434
594.6000000001243,294.0288132163071
594.6333333334576,294.45942095804696
594.6666666667909,295.4446893434444
594.7000000001242,297.47542599360656
594.7333333334575,300.16663797501747
594.7666666667908,302.6305248807985
594.8000000001241,303.97683661843
594.8333333334574,304.02202628495934
594.8666666667907,304.13917663422365
594.900000000124,305.90890948311454
594.9333333334573,310.64235398883903
594.9666666667906,316.8647259004576
595.0000000001239,321.455982214393
595.0333333334572,321.28577112886086
595.0666666667905,315.7115896092332
595.1000000001238,309.71773202437925
595.1333333334571,309.06176732865816
595.1666666667904,318.7678150952163
595.2000000001237,336.0502045857834
595.233333333457,353.4053082218316
595.2666666667903,363.27813084421314
595.3000000001236,361.6118938576256
595.333333333457,352.4281911324891
595.3666666667903,340.88533886295045
595.4000000001236,331.83994892080983
595.4333333334569,326.86265566011434
595.4666666667902,325.5046834761769
595.5000000001235,327.2865977309526
595.5333333334568,331.39465201705184
595.5666666667901,336.2313183126712
595.6000000001234,340.08688590347174
595.6333333334567,341.4499869621086
595.66666666679,341.0031430242846
595.7000000001233,340.79292766485025
595.7333333334566,342.8819610054207
595.7666666667899,348.0698093894911
595.8000000001232,354.16694547184744
595.8333333334565,358.5514862751078
595.8666666667898,358.9763212273617
595.9000000001231,357.3739532857114
595.9333333334564,358.2916238589203
595.9666666667897,366.3071379867682
596.000000000123,383.2792314819923
596.0333333334563,404.6084847268347
596.0666666667896,424.7575537802316
596.1000000001229,438.6715360688923
596.1333333334562,446.6808727236319
596.1666666667895,452.4873644179015
596.2000000001228,459.8419704680535
596.2333333334561,471.7649658231954
596.2666666667894,489.5448972829151
596.3000000001227,514.2194182965692
596.333333333456,546.5060919101204
596.3666666667893,583.5721577171452
596.4000000001226,620.3728694353737
596.433333333456,651.8360061719568
596.4666666667893,674.5285764985914
596.5000000001226,688.8718758698203
596.5333333334559,695.8406658935859
596.5666666667892,696.2524440382064
596.6000000001225,689.2040475006321
596.6333333334558,672.7312265986919
596.6666666667891,644.8819836349497
596.7000000001224,610.7944828401023
596.7333333334557,592.0512044549632
596.766666666789,612.5598925550969
596.8000000001223,690.8781683615446
596.8333333334556,788.233684028331
596.8666666667889,831.0533650570986
596.9000000001222,745.7558507906249
596.9333333334555,570.2746164569728
596.9666666667888,596.2098806350542
597.0000000001221,1150.251089989468
597.0333333334554,2506.3404747489594
597.0666666667887,4388.740241316436
597.100000000122,6195.077680673821
597.1333333334553,7319.94846790268
597.1666666667886,7422.832249923959
597.2000000001219,6750.826316164828
597.2333333334552,5630.016260209351
597.2666666667885,4374.196211552146
597.3000000001218,3173.445902266841
597.3333333334551,2146.281090488261
597.3666666667884,1409.9653915640663
597.4000000001217,1012.9789781603496
597.433333333455,855.8246076881235
597.4666666667883,819.8064828327927
597.5000000001216,794.4800797133607
597.533333333455,749.079939723904
597.5666666667883,697.4564688860822
597.6000000001216,653.92610473111
597.6333333334549,629.0021191293289
597.6666666667882,625.3069022082589
597.7000000001215,644.4816027612601
597.7333333334548,686.8783955789487
597.7666666667881,740.9843978877627
597.8000000001214,788.8923012078445
597.8333333334547,812.7038754229828
597.866666666788,803.9261327308261
597.9000000001213,772.7837576758395
597.9333333334546,731.7163275111894
597.9666666667879,692.2718521687219
598.0000000001212,658.2237459310967
598.0333333334545,629.3361116956498
598.0666666667878,605.3379685767295
598.1000000001211,585.7615002254854
598.1333333334544,569.7651596424087
598.1666666667877,556.4656306533599
598.200000000121,545.0246133759215
598.2333333334543,534.9734540909622
598.2666666667876,526.0248252730065
598.3000000001209,517.899173487218
598.3333333334542,510.9278133719395
598.3666666667875,506.5428087947453
598.4000000001208,506.2915063112743
598.4333333334541,511.277216631868
598.4666666667874,519.189622680139
598.5000000001207,526.1352173142074
598.533333333454,528.2426987351378
598.5666666667873,524.0569184627095
598.6000000001206,516.2332975647186
598.633333333454,507.8273213418509
598.6666666667873,501.5429550225776
598.7000000001206,497.5682113102939
598.7333333334539,494.9947519746577
598.7666666667872,492.91547189723445
598.8000000001205,490.799604357045
598.8333333334538,488.71780373013183
598.8666666667871,486.7946339952781
598.9000000001204,485.1120324241036
598.9333333334537,483.46942933345457
598.966666666787,481.5513306775409
599.0000000001203,479.05378872688897
599.0333333334536,476.3192144908432
599.0666666667869,474.6554270307578
599.1000000001202,475.44917272561895
599.1333333334535,479.5532103100497
599.1666666667868,484.5607141813901
599.2000000001201,486.8351628200747
599.2333333334534,482.9413304164846
599.2666666667867,478.68761619709926
599.30000000012,492.7219767887214
599.3333333334533,544.6395483633153
599.3666666667866,643.6753771813205
599.4000000001199,741.1231866247955
599.4333333334532,768.1438798937364
599.4666666667865,660.4677382675072
599.5000000001198,528.0659312341377
599.5333333334531,704.8679224873412
599.5666666667864,1539.532987602675
599.6000000001197,3240.980417744501
599.633333333453,5305.868826929553
599.6666666667863,7004.502159832109
599.7000000001196,7624.648846485651
599.733333333453,7012.64108577213
599.7666666667863,5675.850029981425
599.8000000001196,4159.882539304139
599.8333333334529,2923.701083071529
599.8666666667862,2025.9534437692648
599.9000000001195,1409.7545926495368
599.9333333334528,1018.2354687602434
599.9666666667861,795.2502151375128
600.0000000001194,685.4370338898048
600.0333333334527,633.473385203744
600.066666666786,593.0218316606254
600.1000000001193,555.1627064615316
600.1333333334526,520.7151820490914
600.1666666667859,490.4835758646577
600.2000000001192,464.937334629984
600.2333333334525,444.2150486224581
600.2666666667858,428.441230841064
600.3000000001191,417.5237080646857
600.3333333334524,410.56176747902896
600.3666666667857,406.4661477794792
600.400000000119,404.1513954204509
600.4333333334523,402.6044279390352
600.4666666667856,400.8769753551626
600.5000000001189,398.0231298606696
600.5333333334522,393.4604649073287
600.5666666667855,387.8151156907233
600.6000000001188,381.9640834816593
600.6333333334521,376.7583192281469
600.6666666667854,372.62971071067903
600.7000000001187,369.67189057586165
600.733333333452,367.968662117663
600.7666666667853,367.38908100574565
600.8000000001186,367.1689041729218
600.833333333452,366.42771953380696
600.8666666667852,364.36802178247126
600.9000000001186,361.3234102894943
600.9333333334519,358.44543314277735
600.9666666667852,356.90263243828645
601.0000000001185,357.27580720362425
601.0333333334518,358.6145574918797
601.0666666667851,359.7222896267484
601.1000000001184,359.5290751666319
601.1333333334517,358.4329065476296
601.166666666785,357.77665998518387
601.2000000001183,358.9170557402451
601.2333333334516,362.7752171621176
601.2666666667849,369.2732634509595
601.3000000001182,378.1938348634416
601.3333333334515,389.1281885478628
601.3666666667848,399.78162038693125
601.4000000001181,406.7863740841326
601.4333333334514,406.8086484692
601.4666666667847,402.9153182172007
601.500000000118,411.0539087786312
601.5333333334513,448.7165882991224
601.5666666667846,527.6105094845652
601.6000000001179,610.9488144016383
601.6333333334512,637.7412659411107
601.6666666667845,548.036282593958
601.7000000001178,387.59957577532543
601.7333333334511,388.2820518497557
601.7666666667844,800.8543456449991
601.8000000001177,1821.8614962580568
601.833333333451,3261.3211794899894
601.8666666667843,4761.425411341554
601.9000000001176,5965.783374248953
601.933333333451,6640.643842488081
601.9666666667842,6740.459631229415
602.0000000001176,6235.654557107981
602.0333333334509,5138.45165262233
602.0666666667842,3714.108830345502
602.1000000001175,2322.606369426499
602.1333333334508,1318.5944787819103
602.1666666667841,830.0936103414449
602.2000000001174,682.9866147625249
602.2333333334507,682.1664139502906
602.266666666784,661.3036654926228
602.3000000001173,601.6661346537068
602.3333333334506,531.7119893392139
602.3666666667839,479.3170923089687
602.4000000001172,454.1430071030486
602.4333333334505,444.8400930586328
602.4666666667838,438.8924885095362
602.5000000001171,426.4304695628435
602.5333333334504,409.0405280031072
602.5666666667837,391.4087771653511
602.600000000117,378.07584331253406
602.6333333334503,370.2737641624984
602.6666666667836,365.9474145946489
602.7000000001169,362.9004292676922
602.7333333334502,359.41911235877313
602.7666666667835,355.5446218638663
602.8000000001168,351.71681014615814
602.8333333334501,348.35107249176616
602.8666666667834,345.435097372889
602.9000000001167,342.5925712558321
602.93333333345,339.43570949181014
602.9666666667833,335.81085483046087
603.0000000001166,332.2761954970853
603.03333333345,329.52471093215826
603.0666666667832,328.18762293494086
603.1000000001166,328.05155887981226
603.1333333334499,328.2913707698618
603.1666666667832,328.06902272300806
603.2000000001165,326.869747670121
603.2333333334498,324.99914094093094
603.2666666667831,322.89098566029605
603.3000000001164,320.9881562327489
603.3333333334497,319.83196116818914
603.366666666783,320.0239327347758
603.4000000001163,322.16386181143616
603.4333333334496,326.4120398879922
603.4666666667829,331.99870756012245
603.5000000001162,338.03573977918575
603.5333333334495,343.6060173486792
603.5666666667828,347.5416885123943
603.6000000001161,348.54648604625646
603.6333333334494,345.3369348432714
603.6666666667827,337.837590249937
603.700000000116,328.1029378265479
603.7333333334493,318.40447642389256
603.7666666667826,310.86088477816025
603.8000000001159,306.5294018809599
603.8333333334492,306.0168891236728
603.8666666667825,309.9096651569912
603.9000000001158,317.8116320079472
603.9333333334491,327.88550213822293
603.9666666667824,338.1790799785011
604.0000000001157,346.8933249165787
604.033333333449,353.08577365228115
604.0666666667823,356.1116039720615
604.1000000001156,355.35794479351694
604.133333333449,351.2806937478241
604.1666666667822,345.6371743161518
604.2000000001156,340.26346145303506
604.2333333334489,336.6443210733189
604.2666666667822,334.6833391956219
604.3000000001155,333.83944948324194
604.3333333334488,333.57087682918376
604.3666666667821,333.3198968787362
604.4000000001154,332.512724070477
604.4333333334487,330.57487550248305
604.466666666782,327.19729519100434
604.5000000001153,323.0285437938563
604.5333333334486,318.93306976903534
604.5666666667819,315.7858248450753
604.6000000001152,314.6377076599737
604.6333333334485,316.685362505204
604.6666666667818,323.128669754818
604.7000000001151,333.98747137386323
604.7333333334484,345.87857701931495
604.7666666667817,354.8090169468969
604.800000000115,357.103870312746
604.8333333334483,353.034305089482
604.8666666667816,345.5406843476991
604.9000000001149,337.6114848646549
604.9333333334482,331.67547242431806
604.9666666667815,328.8701715701402
605.0000000001148,330.15161893316264
605.0333333334481,336.23320825810214
605.0666666667814,345.55254985148946
605.1000000001147,355.3021682586559
605.133333333448,362.6751417887424
605.1666666667813,366.2138418403053
605.2000000001146,366.95489571262806
605.233333333448,366.2046344793598
605.2666666667812,365.2296849164584
605.3000000001146,365.011375549625
605.3333333334479,366.4062810553888
605.3666666667812,370.26049292413086
605.4000000001145,376.8886573453078
605.4333333334478,385.81757678768
605.4666666667811,396.5103107377896
605.5000000001144,408.3632012880166
605.5333333334477,420.4026114568807
605.566666666781,431.52738274079866
605.6000000001143,440.6840232070041
605.6333333334476,448.3505434977783
605.6666666667809,456.8239599197355
605.7000000001142,468.5071090344859
605.7333333334475,484.90613001146295
605.7666666667808,503.68350526867033
605.8000000001141,521.4720531759726
605.8333333334474,535.4393481463838
605.8666666667807,553.955607146293
605.900000000114,596.0161401984702
605.9333333334473,681.0312971807532
605.9666666667806,809.6304892021303
606.0000000001139,920.4196214840476
606.0333333334472,939.2188164609126
606.0666666667805,808.4794507291703
606.1000000001138,711.3024408765815
606.1333333334471,1011.9332766503584
606.1666666667804,2078.4217268905945
606.2000000001137,4016.032562073903
606.233333333447,6261.028168600274
606.2666666667803,8144.769532686843
606.3000000001136,9052.564205919683
606.333333333447,8928.951177162358
606.3666666667802,8049.439136907048
606.4000000001136,6693.752479604575
606.4333333334469,5128.475040562108
606.4666666667802,3594.298550373017
606.5000000001135,2328.8874355710723
606.5333333334468,1535.9646352877926
606.5666666667801,1161.1899632548204
606.6000000001134,1031.6740154484594
606.6333333334467,975.160318574811
606.66666666678,892.2429596566816
606.7000000001133,794.9879149033414
606.7333333334466,704.8830501742956
606.7666666667799,639.8756716717796
606.8000000001132,597.9034460638121
606.8333333334465,569.881901245312
606.8666666667798,546.8624266483667
606.9000000001131,524.5068759504758
606.9333333334464,503.9599307066058
606.9666666667797,486.6858715356659
607.000000000113,473.7227487704804
607.0333333334463,464.3100506407749
607.0666666667796,457.2129430023613
607.1000000001129,451.2228042857667
607.1333333334462,445.653970661344
607.1666666667795,440.3028158838569
607.2000000001128,434.9837339156815
607.2333333334461,429.5258290984051
607.2666666667794,423.8044533170087
607.3000000001127,417.70402359678855
607.333333333446,411.1470312547213
607.3666666667793,404.5614314330505
607.4000000001126,398.73384384095846
607.433333333446,394.4567983026069
607.4666666667792,392.0559847169938
607.5000000001125,390.75976304944777
607.5333333334459,389.6389743764742
607.5666666667792,387.8411558020536
607.6000000001125,385.2216017698504
607.6333333334458,382.01780696761983
607.6666666667791,378.4714296299911
607.7000000001124,374.8624071993498
607.7333333334457,371.53838898390273
607.766666666779,368.85395188504975
607.8000000001123,367.1100307365164
607.8333333334456,366.2543706390213
607.8666666667789,366.09188875916215
607.9000000001122,366.4303443737057
607.9333333334455,367.2121171396715
607.9666666667788,368.5595636593832
608.0000000001121,370.6075958098596
608.0333333334454,373.1552407757551
608.0666666667787,374.4034863050813
608.100000000112,372.07857525923225
608.1333333334453,364.19509841164336
608.1666666667786,355.52736860102084
608.2000000001119,357.6801395740026
608.2333333334452,382.5600068755823
608.2666666667785,435.4355241722863
608.3000000001118,498.7297357937203
608.3333333334451,549.9546800630537
608.3666666667784,568.1059146783185
608.4000000001117,553.9416767129641
608.433333333445,524.753344620323
608.4666666667783,498.2296850226717
608.5000000001116,486.2822081025152
608.533333333445,486.4013862945628
608.5666666667782,493.8646770659475
608.6000000001115,504.0743678376173
608.6333333334449,513.651409421364
608.6666666667782,519.9050469087748
608.7000000001115,520.172829176791
608.7333333334448,513.8015934395579
608.7666666667781,503.8083096098048
608.8000000001114,493.6009264982342
608.8333333334447,486.08422099763175
608.866666666778,480.7748948643224
608.9000000001113,475.7914908011324
608.9333333334446,469.2963719075291
608.9666666667779,461.482885162657
609.0000000001112,455.2771702784101
609.0333333334445,453.7978268794721
609.0666666667778,459.0098586011141
609.1000000001111,467.4268579073062
609.1333333334444,473.9536864122632
609.1666666667777,473.70871315830607
609.200000000111,466.6590869798594
609.2333333334443,457.5836593211896
609.2666666667776,451.4672970595314
609.3000000001109,451.7288919276682
609.3333333334442,456.5808152557928
609.3666666667775,463.15476082309806
609.4000000001108,468.746908754266
609.4333333334441,472.9181934480878
609.4666666667774,476.8776520930857
609.5000000001107,481.869402936624
609.533333333444,488.5497609565285
609.5666666667773,496.1926895066424
609.6000000001106,503.87360743092177
609.6333333334439,510.8701067909576
609.6666666667772,518.268462070186
609.7000000001105,528.1074251850558
609.7333333334439,542.4070587541762
609.7666666667772,561.1287620742487
609.8000000001105,580.7706825694124
609.8333333334438,597.4987824546828
609.8666666667771,608.5198368801302
609.9000000001104,617.3219139580133
609.9333333334437,629.737729168105
609.966666666777,651.4146315847125
610.0000000001103,681.6679885644188
610.0333333334436,712.138693646908
610.0666666667769,734.0066361155654
610.1000000001102,744.8900971576986
610.1333333334435,769.0261115769223
610.1666666667768,837.5299162429485
610.2000000001101,979.2780785644312
610.2333333334434,1182.3610294009272
610.2666666667767,1399.269059378602
610.30000000011,1581.308747383142
610.3333333334433,1690.272572730395
610.3666666667766,1717.714284803525
610.4000000001099,1660.4316630252863
610.4333333334432,1518.252573122778
610.4666666667765,1324.5947408233549
610.5000000001098,1133.794899571196
610.5333333334431,1000.2977692286428
610.5666666667764,951.9098835115936
610.6000000001097,963.9187903551136
610.633333333443,1005.4671131271432
610.6666666667763,1049.272201765957
610.7000000001096,1093.6613341637224
610.7333333334429,1148.1309394906466
610.7666666667762,1222.2798767666595
610.8000000001095,1328.238561829432
610.8333333334429,1481.6460609673322
610.8666666667762,1698.3994528406208
610.9000000001095,2028.4506254112048
610.9333333334428,2684.07396475005
610.9666666667761,3925.854410444536
611.0000000001094,5989.464866584242
611.0333333334427,8559.492490293958
611.066666666776,10781.431711847374
611.1000000001093,11778.37745461743
611.1333333334426,11021.793094095943
611.1666666667759,9094.88266513024
611.2000000001092,6802.143160096899
611.2333333334425,4905.045682862014
611.2666666667758,3620.4157054366488
611.3000000001091,2791.356801804991
611.3333333334424,2253.86115704372
611.3666666667757,1880.9972007282545
611.400000000109,1625.8595187045426
611.4333333334423,1451.9649084447683
611.4666666667756,1325.1483912205515
611.5000000001089,1229.4811313986186
611.5333333334422,1157.6602803305536
611.5666666667755,1102.4617066259025
611.6000000001088,1058.1197712887194
611.6333333334421,1021.030862264305
611.6666666667754,987.7662793274512
611.7000000001087,955.7458895918218
611.733333333442,926.7087348323907
611.7666666667753,903.7646259016236
611.8000000001086,889.897805232645
611.8333333334419,885.0563813680757
611.8666666667752,886.0752554371229
611.9000000001085,889.6478078915892
611.9333333334419,892.5922105118354
611.9666666667752,892.1422023036582
612.0000000001085,885.6179187980496
612.0333333334418,871.2061263471019
612.0666666667751,858.51492313017
612.1000000001084,865.2154005087098
612.1333333334417,909.0711585865304
612.166666666775,992.51138800588
612.2000000001083,1084.2082233760125
612.2333333334416,1148.336100044684
612.2666666667749,1154.1581124557272
612.3000000001082,1111.412171735102
612.3333333334415,1049.1628081562903
612.3666666667748,996.3377657034044
612.4000000001081,968.2064704148823
612.4333333334414,959.8062096637244
612.4666666667747,964.5390936361538
612.500000000108,976.4789200858152
612.5333333334413,993.0778049642214
612.5666666667746,1012.8476562529524
612.6000000001079,1034.297739468554
612.6333333334412,1055.8672532429607
612.6666666667745,1075.9249612205183
612.7000000001078,1092.837095579495
612.7333333334411,1106.7731002013743
612.7666666667744,1123.7101877826408
612.8000000001077,1150.7925708160074
612.833333333441,1194.328107039679
612.8666666667743,1250.202397187996
612.9000000001076,1307.229157105759
612.9333333334409,1354.1272824697974
612.9666666667742,1385.9783490578643
613.0000000001075,1411.1631587943846
613.0333333334409,1439.7307358740989
613.0666666667742,1480.3052654581209
613.1000000001075,1530.9661086838255
613.1333333334408,1585.0607752686133
613.1666666667741,1636.0934977011316
613.2000000001074,1685.6184723595095
613.2333333334407,1746.3220063479655
613.266666666774,1831.706377746707
613.3000000001073,1952.7716994097293
613.3333333334406,2109.009587176029
613.3666666667739,2296.605032819782
613.4000000001072,2511.3454533010395
613.4333333334405,2741.0945019583096
613.4666666667738,2966.4129289013126
613.5000000001071,3167.602189382745
613.5333333334404,3338.996804103569
613.5666666667737,3515.481622353355
613.600000000107,3739.2229312401273
613.6333333334403,4050.0258679214153
613.6666666667736,4462.300199746716
613.7000000001069,4974.996517039572
613.7333333334402,5586.827486456727
613.7666666667735,6294.583158273903
613.8000000001068,7091.496027161861
613.8333333334401,7970.413442198009
613.8666666667734,8930.91507122983
613.9000000001067,10015.388692743718
613.93333333344,11282.99162491192
613.9666666667733,12791.799341877
614.0000000001066,14562.718885441684
614.0333333334399,16571.7869862392
614.0666666667732,18792.36178194763
614.1000000001065,21136.86796362863
614.1333333334399,23280.36429421533
614.1666666667732,24840.11864116905
614.2000000001065,25453.38711383467
614.2333333334398,25068.362881578345
614.2666666667731,23878.810309260232
614.3000000001064,22085.209900661688
614.3333333334397,19897.306012581168
614.366666666773,17547.196819602188
614.4000000001063,15270.28475863685
614.4333333334396,13280.58126441988
614.4666666667729,11608.803481047906
614.5000000001062,10192.501264384038
614.5333333334395,8968.853613081466
614.5666666667728,7896.193148708191
614.6000000001061,6965.260639843684
614.6333333334394,6169.540711182492
614.6666666667727,5501.319266004921
614.700000000106,4946.804070912534
614.7333333334393,4490.281052243531
614.7666666667726,4115.966429912583
614.8000000001059,3806.529127680183
614.8333333334392,3543.111982215312
614.8666666667725,3306.796154151409
614.9000000001058,3084.070052722815
614.9333333334391,2877.973190870134
614.9666666667724,2694.7009965793336
615.0000000001057,2539.7156412885306
615.033333333439,2410.2074555956387
615.0666666667723,2298.1474925788434
615.1000000001056,2195.446144763876
615.1333333334389,2096.328409443004
615.1666666667722,1999.3856178955575
615.2000000001055,1903.693222202496
615.2333333334388,1808.8592912963595
615.2666666667722,1717.8866059923143
615.3000000001055,1635.1106676562008
615.3333333334388,1564.7174518997406
615.3666666667721,1505.9819745956368
615.4000000001054,1452.3362466215017
615.4333333334387,1396.871442569928
615.466666666772,1335.092049212
615.5000000001053,1271.5752461951597
615.5333333334386,1213.0298772218807
615.5666666667719,1165.7981238178588
615.6000000001052,1130.9148106027565
615.6333333334385,1105.4188028399822
615.6666666667718,1086.2497399062954
615.7000000001051,1070.0190685013242
615.7333333334384,1052.5991711742893
615.7666666667717,1029.7613642026545
615.800000000105,998.2400279405472
615.8333333334383,962.2284567420124
615.8666666667716,929.4014233055028
615.9000000001049,907.2980127881412
615.9333333334382,896.4141293107045
615.9666666667715,887.467807801024
616.0000000001048,870.4563234136845
616.0333333334381,840.6248158892731
616.0666666667714,816.5597386645444
616.1000000001047,823.3346447648278
616.133333333438,884.0788198258624
616.1666666667713,986.9354423106256
616.2000000001046,1089.74402270611
616.2333333334379,1149.3807887248
616.2666666667712,1141.301199052521
616.3000000001045,1089.284332676487
616.3333333334378,1024.8651819012116
616.3666666667712,976.842660625354
616.4000000001045,949.1701619107732
616.4333333334378,932.5574646834964
616.4666666667711,917.655246065402
616.5000000001044,899.1012009795943
616.5333333334377,877.7796243373324
616.566666666771,855.1200276784056
616.6000000001043,832.3663878768908
616.6333333334376,809.8235358220427
616.6666666667709,787.4998494705803
616.7000000001042,765.3870912189392
616.7333333334375,743.1226145569985
616.7666666667708,720.0027941830391
616.8000000001041,695.3113696899285
616.8333333334374,669.5904642969498
616.8666666667707,647.0312542126599
616.900000000104,632.4825800606558
616.9333333334373,629.987779135046
616.9666666667706,635.34419942265
617.0000000001039,639.5160373501063
617.0333333334372,633.4787996959991
617.0666666667705,613.9610910042329
617.1000000001038,587.5226372272679
617.1333333334371,561.6854800011095
617.1666666667704,542.6659680677628
617.2000000001037,529.4461753378339
617.233333333437,518.5168230869629
617.2666666667703,506.4685144636473
617.3000000001036,492.38291132564007
617.3333333334369,477.9134889701289
617.3666666667702,464.83196352163753
617.4000000001035,454.682737262517
617.4333333334368,448.3021866227322
617.4666666667702,446.3892295171901
617.5000000001035,449.4447291131632
617.5333333334368,455.7802001293091
617.5666666667701,462.3465601575181
617.6000000001034,466.0877657509477
617.6333333334367,465.2061247904728
617.66666666677,460.1685894370482
617.7000000001033,451.6789177892673
617.7333333334366,440.64199794436473
617.7666666667699,429.1349221797264
617.8000000001032,419.6582806639428
617.8333333334365,414.61476199689776
617.8666666667698,413.8387083532193
617.9000000001031,414.4153440082619
617.9333333334364,413.2955864187602
617.9666666667697,408.6395798197684
618.000000000103,402.500438638181
618.0333333334363,397.7131728159412
618.0666666667696,396.8786268543369
618.1000000001029,399.9283964546202
618.1333333334362,405.096783277973
618.1666666667695,410.59822637812346
618.2000000001028,415.36789313889545
618.2333333334361,419.65908592053165
618.2666666667694,423.8657497495578
618.3000000001027,428.60183051944335
618.333333333436,435.7764593272457
618.3666666667693,447.77115094376046
618.4000000001026,466.9530019902532
618.4333333334359,495.2938769320799
618.4666666667692,534.3418937711924
618.5000000001025,585.6231600611636
618.5333333334358,647.1276854549362
618.5666666667692,705.528948395936
618.6000000001025,745.2413397488897
618.6333333334358,752.1023398565809
618.6666666667691,727.901749977635
618.7000000001024,684.447296497739
618.7333333334357,633.663760820964
618.766666666769,583.9730085036497
618.8000000001023,537.5164437196556
618.8333333334356,495.7818545257684
618.8666666667689,459.9835890638662
618.9000000001022,429.77474225237495
618.9333333334355,404.2551702998157
618.9666666667688,382.582806304417
619.0000000001021,365.3601377873688
619.0333333334354,354.6883607913
619.0666666667687,352.73709651225823
619.100000000102,359.66241607809144
619.1333333334353,369.4593420786633
619.1666666667686,374.948570365181
619.2000000001019,369.7124083815395
619.2333333334352,355.34513484602144
619.2666666667685,338.23652466728674
619.3000000001018,324.7998739930383
619.3333333334351,318.25701955478405
619.3666666667684,316.4171176867384
619.4000000001017,316.56465506544606
619.433333333435,316.3339509770914
619.4666666667683,315.2200634411793
619.5000000001016,313.3342763780197
619.5333333334349,310.7907545428924
619.5666666667682,307.75775029882385
619.6000000001015,304.4559752595657
619.6333333334348,301.1082564584449
619.6666666667682,297.9023182846087
619.7000000001015,294.92705105605813
619.7333333334348,292.2540770109137
619.7666666667681,289.9645140722216
619.8000000001014,288.2291687961118
619.8333333334347,287.26819259463247
619.866666666768,287.29656760660674
619.9000000001013,288.18895552538095
619.9333333334346,289.29285303907216
619.9666666667679,289.91044805271645
620.0000000001012,516.6684080916287
620.0333333334345,514.6984302456235
620.0666666667678,513.1944916646058
620.1000000001011,512.4166752886197
620.1333333334344,512.5486739877966
620.1666666667677,513.3272484349537
620.200000000101,514.3271024543254
620.2333333334343,515.1227134016374
620.2666666667676,515.2885586326156
620.3000000001009,514.3991155029865
620.3333333334342,512.1320127686415
620.3666666667675,508.7420802112237
620.4000000001008,504.68480688814674
620.4333333334341,500.4158833119931
620.4666666667674,496.3909999953451
620.5000000001007,493.0658474507851
620.533333333434,490.8236378806063
620.5666666667673,489.6602333303164
620.6000000001006,489.44262618465
620.6333333334339,490.0377218147413
620.6666666667672,491.312425591724
620.7000000001005,493.13364288673216
620.7333333334338,495.3555638445162
620.7666666667672,497.7675666207224
620.8000000001005,500.1384316841469
620.8333333334338,502.2369309722432
620.8666666667671,503.831836422465
620.9000000001004,504.6919199722657
620.9333333334337,504.6469470207912
620.966666666767,503.8227803168657
621.0000000001003,502.4350072471064
621.0333333334336,500.6992350781004
621.0666666667669,498.8310710764347
621.1000000001002,497.0461225086962
621.1333333334335,495.58561064869673
621.1666666667668,494.8090125920559
621.2000000001001,495.1099100945628
621.2333333334334,496.8818881399878
621.2666666667667,500.5185317121013
621.3000000001,506.4134257946738
621.3333333334333,514.6867279869496
621.3666666667666,524.25981333945
621.4000000000999,533.7256175442138
621.4333333334332,541.6770677275624
621.4666666667665,546.7070910158174
621.5000000000998,547.4086145353007
621.5333333334331,542.8875009744756
621.5666666667664,534.3819516620182
621.6000000000997,523.684186913562
621.633333333433,512.5864281740473
621.6666666667663,502.8808968884149
621.7000000000996,496.3598144243141
621.7333333334329,494.3201174564061
621.7666666667662,496.10951441813353
621.8000000000995,500.5962562313087
621.8333333334328,506.6485938177443
621.8666666667662,513.1347780992525
621.9000000000995,518.9230630002954
621.9333333334328,523.1091792934328
621.9666666667661,525.635076192061
622.0000000000994,526.6394352333417
622.0333333334327,526.2609379544374
622.066666666766,524.6382658925097
622.1000000000993,521.91010542387
622.1333333334326,518.2817758016221
622.1666666667659,514.1925586348839
622.2000000000992,510.1330576493455
622.2333333334325,506.5938765706976
622.2666666667658,504.0656191246305
622.3000000000991,503.03884648261953
622.3333333334324,503.8034849268929
622.3666666667657,505.9854080871549
622.400000000099,509.0732913359319
622.4333333334323,512.5558100457504
622.4666666667656,515.9216395891365
622.5000000000989,518.6595579913068
622.5333333334322,520.4799812371699
622.5666666667655,521.7839654280001
622.6000000000988,523.1067085795975
622.6333333334321,524.9834087077633
622.6666666667654,527.949263828298
622.7000000000987,532.5392733410772
622.733333333432,539.0561964039281
622.7666666667653,547.1222258273873
622.8000000000986,556.2355379167939
622.8333333334319,565.8943089774866
622.8666666667652,575.5967153148046
622.9000000000985,584.8413556946695
622.9333333334318,593.4252342639361
622.9666666667651,601.9668666874218
623.0000000000985,611.2249183146808
623.0333333334318,621.9580544952677
623.0666666667651,634.9249405787363
623.1000000000984,650.8839482767596
623.1333333334317,670.4581545009931
623.166666666765,693.9210615838658
623.2000000000983,721.4904665944238
623.2333333334316,753.3841666017126
623.2666666667649,789.819958674779
623.3000000000982,831.0120878979702
623.3333333334315,876.0447749118259
623.3666666667648,921.2644561278504
623.4000000000981,962.6110608754212
623.4333333334314,996.0245184839146
623.4666666667647,1017.4447582827082
623.500000000098,1022.8217436237694
623.5333333334313,1010.408138703474
623.5666666667646,983.6832150287362
623.6000000000979,946.8474369670148
623.6333333334312,904.1012688857696
623.6666666667645,859.6451751524589
623.7000000000978,817.6712262089992
623.7333333334311,780.9329903957884
623.7666666667644,749.1277504703033
623.8000000000977,721.5620008419081
623.833333333431,697.5422359199672
623.8666666667643,676.3749501138444
623.9000000000976,657.3683695018225
623.9333333334309,640.0586301943447
623.9666666667642,624.4347495487253
624.0000000000975,610.5392371592536
624.0333333334308,598.4146026202185
624.0666666667641,588.103355525909
624.1000000000975,579.6466428168591
624.1333333334308,572.9446621694806
624.1666666667641,567.6358782730207
624.2000000000974,563.3302955624378
624.2333333334307,559.6379184726909
624.266666666764,556.1687514387381
624.3000000000973,552.5354617814261
624.3333333334306,548.571408393938
624.3666666667639,544.4925890643116
624.4000000000972,540.5531618442479
624.4333333334305,537.0072847854489
624.4666666667638,534.1091159396154
624.5000000000971,532.1098064543356
624.5333333334304,531.0575570318497
624.5666666667637,530.6723033664618
624.600000000097,530.644080104775
624.6333333334303,530.6629218933916
624.6666666667636,530.4188633789142
624.7000000000969,529.6044540879975
624.7333333334302,528.0524176119601
624.7666666667635,525.8067984430753
624.8000000000968,522.9291412755279
624.8333333334301,519.4809908035023
624.8666666667634,515.5238917211831
624.9000000000967,511.1237276099732
624.93333333343,506.5485000007574
624.9666666667633,502.3499430888632
625.0000000000966,499.101043849158
625.0333333334299,497.3747892565092
625.0666666667632,497.7441662857841
625.1000000000965,500.7597941126652
625.1333333334298,506.0924153871624
625.1666666667631,512.2637707741652
625.2000000000965,517.7182035243042
625.2333333334298,520.9000568882094
625.2666666667631,520.2536741165118
625.3000000000964,514.294137572267
625.3333333334297,503.9075683996881
625.366666666763,492.8572718716287
625.4000000000963,485.0797108832239
625.4333333334296,484.5113483296087
625.4666666667629,495.0886471059182
625.5000000000962,520.5960063743869
625.5333333334295,560.4406346102966
625.5666666667628,609.0996475830417
625.6000000000961,660.7870262149488
625.6333333334294,709.7167514283448
625.6666666667627,750.1028041455568
625.700000000096,776.3263731110785
625.7333333334293,786.9306213924498
625.7666666667626,784.8043186050305
625.8000000000959,773.0401900946648
625.8333333334292,754.730961207197
625.8666666667625,732.9693572884714
625.9000000000958,710.7686685342115
625.9333333334291,689.4221426177643
625.9666666667624,668.5603915615987
626.0000000000957,647.7460777597231
626.033333333429,626.541863606146
626.0666666667623,604.5104114948762
626.1000000000956,581.2556837565763
626.1333333334289,557.163710005746
626.1666666667622,533.3193533145071
626.2000000000955,510.83206381967415
626.2333333334288,490.8112916580613
626.2666666667621,474.3664869664832
626.3000000000955,462.5405999781397
626.3333333334288,455.2702643895912
626.3666666667621,451.5797059864315
626.4000000000954,450.4658843906433
626.4333333334287,450.9257592242094
626.466666666762,451.9562901091123
626.5000000000953,452.5960997931145
626.5333333334286,452.4951891399916
626.5666666667619,451.7681234224029
626.6000000000952,450.5410723966928
626.6333333334285,448.9402058192055
626.6666666667618,447.0916934462852
626.7000000000951,445.1207263789415
626.7333333334284,443.1397844711253
626.7666666667617,441.2524651991895
626.800000000095,439.56218413010913
626.8333333334283,438.17235683085954
626.8666666667616,437.1863988684156
626.9000000000949,436.6923006791447
626.9333333334282,436.6001951612222
626.9666666667615,436.7061577099851
627.0000000000948,436.8043934922192
627.0333333334281,436.6891076747102
627.0666666667614,436.15450542424406
627.1000000000947,435.0292611586351
627.133333333428,433.4957566651305
627.1666666667613,431.9440724127873
627.2000000000946,430.7669360018937
627.2333333334279,430.35707503273824
627.2666666667612,431.107217105609
627.3000000000945,433.3393808627176
627.3333333334278,436.72851692876486
627.3666666667611,440.6025007194796
627.4000000000945,444.28589730561504
627.4333333334278,447.103271757925
627.4666666667611,448.3791891471627
627.5000000000944,447.5442972985955
627.5333333334277,444.89639891987474
627.566666666761,441.15705413258416
627.6000000000943,437.0507005300967
627.6333333334276,433.3017757057852
627.6666666667609,430.6347172530224
627.7000000000942,429.6607528684613
627.7333333334275,430.16345479989167
627.7666666667608,431.5589443920496
627.8000000000941,433.2616835679145
627.8333333334274,434.6861342504658
627.8666666667607,435.2467583626831
627.900000000094,434.4691255019023
627.9333333334273,432.6058901329347
627.9666666667606,430.2021041551411
628.0000000000939,427.80361589136106
628.0333333334272,425.9562736644343
628.0666666667605,425.2059257972005
628.1000000000938,425.9865884096324
628.1333333334271,428.0769315233256
628.1666666667604,431.0176381882131
628.2000000000937,434.3490551579072
628.233333333427,437.6115291860201
628.2666666667603,440.34540702616425
628.3000000000936,442.1539144015635
628.3333333334269,442.9702501775648
628.3666666667602,442.8354806202623
628.4000000000935,441.7907330035383
628.4333333334268,439.87713460127486
628.4666666667601,437.1358126873544
628.5000000000935,433.658120340027
628.5333333334268,429.77134270438745
628.56666666676,425.8719802491999
628.6000000000934,422.3565425056064
628.6333333334267,419.6215390047482
628.66666666676,418.0634792777674
628.7000000000933,417.9636181823758
628.7333333334266,419.11901487755296
628.7666666667599,421.1995969921576
628.8000000000932,423.8752916259948
628.8333333334265,426.81602587886925
628.8666666667598,429.69172783366497
628.9000000000931,432.280212836416
628.9333333334264,434.764106592304
628.9666666667597,437.4209620755307
629.000000000093,440.52833226029793
629.0333333334263,444.3637701208072
629.0666666667596,449.2048016163965
629.1000000000929,455.17692555110966
629.1333333334262,461.8966939207656
629.1666666667595,468.87427850894943
629.2000000000928,475.6198510992463
629.2333333334261,481.6435834752416
629.2666666667594,486.45573491244335
629.3000000000927,489.6881797706934
629.333333333426,491.3359373163267
629.3666666667593,491.4615118433398
629.4000000000926,490.1274076457292
629.4333333334259,487.3961290174916
629.4666666667592,483.3305639828607
629.5000000000925,478.208792133768
629.5333333334258,472.88212075311566
629.5666666667591,468.296262535382
629.6000000000925,465.3969301750457
629.6333333334258,465.129836366585
629.666666666759,468.4385864545966
629.7000000000924,475.6598113480024
629.7333333334257,485.6872011472132
629.766666666759,497.2046757430589
629.8000000000923,508.8961550263689
629.8333333334256,519.4455588879728
629.8666666667589,527.5403307444697
629.9000000000922,532.4692474408806
629.9333333334255,534.7974204641572
629.9666666667588,535.252967759676
630.0000000000921,534.5640072728137
630.0333333334254,533.458656948947
630.0666666667587,532.661294658789
630.100000000092,532.4809111577575
630.1333333334253,532.4390067441209
630.1666666667586,531.9692344263499
630.2000000000919,530.5052472129148
630.2333333334252,527.4806981122862
630.2666666667585,522.3350315492239
630.3000000000918,514.9547247916206
630.3333333334251,505.9834132273851
630.3666666667584,496.1380000953433
630.4000000000917,486.1353886343213
630.433333333425,476.69248208314514
630.4666666667583,468.5216219905203
630.5000000000916,462.07834685184895
630.5333333334249,457.42957438588576
630.5666666667582,454.6098702563408
630.6000000000915,453.6538001269242
630.6333333334248,454.595929661346
630.6666666667581,457.4635844311728
630.7000000000914,461.9757658556002
630.7333333334248,467.4346766914589
630.766666666758,473.1129648012421
630.8000000000914,478.2832780474428
630.8333333334247,482.2182642925543
630.866666666758,484.2061452562836
630.9000000000913,484.0512880023864
630.9333333334246,482.1810350208684
630.9666666667579,479.0599059796315
631.0000000000912,475.1524205465773
631.0333333334245,470.9230983896077
631.0666666667578,466.831070974246
631.1000000000911,463.1933431032416
631.1333333334244,460.1738814509036
631.1666666667577,457.9290784523756
631.200000000091,456.615326542801
631.2333333334243,456.38901815732345
631.2666666667576,457.3937849940745
631.3000000000909,459.5005070871414
631.3333333334242,462.3183631591462
631.3666666667575,465.4459824513263
631.4000000000908,468.48199420491954
631.4333333334241,471.0250276611633
631.4666666667574,472.6925275342371
631.5000000000907,473.4325904749938
631.533333333424,473.4755699356249
631.5666666667573,473.06087976707823
631.6000000000906,472.4279338203021
631.6333333334239,471.81614594624455
631.6666666667572,471.4537798398984
631.7000000000905,471.40608892021896
631.7333333334238,471.6147709691136
631.7666666667571,472.0184549944125
631.8000000000904,472.5557700039466
631.8333333334238,473.1653450055461
631.866666666757,473.8279436119415
631.9000000000904,475.0416936319559
631.9333333334237,477.6520712476596
631.966666666757,482.5109829086631
632.0000000000903,490.47033506457694
632.0333333334236,502.3820341650119
632.0666666667569,518.9158316791642
632.1000000000902,538.8484402603359
632.1333333334235,559.8340484424573
632.1666666667568,579.5121125611118
632.2000000000901,595.5220889518833
632.2333333334234,605.5034339503551
632.2666666667567,607.3905282064626
632.30000000009,601.7277291133215
632.3333333334233,590.4217205025127
632.3666666667566,575.3910079887506
632.4000000000899,558.554097186751
632.4333333334232,541.8294937112287
632.4666666667565,526.981377668345
632.5000000000898,514.6054792697502
632.5333333334231,504.7627107921261
632.5666666667564,497.5112142144957
632.6000000000897,492.90913151588194
632.633333333423,491.0146046753078
632.6666666667563,491.79245254733377
632.7000000000896,494.6009035096114
632.7333333334229,498.5557405566005
632.7666666667562,502.77210908020993
632.8000000000895,506.3651544723483
632.8333333334228,508.4500221249243
632.8666666667561,508.3710242680024
632.9000000000894,506.754103932292
632.9333333334228,504.6705178910268
632.966666666756,503.191968026086
633.0000000000894,503.3901562193493
633.0333333334227,506.33678435269576
633.066666666756,512.6690642699277
633.1000000000893,520.9312328003258
633.1333333334226,529.0381143874869
633.1666666667559,534.9044091538937
633.2000000000892,536.4448172220283
633.2333333334225,531.574038714373
633.2666666667558,519.9276153333244
633.3000000000891,508.2804173964728
633.3333333334224,505.2584996348366
633.3666666667557,519.4879199966892
633.400000000089,559.5947364303041
633.4333333334223,634.2046250657442
633.4666666667556,744.1799026956851
633.5000000000889,862.6725845480471
633.5333333334222,956.6546331162634
633.5666666667555,993.0980108937672
633.6000000000888,938.9746803739918
633.6333333334221,761.2761238385307
633.6666666667554,462.9266386606436
633.7000000000887,157.19408934435364
633.733333333422,-21.543108764847148
633.7666666667553,61.09345967853278
633.8000000000886,539.4822100199851
633.8333333334219,1547.8241493547046
633.8666666667552,3125.3599409365333
633.9000000000885,5060.143700646353
633.9333333334218,7099.1728175502485
633.9666666667551,8989.4446807143
634.0000000000884,10477.956679204588
634.0333333334218,11312.21597755359
634.066666666755,11359.831360581542
634.1000000000884,10762.537358929889
634.1333333334217,9700.133884016866
634.166666666755,8352.420847260713
634.2000000000883,6899.198160079667
634.2333333334216,5519.807742473216
634.2666666667549,4334.900512396772
634.3000000000882,3349.335921953364
634.3333333334215,2554.414329630549
634.3666666667548,1941.4360939158885
634.4000000000881,1501.7015732969403
634.4333333334214,1226.3798744434846
634.4666666667547,1096.2527045769002
634.500000000088,1074.3616730389836
634.5333333334213,1122.013207616649
634.5666666667546,1200.5137360968115
634.6000000000879,1271.1696862663866
634.6333333334212,1295.695275791193
634.6666666667545,1257.4715318004132
634.7000000000878,1171.9446491886931
634.7333333334211,1057.148980759623
634.7666666667544,931.1188793167912
634.8000000000877,811.8886976637882
634.833333333421,717.2192551040933
634.8666666667543,654.5284536767837
634.9000000000876,617.9641751198398
634.9333333334209,600.8039264663586
634.9666666667542,596.3252147494371
635.0000000000875,597.8055470021723
635.0333333334208,598.6453545168409
635.0666666667541,595.6960834479189
635.1000000000874,589.6470232509442
635.1333333334208,581.3880271798889
635.166666666754,571.8089484887248
635.2000000000874,561.7996404314242
635.2333333334207,552.2289960840774
635.266666666754,543.5149489514482
635.3000000000873,535.6411151829396
635.3333333334206,528.5734806686312
635.3666666667539,522.2780312986023
635.4000000000872,516.7207529629327
635.4333333334205,511.8617211158482
635.4666666667538,507.5611788085977
635.5000000000871,503.5962384206688
635.5333333334204,499.7414773785683
635.5666666667537,495.7714731088026
635.600000000087,491.4608030378786
635.6333333334203,486.60838725673176
635.6666666667536,481.34198892955845
635.7000000000869,476.0255519885128
635.7333333334202,471.0281917888976
635.7666666667535,466.7190236860154
635.8000000000868,463.4671630351692
635.8333333334201,461.6058991970588
635.8666666667534,461.0758799656695
635.9000000000867,461.5753131654519
635.93333333342,462.7988276860775
635.9666666667533,464.4410524172172
636.0000000000866,466.1966162485422
636.0333333334199,467.76981053676025
636.0666666667532,468.951782903244
636.1000000000865,469.5795989013893
636.1333333334198,469.4907407589669
636.1666666667531,468.5226907037471
636.2000000000864,466.5129309635003
636.2333333334198,463.3676566510185
636.266666666753,459.5037881582448
636.3000000000864,455.5682918596029
636.3333333334197,452.2092438510276
636.366666666753,450.0747202284536
636.4000000000863,449.8127970878157
636.4333333334196,451.9316501611861
636.4666666667529,456.0747374351053
636.5000000000862,461.5554999842184
636.5333333334195,467.6867231709501
636.5666666667528,473.7811923577247
636.6000000000861,479.15169290696656
636.6333333334194,483.4286865209247
636.6666666667527,487.88120414306826
636.700000000086,494.30505239968295
636.7333333334193,504.49628677780646
636.7666666667526,520.2509627644763
636.8000000000859,543.3651358467306
636.8333333334192,574.6662831138061
636.8666666667525,610.8069856165879
636.9000000000858,647.3152149671535
636.9333333334191,679.7189266533412
636.9666666667524,703.5460761629906
637.0000000000857,714.3246788236493
637.033333333419,709.1100400719939
637.0666666667523,690.4559089431583
637.1000000000856,662.1529558880442
637.1333333334189,627.991851357554
637.1666666667522,591.7632658025899
637.2000000000855,557.2572523555317
637.2333333334188,527.3414196400024
637.2666666667521,502.1082071916781
637.3000000000854,481.13029120102567
637.3333333334188,463.9803478585114
637.366666666752,450.2310533546023
637.4000000000854,439.45514851828176
637.4333333334187,431.251022586984
637.466666666752,425.28170992092544
637.5000000000853,421.2202709678564
637.5333333334186,418.739766175527
637.5666666667519,417.5132559916878
637.6000000000852,417.214561129903
637.6333333334185,417.6461424112288
637.6666666667518,418.882936448381
637.7000000000851,421.034594961012
637.7333333334184,424.2107696687741
637.7666666667517,428.5211122913198
637.800000000085,434.0719706638906
637.8333333334183,440.6695548162158
637.8666666667516,447.5842810340054
637.9000000000849,454.0311094797845
637.9333333334182,459.225000316078
637.9666666667515,462.3809137054111
638.0000000000848,462.7241866564872
638.0333333334181,460.0588349846
638.0666666667514,455.0614383728292
638.1000000000847,448.4808559630951
638.133333333418,441.06594689731816
638.1666666667513,433.5655703174189
638.2000000000846,426.7233662354416
638.2333333334179,421.0882498639473
638.2666666667512,416.9608089145714
638.3000000000845,414.6254923304885
638.3333333334178,414.36674905487337
638.3666666667511,416.4690280309008
638.4000000000844,421.1928855842737
638.4333333334177,428.1663560876674
638.466666666751,436.33509151605546
638.5000000000844,444.61086113767976
638.5333333334177,451.9054342207818
638.566666666751,457.1305800336034
638.6000000000843,459.2473979934913
638.6333333334176,458.18321501379256
638.6666666667509,454.74638470374
638.7000000000842,449.7775051295986
638.7333333334175,444.1171743576337
638.7666666667508,438.6059904541101
638.8000000000841,434.04181959774473
638.8333333334174,430.5840816412048
638.8666666667507,427.9012042692951
638.900000000084,425.6490131300783
638.9333333334173,423.4833338716173
638.9666666667506,421.0599921419748
639.0000000000839,418.0728393621614
639.0333333334172,414.65896393963817
639.0666666667505,411.2419784516106
639.1000000000838,408.2502963184944
639.1333333334171,406.1123309607051
639.1666666667504,405.25649579865865
639.2000000000837,406.0346540603089
639.233333333417,408.090900435323
639.2666666667503,410.6865323610429
639.3000000000836,413.0790922633235
639.3333333334169,414.52612256801945
639.3666666667502,414.2851657009853
639.4000000000835,411.74118052678085
639.4333333334168,407.2247990160734
639.4666666667501,401.4920713948132
639.5000000000834,395.3010883413801
639.5333333334167,389.40994053415415
639.56666666675,384.5767186515151
639.6000000000834,381.4748112596762
639.6333333334167,380.26886786346
639.66666666675,380.9344825436676
639.7000000000833,383.44693468758953
639.7333333334166,387.7815036825166
639.7666666667499,393.9134689157392
639.8000000000832,401.6852689352584
639.8333333334165,410.2906145695257
639.8666666667498,418.7254880973641
639.9000000000831,425.9858241129708
639.9333333334164,431.0675572105431
639.9666666667497,432.9666219873814
640.000000000083,431.0974122686986
640.0333333334163,426.5383759856563
640.0666666667496,420.7815431715853
640.1000000000829,415.3189438598167
640.1333333334162,411.6426080836812
640.1666666667495,411.2442994926526
640.2000000000828,414.6957376490863
640.2333333334161,419.5896589380759
640.2666666667494,422.9169611746992
640.3000000000827,421.6685421740341
640.333333333416,412.83529975115846
640.3666666667493,393.4146877693048
640.4000000000826,363.90285547731935
640.4333333334159,334.0463792853127
640.4666666667492,315.1030838381395
640.5000000000825,318.33079378065446
640.5333333334158,354.9873337577123
640.5666666667491,436.2782479367199
640.6000000000824,563.6392589039723
640.6333333334157,717.3206274148589
640.666666666749,874.7986383925414
640.7000000000824,1013.5495767601816
640.7333333334157,1111.0497274409415
640.766666666749,1144.935383786198
640.8000000000823,1107.3997545569202
640.8333333334156,1016.6342273108908
640.8666666667489,893.5226122703939
640.9000000000822,758.9487196577144
640.9333333334155,633.7963596951358
640.9666666667488,538.7305878978395
641.0000000000821,482.8778746183759
641.0333333334154,458.3370604257681
641.0666666667487,455.8380407602033
641.100000000082,466.11071106186864
641.1333333334153,479.8849667709514
641.1666666667486,488.0395946784077
641.2000000000819,486.515370196507
641.2333333334152,477.43704443814096
641.2666666667485,463.3054804748399
641.3000000000818,446.62154137813445
641.3333333334151,429.8860902195546
641.3666666667484,415.5425511631448
641.4000000000817,404.6852776402086
641.433333333415,397.0438247036135
641.4666666667483,392.28716283712873
641.5000000000816,390.0842625245237
641.5333333334149,390.1040942495676
641.5666666667482,392.0037105369681
641.6000000000815,395.2373491462682
641.6333333334148,399.08956522858347
641.6666666667481,402.8396885615671
641.7000000000814,405.7670489228722
641.7333333334147,407.1509760901518
641.766666666748,406.3465082132872
641.8000000000814,403.6741023031831
641.8333333334147,400.12012333987735
641.866666666748,396.6841400348589
641.9000000000813,394.3657210996159
641.9333333334146,394.1644352456371
641.9666666667479,396.942289925399
642.0000000000812,402.2150083083341
642.0333333334145,408.7364545220454
642.0666666667478,415.2518302896543
642.1000000000811,420.5063373342822
642.1333333334144,423.2451773790505
642.1666666667477,422.42206475952673
642.200000000081,418.5834002237784
642.2333333334143,413.0101543280484
642.2666666667476,406.9872305880122
642.3000000000809,401.7995325193459
642.3333333334142,398.7319636377253
642.3666666667475,398.82965416597887
642.4000000000808,401.6923142710644
642.4333333334141,406.3806742552816
642.4666666667474,411.954546003088
642.5000000000807,417.47374139894106
642.533333333414,421.9980723272984
642.5666666667473,424.7837606400019
642.6000000000806,426.0274102762026
642.6333333334139,426.2067356376573
642.6666666667472,425.7995016779852
642.7000000000805,425.2834733508057
642.7333333334138,425.1364151184571
642.7666666667471,425.7156481597002
642.8000000000804,426.9196189233624
642.8333333334137,428.53751016874713
642.866666666747,430.3585046551584
642.9000000000804,432.1717851418997
642.9333333334137,433.7665907031883
642.966666666747,435.0238044815253
643.0000000000803,436.102397215396
643.0333333334136,437.2138892425305
643.0666666667469,438.5698009006588
643.1000000000802,440.3816525275108
643.1333333334135,442.8602160621507
643.1666666667468,445.9752235707967
643.2000000000801,449.1110840667386
643.2333333334134,451.5650762402946
643.2666666667467,452.6344787817827
643.30000000008,451.6165703815212
643.3333333334133,447.8180422218892
643.3666666667466,441.7110492190295
643.4000000000799,436.0456737937018
643.4333333334132,433.8357419836641
643.4666666667465,438.09507982667407
643.5000000000798,451.83751336048914
643.5333333334131,478.0459329209386
643.5666666667464,517.7444088900791
643.6000000000797,568.860281397352
643.633333333413,629.0472992521023
643.6666666667463,695.9592112636752
643.7000000000796,767.2497662414154
643.7333333334129,840.5286666233317
643.7666666667462,911.7405008374384
643.8000000000795,974.6937255272188
643.8333333334128,1023.0567111658642
643.8666666667461,1050.4978282265645
643.9000000000794,1050.6854471825104
643.9333333334127,1017.6115131346846
643.966666666746,953.2956815042512
644.0000000000794,868.1247286088676
644.0333333334127,772.8769240024967
644.066666666746,678.330537239101
644.1000000000793,595.263837872643
644.1333333334126,534.0430507503945
644.1666666667459,497.8975226933039
644.2000000000792,484.0190847338428
644.2333333334125,489.4093262123208
644.2666666667458,511.0698364690479
644.3000000000791,546.0022048443337
644.3333333334124,590.8945476321054
644.3666666667457,638.4817131541134
644.400000000079,678.7931472737243
644.4333333334123,701.8057060463655
644.4666666667456,697.496245527464
644.5000000000789,655.8416217724468
644.5333333334122,570.2745393348872
644.5666666667455,466.89081576025217
644.6000000000788,389.7664856789399
644.6333333334121,383.1646044039725
644.6666666667454,491.348227248372
644.7000000000787,758.5804095251606
644.733333333412,1220.6586793792462
644.7666666667453,1852.230726771027
644.8000000000786,2601.081032367313
644.8333333334119,3414.8786010277545
644.8666666667452,4241.292437611999
644.9000000000785,5027.991546979697
644.9333333334118,5724.046291468469
644.9666666667451,6286.359043151391
645.0000000000784,6674.551764745746
645.0333333334117,6848.249123004178
645.066666666745,6767.075784679327
645.1000000000784,6390.656416523837
645.1333333334117,5701.6512203421225
645.166666666745,4782.945094260677
645.2000000000783,3744.673903216023
645.2333333334116,2696.974063682142
645.2666666667449,1749.9819921330177
645.3000000000782,1013.8291835780165
645.3333333334115,564.3573927802788
645.3666666667448,361.13400578614096
645.4000000000781,339.1041837938336
645.4333333334114,433.21308800158624
645.4666666667447,578.4058796076296
645.500000000078,709.6634305531169
645.5333333334113,781.4542086633035
645.5666666667446,799.945813210786
645.6000000000779,779.7828109702672
645.6333333334112,735.6097687164494
645.6666666667445,682.0712532240352
645.7000000000778,633.7813623745192
645.7333333334111,600.472854373929
645.7666666667444,581.6761245789382
645.8000000000777,575.6418940910297
645.833333333411,580.6208840116855
645.8666666667443,594.8638154423878
645.9000000000776,616.6215641641022
645.9333333334109,644.1562046501795
645.9666666667442,675.7483724113191
646.0000000000775,709.680448997086
646.0333333334108,744.2348159570457
646.0666666667441,777.6938548407635
646.1000000000774,808.3401376218786
646.1333333334107,834.463917000279
646.166666666744,854.3655870794222
646.2000000000774,866.3462364684509
646.2333333334107,868.7069537765074
646.266666666744,859.7488276127341
646.3000000000773,837.8889157581101
646.3333333334106,804.4820211858831
646.3666666667439,763.9792953987653
646.4000000000772,720.9796072337675
646.4333333334105,680.0818255279008
646.4666666667438,645.8848191181759
646.5000000000771,622.7661052022722
646.5333333334104,611.3073028623274
646.5666666667437,608.8988642053143
646.600000000077,612.8319788196734
646.6333333334103,620.3978362938451
646.6666666667436,628.8876262162703
646.7000000000769,635.7686268735248
646.7333333334102,640.6554744416393
646.7666666667435,644.5973739584759
646.8000000000768,648.6697496847172
646.8333333334101,653.9480258810459
646.8666666667434,661.5076268081443
646.9000000000767,672.2548472610586
646.93333333341,685.5803527827957
646.9666666667433,700.0755562883093
647.0000000000766,714.32468109182
647.0333333334099,726.9119505075495
647.0666666667432,736.4215878497185
647.1000000000765,741.6937801427977
647.1333333334098,743.2907530947722
647.1666666667431,742.4848188990148
647.2000000000764,740.5505102108018
647.2333333334097,738.7623596854087
647.266666666743,738.3948999781111
647.3000000000764,740.6943811945046
647.3333333334097,746.7623949798558
647.366666666743,757.6544056311462
647.4000000000763,774.4258575824473
647.4333333334096,798.1321952678305
647.4666666667429,829.8288627742954
647.5000000000762,869.8065610467752
647.5333333334095,915.3672633480044
647.5666666667428,963.0829208055392
647.6000000000761,1009.5254845469352
647.6333333334094,1051.2669056997486
647.6666666667427,1084.8817470936374
647.700000000076,1110.6405921621438
647.7333333334093,1139.8711705815
647.7666666667426,1185.9600414480203
647.8000000000759,1262.2937638580197
647.8333333334092,1382.2588969078115
647.8666666667425,1559.2873474487164
647.9000000000758,1818.0464720834216
647.9333333334091,2209.118911773352
647.9666666667424,2786.7290401388727
648.0000000000757,3605.101230800356
648.033333333409,4718.459857378166
648.0666666667423,6179.973889058733
648.1000000000756,7945.544221662809
648.1333333334089,9796.653284552256
648.1666666667422,11496.628362696169
648.2000000000755,12808.79674106364
648.2333333334088,13496.485704623765
648.2666666667421,13327.483531657615
648.3000000000754,12277.0910048956
648.3333333334087,10611.744537155344
648.366666666742,8619.669562023375
648.4000000000754,6589.091513086225
648.4333333334087,4808.235823930426
648.466666666742,3558.178451152189
648.5000000000753,2923.022633140965
648.5333333334086,2769.9252911681124
648.5666666667419,2954.8874642257574
648.6000000000752,3333.910191306027
648.6333333334085,3762.994511401048
648.6666666667418,4103.721104636
648.7000000000751,4317.768973409532
648.7333333334084,4453.363586198709
648.7666666667417,4561.581688602638
648.800000000075,4693.500026220429
648.8333333334083,4900.195344651195
648.8666666667416,5229.053772514392
648.9000000000749,5681.68544319457
648.9333333334082,6228.743760697845
648.9666666667415,6840.298270591808
649.0000000000748,7486.41851844405
649.0333333334081,8137.174049822164
649.0666666667414,8768.059383586495
649.1000000000747,9402.93190878442
649.133333333408,10091.044798908297
649.1666666667413,10881.876310075875
649.2000000000746,11824.904698404916
649.2333333334079,12969.608220013171
649.2666666667412,14352.42458155772
649.3000000000745,15924.154564180724
649.3333333334078,17601.05006789834
649.3666666667411,19299.267180580027
649.4000000000744,20934.96199009525
649.4333333334077,22424.290584313465
649.466666666741,23698.004874641585
649.5000000000744,24758.44880927136
649.5333333334077,25629.881177011423
649.566666666741,26336.566383445093
649.6000000000743,26902.768834155664
649.6333333334076,27352.752549933062
649.6666666667409,27691.159010090447
649.7000000000742,27850.39596956559
649.7333333334075,27746.25401478973
649.7666666667408,27294.523732194102
649.8000000000741,26410.995708209943
649.8333333334074,25011.54420144198
649.8666666667407,23074.30939965336
649.900000000074,20750.06126936967
649.9333333334073,18219.241816589136
649.9666666667406,15662.293047309991
650.0000000000739,13259.656967530484
650.0333333334072,11191.3218571834
650.0666666667405,9562.08279454773
650.1000000000738,8318.266347850564
650.1333333334071,7386.127932061077
650.1666666667404,6691.922962148439
650.2000000000737,6161.906853081819
650.233333333407,5722.705314124512
650.2666666667403,5325.898241296791
650.3000000000736,4963.405905343712
650.3333333334069,4630.8204317651125
650.3666666667402,4323.73394606083
650.4000000000735,4037.738573730701
650.4333333334068,3768.498330816177
650.4666666667401,3514.2338504601407
650.5000000000734,3276.3553551427794
650.5333333334067,3056.473497368019
650.56666666674,2856.1989296397883
650.6000000000734,2677.142304462016
650.6333333334067,2520.8036348573546
650.66666666674,2386.2946872056564
650.7000000000733,2270.422799968585
650.7333333334066,2169.901442579473
650.7666666667399,2081.444084471651
650.8000000000732,2001.7641950784537
650.8333333334065,1927.6964400901416
650.8666666667398,1857.8016402760409
650.9000000000731,1791.9261336592492
650.9333333334064,1729.9469201235006
650.9666666667397,1671.7409995525288
651.000000000073,1617.1853718300677
651.0333333334063,1566.171224792233
651.0666666667396,1518.730229342506
651.1000000000729,1474.974287026542
651.1333333334062,1435.0162382779251
651.1666666667395,1398.9689235302403
651.2000000000728,1366.945183217073
651.2333333334061,1338.9607802003084
651.2666666667394,1314.3410339380669
651.3000000000727,1292.112070896777
651.333333333406,1271.2988127997178
651.3666666667393,1250.926181370171
651.4000000000726,1230.0190983314162
651.4333333334059,1207.8853215510858
651.4666666667392,1185.3049902473665
651.5000000000725,1163.5358394354216
651.5333333334058,1143.8358529409757
651.5666666667391,1127.4630145897545
651.6000000000724,1115.675306422503
651.6333333334057,1109.0042844472523
651.666666666739,1105.1926006315484
651.7000000000724,1101.3137163367312
651.7333333334057,1094.4410929241412
651.766666666739,1081.6481917551182
651.8000000000723,1060.011750672268
651.8333333334056,1029.5568974028572
651.8666666667389,998.6856322772446
651.9000000000722,977.2776067141322
651.9333333334055,975.2124721322216
651.9666666667388,1002.3698799502148
652.0000000000721,1068.5573356600146
652.0333333334054,1171.2305249597205
652.0666666667387,1281.6082623263142
652.100000000072,1367.555539148795
652.1333333334053,1396.9373468161616
652.1666666667386,1337.6186767174129
652.2000000000719,1158.367159556272
652.2333333334052,887.5165910776066
652.2666666667385,648.9798351291482
652.3000000000718,575.2837434312314
652.3333333334051,798.955167704192
652.3666666667384,1452.5209596683635
652.4000000000717,2663.794299397561
652.433333333405,4400.667978617819
652.4666666667383,6435.860438093479
652.5000000000716,8530.237818618152
652.5333333334049,10444.666260985452
652.5666666667382,11940.011905988991
652.6000000000715,12786.149899110967
652.6333333334048,12935.52097070732
652.6666666667381,12510.408204958265
652.7000000000714,11639.554881061827
652.7333333334047,10451.704278216062
652.766666666738,9075.59967561901
652.8000000000713,7636.724746342733
652.8333333334047,6217.502199729848
652.866666666738,4869.904704285429
652.9000000000713,3645.262835201791
652.9333333334046,2594.9071676712465
652.9666666667379,1770.1682768861124
653.0000000000712,1214.987311239032
653.0333333334045,906.1723514825088
653.0666666667378,784.7332158826727
653.1000000000711,791.3450625760427
653.1333333334044,866.6830496991371
653.1666666667377,951.4223353884752
653.200000000071,993.5040499086284
653.2333333334043,987.755965757169
653.2666666667376,947.622198054692
653.3000000000709,886.5939810288752
653.3333333334042,818.162548907396
653.3666666667375,755.8191359179323
653.4000000000708,710.5469952726553
653.4333333334041,681.6362513714208
653.4666666667374,664.9718948853827
653.5000000000707,656.4385272386425
653.533333333404,651.9207498553014
653.5666666667373,647.3033211485405
653.6000000000706,639.5373584517697
653.6333333334039,629.1846102626132
653.6666666667372,617.5702688325111
653.7000000000705,606.0195264129034
653.7333333334038,595.8575752552297
653.7666666667371,588.4079221539204
653.8000000000704,584.3889178503051
653.8333333334037,583.0200468653201
653.866666666737,583.2927424966448
653.9000000000703,584.1984380419585
653.9333333334037,584.728566798941
653.966666666737,583.8792585465993
654.0000000000703,581.1128273986208
654.0333333334036,576.7466945714294
654.0666666667369,571.189854516164
654.1000000000702,564.8513016839634
654.1333333334035,558.1400305259657
654.1666666667368,551.468442729326
654.2000000000701,545.3991427459113
654.2333333334034,540.7007901838567
654.2666666667367,538.1569735563078
654.30000000007,538.5512813764099
654.3333333334033,542.6673021573083
654.3666666667366,551.2280580550369
654.4000000000699,563.4839068377182
654.4333333334032,577.1668907811917
654.4666666667365,589.9393529157791
654.5000000000698,599.4636362718027
654.5333333334031,603.4020838795844
654.5666666667364,599.6444017642494
654.6000000000697,589.5115081798124
654.633333333403,576.9806836227813
654.6666666667363,566.0984120035284
654.7000000000696,560.9111772324262
654.7333333334029,565.4654632198466
654.7666666667362,583.223424708474
654.8000000000695,611.7797558116363
654.8333333334028,645.3412836267639
654.8666666667361,678.0738174931485
654.9000000000694,704.143166750081
654.9333333334027,717.7151407368541
654.966666666736,713.9828735120116
655.0000000000693,695.2937499708892
655.0333333334027,667.0378817788403
655.066666666736,634.6165522078201
655.1000000000693,603.431044529784
655.1333333334026,578.8826420166876
655.1666666667359,565.3288957756151
655.2000000000692,561.9717755646845
655.2333333334025,566.4241970177767
655.2666666667358,576.2986280528868
655.3000000000691,589.2075365880103
655.3333333334024,602.7634182766133
655.3666666667357,615.0118046026251
655.400000000069,625.5271667955208
655.4333333334023,634.2212473876862
655.4666666667356,641.0057889115077
655.5000000000689,645.7925338993713
655.5333333334022,648.493941035837
655.5666666667355,649.3207416618939
655.6000000000688,649.2416418243649
655.6333333334021,649.3439655042947
655.6666666667354,650.7150366827278
655.7000000000687,654.4421793407088
655.733333333402,661.6073285451672
655.7666666667353,672.7379921981495
655.8000000000686,687.3337811024002
655.8333333334019,704.7827550911818
655.8666666667352,724.472973997758
655.9000000000685,745.7924976553915
655.9333333334018,768.1382247375873
655.9666666667351,791.2939059783122
656.0000000000684,815.5723804404819
656.0333333334017,841.3246504388763
656.066666666735,868.9017182882752
656.1000000000683,898.6545863034586
656.1333333334017,930.8694998416285
656.166666666735,964.304291250154
656.2000000000683,996.1663922971804
656.2333333334016,1023.5940799981516
656.2666666667349,1043.725631368512
656.3000000000682,1053.6993234237057
656.3333333334015,1050.8592285650147
656.3666666667348,1035.5198635759953
656.4000000000681,1010.227969129632
656.4333333334014,977.584648670104
656.4666666667347,940.19100564159
656.500000000068,900.6481434882681
656.5333333334013,861.4435868489354
656.5666666667346,823.9868826604652
656.6000000000679,789.0922034702827
656.6333333334012,757.5674612951591
656.6666666667345,730.2205681518657
656.7000000000678,707.8594360571734
656.7333333334011,691.072275109855
656.7666666667344,679.0173719815283
656.8000000000677,670.2808071660276
656.833333333401,663.4471459205979
656.8666666667343,657.1009535024845
656.9000000000676,649.8267951689323
656.9333333334009,640.529245624424
656.9666666667342,629.5719614115238
657.0000000000675,617.7342195761064
657.0333333334008,605.7953274632787
657.0666666667341,594.5345924181476
657.1000000000674,584.7312464907068
657.1333333334007,576.9283696604288
657.166666666734,570.909997999136
657.2000000000673,566.3079658847939
657.2333333334007,562.754107695368
657.266666666734,559.8802578088239
657.3000000000673,557.3186233446943
657.3333333334006,554.7906034156081
657.3666666667339,552.2218393473407
657.4000000000672,549.566439057888
657.4333333334005,546.7785104652454
657.4666666667338,543.8121614874084
657.5000000000671,540.6243123352351
657.5333333334004,537.3748199158923
657.5666666667337,534.5595133003775
657.600000000067,532.7057795443992
657.6333333334003,532.3410057036659
657.6666666667336,533.9925788338862
657.7000000000669,538.184015584833
657.7333333334002,545.310093886475
657.7666666667335,555.6099382579381
657.8000000000668,569.3133589830916
657.8333333334001,586.6501663458042
657.8666666667334,607.8501706299454
657.9000000000667,633.0547862895525
657.9333333334,660.75574556122
657.9666666667333,687.9835936279713
658.0000000000666,711.7183529414955
658.0333333333999,728.9400459534804
658.0666666667332,736.6286951156148
658.1000000000665,732.0855440529422
658.1333333333998,716.3524413482679
658.1666666667331,692.8875757498826
658.2000000000664,665.1895454418918
658.2333333333997,636.7569486084017
658.266666666733,611.0883834335182
658.3000000000663,591.3374382158413
658.3333333333997,577.9941251166609
658.366666666733,570.3086284071168
658.4000000000663,567.5242277037813
658.4333333333996,568.8842026232264
658.4666666667329,573.6318327820244
658.5000000000662,580.8715732749394
658.5333333333995,588.9735697475081
658.5666666667328,596.0660823872417
658.6000000000661,600.2772234071606
658.6333333333994,599.735105020285
658.6666666667327,592.567876707536
658.700000000066,578.6147720294376
658.7333333333993,563.9946960695333
658.7666666667326,556.266775923666
658.8000000000659,562.9901386876787
658.8333333333992,591.7239114574148
658.8666666667325,650.0089002666409
658.9000000000658,737.303667016332
658.9333333333991,832.3311070096988
658.9666666667324,910.5351781759008
659.0000000000657,947.3598384440972
659.033333333399,918.249045743447
659.0666666667323,799.1784142095426
659.1000000000656,617.785416356701
659.1333333333989,495.8620357507268
659.1666666667322,565.2025993518166
659.2000000000655,957.601434120166
659.2333333333988,1804.852867015972
659.2666666667321,3234.180978269147
659.3000000000654,5191.262334279188
659.3333333333987,7383.667830967002
659.366666666732,9502.825048025728
659.4000000000653,11240.161565148495
659.4333333333987,12287.104962028445
659.466666666732,12349.304617458827
659.5000000000653,11430.66964491184
659.5333333333986,9818.174668573472
659.5666666667319,7809.97466236856
659.6000000000652,5704.224600221935
659.6333333333985,3799.079456058431
659.6666666667318,2374.271912467248
659.7000000000651,1477.000160138622
659.7333333333984,995.2271744925836
659.7666666667317,813.8156127281372
659.800000000065,817.6281320442864
659.8333333333983,891.5273896400367
659.8666666667316,930.4190428667224
659.9000000000649,911.2651254984534
659.9333333333982,851.110828623008
659.9666666667315,767.2731034822942
660.0000000000648,677.0689013182201
660.0333333333981,597.8151733726932
660.0666666667314,544.0148141708308
660.1000000000647,514.6913336621415
660.133333333398,503.5739911727654
660.1666666667313,504.38742637753774
660.2000000000646,510.8562789512934
660.2333333333979,516.705199475447
660.2666666667312,517.0178456124463
660.3000000000645,511.9908873911163
660.3333333333978,503.02323862631295
660.3666666667311,491.5138131328924
660.4000000000644,478.8615247257104
660.4333333333977,466.4645772593624
660.466666666731,455.3864284783423
660.5000000000643,445.822411976548
660.5333333333976,437.8289674382594
660.566666666731,431.46253454775655
660.6000000000643,426.7795529893193
660.6333333333976,423.8338201701363
660.6666666667309,422.424170279166
660.7000000000642,421.8857500546061
660.7333333333975,421.50457810398433
660.7666666667308,420.56667303482834
660.8000000000641,418.3580534546657
660.8333333333974,414.1829024196831
660.8666666667307,408.044568102934
660.900000000064,400.8506226055209
660.9333333333973,393.5686665186964
660.9666666667306,387.1663004337133
661.0000000000639,382.6111249418239
661.0333333333972,380.8125647889589
661.0666666667305,381.5127083259189
661.1000000000638,383.3739380289426
661.1333333333971,385.0180200966637
661.1666666667304,385.066720727716
661.2000000000637,382.14180612073307
661.233333333397,375.0853197607576
661.2666666667303,365.3755407021296
661.3000000000636,356.2281016898776
661.3333333333969,350.8892789640124
661.3666666667302,352.60534876454454
661.4000000000635,364.6225873314849
661.4333333333968,389.47827225529767
661.4666666667301,424.26399326917897
661.5000000000634,463.547667288286
661.5333333333967,501.88341861742106
661.56666666673,533.8253715613866
661.6000000000633,553.9276504249849
661.6333333333966,557.9407923110804
661.66666666673,547.741868876263
661.7000000000633,527.1637470684166
661.7333333333966,500.0401471262605
661.7666666667299,470.2047892885143
661.8000000000632,441.4913155699031
661.8333333333965,416.94236062210575
661.8666666667298,396.863801875641
661.9000000000631,380.97005373439214
661.9333333333964,368.97553060224266
661.9666666667297,360.5946468830758
662.000000000063,355.5411948234207
662.0333333333963,353.3550454245752
662.0666666667296,353.16502332564
662.1000000000629,354.0405864211827
662.1333333333962,355.0511926057709
662.1666666667295,355.2662997739721
662.2000000000628,353.76458750242193
662.2333333333961,350.2777081396967
662.2666666667294,345.6113180765053
662.3000000000627,340.67109435254093
662.333333333396,336.36271400749666
662.3666666667293,333.5918540810657
662.4000000000626,333.2383148965632
662.4333333333959,335.3926899257685
662.4666666667292,339.23063514424393
662.5000000000625,343.8766112954727
662.5333333333958,348.45507912293766
662.5666666667291,352.090499370122
662.6000000000624,353.94785546061263
662.6333333333957,353.8596426678281
662.666666666729,352.2054099284003
662.7000000000623,349.3808377221933
662.7333333333956,345.78160652907155
662.766666666729,341.8033968288992
662.8000000000623,337.83358089584294
662.8333333333956,334.1765513037329
662.8666666667289,331.0889882494693
662.9000000000622,328.827001683746
662.9333333333955,327.6467015572563
662.9666666667288,327.8041978206938
663.0000000000621,329.47566594384244
663.0333333333954,332.3224226820194
663.0666666667287,335.8017043253109
663.100000000062,339.3702356865535
663.1333333333953,342.48474157858385
663.1666666667286,344.6019468142383
663.2000000000619,345.323384294326
663.2333333333952,344.869530094958
663.2666666667285,343.6261950811606
663.3000000000618,341.97919178868455
663.3333333333951,340.3143327532805
663.3666666667284,339.0172714575471
663.4000000000617,338.3221626369956
663.433333333395,338.02971146418145
663.4666666667283,337.86359919408744
663.5000000000616,337.5475070816959
663.5333333333949,336.8051163819896
663.5666666667282,335.3619721874779
663.6000000000615,333.1723453511638
663.6333333333948,330.6364585615444
663.6666666667281,328.2060141329668
663.7000000000614,326.3327143797782
663.7333333333947,325.4682616163259
663.766666666728,326.0567936544232
663.8000000000613,328.22010233074946
663.8333333333946,331.6441061238047
663.866666666728,335.98380357042583
663.9000000000613,340.8941932074495
663.9333333333946,346.0302735717124
663.9666666667279,351.07129110242806
664.0000000000612,356.20157701545514
664.0333333333945,362.0829375361769
664.0666666667278,369.3958993681946
664.1000000000611,378.820989215109
664.1333333333944,391.0387337805214
664.1666666667277,406.5881482687861
664.200000000061,424.3158297381155
664.2333333333943,441.9535816382103
664.2666666667276,457.21357053528567
664.3000000000609,467.8079629955566
664.3333333333942,471.4489255852381
664.3666666667275,466.2787590515792
664.4000000000608,453.6516683880644
664.4333333333941,436.374436412076
664.4666666667274,417.2609808154812
664.5000000000607,399.1252192901469
664.533333333394,384.7810695279401
664.5666666667273,376.4755929905774
664.6000000000606,373.7011849981295
664.6333333333939,375.1146713932632
664.6666666667272,379.372690122324
664.7000000000605,385.1318791316574
664.7333333333938,391.0489731587336
664.7666666667271,396.07263214639374
664.8000000000604,400.08696916255815
664.8333333333937,403.1630867903843
664.866666666727,405.37208761303
664.9000000000603,406.7850742136532
664.9333333333936,407.4777758191543
664.966666666727,408.3525837397464
665.0000000000603,412.08576477898094
665.0333333333936,421.58304095070457
665.0666666667269,439.7501342687639
665.1000000000602,469.49276674700536
665.1333333333935,513.6348894991975
665.1666666667268,570.7560514755413
665.2000000000601,633.2117027261559
665.2333333333934,692.8613020850353
665.2666666667267,741.5643083861742
665.30000000006,771.1801804635669
665.3333333333933,773.8874459702218
665.3666666667266,749.3816517752697
665.4000000000599,704.9758522988581
665.4333333333932,648.3222695581602
665.4666666667265,587.0731255703492
665.5000000000598,528.880642352598
665.5333333333931,480.9836204094754
665.5666666667264,445.24284377049287
665.6000000000597,419.75695493969147
665.633333333393,402.5473413666528
665.6666666667263,391.63539050095847
665.7000000000596,385.0424897921898
665.7333333333929,380.9068184133925
665.7666666667262,378.2929242653502
665.8000000000595,376.7066463413543
665.8333333333928,375.656529627165
665.8666666667261,374.6511191085431
665.9000000000594,373.1989597712488
665.9333333333927,370.9514020751655
665.966666666726,368.28518862498055
666.0000000000593,365.8068219976483
666.0333333333926,364.12289622760863
666.066666666726,363.84000534930175
666.1000000000593,365.5646737969641
666.1333333333926,369.579620994706
666.1666666667259,375.0968040730244
666.2000000000592,381.1071531460484
666.2333333333925,386.6015983279066
666.2666666667258,390.5710697327282
666.3000000000591,392.0100254582524
666.3333333333924,390.5954792284951
666.3666666667257,387.4963978918115
666.400000000059,384.0789128316734
666.4333333333923,381.709155431552
666.4666666667256,381.7532570749188
666.5000000000589,385.5534268225608
666.5333333333922,393.18802233292666
666.5666666667255,402.8691474128124
666.6000000000588,412.6587356890725
666.6333333333921,420.6187207885612
666.6666666667254,424.81103633813336
666.7000000000587,423.4341459032741
666.733333333392,417.8818603515487
666.7666666667253,412.7742853512783
666.8000000000586,412.8742461894079
666.8333333333919,422.9445681528828
666.8666666667252,447.74807652864814
666.9000000000585,491.1804183486808
666.9333333333918,546.0831176740933
666.9666666667251,597.6749408065733
667.0000000000584,631.0236052079429
667.0333333333917,631.1968283400236
667.066666666725,583.262327664637
667.1000000000583,480.5889880199645
667.1333333333916,380.40464701465487
667.166666666725,369.57068928706497
667.2000000000583,535.111385034137
667.2333333333916,964.0510044528124
667.2666666667249,1743.413817740032
667.3000000000582,2919.531093294257
667.3333333333915,4340.264075039033
667.3666666667248,5793.057282855154
667.4000000000581,7065.340926672274
667.4333333333914,7944.545216420033
667.4666666667247,8218.138627230242
667.500000000058,7763.9619825374975
667.5333333333913,6743.682267359684
667.5666666667246,5374.541184272301
667.6000000000579,3873.7804358508456
667.6333333333912,2458.641724670815
667.6666666667245,1345.743455203963
667.7000000000578,657.6231325636492
667.7333333333911,323.08695972529165
667.7666666667244,247.06461799553315
667.8000000000577,334.4857886810163
667.833333333391,490.28015308838224
667.8666666667243,620.39694924942
667.9000000000576,676.3888584885038
667.9333333333909,672.7534234407433
667.9666666667242,628.5893432617679
668.0000000000575,562.9953171072063
668.0333333333908,495.070044132688
668.0666666667241,443.3251819952904
668.1000000000574,414.2749233227411
668.1333333333907,403.2166920537215
668.166666666724,405.01723152793744
668.2000000000573,414.5432850850943
668.2333333333906,426.6615960648979
668.266666666724,436.513164946729
668.3000000000573,442.3310087242349
668.3333333333906,444.2982340725793
668.3666666667239,442.6284961217602
668.4000000000572,437.5354500017758
668.4333333333905,429.232750842624
668.4666666667238,418.3201436716181
668.5000000000571,408.0316583469272
668.5333333333904,402.7014009847966
668.5666666667237,406.667155674052
668.600000000057,424.2667065035191
668.6333333333903,459.83783756202354
668.6666666667236,514.3216523348409
668.7000000000569,574.0405841477252
668.7333333333902,621.3851140893865
668.7666666667235,638.7456701520873
668.8000000000568,608.5126803280893
668.8333333333901,513.1056893529313
668.8666666667234,355.3055227062107
668.9000000000567,193.8708892140024
668.93333333339,97.09637282312372
668.9666666667233,133.2765574803924
669.0000000000566,370.7060271326257
669.0333333333899,877.058167678138
669.0666666667232,1662.3221430420604
669.1000000000565,2632.8075654170625
669.1333333333898,3684.000288728584
669.1666666667231,4711.386166902063
669.2000000000564,5610.451053862939
669.2333333333897,6278.351536204921
669.266666666723,6666.830716633364
669.3000000000563,6793.06867684606
669.3333333333896,6678.108708868694
669.366666666723,6342.9941047269485
669.4000000000563,5808.768156446508
669.4333333333896,5098.1176671815465
669.4666666667229,4260.012415542572
669.5000000000562,3364.5562760702983
669.5333333333895,2482.451488168099
669.5666666667228,1684.4002912393469
669.6000000000561,1041.104924687416
669.6333333333894,615.1467944279699
669.6666666667227,395.2254930923626
669.700000000056,330.5986961246668
669.7333333333893,370.1539123363544
669.7666666667226,462.7786505388968
669.8000000000559,557.3604195437655
669.8333333333892,610.4376572313435
669.8666666667225,621.1155483446455
669.9000000000558,603.2165671887583
669.9333333333891,570.5772966210379
669.9666666667224,537.0343194988404
670.0000000000557,516.4238327761174
670.033333333389,517.8446044717482
670.0666666667223,533.8490499848133
670.1000000000556,553.3793039528836
670.1333333333889,565.3775010135296
670.1666666667222,558.7857758043222
670.2000000000555,522.6041726255837
670.2333333333888,458.0433857435684
670.2666666667221,393.5252443068954
670.3000000000554,361.1484003129089
670.3333333333887,393.0115057589529
670.366666666722,521.2132126423717
670.4000000000553,777.5681470327025
670.4333333333886,1179.3426169711413
670.466666666722,1722.5805425886888
670.5000000000553,2401.6470602216395
670.5333333333886,3210.907306206289
670.5666666667219,4144.7264168789325
670.6000000000552,5194.714078828245
670.6333333333885,6292.6441713663335
670.6666666667218,7312.357518948983
670.7000000000551,8125.320171356975
670.7333333333884,8602.998178371086
670.7666666667217,8616.857589772097
670.800000000055,8054.253200289363
670.8333333333883,6985.536797076084
670.8666666667216,5598.315964608019
670.9000000000549,4082.116621701608
670.9333333333882,2626.4646871732843
670.9666666667215,1420.8860798394828
671.0000000000548,627.8461169329283
671.0333333333881,226.08536681885164
671.0666666667214,117.96022223358376
671.1000000000547,205.5775607439582
671.133333333388,391.0442599168092
671.1666666667213,576.4671973189705
671.2000000000546,682.9679840576727
671.2333333333879,711.311099791317
671.2666666667212,683.1095439872396
671.3000000000545,619.9763880935238
671.3333333333878,543.5247035582529
671.3666666667211,475.3544939454193
671.4000000000544,430.4728825265586
671.4333333333877,406.60569399283656
671.466666666721,398.68172330414274
671.5000000000543,401.6297654203672
671.5333333333876,410.37861530139975
671.566666666721,419.8815995038137
671.6000000000543,426.953984252582
671.6333333333876,431.5469366704218
671.6666666667209,433.9128595897405
671.7000000000542,434.3041558429452
671.7333333333875,432.973228262443
671.7666666667208,430.17119922593866
671.8000000000541,426.1137562027323
671.8333333333874,420.9774689779239
671.8666666667207,414.9368880686244
671.900000000054,408.1665639919446
671.9333333333873,400.8410472649954
671.9666666667206,393.138799719182
672.0000000000539,385.2919105704351
672.0333333333872,377.5713818480999
672.0666666667205,370.2490887500834
672.1000000000538,363.5969064742934
672.1333333333871,357.8867102186368
672.1666666667204,353.34938451096895
672.2000000000537,349.8960843097269
672.233333333387,347.2878196327967
672.2666666667203,345.2847326606283
672.3000000000536,343.6469655736721
672.3333333333869,342.134660552378
672.3666666667202,340.54545815926866
672.4000000000535,338.8540753776226
672.4333333333868,337.0874486738064
672.4666666667201,335.2725220065305
672.5000000000534,333.436239334506
672.5333333333867,331.6055307640074
672.56666666672,329.7919672638179
672.6000000000533,327.9623812989328
672.6333333333866,326.07550415655976
672.66666666672,324.09006712390635
672.7000000000533,321.96480148818017
672.7333333333866,319.6589331734091
672.7666666667199,317.1814450043425
672.8000000000532,314.6329522815063
672.8333333333865,312.12393213046954
672.8666666667198,309.76486167680173
672.9000000000531,307.6662180460722
672.9333333333864,305.93728222314235
672.9666666667197,304.6486838298279
673.000000000053,303.82496330443354
673.0333333333863,303.4879629215029
673.0666666667196,303.6595249555799
673.1000000000529,304.3614916812083
673.1333333333862,305.6020694143001
673.1666666667195,307.1824908145843
673.2000000000528,308.7431429966792
673.2333333333861,309.9201869985719
673.2666666667194,310.34978385824974
673.3000000000527,309.66809461369974
673.333333333386,307.5757828290603
673.3666666667193,304.3152306347901
673.4000000000526,300.3996150006459
673.4333333333859,296.3441192032822
673.4666666667192,292.663926519354
673.5000000000525,289.874220225516
673.5333333333858,288.390719349107
673.5666666667191,288.13156438718835
673.6000000000524,288.85962092412944
673.6333333333857,290.33770307608086
673.666666666719,292.3286249591929
673.7000000000523,294.59521069728885
673.7333333333856,296.917389452235
673.766666666719,299.1272448637967
673.8000000000523,301.06676539390605
673.8333333333856,302.57793950449474
673.8666666667189,303.50275565749484
673.9000000000522,303.6847816634507
673.9333333333855,303.14557441197707
673.9666666667188,302.24553494796464
674.0000000000521,301.38305781490834
674.0333333333854,300.9565375563034
674.0666666667187,301.3643687156445
674.100000000052,302.99134702606955
674.1333333333853,305.76139273241535
674.1666666667186,309.0362340990813
674.2000000000519,312.14348612146887
674.2333333333852,314.41076379497974
674.2666666667185,315.1656821150156
674.3000000000518,313.7912322302604
674.3333333333851,310.52857489432114
674.3666666667184,306.2949538029105
674.4000000000517,302.0259209482141
674.433333333385,298.6570283224174
674.4666666667183,297.1238279177058
674.5000000000516,298.2286656365295
674.5333333333849,301.6487724873265
674.5666666667182,306.4962777734264
674.6000000000515,311.8790484589612
674.6333333333848,316.90495150806294
674.6666666667181,320.6818538848637
674.7000000000514,322.5057333917006
674.7333333333847,322.60862905034185
674.766666666718,321.5131792517553
674.8000000000513,319.742112489133
674.8333333333846,317.8181572556671
674.866666666718,316.2639544015461
674.9000000000513,315.4736356004733
674.9333333333846,315.45546311876524
674.9666666667179,316.14557519387694
675.0000000000512,317.4801100632636
675.0333333333845,319.3952059643803
675.0666666667178,321.8270357627782
675.1000000000511,324.71536740142056
675.1333333333844,328.00665190916567
675.1666666667177,331.64806800075047
675.200000000051,335.58679439091185
675.2333333333843,339.7700097943868
675.2666666667176,344.1413681457258
675.3000000000509,348.5327726328116
675.3333333333842,352.6440912382424
675.3666666667175,356.1675748580853
675.4000000000508,358.79547438840785
675.4333333333841,360.2200407252772
675.4666666667174,360.1648823163569
675.5000000000507,358.8102892703336
675.533333333384,356.6818107506514
675.5666666667173,354.3135210474059
675.6000000000506,352.2394944506932
675.6333333333839,350.9938052506092
675.6666666667172,351.05486482570615
675.7000000000505,352.4595931376227
675.7333333333838,355.0346047775901
675.7666666667171,358.605224906192
675.8000000000504,362.9967786840117
675.8333333333837,368.03459127163273
675.866666666717,373.528956370753
675.9000000000503,379.220308642029
675.9333333333836,384.8288032237133
675.966666666717,390.0745930706869
676.0000000000502,394.67783113783065
676.0333333333836,398.3588756350141
676.0666666667169,400.9950916255913
676.1000000000502,402.9007354141101
676.1333333333835,404.4654497401349
676.1666666667168,406.0788773432311
676.2000000000501,408.1306609629631
676.2333333333834,411.0079835510593
676.2666666667167,414.90072201548713
676.30000000005,419.6602882247704
676.3333333333833,425.1047985670408
676.3666666667166,431.0523694304303
676.4000000000499,437.32111720307057
676.4333333333832,443.74398713593456
676.4666666667165,450.5498714377406
676.5000000000498,458.3967364233064
676.5333333333831,467.9640161116302
676.5666666667164,479.9311445217098
676.6000000000497,494.9775556725437
676.633333333383,513.7807583857401
676.6666666667163,536.9938820271775
676.7000000000496,565.2533228951439
676.7333333333829,599.195149597093
676.7666666667162,639.4554307404777
676.8000000000495,686.6702349327521
676.8333333333828,741.0655597720563
676.8666666667161,800.007875546299
676.9000000000494,859.6460418007368
676.9333333333827,916.124420807047
676.966666666716,965.5873748369066
677.0000000000493,1004.1792661619932
677.0333333333826,1028.8545000816932
677.066666666716,1039.8705906406049
677.1000000000492,1038.3268676433695
677.1333333333826,1025.322661112373
677.1666666667159,1001.957301070001
677.2000000000492,969.3313962898008
677.2333333333825,928.9601883797804
677.2666666667158,883.3670408667673
677.3000000000491,835.2255929424041
677.3333333333824,787.2094837983336
677.3666666667157,741.9923526261987
677.400000000049,702.2210651460842
677.4333333333823,669.074214461568
677.4666666667156,641.5306335101353
677.5000000000489,618.3885475125223
677.5333333333822,598.446181689464
677.5666666667155,580.5017612616961
677.6000000000488,563.3870089918715
677.6333333333821,546.6262216487514
677.6666666667154,530.395587182659
677.7000000000487,514.8966451721813
677.733333333382,500.3309351959044
677.7666666667153,486.8999968324155
677.8000000000486,474.7883366458444
677.8333333333819,464.00517426062345
677.8666666667152,454.4565715633884
677.9000000000485,446.0472668828531
677.9333333333818,438.6819985477314
677.9666666667151,432.2655048867372
678.0000000000484,426.713299824284
678.0333333333817,422.0030166713556
678.066666666715,418.1345018606393
678.1000000000483,415.1076297829941
678.1333333333816,412.9222748292793
678.166666666715,411.5783006352619
678.2000000000482,411.01051294692377
678.2333333333816,410.9349498251038
678.2666666667149,411.02171526289845
678.3000000000482,410.9409132534042
678.3333333333815,410.3626477897174
678.3666666667148,408.9579999760994
678.4000000000481,406.53235926193815
678.4333333333814,403.1610904516122
678.4666666667147,398.95188995777926
678.500000000048,394.0124541930965
678.5333333333813,388.4504795702216
678.5666666667146,382.38085654810334
678.6000000000479,376.17120528125565
678.6333333333812,370.5026645176417
678.6666666667145,366.0759021604902
678.7000000000478,363.5915861130301
678.7333333333811,363.75038427849057
678.7666666667144,367.1946656648533
678.8000000000477,373.6880667467137
678.833333333381,382.31448137588217
678.8666666667143,392.1401268170615
678.9000000000476,402.2312203349547
678.9333333333809,411.6539791942645
678.9666666667142,419.5221946584621
679.0000000000475,425.3255405715645
679.0333333333808,428.7321560942767
679.0666666667141,429.41125998418727
679.1000000000474,427.0320709988849
679.1333333333807,421.2638078959583
679.166666666714,412.0109482087425
679.2000000000473,400.2354855255364
679.2333333333806,387.19642924633285
679.266666666714,374.1528043263347
679.3000000000472,362.3636357207449
679.3333333333806,353.086935623359
679.3666666667139,347.07230806654775
679.4000000000472,343.73774868272875
679.4333333333805,342.28590915253204
679.4666666667138,341.91944115658777
679.5000000000471,341.8409963755257
679.5333333333804,341.2594105689696
679.5666666667137,339.77364245578525
679.600000000047,337.5985741537991
679.6333333333803,335.0034053992171
679.6666666667136,332.25733592824497
679.7000000000469,329.62956547708865
679.7333333333802,327.3814371035064
679.7666666667135,325.60178619072906
679.8000000000468,324.21137450436703
679.8333333333801,323.1239941314685
679.8666666667134,322.2534371590821
679.9000000000467,321.5134956742566
679.93333333338,320.82485748821966
679.9666666667133,320.1808887344219
680.0000000000466,319.6185193747597
680.0333333333799,319.17526965896496
680.0666666667132,318.888659836769
680.1000000000465,318.79621015790366
680.1333333333798,318.9118947485885
680.1666666667131,319.1137852934564
680.2000000000464,319.2313013268383
680.2333333333797,319.0938006137004
680.266666666713,318.53064091900853
680.3000000000463,317.3711996102548
680.3333333333796,315.53451859769405
680.366666666713,313.23580627394443
680.4000000000462,310.751334929223
680.4333333333796,308.3573768537467
680.4666666667129,306.3302043377326
680.5000000000462,304.9448454703231
680.5333333333795,304.3257093771795
680.5666666667128,304.3046427527687
680.6000000000461,304.6798734319344
680.6333333333794,305.24962924952024
680.6666666667127,305.8121380403696
680.700000000046,306.1697834430185
680.7333333333793,306.25651406551856
680.7666666667126,306.1616145424609
680.8000000000459,305.9833206736124
680.8333333333792,305.81986825874
680.8666666667125,305.76949309761045
680.9000000000458,305.9247069178287
680.9333333333791,306.2998474419738
680.9666666667124,306.8526815984576
681.0000000000457,307.5397150793905
681.033333333379,308.31745357688254
681.0666666667123,309.142402783044
681.1000000000456,309.9671783785463
681.1333333333789,310.716646591028
681.1666666667122,311.30361712458813
681.2000000000455,311.64085051404936
681.2333333333788,311.6411072942348
681.2666666667121,311.21714799996715
681.3000000000454,310.31067074030534
681.3333333333787,308.979375412143
681.366666666712,307.31002536859825
681.4000000000453,305.3893839628004
681.4333333333786,303.30421454787887
681.466666666712,301.1413397032903
681.5000000000452,299.0022758626326
681.5333333333786,297.02244122811067
681.5666666667119,295.3420195338158
681.6000000000452,294.10119451383883
681.6333333333785,293.44014990227123
681.6666666667118,293.49559626543845
681.7000000000451,294.2493348091867
681.7333333333784,295.46960578193784
681.7666666667117,296.9090655345589
681.800000000045,298.3203704179168
681.8333333333783,299.45617678287834
681.8666666667116,300.08141537390344
681.9000000000449,300.17065251962714
681.9333333333782,299.8742426360505
681.9666666667115,299.3479791633092
682.0000000000448,298.74765554153936
682.0333333333781,298.22906521087674
682.0666666667114,297.93329410900685
682.1000000000447,297.8767633767246
682.133333333378,298.01309582103136
682.1666666667113,298.295435356647
682.2000000000446,298.6769258982914
682.2333333333779,299.1107113606847
682.2666666667112,299.5556662487439
682.3000000000445,299.9973752317807
682.3333333333778,300.4291989083855
682.3666666667111,300.84449876112126
682.4000000000444,301.23663627255087
682.4333333333777,301.59897099314543
682.466666666711,301.92384294770625
682.5000000000443,302.2009012007297
682.5333333333776,302.41935600698264
682.566666666711,302.568417621232
682.6000000000442,302.6372962982449
682.6333333333775,302.61565423592293
682.6666666667109,302.52031015820234
682.7000000000442,302.41019838475694
682.7333333333775,302.3478787694173
682.7666666667108,302.3959111660138
682.8000000000441,302.6168554283769
682.8333333333774,303.07090058107394
682.8666666667107,303.76983358762345
682.900000000044,304.6802167601802
682.9333333333773,305.7668779821618
682.9666666667106,306.9946451369855
683.0000000000439,308.32834610806907
683.0333333333772,309.72239992779134
683.0666666667105,311.0307876519436
683.1000000000438,312.05128425479825
683.1333333333771,312.58104799763044
683.1666666667104,312.4172371417157
683.2000000000437,311.3570099483296
683.233333333377,309.28640057845524
683.2666666667103,306.552692258978
683.3000000000436,303.6523393120519
683.3333333333769,301.0818713138027
683.3666666667102,299.3378178403564
683.4000000000435,298.9164773289551
683.4333333333768,300.0668917983366
683.4666666667101,302.3208606121181
683.5000000000434,305.0808680510198
683.5333333333767,307.74939839576183
683.56666666671,309.728935927064
683.6000000000433,310.4271142694918
683.6333333333766,309.6390248881475
683.66666666671,307.8104167435812
683.7000000000432,305.4493039500836
683.7333333333765,303.06370062194503
683.7666666667099,301.16162087345634
683.8000000000432,300.2343336321942
683.8333333333765,300.3866901466274
683.8666666667098,301.3364124352263
683.9000000000431,302.78433501941845
683.9333333333764,304.43129242063134
683.9666666667097,305.97811916029247
684.000000000043,307.1454854730587
684.0333333333763,307.86194066235083
684.0666666667096,308.180098121004
684.1000000000429,308.1542309234016
684.1333333333762,307.8386121439272
684.1666666667095,307.28751485696444
684.2000000000428,306.5612411199476
684.2333333333761,305.7534366737049
684.2666666667094,304.9692104576514
684.3000000000427,304.31368187642863
684.333333333376,303.8919703346784
684.3666666667093,303.8091806132285
684.4000000000426,304.1447371593018
684.4333333333759,304.8995581760395
684.4666666667092,306.05961204303674
684.5000000000425,307.61086713988885
684.5333333333758,309.53929184619113
684.5666666667091,311.8299054158238
684.6000000000424,314.3869560707876
684.6333333333757,316.97344976770376
684.666666666709,319.33815190191194
684.7000000000423,321.2298278687515
684.7333333333756,322.3972430635619
684.7666666667089,322.6020490611376
684.8000000000422,321.9208109990216
684.8333333333755,320.7556604024451
684.8666666667089,319.5237462803136
684.9000000000422,318.6422176415332
684.9333333333755,318.5282234950099
684.9666666667088,319.5567470149225
685.0000000000421,321.6464298141763
685.0333333333754,324.43680859611806
685.0666666667087,327.5634101543259
685.100000000042,330.6617612823777
685.1333333333753,333.36738877385187
685.1666666667086,335.37336310969016
685.2000000000419,336.6970747156079
685.2333333333752,337.46943430840264
685.2666666667085,337.82147321269446
685.3000000000418,337.88422275310324
685.3333333333751,337.78871950403175
685.3666666667084,337.67619405601505
685.4000000000417,337.7193378419685
685.433333333375,338.0968924390595
685.4666666667083,338.9875994244553
685.5000000000416,340.5702003753235
685.5333333333749,343.0205760951008
685.5666666667082,346.27056191812403
685.6000000000415,349.82490470212986
685.6333333333748,353.1452478850536
685.6666666667081,355.6932349048309
685.7000000000414,356.9305091993969
685.7333333333747,356.3723925831943
685.766666666708,354.8293800489356
685.8000000000413,354.4417114425986
685.8333333333746,357.4102208258194
685.8666666667079,365.93574226023446
685.9000000000412,382.2191098074797
685.9333333333745,407.86925091330767
685.9666666667079,438.21474346344434
686.0000000000412,464.8003918920288
686.0333333333745,479.1189567458477
686.0666666667078,472.6631985716877
686.1000000000411,436.9258779163358
686.1333333333744,368.6421801710813
686.1666666667077,293.3313039831106
686.200000000041,246.33979629843736
686.2333333333743,263.022646207435
686.2666666667076,378.73484280047626
686.3000000000409,628.8145381235364
686.3333333333742,1025.352235212662
686.3666666667075,1511.06939808821
686.4000000000408,2015.805750077435
686.4333333333741,2469.401014507591
686.4666666667074,2801.694914705932
686.5000000000407,2943.123827990104
686.533333333374,2869.322348124904
686.5666666667073,2631.998879710045
686.6000000000406,2290.163314550111
686.6333333333739,1902.8255444496835
686.6666666667072,1528.9954612133456
686.7000000000405,1226.0114896016694
686.7333333333738,1014.0509641370736
686.7666666667071,876.8290469486585
686.8000000000404,796.5292324877253
686.8333333333737,755.335015205575
686.866666666707,735.4298895535098
686.9000000000403,720.1987007557883
686.9333333333736,704.90041975647
686.9666666667069,691.5659431629455
687.0000000000402,682.3050700606284
687.0333333333735,679.227599534932
687.0666666667069,684.4433306712696
687.1000000000402,699.5726146527663
687.1333333333735,723.732292651705
687.1666666667068,755.2408783983549
687.2000000000401,792.4165416988758
687.2333333333734,833.5774523594278
687.2666666667067,877.0417196030154
687.30000000004,921.0833203331296
687.3333333333733,963.8542262037998
687.3666666667066,1003.4855020357912
687.4000000000399,1038.1082126498702
687.4333333333732,1065.853422866801
687.4666666667065,1084.8807744613869
687.5000000000398,1095.0837121740028
687.5333333333731,1099.0541655715238
687.5666666667064,1099.6174929973731
687.6000000000397,1099.5990527949757
687.633333333373,1101.8242033077545
687.6666666667063,1108.9127164460542
687.7000000000396,1119.5278634504211
687.7333333333729,1128.7629964660314
687.7666666667062,1131.5834538286638
687.8000000000395,1122.9545738740978
687.8333333333728,1097.8416949381124
687.8666666667061,1052.0503518225478
687.9000000000394,988.758001601644
687.9333333333727,914.9630555856338
687.966666666706,837.6962629923456
688.0000000000393,763.9883730396083
688.0333333333726,700.8701349452504
688.0666666667059,653.8455336213474
688.1000000000392,621.4565622231058
688.1333333333725,600.2618835341942
688.1666666667059,586.8200154250667
688.2000000000392,577.6894757661787
688.2333333333725,569.4317435743479
688.2666666667058,559.6266370205593
688.3000000000391,548.3567742877601
688.3333333333724,536.0823342120549
688.3666666667057,523.2634956295486
688.400000000039,510.3604373763462
688.4333333333723,497.8294474826921
688.4666666667056,485.9513719829556
688.5000000000389,474.76407936384265
688.5333333333722,464.2875895377604
688.5666666667055,454.5419224171157
688.6000000000388,445.54709791431554
688.6333333333721,437.3156561924912
688.6666666667054,429.7419003598345
688.7000000000387,422.62577091396463
688.733333333372,415.7645797663941
688.7666666667053,408.95563882863553
688.8000000000386,401.9962600122015
688.8333333333719,394.7727472203653
688.8666666667052,387.8345800964212
688.9000000000385,382.0306293392419
688.9333333333718,378.2112246436311
688.9666666667051,377.22669570439217
689.0000000000384,379.92737183266246
689.0333333333717,386.6511147656936
689.066666666705,395.7414942065936
689.1000000000383,405.0570267009624
689.1333333333716,412.4562287944
689.1666666667049,415.7976170325071
689.2000000000382,412.9479706555923
689.2333333333715,403.1268284190679
689.2666666667049,388.396196408018
689.3000000000382,371.1768474890032
689.3333333333715,353.88955452858414
689.3666666667048,338.9550903933213
689.4000000000381,328.7415757162984
689.4333333333714,323.9322619026854
689.4666666667047,323.21073140774456
689.500000000038,325.14437484250186
689.5333333333713,328.3005828179836
689.5666666667046,331.24674594521576
689.6000000000379,332.63351421415854
689.6333333333712,332.1483087667845
689.6666666667045,330.1816653940772
689.7000000000378,327.1374769597676
689.7333333333711,323.41963632758643
689.7666666667044,319.43203636126475
689.8000000000377,315.5523128577039
689.833333333371,311.99850573427153
689.8666666667043,308.9286849688921
689.9000000000376,306.5008129169514
689.9333333333709,304.8728519338352
689.9666666667042,304.2027254171923
690.0000000000375,304.5409067850882
690.0333333333708,305.59600324658305
690.0666666667041,307.0087843190863
690.1000000000374,308.42001952000726
690.1333333333707,309.4704783667554
690.166666666704,309.8039566575108
690.2000000000373,309.3142238064612
690.2333333333706,308.3279894203415
690.2666666667039,307.21508005164566
690.3000000000372,306.3453222528675
690.3333333333705,306.08854257650074
690.3666666667038,306.7958542748141
690.4000000000372,308.40355533383814
690.4333333333705,310.44160940077245
690.4666666667038,312.4229632349674
690.5000000000371,313.8605635957735
690.5333333333704,314.2673572425409
690.5666666667037,313.22999940484533
690.600000000037,311.0345728815628
690.6333333333703,308.3533973072164
690.6666666667036,305.8628515848341
690.7000000000369,304.23931461744394
690.7333333333702,304.1591653080739
690.7666666667035,306.25363635716377
690.8000000000368,310.9386350210144
690.8333333333701,318.5659434357279
690.8666666667034,329.4873328872871
690.9000000000367,344.054574661675
690.93333333337,362.61723312974135
690.9666666667033,384.6807331986647
691.0000000000366,407.6363208817087
691.0333333333699,428.54961185797225
691.0666666667032,444.4862218065547
691.1000000000365,452.5117664065554
691.1333333333698,449.7501279875972
691.1666666667031,435.9250208846898
691.2000000000364,414.3449379213445
691.2333333333697,388.5800228657472
691.266666666703,362.2004194860829
691.3000000000363,338.7762715505375
691.3333333333696,321.690198999386
691.3666666667029,311.4766423737433
691.4000000000362,306.4556874533655
691.4333333333695,304.88918433763206
691.4666666667028,305.0389831259223
691.5000000000362,305.16693391761584
691.5333333333695,303.7545467605298
691.5666666667028,300.8274541972444
691.6000000000361,297.0735118682722
691.6333333333694,293.1831100933414
691.6666666667027,289.8466391921799
691.700000000036,287.75448030829347
691.7333333333693,287.3732691330151
691.7666666667026,288.365472046466
691.8000000000359,290.2129543461909
691.8333333333692,292.39758132973475
691.8666666667025,294.4012182946421
691.9000000000358,295.7078586915219
691.9333333333691,296.0435086462534
691.9666666667024,295.59608773647136
692.0000000000357,294.6054716855027
692.033333333369,293.3115362166741
692.0666666667023,291.95415705331214
692.1000000000356,290.76799265695854
692.1333333333689,289.8540540531886
692.1666666667022,289.17165037011097
692.2000000000355,288.67326085217263
692.2333333333688,288.3113647438204
692.2666666667021,288.0384412895009
692.3000000000354,287.817924676
692.3333333333687,287.726585640795
692.366666666702,287.90816765984465
692.4000000000353,288.5072841041033
692.4333333333686,289.66854834452505
692.4666666667019,291.53657375206427
692.5000000000352,294.1840338426384
692.5333333333685,297.3194595168549
692.5666666667018,300.53643716806755
692.6000000000352,303.4285092720408
692.6333333333685,305.5892183045392
692.6666666667018,306.6125869847758
692.7000000000351,306.32800071632744
692.7333333333684,305.1789854193232
692.7666666667017,303.7079806203116
692.800000000035,302.457425845841
692.8333333333683,301.96976062245994
692.8666666667016,302.7796889064902
692.9000000000349,305.0564493225341
692.9333333333682,308.4532545387583
692.9666666667015,312.5843415736001
693.0000000000348,317.0639474454969
693.0333333333681,321.50630917288623
693.0666666667014,325.5431497960671
693.1000000000347,329.0756500717736
693.133333333368,332.2164909140189
693.1666666667013,335.0840342002039
693.2000000000346,337.79664180772966
693.2333333333679,340.47267561399707
693.2666666667012,343.1368210377147
693.3000000000345,345.1588476806769
693.3333333333678,345.6290157834144
693.3666666667011,343.6365412890075
693.4000000000344,338.27064014053656
693.4333333333677,328.62060257184817
693.466666666701,314.85083131762326
693.5000000000343,300.9090910187458
693.5333333333676,291.57493265284745
693.5666666667009,291.62790719755986
693.6000000000342,305.84756563051457
693.6333333333675,338.9685526817886
693.6666666667008,391.18108447422776
693.7000000000342,454.2913365085123
693.7333333333675,519.2011492014464
693.7666666667008,576.8123629698346
693.8000000000341,618.026818230481
693.8333333333674,634.0756680431521
693.8666666667007,623.9323432579332
693.900000000034,594.407101768339
693.9333333333673,552.6584248348486
693.9666666667006,505.8447937179418
694.0000000000339,461.12468967809815
694.0333333333672,425.0794752174919
694.0666666667005,398.7789620518709
694.1000000000338,380.2338181471185
694.1333333333671,367.42202188719375
694.1666666667004,358.3215516560558
694.2000000000337,350.9103858376635
694.233333333367,343.5112694477804
694.2666666667003,336.0481468810735
694.3000000000336,328.90945936492363
694.3333333333669,322.48369747986203
694.3666666667002,317.1593518064197
694.4000000000335,313.3240796979827
694.4333333333668,311.12960279250774
694.4666666667001,310.168623206801
694.5000000000334,309.9528764633687
694.5333333333667,309.994098084717
694.5666666667,309.8040235933523
694.6000000000333,308.9039659706673
694.6333333333666,307.17134260753664
694.6666666666999,304.9369927829478
694.7000000000332,302.56115356155505
694.7333333333665,300.4040620080126
694.7666666666998,298.82595518697474
694.8000000000332,298.15728128796985
694.8333333333665,298.34232267584184
694.8666666666998,299.0558830734359
694.9000000000331,299.9672658659097
694.9333333333664,300.74577443842094
694.9666666666997,301.06071217612697
695.000000000033,300.6404907437109
695.0333333333663,299.56696723700304
695.0666666666996,298.05280191605726
695.1000000000329,296.3108666196773
695.1333333333662,294.5540331866669
695.1666666666995,292.9951354833266
695.2000000000328,291.79386332728694
695.2333333333661,290.95110361162824
695.2666666666994,290.43821004946125
695.3000000000327,290.22653635389617
695.333333333366,290.28743623804354
695.3666666666993,290.5920968836579
695.4000000000326,291.1014262621291
695.4333333333659,291.76023212103337
695.4666666666992,292.5119174850713
695.5000000000325,293.29988537894354
695.5333333333658,294.0675388273506
695.5666666666991,294.7625542126007
695.6000000000324,295.4074635096342
695.6333333333657,296.0885701160688
695.666666666699,296.8942160907993
695.7000000000323,297.9127434927201
695.7333333333656,299.23249438072617
695.7666666666989,300.95100151049417
695.8000000000322,303.2350678695177
695.8333333333655,306.2830778897319
695.8666666666988,310.2935767878794
695.9000000000322,315.46510978070273
695.9333333333655,321.99621666507943
695.9666666666988,329.78855960468246
696.0000000000321,337.6487516064385
696.0333333333654,344.1309847646458
696.0666666666987,347.7894511736024
696.100000000032,347.1783429276064
696.1333333333653,340.87932721239065
696.1666666666986,330.4690467813688
696.2000000000319,323.1715253487713
696.2333333333652,326.836613936865
696.2666666666985,349.31416356791647
696.3000000000318,398.45402526419264
696.3333333333651,481.5928054931364
696.3666666666984,593.9869388856371
696.4000000000317,718.6575941068792
696.433333333365,838.0816748589132
696.4666666666983,934.7360848437902
696.5000000000316,991.0977277635616
696.5333333333649,991.7898426793964
696.5666666666982,941.4147985354956
696.6000000000315,855.4395283670759
696.6333333333648,749.4394969590153
696.6666666666981,638.9901690961915
696.7000000000314,539.6670095634829
696.7333333333647,464.01489762884137
696.766666666698,411.1362550968465
696.8000000000313,376.40769499100986
696.8333333333646,355.2056929061677
696.8666666666979,342.9067244371565
696.9000000000312,334.8936043791019
696.9333333333645,327.86451701570616
696.9666666666978,321.4385157925085
697.0000000000312,315.6277225251537
697.0333333333645,310.4442590292865
697.0666666666978,305.9002471205516
697.1000000000311,302.00617864536247
697.1333333333644,298.72149868205315
697.1666666666977,295.9456988559984
697.200000000031,293.5748450306041
697.2333333333643,291.50500306927586
697.2666666666976,289.6322388354195
697.3000000000309,287.865022478208
697.3333333333642,286.2513774579448
697.3666666666975,284.9272032952915
697.4000000000308,284.0297701265612
697.4333333333641,283.6963480880666
697.4666666666974,284.0642073161208
697.5000000000307,285.2022379103364
697.533333333364,286.8245463022715
697.5666666666973,288.53052943942754
697.6000000000306,289.91952656494465
697.6333333333639,290.5908769219629
697.6666666666972,290.1444630069325
697.7000000000305,288.4137678082902
697.7333333333638,285.82907256459
697.7666666666971,282.9145976459458
697.8000000000304,280.1945634224715
697.8333333333637,278.193190264281
697.866666666697,277.42396395032745
697.9000000000303,277.96077839620693
697.9333333333636,279.2932448771639
697.9666666666969,280.8705654871168
698.0000000000302,282.14194231998425
698.0333333333635,282.55657746968507
698.0666666666968,281.6102702168101
698.1000000000301,279.41709657306166
698.1333333333635,276.5296807125282
698.1666666666968,273.5099636907136
698.2000000000301,270.9198865631218
698.2333333333634,269.32139038525673
698.2666666666967,269.1909619652492
698.30000000003,270.50038644107167
698.3333333333633,273.0368180858817
698.3666666666966,276.5871359947648
698.4000000000299,280.93821926280623
698.4333333333632,285.876862707938
698.4666666666965,291.10820004354497
698.5000000000298,296.10324122628936
698.5333333333631,300.291301507812
698.5666666666964,303.1016961397543
698.6000000000297,303.9637403737572
698.633333333363,302.31867264840906
698.6666666666963,298.2282143387795
698.7000000000296,292.6649036301122
698.7333333333629,286.6739640007589
698.7666666666962,281.3006189290714
698.8000000000295,277.5900918934016
698.8333333333628,276.5110911642411
698.8666666666961,277.8685132137563
698.9000000000294,280.5615748724401
698.9333333333627,283.46562405656374
698.966666666696,285.4560086823988
699.0000000000293,285.4080766662165
699.0333333333626,282.4279886422378
699.0666666666959,277.1312324955894
699.1000000000292,270.7398695425738
699.1333333333625,264.4776070552763
699.1666666666958,259.56815230578195
699.2000000000291,257.23500897065003
699.2333333333625,258.2331993074651
699.2666666666958,261.8497271878328
699.3000000000291,267.08481593000363
699.3333333333624,272.93868885222804
699.3666666666957,278.4115692727564
699.400000000029,282.51175030152075
699.4333333333623,284.75899050431883
699.4666666666956,285.48191570339964
699.5000000000289,285.0806475383059
699.5333333333622,283.9553076485802
699.5666666666955,282.50601767376526
699.6000000000288,281.12157835640807
699.6333333333621,279.99976791014933
699.6666666666954,279.179403395892
699.7000000000287,278.6944611847323
699.733333333362,278.5789176477663
699.7666666666953,278.8667491560904
699.8000000000286,279.56411893430914
699.8333333333619,280.4815293495835
699.8666666666952,281.3455148716071
699.9000000000285,281.8822875302421
699.9333333333618,281.8180593553505
699.9666666666951,280.87907516804705
700.0000000000284,278.9627306188282
700.0333333333617,276.536666098516
700.066666666695,274.187138636858
700.1000000000283,272.5004052636015
700.1333333333616,272.06272300849423
700.1666666666949,273.45323488794185
700.2000000000282,276.73254206169867
700.2333333333615,281.0998087041329
700.2666666666948,285.67291742241827
700.3000000000281,289.5697508237282
700.3333333333615,291.90819151523607
700.3666666666948,291.8590247403484
700.4000000000281,289.54745344168833
700.4333333333614,285.92674394692904
700.4666666666947,281.9776344868564
700.500000000028,278.68086329225594
700.5333333333613,277.0171685939135
700.5666666666946,277.811282950945
700.6000000000279,280.741999908898
700.6333333333612,284.9772418107542
700.6666666666945,289.6825794127517
700.7000000000278,294.02358347112846
700.7333333333611,297.165850764524
700.7666666666944,298.51549060591947
700.8000000000277,298.3069190738148
700.833333333361,296.95273143936487
700.8666666666943,294.8655229737247
700.9000000000276,292.45788894804906
700.9333333333609,290.14095975368514
700.9666666666942,288.2113703453207
701.0000000000275,286.7710208038483
701.0333333333608,285.90286538058484
701.0666666666941,285.689858326847
701.1000000000274,286.2149538939517
701.1333333333607,287.54626614242727
701.166666666694,289.47683993489846
701.2000000000273,291.5570889736282
701.2333333333606,293.3291064160494
701.2666666666939,294.33498541959545
701.3000000000272,294.1168191416996
701.3333333333605,292.31671783205434
701.3666666666938,289.3207657904288
701.4000000000271,285.85038041071374
701.4333333333605,282.6286015936875
701.4666666666938,280.3784692401284
701.5000000000271,279.82299655579527
701.5333333333604,281.4158484252861
701.5666666666937,284.6788917893382
701.600000000027,288.93263773524905
701.6333333333603,293.4975973503157
701.6666666666936,297.69428172183547
701.7000000000269,300.847087115998
701.7333333333602,302.58187671713523
701.7666666666935,303.03601305034044
701.8000000000268,302.396467013139
701.8333333333601,300.85020950305625
701.8666666666934,298.5842114176176
701.9000000000267,295.7915476844846
701.93333333336,292.7768430236118
701.9666666666933,289.94227111696625
702.0000000000266,287.69329371204515
702.0333333333599,286.43537255634544
702.0666666666932,286.57396939736435
702.1000000000265,288.4204702878003
702.1333333333598,291.5991916554205
702.1666666666931,295.4296862497139
702.2000000000264,299.2301361646673
702.2333333333597,302.31872349426743
702.266666666693,304.013666008002
702.3000000000263,303.8646963217401
702.3333333333596,302.2033435783924
702.3666666666929,299.5259931980537
702.4000000000262,296.3290306008193
702.4333333333595,293.1088412067841
702.4666666666928,290.36023594269693
702.5000000000261,288.4656610487605
702.5333333333595,287.6222450885827
702.5666666666928,288.00979661861425
702.6000000000261,289.808124195306
702.6333333333594,293.19703637510867
702.6666666666927,298.32757426928066
702.700000000026,304.85305647783
702.7333333333593,312.0060378645439
702.7666666666926,319.00583386440763
702.8000000000259,325.07175991240666
702.8333333333592,329.42313144352624
702.8666666666925,331.42203601805016
702.9000000000258,331.4234935376288
702.9333333333591,330.2043189859829
702.9666666666924,328.5428667494278
703.0000000000257,327.2174912142786
703.033333333359,327.00646230093565
703.0666666666923,328.4340114673444
703.1000000000256,331.21050176398467
703.1333333333589,334.8836472767248
703.1666666666922,339.00116209143323
703.2000000000255,343.1107602939783
703.2333333333588,346.7622025087713
703.2666666666921,349.63072368670345
703.3000000000254,351.58760202176734
703.3333333333587,352.5211630653961
703.366666666692,352.3197323690231
703.4000000000253,350.87163548408176
703.4333333333586,348.1006754319866
703.4666666666919,344.490056411418
703.5000000000252,340.96869794947315
703.5333333333585,338.4778913593171
703.5666666666918,337.9589279541146
703.6000000000251,340.35309904703047
703.6333333333585,346.3637099659604
703.6666666666918,355.1642392976753
703.700000000025,365.32287063413526
703.7333333333584,375.406286624566
703.7666666666917,383.9811699181936
703.800000000025,389.6146515935512
703.8333333333583,391.4404120232016
703.8666666666916,390.2666516431207
703.9000000000249,387.20945531676
703.9333333333582,383.3849079075706
703.9666666666915,379.9090942790037
704.0000000000248,377.8857371708115
704.0333333333581,377.802220663461
704.0666666666914,379.2564731811863
704.1000000000247,381.77712316173455
704.133333333358,384.8927990428528
704.1666666666913,388.1321292622883
704.2000000000246,391.0472129000624
704.2333333333579,393.5160338097334
704.2666666666912,395.6550989916976
704.3000000000245,397.5863785817114
704.3333333333578,399.4318427155316
704.3666666666911,401.3134615289149
704.4000000000244,403.3462262784069
704.4333333333577,405.6048372511659
704.466666666691,408.14956726411305
704.5000000000243,411.04067078211705
704.5333333333576,414.33840227004686
704.5666666666909,418.102973633256
704.6000000000242,422.3713008978089
704.6333333333575,427.1184694701257
704.6666666666908,432.3094215395755
704.7000000000241,437.909099295527
704.7333333333575,443.88244492734935
704.7666666666908,450.1980753002569
704.800000000024,456.967740628676
704.8333333333574,464.4892887458085
704.8666666666907,473.0730210449259
704.900000000024,483.0292389193
704.9333333333573,494.66824376220274
704.9666666666906,508.2576542540789
705.0000000000239,523.558655962836
705.0333333333572,540.0007712016875
705.0666666666905,557.0077686858388
705.1000000000238,574.0034171304951
705.1333333333571,590.4114852508621
705.1666666666904,606.3904692942708
705.2000000000237,625.8039323437525
705.233333333357,653.6806991662534
705.2666666666903,695.0500203430988
705.3000000000236,754.941146455614
705.3333333333569,838.3605632611554
705.3666666666902,944.4748010200476
705.4000000000235,1058.8836407877643
705.4333333333568,1165.2649702372016
705.4666666666901,1247.2966770412547
705.5000000000234,1288.6566488728192
705.5333333333567,1275.2297545895285
705.56666666669,1258.305317216972
705.6000000000233,1363.9236678371758
705.6333333333566,1722.2118906731748
705.6666666666899,2463.297069948001
705.7000000000232,3717.306289884689
705.7333333333565,5587.0170039878685
705.7666666666898,7904.994565885374
705.8000000000231,10349.749503784737
705.8333333333564,12597.999201682347
705.8666666666898,14326.46104357461
705.900000000023,15211.852413457917
705.9333333333564,15024.980331826931
705.9666666666897,13939.842821084829
706.000000000023,12238.415208986382
706.0333333333563,10202.67404250841
706.0666666666896,8114.595868627734
706.1000000000229,6255.336026979894
706.1333333333562,4798.396325968182
706.1666666666895,3703.586767366193
706.2000000000228,2905.509287632734
706.2333333333561,2338.7658232266085
706.2666666666894,1937.958310606624
706.3000000000227,1639.0042940902242
706.333333333356,1407.0152384116934
706.3666666666893,1235.7168083819613
706.4000000000226,1120.0343179802974
706.4333333333559,1054.893081185969
706.4666666666892,1035.218411978245
706.5000000000225,1055.328789936323
706.5333333333558,1104.662214278955
706.5666666666891,1170.3042448328704
706.6000000000224,1239.325312884055
706.6333333333557,1298.7958497184943
706.666666666689,1335.7865224054162
706.7000000000223,1341.2950660426998
706.7333333333556,1320.222985715336
706.7666666666889,1280.5473816314732
706.8000000000222,1230.245353999259
706.8333333333555,1177.2940030268414
706.8666666666888,1129.610143950511
706.9000000000221,1090.7410384585787
706.9333333333554,1056.9889025139694
706.9666666666888,1023.9740616749187
707.000000000022,987.3168414996628
707.0333333333554,942.637567546437
707.0666666666887,885.8739763144035
707.100000000022,818.1907284765904
707.1333333333553,745.035306194038
707.1666666666886,671.9814299308539
707.2000000000219,604.6028201511454
707.2333333333552,548.4731973190198
707.2666666666885,508.2535475292376
707.3000000000218,482.7529007961421
707.3333333333551,468.4704100762823
707.3666666666884,461.89958065108783
707.4000000000217,459.5339178019884
707.433333333355,457.8679382236671
707.4666666666883,454.33257401681055
707.5000000000216,449.0286408816936
707.5333333333549,442.52966223762274
707.5666666666882,435.4091615039044
707.6000000000215,428.2406620998452
707.6333333333548,421.5919616908249
707.6666666666881,415.78571546053166
707.7000000000214,410.8124306996299
707.7333333333547,406.63898304822095
707.766666666688,403.2322481464065
707.8000000000213,400.5591016342878
707.8333333333546,398.57754552917584
707.8666666666879,397.1377305691738
707.9000000000212,396.0179295525257
707.9333333333545,394.9951097792062
707.9666666666878,393.8462385491895
708.0000000000211,392.3482831624503
708.0333333333544,390.3175123044773
708.0666666666878,387.7668703977725
708.100000000021,384.7706971656661
708.1333333333544,381.4033527683324
708.1666666666877,377.7391973659456
708.200000000021,373.8529555546021
708.2333333333543,369.8993787819065
708.2666666666876,366.2131470484856
708.3000000000209,363.15350088612047
708.3333333333542,361.0796808265923
708.3666666666875,360.3509274016821
708.4000000000208,361.3092656646806
708.4333333333541,363.8378455795631
708.4666666666874,367.32300024263606
708.5000000000207,371.1262438996593
708.533333333354,374.6090907963931
708.5666666666873,377.1330551785973
708.6000000000206,378.3295968545533
708.6333333333539,380.2397633453244
708.6666666666872,386.1712113973249
708.7000000000205,399.44286458376376
708.7333333333538,423.3736464778499
708.7666666666871,461.28247287242885
708.8000000000204,514.4850548375628
708.8333333333537,576.6590157123298
708.866666666687,639.6617977947433
708.9000000000203,695.3508433828163
708.9333333333536,735.5835947745618
708.9666666666869,752.2793311228227
709.0000000000202,742.5488832674793
709.0333333333535,712.5419848529846
709.0666666666868,669.3146494816808
709.1000000000201,619.9228907559096
709.1333333333534,571.4227222780132
709.1666666666868,530.6012342889435
709.20000000002,499.6025322176966
709.2333333333534,476.6508295446204
709.2666666666867,459.8473355054634
709.30000000002,447.2932593359748
709.3333333333533,437.08981027190345
709.3666666666866,427.5617467844894
709.4000000000199,418.4885040322924
709.4333333333532,410.231524251092
709.4666666666865,403.1537892816461
709.5000000000198,397.6182809647126
709.5333333333531,393.9877292768143
709.5666666666864,392.4021018838415
709.6000000000197,392.3698218795997
709.633333333353,393.2881629044372
709.6666666666863,394.5543985987025
709.7000000000196,395.5658026027438
709.7333333333529,395.7288234555186
709.7666666666862,394.822572549804
709.8000000000195,393.11972181017296
709.8333333333528,390.9268975590171
709.8666666666861,388.55072611872754
709.9000000000194,386.2978338116955
709.9333333333527,384.4591154778637
709.966666666686,383.1446599902641
710.0000000000193,382.3488838399729
710.0333333333526,382.0643190514581
710.0666666666859,382.2834976491878
710.1000000000192,382.9989516576297
710.1333333333525,384.1816796859111
710.1666666666858,385.7018541854557
710.2000000000191,387.4001622001495
710.2333333333524,389.11728712928914
710.2666666666858,390.6939123721714
710.300000000019,391.9711177146792
710.3333333333524,392.8517016614874
710.3666666666857,393.366549700461
710.400000000019,393.562479767121
710.4333333333523,393.4863097969883
710.4666666666856,393.1848577255839
710.5000000000189,392.7074627013494
710.5333333333522,392.1601248492659
710.5666666666855,391.7047777521613
710.6000000000188,391.50573069442856
710.6333333333521,391.7272929604601
710.6666666666854,392.53377383464885
710.7000000000187,394.0845273005545
710.733333333352,396.50041200339393
710.7666666666853,399.8842718737156
710.8000000000186,404.338848223357
710.8333333333519,409.9668823641559
710.8666666666852,416.8710705225953
710.9000000000185,424.95391345391886
710.9333333333518,433.4579836619474
710.9666666666851,441.49006737021807
711.0000000000184,448.1569508022674
711.0333333333517,452.5654201816326
711.066666666685,453.8496496513274
711.1000000000183,452.65101107678936
711.1333333333516,451.8719767406373
711.1666666666849,454.6010068620981
711.2000000000182,463.9265616603994
711.2333333333515,482.9371013547685
711.2666666666848,514.2863495995153
711.3000000000181,554.7711328999593
711.3333333333514,596.9896621993879
711.3666666666848,633.4486306481567
711.400000000018,656.6547313966219
711.4333333333514,659.1146575951386
711.4666666666847,638.1470300905113
711.500000000018,616.3894500533412
711.5333333333513,624.7774901904519
711.5666666666846,694.2515429152104
711.6000000000179,855.7520006409843
711.6333333333512,1140.1645083533515
711.6666666666845,1565.4406568578393
711.7000000000178,2119.993513459742
711.7333333333511,2788.1316809796062
711.7666666666844,3554.163762237974
711.8000000000177,4402.39836005539
711.833333333351,5315.55326191639
711.8666666666843,6235.066394228221
711.9000000000176,7058.30814066431
711.9333333333509,7680.499786746845
711.9666666666842,7996.86261799802
712.0000000000175,7902.617919940023
712.0333333333508,7312.640542488622
712.0666666666841,6307.920077828536
712.1000000000174,5052.926162457113
712.1333333333507,3712.75942130312
712.166666666684,2452.5204792953245
712.2000000000173,1437.3066376021816
712.2333333333506,785.7480830734995
712.2666666666839,453.207354254232
712.3000000000172,359.2077780852728
712.3333333333505,423.2726815075152
712.3666666666838,564.9253914618524
712.4000000000171,704.2259819843879
712.4333333333504,794.6146539478239
712.4666666666838,841.9581625740523
712.500000000017,856.7143784285834
712.5333333333504,849.3411720769278
712.5666666666837,830.2964140845959
712.600000000017,809.5852685217031
712.6333333333503,790.8033176672736
712.6666666666836,772.7919363982819
712.7000000000169,754.2801595172677
712.7333333333502,733.9970218267716
712.7666666666835,710.6715581293329
712.8000000000168,683.4000833710589
712.8333333333501,653.2629559215653
712.8666666666834,622.0074516335052
712.9000000000167,591.3813432951288
712.93333333335,563.1324036946862
712.9666666666833,539.0057820129986
713.0000000000166,520.0891588857863
713.0333333333499,505.950159971541
713.0666666666832,495.9422388416851
713.1000000000165,489.4188490676408
713.1333333333498,485.7334442208306
713.1666666666831,484.2337698150144
713.2000000000164,484.1193943858633
713.2333333333497,484.4316694563797
713.266666666683,484.2042277790412
713.3000000000163,482.4707021063252
713.3333333333496,478.26472519070927
713.3666666666829,470.7816163094678
713.4000000000162,460.5644595815829
713.4333333333495,448.8258542644051
713.4666666666828,436.7832434694658
713.5000000000161,425.6540703082968
713.5333333333494,416.6557342971196
713.5666666666827,410.6404733529076
713.600000000016,407.2094859299794
713.6333333333494,405.6962749440957
713.6666666666827,405.43434331101696
713.700000000016,405.7571939465037
713.7333333333493,406.00225259554736
713.7666666666826,405.729587147173
713.8000000000159,404.83723484051296
713.8333333333492,403.2514883448496
713.8666666666825,400.8986403294655
713.9000000000158,397.70498346364286
713.9333333333491,393.6248812671252
713.9666666666824,388.9849819262262
714.0000000000157,384.37591144377416
714.033333333349,380.393899520881
714.0666666666823,377.6351758586589
714.1000000000156,376.6959701582198
714.1333333333489,377.9438064921327
714.1666666666822,380.5883172013528
714.2000000000155,383.4735638765211
714.2333333333488,385.4434680950252
714.2666666666821,385.34195143425296
714.3000000000154,382.0200640842282
714.3333333333487,375.6177867602261
714.366666666682,369.04867512476847
714.4000000000153,365.5862230199916
714.4333333333486,368.50392428803207
714.4666666666819,381.0752727710261
714.5000000000152,406.3860133115053
714.5333333333485,443.2987801886615
714.5666666666818,486.5052732787696
714.6000000000151,530.519879196162
714.6333333333484,569.8569845551721
714.6666666666817,599.0309759701323
714.700000000015,613.2635769999482
714.7333333333484,613.0514272845289
714.7666666666817,601.2740175245838
714.800000000015,580.8224830906016
714.8333333333483,554.587959353071
714.8666666666816,525.4617967384441
714.9000000000149,496.71364150267607
714.9333333333482,472.7698013439679
714.9666666666815,458.2768826040853
715.0000000000148,457.8814916247941
715.0333333333481,476.2302347478598
715.0666666666814,517.821790010022
715.1000000000147,580.8172344355337
715.133333333348,654.7882847216991
715.1666666666813,728.6952880047465
715.2000000000146,791.4985914209047
715.2333333333479,832.1585421064023
715.2666666666812,840.6646997416191
715.3000000000145,818.4846834902975
715.3333333333478,774.2666469227296
715.3666666666811,716.7687186479219
715.4000000000144,654.7490272748813
715.4333333333477,596.9657014126145
715.466666666681,550.4908474626208
715.5000000000143,515.0847658082378
715.5333333333476,488.52612871979983
715.5666666666809,468.5935727289567
715.6000000000142,453.0657343673581
715.6333333333475,439.728823225176
715.6666666666808,427.1368206717904
715.7000000000141,415.2609409771128
715.7333333333474,404.22536954843065
715.7666666666807,394.1542917930316
715.800000000014,385.1718931182032
715.8333333333474,377.3925223699047
715.8666666666807,370.7606061870608
715.900000000014,365.0770632222983
715.9333333333473,360.13830572662107
715.9666666666806,355.7407459510328
716.0000000000139,351.68079614653703
716.0333333333472,347.78061874498786
716.0666666666805,344.01919553760564
716.1000000000138,340.43454144145346
716.1333333333471,337.0647785978279
716.1666666666804,333.9480291480256
716.2000000000137,331.1224311855002
716.233333333347,328.6322618567594
716.2666666666803,326.537190097059
716.3000000000136,324.8992582758419
716.3333333333469,323.7805087625508
716.3666666666802,323.2429839266285
716.4000000000135,323.344610039666
716.4333333333468,324.0262186204933
716.4666666666801,325.09754098669526
716.5000000000134,326.3613800555646
716.5333333333467,327.6205387443941
716.56666666668,328.6778199704765
716.6000000000133,329.3452234682863
716.6333333333466,329.51339904386987
716.6666666666799,329.112908586383
716.7000000000132,328.0746267911889
716.7333333333465,326.3294283536505
716.7666666666798,323.8082017196988
716.8000000000131,320.5415245406967
716.8333333333464,316.89878514143686
716.8666666666797,313.321284219724
716.900000000013,310.25032247336225
716.9333333333464,308.12720060015613
716.9666666666797,307.3857620753568
717.000000000013,308.07311727446
717.0333333333463,309.6694588048326
717.0666666666796,311.6098242925808
717.1000000000129,313.32925136381124
717.1333333333462,314.2627776446297
717.1666666666795,313.889345120684
717.2000000000128,312.2211228881983
717.2333333333461,309.62546234740944
717.2666666666794,306.4761570456946
717.3000000000127,303.14700053043094
717.333333333346,300.01178634899566
717.3666666666793,297.3831051306476
717.4000000000126,295.2939142991259
717.4333333333459,293.6973539017135
717.4666666666792,292.5465578988772
717.5000000000125,291.79466025108394
717.5333333333458,291.3949438816418
717.5666666666791,291.3174661709687
717.6000000000124,291.5642113998587
717.6333333333457,292.1407427153576
717.666666666679,293.0526232645109
717.7000000000123,294.30541619436434
717.7333333333456,295.8975834857356
717.7666666666789,297.7022844876398
717.8000000000122,299.48544373392
717.8333333333455,301.0095256427822
717.8666666666788,302.0369946324328
717.9000000000121,302.33031512107806
717.9333333333454,301.70838636852136
717.9666666666787,300.3326383726125
718.000000000012,298.4930392994044
718.0333333333454,296.4797859398078
718.0666666666787,294.5830750847333
718.100000000012,293.09278054946725
718.1333333333453,292.18813539567424
718.1666666666786,291.776639333664
718.2000000000119,291.724831545348
718.2333333333452,291.899251212638
718.2666666666785,292.1664375174452
718.3000000000118,292.40274145285395
718.3333333333451,292.745326230677
718.3666666666784,293.6133261595068
718.4000000000117,295.4399272080633
718.433333333345,298.6583153450665
718.4666666666783,303.7016765392366
718.5000000000116,310.8615657228757
718.5333333333449,319.2938694254799
718.5666666666782,327.6084576175679
718.6000000000115,334.4117243891991
718.6333333333448,338.3100638304327
718.6666666666781,337.91028434422964
718.7000000000114,332.8308558665992
718.7333333333447,325.876572138587
718.766666666678,320.477959025836
718.8000000000113,320.0655423939897
718.8333333333446,328.06984810869136
718.8666666666779,347.7922699137044
718.9000000000112,377.0769540780267
718.9333333333445,406.41502948901456
718.9666666666778,425.77874072803786
719.0000000000111,425.14033237646606
719.0333333333444,394.47204901566914
719.0666666666777,326.5713283209517
719.100000000011,244.15883624558944
719.1333333333444,187.958937175724
719.1666666666777,198.9426487958322
719.200000000011,318.08098879039096
719.2333333333443,586.3449748438768
719.2666666666776,1024.6157650183636
719.3000000000109,1573.389134854515
719.3333333333442,2153.0580261608256
719.3666666666775,2684.015380745765
719.4000000000108,3086.654140417804
719.4333333333441,3282.047488134105
719.4666666666774,3240.764003299617
719.5000000000107,3015.5477134216635
719.533333333344,2666.8902398372084
719.5666666666773,2255.2832038832144
719.6000000000106,1841.218226896644
719.6333333333439,1482.4207969803747
719.6666666666772,1197.7587625882582
719.7000000000105,977.4315437680624
719.7333333333438,810.969532035688
719.7666666666771,687.9031189070338
719.8000000000104,597.762695898
719.8333333333437,531.0488945331541
719.866666666677,483.1236875383127
719.9000000000103,450.86840993161513
719.9333333333436,431.1649102349032
719.9666666666769,420.8950369700185
720.0000000000102,416.9439597623804
720.0333333333435,416.6664830903975
720.0666666666768,418.3684529316433
720.1000000000101,420.4706221483364
720.1333333333434,421.3937436026951
720.1666666666767,419.558570156938
720.20000000001,413.4699068005594
720.2333333333434,403.2105689969744
720.2666666666767,390.2661387923436
720.30000000001,376.171049256924
720.3333333333433,362.4597334609732
720.3666666666766,350.6666244747485
720.4000000000099,342.1916973732311
720.4333333333432,337.60217579563965
720.4666666666765,337.1468749119053
720.5000000000098,341.0739696664511
720.5333333333431,349.63163500369984
720.5666666666764,363.0661296733359
720.6000000000097,380.98253169689417
720.633333333343,401.4179119052151
720.6666666666763,422.17409988301966
720.7000000000096,441.0529252150288
720.7333333333429,455.8562174859634
720.7666666666762,464.44649531173775
720.8000000000095,466.2252649957686
720.8333333333428,462.2170109558764
720.8666666666761,453.5237195968099
720.9000000000094,441.2473773233182
720.9333333333427,426.48997054015007
720.966666666676,410.3880777967176
721.0000000000093,394.34028417042606
721.0333333333426,379.865138048318
721.0666666666759,368.481810093416
721.1000000000092,361.7094709687423
721.1333333333425,361.06643182621696
721.1666666666758,367.09172429414303
721.2000000000091,377.46304881105993
721.2333333333424,389.338294224468
721.2666666666757,399.8753493818678
721.300000000009,406.2321031307597
721.3333333333424,405.63077675121934
721.3666666666757,397.52590944158175
721.400000000009,384.1254242078202
721.4333333333423,367.8072295772837
721.4666666666756,350.9492340773212
721.5000000000089,335.9293462352816
721.5333333333422,324.9151445733252
721.5666666666755,318.1446308086906
721.6000000000088,314.8187268692158
721.6333333333421,314.12839512339656
721.6666666666754,315.26459793972845
721.7000000000087,317.418312072121
721.733333333342,319.917139435368
721.7666666666753,322.5598729662828
721.8000000000086,325.24680953893966
721.8333333333419,327.8782460274128
721.8666666666752,330.3544793057762
721.9000000000085,332.57645624104447
721.9333333333418,334.47643931548515
721.9666666666751,336.0312625925915
722.0000000000084,337.2211653074292
722.0333333333417,338.02638669506405
722.066666666675,338.42716599056195
722.1000000000083,338.4497812089814
722.1333333333416,338.6272562670725
722.1666666666749,339.8065247608694
722.2000000000082,342.8391969491835
722.2333333333415,348.57688309082585
722.2666666666748,357.8711934446075
722.3000000000081,371.2113717489249
722.3333333333414,387.6325408026319
722.3666666666747,405.80512572048144
722.400000000008,424.3995516167824
722.4333333333414,442.0862436058443
722.4666666666747,457.6027885200324
722.500000000008,474.2471565367159
722.5333333333413,502.7092172546126
722.5666666666746,554.3540508786923
722.6000000000079,640.5467376139251
722.6333333333412,772.6523576652808
722.6666666666745,960.254296103235
722.7000000000078,1189.64456485315
722.7333333333411,1430.7655877067689
722.7666666666744,1653.2211841136173
722.8000000000077,1826.615173523223
722.833333333341,1920.5513753851103
722.8666666666743,1912.9094081367296
722.9000000000076,1819.5903282156944
722.9333333333409,1667.4074768804928
722.9666666666742,1483.1751305760592
723.0000000000075,1293.7075657473292
723.0333333333408,1125.70406246522
723.0666666666741,994.7085217296578
723.1000000000074,895.9444912930298
723.1333333333407,822.4782148276798
723.166666666674,767.3759360059515
723.2000000000073,723.703898500189
723.2333333333406,684.7846312807808
723.2666666666739,647.8740931293589
723.3000000000072,613.3074618774274
723.3333333333405,581.5021417390506
723.3666666666738,552.8755369282937
723.4000000000071,527.8450516592214
723.4333333333404,506.71285686493263
723.4666666666737,489.18461381330906
723.500000000007,474.7735462191712
723.5333333333404,462.9927833136606
723.5666666666737,453.3554543279192
723.600000000007,445.3752610522244
723.6333333333403,438.6460085812925
723.6666666666736,432.9232652558135
723.7000000000069,427.9820791528287
723.7333333333402,423.5974983493793
723.7666666666735,419.5445709225068
723.8000000000068,415.6075276268639
723.8333333333401,411.7338386281356
723.8666666666734,408.0113198016075
723.9000000000067,404.5323581605423
723.93333333334,401.3893407182021
723.9666666666733,398.6746544878495
724.0000000000066,396.4873230361041
724.0333333333399,394.96447136198674
724.0666666666732,394.2567962446307
724.1000000000065,394.5150110405156
724.1333333333398,395.8898291061205
724.1666666666731,398.5308436154438
724.2000000000064,402.3612932710509
724.2333333333397,406.8047467264358
724.266666666673,411.2179864729573
724.3000000000063,414.9577950019744
724.3333333333396,417.38095480484577
724.3666666666729,417.8717129489509
724.4000000000062,416.3708261580019
724.4333333333395,413.336747399793
724.4666666666728,409.2476188145868
724.5000000000061,404.5815825426461
724.5333333333394,399.8167807242333
724.5666666666727,395.3715455069052
724.600000000006,391.28941963260775
724.6333333333394,387.4690858858866
724.6666666666727,383.808915251331
724.700000000006,380.20727871352943
724.7333333333393,376.5629924817836
724.7666666666726,372.90330937837496
724.8000000000059,369.56090284952217
724.8333333333392,366.9128624556338
724.8666666666725,365.3362777571182
724.9000000000058,365.2082383143838
724.9333333333391,366.8815060992288
724.9666666666724,370.1574612436434
725.0000000000057,374.2905936408396
725.033333333339,378.5119639344653
725.0666666666723,382.05263276816873
725.1000000000056,384.1436607855978
725.1333333333389,384.15613020052086
725.1666666666722,382.403226856414
725.2000000000055,379.5866467382557
725.2333333333388,376.40930124411193
725.2666666666721,373.57410177204855
725.3000000000054,371.7832287835019
725.3333333333387,371.446959429089
725.366666666672,372.239039503984
725.4000000000053,373.7188455894464
725.4333333333386,375.4457542667358
725.4666666666719,376.979142117112
725.5000000000052,377.8912164207768
725.5333333333385,378.0724593597544
725.5666666666718,377.74505785792456
725.6000000000051,377.14671694446014
725.6333333333384,376.515141648534
725.6666666666717,376.08803699931934
725.700000000005,376.0661508517531
725.7333333333384,376.3877208461121
725.7666666666717,376.8773599722191
725.800000000005,377.3592262258973
725.8333333333383,377.6574776029699
725.8666666666716,377.5963970740583
725.9000000000049,377.0656441601676
725.9333333333382,376.12720549539233
725.9666666666715,374.871128476653
726.0000000000048,373.3874605008704
726.0333333333381,371.766248964965
726.0666666666714,370.0967273057087
726.1000000000047,368.4465652864244
726.133333333338,366.860160543329
726.1666666666713,365.3807544389365
726.2000000000046,364.0515883357604
726.2333333333379,362.9159035963146
726.2666666666712,362.0245459932976
726.3000000000045,361.4844008431791
726.3333333333378,361.4274073782659
726.3666666666711,361.98562166218176
726.4000000000044,363.2910997585504
726.4333333333377,365.4758348091562
726.466666666671,368.6320987151786
726.5000000000043,372.744510519088
726.5333333333376,377.7796282746267
726.5666666666709,383.7040100355376
726.6000000000042,390.4842138555632
726.6333333333375,398.0782991062201
726.6666666666708,406.21019692621513
726.7000000000041,414.3459779997706
726.7333333333374,421.93845401016216
726.7666666666707,428.44043664066544
726.800000000004,433.30473757455616
726.8333333333374,436.220028994432
726.8666666666707,438.64644909830406
726.900000000004,442.84932689515495
726.9333333333373,451.09803608051294
726.9666666666706,465.6619503499063
727.0000000000039,488.80824467990544
727.0333333333372,521.295608453513
727.0666666666705,559.7464218411392
727.1000000000038,600.0804091825576
727.1333333333371,638.2172948175418
727.1666666666704,670.0768030858655
727.2000000000037,691.7388081128651
727.233333333337,703.7440146917245
727.2666666666703,711.574028573645
727.3000000000036,720.9669339145106
727.3333333333369,737.6608148702048
727.3666666666702,767.3937555966119
727.4000000000035,814.6572940509068
727.4333333333368,874.5715983796118
727.4666666666701,937.993681836296
727.5000000000034,995.7590635709686
727.5333333333367,1038.703262733639
727.56666666667,1057.699849015714
727.6000000000033,1068.8866161903838
727.6333333333366,1157.362201537028
727.6666666666699,1419.8832666805802
727.7000000000032,1953.2064732459755
727.7333333333365,2854.088482858147
727.7666666666698,4213.378095285188
727.8000000000031,5960.217772572048
727.8333333333364,7846.244670526157
727.8666666666697,9614.019679482117
727.900000000003,11006.103689774516
727.9333333333363,11765.057591737954
727.9666666666697,11675.503509498232
728.000000000003,10832.914018072346
728.0333333333363,9472.082515322372
728.0666666666696,7828.459502743824
728.1000000000029,6137.495481832221
728.1333333333362,4634.514798537169
728.1666666666695,3482.3367415845078
728.2000000000028,2649.935740120037
728.2333333333361,2074.2363106948715
728.2666666666694,1692.1629698601305
728.3000000000027,1440.6402341669295
728.333333333336,1257.6329519684264
728.3666666666693,1108.318153515787
728.4000000000026,987.0454569571674
728.4333333333359,889.5974883305938
728.4666666666692,811.7568736740909
728.5000000000025,749.3062390256842
728.5333333333358,698.2734709722502
728.5666666666691,656.4367358098095
728.6000000000024,622.3349303351746
728.6333333333357,594.5100591417797
728.666666666669,571.5041268230602
728.7000000000023,551.8599461274806
728.7333333333356,534.48660354025
728.7666666666689,519.237042678471
728.8000000000022,506.11417704920297
728.8333333333355,495.120920159505
728.8666666666688,486.2601855164365
728.9000000000021,479.5267275424065
728.9333333333354,474.7166470058116
728.9666666666687,471.4210837819593
729.000000000002,469.2217568273509
729.0333333333353,467.70038509848746
729.0666666666687,466.4386875518701
729.100000000002,465.028190348477
729.1333333333353,463.1268281734316
729.1666666666686,460.4200795654501
729.2000000000019,456.5935119120969
729.2333333333352,451.3326926009365
729.2666666666685,444.3240215512781
729.3000000000018,435.5320714077473
729.3333333333351,425.6015061674671
729.3666666666684,415.2789910851647
729.4000000000017,405.31119141556735
729.433333333335,396.4447724134024
729.4666666666683,389.4023432978887
729.5000000000016,384.37426385720335
729.5333333333349,381.0300770650701
729.5666666666682,379.0175567209844
729.6000000000015,377.9844766244415
729.6333333333348,377.578610574937
729.6666666666681,377.46936393971833
729.7000000000014,377.46277522295753
729.7333333333347,377.4180809132144
729.766666666668,377.1946372878669
729.8000000000013,376.6518006242933
729.8333333333346,375.6491842835456
729.8666666666679,374.10717129482106
729.9000000000012,372.084945440154
729.9333333333345,369.6609798366133
729.9666666666678,366.9137476012674
730.0000000000011,363.9217218511851
730.0333333333344,360.7675052780447
730.0666666666677,357.6149845549685
730.100000000001,354.702379174374
730.1333333333343,352.2706444870606
730.1666666666677,350.56073584382773
730.200000000001,349.8136085954748
730.2333333333343,350.1708112569543
730.2666666666676,351.1978191587084
730.3000000000009,352.2530909724358
730.3333333333342,352.6948148201536
730.3666666666675,351.88117882387945
730.4000000000008,349.1746373208248
730.4333333333341,344.63732206415995
730.4666666666674,339.8021783215967
730.5000000000007,336.3878853239873
730.533333333334,336.1131223021836
730.5666666666673,340.69656848703795
730.6000000000006,351.74160333827064
730.6333333333339,368.86929909023456
730.6666666666672,390.03154817258223
730.7000000000005,413.1281496045176
730.7333333333338,436.0589024052441
730.7666666666671,456.7236055939656
730.8000000000004,473.2150858671299
730.8333333333337,484.6360169967341
730.866666666667,490.4182087694445
730.9000000000003,489.993651409459
730.9333333333336,482.794335140975
730.9666666666669,468.2621098974923
731.0000000000002,446.9566061494471
731.0333333333335,421.5690128737066
731.0666666666668,395.03001933206417
731.1000000000001,370.270314786313
731.1333333333334,350.2205884982467
731.1666666666667,337.63083521603863
731.2,332.5794858083132
731.2333333333333,333.10472176219935
731.2666666666667,337.19317665297496
731.3,342.83148405591754
731.3333333333333,348.006277546305
731.3666666666666,351.09395134861427
731.3999999999999,352.2825514787468
731.4333333333332,352.28609813798016
731.4666666666665,351.8186682929696
731.4999999999998,351.59433891037025
731.5333333333331,352.3207596289295
731.5666666666664,354.1986337624346
731.5999999999997,356.5638456618513
731.633333333333,358.6678128299483
731.6666666666663,359.7619527694944
731.6999999999996,359.0976829832585
731.7333333333329,355.99750102910394
731.7666666666662,350.6758176519539
731.7999999999995,343.95523864112965
731.8333333333328,336.6700856691511
731.8666666666661,329.65468040853807
731.8999999999994,323.7433445318105
731.9333333333327,319.5460804064183
731.966666666666,316.7613536775436
731.9999999999993,314.85612446402223
732.0333333333326,313.2973528516074
732.0666666666659,311.55199892605253
732.0999999999992,309.0949490506612
732.1333333333325,305.8413502308365
732.1666666666658,302.3691861448048
732.1999999999991,299.31123148172924
732.2333333333324,297.3002609307736
732.2666666666657,296.9690491811014
732.299999999999,298.87459108717763
732.3333333333323,302.77594610495146
732.3666666666657,307.95423254934104
732.399999999999,313.6841064327345
732.4333333333323,319.24022376751986
732.4666666666656,323.8972498865368
732.4999999999989,327.04564518476934
732.5333333333322,328.48053278598115
732.5666666666655,328.0853799888506
732.5999999999988,325.74365409205586
732.6333333333321,321.3388223942751
732.6666666666654,314.7642504412954
732.6999999999987,306.306174267521
732.733333333332,296.7659045186254
732.7666666666653,286.9796542713533
732.7999999999986,277.7836366024495
732.8333333333319,270.0140645886584
732.8666666666652,264.4191608182157
732.8999999999985,260.97748590129515
732.9333333333318,259.2696818229344
732.9666666666651,258.8730531928184
732.9999999999984,259.3649046206325
733.0333333333317,260.3225680676198
733.066666666665,261.3585562752899
733.0999999999983,262.18956652553766
733.1333333333316,262.551490871726
733.1666666666649,262.18022136721794
733.1999999999982,260.81165006537645
733.2333333333315,258.1956001439186
733.2666666666648,254.4829391821389
733.2999999999981,250.27625600109087
733.3333333333314,246.20225092293825
733.3666666666647,242.88762426984496
733.399999999998,240.9590763639748
733.4333333333313,240.94356973387576
733.4666666666647,242.6502925151679
733.499999999998,245.57414306169832
733.5333333333313,249.20868944978807
733.5666666666646,253.0474997557582
733.5999999999979,256.58456539861794
733.6333333333312,259.4663648674929
733.6666666666645,261.7172759573563
733.6999999999978,263.419209643754
733.7333333333311,264.65407690223174
733.7666666666644,265.50378870833526
733.7999999999977,266.0465110887972
733.833333333331,266.2811359711171
733.8666666666643,266.13091464587154
733.8999999999976,265.51608064878303
733.9333333333309,264.35686751557404
733.9666666666642,262.5735087819673
733.9999999999975,260.1458924603212
734.0333333333308,257.4035964154567
734.0666666666641,254.80322472706328
734.0999999999974,252.8015613619106
734.1333333333307,251.8553902867683
734.166666666664,252.41916961955167
734.1999999999973,254.6015980321388
734.2333333333306,257.8021311332762
734.2666666666639,261.33321254781805
734.2999999999972,264.5072859006187
734.3333333333305,266.6367948165324
734.3666666666638,267.0714905335796
734.3999999999971,265.74863072297404
734.4333333333304,263.0731925648512
734.4666666666637,259.46311232262445
734.499999999997,255.33632625970705
734.5333333333303,251.11077063951237
734.5666666666637,247.15908672124036
734.599999999997,243.64009770931236
734.6333333333303,240.6495943478878
734.6666666666636,238.28335839206775
734.6999999999969,236.6371715969531
734.7333333333302,235.80521079062
734.7666666666635,235.7606192215827
734.7999999999968,236.2731341722524
734.8333333333301,237.0930085769784
734.8666666666634,237.97049537011029
734.8999999999967,238.65584748599736
734.93333333333,238.9192556992033
734.9666666666633,238.76655967114547
734.9999999999966,238.35748936102388
735.0333333333299,237.8544243837744
735.0666666666632,237.41974435433323
735.0999999999965,237.21582835455573
735.1333333333298,237.3492187739499
735.1666666666631,237.71716392051192
735.1999999999964,238.1678833231483
735.2333333333297,238.54959651076555
735.266666666663,238.71052301227004
735.2999999999963,238.50177981445765
735.3333333333296,237.9001998144974
735.3666666666629,237.05392118242523
735.3999999999962,236.1233719540516
735.4333333333295,235.26898016518703
735.4666666666628,234.65117385164217
735.4999999999961,234.48689594730985
735.5333333333294,235.4971718317629
735.5666666666627,238.6678366622326
735.599999999996,244.98707607131675
735.6333333333293,255.44307569161307
735.6666666666626,271.0232201182057
735.699999999996,291.76323473445166
735.7333333333293,314.90509560905474
735.7666666666626,337.18073767961926
735.7999999999959,355.3220958837495
735.8333333333292,366.06110515904993
735.8666666666625,366.24304369018745
735.8999999999958,355.7853870929775
735.9333333333291,337.96096145190154
735.9666666666624,316.2127047278234
735.9999999999957,293.9835548816065
736.033333333329,274.7164498741147
736.0666666666623,261.406804044596
736.0999999999956,254.0333287361394
736.1333333333289,251.3285911276347
736.1666666666622,252.02122464308164
736.1999999999955,254.83986270648003
736.2333333333288,258.5143118010183
736.2666666666621,262.04939443573727
736.2999999999954,265.0769928581226
736.3333333333287,267.3159610698959
736.366666666662,268.48515307277853
736.3999999999953,268.3034228684919
736.4333333333286,266.5149116664
736.4666666666619,263.316390568719
736.4999999999952,259.295437902265
736.5333333333285,255.0524710100524
736.5666666666618,251.1879072350955
736.5999999999951,248.30216392040865
736.6333333333284,246.8666057217544
736.6666666666617,246.6974758253206
736.699999999995,247.40364184209832
736.7333333333283,248.59388943522947
736.7666666666616,249.8770042678558
736.799999999995,250.8644452445116
736.8333333333283,251.39983539165297
736.8666666666616,251.7354186329044
736.8999999999949,252.16497945192347
736.9333333333282,252.98230233236788
736.9666666666615,254.4811717578953
736.9999999999948,256.9263911278746
737.0333333333281,260.2272183885221
737.0666666666614,264.0543542664292
737.0999999999947,268.0740903275124
737.133333333328,271.9527181376888
737.1666666666613,275.3565316804261
737.1999999999946,278.3579402908411
737.2333333333279,282.56634166373465
737.2666666666612,289.9546778155487
737.2999999999945,302.4958907627253
737.3333333333278,322.1629225217065
737.3666666666611,350.85959322151547
737.3999999999944,387.55890040326926
737.4333333333277,427.2792848315327
737.466666666661,464.75954063593537
737.4999999999943,494.7384619461065
737.5333333333276,511.9548428916757
737.5666666666609,511.905253242088
737.5999999999942,496.6083989782357
737.6333333333275,471.4103655402153
737.6666666666608,441.6838305912812
737.6999999999941,412.8014717946876
737.7333333333274,390.1332385138166
737.7666666666607,376.9262269225328
737.799999999994,370.50714159655433
737.8333333333273,367.1786734581388
737.8666666666606,363.24351342954327
737.899999999994,355.00435243302496
737.9333333333273,339.0413262319004
737.9666666666606,318.60072127455123
737.9999999999939,303.75721375625886
738.0333333333272,304.8953784074191
738.0666666666605,332.3997899584278
738.0999999999938,396.65502313968057
738.1333333333271,504.9822926319992
738.1666666666604,645.9906627386468
738.1999999999937,801.2254904779437
738.233333333327,952.2190631247622
738.2666666666603,1080.503667953975
738.2999999999936,1167.6699429236226
738.3333333333269,1203.9298799485116
738.3666666666602,1197.1525198666131
738.3999999999935,1157.3691110658845
738.4333333333268,1094.6109019342832
738.4666666666601,1018.9091408597656
738.4999999999934,939.9188099257752
738.5333333333267,861.7018562912875
738.56666666666,784.0335553151207
738.5999999999933,706.5799980204323
738.6333333333266,629.0072754303799
738.6666666666599,550.981478568121
738.6999999999932,474.69069108566646
738.7333333333265,413.2549463719637
738.7666666666598,382.75561814567936
738.7999999999931,399.2741326165712
738.8333333333264,478.8919159943969
738.8666666666597,637.5462024082829
738.899999999993,883.2305430947278
738.9333333333263,1212.0164097562113
738.9666666666596,1618.994053660514
738.999999999993,2099.253726075417
739.0333333333263,2647.8856782687026
739.0666666666596,3255.8503889608974
739.0999999999929,3874.087300801655
739.1333333333262,4431.063392433454
739.1666666666595,4854.996365746559
739.1999999999928,5074.103922631234
739.2333333333261,5016.625741064295
739.2666666666594,4647.780356557
739.2999999999927,4045.3658364404014
739.333333333326,3308.5268528267998
739.3666666666593,2536.408077828489
739.3999999999926,1828.1541835577696
739.4333333333259,1280.5198492200352
739.4666666666592,925.345345009217
739.4999999999925,723.4981871930554
739.5333333333258,632.241205353007
739.5666666666591,608.8372290705274
739.5999999999924,610.5490879270726
739.6333333333257,599.525564639767
739.666666666659,569.6710308039967
739.6999999999923,527.581161190183
739.7333333333256,479.8849929354571
739.7666666666589,433.2115631769501
739.7999999999922,394.1744870830782
739.8333333333255,366.6943712398082
739.8666666666588,348.94443394708884
739.8999999999921,338.3591501423134
739.9333333333254,332.3729947628759
739.9666666666587,328.42044274616984
739.999999999992,324.0434360062984
740.0333333333253,318.4446944716855
740.0666666666586,312.13293785613246
740.099999999992,305.6521101424125
740.1333333333253,299.5461553132987
740.1666666666586,294.3590173515643
740.1999999999919,290.5045379815345
740.2333333333252,287.8245922246611
740.2666666666585,286.0039221319194
740.2999999999918,284.7272652909818
740.3333333333251,283.67935928952045
740.3666666666584,282.54868417166784
740.3999999999917,281.2293651353419
740.433333333325,279.92385908060857
740.4666666666583,278.8599647009291
740.4999999999916,278.2654806897644
740.5333333333249,278.36820574057555
740.5666666666582,279.397778921922
740.5999999999915,281.60134454694094
740.6333333333248,285.2357320412779
740.6666666666581,290.5578732526734
740.6999999999914,297.82470002886794
740.7333333333247,307.2928267624708
740.766666666658,318.8222761496721
740.7999999999913,331.1023243111957
740.8333333333246,342.60726480916577
740.8666666666579,351.81139120570674
740.8999999999912,357.1889970629427
740.9333333333245,357.2791428210399
740.9666666666578,352.24913899614
740.9999999999911,343.97549166412074
741.0333333333244,334.4156748225502
741.0666666666577,325.5271624689966
741.099999999991,319.26742860102814
741.1333333333243,317.14705316868054
741.1666666666576,317.9532873423021
741.199999999991,319.4476060266493
741.2333333333243,319.389613641774
741.2666666666576,315.5389146077281
741.2999999999909,305.68992325978803
741.3333333333242,292.2199096517569
741.3666666666575,286.61351618306924
741.3999999999908,301.43121318076305
741.4333333333241,349.2334709718768
741.4666666666574,442.5807598834489
741.4999999999907,592.2671509455487
741.533333333324,784.8965107087755
741.5666666666573,989.5342214194624
741.5999999999906,1174.8528790068087
741.6333333333239,1309.5250794000144
741.6666666666572,1362.2234194362063
741.6999999999905,1312.126496128351
741.7333333333238,1179.8807716659717
741.7666666666571,996.3624757149016
741.7999999999904,792.4478379409767
741.8333333333237,599.0130880100306
741.866666666657,446.5237698537919
741.8999999999903,348.1595991838052
741.9333333333236,293.8501644358554
741.9666666666569,271.8885551619581
741.9999999999902,270.5678609141294
742.0333333333235,278.1811712443848
742.0666666666568,284.0271321075309
742.0999999999901,285.6021430324975
742.1333333333234,284.39961017265546
742.1666666666567,281.9398415368492
742.19999999999,279.743145133923
742.2333333333233,279.32813923758096
742.2666666666566,281.50186969581813
742.29999999999,285.25977906918166
742.3333333333233,289.3132335164283
742.3666666666566,292.3735991963146
742.3999999999899,293.1522422675972
742.4333333333232,290.429388693707
742.4666666666565,284.320610196326
742.4999999999898,276.15185293664825
742.5333333333231,267.2928529426784
742.5666666666564,259.1133462424211
742.5999999999897,252.98306886388085
742.633333333323,249.95660835798589
742.6666666666563,249.49692967133288
742.6999999999896,250.5656886481148
742.7333333333229,252.12435461863615
742.7666666666562,253.1343969132017
742.7999999999895,252.56579553215903
742.8333333333228,250.0059575999972
742.8666666666561,246.06634871445823
742.8999999999894,241.45485626078235
742.9333333333227,236.87936762420972
742.966666666656,233.04777018998047
742.9999999999893,230.6121787030829
743.0333333333226,229.63718119783087
743.0666666666559,229.83533423368857
743.0999999999892,230.9144297595313
743.1333333333225,232.5822597242345
743.1666666666558,234.54662320106107
743.1999999999891,236.53219918979596
743.2333333333224,238.3166949124451
743.2666666666557,239.6882037525
743.299999999989,240.43481909345223
743.3333333333223,240.3446343187935
743.3666666666556,239.21766494662572
743.399999999989,237.17341405081405
743.4333333333223,234.67825587321212
743.4666666666556,232.2159751256989
743.4999999999889,230.27035652015323
743.5333333333222,229.32518476845416
743.5666666666555,229.78835239202655
743.5999999999888,231.598555178872
743.6333333333221,234.5153823637396
743.6666666666554,238.29806681544773
743.6999999999887,242.7058414028147
743.733333333322,247.4987428968908
743.7666666666553,252.53879392589232
743.7999999999886,257.88867610531184
743.8333333333219,263.6344907267597
743.8666666666552,269.8623390818462
743.8999999999885,276.65832246218173
743.9333333333218,284.0910580791489
743.9666666666551,292.0003296416004
743.9999999999884,300.06515534720575
744.0333333333217,307.9612170732837
744.066666666655,315.3641966971524
744.0999999999883,321.94977642833584
744.1333333333216,327.4175748031344
744.1666666666549,331.55614258277905
744.1999999999882,334.174679912688
744.2333333333215,335.0823869382792
744.2666666666548,334.0884638049707
744.2999999999881,331.0133062014669
744.3333333333214,326.0757403822102
744.3666666666547,319.9918333204555
744.399999999988,313.5089141115845
744.4333333333213,307.3743118509787
744.4666666666546,302.3353556340198
744.499999999988,299.0228404852878
744.5333333333213,297.224101787259
744.5666666666546,296.355288373786
744.5999999999879,295.8309401761964
744.6333333333212,295.06559712581765
744.6666666666545,293.47524980937226
744.6999999999878,290.7896937752162
744.7333333333211,287.4419673724052
744.7666666666544,283.9607450024644
744.7999999999877,280.8747010669189
744.833333333321,278.71250996729367
744.8666666666543,277.9696166578995
744.8999999999876,278.62602201841247
744.9333333333209,280.25540000851936
744.9666666666542,282.42040639185507
744.9999999999875,284.6836969320542
745.0333333333208,286.60792739275155
745.0666666666541,287.879921658082
745.0999999999874,288.7073693238824
745.1333333333207,289.43451645311205
745.166666666654,290.4056096275767
745.1999999999873,291.9648954290823
745.2333333333206,294.4494080991206
745.2666666666539,297.8755484424498
745.2999999999872,301.8182930960289
745.3333333333205,305.82047148579204
745.3666666666538,309.4249130376735
745.3999999999871,312.1744471776074
745.4333333333204,313.87186977867685
745.4666666666537,316.420970987298
745.499999999987,322.74242538594154
745.5333333333203,335.7635556320745
745.5666666666536,358.411684383164
745.599999999987,393.6145948931999
745.6333333333203,444.4541355968864
745.6666666666536,514.3888963184231
745.6999999999869,606.9339836002648
745.7333333333202,725.6045039848666
745.7666666666535,873.9155640146827
745.7999999999868,1054.5818408875348
745.8333333333201,1256.408425507614
745.8666666666534,1456.4092562086282
745.8999999999867,1631.225157983931
745.93333333332,1757.4969558268742
745.9666666666533,1811.8654747308103
745.9999999999866,1778.0188117030723
746.0333333333199,1671.465999908066
746.0666666666532,1516.6932828423728
746.0999999999865,1338.1874282018014
746.1333333333198,1160.4352036821608
746.1666666666531,1007.6805701274496
746.1999999999864,891.7753443308345
746.2333333333197,806.5201770489095
746.266666666653,744.2906678240081
746.2999999999863,697.4624161984632
746.3333333333196,658.4110217146073
746.3666666666529,620.2089538753278
746.3999999999862,581.9075170094161
746.4333333333195,545.6001884086638
746.4666666666528,513.404524187356
746.4999999999861,487.4380804597776
746.5333333333194,469.81551734850206
746.5666666666527,461.4154236395464
746.599999999986,459.9623862455806
746.6333333333193,462.6852027699562
746.6666666666526,466.8126708160244
746.699999999986,469.5735879871366
746.7333333333193,468.3022978566388
746.7666666666526,462.2605407201953
746.7999999999859,452.3947765032048
746.8333333333192,439.70819998544766
746.8666666666525,425.2040059467048
746.8999999999858,409.88538916675697
746.9333333333191,394.652035506048
746.9666666666524,379.9241094154093
746.9999999999857,365.9830141789372
747.033333333319,353.1101390329801
747.0666666666523,341.5868732138863
747.0999999999856,331.69264229909857
747.1333333333189,323.6029935130072
747.1666666666522,317.34000484456504
747.1999999999855,312.91339641662347
747.2333333333188,310.33288835203405
747.2666666666521,309.6082007736484
747.2999999999854,310.73235017498433
747.3333333333187,313.554029484557
747.366666666652,317.84806722876345
747.3999999999853,323.38869469534245
747.4333333333186,329.9501431720329
747.4666666666519,337.3062315516973
747.4999999999852,345.05799713474664
747.5333333333185,352.3669652850548
747.5666666666518,358.32580597197415
747.5999999999851,362.02718916485713
747.6333333333184,362.56378483305656
747.6666666666517,359.0912203062895
747.699999999985,351.89401359183364
747.7333333333183,342.2324399775419
747.7666666666516,331.39890126221053
747.799999999985,320.68579924463614
747.8333333333183,311.38553572361496
747.8666666666516,304.60042249455984
747.8999999999849,300.5717794042259
747.9333333333182,299.297277380197
747.9666666666515,300.7745720490845
747.9999999999848,305.0013190375003
748.0333333333181,311.9550958395384
748.0666666666514,320.6246169989771
748.0999999999847,328.57854346772524
748.133333333318,333.2756637029194
748.1666666666513,332.17476616169654
748.1999999999846,322.7346393011932
748.2333333333179,303.4828876175239
748.2666666666512,281.7666976767587
748.2999999999845,269.27746792497675
748.3333333333178,277.7370194772324
748.3666666666511,318.86717344857993
748.3999999999844,404.3857516633966
748.4333333333177,544.738316311905
748.466666666651,747.2880746443649
748.4999999999843,1018.9405701019548
748.5333333333176,1366.6013461258524
748.5666666666509,1797.1759461572356
748.5999999999842,2314.9589037186247
748.6333333333175,2881.23111527875
748.6666666666508,3422.020107843131
748.6999999999841,3862.313736139087
748.7333333333174,4127.099854893934
748.7666666666507,4141.366318834994
748.799999999984,3857.0664609270234
748.8333333333173,3339.9585408782264
748.8666666666506,2685.818760867184
748.899999999984,1990.4234856355693
748.9333333333173,1349.54907992506
748.9666666666506,857.6147228703122
748.9999999999839,552.5966450928208
749.0333333333172,396.94527854476286
749.0666666666505,347.8355279734505
749.0999999999838,362.4422981261967
749.1333333333171,397.9404937503137
749.1666666666504,415.7593027801023
749.1999999999837,409.1742945020145
749.233333333317,385.8945414281838
749.2666666666503,353.70069553848475
749.2999999999836,320.3734088127918
749.3333333333169,293.67817352106414
749.3666666666502,278.3220900736392
749.3999999999835,272.26339537379613
749.4333333333168,272.5586440629494
749.4666666666501,276.2643907825135
749.4999999999834,280.437190173903
749.5333333333167,282.2839830454126
749.56666666665,281.154272611444
749.5999999999833,277.99352608583587
749.6333333333166,273.78529584381056
749.6666666666499,269.5131342605903
749.6999999999832,266.1605903990172
749.7333333333165,264.3649380275877
749.7666666666498,263.46555438250243
749.7999999999831,262.4977873862111
749.8333333333164,260.49698496116343
749.8666666666497,256.4984950298093
749.899999999983,249.6094186461493
749.9333333333163,241.26931526660647
749.9666666666496,235.70703500007352
749.999999999983,237.31546482186457
750.0333333333162,250.48749170729383
750.0666666666496,279.61600263167537
750.0999999999829,328.06381248529993
750.1333333333162,392.5297438808452
750.1666666666495,467.0604948310969
750.1999999999828,545.6959588334713
750.2333333333161,622.4760293853842
750.2666666666494,691.4513449274318
750.2999999999827,747.9331347283462
750.333333333316,789.6598954922257
750.3666666666493,814.6460945490498
750.3999999999826,820.9061992287982
750.4333333333159,806.4546768614506
750.4666666666492,769.742326678787
750.4999999999825,714.3248610828114
750.5333333333158,647.0670093223629
750.5666666666491,574.8893526171596
750.5999999999824,504.7124721869199
750.6333333333157,443.4562520305166
750.666666666649,396.1572800116131
750.6999999999823,361.8703762470115
750.7333333333156,338.46544959074816
750.7666666666489,323.8124088968595
750.7999999999822,315.7811630193815
750.8333333333155,312.2494575654813
750.8666666666488,311.2836999418068
750.8999999999821,311.1437571311884
750.9333333333154,310.0982926146308
750.9666666666487,306.4159698731386
750.999999999982,298.3654523877163
751.0333333333153,285.38386127508653
751.0666666666486,273.1502243517441
751.099999999982,269.4193439036337
751.1333333333152,281.9474180109484
751.1666666666486,318.49064475388155
751.1999999999819,386.6851192671609
751.2333333333152,486.1217524154487
751.2666666666485,603.4134566078808
751.2999999999818,723.9952020770195
751.3333333333151,833.3019590554273
751.3666666666484,916.7686977756664
751.3999999999817,961.268629401287
751.433333333315,966.910971726301
751.4666666666483,940.936883966712
751.4999999999816,890.6566072086712
751.5333333333149,823.3803825383296
751.5666666666482,746.4163653928997
751.5999999999815,666.1252367671933
751.6333333333148,586.4251880761836
751.6666666666481,510.8461624022204
751.6999999999814,442.9181028276529
751.7333333333147,386.1709524348307
751.766666666648,343.93281703083943
751.7999999999813,316.05424672283425
751.8333333333146,299.45361885908835
751.8666666666479,290.9575460694306
751.8999999999812,287.3926409836899
751.9333333333145,285.585516231695
751.9666666666478,282.98291462205304
751.9999999999811,279.6479422723488
752.0333333333144,276.3335961453841
752.0666666666477,273.79287687535776
752.099999999981,272.7787850964685
752.1333333333143,274.0231231495788
752.1666666666476,277.43261428619206
752.199999999981,281.8415986067816
752.2333333333142,286.0126890476719
752.2666666666476,288.7084985451877
752.2999999999809,288.6916400356535
752.3333333333142,284.97809366058243
752.3666666666475,278.35179688389474
752.3999999999808,270.34994003971394
752.4333333333141,262.5125038126815
752.4666666666474,256.3794688874386
752.4999999999807,253.484433528906
752.533333333314,254.4777153951315
752.5666666666473,258.2309637378737
752.5999999999806,263.4023635695137
752.6333333333139,268.6500999024324
752.6666666666472,272.6323577490108
752.6999999999805,274.10123532588244
752.7333333333138,272.942442992885
752.7666666666471,269.7934396233052
752.7999999999804,265.30516179829294
752.8333333333137,260.1285460989984
752.866666666647,254.9144662479629
752.8999999999803,250.1389178159056
752.9333333333136,245.7211081139503
752.9666666666469,241.4696794523093
752.9999999999802,237.1932741411953
753.0333333333135,232.7005344908208
753.0666666666468,227.8143966734916
753.0999999999801,222.69077076266197
753.1333333333134,217.82089941235176
753.1666666666467,213.710790881926
753.19999999998,210.86645343074937
753.2333333333133,209.7938953181868
753.2666666666466,210.8197123627367
753.29999999998,213.35385490065823
753.3333333333132,216.5142931495936
753.3666666666466,219.41887313878723
753.3999999999799,221.18544089748343
753.4333333333132,220.9429687123072
753.4666666666465,218.45342468732025
753.4999999999798,214.4405374194805
753.5333333333131,209.7085429099696
753.5666666666464,205.06167715996875
753.5999999999797,201.30417617065933
753.633333333313,199.1450933136272
753.6666666666463,198.5014246391712
753.6999999999796,198.8972657209413
753.7333333333129,199.85388501243372
753.7666666666462,200.8925509671447
753.7999999999795,201.5354680731151
753.8333333333128,201.540778346407
753.8666666666461,201.21275998659743
753.8999999999794,200.93274452386947
753.9333333333127,201.0820634884062
753.966666666646,202.04204841039063
753.9999999999793,204.1703512828795
754.0333333333126,207.48520557485665
754.0666666666459,211.7509753744673
754.0999999999792,216.72590870332752
754.1333333333125,222.1682535830536
754.1666666666458,227.83625579615293
754.1999999999791,233.43304118003007
754.2333333333124,238.46355804293503
754.2666666666457,242.38823208682345
754.299999999979,244.6674890136508
754.3333333333123,244.7617545253727
754.3666666666456,242.1570998713168
754.399999999979,237.0536592332101
754.4333333333122,230.44232260187863
754.4666666666456,223.3550141518542
754.4999999999789,216.8236580576688
754.5333333333122,211.88017849385412
754.5666666666455,209.35165635276837
754.5999999999788,208.91181336018167
754.6333333333121,209.83104796303164
754.6666666666454,211.3793334196855
754.6999999999787,212.82664298851063
754.733333333312,213.44860762377357
754.7666666666453,212.91442027755755
754.7999999999786,211.53662093222107
754.8333333333119,209.6871783174452
754.8666666666452,207.73806116291112
754.8999999999785,206.06123819829992
754.9333333333118,204.9885522072071
754.9666666666451,204.4915855451741
754.9999999999784,204.35164931322132
755.0333333333117,204.34833388634172
755.066666666645,204.26122963952835
755.0999999999783,203.8702932999488
755.1333333333116,203.0759525117678
755.1666666666449,202.0723057698598
755.1999999999782,201.097353963334
755.2333333333115,200.38909798129944
755.2666666666448,200.1855387128654
755.2999999999781,200.7001128438853
755.3333333333114,201.7745619114243
755.3666666666447,202.9623625257187
755.399999999978,203.8094518472193
755.4333333333113,203.8617670363765
755.4666666666446,202.6652486545084
755.499999999978,199.9663187752738
755.5333333333112,196.2523732896998
755.5666666666446,192.1819554243652
755.5999999999779,188.41360840584863
755.6333333333112,185.60587546072904
755.6666666666445,184.39682597856768
755.6999999999778,184.84058623229595
755.7333333333111,186.33663889060423
755.7666666666444,188.24979476520292
755.7999999999777,189.94486466780256
755.833333333311,190.78665941011332
755.8666666666443,190.28925038449756
755.8999999999776,188.8075379296157
755.9333333333109,186.99059680490544
755.9666666666442,185.48781311754345
755.9999999999775,184.94857297470648
756.0333333333108,186.01429709619467
756.0666666666441,188.79051402543695
756.0999999999774,192.51695274940624
756.1333333333107,196.35459743188736
756.166666666644,199.46443223666515
756.1999999999773,201.0074413275244
756.2333333333106,200.25812109959097
756.2666666666439,197.4801667205651
756.2999999999772,193.4471239168799
756.3333333333105,188.9367675515932
756.3666666666438,184.72687248776333
756.3999999999771,181.59404007835977
756.4333333333104,179.99839563258325
756.4666666666437,179.65741073649554
756.499999999977,180.182150274672
756.5333333333103,181.18367913168797
756.5666666666436,182.27306219211877
756.599999999977,183.0805499434254
756.6333333333102,183.5069258168133
756.6666666666436,183.6530818903018
756.6999999999769,183.62460831191947
756.7333333333102,183.5270952296949
756.7666666666435,183.4661290710349
756.7999999999768,183.51054826395085
756.8333333333101,183.6022006381807
756.8666666666434,183.65552212430143
756.8999999999767,183.58494865289015
756.93333333331,183.30491615452385
756.9666666666433,182.7371770657897
756.9999999999766,181.9857675753202
757.0333333333099,181.34514478889116
757.0666666666432,181.11871072440607
757.0999999999765,181.6098673997689
757.1333333333098,183.12201683288328
757.1666666666431,185.8505824599316
757.1999999999764,189.4385715034545
757.2333333333097,193.35280104474683
757.266666666643,197.0600120928212
757.2999999999763,200.02694565669003
757.3333333333096,201.72787610504665
757.3666666666429,202.0285637067552
757.3999999999762,201.3691191997892
757.4333333333095,200.23545231276304
757.4666666666428,199.113472774291
757.4999999999761,198.4890903129874
757.5333333333094,198.7674419774776
757.5666666666427,199.73774755203945
757.599999999976,200.90557456392864
757.6333333333093,201.77498146118324
757.6666666666426,201.8500266918413
757.699999999976,200.6369876068977
757.7333333333092,197.9826595423904
757.7666666666425,194.43796595163053
757.7999999999759,190.6410405677493
757.8333333333092,187.230017123878
757.8666666666425,184.84302935314773
757.8999999999758,184.0562207555759
757.9333333333091,184.7204600601427
757.9666666666424,186.21648488103955
757.9999999999757,187.9170973362708
758.033333333309,189.19509954384077
758.0666666666423,189.42351253807257
758.0999999999756,188.24206740325548
758.1333333333089,186.0756578332438
758.1666666666422,183.4929404979729
758.1999999999755,181.06257206737817
758.2333333333088,179.35320921139493
758.2666666666421,178.90585525281145
758.2999999999754,179.73556390100114
758.3333333333087,181.3861742929085
758.366666666642,183.384860684703
758.3999999999753,185.25879733255408
758.4333333333086,186.53515849263107
758.4666666666419,186.8678455366073
758.4999999999752,186.44631325534277
758.5333333333085,185.60146612147472
758.5666666666418,184.6642094312541
758.5999999999751,183.9654484809317
758.6333333333084,183.82934571548583
758.6666666666417,184.34892357282192
758.699999999975,185.3337353325568
758.7333333333083,186.575988762612
758.7666666666416,187.8678916309092
758.799999999975,189.0016517053701
758.8333333333082,189.7888748505281
758.8666666666415,190.15880177620025
758.8999999999749,190.08478140501043
758.9333333333082,189.540240690647
758.9666666666415,188.4986065867982
758.9999999999748,186.93527541965585
759.0333333333081,184.97283201305152
759.0666666666414,182.98047253935988
759.0999999999747,181.3509228975352
759.133333333308,180.47690898653164
759.1666666666413,180.75115670530343
759.1999999999746,182.49246844831188
759.2333333333079,185.36864790533775
759.2666666666412,188.7090587913808
759.2999999999745,191.8401694986972
759.3333333333078,194.0884484195433
759.3666666666411,194.78197222031773
759.3999999999744,193.6411088841209
759.4333333333077,191.28814522843157
759.466666666641,188.47164612228252
759.4999999999743,185.94017643470715
759.5333333333076,184.4423010347384
759.5666666666409,184.6641646543884
759.5999999999742,186.46926997437737
759.6333333333075,189.14036469045035
759.6666666666408,191.9479999045541
759.6999999999741,194.16272671863567
759.7333333333074,195.05521132979268
759.7666666666407,194.2113975897704
759.799999999974,192.21976778174908
759.8333333333073,189.86762758785795
759.8666666666406,187.9422826902261
759.8999999999739,187.2310387709827
759.9333333333072,188.4825050503205
759.9666666666405,191.6398479792265
759.9999999999739,195.88515132588805
760.0333333333072,200.37068334035197
760.0666666666405,204.2487122726652
760.0999999999738,206.6715063728746
760.1333333333071,207.050417967494
760.1666666666404,205.9405494271542
760.1999999999737,204.21252020530048
760.233333333307,202.73695991057028
760.2666666666403,202.38449815160084
760.2999999999736,203.9971329667545
760.3333333333069,207.38613386833453
760.3666666666402,211.0695869058625
760.3999999999735,213.48360740873008
760.4333333333068,213.0643107063293
760.4666666666401,208.24781212805195
760.4999999999734,198.16477858802128
760.5333333333067,186.19470763916223
760.56666666664,177.3231931678873
760.5999999999733,176.53882763927547
760.6333333333066,188.83020351840543
760.6666666666399,219.14209653560525
760.6999999999732,269.2225727642998
760.7333333333065,335.50745948539753
760.7666666666398,413.9311398301463
760.7999999999731,500.4279969297939
760.8333333333064,590.9324139155876
760.8666666666397,681.0742033332813
760.899999999973,763.8795184707369
760.9333333333063,831.0536660467212
760.9666666666396,874.2916128549964
760.9999999999729,885.2883256893244
761.0333333333062,855.7716114011564
761.0666666666395,784.0814630736947
761.0999999999729,683.1422926874244
761.1333333333062,567.8260658486532
761.1666666666395,453.0047481636887
761.1999999999728,353.5503052388382
761.2333333333061,283.3047803051402
761.2666666666394,243.5439562097427
761.2999999999727,227.1453798914789
761.333333333306,226.83295471671528
761.3666666666393,235.33058405181785
761.3999999999726,245.3637036385724
761.4333333333059,251.51174434421503
761.4666666666392,253.80788173553665
761.4999999999725,253.28306744102525
761.5333333333058,250.96825308916917
761.5666666666391,247.89439030845645
761.5999999999724,245.0630355705349
761.6333333333057,242.9447507668138
761.666666666639,241.5490401404801
761.6999999999723,240.8700876785496
761.7333333333056,240.90207736803848
761.7666666666389,241.63919319141195
761.7999999999722,243.0461923021581
761.8333333333055,244.9720147685126
761.8666666666388,247.2371113807051
761.8999999999721,249.66193292896529
761.9333333333054,252.06693020352265
761.9666666666387,254.2766921819477
761.999999999972,256.2331448920174
762.0333333333053,258.0093666183743
762.0666666666386,259.6853476100503
762.0999999999719,261.34107811607754
762.1333333333052,263.056548385488
762.1666666666385,264.8829647364204
762.1999999999719,266.72050343770934
762.2333333333052,268.41997598788754
762.2666666666385,269.8321660044507
762.2999999999718,270.8078571048945
762.3333333333051,271.2012104601586
762.3666666666384,271.0314296378989
762.3999999999717,270.5539745824622
762.433333333305,270.04250260395673
762.4666666666383,269.77067101249065
762.4999999999716,270.0121371181723
762.5333333333049,271.0067314707415
762.5666666666382,272.7576028675836
762.5999999999715,275.1668151778968
762.6333333333048,278.1360532488157
762.6666666666381,281.5670019274751
762.6999999999714,285.36366391796986
762.7333333333047,289.6584004037276
762.766666666638,295.00149925861064
762.7999999999713,301.9878781946676
762.8333333333046,311.2124549239469
762.8666666666379,323.2701471584973
762.8999999999712,338.5320788517353
762.9333333333045,355.2641451972409
762.9666666666378,370.5777307933855
762.9999999999711,381.57235984055
763.0333333333044,385.3475565391154
763.0666666666377,379.026834234882
763.099999999971,366.1342264283706
763.1333333333043,365.1812756695479
763.1666666666376,396.82175088890347
763.1999999999709,481.70942101692697
763.2333333333042,640.4980549841084
763.2666666666375,891.1786159166669
763.2999999999709,1217.5053667189222
763.3333333333042,1579.4791996054023
763.3666666666375,1936.623103231186
763.3999999999708,2248.4600662513494
763.4333333333041,2474.52224497328
763.4666666666374,2587.7372545474004
763.4999999999707,2601.2402412904003
763.533333333304,2535.678849490574
763.5666666666373,2411.7007234362145
763.5999999999706,2249.9535074156174
763.6333333333039,2070.628940156488
763.6666666666372,1885.693632339033
763.6999999999705,1699.977915521354
763.7333333333038,1518.0753629747278
763.7666666666371,1344.5795479704293
763.7999999999704,1184.0840451950965
763.8333333333037,1041.8699620167051
763.866666666637,925.8642791577128
763.8999999999703,844.6303621652362
763.9333333333036,806.7315765863909
763.9666666666369,820.7312879682934
763.9999999999702,894.6640762980983
764.0333333333035,1022.6432360233669
764.0666666666368,1183.8070574346957
764.0999999999701,1356.553949774337
764.1333333333034,1519.282322284542
764.1666666666367,1650.3905842075635
764.19999999997,1732.0625472804911
764.2333333333033,1765.0690328806447
764.2666666666366,1755.8764022351495
764.2999999999699,1710.9524977046965
764.3333333333032,1636.7651616499738
764.3666666666365,1539.7928077550434
764.3999999999699,1426.944125679565
764.4333333333032,1305.6981873015532
764.4666666666365,1183.5733568742546
764.4999999999698,1068.087998650916
764.5333333333031,966.760476884784
764.5666666666364,885.9343781076701
764.5999999999697,824.6190716831785
764.633333333303,778.9988781695596
764.6666666666363,745.2521662600543
764.6999999999696,719.5573046479027
764.7333333333029,698.1123125762816
764.7666666666362,678.4641923357614
764.7999999999695,660.3549291120802
764.8333333333028,643.728032489781
764.8666666666361,628.5270120534061
764.8999999999694,614.6953773874983
764.9333333333027,602.2097547415644
764.966666666636,591.309903616959
764.9999999999693,582.3611176307571
765.0333333333026,575.7294648477924
765.0666666666359,571.7810133328976
765.0999999999692,570.8792772992614
765.1333333333025,573.0482620538565
765.1666666666358,577.6355238112553
765.1999999999691,583.9084622200637
765.2333333333024,591.1344769288883
765.2666666666357,598.580967586335
765.299999999969,605.6128712625396
765.3333333333023,612.586547624662
765.3666666666356,620.4362575171748
765.3999999999689,630.1034647944809
765.4333333333022,642.5296333109844
765.4666666666355,658.6555030466989
765.4999999999688,679.1845718447619
765.5333333333022,704.2423719888708
765.5666666666355,733.8680918331804
765.5999999999688,768.1009197318454
765.6333333333021,806.9800440390205
765.6666666666354,850.5312238537615
765.6999999999687,898.6039673956864
765.733333333302,950.9237182648488
765.7666666666353,1007.2133330763126
765.7999999999686,1067.195668445142
765.8333333333019,1130.5961676825743
765.8666666666352,1200.609881354002
765.8999999999685,1290.7531535244457
765.9333333333018,1416.452859182181
765.9666666666351,1593.1358733154846
765.9999999999684,1836.2290709126312
766.0333333333017,2160.414527706665
766.066666666635,2567.5772781255664
766.0999999999683,3048.830986339065
766.1333333333016,3594.953426479343
766.1666666666349,4196.722372678585
766.1999999999682,4844.91540416094
766.2333333333015,5524.330568077588
766.2666666666348,6198.099391037175
766.2999999999681,6824.447581020792
766.3333333333014,7361.600846009528
766.3666666666347,7767.784893984477
766.399999999968,8002.504893859339
766.4333333333013,8054.600433504567
766.4666666666346,7942.193844894105
766.4999999999679,7684.676585953784
766.5333333333012,7301.440114609435
766.5666666666345,6811.875888786891
766.5999999999678,6237.857483616265
766.6333333333012,5612.154749818966
766.6666666666345,4970.526687425507
766.6999999999678,4348.732377637422
766.7333333333011,3782.530901656249
766.7666666666344,3307.481970791937
766.7999999999677,2952.887704330258
766.833333333301,2740.69288281878
766.8666666666343,2692.421158657934
766.8999999999676,2829.5961842481524
766.9333333333009,3173.741611989865
766.9666666666342,3728.991553725669
766.9999999999675,4407.593652159407
767.0333333333008,5091.55784335417
767.0666666666341,5662.875751492204
767.0999999999674,6003.539000755754
767.1333333333007,5997.623162961709
767.166666666634,5621.850195592678
767.1999999999673,4980.491802512037
767.2333333333006,4187.108759953919
767.2666666666339,3355.2618441524573
767.2999999999672,2598.511831341784
767.3333333333005,2015.0872246521103
767.3666666666338,1606.1472996077423
767.3999999999671,1334.9769384671888
767.4333333333004,1164.7746253667624
767.4666666666337,1058.7388444427756
767.499999999967,980.2773076878952
767.5333333333003,906.5885578045636
767.5666666666336,836.9903749363546
767.5999999999669,772.7928952032855
767.6333333333002,715.3062547253745
767.6666666666335,665.8405896226386
767.6999999999668,625.4709579906955
767.7333333333002,593.4945306780876
767.7666666666335,568.3954902818241
767.7999999999668,548.6538258221897
767.8333333333001,532.7495263194683
767.8666666666334,519.1671448839452
767.8999999999667,506.8659998763399
767.9333333333,495.6884833987828
767.9666666666333,485.5732091958662
767.9999999999666,476.4587910121826
768.0333333332999,468.2838425923245
768.0666666666332,460.9831890521076
768.0999999999665,454.4574853002146
768.1333333332998,448.5892724519127
768.1666666666331,443.26092569535376
768.1999999999664,438.35482021869007
768.2333333332997,433.753467241424
768.266666666633,429.3637732505251
768.2999999999663,425.1450384324078
768.3333333332996,421.0633471012683
768.3666666666329,417.0847835713025
768.3999999999662,413.1754321567066
768.4333333332995,409.3212079131212
768.4666666666328,405.7211674384078
768.4999999999661,402.70404667614366
768.5333333332994,400.6004168041003
768.5666666666327,399.74084900004976
768.599999999966,400.4553160459882
768.6333333332993,402.8626547966885
768.6666666666326,406.56038275249546
768.6999999999659,411.0669712122688
768.7333333332992,415.90089147486776
768.7666666666325,420.5806148391519
768.7999999999658,424.6641107864326
768.8333333332992,428.2152865565708
768.8666666666325,431.648136223518
768.8999999999658,435.3836508491223
768.9333333332991,439.8428214952315
768.9666666666324,445.4468522831053
768.9999999999657,452.80042208278593
769.033333333299,463.0266288864765
769.0666666666323,477.3394875711783
769.0999999999656,496.9530130138924
769.1333333332989,523.08122009162
769.1666666666322,556.7753498948778
769.1999999999655,596.6002377549959
769.2333333332988,639.1803455456496
769.2666666666321,681.08867693038
769.2999999999654,718.8982355727278
769.3333333332987,749.1841853275539
769.366666666632,775.3687346545323
769.3999999999653,822.8999381173868
769.4333333332986,921.6461129961322
769.4666666666319,1101.475576570782
769.4999999999652,1392.256646121352
769.5333333332985,1821.822453725935
769.5666666666318,2380.895398867064
769.5999999999651,3027.788695807917
769.6333333332984,3719.726095537877
769.6666666666317,4413.931349046324
769.699999999965,5067.628278452039
769.7333333332983,5640.556865373745
769.7666666666316,6101.617371828113
769.7999999999649,6421.794024556961
769.8333333332982,6572.071050302098
769.8666666666315,6523.43267580534
769.8999999999648,6249.023243701603
769.9333333332982,5769.06258926137
769.9666666666315,5149.441612100342
769.9999999999648,4457.930361292888
770.0333333332981,3762.2988859133625
770.0666666666314,3130.3172350361274
770.0999999999647,2615.5696075883466
770.133333333298,2213.598760199138
770.1666666666313,1905.1051894890916
770.1999999999646,1670.7893858605769
770.2333333332979,1491.3518397159633
770.2666666666312,1347.782774874533
770.2999999999645,1228.6272810930127
770.3333333332978,1130.516198831959
770.3666666666311,1050.476432452439
770.3999999999644,985.5348863155208
770.4333333332977,932.7184647822716
770.466666666631,889.1115613375348
770.4999999999643,852.0608996793209
770.5333333332976,818.9879874228469
770.5666666666309,787.3143377308234
770.5999999999642,754.4614637659625
770.6333333332975,717.9176075081599
770.6666666666308,677.2545428098117
770.6999999999641,634.48753282711
770.7333333332974,591.7711346449182
770.7666666666307,551.2599053480999
770.799999999964,515.1084020215184
770.8333333332973,485.0538613966851
770.8666666666306,460.7254127803217
770.8999999999639,441.0880541983607
770.9333333332972,425.1065359195408
770.9666666666305,411.745608212601
770.9999999999638,399.98008410736537
771.0333333332972,389.1610807943615
771.0666666666305,379.1201064980505
771.0999999999638,369.7199395175767
771.1333333332971,360.8233581520837
771.1666666666304,352.29314070071587
771.1999999999637,344.02822702826523
771.233333333297,336.12833224317194
771.2666666666303,328.7624528479775
771.2999999999636,322.0996506574056
771.3333333332969,316.30898748617994
771.3666666666302,311.5551767283769
771.3999999999635,307.8083322976863
771.4333333332968,304.7699110269272
771.4666666666301,302.1217252320136
771.4999999999634,299.5455872288594
771.5333333332967,296.7233093333785
771.56666666663,293.41524761953184
771.5999999999633,289.85767001539256
771.6333333332966,286.4651534429689
771.6666666666299,283.6525886265673
771.6999999999632,281.8348662904941
771.7333333332965,281.41813365691866
771.7666666666298,282.3412967656316
771.7999999999631,283.8502294523872
771.8333333332964,285.1346920932129
771.8666666666297,285.384445064136
771.899999999963,283.7892487411841
771.9333333332963,280.1284088601522
771.9666666666296,278.0518282294621
771.9999999999629,282.7706007497933
772.0333333332962,299.5001445552114
772.0666666666295,333.455877779782
772.0999999999628,389.7695395894968
772.1333333332962,468.2543727204306
772.1666666666295,560.304022375043
772.1999999999628,656.5669077871088
772.2333333332961,747.6914481904025
772.2666666666294,824.326062818699
772.2999999999627,878.0767755368613
772.333333333296,907.3124575449184
772.3666666666293,913.314291797486
772.3999999999626,897.3748361820313
772.4333333332959,860.7866485860226
772.4666666666292,804.8678326384013
772.4999999999625,732.855568819312
772.5333333332958,651.2079916713374
772.5666666666291,566.6912493606711
772.5999999999624,486.07149005350686
772.6333333332957,416.1148619160381
772.666666666629,362.7328801645709
772.6999999999623,325.3930464717259
772.7333333332956,300.62388231140244
772.7666666666289,284.9389229559641
772.7999999999622,274.8517036777746
772.8333333332955,266.8902672609513
772.8666666666288,258.85929194497686
772.8999999999621,250.81979428379665
772.9333333332954,243.0633906893628
772.9666666666287,235.8816975736272
772.999999999962,229.56633134854192
773.0333333332953,224.3722321619845
773.0666666666286,220.26135783119483
773.0999999999619,217.0552535179552
773.1333333332952,214.5745819861626
773.1666666666285,212.64000599971405
773.1999999999618,211.0722099027055
773.2333333332951,209.69407572410708
773.2666666666285,208.3325476317928
773.2999999999618,206.81500897551624
773.3333333332951,204.96884310503123
773.3666666666284,202.6214333700913
773.3999999999617,199.64043452837623
773.433333333295,196.2316160542793
773.4666666666283,192.76972244325293
773.4999999999616,189.6307489409856
773.5333333332949,187.19069079316577
773.5666666666282,185.8234499681896
773.5999999999615,185.6600352013819
773.6333333332948,186.36520967676051
773.6666666666281,187.5509261642185
773.6999999999614,188.82913743364884
773.7333333332947,189.81179625494448
773.766666666628,190.15169894438645
773.7999999999613,189.85909327025416
773.8333333332946,189.12911116592912
773.8666666666279,188.15843761865483
773.8999999999612,187.1437576156748
773.9333333332945,186.2811270474272
773.9666666666278,185.6850036019523
773.9999999999611,185.3083341278983
774.0333333332944,185.0850782023361
774.0666666666277,184.94919540233656
774.099999999961,184.83464530497068
774.1333333332943,184.6853573593295
774.1666666666276,184.53544215879225
774.1999999999609,184.4669285555157
774.2333333332942,184.5622879337168
774.2666666666275,184.9039916776123
774.2999999999608,185.5741403607558
774.3333333332941,186.6022703450696
774.3666666666275,187.91140453928344
774.3999999999608,189.41168694219812
774.4333333332941,191.01326155261464
774.4666666666274,192.6262723693336
774.4999999999607,194.1669813404953
774.533333333294,195.6083494125128
774.5666666666273,196.95406148486452
774.5999999999606,198.2081057679084
774.6333333332939,199.37447047200223
774.6666666666272,200.4592175442949
774.6999999999605,201.7815559741052
774.7333333332938,204.30559781492832
774.7666666666271,209.07494691005283
774.7999999999604,217.1332071027676
774.8333333332937,229.5239822363613
774.866666666627,247.04028850591837
774.8999999999603,268.1167934313944
774.9333333332936,289.8943734474749
774.9666666666269,309.50059783727346
774.9999999999602,324.0630358839039
775.0333333332935,330.71914424122684
775.0666666666268,328.1530648803212
775.0999999999601,318.2625606792693
775.1333333332934,303.3456777170437
775.1666666666267,285.7004620726168
775.19999999996,267.6249598249611
775.2333333332933,251.2585577729292
775.2666666666266,237.23792404701445
775.2999999999599,225.3711353425396
775.3333333332932,215.4576024539548
775.3666666666265,207.2967361757104
775.3999999999598,200.68804448592283
775.4333333332931,195.44632916811608
775.4666666666265,191.41821606361492
775.4999999999598,188.45430193635607
775.5333333332931,186.40518355027612
775.5666666666264,185.12145766931175
775.5999999999597,184.4547415911643
775.633333333293,184.2662923674547
775.6666666666263,184.42267091341745
775.6999999999596,184.7904932243355
775.7333333332929,185.2363752954917
775.7666666666262,185.6272824455177
775.7999999999595,185.8838729872249
775.8333333332928,186.03787658094973
775.8666666666261,186.1347861751709
775.8999999999594,186.220094718367
775.9333333332927,186.33929515901667
775.966666666626,186.53394144041565
775.9999999999593,186.8088151966058
776.0333333332926,187.1486550134324
776.0666666666259,187.5379977028506
776.0999999999592,187.9613800768154
776.1333333332925,188.4034677122392
776.1666666666258,188.8677113059292
776.1999999999591,189.39590990581212
776.2333333332924,190.0345404689037
776.2666666666257,190.8300799522196
776.299999999959,191.8290053127753
776.3333333332923,193.11570700637745
776.3666666666256,195.12125579219665
776.3999999999589,198.4625576131312
776.4333333332922,203.7582870614645
776.4666666666255,211.6271187294797
776.4999999999588,222.6804885192548
776.5333333332921,236.5539299429828
776.5666666666255,250.93129829922916
776.5999999999588,263.2641465595452
776.6333333332921,271.0040276954825
776.6666666666254,271.6024946785925
776.6999999999587,263.273280354388
776.733333333292,250.99657156519024
776.7666666666253,243.2936054620349
776.7999999999586,248.71662996770095
776.8333333332919,275.81789300496746
776.8666666666252,333.0968818913038
776.8999999999585,422.635184293109
776.9333333332918,534.0316152902103
776.9666666666251,655.4482478257654
776.9999999999584,775.0471548429322
777.0333333332917,880.9904092848684
777.066666666625,962.7504548000215
777.0999999999583,1020.9971607802072
777.1333333332916,1062.0790285172654
777.1666666666249,1092.3889591695756
777.1999999999582,1118.3198538955178
777.2333333332915,1146.2231045381811
777.2666666666248,1177.9872956105671
777.2999999999581,1207.1194588773044
777.3333333332914,1226.2023734773595
777.3666666666247,1227.8188185497002
777.399999999958,1204.5515732332938
777.4333333332913,1150.3171695458077
777.4666666666246,1069.9107424329986
777.4999999999579,973.4337004531284
777.5333333332912,871.0232231055094
777.5666666666245,772.8164898894536
777.5999999999578,688.9998352726819
777.6333333332911,634.3514849301189
777.6666666666245,631.9182143756705
777.6999999999578,705.6120132034129
777.7333333332911,879.3448710074232
777.7666666666244,1177.0287773817784
777.7999999999577,1614.0038957421857
777.833333333291,2139.41777080602
777.8666666666243,2671.600682268996
777.8999999999576,3128.711139043822
777.9333333332909,3428.907650043212
777.9666666666242,3491.0468908355742
777.9999999999575,3289.891049538062
778.0333333332908,2896.05019493444
778.0666666666241,2389.55627431048
778.0999999999574,1850.4412349519544
778.1333333332907,1358.7370241446347
778.166666666624,985.1852116569114
778.1999999999573,733.1387929663388
778.2333333332906,576.2380871073142
778.2666666666239,487.9934670178834
778.2999999999572,441.9153056360924
778.3333333332905,411.6622702652855
778.3666666666238,380.9676198631826
778.3999999999571,349.8974182107457
778.4333333332904,320.0100020891815
778.4666666666237,292.8637082796968
778.499999999957,270.01687356349845
778.5333333332903,252.76594472630205
778.5666666666236,240.6365500625126
778.5999999999569,232.420793913222
778.6333333332902,226.90843061619552
778.6666666666235,222.8892145091988
778.6999999999568,219.1623015851335
778.7333333332901,215.0647650829032
778.7666666666235,210.7527339257526
778.7999999999568,206.45110110517092
778.83333333329,202.3847596126474
778.8666666666234,198.7786024396713
778.8999999999567,195.8307836476602
778.93333333329,193.57216384006333
778.9666666666233,191.9690359999985
778.9999999999566,190.98755537491985
779.0333333332899,190.5938772122816
779.0666666666232,190.75288506989068
779.0999999999565,191.3684843791642
779.1333333332898,192.2579577122908
779.1666666666231,193.23198804148075
779.1999999999564,194.1012583389445
779.2333333332897,194.67645157689225
779.266666666623,194.8060296966091
779.2999999999563,194.5555795016273
779.3333333332896,194.06810547452312
779.3666666666229,193.4867073974814
779.3999999999562,192.95448505268692
779.4333333332895,192.61837518714904
779.4666666666228,192.7790612841458
779.4999999999561,193.93964284653376
779.5333333332894,196.6170215716032
779.5666666666227,201.3280991566444
779.599999999956,208.58977729894767
779.6333333332893,219.35662711124476
779.6666666666226,236.87729062317305
779.6999999999559,265.14948158684035
779.7333333332892,308.1713324004862
779.7666666666225,369.9409754623503
779.7999999999558,454.20273227078985
779.8333333332891,556.2136107722719
779.8666666666225,660.9429760918213
779.8999999999558,752.7421344249904
779.933333333289,815.9623919673321
779.9666666666224,834.9550549143988
779.9999999999557,798.6849832519723
780.033333333289,718.0127525722485
780.0666666666223,610.2878902678408
780.0999999999556,492.86093654110607
780.1333333332889,383.08243159440127
780.1666666666222,297.9077203618118
780.1999999999555,243.2660330185128
780.2333333332888,212.86346630268304
780.2666666666221,199.77072049343303
780.2999999999554,197.0584958698731
780.3333333332887,197.79749271111365
780.366666666622,196.2993129457614
780.3999999999553,192.1686570276085
780.4333333332886,186.42126844162163
780.4666666666219,180.07290368296546
780.4999999999552,174.1393192468047
780.5333333332885,169.60640458690602
780.5666666666218,166.76439506289955
780.5999999999551,165.2029971592343
780.6333333332884,164.48107534784904
780.6666666666217,164.15749410068258
780.699999999955,163.79111832554713
780.7333333332883,163.03858060351547
780.7666666666216,161.92844280500532
780.7999999999549,160.57769580277514
780.8333333332882,159.10333046958343
780.8666666666215,157.6223376781886
780.8999999999548,156.24956995420408
780.9333333332881,155.05826011711014
780.9666666666214,154.08383376706968
780.9999999999548,153.36034286140313
781.033333333288,152.92183935743088
781.0666666666214,152.80236975287838
781.0999999999547,153.00214639521755
781.133333333288,153.40744210056403
781.1666666666213,153.88057049663604
781.1999999999546,154.28384521115166
781.2333333332879,154.47957987182917
781.2666666666212,154.33955236859236
781.2999999999545,153.8896482158071
781.3333333332878,153.2811188676899
781.3666666666211,152.66885481833407
781.3999999999544,152.2077465618329
781.4333333332877,152.05263416355055
781.466666666621,152.29336325488714
781.4999999999543,152.8272626614796
781.5333333332876,153.5161841904867
781.5666666666209,154.22197964906718
781.5999999999542,154.80650084437983
781.6333333332875,155.1425705537962
781.6666666666208,155.2526203106825
781.6999999999541,155.2672354391291
781.7333333332874,155.319406642711
781.7666666666207,155.54212462500286
781.799999999954,156.06818393258675
781.8333333332873,156.9384139740889
781.8666666666206,157.9553597734859
781.8999999999539,158.8834799897402
781.9333333332872,159.4872332818143
781.9666666666205,159.53107830867063
781.9999999999538,158.8086647765369
782.0333333332871,157.44726871466776
782.0666666666204,155.78672381627388
782.0999999999538,154.17028769656028
782.133333333287,152.9412179707319
782.1666666666204,152.44196363619753
782.1999999999537,152.83479952642583
782.233333333287,153.87562511045883
782.2666666666203,155.2646688443807
782.2999999999536,156.70215918427567
782.3333333332869,157.88832458622798
782.3666666666202,158.55873862197024
782.3999999999535,158.78761607501815
782.4333333332868,158.83761449116187
782.4666666666201,158.9734218904676
782.4999999999534,159.4597262930017
782.5333333332867,160.55974270925563
782.56666666662,162.35429978216425
782.5999999999533,164.56774916981433
782.6333333332866,166.8831690475216
782.6666666666199,168.98363759060177
782.6999999999532,170.5522329743706
782.7333333332865,171.32393525050813
782.7666666666198,171.45038534701231
782.7999999999531,171.28374831431714
782.8333333332864,171.1774707998901
782.8666666666197,171.48499945119875
782.899999999953,172.5565005370554
782.9333333332863,174.49225355435587
782.9666666666196,176.97116124465578
782.9999999999529,179.6315844006643
783.0333333332862,182.11188381509072
783.0666666666195,184.05042028064423
783.0999999999528,185.15120318025657
783.1333333332861,185.55919908539383
783.1666666666194,185.60094279729557
783.1999999999528,185.603532516114
783.233333333286,185.89406644200147
783.2666666666194,186.7954280467624
783.2999999999527,188.41851977321403
783.333333333286,190.56725468906825
783.3666666666193,193.02150881336328
783.3999999999526,195.56115816513736
783.4333333332859,197.96607876342867
783.4666666666192,200.25217501701655
783.4999999999525,203.75837892987752
783.5333333332858,210.28432078104248
783.5666666666191,221.63009978396173
783.5999999999524,239.59581515208544
783.6333333332857,265.903137823915
783.666666666619,299.5329139650087
783.6999999999523,336.07419150023435
783.7333333332856,370.9055391690614
783.7666666666189,399.4055257109591
783.7999999999522,416.9527198653967
783.8333333332855,420.0561039321848
783.8666666666188,410.49059528306384
783.8999999999521,391.56330998010674
783.9333333332854,366.5815364871976
783.9666666666187,338.8525632682205
783.999999999952,311.6255611957379
784.0333333332853,286.6840793397148
784.0666666666186,264.2706316963703
784.0999999999519,244.55452011230395
784.1333333332852,227.70504643411508
784.1666666666185,213.89151224389877
784.1999999999518,203.1559761209829
784.2333333332851,195.05088197654277
784.2666666666184,189.01092669795108
784.2999999999518,184.4708071725809
784.333333333285,180.86522028780507
784.3666666666184,177.64524748861731
784.3999999999517,174.56870154669284
784.433333333285,171.66559303547567
784.4666666666183,168.97537947747605
784.4999999999516,166.53751839520453
784.5333333332849,164.3914696835213
784.5666666666182,162.582672647031
784.5999999999515,161.1754498293453
784.6333333332848,160.23784230638927
784.6666666666181,159.83789115408797
784.6999999999514,160.0436374483665
784.7333333332847,160.90781110525083
784.766666666618,162.26580668849724
784.7999999999513,163.79153371396103
784.8333333332846,165.15507044239462
784.8666666666179,166.02649513455032
784.8999999999512,166.076262844871
784.9333333332845,165.1482736290069
784.9666666666178,163.53450618881388
784.9999999999511,161.59832943397265
785.0333333332844,159.70311227416374
785.0666666666177,158.2122236190678
785.099999999951,157.45698440160044
785.1333333332843,157.41842150687563
785.1666666666176,157.86170695546826
785.1999999999509,158.54884454606483
785.2333333332842,159.24183807735167
785.2666666666175,159.70339139670145
785.2999999999508,159.81277627868036
785.3333333332841,159.69521387451957
785.3666666666174,159.50711880760176
785.3999999999508,159.40490570130976
785.433333333284,159.5449891790263
785.4666666666174,160.0564331463127
785.4999999999507,160.83563585931205
785.533333333284,161.66144318292075
785.5666666666173,162.3117945323137
785.5999999999506,162.56462932266584
785.6333333332839,162.1997521357871
785.6666666666172,161.14800531290106
785.6999999999505,159.60013425828268
785.7333333332838,157.77255428979123
785.7666666666171,155.8816807252861
785.7999999999504,154.14392888262677
785.8333333332837,152.74936267034926
785.866666666617,151.7124807590088
785.8999999999503,150.9760205179232
785.9333333332836,150.48250534153686
785.9666666666169,150.17445862429426
785.9999999999502,149.99587684951
786.0333333332835,149.95896990828854
786.0666666666168,150.171470234745
786.0999999999501,150.74824004777625
786.1333333332834,151.80414156627927
786.1666666666167,153.45403700915102
786.19999999995,155.76197407428512
786.2333333332833,158.5262943693545
786.2666666666166,161.4587816644694
786.2999999999499,164.27117252460542
786.3333333332832,166.67520351473814
786.3666666666165,168.38961433275506
786.3999999999498,169.33798797358915
786.4333333332831,169.67649563585124
786.4666666666164,169.5738887143981
786.4999999999498,169.1989186040866
786.533333333283,168.72033669977353
786.5666666666164,168.2744840200132
786.5999999999497,167.86501264588202
786.633333333283,167.46162274252734
786.6666666666163,167.03401445968657
786.6999999999496,166.551887947097
786.7333333332829,165.9874672272044
786.7666666666162,165.36274495434475
786.7999999999495,164.74527536500895
786.8333333332828,164.20429310043258
786.8666666666161,163.80903280185112
786.8999999999494,163.62872081845188
786.9333333332827,163.70917858474033
786.966666666616,164.02162251309025
786.9999999999493,164.52243647937618
787.0333333332826,165.1680043594726
787.0666666666159,165.914710029254
787.0999999999492,166.71788896448265
787.1333333332825,167.51831455360818
787.1666666666158,168.24609918458376
787.1999999999491,168.8311109227081
787.2333333332824,169.20321783327998
787.2666666666157,169.2926128205595
787.299999999949,169.1468118587279
787.3333333332823,169.1042252346993
787.3666666666156,169.54757381570178
787.3999999999489,170.85957846896326
787.4333333332822,173.42296006171188
787.4666666666155,177.5662844013894
787.4999999999488,183.07242492139557
787.5333333332821,189.40831446389356
787.5666666666154,196.0370285562061
787.5999999999487,202.4216427256561
787.633333333282,208.0262936939343
787.6666666666154,212.4411147149533
787.6999999999487,215.49965848715
787.733333333282,217.0632666025312
787.7666666666153,216.9932806531036
787.7999999999486,215.15104223087425
787.8333333332819,211.4604688897662
787.8666666666152,206.31159765317983
787.8999999999485,200.3048161480293
787.9333333332818,194.0415353530008
787.9666666666151,188.12316624678067
787.9999999999484,183.1455086662897
788.0333333332817,179.3918966076053
788.066666666615,176.67476850062835
788.0999999999483,174.76758522949362
788.1333333332816,173.4438076783358
788.1666666666149,172.47689673128968
788.1999999999482,171.6873101355943
788.2333333332815,171.1568981275439
788.2666666666148,171.05786022976974
788.2999999999481,171.56248236353392
788.3333333332814,172.84305045009856
788.3666666666147,175.06314536446592
788.399999999948,178.1138982061454
788.4333333332813,181.5665513225018
788.4666666666146,184.97407751887192
788.4999999999479,187.88944960059249
788.5333333332812,189.86564037300028
788.5666666666145,190.59773584887265
788.5999999999478,190.37209877968348
788.6333333332811,189.6288443255747
788.6666666666144,188.80808798065704
788.6999999999477,188.34994523904135
788.733333333281,188.67481100720144
788.7666666666144,189.81770732989773
788.7999999999477,191.46274852813156
788.833333333281,193.28124033494183
788.8666666666143,194.9444884833675
788.8999999999476,196.12385185501583
788.9333333332809,196.59889647397523
788.9666666666142,196.4845923683962
788.9999999999475,195.96070029227852
789.0333333332808,195.20698099962203
789.0666666666141,194.4031952444265
789.0999999999474,193.72837283120677
789.1333333332807,193.35202506274632
789.166666666614,193.4369997846869
789.1999999999473,194.146007761972
789.2333333332806,195.6417597595452
789.2666666666139,198.0862609569741
789.2999999999472,201.46393768279165
789.3333333332805,205.34829466737023
789.3666666666138,209.25488101205508
789.3999999999471,212.6992458181916
789.4333333332804,215.19693818712497
789.4666666666137,216.3241380127133
789.499999999947,216.2050177751284
789.5333333332803,215.25474138604133
789.5666666666136,213.8911541385765
789.5999999999469,212.5321013258581
789.6333333332802,211.59641059946105
789.6666666666135,211.5846494890256
789.6999999999468,213.1392905431078
789.7333333332801,216.91698180249136
789.7666666666134,223.57437130796015
789.7999999999467,233.768107100298
789.83333333328,247.7963653939751
789.8666666666134,263.65432480703646
789.8999999999467,278.426438219727
789.93333333328,289.1949072457159
789.9666666666133,293.04193349867296
789.9999999999466,287.20885805099005
790.0333333332799,275.19730092854513
790.0666666666132,268.6841203264432
790.0999999999465,279.8968776517224
790.1333333332798,321.06313431142087
790.1666666666131,404.410451712577
790.1999999999464,540.1782480528594
790.2333333332797,729.4319900408268
790.266666666613,970.5928246718696
790.2999999999463,1262.0816513610152
790.3333333332796,1602.3193695232922
790.3666666666129,1988.702766862921
790.3999999999462,2395.888975164031
790.4333333332795,2776.2391923772643
790.4666666666128,3081.179259963092
790.4999999999461,3262.135019381985
790.5333333332794,3270.537117804696
790.5666666666127,3080.5265842421973
790.599999999946,2741.421839659457
790.6333333332793,2318.075950133381
790.6666666666126,1875.3419817408771
790.6999999999459,1478.0730005588543
790.7333333332792,1187.781556656182
790.7666666666125,1019.7187474106609
790.7999999999458,955.3362782803164
790.8333333332791,975.31497468012
790.8666666666124,1060.3356620250436
790.8999999999457,1191.073452987643
790.933333333279,1346.545795068392
790.9666666666124,1501.823746305852
790.9999999999457,1631.403727378146
791.033333333279,1709.7821589633963
791.0666666666123,1711.455461739726
791.0999999999456,1614.7994955357567
791.1333333332789,1433.7241754097988
791.1666666666122,1201.2134177025346
791.1999999999455,950.4335246865012
791.2333333332788,714.5507986342378
791.2666666666121,526.531504775925
791.2999999999454,402.9925555129688
791.3333333332787,332.3319702631876
791.366666666612,300.1498062263828
791.3999999999453,292.0461206023555
791.4333333332786,293.6209705909069
791.4666666666119,292.1424505917849
791.4999999999452,285.3225615156744
791.5333333332785,274.9069317239442
791.5666666666118,262.6498308920509
791.5999999999451,250.3055286954514
791.6333333332784,239.60306578514388
791.6666666666117,231.35869028956444
791.699999999945,225.24079741956044
791.7333333332783,220.844766148716
791.7666666666116,217.76597545061557
791.7999999999449,215.59980429884325
791.8333333332782,213.9690524020861
791.8666666666115,212.6154957155168
791.8999999999448,211.31317111404385
791.9333333332781,209.83611606509984
791.9666666666114,207.9583680361176
791.9999999999447,205.46918221207272
792.033333333278,202.4575239955884
792.0666666666114,199.28653314169733
792.0999999999447,196.3294472503001
792.133333333278,193.95950392129745
792.1666666666113,192.5498317580681
792.1999999999446,192.3119324024061
792.2333333332779,192.97143534172437
792.2666666666112,194.16304498601352
792.2999999999445,195.52146574526424
792.3333333332778,196.68140202946705
792.3666666666111,197.30010566547764
792.3999999999444,197.30475612264848
792.4333333332777,196.8004633589708
792.466666666611,195.89547755873136
792.4999999999443,194.69804890621683
792.5333333332776,193.3163168300121
792.5666666666109,191.8403654922034
792.5999999999442,190.3223804481364
792.6333333332775,188.80976970381792
792.6666666666108,187.34994126525476
792.6999999999441,185.99030313845373
792.7333333332774,184.7770198539555
792.7666666666107,183.74663546587857
792.799999999944,182.9312077252945
792.8333333332773,182.3627692040249
792.8666666666106,182.0733524738912
792.8999999999439,182.0941046362321
792.9333333332772,182.409042891616
792.9666666666105,182.9323880106235
792.9999999999438,183.57272171410463
793.0333333332771,184.2386257229094
793.0666666666104,184.8386817578878
793.0999999999437,185.29481437757696
793.133333333277,185.59774027852757
793.1666666666104,185.7602824632272
793.1999999999437,185.79527432852348
793.233333333277,185.715549271264
793.2666666666103,185.5328802249557
793.2999999999436,185.23242133698236
793.3333333332769,184.77140792308197
793.3666666666102,184.10575464120163
793.3999999999435,183.19137614928863
793.4333333332768,181.98419432129447
793.4666666666101,180.51350182509196
793.4999999999434,179.0625126708576
793.5333333332767,177.9693332574272
793.56666666661,177.57206998363634
793.5999999999433,178.2088292483209
793.6333333332766,180.18787794429744
793.6666666666099,183.3976700854409
793.6999999999432,187.4166083384927
793.7333333332765,191.8158422048451
793.7666666666098,196.1665211858901
793.7999999999431,200.0401753463412
793.8333333332764,203.10855251755825
793.8666666666097,205.27745456824348
793.899999999943,206.48603879741663
793.9333333332763,206.6734625040974
793.9666666666096,205.7788829873053
793.9999999999429,203.7850865982615
794.0333333332762,201.05149153888917
794.0666666666095,198.1301340719879
794.0999999999428,195.57460374295647
794.1333333332761,193.93849009719352
794.1666666666094,193.7680072815665
794.1999999999427,195.1279251469991
794.233333333276,197.31349127118145
794.2666666666094,199.5509596106105
794.2999999999427,201.06658412178356
794.333333333276,201.08661876119768
794.3666666666093,199.8394153006718
794.3999999999426,203.1090018450523
794.4333333332759,218.59382648569573
794.4666666666092,253.99412052233615
794.4999999999425,317.0101152547075
794.5333333332758,414.9052223834314
794.5666666666091,542.8884605479517
794.5999999999424,682.8809050886248
794.6333333332757,816.1193673530786
794.666666666609,923.8406586889408
794.6999999999423,987.2818083899284
794.7333333332756,993.7574337912046
794.7666666666089,952.5314892186532
794.7999999999422,877.8213340895127
794.8333333332755,783.8443278210208
794.8666666666088,684.8178298304155
794.8999999999421,594.3816590452403
794.9333333332754,517.7430338184785
794.9666666666087,453.7230568188055
794.999999999942,400.9845273025433
795.0333333332753,358.1902445260136
795.0666666666086,324.0030548503251
795.0999999999419,297.0990746181844
795.1333333332752,276.1858301368654
795.1666666666085,259.9753919195694
795.1999999999418,247.1798304794978
795.2333333332751,236.51121632985192
795.2666666666084,226.7860843757932
795.2999999999417,217.7226933108235
795.333333333275,209.5004322191205
795.3666666666084,202.3024078366795
795.3999999999417,196.31172689949588
795.433333333275,191.70917304843664
795.4666666666083,188.5291905223359
795.4999999999416,186.57530610762345
795.5333333332749,185.6306967179577
795.5666666666082,185.4785392669976
795.5999999999415,185.9020106684016
795.6333333332748,186.70831333593244
795.6666666666081,187.8340092207081
795.6999999999414,189.25900630233312
795.7333333332747,190.9632439107945
795.766666666608,192.92666137607932
795.7999999999413,195.12411282656103
795.8333333332746,197.399831083046
795.8666666666079,199.45935441493228
795.8999999999412,201.00151942055643
795.9333333332745,201.72516269825496
795.9666666666078,201.32913658513368
795.9999999999411,199.63419934446785
796.0333333332744,196.8769709529131
796.0666666666077,193.3826712105135
796.099999999941,189.47651991731297
796.1333333332743,185.48373687335555
796.1666666666076,181.71612094727612
796.1999999999409,178.30678469631377
796.2333333332742,175.26179452197806
796.2666666666075,172.58450205585305
796.2999999999408,170.27825892952276
796.3333333332741,168.34632292485088
796.3666666666074,166.77387423821358
796.3999999999407,165.50661806128952
796.433333333274,164.48504892325954
796.4666666666074,163.6496613533046
796.4999999999407,162.9409498806055
796.533333333274,162.31129092255438
796.5666666666073,161.80494965679287
796.5999999999406,161.5090261516786
796.6333333332739,161.51086051804887
796.6666666666072,161.8977928667412
796.6999999999405,162.75471959879272
796.7333333332738,164.04841244877554
796.7666666666071,165.5772894878394
796.7999999999404,167.12688223484813
796.8333333332737,168.4827222086654
796.866666666607,169.43034092815503
796.8999999999403,169.80320879969202
796.9333333332736,169.66135144843935
796.9666666666069,169.1316564428905
796.9999999999402,168.34102107275422
797.0333333332735,167.41634262773954
797.0666666666068,166.48317661597045
797.0999999999401,165.63953701868886
797.1333333332734,164.95762318475963
797.1666666666067,164.50863851440278
797.19999999994,164.36378640783826
797.2333333332733,164.5942028271887
797.2666666666066,165.19431492256004
797.2999999999399,165.9344582449938
797.3333333332732,166.5442660944604
797.3666666666065,166.75337177093004
797.3999999999398,166.29140857437318
797.4333333332731,164.93421621335273
797.4666666666064,162.9561402539461
797.4999999999397,160.93569625120196
797.533333333273,159.4557400675507
797.5666666666064,159.09912756542292
797.5999999999397,160.44444306380925
797.633333333273,163.64222395239386
797.6666666666063,168.05561609393726
797.6999999999396,172.96314398654005
797.7333333332729,177.64333212830286
797.7666666666062,181.3747050173262
797.7999999999395,183.57159432124027
797.8333333332728,184.49759265486315
797.8666666666061,184.7439179630724
797.8999999999394,184.90248507873156
797.9333333332727,185.5652088347043
797.966666666606,187.3067935353827
797.9999999999393,190.1577167383316
798.0333333332726,193.5062577264359
798.0666666666059,196.7037224902772
798.0999999999392,199.1014170204369
798.1333333332725,200.05064907124847
798.1666666666058,199.10446483462084
798.1999999999391,196.57354228154816
798.2333333332724,192.94638181292035
798.2666666666057,188.7114838296272
798.299999999939,184.35734873255828
798.3333333332723,180.3500766855708
798.3666666666056,176.82860125721334
798.3999999999389,173.68403604172534
798.4333333332722,170.80134853018671
798.4666666666055,168.06550621367754
798.4999999999388,165.36175307964805
798.5333333332721,162.640462595394
798.5666666666054,160.00065700027122
798.5999999999387,157.56199912336172
798.633333333272,155.44415179374738
798.6666666666054,153.76677784051023
798.6999999999387,152.63261872493746
798.733333333272,152.0102976951145
798.7666666666053,151.80458859039712
798.7999999999386,151.91987472709934
798.8333333332719,152.26053942153507
798.8666666666052,152.73124076366838
798.8999999999385,153.2498624108197
798.9333333332718,153.7531047140613
798.9666666666051,154.1791047860262
798.9999999999384,154.46599973934738
799.0333333332717,154.55192668665794
799.066666666605,154.3888659310398
799.0999999999383,153.99249398612085
799.1333333332716,153.39679586598294
799.1666666666049,152.63575820341396
799.1999999999382,151.74336763120178
799.2333333332715,150.75668620699958
799.2666666666048,149.77131915920788
799.2999999999381,148.93534958164676
799.3333333332714,148.39871838116744
799.3666666666047,148.31136646462102
799.399999999938,148.8230838118171
799.4333333332713,149.9873653889236
799.4666666666046,151.59633182162383
799.4999999999379,153.39818184829278
799.5333333332712,155.14111420730532
799.5666666666045,156.5733276370364
799.5999999999378,157.47719838838495
799.6333333332711,157.96318920365832
799.6666666666044,158.3246118527976
799.6999999999377,158.85675807552192
799.733333333271,159.85491961155032
799.7666666666044,161.61120766800178
799.7999999999377,164.1932522363055
799.833333333271,167.29987189194998
799.8666666666043,170.5955889005522
799.8999999999376,173.74492552772912
799.9333333332709,176.4124040390978
799.9666666666042,178.27623761286762
799.9999999999375,179.08804579048035
800.0333333332708,178.62394618789915
800.0666666666041,176.66007346866976
800.0999999999374,172.97256229633786
800.1333333332707,167.3931692190439
800.166666666604,161.06459745279594
800.1999999999373,156.45832127337593
800.2333333332706,156.105001923362
800.2666666666039,162.5353006453323
800.2999999999372,178.27912139039051
800.3333333332705,204.41396288300217
800.3666666666038,237.5400518693528
800.3999999999371,273.39762630060875
800.4333333332704,307.72692412793646
800.4666666666037,336.26818330250256
800.499999999937,355.0641778710683
800.5333333332703,363.5002652120652
800.5666666666036,363.0382851014152
800.5999999999369,355.1712614387998
800.6333333332702,341.3922181239004
800.6666666666035,323.19495541267327
800.6999999999368,302.147666361225
800.7333333332701,279.953550927295
800.7666666666034,258.3300751486087
800.7999999999367,238.9947050628917
800.83333333327,223.6649067078695
800.8666666666034,213.68449444617391
800.8999999999367,208.17806055360847
800.93333333327,205.45408806366228
800.9666666666033,203.8197972879794
800.9999999999366,201.58240853820385
801.0333333332699,197.1694277245396
801.0666666666032,192.2903200014062
801.0999999999365,192.2512645111864
801.1333333332698,202.54184249592583
801.1666666666031,228.6516351976702
801.1999999999364,276.0695684098636
801.2333333332697,346.83579696346976
801.266666666603,431.4938303356928
801.2999999999363,518.1945021682155
801.3333333332696,595.088646102721
801.3666666666029,650.3270957808924
801.3999999999362,673.0204424578352
801.4333333332695,663.8053264055444
801.4666666666028,630.9335328320528
801.4999999999361,582.7920551654717
801.5333333332694,527.7678868339116
801.5666666666027,474.2228383816831
801.599999999936,427.6231686356543
801.6333333332693,387.8912810424078
801.6666666666026,354.3236144092858
801.6999999999359,326.21660754363046
801.7333333332692,302.866699252784
801.7666666666025,283.59585130743466
801.7999999999358,267.88540542449795
801.8333333332691,255.27810810926368
801.8666666666024,245.31683541593296
801.8999999999357,237.5444633987068
801.933333333269,231.50872940142824
801.9666666666024,226.8989481827887
801.9999999999357,223.5648371735424
802.033333333269,221.36475854973105
802.0666666666023,220.15707448739624
802.0999999999356,219.80014455042053
802.1333333332689,220.13034238256796
802.1666666666022,220.9086984667398
802.1999999999355,221.8801172103955
802.2333333332688,222.7895030209944
802.2666666666021,223.38176030599595
802.2999999999354,223.42236337986816
802.3333333332687,222.92919522887397
802.366666666602,222.08952096175375
802.3999999999353,221.09373753695172
802.4333333332686,220.1322419129119
802.4666666666019,219.3945126460491
802.4999999999352,218.9619209162801
802.5333333332685,218.70748193620423
802.5666666666018,218.48049458518915
802.5999999999351,218.1302577426024
802.6333333332684,217.5060702878117
802.6666666666017,216.49131490959283
802.699999999935,215.1815307751467
802.7333333332683,213.7537534679768
802.7666666666016,212.3851873337736
802.7999999999349,211.253036718228
802.8333333332682,210.52909282237127
802.8666666666015,210.2311027653955
802.8999999999348,210.2043157270532
802.9333333332681,210.28486215278963
802.9666666666014,210.30887248804984
802.9999999999347,210.11248311688405
803.033333333268,209.56515872319065
803.0666666666013,208.64791926396097
803.0999999999347,207.3650979582485
803.133333333268,205.72102802510676
803.1666666666013,203.7200426835892
803.1999999999346,201.3746271054964
803.2333333332679,198.79321324027345
803.2666666666012,196.14669929795605
803.2999999999345,193.60705027908256
803.3333333332678,191.34623118419125
803.3666666666011,189.53513451677716
803.3999999999344,188.2349506279604
803.4333333332677,187.30383445584863
803.466666666601,186.57795392525185
803.4999999999343,185.8934769609799
803.5333333332676,185.08657148784263
803.5666666666009,184.01077258666191
803.5999999999342,182.62177652673444
803.6333333332675,180.91251192182557
803.6666666666008,178.8759613886949
803.6999999999341,176.50510754410217
803.7333333332674,173.79603857169468
803.7666666666007,170.8240917492593
803.799999999934,167.74845855049796
803.8333333332673,164.73235795758978
803.8666666666006,161.939008952714
803.8999999999339,159.53160726828753
803.9333333332672,157.62470561594458
803.9666666666005,156.1817080448289
803.9999999999338,155.13674645031733
804.0333333332671,154.4239527277866
804.0666666666004,153.9774587726134
804.0999999999337,153.73089140059074
804.133333333267,153.61251190440316
804.1666666666003,153.54734600272138
804.1999999999337,153.4603747912969
804.233333333267,153.27657936588125
804.2666666666003,152.92173147503956
804.2999999999336,152.38295074857533
804.3333333332669,151.7514446630516
804.3666666666002,151.12851562932542
804.3999999999335,150.6154660582536
804.4333333332668,150.31359836069305
804.4666666666001,150.30938650537396
804.4999999999334,150.6110628058386
804.5333333332667,151.20114754009458
804.5666666666,152.06214563213027
804.5999999999333,153.1765620059342
804.6333333332666,154.52290106733275
804.6666666665999,155.9947186960214
804.6999999999332,157.40437037397706
804.7333333332665,158.56096116924584
804.7666666665998,159.27359614987404
804.7999999999331,159.35154386264327
804.8333333332664,158.71728508057427
804.8666666665997,157.6041315857957
804.899999999933,156.2982701180436
804.9333333332663,155.0858874170543
804.9666666665996,154.25317022256382
804.9999999999329,154.04863707560725
805.0333333332662,154.37915446279047
805.0666666665995,154.96964861088378
805.0999999999328,155.5433526709177
805.1333333332661,155.82349979392285
805.1666666665994,155.53749859652447
805.1999999999327,154.63726991459114
805.233333333266,153.40854083735996
805.2666666665993,152.1641564701462
805.2999999999327,151.21696191826513
805.333333333266,150.87980228703202
805.3666666665993,151.38150607044284
805.3999999999326,152.57295125910125
805.4333333332659,154.19878424494627
805.4666666665992,156.0036457517518
805.4999999999325,157.7321765032919
805.5333333332658,159.13640070981103
805.5666666665991,160.09130182293572
805.5999999999324,160.57333650577328
805.6333333332657,160.5619979521455
805.666666666599,160.03677935587407
805.6999999999323,158.9774585435081
805.7333333332656,157.43564559444548
805.7666666665989,155.62926582952076
805.7999999999322,153.79971630414772
805.8333333332655,152.18839407374014
805.8666666665988,151.03669619371175
805.8999999999321,150.55348856051074
805.9333333332654,150.707851838803
805.9666666665987,151.3616443090854
805.999999999932,152.37622382183116
806.0333333332653,153.61294822751384
806.0666666665986,154.93402306401345
806.0999999999319,156.23177400098615
806.1333333332652,157.43608912589883
806.1666666665985,158.4792154577903
806.1999999999318,159.2934000156994
806.2333333332651,159.81089051407974
806.2666666665984,159.989704530716
806.2999999999317,159.8818166468242
806.333333333265,159.56060866756084
806.3666666665983,159.09946239808252
806.3999999999317,158.57175964354573
806.433333333265,158.051406180257
806.4666666665983,157.61885501562398
806.4999999999316,157.35901033077118
806.5333333332649,157.35686140011038
806.5666666665982,157.69739749805333
806.5999999999315,158.46475025663906
806.6333333332648,159.65216325251674
806.6666666665981,161.08290052789687
806.6999999999314,162.5615791851039
806.7333333332647,163.89281632646228
806.766666666598,164.8812290542965
806.7999999999313,165.3625828959515
806.8333333332646,165.3510761383028
806.8666666665979,164.92433243270995
806.8999999999312,164.1600516518001
806.9333333332645,163.1359336682005
806.9666666665978,161.93152881849272
806.9999999999311,160.66906680310922
807.0333333332644,159.51352273116026
807.0666666665977,158.6317353846861
807.099999999931,158.190543545727
807.1333333332643,158.35666553802488
807.1666666665976,159.19545413383125
807.1999999999309,160.48668486757623
807.2333333332642,161.9602054412303
807.2666666665975,163.34586355676402
807.2999999999308,164.3735069161478
807.3333333332641,164.80173778041478
807.3666666665974,164.64987731869138
807.3999999999307,164.07605041114576
807.433333333264,163.2396724111824
807.4666666665973,162.3001586722061
807.4999999999307,161.4153499949452
807.533333333264,160.6634666894419
807.5666666665973,160.00717502313594
807.5999999999306,159.40006598528564
807.6333333332639,158.79573056514943
807.6666666665972,158.14775975198577
807.6999999999305,157.42612172261497
807.7333333332638,156.67055925619957
807.7666666665971,155.9393937871421
807.7999999999304,155.29094691203764
807.8333333332637,154.78354022748118
807.866666666597,154.46954288141964
807.8999999999303,154.3124697142601
807.9333333332636,154.20754358978525
807.9666666665969,154.04823690597766
807.9999999999302,153.72802206082005
808.0333333332635,153.14077229414286
808.0666666665968,152.2449359931496
808.0999999999301,151.13411311920234
808.1333333332634,149.91888287577433
808.1666666665967,148.70982446633886
808.19999999993,147.61751709436905
808.2333333332633,146.73963126167305
808.2666666665966,146.09134336051676
808.2999999999299,145.6553648399982
808.3333333332632,145.41432916567277
808.3666666665965,145.35086980309575
808.3999999999298,145.44832209451317
808.4333333332631,145.70872186541322
808.4666666665964,146.1543471976677
808.4999999999297,146.80848701127871
808.533333333263,147.69443022624824
808.5666666665963,148.83543597234444
808.5999999999297,150.20797504591368
808.633333333263,151.64704374897073
808.6666666665963,152.96100225708898
808.6999999999296,153.95821074584177
808.7333333332629,154.4470293908025
808.7666666665962,154.26662395699165
808.7999999999295,153.55378990150106
808.8333333332628,152.6120467158206
808.8666666665961,151.74674915650786
808.8999999999294,151.26325198012037
808.9333333332627,151.46388152505082
808.966666666596,152.4835452327018
808.9999999999293,154.20554855493936
809.0333333332626,156.49245116538228
809.0666666665959,159.2068127376491
809.0999999999292,162.21119294535853
809.1333333332625,165.35067234685673
809.1666666665958,168.39414949246478
809.1999999999291,171.08977317393763
809.2333333332624,173.18569173720425
809.2666666665957,174.43005352819355
809.299999999929,174.59004729951135
809.3333333332623,173.71936748787084
809.3666666665956,172.0930848289099
809.3999999999289,169.99201240482734
809.4333333332622,167.69696329782167
809.4666666665955,165.48875514300374
809.4999999999288,163.64891062545198
809.5333333332621,162.46041365276287
809.5666666665954,162.2064295986659
809.5999999999287,163.17012383689047
809.633333333262,165.6346617411661
809.6666666665953,169.73232373472885
809.6999999999287,174.6580798377656
809.733333333262,179.24751350521515
809.7666666665953,182.3354726461608
809.7999999999286,182.756805169686
809.8333333332619,179.4447603646756
809.8666666665952,173.7719988650139
809.8999999999285,169.65268034535424
809.9333333332618,171.11979415776597
809.9666666665951,182.20632965431844
809.9999999999284,206.94344763082188
810.0333333332617,247.6731100043573
810.066666666595,301.92239626672
810.0999999999283,366.36614824322
810.1333333332616,437.67920775916775
810.1666666665949,512.5364166398734
810.1999999999282,587.3900024785319
810.2333333332615,656.721277882951
810.2666666665948,713.98243318062
810.2999999999281,752.6167170927712
810.3333333332614,766.0673783406357
810.3666666665947,747.9299197006462
810.399999999928,698.6423301718941
810.4333333332613,628.1058406414019
810.4666666665946,546.9154250049505
810.4999999999279,465.6660571583212
810.5333333332612,394.9527096063998
810.5666666665945,342.867297406245
810.5999999999278,307.7354028655014
810.6333333332611,285.5009968977968
810.6666666665944,272.10805041675894
810.6999999999277,263.5005343360156
810.733333333261,255.8528680174189
810.7666666665943,248.2839148861237
810.7999999999276,241.94634519975455
810.833333333261,238.0332974716558
810.8666666665943,237.7379102151719
810.8999999999276,242.2403145501798
810.9333333332609,251.47037765386537
810.9666666665942,263.0868693355947
810.9999999999275,274.5082907899564
811.0333333332608,283.15314321153886
811.0666666665941,286.4399277949307
811.0999999999274,284.25976614809764
811.1333333332607,289.531734544191
811.166666666594,319.4502718449422
811.1999999999273,391.2123339985431
811.2333333332606,522.0148769531854
811.2666666665939,727.547291588657
811.2999999999272,994.990233366727
811.3333333332605,1286.0707030387807
811.3666666665938,1561.6216144955229
811.3999999999271,1782.4758816276578
811.4333333332604,1909.5302244766208
811.4666666665937,1921.6707396215063
811.499999999927,1840.3709672342327
811.5333333332603,1693.266829953658
811.5666666665936,1507.9942504186386
811.5999999999269,1312.1891512680313
811.6333333332602,1130.9419612559682
811.6666666665935,971.4206553758988
811.6999999999268,833.0959401934371
811.7333333332601,715.408853518286
811.7666666665934,617.8004331601487
811.7999999999267,539.6697987284746
811.83333333326,479.19474962973504
811.8666666665933,433.1690730360498
811.8999999999266,398.3119399147933
811.93333333326,371.3425212333405
811.9666666665933,348.9803702439263
811.9999999999266,328.62867367031413
812.0333333332599,309.78417055669854
812.0666666665932,292.3429920160405
812.0999999999265,276.201269161301
812.1333333332598,261.2551331054411
812.1666666665931,247.45790895357567
812.1999999999264,235.2989728241901
812.2333333332597,225.56080917331624
812.266666666593,219.0288844641552
812.2999999999263,216.4886651599082
812.3333333332596,218.7030201769489
812.3666666665929,225.35764519947028
812.3999999999262,234.61174024977825
812.4333333332595,244.5086052463759
812.4666666665928,253.09154010776615
812.4999999999261,258.40384490727064
812.5333333332594,259.0043131297484
812.5666666665927,255.4724280132396
812.599999999926,248.88273008110625
812.6333333332593,240.3097598567101
812.6666666665926,230.8280578634132
812.6999999999259,221.4689038258188
812.7333333332592,212.7233044606435
812.7666666665925,204.71509870446883
812.7999999999258,197.56111313883576
812.8333333332591,191.3781743452853
812.8666666665924,186.2814673709196
812.8999999999257,182.2462092107232
812.933333333259,179.0027052801558
812.9666666665923,176.25654841529902
812.9999999999256,173.71333145223443
813.033333333259,171.07864722704366
813.0666666665923,168.13610956248348
813.0999999999256,165.05451110499482
813.1333333332589,162.12130086590824
813.1666666665922,159.62396104656716
813.1999999999255,157.84997384831485
813.2333333332588,157.06703943167534
813.2666666665921,157.21212056724298
813.2999999999254,157.9485515657015
813.3333333332587,158.93143528517513
813.366666666592,159.815874583788
813.3999999999253,160.2580002543721
813.4333333332586,160.09375907055858
813.4666666665919,159.54301998599806
813.4999999999252,158.87502371479843
813.5333333332585,158.35901097106765
813.5666666665918,158.26422246891383
813.5999999999251,158.80039656399578
813.6333333332584,159.81290724633232
813.6666666665917,161.00926693120869
813.699999999925,162.0967290638659
813.7333333332583,162.78254708954506
813.7666666665916,162.78753416828823
813.7999999999249,162.13825306009986
813.8333333332582,161.1636521994116
813.8666666665915,160.20556692453536
813.8999999999248,159.6058325737832
813.9333333332581,159.7058399388782
813.9666666665914,160.64680089070242
813.9999999999247,162.0546250315192
814.033333333258,163.4734389278809
814.0666666665913,164.44736914634
814.0999999999246,164.520542253449
814.133333333258,163.3173762611804
814.1666666665913,161.06429042715015
814.1999999999246,158.2609239985602
814.2333333332579,155.40827958735724
814.2666666665912,153.00735980548822
814.2999999999245,151.5526993503121
814.3333333332578,151.34034408678224
814.3666666665911,152.4355259191037
814.3999999999244,154.8904976406299
814.4333333332577,158.75751204471413
814.466666666591,164.08871996351726
814.4999999999243,170.75337069050568
814.5333333332576,178.06043187148478
814.5666666665909,185.2119521077288
814.5999999999242,191.40998000051167
814.6333333332575,195.85656415110756
814.6666666665908,197.84501453338436
814.6999999999241,197.49640824146968
814.7333333332574,195.3726437663828
814.7666666665907,192.0397220525839
814.799999999924,188.06364404453316
814.8333333332573,184.0050786487421
814.8666666665906,180.1998561287679
814.8999999999239,176.6811507616491
814.9333333332572,173.4608090670922
814.9666666665905,170.55067756480366
814.9999999999238,167.96260352062887
815.0333333332571,165.72624339689025
815.0666666665904,163.93521167808777
815.0999999999237,162.69747520196807
815.133333333257,162.12100080627778
815.1666666665903,162.31375532876348
815.1999999999236,163.35400575419075
815.233333333257,164.998096529734
815.2666666665903,166.80525046737844
815.2999999999236,168.3318488607081
815.3333333332569,169.13427300330704
815.3666666665902,168.77528285236826
815.3999999999235,167.19029141807906
815.4333333332568,164.88660873285014
815.4666666665901,162.42007830559027
815.4999999999234,160.34654364520802
815.5333333332567,159.22184826061203
815.56666666659,159.45358988474675
815.5999999999233,160.83583887393226
815.6333333332566,163.0039709739059
815.6666666665899,165.59336170596987
815.6999999999232,168.2393865914265
815.7333333332565,170.60506177160366
815.7666666665898,172.70668961264855
815.7999999999231,174.8046562801825
815.8333333332564,177.16420762989517
815.8666666665897,180.05058951747637
815.899999999923,183.72475641125277
815.9333333332563,188.0987251282644
815.9666666665896,192.4832607515332
815.9999999999229,196.12964181289044
816.0333333332562,198.28914684416725
816.0666666665895,198.2130543771949
816.0999999999228,195.38885168735263
816.1333333332561,190.40991019374115
816.1666666665894,184.1929696662376
816.1999999999227,177.65480976772818
816.233333333256,171.7122101610988
816.2666666665893,167.23580365287668
816.2999999999226,164.41120111639592
816.333333333256,162.89946677387266
816.3666666665893,162.34833155061222
816.3999999999226,162.40552637191996
816.4333333332559,162.7196533951428
816.4666666665892,163.03766958237588
816.4999999999225,163.2938652092099
816.5333333332558,163.44354824777415
816.5666666665891,163.44202667019792
816.5999999999224,163.24460844861048
816.6333333332557,162.83393180614524
816.666666666589,162.334763832305
816.6999999999223,161.91792804090082
816.7333333332556,161.7542716836267
816.7666666665889,162.01464201217664
816.7999999999222,162.85717946759308
816.8333333332555,164.22478365655869
816.8666666665888,165.8808001594611
816.8999999999221,167.5830787158147
816.9333333332554,169.089469065134
816.9666666665887,170.1587567396692
816.999999999922,170.6944228409925
817.0333333332553,170.89971817704642
817.0666666665886,171.01510473204783
817.0999999999219,171.28104449021376
817.1333333332552,171.93799943576104
817.1666666665885,173.17432863677607
817.1999999999218,174.88287960227157
817.2333333332551,176.85244332293368
817.2666666665884,178.871694741978
817.2999999999217,180.72930880262004
817.333333333255,182.22427546252155
817.3666666665883,183.350931113584
817.3999999999216,184.27817816978808
817.433333333255,185.1810614893789
817.4666666665883,186.2346259306016
817.4999999999216,187.6133754237039
817.5333333332549,189.3805575271423
817.5666666665882,191.35285118652467
817.5999999999215,193.3138286146776
817.6333333332548,195.0470620244274
817.6666666665881,196.33612362860052
817.6999999999214,196.9874768263857
817.7333333332547,196.9465689099423
817.766666666588,196.21101837491327
817.7999999999213,194.77853670329577
817.8333333332546,192.64683537708703
817.8666666665879,189.84712545636853
817.8999999999212,187.1035377718452
817.9333333332545,185.7925858772584
817.9666666665878,187.31616625787444
817.9999999999211,193.0761753989597
818.0333333332544,204.47008091357813
818.0666666665877,221.7413430041712
818.099999999921,242.44405486331192
818.1333333332543,263.749966399841
818.1666666665876,282.83082752259924
818.1999999999209,296.8583881404272
818.2333333332542,303.4589368331546
818.2666666665875,303.15724878363284
818.2999999999208,297.61651815609105
818.3333333332541,288.50264152321114
818.3666666665874,277.4815154576746
818.3999999999207,266.19186980354425
818.433333333254,255.67445085431544
818.4666666665873,246.38656889374136
818.4999999999206,238.76127753836292
818.533333333254,233.2316304047208
818.5666666665873,230.22940850498543
818.5999999999206,229.79455012429585
818.6333333332539,231.02347108757724
818.6666666665872,232.8734471997547
818.6999999999205,234.3017542657532
818.7333333332538,234.26566809049763
818.7666666665871,231.89031920962327
818.7999999999204,227.4033356011805
818.8333333332537,221.4772039288856
818.866666666587,214.78564569777828
818.8999999999203,208.0023824128985
818.9333333332536,201.802921924014
818.9666666665869,196.9034551641443
818.9999999999202,194.0606335971179
819.0333333332535,194.0328505205823
819.0666666665868,197.5784992321852
819.0999999999201,205.45467382586023
819.1333333332534,217.9852634647989
819.1666666665867,234.4354362856516
819.19999999992,253.91163822966396
819.2333333332533,275.5203152380814
819.2666666665866,298.36791325214983
819.2999999999199,321.4399976561584
819.3333333332532,342.9203561478541
819.3666666665865,360.66637363997336
819.3999999999198,372.5344831043698
819.4333333332531,376.3811175128967
819.4666666665864,370.17746846897455
819.4999999999197,354.5206494926765
819.533333333253,332.62620314896645
819.5666666665863,307.8229320561864
819.5999999999196,283.43963883267844
819.633333333253,262.80144366915675
819.6666666665863,248.0263564142176
819.6999999999196,238.29153849292004
819.7333333332529,232.33479214629227
819.7666666665862,228.89391961536248
819.7999999999195,226.70672314115885
819.8333333332528,224.65526189185653
819.8666666665861,222.5688086974345
819.8999999999194,220.6587319015157
819.9333333332527,219.13745881663496
819.966666666586,218.21741675532715
819.9999999999193,218.09479728013045
820.0333333332526,218.60339541226864
820.0666666665859,219.22063120882424
820.0999999999192,219.40889339830977
820.1333333332525,218.63057070923784
820.1666666665858,216.34974836340305
820.1999999999191,212.52782187196783
820.2333333332524,208.3124648478142
820.2666666665857,205.0244666501333
820.299999999919,203.98461663811636
820.3333333332523,206.51370417095453
820.3666666665856,213.4813061664582
820.3999999999189,222.88155023483637
820.4333333332522,231.57985022186176
820.4666666665855,236.43894992377287
820.4999999999188,234.32159313680825
820.5333333332521,222.45831938623272
820.5666666665854,205.8615212405548
820.5999999999187,196.9667133314977
820.633333333252,208.5054097247065
820.6666666665853,253.2091244858265
820.6999999999186,343.7680955259902
820.733333333252,482.90404824985006
820.7666666665853,650.4674809227678
820.7999999999186,823.1141854626799
820.8333333332519,977.499953787522
820.8666666665852,1090.280577815231
820.8999999999185,1141.9996705730662
820.9333333332518,1136.7818833358956
820.9666666665851,1087.5952944596368
820.9999999999184,1007.4236450197924
821.0333333332517,909.2506760918648
821.066666666585,805.8082457519566
821.0999999999183,704.9103102194574
821.1333333332516,609.8950796855011
821.1666666665849,523.9375586165988
821.1999999999182,450.21275147926224
821.2333333332515,391.88620235551207
821.2666666665848,350.3554419824914
821.2999999999181,323.1840751971462
821.3333333332514,307.43369215908746
821.3666666665847,300.1658830279256
821.399999999918,298.4422379632713
821.4333333332513,299.5210307402565
821.4666666665846,301.7744358385184
821.4999999999179,303.96631578712856
821.5333333332512,304.8609650948619
821.5666666665845,303.2226782704932
821.5999999999178,297.8887182283359
821.6333333332511,288.9794071625085
821.6666666665844,277.71073571178863
821.6999999999177,265.3338916541437
821.733333333251,253.1000627675407
821.7666666665843,242.2572231745555
821.7999999999176,233.6076410718576
821.833333333251,227.05555684713704
821.8666666665843,222.39736270252843
821.8999999999176,219.4294508401664
821.9333333332509,217.94821346218555
821.9666666665842,217.7722669764806
821.9999999999175,218.83557167403043
822.0333333332508,221.1093922441811
822.0666666665841,224.56501220332
822.0999999999174,229.1737150678346
822.1333333332507,234.87227068260916
822.166666666584,241.0625169806176
822.1999999999173,246.7248257597857
822.2333333332506,250.8281533779444
822.2666666665839,252.3414561929247
822.2999999999172,250.2416062772355
822.3333333332505,244.3013235817088
822.3666666665838,235.75873521595864
822.3999999999171,226.00965013910763
822.4333333332504,216.44987731027828
822.4666666665837,208.47522568859316
822.499999999917,203.1963102644146
822.5333333332503,200.39208417263703
822.5666666665836,199.4531387336988
822.5999999999169,199.7700196337652
822.6333333332502,200.7332725590016
822.6666666665835,201.7554529849037
822.6999999999168,202.5442557308812
822.7333333332501,203.01826576471265
822.7666666665834,203.10062901818185
822.7999999999167,202.71449142307247
822.83333333325,201.78454921135364
822.8666666665833,200.34744430804923
822.8999999999166,198.62519322225037
822.93333333325,196.8572300298048
822.9666666665833,195.28298880656052
822.9999999999166,194.14190362836555
823.0333333332499,193.6029671856849
823.0666666665832,193.54466178966075
823.0999999999165,193.77058852161716
823.1333333332498,194.0843483860789
823.1666666665831,194.2895423875709
823.1999999999164,194.20141809759048
823.2333333332497,193.7681890846504
823.266666666583,193.02271565308308
823.2999999999163,191.9992186382344
823.3333333332496,190.73191887545036
823.3666666665829,189.2560869100753
823.3999999999162,187.66145160195637
823.4333333332495,186.1175847043449
823.4666666665828,184.800418754209
823.4999999999161,183.8858862885166
823.5333333332494,183.54991550210624
823.5666666665827,183.87637616087076
823.599999999916,184.62001097453583
823.6333333332493,185.46203884939905
823.6666666665826,186.0836786917577
823.6999999999159,186.16614940790947
823.7333333332492,185.43921767376125
823.7666666665825,184.0979806718109
823.7999999999158,182.59656288042115
823.8333333332491,181.391882803861
823.8666666665824,180.94085894639943
823.8999999999157,181.69039526627975
823.933333333249,183.71182714522251
823.9666666665823,186.59642018756176
823.9999999999156,189.9041295722692
824.033333333249,193.1949104783164
824.0666666665823,196.0287837829235
824.0999999999156,198.0769590000579
824.1333333332489,199.3493422338653
824.1666666665822,199.9200985347852
824.1999999999155,199.86339295325743
824.2333333332488,199.2533905397217
824.2666666665821,198.1592261774965
824.2999999999154,196.6100656819736
824.3333333332487,194.6160061869482
824.366666666582,192.18702717559032
824.3999999999153,189.33310813107
824.4333333332486,186.06827699943523
824.4666666665819,182.5172950476852
824.4999999999152,178.92643109732515
824.5333333332485,175.54816310490634
824.5666666665818,172.63496902698
824.5999999999151,170.4390372918833
824.6333333332484,169.08752411944215
824.6666666665817,168.38792912916156
824.699999999915,168.09739742716184
824.7333333332483,167.97307411956342
824.7666666665816,167.77210431248665
824.7999999999149,167.28734903493273
824.8333333332482,166.54408040924227
824.8666666665815,165.66055711676822
824.8999999999148,164.75528382465592
824.9333333332481,163.9467652000507
824.9666666665814,163.3540225315547
824.9999999999147,163.1064815127386
825.033333333248,163.3432119470866
825.0666666665813,164.2036479260032
825.0999999999146,165.82722354089273
825.133333333248,168.35229991228897
825.1666666665812,171.73590341716624
825.1999999999146,175.5510813434105
825.2333333332479,179.32197612688745
825.2666666665812,182.57273020346287
825.2999999999145,184.82748600900248
825.3333333332478,185.7151790604889
825.3666666665811,185.41610379905137
825.3999999999144,184.2912453238875
825.4333333332477,182.70169362373147
825.466666666581,181.00853868731747
825.4999999999143,179.56000109152222
825.5333333332476,178.5118295104804
825.5666666665809,177.87165472772796
825.5999999999142,177.64330015492445
825.6333333332475,177.83058920372915
825.6666666665808,178.4368085480313
825.6999999999141,179.4208554590945
825.7333333332474,180.66471669898448
825.7666666665807,182.04271552933295
825.799999999914,183.4291752117717
825.8333333332473,184.6984190079324
825.8666666665806,185.76718707491852
825.8999999999139,186.7300380766627
825.9333333332472,187.7281199831539
825.9666666665805,188.9025809344652
825.9999999999138,190.39456907066955
826.0333333332471,192.45170543295797
826.0666666665804,196.5117377360185
826.0999999999137,204.7582138018443
826.133333333247,219.3861584213352
826.1666666665803,242.59059638539097
826.1999999999136,276.4923911277802
826.233333333247,319.7761866491591
826.2666666665802,366.313519421222
826.2999999999136,409.6165472778711
826.3333333332469,443.1974280530087
826.3666666665802,460.56889324676246
826.3999999999135,457.65397490581097
826.4333333332468,438.2909196444578
826.4666666665801,407.9403007391687
826.4999999999134,372.0626914664092
826.5333333332467,336.11866510264525
826.56666666658,305.0933765841537
826.5999999999133,279.9872251601089
826.6333333332466,259.8120379895347
826.6666666665799,243.56500198139665
826.6999999999132,230.2433040446604
826.7333333332465,218.86025050281896
826.7666666665798,208.88614205948056
826.7999999999131,200.30204214325136
826.8333333332464,193.11592899352712
826.8666666665797,187.3357808497036
826.899999999913,182.9693745266032
826.9333333332463,179.94070494839565
826.9666666665796,177.96090626003996
826.9999999999129,176.70780935162432
827.0333333332462,175.85924511323702
827.0666666665795,175.09304443496637
827.0999999999128,174.12501628563425
827.1333333332461,172.90944684357072
827.1666666665794,171.49297230064275
827.1999999999127,169.92242999386855
827.233333333246,168.24465726026665
827.2666666665793,166.50883748531683
827.2999999999126,164.80733203992327
827.333333333246,163.27042446994255
827.3666666665792,162.029687653217
827.3999999999126,161.216694467589
827.4333333332459,160.96196979669335
827.4666666665792,161.26743506553174
827.4999999999125,161.88427270887158
827.5333333332458,162.5347207401859
827.5666666665791,162.9410171729479
827.5999999999124,162.82540002063075
827.6333333332457,161.99141365415636
827.666666666579,160.62263879955134
827.6999999999123,159.01360153288638
827.7333333332456,157.45884121509175
827.7666666665789,156.2528972070977
827.7999999999122,155.66867344455528
827.8333333332455,155.71018185149208
827.8666666665788,156.19932953547837
827.8999999999121,156.95457633364003
827.9333333332454,157.7943820831029
827.9666666665787,158.54032564142648
827.999999999912,159.1811157418595
828.0333333332453,159.95361768438607
828.0666666665786,161.11481911909084
828.0999999999119,162.92170769605846
828.1333333332452,165.63125386278216
828.1666666665785,169.3513408671532
828.1999999999118,173.6781458385919
828.2333333332451,178.09814881400493
828.2666666665784,182.0978298302989
828.2999999999117,185.16366892438063
828.333333333245,186.8322842749472
828.3666666665783,187.0714927110479
828.3999999999116,186.0689520655763
828.433333333245,184.01407296632985
828.4666666665782,181.0962660411061
828.4999999999116,177.50708406997532
828.5333333332449,173.49901606967092
828.5666666665782,169.39277363305467
828.5999999999115,165.51267360339122
828.6333333332448,162.18303282394524
828.6666666665781,159.7277638425611
828.6999999999114,158.319750073439
828.7333333332447,157.7551736117171
828.766666666578,157.7724584355514
828.7999999999113,158.1100285230977
828.8333333332446,158.50630785251187
828.8666666665779,158.72920120739985
828.8999999999112,158.72409568485088
828.9333333332445,158.50247745501642
828.9666666665778,158.0759443710449
828.9999999999111,157.45609428608486
829.0333333332444,156.65603049528505
829.0666666665777,155.71425015242778
829.099999999911,154.69037786560926
829.1333333332443,153.64468134440477
829.1666666665776,152.63742829838935
829.1999999999109,151.72863897132186
829.2333333332442,150.95495152666695
829.2666666665775,150.3107526982904
829.2999999999108,149.78598856172815
829.3333333332441,149.37060519251617
829.3666666665774,149.05454866619027
829.3999999999107,148.82458288282095
829.433333333244,148.65408053469437
829.4666666665773,148.51289235523356
829.4999999999106,148.370869061666
829.533333333244,148.1978613712194
829.5666666665772,147.95921708510747
829.5999999999106,147.57221901616424
829.6333333332439,146.92505920902752
829.6666666665772,145.90552421551342
829.6999999999105,144.4014005874379
829.7333333332438,142.3068236077469
829.7666666665771,139.7647543868951
829.7999999999104,137.24256042834875
829.8333333332437,135.22940824208885
829.866666666577,134.21446433809675
829.8999999999103,134.6866541379847
829.9333333332436,136.87198067004311
829.9666666665769,140.23205566996387
829.9999999999102,144.09035199058647
830.0333333332435,147.77034248475016
830.0666666665768,150.59550000529433
830.0999999999101,151.9844106111792
830.1333333332434,152.02144581514443
830.1666666665767,151.0754390350608
830.19999999991,149.51629235054142
830.2333333332433,147.71390784119947
830.2666666665766,146.03073999306454
830.2999999999099,144.67804190839485
830.3333333332432,143.7262513451766
830.3666666665765,143.24043897389492
830.3999999999098,143.28567546503507
830.4333333332431,143.92622600209694
830.4666666665764,145.11649831396224
830.4999999999097,146.59052681261971
830.533333333243,148.05601929228737
830.5666666665763,149.2206835471832
830.5999999999096,149.79222737152523
830.633333333243,149.560492017852
830.6666666665762,148.6971712790077
830.6999999999096,147.48484656543803
830.7333333332429,146.2061113068179
830.7666666665762,145.14355893282217
830.7999999999095,144.55908731766965
830.8333333332428,144.4701963580222
830.8666666665761,144.7348806005848
830.8999999999094,145.20839276502778
830.9333333332427,145.74598557102155
830.966666666576,146.20420640649468
830.9999999999093,146.49807425859845
831.0333333332426,146.6236420908292
831.0666666665759,146.5829211863219
831.0999999999092,146.37792282821147
831.1333333332425,146.01067308316746
831.1666666665758,145.50997385445382
831.1999999999091,144.9867246436712
831.2333333332424,144.56750659068925
831.2666666665757,144.37890083537766
831.299999999909,144.5474885176061
831.3333333332423,145.16540406065985
831.3666666665756,146.07331869593582
831.3999999999089,147.0004063375601
831.4333333332422,147.67534036933324
831.4666666665755,147.826794175056
831.4999999999088,147.1972700335964
831.5333333332421,145.82051763397558
831.5666666665754,144.0073715556188
831.5999999999087,142.0796605624169
831.633333333242,140.35921341826057
831.6666666665753,139.16677467751708
831.6999999999086,138.67019575690892
831.733333333242,138.7279322085815
831.7666666665752,139.16108978831943
831.7999999999086,139.7907742519073
831.8333333332419,140.43809135512964
831.8666666665752,140.94066069161698
831.8999999999085,141.2124544515812
831.9333333332418,141.18949636337416
831.9666666665751,140.80781230345193
831.9999999999084,140.00342814827056
832.0333333332417,138.73897929114742
832.066666666575,137.28363010405602
832.0999999999083,136.10298098850382
832.1333333332416,135.66584727986432
832.1666666665749,136.44104431351118
832.1999999999082,138.8868757352351
832.2333333332415,143.02059770714172
832.2666666665748,148.26704456004205
832.2999999999081,154.00943537141782
832.3333333332414,159.6309892187508
832.3666666665747,164.51505058751826
832.399999999908,168.18640257577266
832.4333333332413,170.5826172464488
832.4666666665746,171.71616647756417
832.4999999999079,171.5995221471363
832.5333333332412,170.24515613318266
832.5666666665745,167.70479841146442
832.5999999999078,164.2975274843471
832.6333333332411,160.45387622496852
832.6666666665744,156.60474683176122
832.6999999999077,153.1810415031578
832.733333333241,150.5944133440967
832.7666666665743,148.8964743490557
832.7999999999076,147.819500821461
832.833333333241,147.0846978073021
832.8666666665742,146.41327035256853
832.8999999999075,145.5276990152513
832.9333333332409,144.28172172446813
832.9666666665742,142.7724409203363
832.9999999999075,141.12337195022062
833.0333333332408,139.45803016148594
833.0666666665741,137.8999309014972
833.0999999999074,136.55472826967667
833.1333333332407,135.45415599442242
833.166666666574,134.61082757514694
833.1999999999073,134.03735648421775
833.2333333332406,133.7463561940026
833.2666666665739,133.74272646458866
833.2999999999072,133.95473978012245
833.3333333332405,134.26679446946355
833.3666666665738,134.56277132251256
833.3999999999071,134.72655112917028
833.4333333332404,134.64456433892306
833.4666666665737,134.28492860151002
833.499999999907,133.7127675247866
833.5333333332403,132.9988465274352
833.5666666665736,132.21393102813815
833.5999999999069,131.42882941844306
833.6333333332402,130.73108337329214
833.6666666665735,130.2502734415729
833.6999999999068,130.1224770806088
833.7333333332401,130.4837717477233
833.7666666665734,131.47023490023997
833.7999999999067,133.15020692643932
833.83333333324,135.2056227174394
833.8666666665733,137.18160985793332
833.8999999999066,138.62313657074424
833.93333333324,139.0751710786953
833.9666666665732,138.12373628608634
833.9999999999065,135.95034979186116
834.0333333332399,133.18551084214914
834.0666666665732,130.47073618603355
834.0999999999065,128.44754257259774
834.1333333332398,127.75009678460272
834.1666666665731,128.5733458754117
834.1999999999064,130.43246684767436
834.2333333332397,132.78428097504573
834.266666666573,135.08560953118078
834.2999999999063,136.79330205456822
834.3333333332396,137.51553470004103
834.3666666665729,137.36549719501892
834.3999999999062,136.56160089498394
834.4333333332395,135.32225715541827
834.4666666665728,133.865877331804
834.4999999999061,132.40088387001873
834.5333333332394,131.0589741219092
834.5666666665727,129.93628819624328
834.599999999906,129.12877185124228
834.6333333332393,128.73237084512763
834.6666666665726,128.83750925846087
834.6999999999059,129.41677467326906
834.7333333332392,130.32979407567848
834.7666666665725,131.43164850064244
834.7999999999058,132.57741898311437
834.8333333332391,133.62264010373596
834.8666666665724,134.4805084210646
834.8999999999057,135.17773755515603
834.933333333239,135.75429945629574
834.9666666665723,136.25016607476937
834.9999999999056,136.7053093608624
835.0333333332389,137.1412061707255
835.0666666665722,137.49950613758858
835.0999999999055,137.7003266754914
835.1333333332389,137.6637848732332
835.1666666665722,137.3099978196133
835.1999999999055,136.56949248735975
835.2333333332388,135.47841993018832
835.2666666665721,134.1344148468896
835.2999999999054,132.635875064582
835.3333333332387,131.08119841038385
835.366666666572,129.5679058816991
835.3999999999053,128.16569618682936
835.4333333332386,126.91138238050004
835.4666666665719,125.83987913206948
835.4999999999052,124.98610111089592
835.5333333332385,124.38490162744812
835.5666666665718,124.05067271085808
835.5999999999051,123.9477996940292
835.6333333332384,124.03317082814728
835.6666666665717,124.26367436439811
835.699999999905,124.59619855396755
835.7333333332383,124.98880448767476
835.7666666665716,125.40589332564235
835.7999999999049,125.81399880276204
835.8333333332382,126.17965625291332
835.8666666665715,126.46940100997548
835.8999999999048,126.65447809141804
835.9333333332381,126.76806981892616
835.9666666665714,126.8870187783445
835.9999999999047,127.08908113399842
836.033333333238,127.45201305021315
836.0666666665713,128.05154160148527
836.0999999999046,128.86681305939535
836.1333333332379,129.74018778442235
836.1666666665712,130.5036494468728
836.1999999999045,130.98918171705327
836.2333333332379,131.02884043319904
836.2666666665712,130.5457056069778
836.2999999999045,129.7318432413098
836.3333333332378,128.8287667743257
836.3666666665711,128.07798964415605
836.3999999999044,127.72102528893151
836.4333333332377,127.9432883863906
836.466666666571,128.56176447586608
836.4999999999043,129.2447910708388
836.5333333332376,129.66029327671296
836.5666666665709,129.4761961988927
836.5999999999042,128.3838786460973
836.6333333332375,126.46569154817836
836.6666666665708,124.1268443768986
836.6999999999041,121.7822209223294
836.7333333332374,119.84670497454208
836.7666666665707,118.73132956271245
836.799999999904,118.5720271001915
836.8333333332373,119.05085545792272
836.8666666665706,119.80743266213042
836.8999999999039,120.48137673903892
836.9333333332372,120.71231709262122
836.9666666665705,120.26162608233668
836.9999999999038,119.31307748446017
837.0333333332371,118.14199459392049
837.0666666665704,117.02370070564632
837.0999999999037,116.2335191145665
837.133333333237,116.00568000399872
837.1666666665703,116.25641320454024
837.1999999999036,116.7536267860818
837.2333333332369,117.26439567500252
837.2666666665702,117.55579479768156
837.2999999999035,117.40713277668748
837.3333333332369,116.84898612141431
837.3666666665702,116.14753066317812
837.3999999999035,115.5780381433824
837.4333333332368,115.41578030343064
837.4666666665701,115.93400012699024
837.4999999999034,117.19204604824434
837.5333333332367,118.84984067977162
837.56666666657,120.52357061873242
837.5999999999033,121.82942246228716
837.6333333332366,122.3835828203065
837.6666666665699,121.92615670650484
837.6999999999032,120.6859785516972
837.7333333332365,119.01235334461695
837.7666666665698,117.25458607399736
837.7999999999031,115.76198172857184
837.8333333332364,114.8542824750886
837.8666666665697,114.59028383625736
837.899999999903,114.89286260673396
837.9333333332363,115.68372492034814
837.9666666665696,116.88457691092964
837.9999999999029,118.41494917478398
838.0333333332362,120.14129898916453
838.0666666665695,121.87526678653296
838.0999999999028,123.42596864246644
838.1333333332361,124.60252063254208
838.1666666665694,125.21471092730376
838.1999999999027,125.1722748716117
838.233333333236,124.58998330051408
838.2666666665693,123.6077639682502
838.2999999999026,122.3655446290595
838.3333333332359,121.00325303718134
838.3666666665692,119.65085909415178
838.3999999999025,118.39519100695992
838.4333333332359,117.31139634941206
838.4666666665692,116.47462249209804
838.4999999999025,115.96001680560774
838.5333333332358,115.83176200773498
838.5666666665691,116.04746375705396
838.5999999999024,116.5047405463071
838.6333333332357,117.1005403921212
838.666666666569,117.73181131112288
838.6999999999023,118.29747089496078
838.7333333332356,118.75095316729376
838.7666666665689,119.10588076980112
838.7999999999022,119.37898384165464
838.8333333332355,119.58699252202614
838.8666666665688,119.7465067377404
838.8999999999021,119.84898452013644
838.9333333332354,119.83095292507072
838.9666666665687,119.62168359021156
838.999999999902,119.15044815322736
839.0333333332353,118.3465182517864
839.0666666665686,117.18487158958771
839.0999999999019,115.8506321158859
839.1333333332352,114.5892817480116
839.1666666665685,113.64630765739685
839.1999999999018,113.26719701547373
839.2333333332351,113.66753088941886
839.2666666665684,114.754683275729
839.2999999999017,116.25444434627735
839.333333333235,117.89026668484208
839.3666666665683,119.38560287520144
839.3999999999016,120.4701444547941
839.4333333332349,121.05921316455478
839.4666666665682,121.28070987170312
839.4999999999015,121.27419524827808
839.5333333332349,121.17922996631864
839.5666666665682,121.13512182124124
839.5999999999015,121.22501414222327
839.6333333332348,121.40546150975008
839.6666666665681,121.61569031964382
839.6999999999014,121.79492696772674
839.7333333332347,121.882397849821
839.766666666568,121.8356020007056
839.7999999999013,121.69815945495893
839.8333333332346,121.53903874910556
839.8666666665679,121.42721193767332
839.8999999999012,121.43165107519016
839.9333333332345,121.62651257327252
839.9666666665678,122.14039047125394
839.9999999999011,123.13441595147256
840.0333333332344,124.7701573784949
840.0666666665677,127.2091831168875
840.099999999901,130.59885365914013
840.1333333332343,134.65832378288266
840.1666666665676,138.61323154629008
840.1999999999009,141.66186236788036
840.2333333332342,143.0025016661713
840.2666666665675,141.83854011520424
840.2999999999008,138.50074342396638
840.3333333332341,135.8576974265601
840.3666666665674,137.12488563268647
840.3999999999007,145.51779155204656
840.433333333234,164.25189869434138
840.4666666665673,195.7359875171577
840.4999999999006,238.61477462586808
840.5333333332339,290.43601089079385
840.5666666665672,348.74731997096285
840.5999999999005,411.0963255254024
840.6333333332338,474.8191126397664
840.6666666665672,535.0784571351828
840.6999999999005,585.7597761438642
840.7333333332338,620.732161334809
840.7666666665671,633.864704377016
840.7999999999004,619.266233803556
840.8333333332337,577.9351637279331
840.866666666567,518.6233209536075
840.8999999999003,450.49579058440327
840.9333333332336,382.7176577241436
840.9666666665669,324.4353356742241
840.9999999999002,281.24843488117324
841.0333333332335,251.03636160536144
841.0666666665668,230.66322625255611
841.0999999999001,216.9931392285248
841.1333333332334,206.89021093903472
841.1666666665667,197.70492413455293
841.1999999999,188.9576337161002
841.2333333332333,180.77358071699828
841.2666666665666,173.2780322913544
841.2999999998999,166.59625559327569
841.3333333332332,160.84329846158897
841.3666666665665,156.03548873292368
841.3999999998998,152.1338603774897
841.4333333332331,149.09883892693583
841.4666666665664,146.890849912911
841.4999999998997,145.4667793870165
841.533333333233,144.69188507028574
841.5666666665663,144.33373084936198
841.5999999998996,144.1551264674497
841.6333333332329,143.91888166775317
841.6666666665662,143.38899899915435
841.6999999998995,142.50255872139664
841.7333333332328,141.549476356085
841.7666666665662,140.86263705889996
841.7999999998995,140.77492598552206
841.8333333332328,141.61922829163188
841.8666666665661,143.59131334801793
841.8999999998994,146.32198537081732
841.9333333332327,149.29655841124637
841.966666666566,152.00034638425265
841.9999999998993,153.91866320478366
842.0333333332326,155.01132948492645
842.0666666665659,159.38819424464145
842.0999999998992,173.30446380014402
842.1333333332325,203.03333096030568
842.1666666665658,254.84798853399784
842.1999999998991,334.54292488682296
842.2333333332324,437.2906129896896
842.2666666665657,547.8527960153762
842.299999999899,650.5547751602518
842.3333333332323,729.7218516206847
842.3666666665656,769.7671162755414
842.3999999998989,764.0852629585808
842.4333333332322,722.695065127381
842.4666666665655,657.4156826681111
842.4999999998988,580.0662754669403
842.5333333332321,502.4659557721562
842.5666666665654,434.1206791111583
842.5999999998987,376.0332428902328
842.633333333232,327.2530709687043
842.6666666665653,286.8295872058972
842.6999999998986,253.81221546113608
842.7333333332319,227.2483404195829
842.7666666665652,206.16975780050453
842.7999999998985,189.601068251482
842.8333333332318,176.5668337762834
842.8666666665652,166.09161637867666
842.8999999998985,157.2278669861373
842.9333333332318,149.5372876827185
842.9666666665651,143.02669396819982
842.9999999998984,137.7178898086501
843.0333333332317,133.63267917013812
843.066666666565,130.79288772195383
843.0999999998983,129.221840860408
843.1333333332316,128.94530987157583
843.1666666665649,129.98929128729398
843.1999999998982,132.37978163939914
843.2333333332315,136.14270915879817
843.2666666665648,141.1229527498729
843.2999999998981,146.59122694238488
843.3333333332314,151.70469217588746
843.3666666665647,155.62050888993397
843.399999999898,157.49583752407773
843.4333333332313,156.65224734975882
843.4666666665646,153.47474386050231
843.4999999998979,148.77148552828942
843.5333333332312,143.35171543662162
843.5666666665645,138.0246766690003
843.5999999998978,133.56151662946596
843.6333333332311,130.1789182525488
843.6666666665644,127.67455724724884
843.6999999998977,125.835773203997
843.733333333231,124.44990571322435
843.7666666665643,123.30711851689423
843.7999999998976,122.32737919529266
843.8333333332309,121.61186472256117
843.8666666665642,121.27521741635786
843.8999999998975,121.43207959434088
843.9333333332308,122.19685987782296
843.9666666665642,123.55658456684942
843.9999999998975,125.16040317300568
844.0333333332308,126.6020748704104
844.0666666665641,127.47535883318224
844.0999999998974,127.37401423543989
844.1333333332307,126.17375913446428
844.166666666564,125.2466261978047
844.1999999998973,126.45910222313276
844.2333333332306,131.67798626049122
844.2666666665639,142.77007735992285
844.2999999998972,161.3798941121947
844.3333333332305,186.6364082521192
844.3666666665638,216.0775865709264
844.3999999998971,247.21627736979184
844.4333333332304,277.565328949891
844.4666666665637,304.65608246013767
844.499999999897,326.585995887139
844.5333333332303,342.1100420149925
844.5666666665636,350.02009452181244
844.5999999998969,349.1080270857132
844.6333333332302,338.17307780385147
844.6666666665635,317.36120710726226
844.6999999998968,289.72400350628834
844.7333333332301,258.69129395193613
844.7666666665634,227.69290539521185
844.7999999998967,200.1586647871217
844.83333333323,178.8116461521376
844.8666666665633,163.3912966244276
844.8999999998966,152.84985783176668
844.9333333332299,146.1395670716063
844.9666666665632,142.21266164139791
844.9999999998965,140.06201696238963
845.0333333332298,139.03093226297298
845.0666666665632,138.64175747842128
845.0999999998965,138.41828160249233
845.1333333332298,137.88429362894385
845.1666666665631,136.58151048706094
845.1999999998964,134.42051765764126
845.2333333332297,131.65812085138833
845.266666666563,128.56451834807535
845.2999999998963,125.4099084274754
845.3333333332296,122.46284787229143
845.3666666665629,119.86122329048304
845.3999999998962,117.5193263233978
845.4333333332295,115.32952406419254
845.4666666665628,113.18418360602428
845.4999999998961,110.97569091429138
845.5333333332294,108.66526647911836
845.5666666665627,106.437908490982
845.599999999896,104.52401130356988
845.6333333332293,103.1539692705695
845.6666666665626,102.55817674566838
845.6999999998959,102.90750214512514
845.7333333332292,103.98905314868048
845.7666666665625,105.43769365515853
845.7999999998958,106.88790411773071
845.8333333332291,107.9741649895684
845.8666666665624,108.3550010310047
845.8999999998957,108.02487724693252
845.933333333229,107.2251938863375
845.9666666665623,106.20306412410515
845.9999999998956,105.20560113512109
846.0333333332289,104.47644497208265
846.0666666665622,104.11816797623273
846.0999999998955,104.04651156595436
846.1333333332288,104.16436430372858
846.1666666665622,104.3746147520364
846.1999999998955,104.5801989671648
846.2333333332288,104.69969928241044
846.2666666665621,104.68985162005228
846.2999999998954,104.51309780354153
846.3333333332287,104.13187965632942
846.366666666562,103.50863900186718
846.3999999998953,102.64097148953596
846.4333333332286,101.69231342396384
846.4666666665619,100.87495949570533
846.4999999998952,100.40121128756834
846.5333333332285,100.48337038236072
846.5666666665618,101.29652454307916
846.5999999998951,102.66023035072288
846.6333333332284,104.19665000981978
846.6666666665617,105.52583433015984
846.699999999895,106.26783412153304
846.7333333332283,106.05924621583696
846.7666666665616,104.91642102441914
846.7999999998949,103.23501589284378
846.8333333332282,101.4271448596971
846.8666666665615,99.90492196356526
846.8999999998948,99.07789396228728
846.9333333332281,99.11900946507647
846.9666666665614,99.77695977405924
846.9999999998947,100.75627596122278
847.033333333228,101.76148909855428
847.0666666665613,102.49714794340832
847.0999999998946,102.77138283893066
847.1333333332279,102.739947284695
847.1666666665612,102.63143809052372
847.1999999998945,102.67445206623924
847.2333333332278,103.09758602166396
847.2666666665612,104.07682516497908
847.2999999998945,105.4445068001803
847.3333333332278,106.89500391383476
847.3666666665611,108.12231730415732
847.3999999998944,108.82044776936291
847.4333333332277,108.70923076741325
847.466666666561,107.86615560030556
847.4999999998943,106.6299593991732
847.5333333332276,105.34533447324318
847.5666666665609,104.35697313174244
847.5999999998942,104.00292667101444
847.6333333332275,104.36549087446558
847.6666666665608,105.19611581934645
847.6999999998941,106.22427985227556
847.7333333332274,107.17946131987132
847.7666666665607,107.79154548373629
847.799999999894,107.8971948811586
847.8333333332273,107.5822668591122
847.8666666665606,106.96810329396732
847.8999999998939,106.1760460620942
847.9333333332272,105.32743703986294
847.9666666665605,104.53275445834134
847.9999999998938,103.85451917361084
848.0333333332271,103.3420227486686
848.0666666665604,103.04455632102068
848.0999999998937,103.01141102817296
848.133333333227,103.27759992512487
848.1666666665603,103.75429021046352
848.1999999998936,104.289061910601
848.2333333332269,104.72897489407876
848.2666666665602,104.92108902943838
848.2999999998935,104.72139995950776
848.3333333332268,104.16072605171588
848.3666666665601,103.42918341933196
848.3999999998935,102.72271053366887
848.4333333332268,102.2372458660396
848.4666666665601,102.16669781681672
848.4999999998934,102.57158331122892
848.5333333332267,103.29870939858002
848.56666666656,104.17566210247465
848.5999999998933,105.03002744651744
848.6333333332266,105.6894418048354
848.6666666665599,106.03704436140823
848.6999999998932,106.1175363625986
848.7333333332265,106.00485397288196
848.7666666665598,105.77293335673392
848.7999999998931,105.49571067863002
848.8333333332264,105.23792377716497
848.8666666665597,105.01361255227276
848.899999999893,104.8194443833875
848.9333333332263,104.65207123625464
848.9666666665596,104.50814507661975
848.9999999998929,104.3874450816282
849.0333333332262,104.32423204943498
849.0666666665595,104.37415509313622
849.0999999998928,104.59318316358204
849.1333333332261,105.03728521162267
849.1666666665594,105.75881609894746
849.1999999998927,106.71382785425556
849.233333333226,107.75412388444887
849.2666666665593,108.72630121762516
849.2999999998926,109.4769568818822
849.3333333332259,109.85413676713766
849.3666666665592,109.86711704528446
849.3999999998925,109.83100508913368
849.4333333332258,110.09504824201107
849.4666666665591,111.0084938472424
849.4999999998925,112.92057139047716
849.5333333332258,115.99827244957574
849.5666666665591,119.77778440715888
849.5999999998924,123.65890284596422
849.6333333332257,127.04142334872944
849.666666666559,129.32514149819224
849.6999999998923,130.02109520821512
849.7333333332256,129.36733100294512
849.7666666665589,127.89391259227672
849.7999999998922,126.13169369318648
849.8333333332255,124.61152802265102
849.8666666665588,123.82880152321933
849.8999999998921,123.80640130433024
849.9333333332254,124.23112812443392
849.9666666665587,124.78259389768247
849.999999999892,125.14041053822804
850.0333333332253,124.99046123627473
850.0666666665586,124.23364813765352
850.0999999998919,123.03459721526872
850.1333333332252,121.57407416647663
850.1666666665585,120.03284468863356
850.1999999998918,118.59137875392952
850.2333333332251,117.3776602109434
850.2666666665584,116.40722458263696
850.2999999998917,115.68108866262672
850.333333333225,115.20026924452914
850.3666666665583,114.9657831189264
850.3999999998916,114.97232643763157
850.4333333332249,115.18990430141476
850.4666666665582,115.58249348062893
850.4999999998915,116.11407074562698
850.5333333332248,116.7486128667618
850.5666666665581,117.45453282903988
850.5999999998915,118.23282021746095
850.6333333332248,119.09898385273154
850.6666666665581,120.0685993099254
850.6999999998914,121.15724216411624
850.7333333332247,122.375236272793
850.766666666558,123.6533328291038
850.7999999998913,124.86051678475388
850.8333333332246,125.86415444777904
850.8666666665579,126.53161212621497
850.8999999998912,126.73713671730762
850.9333333332245,126.6348466645764
850.9666666665578,126.74975738302558
850.9999999998911,127.6324236905363
851.0333333332244,129.8334004049895
851.0666666665577,133.9015991868644
851.099999999891,139.9818648653508
851.1333333332243,147.28848331297957
851.1666666665576,154.90520368293582
851.1999999998909,161.91577512840468
851.2333333332242,167.40394680257114
851.2666666665575,170.6633903316773
851.2999999998908,171.864123214313
851.3333333332241,171.40480994330034
851.3666666665574,169.68411564441672
851.3999999998907,167.10070544343938
851.433333333224,164.02837280526578
851.4666666665573,160.64705258581338
851.4999999998906,157.0457006827084
851.5333333332239,153.31274851192902
851.5666666665572,149.5366274894535
851.5999999998905,145.8329013049101
851.6333333332238,142.7534687624584
851.6666666665571,141.20235595401195
851.6999999998905,142.0936365850875
851.7333333332238,146.34138436120182
851.7666666665571,154.84737910888197
851.7999999998904,167.97802399064523
851.8333333332237,185.3690566974331
851.866666666557,206.6036753187929
851.8999999998903,231.2650779442721
851.9333333332236,258.9334282562384
851.9666666665569,288.3609591773383
851.9999999998902,316.3525317413904
852.0333333332235,339.43326028137085
852.0666666665568,354.12825913025614
852.0999999998901,356.9626426210226
852.1333333332234,345.6975683129449
852.1666666665567,323.31359435140854
852.19999999989,294.16872344331614
852.2333333332233,262.62096597813286
852.2666666665566,233.02833234532395
852.2999999998899,209.30211566196408
852.3333333332232,191.8700741021317
852.3666666665565,179.52445465582952
852.3999999998898,171.0480596673488
852.4333333332231,165.22369148098107
852.4666666665564,160.86636054365974
852.4999999998897,157.30169496376462
852.533333333223,154.26360724152445
852.5666666665563,151.4974298545641
852.5999999998896,148.74849528050865
852.6333333332229,145.76827574141643
852.6666666665562,142.56404201675886
852.6999999998895,139.48561181102747
852.7333333332228,136.90675735901823
852.7666666665561,135.20125089552727
852.7999999998895,134.74170288014352
852.8333333332228,135.62772946694463
852.8666666665561,137.33619596305135
852.8999999998894,139.25754615042862
852.9333333332227,140.78222381104132
852.966666666556,141.3006727268545
852.9999999998893,140.4038688645149
853.0333333332226,138.49345091525166
853.0666666665559,136.1758793974887
853.0999999998892,134.05761483854653
853.1333333332225,132.74511776574587
853.1666666665558,132.74219368737076
853.1999999998891,133.79780102923496
853.2333333332224,135.3240693991326
853.2666666665557,136.73157138474684
853.299999999889,137.43087957376076
853.3333333332223,136.87974933363034
853.3666666665556,135.22158630511348
853.3999999998889,133.1173959454519
853.4333333332222,131.2409212828592
853.4666666665555,130.26590534554907
853.4999999998888,130.84765950471126
853.5333333332221,132.980856219389
853.5666666665554,135.83297760096227
853.5999999998887,138.51923511039308
853.633333333222,140.15484020864352
853.6666666665553,139.86024476322683
853.6999999998886,137.6156464960185
853.7333333332219,135.20869401036566
853.7666666665552,134.65530296486355
853.7999999998885,137.97138901810737
853.8333333332218,147.1728479460553
853.8666666665551,163.41868274475937
853.8999999998885,184.72902846278248
853.9333333332218,208.40549321097868
853.966666666555,231.749685100202
853.9999999998884,252.06321224130647
854.0333333332217,266.9390727978309
854.066666666555,275.87839496498106
854.0999999998883,279.15013142625907
854.1333333332216,277.02533349541005
854.1666666665549,269.7750524861789
854.1999999998882,257.7409953585312
854.2333333332215,242.14559675127737
854.2666666665548,224.80901911014877
854.2999999998881,207.56280118218876
854.3333333332214,192.23848171444092
854.3666666665547,180.6220902528091
854.399999999888,173.21294156264352
854.4333333332213,169.0742305324674
854.4666666665546,167.19364874667815
854.4999999998879,166.55888778967326
854.5333333332212,166.1615900434443
854.5666666665545,165.39273455797257
854.5999999998878,164.37977661663987
854.6333333332211,163.32957552360747
854.6666666665544,162.44899058303662
854.6999999998877,161.94487202873606
854.733333333221,162.00226667274356
854.7666666665543,162.73764105131698
854.7999999998876,164.25401236143688
854.8333333332209,166.65439780008404
854.8666666665542,170.04181456423913
854.8999999998875,174.4756915008605
854.9333333332208,179.7746634324247
854.9666666665541,185.67467260354675
854.9999999998875,191.9115864750864
855.0333333332208,198.2212725079032
855.066666666554,204.4144989473612
855.0999999998874,211.0585300878749
855.1333333332207,219.1594148398601
855.166666666554,229.72858909600464
855.1999999998873,243.77748874899652
855.2333333332206,262.23326829070834
855.2666666665539,284.2569197562517
855.2999999998872,307.3340065936536
855.3333333332205,328.8839734486498
855.3666666665538,346.32626496697634
855.3999999998871,357.1779736286571
855.4333333332204,364.7501750889968
855.4666666665537,381.297506345342
855.499999999887,419.8396216863201
855.5333333332203,493.3961754005586
855.5666666665536,614.9720221807673
855.5999999998869,790.9956045353221
855.6333333332202,1011.0029214314632
855.6666666665535,1261.8552982977649
855.6999999998868,1530.4140605628015
855.7333333332201,1803.540533655147
855.7666666665534,2066.1575126733987
855.7999999998867,2294.61158774096
855.83333333322,2462.87844511544
855.8666666665533,2544.9336898278807
855.8999999998866,2514.752926909325
855.9333333332199,2352.0238907559774
855.9666666665532,2080.988150073849
855.9999999998865,1746.8093020228944
856.0333333332198,1394.7718623330825
856.0666666665531,1070.1603467343805
856.0999999998864,815.9782624996444
856.1333333332198,641.2238051991152
856.166666666553,528.781767901726
856.1999999998864,460.8688999487948
856.2333333332197,419.70195068164026
856.266666666553,387.7401672114119
856.2999999998863,355.8785133309889
856.3333333332196,325.4289087042597
856.3666666665529,298.3475548789052
856.3999999998862,276.5906534026061
856.4333333332195,262.1070368277143
856.4666666665528,255.8418203099629
856.4999999998861,256.7273626497946
856.5333333332194,263.4556705121423
856.5666666665527,274.7187505619391
856.599999999886,289.2085984293284
856.6333333332193,305.5509398146297
856.6666666665526,322.14875488542094
856.6999999998859,337.35827538179376
856.7333333332192,349.53573304383985
856.7666666665525,357.0373596116511
856.7999999998858,358.53987079321786
856.8333333332191,354.5698931321253
856.8666666665524,346.3163613786231
856.8999999998857,334.9690516694339
856.933333333219,321.71774014127993
856.9666666665523,307.7029823543716
856.9999999998856,293.5573347127141
857.0333333332189,279.61372285538465
857.0666666665522,266.2012021224982
857.0999999998855,253.64882785416967
857.1333333332188,242.2761505640665
857.1666666665521,232.20524506459213
857.1999999998854,223.3717841098237
857.2333333332188,215.7041526684473
857.266666666552,209.13073570914932
857.2999999998854,203.578640564336
857.3333333332187,198.90433247309167
857.366666666552,194.85810732805197
857.3999999998853,191.18150613134745
857.4333333332186,187.6160698851088
857.4666666665519,183.9037426990485
857.4999999998852,179.91945496158968
857.5333333332185,175.8625094954039
857.5666666665518,171.98073324261222
857.5999999998851,168.5219531453356
857.6333333332184,165.73399614569504
857.6666666665517,163.83125601741256
857.699999999885,162.8914234431612
857.7333333332183,162.9572543082345
857.7666666665516,164.07150448450614
857.7999999998849,166.27692984384964
857.8333333332182,169.61995949294456
857.8666666665515,174.17268076101465
857.8999999998848,180.01812310770964
857.9333333332181,187.23935671694517
857.9666666665514,195.91945177263685
857.9999999998847,206.0783649236286
858.033333333218,216.9367937632596
858.0666666665513,227.16684229441847
858.0999999998846,235.42987045347743
858.1333333332179,240.3872381768085
858.1666666665512,240.7462274974383
858.1999999998845,236.43615119128813
858.2333333332178,228.7082583454668
858.2666666665511,218.8797399459553
858.2999999998844,208.2677869787349
858.3333333332178,198.1831848458002
858.366666666551,189.42927882650335
858.3999999998844,181.94250380623637
858.4333333332177,175.5744656949879
858.466666666551,170.1767704027467
858.4999999998843,165.6010424666596
858.5333333332176,161.71239634047916
858.5666666665509,158.4132103526484
858.5999999998842,155.6122430110119
858.6333333332175,153.21825282341436
858.6666666665508,151.1399982977003
858.6999999998841,149.2942367829756
858.7333333332174,147.634490103143
858.7666666665507,146.1248360081747
858.799999999884,144.72935316057257
858.8333333332173,143.4121202228384
858.8666666665506,142.15167397760482
858.8999999998839,141.03937272527796
858.9333333332172,140.21957478569195
858.9666666665505,139.8369452796683
858.9999999998838,140.03614932802853
859.0333333332171,140.94808527174138
859.0666666665504,142.50816779555808
859.0999999998837,144.50652745948076
859.133333333217,146.72984598689635
859.1666666665503,148.96480510119173
859.1999999998836,151.0003969677241
859.2333333332169,152.69575353979886
859.2666666665502,153.99113487106524
859.2999999998835,154.83132372237264
859.3333333332168,155.16110285457054
859.3666666665501,154.9260932686233
859.3999999998834,154.15145607175526
859.4333333332168,153.00626917383573
859.46666666655,151.6747610769845
859.4999999998834,150.3411602833215
859.5333333332167,149.18961625858594
859.56666666655,148.31989856338348
859.5999999998833,147.58706360343209
859.6333333332166,146.8020579741894
859.6666666665499,145.77582827111303
859.6999999998832,144.31932108966055
859.7333333332165,142.31100389970405
859.7666666665498,139.95141342562766
859.7999999998831,137.53700847600103
859.8333333332164,135.36426411189328
859.8666666665497,133.7296553943735
859.899999999883,132.88807376047697
859.9333333332163,132.7614955898585
859.9666666665496,133.1120486075775
859.9999999998829,133.70084840289883
860.0333333332162,134.28901056508732
860.0666666665495,134.64883469031585
860.0999999998828,134.71356072023502
860.1333333332161,134.53712430190228
860.1666666665494,134.17638664763803
860.1999999998827,133.68820896976254
860.233333333216,133.12953235564598
860.2666666665493,132.55970967109658
860.2999999998826,132.04087595875492
860.3333333332159,131.63532069031896
860.3666666665492,131.40533333748658
860.3999999998825,131.4127526824358
860.4333333332158,131.6786563116588
860.4666666665491,132.15145728196936
860.4999999998824,132.7720608250483
860.5333333332158,133.48137217257644
860.566666666549,134.22028174182233
860.5999999998824,134.9172007258201
860.6333333332157,135.46537795386297
860.666666666549,135.75191391679755
860.6999999998823,135.66390910547037
860.7333333332156,135.088464010728
860.7666666665489,133.96481669020625
860.7999999998822,132.47036663023292
860.8333333332155,130.85047828159844
860.8666666665488,129.35052125340425
860.8999999998821,128.21586515475164
860.9333333332154,127.6653646198708
860.9666666665487,127.7181659391594
860.999999999882,128.30241836135784
861.0333333332153,129.3458090524977
861.0666666665486,130.7760251786108
861.0999999998819,132.51690080868556
861.1333333332152,134.4415621334835
861.1666666665485,136.3873732430138
861.1999999998818,138.19094901403062
861.2333333332151,139.68890432328794
861.2666666665484,140.7244243425636
861.2999999998817,141.31286034623795
861.333333333215,141.65430534759355
861.3666666665483,141.95794170150856
861.3999999998816,142.43295176286105
861.4333333332149,143.2858168956209
861.4666666665482,144.53520643532562
861.4999999998815,145.8928202875972
861.5333333332148,147.04200747468985
861.5666666665481,147.66611701885756
861.5999999998814,147.44899633181743
861.6333333332148,146.27935172774426
861.666666666548,144.56532671186662
861.6999999998814,142.79615650275986
861.7333333332147,141.4610763189993
861.766666666548,141.04932137916015
861.7999999998813,141.8850305164203
861.8333333332146,143.62568028660186
861.8666666665479,145.76049760649877
861.8999999998812,147.77870938767958
861.9333333332145,149.1695425417128
861.9666666665478,149.50902982883306
861.9999999998811,148.93901023163122
862.0333333332144,147.82804273286004
862.0666666665477,146.54529130695786
862.099999999881,145.45991992836312
862.1333333332143,144.91201061217456
862.1666666665476,144.92300310703516
862.1999999998809,145.31762908318998
862.2333333332142,145.91771806720084
862.2666666665475,146.5450995856294
862.2999999998808,147.02632903126056
862.3333333332141,147.2838543974118
862.3666666665474,147.3294009832896
862.3999999998807,147.178094775809
862.433333333214,146.84506176188523
862.4666666665473,146.34822799371025
862.4999999998806,145.83446766583134
862.5333333332139,145.63081555356473
862.5666666665472,146.07770946270008
862.5999999998805,147.5155871990273
862.6333333332138,150.2831158742809
862.6666666665471,154.41771442816614
862.6999999998804,159.317880826598
862.7333333332137,164.30058523220083
862.766666666547,168.6827978075988
862.7999999998804,171.78153353155815
862.8333333332137,173.11394139530893
862.866666666547,172.85715101120562
862.8999999998803,171.32414254400007
862.9333333332136,168.82789615844416
862.9666666665469,165.68139201928977
862.9999999998802,162.18682842092832
863.0333333332135,158.59015647944375
863.0666666665468,155.11904496076372
863.0999999998801,152.00115289481354
863.1333333332134,149.46413931151832
863.1666666665467,147.7105495766959
863.19999999988,146.73137657524452
863.2333333332133,146.41159562910366
863.2666666665466,146.63538909242976
863.2999999998799,147.2869393193793
863.3333333332132,148.25154384348014
863.3666666665465,149.43063386795444
863.3999999998798,150.73778357440645
863.4333333332131,152.08686392855404
863.4666666665464,153.391745896115
863.4999999998797,154.5658513520495
863.533333333213,155.50991187363817
863.5666666665463,156.11049930035955
863.5999999998796,156.2534413865233
863.6333333332129,155.82456588643902
863.6666666665462,154.71204917882426
863.6999999998795,152.97424743108067
863.7333333332128,150.9516578471991
863.7666666665461,149.0113285570222
863.7999999998794,147.52030769039263
863.8333333332127,146.84514378626326
863.866666666546,147.16145584050074
863.8999999998794,148.16674339690408
863.9333333332127,149.48487697981273
863.966666666546,150.7397271135661
863.9999999998793,151.55516446404224
864.0333333332126,151.6686683478054
864.0666666665459,151.2575650816051
864.0999999998792,150.6056121643672
864.1333333332125,149.99656709501758
864.1666666665458,149.71418737248223
864.1999999998791,149.9882064750515
864.2333333332124,150.72128453431552
864.2666666665457,151.6936313112945
864.299999999879,152.68524217595186
864.3333333332123,153.47611249825118
864.3666666665456,153.86142653128937
864.3999999998789,153.78444862370884
864.4333333332122,153.27198778021622
864.4666666665455,152.35179383669714
864.4999999998788,151.05161662903691
864.5333333332121,149.41046125745166
864.5666666665454,147.65716570824915
864.5999999998787,146.17849591535733
864.633333333212,145.36602428705518
864.6666666665453,145.61132323162184
864.6999999998786,147.28862351426037
864.7333333332119,150.18819484786837
864.7666666665452,153.39012923734057
864.7999999998785,155.93163032162067
864.8333333332118,156.8499017396523
864.8666666665451,155.19544903573032
864.8999999998784,151.23071710982177
864.9333333332117,147.38363024063082
864.966666666545,146.30650425604856
864.9999999998784,150.65165498396587
865.0333333332117,163.06853199917836
865.066666666545,184.5700118203046
865.0999999998783,211.79776976286007
865.1333333332116,240.67150736005232
865.1666666665449,267.11092614508897
865.1999999998782,287.0357276511777
865.2333333332115,297.2970595092218
865.2666666665448,298.54397367069254
865.2999999998781,292.39337578669887
865.3333333332114,280.4621717561598
865.3666666665447,264.36726747799446
865.399999999878,245.72586053558996
865.4333333332113,226.15698178624947
865.4666666665446,207.2803726227239
865.4999999998779,190.71577599350152
865.5333333332112,178.0829348470709
865.5666666665445,170.80540977236888
865.5999999998778,168.3484850640016
865.6333333332111,169.05196617610395
865.6666666665444,171.2422259093465
865.6999999998777,173.24563706439963
865.733333333211,173.48914973134586
865.7666666665443,172.10746200241672
865.7999999998776,170.66202150126014
865.8333333332109,170.75808344678234
865.8666666665442,174.0009030578896
865.8999999998775,181.94122699180016
865.9333333332108,194.33043138118484
865.9666666665441,208.7521906316434
865.9999999998774,222.66120252355796
866.0333333332107,233.5121648373108
866.066666666544,238.77737364250208
866.0999999998774,237.4157128833514
866.1333333332107,230.97946164983136
866.166666666544,221.2815830441866
866.1999999998773,210.13504016866148
866.2333333332106,199.3516909048701
866.2666666665439,190.256179892626
866.2999999998772,182.9233128465528
866.3333333332105,177.2302833677671
866.3666666665438,173.05428505738527
866.3999999998771,170.2725115701089
866.4333333332104,168.7882012643531
866.4666666665437,168.60482265096107
866.499999999877,169.749951754326
866.5333333332103,172.25116459884106
866.5666666665436,176.13603720889947
866.5999999998769,181.31529800241543
866.6333333332102,187.01893185125877
866.6666666665435,192.2310689499693
866.6999999998768,195.93550591906225
866.7333333332101,197.1160393790522
866.7666666665434,194.9074953779398
866.7999999998767,189.8067823934222
866.83333333321,183.03282337386796
866.8666666665433,175.81115409380533
866.8999999998766,169.36731032776265
866.9333333332099,164.86064701966518
866.9666666665432,162.47489511521997
866.9999999998765,161.6501648061334
867.0333333332098,161.80786129782877
867.0666666665431,162.36938979572923
867.0999999998764,162.76945079741077
867.1333333332097,162.7983015147254
867.166666666543,162.6318194056139
867.1999999998764,162.46520234729735
867.2333333332097,162.49364821699706
867.266666666543,162.91026407255842
867.2999999998763,163.7839916601421
867.3333333332096,164.9920510995017
867.3666666665429,166.3952558883208
867.3999999998762,167.8544195242829
867.4333333332095,169.23067994065042
867.4666666665428,170.45275800785646
867.4999999998761,171.59957722013274
867.5333333332094,172.77029429422015
867.5666666665427,174.06406594685967
867.599999999876,175.5800748628691
867.6333333332093,177.51495094214252
867.6666666665426,180.382776723176
867.6999999998759,184.7621704315628
867.7333333332092,191.2317502928965
867.7666666665425,200.37013453277035
867.7999999998758,212.4087249238276
867.8333333332091,225.8997080534159
867.8666666665424,238.88831626031237
867.8999999998757,249.41967562449324
867.933333333209,255.5389122259349
867.9666666665423,255.65174291112
867.9999999998756,250.78039773396915
868.0333333332089,243.1011311537956
868.0666666665422,234.7952521041471
868.0999999998755,228.04406951857132
868.1333333332088,224.83791740047084
868.1666666665421,225.01549392978944
868.1999999998754,227.05917039222567
868.2333333332087,229.43010038756844
868.266666666542,230.58943751560625
868.2999999998754,229.06828065204985
868.3333333332087,224.70749537962607
868.366666666542,218.5104348865227
868.3999999998753,211.52081036350395
868.4333333332086,204.78233300133405
868.4666666665419,199.32149965111716
868.4999999998752,195.55755504880364
868.5333333332085,193.1549821313275
868.5666666665418,191.7311095409981
868.5999999998751,190.9032659201248
868.6333333332084,190.290006946382
868.6666666665417,189.61414882469305
868.699999999875,188.780735489348
868.7333333332083,187.71317215934005
868.7666666665416,186.33486405366236
868.7999999998749,184.56947169530807
868.8333333332082,182.4349572834905
868.8666666665415,180.18402728184844
868.8999999998748,178.10530220569515
868.9333333332081,176.48740257034362
868.9666666665414,175.61894470026388
868.9999999998747,175.6767496878956
869.033333333208,176.434521186472
869.0666666665413,177.5751330882572
869.0999999998746,178.78145928551515
869.1333333332079,179.73637367051015
869.1666666665412,180.1823598588672
869.1999999998745,180.1758538402624
869.2333333332078,179.87628144788468
869.2666666665411,179.4431289116382
869.2999999998744,179.0358824614274
869.3333333332077,178.7936812955255
869.366666666541,178.6970995669354
869.3999999998744,178.65230679462942
869.4333333332077,178.5650438265837
869.466666666541,178.34105151077446
869.4999999998743,177.89918219207655
869.5333333332076,177.31492297928244
869.5666666665409,176.76685311706754
869.5999999998742,176.43536395342522
869.6333333332075,176.50084683634907
869.6666666665408,177.12977290690978
869.6999999998741,178.216156659309
869.7333333332074,179.40568799463065
869.7666666665407,180.33497603501675
869.799999999874,180.64062990260956
869.8333333332073,179.97224045266245
869.8666666665406,178.44831915668618
869.8999999998739,176.77661416683912
869.9333333332072,175.70231275323192
869.9666666665405,175.97060218597545
869.9999999998738,178.31978772274292
870.0333333332071,182.912348634339
870.0666666665404,188.90930240813236
870.0999999998737,195.3713961385114
870.133333333207,201.35937691986493
870.1666666665403,205.93522914040872
870.1999999998736,208.56488845991072
870.2333333332069,209.69769009045675
870.2666666665402,209.92976627011532
870.2999999998735,209.8572492369552
870.3333333332068,210.07625879266416
870.3666666665401,211.05694125098432
870.3999999998734,212.8335573956787
870.4333333332067,215.3461569796641
870.46666666654,218.5347897558572
870.4999999998734,222.33950547717487
870.5333333332067,226.70356955631613
870.56666666654,231.58619481420368
870.5999999998733,236.95152858082304
870.6333333332066,242.76371965097016
870.6666666665399,248.9869168194406
870.6999999998732,255.6159980062837
870.7333333332065,262.8662111274354
870.7666666665398,271.0489984520521
870.7999999998731,280.47620344548807
870.8333333332064,291.45966957309764
870.8666666665397,304.209211880002
870.899999999873,317.847548776655
870.9333333332063,330.8403547873864
870.9666666665396,341.6441827044204
870.9999999998729,348.7155853199807
871.0333333332062,350.60111886936573
871.0666666665395,347.3470406238086
871.0999999998728,340.2376949731818
871.1333333332061,330.59450348427936
871.1666666665394,319.73888772389523
871.1999999998727,308.9677758588547
871.233333333206,298.880457189286
871.2666666665393,289.294654934136
871.2999999998726,279.98674553808115
871.3333333332059,270.73310544579806
871.3666666665392,261.3149066551437
871.3999999998725,251.78706233543076
871.4333333332058,242.6209288423503
871.4666666665391,234.32278293378943
871.4999999998724,227.398901367635
871.5333333332057,222.35321008915167
871.566666666539,219.3194358082324
871.5999999998724,217.6608473927241
871.6333333332057,216.64455885588544
871.666666666539,215.5376842109751
871.6999999998723,213.60760511699783
871.7333333332056,210.3935673707299
871.7666666665389,206.218665455197
871.7999999998722,201.54641894800835
871.8333333332055,196.84034742677312
871.8666666665388,192.56397046910047
871.8999999998721,189.0828910945083
871.9333333332054,186.3668202234213
871.9666666665387,184.28542791108424
871.999999999872,182.7083842082111
872.0333333332053,181.50535916551613
872.0666666665386,180.5483031336328
872.0999999998719,179.72214742641486
872.1333333332052,178.91641025888296
872.1666666665385,178.0206151065296
872.1999999998718,176.92428544484707
872.2333333332051,175.53365077218726
872.2666666665384,173.8906304453643
872.2999999998717,172.10309542609346
872.333333333205,170.2793551129108
872.3666666665383,168.5277189043525
872.3999999998716,166.94985471034033
872.4333333332049,165.56811518505535
872.4666666665382,164.35266279691325
872.4999999998715,163.2727432267251
872.5333333332048,162.29760215530214
872.5666666665381,161.40185554110752
872.5999999998714,160.6595184579701
872.6333333332047,160.23220758116548
872.666666666538,160.28453854761187
872.6999999998714,160.98112699422762
872.7333333332047,162.478627079936
872.766666666538,164.68416686650292
872.7999999998713,167.21170101473493
872.8333333332046,169.65842207548593
872.8666666665379,171.62152259960993
872.8999999998712,172.70302716667106
872.9333333332045,172.80435142505266
872.9666666665378,172.2964955331696
872.9999999998711,171.59150713526114
873.0333333332044,171.10143387556633
873.0666666665377,171.2373149584616
873.099999999871,172.24279270475725
873.1333333332043,174.0085822648889
873.1666666665376,176.38067715987475
873.1999999998709,179.20507091073307
873.2333333332042,182.32787028908916
873.2666666665375,185.70446466629613
873.2999999998708,189.6034020975964
873.3333333332041,194.3489712409605
873.3666666665374,200.26546075435928
873.3999999998707,207.6771592691684
873.433333333204,216.7272868832626
873.4666666665373,226.84622293964983
873.4999999998706,237.2889499578294
873.5333333332039,247.3104504573004
873.5666666665372,256.1657069575622
873.5999999998705,263.1908851839589
873.6333333332038,268.1626695727384
873.6666666665371,271.006457748371
873.6999999998704,271.6477626658664
873.7333333332037,270.0120972802344
873.766666666537,266.08634872189515
873.7999999998704,260.3208263704267
873.8333333332037,253.3774561679792
873.866666666537,245.9192489477684
873.8999999998703,238.60921554301007
873.9333333332036,232.0659454710179
873.9666666665369,226.43047756614877
873.9999999998702,221.5532495574236
874.0333333332035,217.28058450690912
874.0666666665368,213.45880547667187
874.0999999998701,209.9337367312272
874.1333333332034,206.5432573099736
874.1666666665367,203.11887385882463
874.19999999987,199.4919135988441
874.2333333332033,195.49370375109564
874.2666666665366,190.96688353788824
874.2999999998699,186.0389769681244
874.3333333332032,181.1368360744766
874.3666666665365,176.70151575325403
874.3999999998698,173.17407090076577
874.4333333332031,170.98661038521553
874.4666666665364,170.17474476815846
874.4999999998697,170.22891440312608
874.533333333203,170.59993090043167
874.5666666665363,170.73860587038857
874.5999999998696,170.0993263977509
874.6333333332029,168.47363597698285
874.6666666665362,166.26194528692173
874.6999999998695,163.92860799220904
874.7333333332028,161.9379777574863
874.7666666665361,160.7537578434494
874.7999999998694,160.64691602940394
874.8333333332027,161.42771072133627
874.866666666536,162.8390113636585
874.8999999998694,164.62368740078293
874.9333333332027,166.5246138706312
874.966666666536,168.3009862242563
874.9999999998693,169.76416073319402
875.0333333332026,170.7358922424722
875.0666666665359,171.03793559711863
875.0999999998692,170.492045642161
875.1333333332025,168.9967575294966
875.1666666665358,166.78102180148474
875.1999999998691,164.16265139932986
875.2333333332024,161.45946045950546
875.2666666665357,158.98926311848524
875.299999999869,157.01899399038214
875.3333333332023,155.5201320477679
875.3666666665356,154.3577772181201
875.3999999998689,153.3968883689429
875.4333333332022,152.50242436774053
875.4666666665355,151.5582708122663
875.4999999998688,150.59814242181326
875.5333333332021,149.72700842624437
875.5666666665354,149.05027201499163
875.5999999998687,148.67333637748715
875.633333333202,148.68690832257815
875.6666666665353,149.01970258364574
875.6999999998686,149.49997876182718
875.7333333332019,149.9544953451949
875.7666666665352,150.2100108218212
875.7999999998685,150.10379373468422
875.8333333332018,149.64017539021089
875.8666666665351,148.9572970328839
875.8999999998684,148.1970565280414
875.9333333332017,147.5013517410217
875.966666666535,147.00648580625904
875.9999999998684,146.7132553538819
876.0333333332017,146.48304517545014
876.066666666535,146.17086406709825
876.0999999998683,145.6317208249606
876.1333333332016,144.72356312306292
876.1666666665349,143.4226948200585
876.1999999998682,141.86158790702288
876.2333333332015,140.18339831618886
876.2666666665348,138.5312819797891
876.2999999998681,137.04788679116018
876.3333333332014,135.8364853987061
876.3666666665347,134.9335681582757
876.399999999868,134.3691516995179
876.4333333332013,134.17325265208152
876.4666666665346,134.37568576816508
876.4999999998679,134.96669285436283
876.5333333332012,135.84975683165104
876.5666666665345,136.91685563286396
876.5999999998678,138.05996719083595
876.6333333332011,139.1710747509313
876.6666666665344,140.1471580541533
876.6999999998677,140.8994701586939
876.733333333201,141.34179636938168
876.7666666665343,141.38792199104518
876.7999999998676,140.95163267431337
876.8333333332009,139.9839349575992
876.8666666665342,138.57543504534814
876.8999999998675,136.84946111817365
876.9333333332008,134.92934135668906
876.9666666665341,132.93840394150772
876.9999999998674,131.00658184739598
877.0333333332007,129.2963989217708
877.066666666534,127.98041395794414
877.0999999998674,127.23118853782522
877.1333333332007,127.221284243323
877.166666666534,128.07121273114475
877.1999999998673,129.56232087586048
877.2333333332006,131.3400878297089
877.2666666665339,133.04963074391603
877.2999999998672,134.33606676970803
877.3333333332005,134.88221642250775
877.3666666665338,134.69909194413995
877.3999999998671,133.9667033125457
877.4333333332004,132.8664575963641
877.4666666665337,131.57976186423448
877.499999999867,130.28317609419628
877.5333333332003,129.09573451344562
877.5666666665336,128.09879067665022
877.5999999998669,127.3730441415453
877.6333333332002,126.99919446586584
877.6666666665335,127.05079715317773
877.6999999998668,127.48206477549697
877.7333333332001,128.14852607253837
877.7666666665334,128.9027444033068
877.7999999998667,129.5972831268071
877.8333333332,130.0878077236578
877.8666666665333,130.30651703446983
877.8999999998666,130.26513943049778
877.9333333331999,129.9791049157725
877.9666666665332,129.4638434943247
877.9999999998665,128.73676985515533
878.0333333331998,127.89311140141436
878.0666666665331,127.12955937356745
878.0999999998664,126.64962461129576
878.1333333331997,126.65681795428056
878.166666666533,127.3520032204498
878.1999999998663,128.75067449088607
878.2333333331997,130.56459885525865
878.266666666533,132.47740035801766
878.2999999998663,134.1727030436133
878.3333333331996,135.3352452787799
878.3666666665329,135.82051785926728
878.3999999998662,135.83696413327746
878.4333333331995,135.6367233434669
878.4666666665328,135.47193473249206
878.4999999998661,135.59455924356928
878.5333333331994,136.16616582989138
878.5666666665327,137.11120836349866
878.599999999866,138.3157315847648
878.6333333331993,139.6657802340635
878.6666666665326,141.04739897907012
878.6999999998659,142.34621806002502
878.7333333331992,143.44647920816772
878.7666666665325,144.2321336910166
878.7999999998658,144.5871327760901
878.8333333331991,144.39542773090656
878.8666666665324,143.6197207961619
878.8999999998657,142.56087825957005
878.933333333199,141.61051691165255
878.9666666665323,141.1602546608926
878.9999999998656,141.60170941577337
879.0333333331989,143.234095694606
879.0666666665322,145.84789259782977
879.0999999998655,149.05943514539624
879.1333333331988,152.4849052686501
879.1666666665321,155.74048489893616
879.1999999998654,158.47947094474057
879.2333333331987,160.618476513602
879.266666666532,162.1879677196273
879.2999999998653,163.21886424758569
879.3333333331987,163.74208578224645
879.366666666532,163.80978144859023
879.3999999998653,163.6703139039024
879.4333333331986,163.6781376809981
879.4666666665319,164.18874700806904
879.4999999998652,165.5576361133069
879.5333333331985,168.12600147958062
879.5666666665318,172.05981927561078
879.5999999998651,177.40759001121344
879.6333333331984,184.2156472464969
879.6666666665317,192.5303245415696
879.699999999865,202.34588799861615
879.7333333331983,212.7881062394264
879.7666666665316,222.26527545898003
879.7999999998649,229.16417535793784
879.8333333331982,231.87158563696065
879.8666666665315,228.8462977151132
879.8999999998648,220.24497744253213
879.9333333331981,207.94560572431087
879.9666666665314,193.9028635850225
879.9999999998647,180.07143204923997
880.033333333198,168.3741290181873
880.0666666665313,159.6118330803468
880.0999999998646,153.1921376665321
880.1333333331979,148.43570449033638
880.1666666665312,144.66319526535253
880.1999999998645,141.2019566465385
880.2333333331978,137.76108020061537
880.2666666665311,134.63049532915804
880.2999999998644,132.1488471358066
880.3333333331977,130.65478072420126
880.366666666531,130.48407336306897
880.3999999998643,131.66973970133094
880.4333333331977,133.67919588058786
880.466666666531,135.91789666656382
880.4999999998643,137.79129682498288
880.5333333331976,138.7058675637537
880.5666666665309,138.31757759252164
880.5999999998642,136.85676724866417
880.6333333331975,134.63431402952278
880.6666666665308,131.96109543243907
880.6999999998641,129.1479348265485
880.7333333331974,126.45569857466523
880.7666666665307,124.00287199783688
880.799999999864,121.88274187626496
880.8333333331973,120.18859499015105
880.8666666665306,119.0137146490611
880.8999999998639,118.39241840855632
880.9333333331972,118.15008124617364
880.9666666665305,118.06581986640887
880.9999999998638,117.91875097375788
881.0333333331971,117.48799127271636
881.0666666665304,116.62319002409096
881.0999999998637,115.48511524529935
881.133333333197,114.32029124736128
881.1666666665303,113.37524503578987
881.1999999998636,112.89650361609836
881.2333333331969,113.05911575155751
881.2666666665302,113.64572266341663
881.2999999998635,114.30500741194872
881.3333333331968,114.6855381064238
881.3666666665301,114.43588285611207
881.3999999998634,113.28352280442704
881.4333333331967,111.49691363170204
881.46666666653,109.57138112396022
881.4999999998633,108.00302647056527
881.5333333331967,107.28795086088093
881.56666666653,107.84994105177114
881.5999999998633,109.48928125791622
881.6333333331966,111.68770241593607
881.6666666665299,113.9243760308542
881.6999999998632,115.67847360769412
881.7333333331965,116.47404508913482
881.7666666665298,116.32741719869708
881.7999999998631,115.55907430228476
881.8333333331964,114.49399904337174
881.8666666665297,113.457174065432
881.899999999863,112.75723176088772
881.9333333331963,112.47083764510296
881.9666666665296,112.5023601028376
881.9999999998629,112.75208302231336
882.0333333331962,113.12029029175208
882.0666666665295,113.51184813147924
882.0999999998628,113.91765741885516
882.1333333331961,114.40510195895288
882.1666666665294,115.04422924561004
882.1999999998627,115.9050867726644
882.233333333196,117.05102085231309
882.2666666665293,118.3735407027686
882.2999999998626,119.58186273953883
882.3333333331959,120.37640876736272
882.3666666665292,120.45760059097924
882.3999999998625,119.53500286981814
882.4333333331958,117.65270852897818
882.4666666665291,115.27765582914428
882.4999999998624,112.90389378380978
882.5333333331957,111.025471406468
882.566666666529,110.13093660437144
882.5999999998623,110.40318717971644
882.6333333331957,111.56489346930032
882.666666666529,113.30067655463796
882.6999999998623,115.29515751724408
882.7333333331956,117.23388083398628
882.7666666665289,118.8878364549415
882.7999999998622,120.1814241979118
882.8333333331955,121.05503739296908
882.8666666665288,121.44906937018546
882.8999999998621,121.3043942056036
882.9333333331954,120.64764657812636
882.9666666665287,119.6894197750188
882.999999999862,118.66409220845075
883.0333333331953,117.80604229059198
883.0666666665286,117.3494726839086
883.0999999998619,117.45032190227816
883.1333333331952,118.06342559118922
883.1666666665285,119.11176554700651
883.1999999998618,120.51832356609488
883.2333333331951,122.20607981285109
883.2666666665284,124.09483957776308
883.2999999998617,126.09460814003808
883.333333333195,128.1135058302404
883.3666666665283,130.0596529789343
883.3999999998616,131.84117000481822
883.4333333331949,133.372524373497
883.4666666665282,134.59176485109015
883.4999999998615,135.4424155308841
883.5333333331948,135.86800050616517
883.5666666665281,135.81204387021953
883.5999999998614,135.2536762900463
883.6333333331947,134.33118839145448
883.666666666528,133.227324315607
883.6999999998613,132.12483022305796
883.7333333331947,131.2064522743613
883.766666666528,130.62886044938003
883.7999999998613,130.40860124916767
883.8333333331946,130.51535744595805
883.8666666665279,130.91877852525693
883.8999999998612,131.5885139725702
883.9333333331945,132.47922520323715
883.9666666665278,133.4486173299863
883.9999999998611,134.3158119180961
884.0333333331944,134.8998315837038
884.0666666665277,135.01969894294658
884.099999999861,134.53030123893964
884.1333333331943,133.5668217080167
884.1666666665276,132.3962920720422
884.1999999998609,131.28651150810813
884.2333333331942,130.5052791933065
884.2666666665275,130.29282146756478
884.2999999998608,130.62748335939762
884.3333333331941,131.3428886481141
884.3666666665274,132.27113649327123
884.3999999998607,133.24432605442604
884.433333333194,134.09702016051196
884.4666666665273,134.6924580885341
884.4999999998606,134.91239729697193
884.5333333331939,134.63890465646455
884.5666666665272,133.754047037651
884.5999999998605,132.16145338387253
884.6333333331938,130.07582890535846
884.6666666665271,127.94556981142618
884.6999999998604,126.22475928565083
884.7333333331937,125.36748051160735
884.766666666527,125.79832860289538
884.7999999998603,127.40671933282398
884.8333333331937,129.6160359511784
884.866666666527,131.83408602883358
884.8999999998603,133.4686771366646
884.9333333331936,133.95110722301987
884.9666666665269,133.2594209040321
884.9999999998602,131.9220271143623
885.0333333331935,130.49154870615848
885.0666666665268,129.52060853156874
885.0999999998601,129.5460539997996
885.1333333331934,130.6218958180852
885.1666666665267,132.2414085240157
885.19999999986,133.8664019744293
885.2333333331933,134.95868602616434
885.2666666665266,134.9930429533014
885.2999999998599,133.9838348127567
885.3333333331932,132.6674767661979
885.3666666665265,131.83082464284408
885.3999999998598,132.26073427191432
885.4333333331931,134.72783031999552
885.4666666665264,139.043919687479
885.4999999998597,143.54323262119289
885.533333333193,146.43389480137523
885.5666666665263,145.9240319082639
885.5999999998596,140.2503311696682
885.6333333331929,130.19560589820588
885.6666666665262,121.06112459630664
885.6999999998595,118.6123434416092
885.7333333331928,128.61471861175238
885.7666666665261,156.80116551184824
885.7999999998594,204.128331074076
885.8333333331927,261.7872678707637
885.866666666526,319.7755675287261
885.8999999998593,368.0908216747783
885.9333333331926,396.7468236872976
885.966666666526,400.23009186672977
885.9999999998593,383.5718979219548
886.0333333331926,353.32225900994706
886.0666666665259,316.03119228768094
886.0999999998592,278.2462409652244
886.1333333331925,244.90848818987945
886.1666666665258,216.5877226708355
886.1999999998591,193.11721464830848
886.2333333331924,174.33023436251423
886.2666666665257,160.05997777427197
886.299999999859,149.96250226187556
886.3333333331923,143.13707459446576
886.3666666665256,138.57384535057375
886.3999999998589,135.26296510873058
886.4333333331922,132.19459260934977
886.4666666665255,128.62717810425514
886.4999999998588,124.79356608957605
886.5333333331921,121.1477415094411
886.5666666665254,118.14368930797892
886.5999999998587,116.2353944293181
886.633333333192,115.71862294797371
886.6666666665253,116.2258463264774
886.6999999998586,117.2157456000158
886.7333333331919,118.14700116838704
886.7666666665252,118.4782934313894
886.7999999998585,117.79170227151106
886.8333333331918,116.26539960573938
886.8666666665251,114.25731144459246
886.8999999998584,112.12540082876636
886.9333333331917,110.22763079895712
886.966666666525,108.8651616182701
886.9999999998583,108.02326866798798
887.0333333331916,107.578058514811
887.066666666525,107.40553345704112
887.0999999998583,107.38169579298032
887.1333333331916,107.3834503034805
887.1666666665249,107.29347975981814
887.1999999998582,106.99674464433669
887.2333333331915,106.37821096558312
887.2666666665248,105.32284473210431
887.2999999998581,103.7477587259835
887.3333333331914,101.80723784210102
887.3666666665247,99.76170696715474
887.399999999858,97.87208820221606
887.4333333331913,96.39930364835637
887.4666666665246,95.57523032363652
887.4999999998579,95.38435719571676
887.5333333331912,95.6860527903769
887.5666666665245,96.33871710452132
887.5999999998578,97.20075013505414
887.6333333331911,98.13260416051874
887.6666666665244,99.01496636856774
887.6999999998577,99.7400418647271
887.733333333191,100.20016914526884
887.7666666665243,100.28768670646495
887.7999999998576,99.90892647297228
887.8333333331909,99.130518403627
887.8666666665242,98.12139359338194
887.8999999998575,97.05213866942115
887.9333333331908,96.09334025892868
887.9666666665241,95.40344305314194
887.9999999998574,94.97854427566158
888.0333333331907,94.69896926296845
888.066666666524,94.44255165181978
888.0999999998573,94.08712507897282
888.1333333331906,93.51975451781716
888.166666666524,92.77240359971216
888.1999999998573,91.99214668812812
888.2333333331906,91.32923280857536
888.2666666665239,90.93391098656424
888.2999999998572,90.94753999526378
888.3333333331905,91.34651859901952
888.3666666665238,91.96164461429191
888.3999999998571,92.61871634125342
888.4333333331904,93.14353208007644
888.4666666665237,93.36869121254789
888.499999999857,93.27722607254768
888.5333333331903,92.99934652994123
888.5666666665236,92.67141235529336
888.5999999998569,92.42978331916883
888.6333333331902,92.40677760171704
888.6666666665235,92.627074037774
888.6999999998568,92.9988619982488
888.7333333331901,93.42451577498444
888.7666666665234,93.80640965982371
888.7999999998567,94.04801716026029
888.83333333319,94.08848689624028
888.8666666665233,93.90959730203792
888.8999999998566,93.49563081331588
888.9333333331899,92.83086986573674
888.9666666665232,91.90320735643316
888.9999999998565,90.84540029413172
889.0333333331898,89.98103923973375
889.0666666665231,89.64673857803744
889.0999999998564,90.17911269384092
889.1333333331897,91.90688279991129
889.166666666523,94.76037848252426
889.1999999998563,98.09216879583364
889.2333333331896,101.20949465317317
889.266666666523,103.4195969678766
889.2999999998563,104.0406781279416
889.3333333331896,103.1017808970768
889.3666666665229,101.76545094701454
889.3999999998562,101.2955411091333
889.4333333331895,102.95590421481158
889.4666666665228,107.99672457421264
889.4999999998561,116.49927642565186
889.5333333331894,126.49758176414186
889.5666666665227,135.81883760168014
889.599999999856,142.29024095026418
889.6333333331893,143.75097042671285
889.6666666665226,139.4361986368872
889.6999999998559,131.2638712601615
889.7333333331892,121.45623302179634
889.7666666665225,112.23552864705232
889.7999999998558,105.81799003451763
889.8333333331891,103.42483854759908
889.8666666665224,104.1810734307977
889.8999999998557,106.9463035366231
889.933333333189,110.58013771758496
889.9666666665223,113.943645392486
889.9999999998556,116.26043449861078
890.0333333331889,117.59064882774652
890.0666666665222,118.11203643740537
890.0999999998555,118.00234538509946
890.1333333331888,117.4393940930428
890.1666666665221,116.62921748388312
890.1999999998554,115.8490964797043
890.2333333331887,115.3873836531576
890.266666666522,115.53243157689424
890.2999999998553,116.572350190324
890.3333333331886,118.62046888585483
890.366666666522,121.30766058241572
890.3999999998553,124.18225728611192
890.4333333331886,126.79259100304888
890.4666666665219,128.68710828191783
890.4999999998552,129.58875935212208
890.5333333331885,129.74652418910765
890.5666666665218,129.5081053956266
890.5999999998551,129.221205574431
890.6333333331884,129.23351020550191
890.6666666665217,129.81952046291826
890.699999999855,131.01312171392794
890.7333333331883,132.79882231968128
890.7666666665216,135.16113064132847
890.7999999998549,138.0845448794296
890.8333333331882,141.32939238388997
890.8666666665215,143.85331752856416
890.8999999998548,144.43437645494157
890.9333333331881,141.85062530451165
890.9666666665214,134.8801211048369
890.9999999998547,123.52248203124336
891.033333333188,112.53247217082276
891.0666666665213,107.82174212389236
891.0999999998546,115.30194249076932
891.1333333331879,140.88472387177092
891.1666666665212,188.02330383748756
891.1999999998545,249.78934104145827
891.2333333331878,316.5146032858193
891.2666666665211,378.53084305826167
891.2999999998544,426.1698128464766
891.3333333331877,451.6916176648514
891.366666666521,456.170932580097
891.3999999998543,443.1995650445232
891.4333333331876,416.3695163586845
891.466666666521,379.2727878231348
891.4999999998543,335.5026801871751
891.5333333331876,288.65891089128985
891.5666666665209,242.34317452125995
891.5999999998542,200.15716621761197
891.6333333331875,165.7025811208725
891.6666666665208,141.82985849960394
891.6999999998541,127.38940313518586
891.7333333331874,119.90559329879795
891.7666666665207,116.90194289502804
891.799999999854,115.9019658284638
891.8333333331873,114.73320986822874
891.8666666665206,112.96565610527298
891.8999999998539,110.7889114130219
891.9333333331872,108.39332977842858
891.9666666665205,105.96926518844585
891.9999999998538,103.6858138568514
892.0333333331871,101.58115917348364
892.0666666665204,99.64369114578815
892.0999999998537,97.86170298567404
892.133333333187,96.22348790505022
892.1666666665203,94.72715610491986
892.1999999998536,93.43567717016072
892.2333333331869,92.43833127245873
892.2666666665202,91.82447382379732
892.2999999998535,91.68346023615996
892.3333333331868,92.0925457327929
892.3666666665201,93.04335352146816
892.3999999998534,94.49056291037026
892.4333333331867,96.38870760775302
892.46666666652,98.69232132187032
892.4999999998533,101.33231771262436
892.5333333331866,104.06083594164552
892.56666666652,106.54821133812712
892.5999999998533,108.46435604155982
892.6333333331866,109.4791821914342
892.6666666665199,109.3127169222814
892.6999999998532,108.0900379077237
892.7333333331865,106.13228086620364
892.7666666665198,103.76186361995904
892.7999999998531,101.30120399122768
892.8333333331864,99.05266805386476
892.8666666665197,97.1458215371095
892.899999999853,95.62198194991164
892.9333333331863,94.52175885465417
892.9666666665196,93.8857618137201
892.9999999998529,93.73297089437838
893.0333333331862,93.88393236515934
893.0666666665195,94.05253962399875
893.0999999998528,93.95166177730025
893.1333333331861,93.29416793146738
893.1666666665194,91.83162002665723
893.1999999998527,89.69288190712247
893.233333333186,87.21971958238834
893.2666666665193,84.75629785356291
893.2999999998526,82.64678152175422
893.3333333331859,81.2179377378705
893.3666666665192,80.61650925516376
893.3999999998525,80.88284369426694
893.4333333331858,82.05590613796564
893.4666666665191,84.17466166904549
893.4999999998524,87.24483011776795
893.5333333331857,90.90769501330078
893.566666666519,94.57947881570956
893.5999999998523,97.6730800636967
893.6333333331856,99.60139729596467
893.666666666519,99.83249257469652
893.6999999998523,98.4739201364266
893.7333333331856,96.04496437978791
893.7666666665189,93.07173398928894
893.7999999998522,90.08033764943804
893.8333333331855,87.56961808627018
893.8666666665188,85.70475962686128
893.8999999998521,84.42748271400484
893.9333333331854,83.67539701156605
893.9666666665187,83.38611218341
893.999999999852,83.49551784143232
894.0333333331853,83.91732722033763
894.0666666665186,84.54983764225996
894.0999999998519,85.29103476486173
894.1333333331852,86.03890424580531
894.1666666665185,86.69325543180403
894.1999999998518,87.1786204095637
894.2333333331851,87.43733078556431
894.2666666665184,87.41211018627901
894.2999999998517,87.04568223818109
894.333333333185,86.28546418831694
894.3666666665183,85.14563629554841
894.3999999998516,83.69005548620206
894.4333333331849,81.98376115118168
894.4666666665182,80.09179268139115
894.4999999998515,78.0830072846049
894.5333333331848,76.0831165939761
894.5666666665181,74.26146048512521
894.5999999998514,72.78849313810788
894.6333333331847,71.83466873297982
894.666666666518,71.55616258651168
894.6999999998513,71.88704676283251
894.7333333331846,72.5859907696739
894.766666666518,73.40688884877035
894.7999999998513,74.10363524185634
894.8333333331846,74.44198082169048
894.8666666665179,74.37984216690803
894.8999999998512,74.03099496468406
894.9333333331845,73.5137102522969
894.9666666665178,72.94625906702491
894.9999999998511,72.4421303844831
895.0333333331844,72.03426165001498
895.0666666665177,71.68863131208062
895.099999999851,71.3691834057293
895.1333333331843,71.03986196601035
895.1666666665176,70.6657388443555
895.1999999998509,70.23157750314068
895.2333333331842,69.7388832539271
895.2666666665175,69.18969439768311
895.2999999998508,68.58604923537712
895.3333333331841,67.9323030841098
895.3666666665174,67.27462763168768
895.3999999998507,66.69548293265969
895.433333333184,66.2785334843546
895.4666666665173,66.1074437841012
895.4999999998506,66.2591835904729
895.5333333331839,66.68619469660062
895.5666666665172,67.23084062432865
895.5999999998505,67.73169388402735
895.6333333331838,68.02732698606715
895.6666666665171,67.96467705678714
895.6999999998504,67.55055976450365
895.7333333331837,66.93545723337297
895.766666666517,66.2749621621224
895.7999999998503,65.72466724947924
895.8333333331836,65.4341830895503
895.866666666517,65.43599241992332
895.8999999998503,65.65580180986782
895.9333333331836,66.01541162011102
895.9666666665169,66.43662221138018
895.9999999998502,66.84183160449565
896.0333333331835,67.16538686634189
896.0666666665168,67.35266354916719
896.0999999998501,67.34945038214319
896.1333333331834,67.10153609444153
896.1666666665167,66.56030159002547
896.19999999985,65.79091855869216
896.2333333331833,64.96467412152161
896.2666666665166,64.25691015630643
896.2999999998499,63.84296854083914
896.3333333331832,63.888829656053126
896.3666666665165,64.36724935513115
896.3999999998498,65.06928835961651
896.4333333331831,65.77895450977267
896.4666666665164,66.28025564586328
896.4999999998497,66.36817747204536
896.533333333183,66.06676217279926
896.5666666665163,65.61679950459812
896.5999999998496,65.26759295143722
896.6333333331829,65.26844599731186
896.6666666665162,65.85466323273648
896.6999999998495,66.96729469365197
896.7333333331828,68.26775858751233
896.7666666665161,69.40640115560821
896.7999999998494,70.03356863923018
896.8333333331827,69.81773180306797
896.866666666516,68.8098194072654
896.8999999998493,67.42502736802007
896.9333333331826,66.09303524845342
896.966666666516,65.24352261168694
896.9999999998493,65.2869500480031
897.0333333331826,66.22807319708009
897.0666666665159,67.68515575327552
897.0999999998492,69.26108787463629
897.1333333331825,70.55875971920929
897.1666666665158,71.19654645508407
897.1999999998491,71.11868164315393
897.2333333331824,70.57926472231613
897.2666666665157,69.8446790991348
897.299999999849,69.1813081801741
897.3333333331823,68.84427443899831
897.3666666665156,68.85329899378867
897.3999999998489,69.00511105780537
897.4333333331822,69.08766308351338
897.4666666665155,68.88890752337757
897.4999999998488,68.20913469431652
897.5333333331821,67.10395424215413
897.5666666665154,65.86942283000653
897.5999999998487,64.81095716423677
897.633333333182,64.23397395120793
897.6666666665153,64.42939107857471
897.6999999998486,65.39212369990253
897.7333333331819,66.8405158548928
897.7666666665152,68.48230470636726
897.7999999998485,70.02522741714766
897.8333333331818,71.18718969286599
897.8666666665151,71.89021264413121
897.8999999998484,72.24515196367354
897.9333333331817,72.36996992027547
897.966666666515,72.38262878271966
897.9999999998483,72.39821574304695
898.0333333331816,72.47526120091091
898.066666666515,72.62059399598283
898.0999999998483,72.83914139072371
898.1333333331816,73.1358306475946
898.1666666665149,73.5150063250011
898.1999999998482,73.96981600770512
898.2333333331815,74.48331358754851
898.2666666665148,75.03819165304508
898.2999999998481,75.61714279270866
898.3333333331814,76.20452896136237
898.3666666665147,76.81594841665908
898.399999999848,77.49471063595547
898.4333333331813,78.28508627584935
898.4666666665146,79.23134599293859
898.4999999998479,80.37246859789497
898.5333333331812,81.65130457948398
898.5666666665145,82.92694992652352
898.5999999998478,84.0556982856182
898.6333333331811,84.89384330337263
898.6666666665144,85.30685013997747
898.6999999998477,85.32145185388435
898.733333333181,85.10209524559961
898.7666666665143,84.81765095344237
898.7999999998476,84.63698961573165
898.8333333331809,84.72055698273812
898.8666666665142,85.08580792924842
898.8999999998475,85.63076580826271
898.9333333331808,86.24978888413354
898.9666666665141,86.83723542121344
898.9999999998474,87.29605942382105
899.0333333331807,87.66965422835676
899.066666666514,88.11590790944898
899.0999999998473,88.79604741180061
899.1333333331806,89.87129968011462
899.166666666514,91.4863697049296
899.1999999998473,93.52678187137566
899.2333333331806,95.672241587554
899.2666666665139,97.59678274054058
899.2999999998472,98.97443921741124
899.3333333331805,99.50127186736688
899.3666666665138,99.2042866261851
899.3999999998471,98.36594716271082
899.4333333331804,97.27532870756332
899.4666666665137,96.22150649136178
899.499999999847,95.48211013301872
899.5333333331803,95.17045510327412
899.5666666665136,95.27682855170517
899.5999999998469,95.78854652575112
899.6333333331802,96.69292507285124
899.6666666665135,97.96526760864025
899.6999999998468,99.41646628296812
899.7333333331801,100.73825973353216
899.7666666665134,101.61972066571724
899.7999999998467,101.74992178490824
899.83333333318,100.8519489920278
899.8666666665133,99.09174948607858
899.8999999998466,96.94526632726968
899.9333333331799,94.89481826107026
899.9666666665132,93.42272403294946
899.9999999998465,92.97221528258292
900.0333333331798,93.5033599664926
900.0666666665131,94.65027611511468
900.0999999998464,96.04097254398025
900.1333333331797,97.30345806862036
900.166666666513,98.08950910973527
900.1999999998463,98.32928429227609
900.2333333331796,98.13353810655688
900.266666666513,97.61607996889612
900.2999999998462,96.89071929561224
900.3333333331796,96.06876710956983
900.3666666665129,95.2338583433704
900.3999999998462,94.45240108983911
900.4333333331795,93.79054329680616
900.4666666665128,93.3144329121018
900.4999999998461,93.07406311657888
900.5333333331794,92.9504767906087
900.5666666665127,92.72404675742372
900.599999999846,92.17380546713142
900.6333333331793,91.07878536983938
900.6666666665126,89.25885286911566
900.6999999998459,86.93635985552945
900.7333333331792,84.56270096498812
900.7666666665124,82.59192137235782
900.7999999998458,81.47806625250459
900.8333333331792,81.60648286607785
900.8666666665124,82.72539436850184
900.8999999998456,84.23758143084837
900.933333333179,85.54240788137476
900.9666666665124,86.03923754833843
900.9999999998456,85.21271711353212
901.0333333331788,83.29050393236462
901.0666666665122,80.88313815980199
901.0999999998456,78.60433357460944
901.1333333331788,77.06780395555201
901.166666666512,76.7971126046368
901.1999999998454,77.57915794708843
901.2333333331788,78.84095297562007
901.266666666512,80.00706970815776
901.2999999998452,80.50208016262751
901.3333333331786,79.83979537385586
901.366666666512,78.21691508689975
901.3999999998452,76.14559634413916
901.4333333331786,74.13969674392423
901.466666666512,72.71307388460511
901.4999999998452,72.30520675865236
901.5333333331783,72.82338803414406
901.5666666665118,73.94306937463908
901.5999999998452,75.33874473813913
901.6333333331784,76.68490808264596
901.6666666665116,77.68085317261402
901.699999999845,78.19153003716552
901.7333333331784,78.14975838405914
901.7666666665116,77.48856288965526
901.7999999998448,76.14096823031413
901.8333333331782,74.09050733620234
901.8666666665116,71.63518235555347
901.8999999998448,69.19382123555542
901.933333333178,67.18550249015482
901.9666666665114,66.02930463329827
901.9999999998448,66.04467343116052
902.033333333178,66.97379976247296
902.0666666665112,68.35147634095667
902.0999999998446,69.71222525828566
902.133333333178,70.5905686061339
902.1666666665112,70.61334818045857
902.1999999998444,69.90431362000959
902.2333333331778,68.75366614092468
902.2666666665112,67.45172698190665
902.2999999998444,66.28881738165833
902.3333333331776,65.51121045292187
902.366666666511,65.14531520608053
902.3999999998445,65.14907864610058
902.4333333331776,65.48042570805542
902.466666666511,66.09728132701848
902.4999999998442,66.94022937375293
902.5333333331776,67.86973567276509
902.5666666665109,68.72314392229963
902.5999999998442,69.33779560089093
902.6333333331776,69.5510321870734
902.6666666665108,69.25061345483041
902.699999999844,68.53947502920553
902.7333333331774,67.57794514976347
902.7666666665108,66.52635259830173
902.799999999844,65.54502615051753
902.8333333331772,64.75834939593067
902.8666666665106,64.14930658896205
902.899999999844,63.66611767454029
902.9333333331772,63.25700259759401
902.9666666665104,62.87018179376642
902.9999999998438,62.468266725895226
903.0333333331772,62.0659335952766
903.0666666665104,61.68962903041829
903.0999999998436,61.36579965982812
903.133333333177,61.12088871636466
903.1666666665104,60.964472174484506
903.1999999998436,60.85010705751351
903.2333333331768,60.71973582674318
903.2666666665102,60.51530094346501
903.2999999998436,60.17876258319397
903.3333333331768,59.681857140221055
903.36666666651,59.08696331311928
903.3999999998434,58.473644981783146
903.4333333331768,57.921466026107126
903.46666666651,57.50996268594183
903.4999999998432,57.29729973368879
903.5333333331766,57.282088694661375
903.56666666651,57.45264957519093
903.5999999998432,57.797302381608766
903.6333333331766,58.30431302310591
903.66666666651,58.93905521990812
903.6999999998432,59.60857375694991
903.7333333331763,60.2107587836684
903.7666666665098,60.64350044950076
903.7999999998432,60.80488273979298
903.8333333331764,60.64318064090472
903.8666666665096,60.22348857037767
903.899999999843,59.62748521383435
903.9333333331764,58.93684925689722
903.9666666665096,58.2331747126871
903.9999999998428,57.58355980639386
904.0333333331762,57.02431216020391
904.0666666665096,56.58780352603775
904.0999999998428,56.30640565581592
904.133333333176,56.21256932100653
904.1666666665094,56.34821057912664
904.1999999998428,56.77357703018021
904.233333333176,57.55101528847662
904.2666666665092,58.74287196832522
904.2999999998426,60.409863020100936
904.333333333176,62.470034207898685
904.3666666665092,64.58973442558731
904.3999999998424,66.40964849457318
904.4333333331758,67.57046123626274
904.4666666665092,67.71742917196137
904.4999999998424,66.79793558612752
904.5333333331756,65.2444014112211
904.566666666509,63.53299117118264
904.5999999998425,62.13986938995273
904.6333333331756,61.5346673046398
904.666666666509,61.85204801055223
904.6999999998422,62.73785315332089
904.7333333331756,63.799235778781
904.7666666665089,64.64334893276776
904.7999999998422,64.8834418154421
904.8333333331756,64.38056266083359
904.8666666665088,63.32405726664559
904.899999999842,61.92586771491741
904.9333333331754,60.39793608768831
904.9666666665088,58.94938782840857
904.999999999842,57.696949983913925
905.0333333331752,56.646370149460985
905.0666666665086,55.79682391355547
905.099999999842,55.147486864703055
905.1333333331752,54.69678112033205
905.1666666665084,54.42288580944349
905.1999999998418,54.28197280589424
905.2333333331752,54.22910688654542
905.2666666665084,54.21935282825815
905.2999999998416,54.20876034622849
905.333333333175,54.17531756819832
905.3666666665084,54.11856092367858
905.3999999998416,54.038933750486
905.4333333331748,53.93687938643736
905.4666666665082,53.81389288996754
905.4999999998416,53.691090208781176
905.5333333331748,53.60696262309393
905.566666666508,53.60060194155153
905.5999999998414,53.711099972799744
905.6333333331748,53.97467541142504
905.666666666508,54.38226849174124
905.6999999998412,54.88875535547369
905.7333333331746,55.448011863867535
905.766666666508,56.01391387816788
905.7999999998412,56.53960891632048
905.8333333331746,56.96847963145239
905.866666666508,57.23693215328124
905.8999999998412,57.28122177614076
905.9333333331743,57.03760379436473
905.9666666665078,56.45797205020618
905.9999999998412,55.673628734201074
906.0333333331744,54.93049861536742
906.0666666665076,54.47636693684736
906.099999999841,54.559018941783
906.1333333331744,55.38298838076456
906.1666666665076,56.72622669468163
906.1999999998408,58.12380995381873
906.2333333331742,59.107999257564245
906.2666666665076,59.211055705306535
906.2999999998408,58.04478088504003
906.333333333174,55.89790574741487
906.3666666665074,53.40129945331701
906.3999999998408,51.188472991801206
906.433333333174,49.89293735192218
906.4666666665072,50.040768047553534
906.4999999998406,51.36692133633326
906.533333333174,53.252901556391706
906.5666666665072,55.07856989490018
906.5999999998404,56.22378753903
906.6333333331738,56.17772570202727
906.6666666665072,55.1272797982394
906.6999999998404,53.53363047095211
906.7333333331736,51.85861295358311
906.766666666507,50.5640624795501
906.7999999998405,50.03064340906435
906.8333333331736,50.18949624010838
906.866666666507,50.81702206533908
906.8999999998402,51.68947913333461
906.9333333331736,52.58312569267309
906.9666666665069,53.30411216801055
906.9999999998402,53.80221662802762
907.0333333331736,54.07030199331084
907.0666666665068,54.10123937088342
907.09999999984,53.88789986776855
907.1333333331734,53.45083935539363
907.1666666665068,52.92591259376432
907.19999999984,52.47898557272647
907.2333333331732,52.27592435226341
907.2666666665066,52.4825919473434
907.29999999984,53.185251255307605
907.3333333331732,54.183346786445775
907.3666666665064,55.21174474405406
907.3999999998398,56.00531133142858
907.4333333331732,56.29896092486528
907.4666666665064,55.93104561507693
907.4999999998396,55.062078444426646
907.533333333173,53.91511352000004
907.5666666665064,52.71320494888269
907.5999999998396,51.67930098923257
907.6333333331728,50.97244056982385
907.6666666665062,50.5795605319185
907.6999999998396,50.45892135816145
907.7333333331728,50.56878353119755
907.766666666506,50.86737090939162
907.7999999998394,51.3033666942448
907.8333333331728,51.80322107884686
907.866666666506,52.29022359915569
907.8999999998392,52.68766379112916
907.9333333331726,52.919265814057454
907.966666666506,52.96945619765539
907.9999999998392,52.94519152814816
908.0333333331724,52.96817581318864
908.066666666506,53.16011306042977
908.0999999998392,53.64121064271715
908.1333333331723,54.40404923825374
908.1666666665058,55.2178847548966
908.1999999998392,55.82943772693939
908.2333333331724,55.9854286886757
908.2666666665056,55.43665895116341
908.299999999839,54.165345365260826
908.3333333331724,52.504882038061325
908.3666666665056,50.81801009358945
908.3999999998388,49.46747065586976
908.4333333331722,48.81003174334381
908.4666666665056,48.96337722267807
908.4999999998388,49.73057252623433
908.533333333172,50.89324527392142
908.5666666665054,52.23302308564819
908.5999999998388,53.53400090828625
908.633333333172,54.65306494966258
908.6666666665052,55.5301077514886
908.6999999998386,56.10954324791905
908.733333333172,56.33578537310864
908.7666666665052,56.15751137254399
908.7999999998384,55.61915006352865
908.8333333331718,54.859618742993256
908.8666666665052,54.02184538679804
908.8999999998384,53.2487579708033
908.9333333331716,52.678250747059415
908.966666666505,52.36000834053628
908.9999999998385,52.26854882162137
909.0333333331716,52.37598610602149
909.066666666505,52.65443410944344
909.0999999998382,53.072770995767634
909.1333333331715,53.55479029330749
909.1666666665049,53.99120810987998
909.1999999998382,54.27197867672472
909.2333333331716,54.287056225081336
909.2666666665048,53.93867272764617
909.299999999838,53.26706397282585
909.3333333331714,52.39930705887033
909.3666666665048,51.46383101040122
909.399999999838,50.58906485204018
909.4333333331712,49.89292413925176
909.4666666665046,49.39693984231487
909.499999999838,49.07086841241082
909.5333333331712,48.88397002407077
909.5666666665044,48.80550485182587
909.5999999998378,48.80269160196307
909.6333333331712,48.82736052723159
909.6666666665044,48.82432527136693
909.6999999998376,48.7383637387199
909.733333333171,48.514253833641305
909.7666666665044,48.12045045840781
909.7999999998376,47.672967853651215
909.8333333331708,47.34456684528632
909.8666666665042,47.30812661027058
909.8999999998376,47.73652632556152
909.9333333331708,48.73803320271408
909.966666666504,50.08693227701468
909.9999999998374,51.44991509147574
910.0333333331708,52.49362117375205
910.066666666504,52.88469005149833
910.0999999998372,52.39276346135931
910.1333333331706,51.22948341203468
910.166666666504,49.72502769624009
910.1999999998372,48.20957552629555
910.2333333331704,47.01330119378514
910.266666666504,46.373826118885134
910.2999999998372,46.19943989986704
910.3333333331703,46.32521259618693
910.3666666665038,46.586214267300846
910.3999999998372,46.81755950743364
910.4333333331704,46.90984047840416
910.4666666665036,46.91736888697715
910.499999999837,46.92451018717021
910.5333333331704,47.01562983300094
910.5666666665036,47.27498226209108
910.5999999998368,47.74903033372957
910.6333333331702,48.3915271299848
910.6666666665036,49.142268527154464
910.6999999998368,49.941050401536245
910.73333333317,50.72766073362709
910.7666666665034,51.44072731525394
910.7999999998368,52.016505149069886
910.83333333317,52.39095916168626
910.8666666665032,52.50005427971439
910.8999999998366,52.28085169449618
910.93333333317,51.75740670927746
910.9666666665032,51.1024798739915
910.9999999998364,50.50339354521118
911.0333333331698,50.14747007950939
911.0666666665032,50.219450617305306
911.0999999998364,50.77801694276209
911.1333333331696,51.70143902036244
911.166666666503,52.85409526808086
911.1999999998365,54.10036410389192
911.2333333331696,55.30483499021366
911.2666666665028,56.33899519225256
911.2999999998362,57.08260233798183
911.3333333331695,57.41590244894762
911.3666666665029,57.2191415466961
911.3999999998362,56.3838590895001
911.4333333331696,55.06313638347312
911.4666666665028,53.67259647866238
911.499999999836,52.63935584197319
911.5333333331694,52.390530940310825
911.5666666665028,53.32158230539775
911.599999999836,55.28713491489732
911.6333333331692,57.68820547807092
911.6666666665026,59.911769572369614
911.699999999836,61.34480277524441
911.7333333331692,61.4613097612338
911.7666666665024,60.86456457663727
911.7999999998358,60.94640932518816
911.8333333331692,63.11480832074669
911.8666666665024,68.7777258771731
911.8999999998356,79.31300556441475
911.933333333169,95.79534020824468
911.9666666665024,119.12406915195427
911.9999999998356,150.19639692739486
912.0333333331688,189.9095280664177
912.0666666665022,238.43852097962048
912.0999999998356,290.2361175331933
912.1333333331688,337.03141067666934
912.166666666502,370.53684875218255
912.1999999998354,382.4648801018664
912.2333333331688,366.36611449691327
912.266666666502,327.3749242907312
912.2999999998352,275.12625373720454
912.3333333331686,219.26505045442545
912.366666666502,169.43626206048648
912.3999999998352,133.5708574970288
912.4333333331684,110.9597413965954
912.466666666502,98.17743968684756
912.4999999998352,91.79748998428713
912.5333333331683,88.3934299054161
912.5666666665018,85.12777817228677
912.5999999998352,81.54242178518477
912.6333333331684,77.780008982641
912.6666666665016,73.98318802457501
912.699999999835,70.29460339568577
912.7333333331684,66.8439706765879
912.7666666665016,63.71916987372931
912.7999999998348,60.99963450886909
912.8333333331682,58.76479810376635
912.8666666665016,57.09407694989687
912.8999999998348,56.05864530325222
912.933333333168,55.70825351958386
912.9666666665014,56.08921572729658
912.9999999998348,57.24784605479519
913.033333333168,59.22939458663532
913.0666666665012,61.90601171173317
913.0999999998346,64.78669049287856
913.133333333168,67.33467122199795
913.1666666665012,69.0131941910178
913.1999999998344,69.29049921244398
913.2333333331678,68.02555901180806
913.2666666665012,65.74189082896767
913.2999999998344,63.02766348041632
913.3333333331676,60.471045782647394
913.366666666501,58.65233513001532
913.3999999998344,57.79808777379267
913.4333333331676,57.645637640247
913.4666666665008,57.896454778358994
913.4999999998342,58.25200923710938
913.5333333331675,58.41919656543832
913.5666666665009,58.261002494443495
913.5999999998342,57.8161714848761
913.6333333331676,57.13282458323611
913.6666666665008,56.25908283602349
913.699999999834,55.24549228673216
913.7333333331674,54.19046745256261
913.7666666665008,53.236271814197
913.799999999834,52.52678800824178
913.8333333331672,52.2058986713034
913.8666666665006,52.4011967021489
913.899999999834,53.00908255931569
913.9333333331672,53.75419237589573
913.9666666665004,54.35708808129893
913.9999999998338,54.53833160493513
914.0333333331672,54.049718132342775
914.0666666665004,52.972184140172985
914.0999999998336,51.58393457667417
914.133333333167,50.16584653934537
914.1666666665004,48.998797125685655
914.1999999998336,48.32814124369394
914.2333333331668,48.11510452944993
914.2666666665002,48.18459364107347
914.2999999998336,48.36065476880658
914.3333333331668,48.46733410289124
914.3666666665,48.35984295856511
914.3999999998334,48.08530963010719
914.4333333331668,47.76385594965579
914.4666666665,47.515745605711416
914.4999999998332,47.46124228677457
914.5333333331666,47.691347679034
914.5666666665,48.15724703013336
914.5999999998332,48.7684138101976
914.6333333331664,49.43431422625644
914.6666666665,50.06441469662602
914.6999999998332,50.58326599448935
914.7333333331665,50.97144979914792
914.7666666664998,51.222554711771096
914.7999999998332,51.33016933352822
914.8333333331664,51.28790070967619
914.8666666664996,51.108552818753
914.899999999833,50.860438275967816
914.9333333331664,50.62184404734078
914.9666666664996,50.47105709889208
914.9999999998328,50.486025204111314
915.0333333331662,50.66772620822616
915.0666666664996,50.84285325620251
915.0999999998328,50.81411656206841
915.133333333166,50.38422633985196
915.1666666664994,49.3582993043874
915.1999999998328,47.75991595610944
915.233333333166,46.002564714948434
915.2666666664992,44.54007946471429
915.2999999998326,43.82629408921685
915.333333333166,44.30662744780643
915.3666666664992,46.02774244985368
915.3999999998324,48.47258048088612
915.4333333331658,51.081430085160974
915.4666666664992,53.2945798069355
915.4999999998324,54.5680811750291
915.5333333331656,54.80865705160929
915.566666666499,54.42888640188038
915.5999999998324,53.868194316540325
915.6333333331656,53.56600588628706
915.6666666664988,53.94132831897144
915.6999999998322,55.02856955905784
915.7333333331655,56.51956526536769
915.7666666664988,58.09417390917873
915.7999999998322,59.43225396176869
915.8333333331656,60.23139553934024
915.8666666664988,60.42206625531119
915.899999999832,60.0987374889065
915.9333333331654,59.359304463230686
915.9666666664988,58.30166240138821
915.999999999832,57.02635272012056
916.0333333331652,55.6590699202756
916.0666666664986,54.3394174756986
916.099999999832,53.2071456937644
916.1333333331652,52.40200488184785
916.1666666664984,52.0364949430327
916.1999999998318,52.03106022551006
916.2333333331652,52.22358952428708
916.2666666664984,52.451652052604665
916.2999999998316,52.5528170237037
916.333333333165,52.3861939349553
916.3666666664984,51.92506769089171
916.3999999998316,51.18040906547918
916.4333333331648,50.1632123603001
916.4666666664982,48.88447187693683
916.4999999998316,47.399081798311805
916.5333333331648,45.93796295524732
916.566666666498,44.7761498807768
916.5999999998314,44.18867710795696
916.6333333331648,44.45048104868671
916.666666666498,45.67544500715969
916.6999999998312,47.488333203216
916.7333333331646,49.42140077206023
916.766666666498,51.00690284889696
916.7999999998312,51.77804218463832
916.8333333331644,51.50759602276717
916.8666666664978,50.52323783998176
916.8999999998312,49.23098480223774
916.9333333331645,48.03685407549084
916.9666666664978,47.34410592101457
916.9999999998312,47.307225369557344
917.0333333331644,47.63752265540908
917.0666666664976,48.00055942759067
917.099999999831,48.06189733512301
917.1333333331644,47.493465351242826
917.1666666664976,46.25131418014085
917.1999999998308,44.68326422445151
917.2333333331642,43.16573182839094
917.2666666664976,42.07513333617525
917.2999999998308,41.775101637119946
917.333333333164,42.29583812303431
917.3666666664974,43.31062587959618
917.3999999998308,44.47526035189588
917.433333333164,45.44553698502369
917.4666666664972,45.895562013533095
917.4999999998306,45.80724352624366
917.533333333164,45.41801862339931
917.5666666664972,44.97306696790013
917.5999999998304,44.71756822264614
917.6333333331638,44.87576069742779
917.6666666664972,45.430809955611934
917.6999999998304,46.21146900433311
917.7333333331636,47.04396708503564
917.766666666497,47.75453343916386
917.7999999998304,48.187321780397326
917.8333333331636,48.33332886204607
917.8666666664968,48.2554430624703
917.8999999998302,48.01704447839375
917.9333333331635,47.68151320654012
917.9666666664968,47.30125558202042
917.9999999998302,46.86319687407523
918.0333333331636,46.33007668968615
918.0666666664968,45.66459604761418
918.09999999983,44.82945596662032
918.1333333331634,43.830463112983466
918.1666666664968,42.86293503652072
918.19999999983,42.174254150284646
918.2333333331632,42.011804347685135
918.2666666664966,42.622926308398846
918.29999999983,44.0997257209572
918.3333333331632,46.03021077569653
918.3666666664964,47.90024385224879
918.3999999998298,49.195687330246045
918.4333333331632,49.40370857164441
918.4666666664964,48.41952107480507
918.4999999998296,47.12373676874853
918.533333333163,46.54275348819536
918.5666666664964,47.70296906786618
918.5999999998296,51.6233633874376
918.6333333331628,58.61225731722233
918.6666666664962,67.6883628008668
918.6999999998296,77.73413088742008
918.7333333331628,87.63201262593122
918.766666666496,96.27196031849148
918.7999999998294,102.87622170259826
918.8333333331628,107.1238404388105
918.866666666496,108.72705461995942
918.8999999998292,107.3981023388762
918.9333333331626,102.87825914295502
918.966666666496,95.63304760091172
918.9999999998292,86.88502070036985
919.0333333331624,77.89232959169294
919.0666666664958,69.91312542524444
919.0999999998292,64.1384140839564
919.1333333331625,60.706537369950574
919.1666666664958,58.92023613648767
919.1999999998292,58.05924561901294
919.2333333331624,57.40330105297162
919.2666666664956,56.28697027810375
919.299999999829,54.62209455481469
919.3333333331624,52.66624238710143
919.3666666664956,50.68165517016967
919.3999999998288,48.93057429922507
919.4333333331622,47.64837922361989
919.4666666664956,46.87275005879904
919.4999999998288,46.55308016120116
919.533333333162,46.63835330859324
919.5666666664954,47.0775532787422
919.5999999998288,47.80594545900664
919.633333333162,48.68659970196257
919.6666666664952,49.55892048795111
919.6999999998286,50.26229852651747
919.733333333162,50.636124788793865
919.7666666664952,50.57148188547876
919.7999999998284,50.15566615006055
919.8333333331618,49.52252247393654
919.8666666664952,48.80589574850403
919.8999999998284,48.139590250214255
919.9333333331616,47.629040327619336
919.966666666495,47.30169686806063
919.9999999998284,47.17172840336293
920.0333333331616,47.25330346535108
920.0666666664948,47.56021313453505
920.0999999998282,48.053993838034856
920.1333333331615,48.59094687120909
920.1666666664948,49.01474251933459
920.1999999998282,49.16905106768826
920.2333333331616,48.90022223256989
920.2666666664948,48.19991493660595
920.299999999828,47.27655269166827
920.3333333331614,46.35625002723773
920.3666666664948,45.66512147279513
920.399999999828,45.42377688634068
920.4333333331612,45.698352938372906
920.4666666664946,46.3832359194264
920.499999999828,47.36383982960229
920.5333333331612,48.52557866900173
920.5666666664944,49.75519999747548
920.5999999998278,50.96181193385599
920.6333333331612,52.07305614337985
920.6666666664944,53.01713398385789
920.6999999998276,53.72224681310093
920.733333333161,54.138541192111575
920.7666666664944,54.454917559580885
920.7999999998276,55.006882979463775
920.8333333331608,56.13207490853676
920.8666666664942,58.168130803576304
920.8999999998276,61.47386913030195
920.9333333331608,66.56505552517056
920.966666666494,74.02795910351523
920.9999999998274,84.44918497223335
921.0333333331608,98.4153382382224
921.066666666494,116.0738015263396
921.0999999998272,135.29587419438025
921.1333333331606,153.21781734597582
921.166666666494,166.97552707254977
921.1999999998272,173.7049243776767
921.2333333331604,171.5768809199887
921.2666666664938,162.54915820259745
921.2999999998272,149.44541628851442
921.3333333331605,135.08931524075115
921.3666666664938,122.302503556125
921.3999999998272,112.94531668960106
921.4333333331604,106.37968144203876
921.4666666664936,101.5668646811994
921.499999999827,97.46813327484428
921.5333333331604,93.05888119983868
921.5666666664936,88.81600882983791
921.5999999998268,88.02695348148785
921.6333333331602,94.28779819930718
921.6666666664936,111.1946260278146
921.6999999998268,142.2213907886633
921.73333333316,185.5321562132044
921.7666666664934,232.04920364697148
921.7999999998268,272.1746070475372
921.83333333316,296.3104403724745
921.8666666664932,295.2609471158398
921.8999999998266,269.06297385373307
921.93333333316,226.97637142338723
921.9666666664932,178.6612404336854
921.9999999998264,133.77768149351073
922.0333333331598,101.49089027552488
922.0666666664932,84.11879853383057
922.0999999998264,78.97985415750463
922.1333333331596,83.27865377659325
922.166666666493,94.21979402114252
922.1999999998264,109.03936311871207
922.2333333331596,125.2563760936004
922.2666666664928,140.53935620858758
922.2999999998262,152.55818135079994
922.3333333331595,158.9827294073638
922.3666666664928,158.04800096754647
922.3999999998262,151.42652700357067
922.4333333331596,142.08343688072267
922.4666666664928,132.9861905779049
922.499999999826,127.10224807401978
922.5333333331594,126.57958473761092
922.5666666664928,130.12563883299617
922.599999999826,135.5450684023076
922.6333333331592,140.6425278731073
922.6666666664926,143.22331029767415
922.699999999826,141.80216502257733
922.7333333331592,136.96082203945016
922.7666666664924,129.6553837898072
922.7999999998258,120.84195271516296
922.8333333331592,111.47520258094374
922.8666666664924,102.2979394688804
922.8999999998256,93.61864376719475
922.933333333159,85.6925508431157
922.9666666664924,78.77489606387209
922.9999999998256,73.11723729394997
923.0333333331588,68.78117912469683
923.0666666664922,65.55031099615724
923.0999999998256,63.18612750751588
923.1333333331588,61.45012325795747
923.166666666492,60.10572168217685
923.1999999998254,58.96513774858621
923.2333333331588,57.89197281668255
923.266666666492,56.75227648979487
923.2999999998252,55.41209837125219
923.3333333331586,53.77122836870743
923.366666666492,52.22209989096587
923.3999999998252,51.53023422923413
923.4333333331584,52.4704011850574
923.4666666664918,55.81737055998088
923.4999999998251,62.18716869010708
923.5333333331585,70.73333085336778
923.5666666664918,79.82066937961004
923.5999999998252,87.80633416965067
923.6333333331584,93.04747512430632
923.6666666664916,94.20125479158546
923.699999999825,91.75565359609492
923.7333333331584,86.88915279969886
923.7666666664916,80.78150371502967
923.7999999998248,74.61245765471973
923.8333333331582,69.353744285325
923.8666666664916,65.11768692451002
923.8999999998248,61.79470460171972
923.933333333158,59.27521607812061
923.9666666664914,57.449620841884006
923.9999999998248,56.19219202586031
924.033333333158,55.33180288038224
924.0666666664912,54.689395418533394
924.0999999998246,54.08591165339741
924.133333333158,53.34300478380327
924.1666666664912,52.369598043872045
924.1999999998244,51.24476435912691
924.2333333331578,50.0672179570249
924.2666666664912,48.93567306502303
924.2999999998244,47.94767624692982
924.3333333331576,47.1493501014633
924.366666666491,46.51630079088122
924.3999999998244,46.01902858615127
924.4333333331576,45.62803375824111
924.4666666664908,45.31615798662081
924.4999999998242,45.10737627169264
924.5333333331575,45.07533045884699
924.5666666664908,45.29571042893446
924.599999999824,45.84420606280563
924.6333333331576,46.7817721703482
924.6666666664908,47.98292172704733
924.699999999824,49.194276534524654
924.7333333331574,50.15995754003876
924.7666666664908,50.62408569084825
924.799999999824,50.38316687128891
924.8333333331572,49.65088585982161
924.8666666664906,48.840337860353614
924.899999999824,48.36585799044128
924.9333333331572,48.64178136764093
924.9666666664904,49.98488517207107
924.9999999998238,52.20169817178088
925.0333333331572,54.93248889500774
925.0666666664904,57.81743497352453
925.0999999998236,60.49671837600256
925.133333333157,62.661766778885706
925.1666666664904,64.18266952760601
925.1999999998236,64.96842733568708
925.2333333331568,64.92804091665253
925.2666666664902,63.97095569871176
925.2999999998236,62.12731942314633
925.3333333331568,59.71088595074895
925.36666666649,57.07610226284304
925.3999999998234,54.57741534075199
925.4333333331568,52.56664080324476
925.46666666649,51.21892504724832
925.4999999998232,50.4241905705604
925.5333333331566,50.04644363289889
925.56666666649,49.949690493981706
925.5999999998232,50.00053041073193
925.6333333331564,50.13982288354112
925.6666666664898,50.39185214423247
925.6999999998231,50.78533610369902
925.7333333331565,51.3489926728338
925.7666666664898,52.11279761556559
925.7999999998232,53.1260391345846
925.8333333331564,54.45312749980473
925.8666666664896,56.158877011055175
925.899999999823,58.30810196816512
925.9333333331564,60.94765135810724
925.9666666664896,63.95849844506552
925.9999999998228,67.13200166469632
926.0333333331562,70.25864365283742
926.0666666664896,73.12890704532654
926.0999999998228,75.55766959916488
926.133333333156,77.5035244259114
926.1666666664894,78.97751405815161
926.1999999998228,79.99075787237102
926.233333333156,80.55437535486182
926.2666666664892,80.73553557908548
926.2999999998226,80.81724488144685
926.333333333156,81.13445603103905
926.3666666664892,82.02212179695515
926.3999999998224,83.81463311996043
926.4333333331558,86.6122012690618
926.4666666664892,89.91985919898012
926.4999999998224,93.1494852023828
926.5333333331556,95.7129575719372
926.566666666489,97.02644689254356
926.5999999998224,96.84888000994016
926.6333333331556,95.52629279616256
926.6666666664888,93.46236657677493
926.6999999998222,91.0607826773414
926.7333333331557,88.71643077398097
926.7666666664888,86.54980665976328
926.799999999822,84.35967321801951
926.8333333331556,81.92645863277552
926.8666666664888,79.03059108805708
926.899999999822,75.47510817480328
926.9333333331554,71.4255279386725
926.9666666664888,67.33931290982468
926.999999999822,63.6822204037373
927.0333333331552,60.920007735887815
927.0666666664886,59.46104979227887
927.099999999822,59.17464110125204
927.1333333331552,59.63475751481364
927.1666666664884,60.412351668482586
927.1999999998218,61.078376197777686
927.2333333331552,61.25864139380945
927.2666666664884,60.90160523825626
927.2999999998216,60.07329697182056
927.333333333155,58.83991618806572
927.3666666664884,57.267662560525046
927.3999999998216,55.43539638760041
927.4333333331548,53.46983964837723
927.4666666664882,51.509022313636784
927.4999999998216,49.69097435416038
927.5333333331548,48.153526683995416
927.566666666488,46.96609800253104
927.5999999998214,46.02998778107623
927.6333333331548,45.22113703752351
927.666666666488,44.41548678976533
927.6999999998212,43.49039933076825
927.7333333331546,42.42204472820116
927.766666666488,41.34807812769912
927.7999999998212,40.42106762786085
927.8333333331544,39.79358132728507
927.8666666664878,39.61229105993706
927.8999999998211,39.860704852917365
927.9333333331545,40.34221350630808
927.9666666664878,40.85091048141813
927.9999999998212,41.18088923955639
928.0333333331544,41.14046462737577
928.0666666664875,40.74135050921616
928.099999999821,40.14716758439437
928.1333333331544,39.52518363940423
928.1666666664876,39.04266646073959
928.1999999998208,38.84692570429799
928.2333333331542,38.91816626690687
928.2666666664876,39.1532734700457
928.2999999998208,39.44852125873377
928.333333333154,39.700183577990366
928.3666666664874,39.82238106402474
928.3999999998208,39.82211137553119
928.433333333154,39.73648960911939
928.4666666664872,39.60264650090615
928.4999999998206,39.457708934123794
928.533333333154,39.32146566856314
928.5666666664872,39.15649990381503
928.5999999998204,38.913613390989205
928.6333333331538,38.54360788119549
928.6666666664872,37.99759618559846
928.6999999998204,37.280283078414
928.7333333331536,36.5103817659956
928.766666666487,35.82120473955984
928.7999999998204,35.34606449032331
928.8333333331536,35.21564731463034
928.8666666664868,35.438190311480135
928.8999999998202,35.84997097415085
928.9333333331537,36.27437921648168
928.9666666664868,36.53480495231182
928.99999999982,36.46390733663667
929.0333333331536,36.08473043921008
929.0666666664868,35.59883338901853
929.09999999982,35.214667500635834
929.1333333331534,35.14068408863578
929.1666666664868,35.56050898357257
929.19999999982,36.38239889615912
929.2333333331532,37.34303856436846
929.2666666664866,38.176514575959
929.29999999982,38.6169135186891
929.3333333331532,38.445731255415154
929.3666666664864,37.75748319007063
929.3999999998198,36.77358707147611
929.4333333331532,35.71582234681143
929.4666666664864,34.80596846325643
929.4999999998196,34.22816317637905
929.533333333153,34.01239039558038
929.5666666664864,34.14917753729315
929.5999999998196,34.62905199932098
929.6333333331528,35.44243158465494
929.6666666664862,36.53043458953075
929.6999999998196,37.70729343622408
929.7333333331528,38.7671063158582
929.766666666486,39.503971419556365
929.7999999998194,39.71421149805617
929.8333333331528,39.35583066260444
929.866666666486,38.65516405494906
929.8999999998192,37.86383267530223
929.9333333331526,37.233457523876126
929.966666666486,37.00812751982553
929.9999999998192,37.2284729446667
930.0333333331524,37.71330924243866
930.0666666664858,38.27023994682095
930.0999999998191,38.706868591493055
930.1333333331524,38.84239533376597
930.1666666664858,38.65239994205341
930.199999999819,38.22463844238416
930.2333333331524,37.64931581069767
930.2666666664855,37.0166370229334
930.299999999819,36.45609764189973
930.3333333331524,36.39958395530735
930.3666666664856,37.4193606181207
930.3999999998188,40.08846518669445
930.4333333331522,44.97993521738326
930.4666666664856,52.4509122789431
930.4999999998188,61.85169191609217
930.533333333152,72.23929327067802
930.5666666664854,82.67070179869631
930.5999999998188,92.20303442218426
930.633333333152,100.02405333036376
930.6666666664852,105.69722139456468
930.6999999998186,108.85312339218954
930.733333333152,109.12234410064086
930.7666666664852,106.14056477065904
930.7999999998184,100.03406122108076
930.8333333331518,91.8206725511566
930.8666666664852,82.61261314576056
930.8999999998184,73.52209738976646
930.9333333331516,65.6425227348731
930.966666666485,59.47731857113391
930.9999999998184,54.83662603271328
931.0333333331516,51.49093643815323
931.0666666664848,49.21074110599573
931.0999999998182,47.76701927873724
931.1333333331517,46.937967177911
931.1666666664848,46.50729411542288
931.199999999818,46.25884878266928
931.2333333331514,45.97647987104664
931.2666666664848,45.461826452892296
931.299999999818,44.66219704199599
931.3333333331514,43.5961862758176
931.3666666664848,42.282875543502485
931.399999999818,40.74134623419597
931.4333333331512,39.02340179216306
931.4666666664846,37.34009799267354
931.499999999818,35.95086730211011
931.5333333331512,35.11515330146239
931.5666666664844,35.09228455638491
931.5999999998178,35.99669686198272
931.6333333331512,37.51470875655544
931.6666666664844,39.253949163292006
931.6999999998176,40.822047005381386
931.733333333151,41.828593230542914
931.7666666664844,42.07974469548378
931.7999999998176,41.74321525341684
931.8333333331508,41.0255720401663
931.8666666664842,40.13338219155636
931.8999999998176,39.27162633423488
931.9333333331508,38.595656913688806
931.966666666484,38.20257196393679
931.9999999998174,38.18614386150936
932.0333333331508,38.640144982937
932.066666666484,39.67079436346898
932.0999999998172,41.56463032983265
932.1333333331506,44.74403474442023
932.166666666484,49.6347166978934
932.1999999998172,56.66238528091382
932.2333333331504,66.08213362265037
932.2666666664838,76.79764025877175
932.2999999998171,87.06957580052247
932.3333333331504,95.1546869484701
932.3666666664838,99.3097204031822
932.399999999817,98.29356577821892
932.4333333331504,93.20081783728612
932.4666666664835,85.80467772025466
932.499999999817,77.87842081430746
932.5333333331504,71.19453168926225
932.5666666664836,66.91051354723747
932.5999999998168,64.46888341504727
932.6333333331502,63.01555077462822
932.6666666664836,61.69642510791692
932.6999999998168,59.663680391721456
932.73333333315,56.57608678439991
932.7666666664834,52.96376718862146
932.7999999998168,49.442856231935394
932.83333333315,46.629488541890986
932.8666666664832,45.11928740270872
932.8999999998166,44.95746271912516
932.93333333315,45.591207978198575
932.9666666664832,46.43766417639098
932.9999999998164,46.91397231016445
933.0333333331498,46.47909707558569
933.0666666664832,45.123165246343966
933.0999999998164,43.20162171366824
933.1333333331496,41.07710264357158
933.166666666483,39.112244202067046
933.1999999998164,37.62976000194208
933.2333333331496,36.67368793875448
933.2666666664828,36.16929500153257
933.2999999998162,36.04140748365125
933.3333333331497,36.214851678485424
933.3666666664828,36.607145048509054
933.399999999816,37.10603378361189
933.4333333331494,37.59168482113317
933.4666666664828,37.944265096759565
933.499999999816,38.04413895846975
933.5333333331494,37.83445611631029
933.5666666664828,37.4104718129688
933.599999999816,36.8900245391246
933.6333333331492,36.39095278545711
933.6666666664826,36.02989140207561
933.699999999816,35.85855136363715
933.7333333331492,35.83199589516421
933.7666666664824,35.897423277040986
933.7999999998158,36.00203178965173
933.8333333331492,36.09234045948353
933.8666666664824,36.10105989909954
933.8999999998156,35.94803089516314
933.933333333149,35.552602989681745
933.9666666664824,34.83412572466272
933.9999999998156,33.73165225980747
934.0333333331488,32.38324354154003
934.0666666664822,31.04239026598576
934.0999999998156,29.964000296049772
934.1333333331488,29.402981494637224
934.166666666482,29.54822775109107
934.1999999998154,30.2164001865658
934.2333333331488,31.093811175053503
934.266666666482,31.86663410027777
934.2999999998152,32.221070095835096
934.3333333331486,31.953812506084027
934.366666666482,31.22303560210104
934.3999999998152,30.26071932681313
934.4333333331484,29.29884362314735
934.4666666664818,28.568591145361463
934.4999999998151,28.203761382455195
934.5333333331484,28.14852912842127
934.5666666664818,28.325213673828888
934.599999999815,28.656134309247275
934.6333333331484,29.064208279800926
934.6666666664815,29.491782361613296
934.699999999815,29.90443370753872
934.7333333331484,30.26910520905307
934.7666666664816,30.552739757632207
934.7999999998148,30.72788495703258
934.8333333331482,30.846175376642652
934.8666666664816,31.017773020509605
934.8999999998148,31.354215518931383
934.933333333148,31.967040502205936
934.9666666664814,32.94829681307108
934.9999999998148,34.245600584828416
935.033333333148,35.74167656278198
935.0666666664812,37.31894003799247
935.0999999998146,38.859806301520585
935.133333333148,40.259043520817485
935.1666666664812,41.46324151007767
935.1999999998144,42.43257713210188
935.2333333331478,43.12722730151778
935.2666666664812,43.50744829897761
935.2999999998144,43.55908003935675
935.3333333331476,43.33009769385874
935.366666666481,42.87772742923851
935.3999999998144,42.25919541225097
935.4333333331476,41.53152601998266
935.4666666664808,40.74143684463369
935.4999999998142,39.9206273257052
935.5333333331477,39.09961077660999
935.5666666664808,38.30890051076096
935.599999999814,37.57975978722169
935.6333333331474,36.95760050694479
935.6666666664808,36.50044917016429
935.699999999814,36.2667741469512
935.7333333331474,36.315043807376576
935.7666666664808,36.69787928402897
935.799999999814,37.41387178398404
935.8333333331472,38.43240452956883
935.8666666664806,39.72257469681088
935.899999999814,41.25347946173775
935.9333333331472,42.9856794283405
935.9666666664804,44.83645430894034
935.9999999998138,46.70940008308314
936.0333333331472,48.50810740091815
936.0666666664804,50.13617942068149
936.0999999998136,51.50967154617958
936.133333333147,52.58045614562647
936.1666666664804,53.3068060101316
936.1999999998136,53.64699393080438
936.2333333331468,53.563822368487
936.2666666664802,53.365473250412464
936.2999999998136,53.94271665447961
936.3333333331468,56.24239837609151
936.36666666648,61.21136421065121
936.3999999998134,69.74198903276766
936.4333333331468,81.43355032313853
936.46666666648,94.56945438805823
936.4999999998132,107.37408142172173
936.5333333331466,118.07181161832384
936.56666666648,125.6480963160546
936.5999999998132,137.3539423425285
936.6333333331464,165.50906945526793
936.6666666664798,222.5065733331876
936.6999999998131,320.73954965520204
936.7333333331464,467.3712917708117
936.7666666664798,639.3747057155133
936.799999999813,802.9129703890665
936.8333333331464,924.1355232982132
936.8666666664795,969.1960868683764
936.899999999813,918.0061634171605
936.9333333331464,794.7777083490222
936.9666666664796,632.6221518119124
936.9999999998128,464.6509239537816
937.0333333331462,323.8351543958041
937.0666666664796,228.7729752570361
937.0999999998128,171.44898460130543
937.133333333146,140.9641236668327
937.1666666664794,126.41933369183856
937.1999999998128,117.1050576276524
937.233333333146,107.53228668441636
937.2666666664792,97.96174234859586
937.2999999998126,88.94979360076618
937.333333333146,81.05280942150259
937.3666666664792,74.78916614637536
937.3999999998124,70.22370105832556
937.4333333331458,67.12290659184049
937.4666666664792,65.2480384513525
937.4999999998124,64.3603523412938
937.5333333331456,64.22219703328214
937.566666666479,64.60267861425552
937.5999999998124,65.27348247446261
937.6333333331456,66.0062991340147
937.6666666664788,66.57283268132122
937.6999999998122,66.84250104738885
937.7333333331457,67.01669305357494
937.7666666664788,67.36723100638555
937.799999999812,68.16593721232674
937.8333333331454,69.6832213040942
937.8666666664787,72.02423412123481
937.899999999812,74.97617712128935
937.9333333331454,78.29013770893751
937.9666666664788,81.717203288859
937.999999999812,85.01226008517554
938.0333333331452,88.04031327930471
938.0666666664786,90.79083614482576
938.099999999812,93.25998410595604
938.1333333331452,95.44391258691302
938.1666666664784,97.33757256541904
938.1999999998118,98.92122456141828
938.2333333331452,100.16531373215994
938.2666666664784,101.040105784286
938.2999999998116,101.51586642443834
938.333333333145,101.57872149534074
938.3666666664784,101.31338515916518
938.3999999998116,100.84239522337089
938.4333333331448,100.28836720181964
938.4666666664782,99.77390229760456
938.4999999998116,99.32998557750656
938.5333333331448,98.67847544495622
938.566666666478,97.47609858998348
938.5999999998114,95.37958170261832
938.6333333331448,92.04838995286838
938.666666666478,87.44322774162505
938.6999999998112,82.09431388357712
938.7333333331446,76.59518329304737
938.766666666478,71.53937088435862
938.7999999998112,67.50904410256727
938.8333333331444,64.77406819389017
938.8666666664778,63.26083559233589
938.8999999998111,62.87811944655804
938.9333333331444,63.5346929052102
938.9666666664776,65.1210176526105
938.999999999811,67.31577891065976
939.0333333331444,69.6615497578562
939.0666666664775,71.69865788885434
939.099999999811,72.96743099830853
939.1333333331444,73.07659930854467
939.1666666664776,72.03625519067195
939.1999999998108,70.00242119396896
939.2333333331442,67.13132791792005
939.2666666664776,63.579223578667126
939.2999999998108,59.54619916704143
939.333333333144,55.37065542621672
939.3666666664774,51.4181995194982
939.3999999998108,48.05443861019106
939.433333333144,45.6423785659965
939.4666666664772,44.3201288545352
939.4999999998106,43.83053864010319
939.533333333144,43.87634828105971
939.5666666664772,44.160298135764016
939.5999999998104,44.3927899706218
939.6333333331438,44.46513349608787
939.6666666664772,44.45219411343063
939.6999999998104,44.43702821636401
939.7333333331436,44.50269219860195
939.766666666477,44.71645802217444
939.7999999998104,44.98437682987724
939.8333333331436,45.11817026275286
939.8666666664768,44.9283707380985
939.8999999998102,44.22551067321129
939.9333333331437,42.92152085827906
939.9666666664768,41.45627785341385
939.99999999981,40.44093561832737
940.0333333331434,40.486737498149935
940.0666666664767,42.20441460851181
940.09999999981,45.81494820556357
940.1333333331434,50.45555294524982
940.1666666664768,55.07657678910798
940.19999999981,58.62836769867547
940.2333333331432,60.07263834410063
940.2666666664766,59.05044526222935
940.29999999981,56.25437084780389
940.3333333331432,52.46728124121554
940.3666666664764,48.47204258285557
940.3999999998098,45.02622992243235
940.4333333331432,42.4139359568288
940.4666666664764,40.49907080278021
940.4999999998096,39.13096112381417
940.533333333143,38.158933583458186
940.5666666664764,37.4427604041609
940.5999999998096,36.93060454985216
940.6333333331428,36.61509253613038
940.6666666664762,36.48918818607143
940.6999999998096,36.54585532275115
940.7333333331428,36.76255988192624
940.766666666476,37.04934292502779
940.7999999998094,37.29791398714231
940.8333333331428,37.399982233193576
940.866666666476,37.2476369875232
940.8999999998092,36.829517830967376
940.9333333331426,36.358100359521686
940.966666666476,36.07749603573978
940.9999999998092,36.23181632217532
941.0333333331424,37.05991924952442
941.0666666664758,38.598278259055725
941.0999999998093,40.62152307093192
941.1333333331424,42.88689027131297
941.1666666664756,45.15161644635882
941.199999999809,47.181066327101775
941.2333333331424,48.85416644431088
941.2666666664755,50.13331655632736
941.299999999809,50.98284753757266
941.3333333331424,51.3670902624682
941.3666666664756,51.25662876311751
941.3999999998088,50.66348638795139
941.4333333331422,49.61654287737756
941.4666666664756,48.14472691599839
941.4999999998088,46.27697115957216
941.533333333142,44.07512155325582
941.5666666664754,41.71372012267137
941.5999999998088,39.39140946624789
941.633333333142,37.30683218241448
941.6666666664752,35.657945365878675
941.6999999998086,34.5743728493302
941.733333333142,34.06023757659022
941.7666666664752,34.106201318594
941.7999999998084,34.70292584627681
941.8333333331418,35.83505585240734
941.8666666664752,37.34190907867179
941.8999999998084,38.91351632172688
941.9333333331416,40.2330991218242
941.966666666475,40.98387901921527
941.9999999998084,40.88454714804727
942.0333333331416,40.00770954886856
942.0666666664748,38.629314822618696
942.0999999998082,37.02773615561255
942.1333333331416,35.481346734164994
942.1666666664748,34.22315175052891
942.199999999808,33.26261549576977
942.2333333331414,32.540470041740186
942.2666666664747,31.997428726239335
942.299999999808,31.574248006776084
942.3333333331414,31.23014776384864
942.3666666664748,30.971484840405804
942.399999999808,30.812030012795965
942.4333333331411,30.76555405736749
942.4666666664746,30.84526078015936
942.499999999808,31.03866815232566
942.5333333331412,31.297650789589703
942.5666666664744,31.571457581493128
942.5999999998078,31.809337417577574
942.6333333331412,31.962555593373192
942.6666666664744,32.012747504278394
942.6999999998076,31.96502954773685
942.733333333141,31.825128057544184
942.7666666664744,31.59876936749597
942.7999999998076,31.304804409723133
942.8333333331408,31.052360042725724
942.8666666664742,30.98853631201921
942.8999999998076,31.260565075730995
942.9333333331408,32.01567041402219
942.966666666474,33.31792746420171
942.9999999998074,34.942929417286265
943.0333333331408,36.60374794734084
943.066666666474,38.01345472843042
943.0999999998072,38.88697064150675
943.1333333331406,39.11869952099444
943.166666666474,38.93004102463265
943.1999999998072,38.57711743211625
943.2333333331404,38.31605102314011
943.2666666664738,38.39174027331537
943.2999999998073,38.7909755125852
943.3333333331404,39.24246078347566
943.3666666664736,39.46368069607922
943.399999999807,39.17211986048839
943.4333333331404,38.12995645354452
943.4666666664737,36.51899645692915
943.499999999807,34.75081800780184
943.5333333331404,33.23934779716999
943.5666666664736,32.398512516041
943.5999999998068,32.52414509609507
943.6333333331402,33.37264707785228
943.6666666664736,34.54648457141445
943.6999999998068,35.64811201032704
943.73333333314,36.28060398626064
943.7666666664734,36.20771680609227
943.7999999998068,35.56724068864265
943.83333333314,34.55007318749703
943.8666666664732,33.34711185624065
943.8999999998066,32.147341227809385
943.93333333314,31.07151239062445
943.9666666664732,30.15513326538241
943.9999999998064,29.42834389043746
944.0333333331398,28.9212843041438
944.0666666664732,28.664279855211035
944.0999999998064,28.6899833817252
944.1333333331396,29.032635913277595
944.166666666473,29.726509126086604
944.1999999998064,30.805874696370584
944.2333333331396,32.27508276505872
944.2666666664728,33.964932733009135
944.2999999998062,35.64380552544922
944.3333333331396,37.079999981990056
944.3666666664728,38.04192598914335
944.399999999806,38.41276489104677
944.4333333331394,38.40729026314936
944.4666666664727,38.29980790914452
944.499999999806,38.36462363272561
944.5333333331394,38.8728527256007
944.5666666664728,39.91664714590883
944.599999999806,41.31770638927323
944.6333333331391,42.87525793959945
944.6666666664726,44.38852928079308
944.699999999806,45.673149342834144
944.7333333331392,46.814121401210976
944.7666666664724,48.116794651763286
944.7999999998058,49.89298981686021
944.8333333331392,52.454527618870856
944.8666666664724,56.01891056727976
944.8999999998056,60.132288713300206
944.933333333139,64.04968692067823
944.9666666664724,67.02495379309778
944.9999999998056,68.3119687573024
945.0333333331388,67.49609114350696
945.0666666664722,65.31307552259253
945.0999999998056,62.748071211186286
945.1333333331388,60.78622752591541
945.166666666472,60.4178808308503
945.1999999998054,63.09211413373886
945.2333333331388,71.07008907535783
945.266666666472,86.69612950589497
945.2999999998052,112.31455927553812
945.3333333331386,150.01153359443242
945.366666666472,196.4897194602707
945.3999999998052,243.35938563580552
945.4333333331384,282.03090663801004
945.4666666664718,303.9146569838573
945.4999999998053,301.6712848754277
945.5333333331384,278.50636948969697
945.5666666664716,242.91536568023
945.599999999805,203.43344609187795
945.6333333331384,168.5957833694917
945.6666666664717,145.0463975009199
945.699999999805,131.8295865729793
945.7333333331384,126.08089967504904
945.7666666664716,124.93588588952036
945.7999999998048,125.53629516738584
945.8333333331382,125.86944431943212
945.8666666664716,125.61877379157644
945.8999999998048,124.67033815088996
945.933333333138,122.91019196444375
945.9666666664714,120.23005258036684
945.9999999998048,116.66575303336327
946.033333333138,112.40539768670952
946.0666666664712,107.64438636274184
946.0999999998046,102.5781188837964
946.133333333138,97.39620180002748
946.1666666664712,92.23250438579876
946.1999999998044,87.1897771514306
946.2333333331378,82.37043170188637
946.2666666664712,77.87687964212941
946.2999999998044,73.79954102209456
946.3333333331376,70.17517609805869
946.366666666471,67.0255417859874
946.3999999998044,64.37239430093955
946.4333333331376,62.23727797817763
946.4666666664708,60.59994093137594
946.4999999998042,59.34836698214933
946.5333333331376,58.3583511189964
946.5666666664708,57.505688330415765
946.599999999804,56.6666640850916
946.6333333331374,55.73203547501427
946.6666666664707,54.6090628952054
946.699999999804,53.20590575640253
946.7333333331374,51.43072346934322
946.7666666664708,49.207367017523104
946.799999999804,46.624875829061686
946.8333333331371,43.87121503067334
946.8666666664706,41.135686636182704
946.899999999804,38.60759265941444
946.9333333331372,36.45453219392808
946.9666666664704,34.740136936468474
946.9999999998038,33.49694261616172
947.0333333331372,32.75747932192179
947.0666666664704,32.554007821512364
947.0999999998036,32.85043969834911
947.133333333137,33.45225435232121
947.1666666664704,34.14254303539428
947.1999999998036,34.70439699953396
947.2333333331368,34.92571212963721
947.2666666664702,34.74877736582478
947.2999999998036,34.29949229774211
947.3333333331368,33.71445974657242
947.36666666647,33.13028253349892
947.3999999998034,32.67814547592704
947.4333333331368,32.429565499597345
947.46666666647,32.41908251500941
947.4999999998032,32.68068491129453
947.5333333331366,33.24836107758395
947.56666666647,34.12243955944992
947.5999999998032,35.13734042908552
947.6333333331364,36.07645467347757
947.6666666664698,36.72315930678504
947.6999999998033,36.861286517312095
947.7333333331364,36.40056560375106
947.7666666664696,35.54764879331103
947.799999999803,34.551971773927484
947.8333333331364,33.66297023353592
947.8666666664697,33.12455519744755
947.899999999803,33.00035097639552
947.9333333331364,33.13798269603948
947.9666666664696,33.37233511523049
947.9999999998028,33.53829299281962
948.0333333331362,33.48022186182131
948.0666666664696,33.146722128501814
948.0999999998028,32.550908122855546
948.133333333136,31.7068529734556
948.1666666664694,30.62862980887508
948.1999999998028,29.34890927975828
948.233333333136,27.990988245340844
948.2666666664692,26.70572786413358
948.2999999998026,25.643995743664
948.333333333136,24.95640131794061
948.3666666664692,24.72888172674573
948.3999999998024,24.897864983680275
948.4333333331358,25.378715537692376
948.4666666664692,26.08679783773015
948.4999999998024,26.936755813069485
948.5333333331356,27.821001694203037
948.566666666469,28.606026451227017
948.5999999998024,29.156857164404396
948.6333333331356,29.33852091399809
948.6666666664688,29.03767672624384
948.6999999998022,28.36756696033144
948.7333333331356,27.57660589186493
948.7666666664688,26.91501389887823
948.799999999802,26.633011359405224
948.8333333331354,26.903276887582773
948.8666666664687,27.539510312585293
948.899999999802,28.25160247543912
948.9333333331354,28.74943384700852
948.9666666664688,28.743732690712594
948.999999999802,28.10857822886772
949.0333333331351,27.07477339631017
949.0666666664686,25.920211886485685
949.099999999802,24.92278739283999
949.1333333331352,24.352583287035664
949.1666666664684,24.26647117620926
949.1999999998018,24.48760098090659
949.2333333331352,24.827199465261398
949.2666666664684,25.09649339340744
949.2999999998016,25.12707948323576
949.333333333135,24.944921227796016
949.3666666664684,24.683789542820296
949.3999999998016,24.47860478241069
949.4333333331348,24.46428730066928
949.4666666664682,24.73764071844166
949.4999999998016,25.23433243256244
949.5333333331348,25.84745663247455
949.566666666468,26.4701072552944
949.5999999998014,26.99554427053591
949.6333333331348,27.338990075162965
949.666666666468,27.45936754070974
949.6999999998012,27.32076959938436
949.7333333331346,26.887289183394945
949.766666666468,26.12865060476812
949.7999999998012,25.14310598863091
949.8333333331344,24.156885506957703
949.8666666664678,23.401740757657453
949.8999999998013,23.10942333863912
949.9333333331344,23.47135614109351
949.9666666664676,24.342684542822266
949.999999999801,25.411458746260124
950.0333333331344,26.36451876966247
950.0666666664677,26.888706127017507
950.099999999801,26.77361152434926
950.1333333331344,26.19011433822713
950.1666666664676,25.397518732184658
950.1999999998008,24.655128869755416
950.2333333331342,24.220469379213597
950.2666666664676,24.1989580379955
950.2999999998008,24.42965232557801
950.333333333134,24.72470599515165
950.3666666664674,24.89627279990692
950.3999999998008,24.7660529698174
950.433333333134,24.32994441310604
950.4666666664672,23.73603878660016
950.4999999998006,23.137548266810303
950.533333333134,22.68768503024702
950.5666666664672,22.51627031327552
950.5999999998004,22.589028388247467
950.6333333331338,22.80143403576984
950.6666666664672,23.04869553531429
950.6999999998004,23.22603389694801
950.7333333331336,23.258131773079462
950.766666666467,23.162037721269694
950.7999999998004,22.97285340473441
950.8333333331336,22.72568048668929
950.8666666664668,0.0
950.8999999998002,0.0
950.9333333331336,0.0
950.9666666664668,0.0
950.9999999998,0.0
951.0333333331334,0.0
951.0666666664667,0.0
951.0999999998,0.0
951.1333333331334,0.0
951.1666666664668,0.0
951.1999999998,0.0
951.2333333331331,0.0
951.2666666664666,0.0
951.2999999998,0.0
951.3333333331332,0.0
951.3666666664664,0.0
951.3999999997998,0.0
951.4333333331332,0.0
951.4666666664664,0.0
951.4999999997996,0.0
951.533333333133,0.0
951.5666666664664,0.0
951.5999999997996,0.0
951.6333333331328,0.0
951.6666666664662,0.0
951.6999999997996,0.0
951.7333333331328,0.0
951.766666666466,0.0
951.7999999997994,0.0
951.8333333331328,0.0
951.866666666466,0.0
951.8999999997992,0.0
951.9333333331326,0.0
951.966666666466,0.0
951.9999999997992,0.0
952.0333333331324,0.0
952.0666666664658,0.0
952.0999999997993,0.0
952.1333333331324,0.0
952.1666666664656,0.0
952.199999999799,0.0
952.2333333331324,0.0
952.2666666664657,0.0
952.299999999799,0.0
952.3333333331324,0.0
952.3666666664656,0.0
952.3999999997988,0.0
952.4333333331322,0.0
952.4666666664656,0.0
952.4999999997988,0.0
952.533333333132,0.0
952.5666666664654,0.0
952.5999999997988,0.0
952.633333333132,0.0
952.6666666664652,0.0
952.6999999997986,0.0
952.733333333132,0.0
952.7666666664652,0.0
952.7999999997984,0.0
952.8333333331318,0.0
952.8666666664652,0.0
952.8999999997984,0.0
952.9333333331316,0.0
952.966666666465,0.0
952.9999999997984,0.0
953.0333333331316,0.0
953.0666666664648,0.0
953.0999999997982,0.0
953.1333333331316,0.0
953.1666666664648,0.0
953.199999999798,0.0
953.2333333331314,0.0
953.2666666664647,0.0
953.299999999798,0.0
953.3333333331312,0.0
953.3666666664648,0.0
953.399999999798,0.0
953.4333333331311,0.0
953.4666666664646,0.0
953.499999999798,0.0
953.5333333331312,0.0
953.5666666664644,0.0
953.5999999997978,0.0
953.6333333331312,0.0
953.6666666664644,0.0
953.6999999997976,0.0
953.733333333131,0.0
953.7666666664644,0.0
953.7999999997976,0.0
953.8333333331308,0.0
953.8666666664642,0.0
953.8999999997976,0.0
953.9333333331308,0.0
953.966666666464,0.0
953.9999999997974,0.0
954.0333333331308,0.0
954.066666666464,0.0
954.0999999997972,0.0
954.1333333331306,0.0
954.166666666464,0.0
954.1999999997972,0.0
954.2333333331304,0.0
954.2666666664638,0.0
954.2999999997973,0.0
954.3333333331304,0.0
954.3666666664636,0.0
954.399999999797,0.0
954.4333333331303,0.0
954.4666666664637,0.0
954.499999999797,0.0
954.5333333331304,0.0
954.5666666664636,0.0
954.5999999997968,0.0
954.6333333331302,0.0
954.6666666664636,0.0
954.6999999997968,0.0
954.73333333313,0.0
954.7666666664634,0.0
954.7999999997968,0.0
954.83333333313,0.0
954.8666666664632,0.0
954.8999999997966,0.0
954.93333333313,0.0
954.9666666664632,0.0
954.9999999997964,0.0
955.0333333331298,0.0
955.0666666664632,0.0
955.0999999997964,0.0
955.1333333331296,0.0
955.166666666463,0.0
955.1999999997964,0.0
955.2333333331296,0.0
955.2666666664628,0.0
955.2999999997962,0.0
955.3333333331296,0.0
955.3666666664628,0.0
955.399999999796,0.0
955.4333333331294,0.0
955.4666666664629,0.0
955.499999999796,0.0
955.5333333331292,0.0
955.5666666664628,0.0
955.599999999796,0.0
955.6333333331291,0.0
955.6666666664626,0.0
955.699999999796,0.0
955.7333333331292,0.0
955.7666666664624,0.0
955.7999999997958,0.0
955.8333333331292,0.0
955.8666666664624,0.0
955.8999999997956,0.0
955.933333333129,0.0
955.9666666664624,0.0
955.9999999997956,0.0
956.0333333331288,0.0
956.0666666664622,0.0
956.0999999997956,0.0
956.1333333331288,0.0
956.166666666462,0.0
956.1999999997954,0.0
956.2333333331288,0.0
956.266666666462,0.0
956.2999999997952,0.0
956.3333333331286,0.0
956.366666666462,0.0
956.3999999997952,0.0
956.4333333331284,0.0
956.4666666664618,0.0
956.4999999997953,0.0
956.5333333331284,0.0
956.5666666664616,0.0
956.599999999795,0.0
956.6333333331283,0.0
956.6666666664617,0.0
956.699999999795,0.0
956.7333333331284,0.0
956.7666666664616,0.0
956.7999999997947,0.0
956.8333333331282,0.0
956.8666666664616,0.0
956.8999999997948,0.0
956.933333333128,0.0
956.9666666664614,0.0
956.9999999997948,0.0
957.033333333128,0.0
957.0666666664612,0.0
957.0999999997946,0.0
957.133333333128,0.0
957.1666666664612,0.0
957.1999999997944,0.0
957.2333333331278,0.0
957.2666666664612,0.0
957.2999999997944,0.0
957.3333333331276,0.0
957.366666666461,0.0
957.3999999997944,0.0
957.4333333331276,0.0
957.4666666664608,0.0
957.4999999997942,0.0
957.5333333331276,0.0
957.5666666664608,0.0
957.599999999794,0.0
957.6333333331274,0.0
957.6666666664609,0.0
957.699999999794,0.0
957.7333333331272,0.0
957.7666666664608,0.0
957.799999999794,0.0
957.8333333331271,0.0
957.8666666664606,0.0
957.899999999794,0.0
957.9333333331272,0.0
957.9666666664604,0.0
957.9999999997938,0.0
958.0333333331272,0.0
958.0666666664604,0.0
958.0999999997936,0.0
958.133333333127,0.0
958.1666666664604,0.0
958.1999999997936,0.0
958.2333333331268,0.0
958.2666666664602,0.0
958.2999999997936,0.0
958.3333333331268,0.0
958.36666666646,0.0
958.3999999997934,0.0
958.4333333331268,0.0
958.46666666646,0.0
958.4999999997932,0.0
958.5333333331266,0.0
958.56666666646,0.0
958.5999999997932,0.0
958.6333333331264,0.0
958.6666666664598,0.0
958.6999999997932,0.0
958.7333333331264,0.0
958.7666666664596,0.0
958.799999999793,0.0
958.8333333331263,0.0
958.8666666664597,0.0
958.899999999793,0.0
958.9333333331264,0.0
958.9666666664596,0.0
958.9999999997927,0.0
959.0333333331262,0.0
959.0666666664596,0.0
959.0999999997928,0.0
959.133333333126,0.0
959.1666666664594,0.0
959.1999999997928,0.0
959.233333333126,0.0
959.2666666664592,0.0
959.2999999997926,0.0
959.333333333126,0.0
959.3666666664592,0.0
959.3999999997924,0.0
959.4333333331258,0.0
959.4666666664592,0.0
959.4999999997924,0.0
959.5333333331256,0.0
959.566666666459,0.0
959.5999999997924,0.0
959.6333333331256,0.0
959.6666666664588,0.0
959.6999999997922,0.0
959.7333333331256,0.0
959.7666666664588,0.0
959.799999999792,0.0
959.8333333331254,0.0
959.8666666664589,0.0
959.899999999792,0.0
959.9333333331252,0.0
959.9666666664588,0.0
959.999999999792,0.0
