s,Sum,Cu I (8.6e-02),Cu II (9.1e-01)
200.11,3.926e-8,,3.926e-8
200.16,6.959e-7,,6.959e-7
200.21,1.090e-5,,1.090e-5
200.26,1.510e-4,,1.510e-4
200.31,1.849e-3,,1.849e-3
200.36,2.000e-2,,2.000e-2
200.41,1.913e-1,,1.913e-1
200.46,1.618e+0,,1.618e+0
200.51,1.209e+1,,1.209e+1
200.56,7.986e+1,,7.986e+1
200.61,4.663e+2,,4.663e+2
200.66,2.407e+3,,2.407e+3
200.72,1.466e+4,,1.466e+4
200.77,5.773e+4,,5.773e+4
200.82,2.010e+5,,2.010e+5
200.87,6.194e+5,,6.194e+5
200.92,1.691e+6,,1.691e+6
200.97,4.098e+6,,4.098e+6
201.02,8.847e+6,,8.847e+6
201.07,1.713e+7,,1.713e+7
201.12,3.006e+7,,3.006e+7
201.17,4.866e+7,,4.866e+7
201.22,7.434e+7,8.751e-8,7.434e+7
201.27,1.097e+8,1.577e-6,1.097e+8
201.32,1.581e+8,2.516e-5,1.581e+8
201.37,2.215e+8,3.553e-4,2.215e+8
201.42,2.953e+8,4.441e-3,2.953e+8
201.47,3.659e+8,4.914e-2,3.659e+8
201.52,4.133e+8,4.812e-1,4.133e+8
201.57,4.200e+8,4.171e+0,4.200e+8
201.62,3.811e+8,3.200e+1,3.811e+8
201.67,3.074e+8,2.173e+2,3.074e+8
201.72,2.198e+8,1.306e+3,2.198e+8
201.77,1.392e+8,6.950e+3,1.392e+8
201.82,7.800e+7,3.273e+4,7.797e+7
201.87,3.881e+7,1.364e+5,3.867e+7
201.92,1.758e+7,5.034e+5,1.708e+7
201.97,8.831e+6,1.644e+6,7.187e+6
202.02,9.410e+6,4.753e+6,4.657e+6
202.07,2.109e+7,1.216e+7,8.926e+6
202.12,5.272e+7,2.754e+7,2.517e+7
202.17,1.223e+8,5.521e+7,6.712e+7
202.22,2.573e+8,9.797e+7,1.594e+8
202.27,4.891e+8,1.539e+8,3.352e+8
202.32,8.380e+8,2.139e+8,6.241e+8
202.37,1.292e+9,2.632e+8,1.029e+9
202.42,1.788e+9,2.867e+8,1.502e+9
202.47,2.217e+9,2.764e+8,1.941e+9
202.52,2.457e+9,2.358e+8,2.221e+9
202.57,2.428e+9,1.781e+8,2.250e+9
202.62,2.139e+9,1.191e+8,2.020e+9
202.67,1.677e+9,7.047e+7,1.607e+9
202.72,1.172e+9,3.691e+7,1.135e+9
202.77,7.318e+8,1.711e+7,7.147e+8
202.82,4.145e+8,7.023e+6,4.075e+8
202.87,2.231e+8,2.551e+6,2.205e+8
202.92,1.287e+8,8.201e+5,1.279e+8
202.97,9.449e+7,2.334e+5,9.425e+7
203.02,9.027e+7,5.879e+4,9.021e+7
203.07,9.935e+7,1.311e+4,9.934e+7
203.12,1.229e+8,2.587e+3,1.229e+8
203.17,1.878e+8,4.519e+2,1.878e+8
203.22,3.587e+8,6.987e+1,3.587e+8
203.27,7.494e+8,9.562e+0,7.494e+8
203.32,1.518e+9,1.158e+0,1.518e+9
203.37,2.826e+9,1.242e-1,2.826e+9
203.42,4.756e+9,1.179e-2,4.756e+9
203.47,7.212e+9,9.903e-4,7.212e+9
203.52,9.856e+9,7.363e-5,9.856e+9
203.57,1.216e+10,4.846e-6,1.216e+10
203.62,1.356e+10,2.823e-7,1.356e+10
203.67,1.369e+10,1.456e-8,1.369e+10
203.72,1.251e+10,,1.251e+10
203.77,1.034e+10,,1.034e+10
203.82,7.717e+9,,7.717e+9
203.87,5.205e+9,,5.205e+9
203.92,3.194e+9,,3.194e+9
203.97,1.862e+9,,1.862e+9
204.02,1.226e+9,,1.226e+9
204.07,1.249e+9,,1.249e+9
204.12,1.899e+9,,1.899e+9
204.17,3.138e+9,,3.138e+9
204.22,4.826e+9,,4.826e+9
204.27,6.651e+9,,6.651e+9
204.32,8.148e+9,,8.148e+9
204.37,8.859e+9,,8.859e+9
204.42,8.547e+9,,8.547e+9
204.47,7.316e+9,,7.316e+9
204.52,5.556e+9,,5.556e+9
204.57,3.745e+9,,3.745e+9
204.62,2.241e+9,,2.241e+9
204.67,1.192e+9,,1.192e+9
204.72,5.653e+8,,5.653e+8
204.77,2.408e+8,,2.408e+8
204.82,9.379e+7,,9.379e+7
204.87,3.513e+7,,3.513e+7
204.92,1.528e+7,,1.528e+7
204.97,1.409e+7,,1.409e+7
205.02,3.161e+7,,3.161e+7
205.07,8.695e+7,,8.695e+7
205.12,2.241e+8,,2.241e+8
205.17,5.173e+8,,5.173e+8
205.22,1.063e+9,,1.063e+9
205.27,1.941e+9,,1.941e+9
205.32,3.149e+9,,3.149e+9
205.37,4.540e+9,,4.540e+9
205.42,5.815e+9,,5.815e+9
205.47,6.618e+9,,6.618e+9
205.52,6.692e+9,,6.692e+9
205.57,6.012e+9,,6.012e+9
205.62,4.798e+9,,4.798e+9
205.67,3.402e+9,,3.402e+9
205.72,2.143e+9,,2.143e+9
205.77,1.199e+9,,1.199e+9
205.82,5.966e+8,,5.966e+8
205.87,2.643e+8,,2.643e+8
205.92,1.057e+8,,1.057e+8
205.97,4.075e+7,,4.075e+7
206.02,1.958e+7,,1.958e+7
206.07,1.641e+7,,1.641e+7
206.12,1.954e+7,,1.954e+7
206.17,2.373e+7,,2.373e+7
206.22,2.642e+7,,2.642e+7
206.27,2.656e+7,,2.656e+7
206.32,2.439e+7,,2.439e+7
206.37,2.110e+7,,2.110e+7
206.42,1.822e+7,,1.822e+7
206.47,1.674e+7,,1.674e+7
206.52,1.674e+7,,1.674e+7
206.57,1.743e+7,,1.743e+7
206.62,1.770e+7,,1.770e+7
206.67,1.681e+7,,1.681e+7
206.72,1.473e+7,,1.473e+7
206.77,1.204e+7,,1.204e+7
206.82,9.488e+6,,9.488e+6
206.87,7.586e+6,,7.586e+6
206.92,6.393e+6,,6.393e+6
206.97,5.631e+6,,5.631e+6
207.02,4.939e+6,,4.939e+6
207.07,4.107e+6,,4.107e+6
207.12,3.135e+6,,3.135e+6
207.17,2.160e+6,,2.160e+6
207.22,1.336e+6,,1.336e+6
207.27,7.505e+5,,7.505e+5
207.32,4.256e+5,,4.256e+5
207.37,3.800e+5,,3.800e+5
207.42,7.309e+5,,7.309e+5
207.47,1.812e+6,,1.812e+6
207.52,4.273e+6,,4.273e+6
207.57,9.054e+6,,9.054e+6
207.62,1.711e+7,,1.711e+7
207.67,2.880e+7,,2.880e+7
207.72,4.318e+7,,4.318e+7
207.77,5.766e+7,,5.766e+7
207.82,6.859e+7,,6.859e+7
207.87,7.268e+7,,7.268e+7
207.92,6.859e+7,,6.859e+7
207.97,5.767e+7,,5.767e+7
208.02,4.320e+7,,4.320e+7
208.07,2.888e+7,,2.888e+7
208.12,1.732e+7,,1.732e+7
208.17,9.585e+6,,9.585e+6
208.22,5.448e+6,,5.448e+6
208.27,4.174e+6,,4.174e+6
208.32,5.102e+6,,5.102e+6
208.37,7.962e+6,,7.962e+6
208.42,1.301e+7,,1.301e+7
208.47,2.107e+7,,2.107e+7
208.52,3.338e+7,,3.338e+7
208.57,5.095e+7,,5.095e+7
208.62,7.342e+7,,7.342e+7
208.67,9.797e+7,,9.797e+7
208.72,1.193e+8,,1.193e+8
208.77,1.313e+8,,1.313e+8
208.82,1.299e+8,,1.299e+8
208.87,1.151e+8,,1.151e+8
208.92,9.128e+7,,9.128e+7
208.97,6.501e+7,,6.501e+7
209.02,4.213e+7,,4.213e+7
209.07,2.602e+7,,2.602e+7
209.12,1.729e+7,,1.729e+7
209.17,1.465e+7,,1.465e+7
209.22,1.593e+7,,1.593e+7
209.27,1.880e+7,,1.880e+7
209.32,2.130e+7,,2.130e+7
209.37,2.220e+7,,2.220e+7
209.42,2.137e+7,,2.137e+7
209.47,1.983e+7,,1.983e+7
209.52,1.944e+7,,1.944e+7
209.57,2.220e+7,,2.220e+7
209.62,2.940e+7,,2.940e+7
209.67,4.077e+7,,4.077e+7
209.72,5.416e+7,,5.416e+7
209.77,6.595e+7,,6.595e+7
209.82,7.245e+7,,7.245e+7
209.87,7.167e+7,,7.167e+7
209.92,6.484e+7,,6.484e+7
209.97,5.728e+7,,5.728e+7
210.02,5.939e+7,,5.939e+7
210.07,8.864e+7,,8.864e+7
210.12,1.724e+8,,1.724e+8
210.17,3.477e+8,,3.477e+8
210.22,6.530e+8,,6.530e+8
210.27,1.106e+9,,1.106e+9
210.32,1.679e+9,,1.679e+9
210.37,2.276e+9,,2.276e+9
210.42,2.758e+9,,2.758e+9
210.47,2.984e+9,,2.984e+9
210.52,2.885e+9,,2.885e+9
210.57,2.492e+9,,2.492e+9
210.62,1.924e+9,,1.924e+9
210.67,1.333e+9,,1.333e+9
210.72,8.441e+8,,8.441e+8
210.77,5.303e+8,,5.303e+8
210.82,4.281e+8,,4.281e+8
210.87,5.674e+8,,5.674e+8
210.92,9.907e+8,,9.907e+8
210.97,1.738e+9,,1.738e+9
211.02,2.794e+9,,2.794e+9
211.07,4.037e+9,,4.037e+9
211.12,5.221e+9,,5.221e+9
211.17,6.037e+9,,6.037e+9
211.22,6.241e+9,,6.241e+9
211.27,5.770e+9,,5.770e+9
211.32,4.771e+9,,4.771e+9
211.37,3.532e+9,,3.532e+9
211.42,2.349e+9,,2.349e+9
211.47,1.419e+9,,1.419e+9
211.52,8.024e+8,,8.024e+8
211.57,4.596e+8,,4.596e+8
211.62,3.034e+8,,3.034e+8
211.67,2.475e+8,,2.475e+8
211.72,2.299e+8,,2.299e+8
211.77,2.195e+8,,2.195e+8
211.82,2.155e+8,,2.155e+8
211.87,2.452e+8,,2.452e+8
211.92,3.643e+8,,3.643e+8
211.97,6.541e+8,,6.541e+8
212.02,1.207e+9,,1.207e+9
212.07,2.092e+9,,2.092e+9
212.12,3.300e+9,,3.300e+9
212.17,4.702e+9,,4.702e+9
212.22,6.066e+9,,6.066e+9
212.27,7.145e+9,,7.145e+9
212.32,7.796e+9,,7.796e+9
212.37,8.057e+9,,8.057e+9
212.42,8.100e+9,,8.100e+9
212.47,8.087e+9,,8.087e+9
212.52,8.036e+9,,8.036e+9
212.57,7.814e+9,,7.814e+9
212.62,7.242e+9,,7.242e+9
212.67,6.246e+9,,6.246e+9
212.72,4.933e+9,,4.933e+9
212.77,3.531e+9,,3.531e+9
212.82,2.280e+9,,2.280e+9
212.87,1.326e+9,,1.326e+9
212.92,6.975e+8,,6.975e+8
212.97,3.406e+8,,3.406e+8
213.02,1.797e+8,,1.797e+8
213.07,1.700e+8,,1.700e+8
213.12,3.404e+8,,3.404e+8
213.17,8.363e+8,,8.363e+8
213.22,1.962e+9,,1.962e+9
213.27,4.192e+9,,4.192e+9
213.32,8.082e+9,,8.082e+9
213.37,1.402e+10,,1.402e+10
213.42,2.185e+10,,2.185e+10
213.47,3.057e+10,,3.057e+10
213.52,3.838e+10,,3.838e+10
213.57,4.321e+10,,4.321e+10
213.62,4.364e+10,,4.364e+10
213.67,3.950e+10,,3.950e+10
213.72,3.206e+10,,3.206e+10
213.77,2.332e+10,,2.332e+10
213.82,1.520e+10,,1.520e+10
213.87,8.885e+9,,8.885e+9
213.92,4.654e+9,,4.654e+9
213.97,2.185e+9,,2.185e+9
214.02,9.191e+8,,9.191e+8
214.07,3.466e+8,,3.466e+8
214.12,1.173e+8,,1.173e+8
214.17,3.611e+7,,3.611e+7
214.22,1.122e+7,,1.122e+7
214.27,6.182e+6,,6.182e+6
214.32,9.855e+6,,9.855e+6
214.37,2.328e+7,,2.328e+7
214.42,5.763e+7,,5.763e+7
214.47,1.389e+8,,1.389e+8
214.52,3.152e+8,,3.152e+8
214.57,6.593e+8,,6.593e+8
214.62,1.255e+9,,1.255e+9
214.67,2.161e+9,,2.161e+9
214.72,3.352e+9,,3.352e+9
214.77,4.676e+9,,4.676e+9
214.82,5.862e+9,,5.862e+9
214.87,6.600e+9,,6.600e+9
214.92,6.673e+9,,6.673e+9
214.97,6.061e+9,,6.061e+9
215.02,4.946e+9,,4.946e+9
215.07,3.631e+9,,3.631e+9
215.12,2.402e+9,,2.402e+9
215.17,1.436e+9,,1.436e+9
215.22,7.811e+8,5.353e-7,7.811e+8
215.27,3.899e+8,7.954e-6,3.899e+8
215.32,1.812e+8,1.062e-4,1.812e+8
215.37,7.998e+7,1.275e-3,7.998e+7
215.42,3.420e+7,1.376e-2,3.420e+7
215.47,1.436e+7,1.334e-1,1.436e+7
215.52,5.925e+6,1.163e+0,5.925e+6
215.57,2.411e+6,9.113e+0,2.411e+6
215.62,1.081e+6,6.418e+1,1.081e+6
215.67,8.662e+5,4.062e+2,8.658e+5
215.72,1.515e+6,2.311e+3,1.513e+6
215.77,3.264e+6,1.182e+4,3.252e+6
215.82,6.666e+6,5.433e+4,6.612e+6
215.87,1.238e+7,2.245e+5,1.216e+7
215.92,2.094e+7,8.335e+5,2.010e+7
215.97,3.265e+7,2.782e+6,2.987e+7
216.02,4.823e+7,8.346e+6,3.988e+7
216.07,7.035e+7,2.251e+7,4.784e+7
216.12,1.061e+8,5.455e+7,5.156e+7
216.17,1.688e+8,1.188e+8,4.993e+7
216.22,2.761e+8,2.327e+8,4.345e+7
216.27,4.435e+8,4.096e+8,3.397e+7
216.32,6.717e+8,6.479e+8,2.386e+7
216.37,9.363e+8,9.212e+8,1.506e+7
216.42,1.186e+9,1.177e+9,8.538e+6
216.47,1.357e+9,1.352e+9,4.350e+6
216.52,1.398e+9,1.396e+9,1.991e+6
216.57,1.297e+9,1.296e+9,8.191e+5
216.62,1.081e+9,1.081e+9,3.027e+5
216.67,8.107e+8,8.106e+8,1.006e+5
216.72,5.463e+8,5.462e+8,3.025e+4
216.77,3.309e+8,3.309e+8,9.345e+3
216.82,1.802e+8,1.801e+8,7.735e+3
216.87,8.818e+7,8.816e+7,2.358e+4
216.92,3.886e+7,3.878e+7,8.328e+4
216.97,1.560e+7,1.533e+7,2.690e+5
217.02,6.230e+6,5.448e+6,7.822e+5
217.07,3.789e+6,1.742e+6,2.047e+6
217.12,5.332e+6,5.085e+5,4.824e+6
217.17,1.041e+7,1.719e+5,1.024e+7
217.22,1.983e+7,2.156e+5,1.961e+7
217.27,3.481e+7,7.286e+5,3.408e+7
217.32,5.685e+7,2.531e+6,5.432e+7
217.37,8.950e+7,7.973e+6,8.153e+7
217.42,1.438e+8,2.262e+7,1.212e+8
217.47,2.489e+8,5.776e+7,1.911e+8
217.52,4.663e+8,1.328e+8,3.335e+8
217.57,9.007e+8,2.750e+8,6.257e+8
217.62,1.692e+9,5.128e+8,1.179e+9
217.67,2.971e+9,8.622e+8,2.109e+9
217.72,4.785e+9,1.308e+9,3.477e+9
217.77,7.004e+9,1.796e+9,5.208e+9
217.82,9.287e+9,2.237e+9,7.049e+9
217.87,1.115e+10,2.547e+9,8.602e+9
217.92,1.213e+10,2.675e+9,9.454e+9
217.97,1.199e+10,2.631e+9,9.355e+9
218.02,1.080e+10,2.468e+9,8.333e+9
218.07,8.931e+9,2.248e+9,6.683e+9
218.12,6.833e+9,2.007e+9,4.825e+9
218.17,4.889e+9,1.750e+9,3.138e+9
218.22,3.308e+9,1.469e+9,1.839e+9
218.27,2.136e+9,1.163e+9,9.726e+8
218.32,1.322e+9,8.559e+8,4.659e+8
218.37,7.831e+8,5.777e+8,2.054e+8
218.42,4.467e+8,3.549e+8,9.174e+7
218.47,2.607e+8,1.976e+8,6.308e+7
218.52,1.979e+8,9.937e+7,9.856e+7
218.57,2.589e+8,4.508e+7,2.138e+8
218.62,4.734e+8,1.844e+7,4.550e+8
218.67,8.952e+8,6.791e+6,8.884e+8
218.72,1.585e+9,2.253e+6,1.583e+9
218.77,2.586e+9,6.730e+5,2.585e+9
218.82,3.914e+9,1.810e+5,3.914e+9
218.87,5.568e+9,4.383e+4,5.567e+9
218.92,7.567e+9,9.556e+3,7.567e+9
218.97,9.964e+9,1.876e+3,9.964e+9
219.02,1.278e+10,3.315e+2,1.278e+10
219.07,1.587e+10,5.273e+1,1.587e+10
219.12,1.883e+10,7.553e+0,1.883e+10
219.17,2.098e+10,9.739e-1,2.098e+10
219.22,2.165e+10,1.131e-1,2.165e+10
219.27,2.049e+10,1.182e-2,2.049e+10
219.32,1.766e+10,1.112e-3,1.766e+10
219.37,1.381e+10,9.418e-5,1.381e+10
219.42,9.787e+9,7.183e-6,9.787e+9
219.47,6.283e+9,4.931e-7,6.283e+9
219.52,3.664e+9,,3.664e+9
219.57,1.954e+9,,1.954e+9
219.62,9.639e+8,,9.639e+8
219.67,4.499e+8,,4.499e+8
219.72,2.058e+8,,2.058e+8
219.77,9.691e+7,,9.691e+7
219.82,5.028e+7,,5.028e+7
219.87,3.128e+7,,3.128e+7
219.92,2.461e+7,,2.461e+7
219.97,2.315e+7,,2.315e+7
220.02,2.308e+7,,2.308e+7
220.07,2.229e+7,,2.229e+7
220.12,1.998e+7,,1.998e+7
220.17,1.632e+7,,1.632e+7
220.22,1.207e+7,,1.207e+7
220.27,8.100e+6,,8.100e+6
220.32,5.041e+6,,5.041e+6
220.37,3.384e+6,,3.384e+6
220.42,4.015e+6,,4.015e+6
220.47,9.557e+6,,9.557e+6
220.52,2.703e+7,,2.703e+7
220.57,7.227e+7,,7.227e+7
220.62,1.756e+8,,1.756e+8
220.67,3.855e+8,,3.855e+8
220.72,7.641e+8,,7.641e+8
220.77,1.368e+9,,1.368e+9
220.82,2.210e+9,,2.210e+9
220.87,3.224e+9,,3.224e+9
220.92,4.247e+9,,4.247e+9
220.97,5.050e+9,,5.050e+9
221.02,5.423e+9,,5.423e+9
221.07,5.259e+9,,5.259e+9
221.12,4.607e+9,,4.607e+9
221.17,3.649e+9,,3.649e+9
221.22,2.623e+9,6.515e-8,2.623e+9
221.27,1.732e+9,9.452e-7,1.732e+9
221.32,1.102e+9,1.240e-5,1.102e+9
221.37,7.909e+8,1.470e-4,7.909e+8
221.42,8.303e+8,1.575e-3,8.303e+8
221.47,1.271e+9,1.526e-2,1.271e+9
221.52,2.189e+9,1.337e-1,2.189e+9
221.57,3.637e+9,1.059e+0,3.637e+9
221.62,5.566e+9,7.578e+0,5.566e+9
221.67,7.743e+9,4.903e+1,7.743e+9
221.72,9.757e+9,2.868e+2,9.757e+9
221.77,1.112e+10,1.517e+3,1.112e+10
221.82,1.146e+10,7.249e+3,1.146e+10
221.87,1.067e+10,3.133e+4,1.067e+10
221.92,8.978e+9,1.224e+5,8.978e+9
221.97,6.825e+9,4.321e+5,6.824e+9
222.02,4.688e+9,1.379e+6,4.687e+9
222.07,2.912e+9,3.981e+6,2.908e+9
222.12,1.641e+9,1.039e+7,1.631e+9
222.17,8.520e+8,2.449e+7,8.275e+8
222.22,4.343e+8,5.221e+7,3.821e+8
222.27,2.654e+8,1.006e+8,1.648e+8
222.32,2.502e+8,1.753e+8,7.485e+7
222.37,3.283e+8,2.761e+8,5.217e+7
222.42,4.653e+8,3.931e+8,7.222e+7
222.47,6.439e+8,5.059e+8,1.380e+8
222.52,8.623e+8,5.886e+8,2.737e+8
222.57,1.137e+9,6.191e+8,5.175e+8
222.62,1.496e+9,5.886e+8,9.078e+8
222.67,1.966e+9,5.059e+8,1.460e+9
222.72,2.533e+9,3.931e+8,2.140e+9
222.77,3.126e+9,2.761e+8,2.850e+9
222.82,3.619e+9,1.753e+8,3.444e+9
222.87,3.872e+9,1.006e+8,3.772e+9
222.92,3.796e+9,5.221e+7,3.744e+9
222.97,3.392e+9,2.449e+7,3.367e+9
223.02,2.757e+9,1.039e+7,2.747e+9
223.07,2.037e+9,3.981e+6,2.033e+9
223.12,1.370e+9,1.379e+6,1.369e+9
223.17,8.399e+8,4.321e+5,8.394e+8
223.22,4.712e+8,1.224e+5,4.710e+8
223.27,2.431e+8,3.133e+4,2.431e+8
223.32,1.162e+8,7.249e+3,1.162e+8
223.37,5.199e+7,1.517e+3,5.199e+7
223.42,2.198e+7,2.869e+2,2.198e+7
223.47,8.906e+6,4.964e+1,8.906e+6
223.52,3.663e+6,1.146e+1,3.663e+6
223.57,2.272e+6,2.355e+1,2.272e+6
223.62,4.219e+6,1.182e+2,4.219e+6
223.67,1.296e+7,5.609e+2,1.296e+7
223.72,3.945e+7,2.414e+3,3.945e+7
223.77,1.097e+8,9.404e+3,1.097e+8
223.82,2.766e+8,3.318e+4,2.766e+8
223.87,6.314e+8,1.060e+5,6.313e+8
223.92,1.305e+9,3.066e+5,1.304e+9
223.97,2.441e+9,8.030e+5,2.441e+9
224.02,4.137e+9,1.905e+6,4.135e+9
224.07,6.350e+9,4.091e+6,6.346e+9
224.12,8.834e+9,7.955e+6,8.826e+9
224.17,1.115e+10,1.401e+7,1.114e+10
224.22,1.283e+10,2.234e+7,1.281e+10
224.27,1.354e+10,3.225e+7,1.351e+10
224.32,1.335e+10,4.216e+7,1.330e+10
224.37,1.271e+10,4.991e+7,1.266e+10
224.42,1.233e+10,5.351e+7,1.228e+10
224.47,1.286e+10,5.194e+7,1.281e+10
224.52,1.454e+10,4.565e+7,1.450e+10
224.57,1.706e+10,3.633e+7,1.703e+10
224.62,1.961e+10,2.618e+7,1.958e+10
224.67,2.121e+10,1.708e+7,2.120e+10
224.72,2.115e+10,1.010e+7,2.114e+10
224.77,1.925e+10,5.401e+6,1.924e+10
224.82,1.591e+10,2.617e+6,1.591e+10
224.87,1.194e+10,1.148e+6,1.193e+10
224.92,8.115e+9,4.560e+5,8.115e+9
224.97,5.001e+9,1.640e+5,5.001e+9
225.02,2.793e+9,5.343e+4,2.793e+9
225.07,1.415e+9,1.576e+4,1.415e+9
225.12,6.502e+8,4.208e+3,6.502e+8
225.17,2.721e+8,1.018e+3,2.721e+8
225.22,1.051e+8,2.228e+2,1.051e+8
225.27,3.960e+7,4.418e+1,3.960e+7
225.32,1.752e+7,7.932e+0,1.752e+7
225.37,1.192e+7,1.289e+0,1.192e+7
225.42,1.159e+7,1.898e-1,1.159e+7
225.47,1.218e+7,2.530e-2,1.218e+7
225.52,1.214e+7,3.054e-3,1.214e+7
225.57,1.108e+7,3.337e-4,1.108e+7
225.62,9.189e+6,3.303e-5,9.189e+6
225.67,6.912e+6,2.960e-6,6.912e+6
225.72,4.725e+6,2.402e-7,4.725e+6
225.77,2.966e+6,1.765e-8,2.966e+6
225.82,1.800e+6,,1.800e+6
225.87,1.287e+6,,1.287e+6
225.92,1.497e+6,,1.497e+6
225.97,2.627e+6,,2.627e+6
226.02,5.027e+6,,5.027e+6
226.07,9.127e+6,,9.127e+6
226.12,1.522e+7,,1.522e+7
226.17,2.320e+7,,2.320e+7
226.22,3.227e+7,,3.227e+7
226.27,4.102e+7,,4.102e+7
226.32,4.771e+7,,4.771e+7
226.37,5.087e+7,,5.087e+7
226.42,4.982e+7,,4.982e+7
226.47,4.496e+7,,4.496e+7
226.52,3.749e+7,,3.749e+7
226.57,2.897e+7,,2.897e+7
226.62,2.082e+7,,2.082e+7
226.67,1.394e+7,,1.394e+7
226.72,8.705e+6,,8.705e+6
226.77,5.070e+6,,5.070e+6
226.82,2.755e+6,,2.755e+6
226.87,1.412e+6,,1.412e+6
226.92,7.613e+5,,7.613e+5
226.97,7.140e+5,,7.140e+5
227.02,1.597e+6,,1.597e+6
227.07,4.641e+6,,4.641e+6
227.12,1.294e+7,,1.294e+7
227.17,3.295e+7,,3.295e+7
227.22,7.629e+7,,7.629e+7
227.27,1.604e+8,,1.604e+8
227.32,3.062e+8,,3.062e+8
227.37,5.308e+8,,5.308e+8
227.42,8.356e+8,,8.356e+8
227.47,1.194e+9,,1.194e+9
227.52,1.550e+9,,1.550e+9
227.57,1.827e+9,,1.827e+9
227.62,1.956e+9,,1.956e+9
227.67,1.902e+9,,1.902e+9
227.72,1.680e+9,,1.680e+9
227.77,1.349e+9,,1.349e+9
227.82,9.837e+8,,9.837e+8
227.87,6.524e+8,,6.524e+8
227.92,3.937e+8,,3.937e+8
227.97,2.163e+8,,2.163e+8
228.02,1.084e+8,,1.084e+8
228.07,4.964e+7,,4.964e+7
228.12,2.088e+7,,2.088e+7
228.17,8.224e+6,,8.224e+6
228.22,3.365e+6,,3.365e+6
228.27,2.084e+6,,2.084e+6
228.32,2.590e+6,,2.590e+6
228.37,4.288e+6,,4.288e+6
228.42,7.003e+6,,7.003e+6
228.47,1.054e+7,,1.054e+7
228.52,1.446e+7,,1.446e+7
228.57,1.804e+7,,1.804e+7
228.62,2.052e+7,,2.052e+7
228.67,2.134e+7,,2.134e+7
228.72,2.047e+7,,2.047e+7
228.77,1.857e+7,,1.857e+7
228.82,1.695e+7,,1.695e+7
228.87,1.774e+7,,1.774e+7
228.92,2.446e+7,,2.446e+7
228.97,4.337e+7,,4.337e+7
229.02,8.541e+7,,8.541e+7
229.07,1.674e+8,,1.674e+8
229.12,3.103e+8,,3.103e+8
229.17,5.331e+8,,5.331e+8
229.22,8.407e+8,,8.407e+8
229.27,1.211e+9,,1.211e+9
229.32,1.591e+9,,1.591e+9
229.37,1.903e+9,,1.903e+9
229.42,2.071e+9,,2.071e+9
229.47,2.051e+9,,2.051e+9
229.52,1.847e+9,,1.847e+9
229.57,1.513e+9,,1.513e+9
229.62,1.127e+9,,1.127e+9
229.67,7.634e+8,,7.634e+8
229.72,4.703e+8,,4.703e+8
229.77,2.635e+8,,2.635e+8
229.82,1.342e+8,,1.342e+8
229.87,6.219e+7,,6.219e+7
229.92,2.620e+7,,2.620e+7
229.97,1.004e+7,,1.004e+7
230.02,3.498e+6,,3.498e+6
230.07,1.108e+6,,1.108e+6
230.12,3.194e+5,,3.194e+5
230.17,8.370e+4,,8.370e+4
230.22,1.995e+4,,1.995e+4
230.27,4.322e+3,,4.322e+3
230.32,8.518e+2,,8.518e+2
230.37,1.526e+2,,1.526e+2
230.42,2.488e+1,,2.488e+1
230.47,3.687e+0,,3.687e+0
230.52,4.969e-1,,4.969e-1
230.57,6.091e-2,,6.091e-2
230.62,6.789e-3,,6.789e-3
230.67,6.881e-4,,6.881e-4
230.72,6.342e-5,,6.342e-5
230.77,5.316e-6,,5.316e-6
230.82,4.053e-7,,4.053e-7
232.23,2.494e-9,,2.494e-9
232.28,3.042e-8,,3.042e-8
232.33,3.385e-7,,3.385e-7
232.38,3.437e-6,,3.437e-6
232.43,3.184e-5,,3.184e-5
232.48,2.692e-4,,2.692e-4
232.53,2.077e-3,,2.077e-3
232.58,1.462e-2,,1.462e-2
232.63,9.386e-2,,9.386e-2
232.68,5.500e-1,,5.500e-1
232.73,2.941e+0,,2.941e+0
232.78,1.435e+1,,1.435e+1
232.83,6.388e+1,,6.388e+1
232.88,2.595e+2,,2.595e+2
232.93,9.617e+2,,9.617e+2
232.98,3.253e+3,,3.253e+3
233.03,1.004e+4,,1.004e+4
233.08,2.826e+4,,2.826e+4
233.13,7.261e+4,,7.261e+4
233.18,1.702e+5,,1.702e+5
233.23,3.641e+5,,3.641e+5
233.28,7.108e+5,,7.108e+5
233.33,1.266e+6,,1.266e+6
233.38,2.057e+6,,2.057e+6
233.43,3.050e+6,,3.050e+6
233.48,4.127e+6,,4.127e+6
233.53,5.095e+6,,5.095e+6
233.58,5.740e+6,,5.740e+6
233.63,5.899e+6,,5.899e+6
233.68,5.533e+6,,5.533e+6
233.73,4.735e+6,,4.735e+6
233.78,3.697e+6,,3.697e+6
233.83,2.634e+6,,2.634e+6
233.88,1.713e+6,,1.713e+6
233.93,1.016e+6,,1.016e+6
233.98,5.499e+5,,5.499e+5
234.03,2.716e+5,,2.716e+5
234.08,1.224e+5,,1.224e+5
234.13,5.033e+4,,5.033e+4
234.18,1.889e+4,,1.889e+4
234.23,6.466e+3,,6.466e+3
234.28,2.020e+3,,2.020e+3
234.33,5.758e+2,,5.758e+2
234.38,1.498e+2,,1.498e+2
234.43,3.554e+1,,3.554e+1
234.48,7.696e+0,,7.696e+0
234.53,1.521e+0,,1.521e+0
234.58,2.742e-1,,2.742e-1
234.63,4.510e-2,,4.510e-2
234.68,6.770e-3,,6.770e-3
234.73,9.273e-4,,9.273e-4
234.78,1.159e-4,,1.159e-4
234.83,1.322e-5,,1.322e-5
234.88,1.375e-6,,1.375e-6
234.93,1.306e-7,,1.306e-7
234.98,1.131e-8,,1.131e-8
235.03,8.940e-10,,8.940e-10
235.58,1.404e-6,,1.404e-6
235.63,1.654e-5,,1.654e-5
235.68,1.781e-4,,1.781e-4
235.73,1.755e-3,,1.755e-3
235.78,1.583e-2,,1.583e-2
235.83,1.305e-1,,1.305e-1
235.88,9.848e-1,,9.848e-1
235.93,6.797e+0,,6.797e+0
235.98,4.292e+1,,4.292e+1
236.03,2.479e+2,,2.479e+2
236.08,1.310e+3,,1.310e+3
236.13,6.334e+3,,6.334e+3
236.18,2.801e+4,,2.801e+4
236.23,1.133e+5,,1.133e+5
236.28,4.195e+5,,4.195e+5
236.33,1.420e+6,,1.420e+6
236.38,4.400e+6,,4.400e+6
236.43,1.247e+7,,1.247e+7
236.48,3.232e+7,,3.232e+7
236.53,7.665e+7,,7.665e+7
236.58,1.663e+8,,1.663e+8
236.63,3.301e+8,,3.301e+8
236.68,5.993e+8,,5.993e+8
236.73,9.954e+8,,9.954e+8
236.78,1.513e+9,,1.513e+9
236.83,2.103e+9,,2.103e+9
236.88,2.674e+9,,2.674e+9
236.93,3.111e+9,,3.111e+9
236.98,3.311e+9,,3.311e+9
237.03,3.224e+9,,3.224e+9
237.08,2.871e+9,,2.871e+9
237.13,2.340e+9,,2.340e+9
237.18,1.744e+9,,1.744e+9
237.23,1.190e+9,,1.190e+9
237.28,7.434e+8,,7.434e+8
237.33,4.260e+8,,4.260e+8
237.38,2.252e+8,,2.252e+8
237.43,1.117e+8,,1.117e+8
237.48,5.441e+7,,5.441e+7
237.53,2.876e+7,,2.876e+7
237.58,1.853e+7,,1.853e+7
237.63,1.457e+7,,1.457e+7
237.68,1.247e+7,,1.247e+7
237.73,1.051e+7,,1.051e+7
237.78,8.319e+6,,8.319e+6
237.83,6.077e+6,,6.077e+6
237.88,4.075e+6,,4.075e+6
237.93,2.503e+6,,2.503e+6
237.98,1.407e+6,,1.407e+6
238.03,7.244e+5,,7.244e+5
238.08,3.413e+5,,3.413e+5
238.13,1.472e+5,,1.472e+5
238.18,5.808e+4,,5.808e+4
238.23,2.098e+4,,2.098e+4
238.28,6.935e+3,,6.935e+3
238.33,2.099e+3,,2.099e+3
238.38,5.812e+2,,5.812e+2
238.43,1.473e+2,,1.473e+2
238.48,3.418e+1,,3.418e+1
238.53,7.258e+0,,7.258e+0
238.58,1.411e+0,,1.411e+0
238.63,2.509e-1,,2.509e-1
238.68,4.085e-2,,4.085e-2
238.73,6.088e-3,,6.088e-3
238.78,8.302e-4,,8.302e-4
238.83,1.036e-4,,1.036e-4
238.88,1.185e-5,,1.185e-5
238.93,1.326e-6,,1.326e-6
238.98,1.064e-6,,1.064e-6
239.03,9.388e-6,,9.388e-6
239.08,8.527e-5,,8.527e-5
239.13,7.110e-4,,7.110e-4
239.18,5.436e-3,,5.436e-3
239.23,3.812e-2,,3.812e-2
239.28,2.452e-1,,2.452e-1
239.33,1.446e+0,,1.446e+0
239.38,7.821e+0,,7.821e+0
239.43,3.879e+1,,3.879e+1
239.48,1.765e+2,,1.765e+2
239.53,7.362e+2,,7.362e+2
239.58,2.816e+3,,2.816e+3
239.63,9.881e+3,,9.881e+3
239.68,3.179e+4,,3.179e+4
239.73,9.381e+4,,9.381e+4
239.78,2.539e+5,,2.539e+5
239.83,6.300e+5,,6.300e+5
239.88,1.434e+6,,1.434e+6
239.93,2.993e+6,,2.993e+6
239.98,5.728e+6,,5.728e+6
240.03,1.005e+7,,1.005e+7
240.08,1.619e+7,,1.619e+7
240.13,2.390e+7,,2.390e+7
240.18,3.235e+7,,3.235e+7
240.23,4.017e+7,,4.017e+7
240.28,4.574e+7,,4.574e+7
240.33,4.776e+7,,4.776e+7
240.38,4.574e+7,,4.574e+7
240.43,4.017e+7,,4.017e+7
240.48,3.235e+7,,3.235e+7
240.53,2.390e+7,,2.390e+7
240.58,1.619e+7,,1.619e+7
240.63,1.005e+7,,1.005e+7
240.68,5.728e+6,,5.728e+6
240.73,2.993e+6,,2.993e+6
240.78,1.434e+6,,1.434e+6
240.83,6.300e+5,,6.300e+5
240.88,2.539e+5,,2.539e+5
240.93,9.381e+4,,9.381e+4
240.98,3.179e+4,,3.179e+4
241.03,9.881e+3,,9.881e+3
241.08,2.816e+3,,2.816e+3
241.13,7.362e+2,,7.362e+2
241.18,1.765e+2,,1.765e+2
241.23,3.879e+1,,3.879e+1
241.28,7.822e+0,,7.822e+0
241.33,1.452e+0,,1.452e+0
241.38,2.818e-1,,2.818e-1
241.43,2.512e-1,,2.512e-1
241.48,1.144e+0,,1.144e+0
241.53,5.588e+0,,5.588e+0
241.58,2.518e+1,,2.518e+1
241.63,1.042e+2,,1.042e+2
241.68,3.963e+2,,3.963e+2
241.73,1.384e+3,,1.384e+3
241.78,4.439e+3,,4.439e+3
241.83,1.307e+4,,1.307e+4
241.88,3.537e+4,,3.537e+4
241.93,8.789e+4,,8.789e+4
241.98,2.006e+5,,2.006e+5
242.03,4.204e+5,,4.204e+5
242.08,8.094e+5,,8.094e+5
242.13,1.431e+6,,1.431e+6
242.18,2.324e+6,,2.324e+6
242.23,3.466e+6,,3.466e+6
242.28,4.749e+6,,4.749e+6
242.33,5.975e+6,,5.975e+6
242.38,6.904e+6,,6.904e+6
242.43,7.328e+6,,7.328e+6
242.48,7.143e+6,,7.143e+6
242.53,6.396e+6,,6.396e+6
242.58,5.259e+6,,5.259e+6
242.63,3.972e+6,,3.972e+6
242.68,2.755e+6,,2.755e+6
242.73,1.755e+6,,1.755e+6
242.78,1.027e+6,,1.027e+6
242.83,5.520e+5,,5.520e+5
242.88,2.725e+5,,2.725e+5
242.93,1.235e+5,,1.235e+5
242.98,5.143e+4,,5.143e+4
243.03,1.967e+4,,1.967e+4
243.08,6.908e+3,,6.908e+3
243.13,2.228e+3,,2.228e+3
243.18,6.603e+2,,6.603e+2
243.23,1.797e+2,,1.797e+2
243.28,4.491e+1,,4.491e+1
243.33,1.031e+1,,1.031e+1
243.38,2.173e+0,,2.173e+0
243.43,4.209e-1,,4.209e-1
243.48,7.485e-2,,7.485e-2
243.53,1.223e-2,,1.223e-2
243.58,1.834e-3,,1.834e-3
243.63,2.528e-4,,2.528e-4
243.68,3.199e-5,,3.199e-5
243.73,3.718e-6,,3.718e-6
243.78,3.969e-7,,3.969e-7
243.83,3.892e-8,,3.892e-8
243.88,3.505e-9,,3.505e-9
245.83,1.831e-9,,1.831e-9
245.88,2.041e-8,,2.041e-8
245.93,2.097e-7,,2.097e-7
245.98,1.985e-6,,1.985e-6
246.03,1.731e-5,,1.731e-5
246.08,1.392e-4,,1.392e-4
246.13,1.031e-3,,1.031e-3
246.18,7.037e-3,,7.037e-3
246.23,4.427e-2,,4.427e-2
246.28,2.566e-1,,2.566e-1
246.33,1.371e+0,,1.371e+0
246.38,6.747e+0,,6.747e+0
246.43,3.061e+1,,3.061e+1
246.48,1.279e+2,,1.279e+2
246.53,4.928e+2,,4.928e+2
246.58,1.749e+3,,1.749e+3
246.63,5.723e+3,,5.723e+3
246.68,1.725e+4,,1.725e+4
246.73,4.792e+4,,4.792e+4
246.78,1.227e+5,,1.227e+5
246.83,2.894e+5,,2.894e+5
246.88,6.290e+5,,6.290e+5
246.93,1.260e+6,,1.260e+6
246.98,2.326e+6,,2.326e+6
247.03,3.957e+6,,3.957e+6
247.08,6.203e+6,,6.203e+6
247.13,8.960e+6,,8.960e+6
247.18,1.193e+7,,1.193e+7
247.23,1.463e+7,,1.463e+7
247.28,1.654e+7,,1.654e+7
247.33,1.723e+7,,1.723e+7
247.38,1.654e+7,,1.654e+7
247.43,1.463e+7,,1.463e+7
247.48,1.193e+7,,1.193e+7
247.53,8.960e+6,,8.960e+6
247.58,6.203e+6,,6.203e+6
247.63,3.957e+6,,3.957e+6
247.68,2.326e+6,,2.326e+6
247.73,1.260e+6,5.479e-8,1.260e+6
247.78,6.297e+5,5.703e-7,6.297e+5
247.83,2.916e+5,5.477e-6,2.916e+5
247.88,1.298e+5,4.853e-5,1.298e+5
247.93,6.919e+4,3.968e-4,6.919e+4
247.98,7.575e+4,2.993e-3,7.575e+4
248.03,1.541e+5,2.083e-2,1.541e+5
248.08,3.487e+5,1.338e-1,3.487e+5
248.13,7.488e+5,7.927e-1,7.488e+5
248.18,1.489e+6,4.333e+0,1.489e+6
248.23,2.731e+6,2.186e+1,2.731e+6
248.28,4.622e+6,1.017e+2,4.622e+6
248.33,7.213e+6,4.367e+2,7.212e+6
248.38,1.038e+7,1.730e+3,1.038e+7
248.43,1.378e+7,6.324e+3,1.378e+7
248.48,1.689e+7,2.133e+4,1.687e+7
248.53,1.911e+7,6.636e+4,1.904e+7
248.58,2.002e+7,1.905e+5,1.983e+7
248.63,1.955e+7,5.046e+5,1.904e+7
248.68,1.810e+7,1.233e+6,1.687e+7
248.73,1.656e+7,2.781e+6,1.378e+7
248.78,1.617e+7,5.785e+6,1.038e+7
248.83,1.832e+7,1.111e+7,7.212e+6
248.88,2.429e+7,1.967e+7,4.622e+6
248.93,3.487e+7,3.214e+7,2.731e+6
248.98,4.994e+7,4.846e+7,1.489e+6
249.03,6.815e+7,6.741e+7,7.483e+5
249.08,8.686e+7,8.651e+7,3.469e+5
249.13,1.026e+8,1.024e+8,1.483e+5
249.18,1.120e+8,1.119e+8,5.850e+4
249.23,1.129e+8,1.128e+8,2.127e+4
249.28,1.050e+8,1.050e+8,7.136e+3
249.33,9.007e+7,9.007e+7,2.207e+3
249.38,7.131e+7,7.131e+7,6.298e+2
249.43,5.210e+7,5.210e+7,1.657e+2
249.48,3.512e+7,3.512e+7,4.025e+1
249.53,2.184e+7,2.184e+7,9.245e+0
249.58,1.253e+7,1.253e+7,3.214e+0
249.63,6.634e+6,6.634e+6,7.288e+0
249.68,3.240e+6,3.240e+6,3.280e+1
249.73,1.460e+6,1.460e+6,1.428e+2
249.78,6.078e+5,6.072e+5,5.749e+2
249.83,2.351e+5,2.330e+5,2.138e+3
249.88,8.981e+4,8.247e+4,7.343e+3
249.93,5.022e+4,2.693e+4,2.329e+4
249.98,7.632e+4,8.116e+3,6.821e+4
250.03,1.867e+5,2.256e+3,1.845e+5
250.08,4.614e+5,5.788e+2,4.608e+5
250.13,1.063e+6,1.370e+2,1.063e+6
250.18,2.264e+6,2.992e+1,2.264e+6
250.23,4.454e+6,6.028e+0,4.454e+6
250.28,8.091e+6,1.121e+0,8.091e+6
250.33,1.357e+7,1.922e-1,1.357e+7
250.38,2.103e+7,3.042e-2,2.103e+7
250.43,3.009e+7,4.441e-3,3.009e+7
250.48,3.976e+7,5.983e-4,3.976e+7
250.53,4.851e+7,7.436e-5,4.851e+7
250.58,5.466e+7,8.528e-6,5.466e+7
250.63,5.688e+7,9.024e-7,5.688e+7
250.68,5.466e+7,8.810e-8,5.466e+7
250.73,4.851e+7,7.935e-9,4.851e+7
250.78,3.976e+7,,3.976e+7
250.83,3.009e+7,,3.009e+7
250.88,2.103e+7,,2.103e+7
250.93,1.357e+7,,1.357e+7
250.98,8.091e+6,,8.091e+6
251.03,4.454e+6,,4.454e+6
251.08,2.264e+6,,2.264e+6
251.13,1.063e+6,,1.063e+6
251.18,4.608e+5,,4.608e+5
251.23,1.845e+5,,1.845e+5
251.28,6.821e+4,,6.821e+4
251.33,2.329e+4,,2.329e+4
251.38,7.343e+3,,7.343e+3
251.43,2.138e+3,,2.138e+3
251.48,5.749e+2,,5.749e+2
251.53,1.428e+2,,1.428e+2
251.58,3.287e+1,,3.287e+1
251.63,7.601e+0,,7.601e+0
251.68,4.577e+0,,4.577e+0
251.73,1.462e+1,,1.462e+1
251.78,5.940e+1,,5.940e+1
251.83,2.266e+2,,2.266e+2
251.88,7.999e+2,,7.999e+2
251.93,2.611e+3,,2.611e+3
251.98,7.886e+3,,7.886e+3
252.03,2.203e+4,,2.203e+4
252.08,5.692e+4,,5.692e+4
252.13,1.361e+5,,1.361e+5
252.18,3.015e+5,,3.015e+5
252.23,6.187e+5,,6.187e+5
252.28,1.178e+6,,1.178e+6
252.33,2.082e+6,,2.082e+6
252.38,3.427e+6,,3.427e+6
252.43,5.268e+6,,5.268e+6
252.48,7.597e+6,,7.597e+6
252.53,1.033e+7,,1.033e+7
252.58,1.335e+7,,1.335e+7
252.63,1.649e+7,,1.649e+7
252.68,1.960e+7,,1.960e+7
252.73,2.251e+7,,2.251e+7
252.78,2.497e+7,,2.497e+7
252.83,2.668e+7,,2.668e+7
252.88,2.729e+7,,2.729e+7
252.93,2.653e+7,,2.653e+7
252.98,2.434e+7,,2.434e+7
253.03,2.097e+7,,2.097e+7
253.08,1.688e+7,,1.688e+7
253.13,1.266e+7,,1.266e+7
253.18,8.822e+6,,8.822e+6
253.23,5.704e+6,,5.704e+6
253.28,3.418e+6,,3.418e+6
253.33,1.897e+6,,1.897e+6
253.38,9.744e+5,,9.744e+5
253.43,4.632e+5,,4.632e+5
253.48,2.037e+5,,2.037e+5
253.53,8.295e+4,,8.295e+4
253.58,3.148e+4,,3.148e+4
253.63,1.197e+4,,1.197e+4
253.68,7.476e+3,,7.476e+3
253.73,1.421e+4,,1.421e+4
253.78,4.064e+4,,4.064e+4
253.83,1.145e+5,,1.145e+5
253.88,3.004e+5,,3.004e+5
253.93,7.299e+5,,7.299e+5
253.98,1.642e+6,,1.642e+6
254.03,3.419e+6,,3.419e+6
254.08,6.590e+6,,6.590e+6
254.13,1.176e+7,,1.176e+7
254.18,1.942e+7,,1.942e+7
254.23,2.970e+7,,2.970e+7
254.28,4.204e+7,,4.204e+7
254.33,5.508e+7,,5.508e+7
254.38,6.681e+7,,6.681e+7
254.43,7.501e+7,,7.501e+7
254.48,7.796e+7,,7.796e+7
254.53,7.501e+7,,7.501e+7
254.58,6.681e+7,,6.681e+7
254.63,5.508e+7,,5.508e+7
254.68,4.204e+7,,4.204e+7
254.73,2.970e+7,,2.970e+7
254.78,1.942e+7,,1.942e+7
254.83,1.176e+7,,1.176e+7
254.88,6.590e+6,,6.590e+6
254.93,3.419e+6,,3.419e+6
254.98,1.642e+6,,1.642e+6
255.03,7.299e+5,,7.299e+5
255.08,3.004e+5,,3.004e+5
255.13,1.144e+5,,1.144e+5
255.18,4.035e+4,,4.035e+4
255.23,1.317e+4,,1.317e+4
255.28,3.980e+3,,3.980e+3
255.33,1.113e+3,,1.113e+3
255.38,2.883e+2,,2.883e+2
255.43,6.911e+1,,6.911e+1
255.48,1.534e+1,,1.534e+1
255.53,3.150e+0,,3.150e+0
255.58,5.990e-1,,5.990e-1
255.63,1.054e-1,,1.054e-1
255.68,1.718e-2,,1.718e-2
255.73,2.591e-3,,2.591e-3
255.78,3.618e-4,,3.618e-4
255.83,4.676e-5,,4.676e-5
255.88,5.595e-6,,5.595e-6
255.93,6.196e-7,,6.196e-7
255.98,6.353e-8,,6.353e-8
256.03,6.030e-9,,6.030e-9
257.48,8.623e-10,,8.623e-10
257.53,8.620e-9,,8.620e-9
257.58,7.998e-8,,7.998e-8
257.63,6.889e-7,,6.889e-7
257.68,5.507e-6,,5.507e-6
257.73,4.086e-5,,4.086e-5
257.78,2.815e-4,,2.815e-4
257.83,1.799e-3,,1.799e-3
257.88,1.068e-2,,1.068e-2
257.93,5.881e-2,,5.881e-2
257.98,3.007e-1,,3.007e-1
258.03,1.427e+0,,1.427e+0
258.08,6.285e+0,,6.285e+0
258.13,2.569e+1,,2.569e+1
258.18,9.751e+1,,9.751e+1
258.23,3.435e+2,,3.435e+2
258.28,1.123e+3,,1.123e+3
258.33,3.408e+3,,3.408e+3
258.38,9.600e+3,,9.600e+3
258.43,2.510e+4,,2.510e+4
258.48,6.092e+4,,6.092e+4
258.53,1.372e+5,,1.372e+5
258.58,2.869e+5,,2.869e+5
258.63,5.569e+5,,5.569e+5
258.68,1.003e+6,,1.003e+6
258.73,1.678e+6,,1.678e+6
258.78,2.604e+6,,2.604e+6
258.83,3.751e+6,,3.751e+6
258.88,5.016e+6,,5.016e+6
258.93,6.225e+6,,6.225e+6
258.98,7.172e+6,,7.172e+6
259.03,7.670e+6,,7.670e+6
259.08,7.613e+6,,7.613e+6
259.13,7.016e+6,,7.016e+6
259.18,6.006e+6,,6.006e+6
259.23,4.784e+6,,4.784e+6
259.28,3.566e+6,,3.566e+6
259.33,2.540e+6,,2.540e+6
259.38,1.837e+6,,1.837e+6
259.43,1.552e+6,,1.552e+6
259.48,1.767e+6,,1.767e+6
259.53,2.575e+6,,2.575e+6
259.58,4.086e+6,,4.086e+6
259.63,6.401e+6,,6.401e+6
259.68,9.555e+6,,9.555e+6
259.73,1.345e+7,,1.345e+7
259.78,1.782e+7,,1.782e+7
259.83,2.219e+7,,2.219e+7
259.88,2.598e+7,,2.598e+7
259.93,2.860e+7,,2.860e+7
259.98,2.957e+7,,2.957e+7
260.03,2.871e+7,,2.871e+7
260.08,2.614e+7,,2.614e+7
260.13,2.230e+7,,2.230e+7
260.18,1.780e+7,,1.780e+7
260.23,1.329e+7,,1.329e+7
260.28,9.271e+6,1.376e-7,9.271e+6
260.33,6.035e+6,1.292e-6,6.035e+6
260.38,3.664e+6,1.127e-5,3.664e+6
260.43,2.073e+6,9.138e-5,2.073e+6
260.48,1.092e+6,6.890e-4,1.092e+6
260.53,5.356e+5,4.829e-3,5.356e+5
260.58,2.444e+5,3.147e-2,2.444e+5
260.63,1.038e+5,1.906e-1,1.038e+5
260.68,4.096e+4,1.074e+0,4.095e+4
260.73,1.503e+4,5.622e+0,1.503e+4
260.78,5.154e+3,2.736e+1,5.126e+3
260.83,1.749e+3,1.238e+2,1.625e+3
260.88,9.995e+2,5.209e+2,4.786e+2
260.93,2.168e+3,2.037e+3,1.310e+2
260.98,7.441e+3,7.408e+3,3.330e+1
261.03,2.505e+4,2.504e+4,7.866e+0
261.08,7.869e+4,7.868e+4,1.726e+0
261.13,2.299e+5,2.299e+5,3.517e-1
261.18,6.243e+5,6.243e+5,6.658e-2
261.23,1.576e+6,1.576e+6,1.171e-2
261.28,3.700e+6,3.700e+6,1.912e-3
261.33,8.075e+6,8.075e+6,2.900e-4
261.38,1.638e+7,1.638e+7,4.085e-5
261.43,3.090e+7,3.090e+7,5.345e-6
261.48,5.418e+7,5.418e+7,6.491e-7
261.53,8.831e+7,8.831e+7,7.326e-8
261.58,1.338e+8,1.338e+8,7.680e-9
261.63,1.885e+8,1.885e+8,
261.68,2.470e+8,2.470e+8,
261.73,3.007e+8,3.007e+8,
261.78,3.404e+8,3.404e+8,
261.83,3.582e+8,3.582e+8,
261.88,3.505e+8,3.505e+8,
261.93,3.188e+8,3.188e+8,
261.98,2.695e+8,2.695e+8,
262.03,2.119e+8,2.119e+8,
262.08,1.548e+8,1.548e+8,
262.13,1.052e+8,1.052e+8,
262.18,6.645e+7,6.645e+7,
262.23,3.902e+7,3.902e+7,
262.28,2.130e+7,2.130e+7,
262.33,1.081e+7,1.081e+7,
262.38,5.100e+6,5.100e+6,
262.44,1.881e+6,1.881e+6,
262.49,7.558e+5,7.558e+5,
262.54,2.824e+5,2.824e+5,
262.59,9.807e+4,9.807e+4,
262.64,3.167e+4,3.167e+4,
262.69,9.506e+3,9.506e+3,
262.74,2.653e+3,2.653e+3,
262.79,6.883e+2,6.883e+2,
262.84,1.660e+2,1.660e+2,
262.89,3.722e+1,3.722e+1,
262.94,7.760e+0,7.760e+0,
262.99,1.504e+0,1.504e+0,
263.04,2.709e-1,2.709e-1,
263.09,4.538e-2,4.538e-2,
263.14,7.067e-3,7.067e-3,
263.19,1.023e-3,1.023e-3,
263.24,1.377e-4,1.377e-4,
263.29,1.723e-5,1.723e-5,
263.34,2.004e-6,2.004e-6,
263.39,2.167e-7,2.167e-7,
267.29,1.500e-9,,1.500e-9
267.34,1.400e-8,,1.400e-8
267.39,1.218e-7,,1.218e-7
267.44,9.897e-7,,9.897e-7
267.49,7.503e-6,,7.503e-6
267.54,5.308e-5,,5.308e-5
267.59,3.504e-4,,3.504e-4
267.64,2.159e-3,,2.159e-3
267.69,1.241e-2,,1.241e-2
267.74,6.659e-2,,6.659e-2
267.79,3.334e-1,,3.334e-1
267.84,1.558e+0,,1.558e+0
267.89,6.793e+0,,6.793e+0
267.94,2.764e+1,,2.764e+1
267.99,1.050e+2,,1.050e+2
268.04,3.720e+2,,3.720e+2
268.09,1.230e+3,,1.230e+3
268.14,3.796e+3,,3.796e+3
268.19,1.093e+4,,1.093e+4
268.24,2.938e+4,,2.938e+4
268.29,7.368e+4,,7.368e+4
268.34,1.725e+5,,1.725e+5
268.39,3.767e+5,,3.767e+5
268.44,7.677e+5,,7.677e+5
268.49,1.460e+6,,1.460e+6
268.54,2.592e+6,,2.592e+6
268.59,4.293e+6,,4.293e+6
268.64,6.637e+6,,6.637e+6
268.69,9.574e+6,,9.574e+6
268.74,1.289e+7,,1.289e+7
268.79,1.619e+7,,1.619e+7
268.84,1.898e+7,,1.898e+7
268.89,2.077e+7,,2.077e+7
268.94,2.120e+7,,2.120e+7
268.99,2.020e+7,,2.020e+7
269.04,1.796e+7,,1.796e+7
269.09,1.490e+7,,1.490e+7
269.14,1.154e+7,,1.154e+7
269.19,8.338e+6,,8.338e+6
269.24,5.623e+6,,5.623e+6
269.29,3.540e+6,,3.540e+6
269.34,2.085e+6,,2.085e+6
269.39,1.158e+6,,1.158e+6
269.44,6.321e+5,,6.321e+5
269.49,3.973e+5,,3.973e+5
269.54,3.909e+5,,3.909e+5
269.59,6.101e+5,,6.101e+5
269.64,1.113e+6,,1.113e+6
269.69,2.006e+6,,2.006e+6
269.74,3.427e+6,,3.427e+6
269.79,5.498e+6,,5.498e+6
269.84,8.278e+6,,8.278e+6
269.89,1.171e+7,,1.171e+7
269.94,1.559e+7,,1.559e+7
269.99,1.956e+7,,1.956e+7
270.04,2.321e+7,,2.321e+7
270.09,2.609e+7,,2.609e+7
270.14,2.787e+7,,2.787e+7
270.19,2.834e+7,,2.834e+7
270.24,2.750e+7,,2.750e+7
270.29,2.549e+7,,2.549e+7
270.34,2.256e+7,,2.256e+7
270.39,1.905e+7,,1.905e+7
270.44,1.533e+7,,1.533e+7
270.49,1.172e+7,,1.172e+7
270.54,8.494e+6,,8.494e+6
270.59,5.826e+6,,5.826e+6
270.64,3.782e+6,,3.782e+6
270.69,2.345e+6,,2.345e+6
270.74,1.445e+6,,1.445e+6
270.79,1.006e+6,,1.006e+6
270.84,9.834e+5,,9.834e+5
270.89,1.385e+6,,1.385e+6
270.94,2.275e+6,,2.275e+6
270.99,3.745e+6,,3.745e+6
271.04,5.867e+6,,5.867e+6
271.09,8.629e+6,,8.629e+6
271.14,1.187e+7,,1.187e+7
271.19,1.528e+7,,1.528e+7
271.24,1.838e+7,,1.838e+7
271.29,2.070e+7,,2.070e+7
271.34,2.186e+7,,2.186e+7
271.39,2.171e+7,,2.171e+7
271.44,2.044e+7,,2.044e+7
271.49,1.847e+7,,1.847e+7
271.54,1.637e+7,,1.637e+7
271.59,1.469e+7,,1.469e+7
271.64,1.379e+7,,1.379e+7
271.69,1.372e+7,,1.372e+7
271.74,1.427e+7,,1.427e+7
271.79,1.503e+7,,1.503e+7
271.84,1.554e+7,,1.554e+7
271.89,1.542e+7,,1.542e+7
271.94,1.451e+7,,1.451e+7
271.99,1.284e+7,,1.284e+7
272.04,1.067e+7,,1.067e+7
272.09,8.290e+6,,8.290e+6
272.14,6.028e+6,,6.028e+6
272.19,4.098e+6,,4.098e+6
272.24,2.604e+6,,2.604e+6
272.29,1.547e+6,,1.547e+6
272.34,8.586e+5,,8.586e+5
272.39,4.455e+5,,4.455e+5
272.44,2.160e+5,,2.160e+5
272.49,9.790e+4,,9.790e+4
272.54,4.147e+4,,4.147e+4
272.59,1.641e+4,,1.641e+4
272.64,6.073e+3,,6.073e+3
272.69,2.100e+3,,2.100e+3
272.74,6.785e+2,,6.785e+2
272.79,2.049e+2,,2.049e+2
272.84,5.784e+1,,5.784e+1
272.89,1.526e+1,,1.526e+1
272.94,3.762e+0,,3.762e+0
272.99,8.668e-1,,8.668e-1
273.04,1.867e-1,,1.867e-1
273.09,3.757e-2,,3.757e-2
273.14,7.067e-3,,7.067e-3
273.19,1.242e-3,,1.242e-3
273.24,2.041e-4,,2.041e-4
273.29,3.134e-5,,3.134e-5
273.34,4.498e-6,,4.498e-6
273.39,6.033e-7,,6.033e-7
273.44,7.562e-8,,7.562e-8
273.49,8.859e-9,,8.859e-9
274.99,3.567e-8,3.567e-8,
275.04,2.982e-7,2.982e-7,
275.09,2.335e-6,2.335e-6,
275.14,1.713e-5,1.713e-5,
275.19,1.177e-4,1.177e-4,
275.24,7.575e-4,7.575e-4,
275.29,4.567e-3,4.567e-3,2.386e-9
275.34,2.580e-2,2.580e-2,2.064e-8
275.39,1.365e-1,1.365e-1,1.672e-7
275.44,6.766e-1,6.766e-1,1.270e-6
275.49,3.141e+0,3.141e+0,9.031e-6
275.54,1.366e+1,1.366e+1,6.019e-5
275.59,5.567e+1,5.567e+1,3.758e-4
275.64,2.125e+2,2.125e+2,2.198e-3
275.69,7.596e+2,7.596e+2,1.205e-2
275.74,2.544e+3,2.544e+3,6.186e-2
275.79,7.981e+3,7.981e+3,2.976e-1
275.84,2.346e+4,2.345e+4,1.341e+0
275.89,6.458e+4,6.457e+4,5.664e+0
275.94,1.665e+5,1.665e+5,2.241e+1
275.99,4.023e+5,4.023e+5,8.305e+1
276.04,9.106e+5,9.103e+5,2.884e+2
276.09,1.931e+6,1.930e+6,9.384e+2
276.14,3.835e+6,3.832e+6,2.860e+3
276.19,7.136e+6,7.128e+6,8.169e+3
276.24,1.244e+7,1.242e+7,2.186e+4
276.29,2.033e+7,2.028e+7,5.480e+4
276.34,3.113e+7,3.100e+7,1.287e+5
276.39,4.469e+7,4.441e+7,2.832e+5
276.44,6.017e+7,5.959e+7,5.839e+5
276.49,7.603e+7,7.490e+7,1.128e+6
276.54,9.023e+7,8.819e+7,2.041e+6
276.59,1.007e+8,9.727e+7,3.460e+6
276.64,1.060e+8,1.005e+8,5.497e+6
276.69,1.054e+8,9.727e+7,8.180e+6
276.74,9.959e+7,8.819e+7,1.141e+7
276.79,8.980e+7,7.490e+7,1.490e+7
276.84,7.782e+7,5.959e+7,1.824e+7
276.89,6.532e+7,4.441e+7,2.091e+7
276.94,5.347e+7,3.100e+7,2.247e+7
276.99,4.289e+7,2.028e+7,2.261e+7
277.04,3.375e+7,1.242e+7,2.132e+7
277.09,2.597e+7,7.128e+6,1.884e+7
277.14,1.943e+7,3.832e+6,1.560e+7
277.19,1.402e+7,1.930e+6,1.210e+7
277.24,9.699e+6,9.103e+5,8.788e+6
277.29,6.385e+6,4.023e+5,5.983e+6
277.34,3.982e+6,1.665e+5,3.816e+6
277.39,2.345e+6,6.457e+4,2.280e+6
277.44,1.300e+6,2.345e+4,1.276e+6
277.49,6.775e+5,7.981e+3,6.695e+5
277.54,3.316e+5,2.544e+3,3.290e+5
277.59,1.522e+5,7.596e+2,1.515e+5
277.64,6.555e+4,2.125e+2,6.534e+4
277.69,2.646e+4,5.567e+1,2.641e+4
277.74,1.001e+4,1.366e+1,9.999e+3
277.79,3.550e+3,3.141e+0,3.547e+3
277.84,1.180e+3,6.766e-1,1.179e+3
277.89,3.672e+2,1.365e-1,3.671e+2
277.94,1.071e+2,2.580e-2,1.071e+2
277.99,2.928e+1,4.567e-3,2.927e+1
278.04,7.496e+0,7.575e-4,7.496e+0
278.09,1.799e+0,1.177e-4,1.798e+0
278.14,4.043e-1,1.713e-5,4.042e-1
278.19,8.514e-2,2.335e-6,8.513e-2
278.24,1.680e-2,2.982e-7,1.680e-2
278.29,3.105e-3,3.567e-8,3.105e-3
278.34,5.378e-4,,5.378e-4
278.39,8.727e-5,,8.727e-5
278.44,1.327e-5,,1.327e-5
278.49,1.890e-6,,1.890e-6
278.54,2.522e-7,,2.522e-7
278.59,3.153e-8,,3.153e-8
278.64,3.693e-9,,3.693e-9
280.74,3.062e-8,3.062e-8,
280.79,2.500e-7,2.500e-7,
280.84,1.917e-6,1.917e-6,
280.89,1.381e-5,1.381e-5,
280.94,9.339e-5,9.339e-5,
280.99,5.934e-4,5.934e-4,
281.04,3.541e-3,3.541e-3,
281.09,1.985e-2,1.985e-2,
281.14,1.045e-1,1.045e-1,
281.19,5.167e-1,5.167e-1,
281.24,2.400e+0,2.400e+0,
281.29,1.047e+1,1.047e+1,
281.34,4.289e+1,4.289e+1,
281.39,1.651e+2,1.651e+2,
281.44,5.966e+2,5.966e+2,
281.49,2.025e+3,2.025e+3,
281.54,6.458e+3,6.458e+3,
281.59,1.934e+4,1.934e+4,
281.64,5.441e+4,5.441e+4,
281.69,1.437e+5,1.437e+5,
281.74,3.567e+5,3.567e+5,
281.79,8.313e+5,8.313e+5,
281.84,1.820e+6,1.820e+6,
281.89,3.742e+6,3.742e+6,
281.94,7.226e+6,7.226e+6,
281.99,1.311e+7,1.311e+7,
282.04,2.233e+7,2.233e+7,
282.09,3.573e+7,3.573e+7,
282.14,5.370e+7,5.370e+7,
282.19,7.581e+7,7.581e+7,
282.24,1.005e+8,1.005e+8,
282.29,1.252e+8,1.252e+8,
282.34,1.464e+8,1.464e+8,
282.39,1.608e+8,1.608e+8,
282.44,1.660e+8,1.660e+8,
282.49,1.608e+8,1.608e+8,
282.54,1.464e+8,1.464e+8,
282.59,1.252e+8,1.252e+8,
282.64,1.005e+8,1.005e+8,
282.69,7.581e+7,7.581e+7,
282.74,5.370e+7,5.370e+7,
282.79,3.573e+7,3.573e+7,
282.84,2.233e+7,2.233e+7,
282.89,1.311e+7,1.311e+7,
282.94,7.226e+6,7.226e+6,
282.99,3.742e+6,3.742e+6,
283.04,1.820e+6,1.820e+6,
283.09,8.313e+5,8.313e+5,
283.14,3.567e+5,3.567e+5,
283.19,1.437e+5,1.437e+5,
283.24,5.441e+4,5.441e+4,
283.29,1.934e+4,1.934e+4,
283.34,6.458e+3,6.458e+3,
283.39,2.025e+3,2.025e+3,
283.44,5.966e+2,5.966e+2,
283.49,1.651e+2,1.651e+2,
283.54,4.289e+1,4.289e+1,
283.59,1.047e+1,1.047e+1,
283.64,2.400e+0,2.400e+0,
283.69,5.167e-1,5.167e-1,
283.74,1.045e-1,1.045e-1,
283.79,1.985e-2,1.985e-2,
283.84,3.541e-3,3.541e-3,
283.89,5.934e-4,5.934e-4,
283.94,9.339e-5,9.339e-5,
283.99,1.381e-5,1.381e-5,
284.04,1.917e-6,1.917e-6,
284.09,2.500e-7,2.500e-7,
284.14,3.062e-8,3.062e-8,
294.35,3.615e-8,3.615e-8,
294.4,2.644e-7,2.644e-7,
294.45,1.827e-6,1.827e-6,
294.5,1.193e-5,1.193e-5,
294.55,7.355e-5,7.355e-5,
294.6,4.284e-4,4.284e-4,
294.65,2.356e-3,2.356e-3,
294.7,1.225e-2,1.225e-2,
294.75,6.010e-2,6.010e-2,
294.8,2.786e-1,2.786e-1,
294.85,1.220e+0,1.220e+0,
294.9,5.048e+0,5.048e+0,
294.95,1.972e+1,1.972e+1,
295,7.279e+1,7.279e+1,
295.05,2.538e+2,2.538e+2,
295.1,8.356e+2,8.356e+2,
295.15,2.599e+3,2.599e+3,
295.2,7.636e+3,7.636e+3,
295.25,2.119e+4,2.119e+4,
295.3,5.555e+4,5.555e+4,
295.35,1.375e+5,1.375e+5,
295.4,3.217e+5,3.217e+5,
295.45,7.106e+5,7.106e+5,
295.5,1.483e+6,1.483e+6,
295.55,2.923e+6,2.923e+6,
295.6,5.442e+6,5.442e+6,
295.65,9.569e+6,9.569e+6,
295.7,1.590e+7,1.590e+7,
295.75,2.494e+7,2.494e+7,
295.8,3.697e+7,3.697e+7,
295.85,5.175e+7,5.175e+7,
295.9,6.843e+7,6.843e+7,
295.95,8.548e+7,8.548e+7,
296,1.008e+8,1.008e+8,
296.05,1.124e+8,1.124e+8,
296.1,1.183e+8,1.183e+8,
296.15,1.176e+8,1.176e+8,
296.2,1.105e+8,1.105e+8,
296.25,9.801e+7,9.801e+7,
296.3,8.213e+7,8.213e+7,
296.35,6.501e+7,6.501e+7,
296.4,4.860e+7,4.860e+7,
296.45,3.433e+7,3.433e+7,
296.5,2.290e+7,2.290e+7,
296.55,1.443e+7,1.443e+7,
296.6,8.587e+6,8.587e+6,
296.65,4.827e+6,4.827e+6,
296.7,2.563e+6,2.563e+6,
296.75,1.286e+6,1.286e+6,
296.8,6.092e+5,6.092e+5,
296.85,2.726e+5,2.726e+5,
296.9,1.152e+5,1.152e+5,
296.95,4.602e+4,4.602e+4,
297,1.736e+4,1.736e+4,
297.05,6.183e+3,6.183e+3,
297.1,2.081e+3,2.081e+3,
297.15,6.614e+2,6.614e+2,
297.2,1.986e+2,1.986e+2,
297.25,5.632e+1,5.632e+1,
297.3,1.509e+1,1.509e+1,
297.35,3.817e+0,3.817e+0,
297.4,9.123e-1,9.123e-1,
297.45,2.060e-1,2.060e-1,
297.5,4.392e-2,4.392e-2,
297.55,8.847e-3,8.847e-3,
297.6,1.683e-3,1.683e-3,
297.65,3.025e-4,3.025e-4,
297.7,5.135e-5,5.135e-5,
297.75,8.234e-6,8.234e-6,
297.8,1.247e-6,1.247e-6,
297.85,1.784e-7,1.784e-7,
297.9,2.411e-8,2.411e-8,
322.8,2.335e-6,2.335e-6,
322.85,1.449e-5,1.449e-5,
322.9,8.573e-5,8.573e-5,
322.95,4.838e-4,4.838e-4,
323,2.604e-3,2.604e-3,
323.05,1.336e-2,1.336e-2,
323.1,6.541e-2,6.541e-2,
323.15,3.054e-1,3.054e-1,
323.2,1.360e+0,1.360e+0,
323.25,5.773e+0,5.773e+0,
323.3,2.338e+1,2.338e+1,
323.35,9.028e+1,9.028e+1,
323.4,3.325e+2,3.325e+2,
323.45,1.168e+3,1.168e+3,
323.5,3.912e+3,3.912e+3,
323.55,1.250e+4,1.250e+4,
323.6,3.808e+4,3.808e+4,
323.65,1.107e+5,1.107e+5,
323.7,3.067e+5,3.067e+5,
323.75,8.105e+5,8.105e+5,
323.8,2.043e+6,2.043e+6,
323.85,4.911e+6,4.911e+6,
323.9,1.126e+7,1.126e+7,
323.95,2.462e+7,2.462e+7,
324,5.133e+7,5.133e+7,
324.05,1.021e+8,1.021e+8,
324.1,1.936e+8,1.936e+8,
324.15,3.501e+8,3.501e+8,
324.21,6.697e+8,6.697e+8,
324.26,1.091e+9,1.091e+9,
324.31,1.696e+9,1.696e+9,
324.36,2.514e+9,2.514e+9,
324.41,3.553e+9,3.553e+9,
324.46,4.790e+9,4.790e+9,
324.51,6.158e+9,6.158e+9,
324.56,7.551e+9,7.551e+9,
324.61,8.830e+9,8.830e+9,
324.66,9.847e+9,9.847e+9,
324.71,1.047e+10,1.047e+10,
324.76,1.062e+10,1.062e+10,
324.81,1.028e+10,1.028e+10,
324.86,9.481e+9,9.481e+9,
324.91,8.342e+9,8.342e+9,
324.96,6.999e+9,6.999e+9,
325.01,5.601e+9,5.601e+9,
325.06,4.275e+9,4.275e+9,
325.11,3.112e+9,3.112e+9,
325.16,2.160e+9,2.160e+9,
325.21,1.430e+9,1.430e+9,
325.26,9.028e+8,9.028e+8,
325.31,5.436e+8,5.436e+8,
325.36,3.122e+8,3.122e+8,
325.41,1.710e+8,1.710e+8,
325.46,8.930e+7,8.930e+7,
325.51,4.448e+7,4.448e+7,
325.56,2.113e+7,2.113e+7,
325.61,9.573e+6,9.573e+6,
325.66,4.136e+6,4.136e+6,
325.71,1.705e+6,1.705e+6,
325.76,6.699e+5,6.699e+5,
325.81,2.511e+5,2.511e+5,
325.86,8.974e+4,8.974e+4,
325.91,3.060e+4,3.060e+4,
325.96,9.967e+3,9.967e+3,
326.01,3.163e+3,3.163e+3,
326.06,1.194e+3,1.194e+3,
326.11,1.220e+3,1.220e+3,
326.16,3.203e+3,3.203e+3,
326.21,9.754e+3,9.754e+3,
326.26,2.887e+4,2.887e+4,
326.31,8.169e+4,8.169e+4,
326.36,2.206e+5,2.206e+5,
326.41,5.688e+5,5.688e+5,
326.46,1.399e+6,1.399e+6,
326.51,3.286e+6,3.286e+6,
326.56,7.364e+6,7.364e+6,
326.61,1.575e+7,1.575e+7,
326.66,3.216e+7,3.216e+7,
326.71,6.266e+7,6.266e+7,
326.76,1.165e+8,1.165e+8,
326.81,2.068e+8,2.068e+8,
326.86,3.504e+8,3.504e+8,
326.91,5.665e+8,5.665e+8,
326.96,8.742e+8,8.742e+8,
327.01,1.288e+9,1.288e+9,
327.06,1.810e+9,1.810e+9,4.488e-11
327.11,2.428e+9,2.428e+9,2.731e-10
327.16,3.109e+9,3.109e+9,1.586e-9
327.21,3.800e+9,3.800e+9,8.801e-9
327.26,4.432e+9,4.432e+9,4.662e-8
327.31,4.934e+9,4.934e+9,2.358e-7
327.36,5.242e+9,5.242e+9,1.139e-6
327.41,5.316e+9,5.316e+9,5.252e-6
327.46,5.146e+9,5.146e+9,2.313e-5
327.51,4.753e+9,4.753e+9,9.725e-5
327.56,4.191e+9,4.191e+9,3.905e-4
327.61,3.526e+9,3.526e+9,1.497e-3
327.66,2.832e+9,2.832e+9,5.480e-3
327.71,2.171e+9,2.171e+9,1.916e-2
327.76,1.588e+9,1.588e+9,6.394e-2
327.81,1.109e+9,1.109e+9,2.038e-1
327.86,7.390e+8,7.390e+8,6.203e-1
327.91,4.701e+8,4.701e+8,1.803e+0
327.96,2.854e+8,2.854e+8,5.002e+0
328.01,1.653e+8,1.653e+8,1.325e+1
328.06,9.143e+7,9.143e+7,3.353e+1
328.11,4.826e+7,4.826e+7,8.101e+1
328.16,2.431e+7,2.431e+7,1.869e+2
328.21,1.169e+7,1.169e+7,4.116e+2
328.26,5.363e+6,5.362e+6,8.658e+2
328.31,2.350e+6,2.348e+6,1.739e+3
328.36,9.850e+5,9.816e+5,3.335e+3
328.41,3.977e+5,3.916e+5,6.107e+3
328.46,1.598e+5,1.491e+5,1.068e+4
328.51,7.201e+4,5.419e+4,1.783e+4
328.56,4.722e+4,1.879e+4,2.842e+4
328.61,4.949e+4,6.221e+3,4.327e+4
328.66,6.486e+4,1.966e+3,6.290e+4
328.71,8.790e+4,5.927e+2,8.731e+4
328.76,1.159e+5,1.706e+2,1.157e+5
328.81,1.465e+5,4.686e+1,1.464e+5
328.86,1.770e+5,1.228e+1,1.770e+5
328.91,2.042e+5,3.074e+0,2.042e+5
328.96,2.250e+5,7.341e-1,2.250e+5
329.01,2.367e+5,1.673e-1,2.367e+5
329.06,2.378e+5,3.640e-2,2.378e+5
329.11,2.282e+5,7.557e-3,2.282e+5
329.16,2.091e+5,1.498e-3,2.091e+5
329.21,1.830e+5,2.832e-4,1.830e+5
329.26,1.531e+5,5.113e-5,1.531e+5
329.31,1.226e+5,8.809e-6,1.226e+5
329.36,9.453e+4,1.449e-6,9.453e+4
329.41,7.094e+4,,7.094e+4
329.46,5.335e+4,,5.335e+4
329.51,4.260e+4,,4.260e+4
329.56,3.918e+4,,3.918e+4
329.61,4.341e+4,,4.341e+4
329.66,5.547e+4,,5.547e+4
329.71,7.539e+4,,7.539e+4
329.76,1.028e+5,,1.028e+5
329.81,1.365e+5,,1.365e+5
329.86,1.744e+5,,1.744e+5
329.91,2.136e+5,,2.136e+5
329.96,2.502e+5,,2.502e+5
330.01,2.801e+5,,2.801e+5
330.06,2.996e+5,,2.996e+5
330.11,3.061e+5,,3.061e+5
330.16,2.988e+5,,2.988e+5
330.21,2.787e+5,,2.787e+5
330.26,2.483e+5,,2.483e+5
330.31,2.113e+5,,2.113e+5
330.36,1.718e+5,,1.718e+5
330.41,1.335e+5,,1.335e+5
330.46,9.904e+4,,9.904e+4
330.51,7.021e+4,,7.021e+4
330.56,4.755e+4,,4.755e+4
330.61,3.077e+4,,3.077e+4
330.66,1.904e+4,,1.904e+4
330.71,1.129e+4,,1.129e+4
330.76,6.481e+3,,6.481e+3
330.81,3.734e+3,,3.734e+3
330.86,2.421e+3,,2.421e+3
330.91,2.172e+3,,2.172e+3
330.96,2.868e+3,,2.868e+3
331.01,4.608e+3,,4.608e+3
331.06,7.681e+3,,7.681e+3
331.11,1.251e+4,,1.251e+4
331.16,1.959e+4,,1.959e+4
331.21,2.934e+4,,2.934e+4
331.26,4.202e+4,,4.202e+4
331.31,5.750e+4,,5.750e+4
331.36,7.519e+4,,7.519e+4
331.41,9.395e+4,,9.395e+4
331.46,1.122e+5,,1.122e+5
331.51,1.280e+5,,1.280e+5
331.56,1.395e+5,,1.395e+5
331.61,1.454e+5,,1.454e+5
331.66,1.447e+5,,1.447e+5
331.71,1.376e+5,,1.376e+5
331.76,1.251e+5,,1.251e+5
331.81,1.087e+5,,1.087e+5
331.86,9.018e+4,,9.018e+4
331.91,7.152e+4,,7.152e+4
331.96,5.420e+4,,5.420e+4
332.01,3.924e+4,,3.924e+4
332.06,2.715e+4,,2.715e+4
332.11,1.795e+4,,1.795e+4
332.16,1.134e+4,,1.134e+4
332.21,6.848e+3,,6.848e+3
332.26,3.951e+3,,3.951e+3
332.31,2.178e+3,,2.178e+3
332.36,1.147e+3,,1.147e+3
332.41,5.774e+2,,5.774e+2
332.46,2.777e+2,,2.777e+2
332.51,1.276e+2,,1.276e+2
332.56,5.607e+1,,5.607e+1
332.61,2.358e+1,,2.358e+1
332.66,9.609e+0,,9.609e+0
332.71,4.126e+0,,4.126e+0
332.76,2.728e+0,,2.728e+0
332.81,4.149e+0,,4.149e+0
332.86,9.400e+0,,9.400e+0
332.91,2.222e+1,,2.222e+1
332.96,5.086e+1,,5.086e+1
333.01,1.115e+2,,1.115e+2
333.06,2.337e+2,,2.337e+2
333.11,4.683e+2,,4.683e+2
333.16,8.974e+2,,8.974e+2
333.21,1.644e+3,,1.644e+3
333.26,2.881e+3,,2.881e+3
333.31,4.826e+3,,4.826e+3
333.36,7.729e+3,,7.729e+3
333.41,1.183e+4,,1.183e+4
333.46,1.733e+4,,1.733e+4
333.51,2.426e+4,,2.426e+4
333.56,3.247e+4,,3.247e+4
333.61,4.156e+4,,4.156e+4
333.66,5.085e+4,,5.085e+4
333.71,5.950e+4,,5.950e+4
333.76,6.656e+4,,6.656e+4
333.81,7.119e+4,,7.119e+4
333.86,7.280e+4,,7.280e+4
333.91,7.119e+4,,7.119e+4
333.96,6.656e+4,,6.656e+4
334.01,5.950e+4,,5.950e+4
334.06,5.085e+4,,5.085e+4
334.11,4.156e+4,,4.156e+4
334.16,3.247e+4,,3.247e+4
334.21,2.426e+4,,2.426e+4
334.26,1.733e+4,,1.733e+4
334.31,1.183e+4,,1.183e+4
334.36,7.729e+3,,7.729e+3
334.41,4.826e+3,,4.826e+3
334.46,2.881e+3,,2.881e+3
334.51,1.644e+3,,1.644e+3
334.56,8.974e+2,,8.974e+2
334.61,4.683e+2,,4.683e+2
334.66,2.337e+2,,2.337e+2
334.71,1.115e+2,,1.115e+2
334.76,5.084e+1,,5.084e+1
334.81,2.217e+1,,2.217e+1
334.86,9.246e+0,,9.246e+0
334.91,3.686e+0,,3.686e+0
334.96,1.405e+0,,1.405e+0
335.01,5.122e-1,,5.122e-1
335.06,1.787e-1,,1.787e-1
335.11,6.014e-2,,6.014e-2
335.16,2.130e-2,,2.130e-2
335.21,1.369e-2,,1.369e-2
335.26,2.718e-2,,2.718e-2
335.31,7.905e-2,,7.905e-2
335.36,2.319e-1,,2.319e-1
335.41,6.539e-1,,6.539e-1
335.46,1.765e+0,,1.765e+0
335.51,4.560e+0,,4.560e+0
335.56,1.127e+1,,1.127e+1
335.61,2.665e+1,,2.665e+1
335.66,6.032e+1,,6.032e+1
335.71,1.306e+2,,1.306e+2
335.76,2.706e+2,,2.706e+2
335.81,5.363e+2,,5.363e+2
335.86,1.017e+3,,1.017e+3
335.91,1.847e+3,,1.847e+3
335.96,3.208e+3,,3.208e+3
336.01,5.333e+3,,5.333e+3
336.06,8.486e+3,,8.486e+3
336.11,1.293e+4,,1.293e+4
336.16,1.886e+4,,1.886e+4
336.21,2.635e+4,,2.635e+4
336.26,3.531e+4,,3.531e+4
336.31,4.541e+4,,4.541e+4
336.36,5.612e+4,,5.612e+4
336.41,6.682e+4,,6.682e+4
336.46,7.689e+4,,7.689e+4
336.51,8.590e+4,,8.590e+4
336.56,9.372e+4,,9.372e+4
336.61,1.006e+5,,1.006e+5
336.66,1.070e+5,,1.070e+5
336.71,1.136e+5,,1.136e+5
336.76,1.210e+5,,1.210e+5
336.81,1.294e+5,,1.294e+5
336.86,1.384e+5,,1.384e+5
336.91,1.474e+5,,1.474e+5
336.96,1.553e+5,,1.553e+5
337.01,1.612e+5,,1.612e+5
337.06,1.644e+5,,1.644e+5
337.11,1.646e+5,,1.646e+5
337.16,1.621e+5,,1.621e+5
337.21,1.576e+5,,1.576e+5
337.26,1.520e+5,,1.520e+5
337.31,1.458e+5,,1.458e+5
337.36,1.395e+5,,1.395e+5
337.41,1.330e+5,,1.330e+5
337.46,1.262e+5,,1.262e+5
337.51,1.187e+5,,1.187e+5
337.56,1.105e+5,,1.105e+5
337.61,1.016e+5,,1.016e+5
337.66,9.249e+4,,9.249e+4
337.71,8.396e+4,,8.396e+4
337.76,7.662e+4,,7.662e+4
337.81,7.094e+4,,7.094e+4
337.86,6.702e+4,,6.702e+4
337.91,6.460e+4,,6.460e+4
337.96,6.307e+4,,6.307e+4
338.01,6.167e+4,,6.167e+4
338.06,5.969e+4,,5.969e+4
338.11,5.657e+4,,5.657e+4
338.16,5.211e+4,,5.211e+4
338.21,4.639e+4,,4.639e+4
338.26,3.977e+4,,3.977e+4
338.31,3.276e+4,,3.276e+4
338.36,2.589e+4,,2.589e+4
338.41,1.961e+4,,1.961e+4
338.46,1.423e+4,,1.423e+4
338.51,9.889e+3,,9.889e+3
338.56,6.581e+3,,6.581e+3
338.61,4.192e+3,,4.192e+3
338.66,2.557e+3,,2.557e+3
338.71,1.493e+3,,1.493e+3
338.76,8.341e+2,,8.341e+2
338.81,4.462e+2,,4.462e+2
338.86,2.285e+2,,2.285e+2
338.91,1.120e+2,,1.120e+2
338.96,5.253e+1,,5.253e+1
339.01,2.359e+1,,2.359e+1
339.06,1.014e+1,,1.014e+1
339.11,4.172e+0,,4.172e+0
339.16,1.643e+0,,1.643e+0
339.21,6.194e-1,,6.194e-1
339.26,2.235e-1,,2.235e-1
339.31,7.720e-2,,7.720e-2
339.36,2.552e-2,,2.552e-2
339.41,8.077e-3,,8.077e-3
339.46,2.447e-3,,2.447e-3
339.51,7.094e-4,,7.094e-4
339.56,1.969e-4,,1.969e-4
339.61,5.230e-5,,5.230e-5
339.66,1.330e-5,,1.330e-5
339.71,3.237e-6,,3.237e-6
339.76,7.542e-7,,7.542e-7
339.81,1.682e-7,,1.682e-7
339.86,3.590e-8,,3.590e-8
339.91,7.336e-9,,7.336e-9
339.96,1.435e-9,,1.435e-9
340.01,2.686e-10,,2.686e-10
340.06,4.813e-11,,4.813e-11
340.11,8.256e-12,,8.256e-12
386.08,1.384e-11,,1.384e-11
386.13,6.376e-11,,6.376e-11
386.18,2.843e-10,,2.843e-10
386.23,1.226e-9,,1.226e-9
386.28,5.115e-9,,5.115e-9
386.33,2.064e-8,,2.064e-8
386.38,8.061e-8,,8.061e-8
386.43,3.045e-7,,3.045e-7
386.48,1.113e-6,,1.113e-6
386.53,3.933e-6,,3.933e-6
386.58,1.345e-5,,1.345e-5
386.63,4.450e-5,,4.450e-5
386.68,1.424e-4,,1.424e-4
386.73,4.409e-4,,4.409e-4
386.78,1.321e-3,,1.321e-3
386.83,3.827e-3,,3.827e-3
386.88,1.073e-2,,1.073e-2
386.93,2.909e-2,,2.909e-2
386.98,7.630e-2,,7.630e-2
387.03,1.936e-1,,1.936e-1
387.08,4.754e-1,,4.754e-1
387.13,1.129e+0,,1.129e+0
387.18,2.594e+0,,2.594e+0
387.23,5.766e+0,,5.766e+0
387.28,1.240e+1,,1.240e+1
387.33,2.579e+1,,2.579e+1
387.38,5.190e+1,,5.190e+1
387.43,1.010e+2,,1.010e+2
387.48,1.903e+2,,1.903e+2
387.53,3.467e+2,,3.467e+2
387.58,6.110e+2,,6.110e+2
387.63,1.042e+3,,1.042e+3
387.68,1.718e+3,,1.718e+3
387.73,2.742e+3,,2.742e+3
387.78,4.233e+3,,4.233e+3
387.83,6.321e+3,,6.321e+3
387.88,9.132e+3,,9.132e+3
387.93,1.276e+4,,1.276e+4
387.98,1.726e+4,,1.726e+4
388.03,2.257e+4,,2.257e+4
388.08,2.856e+4,,2.856e+4
388.13,3.496e+4,,3.496e+4
388.18,4.139e+4,,4.139e+4
388.23,4.742e+4,,4.742e+4
388.28,5.255e+4,,5.255e+4
388.33,5.633e+4,,5.633e+4
388.38,5.843e+4,,5.843e+4
388.43,5.862e+4,,5.862e+4
388.48,5.690e+4,,5.690e+4
388.53,5.343e+4,,5.343e+4
388.58,4.853e+4,,4.853e+4
388.63,4.265e+4,,4.265e+4
388.68,3.625e+4,,3.625e+4
388.73,2.981e+4,,2.981e+4
388.78,2.372e+4,,2.372e+4
388.83,1.826e+4,,1.826e+4
388.88,1.359e+4,,1.359e+4
388.93,9.791e+3,,9.791e+3
388.98,6.823e+3,,6.823e+3
389.03,4.600e+3,,4.600e+3
389.08,3.002e+3,,3.002e+3
389.13,1.899e+3,,1.899e+3
389.18,1.170e+3,,1.170e+3
389.23,7.147e+2,,7.147e+2
389.28,4.558e+2,,4.558e+2
389.33,3.445e+2,,3.445e+2
389.38,3.588e+2,,3.588e+2
389.43,5.040e+2,,5.040e+2
389.48,8.140e+2,,8.140e+2
389.53,1.353e+3,,1.353e+3
389.58,2.219e+3,,2.219e+3
389.63,3.541e+3,,3.541e+3
389.68,5.475e+3,,5.475e+3
389.73,8.196e+3,,8.196e+3
389.78,1.188e+4,,1.188e+4
389.83,1.665e+4,,1.665e+4
389.88,2.260e+4,,2.260e+4
389.93,2.967e+4,,2.967e+4
389.98,3.770e+4,,3.770e+4
390.03,4.636e+4,,4.636e+4
390.08,5.517e+4,,5.517e+4
390.13,6.353e+4,,6.353e+4
390.18,7.080e+4,,7.080e+4
390.23,7.635e+4,,7.635e+4
390.28,7.968e+4,,7.968e+4
390.33,8.047e+4,,8.047e+4
390.38,7.864e+4,,7.864e+4
390.43,7.437e+4,,7.437e+4
390.48,6.807e+4,,6.807e+4
390.53,6.028e+4,,6.028e+4
390.58,5.167e+4,,5.167e+4
390.63,4.285e+4,,4.285e+4
390.68,3.439e+4,,3.439e+4
390.73,2.671e+4,,2.671e+4
390.78,2.008e+4,,2.008e+4
390.83,1.461e+4,,1.461e+4
390.88,1.028e+4,,1.028e+4
390.93,7.011e+3,,7.011e+3
390.98,4.636e+3,,4.636e+3
391.03,2.985e+3,,2.985e+3
391.08,1.898e+3,,1.898e+3
391.13,1.236e+3,,1.236e+3
391.18,9.013e+2,,9.013e+2
391.23,8.318e+2,,8.318e+2
391.28,1.007e+3,,1.007e+3
391.33,1.444e+3,,1.444e+3
391.38,2.191e+3,,2.191e+3
391.43,3.323e+3,,3.323e+3
391.48,4.933e+3,,4.933e+3
391.53,7.113e+3,,7.113e+3
391.58,9.938e+3,,9.938e+3
391.63,1.345e+4,,1.345e+4
391.68,1.761e+4,,1.761e+4
391.73,2.233e+4,,2.233e+4
391.78,2.741e+4,,2.741e+4
391.83,3.257e+4,,3.257e+4
391.88,3.746e+4,,3.746e+4
391.93,4.170e+4,,4.170e+4
391.98,4.494e+4,,4.494e+4
392.03,4.689e+4,,4.689e+4
392.08,4.735e+4,,4.735e+4
392.13,4.628e+4,,4.628e+4
392.18,4.379e+4,,4.379e+4
392.23,4.011e+4,,4.011e+4
392.28,3.556e+4,,3.556e+4
392.33,3.052e+4,,3.052e+4
392.38,2.535e+4,,2.535e+4
392.43,2.039e+4,,2.039e+4
392.48,1.587e+4,,1.587e+4
392.53,1.196e+4,,1.196e+4
392.58,8.724e+3,,8.724e+3
392.63,6.159e+3,,6.159e+3
392.68,4.210e+3,,4.210e+3
392.73,2.785e+3,,2.785e+3
392.78,1.784e+3,,1.784e+3
392.83,1.106e+3,,1.106e+3
392.88,6.635e+2,,6.635e+2
392.93,3.854e+2,,3.854e+2
392.98,2.167e+2,,2.167e+2
393.03,1.180e+2,,1.180e+2
393.08,6.215e+1,,6.215e+1
393.13,3.170e+1,,3.170e+1
393.18,1.565e+1,,1.565e+1
393.23,7.479e+0,,7.479e+0
393.28,3.460e+0,,3.460e+0
393.33,1.549e+0,,1.549e+0
393.38,6.715e-1,,6.715e-1
393.43,2.817e-1,,2.817e-1
393.48,1.144e-1,,1.144e-1
393.53,4.499e-2,,4.499e-2
393.58,1.712e-2,,1.712e-2
393.63,6.308e-3,,6.308e-3
393.68,2.249e-3,,2.249e-3
393.73,7.765e-4,,7.765e-4
393.78,2.595e-4,,2.595e-4
393.83,8.392e-5,,8.392e-5
393.88,2.628e-5,,2.628e-5
393.93,7.963e-6,,7.963e-6
393.98,2.336e-6,,2.336e-6
394.03,6.635e-7,,6.635e-7
394.08,1.824e-7,,1.824e-7
394.13,4.854e-8,,4.854e-8
394.18,1.250e-8,,1.250e-8
394.23,3.117e-9,,3.117e-9
394.28,7.524e-10,,7.524e-10
394.33,1.758e-10,,1.758e-10
394.38,3.976e-11,,3.976e-11
394.43,8.703e-12,,8.703e-12
399.83,6.339e-9,6.339e-9,
399.88,2.802e-8,2.802e-8,
399.93,1.201e-7,1.201e-7,
399.98,4.991e-7,4.991e-7,
400.03,2.011e-6,2.011e-6,
400.08,7.856e-6,7.856e-6,
400.13,2.976e-5,2.976e-5,
400.18,1.093e-4,1.093e-4,
400.23,3.891e-4,3.891e-4,
400.28,1.343e-3,1.343e-3,
400.33,4.497e-3,4.497e-3,
400.38,1.459e-2,1.459e-2,
400.43,4.592e-2,4.592e-2,
400.48,1.401e-1,1.401e-1,
400.53,4.145e-1,4.145e-1,
400.58,1.189e+0,1.189e+0,
400.63,3.306e+0,3.306e+0,
400.68,8.914e+0,8.914e+0,
400.73,2.330e+1,2.330e+1,
400.78,5.906e+1,5.906e+1,
400.83,1.452e+2,1.452e+2,
400.88,3.459e+2,3.459e+2,
400.93,7.991e+2,7.991e+2,
400.98,1.790e+3,1.790e+3,
401.03,3.887e+3,3.887e+3,
401.08,8.186e+3,8.186e+3,
401.13,1.671e+4,1.671e+4,
401.18,3.309e+4,3.309e+4,
401.23,6.350e+4,6.350e+4,
401.28,1.182e+5,1.182e+5,
401.33,2.132e+5,2.132e+5,
401.38,3.730e+5,3.730e+5,
401.43,6.327e+5,6.327e+5,
401.48,1.040e+6,1.040e+6,
401.53,1.659e+6,1.659e+6,
401.58,2.565e+6,2.565e+6,
401.63,3.845e+6,3.845e+6,
401.68,5.588e+6,5.588e+6,
401.73,7.874e+6,7.874e+6,
401.78,1.076e+7,1.076e+7,
401.83,1.425e+7,1.425e+7,
401.88,1.830e+7,1.830e+7,
401.93,2.280e+7,2.280e+7,
401.98,2.752e+7,2.752e+7,
402.03,3.222e+7,3.222e+7,
402.08,3.657e+7,3.657e+7,
402.13,4.025e+7,4.025e+7,
402.18,4.295e+7,4.295e+7,
402.23,4.443e+7,4.443e+7,
402.28,4.457e+7,4.457e+7,
402.33,4.335e+7,4.335e+7,
402.38,4.088e+7,4.088e+7,
402.43,3.737e+7,3.737e+7,
402.48,3.313e+7,3.313e+7,
402.53,2.847e+7,2.847e+7,
402.58,2.373e+7,2.373e+7,
402.63,1.917e+7,1.917e+7,
402.68,1.502e+7,1.502e+7,
402.73,1.141e+7,1.141e+7,
402.78,8.402e+6,8.402e+6,
402.83,6.000e+6,6.000e+6,
402.88,4.154e+6,4.154e+6,
402.93,2.788e+6,2.788e+6,
402.98,1.815e+6,1.815e+6,
403.03,1.145e+6,1.145e+6,
403.08,7.006e+5,7.006e+5,
403.13,4.156e+5,4.156e+5,
403.18,2.390e+5,2.390e+5,
403.23,1.333e+5,1.333e+5,
403.28,7.208e+4,7.208e+4,
403.33,3.779e+4,3.779e+4,
403.38,1.921e+4,1.921e+4,
403.43,9.466e+3,9.466e+3,
403.48,4.523e+3,4.523e+3,
403.53,2.095e+3,2.095e+3,
403.58,9.413e+2,9.413e+2,
403.63,4.099e+2,4.099e+2,
403.68,1.731e+2,1.731e+2,
403.73,7.088e+1,7.088e+1,
403.78,2.814e+1,2.814e+1,
403.83,1.083e+1,1.083e+1,
403.88,4.041e+0,4.041e+0,
403.93,1.462e+0,1.462e+0,
403.98,5.130e-1,5.130e-1,
404.03,1.745e-1,1.745e-1,
404.08,5.757e-2,5.757e-2,
404.13,1.848e-2,1.848e-2,
404.18,6.005e-3,6.005e-3,
404.23,2.756e-3,2.756e-3,
404.28,4.009e-3,4.009e-3,
404.33,1.161e-2,1.161e-2,
404.38,3.642e-2,3.642e-2,
404.43,1.119e-1,1.119e-1,
404.48,3.341e-1,3.341e-1,
404.53,9.676e-1,9.676e-1,
404.58,2.719e+0,2.719e+0,
404.63,7.410e+0,7.410e+0,
404.68,1.959e+1,1.959e+1,
404.73,5.027e+1,5.027e+1,
404.78,1.251e+2,1.251e+2,
404.83,3.021e+2,3.021e+2,
404.88,7.077e+2,7.077e+2,
404.93,1.608e+3,1.608e+3,
404.98,3.546e+3,3.546e+3,
405.03,7.586e+3,7.586e+3,
405.08,1.574e+4,1.574e+4,
405.13,3.170e+4,3.170e+4,
405.18,6.191e+4,6.191e+4,
405.23,1.173e+5,1.173e+5,
405.28,2.157e+5,2.157e+5,
405.33,3.847e+5,3.847e+5,
405.38,6.656e+5,6.656e+5,
405.43,1.117e+6,1.117e+6,
405.48,1.820e+6,1.820e+6,
405.53,2.875e+6,2.875e+6,
405.58,4.407e+6,4.407e+6,
405.63,6.554e+6,6.554e+6,
405.68,9.456e+6,9.456e+6,
405.73,1.324e+7,1.324e+7,
405.78,1.797e+7,1.797e+7,
405.83,2.368e+7,2.368e+7,
405.88,3.026e+7,3.026e+7,
405.93,3.753e+7,3.753e+7,
405.98,4.514e+7,4.514e+7,
406.03,5.269e+7,5.269e+7,
406.08,5.965e+7,5.965e+7,
406.13,6.553e+7,6.553e+7,
406.18,6.983e+7,6.983e+7,
406.23,7.220e+7,7.220e+7,
406.28,7.242e+7,7.242e+7,
406.33,7.047e+7,7.047e+7,
406.38,6.653e+7,6.653e+7,
406.43,6.093e+7,6.093e+7,
406.48,5.414e+7,5.414e+7,
406.53,4.667e+7,4.667e+7,
406.58,3.903e+7,3.903e+7,
406.63,3.167e+7,3.167e+7,
406.68,2.493e+7,2.493e+7,
406.73,1.904e+7,1.904e+7,
406.78,1.411e+7,1.411e+7,
406.83,1.014e+7,1.014e+7,
406.88,7.070e+6,7.070e+6,
406.93,4.783e+6,4.783e+6,
406.98,3.139e+6,3.139e+6,
407.03,1.999e+6,1.999e+6,
407.08,1.235e+6,1.235e+6,
407.13,7.401e+5,7.401e+5,
407.18,4.303e+5,4.303e+5,
407.23,2.427e+5,2.427e+5,
407.28,1.328e+5,1.328e+5,
407.33,7.052e+4,7.052e+4,
407.38,3.632e+4,3.632e+4,
407.43,1.815e+4,1.815e+4,
407.48,8.800e+3,8.800e+3,
407.53,4.139e+3,4.139e+3,
407.58,1.889e+3,1.889e+3,
407.63,8.360e+2,8.360e+2,
407.68,3.591e+2,3.591e+2,
407.73,1.496e+2,1.496e+2,
407.78,6.047e+1,6.047e+1,
407.83,2.372e+1,2.372e+1,
407.88,9.023e+0,9.023e+0,
407.93,3.330e+0,3.330e+0,
407.98,1.193e+0,1.193e+0,
408.03,4.143e-1,4.143e-1,
408.08,1.396e-1,1.396e-1,
408.13,4.566e-2,4.566e-2,
408.18,1.448e-2,1.448e-2,
408.23,4.458e-3,4.458e-3,
408.28,1.331e-3,1.331e-3,
408.33,3.856e-4,3.856e-4,
408.38,1.084e-4,1.084e-4,
408.43,2.954e-5,2.954e-5,
408.48,7.814e-6,7.814e-6,
408.53,2.005e-6,2.005e-6,
408.58,4.992e-7,4.992e-7,
408.63,1.206e-7,1.206e-7,
408.68,2.825e-8,2.825e-8,
408.73,6.422e-9,6.422e-9,
422.34,1.144e-9,1.144e-9,
422.39,4.659e-9,4.659e-9,
422.44,1.845e-8,1.845e-8,
422.49,7.109e-8,7.109e-8,
422.54,2.664e-7,2.664e-7,
422.59,9.710e-7,9.710e-7,
422.64,3.443e-6,3.443e-6,
422.69,1.187e-5,1.187e-5,
422.74,3.983e-5,3.983e-5,
422.79,1.299e-4,1.299e-4,
422.84,4.124e-4,4.124e-4,
422.89,1.273e-3,1.273e-3,
422.94,3.823e-3,3.823e-3,
422.99,1.116e-2,1.116e-2,
423.04,3.172e-2,3.172e-2,
423.09,8.765e-2,8.765e-2,
423.14,2.356e-1,2.356e-1,
423.19,6.159e-1,6.159e-1,
423.24,1.566e+0,1.566e+0,
423.29,3.874e+0,3.874e+0,
423.34,9.320e+0,9.320e+0,
423.39,2.181e+1,2.181e+1,
423.44,4.965e+1,4.965e+1,
423.49,1.099e+2,1.099e+2,
423.54,2.368e+2,2.368e+2,
423.59,4.960e+2,4.960e+2,
423.64,1.011e+3,1.011e+3,
423.69,2.003e+3,2.003e+3,
423.74,3.861e+3,3.861e+3,
423.79,7.240e+3,7.240e+3,
423.84,1.321e+4,1.321e+4,
423.89,2.343e+4,2.343e+4,
423.94,4.043e+4,4.043e+4,
423.99,6.786e+4,6.786e+4,
424.04,1.108e+5,1.108e+5,
424.09,1.759e+5,1.759e+5,
424.14,2.718e+5,2.718e+5,
424.19,4.083e+5,4.083e+5,
424.24,5.967e+5,5.967e+5,
424.29,8.483e+5,8.483e+5,
424.34,1.173e+6,1.173e+6,
424.39,1.577e+6,1.577e+6,
424.44,2.064e+6,2.064e+6,
424.49,2.626e+6,2.626e+6,
424.54,3.250e+6,3.250e+6,
424.59,3.913e+6,3.913e+6,
424.64,4.582e+6,4.582e+6,
424.69,5.219e+6,5.219e+6,
424.74,5.782e+6,5.782e+6,
424.79,6.231e+6,6.231e+6,
424.84,6.531e+6,6.531e+6,
424.89,6.659e+6,6.659e+6,
424.94,6.604e+6,6.604e+6,
424.99,6.370e+6,6.370e+6,
425.04,5.977e+6,5.977e+6,
425.09,5.455e+6,5.455e+6,
425.14,4.843e+6,4.843e+6,
425.19,4.182e+6,4.182e+6,
425.24,3.512e+6,3.512e+6,
425.29,2.869e+6,2.869e+6,
425.34,2.280e+6,2.280e+6,
425.39,1.762e+6,1.762e+6,
425.44,1.325e+6,1.325e+6,
425.49,9.689e+5,9.689e+5,
425.54,6.892e+5,6.892e+5,
425.59,4.768e+5,4.768e+5,
425.64,3.209e+5,3.209e+5,
425.69,2.101e+5,2.101e+5,
425.74,1.337e+5,1.337e+5,
425.79,8.284e+4,8.284e+4,
425.84,4.991e+4,4.991e+4,
425.89,2.927e+4,2.927e+4,
425.94,1.675e+4,1.675e+4,
425.99,9.433e+3,9.433e+3,
426.04,5.423e+3,5.423e+3,
426.09,3.586e+3,3.586e+3,
426.14,3.420e+3,3.420e+3,
426.19,5.019e+3,5.019e+3,
426.24,9.169e+3,9.169e+3,
426.29,1.764e+4,1.764e+4,
426.34,3.370e+4,3.370e+4,
426.39,6.296e+4,6.296e+4,
426.44,1.146e+5,1.146e+5,
426.49,2.029e+5,2.029e+5,
426.54,3.498e+5,3.498e+5,
426.59,5.866e+5,5.866e+5,
426.64,9.572e+5,9.572e+5,
426.69,1.520e+6,1.520e+6,
426.74,2.348e+6,2.348e+6,
426.79,3.530e+6,3.530e+6,
426.84,5.163e+6,5.163e+6,
426.89,7.348e+6,7.348e+6,
426.94,1.018e+7,1.018e+7,
426.99,1.371e+7,1.371e+7,
427.04,1.797e+7,1.797e+7,
427.09,2.293e+7,2.293e+7,
427.14,2.846e+7,2.846e+7,
427.19,3.438e+7,3.438e+7,
427.24,4.040e+7,4.040e+7,
427.29,4.619e+7,4.619e+7,
427.34,5.139e+7,5.139e+7,
427.39,5.564e+7,5.564e+7,
427.44,5.860e+7,5.860e+7,
427.49,6.007e+7,6.007e+7,
427.54,5.990e+7,5.990e+7,
427.59,5.813e+7,5.813e+7,
427.64,5.488e+7,5.488e+7,
427.69,5.042e+7,5.042e+7,
427.74,4.507e+7,4.507e+7,
427.79,3.920e+7,3.920e+7,
427.84,3.317e+7,3.317e+7,
427.89,2.732e+7,2.732e+7,
427.94,2.189e+7,2.189e+7,
427.99,1.706e+7,1.706e+7,
428.04,1.294e+7,1.294e+7,
428.09,9.555e+6,9.555e+6,
428.14,6.862e+6,6.862e+6,
428.19,4.795e+6,4.795e+6,
428.24,3.260e+6,3.260e+6,
428.29,2.157e+6,2.157e+6,
428.34,1.389e+6,1.389e+6,
428.39,8.698e+5,8.698e+5,
428.44,5.301e+5,5.301e+5,
428.49,3.144e+5,3.144e+5,
428.54,1.814e+5,1.814e+5,
428.59,1.018e+5,1.018e+5,
428.64,5.564e+4,5.564e+4,
428.69,2.957e+4,2.957e+4,
428.74,1.530e+4,1.530e+4,
428.79,7.697e+3,7.697e+3,
428.84,3.769e+3,3.769e+3,
428.89,1.796e+3,1.796e+3,
428.94,8.325e+2,8.325e+2,
428.99,3.755e+2,3.755e+2,
429.04,1.648e+2,1.648e+2,
429.09,7.039e+1,7.039e+1,
429.14,2.925e+1,2.925e+1,
429.19,1.183e+1,1.183e+1,
429.24,4.653e+0,4.653e+0,
429.29,1.781e+0,1.781e+0,
429.34,6.634e-1,6.634e-1,
429.39,2.404e-1,2.404e-1,
429.44,8.479e-2,8.479e-2,
429.49,2.909e-2,2.909e-2,
429.54,9.713e-3,9.713e-3,
429.59,3.155e-3,3.155e-3,
429.64,9.973e-4,9.973e-4,
429.69,3.067e-4,3.067e-4,
429.74,9.179e-5,9.179e-5,
429.79,2.673e-5,2.673e-5,
429.84,7.572e-6,7.572e-6,
429.89,2.087e-6,2.087e-6,
429.94,5.599e-7,5.599e-7,
429.99,1.461e-7,1.461e-7,
430.04,3.711e-8,3.711e-8,
430.09,9.170e-9,9.170e-9,
448.25,2.929e-9,2.929e-9,
448.3,1.086e-8,1.086e-8,
448.35,3.931e-8,3.931e-8,
448.4,1.388e-7,1.388e-7,
448.45,4.780e-7,4.780e-7,
448.5,1.607e-6,1.607e-6,
448.55,5.268e-6,5.268e-6,
448.6,1.686e-5,1.686e-5,
448.65,5.263e-5,5.263e-5,
448.7,1.603e-4,1.603e-4,
448.75,4.764e-4,4.764e-4,
448.8,1.382e-3,1.382e-3,
448.85,3.909e-3,3.909e-3,
448.9,1.079e-2,1.079e-2,
448.95,2.907e-2,2.907e-2,
449,7.641e-2,7.641e-2,
449.05,1.960e-1,1.960e-1,
449.1,4.903e-1,4.903e-1,
449.15,1.197e+0,1.197e+0,
449.2,2.852e+0,2.852e+0,
449.25,6.628e+0,6.628e+0,
449.3,1.503e+1,1.503e+1,
449.35,3.326e+1,3.326e+1,
449.4,7.180e+1,7.180e+1,
449.45,1.513e+2,1.513e+2,
449.5,3.109e+2,3.109e+2,
449.55,6.235e+2,6.235e+2,
449.6,1.220e+3,1.220e+3,
449.65,2.329e+3,2.329e+3,
449.7,4.339e+3,4.339e+3,
449.75,7.886e+3,7.886e+3,
449.8,1.399e+4,1.399e+4,
449.85,2.420e+4,2.420e+4,
449.9,4.086e+4,4.086e+4,
449.95,6.730e+4,6.730e+4,
450,1.082e+5,1.082e+5,
450.05,1.697e+5,1.697e+5,
450.1,2.596e+5,2.596e+5,
450.15,3.876e+5,3.876e+5,
450.2,5.646e+5,5.646e+5,
450.25,8.025e+5,8.025e+5,
450.3,1.113e+6,1.113e+6,
450.35,1.506e+6,1.506e+6,
450.4,1.988e+6,1.988e+6,
450.45,2.561e+6,2.561e+6,
450.5,3.220e+6,3.220e+6,
450.55,3.949e+6,3.949e+6,
450.6,4.725e+6,4.725e+6,
450.65,5.517e+6,5.517e+6,
450.7,6.284e+6,6.284e+6,
450.75,6.985e+6,6.985e+6,
450.8,7.576e+6,7.576e+6,
450.85,8.016e+6,8.016e+6,
450.9,8.277e+6,8.277e+6,
450.95,8.338e+6,8.338e+6,
451,8.196e+6,8.196e+6,
451.05,7.860e+6,7.860e+6,
451.1,7.355e+6,7.355e+6,
451.15,6.716e+6,6.716e+6,
451.2,5.983e+6,5.983e+6,
451.25,5.200e+6,5.200e+6,
451.3,4.411e+6,4.411e+6,
451.35,3.650e+6,3.650e+6,
451.4,2.947e+6,2.947e+6,
451.45,2.322e+6,2.322e+6,
451.5,1.785e+6,1.785e+6,
451.55,1.338e+6,1.338e+6,
451.6,9.796e+5,9.796e+5,
451.65,6.998e+5,6.998e+5,
451.7,4.882e+5,4.882e+5,
451.75,3.331e+5,3.331e+5,
451.8,2.233e+5,2.233e+5,
451.85,1.488e+5,1.488e+5,
451.9,1.018e+5,1.018e+5,
451.95,7.650e+4,7.650e+4,
452,6.957e+4,6.957e+4,
452.05,8.024e+4,8.024e+4,
452.1,1.103e+5,1.103e+5,
452.15,1.641e+5,1.641e+5,
452.2,2.487e+5,2.487e+5,
452.25,3.738e+5,3.738e+5,
452.3,5.516e+5,5.516e+5,
452.35,7.959e+5,7.959e+5,
452.4,1.122e+6,1.122e+6,
452.45,1.543e+6,1.543e+6,
452.5,2.072e+6,2.072e+6,
452.55,2.716e+6,2.716e+6,
452.6,3.473e+6,3.473e+6,
452.65,4.336e+6,4.336e+6,
452.7,5.284e+6,5.284e+6,
452.75,6.285e+6,6.285e+6,
452.8,7.299e+6,7.299e+6,
452.85,8.275e+6,8.275e+6,
452.9,9.163e+6,9.163e+6,
452.95,9.914e+6,9.914e+6,
453,1.049e+7,1.049e+7,
453.05,1.085e+7,1.085e+7,
453.1,1.101e+7,1.101e+7,
453.15,1.096e+7,1.096e+7,
453.2,1.074e+7,1.074e+7,
453.25,1.041e+7,1.041e+7,
453.3,1.003e+7,1.003e+7,
453.35,9.672e+6,9.672e+6,
453.4,9.405e+6,9.405e+6,
453.45,9.290e+6,9.290e+6,
453.5,9.367e+6,9.367e+6,
453.55,9.656e+6,9.656e+6,
453.6,1.015e+7,1.015e+7,
453.65,1.081e+7,1.081e+7,
453.7,1.159e+7,1.159e+7,
453.75,1.240e+7,1.240e+7,
453.8,1.317e+7,1.317e+7,
453.85,1.381e+7,1.381e+7,
453.9,1.424e+7,1.424e+7,
453.95,1.441e+7,1.441e+7,
454,1.428e+7,1.428e+7,
454.05,1.384e+7,1.384e+7,
454.1,1.312e+7,1.312e+7,
454.15,1.215e+7,1.215e+7,
454.2,1.098e+7,1.098e+7,
454.25,9.698e+6,9.698e+6,
454.3,8.360e+6,8.360e+6,
454.35,7.035e+6,7.035e+6,
454.4,5.779e+6,5.779e+6,
454.45,4.633e+6,4.633e+6,
454.5,3.626e+6,3.626e+6,
454.55,2.770e+6,2.770e+6,
454.6,2.065e+6,2.065e+6,
454.65,1.503e+6,1.503e+6,
454.7,1.067e+6,1.067e+6,
454.75,7.400e+5,7.400e+5,
454.8,5.007e+5,5.007e+5,
454.85,3.307e+5,3.307e+5,
454.9,2.131e+5,2.131e+5,
454.95,1.341e+5,1.341e+5,
455,8.235e+4,8.235e+4,
455.05,4.935e+4,4.935e+4,
455.1,2.887e+4,2.887e+4,
455.15,1.648e+4,1.648e+4,
455.2,9.186e+3,9.186e+3,
455.25,4.996e+3,4.996e+3,
455.3,2.653e+3,2.653e+3,
455.35,1.374e+3,1.374e+3,
455.4,6.951e+2,6.951e+2,
455.45,3.431e+2,3.431e+2,
455.5,1.653e+2,1.653e+2,
455.55,7.773e+1,7.773e+1,
455.6,3.567e+1,3.567e+1,
455.65,1.598e+1,1.598e+1,
455.7,6.987e+0,6.987e+0,
455.75,2.982e+0,2.982e+0,
455.8,1.242e+0,1.242e+0,
455.85,5.049e-1,5.049e-1,
455.9,2.003e-1,2.003e-1,
455.95,7.758e-2,7.758e-2,
456,2.933e-2,2.933e-2,
456.05,1.082e-2,1.082e-2,
456.1,3.896e-3,3.896e-3,
456.15,1.371e-3,1.371e-3,
456.2,4.740e-4,4.740e-4,
456.25,1.711e-4,1.711e-4,
456.3,9.526e-5,9.526e-5,
456.35,1.520e-4,1.520e-4,
456.4,4.147e-4,4.147e-4,
456.45,1.209e-3,1.209e-3,
456.5,3.477e-3,3.477e-3,
456.55,9.775e-3,9.775e-3,
456.6,2.684e-2,2.684e-2,
456.65,7.195e-2,7.195e-2,
456.7,1.884e-1,1.884e-1,
456.75,4.816e-1,4.816e-1,
456.8,1.202e+0,1.202e+0,
456.85,2.931e+0,2.931e+0,
456.9,6.978e+0,6.978e+0,
456.95,1.622e+1,1.622e+1,
457,3.683e+1,3.683e+1,
457.05,8.164e+1,8.164e+1,
457.1,1.767e+2,1.767e+2,
457.15,3.736e+2,3.736e+2,
457.2,7.713e+2,7.713e+2,
457.25,1.555e+3,1.555e+3,
457.3,3.061e+3,3.061e+3,
457.35,5.883e+3,5.883e+3,
457.4,1.104e+4,1.104e+4,
457.45,2.024e+4,2.024e+4,
457.5,3.624e+4,3.624e+4,
457.55,6.334e+4,6.334e+4,
457.6,1.081e+5,1.081e+5,
457.65,1.802e+5,1.802e+5,
457.7,2.933e+5,2.933e+5,
457.75,4.662e+5,4.662e+5,
457.8,7.237e+5,7.237e+5,
457.85,1.097e+6,1.097e+6,
457.9,1.623e+6,1.623e+6,
457.95,2.346e+6,2.346e+6,
458,3.312e+6,3.312e+6,
458.05,4.564e+6,4.564e+6,
458.1,6.143e+6,6.143e+6,
458.15,8.074e+6,8.074e+6,
458.2,1.036e+7,1.036e+7,
458.25,1.299e+7,1.299e+7,
458.3,1.589e+7,1.589e+7,
458.35,1.899e+7,1.899e+7,
458.4,2.217e+7,2.217e+7,
458.45,2.526e+7,2.526e+7,
458.5,2.811e+7,2.811e+7,
458.55,3.055e+7,3.055e+7,
458.6,3.242e+7,3.242e+7,
458.65,3.360e+7,3.360e+7,
458.7,3.400e+7,3.400e+7,
458.75,3.360e+7,3.360e+7,
458.8,3.242e+7,3.242e+7,
458.85,3.055e+7,3.055e+7,
458.9,2.811e+7,2.811e+7,
458.95,2.526e+7,2.526e+7,
459,2.217e+7,2.217e+7,
459.05,1.899e+7,1.899e+7,
459.1,1.589e+7,1.589e+7,
459.15,1.299e+7,1.299e+7,
459.2,1.036e+7,1.036e+7,
459.25,8.074e+6,8.074e+6,
459.3,6.143e+6,6.143e+6,
459.35,4.564e+6,4.564e+6,
459.4,3.312e+6,3.312e+6,
459.45,2.346e+6,2.346e+6,
459.5,1.623e+6,1.623e+6,
459.55,1.097e+6,1.097e+6,
459.6,7.237e+5,7.237e+5,
459.65,4.662e+5,4.662e+5,
459.7,2.933e+5,2.933e+5,
459.75,1.802e+5,1.802e+5,
459.8,1.081e+5,1.081e+5,
459.85,6.334e+4,6.334e+4,
459.9,3.624e+4,3.624e+4,
459.95,2.024e+4,2.024e+4,
460,1.104e+4,1.104e+4,
460.05,5.883e+3,5.883e+3,
460.1,3.061e+3,3.061e+3,
460.15,1.555e+3,1.555e+3,
460.2,7.713e+2,7.713e+2,
460.25,3.736e+2,3.736e+2,
460.3,1.767e+2,1.767e+2,
460.35,8.164e+1,8.164e+1,
460.4,3.683e+1,3.683e+1,
460.45,1.622e+1,1.622e+1,
460.5,6.978e+0,6.978e+0,
460.55,2.931e+0,2.931e+0,
460.6,1.202e+0,1.202e+0,
460.65,4.816e-1,4.816e-1,
460.7,1.884e-1,1.884e-1,
460.75,7.195e-2,7.195e-2,
460.8,2.684e-2,2.684e-2,
460.85,9.775e-3,9.775e-3,
460.9,3.477e-3,3.477e-3,
460.95,1.208e-3,1.208e-3,
461,4.096e-4,4.096e-4,
461.05,1.356e-4,1.356e-4,
461.1,4.387e-5,4.387e-5,
461.15,1.386e-5,1.386e-5,
461.2,4.273e-6,4.273e-6,
461.25,1.287e-6,1.287e-6,
461.3,3.785e-7,3.785e-7,
461.35,1.087e-7,1.087e-7,
461.4,3.049e-8,3.049e-8,
461.45,8.349e-9,8.349e-9,
462.3,7.878e-9,7.878e-9,
462.35,2.854e-8,2.854e-8,
462.4,1.011e-7,1.011e-7,
462.45,3.496e-7,3.496e-7,
462.5,1.182e-6,1.182e-6,
462.55,3.905e-6,3.905e-6,
462.6,1.260e-5,1.260e-5,
462.65,3.975e-5,3.975e-5,
462.7,1.225e-4,1.225e-4,
462.75,3.690e-4,3.690e-4,
462.8,1.086e-3,1.086e-3,
462.85,3.122e-3,3.122e-3,
462.9,8.774e-3,8.774e-3,
462.95,2.409e-2,2.409e-2,
463,6.463e-2,6.463e-2,
463.05,1.694e-1,1.694e-1,
463.1,4.341e-1,4.341e-1,
463.15,1.087e+0,1.087e+0,
463.2,2.658e+0,2.658e+0,
463.25,6.353e+0,6.353e+0,
463.3,1.484e+1,1.484e+1,
463.35,3.386e+1,3.386e+1,
463.4,7.551e+1,7.551e+1,
463.45,1.645e+2,1.645e+2,
463.5,3.504e+2,3.504e+2,
463.55,7.290e+2,7.290e+2,
463.6,1.482e+3,1.482e+3,
463.65,2.944e+3,2.944e+3,
463.7,5.716e+3,5.716e+3,
463.75,1.084e+4,1.084e+4,
463.8,2.010e+4,2.010e+4,
463.85,3.640e+4,3.640e+4,
463.9,6.442e+4,6.442e+4,
463.95,1.114e+5,1.114e+5,
464,1.883e+5,1.883e+5,
464.05,3.109e+5,3.109e+5,
464.1,5.017e+5,5.017e+5,
464.15,7.910e+5,7.910e+5,
464.2,1.219e+6,1.219e+6,
464.25,1.835e+6,1.835e+6,
464.3,2.699e+6,2.699e+6,
464.35,3.879e+6,3.879e+6,2.248e-11
464.4,5.449e+6,5.449e+6,8.092e-11
464.45,7.479e+6,7.479e+6,2.846e-10
464.5,1.003e+7,1.003e+7,9.785e-10
464.55,1.314e+7,1.314e+7,3.288e-9
464.6,1.683e+7,1.683e+7,1.080e-8
464.65,2.106e+7,2.106e+7,3.465e-8
464.7,2.575e+7,2.575e+7,1.087e-7
464.75,3.077e+7,3.077e+7,3.332e-7
464.8,3.592e+7,3.592e+7,9.984e-7
464.85,4.098e+7,4.098e+7,2.924e-6
464.9,4.569e+7,4.569e+7,8.368e-6
464.95,4.977e+7,4.977e+7,2.341e-5
465,5.297e+7,5.297e+7,6.399e-5
465.05,5.509e+7,5.509e+7,1.710e-4
465.1,5.599e+7,5.599e+7,4.465e-4
465.15,5.560e+7,5.560e+7,1.140e-3
465.2,5.396e+7,5.396e+7,2.843e-3
465.25,5.117e+7,5.117e+7,6.932e-3
465.3,4.741e+7,4.741e+7,1.652e-2
465.35,4.292e+7,4.292e+7,3.846e-2
465.4,3.797e+7,3.797e+7,8.755e-2
465.45,3.283e+7,3.283e+7,1.948e-1
465.5,2.773e+7,2.773e+7,4.234e-1
465.55,2.289e+7,2.289e+7,8.997e-1
465.6,1.846e+7,1.846e+7,1.869e+0
465.65,1.455e+7,1.455e+7,3.793e+0
465.7,1.121e+7,1.121e+7,7.524e+0
465.75,8.434e+6,8.434e+6,1.459e+1
465.8,6.202e+6,6.202e+6,2.764e+1
465.85,4.456e+6,4.456e+6,5.119e+1
465.9,3.129e+6,3.129e+6,9.266e+1
465.95,2.147e+6,2.147e+6,1.639e+2
466,1.440e+6,1.439e+6,2.834e+2
466.05,9.433e+5,9.428e+5,4.790e+2
466.1,6.043e+5,6.035e+5,7.910e+2
466.15,3.788e+5,3.775e+5,1.277e+3
466.2,2.328e+5,2.307e+5,2.014e+3
466.25,1.409e+5,1.378e+5,3.106e+3
466.3,8.511e+4,8.043e+4,4.680e+3
466.35,5.276e+4,4.587e+4,6.893e+3
466.4,3.548e+4,2.556e+4,9.923e+3
466.45,2.788e+4,1.392e+4,1.396e+4
466.5,2.660e+4,7.405e+3,1.919e+4
466.55,2.964e+4,3.850e+3,2.579e+4
466.6,3.584e+4,1.956e+3,3.388e+4
466.65,4.446e+4,9.709e+2,4.349e+4
466.7,5.504e+4,4.710e+2,5.457e+4
466.75,6.714e+4,2.232e+2,6.691e+4
466.8,8.030e+4,1.034e+2,8.020e+4
466.85,9.399e+4,4.680e+1,9.395e+4
466.9,1.076e+5,2.070e+1,1.076e+5
466.95,1.204e+5,8.944e+0,1.204e+5
467,1.318e+5,3.777e+0,1.318e+5
467.05,1.410e+5,1.558e+0,1.410e+5
467.1,1.475e+5,6.283e-1,1.475e+5
467.15,1.510e+5,2.475e-1,1.510e+5
467.2,1.514e+5,9.530e-2,1.514e+5
467.25,1.487e+5,3.585e-2,1.487e+5
467.3,1.433e+5,1.318e-2,1.433e+5
467.35,1.360e+5,4.733e-3,1.360e+5
467.4,1.274e+5,1.661e-3,1.274e+5
467.45,1.184e+5,5.698e-4,1.184e+5
467.5,1.101e+5,1.910e-4,1.101e+5
467.55,1.033e+5,6.253e-5,1.033e+5
467.6,9.864e+4,2.001e-5,9.864e+4
467.65,9.681e+4,6.259e-6,9.681e+4
467.7,9.809e+4,1.921e-6,9.809e+4
467.75,1.025e+5,6.015e-7,1.025e+5
467.8,1.098e+5,2.701e-7,1.098e+5
467.85,1.194e+5,3.882e-7,1.194e+5
467.9,1.306e+5,1.109e-6,1.306e+5
467.95,1.425e+5,3.444e-6,1.425e+5
468,1.540e+5,1.058e-5,1.540e+5
468.05,1.642e+5,3.180e-5,1.642e+5
468.1,1.721e+5,9.341e-5,1.721e+5
468.15,1.770e+5,2.683e-4,1.770e+5
468.2,1.783e+5,7.532e-4,1.783e+5
468.25,1.759e+5,2.068e-3,1.759e+5
468.3,1.697e+5,5.549e-3,1.697e+5
468.35,1.602e+5,1.456e-2,1.602e+5
468.4,1.478e+5,3.735e-2,1.478e+5
468.45,1.333e+5,9.366e-2,1.333e+5
468.5,1.176e+5,2.296e-1,1.176e+5
468.55,1.014e+5,5.505e-1,1.014e+5
468.6,8.541e+4,1.290e+0,8.541e+4
468.65,7.035e+4,2.956e+0,7.035e+4
468.7,5.665e+4,6.621e+0,5.664e+4
468.75,4.459e+4,1.450e+1,4.458e+4
468.8,3.432e+4,3.104e+1,3.429e+4
468.85,2.585e+4,6.498e+1,2.579e+4
468.9,1.908e+4,1.330e+2,1.895e+4
468.95,1.388e+4,2.661e+2,1.361e+4
469,1.008e+4,5.205e+2,9.560e+3
469.05,7.557e+3,9.953e+2,6.562e+3
469.1,6.263e+3,1.861e+3,4.402e+3
469.15,6.288e+3,3.401e+3,2.887e+3
469.2,7.929e+3,6.079e+3,1.850e+3
469.25,1.178e+4,1.062e+4,1.159e+3
469.3,1.885e+4,1.814e+4,7.099e+2
469.35,3.072e+4,3.029e+4,4.249e+2
469.4,4.971e+4,4.946e+4,2.486e+2
469.45,7.909e+4,7.895e+4,1.422e+2
469.5,1.233e+5,1.232e+5,7.948e+1
469.55,1.880e+5,1.880e+5,4.342e+1
469.6,2.804e+5,2.804e+5,2.319e+1
469.65,4.089e+5,4.089e+5,1.211e+1
469.7,5.829e+5,5.829e+5,6.177e+0
469.75,8.125e+5,8.125e+5,3.081e+0
469.8,1.107e+6,1.107e+6,1.502e+0
469.85,1.475e+6,1.475e+6,7.156e-1
469.9,1.921e+6,1.921e+6,3.333e-1
469.95,2.447e+6,2.447e+6,1.517e-1
470,3.046e+6,3.046e+6,6.752e-2
470.05,3.708e+6,3.708e+6,2.937e-2
470.1,4.412e+6,4.412e+6,1.248e-2
470.15,5.133e+6,5.133e+6,5.188e-3
470.2,5.839e+6,5.839e+6,2.107e-3
470.25,6.493e+6,6.493e+6,8.366e-4
470.3,7.059e+6,7.059e+6,3.247e-4
470.35,7.503e+6,7.503e+6,1.232e-4
470.4,7.797e+6,7.797e+6,4.566e-5
470.45,7.921e+6,7.921e+6,1.655e-5
470.5,7.867e+6,7.867e+6,5.862e-6
470.55,7.640e+6,7.640e+6,2.029e-6
470.6,7.253e+6,7.253e+6,6.868e-7
470.65,6.732e+6,6.732e+6,2.272e-7
470.7,6.109e+6,6.109e+6,7.347e-8
470.75,5.419e+6,5.419e+6,2.322e-8
470.8,4.700e+6,4.700e+6,7.173e-9
470.85,3.986e+6,3.986e+6,2.166e-9
470.9,3.304e+6,3.304e+6,6.392e-10
470.95,2.678e+6,2.678e+6,1.844e-10
471,2.122e+6,2.122e+6,5.200e-11
471.05,1.644e+6,1.644e+6,
471.1,1.245e+6,1.245e+6,
471.15,9.221e+5,9.221e+5,
471.2,6.675e+5,6.675e+5,
471.25,4.725e+5,4.725e+5,
471.3,3.269e+5,3.269e+5,
471.35,2.212e+5,2.212e+5,
471.4,1.463e+5,1.463e+5,
471.45,9.459e+4,9.459e+4,
471.5,5.980e+4,5.980e+4,
471.55,3.696e+4,3.696e+4,
471.6,2.233e+4,2.233e+4,
471.65,1.319e+4,1.319e+4,
471.7,7.619e+3,7.619e+3,
471.75,4.302e+3,4.302e+3,
471.8,2.375e+3,2.375e+3,
471.85,1.282e+3,1.282e+3,
471.9,6.764e+2,6.764e+2,
471.95,3.489e+2,3.489e+2,
472,1.760e+2,1.760e+2,
472.05,8.677e+1,8.677e+1,
472.1,4.183e+1,4.183e+1,
472.15,1.971e+1,1.971e+1,
472.2,9.084e+0,9.084e+0,
472.25,4.092e+0,4.092e+0,
472.3,1.802e+0,1.802e+0,
472.35,7.760e-1,7.760e-1,
472.4,3.267e-1,3.267e-1,
472.45,1.344e-1,1.344e-1,
472.5,5.409e-2,5.409e-2,
472.55,2.128e-2,2.128e-2,
472.6,8.184e-3,8.184e-3,
472.65,3.077e-3,3.077e-3,
472.7,1.131e-3,1.131e-3,
472.75,4.065e-4,4.065e-4,
472.8,1.428e-4,1.428e-4,
472.85,4.907e-5,4.907e-5,
472.9,1.648e-5,1.648e-5,
472.95,5.411e-6,5.411e-6,
473,1.737e-6,1.737e-6,
473.05,5.451e-7,5.451e-7,
473.1,1.672e-7,1.672e-7,
473.15,5.017e-8,5.017e-8,
473.2,1.471e-8,1.471e-8,
473.25,4.218e-9,4.218e-9,
473.3,1.182e-9,1.182e-9,
478.4,5.558e-11,,5.558e-11
478.45,1.914e-10,,1.914e-10
478.5,6.454e-10,,6.454e-10
478.56,2.696e-9,,2.696e-9
478.61,8.667e-9,,8.667e-9
478.66,2.727e-8,,2.727e-8
478.71,8.396e-8,,8.396e-8
478.76,2.530e-7,,2.530e-7
478.81,7.460e-7,,7.460e-7
478.86,2.153e-6,,2.153e-6
478.91,6.080e-6,,6.080e-6
478.96,1.680e-5,,1.680e-5
479.01,4.545e-5,,4.545e-5
479.06,1.203e-4,,1.203e-4
479.11,3.117e-4,,3.117e-4
479.16,7.902e-4,,7.902e-4
479.21,1.961e-3,,1.961e-3
479.26,4.761e-3,,4.761e-3
479.31,1.131e-2,,1.131e-2
479.36,2.631e-2,,2.631e-2
479.41,5.988e-2,,5.988e-2
479.46,1.334e-1,,1.334e-1
479.51,2.907e-1,,2.907e-1
479.56,6.201e-1,,6.201e-1
479.61,1.295e+0,,1.295e+0
479.66,2.645e+0,,2.645e+0
479.71,5.289e+0,,5.289e+0
479.76,1.035e+1,,1.035e+1
479.81,1.982e+1,,1.982e+1
479.86,3.714e+1,,3.714e+1
479.91,6.812e+1,,6.812e+1
479.96,1.223e+2,,1.223e+2
480.01,2.148e+2,,2.148e+2
480.06,3.692e+2,,3.692e+2
480.11,6.211e+2,,6.211e+2
480.16,1.023e+3,,1.023e+3
480.21,1.648e+3,,1.648e+3
480.26,2.598e+3,,2.598e+3
480.31,4.009e+3,,4.009e+3
480.36,6.055e+3,,6.055e+3
480.41,8.950e+3,,8.950e+3
480.46,1.295e+4,,1.295e+4
480.51,1.832e+4,,1.832e+4
480.56,2.539e+4,,2.539e+4
480.61,3.442e+4,,3.442e+4
480.66,4.566e+4,,4.566e+4
480.71,5.929e+4,,5.929e+4
480.76,7.534e+4,,7.534e+4
480.81,9.369e+4,,9.369e+4
480.86,1.140e+5,,1.140e+5
480.91,1.358e+5,,1.358e+5
480.96,1.583e+5,,1.583e+5
481.01,1.806e+5,,1.806e+5
481.06,2.016e+5,,2.016e+5
481.11,2.203e+5,,2.203e+5
481.16,2.355e+5,,2.355e+5
481.21,2.464e+5,,2.464e+5
481.26,2.523e+5,,2.523e+5
481.31,2.529e+5,,2.529e+5
481.36,2.480e+5,,2.480e+5
481.41,2.381e+5,,2.381e+5
481.46,2.236e+5,,2.236e+5
481.51,2.056e+5,,2.056e+5
481.56,1.849e+5,,1.849e+5
481.61,1.628e+5,,1.628e+5
481.66,1.403e+5,,1.403e+5
481.71,1.183e+5,,1.183e+5
481.76,9.762e+4,,9.762e+4
481.81,7.884e+4,,7.884e+4
481.86,6.231e+4,,6.231e+4
481.91,4.819e+4,,4.819e+4
481.96,3.648e+4,,3.648e+4
482.01,2.702e+4,,2.702e+4
482.06,1.959e+4,,1.959e+4
482.11,1.390e+4,,1.390e+4
482.16,9.652e+3,,9.652e+3
482.21,6.559e+3,,6.559e+3
482.26,4.362e+3,,4.362e+3
482.31,2.839e+3,,2.839e+3
482.36,1.808e+3,,1.808e+3
482.41,1.127e+3,,1.127e+3
482.46,6.874e+2,,6.874e+2
482.51,4.104e+2,,4.104e+2
482.56,2.398e+2,,2.398e+2
482.61,1.371e+2,,1.371e+2
482.66,7.670e+1,,7.670e+1
482.71,4.200e+1,,4.200e+1
482.76,2.251e+1,,2.251e+1
482.81,1.181e+1,,1.181e+1
482.86,6.059e+0,,6.059e+0
482.91,3.044e+0,,3.044e+0
482.96,1.496e+0,,1.496e+0
483.01,7.204e-1,,7.204e-1
483.06,3.404e-1,,3.404e-1
483.11,1.598e-1,,1.598e-1
483.16,7.897e-2,,7.897e-2
483.21,5.066e-2,,5.066e-2
483.26,5.726e-2,,5.726e-2
483.31,1.017e-1,,1.017e-1
483.36,2.084e-1,,2.084e-1
483.41,4.337e-1,,4.337e-1
483.46,8.902e-1,,8.902e-1
483.51,1.792e+0,,1.792e+0
483.56,3.531e+0,,3.531e+0
483.61,6.815e+0,,6.815e+0
483.66,1.288e+1,,1.288e+1
483.71,2.383e+1,,2.383e+1
483.76,4.318e+1,,4.318e+1
483.81,7.661e+1,,7.661e+1
483.86,1.331e+2,,1.331e+2
483.91,2.265e+2,,2.265e+2
483.96,3.775e+2,,3.775e+2
484.01,6.163e+2,,6.163e+2
484.06,9.854e+2,,9.854e+2
484.11,1.544e+3,,1.544e+3
484.16,2.369e+3,,2.369e+3
484.21,3.563e+3,,3.563e+3
484.26,5.251e+3,,5.251e+3
484.31,7.585e+3,,7.585e+3
484.36,1.074e+4,,1.074e+4
484.41,1.491e+4,,1.491e+4
484.46,2.031e+4,,2.031e+4
484.51,2.713e+4,,2.713e+4
484.56,3.557e+4,,3.557e+4
484.61,4.577e+4,,4.577e+4
484.66,5.784e+4,,5.784e+4
484.71,7.178e+4,,7.178e+4
484.76,8.753e+4,,8.753e+4
484.81,1.049e+5,,1.049e+5
484.86,1.237e+5,,1.237e+5
484.91,1.434e+5,,1.434e+5
484.96,1.635e+5,,1.635e+5
485.01,1.837e+5,,1.837e+5
485.06,2.031e+5,,2.031e+5
485.11,2.211e+5,,2.211e+5
485.16,2.371e+5,,2.371e+5
485.21,2.505e+5,,2.505e+5
485.26,2.606e+5,,2.606e+5
485.31,2.671e+5,,2.671e+5
485.36,2.696e+5,,2.696e+5
485.41,2.680e+5,,2.680e+5
485.46,2.622e+5,,2.622e+5
485.51,2.524e+5,,2.524e+5
485.56,2.391e+5,,2.391e+5
485.61,2.227e+5,,2.227e+5
485.66,2.039e+5,,2.039e+5
485.71,1.834e+5,,1.834e+5
485.76,1.621e+5,,1.621e+5
485.81,1.407e+5,,1.407e+5
485.86,1.198e+5,,1.198e+5
485.91,1.002e+5,,1.002e+5
485.96,8.215e+4,,8.215e+4
486.01,6.609e+4,,6.609e+4
486.06,5.213e+4,,5.213e+4
486.11,4.032e+4,,4.032e+4
486.16,3.056e+4,,3.056e+4
486.21,2.270e+4,,2.270e+4
486.26,1.653e+4,,1.653e+4
486.31,1.179e+4,,1.179e+4
486.36,8.239e+3,,8.239e+3
486.41,5.640e+3,,5.640e+3
486.46,3.781e+3,,3.781e+3
486.51,2.483e+3,,2.483e+3
486.56,1.597e+3,,1.597e+3
486.61,1.006e+3,,1.006e+3
486.66,6.205e+2,,6.205e+2
486.71,3.748e+2,,3.748e+2
486.76,2.217e+2,,2.217e+2
486.81,1.284e+2,,1.284e+2
486.86,7.281e+1,,7.281e+1
486.91,4.043e+1,,4.043e+1
486.96,2.198e+1,,2.198e+1
487.01,1.170e+1,,1.170e+1
487.06,6.097e+0,,6.097e+0
487.11,3.111e+0,,3.111e+0
487.16,1.554e+0,,1.554e+0
487.21,7.602e-1,,7.602e-1
487.26,3.640e-1,,3.640e-1
487.31,1.707e-1,,1.707e-1
487.36,7.834e-2,,7.834e-2
487.41,3.521e-2,,3.521e-2
487.46,1.549e-2,,1.549e-2
487.51,6.672e-3,,6.672e-3
487.56,2.814e-3,,2.814e-3
487.61,1.162e-3,,1.162e-3
487.66,4.711e-4,,4.711e-4
487.71,1.902e-4,,1.902e-4
487.76,8.397e-5,,8.397e-5
487.81,5.924e-5,,5.924e-5
487.86,9.350e-5,,9.350e-5
487.91,2.168e-4,,2.168e-4
487.96,5.349e-4,,5.349e-4
488.01,1.309e-3,,1.309e-3
488.06,3.143e-3,,3.143e-3
488.11,7.393e-3,,7.393e-3
488.16,1.703e-2,,1.703e-2
488.21,3.843e-2,,3.843e-2
488.26,8.493e-2,,8.493e-2
488.31,1.838e-1,,1.838e-1
488.36,3.897e-1,,3.897e-1
488.41,8.091e-1,,8.091e-1
488.46,1.645e+0,,1.645e+0
488.51,3.277e+0,,3.277e+0
488.56,6.391e+0,,6.391e+0
488.61,1.221e+1,,1.221e+1
488.66,2.285e+1,,2.285e+1
488.71,4.187e+1,,4.187e+1
488.76,7.514e+1,,7.514e+1
488.81,1.321e+2,,1.321e+2
488.86,2.274e+2,,2.274e+2
488.91,3.835e+2,,3.835e+2
488.96,6.335e+2,,6.335e+2
489.01,1.025e+3,,1.025e+3
489.06,1.624e+3,,1.624e+3
489.11,2.521e+3,,2.521e+3
489.16,3.832e+3,,3.832e+3
489.21,5.707e+3,,5.707e+3
489.26,8.326e+3,,8.326e+3
489.31,1.190e+4,,1.190e+4
489.36,1.666e+4,,1.666e+4
489.41,2.286e+4,,2.286e+4
489.46,3.074e+4,,3.074e+4
489.51,4.051e+4,,4.051e+4
489.56,5.235e+4,,5.235e+4
489.61,6.633e+4,,6.633e+4
489.66,8.247e+4,,8.247e+4
489.71,1.007e+5,,1.007e+5
489.76,1.207e+5,,1.207e+5
489.81,1.424e+5,,1.424e+5
489.86,1.654e+5,,1.654e+5
489.91,1.894e+5,,1.894e+5
489.96,2.144e+5,,2.144e+5
490.01,2.405e+5,,2.405e+5
490.06,2.680e+5,,2.680e+5
490.11,2.976e+5,,2.976e+5
490.16,3.304e+5,,3.304e+5
490.21,3.676e+5,,3.676e+5
490.26,4.108e+5,,4.108e+5
490.31,4.616e+5,,4.616e+5
490.36,5.214e+5,,5.214e+5
490.41,5.910e+5,,5.910e+5
490.46,6.709e+5,,6.709e+5
490.51,7.606e+5,,7.606e+5
490.56,8.585e+5,,8.585e+5
490.61,9.622e+5,,9.622e+5
490.66,1.068e+6,,1.068e+6
490.71,1.173e+6,,1.173e+6
490.76,1.270e+6,,1.270e+6
490.81,1.357e+6,,1.357e+6
490.86,1.429e+6,,1.429e+6
490.91,1.483e+6,,1.483e+6
490.96,1.516e+6,,1.516e+6
491.01,1.529e+6,,1.529e+6
491.06,1.522e+6,,1.522e+6
491.11,1.499e+6,,1.499e+6
491.16,1.462e+6,,1.462e+6
491.21,1.416e+6,,1.416e+6
491.26,1.368e+6,,1.368e+6
491.31,1.320e+6,,1.320e+6
491.36,1.278e+6,,1.278e+6
491.41,1.243e+6,,1.243e+6
491.46,1.218e+6,,1.218e+6
491.51,1.202e+6,,1.202e+6
491.56,1.194e+6,,1.194e+6
491.61,1.190e+6,,1.190e+6
491.66,1.188e+6,,1.188e+6
491.71,1.183e+6,,1.183e+6
491.76,1.172e+6,,1.172e+6
491.81,1.152e+6,,1.152e+6
491.86,1.120e+6,,1.120e+6
491.91,1.077e+6,,1.077e+6
491.96,1.021e+6,,1.021e+6
492.01,9.561e+5,,9.561e+5
492.06,8.835e+5,,8.835e+5
492.11,8.070e+5,,8.070e+5
492.16,7.305e+5,,7.305e+5
492.21,6.579e+5,,6.579e+5
492.26,5.928e+5,,5.928e+5
492.31,5.385e+5,,5.385e+5
492.36,4.976e+5,,4.976e+5
492.41,4.722e+5,,4.722e+5
492.46,4.635e+5,,4.635e+5
492.51,4.721e+5,,4.721e+5
492.56,4.979e+5,,4.979e+5
492.61,5.400e+5,,5.400e+5
492.66,5.971e+5,,5.971e+5
492.71,6.669e+5,,6.669e+5
492.76,7.468e+5,,7.468e+5
492.81,8.332e+5,,8.332e+5
492.86,9.221e+5,,9.221e+5
492.91,1.009e+6,,1.009e+6
492.96,1.090e+6,,1.090e+6
493.01,1.160e+6,,1.160e+6
493.06,1.216e+6,,1.216e+6
493.11,1.254e+6,,1.254e+6
493.16,1.271e+6,,1.271e+6
493.21,1.268e+6,,1.268e+6
493.26,1.244e+6,,1.244e+6
493.31,1.201e+6,,1.201e+6
493.36,1.142e+6,,1.142e+6
493.41,1.069e+6,,1.069e+6
493.46,9.867e+5,,9.867e+5
493.51,8.986e+5,,8.986e+5
493.56,8.084e+5,,8.084e+5
493.61,7.190e+5,,7.190e+5
493.66,6.329e+5,,6.329e+5
493.71,5.520e+5,,5.520e+5
493.76,4.773e+5,,4.773e+5
493.81,4.095e+5,,4.095e+5
493.86,3.487e+5,,3.487e+5
493.91,2.947e+5,,2.947e+5
493.96,2.472e+5,,2.472e+5
494.01,2.058e+5,,2.058e+5
494.06,1.700e+5,,1.700e+5
494.11,1.394e+5,,1.394e+5
494.16,1.139e+5,,1.139e+5
494.21,9.320e+4,,9.320e+4
494.26,7.725e+4,,7.725e+4
494.31,6.612e+4,,6.612e+4
494.36,6.006e+4,,6.006e+4
494.41,5.947e+4,,5.947e+4
494.46,6.494e+4,,6.494e+4
494.51,7.725e+4,,7.725e+4
494.56,9.734e+4,,9.734e+4
494.61,1.263e+5,,1.263e+5
494.66,1.650e+5,,1.650e+5
494.71,2.146e+5,,2.146e+5
494.76,2.757e+5,,2.757e+5
494.81,3.484e+5,,3.484e+5
494.86,4.323e+5,,4.323e+5
494.91,5.262e+5,,5.262e+5
494.96,6.279e+5,,6.279e+5
495.01,7.344e+5,,7.344e+5
495.06,8.417e+5,,8.417e+5
495.11,9.453e+5,,9.453e+5
495.16,1.040e+6,,1.040e+6
495.21,1.122e+6,,1.122e+6
495.26,1.185e+6,,1.185e+6
495.31,1.227e+6,,1.227e+6
495.36,1.244e+6,,1.244e+6
495.41,1.237e+6,,1.237e+6
495.46,1.205e+6,,1.205e+6
495.51,1.149e+6,,1.149e+6
495.56,1.075e+6,,1.075e+6
495.61,9.845e+5,,9.845e+5
495.66,8.838e+5,,8.838e+5
495.71,7.773e+5,,7.773e+5
495.76,6.699e+5,,6.699e+5
495.81,5.656e+5,,5.656e+5
495.86,4.680e+5,,4.680e+5
495.91,3.794e+5,,3.794e+5
495.96,3.014e+5,,3.014e+5
496.01,2.346e+5,,2.346e+5
496.06,1.789e+5,,1.789e+5
496.11,1.337e+5,,1.337e+5
496.16,9.787e+4,,9.787e+4
496.21,7.021e+4,,7.021e+4
496.26,4.935e+4,,4.935e+4
496.31,3.399e+4,,3.399e+4
496.36,2.294e+4,,2.294e+4
496.41,1.517e+4,,1.517e+4
496.46,9.828e+3,,9.828e+3
496.51,6.240e+3,,6.240e+3
496.56,3.881e+3,,3.881e+3
496.61,2.366e+3,,2.366e+3
496.66,1.413e+3,,1.413e+3
496.71,8.272e+2,,8.272e+2
496.76,4.750e+2,,4.750e+2
496.81,2.683e+2,,2.683e+2
496.86,1.507e+2,,1.507e+2
496.91,8.704e+1,,8.704e+1
496.96,5.708e+1,,5.708e+1
497.01,5.034e+1,,5.034e+1
497.06,6.379e+1,,6.379e+1
497.11,1.007e+2,,1.007e+2
497.16,1.709e+2,,1.709e+2
497.21,2.926e+2,,2.926e+2
497.26,4.951e+2,,4.951e+2
497.31,8.230e+2,,8.230e+2
497.36,1.341e+3,,1.341e+3
497.41,2.143e+3,,2.143e+3
497.46,3.357e+3,,3.357e+3
497.51,5.152e+3,,5.152e+3
497.56,7.751e+3,,7.751e+3
497.61,1.143e+4,,1.143e+4
497.66,1.651e+4,,1.651e+4
497.71,2.339e+4,,2.339e+4
497.76,3.246e+4,,3.246e+4
497.81,4.416e+4,,4.416e+4
497.86,5.888e+4,,5.888e+4
497.91,7.695e+4,,7.695e+4
497.96,9.855e+4,,9.855e+4
498.01,1.237e+5,,1.237e+5
498.06,1.522e+5,,1.522e+5
498.11,1.835e+5,,1.835e+5
498.16,2.168e+5,,2.168e+5
498.21,2.511e+5,,2.511e+5
498.26,2.851e+5,,2.851e+5
498.31,3.171e+5,,3.171e+5
498.36,3.458e+5,,3.458e+5
498.41,3.695e+5,,3.695e+5
498.46,3.870e+5,,3.870e+5
498.51,3.973e+5,,3.973e+5
498.56,3.997e+5,,3.997e+5
498.61,3.941e+5,,3.941e+5
498.66,3.808e+5,,3.808e+5
498.71,3.607e+5,,3.607e+5
498.76,3.348e+5,,3.348e+5
498.81,3.046e+5,,3.046e+5
498.86,2.716e+5,,2.716e+5
498.91,2.374e+5,,2.374e+5
498.96,2.033e+5,,2.033e+5
499.01,1.707e+5,,1.707e+5
499.06,1.404e+5,,1.404e+5
499.11,1.132e+5,,1.132e+5
499.16,8.951e+4,,8.951e+4
499.21,6.936e+4,,6.936e+4
499.26,5.271e+4,,5.271e+4
499.31,3.931e+4,,3.931e+4
499.36,2.883e+4,,2.883e+4
499.41,2.088e+4,,2.088e+4
499.46,1.509e+4,,1.509e+4
499.51,1.110e+4,,1.110e+4
499.56,8.651e+3,,8.651e+3
499.61,7.540e+3,,7.540e+3
499.66,7.670e+3,,7.670e+3
499.71,9.041e+3,,9.041e+3
499.76,1.175e+4,,1.175e+4
499.81,1.598e+4,,1.598e+4
499.86,2.200e+4,,2.200e+4
499.91,3.014e+4,,3.014e+4
499.96,4.078e+4,,4.078e+4
500.01,5.430e+4,,5.430e+4
500.06,7.108e+4,,7.108e+4
500.11,9.142e+4,,9.142e+4
500.16,1.155e+5,,1.155e+5
500.21,1.435e+5,,1.435e+5
500.26,1.753e+5,,1.753e+5
500.31,2.106e+5,,2.106e+5
500.36,2.489e+5,,2.489e+5
500.41,2.898e+5,,2.898e+5
500.46,3.323e+5,,3.323e+5
500.51,3.757e+5,,3.757e+5
500.56,4.190e+5,,4.190e+5
500.61,4.612e+5,,4.612e+5
500.66,5.016e+5,,5.016e+5
500.71,5.392e+5,,5.392e+5
500.76,5.732e+5,,5.732e+5
500.81,6.029e+5,,6.029e+5
500.86,6.276e+5,,6.276e+5
500.91,6.469e+5,,6.469e+5
500.96,6.601e+5,,6.601e+5
501.01,6.669e+5,,6.669e+5
501.06,6.669e+5,,6.669e+5
501.11,6.598e+5,,6.598e+5
501.16,6.457e+5,,6.457e+5
501.21,6.248e+5,,6.248e+5
501.26,5.976e+5,,5.976e+5
501.31,5.647e+5,,5.647e+5
501.36,5.273e+5,,5.273e+5
501.41,4.865e+5,,4.865e+5
501.46,4.438e+5,,4.438e+5
501.51,4.007e+5,,4.007e+5
501.56,3.585e+5,,3.585e+5
501.61,3.185e+5,,3.185e+5
501.66,2.819e+5,,2.819e+5
501.71,2.494e+5,,2.494e+5
501.76,2.213e+5,,2.213e+5
501.81,1.978e+5,,1.978e+5
501.86,1.786e+5,,1.786e+5
501.91,1.632e+5,,1.632e+5
501.96,1.511e+5,,1.511e+5
502.01,1.413e+5,,1.413e+5
502.06,1.331e+5,,1.331e+5
502.11,1.257e+5,,1.257e+5
502.16,1.187e+5,,1.187e+5
502.21,1.115e+5,,1.115e+5
502.26,1.038e+5,,1.038e+5
502.31,9.549e+4,,9.549e+4
502.36,8.668e+4,,8.668e+4
502.41,7.748e+4,,7.748e+4
502.46,6.812e+4,,6.812e+4
502.51,5.884e+4,,5.884e+4
502.56,4.991e+4,,4.991e+4
502.61,4.156e+4,,4.156e+4
502.66,3.395e+4,,3.395e+4
502.71,2.720e+4,,2.720e+4
502.76,2.138e+4,,2.138e+4
502.81,1.648e+4,,1.648e+4
502.86,1.245e+4,,1.245e+4
502.91,9.226e+3,,9.226e+3
502.96,6.702e+3,,6.702e+3
503.01,4.774e+3,,4.774e+3
503.06,3.334e+3,,3.334e+3
503.11,2.283e+3,,2.283e+3
503.16,1.532e+3,,1.532e+3
503.21,1.008e+3,,1.008e+3
503.26,6.508e+2,,6.508e+2
503.31,4.122e+2,,4.122e+2
503.36,2.568e+2,,2.568e+2
503.41,1.586e+2,,1.586e+2
503.46,9.941e+1,,9.941e+1
503.51,6.759e+1,,6.759e+1
503.56,5.684e+1,,5.684e+1
503.61,6.578e+1,,6.578e+1
503.66,9.826e+1,,9.826e+1
503.71,1.645e+2,,1.645e+2
503.76,2.834e+2,,2.834e+2
503.81,4.863e+2,,4.863e+2
503.86,8.220e+2,,8.220e+2
503.91,1.365e+3,,1.365e+3
503.96,2.222e+3,,2.222e+3
504.01,3.549e+3,,3.549e+3
504.06,5.559e+3,,5.559e+3
504.11,8.538e+3,,8.538e+3
504.16,1.286e+4,,1.286e+4
504.21,1.899e+4,,1.899e+4
504.26,2.750e+4,,2.750e+4
504.31,3.906e+4,,3.906e+4
504.36,5.439e+4,,5.439e+4
504.41,7.428e+4,,7.428e+4
504.46,9.948e+4,,9.948e+4
504.51,1.306e+5,,1.306e+5
504.56,1.683e+5,,1.683e+5
504.61,2.125e+5,,2.125e+5
504.66,2.632e+5,,2.632e+5
504.71,3.198e+5,,3.198e+5
504.76,3.810e+5,,3.810e+5
504.81,4.453e+5,,4.453e+5
504.86,5.105e+5,,5.105e+5
504.91,5.741e+5,,5.741e+5
504.96,6.336e+5,,6.336e+5
505.01,6.861e+5,,6.861e+5
505.06,7.294e+5,,7.294e+5
505.11,7.615e+5,,7.615e+5
505.16,7.810e+5,,7.810e+5
505.21,7.873e+5,,7.873e+5
505.26,7.807e+5,,7.807e+5
505.31,7.623e+5,,7.623e+5
505.36,7.339e+5,,7.339e+5
505.41,6.977e+5,,6.977e+5
505.46,6.562e+5,,6.562e+5
505.51,6.124e+5,,6.124e+5
505.56,5.686e+5,,5.686e+5
505.61,5.272e+5,,5.272e+5
505.66,4.902e+5,,4.902e+5
505.71,4.591e+5,,4.591e+5
505.76,4.350e+5,,4.350e+5
505.81,4.187e+5,,4.187e+5
505.86,4.105e+5,,4.105e+5
505.91,4.106e+5,,4.106e+5
505.96,4.190e+5,,4.190e+5
506.01,4.354e+5,,4.354e+5
506.06,4.593e+5,,4.593e+5
506.11,4.901e+5,,4.901e+5
506.16,5.267e+5,,5.267e+5
506.21,5.677e+5,,5.677e+5
506.26,6.112e+5,,6.112e+5
506.31,6.553e+5,,6.553e+5
506.36,6.974e+5,,6.974e+5
506.41,7.351e+5,,7.351e+5
506.46,7.659e+5,,7.659e+5
506.51,7.876e+5,,7.876e+5
506.56,7.984e+5,,7.984e+5
506.61,7.970e+5,,7.970e+5
506.66,7.829e+5,,7.829e+5
506.71,7.563e+5,,7.563e+5
506.76,7.183e+5,,7.183e+5
506.81,6.704e+5,,6.704e+5
506.86,6.147e+5,,6.147e+5
506.91,5.537e+5,,5.537e+5
506.96,4.898e+5,,4.898e+5
507.01,4.255e+5,,4.255e+5
507.06,3.629e+5,,3.629e+5
507.11,3.040e+5,,3.040e+5
507.16,2.500e+5,,2.500e+5
507.21,2.018e+5,,2.018e+5
507.26,1.600e+5,,1.600e+5
507.31,1.245e+5,,1.245e+5
507.36,9.511e+4,,9.511e+4
507.41,7.135e+4,,7.135e+4
507.46,5.258e+4,,5.258e+4
507.51,3.809e+4,2.470e-8,3.809e+4
507.56,2.718e+4,7.854e-8,2.718e+4
507.61,1.919e+4,2.450e-7,1.919e+4
507.66,1.354e+4,7.495e-7,1.354e+4
507.71,9.760e+3,2.250e-6,9.760e+3
507.76,7.470e+3,6.624e-6,7.470e+3
507.81,6.412e+3,1.913e-5,6.412e+3
507.86,6.425e+3,5.422e-5,6.425e+3
507.91,7.444e+3,1.507e-4,7.444e+3
507.96,9.483e+3,4.110e-4,9.483e+3
508.01,1.262e+4,1.099e-3,1.262e+4
508.06,1.700e+4,2.885e-3,1.700e+4
508.11,2.278e+4,7.428e-3,2.278e+4
508.16,3.012e+4,1.876e-2,3.012e+4
508.21,3.920e+4,4.648e-2,3.920e+4
508.26,5.012e+4,1.130e-1,5.012e+4
508.31,6.293e+4,2.694e-1,6.293e+4
508.36,7.759e+4,6.301e-1,7.759e+4
508.41,9.394e+4,1.446e+0,9.394e+4
508.46,1.117e+5,3.254e+0,1.117e+5
508.51,1.305e+5,7.187e+0,1.305e+5
508.56,1.498e+5,1.557e+1,1.498e+5
508.61,1.690e+5,3.309e+1,1.689e+5
508.66,1.875e+5,6.898e+1,1.874e+5
508.71,2.047e+5,1.411e+2,2.045e+5
508.76,2.199e+5,2.830e+2,2.197e+5
508.81,2.329e+5,5.570e+2,2.323e+5
508.86,2.432e+5,1.076e+3,2.421e+5
508.91,2.509e+5,2.037e+3,2.488e+5
508.96,2.561e+5,3.785e+3,2.524e+5
509.01,2.596e+5,6.900e+3,2.527e+5
509.06,2.624e+5,1.234e+4,2.501e+5
509.11,2.664e+5,2.164e+4,2.448e+5
509.16,2.743e+5,3.725e+4,2.370e+5
509.21,2.901e+5,6.288e+4,2.272e+5
509.26,3.199e+5,1.041e+5,2.157e+5
509.31,3.720e+5,1.692e+5,2.029e+5
509.36,4.586e+5,2.696e+5,1.889e+5
509.42,6.312e+5,4.600e+5,1.713e+5
509.47,8.588e+5,7.028e+5,1.561e+5
509.52,1.194e+6,1.053e+6,1.407e+5
509.57,1.674e+6,1.549e+6,1.254e+5
509.62,2.345e+6,2.234e+6,1.104e+5
509.67,3.258e+6,3.162e+6,9.594e+4
509.72,4.471e+6,4.389e+6,8.227e+4
509.77,6.047e+6,5.977e+6,6.955e+4
509.82,8.043e+6,7.985e+6,5.792e+4
509.87,1.051e+7,1.047e+7,4.749e+4
509.92,1.349e+7,1.345e+7,3.832e+4
509.97,1.700e+7,1.697e+7,3.041e+4
510.02,2.102e+7,2.100e+7,2.372e+4
510.07,2.550e+7,2.548e+7,1.819e+4
510.12,3.036e+7,3.035e+7,1.370e+4
510.17,3.546e+7,3.545e+7,1.014e+4
510.22,4.062e+7,4.062e+7,7.368e+3
510.27,4.566e+7,4.566e+7,5.256e+3
510.32,5.036e+7,5.035e+7,3.681e+3
510.37,5.447e+7,5.447e+7,2.530e+3
510.42,5.781e+7,5.781e+7,1.707e+3
510.47,6.019e+7,6.018e+7,1.130e+3
510.52,6.147e+7,6.147e+7,7.342e+2
510.57,6.159e+7,6.159e+7,4.680e+2
510.62,6.053e+7,6.053e+7,2.927e+2
510.67,5.837e+7,5.837e+7,1.796e+2
510.72,5.521e+7,5.521e+7,1.081e+2
510.77,5.123e+7,5.123e+7,6.384e+1
510.82,4.663e+7,4.663e+7,3.698e+1
510.87,4.164e+7,4.164e+7,2.102e+1
510.92,3.648e+7,3.648e+7,1.172e+1
510.97,3.135e+7,3.135e+7,6.410e+0
511.02,2.643e+7,2.643e+7,3.439e+0
511.07,2.186e+7,2.186e+7,1.810e+0
511.12,1.774e+7,1.774e+7,9.344e-1
511.17,1.412e+7,1.412e+7,4.732e-1
511.22,1.102e+7,1.102e+7,2.351e-1
511.27,8.442e+6,8.442e+6,1.146e-1
511.32,6.343e+6,6.343e+6,5.476e-2
511.37,4.676e+6,4.676e+6,2.568e-2
511.42,3.381e+6,3.381e+6,1.181e-2
511.47,2.399e+6,2.399e+6,5.329e-3
511.52,1.669e+6,1.669e+6,2.358e-3
511.57,1.140e+6,1.140e+6,1.024e-3
511.62,7.632e+5,7.632e+5,4.360e-4
511.67,5.014e+5,5.014e+5,1.821e-4
511.72,3.232e+5,3.232e+5,7.462e-5
511.77,2.043e+5,2.043e+5,2.999e-5
511.82,1.267e+5,1.267e+5,1.182e-5
511.87,7.712e+4,7.712e+4,4.573e-6
511.92,4.603e+4,4.603e+4,1.735e-6
511.97,2.695e+4,2.695e+4,6.455e-7
512.02,1.548e+4,1.548e+4,2.356e-7
512.07,8.726e+3,8.726e+3,8.436e-8
512.12,4.824e+3,4.824e+3,2.963e-8
512.17,2.616e+3,2.616e+3,1.021e-8
512.22,1.392e+3,1.392e+3,3.449e-9
512.27,7.264e+2,7.264e+2,1.143e-9
512.32,3.719e+2,3.719e+2,3.718e-10
512.37,1.868e+2,1.868e+2,1.186e-10
512.42,9.204e+1,9.204e+1,3.710e-11
512.47,4.449e+1,4.449e+1,
512.52,2.110e+1,2.110e+1,
512.57,9.813e+0,9.813e+0,
512.62,4.478e+0,4.478e+0,
512.67,2.005e+0,2.005e+0,
512.72,8.819e-1,8.819e-1,
512.77,3.832e-1,3.832e-1,
512.82,1.705e-1,1.705e-1,
512.87,9.225e-2,9.225e-2,
512.92,9.131e-2,9.131e-2,
512.97,1.680e-1,1.680e-1,
513.02,3.815e-1,3.815e-1,
513.07,8.903e-1,8.903e-1,
513.12,2.055e+0,2.055e+0,
513.17,4.660e+0,4.660e+0,
513.22,1.037e+1,1.037e+1,
513.27,2.266e+1,2.266e+1,
513.32,4.857e+1,4.857e+1,
513.37,1.022e+2,1.022e+2,
513.42,2.109e+2,2.109e+2,
513.47,4.274e+2,4.274e+2,
513.52,8.497e+2,8.497e+2,
513.57,1.658e+3,1.658e+3,
513.62,3.174e+3,3.174e+3,
513.67,5.965e+3,5.965e+3,
513.72,1.100e+4,1.100e+4,
513.77,1.990e+4,1.990e+4,
513.82,3.534e+4,3.534e+4,
513.87,6.159e+4,6.159e+4,
513.92,1.053e+5,1.053e+5,
513.97,1.768e+5,1.768e+5,
514.02,2.912e+5,2.912e+5,
514.07,4.706e+5,4.706e+5,
514.12,7.464e+5,7.464e+5,
514.17,1.162e+6,1.162e+6,
514.22,1.775e+6,1.775e+6,
514.27,2.660e+6,2.660e+6,
514.32,3.914e+6,3.914e+6,
514.37,5.650e+6,5.650e+6,
514.42,8.004e+6,8.004e+6,
514.47,1.113e+7,1.113e+7,
514.52,1.518e+7,1.518e+7,
514.57,2.033e+7,2.033e+7,
514.62,2.671e+7,2.671e+7,
514.67,3.444e+7,3.444e+7,
514.72,4.357e+7,4.357e+7,
514.77,5.411e+7,5.411e+7,
514.82,6.594e+7,6.594e+7,
514.87,7.885e+7,7.885e+7,
514.92,9.253e+7,9.253e+7,
514.97,1.066e+8,1.066e+8,
515.02,1.204e+8,1.204e+8,
515.07,1.336e+8,1.336e+8,
515.12,1.454e+8,1.454e+8,
515.17,1.553e+8,1.553e+8,
515.22,1.628e+8,1.628e+8,
515.27,1.674e+8,1.674e+8,
515.32,1.690e+8,1.690e+8,
515.37,1.674e+8,1.674e+8,
515.42,1.628e+8,1.628e+8,
515.47,1.553e+8,1.553e+8,
515.52,1.454e+8,1.454e+8,
515.57,1.336e+8,1.336e+8,
515.62,1.204e+8,1.204e+8,
515.67,1.066e+8,1.066e+8,
515.72,9.253e+7,9.253e+7,
515.77,7.885e+7,7.885e+7,
515.82,6.594e+7,6.594e+7,
515.87,5.411e+7,5.411e+7,
515.92,4.357e+7,4.357e+7,
515.97,3.444e+7,3.444e+7,
516.02,2.671e+7,2.671e+7,
516.07,2.033e+7,2.033e+7,
516.12,1.518e+7,1.518e+7,
516.17,1.113e+7,1.113e+7,
516.22,8.004e+6,8.004e+6,
516.27,5.650e+6,5.650e+6,
516.32,3.914e+6,3.914e+6,
516.37,2.660e+6,2.660e+6,
516.42,1.775e+6,1.775e+6,
516.47,1.162e+6,1.162e+6,
516.52,7.464e+5,7.464e+5,
516.57,4.706e+5,4.706e+5,
516.62,2.912e+5,2.912e+5,
516.67,1.768e+5,1.768e+5,
516.72,1.053e+5,1.053e+5,
516.77,6.159e+4,6.159e+4,
516.82,3.534e+4,3.534e+4,
516.87,1.990e+4,1.990e+4,
516.92,1.100e+4,1.100e+4,
516.97,5.965e+3,5.965e+3,
517.02,3.174e+3,3.174e+3,
517.07,1.658e+3,1.658e+3,
517.12,8.497e+2,8.497e+2,
517.17,4.274e+2,4.274e+2,
517.22,2.109e+2,2.109e+2,
517.27,1.022e+2,1.022e+2,
517.32,4.857e+1,4.857e+1,
517.37,2.266e+1,2.266e+1,
517.42,1.037e+1,1.037e+1,
517.47,4.659e+0,4.659e+0,
517.52,2.054e+0,2.054e+0,
517.57,8.887e-1,8.887e-1,
517.62,3.773e-1,3.773e-1,
517.67,1.572e-1,1.572e-1,
517.72,6.428e-2,6.428e-2,
517.77,2.579e-2,2.579e-2,
517.82,1.016e-2,1.016e-2,
517.87,3.924e-3,3.924e-3,
517.92,1.488e-3,1.488e-3,
517.97,5.538e-4,5.538e-4,
518.02,2.023e-4,2.023e-4,
518.07,7.249e-5,7.249e-5,
518.12,2.549e-5,2.549e-5,
518.17,8.799e-6,8.799e-6,
518.22,2.980e-6,2.980e-6,
518.27,9.906e-7,9.906e-7,
518.32,3.231e-7,3.231e-7,
518.37,1.034e-7,1.034e-7,
518.42,3.249e-8,3.249e-8,
518.67,4.613e-8,4.613e-8,
518.72,1.453e-7,1.453e-7,
518.77,4.496e-7,4.496e-7,
518.82,1.366e-6,1.366e-6,
518.87,4.080e-6,4.080e-6,
518.92,1.195e-5,1.195e-5,
518.97,3.434e-5,3.434e-5,
519.02,9.694e-5,9.694e-5,
519.07,2.686e-4,2.686e-4,
519.12,7.309e-4,7.309e-4,
519.17,1.952e-3,1.952e-3,
519.22,5.121e-3,5.121e-3,
519.27,1.319e-2,1.319e-2,
519.32,3.334e-2,3.334e-2,
519.37,8.276e-2,8.276e-2,
519.42,2.017e-1,2.017e-1,
519.47,4.827e-1,4.827e-1,
519.52,1.134e+0,1.134e+0,
519.57,2.616e+0,2.616e+0,
519.62,5.924e+0,5.924e+0,
519.67,1.317e+1,1.317e+1,
519.72,2.876e+1,2.876e+1,
519.77,6.165e+1,6.165e+1,
519.82,1.298e+2,1.298e+2,
519.87,2.681e+2,2.681e+2,
519.92,5.440e+2,5.440e+2,
519.97,1.084e+3,1.084e+3,
520.02,2.120e+3,2.120e+3,
520.07,4.071e+3,4.071e+3,
520.12,7.676e+3,7.676e+3,
520.17,1.421e+4,1.421e+4,
520.22,2.583e+4,2.583e+4,
520.27,4.610e+4,4.610e+4,
520.32,8.079e+4,8.079e+4,
520.37,1.390e+5,1.390e+5,
520.42,2.349e+5,2.349e+5,
520.47,3.896e+5,3.896e+5,
520.52,6.346e+5,6.346e+5,
520.57,1.015e+6,1.015e+6,
520.62,1.594e+6,1.594e+6,
520.67,2.458e+6,2.458e+6,
520.72,3.721e+6,3.721e+6,
520.77,5.532e+6,5.532e+6,
520.82,8.076e+6,8.076e+6,
520.87,1.158e+7,1.158e+7,
520.92,1.630e+7,1.630e+7,
520.97,2.252e+7,2.252e+7,
521.02,3.057e+7,3.057e+7,
521.07,4.074e+7,4.074e+7,
521.12,5.332e+7,5.332e+7,
521.17,6.853e+7,6.853e+7,
521.22,8.650e+7,8.650e+7,
521.27,1.072e+8,1.072e+8,
521.32,1.305e+8,1.305e+8,
521.37,1.560e+8,1.560e+8,
521.42,1.831e+8,1.831e+8,
521.47,2.111e+8,2.111e+8,
521.52,2.390e+8,2.390e+8,
521.57,2.657e+8,2.657e+8,
521.62,2.902e+8,2.902e+8,
521.67,3.113e+8,3.113e+8,
521.72,3.279e+8,3.279e+8,
521.77,3.393e+8,3.393e+8,
521.82,3.449e+8,3.449e+8,
521.87,3.443e+8,3.443e+8,
521.92,3.377e+8,3.377e+8,
521.97,3.253e+8,3.253e+8,
522.02,3.078e+8,3.078e+8,
522.07,2.861e+8,2.861e+8,
522.12,2.613e+8,2.613e+8,
522.17,2.344e+8,2.344e+8,
522.22,2.066e+8,2.066e+8,
522.27,1.789e+8,1.789e+8,
522.32,1.523e+8,1.523e+8,
522.37,1.273e+8,1.273e+8,
522.42,1.046e+8,1.046e+8,
522.47,8.439e+7,8.439e+7,
522.52,6.693e+7,6.693e+7,
522.57,5.216e+7,5.216e+7,
522.62,3.995e+7,3.995e+7,
522.67,3.007e+7,3.007e+7,
522.72,2.225e+7,2.225e+7,
522.77,1.617e+7,1.617e+7,
522.82,1.156e+7,1.156e+7,
522.87,8.115e+6,8.115e+6,
522.92,5.601e+6,5.601e+6,
522.97,3.800e+6,3.800e+6,
523.02,2.534e+6,2.534e+6,
523.07,1.661e+6,1.661e+6,
523.12,1.070e+6,1.070e+6,
523.17,6.780e+5,6.780e+5,
523.22,4.221e+5,4.221e+5,
523.27,2.583e+5,2.583e+5,
523.32,1.554e+5,1.554e+5,
523.37,9.192e+4,9.192e+4,
523.42,5.344e+4,5.344e+4,
523.47,3.054e+4,3.054e+4,
523.52,1.716e+4,1.716e+4,
523.57,9.475e+3,9.475e+3,
523.62,5.144e+3,5.144e+3,
523.67,2.745e+3,2.745e+3,
523.72,1.440e+3,1.440e+3,
523.77,7.423e+2,7.423e+2,
523.82,3.762e+2,3.762e+2,
523.87,1.874e+2,1.874e+2,
523.92,9.173e+1,9.173e+1,
523.97,4.414e+1,4.414e+1,
524.02,2.088e+1,2.088e+1,
524.07,9.703e+0,9.703e+0,
524.12,4.432e+0,4.432e+0,
524.17,1.990e+0,1.990e+0,
524.22,8.777e-1,8.777e-1,
524.27,3.805e-1,3.805e-1,
524.32,1.621e-1,1.621e-1,
524.37,6.784e-2,6.784e-2,
524.42,2.790e-2,2.790e-2,
524.47,1.127e-2,1.127e-2,
524.52,4.476e-3,4.476e-3,
524.57,1.746e-3,1.746e-3,
524.62,6.690e-4,6.690e-4,
524.67,2.519e-4,2.519e-4,
524.72,9.316e-5,9.316e-5,
524.77,3.385e-5,3.385e-5,
524.82,1.208e-5,1.208e-5,
524.87,4.235e-6,4.235e-6,
524.92,1.459e-6,1.459e-6,
524.97,4.934e-7,4.934e-7,
525.02,1.496e-7,1.496e-7,
525.07,4.910e-8,4.910e-8,
525.12,1.583e-8,1.583e-8,
526.07,2.600e-9,2.600e-9,
526.12,8.019e-9,8.019e-9,
526.17,2.430e-8,2.430e-8,
526.22,7.231e-8,7.231e-8,
526.27,2.114e-7,2.114e-7,
526.32,6.071e-7,6.071e-7,
526.37,1.713e-6,1.713e-6,
526.42,4.746e-6,4.746e-6,
526.47,1.292e-5,1.292e-5,
526.52,3.454e-5,3.454e-5,
526.57,9.074e-5,9.074e-5,
526.62,2.341e-4,2.341e-4,
526.67,5.934e-4,5.934e-4,
526.72,1.477e-3,1.477e-3,
526.77,3.613e-3,3.613e-3,
526.82,8.679e-3,8.679e-3,
526.87,2.048e-2,2.048e-2,
526.92,4.748e-2,4.748e-2,
526.97,1.081e-1,1.081e-1,
527.02,2.418e-1,2.418e-1,
527.07,5.314e-1,5.314e-1,
527.12,1.147e+0,1.147e+0,
527.17,2.432e+0,2.432e+0,
527.22,5.064e+0,5.064e+0,
527.27,1.036e+1,1.036e+1,
527.32,2.082e+1,2.082e+1,
527.37,4.110e+1,4.110e+1,
527.42,7.970e+1,7.970e+1,
527.47,1.518e+2,1.518e+2,
527.52,2.841e+2,2.841e+2,
527.57,5.221e+2,5.221e+2,
527.62,9.427e+2,9.427e+2,
527.67,1.672e+3,1.672e+3,
527.72,2.913e+3,2.913e+3,
527.77,4.985e+3,4.985e+3,
527.82,8.380e+3,8.380e+3,
527.87,1.384e+4,1.384e+4,
527.92,2.245e+4,2.245e+4,
527.97,3.577e+4,3.577e+4,
528.02,5.599e+4,5.599e+4,
528.07,8.608e+4,8.608e+4,
528.12,1.300e+5,1.300e+5,
528.17,1.929e+5,1.929e+5,
528.22,2.811e+5,2.811e+5,
528.27,4.024e+5,4.024e+5,
528.32,5.659e+5,5.659e+5,
528.37,7.818e+5,7.818e+5,
528.42,1.061e+6,1.061e+6,
528.47,1.414e+6,1.414e+6,
528.52,1.851e+6,1.851e+6,
528.57,2.381e+6,2.381e+6,
528.62,3.009e+6,3.009e+6,
528.67,3.734e+6,3.734e+6,
528.72,4.552e+6,4.552e+6,
528.77,5.452e+6,5.452e+6,
528.82,6.413e+6,6.413e+6,
528.87,7.411e+6,7.411e+6,
528.92,8.412e+6,8.412e+6,
528.97,9.380e+6,9.380e+6,
529.02,1.027e+7,1.027e+7,
529.07,1.105e+7,1.105e+7,
529.12,1.168e+7,1.168e+7,
529.17,1.213e+7,1.213e+7,
529.22,1.237e+7,1.237e+7,
529.27,1.239e+7,1.239e+7,
529.32,1.219e+7,1.219e+7,
529.37,1.179e+7,1.179e+7,
529.42,1.119e+7,1.119e+7,
529.47,1.044e+7,1.044e+7,
529.52,9.566e+6,9.566e+6,
529.57,8.610e+6,8.610e+6,
529.62,7.612e+6,7.612e+6,
529.67,6.611e+6,6.611e+6,
529.72,5.640e+6,5.640e+6,
529.77,4.726e+6,4.726e+6,
529.82,3.891e+6,3.891e+6,
529.87,3.146e+6,3.146e+6,
529.92,2.499e+6,2.499e+6,
529.97,1.950e+6,1.950e+6,
530.02,1.494e+6,1.494e+6,
530.07,1.125e+6,1.125e+6,
530.12,8.322e+5,8.322e+5,
530.17,6.046e+5,6.046e+5,
530.22,4.315e+5,4.315e+5,
530.27,3.025e+5,3.025e+5,
530.32,2.083e+5,2.083e+5,
530.37,1.409e+5,1.409e+5,
530.42,9.361e+4,9.361e+4,
530.47,6.110e+4,6.110e+4,
530.52,3.918e+4,3.918e+4,
530.57,2.467e+4,2.467e+4,
530.62,1.527e+4,1.527e+4,
530.67,9.277e+3,9.277e+3,
530.72,5.538e+3,5.538e+3,
530.77,3.248e+3,3.248e+3,
530.82,1.871e+3,1.871e+3,
530.87,1.059e+3,1.059e+3,
530.92,5.884e+2,5.884e+2,
530.97,3.213e+2,3.213e+2,
531.02,1.723e+2,1.723e+2,
531.07,9.079e+1,9.079e+1,
531.12,4.699e+1,4.699e+1,
531.17,2.389e+1,2.389e+1,
531.22,1.193e+1,1.193e+1,
531.27,5.852e+0,5.852e+0,
531.32,2.820e+0,2.820e+0,
531.37,1.335e+0,1.335e+0,
531.42,6.206e-1,6.206e-1,
531.47,2.835e-1,2.835e-1,
531.52,1.272e-1,1.272e-1,
531.57,5.605e-2,5.605e-2,
531.62,2.427e-2,2.427e-2,
531.67,1.032e-2,1.032e-2,
531.72,4.311e-3,4.311e-3,
531.77,1.769e-3,1.769e-3,
531.82,7.131e-4,7.131e-4,
531.87,2.824e-4,2.824e-4,
531.92,1.098e-4,1.098e-4,
531.97,4.196e-5,4.196e-5,
532.02,1.575e-5,1.575e-5,
532.07,5.807e-6,5.807e-6,
532.12,2.103e-6,2.103e-6,
532.17,7.481e-7,7.481e-7,
532.22,2.614e-7,2.614e-7,
532.27,8.974e-8,8.974e-8,
532.32,3.026e-8,3.026e-8,
532.37,1.002e-8,1.002e-8,
532.42,3.261e-9,3.261e-9,
590.54,1.255e-11,,1.255e-11
590.59,3.436e-11,,3.436e-11
590.64,9.274e-11,,9.274e-11
590.69,2.468e-10,,2.468e-10
590.74,6.476e-10,,6.476e-10
590.79,1.675e-9,,1.675e-9
590.84,4.273e-9,,4.273e-9
590.89,1.075e-8,,1.075e-8
590.94,2.664e-8,,2.664e-8
590.99,6.512e-8,,6.512e-8
591.04,1.570e-7,,1.570e-7
591.09,3.730e-7,,3.730e-7
591.14,8.737e-7,,8.737e-7
591.19,2.018e-6,,2.018e-6
591.24,4.596e-6,,4.596e-6
591.29,1.032e-5,,1.032e-5
591.34,2.284e-5,,2.284e-5
591.39,4.986e-5,,4.986e-5
591.44,1.073e-4,,1.073e-4
591.49,2.276e-4,,2.276e-4
591.54,4.761e-4,,4.761e-4
591.59,9.820e-4,,9.820e-4
591.64,1.997e-3,,1.997e-3
591.69,4.003e-3,,4.003e-3
591.74,7.912e-3,,7.912e-3
591.79,1.542e-2,,1.542e-2
591.84,2.962e-2,,2.962e-2
591.89,5.611e-2,,5.611e-2
591.94,1.048e-1,,1.048e-1
591.99,1.930e-1,,1.930e-1
592.04,3.503e-1,,3.503e-1
592.09,6.271e-1,,6.271e-1
592.14,1.107e+0,,1.107e+0
592.19,1.926e+0,,1.926e+0
592.24,3.303e+0,,3.303e+0
592.29,5.587e+0,,5.587e+0
592.34,9.317e+0,,9.317e+0
592.39,1.532e+1,,1.532e+1
592.44,2.483e+1,,2.483e+1
592.49,3.968e+1,,3.968e+1
592.54,6.253e+1,,6.253e+1
592.59,9.714e+1,,9.714e+1
592.64,1.488e+2,,1.488e+2
592.69,2.247e+2,,2.247e+2
592.74,3.345e+2,,3.345e+2
592.79,4.911e+2,,4.911e+2
592.84,7.108e+2,,7.108e+2
592.89,1.014e+3,,1.014e+3
592.94,1.427e+3,,1.427e+3
592.99,1.979e+3,,1.979e+3
593.04,2.707e+3,,2.707e+3
593.09,3.650e+3,,3.650e+3
593.14,4.852e+3,,4.852e+3
593.19,6.360e+3,,6.360e+3
593.24,8.218e+3,,8.218e+3
593.29,1.047e+4,,1.047e+4
593.34,1.315e+4,,1.315e+4
593.39,1.629e+4,,1.629e+4
593.44,1.989e+4,,1.989e+4
593.49,2.395e+4,,2.395e+4
593.54,2.842e+4,,2.842e+4
593.59,3.326e+4,,3.326e+4
593.64,3.838e+4,,3.838e+4
593.69,4.366e+4,,4.366e+4
593.74,4.897e+4,,4.897e+4
593.79,5.415e+4,,5.415e+4
593.84,5.904e+4,,5.904e+4
593.89,6.346e+4,,6.346e+4
593.94,6.725e+4,,6.725e+4
593.99,7.027e+4,,7.027e+4
594.04,7.239e+4,,7.239e+4
594.09,7.353e+4,,7.353e+4
594.14,7.364e+4,,7.364e+4
594.19,7.270e+4,,7.270e+4
594.24,7.077e+4,,7.077e+4
594.29,6.792e+4,,6.792e+4
594.34,6.427e+4,,6.427e+4
594.39,5.996e+4,,5.996e+4
594.44,5.516e+4,,5.516e+4
594.49,5.002e+4,,5.002e+4
594.54,4.472e+4,,4.472e+4
594.59,3.943e+4,,3.943e+4
594.64,3.427e+4,,3.427e+4
594.69,2.937e+4,,2.937e+4
594.74,2.481e+4,,2.481e+4
594.79,2.067e+4,,2.067e+4
594.84,1.697e+4,,1.697e+4
594.89,1.374e+4,,1.374e+4
594.94,1.097e+4,,1.097e+4
594.99,8.636e+3,,8.636e+3
595.04,6.702e+3,,6.702e+3
595.09,5.128e+3,,5.128e+3
595.14,3.868e+3,,3.868e+3
595.19,2.877e+3,,2.877e+3
595.24,2.110e+3,,2.110e+3
595.29,1.525e+3,,1.525e+3
595.34,1.087e+3,,1.087e+3
595.39,7.640e+2,,7.640e+2
595.44,5.294e+2,,5.294e+2
595.49,3.617e+2,,3.617e+2
595.54,2.436e+2,,2.436e+2
595.59,1.618e+2,,1.618e+2
595.64,1.059e+2,,1.059e+2
595.69,6.837e+1,,6.837e+1
595.74,4.351e+1,,4.351e+1
595.79,2.730e+1,,2.730e+1
595.84,1.689e+1,,1.689e+1
595.89,1.030e+1,,1.030e+1
595.94,6.196e+0,,6.196e+0
595.99,3.674e+0,,3.674e+0
596.04,2.148e+0,,2.148e+0
596.09,1.238e+0,,1.238e+0
596.14,7.033e-1,,7.033e-1
596.19,3.941e-1,,3.941e-1
596.24,2.177e-1,,2.177e-1
596.29,1.185e-1,,1.185e-1
596.34,6.365e-2,,6.365e-2
596.39,3.370e-2,,3.370e-2
596.44,1.759e-2,,1.759e-2
596.49,9.051e-3,,9.051e-3
596.54,4.592e-3,,4.592e-3
596.59,2.297e-3,,2.297e-3
596.64,1.133e-3,,1.133e-3
596.69,5.509e-4,,5.509e-4
596.74,2.641e-4,,2.641e-4
596.79,1.248e-4,,1.248e-4
596.84,5.818e-5,,5.818e-5
596.89,2.673e-5,,2.673e-5
596.94,1.211e-5,,1.211e-5
596.99,5.409e-6,,5.409e-6
597.04,2.382e-6,,2.382e-6
597.09,1.034e-6,,1.034e-6
597.14,4.427e-7,,4.427e-7
597.19,1.868e-7,,1.868e-7
597.24,7.774e-8,,7.774e-8
597.29,3.189e-8,,3.189e-8
597.34,1.290e-8,,1.290e-8
597.39,5.144e-9,,5.144e-9
597.44,2.023e-9,,2.023e-9
597.49,7.841e-10,,7.841e-10
597.54,2.997e-10,,2.997e-10
597.59,1.129e-10,,1.129e-10
597.64,4.195e-11,,4.195e-11
597.69,1.537e-11,,1.537e-11
