Wavelength (nm),Sum,Cu I (1.2e-02),Cu II (9.5e-01)
200.11,7.327e-7,,7.327e-7
200.16,1.299e-5,,1.299e-5
200.21,2.035e-4,,2.035e-4
200.26,2.819e-3,,2.819e-3
200.31,3.451e-2,,3.451e-2
200.36,3.734e-1,,3.734e-1
200.41,3.572e+0,,3.572e+0
200.46,3.020e+1,,3.020e+1
200.51,2.257e+2,,2.257e+2
200.56,1.491e+3,,1.491e+3
200.61,8.704e+3,,8.704e+3
200.66,4.492e+4,,4.492e+4
200.72,2.736e+5,,2.736e+5
200.77,1.076e+6,,1.076e+6
200.82,3.745e+6,,3.745e+6
200.87,1.152e+7,,1.152e+7
200.92,3.134e+7,,3.134e+7
200.97,7.546e+7,,7.546e+7
201.02,1.610e+8,,1.610e+8
201.07,3.050e+8,,3.050e+8
201.12,5.150e+8,,5.150e+8
201.17,7.804e+8,,7.804e+8
201.22,1.074e+9,2.748e-8,1.074e+9
201.27,1.366e+9,4.954e-7,1.366e+9
201.32,1.643e+9,7.903e-6,1.643e+9
201.37,1.913e+9,1.116e-4,1.913e+9
201.42,2.178e+9,1.395e-3,2.178e+9
201.47,2.405e+9,1.543e-2,2.405e+9
201.52,2.523e+9,1.511e-1,2.523e+9
201.57,2.453e+9,1.310e+0,2.453e+9
201.62,2.172e+9,1.005e+1,2.172e+9
201.67,1.728e+9,6.825e+1,1.728e+9
201.72,1.227e+9,4.103e+2,1.227e+9
201.77,7.736e+8,2.183e+3,7.736e+8
201.82,4.326e+8,1.028e+4,4.326e+8
201.87,2.143e+8,4.285e+4,2.143e+8
201.92,9.475e+7,1.581e+5,9.459e+7
201.97,4.029e+7,5.163e+5,3.977e+7
202.02,2.718e+7,1.493e+6,2.569e+7
202.07,5.292e+7,3.819e+6,4.910e+7
202.12,1.471e+8,8.650e+6,1.384e+8
202.17,3.864e+8,1.734e+7,3.691e+8
202.22,9.073e+8,3.077e+7,8.765e+8
202.27,1.892e+9,4.832e+7,1.844e+9
202.32,3.502e+9,6.718e+7,3.435e+9
202.37,5.748e+9,8.266e+7,5.665e+9
202.42,8.365e+9,9.003e+7,8.275e+9
202.47,1.079e+10,8.680e+7,1.071e+10
202.52,1.235e+10,7.406e+7,1.227e+10
202.57,1.252e+10,5.594e+7,1.247e+10
202.62,1.128e+10,3.740e+7,1.124e+10
202.67,9.026e+9,2.213e+7,9.004e+9
202.72,6.454e+9,1.159e+7,6.443e+9
202.77,4.183e+9,5.374e+6,4.177e+9
202.82,2.564e+9,2.206e+6,2.562e+9
202.87,1.656e+9,8.011e+5,1.655e+9
202.92,1.317e+9,2.576e+5,1.317e+9
202.97,1.332e+9,7.330e+4,1.332e+9
203.02,1.490e+9,1.846e+4,1.490e+9
203.07,1.642e+9,4.117e+3,1.642e+9
203.12,1.758e+9,8.124e+2,1.758e+9
203.17,1.982e+9,1.419e+2,1.982e+9
203.22,2.706e+9,2.194e+1,2.706e+9
203.27,4.604e+9,3.003e+0,4.604e+9
203.32,8.581e+9,3.638e-1,8.581e+9
203.37,1.554e+10,3.901e-2,1.554e+10
203.42,2.590e+10,3.702e-3,2.590e+10
203.47,3.912e+10,3.110e-4,3.912e+10
203.52,5.334e+10,2.313e-5,5.334e+10
203.57,6.567e+10,1.522e-6,6.567e+10
203.62,7.310e+10,8.867e-8,7.310e+10
203.67,7.363e+10,4.572e-9,7.363e+10
203.72,6.712e+10,,6.712e+10
203.77,5.535e+10,,5.535e+10
203.82,4.124e+10,,4.124e+10
203.87,2.776e+10,,2.776e+10
203.92,1.700e+10,,1.700e+10
203.97,9.871e+9,,9.871e+9
204.02,6.438e+9,,6.438e+9
204.07,6.459e+9,,6.459e+9
204.12,9.744e+9,,9.744e+9
204.17,1.606e+10,,1.606e+10
204.22,2.469e+10,,2.469e+10
204.27,3.403e+10,,3.403e+10
204.32,4.169e+10,,4.169e+10
204.37,4.533e+10,,4.533e+10
204.42,4.373e+10,,4.373e+10
204.47,3.744e+10,,3.744e+10
204.52,2.846e+10,,2.846e+10
204.57,1.921e+10,,1.921e+10
204.62,1.154e+10,,1.154e+10
204.67,6.206e+9,,6.206e+9
204.72,3.021e+9,,3.021e+9
204.77,1.368e+9,,1.368e+9
204.82,6.085e+8,,6.085e+8
204.87,2.876e+8,,2.876e+8
204.92,1.592e+8,,1.592e+8
204.97,1.287e+8,,1.287e+8
205.02,2.042e+8,,2.042e+8
205.07,4.915e+8,,4.915e+8
205.12,1.225e+9,,1.225e+9
205.17,2.799e+9,,2.799e+9
205.22,5.717e+9,,5.717e+9
205.27,1.039e+10,,1.039e+10
205.32,1.680e+10,,1.680e+10
205.37,2.414e+10,,2.414e+10
205.42,3.084e+10,,3.084e+10
205.47,3.501e+10,,3.501e+10
205.52,3.533e+10,,3.533e+10
205.57,3.168e+10,,3.168e+10
205.62,2.524e+10,,2.524e+10
205.67,1.787e+10,,1.787e+10
205.72,1.125e+10,,1.125e+10
205.77,6.290e+9,,6.290e+9
205.82,3.131e+9,,3.131e+9
205.87,1.398e+9,,1.398e+9
205.92,5.851e+8,,5.851e+8
205.97,2.776e+8,,2.776e+8
206.02,2.171e+8,,2.171e+8
206.07,2.674e+8,,2.674e+8
206.12,3.578e+8,,3.578e+8
206.17,4.446e+8,,4.446e+8
206.22,4.972e+8,,4.972e+8
206.27,5.005e+8,,5.005e+8
206.32,4.601e+8,,4.601e+8
206.37,3.990e+8,,3.990e+8
206.42,3.458e+8,,3.458e+8
206.47,3.195e+8,,3.195e+8
206.52,3.211e+8,,3.211e+8
206.57,3.353e+8,,3.353e+8
206.62,3.411e+8,,3.411e+8
206.67,3.244e+8,,3.244e+8
206.72,2.846e+8,,2.846e+8
206.77,2.330e+8,,2.330e+8
206.82,1.842e+8,,1.842e+8
206.87,1.480e+8,,1.480e+8
206.92,1.255e+8,,1.255e+8
206.97,1.110e+8,,1.110e+8
207.02,9.761e+7,,9.761e+7
207.07,8.128e+7,,8.128e+7
207.12,6.208e+7,,6.208e+7
207.17,4.279e+7,,4.279e+7
207.22,2.646e+7,,2.646e+7
207.27,1.483e+7,,1.483e+7
207.32,8.302e+6,,8.302e+6
207.37,7.091e+6,,7.091e+6
207.42,1.316e+7,,1.316e+7
207.47,3.239e+7,,3.239e+7
207.52,7.628e+7,,7.628e+7
207.57,1.616e+8,,1.616e+8
207.62,3.053e+8,,3.053e+8
207.67,5.139e+8,,5.139e+8
207.72,7.705e+8,,7.705e+8
207.77,1.029e+9,,1.029e+9
207.82,1.224e+9,,1.224e+9
207.87,1.297e+9,,1.297e+9
207.92,1.224e+9,,1.224e+9
207.97,1.029e+9,,1.029e+9
208.02,7.710e+8,,7.710e+8
208.07,5.154e+8,,5.154e+8
208.12,3.094e+8,,3.094e+8
208.17,1.716e+8,,1.716e+8
208.22,9.842e+7,,9.842e+7
208.27,7.695e+7,,7.695e+7
208.32,9.576e+7,,9.576e+7
208.37,1.507e+8,,1.507e+8
208.42,2.473e+8,,2.473e+8
208.47,4.020e+8,,4.020e+8
208.52,6.389e+8,,6.389e+8
208.57,9.774e+8,,9.774e+8
208.62,1.411e+9,,1.411e+9
208.67,1.884e+9,,1.884e+9
208.72,2.295e+9,,2.295e+9
208.77,2.526e+9,,2.526e+9
208.82,2.498e+9,,2.498e+9
208.87,2.214e+9,,2.214e+9
208.92,1.756e+9,,1.756e+9
208.97,1.250e+9,,1.250e+9
209.02,8.089e+8,,8.089e+8
209.07,4.977e+8,,4.977e+8
209.12,3.277e+8,,3.277e+8
209.17,2.741e+8,,2.741e+8
209.22,2.953e+8,,2.953e+8
209.27,3.474e+8,,3.474e+8
209.32,3.932e+8,,3.932e+8
209.37,4.100e+8,,4.100e+8
209.42,3.952e+8,,3.952e+8
209.47,3.681e+8,,3.681e+8
209.52,3.635e+8,,3.635e+8
209.57,4.190e+8,,4.190e+8
209.62,5.587e+8,,5.587e+8
209.67,7.772e+8,,7.772e+8
209.72,1.033e+9,,1.033e+9
209.77,1.258e+9,,1.258e+9
209.82,1.380e+9,,1.380e+9
209.87,1.358e+9,,1.358e+9
209.92,1.202e+9,,1.202e+9
209.97,9.756e+8,,9.756e+8
210.02,7.832e+8,,7.832e+8
210.07,7.579e+8,,7.579e+8
210.12,1.063e+9,,1.063e+9
210.17,1.895e+9,,1.895e+9
210.22,3.440e+9,,3.440e+9
210.27,5.781e+9,,5.781e+9
210.32,8.755e+9,,8.755e+9
210.37,1.187e+10,,1.187e+10
210.42,1.437e+10,,1.437e+10
210.47,1.556e+10,,1.556e+10
210.52,1.504e+10,,1.504e+10
210.57,1.299e+10,,1.299e+10
210.62,1.003e+10,,1.003e+10
210.67,6.954e+9,,6.954e+9
210.72,4.413e+9,,4.413e+9
210.77,2.801e+9,,2.801e+9
210.82,2.320e+9,,2.320e+9
210.87,3.150e+9,,3.150e+9
210.92,5.541e+9,,5.541e+9
210.97,9.719e+9,,9.719e+9
211.02,1.561e+10,,1.561e+10
211.07,2.252e+10,,2.252e+10
211.12,2.908e+10,,2.908e+10
211.17,3.360e+10,,3.360e+10
211.22,3.471e+10,,3.471e+10
211.27,3.208e+10,,3.208e+10
211.32,2.655e+10,,2.655e+10
211.37,1.975e+10,,1.975e+10
211.42,1.335e+10,,1.335e+10
211.47,8.463e+9,,8.463e+9
211.52,5.453e+9,,5.453e+9
211.57,4.065e+9,,4.065e+9
211.62,3.732e+9,,3.732e+9
211.67,3.851e+9,,3.851e+9
211.72,3.954e+9,,3.954e+9
211.77,3.808e+9,,3.808e+9
211.82,3.435e+9,,3.435e+9
211.87,3.089e+9,,3.089e+9
211.92,3.208e+9,,3.208e+9
211.97,4.342e+9,,4.342e+9
212.02,7.052e+9,,7.052e+9
212.07,1.171e+10,,1.171e+10
212.12,1.823e+10,,1.823e+10
212.17,2.588e+10,,2.588e+10
212.22,3.334e+10,,3.334e+10
212.27,3.919e+10,,3.919e+10
212.32,4.261e+10,,4.261e+10
212.37,4.375e+10,,4.375e+10
212.42,4.353e+10,,4.353e+10
212.47,4.287e+10,,4.287e+10
212.52,4.201e+10,,4.201e+10
212.57,4.035e+10,,4.035e+10
212.62,3.705e+10,,3.705e+10
212.67,3.174e+10,,3.174e+10
212.72,2.496e+10,,2.496e+10
212.77,1.784e+10,,1.784e+10
212.82,1.154e+10,,1.154e+10
212.87,6.764e+9,,6.764e+9
212.92,3.646e+9,,3.646e+9
212.97,1.900e+9,,1.900e+9
213.02,1.152e+9,,1.152e+9
213.07,1.200e+9,,1.200e+9
213.12,2.220e+9,,2.220e+9
213.17,4.960e+9,,4.960e+9
213.22,1.091e+10,,1.091e+10
213.27,2.233e+10,,2.233e+10
213.32,4.177e+10,,4.177e+10
213.37,7.093e+10,,7.093e+10
213.42,1.089e+11,,1.089e+11
213.47,1.508e+11,,1.508e+11
213.52,1.879e+11,,1.879e+11
213.57,2.105e+11,,2.105e+11
213.62,2.118e+11,,2.118e+11
213.67,1.913e+11,,1.913e+11
213.72,1.550e+11,,1.550e+11
213.77,1.126e+11,,1.126e+11
213.82,7.336e+10,,7.336e+10
213.87,4.285e+10,,4.285e+10
213.92,2.243e+10,,2.243e+10
213.97,1.053e+10,,1.053e+10
214.02,4.428e+9,,4.428e+9
214.07,1.671e+9,,1.671e+9
214.12,5.683e+8,,5.683e+8
214.17,1.816e+8,,1.816e+8
214.22,7.115e+7,,7.115e+7
214.27,6.437e+7,,6.437e+7
214.32,1.109e+8,,1.109e+8
214.37,2.181e+8,,2.181e+8
214.42,4.391e+8,,4.391e+8
214.47,8.943e+8,,8.943e+8
214.52,1.806e+9,,1.806e+9
214.57,3.513e+9,,3.513e+9
214.62,6.408e+9,,6.408e+9
214.67,1.076e+10,,1.076e+10
214.72,1.647e+10,,1.647e+10
214.77,2.279e+10,,2.279e+10
214.82,2.845e+10,,2.845e+10
214.87,3.198e+10,,3.198e+10
214.92,3.236e+10,,3.236e+10
214.97,2.948e+10,,2.948e+10
215.02,2.423e+10,,2.423e+10
215.07,1.803e+10,,1.803e+10
215.12,1.222e+10,,1.222e+10
215.17,7.632e+9,,7.632e+9
215.22,4.457e+9,1.534e-7,4.457e+9
215.27,2.484e+9,2.279e-6,2.484e+9
215.32,1.347e+9,3.043e-5,1.347e+9
215.37,7.176e+8,3.653e-4,7.176e+8
215.42,3.738e+8,3.942e-3,3.738e+8
215.47,1.873e+8,3.823e-2,1.873e+8
215.52,8.860e+7,3.332e-1,8.860e+7
215.57,3.973e+7,2.611e+0,3.973e+7
215.62,1.921e+7,1.839e+1,1.921e+7
215.67,1.646e+7,1.164e+2,1.646e+7
215.72,2.949e+7,6.622e+2,2.949e+7
215.77,6.365e+7,3.386e+3,6.365e+7
215.82,1.295e+8,1.557e+4,1.294e+8
215.87,2.381e+8,6.431e+4,2.380e+8
215.92,3.938e+8,2.388e+5,3.936e+8
215.97,5.856e+8,7.971e+5,5.848e+8
216.02,7.832e+8,2.391e+6,7.808e+8
216.07,9.431e+8,6.448e+6,9.366e+8
216.12,1.025e+9,1.563e+7,1.009e+9
216.17,1.012e+9,3.405e+7,9.776e+8
216.22,9.173e+8,6.667e+7,8.506e+8
216.27,7.823e+8,1.173e+8,6.650e+8
216.32,6.527e+8,1.856e+8,4.671e+8
216.37,5.587e+8,2.639e+8,2.948e+8
216.42,5.045e+8,3.373e+8,1.672e+8
216.47,4.727e+8,3.875e+8,8.517e+7
216.52,4.391e+8,4.001e+8,3.899e+7
216.57,3.873e+8,3.713e+8,1.604e+7
216.62,3.157e+8,3.097e+8,5.927e+6
216.67,2.342e+8,2.322e+8,1.969e+6
216.72,1.571e+8,1.565e+8,5.923e+5
216.77,9.498e+7,9.479e+7,1.831e+5
216.82,5.176e+7,5.161e+7,1.519e+5
216.87,2.572e+7,2.526e+7,4.633e+5
216.92,1.275e+7,1.111e+7,1.637e+6
216.97,9.678e+6,4.392e+6,5.286e+6
217.02,1.693e+7,1.561e+6,1.537e+7
217.07,4.072e+7,4.990e+5,4.022e+7
217.12,9.485e+7,1.457e+5,9.471e+7
217.17,2.007e+8,4.913e+4,2.007e+8
217.22,3.830e+8,6.131e+4,3.829e+8
217.27,6.590e+8,2.070e+5,6.588e+8
217.32,1.026e+9,7.189e+5,1.025e+9
217.37,1.455e+9,2.265e+6,1.453e+9
217.42,1.917e+9,6.426e+6,1.910e+9
217.47,2.436e+9,1.641e+7,2.419e+9
217.52,3.181e+9,3.773e+7,3.143e+9
217.57,4.541e+9,7.812e+7,4.463e+9
217.62,7.115e+9,1.457e+8,6.969e+9
217.67,1.155e+10,2.449e+8,1.131e+10
217.72,1.821e+10,3.717e+8,1.784e+10
217.77,2.675e+10,5.101e+8,2.624e+10
217.82,3.589e+10,6.355e+8,3.525e+10
217.87,4.362e+10,7.234e+8,4.290e+10
217.92,4.786e+10,7.598e+8,4.710e+10
217.97,4.735e+10,7.472e+8,4.660e+10
218.02,4.223e+10,7.009e+8,4.153e+10
218.07,3.398e+10,6.383e+8,3.334e+10
218.12,2.469e+10,5.697e+8,2.412e+10
218.17,1.624e+10,4.967e+8,1.574e+10
218.22,9.705e+9,4.166e+8,9.288e+9
218.27,5.306e+9,3.300e+8,4.976e+9
218.32,2.686e+9,2.428e+8,2.443e+9
218.37,1.291e+9,1.639e+8,1.127e+9
218.42,6.401e+8,1.007e+8,5.394e+8
218.47,4.351e+8,5.604e+7,3.791e+8
218.52,5.797e+8,2.818e+7,5.515e+8
218.57,1.159e+9,1.279e+7,1.146e+9
218.62,2.411e+9,5.229e+6,2.406e+9
218.67,4.679e+9,1.926e+6,4.677e+9
218.72,8.307e+9,6.390e+5,8.306e+9
218.77,1.352e+10,1.909e+5,1.352e+10
218.82,2.034e+10,5.134e+4,2.034e+10
218.87,2.869e+10,1.243e+4,2.869e+10
218.92,3.854e+10,2.710e+3,3.854e+10
218.97,5.007e+10,5.320e+2,5.007e+10
219.02,6.335e+10,9.401e+1,6.335e+10
219.07,7.776e+10,1.496e+1,7.776e+10
219.12,9.142e+10,2.142e+0,9.142e+10
219.17,1.013e+11,2.762e-1,1.013e+11
219.22,1.042e+11,3.207e-2,1.042e+11
219.27,9.845e+10,3.351e-3,9.845e+10
219.32,8.494e+10,3.153e-4,8.494e+10
219.37,6.670e+10,2.671e-5,6.670e+10
219.42,4.770e+10,2.037e-6,4.770e+10
219.47,3.121e+10,1.399e-7,3.121e+10
219.52,1.889e+10,,1.889e+10
219.57,1.079e+10,,1.079e+10
219.62,5.992e+9,,5.992e+9
219.67,3.347e+9,,3.347e+9
219.72,1.929e+9,,1.929e+9
219.77,1.163e+9,,1.163e+9
219.82,7.495e+8,,7.495e+8
219.87,5.449e+8,,5.449e+8
219.92,4.674e+8,,4.674e+8
219.97,4.555e+8,,4.555e+8
220.02,4.595e+8,,4.595e+8
220.07,4.455e+8,,4.455e+8
220.12,3.997e+8,,3.997e+8
220.17,3.266e+8,,3.266e+8
220.22,2.416e+8,,2.416e+8
220.27,1.616e+8,,1.616e+8
220.32,9.828e+7,,9.828e+7
220.37,5.702e+7,,5.702e+7
220.42,4.101e+7,,4.101e+7
220.47,6.099e+7,,6.099e+7
220.52,1.515e+8,,1.515e+8
220.57,3.956e+8,,3.956e+8
220.62,9.546e+8,,9.546e+8
220.67,2.087e+9,,2.087e+9
220.72,4.122e+9,,4.122e+9
220.77,7.354e+9,,7.354e+9
220.82,1.185e+10,,1.185e+10
220.87,1.725e+10,,1.725e+10
220.92,2.267e+10,,2.267e+10
220.97,2.691e+10,,2.691e+10
221.02,2.887e+10,,2.887e+10
221.07,2.799e+10,,2.799e+10
221.12,2.456e+10,,2.456e+10
221.17,1.956e+10,,1.956e+10
221.22,1.423e+10,1.801e-8,1.423e+10
221.27,9.650e+9,2.612e-7,9.650e+9
221.32,6.460e+9,3.426e-6,6.460e+9
221.37,4.915e+9,4.062e-5,4.915e+9
221.42,5.109e+9,4.354e-4,5.109e+9
221.47,7.208e+9,4.219e-3,7.208e+9
221.52,1.151e+10,3.695e-2,1.151e+10
221.57,1.825e+10,2.926e-1,1.825e+10
221.62,2.720e+10,2.094e+0,2.720e+10
221.67,3.730e+10,1.355e+1,3.730e+10
221.72,4.665e+10,7.927e+1,4.665e+10
221.77,5.298e+10,4.191e+2,5.298e+10
221.82,5.449e+10,2.004e+3,5.449e+10
221.87,5.070e+10,8.658e+3,5.070e+10
221.92,4.266e+10,3.382e+4,4.266e+10
221.97,3.244e+10,1.194e+5,3.244e+10
222.02,2.229e+10,3.813e+5,2.229e+10
222.07,1.385e+10,1.100e+6,1.385e+10
222.12,7.790e+9,2.870e+6,7.787e+9
222.17,3.989e+9,6.769e+6,3.982e+9
222.22,1.904e+9,1.443e+7,1.889e+9
222.27,9.239e+8,2.781e+7,8.961e+8
222.32,5.748e+8,4.845e+7,5.264e+8
222.37,5.701e+8,7.630e+7,4.938e+8
222.42,7.878e+8,1.086e+8,6.792e+8
222.47,1.233e+9,1.398e+8,1.093e+9
222.52,2.007e+9,1.627e+8,1.845e+9
222.57,3.281e+9,1.711e+8,3.110e+9
222.62,5.228e+9,1.627e+8,5.065e+9
222.67,7.925e+9,1.398e+8,7.785e+9
222.72,1.122e+10,1.086e+8,1.111e+10
222.77,1.467e+10,7.630e+7,1.460e+10
222.82,1.759e+10,4.845e+7,1.754e+10
222.87,1.926e+10,2.781e+7,1.923e+10
222.92,1.924e+10,1.443e+7,1.922e+10
222.97,1.752e+10,6.769e+6,1.752e+10
223.02,1.458e+10,2.870e+6,1.458e+10
223.07,1.111e+10,1.100e+6,1.111e+10
223.12,7.787e+9,3.813e+5,7.787e+9
223.17,5.049e+9,1.194e+5,5.049e+9
223.22,3.051e+9,3.382e+4,3.051e+9
223.27,1.733e+9,8.658e+3,1.733e+9
223.32,9.314e+8,2.004e+3,9.314e+8
223.37,4.765e+8,4.191e+2,4.765e+8
223.42,2.323e+8,7.929e+1,2.323e+8
223.47,1.077e+8,1.372e+1,1.077e+8
223.52,4.815e+7,3.156e+0,4.815e+7
223.57,2.431e+7,6.443e+0,2.431e+7
223.62,2.659e+7,3.231e+1,2.659e+7
223.67,6.816e+7,1.534e+2,6.816e+7
223.72,2.026e+8,6.600e+2,2.026e+8
223.77,5.621e+8,2.571e+3,5.621e+8
223.82,1.417e+9,9.072e+3,1.417e+9
223.87,3.233e+9,2.898e+4,3.233e+9
223.92,6.681e+9,8.384e+4,6.681e+9
223.97,1.250e+10,2.196e+5,1.250e+10
224.02,2.118e+10,5.208e+5,2.118e+10
224.07,3.250e+10,1.119e+6,3.250e+10
224.12,4.520e+10,2.175e+6,4.520e+10
224.17,5.703e+10,3.831e+6,5.703e+10
224.22,6.549e+10,6.108e+6,6.548e+10
224.27,6.890e+10,8.819e+6,6.890e+10
224.32,6.746e+10,1.153e+7,6.744e+10
224.37,6.338e+10,1.365e+7,6.337e+10
224.42,6.020e+10,1.463e+7,6.018e+10
224.47,6.111e+10,1.420e+7,6.110e+10
224.52,6.749e+10,1.248e+7,6.748e+10
224.57,7.799e+10,9.935e+6,7.798e+10
224.62,8.896e+10,7.159e+6,8.896e+10
224.67,9.595e+10,4.672e+6,9.595e+10
224.72,9.558e+10,2.761e+6,9.558e+10
224.77,8.700e+10,1.477e+6,8.700e+10
224.82,7.201e+10,7.156e+5,7.201e+10
224.87,5.411e+10,3.139e+5,5.410e+10
224.92,3.689e+10,1.247e+5,3.689e+10
224.97,2.282e+10,4.486e+4,2.282e+10
225.02,1.282e+10,1.461e+4,1.282e+10
225.07,6.554e+9,4.309e+3,6.554e+9
225.12,3.059e+9,1.151e+3,3.059e+9
225.17,1.321e+9,2.783e+2,1.321e+9
225.22,5.536e+8,6.093e+1,5.536e+8
225.27,2.643e+8,1.208e+1,2.643e+8
225.32,1.861e+8,2.169e+0,1.861e+8
225.37,1.903e+8,3.526e-1,1.903e+8
225.42,2.168e+8,5.190e-2,2.168e+8
225.47,2.371e+8,6.919e-3,2.371e+8
225.52,2.384e+8,8.351e-4,2.384e+8
225.57,2.180e+8,9.126e-5,2.180e+8
225.62,1.808e+8,9.032e-6,1.808e+8
225.67,1.360e+8,8.093e-7,1.360e+8
225.72,9.297e+7,6.567e-8,9.297e+7
225.77,5.831e+7,4.825e-9,5.831e+7
225.82,3.523e+7,,3.523e+7
225.87,2.480e+7,,2.480e+7
225.92,2.821e+7,,2.821e+7
225.97,4.895e+7,,4.895e+7
226.02,9.343e+7,,9.343e+7
226.07,1.696e+8,,1.696e+8
226.12,2.831e+8,,2.831e+8
226.17,4.315e+8,,4.315e+8
226.22,6.007e+8,,6.007e+8
226.27,7.643e+8,,7.643e+8
226.32,8.898e+8,,8.898e+8
226.37,9.498e+8,,9.498e+8
226.42,9.318e+8,,9.318e+8
226.47,8.423e+8,,8.423e+8
226.52,7.038e+8,,7.038e+8
226.57,5.453e+8,,5.453e+8
226.62,3.929e+8,,3.929e+8
226.67,2.638e+8,,2.638e+8
226.72,1.652e+8,,1.652e+8
226.77,9.650e+7,,9.650e+7
226.82,5.249e+7,,5.249e+7
226.87,2.660e+7,,2.660e+7
226.92,1.291e+7,,1.291e+7
226.97,7.376e+6,,7.376e+6
227.02,9.106e+6,,9.106e+6
227.07,2.242e+7,,2.242e+7
227.12,6.106e+7,,6.106e+7
227.17,1.551e+8,,1.551e+8
227.22,3.591e+8,,3.591e+8
227.27,7.550e+8,,7.550e+8
227.32,1.442e+9,,1.442e+9
227.37,2.500e+9,,2.500e+9
227.42,3.937e+9,,3.937e+9
227.47,5.630e+9,,5.630e+9
227.52,7.315e+9,,7.315e+9
227.57,8.634e+9,,8.634e+9
227.62,9.262e+9,,9.262e+9
227.67,9.031e+9,,9.031e+9
227.72,8.011e+9,,8.011e+9
227.77,6.468e+9,,6.468e+9
227.82,4.760e+9,,4.760e+9
227.87,3.198e+9,,3.198e+9
227.92,1.965e+9,,1.965e+9
227.97,1.108e+9,,1.108e+9
228.02,5.760e+8,,5.760e+8
228.07,2.775e+8,,2.775e+8
228.12,1.254e+8,,1.254e+8
228.17,5.585e+7,,5.585e+7
228.22,2.999e+7,,2.999e+7
228.27,2.869e+7,,2.869e+7
228.32,4.508e+7,,4.508e+7
228.37,7.837e+7,,7.837e+7
228.42,1.289e+8,,1.289e+8
228.47,1.942e+8,,1.942e+8
228.52,2.665e+8,,2.665e+8
228.57,3.326e+8,,3.326e+8
228.62,3.783e+8,,3.783e+8
228.67,3.932e+8,,3.932e+8
228.72,3.765e+8,,3.765e+8
228.77,3.378e+8,,3.378e+8
228.82,2.952e+8,,2.952e+8
228.87,2.701e+8,,2.701e+8
228.92,2.856e+8,,2.856e+8
228.97,3.699e+8,,3.699e+8
229.02,5.657e+8,,5.657e+8
229.07,9.395e+8,,9.395e+8
229.12,1.579e+9,,1.579e+9
229.17,2.566e+9,,2.566e+9
229.22,3.924e+9,,3.924e+9
229.27,5.562e+9,,5.562e+9
229.32,7.242e+9,,7.242e+9
229.37,8.622e+9,,8.622e+9
229.42,9.362e+9,,9.362e+9
229.47,9.258e+9,,9.258e+9
229.52,8.332e+9,,8.332e+9
229.57,6.823e+9,,6.823e+9
229.62,5.081e+9,,5.081e+9
229.67,3.442e+9,,3.442e+9
229.72,2.120e+9,,2.120e+9
229.77,1.188e+9,,1.188e+9
229.82,6.051e+8,,6.051e+8
229.87,2.804e+8,,2.804e+8
229.92,1.181e+8,,1.181e+8
229.97,4.526e+7,,4.526e+7
230.02,1.577e+7,,1.577e+7
230.07,4.997e+6,,4.997e+6
230.12,1.440e+6,,1.440e+6
230.17,3.773e+5,,3.773e+5
230.22,8.991e+4,,8.991e+4
230.27,1.948e+4,,1.948e+4
230.32,3.840e+3,,3.840e+3
230.37,6.881e+2,,6.881e+2
230.42,1.121e+2,,1.121e+2
230.47,1.662e+1,,1.662e+1
230.52,2.240e+0,,2.240e+0
230.57,2.746e-1,,2.746e-1
230.62,3.060e-2,,3.060e-2
230.67,3.102e-3,,3.102e-3
230.72,2.859e-4,,2.859e-4
230.77,2.397e-5,,2.397e-5
230.82,1.827e-6,,1.827e-6
232.23,4.697e-8,,4.697e-8
232.28,5.729e-7,,5.729e-7
232.33,6.375e-6,,6.375e-6
232.38,6.472e-5,,6.472e-5
232.43,5.997e-4,,5.997e-4
232.48,5.069e-3,,5.069e-3
232.53,3.910e-2,,3.910e-2
232.58,2.752e-1,,2.752e-1
232.63,1.768e+0,,1.768e+0
232.68,1.036e+1,,1.036e+1
232.73,5.538e+1,,5.538e+1
232.78,2.702e+2,,2.702e+2
232.83,1.203e+3,,1.203e+3
232.88,4.886e+3,,4.886e+3
232.93,1.811e+4,,1.811e+4
232.98,6.125e+4,,6.125e+4
233.03,1.890e+5,,1.890e+5
233.08,5.322e+5,,5.322e+5
233.13,1.367e+6,,1.367e+6
233.18,3.206e+6,,3.206e+6
233.23,6.857e+6,,6.857e+6
233.28,1.338e+7,,1.338e+7
233.33,2.384e+7,,2.384e+7
233.38,3.874e+7,,3.874e+7
233.43,5.744e+7,,5.744e+7
233.48,7.772e+7,,7.772e+7
233.53,9.595e+7,,9.595e+7
233.58,1.081e+8,,1.081e+8
233.63,1.111e+8,,1.111e+8
233.68,1.042e+8,,1.042e+8
233.73,8.917e+7,,8.917e+7
233.78,6.963e+7,,6.963e+7
233.83,4.961e+7,,4.961e+7
233.88,3.225e+7,,3.225e+7
233.93,1.913e+7,,1.913e+7
233.98,1.036e+7,,1.036e+7
234.03,5.115e+6,,5.115e+6
234.08,2.305e+6,,2.305e+6
234.13,9.479e+5,,9.479e+5
234.18,3.556e+5,,3.556e+5
234.23,1.218e+5,,1.218e+5
234.28,3.804e+4,,3.804e+4
234.33,1.084e+4,,1.084e+4
234.38,2.820e+3,,2.820e+3
234.43,6.692e+2,,6.692e+2
234.48,1.449e+2,,1.449e+2
234.53,2.864e+1,,2.864e+1
234.58,5.163e+0,,5.163e+0
234.63,8.493e-1,,8.493e-1
234.68,1.275e-1,,1.275e-1
234.73,1.746e-2,,1.746e-2
234.78,2.182e-3,,2.182e-3
234.83,2.489e-4,,2.489e-4
234.88,2.589e-5,,2.589e-5
234.93,2.458e-6,,2.458e-6
234.98,2.130e-7,,2.130e-7
235.03,1.684e-8,,1.684e-8
235.58,6.709e-6,,6.709e-6
235.63,7.899e-5,,7.899e-5
235.68,8.510e-4,,8.510e-4
235.73,8.386e-3,,8.386e-3
235.78,7.560e-2,,7.560e-2
235.83,6.235e-1,,6.235e-1
235.88,4.704e+0,,4.704e+0
235.93,3.247e+1,,3.247e+1
235.98,2.050e+2,,2.050e+2
236.03,1.184e+3,,1.184e+3
236.08,6.259e+3,,6.259e+3
236.13,3.026e+4,,3.026e+4
236.18,1.338e+5,,1.338e+5
236.23,5.414e+5,,5.414e+5
236.28,2.004e+6,,2.004e+6
236.33,6.785e+6,,6.785e+6
236.38,2.102e+7,,2.102e+7
236.43,5.956e+7,,5.956e+7
236.48,1.544e+8,,1.544e+8
236.53,3.662e+8,,3.662e+8
236.58,7.944e+8,,7.944e+8
236.63,1.577e+9,,1.577e+9
236.68,2.863e+9,,2.863e+9
236.73,4.755e+9,,4.755e+9
236.78,7.226e+9,,7.226e+9
236.83,1.005e+10,,1.005e+10
236.88,1.277e+10,,1.277e+10
236.93,1.486e+10,,1.486e+10
236.98,1.582e+10,,1.582e+10
237.03,1.540e+10,,1.540e+10
237.08,1.372e+10,,1.372e+10
237.13,1.118e+10,,1.118e+10
237.18,8.338e+9,,8.338e+9
237.23,5.695e+9,,5.695e+9
237.28,3.571e+9,,3.571e+9
237.33,2.069e+9,,2.069e+9
237.38,1.131e+9,,1.131e+9
237.43,6.164e+8,,6.164e+8
237.48,3.730e+8,,3.730e+8
237.53,2.784e+8,,2.784e+8
237.58,2.496e+8,,2.496e+8
237.63,2.380e+8,,2.380e+8
237.68,2.207e+8,,2.207e+8
237.73,1.912e+8,,1.912e+8
237.78,1.528e+8,,1.528e+8
237.83,1.119e+8,,1.119e+8
237.88,7.512e+7,,7.512e+7
237.93,4.616e+7,,4.616e+7
237.98,2.596e+7,,2.596e+7
238.03,1.336e+7,,1.336e+7
238.08,6.295e+6,,6.295e+6
238.13,2.714e+6,,2.714e+6
238.18,1.071e+6,,1.071e+6
238.23,3.869e+5,,3.869e+5
238.28,1.279e+5,,1.279e+5
238.33,3.871e+4,,3.871e+4
238.38,1.072e+4,,1.072e+4
238.43,2.718e+3,,2.718e+3
238.48,6.305e+2,,6.305e+2
238.53,1.339e+2,,1.339e+2
238.58,2.602e+1,,2.602e+1
238.63,4.628e+0,,4.628e+0
238.68,7.536e-1,,7.536e-1
238.73,1.123e-1,,1.123e-1
238.78,1.531e-2,,1.531e-2
238.83,1.912e-3,,1.912e-3
238.88,2.185e-4,,2.185e-4
238.93,2.414e-5,,2.414e-5
238.98,1.620e-5,,1.620e-5
239.03,1.392e-4,,1.392e-4
239.08,1.264e-3,,1.264e-3
239.13,1.054e-2,,1.054e-2
239.18,8.056e-2,,8.056e-2
239.23,5.650e-1,,5.650e-1
239.28,3.633e+0,,3.633e+0
239.33,2.143e+1,,2.143e+1
239.38,1.159e+2,,1.159e+2
239.43,5.749e+2,,5.749e+2
239.48,2.615e+3,,2.615e+3
239.53,1.091e+4,,1.091e+4
239.58,4.174e+4,,4.174e+4
239.63,1.464e+5,,1.464e+5
239.68,4.712e+5,,4.712e+5
239.73,1.390e+6,,1.390e+6
239.78,3.762e+6,,3.762e+6
239.83,9.336e+6,,9.336e+6
239.88,2.125e+7,,2.125e+7
239.93,4.435e+7,,4.435e+7
239.98,8.489e+7,,8.489e+7
240.03,1.490e+8,,1.490e+8
240.08,2.399e+8,,2.399e+8
240.13,3.541e+8,,3.541e+8
240.18,4.794e+8,,4.794e+8
240.23,5.953e+8,,5.953e+8
240.28,6.778e+8,,6.778e+8
240.33,7.078e+8,,7.078e+8
240.38,6.778e+8,,6.778e+8
240.43,5.953e+8,,5.953e+8
240.48,4.794e+8,,4.794e+8
240.53,3.541e+8,,3.541e+8
240.58,2.399e+8,,2.399e+8
240.63,1.490e+8,,1.490e+8
240.68,8.489e+7,,8.489e+7
240.73,4.435e+7,,4.435e+7
240.78,2.125e+7,,2.125e+7
240.83,9.336e+6,,9.336e+6
240.88,3.762e+6,,3.762e+6
240.93,1.390e+6,,1.390e+6
240.98,4.712e+5,,4.712e+5
241.03,1.464e+5,,1.464e+5
241.08,4.174e+4,,4.174e+4
241.13,1.091e+4,,1.091e+4
241.18,2.615e+3,,2.615e+3
241.23,5.749e+2,,5.749e+2
241.28,1.159e+2,,1.159e+2
241.33,2.152e+1,,2.152e+1
241.38,4.209e+0,,4.209e+0
241.43,3.916e+0,,3.916e+0
241.48,1.798e+1,,1.798e+1
241.53,8.786e+1,,8.786e+1
241.58,3.960e+2,,3.960e+2
241.63,1.639e+3,,1.639e+3
241.68,6.232e+3,,6.232e+3
241.73,2.176e+4,,2.176e+4
241.78,6.979e+4,,6.979e+4
241.83,2.056e+5,,2.056e+5
241.88,5.562e+5,,5.562e+5
241.93,1.382e+6,,1.382e+6
241.98,3.154e+6,,3.154e+6
242.03,6.611e+6,,6.611e+6
242.08,1.273e+7,,1.273e+7
242.13,2.250e+7,,2.250e+7
242.18,3.654e+7,,3.654e+7
242.23,5.451e+7,,5.451e+7
242.28,7.467e+7,,7.467e+7
242.33,9.395e+7,,9.395e+7
242.38,1.086e+8,,1.086e+8
242.43,1.152e+8,,1.152e+8
242.48,1.123e+8,,1.123e+8
242.53,1.006e+8,,1.006e+8
242.58,8.269e+7,,8.269e+7
242.63,6.245e+7,,6.245e+7
242.68,4.332e+7,,4.332e+7
242.73,2.760e+7,,2.760e+7
242.78,1.615e+7,,1.615e+7
242.83,8.679e+6,,8.679e+6
242.88,4.284e+6,,4.284e+6
242.93,1.942e+6,,1.942e+6
242.98,8.086e+5,,8.086e+5
243.03,3.092e+5,,3.092e+5
243.08,1.086e+5,,1.086e+5
243.13,3.504e+4,,3.504e+4
243.18,1.038e+4,,1.038e+4
243.23,2.825e+3,,2.825e+3
243.28,7.061e+2,,7.061e+2
243.33,1.621e+2,,1.621e+2
243.38,3.417e+1,,3.417e+1
243.43,6.617e+0,,6.617e+0
243.48,1.177e+0,,1.177e+0
243.53,1.922e-1,,1.922e-1
243.58,2.884e-2,,2.884e-2
243.63,3.974e-3,,3.974e-3
243.68,5.030e-4,,5.030e-4
243.73,5.846e-5,,5.846e-5
243.78,6.241e-6,,6.241e-6
243.83,6.120e-7,,6.120e-7
243.88,5.511e-8,,5.511e-8
245.83,2.739e-8,,2.739e-8
245.88,3.053e-7,,3.053e-7
245.93,3.136e-6,,3.136e-6
245.98,2.968e-5,,2.968e-5
246.03,2.589e-4,,2.589e-4
246.08,2.081e-3,,2.081e-3
246.13,1.542e-2,,1.542e-2
246.18,1.052e-1,,1.052e-1
246.23,6.620e-1,,6.620e-1
246.28,3.838e+0,,3.838e+0
246.33,2.050e+1,,2.050e+1
246.38,1.009e+2,,1.009e+2
246.43,4.577e+2,,4.577e+2
246.48,1.913e+3,,1.913e+3
246.53,7.371e+3,,7.371e+3
246.58,2.616e+4,,2.616e+4
246.63,8.559e+4,,8.559e+4
246.68,2.580e+5,,2.580e+5
246.73,7.167e+5,,7.167e+5
246.78,1.835e+6,,1.835e+6
246.83,4.328e+6,,4.328e+6
246.88,9.408e+6,,9.408e+6
246.93,1.885e+7,,1.885e+7
246.98,3.479e+7,,3.479e+7
247.03,5.918e+7,,5.918e+7
247.08,9.277e+7,,9.277e+7
247.13,1.340e+8,,1.340e+8
247.18,1.784e+8,,1.784e+8
247.23,2.188e+8,,2.188e+8
247.28,2.474e+8,,2.474e+8
247.33,2.577e+8,,2.577e+8
247.38,2.474e+8,,2.474e+8
247.43,2.188e+8,,2.188e+8
247.48,1.784e+8,,1.784e+8
247.53,1.340e+8,,1.340e+8
247.58,9.277e+7,,9.277e+7
247.63,5.918e+7,,5.918e+7
247.68,3.479e+7,,3.479e+7
247.73,1.885e+7,1.320e-8,1.885e+7
247.78,9.418e+6,1.374e-7,9.418e+6
247.83,4.362e+6,1.319e-6,4.362e+6
247.88,1.947e+6,1.169e-5,1.947e+6
247.93,1.051e+6,9.559e-5,1.051e+6
247.98,1.178e+6,7.211e-4,1.178e+6
248.03,2.418e+6,5.019e-3,2.418e+6
248.08,5.481e+6,3.223e-2,5.481e+6
248.13,1.177e+7,1.910e-1,1.177e+7
248.18,2.341e+7,1.044e+0,2.341e+7
248.23,4.295e+7,5.265e+0,4.295e+7
248.28,7.267e+7,2.450e+1,7.267e+7
248.33,1.134e+8,1.052e+2,1.134e+8
248.38,1.632e+8,4.168e+2,1.632e+8
248.43,2.166e+8,1.523e+3,2.166e+8
248.48,2.652e+8,5.137e+3,2.652e+8
248.53,2.995e+8,1.599e+4,2.994e+8
248.58,3.119e+8,4.589e+4,3.118e+8
248.63,2.996e+8,1.216e+5,2.994e+8
248.68,2.655e+8,2.971e+5,2.652e+8
248.73,2.173e+8,6.699e+5,2.166e+8
248.78,1.646e+8,1.394e+6,1.632e+8
248.83,1.161e+8,2.675e+6,1.134e+8
248.88,7.740e+7,4.738e+6,7.267e+7
248.93,5.069e+7,7.742e+6,4.294e+7
248.98,3.508e+7,1.167e+7,2.341e+7
249.03,2.800e+7,1.624e+7,1.177e+7
249.08,2.630e+7,2.084e+7,5.455e+6
249.13,2.701e+7,2.468e+7,2.332e+6
249.18,2.788e+7,2.696e+7,9.198e+5
249.23,2.752e+7,2.718e+7,3.345e+5
249.28,2.540e+7,2.528e+7,1.122e+5
249.33,2.173e+7,2.170e+7,3.471e+4
249.38,1.719e+7,1.718e+7,9.902e+3
249.43,1.255e+7,1.255e+7,2.606e+3
249.48,8.460e+6,8.459e+6,6.329e+2
249.53,5.261e+6,5.261e+6,1.452e+2
249.58,3.019e+6,3.019e+6,4.949e+1
249.63,1.598e+6,1.598e+6,1.093e+2
249.68,7.811e+5,7.806e+5,4.907e+2
249.73,3.539e+5,3.518e+5,2.136e+3
249.78,1.549e+5,1.463e+5,8.599e+3
249.83,8.810e+4,5.612e+4,3.198e+4
249.88,1.297e+5,1.987e+4,1.098e+5
249.93,3.548e+5,6.488e+3,3.483e+5
249.98,1.022e+6,1.955e+3,1.020e+6
250.03,2.760e+6,5.436e+2,2.759e+6
250.08,6.892e+6,1.394e+2,6.891e+6
250.13,1.590e+7,3.300e+1,1.590e+7
250.18,3.386e+7,7.207e+0,3.386e+7
250.23,6.661e+7,1.452e+0,6.661e+7
250.28,1.210e+8,2.699e-1,1.210e+8
250.33,2.030e+8,4.630e-2,2.030e+8
250.38,3.145e+8,7.327e-3,3.145e+8
250.43,4.500e+8,1.070e-3,4.500e+8
250.48,5.946e+8,1.441e-4,5.946e+8
250.53,7.255e+8,1.791e-5,7.255e+8
250.58,8.175e+8,2.054e-6,8.175e+8
250.63,8.507e+8,2.174e-7,8.507e+8
250.68,8.175e+8,2.122e-8,8.175e+8
250.73,7.255e+8,1.912e-9,7.255e+8
250.78,5.946e+8,,5.946e+8
250.83,4.500e+8,,4.500e+8
250.88,3.145e+8,,3.145e+8
250.93,2.030e+8,,2.030e+8
250.98,1.210e+8,,1.210e+8
251.03,6.661e+7,,6.661e+7
251.08,3.386e+7,,3.386e+7
251.13,1.590e+7,,1.590e+7
251.18,6.891e+6,,6.891e+6
251.23,2.759e+6,,2.759e+6
251.28,1.020e+6,,1.020e+6
251.33,3.483e+5,,3.483e+5
251.38,1.098e+5,,1.098e+5
251.43,3.198e+4,,3.198e+4
251.48,8.599e+3,,8.599e+3
251.53,2.136e+3,,2.136e+3
251.58,4.916e+2,,4.916e+2
251.63,1.136e+2,,1.136e+2
251.68,6.801e+1,,6.801e+1
251.73,2.167e+2,,2.167e+2
251.78,8.803e+2,,8.803e+2
251.83,3.358e+3,,3.358e+3
251.88,1.185e+4,,1.185e+4
251.93,3.870e+4,,3.870e+4
251.98,1.169e+5,,1.169e+5
252.03,3.265e+5,,3.265e+5
252.08,8.439e+5,,8.439e+5
252.13,2.019e+6,,2.019e+6
252.18,4.472e+6,,4.472e+6
252.23,9.180e+6,,9.180e+6
252.28,1.748e+7,,1.748e+7
252.33,3.094e+7,,3.094e+7
252.38,5.099e+7,,5.099e+7
252.43,7.855e+7,,7.855e+7
252.48,1.136e+8,,1.136e+8
252.53,1.551e+8,,1.551e+8
252.58,2.013e+8,,2.013e+8
252.63,2.502e+8,,2.502e+8
252.68,2.994e+8,,2.994e+8
252.73,3.463e+8,,3.463e+8
252.78,3.868e+8,,3.868e+8
252.83,4.157e+8,,4.157e+8
252.88,4.272e+8,,4.272e+8
252.93,4.168e+8,,4.168e+8
252.98,3.836e+8,,3.836e+8
253.03,3.311e+8,,3.311e+8
253.08,2.669e+8,,2.669e+8
253.13,2.003e+8,,2.003e+8
253.18,1.397e+8,,1.397e+8
253.23,9.034e+7,,9.034e+7
253.28,5.415e+7,,5.415e+7
253.33,3.006e+7,,3.006e+7
253.38,1.544e+7,,1.544e+7
253.43,7.341e+6,,7.341e+6
253.48,3.229e+6,,3.229e+6
253.53,1.315e+6,,1.315e+6
253.58,4.987e+5,,4.987e+5
253.63,1.886e+5,,1.886e+5
253.68,1.144e+5,,1.144e+5
253.73,2.117e+5,,2.117e+5
253.78,6.025e+5,,6.025e+5
253.83,1.697e+6,,1.697e+6
253.88,4.452e+6,,4.452e+6
253.93,1.082e+7,,1.082e+7
253.98,2.433e+7,,2.433e+7
254.03,5.067e+7,,5.067e+7
254.08,9.766e+7,,9.766e+7
254.13,1.743e+8,,1.743e+8
254.18,2.879e+8,,2.879e+8
254.23,4.401e+8,,4.401e+8
254.28,6.230e+8,,6.230e+8
254.33,8.163e+8,,8.163e+8
254.38,9.901e+8,,9.901e+8
254.43,1.112e+9,,1.112e+9
254.48,1.155e+9,,1.155e+9
254.53,1.112e+9,,1.112e+9
254.58,9.901e+8,,9.901e+8
254.63,8.163e+8,,8.163e+8
254.68,6.230e+8,,6.230e+8
254.73,4.401e+8,,4.401e+8
254.78,2.879e+8,,2.879e+8
254.83,1.743e+8,,1.743e+8
254.88,9.766e+7,,9.766e+7
254.93,5.067e+7,,5.067e+7
254.98,2.433e+7,,2.433e+7
255.03,1.082e+7,,1.082e+7
255.08,4.451e+6,,4.451e+6
255.13,1.696e+6,,1.696e+6
255.18,5.980e+5,,5.980e+5
255.23,1.952e+5,,1.952e+5
255.28,5.899e+4,,5.899e+4
255.33,1.650e+4,,1.650e+4
255.38,4.273e+3,,4.273e+3
255.43,1.024e+3,,1.024e+3
255.48,2.273e+2,,2.273e+2
255.53,4.668e+1,,4.668e+1
255.58,8.877e+0,,8.877e+0
255.63,1.562e+0,,1.562e+0
255.68,2.546e-1,,2.546e-1
255.73,3.840e-2,,3.840e-2
255.78,5.361e-3,,5.361e-3
255.83,6.930e-4,,6.930e-4
255.88,8.291e-5,,8.291e-5
255.93,9.183e-6,,9.183e-6
255.98,9.415e-7,,9.415e-7
256.03,8.936e-8,,8.936e-8
257.48,1.356e-8,,1.356e-8
257.53,1.355e-7,,1.355e-7
257.58,1.258e-6,,1.258e-6
257.63,1.083e-5,,1.083e-5
257.68,8.659e-5,,8.659e-5
257.73,6.425e-4,,6.425e-4
257.78,4.425e-3,,4.425e-3
257.83,2.829e-2,,2.829e-2
257.88,1.679e-1,,1.679e-1
257.93,9.247e-1,,9.247e-1
257.98,4.728e+0,,4.728e+0
258.03,2.243e+1,,2.243e+1
258.08,9.882e+1,,9.882e+1
258.13,4.040e+2,,4.040e+2
258.18,1.533e+3,,1.533e+3
258.23,5.401e+3,,5.401e+3
258.28,1.766e+4,,1.766e+4
258.33,5.359e+4,,5.359e+4
258.38,1.509e+5,,1.509e+5
258.43,3.947e+5,,3.947e+5
258.48,9.579e+5,,9.579e+5
258.53,2.158e+6,,2.158e+6
258.58,4.512e+6,,4.512e+6
258.63,8.756e+6,,8.756e+6
258.68,1.577e+7,,1.577e+7
258.73,2.638e+7,,2.638e+7
258.78,4.094e+7,,4.094e+7
258.83,5.898e+7,,5.898e+7
258.88,7.886e+7,,7.886e+7
258.93,9.788e+7,,9.788e+7
258.98,1.128e+8,,1.128e+8
259.03,1.206e+8,,1.206e+8
259.08,1.197e+8,,1.197e+8
259.13,1.103e+8,,1.103e+8
259.18,9.443e+7,,9.443e+7
259.23,7.520e+7,,7.520e+7
259.28,5.604e+7,,5.604e+7
259.33,3.984e+7,,3.984e+7
259.38,2.868e+7,,2.868e+7
259.43,2.399e+7,,2.399e+7
259.48,2.701e+7,,2.701e+7
259.53,3.916e+7,,3.916e+7
259.58,6.213e+7,,6.213e+7
259.63,9.752e+7,,9.752e+7
259.68,1.459e+8,,1.459e+8
259.73,2.061e+8,,2.061e+8
259.78,2.738e+8,,2.738e+8
259.83,3.421e+8,,3.421e+8
259.88,4.019e+8,,4.019e+8
259.93,4.438e+8,,4.438e+8
259.98,4.602e+8,,4.602e+8
260.03,4.479e+8,,4.479e+8
260.08,4.088e+8,,4.088e+8
260.13,3.495e+8,,3.495e+8
260.18,2.796e+8,,2.796e+8
260.23,2.091e+8,,2.091e+8
260.28,1.460e+8,4.323e-8,1.460e+8
260.33,9.517e+7,4.056e-7,9.517e+7
260.38,5.782e+7,3.539e-6,5.782e+7
260.43,3.274e+7,2.870e-5,3.274e+7
260.48,1.726e+7,2.164e-4,1.726e+7
260.53,8.470e+6,1.517e-3,8.470e+6
260.58,3.867e+6,9.883e-3,3.867e+6
260.63,1.642e+6,5.987e-2,1.642e+6
260.68,6.484e+5,3.372e-1,6.484e+5
260.73,2.380e+5,1.765e+0,2.380e+5
260.78,8.120e+4,8.594e+0,8.119e+4
260.83,2.578e+4,3.889e+1,2.574e+4
260.88,7.746e+3,1.636e+2,7.583e+3
260.93,2.715e+3,6.398e+2,2.075e+3
260.98,2.854e+3,2.326e+3,5.277e+2
261.03,7.988e+3,7.864e+3,1.246e+2
261.08,2.474e+4,2.471e+4,2.735e+1
261.13,7.220e+4,7.219e+4,5.574e+0
261.18,1.961e+5,1.961e+5,1.055e+0
261.23,4.951e+5,4.951e+5,1.855e-1
261.28,1.162e+6,1.162e+6,3.030e-2
261.33,2.536e+6,2.536e+6,4.596e-3
261.38,5.145e+6,5.145e+6,6.474e-4
261.43,9.704e+6,9.704e+6,8.471e-5
261.48,1.701e+7,1.701e+7,1.029e-5
261.53,2.774e+7,2.774e+7,1.161e-6
261.58,4.203e+7,4.203e+7,1.217e-7
261.63,5.922e+7,5.922e+7,
261.68,7.756e+7,7.756e+7,
261.73,9.444e+7,9.444e+7,
261.78,1.069e+8,1.069e+8,
261.83,1.125e+8,1.125e+8,
261.88,1.101e+8,1.101e+8,
261.93,1.001e+8,1.001e+8,
261.98,8.465e+7,8.465e+7,
262.03,6.654e+7,6.654e+7,
262.08,4.863e+7,4.863e+7,
262.13,3.304e+7,3.304e+7,
262.18,2.087e+7,2.087e+7,
262.23,1.225e+7,1.225e+7,
262.28,6.690e+6,6.690e+6,
262.33,3.395e+6,3.395e+6,
262.38,1.602e+6,1.602e+6,
262.44,5.906e+5,5.906e+5,
262.49,2.374e+5,2.374e+5,
262.54,8.868e+4,8.868e+4,
262.59,3.080e+4,3.080e+4,
262.64,9.945e+3,9.945e+3,
262.69,2.985e+3,2.985e+3,
262.74,8.331e+2,8.331e+2,
262.79,2.162e+2,2.162e+2,
262.84,5.214e+1,5.214e+1,
262.89,1.169e+1,1.169e+1,
262.94,2.437e+0,2.437e+0,
262.99,4.723e-1,4.723e-1,
263.04,8.509e-2,8.509e-2,
263.09,1.425e-2,1.425e-2,
263.14,2.219e-3,2.219e-3,
263.19,3.213e-4,3.213e-4,
263.24,4.324e-5,4.324e-5,
263.29,5.410e-6,5.410e-6,
263.34,6.292e-7,6.292e-7,
263.39,6.804e-8,6.804e-8,
267.29,2.223e-8,,2.223e-8
267.34,2.074e-7,,2.074e-7
267.39,1.805e-6,,1.805e-6
267.44,1.467e-5,,1.467e-5
267.49,1.112e-4,,1.112e-4
267.54,7.866e-4,,7.866e-4
267.59,5.193e-3,,5.193e-3
267.64,3.199e-2,,3.199e-2
267.69,1.839e-1,,1.839e-1
267.74,9.869e-1,,9.869e-1
267.79,4.941e+0,,4.941e+0
267.84,2.309e+1,,2.309e+1
267.89,1.007e+2,,1.007e+2
267.94,4.096e+2,,4.096e+2
267.99,1.556e+3,,1.556e+3
268.04,5.512e+3,,5.512e+3
268.09,1.823e+4,,1.823e+4
268.14,5.625e+4,,5.625e+4
268.19,1.620e+5,,1.620e+5
268.24,4.354e+5,,4.354e+5
268.29,1.092e+6,,1.092e+6
268.34,2.556e+6,,2.556e+6
268.39,5.582e+6,,5.582e+6
268.44,1.138e+7,,1.138e+7
268.49,2.164e+7,,2.164e+7
268.54,3.841e+7,,3.841e+7
268.59,6.363e+7,,6.363e+7
268.64,9.835e+7,,9.835e+7
268.69,1.419e+8,,1.419e+8
268.74,1.910e+8,,1.910e+8
268.79,2.399e+8,,2.399e+8
268.84,2.813e+8,,2.813e+8
268.89,3.077e+8,,3.077e+8
268.94,3.142e+8,,3.142e+8
268.99,2.994e+8,,2.994e+8
269.04,2.662e+8,,2.662e+8
269.09,2.208e+8,,2.208e+8
269.14,1.710e+8,,1.710e+8
269.19,1.236e+8,,1.236e+8
269.24,8.333e+7,,8.333e+7
269.29,5.247e+7,,5.247e+7
269.34,3.090e+7,,3.090e+7
269.39,1.718e+7,,1.718e+7
269.44,9.419e+6,,9.419e+6
269.49,6.011e+6,,6.011e+6
269.54,6.068e+6,,6.068e+6
269.59,9.617e+6,,9.617e+6
269.64,1.761e+7,,1.761e+7
269.69,3.179e+7,,3.179e+7
269.74,5.430e+7,,5.430e+7
269.79,8.711e+7,,8.711e+7
269.84,1.311e+8,,1.311e+8
269.89,1.855e+8,,1.855e+8
269.94,2.468e+8,,2.468e+8
269.99,3.097e+8,,3.097e+8
270.04,3.673e+8,,3.673e+8
270.09,4.127e+8,,4.127e+8
270.14,4.406e+8,,4.406e+8
270.19,4.479e+8,,4.479e+8
270.24,4.343e+8,,4.343e+8
270.29,4.023e+8,,4.023e+8
270.34,3.558e+8,,3.558e+8
270.39,3.004e+8,,3.004e+8
270.44,2.415e+8,,2.415e+8
270.49,1.846e+8,,1.846e+8
270.54,1.337e+8,,1.337e+8
270.59,9.169e+7,,9.169e+7
270.64,5.950e+7,,5.950e+7
270.69,3.684e+7,,3.684e+7
270.74,2.262e+7,,2.262e+7
270.79,1.559e+7,,1.559e+7
270.84,1.498e+7,,1.498e+7
270.89,2.085e+7,,2.085e+7
270.94,3.408e+7,,3.408e+7
270.99,5.603e+7,,5.603e+7
271.04,8.776e+7,,8.776e+7
271.09,1.291e+8,,1.291e+8
271.14,1.776e+8,,1.776e+8
271.19,2.285e+8,,2.285e+8
271.24,2.750e+8,,2.750e+8
271.29,3.097e+8,,3.097e+8
271.34,3.271e+8,,3.271e+8
271.39,3.253e+8,,3.253e+8
271.44,3.067e+8,,3.067e+8
271.49,2.779e+8,,2.779e+8
271.54,2.477e+8,,2.477e+8
271.59,2.241e+8,,2.241e+8
271.64,2.124e+8,,2.124e+8
271.69,2.134e+8,,2.134e+8
271.74,2.237e+8,,2.237e+8
271.79,2.368e+8,,2.368e+8
271.84,2.455e+8,,2.455e+8
271.89,2.441e+8,,2.441e+8
271.94,2.298e+8,,2.298e+8
271.99,2.035e+8,,2.035e+8
272.04,1.690e+8,,1.690e+8
272.09,1.314e+8,,1.314e+8
272.14,9.554e+7,,9.554e+7
272.19,6.495e+7,,6.495e+7
272.24,4.127e+7,,4.127e+7
272.29,2.452e+7,,2.452e+7
272.34,1.361e+7,,1.361e+7
272.39,7.061e+6,,7.061e+6
272.44,3.424e+6,,3.424e+6
272.49,1.552e+6,,1.552e+6
272.54,6.573e+5,,6.573e+5
272.59,2.602e+5,,2.602e+5
272.64,9.626e+4,,9.626e+4
272.69,3.328e+4,,3.328e+4
272.74,1.076e+4,,1.076e+4
272.79,3.248e+3,,3.248e+3
272.84,9.168e+2,,9.168e+2
272.89,2.419e+2,,2.419e+2
272.94,5.963e+1,,5.963e+1
272.99,1.374e+1,,1.374e+1
273.04,2.959e+0,,2.959e+0
273.09,5.955e-1,,5.955e-1
273.14,1.120e-1,,1.120e-1
273.19,1.969e-2,,1.969e-2
273.24,3.235e-3,,3.235e-3
273.29,4.968e-4,,4.968e-4
273.34,7.130e-5,,7.130e-5
273.39,9.563e-6,,9.563e-6
273.44,1.199e-6,,1.199e-6
273.49,1.404e-7,,1.404e-7
274.99,1.120e-8,1.120e-8,
275.04,9.364e-8,9.364e-8,
275.09,7.332e-7,7.332e-7,
275.14,5.379e-6,5.379e-6,
275.19,3.696e-5,3.696e-5,
275.24,2.379e-4,2.379e-4,
275.29,1.434e-3,1.434e-3,3.536e-8
275.34,8.103e-3,8.102e-3,3.059e-7
275.39,4.287e-2,4.287e-2,2.478e-6
275.44,2.125e-1,2.125e-1,1.882e-5
275.49,9.867e-1,9.866e-1,1.338e-4
275.54,4.292e+0,4.291e+0,8.919e-4
275.59,1.749e+1,1.748e+1,5.569e-3
275.64,6.676e+1,6.672e+1,3.258e-2
275.69,2.387e+2,2.385e+2,1.785e-1
275.74,7.998e+2,7.989e+2,9.167e-1
275.79,2.511e+3,2.506e+3,4.410e+0
275.84,7.386e+3,7.366e+3,1.988e+1
275.89,2.036e+4,2.028e+4,8.393e+1
275.94,5.263e+4,5.230e+4,3.321e+2
275.99,1.276e+5,1.263e+5,1.231e+3
276.04,2.902e+5,2.859e+5,4.274e+3
276.09,6.200e+5,6.060e+5,1.391e+4
276.14,1.246e+6,1.203e+6,4.239e+4
276.19,2.360e+6,2.239e+6,1.211e+5
276.24,4.225e+6,3.901e+6,3.239e+5
276.29,7.180e+6,6.368e+6,8.121e+5
276.34,1.164e+7,9.737e+6,1.907e+6
276.39,1.814e+7,1.395e+7,4.197e+6
276.44,2.737e+7,1.871e+7,8.653e+6
276.49,4.023e+7,2.352e+7,1.671e+7
276.54,5.794e+7,2.770e+7,3.024e+7
276.59,8.183e+7,3.055e+7,5.128e+7
276.64,1.130e+8,3.156e+7,8.146e+7
276.69,1.518e+8,3.055e+7,1.212e+8
276.74,1.967e+8,2.770e+7,1.690e+8
276.79,2.443e+8,2.352e+7,2.208e+8
276.84,2.890e+8,1.871e+7,2.703e+8
276.89,3.238e+8,1.395e+7,3.099e+8
276.94,3.427e+8,9.737e+6,3.329e+8
276.99,3.415e+8,6.368e+6,3.351e+8
277.04,3.199e+8,3.901e+6,3.160e+8
277.09,2.814e+8,2.239e+6,2.792e+8
277.14,2.323e+8,1.203e+6,2.311e+8
277.19,1.798e+8,6.060e+5,1.792e+8
277.24,1.305e+8,2.859e+5,1.302e+8
277.29,8.878e+7,1.263e+5,8.866e+7
277.34,5.660e+7,5.230e+4,5.655e+7
277.39,3.381e+7,2.028e+4,3.379e+7
277.44,1.892e+7,7.366e+3,1.892e+7
277.49,9.924e+6,2.506e+3,9.922e+6
277.54,4.877e+6,7.989e+2,4.876e+6
277.59,2.245e+6,2.385e+2,2.245e+6
277.64,9.684e+5,6.672e+1,9.683e+5
277.69,3.914e+5,1.748e+1,3.913e+5
277.74,1.482e+5,4.291e+0,1.482e+5
277.79,5.256e+4,9.866e-1,5.256e+4
277.84,1.747e+4,2.125e-1,1.747e+4
277.89,5.440e+3,4.287e-2,5.440e+3
277.94,1.587e+3,8.102e-3,1.587e+3
277.99,4.338e+2,1.434e-3,4.338e+2
278.04,1.111e+2,2.379e-4,1.111e+2
278.09,2.665e+1,3.696e-5,2.665e+1
278.14,5.991e+0,5.379e-6,5.991e+0
278.19,1.262e+0,7.332e-7,1.262e+0
278.24,2.489e-1,9.364e-8,2.489e-1
278.29,4.602e-2,1.120e-8,4.602e-2
278.34,7.970e-3,,7.970e-3
278.39,1.293e-3,,1.293e-3
278.44,1.966e-4,,1.966e-4
278.49,2.800e-5,,2.800e-5
278.54,3.737e-6,,3.737e-6
278.59,4.672e-7,,4.672e-7
278.64,5.473e-8,,5.473e-8
280.74,8.879e-9,8.879e-9,
280.79,7.249e-8,7.249e-8,
280.84,5.559e-7,5.559e-7,
280.89,4.004e-6,4.004e-6,
280.94,2.709e-5,2.709e-5,
280.99,1.721e-4,1.721e-4,
281.04,1.027e-3,1.027e-3,
281.09,5.757e-3,5.757e-3,
281.14,3.031e-2,3.031e-2,
281.19,1.499e-1,1.499e-1,
281.24,6.960e-1,6.960e-1,
281.29,3.036e+0,3.036e+0,
281.34,1.244e+1,1.244e+1,
281.39,4.787e+1,4.787e+1,
281.44,1.730e+2,1.730e+2,
281.49,5.874e+2,5.874e+2,
281.54,1.873e+3,1.873e+3,
281.59,5.609e+3,5.609e+3,
281.64,1.578e+4,1.578e+4,
281.69,4.169e+4,4.169e+4,
281.74,1.034e+5,1.034e+5,
281.79,2.411e+5,2.411e+5,
281.84,5.278e+5,5.278e+5,
281.89,1.085e+6,1.085e+6,
281.94,2.096e+6,2.096e+6,
281.99,3.801e+6,3.801e+6,
282.04,6.476e+6,6.476e+6,
282.09,1.036e+7,1.036e+7,
282.14,1.557e+7,1.557e+7,
282.19,2.199e+7,2.199e+7,
282.24,2.915e+7,2.915e+7,
282.29,3.630e+7,3.630e+7,
282.34,4.246e+7,4.246e+7,
282.39,4.664e+7,4.664e+7,
282.44,4.813e+7,4.813e+7,
282.49,4.664e+7,4.664e+7,
282.54,4.246e+7,4.246e+7,
282.59,3.630e+7,3.630e+7,
282.64,2.915e+7,2.915e+7,
282.69,2.199e+7,2.199e+7,
282.74,1.557e+7,1.557e+7,
282.79,1.036e+7,1.036e+7,
282.84,6.476e+6,6.476e+6,
282.89,3.801e+6,3.801e+6,
282.94,2.096e+6,2.096e+6,
282.99,1.085e+6,1.085e+6,
283.04,5.278e+5,5.278e+5,
283.09,2.411e+5,2.411e+5,
283.14,1.034e+5,1.034e+5,
283.19,4.169e+4,4.169e+4,
283.24,1.578e+4,1.578e+4,
283.29,5.609e+3,5.609e+3,
283.34,1.873e+3,1.873e+3,
283.39,5.874e+2,5.874e+2,
283.44,1.730e+2,1.730e+2,
283.49,4.787e+1,4.787e+1,
283.54,1.244e+1,1.244e+1,
283.59,3.036e+0,3.036e+0,
283.64,6.960e-1,6.960e-1,
283.69,1.499e-1,1.499e-1,
283.74,3.031e-2,3.031e-2,
283.79,5.757e-3,5.757e-3,
283.84,1.027e-3,1.027e-3,
283.89,1.721e-4,1.721e-4,
283.94,2.709e-5,2.709e-5,
283.99,4.004e-6,4.004e-6,
284.04,5.559e-7,5.559e-7,
284.09,7.249e-8,7.249e-8,
284.14,8.879e-9,8.879e-9,
294.35,1.000e-8,1.000e-8,
294.4,7.318e-8,7.318e-8,
294.45,5.058e-7,5.058e-7,
294.5,3.301e-6,3.301e-6,
294.55,2.036e-5,2.036e-5,
294.6,1.185e-4,1.185e-4,
294.65,6.522e-4,6.522e-4,
294.7,3.389e-3,3.389e-3,
294.75,1.663e-2,1.663e-2,
294.8,7.712e-2,7.712e-2,
294.85,3.377e-1,3.377e-1,
294.9,1.397e+0,1.397e+0,
294.95,5.458e+0,5.458e+0,
295,2.014e+1,2.014e+1,
295.05,7.023e+1,7.023e+1,
295.1,2.312e+2,2.312e+2,
295.15,7.193e+2,7.193e+2,
295.2,2.113e+3,2.113e+3,
295.25,5.864e+3,5.864e+3,
295.3,1.537e+4,1.537e+4,
295.35,3.806e+4,3.806e+4,
295.4,8.902e+4,8.902e+4,
295.45,1.967e+5,1.967e+5,
295.5,4.104e+5,4.104e+5,
295.55,8.089e+5,8.089e+5,
295.6,1.506e+6,1.506e+6,
295.65,2.648e+6,2.648e+6,
295.7,4.399e+6,4.399e+6,
295.75,6.903e+6,6.903e+6,
295.8,1.023e+7,1.023e+7,
295.85,1.432e+7,1.432e+7,
295.9,1.894e+7,1.894e+7,
295.95,2.366e+7,2.366e+7,
296,2.791e+7,2.791e+7,
296.05,3.110e+7,3.110e+7,
296.1,3.274e+7,3.274e+7,
296.15,3.255e+7,3.255e+7,
296.2,3.058e+7,3.058e+7,
296.25,2.712e+7,2.712e+7,
296.3,2.273e+7,2.273e+7,
296.35,1.799e+7,1.799e+7,
296.4,1.345e+7,1.345e+7,
296.45,9.500e+6,9.500e+6,
296.5,6.337e+6,6.337e+6,
296.55,3.993e+6,3.993e+6,
296.6,2.376e+6,2.376e+6,
296.65,1.336e+6,1.336e+6,
296.7,7.094e+5,7.094e+5,
296.75,3.559e+5,3.559e+5,
296.8,1.686e+5,1.686e+5,
296.85,7.545e+4,7.545e+4,
296.9,3.190e+4,3.190e+4,
296.95,1.274e+4,1.274e+4,
297,4.803e+3,4.803e+3,
297.05,1.711e+3,1.711e+3,
297.1,5.759e+2,5.759e+2,
297.15,1.830e+2,1.830e+2,
297.2,5.496e+1,5.496e+1,
297.25,1.559e+1,1.559e+1,
297.3,4.175e+0,4.175e+0,
297.35,1.056e+0,1.056e+0,
297.4,2.525e-1,2.525e-1,
297.45,5.700e-2,5.700e-2,
297.5,1.216e-2,1.216e-2,
297.55,2.448e-3,2.448e-3,
297.6,4.658e-4,4.658e-4,
297.65,8.372e-5,8.372e-5,
297.7,1.421e-5,1.421e-5,
297.75,2.279e-6,2.279e-6,
297.8,3.452e-7,3.452e-7,
297.85,4.938e-8,4.938e-8,
297.9,6.673e-9,6.673e-9,
322.8,4.308e-7,4.308e-7,
322.85,2.673e-6,2.673e-6,
322.9,1.581e-5,1.581e-5,
322.95,8.924e-5,8.924e-5,
323,4.803e-4,4.803e-4,
323.05,2.465e-3,2.465e-3,
323.1,1.207e-2,1.207e-2,
323.15,5.633e-2,5.633e-2,
323.2,2.508e-1,2.508e-1,
323.25,1.065e+0,1.065e+0,
323.3,4.312e+0,4.312e+0,
323.35,1.665e+1,1.665e+1,
323.4,6.133e+1,6.133e+1,
323.45,2.154e+2,2.154e+2,
323.5,7.217e+2,7.217e+2,
323.55,2.306e+3,2.306e+3,
323.6,7.025e+3,7.025e+3,
323.65,2.041e+4,2.041e+4,
323.7,5.657e+4,5.657e+4,
323.75,1.495e+5,1.495e+5,
323.8,3.768e+5,3.768e+5,
323.85,9.059e+5,9.059e+5,
323.9,2.077e+6,2.077e+6,
323.95,4.540e+6,4.540e+6,
324,9.468e+6,9.468e+6,
324.05,1.883e+7,1.883e+7,
324.1,3.571e+7,3.571e+7,
324.15,6.458e+7,6.458e+7,
324.21,1.235e+8,1.235e+8,
324.26,2.013e+8,2.013e+8,
324.31,3.128e+8,3.128e+8,
324.36,4.637e+8,4.637e+8,
324.41,6.554e+8,6.554e+8,
324.46,8.836e+8,8.836e+8,
324.51,1.136e+9,1.136e+9,
324.56,1.393e+9,1.393e+9,
324.61,1.629e+9,1.629e+9,
324.66,1.816e+9,1.816e+9,
324.71,1.932e+9,1.932e+9,
324.76,1.960e+9,1.960e+9,
324.81,1.896e+9,1.896e+9,
324.86,1.749e+9,1.749e+9,
324.91,1.539e+9,1.539e+9,
324.96,1.291e+9,1.291e+9,
325.01,1.033e+9,1.033e+9,
325.06,7.886e+8,7.886e+8,
325.11,5.740e+8,5.740e+8,
325.16,3.984e+8,3.984e+8,
325.21,2.638e+8,2.638e+8,
325.26,1.665e+8,1.665e+8,
325.31,1.003e+8,1.003e+8,
325.36,5.758e+7,5.758e+7,
325.41,3.154e+7,3.154e+7,
325.46,1.647e+7,1.647e+7,
325.51,8.205e+6,8.205e+6,
325.56,3.898e+6,3.898e+6,
325.61,1.766e+6,1.766e+6,
325.66,7.630e+5,7.630e+5,
325.71,3.144e+5,3.144e+5,
325.76,1.236e+5,1.236e+5,
325.81,4.631e+4,4.631e+4,
325.86,1.655e+4,1.655e+4,
325.91,5.644e+3,5.644e+3,
325.96,1.838e+3,1.838e+3,
326.01,5.833e+2,5.833e+2,
326.06,2.199e+2,2.199e+2,
326.11,2.238e+2,2.238e+2,
326.16,5.867e+2,5.867e+2,
326.21,1.786e+3,1.786e+3,
326.26,5.288e+3,5.288e+3,
326.31,1.496e+4,1.496e+4,
326.36,4.041e+4,4.041e+4,
326.41,1.042e+5,1.042e+5,
326.46,2.563e+5,2.563e+5,
326.51,6.018e+5,6.018e+5,
326.56,1.349e+6,1.349e+6,
326.61,2.885e+6,2.885e+6,
326.66,5.890e+6,5.890e+6,
326.71,1.148e+7,1.148e+7,
326.76,2.134e+7,2.134e+7,
326.81,3.788e+7,3.788e+7,
326.86,6.417e+7,6.417e+7,
326.91,1.038e+8,1.038e+8,
326.96,1.601e+8,1.601e+8,
327.01,2.358e+8,2.358e+8,
327.06,3.315e+8,3.315e+8,1.969e-9
327.11,4.447e+8,4.447e+8,1.198e-8
327.16,5.694e+8,5.694e+8,6.961e-8
327.21,6.959e+8,6.959e+8,3.861e-7
327.26,8.117e+8,8.117e+8,2.045e-6
327.31,9.037e+8,9.037e+8,1.035e-5
327.36,9.602e+8,9.602e+8,4.997e-5
327.41,9.737e+8,9.737e+8,2.304e-4
327.46,9.424e+8,9.424e+8,1.015e-3
327.51,8.706e+8,8.706e+8,4.267e-3
327.56,7.675e+8,7.675e+8,1.713e-2
327.61,6.459e+8,6.459e+8,6.568e-2
327.66,5.187e+8,5.187e+8,2.405e-1
327.71,3.976e+8,3.976e+8,8.405e-1
327.76,2.909e+8,2.909e+8,2.806e+0
327.81,2.031e+8,2.031e+8,8.942e+0
327.86,1.354e+8,1.354e+8,2.721e+1
327.91,8.609e+7,8.609e+7,7.909e+1
327.96,5.226e+7,5.226e+7,2.195e+2
328.01,3.028e+7,3.028e+7,5.815e+2
328.06,1.675e+7,1.675e+7,1.471e+3
328.11,8.842e+6,8.838e+6,3.554e+3
328.16,4.460e+6,4.452e+6,8.199e+3
328.21,2.158e+6,2.140e+6,1.806e+4
328.26,1.020e+6,9.821e+5,3.799e+4
328.31,5.064e+5,4.301e+5,7.629e+4
328.36,3.261e+5,1.798e+5,1.463e+5
328.41,3.397e+5,7.172e+4,2.679e+5
328.46,4.958e+5,2.731e+4,4.685e+5
328.51,7.922e+5,9.924e+3,7.822e+5
328.56,1.251e+6,3.442e+3,1.247e+6
328.61,1.900e+6,1.139e+3,1.899e+6
328.66,2.760e+6,3.600e+2,2.760e+6
328.71,3.831e+6,1.086e+2,3.831e+6
328.76,5.077e+6,3.124e+1,5.077e+6
328.81,6.426e+6,8.582e+0,6.426e+6
328.86,7.765e+6,2.250e+0,7.765e+6
328.91,8.960e+6,5.630e-1,8.960e+6
328.96,9.873e+6,1.344e-1,9.873e+6
329.01,1.039e+7,3.064e-2,1.039e+7
329.06,1.044e+7,6.667e-3,1.044e+7
329.11,1.001e+7,1.384e-3,1.001e+7
329.16,9.173e+6,2.743e-4,9.173e+6
329.21,8.029e+6,5.188e-5,8.029e+6
329.26,6.717e+6,9.365e-6,6.717e+6
329.31,5.382e+6,1.613e-6,5.382e+6
329.36,4.150e+6,2.653e-7,4.150e+6
329.41,3.117e+6,,3.117e+6
329.46,2.349e+6,,2.349e+6
329.51,1.883e+6,,1.883e+6
329.56,1.743e+6,,1.743e+6
329.61,1.942e+6,,1.942e+6
329.66,2.491e+6,,2.491e+6
329.71,3.391e+6,,3.391e+6
329.76,4.623e+6,,4.623e+6
329.81,6.139e+6,,6.139e+6
329.86,7.845e+6,,7.845e+6
329.91,9.605e+6,,9.605e+6
329.96,1.125e+7,,1.125e+7
330.01,1.258e+7,,1.258e+7
330.06,1.345e+7,,1.345e+7
330.11,1.374e+7,,1.374e+7
330.16,1.341e+7,,1.341e+7
330.21,1.250e+7,,1.250e+7
330.26,1.113e+7,,1.113e+7
330.31,9.471e+6,,9.471e+6
330.36,7.698e+6,,7.698e+6
330.41,5.977e+6,,5.977e+6
330.46,4.434e+6,,4.434e+6
330.51,3.142e+6,,3.142e+6
330.56,2.127e+6,,2.127e+6
330.61,1.376e+6,,1.376e+6
330.66,8.512e+5,,8.512e+5
330.71,5.047e+5,,5.047e+5
330.76,2.898e+5,,2.898e+5
330.81,1.674e+5,,1.674e+5
330.86,1.093e+5,,1.093e+5
330.91,9.948e+4,,9.948e+4
330.96,1.327e+5,,1.327e+5
331.01,2.142e+5,,2.142e+5
331.06,3.575e+5,,3.575e+5
331.11,5.825e+5,,5.825e+5
331.16,9.120e+5,,9.120e+5
331.21,1.366e+6,,1.366e+6
331.26,1.956e+6,,1.956e+6
331.31,2.677e+6,,2.677e+6
331.36,3.501e+6,,3.501e+6
331.41,4.374e+6,,4.374e+6
331.46,5.223e+6,,5.223e+6
331.51,5.959e+6,,5.959e+6
331.56,6.497e+6,,6.497e+6
331.61,6.768e+6,,6.768e+6
331.66,6.737e+6,,6.737e+6
331.71,6.409e+6,,6.409e+6
331.76,5.825e+6,,5.825e+6
331.81,5.059e+6,,5.059e+6
331.86,4.199e+6,,4.199e+6
331.91,3.330e+6,,3.330e+6
331.96,2.524e+6,,2.524e+6
332.01,1.827e+6,,1.827e+6
332.06,1.264e+6,,1.264e+6
332.11,8.360e+5,,8.360e+5
332.16,5.282e+5,,5.282e+5
332.21,3.189e+5,,3.189e+5
332.26,1.840e+5,,1.840e+5
332.31,1.014e+5,,1.014e+5
332.36,5.341e+4,,5.341e+4
332.41,2.688e+4,,2.688e+4
332.46,1.293e+4,,1.293e+4
332.51,5.943e+3,,5.943e+3
332.56,2.611e+3,,2.611e+3
332.61,1.098e+3,,1.098e+3
332.66,4.470e+2,,4.470e+2
332.71,1.908e+2,,1.908e+2
332.76,1.234e+2,,1.234e+2
332.81,1.836e+2,,1.836e+2
332.86,4.137e+2,,4.137e+2
332.91,9.772e+2,,9.772e+2
332.96,2.236e+3,,2.236e+3
333.01,4.901e+3,,4.901e+3
333.06,1.027e+4,,1.027e+4
333.11,2.059e+4,,2.059e+4
333.16,3.946e+4,,3.946e+4
333.21,7.230e+4,,7.230e+4
333.26,1.267e+5,,1.267e+5
333.31,2.122e+5,,2.122e+5
333.36,3.398e+5,,3.398e+5
333.41,5.203e+5,,5.203e+5
333.46,7.619e+5,,7.619e+5
333.51,1.067e+6,,1.067e+6
333.56,1.428e+6,,1.428e+6
333.61,1.827e+6,,1.827e+6
333.66,2.236e+6,,2.236e+6
333.71,2.616e+6,,2.616e+6
333.76,2.926e+6,,2.926e+6
333.81,3.130e+6,,3.130e+6
333.86,3.201e+6,,3.201e+6
333.91,3.130e+6,,3.130e+6
333.96,2.926e+6,,2.926e+6
334.01,2.616e+6,,2.616e+6
334.06,2.236e+6,,2.236e+6
334.11,1.827e+6,,1.827e+6
334.16,1.428e+6,,1.428e+6
334.21,1.067e+6,,1.067e+6
334.26,7.619e+5,,7.619e+5
334.31,5.203e+5,,5.203e+5
334.36,3.398e+5,,3.398e+5
334.41,2.122e+5,,2.122e+5
334.46,1.267e+5,,1.267e+5
334.51,7.230e+4,,7.230e+4
334.56,3.946e+4,,3.946e+4
334.61,2.059e+4,,2.059e+4
334.66,1.027e+4,,1.027e+4
334.71,4.901e+3,,4.901e+3
334.76,2.235e+3,,2.235e+3
334.81,9.749e+2,,9.749e+2
334.86,4.065e+2,,4.065e+2
334.91,1.621e+2,,1.621e+2
334.96,6.178e+1,,6.178e+1
335.01,2.252e+1,,2.252e+1
335.06,7.855e+0,,7.855e+0
335.11,2.644e+0,,2.644e+0
335.16,9.365e-1,,9.365e-1
335.21,6.019e-1,,6.019e-1
335.26,1.195e+0,,1.195e+0
335.31,3.476e+0,,3.476e+0
335.36,1.020e+1,,1.020e+1
335.41,2.875e+1,,2.875e+1
335.46,7.763e+1,,7.763e+1
335.51,2.005e+2,,2.005e+2
335.56,4.956e+2,,4.956e+2
335.61,1.172e+3,,1.172e+3
335.66,2.652e+3,,2.652e+3
335.71,5.743e+3,,5.743e+3
335.76,1.190e+4,,1.190e+4
335.81,2.359e+4,,2.359e+4
335.86,4.474e+4,,4.474e+4
335.91,8.121e+4,,8.121e+4
335.96,1.411e+5,,1.411e+5
336.01,2.345e+5,,2.345e+5
336.06,3.731e+5,,3.731e+5
336.11,5.684e+5,,5.684e+5
336.16,8.292e+5,,8.292e+5
336.21,1.159e+6,,1.159e+6
336.26,1.553e+6,,1.553e+6
336.31,1.997e+6,,1.997e+6
336.36,2.468e+6,,2.468e+6
336.41,2.938e+6,,2.938e+6
336.46,3.381e+6,,3.381e+6
336.51,3.777e+6,,3.777e+6
336.56,4.121e+6,,4.121e+6
336.61,4.423e+6,,4.423e+6
336.66,4.706e+6,,4.706e+6
336.71,4.999e+6,,4.999e+6
336.76,5.325e+6,,5.325e+6
336.81,5.694e+6,,5.694e+6
336.86,6.093e+6,,6.093e+6
336.91,6.493e+6,,6.493e+6
336.96,6.850e+6,,6.850e+6
337.01,7.121e+6,,7.121e+6
337.06,7.275e+6,,7.275e+6
337.11,7.304e+6,,7.304e+6
337.16,7.220e+6,,7.220e+6
337.21,7.052e+6,,7.052e+6
337.26,6.835e+6,,6.835e+6
337.31,6.596e+6,,6.596e+6
337.36,6.348e+6,,6.348e+6
337.41,6.089e+6,,6.089e+6
337.46,5.805e+6,,5.805e+6
337.51,5.483e+6,,5.483e+6
337.56,5.117e+6,,5.117e+6
337.61,4.715e+6,,4.715e+6
337.66,4.302e+6,,4.302e+6
337.71,3.910e+6,,3.910e+6
337.76,3.571e+6,,3.571e+6
337.81,3.308e+6,,3.308e+6
337.86,3.126e+6,,3.126e+6
337.91,3.014e+6,,3.014e+6
337.96,2.943e+6,,2.943e+6
338.01,2.878e+6,,2.878e+6
338.06,2.785e+6,,2.785e+6
338.11,2.640e+6,,2.640e+6
338.16,2.432e+6,,2.432e+6
338.21,2.165e+6,,2.165e+6
338.26,1.856e+6,,1.856e+6
338.31,1.529e+6,,1.529e+6
338.36,1.208e+6,,1.208e+6
338.41,9.150e+5,,9.150e+5
338.46,6.640e+5,,6.640e+5
338.51,4.615e+5,,4.615e+5
338.56,3.071e+5,,3.071e+5
338.61,1.956e+5,,1.956e+5
338.66,1.193e+5,,1.193e+5
338.71,6.965e+4,,6.965e+4
338.76,3.892e+4,,3.892e+4
338.81,2.082e+4,,2.082e+4
338.86,1.066e+4,,1.066e+4
338.91,5.225e+3,,5.225e+3
338.96,2.451e+3,,2.451e+3
339.01,1.101e+3,,1.101e+3
339.06,4.732e+2,,4.732e+2
339.11,1.947e+2,,1.947e+2
339.16,7.667e+1,,7.667e+1
339.21,2.890e+1,,2.890e+1
339.26,1.043e+1,,1.043e+1
339.31,3.602e+0,,3.602e+0
339.36,1.191e+0,,1.191e+0
339.41,3.769e-1,,3.769e-1
339.46,1.142e-1,,1.142e-1
339.51,3.310e-2,,3.310e-2
339.56,9.187e-3,,9.187e-3
339.61,2.441e-3,,2.441e-3
339.66,6.206e-4,,6.206e-4
339.71,1.511e-4,,1.511e-4
339.76,3.519e-5,,3.519e-5
339.81,7.849e-6,,7.849e-6
339.86,1.675e-6,,1.675e-6
339.91,3.423e-7,,3.423e-7
339.96,6.695e-8,,6.695e-8
340.01,1.253e-8,,1.253e-8
340.06,2.246e-9,,2.246e-9
340.11,3.853e-10,,3.853e-10
386.08,6.153e-10,,6.153e-10
386.13,2.836e-9,,2.836e-9
386.18,1.264e-8,,1.264e-8
386.23,5.452e-8,,5.452e-8
386.28,2.275e-7,,2.275e-7
386.33,9.181e-7,,9.181e-7
386.38,3.585e-6,,3.585e-6
386.43,1.354e-5,,1.354e-5
386.48,4.948e-5,,4.948e-5
386.53,1.749e-4,,1.749e-4
386.58,5.982e-4,,5.982e-4
386.63,1.979e-3,,1.979e-3
386.68,6.333e-3,,6.333e-3
386.73,1.961e-2,,1.961e-2
386.78,5.873e-2,,5.873e-2
386.83,1.702e-1,,1.702e-1
386.88,4.770e-1,,4.770e-1
386.93,1.294e+0,,1.294e+0
386.98,3.393e+0,,3.393e+0
387.03,8.612e+0,,8.612e+0
387.08,2.114e+1,,2.114e+1
387.13,5.021e+1,,5.021e+1
387.18,1.154e+2,,1.154e+2
387.23,2.564e+2,,2.564e+2
387.28,5.514e+2,,5.514e+2
387.33,1.147e+3,,1.147e+3
387.38,2.308e+3,,2.308e+3
387.43,4.494e+3,,4.494e+3
387.48,8.463e+3,,8.463e+3
387.53,1.542e+4,,1.542e+4
387.58,2.717e+4,,2.717e+4
387.63,4.633e+4,,4.633e+4
387.68,7.642e+4,,7.642e+4
387.73,1.219e+5,,1.219e+5
387.78,1.883e+5,,1.883e+5
387.83,2.811e+5,,2.811e+5
387.88,4.061e+5,,4.061e+5
387.93,5.676e+5,,5.676e+5
387.98,7.674e+5,,7.674e+5
388.03,1.004e+6,,1.004e+6
388.08,1.270e+6,,1.270e+6
388.13,1.555e+6,,1.555e+6
388.18,1.841e+6,,1.841e+6
388.23,2.109e+6,,2.109e+6
388.28,2.337e+6,,2.337e+6
388.33,2.505e+6,,2.505e+6
388.38,2.598e+6,,2.598e+6
388.43,2.607e+6,,2.607e+6
388.48,2.530e+6,,2.530e+6
388.53,2.376e+6,,2.376e+6
388.58,2.158e+6,,2.158e+6
388.63,1.897e+6,,1.897e+6
388.68,1.612e+6,,1.612e+6
388.73,1.326e+6,,1.326e+6
388.78,1.055e+6,,1.055e+6
388.83,8.119e+5,,8.119e+5
388.88,6.045e+5,,6.045e+5
388.93,4.354e+5,,4.354e+5
388.98,3.034e+5,,3.034e+5
389.03,2.046e+5,,2.046e+5
389.08,1.335e+5,,1.335e+5
389.13,8.446e+4,,8.446e+4
389.18,5.205e+4,,5.205e+4
389.23,3.178e+4,,3.178e+4
389.28,2.027e+4,,2.027e+4
389.33,1.532e+4,,1.532e+4
389.38,1.595e+4,,1.595e+4
389.43,2.240e+4,,2.240e+4
389.48,3.618e+4,,3.618e+4
389.53,6.016e+4,,6.016e+4
389.58,9.864e+4,,9.864e+4
389.63,1.574e+5,,1.574e+5
389.68,2.433e+5,,2.433e+5
389.73,3.643e+5,,3.643e+5
389.78,5.278e+5,,5.278e+5
389.83,7.401e+5,,7.401e+5
389.88,1.004e+6,,1.004e+6
389.93,1.319e+6,,1.319e+6
389.98,1.676e+6,,1.676e+6
390.03,2.061e+6,,2.061e+6
390.08,2.452e+6,,2.452e+6
390.13,2.824e+6,,2.824e+6
390.18,3.147e+6,,3.147e+6
390.23,3.394e+6,,3.394e+6
390.28,3.542e+6,,3.542e+6
390.33,3.577e+6,,3.577e+6
390.38,3.495e+6,,3.495e+6
390.43,3.306e+6,,3.306e+6
390.48,3.025e+6,,3.025e+6
390.53,2.679e+6,,2.679e+6
390.58,2.296e+6,,2.296e+6
390.63,1.905e+6,,1.905e+6
390.68,1.529e+6,,1.529e+6
390.73,1.187e+6,,1.187e+6
390.78,8.924e+5,,8.924e+5
390.83,6.492e+5,,6.492e+5
390.88,4.571e+5,,4.571e+5
390.93,3.117e+5,,3.117e+5
390.98,2.061e+5,,2.061e+5
391.03,1.328e+5,,1.328e+5
391.08,8.457e+4,,8.457e+4
391.13,5.537e+4,,5.537e+4
391.18,4.082e+4,,4.082e+4
391.23,3.830e+4,,3.830e+4
391.28,4.703e+4,,4.703e+4
391.33,6.788e+4,,6.788e+4
391.38,1.033e+5,,1.033e+5
391.43,1.568e+5,,1.568e+5
391.48,2.329e+5,,2.329e+5
391.53,3.358e+5,,3.358e+5
391.58,4.692e+5,,4.692e+5
391.63,6.349e+5,,6.349e+5
391.68,8.316e+5,,8.316e+5
391.73,1.055e+6,,1.055e+6
391.78,1.294e+6,,1.294e+6
391.83,1.538e+6,,1.538e+6
391.88,1.769e+6,,1.769e+6
391.93,1.969e+6,,1.969e+6
391.98,2.122e+6,,2.122e+6
392.03,2.214e+6,,2.214e+6
392.08,2.235e+6,,2.235e+6
392.13,2.185e+6,,2.185e+6
392.18,2.068e+6,,2.068e+6
392.23,1.894e+6,,1.894e+6
392.28,1.679e+6,,1.679e+6
392.33,1.441e+6,,1.441e+6
392.38,1.197e+6,,1.197e+6
392.43,9.627e+5,,9.627e+5
392.48,7.494e+5,,7.494e+5
392.53,5.647e+5,,5.647e+5
392.58,4.119e+5,,4.119e+5
392.63,2.908e+5,,2.908e+5
392.68,1.988e+5,,1.988e+5
392.73,1.315e+5,,1.315e+5
392.78,8.422e+4,,8.422e+4
392.83,5.221e+4,,5.221e+4
392.88,3.133e+4,,3.133e+4
392.93,1.820e+4,,1.820e+4
392.98,1.023e+4,,1.023e+4
393.03,5.570e+3,,5.570e+3
393.08,2.935e+3,,2.935e+3
393.13,1.497e+3,,1.497e+3
393.18,7.389e+2,,7.389e+2
393.23,3.531e+2,,3.531e+2
393.28,1.633e+2,,1.633e+2
393.33,7.314e+1,,7.314e+1
393.38,3.171e+1,,3.171e+1
393.43,1.330e+1,,1.330e+1
393.48,5.403e+0,,5.403e+0
393.53,2.124e+0,,2.124e+0
393.58,8.084e-1,,8.084e-1
393.63,2.978e-1,,2.978e-1
393.68,1.062e-1,,1.062e-1
393.73,3.666e-2,,3.666e-2
393.78,1.225e-2,,1.225e-2
393.83,3.962e-3,,3.962e-3
393.88,1.241e-3,,1.241e-3
393.93,3.760e-4,,3.760e-4
393.98,1.103e-4,,1.103e-4
394.03,3.133e-5,,3.133e-5
394.08,8.612e-6,,8.612e-6
394.13,2.292e-6,,2.292e-6
394.18,5.903e-7,,5.903e-7
394.23,1.472e-7,,1.472e-7
394.28,3.552e-8,,3.552e-8
394.33,8.300e-9,,8.300e-9
394.38,1.877e-9,,1.877e-9
394.43,4.109e-10,,4.109e-10
399.83,2.364e-9,2.364e-9,
399.88,1.045e-8,1.045e-8,
399.93,4.479e-8,4.479e-8,
399.98,1.861e-7,1.861e-7,
400.03,7.500e-7,7.500e-7,
400.08,2.930e-6,2.930e-6,
400.13,1.110e-5,1.110e-5,
400.18,4.075e-5,4.075e-5,
400.23,1.451e-4,1.451e-4,
400.28,5.010e-4,5.010e-4,
400.33,1.677e-3,1.677e-3,
400.38,5.443e-3,5.443e-3,
400.43,1.713e-2,1.713e-2,
400.48,5.225e-2,5.225e-2,
400.53,1.546e-1,1.546e-1,
400.58,4.433e-1,4.433e-1,
400.63,1.233e+0,1.233e+0,
400.68,3.324e+0,3.324e+0,
400.73,8.690e+0,8.690e+0,
400.78,2.203e+1,2.203e+1,
400.83,5.413e+1,5.413e+1,
400.88,1.290e+2,1.290e+2,
400.93,2.980e+2,2.980e+2,
400.98,6.675e+2,6.675e+2,
401.03,1.450e+3,1.450e+3,
401.08,3.053e+3,3.053e+3,
401.13,6.233e+3,6.233e+3,
401.18,1.234e+4,1.234e+4,
401.23,2.368e+4,2.368e+4,
401.28,4.407e+4,4.407e+4,
401.33,7.951e+4,7.951e+4,
401.38,1.391e+5,1.391e+5,
401.43,2.359e+5,2.359e+5,
401.48,3.880e+5,3.880e+5,
401.53,6.187e+5,6.187e+5,
401.58,9.566e+5,9.566e+5,
401.63,1.434e+6,1.434e+6,
401.68,2.084e+6,2.084e+6,
401.73,2.937e+6,2.937e+6,
401.78,4.012e+6,4.012e+6,
401.83,5.315e+6,5.315e+6,
401.88,6.826e+6,6.826e+6,
401.93,8.501e+6,8.501e+6,
401.98,1.026e+7,1.026e+7,
402.03,1.202e+7,1.202e+7,
402.08,1.364e+7,1.364e+7,
402.13,1.501e+7,1.501e+7,
402.18,1.602e+7,1.602e+7,
402.23,1.657e+7,1.657e+7,
402.28,1.662e+7,1.662e+7,
402.33,1.617e+7,1.617e+7,
402.38,1.524e+7,1.524e+7,
402.43,1.394e+7,1.394e+7,
402.48,1.235e+7,1.235e+7,
402.53,1.062e+7,1.062e+7,
402.58,8.849e+6,8.849e+6,
402.63,7.150e+6,7.150e+6,
402.68,5.602e+6,5.602e+6,
402.73,4.255e+6,4.255e+6,
402.78,3.133e+6,3.133e+6,
402.83,2.237e+6,2.237e+6,
402.88,1.549e+6,1.549e+6,
402.93,1.040e+6,1.040e+6,
402.98,6.767e+5,6.767e+5,
403.03,4.270e+5,4.270e+5,
403.08,2.613e+5,2.613e+5,
403.13,1.550e+5,1.550e+5,
403.18,8.915e+4,8.915e+4,
403.23,4.971e+4,4.971e+4,
403.28,2.688e+4,2.688e+4,
403.33,1.409e+4,1.409e+4,
403.38,7.163e+3,7.163e+3,
403.43,3.530e+3,3.530e+3,
403.48,1.687e+3,1.687e+3,
403.53,7.814e+2,7.814e+2,
403.58,3.510e+2,3.510e+2,
403.63,1.529e+2,1.529e+2,
403.68,6.456e+1,6.456e+1,
403.73,2.643e+1,2.643e+1,
403.78,1.049e+1,1.049e+1,
403.83,4.039e+0,4.039e+0,
403.88,1.507e+0,1.507e+0,
403.93,5.453e-1,5.453e-1,
403.98,1.913e-1,1.913e-1,
404.03,6.507e-2,6.507e-2,
404.08,2.147e-2,2.147e-2,
404.13,6.893e-3,6.893e-3,
404.18,2.239e-3,2.239e-3,
404.23,1.028e-3,1.028e-3,
404.28,1.495e-3,1.495e-3,
404.33,4.331e-3,4.331e-3,
404.38,1.358e-2,1.358e-2,
404.43,4.175e-2,4.175e-2,
404.48,1.246e-1,1.246e-1,
404.53,3.609e-1,3.609e-1,
404.58,1.014e+0,1.014e+0,
404.63,2.764e+0,2.764e+0,
404.68,7.308e+0,7.308e+0,
404.73,1.875e+1,1.875e+1,
404.78,4.666e+1,4.666e+1,
404.83,1.127e+2,1.127e+2,
404.88,2.640e+2,2.640e+2,
404.93,5.999e+2,5.999e+2,
404.98,1.323e+3,1.323e+3,
405.03,2.829e+3,2.829e+3,
405.08,5.872e+3,5.872e+3,
405.13,1.182e+4,1.182e+4,
405.18,2.309e+4,2.309e+4,
405.23,4.375e+4,4.375e+4,
405.28,8.044e+4,8.044e+4,
405.33,1.435e+5,1.435e+5,
405.38,2.482e+5,2.482e+5,
405.43,4.167e+5,4.167e+5,
405.48,6.787e+5,6.787e+5,
405.53,1.072e+6,1.072e+6,
405.58,1.644e+6,1.644e+6,
405.63,2.445e+6,2.445e+6,
405.68,3.527e+6,3.527e+6,
405.73,4.937e+6,4.937e+6,
405.78,6.704e+6,6.704e+6,
405.83,8.831e+6,8.831e+6,
405.88,1.129e+7,1.129e+7,
405.93,1.400e+7,1.400e+7,
405.98,1.684e+7,1.684e+7,
406.03,1.965e+7,1.965e+7,
406.08,2.225e+7,2.225e+7,
406.13,2.444e+7,2.444e+7,
406.18,2.604e+7,2.604e+7,
406.23,2.693e+7,2.693e+7,
406.28,2.701e+7,2.701e+7,
406.33,2.628e+7,2.628e+7,
406.38,2.481e+7,2.481e+7,
406.43,2.273e+7,2.273e+7,
406.48,2.019e+7,2.019e+7,
406.53,1.741e+7,1.741e+7,
406.58,1.456e+7,1.456e+7,
406.63,1.181e+7,1.181e+7,
406.68,9.298e+6,9.298e+6,
406.73,7.101e+6,7.101e+6,
406.78,5.261e+6,5.261e+6,
406.83,3.781e+6,3.781e+6,
406.88,2.637e+6,2.637e+6,
406.93,1.784e+6,1.784e+6,
406.98,1.171e+6,1.171e+6,
407.03,7.455e+5,7.455e+5,
407.08,4.605e+5,4.605e+5,
407.13,2.760e+5,2.760e+5,
407.18,1.605e+5,1.605e+5,
407.23,9.053e+4,9.053e+4,
407.28,4.954e+4,4.954e+4,
407.33,2.630e+4,2.630e+4,
407.38,1.355e+4,1.355e+4,
407.43,6.770e+3,6.770e+3,
407.48,3.282e+3,3.282e+3,
407.53,1.544e+3,1.544e+3,
407.58,7.044e+2,7.044e+2,
407.63,3.118e+2,3.118e+2,
407.68,1.339e+2,1.339e+2,
407.73,5.580e+1,5.580e+1,
407.78,2.255e+1,2.255e+1,
407.83,8.845e+0,8.845e+0,
407.88,3.365e+0,3.365e+0,
407.93,1.242e+0,1.242e+0,
407.98,4.448e-1,4.448e-1,
408.03,1.545e-1,1.545e-1,
408.08,5.208e-2,5.208e-2,
408.13,1.703e-2,1.703e-2,
408.18,5.402e-3,5.402e-3,
408.23,1.663e-3,1.663e-3,
408.28,4.964e-4,4.964e-4,
408.33,1.438e-4,1.438e-4,
408.38,4.041e-5,4.041e-5,
408.43,1.102e-5,1.102e-5,
408.48,2.914e-6,2.914e-6,
408.53,7.478e-7,7.478e-7,
408.58,1.862e-7,1.862e-7,
408.63,4.497e-8,4.497e-8,
408.68,1.054e-8,1.054e-8,
408.73,2.395e-9,2.395e-9,
422.34,5.533e-10,5.533e-10,
422.39,2.253e-9,2.253e-9,
422.44,8.924e-9,8.924e-9,
422.49,3.438e-8,3.438e-8,
422.54,1.288e-7,1.288e-7,
422.59,4.696e-7,4.696e-7,
422.64,1.665e-6,1.665e-6,
422.69,5.742e-6,5.742e-6,
422.74,1.926e-5,1.926e-5,
422.79,6.285e-5,6.285e-5,
422.84,1.995e-4,1.995e-4,
422.89,6.157e-4,6.157e-4,
422.94,1.849e-3,1.849e-3,
422.99,5.400e-3,5.400e-3,
423.04,1.534e-2,1.534e-2,
423.09,4.239e-2,4.239e-2,
423.14,1.139e-1,1.139e-1,
423.19,2.979e-1,2.979e-1,
423.24,7.574e-1,7.574e-1,
423.29,1.874e+0,1.874e+0,
423.34,4.508e+0,4.508e+0,
423.39,1.055e+1,1.055e+1,
423.44,2.401e+1,2.401e+1,
423.49,5.317e+1,5.317e+1,
423.54,1.145e+2,1.145e+2,
423.59,2.399e+2,2.399e+2,
423.64,4.887e+2,4.887e+2,
423.69,9.686e+2,9.686e+2,
423.74,1.867e+3,1.867e+3,
423.79,3.501e+3,3.501e+3,
423.84,6.386e+3,6.386e+3,
423.89,1.133e+4,1.133e+4,
423.94,1.955e+4,1.955e+4,
423.99,3.282e+4,3.282e+4,
424.04,5.358e+4,5.358e+4,
424.09,8.509e+4,8.509e+4,
424.14,1.314e+5,1.314e+5,
424.19,1.975e+5,1.975e+5,
424.24,2.886e+5,2.886e+5,
424.29,4.102e+5,4.102e+5,
424.34,5.672e+5,5.672e+5,
424.39,7.629e+5,7.629e+5,
424.44,9.980e+5,9.980e+5,
424.49,1.270e+6,1.270e+6,
424.54,1.572e+6,1.572e+6,
424.59,1.892e+6,1.892e+6,
424.64,2.216e+6,2.216e+6,
424.69,2.524e+6,2.524e+6,
424.74,2.796e+6,2.796e+6,
424.79,3.013e+6,3.013e+6,
424.84,3.159e+6,3.159e+6,
424.89,3.221e+6,3.221e+6,
424.94,3.194e+6,3.194e+6,
424.99,3.081e+6,3.081e+6,
425.04,2.891e+6,2.891e+6,
425.09,2.638e+6,2.638e+6,
425.14,2.342e+6,2.342e+6,
425.19,2.022e+6,2.022e+6,
425.24,1.699e+6,1.699e+6,
425.29,1.388e+6,1.388e+6,
425.34,1.103e+6,1.103e+6,
425.39,8.523e+5,8.523e+5,
425.44,6.408e+5,6.408e+5,
425.49,4.686e+5,4.686e+5,
425.54,3.333e+5,3.333e+5,
425.59,2.306e+5,2.306e+5,
425.64,1.552e+5,1.552e+5,
425.69,1.016e+5,1.016e+5,
425.74,6.468e+4,6.468e+4,
425.79,4.006e+4,4.006e+4,
425.84,2.414e+4,2.414e+4,
425.89,1.416e+4,1.416e+4,
425.94,8.097e+3,8.097e+3,
425.99,4.557e+3,4.557e+3,
426.04,2.610e+3,2.610e+3,
426.09,1.707e+3,1.707e+3,
426.14,1.596e+3,1.596e+3,
426.19,2.306e+3,2.306e+3,
426.24,4.188e+3,4.188e+3,
426.29,8.045e+3,8.045e+3,
426.34,1.536e+4,1.536e+4,
426.39,2.870e+4,2.870e+4,
426.44,5.222e+4,5.222e+4,
426.49,9.250e+4,9.250e+4,
426.54,1.594e+5,1.594e+5,
426.59,2.674e+5,2.674e+5,
426.64,4.363e+5,4.363e+5,
426.69,6.928e+5,6.928e+5,
426.74,1.070e+6,1.070e+6,
426.79,1.609e+6,1.609e+6,
426.84,2.353e+6,2.353e+6,
426.89,3.349e+6,3.349e+6,
426.94,4.638e+6,4.638e+6,
426.99,6.249e+6,6.249e+6,
427.04,8.193e+6,8.193e+6,
427.09,1.045e+7,1.045e+7,
427.14,1.297e+7,1.297e+7,
427.19,1.567e+7,1.567e+7,
427.24,1.841e+7,1.841e+7,
427.29,2.106e+7,2.106e+7,
427.34,2.343e+7,2.343e+7,
427.39,2.536e+7,2.536e+7,
427.44,2.671e+7,2.671e+7,
427.49,2.738e+7,2.738e+7,
427.54,2.730e+7,2.730e+7,
427.59,2.650e+7,2.650e+7,
427.64,2.502e+7,2.502e+7,
427.69,2.298e+7,2.298e+7,
427.74,2.054e+7,2.054e+7,
427.79,1.787e+7,1.787e+7,
427.84,1.512e+7,1.512e+7,
427.89,1.245e+7,1.245e+7,
427.94,9.977e+6,9.977e+6,
427.99,7.778e+6,7.778e+6,
428.04,5.901e+6,5.901e+6,
428.09,4.355e+6,4.355e+6,
428.14,3.128e+6,3.128e+6,
428.19,2.186e+6,2.186e+6,
428.24,1.486e+6,1.486e+6,
428.29,9.833e+5,9.833e+5,
428.34,6.330e+5,6.330e+5,
428.39,3.965e+5,3.965e+5,
428.44,2.416e+5,2.416e+5,
428.49,1.433e+5,1.433e+5,
428.54,8.268e+4,8.268e+4,
428.59,4.642e+4,4.642e+4,
428.64,2.536e+4,2.536e+4,
428.69,1.348e+4,1.348e+4,
428.74,6.972e+3,6.972e+3,
428.79,3.509e+3,3.509e+3,
428.84,1.718e+3,1.718e+3,
428.89,8.186e+2,8.186e+2,
428.94,3.795e+2,3.795e+2,
428.99,1.712e+2,1.712e+2,
429.04,7.513e+1,7.513e+1,
429.09,3.209e+1,3.209e+1,
429.14,1.333e+1,1.333e+1,
429.19,5.391e+0,5.391e+0,
429.24,2.121e+0,2.121e+0,
429.29,8.119e-1,8.119e-1,
429.34,3.024e-1,3.024e-1,
429.39,1.096e-1,1.096e-1,
429.44,3.865e-2,3.865e-2,
429.49,1.326e-2,1.326e-2,
429.54,4.427e-3,4.427e-3,
429.59,1.438e-3,1.438e-3,
429.64,4.546e-4,4.546e-4,
429.69,1.398e-4,1.398e-4,
429.74,4.184e-5,4.184e-5,
429.79,1.218e-5,1.218e-5,
429.84,3.452e-6,3.452e-6,
429.89,9.515e-7,9.515e-7,
429.94,2.552e-7,2.552e-7,
429.99,6.661e-8,6.661e-8,
430.04,1.692e-8,1.692e-8,
430.09,4.180e-9,4.180e-9,
448.25,1.417e-9,1.417e-9,
448.3,5.254e-9,5.254e-9,
448.35,1.901e-8,1.901e-8,
448.4,6.711e-8,6.711e-8,
448.45,2.312e-7,2.312e-7,
448.5,7.770e-7,7.770e-7,
448.55,2.548e-6,2.548e-6,
448.6,8.152e-6,8.152e-6,
448.65,2.545e-5,2.545e-5,
448.7,7.753e-5,7.753e-5,
448.75,2.304e-4,2.304e-4,
448.8,6.682e-4,6.682e-4,
448.85,1.891e-3,1.891e-3,
448.9,5.220e-3,5.220e-3,
448.95,1.406e-2,1.406e-2,
449,3.696e-2,3.696e-2,
449.05,9.477e-2,9.477e-2,
449.1,2.371e-1,2.371e-1,
449.15,5.789e-1,5.789e-1,
449.2,1.379e+0,1.379e+0,
449.25,3.205e+0,3.205e+0,
449.3,7.269e+0,7.269e+0,
449.35,1.608e+1,1.608e+1,
449.4,3.473e+1,3.473e+1,
449.45,7.315e+1,7.315e+1,
449.5,1.503e+2,1.503e+2,
449.55,3.015e+2,3.015e+2,
449.6,5.900e+2,5.900e+2,
449.65,1.126e+3,1.126e+3,
449.7,2.098e+3,2.098e+3,
449.75,3.814e+3,3.814e+3,
449.8,6.764e+3,6.764e+3,
449.85,1.170e+4,1.170e+4,
449.9,1.976e+4,1.976e+4,
449.95,3.255e+4,3.255e+4,
450,5.232e+4,5.232e+4,
450.05,8.205e+4,8.205e+4,
450.1,1.255e+5,1.255e+5,
450.15,1.874e+5,1.874e+5,
450.2,2.731e+5,2.731e+5,
450.25,3.881e+5,3.881e+5,
450.3,5.383e+5,5.383e+5,
450.35,7.283e+5,7.283e+5,
450.4,9.616e+5,9.616e+5,
450.45,1.239e+6,1.239e+6,
450.5,1.557e+6,1.557e+6,
450.55,1.910e+6,1.910e+6,
450.6,2.285e+6,2.285e+6,
450.65,2.668e+6,2.668e+6,
450.7,3.039e+6,3.039e+6,
450.75,3.378e+6,3.378e+6,
450.8,3.664e+6,3.664e+6,
450.85,3.877e+6,3.877e+6,
450.9,4.003e+6,4.003e+6,
450.95,4.033e+6,4.033e+6,
451,3.964e+6,3.964e+6,
451.05,3.801e+6,3.801e+6,
451.1,3.557e+6,3.557e+6,
451.15,3.248e+6,3.248e+6,
451.2,2.893e+6,2.893e+6,
451.25,2.515e+6,2.515e+6,
451.3,2.133e+6,2.133e+6,
451.35,1.765e+6,1.765e+6,
451.4,1.425e+6,1.425e+6,
451.45,1.123e+6,1.123e+6,
451.5,8.630e+5,8.630e+5,
451.55,6.473e+5,6.473e+5,
451.6,4.737e+5,4.737e+5,
451.65,3.384e+5,3.384e+5,
451.7,2.360e+5,2.360e+5,
451.75,1.608e+5,1.608e+5,
451.8,1.075e+5,1.075e+5,
451.85,7.107e+4,7.107e+4,
451.9,4.759e+4,4.759e+4,
451.95,3.409e+4,3.409e+4,
452,2.867e+4,2.867e+4,
452.05,3.049e+4,3.049e+4,
452.1,3.977e+4,3.977e+4,
452.15,5.775e+4,5.775e+4,
452.2,8.670e+4,8.670e+4,
452.25,1.299e+5,1.299e+5,
452.3,1.914e+5,1.914e+5,
452.35,2.761e+5,2.761e+5,
452.4,3.890e+5,3.890e+5,
452.45,5.352e+5,5.352e+5,
452.5,7.186e+5,7.186e+5,
452.55,9.418e+5,9.418e+5,
452.6,1.205e+6,1.205e+6,
452.65,1.504e+6,1.504e+6,
452.7,1.833e+6,1.833e+6,
452.75,2.181e+6,2.181e+6,
452.8,2.533e+6,2.533e+6,
452.85,2.874e+6,2.874e+6,
452.9,3.185e+6,3.185e+6,
452.95,3.449e+6,3.449e+6,
453,3.655e+6,3.655e+6,
453.05,3.793e+6,3.793e+6,
453.1,3.861e+6,3.861e+6,
453.15,3.867e+6,3.867e+6,
453.2,3.824e+6,3.824e+6,
453.25,3.753e+6,3.753e+6,
453.3,3.678e+6,3.678e+6,
453.35,3.628e+6,3.628e+6,
453.4,3.627e+6,3.627e+6,
453.45,3.697e+6,3.697e+6,
453.5,3.853e+6,3.853e+6,
453.55,4.099e+6,4.099e+6,
453.6,4.429e+6,4.429e+6,
453.65,4.824e+6,4.824e+6,
453.7,5.258e+6,5.258e+6,
453.75,5.697e+6,5.697e+6,
453.8,6.102e+6,6.102e+6,
453.85,6.435e+6,6.435e+6,
453.9,6.663e+6,6.663e+6,
453.95,6.760e+6,6.760e+6,
454,6.711e+6,6.711e+6,
454.05,6.514e+6,6.514e+6,
454.1,6.177e+6,6.177e+6,
454.15,5.722e+6,5.722e+6,
454.2,5.176e+6,5.176e+6,
454.25,4.571e+6,4.571e+6,
454.3,3.941e+6,3.941e+6,
454.35,3.316e+6,3.316e+6,
454.4,2.724e+6,2.724e+6,
454.45,2.184e+6,2.184e+6,
454.5,1.710e+6,1.710e+6,
454.55,1.306e+6,1.306e+6,
454.6,9.736e+5,9.736e+5,
454.65,7.085e+5,7.085e+5,
454.7,5.033e+5,5.033e+5,
454.75,3.489e+5,3.489e+5,
454.8,2.361e+5,2.361e+5,
454.85,1.559e+5,1.559e+5,
454.9,1.005e+5,1.005e+5,
454.95,6.323e+4,6.323e+4,
455,3.883e+4,3.883e+4,
455.05,2.327e+4,2.327e+4,
455.1,1.361e+4,1.361e+4,
455.15,7.772e+3,7.772e+3,
455.2,4.331e+3,4.331e+3,
455.25,2.356e+3,2.356e+3,
455.3,1.251e+3,1.251e+3,
455.35,6.480e+2,6.480e+2,
455.4,3.277e+2,3.277e+2,
455.45,1.618e+2,1.618e+2,
455.5,7.794e+1,7.794e+1,
455.55,3.665e+1,3.665e+1,
455.6,1.682e+1,1.682e+1,
455.65,7.535e+0,7.535e+0,
455.7,3.294e+0,3.294e+0,
455.75,1.406e+0,1.406e+0,
455.8,5.856e-1,5.856e-1,
455.85,2.380e-1,2.380e-1,
455.9,9.445e-2,9.445e-2,
455.95,3.658e-2,3.658e-2,
456,1.383e-2,1.383e-2,
456.05,5.101e-3,5.101e-3,
456.1,1.837e-3,1.837e-3,
456.15,6.462e-4,6.462e-4,
456.2,2.234e-4,2.234e-4,
456.25,8.056e-5,8.056e-5,
456.3,4.454e-5,4.454e-5,
456.35,7.053e-5,7.053e-5,
456.4,1.920e-4,1.920e-4,
456.45,5.598e-4,5.598e-4,
456.5,1.610e-3,1.610e-3,
456.55,4.526e-3,4.526e-3,
456.6,1.243e-2,1.243e-2,
456.65,3.331e-2,3.331e-2,
456.7,8.722e-2,8.722e-2,
456.75,2.230e-1,2.230e-1,
456.8,5.567e-1,5.567e-1,
456.85,1.357e+0,1.357e+0,
456.9,3.231e+0,3.231e+0,
456.95,7.511e+0,7.511e+0,
457,1.705e+1,1.705e+1,
457.05,3.780e+1,3.780e+1,
457.1,8.183e+1,8.183e+1,
457.15,1.730e+2,1.730e+2,
457.2,3.571e+2,3.571e+2,
457.25,7.199e+2,7.199e+2,
457.3,1.417e+3,1.417e+3,
457.35,2.724e+3,2.724e+3,
457.4,5.113e+3,5.113e+3,
457.45,9.373e+3,9.373e+3,
457.5,1.678e+4,1.678e+4,
457.55,2.933e+4,2.933e+4,
457.6,5.006e+4,5.006e+4,
457.65,8.344e+4,8.344e+4,
457.7,1.358e+5,1.358e+5,
457.75,2.159e+5,2.159e+5,
457.8,3.351e+5,3.351e+5,
457.85,5.078e+5,5.078e+5,
457.9,7.516e+5,7.516e+5,
457.95,1.086e+6,1.086e+6,
458,1.533e+6,1.533e+6,
458.05,2.113e+6,2.113e+6,
458.1,2.844e+6,2.844e+6,
458.15,3.738e+6,3.738e+6,
458.2,4.797e+6,4.797e+6,
458.25,6.013e+6,6.013e+6,
458.3,7.358e+6,7.358e+6,
458.35,8.794e+6,8.794e+6,
458.4,1.026e+7,1.026e+7,
458.45,1.170e+7,1.170e+7,
458.5,1.302e+7,1.302e+7,
458.55,1.414e+7,1.414e+7,
458.6,1.501e+7,1.501e+7,
458.65,1.556e+7,1.556e+7,
458.7,1.574e+7,1.574e+7,
458.75,1.556e+7,1.556e+7,
458.8,1.501e+7,1.501e+7,
458.85,1.414e+7,1.414e+7,
458.9,1.302e+7,1.302e+7,
458.95,1.170e+7,1.170e+7,
459,1.026e+7,1.026e+7,
459.05,8.794e+6,8.794e+6,
459.1,7.358e+6,7.358e+6,
459.15,6.013e+6,6.013e+6,
459.2,4.797e+6,4.797e+6,
459.25,3.738e+6,3.738e+6,
459.3,2.844e+6,2.844e+6,
459.35,2.113e+6,2.113e+6,
459.4,1.533e+6,1.533e+6,
459.45,1.086e+6,1.086e+6,
459.5,7.516e+5,7.516e+5,
459.55,5.078e+5,5.078e+5,
459.6,3.351e+5,3.351e+5,
459.65,2.159e+5,2.159e+5,
459.7,1.358e+5,1.358e+5,
459.75,8.344e+4,8.344e+4,
459.8,5.006e+4,5.006e+4,
459.85,2.933e+4,2.933e+4,
459.9,1.678e+4,1.678e+4,
459.95,9.373e+3,9.373e+3,
460,5.113e+3,5.113e+3,
460.05,2.724e+3,2.724e+3,
460.1,1.417e+3,1.417e+3,
460.15,7.199e+2,7.199e+2,
460.2,3.571e+2,3.571e+2,
460.25,1.730e+2,1.730e+2,
460.3,8.183e+1,8.183e+1,
460.35,3.780e+1,3.780e+1,
460.4,1.705e+1,1.705e+1,
460.45,7.511e+0,7.511e+0,
460.5,3.231e+0,3.231e+0,
460.55,1.357e+0,1.357e+0,
460.6,5.567e-1,5.567e-1,
460.65,2.230e-1,2.230e-1,
460.7,8.722e-2,8.722e-2,
460.75,3.331e-2,3.331e-2,
460.8,1.243e-2,1.243e-2,
460.85,4.526e-3,4.526e-3,
460.9,1.610e-3,1.610e-3,
460.95,5.591e-4,5.591e-4,
461,1.896e-4,1.896e-4,
461.05,6.280e-5,6.280e-5,
461.1,2.031e-5,2.031e-5,
461.15,6.415e-6,6.415e-6,
461.2,1.979e-6,1.979e-6,
461.25,5.959e-7,5.959e-7,
461.3,1.752e-7,1.752e-7,
461.35,5.033e-8,5.033e-8,
461.4,1.411e-8,1.411e-8,
461.45,3.865e-9,3.865e-9,
462.3,3.591e-9,3.591e-9,
462.35,1.301e-8,1.301e-8,
462.4,4.607e-8,4.607e-8,
462.45,1.594e-7,1.594e-7,
462.5,5.388e-7,5.388e-7,
462.55,1.780e-6,1.780e-6,
462.6,5.745e-6,5.745e-6,
462.65,1.812e-5,1.812e-5,
462.7,5.585e-5,5.585e-5,
462.75,1.682e-4,1.682e-4,
462.8,4.950e-4,4.950e-4,
462.85,1.423e-3,1.423e-3,
462.9,3.999e-3,3.999e-3,
462.95,1.098e-2,1.098e-2,
463,2.946e-2,2.946e-2,
463.05,7.724e-2,7.724e-2,
463.1,1.979e-1,1.979e-1,
463.15,4.953e-1,4.953e-1,
463.2,1.212e+0,1.212e+0,
463.25,2.896e+0,2.896e+0,
463.3,6.763e+0,6.763e+0,
463.35,1.543e+1,1.543e+1,
463.4,3.442e+1,3.442e+1,
463.45,7.500e+1,7.500e+1,
463.5,1.597e+2,1.597e+2,
463.55,3.323e+2,3.323e+2,
463.6,6.756e+2,6.756e+2,
463.65,1.342e+3,1.342e+3,
463.7,2.605e+3,2.605e+3,
463.75,4.942e+3,4.942e+3,
463.8,9.161e+3,9.161e+3,
463.85,1.659e+4,1.659e+4,
463.9,2.937e+4,2.937e+4,
463.95,5.079e+4,5.079e+4,
464,8.582e+4,8.582e+4,
464.05,1.417e+5,1.417e+5,
464.1,2.287e+5,2.287e+5,
464.15,3.605e+5,3.605e+5,
464.2,5.555e+5,5.555e+5,
464.25,8.362e+5,8.362e+5,
464.3,1.230e+6,1.230e+6,
464.35,1.768e+6,1.768e+6,7.402e-10
464.4,2.484e+6,2.484e+6,2.664e-9
464.45,3.409e+6,3.409e+6,9.370e-9
464.5,4.572e+6,4.572e+6,3.221e-8
464.55,5.992e+6,5.992e+6,1.082e-7
464.6,7.673e+6,7.673e+6,3.554e-7
464.65,9.601e+6,9.601e+6,1.141e-6
464.7,1.174e+7,1.174e+7,3.578e-6
464.75,1.403e+7,1.403e+7,1.097e-5
464.8,1.638e+7,1.638e+7,3.287e-5
464.85,1.868e+7,1.868e+7,9.625e-5
464.9,2.083e+7,2.083e+7,2.755e-4
464.95,2.268e+7,2.268e+7,7.706e-4
465,2.415e+7,2.415e+7,2.107e-3
465.05,2.511e+7,2.511e+7,5.629e-3
465.1,2.552e+7,2.552e+7,1.470e-2
465.15,2.535e+7,2.535e+7,3.752e-2
465.2,2.460e+7,2.460e+7,9.360e-2
465.25,2.332e+7,2.332e+7,2.282e-1
465.3,2.161e+7,2.161e+7,5.437e-1
465.35,1.957e+7,1.957e+7,1.266e+0
465.4,1.731e+7,1.731e+7,2.882e+0
465.45,1.496e+7,1.496e+7,6.411e+0
465.5,1.264e+7,1.264e+7,1.394e+1
465.55,1.043e+7,1.043e+7,2.962e+1
465.6,8.416e+6,8.416e+6,6.151e+1
465.65,6.633e+6,6.633e+6,1.249e+2
465.7,5.109e+6,5.108e+6,2.477e+2
465.75,3.845e+6,3.844e+6,4.802e+2
465.8,2.828e+6,2.827e+6,9.100e+2
465.85,2.033e+6,2.031e+6,1.685e+3
465.9,1.429e+6,1.426e+6,3.051e+3
465.95,9.840e+5,9.786e+5,5.397e+3
466,6.654e+5,6.560e+5,9.331e+3
466.05,4.455e+5,4.298e+5,1.577e+4
466.1,3.012e+5,2.751e+5,2.604e+4
466.15,2.141e+5,1.721e+5,4.203e+4
466.2,1.715e+5,1.052e+5,6.631e+4
466.25,1.651e+5,6.282e+4,1.022e+5
466.3,1.907e+5,3.666e+4,1.541e+5
466.35,2.478e+5,2.091e+4,2.269e+5
466.4,3.383e+5,1.165e+4,3.267e+5
466.45,4.659e+5,6.344e+3,4.596e+5
466.5,6.353e+5,3.375e+3,6.319e+5
466.55,8.509e+5,1.755e+3,8.492e+5
466.6,1.116e+6,8.915e+2,1.115e+6
466.65,1.432e+6,4.426e+2,1.432e+6
466.7,1.797e+6,2.147e+2,1.796e+6
466.75,2.203e+6,1.018e+2,2.203e+6
466.8,2.640e+6,4.713e+1,2.640e+6
466.85,3.093e+6,2.133e+1,3.093e+6
466.9,3.541e+6,9.434e+0,3.541e+6
466.95,3.964e+6,4.077e+0,3.964e+6
467,4.337e+6,1.722e+0,4.337e+6
467.05,4.640e+6,7.103e-1,4.640e+6
467.1,4.856e+6,2.864e-1,4.856e+6
467.15,4.971e+6,1.128e-1,4.971e+6
467.2,4.983e+6,4.344e-2,4.983e+6
467.25,4.894e+6,1.634e-2,4.894e+6
467.3,4.719e+6,6.007e-3,4.719e+6
467.35,4.476e+6,2.158e-3,4.476e+6
467.4,4.193e+6,7.573e-4,4.193e+6
467.45,3.898e+6,2.597e-4,3.898e+6
467.5,3.624e+6,8.704e-5,3.624e+6
467.55,3.398e+6,2.850e-5,3.398e+6
467.6,3.246e+6,9.121e-6,3.246e+6
467.65,3.185e+6,2.853e-6,3.185e+6
467.7,3.227e+6,8.754e-7,3.227e+6
467.75,3.371e+6,2.742e-7,3.371e+6
467.8,3.609e+6,1.231e-7,3.609e+6
467.85,3.925e+6,1.769e-7,3.925e+6
467.9,4.294e+6,5.054e-7,4.294e+6
467.95,4.684e+6,1.570e-6,4.684e+6
468,5.064e+6,4.824e-6,5.064e+6
468.05,5.399e+6,1.449e-5,5.399e+6
468.1,5.659e+6,4.258e-5,5.659e+6
468.15,5.820e+6,1.223e-4,5.820e+6
468.2,5.863e+6,3.433e-4,5.863e+6
468.25,5.783e+6,9.425e-4,5.783e+6
468.3,5.580e+6,2.529e-3,5.580e+6
468.35,5.265e+6,6.636e-3,5.265e+6
468.4,4.858e+6,1.702e-2,4.858e+6
468.45,4.383e+6,4.269e-2,4.383e+6
468.5,3.865e+6,1.047e-1,3.865e+6
468.55,3.332e+6,2.509e-1,3.332e+6
468.6,2.808e+6,5.880e-1,2.808e+6
468.65,2.313e+6,1.347e+0,2.313e+6
468.7,1.862e+6,3.018e+0,1.862e+6
468.75,1.466e+6,6.609e+0,1.466e+6
468.8,1.127e+6,1.415e+1,1.127e+6
468.85,8.478e+5,2.962e+1,8.477e+5
468.9,6.231e+5,6.062e+1,6.231e+5
468.95,4.477e+5,1.213e+2,4.476e+5
469,3.145e+5,2.372e+2,3.143e+5
469.05,2.162e+5,4.537e+2,2.157e+5
469.1,1.456e+5,8.482e+2,1.447e+5
469.15,9.646e+4,1.550e+3,9.491e+4
469.2,6.360e+4,2.771e+3,6.083e+4
469.25,4.295e+4,4.841e+3,3.811e+4
469.3,3.161e+4,8.269e+3,2.334e+4
469.35,2.778e+4,1.381e+4,1.397e+4
469.4,3.072e+4,2.255e+4,8.174e+3
469.45,4.066e+4,3.599e+4,4.674e+3
469.5,5.877e+4,5.616e+4,2.613e+3
469.55,8.711e+4,8.568e+4,1.428e+3
469.6,1.286e+5,1.278e+5,7.624e+2
469.65,1.868e+5,1.864e+5,3.980e+2
469.7,2.659e+5,2.657e+5,2.031e+2
469.75,3.705e+5,3.704e+5,1.013e+2
469.8,5.048e+5,5.047e+5,4.937e+1
469.85,6.724e+5,6.724e+5,2.353e+1
469.9,8.759e+5,8.759e+5,1.096e+1
469.95,1.115e+6,1.115e+6,4.988e+0
470,1.389e+6,1.389e+6,2.220e+0
470.05,1.690e+6,1.690e+6,9.655e-1
470.1,2.011e+6,2.011e+6,4.105e-1
470.15,2.340e+6,2.340e+6,1.706e-1
470.2,2.662e+6,2.662e+6,6.928e-2
470.25,2.960e+6,2.960e+6,2.751e-2
470.3,3.218e+6,3.218e+6,1.067e-2
470.35,3.420e+6,3.420e+6,4.049e-3
470.4,3.554e+6,3.554e+6,1.501e-3
470.45,3.611e+6,3.611e+6,5.440e-4
470.5,3.586e+6,3.586e+6,1.927e-4
470.55,3.482e+6,3.482e+6,6.672e-5
470.6,3.306e+6,3.306e+6,2.258e-5
470.65,3.069e+6,3.069e+6,7.470e-6
470.7,2.785e+6,2.785e+6,2.415e-6
470.75,2.470e+6,2.470e+6,7.633e-7
470.8,2.143e+6,2.143e+6,2.358e-7
470.85,1.817e+6,1.817e+6,7.120e-8
470.9,1.506e+6,1.506e+6,2.102e-8
470.95,1.221e+6,1.221e+6,6.063e-9
471,9.674e+5,9.674e+5,1.710e-9
471.05,7.494e+5,7.494e+5,
471.1,5.676e+5,5.676e+5,
471.15,4.203e+5,4.203e+5,
471.2,3.043e+5,3.043e+5,
471.25,2.154e+5,2.154e+5,
471.3,1.490e+5,1.490e+5,
471.35,1.008e+5,1.008e+5,
471.4,6.668e+4,6.668e+4,
471.45,4.312e+4,4.312e+4,
471.5,2.726e+4,2.726e+4,
471.55,1.685e+4,1.685e+4,
471.6,1.018e+4,1.018e+4,
471.65,6.013e+3,6.013e+3,
471.7,3.473e+3,3.473e+3,
471.75,1.961e+3,1.961e+3,
471.8,1.083e+3,1.083e+3,
471.85,5.843e+2,5.843e+2,
471.9,3.083e+2,3.083e+2,
471.95,1.590e+2,1.590e+2,
472,8.022e+1,8.022e+1,
472.05,3.955e+1,3.955e+1,
472.1,1.907e+1,1.907e+1,
472.15,8.986e+0,8.986e+0,
472.2,4.141e+0,4.141e+0,
472.25,1.865e+0,1.865e+0,
472.3,8.215e-1,8.215e-1,
472.35,3.537e-1,3.537e-1,
472.4,1.489e-1,1.489e-1,
472.45,6.128e-2,6.128e-2,
472.5,2.466e-2,2.466e-2,
472.55,9.700e-3,9.700e-3,
472.6,3.730e-3,3.730e-3,
472.65,1.403e-3,1.403e-3,
472.7,5.156e-4,5.156e-4,
472.75,1.853e-4,1.853e-4,
472.8,6.511e-5,6.511e-5,
472.85,2.237e-5,2.237e-5,
472.9,7.511e-6,7.511e-6,
472.95,2.466e-6,2.466e-6,
473,7.917e-7,7.917e-7,
473.05,2.485e-7,2.485e-7,
473.1,7.623e-8,7.623e-8,
473.15,2.287e-8,2.287e-8,
473.2,6.706e-9,6.706e-9,
473.25,1.923e-9,1.923e-9,
473.3,5.390e-10,5.390e-10,
478.4,1.943e-9,,1.943e-9
478.45,6.691e-9,,6.691e-9
478.5,2.256e-8,,2.256e-8
478.56,9.423e-8,,9.423e-8
478.61,3.029e-7,,3.029e-7
478.66,9.531e-7,,9.531e-7
478.71,2.934e-6,,2.934e-6
478.76,8.842e-6,,8.842e-6
478.81,2.607e-5,,2.607e-5
478.86,7.524e-5,,7.524e-5
478.91,2.125e-4,,2.125e-4
478.96,5.873e-4,,5.873e-4
479.01,1.589e-3,,1.589e-3
479.06,4.205e-3,,4.205e-3
479.11,1.089e-2,,1.089e-2
479.16,2.762e-2,,2.762e-2
479.21,6.853e-2,,6.853e-2
479.26,1.664e-1,,1.664e-1
479.31,3.954e-1,,3.954e-1
479.36,9.196e-1,,9.196e-1
479.41,2.093e+0,,2.093e+0
479.46,4.661e+0,,4.661e+0
479.51,1.016e+1,,1.016e+1
479.56,2.167e+1,,2.167e+1
479.61,4.525e+1,,4.525e+1
479.66,9.245e+1,,9.245e+1
479.71,1.848e+2,,1.848e+2
479.76,3.617e+2,,3.617e+2
479.81,6.926e+2,,6.926e+2
479.86,1.298e+3,,1.298e+3
479.91,2.381e+3,,2.381e+3
479.96,4.273e+3,,4.273e+3
480.01,7.506e+3,,7.506e+3
480.06,1.290e+4,,1.290e+4
480.11,2.171e+4,,2.171e+4
480.16,3.574e+4,,3.574e+4
480.21,5.759e+4,,5.759e+4
480.26,9.081e+4,,9.081e+4
480.31,1.401e+5,,1.401e+5
480.36,2.116e+5,,2.116e+5
480.41,3.128e+5,,3.128e+5
480.46,4.524e+5,,4.524e+5
480.51,6.405e+5,,6.405e+5
480.56,8.872e+5,,8.872e+5
480.61,1.203e+6,,1.203e+6
480.66,1.596e+6,,1.596e+6
480.71,2.072e+6,,2.072e+6
480.76,2.633e+6,,2.633e+6
480.81,3.275e+6,,3.275e+6
480.86,3.985e+6,,3.985e+6
480.91,4.747e+6,,4.747e+6
480.96,5.533e+6,,5.533e+6
481.01,6.312e+6,,6.312e+6
481.06,7.046e+6,,7.046e+6
481.11,7.698e+6,,7.698e+6
481.16,8.231e+6,,8.231e+6
481.21,8.613e+6,,8.613e+6
481.26,8.820e+6,,8.820e+6
481.31,8.839e+6,,8.839e+6
481.36,8.669e+6,,8.669e+6
481.41,8.320e+6,,8.320e+6
481.46,7.815e+6,,7.815e+6
481.51,7.184e+6,,7.184e+6
481.56,6.463e+6,,6.463e+6
481.61,5.691e+6,,5.691e+6
481.66,4.903e+6,,4.903e+6
481.71,4.134e+6,,4.134e+6
481.76,3.412e+6,,3.412e+6
481.81,2.755e+6,,2.755e+6
481.86,2.178e+6,,2.178e+6
481.91,1.684e+6,,1.684e+6
481.96,1.275e+6,,1.275e+6
482.01,9.445e+5,,9.445e+5
482.06,6.848e+5,,6.848e+5
482.11,4.858e+5,,4.858e+5
482.16,3.373e+5,,3.373e+5
482.21,2.292e+5,,2.292e+5
482.26,1.524e+5,,1.524e+5
482.31,9.921e+4,,9.921e+4
482.36,6.319e+4,,6.319e+4
482.41,3.939e+4,,3.939e+4
482.46,2.403e+4,,2.403e+4
482.51,1.434e+4,,1.434e+4
482.56,8.380e+3,,8.380e+3
482.61,4.791e+3,,4.791e+3
482.66,2.681e+3,,2.681e+3
482.71,1.468e+3,,1.468e+3
482.76,7.867e+2,,7.867e+2
482.81,4.126e+2,,4.126e+2
482.86,2.118e+2,,2.118e+2
482.91,1.064e+2,,1.064e+2
482.96,5.230e+1,,5.230e+1
483.01,2.518e+1,,2.518e+1
483.06,1.189e+1,,1.189e+1
483.11,5.579e+0,,5.579e+0
483.16,2.746e+0,,2.746e+0
483.21,1.737e+0,,1.737e+0
483.26,1.927e+0,,1.927e+0
483.31,3.393e+0,,3.393e+0
483.36,6.936e+0,,6.936e+0
483.41,1.443e+1,,1.443e+1
483.46,2.961e+1,,2.961e+1
483.51,5.959e+1,,5.959e+1
483.56,1.174e+2,,1.174e+2
483.61,2.267e+2,,2.267e+2
483.66,4.283e+2,,4.283e+2
483.71,7.926e+2,,7.926e+2
483.76,1.436e+3,,1.436e+3
483.81,2.548e+3,,2.548e+3
483.86,4.427e+3,,4.427e+3
483.91,7.534e+3,,7.534e+3
483.96,1.256e+4,,1.256e+4
484.01,2.050e+4,,2.050e+4
484.06,3.277e+4,,3.277e+4
484.11,5.134e+4,,5.134e+4
484.16,7.879e+4,,7.879e+4
484.21,1.185e+5,,1.185e+5
484.26,1.746e+5,,1.746e+5
484.31,2.522e+5,,2.522e+5
484.36,3.572e+5,,3.572e+5
484.41,4.959e+5,,4.959e+5
484.46,6.753e+5,,6.753e+5
484.51,9.022e+5,,9.022e+5
484.56,1.183e+6,,1.183e+6
484.61,1.522e+6,,1.522e+6
484.66,1.923e+6,,1.923e+6
484.71,2.386e+6,,2.386e+6
484.76,2.909e+6,,2.909e+6
484.81,3.487e+6,,3.487e+6
484.86,4.109e+6,,4.109e+6
484.91,4.764e+6,,4.764e+6
484.96,5.434e+6,,5.434e+6
485.01,6.102e+6,,6.102e+6
485.06,6.745e+6,,6.745e+6
485.11,7.344e+6,,7.344e+6
485.16,7.875e+6,,7.875e+6
485.21,8.317e+6,,8.317e+6
485.26,8.654e+6,,8.654e+6
485.31,8.869e+6,,8.869e+6
485.36,8.951e+6,,8.951e+6
485.41,8.895e+6,,8.895e+6
485.46,8.701e+6,,8.701e+6
485.51,8.376e+6,,8.376e+6
485.56,7.932e+6,,7.932e+6
485.61,7.387e+6,,7.387e+6
485.66,6.763e+6,,6.763e+6
485.71,6.084e+6,,6.084e+6
485.76,5.376e+6,,5.376e+6
485.81,4.665e+6,,4.665e+6
485.86,3.974e+6,,3.974e+6
485.91,3.322e+6,,3.322e+6
485.96,2.725e+6,,2.725e+6
486.01,2.192e+6,,2.192e+6
486.06,1.729e+6,,1.729e+6
486.11,1.337e+6,,1.337e+6
486.16,1.013e+6,,1.013e+6
486.21,7.529e+5,,7.529e+5
486.26,5.481e+5,,5.481e+5
486.31,3.909e+5,,3.909e+5
486.36,2.732e+5,,2.732e+5
486.41,1.870e+5,,1.870e+5
486.46,1.254e+5,,1.254e+5
486.51,8.234e+4,,8.234e+4
486.56,5.296e+4,,5.296e+4
486.61,3.336e+4,,3.336e+4
486.66,2.058e+4,,2.058e+4
486.71,1.243e+4,,1.243e+4
486.76,7.351e+3,,7.351e+3
486.81,4.257e+3,,4.257e+3
486.86,2.414e+3,,2.414e+3
486.91,1.340e+3,,1.340e+3
486.96,7.288e+2,,7.288e+2
487.01,3.879e+2,,3.879e+2
487.06,2.022e+2,,2.022e+2
487.11,1.032e+2,,1.032e+2
487.16,5.153e+1,,5.153e+1
487.21,2.521e+1,,2.521e+1
487.26,1.207e+1,,1.207e+1
487.31,5.659e+0,,5.659e+0
487.36,2.598e+0,,2.598e+0
487.41,1.167e+0,,1.167e+0
487.46,5.136e-1,,5.136e-1
487.51,2.212e-1,,2.212e-1
487.56,9.330e-2,,9.330e-2
487.61,3.853e-2,,3.853e-2
487.66,1.562e-2,,1.562e-2
487.71,6.306e-3,,6.306e-3
487.76,2.783e-3,,2.783e-3
487.81,1.960e-3,,1.960e-3
487.86,3.090e-3,,3.090e-3
487.91,7.163e-3,,7.163e-3
487.96,1.767e-2,,1.767e-2
488.01,4.325e-2,,4.325e-2
488.06,1.038e-1,,1.038e-1
488.11,2.442e-1,,2.442e-1
488.16,5.627e-1,,5.627e-1
488.21,1.270e+0,,1.270e+0
488.26,2.806e+0,,2.806e+0
488.31,6.073e+0,,6.073e+0
488.36,1.287e+1,,1.287e+1
488.41,2.673e+1,,2.673e+1
488.46,5.435e+1,,5.435e+1
488.51,1.083e+2,,1.083e+2
488.56,2.111e+2,,2.111e+2
488.61,4.034e+2,,4.034e+2
488.66,7.548e+2,,7.548e+2
488.71,1.383e+3,,1.383e+3
488.76,2.483e+3,,2.483e+3
488.81,4.364e+3,,4.364e+3
488.86,7.514e+3,,7.514e+3
488.91,1.267e+4,,1.267e+4
488.96,2.093e+4,,2.093e+4
489.01,3.386e+4,,3.386e+4
489.06,5.365e+4,,5.365e+4
489.11,8.327e+4,,8.327e+4
489.16,1.266e+5,,1.266e+5
489.21,1.885e+5,,1.885e+5
489.26,2.751e+5,,2.751e+5
489.31,3.931e+5,,3.931e+5
489.36,5.505e+5,,5.505e+5
489.41,7.553e+5,,7.553e+5
489.46,1.016e+6,,1.016e+6
489.51,1.338e+6,,1.338e+6
489.56,1.729e+6,,1.729e+6
489.61,2.191e+6,,2.191e+6
489.66,2.725e+6,,2.725e+6
489.71,3.326e+6,,3.326e+6
489.76,3.988e+6,,3.988e+6
489.81,4.704e+6,,4.704e+6
489.86,5.462e+6,,5.462e+6
489.91,6.256e+6,,6.256e+6
489.96,7.082e+6,,7.082e+6
490.01,7.942e+6,,7.942e+6
490.06,8.849e+6,,8.849e+6
490.11,9.826e+6,,9.826e+6
490.16,1.091e+7,,1.091e+7
490.21,1.213e+7,,1.213e+7
490.26,1.356e+7,,1.356e+7
490.31,1.523e+7,,1.523e+7
490.36,1.720e+7,,1.720e+7
490.41,1.949e+7,,1.949e+7
490.46,2.212e+7,,2.212e+7
490.51,2.508e+7,,2.508e+7
490.56,2.830e+7,,2.830e+7
490.61,3.172e+7,,3.172e+7
490.66,3.522e+7,,3.522e+7
490.71,3.866e+7,,3.866e+7
490.76,4.189e+7,,4.189e+7
490.81,4.477e+7,,4.477e+7
490.86,4.715e+7,,4.715e+7
490.91,4.894e+7,,4.894e+7
490.96,5.008e+7,,5.008e+7
491.01,5.054e+7,,5.054e+7
491.06,5.038e+7,,5.038e+7
491.11,4.967e+7,,4.967e+7
491.16,4.855e+7,,4.855e+7
491.21,4.716e+7,,4.716e+7
491.26,4.568e+7,,4.568e+7
491.31,4.426e+7,,4.426e+7
491.36,4.303e+7,,4.303e+7
491.41,4.207e+7,,4.207e+7
491.46,4.142e+7,,4.142e+7
491.51,4.107e+7,,4.107e+7
491.56,4.097e+7,,4.097e+7
491.61,4.101e+7,,4.101e+7
491.66,4.108e+7,,4.108e+7
491.71,4.103e+7,,4.103e+7
491.76,4.073e+7,,4.073e+7
491.81,4.010e+7,,4.010e+7
491.86,3.905e+7,,3.905e+7
491.91,3.756e+7,,3.756e+7
491.96,3.564e+7,,3.564e+7
492.01,3.336e+7,,3.336e+7
492.06,3.082e+7,,3.082e+7
492.11,2.813e+7,,2.813e+7
492.16,2.543e+7,,2.543e+7
492.21,2.285e+7,,2.285e+7
492.26,2.052e+7,,2.052e+7
492.31,1.857e+7,,1.857e+7
492.36,1.707e+7,,1.707e+7
492.41,1.609e+7,,1.609e+7
492.46,1.569e+7,,1.569e+7
492.51,1.587e+7,,1.587e+7
492.56,1.664e+7,,1.664e+7
492.61,1.797e+7,,1.797e+7
492.66,1.980e+7,,1.980e+7
492.71,2.207e+7,,2.207e+7
492.76,2.467e+7,,2.467e+7
492.81,2.750e+7,,2.750e+7
492.86,3.043e+7,,3.043e+7
492.91,3.330e+7,,3.330e+7
492.96,3.596e+7,,3.596e+7
493.01,3.829e+7,,3.829e+7
493.06,4.013e+7,,4.013e+7
493.11,4.139e+7,,4.139e+7
493.16,4.200e+7,,4.200e+7
493.21,4.192e+7,,4.192e+7
493.26,4.117e+7,,4.117e+7
493.31,3.979e+7,,3.979e+7
493.36,3.786e+7,,3.786e+7
493.41,3.551e+7,,3.551e+7
493.46,3.283e+7,,3.283e+7
493.51,2.996e+7,,2.996e+7
493.56,2.702e+7,,2.702e+7
493.61,2.410e+7,,2.410e+7
493.66,2.128e+7,,2.128e+7
493.71,1.862e+7,,1.862e+7
493.76,1.616e+7,,1.616e+7
493.81,1.391e+7,,1.391e+7
493.86,1.189e+7,,1.189e+7
493.91,1.008e+7,,1.008e+7
493.96,8.488e+6,,8.488e+6
494.01,7.088e+6,,7.088e+6
494.06,5.872e+6,,5.872e+6
494.11,4.831e+6,,4.831e+6
494.16,3.956e+6,,3.956e+6
494.21,3.244e+6,,3.244e+6
494.26,2.693e+6,,2.693e+6
494.31,2.309e+6,,2.309e+6
494.36,2.100e+6,,2.100e+6
494.41,2.081e+6,,2.081e+6
494.46,2.274e+6,,2.274e+6
494.51,2.705e+6,,2.705e+6
494.56,3.409e+6,,3.409e+6
494.61,4.421e+6,,4.421e+6
494.66,5.779e+6,,5.779e+6
494.71,7.515e+6,,7.515e+6
494.76,9.653e+6,,9.653e+6
494.81,1.220e+7,,1.220e+7
494.86,1.514e+7,,1.514e+7
494.91,1.842e+7,,1.842e+7
494.96,2.199e+7,,2.199e+7
495.01,2.571e+7,,2.571e+7
495.06,2.947e+7,,2.947e+7
495.11,3.310e+7,,3.310e+7
495.16,3.642e+7,,3.642e+7
495.21,3.927e+7,,3.927e+7
495.26,4.149e+7,,4.149e+7
495.31,4.296e+7,,4.296e+7
495.36,4.357e+7,,4.357e+7
495.41,4.331e+7,,4.331e+7
495.46,4.218e+7,,4.218e+7
495.51,4.024e+7,,4.024e+7
495.56,3.763e+7,,3.763e+7
495.61,3.447e+7,,3.447e+7
495.66,3.094e+7,,3.094e+7
495.71,2.721e+7,,2.721e+7
495.76,2.345e+7,,2.345e+7
495.81,1.980e+7,,1.980e+7
495.86,1.639e+7,,1.639e+7
495.91,1.328e+7,,1.328e+7
495.96,1.055e+7,,1.055e+7
496.01,8.213e+6,,8.213e+6
496.06,6.263e+6,,6.263e+6
496.11,4.680e+6,,4.680e+6
496.16,3.427e+6,,3.427e+6
496.21,2.458e+6,,2.458e+6
496.26,1.728e+6,,1.728e+6
496.31,1.190e+6,,1.190e+6
496.36,8.032e+5,,8.032e+5
496.41,5.311e+5,,5.311e+5
496.46,3.441e+5,,3.441e+5
496.51,2.185e+5,,2.185e+5
496.56,1.359e+5,,1.359e+5
496.61,8.283e+4,,8.283e+4
496.66,4.947e+4,,4.947e+4
496.71,2.896e+4,,2.896e+4
496.76,1.663e+4,,1.663e+4
496.81,9.391e+3,,9.391e+3
496.86,5.267e+3,,5.267e+3
496.91,3.033e+3,,3.033e+3
496.96,1.970e+3,,1.970e+3
497.01,1.709e+3,,1.709e+3
497.06,2.134e+3,,2.134e+3
497.11,3.345e+3,,3.345e+3
497.16,5.667e+3,,5.667e+3
497.21,9.697e+3,,9.697e+3
497.26,1.641e+4,,1.641e+4
497.31,2.727e+4,,2.727e+4
497.36,4.444e+4,,4.444e+4
497.41,7.101e+4,,7.101e+4
497.46,1.112e+5,,1.112e+5
497.51,1.707e+5,,1.707e+5
497.56,2.568e+5,,2.568e+5
497.61,3.786e+5,,3.786e+5
497.66,5.471e+5,,5.471e+5
497.71,7.748e+5,,7.748e+5
497.76,1.076e+6,,1.076e+6
497.81,1.463e+6,,1.463e+6
497.86,1.951e+6,,1.951e+6
497.91,2.549e+6,,2.549e+6
497.96,3.265e+6,,3.265e+6
498.01,4.098e+6,,4.098e+6
498.06,5.042e+6,,5.042e+6
498.11,6.079e+6,,6.079e+6
498.16,7.184e+6,,7.184e+6
498.21,8.320e+6,,8.320e+6
498.26,9.444e+6,,9.444e+6
498.31,1.051e+7,,1.051e+7
498.36,1.146e+7,,1.146e+7
498.41,1.224e+7,,1.224e+7
498.46,1.282e+7,,1.282e+7
498.51,1.316e+7,,1.316e+7
498.56,1.324e+7,,1.324e+7
498.61,1.306e+7,,1.306e+7
498.66,1.262e+7,,1.262e+7
498.71,1.195e+7,,1.195e+7
498.76,1.109e+7,,1.109e+7
498.81,1.009e+7,,1.009e+7
498.86,8.999e+6,,8.999e+6
498.91,7.864e+6,,7.864e+6
498.96,6.736e+6,,6.736e+6
499.01,5.654e+6,,5.654e+6
499.06,4.652e+6,,4.652e+6
499.11,3.752e+6,,3.752e+6
499.16,2.965e+6,,2.965e+6
499.21,2.298e+6,,2.298e+6
499.26,1.746e+6,,1.746e+6
499.31,1.303e+6,,1.303e+6
499.36,9.557e+5,,9.557e+5
499.41,6.928e+5,,6.928e+5
499.46,5.014e+5,,5.014e+5
499.51,3.703e+5,,3.703e+5
499.56,2.905e+5,,2.905e+5
499.61,2.558e+5,,2.558e+5
499.66,2.632e+5,,2.632e+5
499.71,3.131e+5,,3.131e+5
499.76,4.090e+5,,4.090e+5
499.81,5.577e+5,,5.577e+5
499.86,7.684e+5,,7.684e+5
499.91,1.053e+6,,1.053e+6
499.96,1.424e+6,,1.424e+6
500.01,1.896e+6,,1.896e+6
500.06,2.480e+6,,2.480e+6
500.11,3.187e+6,,3.187e+6
500.16,4.024e+6,,4.024e+6
500.21,4.994e+6,,4.994e+6
500.26,6.093e+6,,6.093e+6
500.31,7.311e+6,,7.311e+6
500.36,8.631e+6,,8.631e+6
500.41,1.003e+7,,1.003e+7
500.46,1.149e+7,,1.149e+7
500.51,1.296e+7,,1.296e+7
500.56,1.443e+7,,1.443e+7
500.61,1.585e+7,,1.585e+7
500.66,1.720e+7,,1.720e+7
500.71,1.844e+7,,1.844e+7
500.76,1.956e+7,,1.956e+7
500.81,2.052e+7,,2.052e+7
500.86,2.132e+7,,2.132e+7
500.91,2.192e+7,,2.192e+7
500.96,2.231e+7,,2.231e+7
501.01,2.249e+7,,2.249e+7
501.06,2.245e+7,,2.245e+7
501.11,2.217e+7,,2.217e+7
501.16,2.166e+7,,2.166e+7
501.21,2.093e+7,,2.093e+7
501.26,1.999e+7,,1.999e+7
501.31,1.887e+7,,1.887e+7
501.36,1.760e+7,,1.760e+7
501.41,1.622e+7,,1.622e+7
501.46,1.479e+7,,1.479e+7
501.51,1.334e+7,,1.334e+7
501.56,1.193e+7,,1.193e+7
501.61,1.059e+7,,1.059e+7
501.66,9.370e+6,,9.370e+6
501.71,8.283e+6,,8.283e+6
501.76,7.346e+6,,7.346e+6
501.81,6.561e+6,,6.561e+6
501.86,5.920e+6,,5.920e+6
501.91,5.407e+6,,5.407e+6
501.96,5.000e+6,,5.000e+6
502.01,4.672e+6,,4.672e+6
502.06,4.399e+6,,4.399e+6
502.11,4.155e+6,,4.155e+6
502.16,3.920e+6,,3.920e+6
502.21,3.680e+6,,3.680e+6
502.26,3.425e+6,,3.425e+6
502.31,3.152e+6,,3.152e+6
502.36,2.861e+6,,2.861e+6
502.41,2.557e+6,,2.557e+6
502.46,2.248e+6,,2.248e+6
502.51,1.942e+6,,1.942e+6
502.56,1.647e+6,,1.647e+6
502.61,1.371e+6,,1.371e+6
502.66,1.120e+6,,1.120e+6
502.71,8.976e+5,,8.976e+5
502.76,7.054e+5,,7.054e+5
502.81,5.436e+5,,5.436e+5
502.86,4.108e+5,,4.108e+5
502.91,3.044e+5,,3.044e+5
502.96,2.211e+5,,2.211e+5
503.01,1.575e+5,,1.575e+5
503.06,1.100e+5,,1.100e+5
503.11,7.531e+4,,7.531e+4
503.16,5.055e+4,,5.055e+4
503.21,3.327e+4,,3.327e+4
503.26,2.147e+4,,2.147e+4
503.31,1.360e+4,,1.360e+4
503.36,8.474e+3,,8.474e+3
503.41,5.233e+3,,5.233e+3
503.46,3.281e+3,,3.281e+3
503.51,2.232e+3,,2.232e+3
503.56,1.880e+3,,1.880e+3
503.61,2.178e+3,,2.178e+3
503.66,3.256e+3,,3.256e+3
503.71,5.453e+3,,5.453e+3
503.76,9.397e+3,,9.397e+3
503.81,1.612e+4,,1.612e+4
503.86,2.726e+4,,2.726e+4
503.91,4.525e+4,,4.525e+4
503.96,7.368e+4,,7.368e+4
504.01,1.177e+5,,1.177e+5
504.06,1.843e+5,,1.843e+5
504.11,2.831e+5,,2.831e+5
504.16,4.263e+5,,4.263e+5
504.21,6.296e+5,,6.296e+5
504.26,9.119e+5,,9.119e+5
504.31,1.295e+6,,1.295e+6
504.36,1.803e+6,,1.803e+6
504.41,2.463e+6,,2.463e+6
504.46,3.298e+6,,3.298e+6
504.51,4.332e+6,,4.332e+6
504.56,5.579e+6,,5.579e+6
504.61,7.046e+6,,7.046e+6
504.66,8.728e+6,,8.728e+6
504.71,1.060e+7,,1.060e+7
504.76,1.263e+7,,1.263e+7
504.81,1.476e+7,,1.476e+7
504.86,1.692e+7,,1.692e+7
504.91,1.904e+7,,1.904e+7
504.96,2.101e+7,,2.101e+7
505.01,2.275e+7,,2.275e+7
505.06,2.419e+7,,2.419e+7
505.11,2.525e+7,,2.525e+7
505.16,2.589e+7,,2.589e+7
505.21,2.610e+7,,2.610e+7
505.26,2.589e+7,,2.589e+7
505.31,2.528e+7,,2.528e+7
505.36,2.434e+7,,2.434e+7
505.41,2.314e+7,,2.314e+7
505.46,2.177e+7,,2.177e+7
505.51,2.032e+7,,2.032e+7
505.56,1.887e+7,,1.887e+7
505.61,1.751e+7,,1.751e+7
505.66,1.630e+7,,1.630e+7
505.71,1.529e+7,,1.529e+7
505.76,1.452e+7,,1.452e+7
505.81,1.402e+7,,1.402e+7
505.86,1.380e+7,,1.380e+7
505.91,1.386e+7,,1.386e+7
505.96,1.421e+7,,1.421e+7
506.01,1.484e+7,,1.484e+7
506.06,1.573e+7,,1.573e+7
506.11,1.686e+7,,1.686e+7
506.16,1.820e+7,,1.820e+7
506.21,1.968e+7,,1.968e+7
506.26,2.126e+7,,2.126e+7
506.31,2.284e+7,,2.284e+7
506.36,2.436e+7,,2.436e+7
506.41,2.572e+7,,2.572e+7
506.46,2.683e+7,,2.683e+7
506.51,2.762e+7,,2.762e+7
506.56,2.802e+7,,2.802e+7
506.61,2.799e+7,,2.799e+7
506.66,2.751e+7,,2.751e+7
506.71,2.658e+7,,2.658e+7
506.76,2.525e+7,,2.525e+7
506.81,2.357e+7,,2.357e+7
506.86,2.162e+7,,2.162e+7
506.91,1.948e+7,,1.948e+7
506.96,1.723e+7,,1.723e+7
507.01,1.497e+7,,1.497e+7
507.06,1.277e+7,,1.277e+7
507.11,1.070e+7,,1.070e+7
507.16,8.796e+6,,8.796e+6
507.21,7.102e+6,,7.102e+6
507.26,5.630e+6,,5.630e+6
507.31,4.381e+6,,4.381e+6
507.36,3.347e+6,,3.347e+6
507.41,2.511e+6,,2.511e+6
507.46,1.851e+6,,1.851e+6
507.51,1.341e+6,4.557e-9,1.341e+6
507.56,9.566e+5,1.449e-8,9.566e+5
507.61,6.754e+5,4.518e-8,6.754e+5
507.66,4.766e+5,1.382e-7,4.766e+5
507.71,3.434e+5,4.149e-7,3.434e+5
507.76,2.627e+5,1.222e-6,2.627e+5
507.81,2.254e+5,3.529e-6,2.254e+5
507.86,2.257e+5,1.000e-5,2.257e+5
507.91,2.613e+5,2.780e-5,2.613e+5
507.96,3.328e+5,7.581e-5,3.328e+5
508.01,4.430e+5,2.028e-4,4.430e+5
508.06,5.964e+5,5.322e-4,5.964e+5
508.11,7.989e+5,1.370e-3,7.989e+5
508.16,1.056e+6,3.461e-3,1.056e+6
508.21,1.375e+6,8.574e-3,1.375e+6
508.26,1.757e+6,2.084e-2,1.757e+6
508.31,2.206e+6,4.969e-2,2.206e+6
508.36,2.719e+6,1.162e-1,2.719e+6
508.41,3.291e+6,2.667e-1,3.291e+6
508.46,3.912e+6,6.003e-1,3.912e+6
508.51,4.567e+6,1.326e+0,4.567e+6
508.56,5.239e+6,2.872e+0,5.239e+6
508.61,5.907e+6,6.103e+0,5.907e+6
508.66,6.547e+6,1.272e+1,6.547e+6
508.71,7.138e+6,2.602e+1,7.138e+6
508.76,7.658e+6,5.221e+1,7.658e+6
508.81,8.090e+6,1.027e+2,8.089e+6
508.86,8.419e+6,1.984e+2,8.419e+6
508.91,8.638e+6,3.758e+2,8.637e+6
508.96,8.743e+6,6.982e+2,8.743e+6
509.01,8.738e+6,1.273e+3,8.736e+6
509.06,8.628e+6,2.276e+3,8.625e+6
509.11,8.424e+6,3.992e+3,8.420e+6
509.16,8.138e+6,6.870e+3,8.131e+6
509.21,7.784e+6,1.160e+4,7.772e+6
509.26,7.376e+6,1.921e+4,7.357e+6
509.31,6.929e+6,3.121e+4,6.897e+6
509.36,6.455e+6,4.974e+4,6.405e+6
509.42,5.871e+6,8.484e+4,5.786e+6
509.47,5.387e+6,1.296e+5,5.258e+6
509.52,4.921e+6,1.943e+5,4.727e+6
509.57,4.488e+6,2.857e+5,4.203e+6
509.62,4.105e+6,4.121e+5,3.692e+6
509.67,3.787e+6,5.832e+5,3.203e+6
509.72,3.552e+6,8.096e+5,2.742e+6
509.77,3.417e+6,1.103e+6,2.315e+6
509.82,3.398e+6,1.473e+6,1.925e+6
509.87,3.507e+6,1.930e+6,1.577e+6
509.92,3.753e+6,2.482e+6,1.271e+6
509.97,4.138e+6,3.130e+6,1.008e+6
510.02,4.659e+6,3.873e+6,7.859e+5
510.07,5.303e+6,4.701e+6,6.022e+5
510.12,6.051e+6,5.597e+6,4.535e+5
510.17,6.874e+6,6.538e+6,3.354e+5
510.22,7.736e+6,7.492e+6,2.436e+5
510.27,8.596e+6,8.422e+6,1.738e+5
510.32,9.409e+6,9.288e+6,1.217e+5
510.37,1.013e+7,1.005e+7,8.362e+4
510.42,1.072e+7,1.066e+7,5.640e+4
510.47,1.114e+7,1.110e+7,3.734e+4
510.52,1.136e+7,1.134e+7,2.425e+4
510.57,1.138e+7,1.136e+7,1.546e+4
510.62,1.118e+7,1.117e+7,9.666e+3
510.67,1.077e+7,1.077e+7,5.931e+3
510.72,1.019e+7,1.018e+7,3.570e+3
510.77,9.452e+6,9.449e+6,2.108e+3
510.82,8.603e+6,8.602e+6,1.221e+3
510.87,7.682e+6,7.681e+6,6.941e+2
510.92,6.729e+6,6.729e+6,3.870e+2
510.97,5.783e+6,5.783e+6,2.117e+2
511.02,4.875e+6,4.875e+6,1.136e+2
511.07,4.032e+6,4.032e+6,5.976e+1
511.12,3.271e+6,3.271e+6,3.085e+1
511.17,2.604e+6,2.604e+6,1.563e+1
511.22,2.033e+6,2.033e+6,7.762e+0
511.27,1.557e+6,1.557e+6,3.783e+0
511.32,1.170e+6,1.170e+6,1.808e+0
511.37,8.625e+5,8.625e+5,8.478e-1
511.42,6.237e+5,6.237e+5,3.900e-1
511.47,4.424e+5,4.424e+5,1.759e-1
511.52,3.079e+5,3.079e+5,7.786e-2
511.57,2.102e+5,2.102e+5,3.380e-2
511.62,1.408e+5,1.408e+5,1.439e-2
511.67,9.249e+4,9.249e+4,6.013e-3
511.72,5.961e+4,5.961e+4,2.464e-3
511.77,3.769e+4,3.769e+4,9.902e-4
511.82,2.338e+4,2.338e+4,3.904e-4
511.87,1.422e+4,1.422e+4,1.510e-4
511.92,8.491e+3,8.491e+3,5.728e-5
511.97,4.972e+3,4.972e+3,2.131e-5
512.02,2.856e+3,2.856e+3,7.779e-6
512.07,1.610e+3,1.610e+3,2.785e-6
512.12,8.898e+2,8.898e+2,9.782e-7
512.17,4.826e+2,4.826e+2,3.370e-7
512.22,2.567e+2,2.567e+2,1.139e-7
512.27,1.340e+2,1.340e+2,3.775e-8
512.32,6.860e+1,6.860e+1,1.228e-8
512.37,3.446e+1,3.446e+1,3.915e-9
512.42,1.698e+1,1.698e+1,1.225e-9
512.47,8.206e+0,8.206e+0,
512.52,3.891e+0,3.891e+0,
512.57,1.810e+0,1.810e+0,
512.62,8.261e-1,8.261e-1,
512.67,3.700e-1,3.700e-1,
512.72,1.629e-1,1.629e-1,
512.77,7.121e-2,7.121e-2,
512.82,3.281e-2,3.281e-2,
512.87,2.049e-2,2.049e-2,
512.92,2.549e-2,2.549e-2,
512.97,5.215e-2,5.215e-2,
513.02,1.212e-1,1.212e-1,
513.07,2.838e-1,2.838e-1,
513.12,6.555e-1,6.555e-1,
513.17,1.487e+0,1.487e+0,
513.22,3.309e+0,3.309e+0,
513.27,7.229e+0,7.229e+0,
513.32,1.550e+1,1.550e+1,
513.37,3.260e+1,3.260e+1,
513.42,6.731e+1,6.731e+1,
513.47,1.364e+2,1.364e+2,
513.52,2.711e+2,2.711e+2,
513.57,5.290e+2,5.290e+2,
513.62,1.013e+3,1.013e+3,
513.67,1.903e+3,1.903e+3,
513.72,3.509e+3,3.509e+3,
513.77,6.350e+3,6.350e+3,
513.82,1.128e+4,1.128e+4,
513.87,1.965e+4,1.965e+4,
513.92,3.361e+4,3.361e+4,
513.97,5.641e+4,5.641e+4,
514.02,9.290e+4,9.290e+4,
514.07,1.502e+5,1.502e+5,
514.12,2.382e+5,2.382e+5,
514.17,3.707e+5,3.707e+5,
514.22,5.662e+5,5.662e+5,
514.27,8.488e+5,8.488e+5,
514.32,1.249e+6,1.249e+6,
514.37,1.803e+6,1.803e+6,
514.42,2.554e+6,2.554e+6,
514.47,3.550e+6,3.550e+6,
514.52,4.844e+6,4.844e+6,
514.57,6.485e+6,6.485e+6,
514.62,8.521e+6,8.521e+6,
514.67,1.099e+7,1.099e+7,
514.72,1.390e+7,1.390e+7,
514.77,1.726e+7,1.726e+7,
514.82,2.104e+7,2.104e+7,
514.87,2.516e+7,2.516e+7,
514.92,2.952e+7,2.952e+7,
514.97,3.400e+7,3.400e+7,
515.02,3.843e+7,3.843e+7,
515.07,4.262e+7,4.262e+7,
515.12,4.639e+7,4.639e+7,
515.17,4.955e+7,4.955e+7,
515.22,5.194e+7,5.194e+7,
515.27,5.343e+7,5.343e+7,
515.32,5.393e+7,5.393e+7,
515.37,5.343e+7,5.343e+7,
515.42,5.194e+7,5.194e+7,
515.47,4.955e+7,4.955e+7,
515.52,4.639e+7,4.639e+7,
515.57,4.262e+7,4.262e+7,
515.62,3.843e+7,3.843e+7,
515.67,3.400e+7,3.400e+7,
515.72,2.952e+7,2.952e+7,
515.77,2.516e+7,2.516e+7,
515.82,2.104e+7,2.104e+7,
515.87,1.726e+7,1.726e+7,
515.92,1.390e+7,1.390e+7,
515.97,1.099e+7,1.099e+7,
516.02,8.521e+6,8.521e+6,
516.07,6.485e+6,6.485e+6,
516.12,4.844e+6,4.844e+6,
516.17,3.550e+6,3.550e+6,
516.22,2.554e+6,2.554e+6,
516.27,1.803e+6,1.803e+6,
516.32,1.249e+6,1.249e+6,
516.37,8.488e+5,8.488e+5,
516.42,5.662e+5,5.662e+5,
516.47,3.707e+5,3.707e+5,
516.52,2.382e+5,2.382e+5,
516.57,1.502e+5,1.502e+5,
516.62,9.290e+4,9.290e+4,
516.67,5.641e+4,5.641e+4,
516.72,3.361e+4,3.361e+4,
516.77,1.965e+4,1.965e+4,
516.82,1.128e+4,1.128e+4,
516.87,6.350e+3,6.350e+3,
516.92,3.509e+3,3.509e+3,
516.97,1.903e+3,1.903e+3,
517.02,1.013e+3,1.013e+3,
517.07,5.290e+2,5.290e+2,
517.12,2.711e+2,2.711e+2,
517.17,1.364e+2,1.364e+2,
517.22,6.731e+1,6.731e+1,
517.27,3.260e+1,3.260e+1,
517.32,1.550e+1,1.550e+1,
517.37,7.229e+0,7.229e+0,
517.42,3.309e+0,3.309e+0,
517.47,1.487e+0,1.487e+0,
517.52,6.554e-1,6.554e-1,
517.57,2.836e-1,2.836e-1,
517.62,1.204e-1,1.204e-1,
517.67,5.016e-2,5.016e-2,
517.72,2.051e-2,2.051e-2,
517.77,8.229e-3,8.229e-3,
517.82,3.240e-3,3.240e-3,
517.87,1.252e-3,1.252e-3,
517.92,4.748e-4,4.748e-4,
517.97,1.767e-4,1.767e-4,
518.02,6.453e-5,6.453e-5,
518.07,2.313e-5,2.313e-5,
518.12,8.134e-6,8.134e-6,
518.17,2.807e-6,2.807e-6,
518.22,9.509e-7,9.509e-7,
518.27,3.161e-7,3.161e-7,
518.32,1.031e-7,1.031e-7,
518.37,3.300e-8,3.300e-8,
518.42,1.037e-8,1.037e-8,
518.67,1.472e-8,1.472e-8,
518.72,4.638e-8,4.638e-8,
518.77,1.435e-7,1.435e-7,
518.82,4.358e-7,4.358e-7,
518.87,1.302e-6,1.302e-6,
518.92,3.812e-6,3.812e-6,
518.97,1.096e-5,1.096e-5,
519.02,3.093e-5,3.093e-5,
519.07,8.573e-5,8.573e-5,
519.12,2.332e-4,2.332e-4,
519.17,6.231e-4,6.231e-4,
519.22,1.634e-3,1.634e-3,
519.27,4.208e-3,4.208e-3,
519.32,1.064e-2,1.064e-2,
519.37,2.641e-2,2.641e-2,
519.42,6.437e-2,6.437e-2,
519.47,1.540e-1,1.540e-1,
519.52,3.619e-1,3.619e-1,
519.57,8.347e-1,8.347e-1,
519.62,1.891e+0,1.891e+0,
519.67,4.204e+0,4.204e+0,
519.72,9.178e+0,9.178e+0,
519.77,1.967e+1,1.967e+1,
519.82,4.141e+1,4.141e+1,
519.87,8.557e+1,8.557e+1,
519.92,1.736e+2,1.736e+2,
519.97,3.458e+2,3.458e+2,
520.02,6.764e+2,6.764e+2,
520.07,1.299e+3,1.299e+3,
520.12,2.449e+3,2.449e+3,
520.17,4.535e+3,4.535e+3,
520.22,8.243e+3,8.243e+3,
520.27,1.471e+4,1.471e+4,
520.32,2.578e+4,2.578e+4,
520.37,4.436e+4,4.436e+4,
520.42,7.495e+4,7.495e+4,
520.47,1.243e+5,1.243e+5,
520.52,2.025e+5,2.025e+5,
520.57,3.239e+5,3.239e+5,
520.62,5.087e+5,5.087e+5,
520.67,7.843e+5,7.843e+5,
520.72,1.188e+6,1.188e+6,
520.77,1.766e+6,1.766e+6,
520.82,2.577e+6,2.577e+6,
520.87,3.695e+6,3.695e+6,
520.92,5.200e+6,5.200e+6,
520.97,7.188e+6,7.188e+6,
521.02,9.756e+6,9.756e+6,
521.07,1.300e+7,1.300e+7,
521.12,1.702e+7,1.702e+7,
521.17,2.187e+7,2.187e+7,
521.22,2.760e+7,2.760e+7,
521.27,3.421e+7,3.421e+7,
521.32,4.164e+7,4.164e+7,
521.37,4.977e+7,4.977e+7,
521.42,5.843e+7,5.843e+7,
521.47,6.736e+7,6.736e+7,
521.52,7.626e+7,7.626e+7,
521.57,8.480e+7,8.480e+7,
521.62,9.261e+7,9.261e+7,
521.67,9.934e+7,9.934e+7,
521.72,1.047e+8,1.047e+8,
521.77,1.083e+8,1.083e+8,
521.82,1.101e+8,1.101e+8,
521.87,1.099e+8,1.099e+8,
521.92,1.078e+8,1.078e+8,
521.97,1.038e+8,1.038e+8,
522.02,9.823e+7,9.823e+7,
522.07,9.131e+7,9.131e+7,
522.12,8.339e+7,8.339e+7,
522.17,7.481e+7,7.481e+7,
522.22,6.594e+7,6.594e+7,
522.27,5.710e+7,5.710e+7,
522.32,4.858e+7,4.858e+7,
522.37,4.062e+7,4.062e+7,
522.42,3.336e+7,3.336e+7,
522.47,2.693e+7,2.693e+7,
522.52,2.136e+7,2.136e+7,
522.57,1.665e+7,1.665e+7,
522.62,1.275e+7,1.275e+7,
522.67,9.596e+6,9.596e+6,
522.72,7.099e+6,7.099e+6,
522.77,5.161e+6,5.161e+6,
522.82,3.687e+6,3.687e+6,
522.87,2.590e+6,2.590e+6,
522.92,1.787e+6,1.787e+6,
522.97,1.213e+6,1.213e+6,
523.02,8.087e+5,8.087e+5,
523.07,5.301e+5,5.301e+5,
523.12,3.416e+5,3.416e+5,
523.17,2.163e+5,2.163e+5,
523.22,1.347e+5,1.347e+5,
523.27,8.244e+4,8.244e+4,
523.32,4.960e+4,4.960e+4,
523.37,2.933e+4,2.933e+4,
523.42,1.705e+4,1.705e+4,
523.47,9.745e+3,9.745e+3,
523.52,5.475e+3,5.475e+3,
523.57,3.023e+3,3.023e+3,
523.62,1.641e+3,1.641e+3,
523.67,8.758e+2,8.758e+2,
523.72,4.594e+2,4.594e+2,
523.77,2.368e+2,2.368e+2,
523.82,1.200e+2,1.200e+2,
523.87,5.979e+1,5.979e+1,
523.92,2.927e+1,2.927e+1,
523.97,1.408e+1,1.408e+1,
524.02,6.661e+0,6.661e+0,
524.07,3.096e+0,3.096e+0,
524.12,1.414e+0,1.414e+0,
524.17,6.348e-1,6.348e-1,
524.22,2.800e-1,2.800e-1,
524.27,1.214e-1,1.214e-1,
524.32,5.171e-2,5.171e-2,
524.37,2.164e-2,2.164e-2,
524.42,8.902e-3,8.902e-3,
524.47,3.597e-3,3.597e-3,
524.52,1.428e-3,1.428e-3,
524.57,5.570e-4,5.570e-4,
524.62,2.135e-4,2.135e-4,
524.67,8.037e-5,8.037e-5,
524.72,2.972e-5,2.972e-5,
524.77,1.080e-5,1.080e-5,
524.82,3.854e-6,3.854e-6,
524.87,1.351e-6,1.351e-6,
524.92,4.654e-7,4.654e-7,
524.97,1.574e-7,1.574e-7,
525.02,4.772e-8,4.772e-8,
525.07,1.567e-8,1.567e-8,
525.12,5.050e-9,5.050e-9,
526.07,1.185e-9,1.185e-9,
526.12,3.655e-9,3.655e-9,
526.17,1.107e-8,1.107e-8,
526.22,3.296e-8,3.296e-8,
526.27,9.636e-8,9.636e-8,
526.32,2.767e-7,2.767e-7,
526.37,7.807e-7,7.807e-7,
526.42,2.163e-6,2.163e-6,
526.47,5.889e-6,5.889e-6,
526.52,1.575e-5,1.575e-5,
526.57,4.136e-5,4.136e-5,
526.62,1.067e-4,1.067e-4,
526.67,2.705e-4,2.705e-4,
526.72,6.734e-4,6.734e-4,
526.77,1.647e-3,1.647e-3,
526.82,3.956e-3,3.956e-3,
526.87,9.336e-3,9.336e-3,
526.92,2.164e-2,2.164e-2,
526.97,4.928e-2,4.928e-2,
527.02,1.102e-1,1.102e-1,
527.07,2.422e-1,2.422e-1,
527.12,5.228e-1,5.228e-1,
527.17,1.108e+0,1.108e+0,
527.22,2.308e+0,2.308e+0,
527.27,4.722e+0,4.722e+0,
527.32,9.490e+0,9.490e+0,
527.37,1.873e+1,1.873e+1,
527.42,3.633e+1,3.633e+1,
527.47,6.920e+1,6.920e+1,
527.52,1.295e+2,1.295e+2,
527.57,2.380e+2,2.380e+2,
527.62,4.297e+2,4.297e+2,
527.67,7.621e+2,7.621e+2,
527.72,1.328e+3,1.328e+3,
527.77,2.272e+3,2.272e+3,
527.82,3.820e+3,3.820e+3,
527.87,6.308e+3,6.308e+3,
527.92,1.023e+4,1.023e+4,
527.97,1.630e+4,1.630e+4,
528.02,2.552e+4,2.552e+4,
528.07,3.924e+4,3.924e+4,
528.12,5.926e+4,5.926e+4,
528.17,8.792e+4,8.792e+4,
528.22,1.281e+5,1.281e+5,
528.27,1.834e+5,1.834e+5,
528.32,2.580e+5,2.580e+5,
528.37,3.564e+5,3.564e+5,
528.42,4.836e+5,4.836e+5,
528.47,6.446e+5,6.446e+5,
528.52,8.440e+5,8.440e+5,
528.57,1.085e+6,1.085e+6,
528.62,1.371e+6,1.371e+6,
528.67,1.702e+6,1.702e+6,
528.72,2.075e+6,2.075e+6,
528.77,2.485e+6,2.485e+6,
528.82,2.923e+6,2.923e+6,
528.87,3.378e+6,3.378e+6,
528.92,3.835e+6,3.835e+6,
528.97,4.276e+6,4.276e+6,
529.02,4.683e+6,4.683e+6,
529.07,5.039e+6,5.039e+6,
529.12,5.325e+6,5.325e+6,
529.17,5.529e+6,5.529e+6,
529.22,5.638e+6,5.638e+6,
529.27,5.649e+6,5.649e+6,
529.32,5.558e+6,5.558e+6,
529.37,5.373e+6,5.373e+6,
529.42,5.102e+6,5.102e+6,
529.47,4.759e+6,4.759e+6,
529.52,4.360e+6,4.360e+6,
529.57,3.925e+6,3.925e+6,
529.62,3.470e+6,3.470e+6,
529.67,3.013e+6,3.013e+6,
529.72,2.571e+6,2.571e+6,
529.77,2.154e+6,2.154e+6,
529.82,1.773e+6,1.773e+6,
529.87,1.434e+6,1.434e+6,
529.92,1.139e+6,1.139e+6,
529.97,8.888e+5,8.888e+5,
530.02,6.812e+5,6.812e+5,
530.07,5.129e+5,5.129e+5,
530.12,3.793e+5,3.793e+5,
530.17,2.756e+5,2.756e+5,
530.22,1.967e+5,1.967e+5,
530.27,1.379e+5,1.379e+5,
530.32,9.494e+4,9.494e+4,
530.37,6.422e+4,6.422e+4,
530.42,4.267e+4,4.267e+4,
530.47,2.785e+4,2.785e+4,
530.52,1.786e+4,1.786e+4,
530.57,1.125e+4,1.125e+4,
530.62,6.958e+3,6.958e+3,
530.67,4.229e+3,4.229e+3,
530.72,2.525e+3,2.525e+3,
530.77,1.480e+3,1.480e+3,
530.82,8.528e+2,8.528e+2,
530.87,4.826e+2,4.826e+2,
530.92,2.682e+2,2.682e+2,
530.97,1.465e+2,1.465e+2,
531.02,7.855e+1,7.855e+1,
531.07,4.138e+1,4.138e+1,
531.12,2.142e+1,2.142e+1,
531.17,1.089e+1,1.089e+1,
531.22,5.438e+0,5.438e+0,
531.27,2.667e+0,2.667e+0,
531.32,1.285e+0,1.285e+0,
531.37,6.084e-1,6.084e-1,
531.42,2.829e-1,2.829e-1,
531.47,1.292e-1,1.292e-1,
531.52,5.797e-2,5.797e-2,
531.57,2.555e-2,2.555e-2,
531.62,1.106e-2,1.106e-2,
531.67,4.704e-3,4.704e-3,
531.72,1.965e-3,1.965e-3,
531.77,8.064e-4,8.064e-4,
531.82,3.251e-4,3.251e-4,
531.87,1.287e-4,1.287e-4,
531.92,5.006e-5,5.006e-5,
531.97,1.913e-5,1.913e-5,
532.02,7.179e-6,7.179e-6,
532.07,2.647e-6,2.647e-6,
532.12,9.586e-7,9.586e-7,
532.17,3.410e-7,3.410e-7,
532.22,1.192e-7,1.192e-7,
532.27,4.091e-8,4.091e-8,
532.32,1.379e-8,1.379e-8,
532.37,4.569e-9,4.569e-9,
532.42,1.487e-9,1.487e-9,
590.54,4.252e-10,,4.252e-10
590.59,1.164e-9,,1.164e-9
590.64,3.142e-9,,3.142e-9
590.69,8.363e-9,,8.363e-9
590.74,2.194e-8,,2.194e-8
590.79,5.677e-8,,5.677e-8
590.84,1.448e-7,,1.448e-7
590.89,3.641e-7,,3.641e-7
590.94,9.027e-7,,9.027e-7
590.99,2.207e-6,,2.207e-6
591.04,5.318e-6,,5.318e-6
591.09,1.264e-5,,1.264e-5
591.14,2.961e-5,,2.961e-5
591.19,6.838e-5,,6.838e-5
591.24,1.557e-4,,1.557e-4
591.29,3.497e-4,,3.497e-4
591.34,7.740e-4,,7.740e-4
591.39,1.689e-3,,1.689e-3
591.44,3.635e-3,,3.635e-3
591.49,7.713e-3,,7.713e-3
591.54,1.613e-2,,1.613e-2
591.59,3.327e-2,,3.327e-2
591.64,6.765e-2,,6.765e-2
591.69,1.356e-1,,1.356e-1
591.74,2.681e-1,,2.681e-1
591.79,5.224e-1,,5.224e-1
591.84,1.004e+0,,1.004e+0
591.89,1.901e+0,,1.901e+0
591.94,3.551e+0,,3.551e+0
591.99,6.539e+0,,6.539e+0
592.04,1.187e+1,,1.187e+1
592.09,2.125e+1,,2.125e+1
592.14,3.750e+1,,3.750e+1
592.19,6.525e+1,,6.525e+1
592.24,1.119e+2,,1.119e+2
592.29,1.893e+2,,1.893e+2
592.34,3.157e+2,,3.157e+2
592.39,5.190e+2,,5.190e+2
592.44,8.413e+2,,8.413e+2
592.49,1.345e+3,,1.345e+3
592.54,2.119e+3,,2.119e+3
592.59,3.292e+3,,3.292e+3
592.64,5.042e+3,,5.042e+3
592.69,7.614e+3,,7.614e+3
592.74,1.134e+4,,1.134e+4
592.79,1.664e+4,,1.664e+4
592.84,2.408e+4,,2.408e+4
592.89,3.437e+4,,3.437e+4
592.94,4.835e+4,,4.835e+4
592.99,6.707e+4,,6.707e+4
593.04,9.172e+4,,9.172e+4
593.09,1.237e+5,,1.237e+5
593.14,1.644e+5,,1.644e+5
593.19,2.155e+5,,2.155e+5
593.24,2.785e+5,,2.785e+5
593.29,3.548e+5,,3.548e+5
593.34,4.457e+5,,4.457e+5
593.39,5.520e+5,,5.520e+5
593.44,6.740e+5,,6.740e+5
593.49,8.114e+5,,8.114e+5
593.54,9.631e+5,,9.631e+5
593.59,1.127e+6,,1.127e+6
593.64,1.300e+6,,1.300e+6
593.69,1.479e+6,,1.479e+6
593.74,1.659e+6,,1.659e+6
593.79,1.835e+6,,1.835e+6
593.84,2.000e+6,,2.000e+6
593.89,2.150e+6,,2.150e+6
593.94,2.279e+6,,2.279e+6
593.99,2.381e+6,,2.381e+6
594.04,2.453e+6,,2.453e+6
594.09,2.492e+6,,2.492e+6
594.14,2.495e+6,,2.495e+6
594.19,2.463e+6,,2.463e+6
594.24,2.398e+6,,2.398e+6
594.29,2.302e+6,,2.302e+6
594.34,2.178e+6,,2.178e+6
594.39,2.032e+6,,2.032e+6
594.44,1.869e+6,,1.869e+6
594.49,1.695e+6,,1.695e+6
594.54,1.515e+6,,1.515e+6
594.59,1.336e+6,,1.336e+6
594.64,1.161e+6,,1.161e+6
594.69,9.950e+5,,9.950e+5
594.74,8.407e+5,,8.407e+5
594.79,7.003e+5,,7.003e+5
594.84,5.751e+5,,5.751e+5
594.89,4.657e+5,,4.657e+5
594.94,3.718e+5,,3.718e+5
594.99,2.926e+5,,2.926e+5
595.04,2.271e+5,,2.271e+5
595.09,1.737e+5,,1.737e+5
595.14,1.311e+5,,1.311e+5
595.19,9.748e+4,,9.748e+4
595.24,7.148e+4,,7.148e+4
595.29,5.168e+4,,5.168e+4
595.34,3.684e+4,,3.684e+4
595.39,2.589e+4,,2.589e+4
595.44,1.794e+4,,1.794e+4
595.49,1.225e+4,,1.225e+4
595.54,8.254e+3,,8.254e+3
595.59,5.481e+3,,5.481e+3
595.64,3.589e+3,,3.589e+3
595.69,2.317e+3,,2.317e+3
595.74,1.474e+3,,1.474e+3
595.79,9.251e+2,,9.251e+2
595.84,5.723e+2,,5.723e+2
595.89,3.491e+2,,3.491e+2
595.94,2.099e+2,,2.099e+2
595.99,1.245e+2,,1.245e+2
596.04,7.277e+1,,7.277e+1
596.09,4.194e+1,,4.194e+1
596.14,2.383e+1,,2.383e+1
596.19,1.335e+1,,1.335e+1
596.24,7.375e+0,,7.375e+0
596.29,4.017e+0,,4.017e+0
596.34,2.157e+0,,2.157e+0
596.39,1.142e+0,,1.142e+0
596.44,5.960e-1,,5.960e-1
596.49,3.067e-1,,3.067e-1
596.54,1.556e-1,,1.556e-1
596.59,7.784e-2,,7.784e-2
596.64,3.839e-2,,3.839e-2
596.69,1.867e-2,,1.867e-2
596.74,8.950e-3,,8.950e-3
596.79,4.230e-3,,4.230e-3
596.84,1.971e-3,,1.971e-3
596.89,9.058e-4,,9.058e-4
596.94,4.104e-4,,4.104e-4
596.99,1.833e-4,,1.833e-4
597.04,8.071e-5,,8.071e-5
597.09,3.504e-5,,3.504e-5
597.14,1.500e-5,,1.500e-5
597.19,6.331e-6,,6.331e-6
597.24,2.634e-6,,2.634e-6
597.29,1.081e-6,,1.081e-6
597.34,4.371e-7,,4.371e-7
597.39,1.743e-7,,1.743e-7
597.44,6.854e-8,,6.854e-8
597.49,2.657e-8,,2.657e-8
597.54,1.015e-8,,1.015e-8
597.59,3.826e-9,,3.826e-9
597.64,1.422e-9,,1.422e-9
597.69,5.207e-10,,5.207e-10