element,ionization_stage,observed_wavelength_nm,ritz_wavelength_nm,relative_intensity,Aki,lower_energy,upper_energy
Cu,II,180.09806,180.09789,11000.0,,69704.7015,125230.061
Cu,II,180.78535,180.78535,160000.0,,73595.8143,128910.03
Cu,II,185.6937,185.69289,14000.0,,85388.772,139241.13
Cu,II,186.157,186.16226,10000.0,,71531.542,125248.121
Cu,II,187.4166,187.416676,14000.0,,85388.772,138745.817
Cu,II,187.574638,187.574622,20000.0,,69704.7015,123016.8175
Cu,II,188.2253,188.22566,17000.0,,85388.772,138516.49
Cu,II,190.3858,190.386698,410.0,,85388.772,137913.45
Cu,II,192.06709,192.067133,43000.0,15000000.0,66418.6849,118483.8135
Cu,II,192.214229,192.214231,94000.0,,71531.542,123556.8261
Cu,II,192.4548,192.45458,5200.0,,95565.619,147525.93
Cu,II,192.846,192.84863,46000.0,,85388.772,137242.914
Cu,II,,192.960764,,,85388.772,137212.779
Cu,II,192.975131,192.975129,340000.0,21000000.0,69704.7015,121524.8509
Cu,II,194.2303,194.23029,31000.0,,71531.542,123016.8175
Cu,II,194.459596,194.459601,6000000.0,19900000.0,21928.7326,73353.2957
Cu,II,194.64928,194.649291,130000.0,,69704.7015,121079.1501
Cu,II,195.25792,195.257557,97000.0,,71531.542,122745.9491
Cu,II,195.75176,195.751767,190000.0,,69704.7015,120789.80865
Cu,II,196.8008,196.801129,9700.0,18000000.0,66418.6849,117231.4014
Cu,II,197.04936,197.049395,760000.0,5300000.0,22847.1176,73595.8143
Cu,II,197.4467,197.446773,2800.0,,85388.772,136035.3328
Cu,II,197.70266,197.702671,80000.0,,72723.817,123304.823
Cu,II,197.995578,197.995579,18000000.0,96000000.0,22847.1176,73353.2957
Cu,II,198.21503,198.214827,16000.0,,71531.542,121981.8546
Cu,II,198.4763,198.476431,14000.0,,88362.001,138745.817
Cu,II,198.6307,198.630794,8100.0,,85388.772,135733.433
Cu,II,198.985478,198.98548,7400000.0,98000000.0,22847.1176,73102.0408
Cu,II,199.018,199.018009,670000.0,130000000.0,67916.5572,118163.2663
Cu,II,199.38395,199.38395,34000.0,,88362.001,138516.49
Cu,II,199.4257,199.425958,17000.0,,72723.817,122867.7407
Cu,II,199.85575,199.85579,34000.0,,68447.7349,118483.8135
Cu,II,199.95327,199.953361,140000.0,58000000.0,67916.5572,117928.2197
Cu,II,199.969752,199.969754,20000000.0,213000000.0,21928.7326,71920.0961
Cu,II,200.29033,200.2902,73000.0,,88605.096,138516.49
Cu,II,200.932,200.928239,6800.0,,68730.8876,118483.8135
Cu,II,201.298037,201.298041,1800000.0,250000000.0,66418.6849,116080.2237
Cu,II,201.55822,201.558222,1400000.0,21000000.0,23998.3718,73595.8143
Cu,II,201.5866,201.58649,39000.0,,88926.002,138516.49
Cu,II,201.68964,201.689673,1700000.0,8100000.0,21928.7326,71493.8548
Cu,II,201.76096,201.760977,160000.0,,71531.542,121079.1501
Cu,II,202.21913,202.219147,170000.0,11400000.0,68447.7349,117883.0985
Cu,II,202.548773,202.548775,8100000.0,68000000.0,23998.3718,73353.2957
Cu,II,202.5919,202.591683,25000.0,,71531.542,120876.0141
Cu,II,202.71336,202.713416,610000.0,130000000.0,67916.5572,117231.4014
Cu,II,202.9471,202.947227,37000.0,,72723.817,121981.8546
Cu,II,202.99491,202.994908,560000.0,80000000.0,66418.6849,115665.1539
Cu,II,203.103579,203.103598,2700000.0,450000000.0,66418.6849,115638.8036
Cu,II,203.3844,203.384242,62000.0,8900000.0,68730.8876,117883.0985
Cu,II,203.585321,203.585327,19000000.0,370000000.0,23998.3718,73102.0408
Cu,II,203.69201,203.692001,730000.0,190000000.0,68850.2628,117928.2197
Cu,II,203.712672,203.712668,13000000.0,136000000.0,22847.1176,71920.0961
Cu,II,204.38019,204.380148,21000000.0,142000000.0,21928.7326,70841.4669
Cu,II,204.767825,204.767825,1300000.0,532000000.0,73595.8143,122415.957
Cu,II,205.425259,205.425263,810000.0,140000000.0,69867.9849,118531.9058
Cu,II,205.44171,205.441739,960000.0,670000000.0,67916.5572,116576.5758
Cu,II,205.497836,205.497836,18000000.0,165000000.0,22847.1176,71493.8548
Cu,II,205.8611,205.861377,49000.0,,71531.542,120092.3828
Cu,II,206.24201,206.242011,1500000.0,170000000.0,67916.5572,116387.7873
Cu,II,206.62609,206.626109,960000.0,200000000.0,68850.2628,117231.4014
Cu,II,206.7368,206.736392,35000.0,,72723.817,121079.1501
Cu,II,206.99356,206.993487,240000.0,37000000.0,69867.9849,118163.2663
Cu,II,207.4213,207.420995,39000.0,,72723.817,120919.5715
Cu,II,,207.424066,,,88605.096,136800.137
Cu,II,207.866147,207.866153,6700000.0,630000000.0,66418.6849,114511.2386
Cu,II,208.00593,208.005953,210000.0,49000000.0,69867.9849,117928.2197
Cu,II,208.292,208.291535,56000.0,1000000.0,22847.1176,70841.4669
Cu,II,208.43229,208.432369,170000.0,,69704.7015,117666.626
Cu,II,208.52735,208.527476,860000.0,67000000.0,68447.7349,116387.7873
Cu,II,208.5297,208.530956,2500000.0,4100000.0,21928.7326,69867.9849
Cu,II,208.791812,208.791817,3400000.0,420000000.0,69867.9849,117747.3504
Cu,II,208.796979,208.796987,3700000.0,260000000.0,68447.7349,116325.9148
Cu,II,209.36366,209.363705,2400000.0,220000000.0,67916.5572,115665.1539
Cu,II,209.47925,209.479321,290000.0,22100000.0,67916.5572,115638.8036
Cu,II,209.61891,209.619052,120000.0,16000000.0,70841.4669,118531.9058
Cu,II,209.83067,209.830677,1200000.0,101000000.0,70841.4669,118483.8135
Cu,II,209.83971,209.839724,5000000.0,209000000.0,68730.8876,116371.1804
Cu,II,209.87405,209.874108,300000.0,20000000.0,68447.7349,116080.2237
Cu,II,210.0397,210.039318,53000.0,,68730.8876,116325.9148
Cu,II,210.479587,210.479586,62000000.0,77000000.0,23998.3718,71493.8548
Cu,II,210.63816,210.63791,240000.0,,71531.542,118991.33
Cu,II,211.0308,211.030833,90000.0,,88362.001,135733.433
Cu,II,211.12934,211.129323,860000.0,66000000.0,68730.8876,116080.2237
Cu,II,211.20993,211.209946,55000000.0,350000000.0,26264.5502,73595.8143
Cu,II,211.25245,211.252195,110000.0,12000000.0,70841.4669,118163.2663
Cu,II,211.730881,211.730874,12000000.0,720000000.0,68447.7349,115662.5622
Cu,II,211.83748,211.837484,260000.0,27000000.0,68447.7349,115638.8036
Cu,II,212.297861,212.297858,71000000.0,220000000.0,26264.5502,73353.2957
Cu,II,212.510512,212.510507,3800000.0,228000000.0,70841.4669,117883.0985
Cu,II,212.5267,212.526686,610000.0,66000000.0,71493.8548,118531.9058
Cu,II,212.604361,212.604362,74000000.0,141000000.0,22847.1176,69867.9849
Cu,II,213.00848,213.008459,1000000.0,44000000.0,68730.8876,115662.5622
Cu,II,213.12548,213.125595,190000.0,13000000.0,70841.4669,117747.3504
Cu,II,213.434,213.43403,9500000.0,770000000.0,68730.8876,115568.99497
Cu,II,213.5399,213.539887,,40000000.0,68850.2628,115665.1539
Cu,II,213.598008,213.598004,140000000.0,459000000.0,21928.7326,68730.8876
Cu,II,214.4706,214.470358,,15000000.0,71920.0961,118531.9058
Cu,II,214.4706,214.472206,,,71531.542,118142.95
Cu,II,214.5492,214.549206,1200000.0,114000000.0,67916.5572,114511.2386
Cu,II,214.69187,214.691894,1100000.0,104000000.0,71920.0961,118483.8135
Cu,II,,214.894587,,112000000.0,69867.9849,116387.7873
Cu,II,214.8983,214.898283,59000000.0,88000000.0,21928.7326,68447.7349
Cu,II,215.18083,215.180815,4200000.0,259000000.0,69867.9849,116325.9148
Cu,II,215.291,215.290029,23000.0,,71493.8548,117928.2197
Cu,II,215.84108,215.84113,60000.0,,72723.817,119039.6355
Cu,II,216.131978,216.13199,4200000.0,310000000.0,71493.8548,117747.3504
Cu,II,216.17998,216.180255,58000.0,,71920.0961,118163.2663
Cu,II,216.685,216.68678,21000.0,,71531.542,117666.626
Cu,II,217.498119,217.498126,7500000.0,490000000.0,71920.0961,117883.0985
Cu,II,217.941026,217.940994,72000000.0,215000000.0,23998.3718,69867.9849
Cu,II,218.07508,218.07508,680000.0,,69704.7015,115546.114
Cu,II,218.14243,218.142461,290000.0,24000000.0,71920.0961,117747.3504
Cu,II,218.28585,218.28578,560000.0,80000000.0,69867.9849,115665.1539
Cu,II,218.93693,218.93693,240000.0,13000000.0,68850.2628,114511.2386
Cu,II,218.962967,218.962971,47000000.0,104000000.0,26264.5502,71920.0961
Cu,II,219.05,219.05192,57000.0,,95565.619,141202.628
Cu,II,219.226759,219.226753,73000000.0,280000000.0,22847.1176,68447.7349
Cu,II,219.56818,219.568192,4200000.0,420000000.0,70841.4669,116371.1804
Cu,II,219.78688,219.786726,71000.0,,70841.4669,116325.9148
Cu,II,220.03,220.031543,47000.0,,88926.002,134359.847
Cu,II,220.05078,220.050822,1600000.0,210000000.0,73102.0408,118531.9058
Cu,II,220.1,220.102822,33000.0,,72723.817,118142.95
Cu,II,220.98049,220.980507,1900000.0,210000000.0,70841.4669,116080.2237
Cu,II,221.026692,221.026693,56000000.0,153000000.0,26264.5502,71493.8548
Cu,II,221.2747,221.27473,1100000.0,140000000.0,73353.2957,118531.9058
Cu,II,221.51054,221.51055,3800000.0,490000000.0,73353.2957,118483.8135
Cu,II,221.81077,221.810772,66000000.0,350000000.0,22847.1176,67916.5572
Cu,II,221.85123,221.851209,1900000.0,260000000.0,73102.0408,118163.2663
Cu,II,222.1649,222.16477,99000.0,,85388.772,130386.404
Cu,II,222.46906,222.469062,1300000.0,130000000.0,73595.8143,118531.9058
Cu,II,222.67798,222.677999,2200000.0,290000000.0,71493.8548,116387.7873
Cu,II,222.886748,222.886745,35000000.0,388000000.0,23998.3718,68850.2628
Cu,II,222.98529,222.985346,1800000.0,210000000.0,71493.8548,116325.9148
Cu,II,223.01439,223.014604,1900000.0,190000000.0,73102.0408,117928.2197
Cu,II,223.03979,223.039901,440000.0,20000000.0,70841.4669,115662.5622
Cu,II,223.09512,223.095279,1600000.0,220000000.0,73353.2957,118163.2663
Cu,II,223.15817,223.158204,1100000.0,114000000.0,70841.4669,115638.8036
Cu,II,224.21424,224.214217,240000.0,10700000.0,71493.8548,116080.2237
Cu,II,224.261775,224.261764,54000000.0,250000000.0,26264.5502,70841.4669
Cu,II,224.2718,224.271791,100000.0,58000000.0,73353.2957,117928.2197
Cu,II,224.30938,224.309395,230000.0,40000000.0,73595.8143,118163.2663
Cu,II,224.70017,224.70017,66000000.0,330000000.0,21928.7326,66418.6849
Cu,II,224.89666,224.896667,1800000.0,91000000.0,71920.0961,116371.1804
Cu,II,225.18564,225.185601,72000.0,5800000.0,73353.2957,117747.3504
Cu,II,225.30326,225.30273,51000.0,,85388.772,129759.75
Cu,II,225.4988,225.498778,620000.0,190000000.0,73595.8143,117928.2197
Cu,II,226.3213,226.321318,580000.0,154000000.0,71493.8548,115665.1539
Cu,II,226.37857,226.378578,1700000.0,180000000.0,71920.0961,116080.2237
Cu,II,226.45671,226.456423,50000.0,1400000.0,71493.8548,115638.8036
Cu,II,226.53643,226.536424,190000.0,125000000.0,73102.0408,117231.4014
Cu,II,227.47407,227.474107,150000.0,4000000.0,66418.6849,110366.1542
Cu,II,227.62577,227.625797,16000000.0,63000000.0,23998.3718,67916.5572
Cu,II,227.83378,227.833737,220000.0,132000000.0,73353.2957,117231.4014
Cu,II,228.09423,228.09428,260000.0,,71531.542,115359.532
Cu,II,228.4202,228.419835,17000.0,,95565.619,139331.149
Cu,II,228.66447,228.664494,810000.0,152000000.0,71920.0961,115638.8036
Cu,II,228.9416,228.941619,170000.0,7000000.0,66418.6849,110084.4773
Cu,II,229.01606,229.01612,49000.0,,72723.817,116375.406
Cu,II,229.10018,229.10011,550000.0,176000000.0,73595.8143,117231.4014
Cu,II,229.26896,229.26906,19000.0,400000.0,26264.5502,69867.9849
Cu,II,229.29699,229.297,20000.0,,69704.7015,113302.823
Cu,II,229.43674,229.436758,15000000.0,34000000.0,22847.1176,66418.6849
Cu,II,229.94885,229.948891,140000.0,107000000.0,73102.0408,116576.5758
Cu,II,230.95189,230.95189,200000.0,10200000.0,73102.0408,116387.7873
Cu,II,231.5681,231.56826,17000.0,,85388.772,128559.314
Cu,II,232.30039,232.300409,200000.0,,73353.2957,116387.7873
Cu,II,232.3928,232.392802,86000.0,,71493.8548,114511.2386
Cu,II,232.591,232.590832,25000.0,,73595.8143,116576.5758
Cu,II,232.75669,232.75672,12000.0,,71531.542,114481.674
Cu,II,233.3743,233.375088,23000.0,,95565.619,138401.956
Cu,II,233.61707,233.617057,230000.0,49000000.0,73595.8143,116387.7873
Cu,II,233.97275,233.972732,68000.0,,73353.2957,116080.2237
Cu,II,234.13713,234.13713,17000.0,,69704.7015,112401.632
Cu,II,234.21723,234.21734,55000.0,,88362.001,131044.31
Cu,II,234.789,234.7885,,,88362.001,130940.488
Cu,II,234.789,234.7914,,,110366.1542,152944.11
Cu,II,234.8733,234.873311,120000.0,28000000.0,73102.0408,115665.1539
Cu,II,235.01902,235.01882,14000.0,,73102.0408,115638.8036
Cu,II,235.22911,235.229447,30000.0,,95565.619,138064.2971
Cu,II,235.39437,235.39434,27000.0,,71531.542,114000.452
Cu,II,235.50143,235.501447,610000.0,25000000.0,67916.5572,110366.1542
Cu,II,235.66402,235.664033,1400000.0,3000000.0,23998.3718,66418.6849
Cu,II,236.06389,236.06391,9200.0,,88605.096,130953.558
Cu,II,236.11901,236.1191,37000.0,,88605.096,130943.661
Cu,II,236.26809,236.268143,26000.0,6300000.0,73353.2957,115665.1539
Cu,II,236.41538,236.415386,57000.0,3400000.0,73353.2957,115638.8036
Cu,II,236.698,236.69785,8700.0,,108014.8372,150249.887
Cu,II,236.98893,236.988902,12000000.0,53000000.0,26264.5502,68447.7349
Cu,II,237.07464,237.074698,490000.0,24000000.0,67916.5572,110084.4773
Cu,II,237.6303,237.630277,330000.0,161000000.0,73595.8143,115665.1539
Cu,II,237.7792,237.779223,12000.0,3500000.0,73595.8143,115638.8036
Cu,II,237.84047,237.84063,19000.0,,72723.817,114755.953
Cu,II,237.88442,237.88439,220000.0,,88362.001,130386.404
Cu,II,237.94048,237.94055,53000.0,,88926.002,130940.488
Cu,II,238.48,238.485893,49000.0,600000.0,68447.7349,110366.1542
Cu,II,238.49439,238.494408,100000.0,7000000.0,66418.6849,108335.6078
Cu,II,238.50951,238.50945,7400.0,,108335.6078,150249.887
Cu,II,239.26852,239.26858,6900.0,,88605.096,130386.404
Cu,II,239.32599,239.32602,23000.0,,71531.542,113302.823
Cu,II,239.40296,239.40296,20000.0,,72723.817,114481.674
Cu,II,240.0114,240.011404,3700000.0,6900000.0,26264.5502,67916.5572
Cu,II,240.33373,240.333713,2200000.0,106000000.0,66418.6849,108014.8372
Cu,II,241.41881,241.418856,36000.0,2000000.0,73102.0408,114511.2386
Cu,II,241.48568,241.48563,37000.0,,88362.001,129759.75
Cu,II,242.19424,242.19425,6700.0,,72723.817,114000.452
Cu,II,242.44338,242.44343,1100000.0,50000000.0,68850.2628,110084.4773
Cu,II,242.6558,242.65614,10000.0,,115568.99497,156767.066
Cu,II,242.6996,242.7016,5000.0,,108335.6078,149525.97
Cu,II,242.89274,242.892746,38000.0,19300000.0,73353.2957,114511.2386
Cu,II,243.06772,243.067651,5600.0,,95565.619,136693.948
Cu,II,243.242,243.24183,4800.0,,115662.5622,156761.443
Cu,II,244.26646,244.26646,90000.0,,69704.7015,110631.196
Cu,II,244.33256,244.332555,44000.0,20000000.0,73595.8143,114511.2386
Cu,II,244.82143,244.82131,46000.0,,88926.002,129759.75
Cu,II,245.2951,245.29576,3900.0,,88362.001,129116.774
Cu,II,245.6008,245.599461,7600.0,,95565.619,136269.9996
Cu,II,246.2614,246.261266,11000.0,,95565.619,136160.61825
Cu,II,246.4307,246.430282,3500.0,,95565.619,136132.77781
Cu,II,246.83475,246.8348,33000.0,,88605.096,129105.778
Cu,II,246.85,246.850111,170000.0,13000000.0,69867.9849,110366.1542
Cu,II,247.33333,247.333345,570000.0,59000000.0,67916.5572,108335.6078
Cu,II,247.64439,247.644459,15000.0,,95565.619,135933.89499
Cu,II,248.3784,248.37876,2900.0,,88605.096,128854.036
Cu,II,248.57919,248.579176,1000000.0,142000000.0,69867.9849,110084.4773
Cu,II,248.96523,248.965236,660000.0,1000000.0,26264.5502,66418.6849
Cu,II,249.9001,249.90132,4900.0,,88362.001,128365.736
Cu,II,250.14933,250.14947,4800.0,,88605.096,128569.15
Cu,II,250.62727,250.627258,1000000.0,200000000.0,68447.7349,108335.6078
Cu,II,251.42919,251.42931,4200.0,,88605.096,128365.736
Cu,II,251.50822,251.50831,8400.0,,108014.8372,147762.99
Cu,II,251.89484,251.89484,34000.0,,71531.542,111218.705
Cu,II,252.63277,252.63234,1900.0,,69704.7015,109276.015
Cu,II,252.65923,252.659232,500000.0,27000000.0,68447.7349,108014.8372
Cu,II,252.930395,252.930385,940000.0,106000000.0,70841.4669,110366.1542
Cu,II,254.29345,254.29357,3200.0,,108014.8372,147327.659
Cu,II,254.480509,254.480482,1200000.0,194000000.0,68730.8876,108014.8372
Cu,II,255.3343,255.3343,14000.0,,72723.817,111876.412
Cu,II,255.63698,255.63691,2800.0,,115568.99497,154675.247
Cu,II,255.8213,255.82134,5400.0,,115568.99497,154647.056
Cu,II,255.94301,255.94301,2700.0,,115638.8036,154698.288
Cu,II,255.97925,255.97938,1300.0,,115665.1539,154719.09
Cu,II,256.47257,256.47264,5100.0,,115662.5622,154641.392
Cu,II,256.50459,256.50471,2500.0,,117747.3504,156721.308
Cu,II,256.89061,256.89075,2400.0,,114511.2386,153426.632
Cu,II,257.17551,257.175556,220000.0,11000000.0,71493.8548,110366.1542
Cu,II,257.44124,257.44125,2100.0,,71531.542,110363.725
Cu,II,257.46371,257.46371,4600.0,,117883.0985,156711.894
Cu,II,259.04012,259.03994,990.0,,116080.2237,154672.766
Cu,II,259.052825,259.052826,440000.0,60000000.0,71493.8548,110084.4773
Cu,II,259.88126,259.881194,400000.0,42000000.0,69867.9849,108335.6078
Cu,II,260.026992,260.026973,500000.0,101000000.0,71920.0961,110366.1542
Cu,II,260.45253,260.45089,,,118142.95,156526.436
Cu,II,260.65804,260.65819,1700.0,,116325.9148,154678.877
Cu,II,260.68761,260.68759,3400.0,,116325.9148,154674.551
Cu,II,260.69973,260.69973,2500.0,,116325.9148,154672.766
Cu,II,260.7041,260.7041,,,116325.9148,154672.123
Cu,II,260.99088,260.99094,8400.0,,116371.1804,154675.247
Cu,II,261.07937,261.0794,1600.0,,116387.7873,154678.877
Cu,II,261.12544,261.12546,810.0,,116387.7873,154672.123
Cu,II,261.44127,261.44126,15000.0,,69704.7015,107942.795
Cu,II,261.92104,261.921044,8000.0,,85388.772,123556.8261
Cu,II,262.06656,262.066627,56000.0,1300000.0,69867.9849,108014.8372
Cu,II,263.66187,263.661965,2200.0,,85388.772,123304.823
Cu,II,264.86056,264.86059,3000.0,,71531.542,109276.015
Cu,II,265.59644,265.59642,840.0,,72723.817,110363.725
Cu,II,266.62906,266.629047,230000.0,20000000.0,70841.4669,108335.6078
Cu,II,266.74229,266.7425,990.0,,110084.4773,147562.672
Cu,II,267.6066,267.606654,3100.0,,85388.772,122745.9491
Cu,II,268.14966,268.14957,2100.0,,110366.1542,147647.699
Cu,II,268.27484,268.275015,440.0,900000.0,73102.0408,110366.1542
Cu,II,268.92993,268.929932,410000.0,59000000.0,70841.4669,108014.8372
Cu,II,269.24978,269.24942,3200.0,,116325.9148,153455.178
Cu,II,270.096242,270.096252,520000.0,102000000.0,73353.2957,110366.1542
Cu,II,270.318424,270.318448,540000.0,117000000.0,73102.0408,110084.4773
Cu,II,270.45194,270.45157,1100.0,,88605.096,125569.33
Cu,II,270.82695,270.82695,7200.0,,114511.2386,151424.241
Cu,II,270.97592,270.97597,1600.0,,114511.2386,151403.942
Cu,II,271.02454,271.02434,2700.0,,88362.001,125248.121
Cu,II,271.06069,271.06071,700.0,,116576.5758,153457.747
Cu,II,271.15767,271.15711,350.0,,88362.001,125230.061
Cu,II,271.18649,271.18639,18000.0,,114511.2386,151375.318
Cu,II,271.35078,271.35074,400000.0,89000000.0,71493.8548,108335.6078
Cu,II,271.54038,271.54039,10000.0,,114511.2386,151327.262
Cu,II,271.8777,271.87777,440000.0,80000000.0,73595.8143,110366.1542
Cu,II,272.16764,272.167628,300000.0,39000000.0,73353.2957,110084.4773
Cu,II,272.76947,272.76948,620.0,,114511.2386,151161.379
Cu,II,272.8204,272.82019,310.0,,88926.002,125569.33
Cu,II,273.19477,273.19482,6300.0,,85388.772,121981.8546
Cu,II,273.73415,273.734194,48000.0,1900000.0,71493.8548,108014.8372
Cu,II,273.97662,273.976664,86000.0,4000000.0,73595.8143,110084.4773
Cu,II,274.5271,274.527056,140000.0,14000000.0,71920.0961,108335.6078
Cu,II,275.73283,275.7329,770.0,,117231.4014,153487.668
Cu,II,275.9607,275.96065,760.0,,117231.4014,153457.747
Cu,II,276.2481,276.24581,,,118483.8135,154672.766
Cu,II,276.2481,276.25072,,,118483.8135,154672.123
Cu,II,276.9669,276.966882,310000.0,67000000.0,71920.0961,108014.8372
Cu,II,278.82614,278.82619,5700.0,,115568.99497,151423.056
Cu,II,278.92226,278.92218,210.0,,120684.7128,156526.436
Cu,II,279.17945,279.17947,54000.0,,115568.99497,151377.688
Cu,II,279.2224,279.22125,,,115568.99497,151372.33
Cu,II,279.2224,279.22312,,,115638.8036,151441.899
Cu,II,279.36079,279.36091,620.0,,115638.8036,151424.241
Cu,II,279.52979,279.5298,8000.0,,115638.8036,151402.621
Cu,II,279.56571,279.56567,4600.0,,115662.5622,151421.791
Cu,II,279.58729,279.58732,610.0,,115662.5622,151419.022
Cu,II,279.62625,279.62624,820.0,,117747.3504,153498.834
Cu,II,279.72549,279.72557,7500.0,,115665.1539,151403.942
Cu,II,279.74336,279.74337,8300.0,,115638.8036,151375.318
Cu,II,279.75493,279.75494,410.0,,115638.8036,151373.84
Cu,II,279.88296,279.88296,200.0,,120789.80865,156508.501
Cu,II,279.9528,279.95291,35000.0,,115662.5622,151372.33
Cu,II,279.96805,279.96812,10000.0,,117747.3504,153455.178
Cu,II,280.105,280.105008,1000.0,,85388.772,121079.1501
Cu,II,280.13182,280.1322,400.0,,118163.2663,153850.18
Cu,II,280.32711,280.32706,390.0,,115665.1539,151327.262
Cu,II,280.41888,280.41896,200.0,,120876.0141,156526.436
Cu,II,280.7155,280.71556,770.0,,117883.0985,153495.854
Cu,II,281.03655,281.03657,190.0,,117883.0985,153455.178
Cu,II,281.08038,281.08039,14000.0,,117883.0985,153449.633
Cu,II,281.36315,281.3631,2900.0,,85388.772,120919.5715
Cu,II,281.61978,281.61982,3700.0,,117928.2197,153426.632
Cu,II,281.70843,281.708465,370.0,,85388.772,120876.0141
Cu,II,282.86968,282.8697,3500.0,,116080.2237,151421.791
Cu,II,282.89184,282.89187,3500.0,,116080.2237,151419.022
Cu,II,283.02314,283.02323,6100.0,,116080.2237,151402.621
Cu,II,283.24214,283.24217,3400.0,,116080.2237,151375.318
Cu,II,283.3053,283.3025,,,116375.406,151662.985
Cu,II,283.49699,283.49704,510.0,,118163.2663,153426.632
Cu,II,283.62898,283.62911,4600.0,,118163.2663,153410.212
Cu,II,283.66971,283.67201,,,119039.6355,154281.251
Cu,II,283.73682,283.736814,150000.0,23000000.0,73102.0408,108335.6078
Cu,II,284.04918,284.049162,5800.0,,88362.001,123556.8261
Cu,II,284.68683,284.68693,4300.0,,116325.9148,151441.899
Cu,II,284.84999,284.85005,11000.0,,116325.9148,151421.791
Cu,II,284.87252,284.87252,9100.0,,116325.9148,151419.022
Cu,II,284.99526,284.995,160.0,,116325.9148,151403.942
Cu,II,285.18949,285.18944,4700.0,,116387.7873,151441.899
Cu,II,285.20764,285.20764,12000.0,,116371.1804,151423.056
Cu,II,285.21785,285.21793,6300.0,,116371.1804,151421.791
Cu,II,285.24042,285.24046,3900.0,,116371.1804,151419.022
Cu,II,285.37403,285.37401,630.0,,116371.1804,151402.621
Cu,II,285.49858,285.4986,2100.0,,116387.7873,151403.942
Cu,II,,285.50785,,,118483.8135,153498.834
Cu,II,285.5093,285.50937,310.0,,116387.7873,151402.621
Cu,II,285.53206,285.53215,4700.0,,118483.8135,153495.854
Cu,II,285.62109,285.621,310.0,,116371.1804,151372.33
Cu,II,285.74418,285.74425,310.0,,116387.7873,151373.84
Cu,II,285.77484,285.774808,19000.0,500000.0,73353.2957,108335.6078
Cu,II,285.90051,285.90054,5300.0,,118531.9058,153498.834
Cu,II,285.99192,285.99187,2300.0,,118531.9058,153487.668
Cu,II,286.02493,286.024866,1100.0,,88605.096,123556.8261
Cu,II,286.23233,286.23233,3000.0,,118483.8135,153410.212
Cu,II,286.62706,286.62702,740.0,,118531.9058,153410.212
Cu,II,286.87914,286.87906,440.0,,116576.5758,151424.241
Cu,II,287.29461,287.2946,580.0,,116576.5758,151373.84
Cu,II,287.53341,287.53346,570.0,,120092.3828,154860.741
Cu,II,287.76996,287.769898,170000.0,23000000.0,73595.8143,108335.6078
Cu,II,288.07003,288.069947,2000.0,,85388.772,120092.3828
Cu,II,288.10216,288.102191,1000.0,,88605.096,123304.823
Cu,II,288.31886,288.31886,2800.0,,120092.3828,154766.034
Cu,II,288.41954,288.419598,41000.0,12000000.0,73353.2957,108014.8372
Cu,II,288.4756,288.475571,280.0,,88362.001,123016.8175
Cu,II,289.72206,289.721944,1200.0,,88362.001,122867.7407
Cu,II,290.79162,290.79158,1300.0,,88926.002,123304.823
Cu,II,290.8863,290.88746,130.0,,116375.406,150742.896
Cu,II,291.24526,291.24526,250.0,,120919.5715,
Cu,II,291.77762,291.777629,620.0,,88605.096,122867.7407
Cu,II,292.32569,292.32586,240.0,,120684.7128,154883.104
Cu,II,292.62499,292.62501,240.0,,120092.3828,154255.815
Cu,II,292.72539,292.72535,2900.0,,120684.7128,154836.434
Cu,II,292.81916,292.818542,240.0,,88605.096,122745.9491
Cu,II,293.1789,293.17851,230.0,,116643.96,150742.896
Cu,II,293.22253,293.22254,1200.0,,120789.80865,154883.625
Cu,II,293.3565,293.35614,230.0,,117666.626,151744.916
Cu,II,293.69553,293.69555,2900.0,,120789.80865,154828.718
Cu,II,293.97041,293.97036,1100.0,,120876.0141,154883.104
Cu,II,294.12137,294.12085,1100.0,,117666.626,151656.317
Cu,II,294.2623,294.26237,230.0,,120919.5715,154892.916
Cu,II,294.537,294.5364,6100.0,,88926.002,122867.7407
Cu,II,294.73037,294.73037,670.0,,120919.5715,
Cu,II,294.93463,294.93453,550.0,,123016.8175,156912.74
Cu,II,295.73211,295.73242,1100.0,,121079.1501,154883.625
Cu,II,295.93285,295.93276,740.0,,121079.1501,154860.741
Cu,II,296.8744,296.87445,200.0,,117747.3504,151421.791
Cu,II,297.36495,297.36471,1300.0,,88605.096,122224.0199
Cu,II,297.5271,297.52681,300.0,,118142.95,151743.558
Cu,II,297.56294,297.56286,1200.0,,120684.7128,154281.251
Cu,II,297.70081,297.70087,1100.0,,122745.9491,156326.913
Cu,II,298.17867,298.1786,1000.0,,108014.8372,141542.001
Cu,II,298.1945,298.19449,1400.0,,118142.95,151668.328
Cu,II,298.37677,298.37658,1100.0,,114511.2386,148016.157
Cu,II,298.63345,298.63327,5700.0,,114511.2386,147987.359
Cu,II,298.72351,298.72353,1400.0,,120789.80865,154255.815
Cu,II,299.26695,299.26698,460.0,,120876.0141,154281.251
Cu,II,299.3024,299.3024,460.0,,123556.8261,
Cu,II,299.32667,299.32675,920.0,,108335.6078,141734.175
Cu,II,299.68412,299.68382,720.0,,121524.8509,154883.625
Cu,II,299.8893,299.88956,180.0,,121524.8509,154860.741
Cu,II,299.9871,299.98701,530.0,,123016.8175,156341.878
Cu,II,300.4058,300.40555,260.0,,118163.2663,151441.899
Cu,II,301.05921,301.0591,1700.0,,108335.6078,141542.001
Cu,II,301.22768,301.22786,170.0,,108014.8372,141202.628
Cu,II,301.32896,301.32888,170.0,,121079.1501,154255.815
Cu,II,301.45445,301.454413,6200.0,,88362.001,121524.8509
Cu,II,302.41816,302.41822,230.0,,110366.1542,143423.319
Cu,II,302.7388,302.73945,76.0,,123304.823,156326.913
Cu,II,303.76082,303.76081,140.0,,121981.8546,154892.916
Cu,II,303.7801,303.78031,710.0,,108335.6078,141244.556
Cu,II,304.16787,304.16786,4500.0,,108335.6078,141202.628
Cu,II,304.28556,304.28551,340.0,,120919.5715,153773.884
Cu,II,304.92831,304.92836,130.0,,123556.8261,156341.878
Cu,II,305.19472,305.19509,130.0,,121524.8509,154281.251
Cu,II,305.21596,305.2158,130.0,,85388.772,118142.95
Cu,II,305.35737,305.35735,190.0,,120919.5715,153658.567
Cu,II,305.56134,305.561251,500.0,,88362.001,121079.1501
Cu,II,305.68491,305.68484,310.0,,119039.6355,151743.558
Cu,II,305.98637,305.98632,420.0,,121079.1501,153750.851
Cu,II,306.22814,306.22814,590.0,,108335.6078,140981.51
Cu,II,306.66018,306.65985,400.0,,118142.95,150742.896
Cu,II,308.03202,308.03284,400.0,,114481.674,146936.318
Cu,II,308.1448,308.14527,150.0,,115662.5622,148105.366
Cu,II,308.2935,308.29348,97.0,,115638.8036,148066.011
Cu,II,308.33677,308.33669,970.0,,115638.8036,148061.467
Cu,II,308.54342,308.54421,95.0,,115665.1539,148066.011
Cu,II,308.55818,308.5628,,,115662.5622,148061.467
Cu,II,308.87489,308.87486,550.0,,115662.5622,148028.736
Cu,II,309.78651,309.786615,410.0,,88605.096,120876.0141
Cu,II,311.04745,311.04732,70.0,,116375.406,148515.532
Cu,II,312.13959,312.13961,150.0,,115568.99497,147596.655
Cu,II,312.16428,312.16415,240.0,,116080.2237,148105.366
Cu,II,312.18708,312.18736,90.0,,116080.2237,148102.986
Cu,II,312.47229,312.47222,440.0,,88926.002,120919.5715
Cu,II,313.97885,313.97857,,,121981.8546,153821.937
Cu,II,314.04073,314.04064,230.0,,121981.8546,153815.644
Cu,II,314.60122,314.60119,480.0,,116325.9148,148102.986
Cu,II,314.87869,314.87856,170.0,,121981.8546,153730.935
Cu,II,314.96815,314.96769,,,116325.9148,148066.011
Cu,II,315.02634,315.02636,88.0,,116371.1804,148105.366
Cu,II,315.054,315.04999,,,116371.1804,148102.986
Cu,II,315.06422,315.064124,3000.0,,88362.001,120092.3828
Cu,II,315.10505,315.10506,10000.0,,108014.8372,139741.097
Cu,II,315.29,315.28992,3500.0,,116325.9148,148033.574
Cu,II,315.40935,315.40934,550.0,,108014.8372,139710.491
Cu,II,315.5376,315.53765,380.0,,116080.2237,147762.99
Cu,II,315.58323,315.5829,190.0,,116387.7873,148066.011
Cu,II,315.6282,315.62817,1900.0,,116387.7873,148061.467
Cu,II,315.78901,315.788937,1900.0,,116371.1804,148028.736
Cu,II,315.86729,315.86734,3700.0,,110084.4773,141734.175
Cu,II,316.20434,316.20438,2300.0,,120092.3828,151708.347
Cu,II,316.36838,316.36842,610.0,,116387.7873,147987.359
Cu,II,316.65879,316.65873,3500.0,,120092.3828,151662.985
Cu,II,317.06936,317.06935,540.0,,122224.0199,153753.738
Cu,II,317.36092,317.36088,330.0,,117130.34,148631.096
Cu,II,317.4968,317.496642,840.0,,88605.096,120092.3828
Cu,II,317.63094,317.63108,230.0,,114511.2386,145985.199
Cu,II,317.77392,317.77397,1700.0,,120092.3828,151552.191
Cu,II,317.79692,317.79705,2700.0,,110084.4773,141542.001
Cu,II,317.93173,317.93163,230.0,,114511.2386,145955.447
Cu,II,317.97846,317.97842,6400.0,,116576.5758,148016.157
Cu,II,318.02932,318.02935,470.0,,122224.0199,153658.567
Cu,II,318.0793,318.07922,230.0,,117130.34,148559.958
Cu,II,318.21717,318.21718,11000.0,,114511.2386,145927.231
Cu,II,318.46224,318.46233,480.0,,116371.1804,147762.99
Cu,II,318.48404,318.48409,15000.0,,114511.2386,145900.904
Cu,II,318.57249,318.57256,4000.0,,108014.8372,139395.786
Cu,II,318.60148,318.60153,6400.0,,114511.2386,145889.334
Cu,II,318.63411,318.63415,3000.0,,108335.6078,139710.491
Cu,II,318.70427,318.70386,1200.0,,110366.1542,141734.175
Cu,II,318.87231,318.87259,490.0,,117130.34,148481.763
Cu,II,319.23023,319.23011,250.0,,108014.8372,139331.149
Cu,II,319.81052,319.81052,1000.0,,120919.5715,152179.051
Cu,II,320.45231,320.45259,640.0,,115359.532,146556.381
Cu,II,320.66848,320.66848,1800.0,,110366.1542,141542.001
Cu,II,320.83026,320.83076,1500.0,,110084.4773,141244.556
Cu,II,321.69896,321.69895,520.0,,122745.9491,153821.937
Cu,II,321.73123,321.73104,650.0,,120684.7128,151757.601
Cu,II,321.7641,321.76411,390.0,,122745.9491,153815.644
Cu,II,321.82664,321.82653,260.0,,115359.532,146423.201
Cu,II,321.86278,321.86244,390.0,,120684.7128,151744.916
Cu,II,321.87642,321.87651,2000.0,,120684.7128,151743.558
Cu,II,322.19702,322.19718,260.0,,122745.9491,153773.884
Cu,II,322.53388,322.53392,2100.0,,108335.6078,139331.149
Cu,II,322.6329,322.63301,260.0,,122867.7407,153853.763
Cu,II,322.64395,322.6438,640.0,,122745.9491,153730.935
Cu,II,322.65812,322.65808,5200.0,,120684.7128,151668.328
Cu,II,322.95526,322.95524,970.0,,120789.80865,151744.916
Cu,II,323.33754,323.33722,1000.0,,120789.80865,151708.347
Cu,II,323.4671,323.46691,510.0,,122867.7407,153773.884
Cu,II,323.47336,323.47341,930.0,,108335.6078,139241.13
Cu,II,323.7143,323.7142,250.0,,114000.452,144882.9859
Cu,II,323.72417,323.72413,1100.0,,120876.0141,151757.601
Cu,II,,323.75629,,,120789.80865,151668.328
Cu,II,323.75736,323.75752,1300.0,,110366.1542,141244.556
Cu,II,323.8716,323.87141,1900.0,,120876.0141,151743.558
Cu,II,323.88232,323.88228,5500.0,,120789.80865,151656.317
Cu,II,323.96499,323.96507,250.0,,121981.8546,152840.475
Cu,II,324.18139,324.18139,860.0,,120919.5715,151757.601
Cu,II,324.2425,324.24129,,,120876.0141,151708.347
Cu,II,324.2425,324.24292,,,121981.8546,152814.032
Cu,II,324.59402,324.59405,1500.0,,123016.8175,153815.644
Cu,II,324.67898,324.67839,620.0,,122867.7407,153658.567
Cu,II,325.04652,325.0465,11000.0,,117231.4014,147987.359
Cu,II,325.08739,325.08733,1200.0,,120919.5715,151671.666
Cu,II,325.176,325.1762,,,115359.532,146103.2223
Cu,II,325.176,325.17913,,,120919.5715,151662.985
Cu,II,325.2783,325.27838,2400.0,,123016.8175,153750.851
Cu,II,325.31078,325.3107,1200.0,,108014.8372,138745.817
Cu,II,325.71234,325.71222,240.0,,108335.6078,139028.705
Cu,II,326.00249,326.00253,2400.0,,121079.1501,151744.916
Cu,II,326.01697,326.01697,240.0,,121079.1501,151743.558
Cu,II,326.16469,326.16476,1800.0,,120092.3828,150742.896
Cu,II,326.35546,326.3553,350.0,,120919.5715,151552.191
Cu,II,326.39177,326.39177,3500.0,,121079.1501,151708.347
Cu,II,326.53948,326.53933,1100.0,,110366.1542,140981.51
Cu,II,326.8099,326.80988,230.0,,122224.0199,152814.032
Cu,II,326.81895,326.81879,450.0,,121079.1501,151668.328
Cu,II,326.87591,326.87589,1400.0,,121079.1501,151662.985
Cu,II,327.01104,327.01113,1000.0,,118071.302,148642.489
Cu,II,327.59027,327.59057,2200.0,,123304.823,153821.937
Cu,II,327.89653,327.89636,210.0,,118071.302,148559.958
Cu,II,328.10757,328.10724,210.0,,123304.823,153773.884
Cu,II,328.16964,328.169629,9700.0,,115568.99497,146032.2635
Cu,II,328.20106,328.201019,1100.0,,115568.99497,146029.35
Cu,II,328.26022,328.26016,530.0,,115568.99497,146023.862
Cu,II,328.30958,328.30969,210.0,,118071.302,148521.575
Cu,II,328.32431,328.32433,940.0,,123304.823,153753.738
Cu,II,329.04174,329.041683,38000.0,59000000.0,115568.99497,145951.5299
Cu,II,329.10597,329.105952,1100.0,,115568.99497,145945.5969
Cu,II,329.1809,329.18073,2000.0,,115662.5622,146032.2635
Cu,II,329.21232,329.21232,7700.0,,115662.5622,146029.35
Cu,II,329.27189,329.27183,3500.0,,115662.5622,146023.862
Cu,II,329.29965,329.29984,1500.0,,115662.5622,146021.279
Cu,II,329.33326,329.33327,2800.0,,117747.3504,148102.986
Cu,II,329.43354,329.43355,3800.0,,115638.8036,145985.199
Cu,II,329.51019,329.51018,11000.0,,115638.8036,145978.142
Cu,II,329.71983,329.71986,9300.0,,115665.1539,145985.199
Cu,II,329.73461,329.73492,1200.0,,117747.3504,148066.011
Cu,II,329.75688,329.75686,1400.0,,115638.8036,145955.447
Cu,II,330.02124,330.02124,380.0,,116643.96,146936.318
Cu,II,330.0437,330.04373,6100.0,,115665.1539,145955.447
Cu,II,330.06409,330.06406,9100.0,,115638.8036,145927.231
Cu,II,330.08815,330.08808,13000.0,54000000.0,117747.3504,148033.574
Cu,II,330.12286,330.122844,25000.0,56000000.0,115662.5622,145945.5969
Cu,II,330.31817,330.31836,1400.0,,123556.8261,153821.937
Cu,II,330.35132,330.35122,,,115638.8036,145900.904
Cu,II,330.35132,330.35147,,,115665.1539,145927.231
Cu,II,330.38698,330.38706,2300.0,,123556.8261,153815.644
Cu,II,330.6389,330.63913,180.0,,115665.1539,145900.904
Cu,II,330.76576,330.7657,1200.0,,115665.1539,145889.334
Cu,II,330.78727,330.78664,1200.0,,117883.0985,148105.366
Cu,II,330.81052,330.81074,1100.0,,121524.8509,151744.916
Cu,II,330.82526,330.82561,180.0,,121524.8509,151743.558
Cu,II,330.84337,330.84367,360.0,,123556.8261,153773.884
Cu,II,331.0338,331.03389,89.0,,116375.406,146575.101
Cu,II,331.20278,331.20276,550.0,,116375.406,146559.703
Cu,II,331.21151,331.21155,970.0,,121524.8509,151708.347
Cu,II,331.26771,331.26783,610.0,,117883.0985,148061.467
Cu,II,331.5744,331.57431,1300.0,,117883.0985,148033.574
Cu,II,331.62756,331.62752,16000.0,56000000.0,117883.0985,148028.736
Cu,II,331.65116,331.65129,260.0,,121524.8509,151668.328
Cu,II,331.71383,331.71386,5500.0,,117928.2197,148066.011
Cu,II,331.83147,331.83232,84.0,,114755.953,144882.9859
Cu,II,331.90203,331.90216,840.0,,116375.406,146496.1
Cu,II,332.11137,332.11114,500.0,,123556.8261,153658.567
Cu,II,332.15526,332.15528,1400.0,,120684.7128,150782.454
Cu,II,332.17168,332.17165,410.0,,117231.4014,147327.659
Cu,II,332.26363,332.26351,2000.0,,117928.2197,148016.157
Cu,II,332.48295,332.48292,1200.0,,122745.9491,152814.032
Cu,II,332.50235,332.5021,720.0,,108335.6078,138401.956
Cu,II,332.58187,332.58184,3000.0,,117928.2197,147987.359
Cu,II,332.59236,332.59242,400.0,,120684.7128,150742.896
Cu,II,332.79129,332.79161,160.0,,116375.406,146415.599
Cu,II,333.54075,333.54064,520.0,,122867.7407,152840.475
Cu,II,333.75951,333.75942,3000.0,,120789.80865,150742.896
Cu,II,333.80369,333.803567,9200.0,,116080.2237,146029.35
Cu,II,333.86475,333.86475,9900.0,27000000.0,116080.2237,146023.862
Cu,II,333.8936,333.89355,3600.0,,116080.2237,146021.279
Cu,II,333.9085,333.90845,3600.0,,118163.2663,148102.986
Cu,II,334.08308,334.08312,720.0,,108014.8372,137938.904
Cu,II,334.1761,334.17607,570.0,,116643.96,146559.703
Cu,II,334.28004,334.28003,710.0,,120876.0141,150782.454
Cu,II,334.29641,334.2964,1800.0,,116080.2237,145985.199
Cu,II,334.3214,334.32134,280.0,,118163.2663,148066.011
Cu,II,334.37214,334.37215,14000.0,,118163.2663,148061.467
Cu,II,334.37515,334.37531,14000.0,,116080.2237,145978.142
Cu,II,334.72268,334.72279,140.0,,120876.0141,150742.896
Cu,II,334.76754,334.76762,550.0,,120919.5715,150782.454
Cu,II,334.87955,334.87967,540.0,,118163.2663,148016.157
Cu,II,334.88824,334.88809,620.0,,116643.96,146496.1
Cu,II,334.94567,334.94569,4200.0,,116080.2237,145927.231
Cu,II,335.20324,335.20304,6400.0,,118163.2663,147987.359
Cu,II,335.2079,335.20793,,,123016.8175,152840.475
Cu,II,335.40672,335.40677,330.0,,117130.34,146936.318
Cu,II,335.53107,335.531179,130.0,,108335.6078,138130.5345
Cu,II,335.68877,335.68867,64.0,,88362.001,118142.95
Cu,II,335.74722,335.74732,640.0,,121981.8546,151757.601
Cu,II,335.79368,335.79364,510.0,,116643.96,146415.599
Cu,II,335.90587,335.90575,950.0,,121981.8546,151743.558
Cu,II,335.97217,335.97209,670.0,,117130.34,146886.1667
Cu,II,336.38287,336.383,310.0,,117928.2197,147647.699
Cu,II,336.54414,336.54436,610.0,,109276.015,138981.246
Cu,II,336.56475,336.5647,11000.0,29000000.0,116325.9148,146029.35
Cu,II,336.62696,336.6269,10000.0,,116325.9148,146023.862
Cu,II,336.65619,336.65618,6100.0,,116325.9148,146021.279
Cu,II,336.6856,336.68553,120.0,,108335.6078,138028.384
Cu,II,337.01508,337.01503,610.0,,121079.1501,150742.896
Cu,II,337.04529,337.045289,22000.0,43000000.0,116371.1804,146032.2635
Cu,II,337.06573,337.06573,1100.0,,116325.9148,145985.199
Cu,II,337.07846,337.0784,5900.0,,116371.1804,146029.35
Cu,II,337.14075,337.14079,6200.0,,116371.1804,146023.862
Cu,II,337.17016,337.17016,870.0,,116371.1804,146021.279
Cu,II,337.35914,337.35912,9700.0,,116387.7873,146021.279
Cu,II,337.44423,337.44427,170.0,,110084.4773,139710.491
Cu,II,337.49515,337.4951,12000.0,46000000.0,118483.8135,148105.366
Cu,II,337.52221,337.52222,1400.0,,118483.8135,148102.986
Cu,II,337.66139,337.66143,1300.0,,116371.1804,145978.142
Cu,II,337.70834,337.70829,170.0,,119039.6355,148642.489
Cu,II,337.72601,337.72583,110.0,,116325.9148,145927.231
Cu,II,337.77037,337.77038,5300.0,,116387.7873,145985.199
Cu,II,337.83846,337.83831,170.0,,119039.6355,148631.096
Cu,II,337.85094,337.85094,3500.0,,116387.7873,145978.142
Cu,II,337.94421,337.9441,500.0,,118483.8135,148066.011
Cu,II,337.99595,337.99602,3800.0,,118483.8135,148061.467
Cu,II,338.03311,338.033017,1100.0,,116371.1804,145945.5969
Cu,II,338.07117,338.07116,7600.0,34000000.0,118531.9058,148102.986
Cu,II,338.11021,338.11027,1400.0,,116387.7873,145955.447
Cu,II,338.43322,338.43324,1300.0,,116387.7873,145927.231
Cu,II,338.47698,338.47669,160.0,,123304.823,152840.475
Cu,II,338.4945,338.49442,3600.0,,118531.9058,148066.011
Cu,II,338.54657,338.5465,2100.0,,118531.9058,148061.467
Cu,II,338.73535,338.73515,100.0,,116387.7873,145900.904
Cu,II,338.77986,338.78,210.0,,123304.823,152814.032
Cu,II,338.84491,338.84504,420.0,,118483.8135,147987.359
Cu,II,,339.0647,,,118163.2663,147647.699
Cu,II,339.0664,339.06678,260.0,,118531.9058,148016.157
Cu,II,339.09325,339.09337,100.0,,119039.6355,148521.575
Cu,II,339.27462,339.27444,130.0,,88605.096,118071.302
Cu,II,339.39761,339.39803,,,125248.121,154703.597
Cu,II,339.39761,339.39829,,,118531.9058,147987.359
Cu,II,339.39909,339.39914,150.0,,115359.532,144814.9118
Cu,II,339.5215,339.52154,2000.0,,117130.34,146575.101
Cu,II,339.55206,339.55191,450.0,,119039.6355,148481.763
Cu,II,339.73752,339.73754,740.0,,117130.34,146556.381
Cu,II,340.04535,340.04535,96.0,,118163.2663,147562.672
Cu,II,340.28301,340.28303,1500.0,,116576.5758,145955.447
Cu,II,340.6835,340.68351,140.0,,110366.1542,139710.491
Cu,II,340.91599,340.91597,1400.0,,116576.5758,145900.904
Cu,II,341.04564,341.04549,90.0,,108335.6078,137648.8
Cu,II,341.06738,341.06739,90.0,,122867.7407,152179.051
Cu,II,341.22696,341.22691,130.0,,117130.34,146427.948
Cu,II,341.37074,341.3708,180.0,,117130.34,146415.599
Cu,II,341.38952,341.38957,220.0,,123556.8261,152840.475
Cu,II,341.69362,341.69349,170.0,,121524.8509,150782.454
Cu,II,342.15612,342.15612,850.0,,121524.8509,150742.896
Cu,II,342.87658,342.87659,330.0,,110084.4773,139241.13
Cu,II,343.01011,343.01015,81.0,,88926.002,118071.302
Cu,II,343.3938,343.39259,,,118483.8135,147596.655
Cu,II,343.71829,343.71784,78.0,,117130.34,146215.634
Cu,II,344.4136,344.41368,75.0,,118071.302,147097.835
Cu,II,344.59053,344.59035,37.0,,122745.9491,151757.601
Cu,II,345.14534,345.14543,360.0,,110366.1542,139331.149
Cu,II,345.39306,345.39308,540.0,,110084.4773,139028.705
Cu,II,346.0045,346.00456,350.0,,117666.626,146559.703
Cu,II,346.04304,346.04309,69.0,,122867.7407,151757.601
Cu,II,346.1951,346.19515,100.0,,108335.6078,137212.779
Cu,II,346.34085,346.34094,140.0,,118071.302,146936.318
Cu,II,346.7679,346.76793,200.0,,117666.626,146496.1
Cu,II,346.94366,346.94375,1000.0,,118071.302,146886.1667
Cu,II,347.07569,347.07552,130.0,,122867.7407,151671.666
Cu,II,347.11558,347.1156,260.0,,121981.8546,150782.454
Cu,II,347.20275,347.202782,130.0,,118142.95,146936.318
Cu,II,347.30008,347.3001,330.0,,108014.8372,136800.137
Cu,II,347.64708,347.64703,97.0,,117666.626,146423.201
Cu,II,347.895,347.89487,640.0,,117666.626,146402.715
Cu,II,348.38304,348.38297,310.0,,117231.4014,145927.231
Cu,II,348.70291,348.7029,470.0,,117231.4014,145900.904
Cu,II,348.80212,348.80222,31.0,,110084.4773,138745.817
Cu,II,348.8437,348.84369,150.0,,117231.4014,145889.334
Cu,II,350.1612,350.16122,59.0,,120092.3828,148642.489
Cu,II,350.30098,350.30101,150.0,,120092.3828,148631.096
Cu,II,350.46643,350.46642,59.0,,88605.096,117130.34
Cu,II,350.68362,350.68359,330.0,,116375.406,144882.9859
Cu,II,350.73014,350.73011,58.0,,118071.302,146575.101
Cu,II,351.52292,351.52302,850.0,,116375.406,144814.9118
Cu,II,351.61395,351.61396,110.0,,118142.95,146575.101
Cu,II,351.67786,351.67792,280.0,,108014.8372,136441.817
Cu,II,351.8044,351.80449,230.0,,118142.95,146559.703
Cu,II,351.84565,351.84562,420.0,,118142.95,146556.381
Cu,II,352.2643,352.26429,84.0,,110366.1542,138745.817
Cu,II,352.55026,352.55023,55.0,,118071.302,146427.948
Cu,II,352.59383,352.5937,140.0,,118142.95,146496.1
Cu,II,353.46784,353.46781,27.0,,120919.5715,149202.607
Cu,II,353.4809,353.48076,,,117747.3504,146029.35
Cu,II,353.4809,353.48127,,,88362.001,116643.96
Cu,II,353.50258,353.50262,1100.0,,118142.95,146423.201
Cu,II,353.54942,353.54937,220.0,,117747.3504,146023.862
Cu,II,353.58163,353.58167,190.0,,117747.3504,146021.279
Cu,II,353.59757,353.59767,140.0,,118142.95,146415.599
Cu,II,354.0185,354.0187,110.0,,116643.96,144882.9859
Cu,II,354.03356,354.03346,110.0,,117747.3504,145985.199
Cu,II,354.122,354.12196,27.0,,117747.3504,145978.142
Cu,II,354.67568,354.67551,27.0,,123556.8261,151743.558
Cu,II,354.87423,354.87419,1400.0,,116643.96,144814.9118
Cu,II,355.14887,355.14887,530.0,,117883.0985,146032.2635
Cu,II,355.18563,355.18563,210.0,,117883.0985,146029.35
Cu,II,355.25495,355.2549,110.0,,117883.0985,146023.862
Cu,II,355.28735,355.28751,53.0,,117883.0985,146021.279
Cu,II,355.54287,355.543262,53.0,,108014.8372,136132.77781
Cu,II,355.6915,355.69167,,,108335.6078,136441.817
Cu,II,355.6915,355.69231,,,123556.8261,151662.985
Cu,II,355.8332,355.83303,52.0,,117883.0985,145978.142
Cu,II,356.24574,356.24572,100.0,,117883.0985,145945.5969
Cu,II,356.31578,356.3158,78.0,,117928.2197,145985.199
Cu,II,356.5762,356.57601,52.0,,122745.9491,150782.454
Cu,II,356.58472,356.58496,210.0,,110366.1542,138401.956
Cu,II,356.69405,356.69405,52.0,,117928.2197,145955.447
Cu,II,356.7801,356.779746,73.0,,108014.8372,136035.3328
Cu,II,356.87006,356.87005,78.0,,88362.001,116375.406
Cu,II,357.35908,357.358964,520.0,,108014.8372,135989.9176
Cu,II,357.5373,357.53666,,,128365.736,156326.913
Cu,II,357.5373,357.53746,,,117928.2197,145889.334
Cu,II,357.75874,357.75764,,,110084.4773,138028.384
Cu,II,357.84051,357.84043,130.0,,108014.8372,135952.279
Cu,II,358.13166,358.13179,26.0,,122867.7407,150782.454
Cu,II,358.36322,358.36328,77.0,,119039.6355,146936.318
Cu,II,358.86079,358.86074,200.0,,118163.2663,146021.279
Cu,II,359.00862,359.0087,650.0,,119039.6355,146886.1667
Cu,II,359.2115,359.21139,51.0,,120684.7128,148515.532
Cu,II,359.23528,359.23522,770.0,,110084.4773,137913.45
Cu,II,359.3261,359.32613,100.0,,118163.2663,145985.199
Cu,II,359.41722,359.41729,130.0,,118163.2663,145978.142
Cu,II,359.71,359.7108,51.0,,118163.2663,145955.447
Cu,II,360.0438,360.04382,76.0,,120876.0141,148642.489
Cu,II,360.07635,360.07638,130.0,,118163.2663,145927.231
Cu,II,360.19187,360.19162,200.0,,120876.0141,148631.096
Cu,II,360.22331,360.22324,1200.0,,117130.34,144882.9859
Cu,II,360.66576,360.66576,1900.0,,108014.8372,135733.433
Cu,II,361.10901,361.10902,370.0,,117130.34,144814.9118
Cu,II,361.1172,361.11721,,,120876.0141,148559.958
Cu,II,361.50429,361.504192,25.0,,108335.6078,135989.9176
Cu,II,361.68636,361.6863,890.0,,120919.5715,148559.958
Cu,II,362.14008,362.14013,26.0,,120876.0141,148481.763
Cu,II,362.18942,362.18927,77.0,,120919.5715,148521.575
Cu,II,362.635,362.63111,,,118991.33,146559.703
Cu,II,362.6973,362.69734,51.0,,121079.1501,148642.489
Cu,II,362.84741,362.84733,130.0,,121079.1501,148631.096
Cu,II,362.90907,362.90858,51.0,,110366.1542,137913.45
Cu,II,362.93186,362.93176,26.0,,118483.8135,146029.35
Cu,II,363.00412,363.00408,100.0,,118483.8135,146023.862
Cu,II,363.06454,363.0645,380.0,,119039.6355,146575.101
Cu,II,363.16198,363.161939,51.0,,108335.6078,135863.6857
Cu,II,363.31159,363.31151,520.0,,119039.6355,146556.381
Cu,II,363.51554,363.51443,,,118483.8135,145985.199
Cu,II,363.60783,363.60773,77.0,,118483.8135,145978.142
Cu,II,363.7867,363.78663,26.0,,121079.1501,148559.958
Cu,II,364.10912,364.10918,52.0,,119039.6355,146496.1
Cu,II,364.17928,364.17903,1000.0,,95565.619,123016.8175
Cu,II,364.24505,364.24488,77.0,,118531.9058,145978.142
Cu,II,364.28238,364.28229,26.0,,118483.8135,145927.231
Cu,II,364.30146,364.3015,770.0,,120919.5715,148361.542
Cu,II,364.37566,364.37571,1300.0,,121079.1501,148515.532
Cu,II,364.7081,364.708,160.0,,118991.33,146402.715
Cu,II,364.82463,364.82475,52.0,,121079.1501,148481.763
Cu,II,364.88875,364.8885,390.0,,108335.6078,135733.433
Cu,II,364.92205,364.9218,52.0,,118531.9058,145927.231
Cu,II,365.18,365.1799,100.0,,119039.6355,146415.599
Cu,II,366.42913,366.429,130.0,,110366.1542,137648.8
Cu,II,367.86688,367.86702,80.0,,119039.6355,146215.634
Cu,II,368.24238,368.24254,3900.0,,117666.626,144814.9118
Cu,II,368.65552,368.65539,16000.0,970000.0,68447.7349,95565.619
Cu,II,369.33279,369.33271,81.0,,122415.957,149484.111
Cu,II,370.39305,370.39285,680.0,,121524.8509,148515.532
Cu,II,372.41764,372.4177,390.0,,120092.3828,146936.318
Cu,II,372.54537,372.54544,110.0,,68730.8876,95565.619
Cu,II,372.86574,372.86569,280.0,,118071.302,144882.9859
Cu,II,373.03433,373.03437,250.0,,108335.6078,135135.168
Cu,II,373.11462,373.11479,170.0,,120092.3828,146886.1667
Cu,II,373.86488,373.86478,1700.0,,118142.95,144882.9859
Cu,II,374.03281,374.03278,280.0,,108014.8372,134742.863
Cu,II,374.20597,374.20592,430.0,,110084.4773,136800.137
Cu,II,374.81909,374.81901,1800.0,,118142.95,144814.9118
Cu,II,374.9782,374.97756,,,108014.8372,134675.522
Cu,II,374.9782,374.97826,,,121981.8546,148642.489
Cu,II,375.13859,375.13858,310.0,,121981.8546,148631.096
Cu,II,376.1427,376.14269,150.0,,121981.8546,148559.958
Cu,II,376.68662,376.68669,230.0,,121981.8546,148521.575
Cu,II,377.25256,377.25262,480.0,,121981.8546,148481.763
Cu,II,377.49743,377.49751,59.0,,120092.3828,146575.101
Cu,II,377.76444,377.76455,150.0,,120092.3828,146556.381
Cu,II,378.19355,378.1935,290.0,,110366.1542,136800.137
Cu,II,378.62696,378.62702,3200.0,,120092.3828,146496.1
Cu,II,379.54413,379.54419,450.0,,108335.6078,134675.522
Cu,II,379.60675,379.60687,580.0,,120092.3828,146427.948
Cu,II,379.61694,379.61694,820.0,,122867.7407,149202.607
Cu,II,379.78489,379.78496,4200.0,,120092.3828,146415.599
Cu,II,380.15563,380.15556,670.0,,122224.0199,148521.575
Cu,II,380.627,380.6333,7400.0,1.58,0.0,26264.5502
Cu,II,381.88787,381.88793,2000.0,,120919.5715,147097.835
Cu,II,382.48323,382.48321,1000.0,,122224.0199,148361.542
Cu,II,382.69209,382.69216,3000.0,,120092.3828,146215.634
Cu,II,383.61646,383.61655,1800.0,,120876.0141,146936.318
Cu,II,384.14818,384.14819,590.0,,108335.6078,134359.847
Cu,II,384.25889,384.25882,2000.0,,120919.5715,146936.318
Cu,II,384.35628,384.35624,150.0,,120876.0141,146886.1667
Cu,II,384.95824,384.9581,1700.0,,108014.8372,133984.325
Cu,II,385.00092,385.00099,1600.0,,120919.5715,146886.1667
Cu,II,385.1105,385.1102,890.0,,95565.619,121524.8509
Cu,II,385.941,385.9433,180.0,,115638.8036,141542.001
Cu,II,386.13421,386.13424,1300.0,,120684.7128,146575.101
Cu,II,386.21245,386.21243,1200.0,,122745.9491,148631.096
Cu,II,386.36403,386.36404,1200.0,,120684.7128,146559.703
Cu,II,386.4137,386.41365,3200.0,,120684.7128,146556.381
Cu,II,386.63047,386.63035,1200.0,,121079.1501,146936.318
Cu,II,386.83711,386.83707,1100.0,,119039.6355,144882.9859
Cu,II,387.1334,387.13321,210.0,,118991.33,144814.9118
Cu,II,387.27645,387.27678,550.0,,122745.9491,148559.958
Cu,II,387.32075,387.32058,940.0,,108014.8372,133825.927
Cu,II,387.85873,387.85875,860.0,,119039.6355,144814.9118
Cu,II,387.8667,387.8667,,,122867.7407,148642.489
Cu,II,387.93966,387.93976,3800.0,,120789.80865,146559.703
Cu,II,387.98973,387.98977,140.0,,120789.80865,146556.381
Cu,II,388.41312,388.41313,8100.0,31000000.0,120684.7128,146423.201
Cu,II,388.45339,388.4535,3800.0,31000000.0,122745.9491,148481.763
Cu,II,388.52865,388.52789,,,120684.7128,146415.599
Cu,II,389.00864,389.00865,2200.0,,120876.0141,146575.101
Cu,II,389.11277,389.11267,1500.0,,122867.7407,148559.958
Cu,II,389.29237,389.29223,3000.0,,120876.0141,146556.381
Cu,II,389.46198,389.461915,280.0,,110366.1542,136035.3328
Cu,II,389.66915,389.66912,1900.0,,120919.5715,146575.101
Cu,II,389.69491,389.69487,280.0,,122867.7407,148521.575
Cu,II,389.77292,389.77262,2500.0,,108335.6078,133984.325
Cu,II,390.00557,390.00565,1100.0,,120789.80865,146423.201
Cu,II,390.12315,390.12316,280.0,,123016.8175,148642.489
Cu,II,390.20837,390.20821,140.0,,120876.0141,146496.1
Cu,II,390.29667,390.29668,2500.0,,123016.8175,148631.096
Cu,II,390.31761,390.31759,8200.0,35000000.0,120789.80865,146402.715
Cu,II,390.51121,390.51133,830.0,,122415.957,148016.157
Cu,II,390.72743,390.72616,,,110366.1542,135952.279
Cu,II,391.24911,391.249,690.0,,120876.0141,146427.948
Cu,II,391.38355,391.38369,160.0,,123016.8175,148559.958
Cu,II,391.4311,391.43081,,,115662.5622,141202.628
Cu,II,391.83817,391.83792,400.0,,95565.619,121079.1501
Cu,II,391.91725,391.9171,1000.0,,120919.5715,146427.948
Cu,II,392.06546,392.06561,4000.0,33000000.0,123016.8175,148515.532
Cu,II,392.1071,392.10693,,,120919.5715,146415.599
Cu,II,392.1071,392.10811,,,121079.1501,146575.101
Cu,II,392.14136,392.14117,450.0,,122867.7407,148361.542
Cu,II,392.34504,392.34506,2100.0,,121079.1501,146559.703
Cu,II,392.3963,392.39622,400.0,,121079.1501,146556.381
Cu,II,392.5856,392.58554,390.0,,123016.8175,148481.763
Cu,II,393.32684,393.32688,2000.0,,121079.1501,146496.1
Cu,II,393.41202,393.41175,470.0,,121524.8509,146936.318
Cu,II,393.59626,393.5956,,,110084.4773,135484.075
Cu,II,394.09702,394.09707,300.0,,110366.1542,135733.433
Cu,II,394.45822,394.45826,490.0,,121079.1501,146423.201
Cu,II,394.5577,394.55767,2300.0,,123304.823,148642.489
Cu,II,394.57664,394.57662,1500.0,,121079.1501,146415.599
Cu,II,395.20661,395.2066,980.0,,120919.5715,146215.634
Cu,II,395.84734,395.84707,840.0,,123304.823,148559.958
Cu,II,397.43504,397.43528,91.0,,116387.7873,141542.001
Cu,II,397.55387,397.5538,90.0,,122415.957,147562.672
Cu,II,398.52145,398.52136,700.0,,123556.8261,148642.489
Cu,II,398.70237,398.70244,2300.0,,123556.8261,148631.096
Cu,II,399.07807,399.07773,960.0,,110084.4773,135135.168
Cu,II,399.33023,399.33022,2600.0,,121524.8509,146559.703
Cu,II,399.83675,399.83684,860.0,,123556.8261,148559.958
Cu,II,400.34759,400.34736,1600.0,,121524.8509,146496.1
Cu,II,400.45155,400.4516,400.0,,123556.8261,148521.575
Cu,II,400.61651,400.61666,1500.0,,121981.8546,146936.318
Cu,II,401.4236,401.42342,870.0,,121981.8546,146886.1667
Cu,II,401.51963,401.51954,860.0,,121524.8509,146423.201
Cu,II,401.64254,401.64218,1500.0,,121524.8509,146415.599
Cu,II,403.03508,403.03525,330.0,,123556.8261,148361.542
Cu,II,403.26469,403.2647,1500.0,,120092.3828,144882.9859
Cu,II,404.2549,404.25473,67.0,,114511.2386,139241.13
Cu,II,404.34879,404.34858,27000.0,1140000.0,70841.4669,95565.619
Cu,II,404.37515,404.375122,17000.0,,120092.3828,144814.9118
Cu,II,405.36529,405.36521,3100.0,,122224.0199,146886.1667
Cu,II,406.50094,406.5009,1600.0,,121981.8546,146575.101
Cu,II,406.53723,406.5373,230.0,,110084.4773,134675.522
Cu,II,406.81058,406.81056,2000.0,,121981.8546,146556.381
Cu,II,408.94787,408.94788,480.0,,121981.8546,146427.948
Cu,II,411.24816,411.24801,820.0,,110366.1542,134675.522
Cu,II,411.82403,411.82398,57.0,,110084.4773,134359.847
Cu,II,412.5171,412.51717,11.0,,114511.2386,138745.817
Cu,II,412.59352,412.59352,65.0,,122867.7407,147097.835
Cu,II,413.1361,413.1361,16000.0,,120684.7128,144882.9859
Cu,II,413.27116,413.27109,1000.0,,122745.9491,146936.318
Cu,II,414.12965,414.12968,9700.0,,122745.9491,146886.1667
Cu,II,414.3017,414.301624,2100.0,,120684.7128,144814.9118
Cu,II,414.78136,414.78131,190.0,,115638.8036,139741.097
Cu,II,415.1904,415.19059,47.0,,115662.5622,139741.097
Cu,II,415.36234,415.36236,3600.0,,122867.7407,146936.318
Cu,II,415.4642,415.4642,9.3,,88362.001,112424.679
Cu,II,416.113984,416.113989,17000.0,,120789.80865,144814.9118
Cu,II,416.22967,416.22967,3000.0,,122867.7407,146886.1667
Cu,II,416.42826,416.42827,8700.0,,120876.0141,144882.9859
Cu,II,416.567,416.5775,3.0,2.1e-12,0.0,23998.3718
Cu,II,416.65884,416.65874,350.0,,110366.1542,134359.847
Cu,II,417.18513,417.18521,10000.0,,120919.5715,144882.9859
Cu,II,417.61248,417.61247,1400.0,,120876.0141,144814.9118
Cu,II,417.95117,417.95113,12000.0,,123016.8175,146936.318
Cu,II,418.5149,418.51555,8.0,,85388.772,109276.015
Cu,II,419.5359,419.53583,210.0,,122745.9491,146575.101
Cu,II,419.57735,419.5774,340.0,,115568.99497,139395.786
Cu,II,419.86561,419.86568,240.0,,122745.9491,146556.381
Cu,II,419.9435,419.94464,110.0,,117928.2197,141734.175
Cu,II,420.1735,420.17309,15.0,,123304.823,147097.835
Cu,II,420.1888,420.18877,22.0,,131044.31,154836.434
Cu,II,420.7672,420.7587,,,115359.532,139119.4295
Cu,II,420.9321,420.93213,29.0,,117231.4014,140981.51
Cu,II,421.18649,421.186561,11000.0,,121079.1501,144814.9118
Cu,II,421.2315,421.2316,14.0,,115662.5622,139395.786
Cu,II,421.69124,421.69115,640.0,,122867.7407,146575.101
Cu,II,421.938,421.9584,340.0,,115638.8036,139331.149
Cu,II,422.1427,422.14276,69.0,,122745.9491,146427.948
Cu,II,422.38195,422.38197,100.0,,115662.5622,139331.149
Cu,II,422.4344,422.43455,14.0,,114511.2386,138176.8797
Cu,II,422.51956,422.51967,140.0,,116080.2237,139741.097
Cu,II,422.79422,422.79397,7900.0,510000.0,71920.0961,95565.619
Cu,II,423.04486,423.04495,4000.0,,123304.823,146936.318
Cu,II,423.28346,423.28362,130.0,,110366.1542,133984.325
Cu,II,423.94445,423.94468,7000.0,,123304.823,146886.1667
Cu,II,424.041,424.0412,64.0,,115665.1539,139241.13
Cu,II,424.131,424.1271,,,131312.426,154883.625
Cu,II,424.131,424.13236,,,118163.2663,141734.175
Cu,II,424.32516,424.32501,320.0,,122867.7407,146427.948
Cu,II,424.6986,424.69715,,,123016.8175,146556.381
Cu,II,424.6986,424.69847,,,122415.957,145955.447
Cu,II,425.10194,425.102,300.0,,114511.2386,138028.384
Cu,II,425.463,425.46275,12.0,,117747.3504,141244.556
Cu,II,425.56348,425.56343,1100.0,,114511.2386,138002.8856
Cu,II,425.6846,425.68484,30.0,,122415.957,145900.904
Cu,II,426.7611,426.76128,120.0,,95565.619,118991.33
Cu,II,426.8103,426.81012,18.0,,113302.823,136725.85349
Cu,II,427.60484,427.60496,8700.0,,123556.8261,146936.318
Cu,II,427.7805,427.78016,150.0,,116371.1804,139741.097
Cu,II,427.99621,427.99594,5100.0,,121524.8509,144882.9859
Cu,II,428.0845,428.08437,5.8,,116387.7873,139741.097
Cu,II,428.1838,428.18368,29.0,,122867.7407,146215.634
Cu,II,428.52433,428.5242,2000.0,,123556.8261,146886.1667
Cu,II,428.6465,428.64615,11.0,,116387.7873,139710.491
Cu,II,428.713,428.7045,180.0,,117883.0985,141202.628
Cu,II,428.7779,428.77744,11.0,,116080.2237,139395.786
Cu,II,429.1084,429.10824,640.0,,108014.8372,131312.426
Cu,II,429.24705,429.24694,9000.0,,121524.8509,144814.9118
Cu,II,429.6123,429.61187,17.0,,123304.823,146575.101
Cu,II,429.9696,429.96946,11.0,,116080.2237,139331.149
Cu,II,430.871,430.87114,28.0,,118531.9058,141734.175
Cu,II,432.07611,432.07616,270.0,,114511.2386,137648.8
Cu,II,433.5639,433.56353,17.0,,118483.8135,141542.001
Cu,II,434.1039,434.10414,17.0,,108014.8372,131044.31
Cu,II,434.3152,434.31532,11.0,,123556.8261,146575.101
Cu,II,434.47,434.46972,5.7,,118531.9058,141542.001
Cu,II,434.6687,434.66883,240.0,,123556.8261,146556.381
Cu,II,435.7339,435.73345,5.8,,116387.7873,139331.149
Cu,II,436.0102,436.00973,47.0,,108014.8372,130943.661
Cu,II,436.53705,436.53697,7300.0,,121981.8546,144882.9859
Cu,II,437.346,437.34591,18.0,,123556.8261,146415.599
Cu,II,437.58,437.569,2000.0,0.09,0.0,22847.1176
Cu,II,437.8384,437.83848,1500.0,,121981.8546,144814.9118
Cu,II,439.6423,439.64196,13.0,,115662.5622,138401.956
Cu,II,440.2363,440.23616,33.0,,108335.6078,131044.31
Cu,II,441.0941,441.09371,7.0,,116576.5758,139241.13
Cu,II,441.9088,441.90825,7.3,,115638.8036,138261.5822
Cu,II,442.2583,442.25816,15.0,,108335.6078,130940.488
Cu,II,443.5693,443.56906,80.0,,115638.8036,138176.8797
Cu,II,444.08836,444.08827,520.0,,115665.1539,138176.8797
Cu,II,444.1709,444.17193,180.0,,116375.406,138882.8921
Cu,II,444.48314,444.48307,1200.0,,115638.8036,138130.5345
Cu,II,446.26902,446.26875,1600.0,,115662.5622,138064.2971
Cu,II,448.528,448.528,,,114511.2386,136800.137
Cu,II,449.5356,449.53577,38.0,,116643.96,138882.8921
Cu,II,450.59982,450.59996,11000.0,630000.0,66418.6849,88605.096
Cu,II,451.55194,451.55195,960.0,,116080.2237,138219.8605
Cu,II,451.60492,451.60499,2700.0,,122745.9491,144882.9859
Cu,II,452.9983,452.99803,70.0,,122745.9491,144814.9118
Cu,II,453.3814,453.38122,54.0,,116080.2237,138130.5345
Cu,II,454.10325,454.10337,6900.0,,122867.7407,144882.9859
Cu,II,454.215,454.21167,,,115638.8036,137648.8
Cu,II,454.215,454.21719,,,117231.4014,139241.13
Cu,II,454.6433,454.64353,410.0,,117130.34,139119.4295
Cu,II,455.1807,455.18069,260.0,,117747.3504,139710.491
Cu,II,455.59211,455.59193,18000.0,710000.0,66418.6849,88362.001
Cu,II,455.75077,455.75079,1100.0,,116325.9148,138261.5822
Cu,II,455.87,455.8949,3000.0,,0.0,21928.7326
Cu,II,457.518,457.51748,,,116325.9148,138176.8797
Cu,II,457.518,457.51871,,,117130.34,138981.246
Cu,II,,457.5185,,,134675.522,156526.436
Cu,II,457.56529,457.56532,850.0,,116371.1804,138219.8605
Cu,II,458.4899,458.48994,60.0,,116325.9148,138130.5345
Cu,II,458.6274,458.62719,300.0,,123016.8175,144814.9118
Cu,II,458.81661,458.81667,620.0,,116387.7873,138176.8797
Cu,II,458.9601,458.96035,220.0,,117928.2197,139710.491
Cu,II,459.433,459.43638,,,114000.452,135760.1548
Cu,II,459.4436,459.44374,130.0,,116371.1804,138130.5345
Cu,II,459.69056,459.69063,4800.0,,116325.9148,138073.5826
Cu,II,459.79473,459.79466,3200.0,,116387.7873,138130.5345
Cu,II,460.65041,460.64944,,,116371.1804,138073.5826
Cu,II,460.84661,460.84662,3100.0,,116371.1804,138064.2971
Cu,II,460.9416,460.93996,560.0,,117130.34,138819.0637
Cu,II,461.9659,461.96507,82.0,,116387.7873,138028.384
Cu,II,462.5097,462.51004,2100.0,,116387.7873,138002.8856
Cu,II,463.1801,463.18076,90.0,,117747.3504,139331.149
Cu,II,463.526,463.52599,230.0,,116371.1804,137938.904
Cu,II,463.95854,463.95835,1100.0,,115665.1539,137212.779
Cu,II,464.7012,464.70121,950.0,,115568.99497,137082.175
Cu,II,464.92705,464.927084,6700.0,,114511.2386,136013.9671
Cu,II,466.03044,466.0307,5600.0,,116576.5758,138028.384
Cu,II,466.13627,466.1362,7100.0,,114511.2386,135958.1919
Cu,II,466.2654,466.26475,13000.0,,114511.2386,135952.279
Cu,II,466.7315,466.73119,11000.0,,115662.5622,137082.175
Cu,II,467.17016,467.170176,29000.0,56000000.0,114511.2386,135910.7245
Cu,II,467.35772,467.35774,20000.0,160000000.0,114511.2386,135902.1365
Cu,II,468.19938,468.19935,36000.0,110000000.0,114511.2386,135863.6857
Cu,II,468.77662,468.77648,3000.0,,123556.8261,144882.9859
Cu,II,470.2125,470.21291,550.0,,116387.7873,137648.8
Cu,II,473.7909,473.79023,170.0,,117928.2197,139028.705
Cu,II,474.4588,474.45892,520.0,,118071.302,139142.049
Cu,II,475.34684,475.34691,2100.0,,115662.5622,136693.948
Cu,II,475.84334,475.84334,15000.0,1300000.0,67916.5572,88926.002
Cu,II,476.5913,476.59115,62.0,,118142.95,139119.4295
Cu,II,476.67392,476.67394,4500.0,,114511.2386,135484.075
Cu,II,477.29651,477.29656,590.0,,117231.4014,138176.8797
Cu,II,478.10855,478.10769,670.0,,118071.302,138981.246
Cu,II,479.2709,479.27117,430.0,,110084.4773,130943.661
Cu,II,479.7306,479.7308,150.0,,108014.8372,128854.036
Cu,II,480.0112,480.01106,590.0,,118071.302,138898.334
Cu,II,480.0584,480.05808,370.0,,116387.7873,137212.779
Cu,II,480.56557,480.56527,3600.0,,115638.8036,136441.817
Cu,II,480.70463,480.70463,7000.0,,117231.4014,138028.384
Cu,II,481.11487,481.11475,1000.0,,115662.5622,136441.817
Cu,II,481.29476,481.29474,36000.0,130000000.0,117231.4014,138002.8856
Cu,II,481.4868,481.4868,310.0,,108014.8372,128778.037
Cu,II,482.0269,482.02672,160.0,,118142.95,138882.8921
Cu,II,482.93349,482.9334,1100.0,,115568.99497,136269.9996
Cu,II,483.22454,483.22439,14000.0,250000.0,67916.5572,88605.096
Cu,II,483.3761,483.37603,1000.0,,117231.4014,137913.45
Cu,II,483.4673,483.46703,440.0,,110366.1542,131044.31
Cu,II,483.6799,483.67982,790.0,,116375.406,137044.4647
Cu,II,483.7434,483.7435,360.0,,116576.5758,137242.914
Cu,II,484.01833,484.01829,1100.0,,117747.3504,138401.956
Cu,II,484.1832,484.1832,,,136160.61825,
Cu,II,484.73822,484.73823,1500.0,,114511.2386,135135.168
Cu,II,485.12625,485.12617,12000.0,29000000.0,115662.5622,136269.9996
Cu,II,485.498733,485.498743,34000.0,35000000.0,115568.99497,136160.61825
Cu,II,485.9068,485.90673,97.0,,110366.1542,130940.488
Cu,II,486.15612,486.156049,3600.0,,115568.99497,136132.77781
Cu,II,486.6254,486.6255,700.0,,116375.406,136919.3511
Cu,II,487.33056,487.33035,9900.0,24000000.0,117747.3504,138261.5822
Cu,II,487.7151,487.71492,100.0,,115662.5622,136160.61825
Cu,II,488.32352,488.32351,2900.0,,117747.3504,138219.8605
Cu,II,488.37832,488.37825,2900.0,,115662.5622,136132.77781
Cu,II,488.97005,488.96998,12000.0,190000.0,67916.5572,88362.001
Cu,II,489.3506,489.35089,770.0,,117747.3504,138176.8797
Cu,II,489.6414,489.64163,1900.0,,117231.4014,137648.8
Cu,II,490.0472,490.04712,920.0,,116643.96,137044.4647
Cu,II,490.142635,490.142634,26000.0,62000000.0,115638.8036,136035.3328
Cu,II,490.4534,490.45146,,,135958.1919,156341.878
Cu,II,490.5768,490.57667,580.0,,117883.0985,138261.5822
Cu,II,490.65663,490.656612,21000.0,44000000.0,115638.8036,136013.9671
Cu,II,490.71427,490.71424,1000.0,,115662.5622,136035.3328
Cu,II,490.82819,490.82838,970.0,,116325.9148,136693.948
Cu,II,490.90397,490.9039,6100.0,,115568.99497,135933.89499
Cu,II,490.973351,490.973351,160000.0,204000000.0,115568.99497,135931.01412
Cu,II,491.23645,491.23644,17000.0,,115638.8036,135989.9176
Cu,II,491.291989,491.291987,29000.0,60000000.0,115665.1539,136013.9671
Cu,II,491.58321,491.58312,11000.0,25000000.0,117883.0985,138219.8605
Cu,II,491.81079,491.81061,2400.0,,115662.5622,135989.9176
Cu,II,491.83779,491.83778,54000.0,290000000.0,117747.3504,138073.5826
Cu,II,492.00348,492.00345,6800.0,,115638.8036,135958.1919
Cu,II,492.14627,492.14666,5900.0,,115638.8036,135952.279
Cu,II,492.64228,492.64232,26000.0,90000000.0,115665.1539,135958.1919
Cu,II,492.6811,492.68186,740.0,,113302.823,133594.2323
Cu,II,492.786,492.7859,830.0,,115665.1539,135952.279
Cu,II,493.0713,493.0711,620.0,,116643.96,136919.3511
Cu,II,493.155496,493.155505,28000.0,71000000.0,115638.8036,135910.7245
Cu,II,493.16982,493.16981,140000.0,190000000.0,115662.5622,135933.89499
Cu,II,493.30777,493.30745,1100.0,,115568.99497,135834.672
Cu,II,493.722029,493.722031,26000.0,110000000.0,117928.2197,138176.8797
Cu,II,493.7516,493.75188,1100.0,,117883.0985,138130.5345
Cu,II,493.7974,493.797372,16000.0,28000000.0,115665.1539,135910.7245
Cu,II,493.9648,493.96526,1200.0,,118163.2663,138401.956
Cu,II,494.00695,494.00693,4700.0,,115665.1539,135902.1365
Cu,II,494.0912,494.09093,130.0,,108335.6078,128569.15
Cu,II,494.3024,494.3025,20000.0,40000000.0,115638.8036,135863.6857
Cu,II,494.9475,494.94735,3700.0,,115665.1539,135863.6857
Cu,II,495.14463,495.14464,4200.0,,117883.0985,138073.5826
Cu,II,495.16184,495.16201,12000.0,,116080.2237,136269.9996
Cu,II,495.37244,495.37246,82000.0,310000000.0,117883.0985,138064.2971
Cu,II,495.59564,495.59566,6300.0,,115662.5622,135834.672
Cu,II,496.98062,496.98046,4400.0,11000000.0,116325.9148,136441.817
Cu,II,497.1222,497.12261,280.0,,116643.96,136754.1104
Cu,II,497.3136,497.31394,280.0,,119039.6355,139142.049
Cu,II,497.36975,497.36959,9000.0,36000000.0,117928.2197,138028.384
Cu,II,497.41542,497.41533,9700.0,30000000.0,118163.2663,138261.5822
Cu,II,497.5064,497.50659,560.0,,115638.8036,135733.433
Cu,II,498.00153,498.00135,11000.0,,117928.2197,138002.8856
Cu,II,498.10125,498.10133,670.0,,116371.1804,136441.817
Cu,II,498.51421,498.51381,5100.0,21000000.0,116387.7873,136441.817
Cu,II,498.550499,498.550498,70000.0,97000000.0,116080.2237,136132.77781
Cu,II,498.8327,498.8326,430.0,5700000.0,136725.85349,156767.066
Cu,II,499.52054,499.52055,800.0,,118163.2663,138176.8797
Cu,II,499.9584,499.95826,440.0,,136765.3514,156761.443
Cu,II,500.2294,500.22998,440.0,,117928.2197,137913.45
Cu,II,500.679983,500.679978,46000.0,120000000.0,118163.2663,138130.5345
Cu,II,500.98505,500.985058,35000.0,54000000.0,116080.2237,136035.3328
Cu,II,501.26197,501.26199,37000.0,96000000.0,116325.9148,136269.9996
Cu,II,501.5219,501.522038,11000.0,,116080.2237,136013.9671
Cu,II,502.0126,502.01256,2000.0,,68447.7349,88362.001
Cu,II,502.12785,502.127849,32000.0,32000000.0,116080.2237,135989.9176
Cu,II,502.2599,502.26044,760.0,,117130.34,137034.778
Cu,II,502.40251,502.40227,8700.0,,116371.1804,136269.9996
Cu,II,503.0789,503.07892,1400.0,,116080.2237,135952.279
Cu,II,503.1299,503.12968,1400.0,,118531.9058,138401.956
Cu,II,503.2544,503.25461,1100.0,,118163.2663,138028.384
Cu,II,503.4171,503.41729,460.0,,119039.6355,138898.334
Cu,II,503.67302,503.6732,540.0,,114511.2386,134359.847
Cu,II,503.90109,503.90141,17000.0,39000000.0,118163.2663,138002.8856
Cu,II,504.1331,504.133123,14000.0,16000000.0,116080.2237,135910.7245
Cu,II,504.2093,504.20348,,,118991.33,138819.0637
Cu,II,504.42776,504.42768,940.0,,115665.1539,135484.075
Cu,II,504.734772,504.73477,27000.0,,116325.9148,136132.77781
Cu,II,505.17921,505.179209,120000.0,155000000.0,116371.1804,136160.61825
Cu,II,505.4344,505.43487,950.0,,119039.6355,138819.0637
Cu,II,505.47758,505.47728,1300.0,,118483.8135,138261.5822
Cu,II,505.890906,505.890923,48000.0,48000000.0,116371.1804,136132.77781
Cu,II,505.9418,505.94131,160.0,,133728.0387,153487.668
Cu,II,506.06437,506.06415,16000.0,410000.0,68850.2628,88605.096
Cu,II,506.545858,506.545861,70000.0,161000000.0,118483.8135,138219.8605
Cu,II,506.709416,506.709423,46000.0,123000000.0,118531.9058,138261.5822
Cu,II,506.9431,506.94315,1600.0,,117928.2197,137648.8
Cu,II,507.23034,507.230253,32000.0,,116325.9148,136035.3328
Cu,II,507.65136,507.65143,830.0,,118483.8135,138176.8797
Cu,II,507.7807,507.78071,6300.0,,116325.9148,136013.9671
Cu,II,508.1099,508.11053,330.0,,110084.4773,129759.75
Cu,II,508.2525,508.25262,160.0,,120919.5715,140589.344
Cu,II,508.39795,508.397879,21000.0,,116371.1804,136035.3328
Cu,II,508.40173,508.40175,14000.0,,116325.9148,135989.9176
Cu,II,508.827603,508.827603,57000.0,,116387.7873,136035.3328
Cu,II,508.84882,508.84896,25000.0,48000000.0,118483.8135,138130.5345
Cu,II,508.89426,508.89421,19000.0,52000000.0,118531.9058,138176.8797
Cu,II,508.9492,508.94972,330.0,,117130.34,136773.1713
Cu,II,509.381535,509.381536,41000.0,49000000.0,116387.7873,136013.9671
Cu,II,509.4442,509.44408,330.0,,117130.34,136754.1104
Cu,II,509.57489,509.57478,3100.0,,116371.1804,135989.9176
Cu,II,510.00629,510.0065,12000.0,,116387.7873,135989.9176
Cu,II,510.0979,510.09762,9900.0,16000000.0,118531.9058,138130.5345
Cu,II,510.3283,510.32831,830.0,,118483.8135,138073.5826
Cu,II,510.4573,510.45755,830.0,,116325.9148,135910.7245
Cu,II,510.83335,510.83328,7300.0,,116387.7873,135958.1919
Cu,II,510.9825,510.9827,500.0,,128569.15,148133.832
Cu,II,510.988,510.98767,330.0,,116387.7873,135952.279
Cu,II,511.03417,511.03409,1700.0,,116371.1804,135933.89499
Cu,II,511.5535,511.55386,170.0,,118071.302,137614.14
Cu,II,512.07535,512.075319,20000.0,20000000.0,116387.7873,135910.7245
Cu,II,512.1765,512.17672,1000.0,,118483.8135,138002.8856
Cu,II,512.44745,512.44753,30000.0,,116325.9148,135834.672
Cu,II,512.7682,512.77027,570.0,,118531.9058,138028.384
Cu,II,512.77428,512.77327,,,115638.8036,135135.168
Cu,II,513.0583,513.05829,920.0,,118163.2663,137648.8
Cu,II,513.3123,513.31211,500.0,,116387.7873,135863.6857
Cu,II,513.4672,513.46725,170.0,,115665.1539,135135.168
Cu,II,513.63939,513.63932,1300.0,,116371.1804,135834.672
Cu,II,513.8613,513.86113,340.0,,118483.8135,137938.904
Cu,II,515.1206,515.12073,2500.0,,116325.9148,135733.433
Cu,II,515.7255,515.7258,340.0,,116375.406,135760.1548
Cu,II,515.80914,515.80916,13000.0,24000000.0,116576.5758,135958.1919
Cu,II,515.9103,515.90971,2300.0,,117666.626,137044.4647
Cu,II,516.3252,516.32501,330.0,,116371.1804,135733.433
Cu,II,516.76923,516.76825,,,116387.7873,135733.433
Cu,II,517.1644,517.16406,570.0,,117747.3504,137078.19
Cu,II,517.59651,517.59637,,,117928.2197,137242.914
Cu,II,517.59651,517.59653,,,114511.2386,133825.927
Cu,II,518.33664,518.33664,19000.0,24000000.0,116576.5758,135863.6857
Cu,II,518.4052,518.4052,340.0,,117928.2197,137212.779
Cu,II,519.2638,519.26239,240.0,,117666.626,136919.3511
Cu,II,519.4349,519.43399,170.0,,114481.674,133728.0387
Cu,II,520.5112,520.51059,500.0,,117130.34,136336.8971
Cu,II,520.71357,520.7134,29000.0,,117883.0985,137082.175
Cu,II,522.9518,522.95194,3200.0,,118531.9058,137648.8
Cu,II,522.9709,522.97107,170.0,,116643.96,135760.1548
Cu,II,523.4471,523.4429,,,137242.914,156341.878
Cu,II,523.4471,523.44943,,,117666.626,136765.3514
Cu,II,523.95473,523.9549,330.0,,115662.5622,134742.863
Cu,II,524.534,524.53423,19000.0,,117666.626,136725.85349
Cu,II,524.7109,524.71155,160.0,,117747.3504,136800.137
Cu,II,524.7976,524.7975,160.0,,120092.3828,139142.049
Cu,II,525.1545,525.15445,330.0,,115638.8036,134675.522
Cu,II,525.42141,525.42139,350.0,,120092.3828,139119.4295
Cu,II,525.88249,525.88237,580.0,,115665.1539,134675.522
Cu,II,526.10461,526.10443,330.0,,118071.302,137073.6465
Cu,II,526.99892,526.99904,23000.0,,66418.6849,85388.772
Cu,II,527.65244,527.65241,16000.0,,117747.3504,136693.948
Cu,II,528.09533,528.09563,480.0,,118142.95,137073.6465
Cu,II,528.536,528.536,480.0,,118163.2663,137078.19
Cu,II,528.91103,528.91096,800.0,,118142.95,137044.4647
Cu,II,529.18196,529.18216,1600.0,,118142.95,137034.778
Cu,II,529.7402,529.74047,480.0,,117928.2197,136800.137
Cu,II,531.0771,531.0769,310.0,,135863.6857,154688.112
Cu,II,531.4602,531.46025,480.0,,117883.0985,136693.948
Cu,II,531.5989,531.59868,160.0,,120092.3828,138898.334
Cu,II,532.1666,532.1666,310.0,,135902.1365,154688.02
Cu,II,532.184,532.18352,,,135910.7245,154696.009
Cu,II,532.184,532.18386,,,135910.7245,154695.997
Cu,II,532.407,532.40734,310.0,,135910.7245,154688.112
Cu,II,532.43542,532.43531,1500.0,,118142.95,136919.3511
Cu,II,532.5319,532.53132,310.0,,135933.89499,154706.911
Cu,II,532.79841,532.79842,920.0,11000000.0,135931.01412,154694.619
Cu,II,532.88109,532.88109,1600.0,11000000.0,135933.89499,154694.589
Cu,II,532.8963,532.8963,460.0,9000000.0,138002.8856,156763.044
Cu,II,533.163,533.16093,,,136132.77781,154883.625
Cu,II,533.163,533.1674,,,110366.1542,129116.774
Cu,II,533.5317,533.53169,300.0,,135958.1919,154696.009
Cu,II,533.5518,533.55179,300.0,,69867.9849,88605.096
Cu,II,533.6203,533.6203,150.0,,138028.384,156763.09
Cu,II,533.758,533.75664,,,135958.1919,154688.112
Cu,II,533.758,533.7593,,,135958.1919,154688.02
Cu,II,533.846,533.84584,300.0,,117231.4014,135958.1919
Cu,II,534.0098,534.00973,1300.0,,115638.8036,134359.847
Cu,II,534.0878,534.0875,300.0,,135989.9176,154708.235
Cu,II,534.2197,534.21987,150.0,,135989.9176,154703.597
Cu,II,,534.4316,,,138073.5826,156779.847
Cu,II,534.4366,534.43657,,,135989.9176,154696.009
Cu,II,534.4366,534.43692,,,135989.9176,154695.997
Cu,II,534.516,534.5154,,,138064.2971,156767.63
Cu,II,534.516,534.516,,11000000.0,138064.2971,156767.609
Cu,II,534.5576,534.55723,300.0,,118071.302,136773.1713
Cu,II,534.76243,534.76243,1500.0,,115665.1539,134359.847
Cu,II,534.7684,534.76891,750.0,,117747.3504,136441.817
Cu,II,534.7809,534.7809,420.0,11000000.0,138073.5826,156767.63
Cu,II,534.9076,534.9073,150.0,,136013.9671,154703.597
Cu,II,535.1245,535.12456,,,136013.9671,154696.009
Cu,II,535.1245,535.12491,,,136013.9671,154695.997
Cu,II,535.1579,535.15804,300.0,,118531.9058,137212.779
Cu,II,535.20268,535.20245,6000.0,,117231.4014,135910.7245
Cu,II,535.3863,535.38649,300.0,,136035.3328,154708.235
Cu,II,535.4485,535.44863,4500.0,,117231.4014,135902.1365
Cu,II,535.5186,535.5187,410.0,7400000.0,136035.3328,154703.625
Cu,II,535.68109,535.68091,2100.0,,116080.2237,134742.863
Cu,II,535.7374,535.73727,,,136035.3328,154696.009
Cu,II,535.7374,535.73761,,,136035.3328,154695.997
Cu,II,536.1907,536.1907,,9000000.0,138130.5345,156775.43
Cu,II,536.1907,536.1914,,,138130.5345,156775.405
Cu,II,536.55363,536.55363,5500.0,,117231.4014,135863.6857
Cu,II,536.6243,536.62476,440.0,,117130.34,135760.1548
Cu,II,536.83825,536.83839,7400.0,,118142.95,136765.3514
Cu,II,537.16264,537.16264,880.0,,118142.95,136754.1104
Cu,II,537.5276,537.5276,290.0,8100000.0,138176.8797,156775.405
Cu,II,538.19479,538.19485,,8200000.0,136132.77781,154708.244
Cu,II,538.19479,538.19511,,,136132.77781,154708.235
Cu,II,538.2329,538.23347,140.0,,136132.77781,154706.911
Cu,II,538.3289,538.32871,140.0,,136132.77781,154703.625
Cu,II,538.4818,538.48222,430.0,,122415.957,140981.51
Cu,II,538.6435,538.6435,,10000000.0,138219.8605,156779.855
Cu,II,538.6435,538.6437,,,138219.8605,156779.847
Cu,II,538.68405,538.68419,720.0,,116576.5758,135135.168
Cu,II,539.0029,539.0027,,,136160.61825,154708.244
Cu,II,539.0029,539.00296,,,136160.61825,154708.235
Cu,II,539.04163,539.04169,4800.0,,118531.9058,137078.19
Cu,II,539.16966,539.16987,1700.0,,115568.99497,134110.87
Cu,II,539.39372,539.39372,2600.0,,117130.34,135664.5204
Cu,II,539.72943,539.72952,580.0,,117747.3504,136269.9996
Cu,II,539.737,539.7373,,,135733.433,154255.815
Cu,II,539.8573,539.8573,140.0,9000000.0,138261.5822,156779.847
Cu,II,540.3714,540.37093,140.0,,120092.3828,138593.046
Cu,II,540.5652,540.56515,280.0,,69867.9849,88362.001
Cu,II,540.7447,540.74452,280.0,,110366.1542,128854.036
Cu,II,540.8383,540.8384,280.0,,110084.4773,128569.15
Cu,II,542.2002,542.20053,140.0,,136269.9996,154708.235
Cu,II,542.2392,542.23947,270.0,7200000.0,136269.9996,154706.911
Cu,II,542.8274,542.82724,140.0,,116325.9148,134742.863
Cu,II,543.71438,543.71431,2100.0,,117883.0985,136269.9996
Cu,II,543.75787,543.7579,6700.0,,117747.3504,136132.77781
Cu,II,544.16461,544.16471,2100.0,,116371.1804,134742.863
Cu,II,544.81914,544.81938,260.0,,116325.9148,134675.522
Cu,II,544.9409,544.94072,2700.0,,115638.8036,133984.325
Cu,II,545.80942,545.80941,390.0,,118483.8135,136800.137
Cu,II,546.657,546.65527,,,117747.3504,136035.3328
Cu,II,546.657,546.66267,,,116387.7873,134675.522
Cu,II,546.8563,546.85633,510.0,,110084.4773,128365.736
Cu,II,546.9376,546.93734,1300.0,,118163.2663,136441.817
Cu,II,546.96826,546.96819,4400.0,,117883.0985,136160.61825
Cu,II,547.2465,547.24631,130.0,,118531.9058,136800.137
Cu,II,547.29475,547.29467,740.0,,117747.3504,136013.9671
Cu,II,547.301,547.30063,,,136441.817,154708.235
Cu,II,547.3119,547.31211,920.0,,120876.0141,139142.049
Cu,II,,547.31623,,,135989.9176,154255.815
Cu,II,547.7127,547.71275,130.0,,117231.4014,135484.075
Cu,II,547.80268,547.80262,3700.0,,117883.0985,136132.77781
Cu,II,547.99089,547.99071,3700.0,,120876.0141,139119.4295
Cu,II,548.01613,548.01619,1900.0,,117747.3504,135989.9176
Cu,II,548.2524,548.25262,790.0,,115359.532,133594.2323
Cu,II,548.6205,548.62037,120.0,,120919.5715,139142.049
Cu,II,549.35268,549.35289,240.0,,120684.7128,138882.8921
Cu,II,549.50454,549.50446,430.0,,110366.1542,128559.314
Cu,II,549.6868,549.68685,510.0,,115638.8036,133825.927
Cu,II,550.4021,550.40559,,,117747.3504,135910.7245
Cu,II,550.4844,550.48442,240.0,,115665.1539,133825.927
Cu,II,550.7428,550.74337,240.0,,117883.0985,136035.3328
Cu,II,551.28649,551.2865,240.0,,120684.7128,138819.0637
Cu,II,552.1249,552.12475,230.0,,117883.0985,135989.9176
Cu,II,552.1729,552.17315,1100.0,,120876.0141,138981.246
Cu,II,552.5438,552.54391,230.0,,120789.80865,138882.8921
Cu,II,552.553,552.5532,,,136800.137,154892.916
Cu,II,552.71968,552.71993,2200.0,,117747.3504,135834.672
Cu,II,552.76813,552.76804,690.0,,117928.2197,136013.9671
Cu,II,553.4668,553.46726,230.0,,121079.1501,139142.049
Cu,II,553.50494,553.50478,4100.0,,120919.5715,138981.246
Cu,II,553.767,553.76662,340.0,,118991.33,137044.4647
Cu,II,553.83836,553.83835,880.0,,117883.0985,135933.89499
Cu,II,554.1612,554.16123,1300.0,,121079.1501,139119.4295
Cu,II,554.35368,554.35385,1900.0,,119039.6355,137073.6465
Cu,II,554.47815,554.47803,220.0,,117928.2197,135958.1919
Cu,II,555.55122,555.55123,5500.0,,119039.6355,137034.778
Cu,II,555.8314,555.83108,110.0,,117747.3504,135733.433
Cu,II,555.9417,555.94167,110.0,,117928.2197,135910.7245
Cu,II,556.05761,556.05739,610.0,,120919.5715,138898.334
Cu,II,556.2074,556.2073,110.0,,117928.2197,135902.1365
Cu,II,556.2646,556.26478,770.0,,116387.7873,134359.847
Cu,II,556.7002,556.70018,210.0,,118483.8135,136441.817
Cu,II,556.967,556.96723,210.0,,136725.85349,154675.247
Cu,II,557.16406,557.16415,210.0,,120876.0141,138819.0637
Cu,II,557.84356,557.84337,520.0,10000000.0,136725.85349,154647.056
Cu,II,557.9431,557.94269,210.0,,136754.1104,154672.123
Cu,II,558.19475,558.19507,310.0,,118531.9058,136441.817
Cu,II,558.2173,558.21725,100.0,,136765.3514,154674.551
Cu,II,558.3864,558.38665,210.0,,117231.4014,135135.168
Cu,II,558.4346,558.43413,480.0,9000000.0,138819.0637,156721.308
Cu,II,559.1382,559.13777,210.0,,119039.6355,136919.3511
Cu,II,559.25298,559.25272,510.0,9000000.0,136765.3514,154641.392
Cu,II,559.37697,559.37708,5400.0,,118163.2663,136035.3328
Cu,II,560.04662,560.04661,500.0,,118163.2663,136013.9671
Cu,II,560.0581,560.0581,300.0,,117883.0985,135733.433
Cu,II,560.7282,560.72823,300.0,8000000.0,138882.8921,156711.894
Cu,II,560.8027,560.80216,200.0,,118163.2663,135989.9176
Cu,II,561.5235,561.52379,5500.0,,121079.1501,138882.8921
Cu,II,561.8016,561.802,98.0,,118163.2663,135958.1919
Cu,II,561.9885,561.98874,190.0,,118163.2663,135952.279
Cu,II,562.07814,562.07805,850.0,,118483.8135,136269.9996
Cu,II,562.17027,562.17019,530.0,,116576.5758,134359.847
Cu,II,562.924,562.9218,,,136919.3511,154678.877
Cu,II,563.0589,563.059,95.0,,136919.3511,154674.551
Cu,II,563.1153,563.11561,190.0,,136919.3511,154672.766
Cu,II,563.1358,563.136,95.0,,136919.3511,154672.123
Cu,II,563.30442,563.30461,3400.0,,118163.2663,135910.7245
Cu,II,563.3602,563.36032,950.0,,116080.2237,133825.927
Cu,II,563.55118,563.5513,3000.0,,116371.1804,134110.87
Cu,II,563.7162,563.71546,190.0,,118991.33,136725.85349
Cu,II,563.7468,563.74686,1100.0,,119039.6355,136773.1713
Cu,II,564.12645,564.12645,2300.0,,122867.7407,140589.344
Cu,II,564.35338,564.35346,280.0,,119039.6355,136754.1104
Cu,II,564.8017,564.80161,430.0,,118163.2663,135863.6857
Cu,II,565.1708,565.17093,370.0,,118071.302,135760.1548
Cu,II,565.6632,565.66271,7300.0,,120919.5715,138593.046
Cu,II,566.44833,566.44829,2900.0,,118483.8135,136132.77781
Cu,II,566.7434,566.74344,180.0,5800000.0,137034.778,154674.551
Cu,II,566.8007,566.8008,180.0,,137034.778,154672.766
Cu,II,567.0329,567.03245,350.0,7400000.0,137044.4647,154675.247
Cu,II,567.4694,567.46947,,,118142.95,135760.1548
Cu,II,567.4694,567.46968,,,121524.8509,139142.049
Cu,II,567.6005,567.60028,1300.0,,116371.1804,133984.325
Cu,II,567.8556,567.8554,87.0,,137073.6465,154678.877
Cu,II,568.1353,568.13597,87.0,,116387.7873,133984.325
Cu,II,568.1998,568.19923,430.0,,121524.8509,139119.4295
Cu,II,568.2433,568.24316,2100.0,,118071.302,135664.5204
Cu,II,568.983,568.98869,170.0,,118163.2663,135733.433
Cu,II,569.4526,569.45253,170.0,,117928.2197,135484.075
Cu,II,569.5931,569.59321,340.0,,118483.8135,136035.3328
Cu,II,570.6012,570.60055,450.0,,70841.4669,88362.001
Cu,II,571.07111,571.07089,250.0,,118483.8135,135989.9176
Cu,II,571.1586,571.15823,250.0,,118531.9058,136035.3328
Cu,II,572.1784,572.17856,4100.0,,67916.5572,85388.772
Cu,II,572.6442,572.64406,160.0,,118531.9058,135989.9176
Cu,II,573.1004,573.10007,160.0,,117231.4014,134675.522
Cu,II,573.6659,573.66603,160.0,,118483.8135,135910.7245
Cu,II,575.2536,575.25355,580.0,,118531.9058,135910.7245
Cu,II,575.9015,575.9017,150.0,,134110.87,151470.13
Cu,II,575.94219,575.94213,6300.0,,121524.8509,138882.8921
Cu,II,576.122,576.12165,2000.0,,116375.406,133728.0387
Cu,II,576.18052,576.18056,2200.0,,118483.8135,135834.672
Cu,II,576.8143,576.81482,150.0,,118531.9058,135863.6857
Cu,II,577.9656,577.96592,360.0,,119039.6355,136336.8971
Cu,II,578.392,578.39194,6400.0,,123304.823,140589.344
Cu,II,580.113,580.1116,140.0,,108014.8372,125248.121
Cu,II,580.5989,580.59869,4700.0,,116375.406,133594.2323
Cu,II,582.5823,582.58247,9100.0,11000000.0,121981.8546,139142.049
Cu,II,583.35146,583.35141,6400.0,7900000.0,121981.8546,139119.4295
Cu,II,583.6619,583.66234,130.0,,117231.4014,134359.847
Cu,II,584.2495,584.24918,1900.0,,71493.8548,88605.096
Cu,II,585.1787,585.17811,930.0,,116643.96,133728.0387
Cu,II,585.854,585.8353,9100.0,,139710.491,156775.405
Cu,II,589.0443,589.04592,120.0,,118163.2663,135135.168
Cu,II,589.7971,589.79758,23000.0,,116643.96,133594.2323
Cu,II,590.1188,590.1191,1700.0,,68447.7349,85388.772
Cu,II,590.9753,590.97579,1500.0,,121981.8546,138898.334
Cu,II,591.0813,591.0815,57.0,,134742.863,151656.317
Cu,II,592.6691,592.66916,1300.0,,71493.8548,88362.001
Cu,II,592.9634,592.9638,110.0,,117883.0985,134742.863
Cu,II,593.7576,593.75815,2000.0,10000000.0,121981.8546,138819.0637
Cu,II,593.9775,593.97773,54.0,,136693.948,153524.933
Cu,II,594.11951,594.11951,31000.0,36000000.0,120092.3828,136919.3511
Cu,II,594.1826,594.18291,1600.0,,122415.957,139241.13
Cu,II,597.9015,597.90193,2800.0,,119039.6355,135760.1548
Cu,II,598.83141,598.83135,7600.0,90000000.0,120919.5715,137614.14
Cu,II,599.3259,599.32605,3200.0,,120092.3828,136773.1713
Cu,II,599.55902,599.55876,4600.0,30000000.0,122224.0199,138898.334
Cu,II,600.01169,600.01168,38000.0,75000000.0,120092.3828,136754.1104
Cu,II,600.2304,600.2305,98.0,,133594.2323,150249.887
Cu,II,601.3411,601.34138,3200.0,,119039.6355,135664.5204
Cu,II,601.8369,601.83711,480.0,,121981.8546,138593.046
Cu,II,602.3263,602.32636,3900.0,,117130.34,133728.0387
Cu,II,605.0917,605.0916,91.0,,133728.0387,150249.887
Cu,II,607.1492,607.14896,130.0,,137078.19,153544.054
Cu,II,607.2217,607.22167,4200.0,,117130.34,133594.2323
Cu,II,608.03334,608.0337,11000.0,,71920.0961,88362.001
Cu,II,608.3086,608.30848,130.0,6900000.0,138401.956,154836.434
Cu,II,608.5021,608.5021,87.0,,114511.2386,130940.488
Cu,II,609.7328,609.73235,4800.0,19000000.0,122745.9491,139142.049
Cu,II,609.9989,609.99896,3700.0,,120684.7128,137073.6465
Cu,II,610.5747,610.57469,3600.0,9000000.0,122745.9491,139119.4295
Cu,II,610.74055,610.74083,5100.0,33000000.0,122224.0199,138593.046
Cu,II,611.0872,611.08706,3700.0,,120684.7128,137044.4647
Cu,II,611.44926,611.44911,15000.0,34000000.0,120684.7128,137034.778
Cu,II,615.03818,615.03813,16000.0,36000000.0,120789.80865,137044.4647
Cu,II,615.42215,615.42211,25000.0,100000000.0,120092.3828,136336.8971
Cu,II,615.7716,615.77151,4700.0,,122745.9491,138981.246
Cu,II,615.7956,615.7965,530.0,,120684.7128,136919.3511
Cu,II,616.0573,616.05707,320.0,,117883.0985,134110.87
Cu,II,617.2033,617.20339,16000.0,34000000.0,120876.0141,137073.6465
Cu,II,617.4296,617.4292,190.0,,118483.8135,134675.522
Cu,II,618.6877,618.68803,18000.0,36000000.0,120876.0141,137034.778
Cu,II,618.86763,618.86761,12000.0,31000000.0,120919.5715,137073.6465
Cu,II,618.9317,618.93237,760.0,,122745.9491,138898.334
Cu,II,619.2684,619.26855,76.0,,118531.9058,134675.522
Cu,II,619.8091,619.8089,5000.0,9000000.0,120789.80865,136919.3511
Cu,II,619.9751,619.9746,1700.0,,123016.8175,139142.049
Cu,II,620.3715,620.3712,37.0,,138745.817,154860.741
Cu,II,620.42569,620.42577,11000.0,49000000.0,122867.7407,138981.246
Cu,II,620.84527,620.84549,9900.0,29000000.0,123016.8175,139119.4295
Cu,II,620.8988,620.89891,75.0,,117883.0985,133984.325
Cu,II,621.4542,621.4542,150.0,,138745.817,154832.657
Cu,II,621.69386,621.69385,39000.0,94000000.0,120684.7128,136765.3514
Cu,II,621.98492,621.98488,24000.0,94000000.0,122745.9491,138819.0637
Cu,II,622.1288,622.12875,740.0,,120684.7128,136754.1104
Cu,II,623.1396,623.13934,290.0,,120876.0141,136919.3511
Cu,II,623.6344,623.63471,1200.0,,122867.7407,138898.334
Cu,II,625.0417,625.04216,720.0,,121079.1501,137073.6465
Cu,II,625.7838,625.78373,3400.0,4100000.0,120789.80865,136765.3514
Cu,II,626.18477,626.18464,19000.0,37000000.0,121079.1501,137044.4647
Cu,II,626.565,626.5648,2800.0,,121079.1501,137034.778
Cu,II,627.334762,627.334763,47000.0,106000000.0,120789.80865,136725.85349
Cu,II,627.666,627.66713,14000.0,,117666.626,133594.2323
Cu,II,628.8695,628.86936,6600.0,17000000.0,120876.0141,136773.1713
Cu,II,629.6239,629.6243,34.0,,120876.0141,136754.1104
Cu,II,629.9864,629.981,,,137648.8,153517.905
Cu,II,630.10135,630.10137,27000.0,100000000.0,123016.8175,138882.8921
Cu,II,630.59712,630.59718,12000.0,57000000.0,120919.5715,136773.1713
Cu,II,631.13006,631.13059,18000.0,35000000.0,121079.1501,136919.3511
Cu,II,631.2491,631.24915,14000.0,58000000.0,123304.823,139142.049
Cu,II,631.3564,631.35627,1000.0,,120919.5715,136754.1104
Cu,II,631.7788,631.77831,1300.0,,73102.0408,88926.002
Cu,II,631.8944,631.89422,33.0,,118163.2663,133984.325
Cu,II,632.6465,632.64649,2500.0,5000000.0,123016.8175,138819.0637
Cu,II,635.7414,635.74193,16000.0,55000000.0,122867.7407,138593.046
Cu,II,636.3566,636.3568,32.0,,141202.628,156912.74
Cu,II,637.3267,637.32678,6900.0,,121079.1501,136765.3514
Cu,II,637.7248,637.72432,13000.0,,123304.823,138981.246
Cu,II,637.7842,637.78383,19000.0,19000000.0,121079.1501,136754.1104
Cu,II,638.0758,638.07645,1300.0,,120092.3828,135760.1548
Cu,II,638.5263,638.52618,1200.0,,118071.302,133728.0387
Cu,II,639.3074,639.30735,,,135834.672,151472.278
Cu,II,639.3074,639.30792,,,135834.672,151472.264
Cu,II,639.3957,639.39587,2100.0,3400000.0,135834.672,151470.113
Cu,II,640.3384,640.3384,9600.0,27000000.0,122415.957,138028.384
Cu,II,641.1142,641.11518,10000.0,58000000.0,123304.823,138898.334
Cu,II,641.4569,641.45612,12000.0,14000000.0,123556.8261,139142.049
Cu,II,641.4625,641.46165,16000.0,,118142.95,133728.0387
Cu,II,641.816,641.81566,2100.0,15000000.0,135863.6857,151440.178
Cu,II,,641.8192,,,135863.6857,151440.091
Cu,II,641.9941,641.99515,62.0,,120092.3828,135664.5204
Cu,II,642.38842,642.38846,19000.0,56000000.0,123556.8261,139119.4295
Cu,II,642.7416,642.7411,31.0,,135910.7245,151464.789
Cu,II,643.2416,643.2415,5600.0,15000000.0,135910.7245,151452.69
Cu,II,643.3597,643.35944,920.0,2700000.0,135931.01412,151470.13
Cu,II,643.4081,643.4075,610.0,,135902.1365,151440.091
Cu,II,643.4799,643.47944,610.0,,135933.89499,151470.113
Cu,II,643.7596,643.75974,460.0,6700000.0,135910.7245,151440.178
Cu,II,644.1202,644.1192,1200.0,,69867.9849,85388.772
Cu,II,644.1677,644.1679,13000.0,,121524.8509,137044.4647
Cu,II,644.17371,644.17371,10000.0,24000000.0,135931.01412,151450.488
Cu,II,644.2964,644.2964,7600.0,23000000.0,135933.89499,151450.414
Cu,II,644.3587,644.3587,4900.0,20000000.0,138002.8856,153517.905
Cu,II,644.5692,644.5673,,,138745.817,154255.815
Cu,II,644.5692,644.57022,,,121524.8509,137034.778
Cu,II,644.7627,644.7632,61.0,,139331.149,154836.434
Cu,II,644.8558,644.85593,20000.0,,73102.0408,88605.096
Cu,II,644.963,644.96175,,,118483.8135,133984.325
Cu,II,644.963,644.9655,,,135952.279,151452.701
Cu,II,644.963,644.9659,,,135952.279,151452.69
Cu,II,645.0874,645.08738,610.0,,122415.957,137913.45
Cu,II,645.2116,645.21161,1300.0,14000000.0,135958.1919,151452.701
Cu,II,645.4161,645.4161,910.0,,138028.384,153517.985
Cu,II,645.4894,645.4895,30.0,,139395.786,154883.625
Cu,II,645.6119,645.614,30.0,,110084.4773,125569.33
Cu,II,645.7187,645.71848,2600.0,,135989.9176,151472.264
Cu,II,645.7368,645.7371,1600.0,,135958.1919,151440.091
Cu,II,645.8263,645.8259,61.0,,138064.2971,153544.069
Cu,II,646.0304,646.0304,1000.0,,135989.9176,151464.789
Cu,II,646.214,646.21413,60.0,,138073.5826,153544.054
Cu,II,646.27,646.26086,1000.0,,138261.5822,153730.935
Cu,II,646.5342,646.5354,,,135989.9176,151452.701
Cu,II,646.5342,646.5359,,,135989.9176,151452.69
Cu,II,646.6245,646.6245,5600.0,23000000.0,138064.2971,153524.95
Cu,II,647.01386,647.01383,8600.0,23000000.0,138073.5826,153524.933
Cu,II,647.016,647.01668,15000.0,,118142.95,133594.2323
Cu,II,647.5426,647.5426,1000.0,7500000.0,136013.9671,151452.701
Cu,II,647.6184,647.61819,1000.0,,136035.3328,151472.264
Cu,II,647.7868,647.786,120.0,,139395.786,154828.718
Cu,II,647.9316,647.93164,4100.0,15000000.0,136035.3328,151464.796
Cu,II,648.1436,648.1435,15000.0,34000000.0,123556.8261,138981.246
Cu,II,,648.4404,,6500000.0,136035.3328,151452.69
Cu,II,648.4417,648.44174,7800.0,14000000.0,120919.5715,136336.8971
Cu,II,648.8816,648.8814,2700.0,19000000.0,138130.5345,153537.414
Cu,II,649.4029,649.4032,18000.0,,121524.8509,136919.3511
Cu,II,649.704,649.7041,89.0,,138130.5345,153517.905
Cu,II,650.8401,650.84,2700.0,17000000.0,138176.8797,153537.395
Cu,II,651.6458,651.64637,6600.0,,123556.8261,138898.334
Cu,II,651.7316,651.73166,6600.0,17000000.0,136132.77781,151472.278
Cu,II,651.8236,651.82366,150.0,,136132.77781,151470.113
Cu,II,652.0497,652.0497,1000.0,5700000.0,136132.77781,151464.796
Cu,II,652.127,652.12756,480.0,,73595.8143,88926.002
Cu,II,652.382,652.382,4500.0,21000000.0,138219.8605,153544.069
Cu,II,652.5641,652.565,29.0,,136132.77781,151452.69
Cu,II,652.6646,652.6655,88.0,,138219.8605,153537.414
Cu,II,652.9167,652.91668,1000.0,4600000.0,136160.61825,151472.278
Cu,II,653.0082,653.00829,13000.0,20000000.0,136160.61825,151470.13
Cu,II,653.6679,653.66969,29.0,,118531.9058,133825.927
Cu,II,654.1637,654.16369,3400.0,19000000.0,138261.5822,153544.054
Cu,II,654.4485,654.448,,,138261.5822,153537.414
Cu,II,654.4485,654.4489,,,138261.5822,153537.395
Cu,II,655.0304,655.03097,150.0,,123556.8261,138819.0637
Cu,II,655.1286,655.12873,1900.0,,73102.0408,88362.001
Cu,II,655.4791,655.47923,5100.0,,73353.2957,88605.096
Cu,II,655.6193,655.6206,430.0,,114511.2386,129759.75
Cu,II,655.9657,655.96523,13000.0,4900000.0,121524.8509,136765.3514
Cu,II,656.4492,656.44941,10000.0,,121524.8509,136754.1104
Cu,II,656.7949,656.79621,290.0,510000.0,108335.6078,123556.8261
Cu,II,657.6147,657.6151,1000.0,4300000.0,136269.9996,151472.264
Cu,II,657.70812,657.70816,5700.0,15000000.0,136269.9996,151470.113
Cu,II,657.9376,657.9386,57.0,,136269.9996,151464.789
Cu,II,659.2896,659.29,120.0,,110084.4773,125248.121
Cu,II,660.2096,660.2094,57.0,,139741.097,154883.625
Cu,II,660.3527,660.3523,29.0,,141202.628,156341.878
Cu,II,661.2087,661.2086,57.0,,139741.097,154860.741
Cu,II,662.4291,662.4289,8200.0,22000000.0,121981.8546,137073.6465
Cu,II,662.6243,662.6242,710.0,,136336.8971,151424.241
Cu,II,663.1476,663.14733,3300.0,,120684.7128,135760.1548
Cu,II,663.5173,663.51692,85.0,,136336.8971,151403.942
Cu,II,664.1395,664.13938,8000.0,26000000.0,121981.8546,137034.778
Cu,II,664.7796,664.77986,850.0,,136336.8971,151375.318
Cu,II,664.8764,664.87717,7300.0,11000000.0,123556.8261,138593.046
Cu,II,665.1323,665.13254,700.0,3800000.0,136441.817,151472.264
Cu,II,665.4635,665.4635,56.0,,136441.817,151464.789
Cu,II,666.0961,666.09606,9200.0,,73353.2957,88362.001
Cu,II,666.395,666.39466,560.0,,108014.8372,123016.8175
Cu,II,669.271,669.27144,700.0,,121981.8546,136919.3511
Cu,II,671.1983,671.198,56.0,,138593.046,153487.668
Cu,II,671.67,671.67062,1300.0,,120876.0141,135760.1548
Cu,II,671.7687,671.7687,280.0,,110366.1542,125248.121
Cu,II,672.5481,672.549,28.0,,138593.046,153457.747
Cu,II,672.5834,672.585,28.0,,110366.1542,125230.061
Cu,II,673.6397,673.64201,6300.0,,120919.5715,135760.1548
Cu,II,673.9599,673.9598,140.0,7400000.0,138593.046,153426.632
Cu,II,674.374,674.3737,56.0,,136336.8971,151161.379
Cu,II,675.8855,675.88577,6300.0,10000000.0,121981.8546,136773.1713
Cu,II,676.0142,676.01422,56.0,,120876.0141,135664.5204
Cu,II,676.5794,676.57884,28.0,,136693.948,151470.113
Cu,II,676.7561,676.75789,28.0,,121981.8546,136754.1104
Cu,II,677.0361,677.03604,3100.0,,73595.8143,88362.001
Cu,II,677.944,677.94453,28.0,,122867.7407,137614.14
Cu,II,678.0114,678.01122,4900.0,,120919.5715,135664.5204
Cu,II,678.6482,678.64808,84.0,,108014.8372,122745.9491
Cu,II,680.2138,680.21387,220.0,3500000.0,136725.85349,151423.056
Cu,II,680.6215,680.62136,4100.0,,119039.6355,133728.0387
Cu,II,680.96453,680.96436,5200.0,,121079.1501,135760.1548
Cu,II,681.469,681.46913,28.0,,136754.1104,151424.241
Cu,II,682.106,682.10571,140.0,3200000.0,136765.3514,151421.791
Cu,II,682.2342,682.2346,28.0,,136765.3514,151419.022
Cu,II,682.3201,682.3201,6400.0,18000000.0,136725.85349,151377.688
Cu,II,682.475,682.47493,700.0,7200000.0,136754.1104,151402.621
Cu,II,683.0531,683.05296,1300.0,18000000.0,138819.0637,153455.178
Cu,II,683.3026,683.30244,560.0,8100000.0,136773.1713,151403.942
Cu,II,683.7491,683.74936,720.0,9000000.0,136754.1104,151375.318
Cu,II,684.4156,684.41542,3200.0,18000000.0,136765.3514,151372.33
Cu,II,684.6104,684.6065,880.0,,118991.33,133594.2323
Cu,II,684.7112,684.7112,170.0,,136773.1713,151373.84
Cu,II,684.9991,684.9988,56.0,,114511.2386,129105.778
Cu,II,685.2428,685.2432,84.0,,138898.334,153487.668
Cu,II,686.3061,686.30599,2100.0,18000000.0,138882.8921,153449.633
Cu,II,686.788,686.8184,470.0,,116387.7873,130943.661
Cu,II,686.879,686.87864,2900.0,,119039.6355,133594.2323
Cu,II,687.223,687.22293,3200.0,,70841.4669,85388.772
Cu,II,687.9403,687.94043,2500.0,5500000.0,108335.6078,122867.7407
Cu,II,689.3496,689.34896,220.0,,136919.3511,151421.791
Cu,II,689.481,689.48061,700.0,10000000.0,136919.3511,151419.022
Cu,II,690.2617,690.26139,560.0,8000000.0,136919.3511,151402.621
Cu,II,691.5653,691.56509,56.0,,136919.3511,151375.318
Cu,II,692.8602,692.8592,340.0,11000000.0,138981.246,153410.212
Cu,II,693.7552,693.75472,2100.0,3900000.0,108335.6078,122745.9491
Cu,II,693.9099,693.9098,280.0,4800000.0,137034.778,151441.899
Cu,II,694.8795,694.87964,2000.0,11000000.0,137034.778,151421.791
Cu,II,695.0139,695.01341,1700.0,3100000.0,137034.778,151419.022
Cu,II,695.287,695.28664,4200.0,14000000.0,137044.4647,151423.056
Cu,II,695.348,695.34782,110.0,,137044.4647,151421.791
Cu,II,695.393,695.3914,2100.0,15000000.0,139119.4295,153495.854
Cu,II,695.482,695.48176,230.0,4400000.0,137044.4647,151419.022
Cu,II,695.7884,695.7869,,11000000.0,137073.6465,151441.899
Cu,II,695.7884,695.7876,,,137082.175,151450.414
Cu,II,695.7884,695.7876,,,139119.4295,153487.668
Cu,II,696.3433,696.3427,230.0,13000000.0,139142.049,153498.834
Cu,II,696.8846,696.8847,57.0,,139142.049,153487.668
Cu,II,697.6305,697.6299,230.0,5600000.0,137073.6465,151403.942
Cu,II,697.7571,697.75641,4300.0,,122745.9491,137073.6465
Cu,II,698.6548,698.65269,2100.0,,123304.823,137614.14
Cu,II,699.6556,699.65446,1400.0,,122745.9491,137034.778
Cu,II,702.2859,702.28519,2800.0,,121524.8509,135760.1548
Cu,II,703.7388,703.73853,2900.0,,122867.7407,137073.6465
Cu,II,708.3772,708.37743,730.0,,122224.0199,136336.8971
Cu,II,712.3112,712.3106,,,133728.0387,147762.99
Cu,II,712.3112,712.31061,,,134110.87,148145.8203
Cu,II,712.3112,712.31212,,,134110.87,148145.7906
Cu,II,712.7032,712.70305,150.0,,122745.9491,136773.1713
Cu,II,713.9649,713.9653,1500.0,,133594.2323,147596.655
Cu,II,715.7757,715.77517,1500.0,520000.0,108014.8372,121981.8546
Cu,II,718.2106,718.2104,60.0,,133728.0387,147647.699
Cu,II,718.9458,718.94534,1300.0,,122867.7407,136773.1713
Cu,II,719.49,719.48933,6800.0,,71493.8548,85388.772
Cu,II,725.57937,725.57899,6400.0,6500000.0,121981.8546,135760.1548
Cu,II,727.1507,727.14991,460.0,,123016.8175,136765.3514
Cu,II,730.6511,730.65042,3700.0,,121981.8546,135664.5204
Cu,II,732.6007,732.60039,6900.0,18000000.0,108335.6078,121981.8546
Cu,II,733.1694,733.16941,5100.0,,120092.3828,133728.0387
Cu,II,738.2275,738.2272,3500.0,16000000.0,122415.957,135958.1919
Cu,II,739.6156,739.61523,1900.0,,123556.8261,137073.6465
Cu,II,739.98836,739.98787,14000.0,25700000.0,108014.8372,121524.8509
Cu,II,740.43561,740.43532,55000.0,20000000.0,120092.3828,133594.2323
Cu,II,741.7483,741.74819,2400.0,,123556.8261,137034.778
Cu,II,742.0556,742.05668,4100.0,3100000.0,110084.4773,123556.8261
Cu,II,742.2602,742.25904,790.0,,71920.0961,85388.772
Cu,II,743.4155,743.41525,3700.0,13000000.0,122415.957,135863.6857
Cu,II,743.81504,743.81505,11000.0,10000000.0,122224.0199,135664.5204
Cu,II,748.1554,748.15552,190.0,,123556.8261,136919.3511
Cu,II,749.3289,749.32883,130.0,3000000.0,138401.956,151743.558
Cu,II,756.20141,756.20167,16000.0,38000000.0,110084.4773,123304.823
Cu,II,756.4324,756.43057,64.0,,123556.8261,136773.1713
Cu,II,757.5242,757.52309,220.0,,123556.8261,136754.1104
Cu,II,757.9023,757.90283,20000.0,41000000.0,110366.1542,123556.8261
Cu,II,757.985,757.98494,8400.0,11500000.0,108335.6078,121524.8509
Cu,II,758.3273,758.3339,,,116576.5758,129759.75
Cu,II,765.23326,765.23337,26000.0,23500000.0,108014.8372,121079.1501
Cu,II,766.46451,766.46465,52000.0,35000000.0,120684.7128,133728.0387
Cu,II,768.1787,768.17968,570.0,,122745.9491,135760.1548
Cu,II,771.2418,771.2421,640.0,3700000.0,138745.817,151708.347
Cu,II,772.6637,772.66439,9000.0,17000000.0,110366.1542,123304.823
Cu,II,773.86656,773.86644,30000.0,45000000.0,122745.9491,135664.5204
Cu,II,773.9499,773.9505,1600.0,7100000.0,138745.817,151662.985
Cu,II,774.40889,774.40905,7800.0,,120684.7128,133594.2323
Cu,II,775.43688,775.43653,11000.0,9000000.0,122867.7407,135760.1548
Cu,II,776.6516,776.6511,32.0,,140981.51,153853.763
Cu,II,777.3196,777.31992,3200.0,1080000.0,108014.8372,120876.0141
Cu,II,777.87353,777.87347,25000.0,13000000.0,120876.0141,133728.0387
Cu,II,780.51886,780.51878,26000.0,16000000.0,120919.5715,133728.0387
Cu,II,780.76534,780.76526,82000.0,36000000.0,120789.80865,133594.2323
Cu,II,781.23182,781.23164,10000.0,12000000.0,122867.7407,135664.5204
Cu,II,782.0577,782.05768,7300.0,15100000.0,110084.4773,122867.7407
Cu,II,782.56528,782.5653,59000.0,52000000.0,108014.8372,120789.80865
Cu,II,784.50792,784.50795,24000.0,38000000.0,123016.8175,135760.1548
Cu,II,785.3984,785.398,190.0,,139028.705,151757.601
Cu,II,786.0576,786.0574,5700.0,,120876.0141,133594.2323
Cu,II,786.2652,786.2654,250.0,2900000.0,139028.705,151743.558
Cu,II,788.6076,788.6097,61.0,,140981.51,153658.567
Cu,II,789.0568,789.05666,3500.0,5800000.0,108014.8372,120684.7128
Cu,II,789.5805,789.58039,21000.0,43000000.0,110084.4773,122745.9491
Cu,II,790.25482,790.25499,25000.0,49000000.0,110366.1542,123016.8175
Cu,II,790.7351,790.7364,61.0,,139028.705,151671.666
Cu,II,794.44368,794.44365,17000.0,47000000.0,108335.6078,120919.5715
Cu,II,796.7067,796.7065,2100.0,10000000.0,141202.628,153750.851
Cu,II,797.2031,797.20306,7800.0,29000000.0,108335.6078,120876.0141
Cu,II,798.1574,798.1445,,,135989.9176,148515.532
Cu,II,798.81598,798.8162,47000.0,17000000.0,121079.1501,133594.2323
Cu,II,799.6793,799.67854,9000.0,32000000.0,110366.1542,122867.7407
Cu,II,800.6515,800.6525,440.0,5900000.0,141244.556,153730.935
Cu,II,802.6479,802.64828,7100.0,8200000.0,123304.823,135760.1548
Cu,II,804.2489,804.2494,230.0,,139241.13,151671.666
Cu,II,,805.32,,,141244.556,153658.567
Cu,II,805.3339,805.3358,230.0,2300000.0,139331.149,151744.916
Cu,II,805.4227,805.4239,110.0,,139331.149,151743.558
Cu,II,807.4999,807.4999,420.0,3500000.0,138401.956,150782.454
Cu,II,807.5456,807.54576,2300.0,280000.0,110366.1542,122745.9491
Cu,II,808.85846,808.85888,13000.0,16000000.0,123304.823,135664.5204
Cu,II,809.55267,809.55268,26000.0,37000000.0,108335.6078,120684.7128
Cu,II,809.8519,809.85396,550.0,,135834.672,148179.1829
Cu,II,810.0868,810.0883,83.0,,138401.956,150742.896
Cu,II,810.3352,810.3353,550.0,2700000.0,139331.149,151668.328
Cu,II,815.4003,815.4012,2000.0,5400000.0,139395.786,151656.317
Cu,II,819.2221,819.22333,10700.0,20000000.0,123556.8261,135760.1548
Cu,II,819.233,819.23279,3300.0,5900000.0,121524.8509,133728.0387
Cu,II,820.1898,820.1908,52.0,,141542.001,153730.935
Cu,II,823.5272,823.52788,5600.0,46000000.0,110084.4773,122224.0199
Cu,II,825.6944,825.69412,3000.0,,123556.8261,135664.5204
Cu,II,827.75525,827.75527,20000.0,43000000.0,108014.8372,120092.3828
Cu,II,828.31521,828.3152,23000.0,,121524.8509,133594.2323
Cu,II,829.8461,829.8465,72.0,,139710.491,151757.601
Cu,II,830.6475,830.64866,890.0,,73353.2957,85388.772
Cu,II,830.8148,830.815,120.0,,139710.491,151743.558
Cu,II,832.8395,832.8393,470.0,3100000.0,139741.097,151744.916
Cu,II,833.3074,833.3072,470.0,2300000.0,138745.817,150742.896
Cu,II,833.3617,833.36418,580.0,,134110.87,146107.1288
Cu,II,833.6333,833.63323,3500.0,1400000.0,134110.87,146103.25704
Cu,II,835.3837,835.3843,230.0,3100000.0,139741.097,151708.347
Cu,II,838.1868,838.1872,45.0,,139741.097,151668.328
Cu,II,838.5624,838.5629,67.0,,139741.097,151662.985
Cu,II,839.4566,839.45745,110.0,,136269.9996,148179.1829
Cu,II,840.2897,840.29047,1600.0,3900000.0,110084.4773,121981.8546
Cu,II,845.0062,845.0078,63.0,,136800.137,148631.096
Cu,II,847.7298,847.73077,3900.0,,73595.8143,85388.772
Cu,II,850.3394,850.33976,3600.0,1600000.0,108335.6078,120092.3828
Cu,II,851.10626,851.10647,11000.0,10000000.0,121981.8546,133728.0387
Cu,II,853.5196,853.5202,77.0,,134359.847,146072.8134
Cu,II,857.4093,857.4083,110.0,,134742.863,146402.715
Cu,II,860.6681,860.66732,690.0,7900000.0,110366.1542,121981.8546
Cu,II,860.9132,860.91359,1100.0,,121981.8546,133594.2323
Cu,II,872.982,872.9822,160.0,,136693.948,148145.7906
Cu,II,873.0233,873.0232,110.0,,139331.149,150782.454
Cu,II,879.7094,879.70968,380.0,1600000.0,134742.863,146107.1288
Cu,II,880.012,880.0122,74.0,,134742.863,146103.2223
Cu,II,881.0397,881.0397,290.0,2400000.0,139395.786,150742.896
Cu,II,893.7241,893.7281,13.0,,136919.3511,148105.366
Cu,II,895.9159,895.91604,1300.0,160000.0,110366.1542,121524.8509
Cu,II,896.715,896.7143,250.0,,137212.779,148361.542
Cu,II,899.1446,899.1447,12.0,,137242.914,148361.542
Cu,II,900.1419,900.1428,25.0,,141734.175,152840.475
Cu,II,900.5757,900.5754,4300.0,2500000.0,137078.19,148179.1541
Cu,II,901.5187,901.5144,310.0,,137078.19,148167.592
Cu,II,902.9347,902.9343,300.0,,139710.491,150782.454
Cu,II,903.6147,903.6132,600.0,900000.0,137082.175,148145.8203
Cu,II,906.7974,906.79717,180.0,390000.0,108014.8372,119039.6355
Cu,II,908.6933,908.6928,1200.0,1700000.0,139741.097,150742.896
Cu,II,908.9413,908.94094,46.0,,137034.778,148033.574
Cu,II,909.3704,909.3632,12.0,,137648.8,148642.489
Cu,II,909.6064,909.6054,81.0,,136336.8971,147327.659
Cu,II,909.7529,909.7525,460.0,,133825.927,144814.9118
Cu,II,909.8493,909.8489,69.0,,137073.6465,148061.467
Cu,II,910.1459,910.14285,23.0,,137044.4647,148028.736
Cu,II,910.3234,910.32366,2600.0,,122745.9491,133728.0387
Cu,II,910.7895,910.7878,230.0,91000.0,108014.8372,118991.33
Cu,II,911.57,911.5643,,,145945.5969,156912.74
Cu,II,912.5941,912.5932,340.0,,137212.779,148167.557
Cu,II,915.4181,915.416,170.0,,137212.779,148133.777
Cu,II,915.8409,915.8393,450.0,,135135.168,146051.118
Cu,II,917.9306,917.9319,610.0,,138593.046,149484.111
Cu,II,920.53214,920.53242,5800.0,,122867.7407,133728.0387
Cu,II,921.9491,921.9466,32.0,,136919.3511,147762.99
Cu,II,922.6742,922.67371,730.0,1300000.0,110084.4773,120919.5715
Cu,II,923.0567,923.0577,370.0,,133984.325,144814.9118
Cu,II,923.4272,923.4258,1300.0,,135733.433,146559.703
Cu,II,927.7399,927.74,,4600000.0,146032.2635,
Cu,II,929.6634,929.658,21.0,,128365.736,139119.4295
Cu,II,931.2387,931.245,21.0,,146032.2635,156767.63
Cu,II,931.7944,931.7943,260.0,,137913.45,148642.489
Cu,II,932.4302,932.43128,21.0,,135834.672,146556.381
Cu,II,933.1893,933.18965,2400.0,1200000.0,110366.1542,121079.1501
Cu,II,933.9711,933.97151,360.0,680000.0,108335.6078,119039.6355
Cu,II,936.4118,936.4046,10.0,,117883.0985,128559.314
Cu,II,937.4435,937.4441,10.0,,135910.7245,146575.101
Cu,II,939.1049,939.09259,,,135910.7245,146556.381
Cu,II,941.506,941.5044,21.0,,117747.3504,128365.736
Cu,II,942.4164,942.4151,100.0,,137913.45,148521.575
Cu,II,944.4862,944.4858,10.0,,118531.9058,129116.774
Cu,II,945.1495,945.1513,1400.0,,123016.8175,133594.2323
Cu,II,945.8336,945.8335,72.0,,135989.9176,146559.703
Cu,II,945.9889,945.9895,31.0,,135834.672,146402.715
Cu,II,946.0791,946.079,1000.0,,135484.075,146051.118
Cu,II,946.1294,946.13089,10.0,,135989.9176,146556.381
Cu,II,947.3011,947.3005,1300.0,1130000.0,110366.1542,120919.5715
Cu,II,947.4119,947.4106,10.0,,137044.4647,147596.655
Cu,II,948.5256,948.5273,21.0,,136035.3328,146575.101
Cu,II,949.2663,949.2653,10.0,,138028.384,148559.958
Cu,II,949.3808,949.3987,,,125230.061,135760.1548
Cu,II,950.0248,950.0262,52.0,,134359.847,144882.9859
Cu,II,950.2093,950.21498,,,136035.3328,146556.381
Cu,II,950.4184,950.422,360.0,,137648.8,148167.557
Cu,II,950.5598,950.5605,10.0,,135910.7245,146427.948
Cu,II,951.0299,951.0298,42.0,,125248.121,135760.1548
Cu,II,951.2262,951.22653,2900.0,1300000.0,110366.1542,120876.0141
Cu,II,951.5588,951.5595,210.0,,135989.9176,146496.1
Cu,II,952.7379,952.7376,31.0,,138028.384,148521.575
Cu,II,953.0897,953.0905,160.0,,135933.89499,146423.201
Cu,II,954.6928,954.6928,210.0,,135931.01412,146402.715
Cu,II,954.8691,954.8702,21.0,,135958.1919,146427.948
Cu,II,956.56,956.5623,53.0,,138064.2971,148515.532
Cu,II,958.5611,958.5628,32.0,,138130.5345,148559.958
Cu,II,959.7666,959.7614,11.0,,125248.121,135664.5204
Cu,II,959.9817,959.9843,11.0,,136013.9671,146427.948
